dataset_key,specimen_key,images,splits,shrimp_id,disease_from_name,mask_instances,co_infection_images,example_images
ewu,shrimp::318,3,train,318,Shrimp,6,0,Shrimp_318-1-_jpg.rf.2a2a215d5bf2fd7002536cdc57e8607f.jpg; Shrimp_318-2-_jpg.rf.0dbba7d8d0f9fd1951ddb61c556f4ad3.jpg; Shrimp_318-3-_jpg.rf.78b0be2d1a0a4256946be895317c12c1.jpg
ewu,shrimp::319,3,train,319,Shrimp,6,0,Shrimp_319-1-_jpg.rf.1eecb8db66bfa6719aa346e652f6411f.jpg; Shrimp_319-2-_jpg.rf.83f6969ca9cfe254c3bd7a2ed24281ab.jpg; Shrimp_319-3-_jpg.rf.5ce9169784415418060fb78d2dc52dfb.jpg
ewu,shrimp::321,3,train,321,Shrimp,4,0,Shrimp_321-1-_jpg.rf.1c244723dfb11b6e90d3973752357369.jpg; Shrimp_321-2-_jpg.rf.149980f06b0bd5a67a61980f007841c1.jpg; Shrimp_321-3-_jpg.rf.cc30b4bcf5642df19aadbb9216fc00ce.jpg
ewu,shrimp::322,3,train,322,Shrimp,9,0,Shrimp_322-1-_jpg.rf.21c212e745a38c1cc4017838cdd98370.jpg; Shrimp_322-2-_jpg.rf.48f406927677bb97075fab17d7289f47.jpg; Shrimp_322-3-_jpg.rf.6978857f76e7874078c866ea3ce51a0f.jpg
ewu,shrimp::323,3,train,323,Shrimp,4,0,Shrimp_323-1-_jpg.rf.396e8eb5d8bcbf6b0941dfb13a6d33a0.jpg; Shrimp_323-2-_jpg.rf.d350aaa17c3d601c8da69d064eb35de7.jpg; Shrimp_323-3-_jpg.rf.de4c842e0502092a0617cc2d569ebc94.jpg
ewu,shrimp::324,3,train,324,Shrimp,13,0,Shrimp_324-1-_jpg.rf.3ab6ab7085046b5f4008187699f307c9.jpg; Shrimp_324-2-_jpg.rf.06c36bc25e6923d8f79890bfd0764102.jpg; Shrimp_324-3-_jpg.rf.a67c9a5c7123e3143d575f992ddc9df4.jpg
ewu,shrimp::325,3,train,325,Shrimp,6,0,Shrimp_325-1-_jpg.rf.9c522edf9854bf1889bb4ca883bc625e.jpg; Shrimp_325-2-_jpg.rf.791306e288a2223bff65c1bbd67f38c7.jpg; Shrimp_325-3-_jpg.rf.7aa777e0ed1e9140c6b22ae819ef5576.jpg
ewu,shrimp::326,3,train,326,Shrimp,7,0,Shrimp_326-1-_jpg.rf.06e720b11e39183c043d0a85f96bf437.jpg; Shrimp_326-2-_jpg.rf.c102c57ce00a59362c9c5b6c94dcf9b4.jpg; Shrimp_326-3-_jpg.rf.8dd585c4670664d46095873cec6e0f5a.jpg
ewu,shrimp::327,3,train,327,Shrimp,6,0,Shrimp_327-1-_jpg.rf.e5da2428aa37fdd2b4f1b4f83ee04cd5.jpg; Shrimp_327-2-_jpg.rf.8b1edb5fa24069d3040a8e651f57fadd.jpg; Shrimp_327-3-_jpg.rf.e7906630a06e99f779250b11ff177070.jpg
ewu,shrimp::328,3,train,328,Shrimp,6,0,Shrimp_328-1-_jpg.rf.9d6e6536d6fb158b7d91d1d44b50b761.jpg; Shrimp_328-2-_jpg.rf.6305694ac34459136612cb50bbe39e22.jpg; Shrimp_328-3-_jpg.rf.802715b244bf136fd5867fea62113a55.jpg
ewu,shrimp::330,3,train,330,Shrimp,4,0,Shrimp_330-1-_jpg.rf.bcea83f8f36dbad5b04a041812118a45.jpg; Shrimp_330-2-_jpg.rf.2fdb33890c67f034460d027908683db7.jpg; Shrimp_330-3-_jpg.rf.42b8b0de59dc736a2741e3134f867e72.jpg
ewu,shrimp::331,3,train,331,Shrimp,8,0,Shrimp_331-1-_jpg.rf.8ba41d4bfadeb62c9aa12fcc52352747.jpg; Shrimp_331-2-_jpg.rf.c6c934a37d09bc51e98e33779dda22c5.jpg; Shrimp_331-3-_jpg.rf.473e7c61e880503af96a0e54ed9e2406.jpg
ewu,shrimp::332,3,train,332,Shrimp,7,0,Shrimp_332-1-_jpg.rf.59485f4126540fff73bbfa9f8fd42cb7.jpg; Shrimp_332-2-_jpg.rf.f8f34768ca58fc6939eb544d45ae072f.jpg; Shrimp_332-3-_jpg.rf.37a542b7716c420cb40dd208141c8016.jpg
ewu,shrimp::333,3,train,333,Shrimp,6,0,Shrimp_333-1-_jpg.rf.03dc55626a3361e1b846d3f72133bcad.jpg; Shrimp_333-2-_jpg.rf.db8608cf392a1f209377cfb55debc1e8.jpg; Shrimp_333-3-_jpg.rf.608f7d15bc86251c13aaa58422d1f64e.jpg
ewu,shrimp::334,3,train,334,Shrimp,6,0,Shrimp_334-1-_jpg.rf.31f0008585c246ecaa437f5e4475b4b4.jpg; Shrimp_334-2-_jpg.rf.abcee567b1b91183b378b88ce2f98e24.jpg; Shrimp_334-3-_jpg.rf.a9b7d9a69a7d2ec21453e66c1db0b79e.jpg
ewu,shrimp::335,3,train,335,Shrimp,5,0,Shrimp_335-1-_jpg.rf.c0993682e4ad54cef6ef7e56f58da834.jpg; Shrimp_335-2-_jpg.rf.c52346e34923ee6a9a15649884324b01.jpg; Shrimp_335-3-_jpg.rf.4c0ef3dbc9a4ddff74cd0c438a18769f.jpg
ewu,shrimp::336,3,train,336,Shrimp,6,0,Shrimp_336-1-_jpg.rf.020eaa6634c859fd9643f552b63eaa67.jpg; Shrimp_336-2-_jpg.rf.2335e0f0e3a7fd15fc81db92bfdc778a.jpg; Shrimp_336-3-_jpg.rf.930a05ddc643071beb82ac80056f9085.jpg
ewu,shrimp::337,3,train,337,Shrimp,8,0,Shrimp_337-1-_jpg.rf.1df44e677ef6a426c400d45cf0355862.jpg; Shrimp_337-2-_jpg.rf.d16b03180f46562e921e422a39ff0cfe.jpg; Shrimp_337-3-_jpg.rf.c724b534c6bf80005fa9f4a845fe9d15.jpg
ewu,shrimp::338,3,train,338,Shrimp,7,0,Shrimp_338-1-_jpg.rf.c342cf72d7ca5634707b5ddb93c1ed0c.jpg; Shrimp_338-2-_jpg.rf.b0f893caeb8b5df56ca63a09a8db45f6.jpg; Shrimp_338-3-_jpg.rf.eb006cdc73b07661ac05bd2d7bc35c7b.jpg
ewu,shrimp::339,3,train,339,Shrimp,9,0,Shrimp_339-1-_jpg.rf.70fb2d24de0b5f28a993bc6a04b924af.jpg; Shrimp_339-2-_jpg.rf.c1a8c75a2bcfd2dbbdf4b5cd70188182.jpg; Shrimp_339-3-_jpg.rf.b45520d7b4f9e7ba152e1fbdf48b6d35.jpg
ewu,shrimp::340,3,train,340,Shrimp,8,0,Shrimp_340-1-_jpg.rf.a0e4294dd93a6d91d9b6837ba7d50dc2.jpg; Shrimp_340-2-_jpg.rf.df1e0780cc6402fe5613f12ce0bee671.jpg; Shrimp_340-3-_jpg.rf.f5ed172c5449879e28d423b46894930c.jpg
ewu,shrimp::341,3,train,341,Shrimp,6,0,Shrimp_341-1-_jpg.rf.b23fdba420271370ebd085b842bc20f9.jpg; Shrimp_341-2-_jpg.rf.5890351bbabe13693d512ed2d4541ab7.jpg; Shrimp_341-3-_jpg.rf.09885fa79e4d0405953a7067493fc282.jpg
ewu,shrimp::342,3,train,342,Shrimp,11,0,Shrimp_342-1-_jpg.rf.40080e3f5307041de3a0c7c6178dc2aa.jpg; Shrimp_342-2-_jpg.rf.ad04613a57442cbaf1b3d19d6f0f4d84.jpg; Shrimp_342-3-_jpg.rf.5b87c1651aef1404fac5ccee0e25b939.jpg
ewu,shrimp::343,3,train,343,Shrimp,7,0,Shrimp_343-1-_jpg.rf.17f7a89a573885ec94d582e4baa4312e.jpg; Shrimp_343-2-_jpg.rf.71dac2a12639053f4893572308252957.jpg; Shrimp_343-3-_jpg.rf.e1ffe3f37365d651e2734a2c88396995.jpg
ewu,shrimp::344,3,train,344,Shrimp,5,0,Shrimp_344-1-_jpg.rf.090531fc92cb394ee10fa23346ee7d0b.jpg; Shrimp_344-2-_jpg.rf.fd3467d91d33f2713acd4ca9eb509506.jpg; Shrimp_344-3-_jpg.rf.e53d55670359c5b174e3360b90235792.jpg
ewu,shrimp::346,3,train,346,Shrimp,7,0,Shrimp_346-1-_jpg.rf.83c3d137a0355aa90044d3a29aadfaf0.jpg; Shrimp_346-2-_jpg.rf.a8434022563d6445e3e7160388e604fc.jpg; Shrimp_346-3-_jpg.rf.109dfeac829de7f70f68589b886c5fee.jpg
ewu,shrimp::347,3,train,347,Shrimp,6,0,Shrimp_347-1-_jpg.rf.4464934c378e5ec4bbcc2c44f853216c.jpg; Shrimp_347-2-_jpg.rf.7d41f202bdb3cb750922cb2c586402d7.jpg; Shrimp_347-3-_jpg.rf.06a4e5927b337b98ff24b568f498133e.jpg
ewu,shrimp::348,3,train,348,Shrimp,5,0,Shrimp_348-1-_jpg.rf.9932ed43aec9cf64d38c790948fbeda8.jpg; Shrimp_348-2-_jpg.rf.0ca6fc82f2523331d50fcfb2becebf49.jpg; Shrimp_348-3-_jpg.rf.d7a6af5f96173d22d47a7c0543aa44be.jpg
ewu,shrimp::349,3,train,349,Shrimp,6,0,Shrimp_349-1-_jpg.rf.714079f99af3a60ef70236d2badf3be5.jpg; Shrimp_349-2-_jpg.rf.82cca54b0945d17d76628560ca215503.jpg; Shrimp_349-3-_jpg.rf.17a56481b3dbe29a7e48807f698d670f.jpg
ewu,shrimp::351,3,train,351,Shrimp,7,0,Shrimp_351-1-_jpg.rf.570d60c7f86d1cd0b06130368faa59a6.jpg; Shrimp_351-2-_jpg.rf.ca2ba17602cff5435f3b33027d24481a.jpg; Shrimp_351-3-_jpg.rf.c861a5e04fd7d96a010196307f76fc9f.jpg
ewu,shrimp::352,3,train,352,Shrimp,6,0,Shrimp_352-1-_jpg.rf.60bde428482c632b8e0d694710d97e24.jpg; Shrimp_352-2-_jpg.rf.9ad839960f5d425d251930760e5d0079.jpg; Shrimp_352-3-_jpg.rf.b72118f6c43b0712e970bc90eadcc71d.jpg
ewu,shrimp::354,3,train,354,Shrimp,6,0,Shrimp_354-1-_jpg.rf.a9ead02b65f02a1298998795bd58107c.jpg; Shrimp_354-2-_jpg.rf.b6d127a8d01755a856c3cb9dad97bd20.jpg; Shrimp_354-3-_jpg.rf.895ab5f57daa84a784703fa452c4b53b.jpg
ewu,shrimp::355,3,train,355,Shrimp,6,0,Shrimp_355-1-_jpg.rf.be79e3844178d9b06ba62f4714105abd.jpg; Shrimp_355-2-_jpg.rf.82405893a5b7ca17befc399fa466017b.jpg; Shrimp_355-3-_jpg.rf.9bc49e3df38164fecf36b2e63f353768.jpg
ewu,shrimp::356,3,train,356,Shrimp,4,0,Shrimp_356-1-_jpg.rf.86f422c24a2f4cd062766e7ee9eda626.jpg; Shrimp_356-2-_jpg.rf.a34c632e22aa20238443ff38b50992a8.jpg; Shrimp_356-3-_jpg.rf.8a086c96d1f1cedcf6185da06a2113c5.jpg
ewu,shrimp::357,3,train,357,Shrimp,5,0,Shrimp_357-1-_jpg.rf.ab4979e4176537cf7e6022f2a57f362d.jpg; Shrimp_357-2-_jpg.rf.27430434fb3f0cea86a11826d59896ca.jpg; Shrimp_357-3-_jpg.rf.2f7ffcf474f3d10f07eb63abe8e56226.jpg
ewu,shrimp::358,3,train,358,Shrimp,4,0,Shrimp_358-1-_jpg.rf.140111120edf4d6a5cb4b0d35284be4c.jpg; Shrimp_358-2-_jpg.rf.6022cab458c15b72b0072e44818589e8.jpg; Shrimp_358-3-_jpg.rf.f70fab077a2dfa141d639711ffcf2bfe.jpg
ewu,shrimp::359,3,train,359,Shrimp,8,0,Shrimp_359-1-_jpg.rf.796f1459765bb5059ce0a28c8f39e18f.jpg; Shrimp_359-2-_jpg.rf.eb8a3804760d24ed162a7222802a7b7b.jpg; Shrimp_359-3-_jpg.rf.52b6a4bdd94d21428a707e7d3609dc6e.jpg
ewu,shrimp::360,3,train,360,Shrimp,7,0,Shrimp_360-1-_jpg.rf.cdba69c5f03b36eebe9df89e10177c84.jpg; Shrimp_360-2-_jpg.rf.0437072cf33cc905c8929e125de37e6b.jpg; Shrimp_360-3-_jpg.rf.92355e07973eada339f0227d69b2181a.jpg
ewu,shrimp::361,3,train,361,Shrimp,5,0,Shrimp_361-1-_jpg.rf.46c3fec44d41ca0cc33783214a221972.jpg; Shrimp_361-2-_jpg.rf.9997ad11177bdc6cfbe5f1092dd900de.jpg; Shrimp_361-3-_jpg.rf.b9bd36ef51891b4e82d65461f03325d0.jpg
ewu,shrimp::362,3,train,362,Shrimp,6,0,Shrimp_362-1-_jpg.rf.2625fc5834ff5ca6e974eb60886e9f44.jpg; Shrimp_362-2-_jpg.rf.4a576f00875385868786a68a625eff1a.jpg; Shrimp_362-3-_jpg.rf.71dae0d98c5e732b5a4c34e2eed322ca.jpg
ewu,shrimp::363,3,train,363,Shrimp,6,0,Shrimp_363-1-_jpg.rf.dd9841be768eba75616ca90f07fa4e31.jpg; Shrimp_363-2-_jpg.rf.4da2cf258eeca3bd0088c3861cc2b0bd.jpg; Shrimp_363-3-_jpg.rf.56ded09b5081eb1c933251704f5e2249.jpg
ewu,shrimp::364,3,train,364,Shrimp,10,0,Shrimp_364-1-_jpg.rf.7268dff6f6403475b72bd9f102ee01d0.jpg; Shrimp_364-2-_jpg.rf.d29c7218e4c5bfeca0364d61a40342f0.jpg; Shrimp_364-3-_jpg.rf.55e7c471e1edff3be491b7b705e7917b.jpg
ewu,shrimp::365,3,train,365,Shrimp,4,0,Shrimp_365-1-_jpg.rf.b44f18cb53422c8a665eddb934dd24e2.jpg; Shrimp_365-2-_jpg.rf.b4b5cb7d63f941319f62acaecd9d6d3a.jpg; Shrimp_365-3-_jpg.rf.e59170a5b6ad9008529370c35ed48549.jpg
ewu,shrimp::366,3,train,366,Shrimp,5,0,Shrimp_366-1-_jpg.rf.e926008695ff4e9d0a25562afa24a1e6.jpg; Shrimp_366-2-_jpg.rf.2a744d66cc7649929bd96e2c8ff6120d.jpg; Shrimp_366-3-_jpg.rf.132069d8f22c0bfb3b06a7b7a015e7ed.jpg
ewu,shrimp::367,3,train,367,Shrimp,7,0,Shrimp_367-1-_jpg.rf.a41c2182de3404c90322894c1331698e.jpg; Shrimp_367-2-_jpg.rf.2e7a6fae091e2e1447f1c8b0a0ffbd86.jpg; Shrimp_367-3-_jpg.rf.9b572181041a297e872c660c3c108922.jpg
ewu,shrimp::368,3,train,368,Shrimp,7,0,Shrimp_368-1-_jpg.rf.41bd116b6693fa03048c0b1c331b94da.jpg; Shrimp_368-2-_jpg.rf.e3a7f2bb6ed885720fa2076c88d9299a.jpg; Shrimp_368-3-_jpg.rf.6fd6f2201629d5c1a803ddbe0928031a.jpg
ewu,shrimp::369,3,train,369,Shrimp,10,0,Shrimp_369-1-_jpg.rf.377b1a3841f2bf47a721f3316025945d.jpg; Shrimp_369-2-_jpg.rf.55e80224e48c4017c6aa27e04a0f1d6c.jpg; Shrimp_369-3-_jpg.rf.0f8840c15fdddda84f58e0f3bc745481.jpg
ewu,shrimp::370,3,train,370,Shrimp,6,0,Shrimp_370-1-_jpg.rf.a0346ff1f1f51ee39793da4fd6cf3449.jpg; Shrimp_370-2-_jpg.rf.52a42c5d11cfcdf4a5ae235395834ffd.jpg; Shrimp_370-3-_jpg.rf.53a50d275ebee5115419260a4cc21ef1.jpg
ewu,shrimp::371,3,train,371,Shrimp,10,0,Shrimp_371-1-_jpg.rf.3949633059f8574388eabb133e12250f.jpg; Shrimp_371-2-_jpg.rf.a0785c30ad0cf3f61ebb0ccc6862d6a7.jpg; Shrimp_371-3-_jpg.rf.e0d6aef0dddd51ba81495cdb8bfc0951.jpg
ewu,shrimp::372,3,train,372,Shrimp,5,0,Shrimp_372-1-_jpg.rf.f1ae8d752e6bc4715b8d8883d7dd375f.jpg; Shrimp_372-2-_jpg.rf.cdf25fd6d11d3de1caceee11d8f45df4.jpg; Shrimp_372-3-_jpg.rf.2fd2c54bef83f2f20406bcf49ae37e2e.jpg
ewu,shrimp::374,3,train,374,Shrimp,9,0,Shrimp_374-1-_jpg.rf.cd9c2933baf768ca0f0ed6c218e65291.jpg; Shrimp_374-2-_jpg.rf.67f916b50ce62d7bcf201e459b0f06c2.jpg; Shrimp_374-3-_jpg.rf.c6a90ab00c8d42329a8f5d0ee435b972.jpg
ewu,shrimp::376,3,train,376,Shrimp,6,0,Shrimp_376-1-_jpg.rf.979a38712711c4ff89daf628b8aeb162.jpg; Shrimp_376-2-_jpg.rf.6b524b702cce01192705bca28a6110e0.jpg; Shrimp_376-3-_jpg.rf.fd54752e66cbc60e1d9d4d7e4053bcc8.jpg
ewu,shrimp::377,3,train,377,Shrimp,7,0,Shrimp_377-1-_jpg.rf.a86163f753c67ba193f3cf92a64cb752.jpg; Shrimp_377-2-_jpg.rf.913b984bcb444b683288eaee47b44872.jpg; Shrimp_377-3-_jpg.rf.636e1180ccd36a918e109be64fd222cb.jpg
ewu,shrimp::379,3,train,379,Shrimp,6,0,Shrimp_379-1-_jpg.rf.3a548241db6c92f8af4359c10a2d1ce6.jpg; Shrimp_379-2-_jpg.rf.bf22a79acfdd52bc14c390b938634466.jpg; Shrimp_379-3-_jpg.rf.da4b4fcf89f3b0d8738c3b21abb25ae9.jpg
ewu,shrimp::380,3,train,380,Shrimp,7,0,Shrimp_380-1-_jpg.rf.cf7d6d884d1cd5b81040179801f4442a.jpg; Shrimp_380-2-_jpg.rf.39a0662531de2cd0944f7d1f4417e737.jpg; Shrimp_380-3-_jpg.rf.a738615e3793a8b11dc019cf488dcedc.jpg
ewu,shrimp::381,3,train,381,Shrimp,6,0,Shrimp_381-1-_jpg.rf.f3b2998ade6d8fbbf3dc29acec90a8d4.jpg; Shrimp_381-2-_jpg.rf.43a605e23e3f2cbe06421cfe5e78a0e7.jpg; Shrimp_381-3-_jpg.rf.0fe3a1a8516ea2ec5d91fb5097ca2a08.jpg
ewu,shrimp::382,3,train,382,Shrimp,6,0,Shrimp_382-1-_jpg.rf.9cf7aafe2ac8e838374d3735a7b92539.jpg; Shrimp_382-2-_jpg.rf.6b466f3003fb3a4476130d528cca22d2.jpg; Shrimp_382-3-_jpg.rf.007a06dd33f2d1644e2412cd46bd745d.jpg
ewu,shrimp::383,3,train,383,Shrimp,5,0,Shrimp_383-1-_jpg.rf.6a4dedf41d4f97d6636923c50103e571.jpg; Shrimp_383-2-_jpg.rf.2eda638e7cfd29dbf7c366c2e870a073.jpg; Shrimp_383-3-_jpg.rf.859beb4ce143af3e7658a6341cf76138.jpg
ewu,shrimp::384,3,train,384,Shrimp,4,0,Shrimp_384-1-_jpg.rf.9ece5e2a382829736925db72def58dd1.jpg; Shrimp_384-2-_jpg.rf.fd8b29388c35b9fd8c4e774316c04e9c.jpg; Shrimp_384-3-_jpg.rf.0ed0682dd7b2b9051afbe8ad70fc79e3.jpg
ewu,shrimp::385,3,train,385,Shrimp,7,0,Shrimp_385-1-_jpg.rf.f81a8d684421f1136758ef519e66d2b2.jpg; Shrimp_385-2-_jpg.rf.6b65553fe2ab7b003225e6b5f5b995a8.jpg; Shrimp_385-3-_jpg.rf.68e47e9d0a9c8106cac6e8b2240c271f.jpg
ewu,shrimp::386,3,train,386,Shrimp,10,0,Shrimp_386-1-_jpg.rf.a51a6a4d2ec27aabf43f27ccdea5d49f.jpg; Shrimp_386-2-_jpg.rf.a2218fdd35cee1d050eed7a0d41b4330.jpg; Shrimp_386-3-_jpg.rf.719fbc6d5436fc794472cc6ab5ee8ca9.jpg
ewu,shrimp::387,3,train,387,Shrimp,6,0,Shrimp_387-1-_jpg.rf.112374351d824068e78633c5e59d59c9.jpg; Shrimp_387-2-_jpg.rf.0cab2b3bb12b308d5871b4ed8166c719.jpg; Shrimp_387-3-_jpg.rf.f2862ab987fd1a467b19b9c833789cb6.jpg
ewu,shrimp::388,3,train,388,Shrimp,3,0,Shrimp_388-1-_jpg.rf.b117334d2235ba864496efc73361e200.jpg; Shrimp_388-2-_jpg.rf.447dca6af875ab9a57a2e0f274f0e9aa.jpg; Shrimp_388-3-_jpg.rf.294f83242ed20138bc226e3934c82942.jpg
ewu,shrimp::389,3,train,389,Shrimp,8,0,Shrimp_389-1-_jpg.rf.c4f7966b39b741bc18f3ae209abe0c1b.jpg; Shrimp_389-2-_jpg.rf.67385b7122463b13cdbc8ab444d46ca7.jpg; Shrimp_389-3-_jpg.rf.c9140edd028afa47daa9dbd13f79c39b.jpg
ewu,shrimp::390,3,train,390,Shrimp,7,0,Shrimp_390-1-_jpg.rf.e0824f4c6a2bffef679bce981a7d00e4.jpg; Shrimp_390-2-_jpg.rf.30b7f1a41c83b53f32d328266e7595f1.jpg; Shrimp_390-3-_jpg.rf.312a2bf0c82d153bd8cddfb21e34166c.jpg
ewu,shrimp::392,3,train,392,Shrimp,7,0,Shrimp_392-1-_jpg.rf.42476a649689488f0d1018d0ca56b50f.jpg; Shrimp_392-2-_jpg.rf.06ad62b142765c51eac43466c9f91a51.jpg; Shrimp_392-3-_jpg.rf.ecad79cfd6beacae0d90665151275561.jpg
ewu,shrimp::393,3,train,393,Shrimp,4,0,Shrimp_393-1-_jpg.rf.a35e8f6ac32d48be125bf8632909c56d.jpg; Shrimp_393-2-_jpg.rf.6b8ae343b6f0a4a284b7b2862082edee.jpg; Shrimp_393-3-_jpg.rf.0639d7a352ab1e5e686e1920aa0c2606.jpg
ewu,shrimp::395,3,train,395,Shrimp,4,0,Shrimp_395-1-_jpg.rf.8c4791527467bacfd445906b09dfd7a6.jpg; Shrimp_395-2-_jpg.rf.22cf6653c78ba031e646c65e8fd594db.jpg; Shrimp_395-3-_jpg.rf.0939a83570f52801ed737e4d5ed0d8cb.jpg
ewu,shrimp::396,3,train,396,Shrimp,5,0,Shrimp_396-1-_jpg.rf.cd68c6b33905b83f97addd8f5768dad1.jpg; Shrimp_396-2-_jpg.rf.daa3baea0128caf298fe4387a7a91435.jpg; Shrimp_396-3-_jpg.rf.e460b53f10c776b42e17dbacae2b4926.jpg
ewu,shrimp::400,3,train,400,Shrimp,3,0,Shrimp_400-1-_jpg.rf.fd298c76b100eb71eba73c470069fb9f.jpg; Shrimp_400-2-_jpg.rf.762975b4c06095c45322c00024448b1a.jpg; Shrimp_400-3-_jpg.rf.87fd2391d2ec3a7941428fc58b87e477.jpg
ewu,shrimp::402,3,train,402,Shrimp,5,0,Shrimp_402-1-_jpg.rf.07fc3eaefec2dc4de6c1afea3adef645.jpg; Shrimp_402-2-_jpg.rf.e171066178118612ad6ad4a5265d21d4.jpg; Shrimp_402-3-_jpg.rf.45a4517eddb41bb46b3aa851db204001.jpg
ewu,shrimp::407,3,train,407,Shrimp,5,0,Shrimp_407-1-_jpg.rf.3bc247c37cd06e3356e9cd0db8ee2a30.jpg; Shrimp_407-2-_jpg.rf.58d63e7ce250bbac5c79a3894a85d0aa.jpg; Shrimp_407-3-_jpg.rf.2636c70ea724001e9c9faf7057a77060.jpg
ewu,shrimp::408,3,train,408,Shrimp,3,0,Shrimp_408-1-_jpg.rf.e44062acf4632b853976bf7464126d4d.jpg; Shrimp_408-2-_jpg.rf.d94688fb4197a01d1e9e762825b314fc.jpg; Shrimp_408-3-_jpg.rf.a25c2af23ab98a47d696f45f2746bdcc.jpg
ewu,shrimp::409,3,train,409,Shrimp,3,0,Shrimp_409-1-_jpg.rf.fe1ab96e8cca42f769ac203ad550975a.jpg; Shrimp_409-2-_jpg.rf.c76215f4f8c271eeb18006b63ba94670.jpg; Shrimp_409-3-_jpg.rf.48ccd8954a5742fb40a26319e2bf7a9d.jpg
ewu,shrimp::410,3,train,410,Shrimp,7,0,Shrimp_410-1-_jpg.rf.438eba04827c479f9b63db05e457220c.jpg; Shrimp_410-2-_jpg.rf.9a1ea2e75900fd31e277044c5e70fed7.jpg; Shrimp_410-3-_jpg.rf.bafb050bd59444dce9e4f2ea6ca98248.jpg
ewu,shrimp::411,3,train,411,Shrimp,7,0,Shrimp_411-1-_jpg.rf.3e395ed98fe827985dbdfd8515ee21e5.jpg; Shrimp_411-2-_jpg.rf.ec402ac925284852279db883ffb40b69.jpg; Shrimp_411-3-_jpg.rf.cd494cff7c41229fc31eef69314a267c.jpg
ewu,shrimp::412,3,train,412,Shrimp,7,0,Shrimp_412-1-_jpg.rf.2b8a6dc4d741f1d4ca1f0797bd1002bd.jpg; Shrimp_412-2-_jpg.rf.f0017b8520a34c96b19d4196f09dffdc.jpg; Shrimp_412-3-_jpg.rf.cf468ad869f4641544c672cb42d76ca5.jpg
ewu,shrimp::413,3,train,413,Shrimp,5,0,Shrimp_413-1-_jpg.rf.b0d22901682e62470c892edb16e5d729.jpg; Shrimp_413-2-_jpg.rf.885072097565d071821369cd1856ea1b.jpg; Shrimp_413-3-_jpg.rf.da86563c3f4f2e327c5f8c3c08bd65ea.jpg
ewu,shrimp::414,3,train,414,Shrimp,6,0,Shrimp_414-1-_jpg.rf.8ae52812c6b1cd13422eedf3647e8b35.jpg; Shrimp_414-2-_jpg.rf.3cc2a6e639ffb3cb9c65838b9b4d8609.jpg; Shrimp_414-3-_jpg.rf.c9faaf6f939c83b9f1027b8a85a515a9.jpg
ewu,shrimp::415,3,train,415,Shrimp,8,0,Shrimp_415-1-_jpg.rf.64b31bf60eb1a0492940e58cd9af899c.jpg; Shrimp_415-2-_jpg.rf.9ccb4d88890c51096774e15e9539160d.jpg; Shrimp_415-3-_jpg.rf.660cf7bc1c21aaf0db17996bd13adae2.jpg
ewu,shrimp::416,3,train,416,Shrimp,11,0,Shrimp_416-1-_jpg.rf.cdabdb98fa6ec7fcfbed93b3f2f547fa.jpg; Shrimp_416-2-_jpg.rf.fd067126fb581127c5dcc40cc650538a.jpg; Shrimp_416-3-_jpg.rf.9b355457fe35bfd361b4037028fc4f77.jpg
ewu,shrimp::419,3,train,419,Shrimp,12,0,Shrimp_419-1-_jpg.rf.8b627842ed475683b8bf3d44e052bb02.jpg; Shrimp_419-2-_jpg.rf.63ac524e478cc8d52085ffef4ab30891.jpg; Shrimp_419-3-_jpg.rf.754af13156fc3ace2e7ed9a9d83823f0.jpg
ewu,shrimp::420,3,train,420,Shrimp,4,0,Shrimp_420-1-_jpg.rf.786d097eae8181aa717fb3c385fc706b.jpg; Shrimp_420-2-_jpg.rf.2237831359d7c7a7f7debfc7561fd36a.jpg; Shrimp_420-3-_jpg.rf.096ebb290da79dc415c5624355accf4a.jpg
ewu,shrimp::421,3,train,421,Shrimp,7,0,Shrimp_421-1-_jpg.rf.83060b8925c3aa95b65e5ff9af72189b.jpg; Shrimp_421-2-_jpg.rf.992157647ce9e3eabc41042ceb19fa65.jpg; Shrimp_421-3-_jpg.rf.28320f3062276d7d9257aa493d3a5103.jpg
ewu,shrimp::422,3,train,422,Shrimp,4,0,Shrimp_422-1-_jpg.rf.3b80148ad335b7e89f3a3cd89a930a84.jpg; Shrimp_422-2-_jpg.rf.f4278842e5be88294bb1a0c2871a61e0.jpg; Shrimp_422-3-_jpg.rf.76deae99c66fd93a9bf0ca81c8a47aad.jpg
ewu,shrimp::423,3,train,423,Shrimp,4,0,Shrimp_423-1-_jpg.rf.a076936457322fe7bc59ba856b8d8595.jpg; Shrimp_423-2-_jpg.rf.e537018669391c0684b7c193690def18.jpg; Shrimp_423-3-_jpg.rf.ae163b3d915a6868548b4a0ec01ad193.jpg
ewu,shrimp::424,3,train,424,Shrimp,3,0,Shrimp_424-1-_jpg.rf.57662993133ac8a087aa39e4330d276b.jpg; Shrimp_424-2-_jpg.rf.e5756928d4f89ccc5804aadcf4f1d972.jpg; Shrimp_424-3-_jpg.rf.3332aaeed2f29fab0e82ef5f90858f68.jpg
ewu,shrimp::425,3,train,425,Shrimp,4,0,Shrimp_425-1-_jpg.rf.6af6eb9f970f770c835579fc40db0b45.jpg; Shrimp_425-2-_jpg.rf.f4db3ef70aed434cde708fcac2bcf775.jpg; Shrimp_425-3-_jpg.rf.2f40fe8720cc187b28d4f9bbfbfad7ea.jpg
ewu,shrimp::427,3,train,427,Shrimp,3,0,Shrimp_427-1-_jpg.rf.eacbea0a9aa7b96189bbbe2bdf49f2fc.jpg; Shrimp_427-2-_jpg.rf.bf77eac05177d6906a3d8423c36df8d3.jpg; Shrimp_427-3-_jpg.rf.0d62a3a522b72264f16c0f31326e85cc.jpg
ewu,shrimp::428,3,train,428,Shrimp,3,0,Shrimp_428-1-_jpg.rf.e83539429c7ea67e330dcf2620a2a63b.jpg; Shrimp_428-2-_jpg.rf.fb9ec320fbbfd55c12bfddd6892a88f4.jpg; Shrimp_428-3-_jpg.rf.9e4d7bc7dba13e1a3c093a85da7a95af.jpg
ewu,shrimp::429,3,train,429,Shrimp,6,0,Shrimp_429-1-_jpg.rf.7044bba0eac767002f1faaddd79e7c69.jpg; Shrimp_429-2-_jpg.rf.a695b8b1d39c919f07e8d9f5c590e85f.jpg; Shrimp_429-3-_jpg.rf.25a9bbd2ee4e918f0ea1b8ffd7abfb5c.jpg
ewu,shrimp::431,3,train,431,Shrimp,6,0,Shrimp_431-1-_jpg.rf.8ea0d496cbb3540e5087db20ac4099fb.jpg; Shrimp_431-2-_jpg.rf.67ce919cf1805e8cd09ad2fdc3baec8f.jpg; Shrimp_431-3-_jpg.rf.694e8f93c09394afcc1ebfb5c030578d.jpg
ewu,shrimp::432,3,train,432,Shrimp,5,0,Shrimp_432-1-_jpg.rf.dcd22d78ae0e7ebefeb940bc0af414f0.jpg; Shrimp_432-2-_jpg.rf.0dbf939a1ca1d6d9304ce63706f438c4.jpg; Shrimp_432-3-_jpg.rf.de70f1534ff69c1400c9210edd84725c.jpg
ewu,shrimp::434,3,train,434,Shrimp,7,0,Shrimp_434-1-_jpg.rf.35cf56ef2811ca7c8b957e264a550a9b.jpg; Shrimp_434-2-_jpg.rf.5bb36eb4586c4f639a3e28fbed2260e3.jpg; Shrimp_434-3-_jpg.rf.cf6e4ad749c3233ee02b8d60203ccf7a.jpg
ewu,shrimp::435,3,train,435,Shrimp,3,0,Shrimp_435-1-_jpg.rf.0f58e85874281a06c3af22148252dd9b.jpg; Shrimp_435-2-_jpg.rf.967ff79c0e16ce25bb241e3452291aea.jpg; Shrimp_435-3-_jpg.rf.831d0d38b6df86035e4401a59977000d.jpg
ewu,shrimp::436,3,train,436,Shrimp,3,0,Shrimp_436-1-_jpg.rf.f98592aa90a94eb6bd3fa23bc033f915.jpg; Shrimp_436-2-_jpg.rf.2a6db5e1edaf8f427c524d1db56946b6.jpg; Shrimp_436-3-_jpg.rf.235a6ef754817361b815b3da013716b6.jpg
ewu,shrimp::437,3,train,437,Shrimp,2,0,Shrimp_437-1-_jpg.rf.9c0f38a19e4a1ebb5a21c92af07dc688.jpg; Shrimp_437-2-_jpg.rf.47938930eb30be44cb3f0dadb2dc098a.jpg; Shrimp_437-3-_jpg.rf.36cb1aed7cb045b7ae8a8b5a241719d0.jpg
ewu,shrimp::438,3,train,438,Shrimp,3,0,Shrimp_438-1-_jpg.rf.76b471d89a2d8d2ab0988fa4f7712d5a.jpg; Shrimp_438-2-_jpg.rf.97ca4b6bf22f34ed2dc01311074d8f9a.jpg; Shrimp_438-3-_jpg.rf.fcd92060c2448c5874befc945ed44653.jpg
ewu,shrimp::440,3,train,440,Shrimp,4,0,Shrimp_440-1-_jpg.rf.ebeaccc1fb6b3c503eb874ba034a6892.jpg; Shrimp_440-2-_jpg.rf.f33dce1334235de4bd1e30ef69235cbd.jpg; Shrimp_440-3-_jpg.rf.ae31f7373dac59b12a1895e4c1578626.jpg
ewu,shrimp::441,3,train,441,Shrimp,3,0,Shrimp_441-1-_jpg.rf.cc571c5d62030df041fc98cd3d22f633.jpg; Shrimp_441-2-_jpg.rf.e046946b783517f89b195b18330bd79c.jpg; Shrimp_441-3-_jpg.rf.e69cf1a283121bb16509765e0d3c9e1a.jpg
ewu,shrimp::442,3,train,442,Shrimp,3,0,Shrimp_442-1-_jpg.rf.e34c6efca3c1777d12b60f71c1318482.jpg; Shrimp_442-2-_jpg.rf.078254ae97552f3549fb14590b81af5e.jpg; Shrimp_442-3-_jpg.rf.923515b73d5e29aa2af56870b7bdf82e.jpg
ewu,shrimp::443,3,train,443,Shrimp,3,0,Shrimp_443-1-_jpg.rf.8bb7b158117a2468392d8f7624faca54.jpg; Shrimp_443-2-_jpg.rf.7b57ab9bf47ad66e2c3553245755e494.jpg; Shrimp_443-3-_jpg.rf.22cfbf374327da02f4d8c52db8177a31.jpg
ewu,shrimp::444,3,train,444,Shrimp,3,0,Shrimp_444-1-_jpg.rf.79711ca0399e922575c3d60439675e5d.jpg; Shrimp_444-2-_jpg.rf.31899a4fea860147c71758aa1d02e346.jpg; Shrimp_444-3-_jpg.rf.32111e53a9e7347c293cc3a30d3d6b1a.jpg
ewu,shrimp::445,3,train,445,Shrimp,4,0,Shrimp_445-1-_jpg.rf.9d4810c0bb124b5fb3ed1035b072f4eb.jpg; Shrimp_445-2-_jpg.rf.df7f537932556b82ed0389411aba157b.jpg; Shrimp_445-3-_jpg.rf.04188c8fea81ef5ce4cc91e33f7125bb.jpg
ewu,shrimp::446,3,train,446,Shrimp,3,0,Shrimp_446-1-_jpg.rf.b5a1d13ef118a9c66cfdb0283841023d.jpg; Shrimp_446-2-_jpg.rf.2bce595dc2992267a42ae624e6112dbe.jpg; Shrimp_446-3-_jpg.rf.70c295d8226895dee253b5f18fb9b891.jpg
ewu,shrimp::447,3,train,447,Shrimp,4,0,Shrimp_447-1-_jpg.rf.368718da0e367283b5ae4fa60c131fbb.jpg; Shrimp_447-2-_jpg.rf.d7a50e858016dd3a2a88aa7202860588.jpg; Shrimp_447-3-_jpg.rf.1905fc10a48fbd16dc9dbab94ca78988.jpg
ewu,shrimp::455,3,train,455,Shrimp,0,0,Shrimp_455-1-_jpg.rf.f4667bf04cecec081c7747aa5f519d31.jpg; Shrimp_455-2-_jpg.rf.4acf275da7a45a35274ba980ecb518e4.jpg; Shrimp_455-3-_jpg.rf.efb6f936815d926894046e8a70e4d7c9.jpg
ewu,shrimp::456,3,train,456,Shrimp,4,0,Shrimp_456-1-_jpg.rf.eacdf108b49c8127012a861b281caad0.jpg; Shrimp_456-2-_jpg.rf.52c94c1067abb1f07021dc3c62102597.jpg; Shrimp_456-3-_jpg.rf.ebc00d8dcd68835f3dbb12397357683c.jpg
ewu,shrimp::457,3,train,457,Shrimp,3,0,Shrimp_457-1-_jpg.rf.008be1d74591f3ef8f88bfade93cb079.jpg; Shrimp_457-2-_jpg.rf.8e15990896601013882d311bcd4e6b08.jpg; Shrimp_457-3-_jpg.rf.8aaec0d560197519f22848a8d673315e.jpg
ewu,shrimp::458,3,train,458,Shrimp,3,0,Shrimp_458-1-_jpg.rf.d8832e6b28e93652e0941b3e11d20f68.jpg; Shrimp_458-2-_jpg.rf.16189852803a9211ff96630f386fabe7.jpg; Shrimp_458-3-_jpg.rf.707fdf44026c2e59717fbdd2b362563e.jpg
ewu,shrimp::459,3,train,459,Shrimp,0,0,Shrimp_459-1-_jpg.rf.f4e155720ac9769250d0294261a41014.jpg; Shrimp_459-2-_jpg.rf.0232990bfa1ae520b0c8595104d7a6b3.jpg; Shrimp_459-3-_jpg.rf.1823c6a367fefa6b5b6d370b0aff3940.jpg
ewu,shrimp::461,3,train,461,Shrimp,0,0,Shrimp_461-1-_jpg.rf.1ff5c728a1f9b9b78946ddca11fe81dd.jpg; Shrimp_461-2-_jpg.rf.566300adcbbb85050c42c940bd6e00aa.jpg; Shrimp_461-3-_jpg.rf.e1607fa68d28879dfcbafa72e84ac616.jpg
ewu,shrimp::463,3,train,463,Shrimp,0,0,Shrimp_463-1-_jpg.rf.53553398a1e8c36e448d38b11b856b85.jpg; Shrimp_463-2-_jpg.rf.620671330f9aa1c76dd3707b8fe5c58c.jpg; Shrimp_463-3-_jpg.rf.5f7d2aa76e217ca7ccd0d4103647fef7.jpg
ewu,shrimp::464,3,train,464,Shrimp,0,0,Shrimp_464-1-_jpg.rf.5453dd816db37e3c656d3d1d728203ab.jpg; Shrimp_464-2-_jpg.rf.640e42c4825ef2980c785c77c37d0650.jpg; Shrimp_464-3-_jpg.rf.c747b679ef3f0296db454b42ec201c19.jpg
ewu,shrimp::465,3,train,465,Shrimp,12,0,Shrimp_465-1-_jpg.rf.38160e5daa8466662948db4004ecca95.jpg; Shrimp_465-2-_jpg.rf.8ad9e81582badb5f96ddf775efae5753.jpg; Shrimp_465-3-_jpg.rf.701753fd0fbb627604febcdd1758f7d3.jpg
ewu,shrimp::468,3,train,468,Shrimp,0,0,Shrimp_468-1-_jpg.rf.c93b6ef205b93c03d664b2200783df39.jpg; Shrimp_468-2-_jpg.rf.70201f76e366a289589c74571729e864.jpg; Shrimp_468-3-_jpg.rf.640b11e841fb1be924ad55fc86d6b78c.jpg
ewu,shrimp::469,3,train,469,Shrimp,0,0,Shrimp_469-1-_jpg.rf.c2d897fe19f2d0c6792e4b5f19bbc2e6.jpg; Shrimp_469-2-_jpg.rf.66d261d2b5d44e27bdb8ecd8763afd2e.jpg; Shrimp_469-3-_jpg.rf.760611f9c2d561be01f57dc1af934694.jpg
ewu,shrimp::471,3,train,471,Shrimp,0,0,Shrimp_471-1-_jpg.rf.20173b34547c363998543d78730555c3.jpg; Shrimp_471-2-_jpg.rf.9a1b9d2806c48846690ee75c49b659ea.jpg; Shrimp_471-3-_jpg.rf.30fe970d63a9d859b9e593e48dcfadea.jpg
ewu,shrimp::472,3,train,472,Shrimp,0,0,Shrimp_472-1-_jpg.rf.0fb9a10e879346cc0626aff4c6ca09ae.jpg; Shrimp_472-2-_jpg.rf.18acf99be33835bc705a8c0c4b32a5cc.jpg; Shrimp_472-3-_jpg.rf.04c38cda0e22afac7878a4fb6048da30.jpg
ewu,shrimp::473,3,train,473,Shrimp,0,0,Shrimp_473-1-_jpg.rf.5e4a4a52540763ca25a9ef26a945fc5a.jpg; Shrimp_473-2-_jpg.rf.f1049ecb9242278adb9dc30b4f1ebc3e.jpg; Shrimp_473-3-_jpg.rf.c4e59289a8007f47532f2b6521ce87a1.jpg
ewu,shrimp::474,3,train,474,Shrimp,0,0,Shrimp_474-1-_jpg.rf.4e9cd059d9691e574a21df3e2e6e5c91.jpg; Shrimp_474-2-_jpg.rf.11b74520213a841159bd4ca0e934c529.jpg; Shrimp_474-3-_jpg.rf.4d640cfff51566c10c8b427b0d070731.jpg
ewu,shrimp::475,3,train,475,Shrimp,0,0,Shrimp_475-1-_jpg.rf.c16af0945fabeb6525c5edf4c08d9be5.jpg; Shrimp_475-2-_jpg.rf.68f09234352562ab1a3e721b0a672534.jpg; Shrimp_475-3-_jpg.rf.82c94ee5c7e2e52af98857e872529ebb.jpg
ewu,shrimp::476,3,train,476,Shrimp,0,0,Shrimp_476-1-_jpg.rf.2d7c01d679da94cddfbf0392d738ee83.jpg; Shrimp_476-2-_jpg.rf.56dd6a01eef7bc6974678224685fc3b3.jpg; Shrimp_476-3-_jpg.rf.4a5e965c76e4d0b993fac9803d9930a8.jpg
ewu,shrimp::477,3,train,477,Shrimp,0,0,Shrimp_477-1-_jpg.rf.334abdc69cc447b5f7fe0315fa7c00bb.jpg; Shrimp_477-2-_jpg.rf.dc4615c0f4b643193c0b72caa373bdac.jpg; Shrimp_477-3-_jpg.rf.ece5ba1355899363ba8956017011c539.jpg
ewu,shrimp::478,3,train,478,Shrimp,0,0,Shrimp_478-1-_jpg.rf.9b2edfdfea0d2d794e1047954abab6fb.jpg; Shrimp_478-2-_jpg.rf.58a9bc70f46ddb670e6a55158d01377a.jpg; Shrimp_478-3-_jpg.rf.745495377bf195ba052e51f7cd2659c3.jpg
ewu,shrimp::479,3,train,479,Shrimp,0,0,Shrimp_479-1-_jpg.rf.40732848ccaddec4741ab01a57cee576.jpg; Shrimp_479-2-_jpg.rf.1a139ac6ac4a80c4b37680bb7677d19f.jpg; Shrimp_479-3-_jpg.rf.24b2092508c6f0f13422f2ca0ec53e33.jpg
ewu,shrimp::483,3,train,483,Shrimp,0,0,Shrimp_483-1-_jpg.rf.aab85ab5753c81e192cc1c4922c2f237.jpg; Shrimp_483-2-_jpg.rf.e69d0d2013cbbf0f0b467633625a179e.jpg; Shrimp_483-3-_jpg.rf.3e22fb6935b4feb5cec69a873f390912.jpg
ewu,shrimp::484,3,train,484,Shrimp,0,0,Shrimp_484-1-_jpg.rf.66b69b2a7b1234c7599f3d320fb26ca6.jpg; Shrimp_484-2-_jpg.rf.b6e88bf96a563e919f4958452b09ef25.jpg; Shrimp_484-3-_jpg.rf.d5983aff8237d83f20b3b13fae8a176e.jpg
ewu,shrimp::486,3,train,486,Shrimp,0,0,Shrimp_486-1-_jpg.rf.1e6e9ed2c7b2d6daa93fe330e3e22f37.jpg; Shrimp_486-2-_jpg.rf.e0d7a12dcfd089d87d6ab5e5e25daf10.jpg; Shrimp_486-3-_jpg.rf.79b2552f19699b4d95f1288e77767134.jpg
ewu,shrimp::487,3,train,487,Shrimp,0,0,Shrimp_487-1-_jpg.rf.6e072aeab98e920b064523aee44ca3f0.jpg; Shrimp_487-2-_jpg.rf.721006fc260b43add1eb89b846a5787b.jpg; Shrimp_487-3-_jpg.rf.a99dbf64191f21950cfbd48112dd8228.jpg
ewu,shrimp::488,3,train,488,Shrimp,0,0,Shrimp_488-1-_jpg.rf.f8de5a46041de72da8ac3579f4d21738.jpg; Shrimp_488-2-_jpg.rf.65a489a30b7640f7cb910c8def56bddc.jpg; Shrimp_488-3-_jpg.rf.6d486734926db8e07e0bc8bc16f40719.jpg
ewu,shrimp::489,3,train,489,Shrimp,0,0,Shrimp_489-1-_jpg.rf.57838e4fdb64d05903a04d2e4b274405.jpg; Shrimp_489-2-_jpg.rf.4d61afeb4a5ca27434721c5361d9d624.jpg; Shrimp_489-3-_jpg.rf.eac7e6bbfa0eb248f3eb508164f8ba51.jpg
ewu,shrimp::490,3,train,490,Shrimp,0,0,Shrimp_490-1-_jpg.rf.20fb4b39c99e7908df811c92bfbe5e6e.jpg; Shrimp_490-2-_jpg.rf.00b6483bddbfae18dd9efbd46ff6635a.jpg; Shrimp_490-3-_jpg.rf.41d6fef4947ccd1c0876d77fe8e2db2e.jpg
ewu,shrimp::491,3,train,491,Shrimp,0,0,Shrimp_491-1-_jpg.rf.f146112b19eac199262daaa7d606188a.jpg; Shrimp_491-2-_jpg.rf.3bb11b4052a60227ead364ae6a558dff.jpg; Shrimp_491-3-_jpg.rf.ab3011aa96fde0f46e0897e7c8fbb8ae.jpg
ewu,shrimp::493,3,train,493,Shrimp,0,0,Shrimp_493-1-_jpg.rf.db85b43a6d6806d4d35f8dfb7c7635f5.jpg; Shrimp_493-2-_jpg.rf.a3bc8b29c8252fc123f3283a2651cdfb.jpg; Shrimp_493-3-_jpg.rf.dd6a74aa77fd9bede51b4d98ddbc3a4d.jpg
ewu,shrimp::494,3,train,494,Shrimp,0,0,Shrimp_494-1-_jpg.rf.e2c833872554f2837b0c8eec109764d2.jpg; Shrimp_494-2-_jpg.rf.f6b600f06dc19b05da5c6bef1e7853fd.jpg; Shrimp_494-3-_jpg.rf.687b7327b8a06c94df5d9cd60b0eb95c.jpg
ewu,shrimp::496,3,train,496,Shrimp,0,0,Shrimp_496-1-_jpg.rf.f60cea342b7f503b5fc0bd02a300a626.jpg; Shrimp_496-2-_jpg.rf.4ff3f5b131457d1c44bd7f49a61a18c3.jpg; Shrimp_496-3-_jpg.rf.169e4959c97f080b9b46be93044560a4.jpg
ewu,shrimp::497,3,train,497,Shrimp,1,0,Shrimp_497-1-_jpg.rf.bf52977ed3272954f3ebe27fc38130d1.jpg; Shrimp_497-2-_jpg.rf.832ce915f63038125a5db50f49cf911b.jpg; Shrimp_497-3-_jpg.rf.6ad0d08cc1ab92aefb353db063bcb37e.jpg
ewu,shrimp::499,3,train,499,Shrimp,0,0,Shrimp_499-1-_jpg.rf.557cab1777e5a6f0606cd765c4b49082.jpg; Shrimp_499-2-_jpg.rf.dba3a1e084fec9f028b440e56d69dcdf.jpg; Shrimp_499-3-_jpg.rf.32f1bda2bb303df7c9ca436525a3d0bd.jpg
ewu,shrimp::501,3,train,501,Shrimp,0,0,Shrimp_501-1-_jpg.rf.ee3d7512e674a258933d09ef6119b0b5.jpg; Shrimp_501-2-_jpg.rf.f75b565f9f5c03cf89edb34ac44a8c0b.jpg; Shrimp_501-3-_jpg.rf.7e1c810c3f61f4491796d94dc8b2e8e2.jpg
ewu,shrimp::502,3,train,502,Shrimp,0,0,Shrimp_502-1-_jpg.rf.526f17492803532d0a64453a318707d5.jpg; Shrimp_502-2-_jpg.rf.db54cd577459e3beac687bfce63bd0c3.jpg; Shrimp_502-3-_jpg.rf.de69d7370754a330393c1c56a539fb0f.jpg
ewu,shrimp::503,3,train,503,Shrimp,0,0,Shrimp_503-1-_jpg.rf.019f4da7b36b808f0a453866a6323cf3.jpg; Shrimp_503-2-_jpg.rf.a7de5d0587a08187cf121fec0ea1b951.jpg; Shrimp_503-3-_jpg.rf.2eb749cfc7d6f2457bc05b0ad8ccc928.jpg
ewu,shrimp::508,3,train,508,Shrimp,0,0,Shrimp_508-1-_jpg.rf.88b4d646e4db22bf2866182a2c10f175.jpg; Shrimp_508-2-_jpg.rf.416a79a4b7373fa20a74fc4ef7ecc688.jpg; Shrimp_508-3-_jpg.rf.2dd15fc4ee162ed61a6aee1591ac67ca.jpg
ewu,shrimp::511,3,train,511,Shrimp,0,0,Shrimp_511-1-_jpg.rf.3ded3f91b2b48779461e007c3d3b1f53.jpg; Shrimp_511-2-_jpg.rf.2d4a3d03ef809b9bf13b02095a56c4c5.jpg; Shrimp_511-3-_jpg.rf.885edd9d272b85fab8fd9e50cfc708d9.jpg
ewu,shrimp::512,3,train,512,Shrimp,0,0,Shrimp_512-1-_jpg.rf.29648f4cde733e95f568f9eff8f9518b.jpg; Shrimp_512-2-_jpg.rf.8cbf6fe2fd3c836ba866cd828c540a21.jpg; Shrimp_512-3-_jpg.rf.496bab7f2d2ed6f46e675e170614aafa.jpg
ewu,shrimp::513,3,train,513,Shrimp,0,0,Shrimp_513-3-_jpg.rf.a55d479a086ff822ec40a4b1decd9806.jpg; Shrimp_513-4-_jpg.rf.374bf9d77c2782441672684856762ff2.jpg; Shrimp_513-5-_jpg.rf.784e05e4479cc181d0bf385efe809d31.jpg
ewu,shrimp::514,3,train,514,Shrimp,0,0,Shrimp_514-1-_jpg.rf.4e0d29d345a314f9612e1886dee635c3.jpg; Shrimp_514-2-_jpg.rf.0dd813215c10892895bc17617dc637e5.jpg; Shrimp_514-3-_jpg.rf.0347b0b16b56868e47c4052506e1fefc.jpg
ewu,shrimp::515,3,train,515,Shrimp,0,0,Shrimp_515-1-_jpg.rf.2cf348f21e0150cba6f682b106566f7c.jpg; Shrimp_515-2-_jpg.rf.57ce1a47eaca3cd82656c7580f82fe7a.jpg; Shrimp_515-3-_jpg.rf.762aabcacf9ad83784a2ce6d04cb3be3.jpg
ewu,shrimp::516,3,train,516,Shrimp,0,0,Shrimp_516-1-_jpg.rf.20571c3267228321e98d4b43ec283737.jpg; Shrimp_516-2-_jpg.rf.2134176ab5935c753286365f5b69e373.jpg; Shrimp_516-3-_jpg.rf.cc8e8a4eece3a331a9707a00b63797ee.jpg
ewu,shrimp::517,3,train,517,Shrimp,0,0,Shrimp_517-1-_jpg.rf.f855bbd4607649e38f8ec965d3ee24e9.jpg; Shrimp_517-2-_jpg.rf.0c391f6d8471908947105261860a49bb.jpg; Shrimp_517-3-_jpg.rf.49c519ec9dbd430201343915a69952df.jpg
ewu,shrimp::518,3,train,518,Shrimp,0,0,Shrimp_518-1-_jpg.rf.861b25c5f7a5e663b879f5401001fc13.jpg; Shrimp_518-2-_jpg.rf.2ba2e9b3e151b71712c07d3aef840c12.jpg; Shrimp_518-3-_jpg.rf.fe6da025c2697cc95a0ab53555067a3a.jpg
ewu,shrimp::519,3,train,519,Shrimp,0,0,Shrimp_519-1-_jpg.rf.93f5fb758240c1a75915f1876ead984a.jpg; Shrimp_519-2-_jpg.rf.6d39f5b9e31d600900e994e6f734236c.jpg; Shrimp_519-3-_jpg.rf.71df93a9c7c0f4fed6d873550e49c754.jpg
ewu,shrimp::520,3,train,520,Shrimp,0,0,Shrimp_520-1-_jpg.rf.ad7c640aaeea84f79aab1b13dbb3a497.jpg; Shrimp_520-2-_jpg.rf.e621b1fbe4d582f963457bdef2370dca.jpg; Shrimp_520-3-_jpg.rf.63d90b50f3f1ef28788cd9ce854d82c6.jpg
ewu,shrimp::521,3,train,521,Shrimp,0,0,Shrimp_521-1-_jpg.rf.80c9c2afd0bddd0eef0fdd13fddae257.jpg; Shrimp_521-2-_jpg.rf.50542a8665f2a87c024be0af80a4bef2.jpg; Shrimp_521-3-_jpg.rf.fbda0bd15384e5d92057cc9998b7fcba.jpg
ewu,shrimp::522,3,train,522,Shrimp,0,0,Shrimp_522-1-_jpg.rf.894066be93ba19a005ddf492383b8ef9.jpg; Shrimp_522-2-_jpg.rf.6875188e09d667b6eac01859216644c2.jpg; Shrimp_522-3-_jpg.rf.10dd20e9ed0eba7870d5823f0ca2d789.jpg
ewu,shrimp::523,3,train,523,Shrimp,0,0,Shrimp_523-1-_jpg.rf.1717aa1881eabc88a1e756293064aae6.jpg; Shrimp_523-2-_jpg.rf.d024916af1705dfa3f6836b1d533e80e.jpg; Shrimp_523-3-_jpg.rf.b076ed3749f2b0c06357e8f24fe80188.jpg
ewu,shrimp::524,3,train,524,Shrimp,0,0,Shrimp_524-1-_jpg.rf.42f35410f4ec607fb496356b25a025cf.jpg; Shrimp_524-2-_jpg.rf.5a4ade640c9ded082d30184c4a464f06.jpg; Shrimp_524-3-_jpg.rf.a8690d309b8cb45eba4f53bc199e72bc.jpg
ewu,shrimp::525,3,train,525,Shrimp,0,0,Shrimp_525-1-_jpg.rf.d734dae19e7d8546058f37b30bbdfc66.jpg; Shrimp_525-2-_jpg.rf.0c546e3bf7e7bf840ede557c4f9b1669.jpg; Shrimp_525-3-_jpg.rf.c903ba13edb422235de22104b0d71410.jpg
ewu,shrimp::526,3,train,526,Shrimp,0,0,Shrimp_526-1-_jpg.rf.30e47ce148f11541e6a526f92d209475.jpg; Shrimp_526-2-_jpg.rf.5100d955bd38b53b130ffc58bc84d31a.jpg; Shrimp_526-3-_jpg.rf.a08314c77a96d65755c67f32034758f9.jpg
ewu,shrimp::527,3,train,527,Shrimp,0,0,Shrimp_527-1-_jpg.rf.1623a165bc3872dd1971bed0ff0ce5b1.jpg; Shrimp_527-2-_jpg.rf.63e42e84e03c867894262bd2432ee07c.jpg; Shrimp_527-3-_jpg.rf.c1e500fab80fb8fb38f4459559914e4e.jpg
ewu,shrimp::528,3,train,528,Shrimp,0,0,Shrimp_528-1-_jpg.rf.4ce8955352a8a37a53977df509436da4.jpg; Shrimp_528-2-_jpg.rf.23f70c40e6492f823b37a37b1b413b35.jpg; Shrimp_528-3-_jpg.rf.4be19a1377826f47ee4b51d3be9832d7.jpg
ewu,shrimp::529,3,train,529,Shrimp,0,0,Shrimp_529-1-_jpg.rf.28dd82fc3ed5b05d100ee4b1e15dc10d.jpg; Shrimp_529-2-_jpg.rf.c16c20b9f1063053b440c1f7e7c3b38c.jpg; Shrimp_529-3-_jpg.rf.9ceb89beb2c8bf4fa5d32343277f34f3.jpg
ewu,shrimp::530,3,train,530,Shrimp,0,0,Shrimp_530-1-_jpg.rf.9001c3d8d060a1ed539cf579a9fa6479.jpg; Shrimp_530-2-_jpg.rf.bc7fbb4aa91b887ef1ba107ae4f46594.jpg; Shrimp_530-3-_jpg.rf.357675164c2ed27ff518ef2cdd9448f1.jpg
ewu,shrimp::535,3,train,535,Shrimp,0,0,Shrimp_535-1-_jpg.rf.b403faebda817db7b6f12b83d7db5592.jpg; Shrimp_535-2-_jpg.rf.a38754bdddbf783b9d3c142d82ef8208.jpg; Shrimp_535-3-_jpg.rf.019c6828cd85ac0dc2f44189d62d9003.jpg
ewu,shrimp::537,3,train,537,Shrimp,0,0,Shrimp_537-1-_jpg.rf.2ce278b553c77f3f7c9f493926d428c7.jpg; Shrimp_537-2-_jpg.rf.ad8c835f113ec87287f03b2527d1a016.jpg; Shrimp_537-3-_jpg.rf.9635f54c90ff81141823a1b8331b5ebf.jpg
ewu,shrimp::538,3,train,538,Shrimp,0,0,Shrimp_538-1-_jpg.rf.232cbe225c994dd97f509e814b84f777.jpg; Shrimp_538-2-_jpg.rf.5fe09c4174262d1dc2ec7f6ad491cfd6.jpg; Shrimp_538-3-_jpg.rf.5a05c868e6ef69a8bd605cf0607a6970.jpg
ewu,shrimp::539,3,train,539,Shrimp,0,0,Shrimp_539-1-_jpg.rf.25cfd425cd50135994fdc898f506f2ee.jpg; Shrimp_539-2-_jpg.rf.e8ca6a351c5dc807a32d1eefcd394b58.jpg; Shrimp_539-3-_jpg.rf.2c5e8fb1a178fb11621ac81c57d8a65a.jpg
ewu,shrimp::541,3,train,541,Shrimp,0,0,Shrimp_541-1-_jpg.rf.68f3d7b3184d66146795611e8b61d75e.jpg; Shrimp_541-2-_jpg.rf.9be27bc0c2c36a5a6b4fbbb14f5cbce6.jpg; Shrimp_541-3-_jpg.rf.9571bd064a7a9120f238993cfe2620e7.jpg
ewu,shrimp::542,3,train,542,Shrimp,0,0,Shrimp_542-1-_jpg.rf.5d7e234e5444f871922a29881149e3c0.jpg; Shrimp_542-2-_jpg.rf.bfebc8b2fe0131f0007131ae13b0f8bb.jpg; Shrimp_542-3-_jpg.rf.a90dd85d9cef50e973cda55e05938c46.jpg
ewu,shrimp::543,3,train,543,Shrimp,0,0,Shrimp_543-1-_jpg.rf.777facf9d5f49a639d84a434f5bb98b7.jpg; Shrimp_543-2-_jpg.rf.8e0c3d6fc93e82e6f9d73a8cbc3fbc25.jpg; Shrimp_543-3-_jpg.rf.71816edae9aa460742ab8d454de249e7.jpg
ewu,shrimp::544,3,train,544,Shrimp,0,0,Shrimp_544-1-_jpg.rf.a6d73dca1524f3cede1fea18e3e27be4.jpg; Shrimp_544-2-_jpg.rf.7e922c7133fc259cbbf3df99ef5d2e9d.jpg; Shrimp_544-3-_jpg.rf.1431a07dd3ea671d2a58c8201393e144.jpg
ewu,shrimp::545,3,train,545,Shrimp,0,0,Shrimp_545-1-_jpg.rf.37dadea70aa7560e944132b34a3faadc.jpg; Shrimp_545-2-_jpg.rf.9f854dee34ad1cfad1a3ced601236c78.jpg; Shrimp_545-3-_jpg.rf.263d8c0942524f3047045e1b33ced1bc.jpg
ewu,shrimp::546,3,train,546,Shrimp,0,0,Shrimp_546-1-_jpg.rf.a9c0957861c23a8b9de6ef036be5a1cc.jpg; Shrimp_546-2-_jpg.rf.b3cb20830649e4680ebbe439523663ac.jpg; Shrimp_546-3-_jpg.rf.7e832baabc05be9b131a3ec25992ca22.jpg
ewu,shrimp::547,3,train,547,Shrimp,0,0,Shrimp_547-1-_jpg.rf.19488076fb4da5a5d5270e52712189c7.jpg; Shrimp_547-2-_jpg.rf.a1b03ef0d1ed1f4aad63b35aefeffcf8.jpg; Shrimp_547-3-_jpg.rf.df6605b470b211fd1731be719d6d12c6.jpg
ewu,shrimp::548,3,train,548,Shrimp,0,0,Shrimp_548-1-_jpg.rf.3c403cd963095234c940b0e6a16acac8.jpg; Shrimp_548-2-_jpg.rf.8e76ed572238de6ed0628017bb3534fc.jpg; Shrimp_548-3-_jpg.rf.91a1b8cc5f473196ee82e7a047f3f351.jpg
ewu,shrimp::549,3,train,549,Shrimp,0,0,Shrimp_549-1-_jpg.rf.93199e5e6a7d7ad5c6b8de10c6cee62b.jpg; Shrimp_549-2-_jpg.rf.7a67828724ab657cd5319ee2b80f133c.jpg; Shrimp_549-3-_jpg.rf.a12afde66121d07b209a692bb027c562.jpg
ewu,shrimp::550,3,train,550,Shrimp,0,0,Shrimp_550-1-_jpg.rf.1017a8292e3d4690c530f6b660dd4f5c.jpg; Shrimp_550-2-_jpg.rf.4014b89c946c1e47b8a50310e1fc2b69.jpg; Shrimp_550-3-_jpg.rf.55c4406a6f3f06d0b04e201b9d4cdfd9.jpg
ewu,shrimp::552,3,train,552,Shrimp,0,0,Shrimp_552-1-_jpg.rf.f7c317aa8f8c8f660e837e23b75e4877.jpg; Shrimp_552-2-_jpg.rf.f8a0d426bb64ecac8195bf4ac265e64a.jpg; Shrimp_552-3-_jpg.rf.1f8604e44347f36f7751e7c8ce87261b.jpg
ewu,shrimp::553,3,train,553,Shrimp,0,0,Shrimp_553-1-_jpg.rf.f61e2572ce80e044f69f86da840419bd.jpg; Shrimp_553-2-_jpg.rf.5a1e9b8caa50937762e463914cce86e9.jpg; Shrimp_553-3-_jpg.rf.a275d19f09608a75ae3433211a19caa1.jpg
ewu,shrimp::554,3,train,554,Shrimp,0,0,Shrimp_554-1-_jpg.rf.a43dc4259699eb82aea1342c5842f208.jpg; Shrimp_554-2-_jpg.rf.72828884efde303d58317a8a7bfded12.jpg; Shrimp_554-3-_jpg.rf.dad6cc9bcfc9d7257790ebc6a7fa2bb8.jpg
ewu,shrimp::555,3,train,555,Shrimp,0,0,Shrimp_555-1-_jpg.rf.be753e3f496ac8e56204e45f17c48703.jpg; Shrimp_555-2-_jpg.rf.d8e027da0ccb4d9b9fbbcc89cc35412d.jpg; Shrimp_555-3-_jpg.rf.aae20e254ef0a2199213324dbe5224c7.jpg
ewu,shrimp::556,3,train,556,Shrimp,0,0,Shrimp_556-1-_jpg.rf.b52e959ac858671dea20e77d1af59f99.jpg; Shrimp_556-2-_jpg.rf.d788e632f7a1e35e08c2b9a04d35211d.jpg; Shrimp_556-3-_jpg.rf.beb61aac1527f98a8f85a50ea79f7cad.jpg
ewu,shrimp::557,3,train,557,Shrimp,0,0,Shrimp_557-1-_jpg.rf.6236b7cf266eac7b569b30b41d2f47b5.jpg; Shrimp_557-2-_jpg.rf.5ecdf4fe3edefabafc40126a038d9a9a.jpg; Shrimp_557-3-_jpg.rf.7050113d1fba0c085b4a54e388558102.jpg
ewu,shrimp::558,3,train,558,Shrimp,0,0,Shrimp_558-1-_jpg.rf.e886767992a5958b8abac28ec4731a18.jpg; Shrimp_558-2-_jpg.rf.950c2e1aa94d8eaa82f9c88d74fd44cc.jpg; Shrimp_558-3-_jpg.rf.48edb7bc4673b58d067aba7e7b91612b.jpg
ewu,shrimp::559,3,train,559,Shrimp,0,0,Shrimp_559-1-_jpg.rf.6ee17baedab620d9fe6a28b8df45a929.jpg; Shrimp_559-2-_jpg.rf.3c2a689d3d0070611e089078c2b397f3.jpg; Shrimp_559-3-_jpg.rf.a9959a01cd576514c92588b944507861.jpg
ewu,shrimp::560,3,train,560,Shrimp,0,0,Shrimp_560-1-_jpg.rf.b3d6e8075f4170e588d97095d2af9063.jpg; Shrimp_560-2-_jpg.rf.f4f0d1d339f9ecdfb7780f0c8b5ee7d3.jpg; Shrimp_560-3-_jpg.rf.26d7d54f1b5b9141055dbc4934ea7d63.jpg
ewu,shrimp::561,3,train,561,Shrimp,0,0,Shrimp_561-1-_jpg.rf.f370e863860b689cee8139e2c15f4118.jpg; Shrimp_561-2-_jpg.rf.c2a3aef499eccfbbf197dfc154abd623.jpg; Shrimp_561-3-_jpg.rf.7f64dfa2b720c8b30f9ab269c375ad96.jpg
ewu,shrimp::562,3,train,562,Shrimp,0,0,Shrimp_562-1-_jpg.rf.13bacbb6e98b1ac791cf5c842108efcf.jpg; Shrimp_562-2-_jpg.rf.5d6311264a00b3c5840b33bf33a2fe59.jpg; Shrimp_562-3-_jpg.rf.26f10d781e1652881811329f6ada89f8.jpg
ewu,shrimp::565,3,train,565,Shrimp,0,0,Shrimp_565-1-_jpg.rf.a727225ab6af235f1a425c3a0a2486f9.jpg; Shrimp_565-2-_jpg.rf.b218290aa69a1e8a4556f1cc2caeae25.jpg; Shrimp_565-3-_jpg.rf.6018abdf70ae47bc6fb5b07c4b2a75b9.jpg
ewu,shrimp::566,3,train,566,Shrimp,0,0,Shrimp_566-1-_jpg.rf.5c40de1fe71274c2bd95b400852c43a1.jpg; Shrimp_566-2-_jpg.rf.703b841642756c75b6559b6f990c55e9.jpg; Shrimp_566-3-_jpg.rf.2c1d999ac4d1c24d1568ce71ea0a9dc7.jpg
ewu,shrimp::567,3,train,567,Shrimp,0,0,Shrimp_567-1-_jpg.rf.d4cfc36cdae7eb87e9ec540c8979af14.jpg; Shrimp_567-2-_jpg.rf.6f7bd51a22ea78d736edff469fa289af.jpg; Shrimp_567-3-_jpg.rf.bb0bd478eb9dccc70014a1fa8103208b.jpg
ewu,shrimp::568,3,train,568,Shrimp,0,0,Shrimp_568-1-_jpg.rf.22e6982c3b3730938e7cef0c732dc569.jpg; Shrimp_568-2-_jpg.rf.bf5855a2e7a9bd2f87652affc829f836.jpg; Shrimp_568-3-_jpg.rf.5bde679b39deaf9734f9f36715ca1fde.jpg
ewu,shrimp::569,3,train,569,Shrimp,0,0,Shrimp_569-1-_jpg.rf.8553bcba321183b715ef9acbde99d159.jpg; Shrimp_569-2-_jpg.rf.f7becc43ace532651a7ae36a0f8fceb0.jpg; Shrimp_569-3-_jpg.rf.40351ecfe38b0f454bbe18ce846795d7.jpg
ewu,shrimp::570,3,train,570,Shrimp,0,0,Shrimp_570-1-_jpg.rf.12766085c43f6d439738a5b07416bb63.jpg; Shrimp_570-2-_jpg.rf.8b25ad27c073ed462ca7c571250b482b.jpg; Shrimp_570-3-_jpg.rf.5fb4025bd6acd0fca0f3b3c85d2400f2.jpg
ewu,shrimp::571,3,train,571,Shrimp,0,0,Shrimp_571-1-_jpg.rf.ce7347e412a1fb954b4dc7e45fa5f8f1.jpg; Shrimp_571-2-_jpg.rf.52e79f13c7ee6b7faaf6c42074e915ac.jpg; Shrimp_571-3-_jpg.rf.d3e85c58d7fc7dc32b8386f36ac1b785.jpg
ewu,shrimp::572,3,train,572,Shrimp,0,0,Shrimp_572-1-_jpg.rf.20b61e46e717518ca7c0c17aae0cb4cf.jpg; Shrimp_572-2-_jpg.rf.b1a8567f3021724cf39b63ad40dcf2d8.jpg; Shrimp_572-3-_jpg.rf.0b76fee4a1da7cb704e95e4a88649b1f.jpg
ewu,shrimp::573,3,train,573,Shrimp,0,0,Shrimp_573-1-_jpg.rf.26bb6f69d6594260ae5e85d16fbcae85.jpg; Shrimp_573-2-_jpg.rf.4f20f6142a09b7a286907497fd059d26.jpg; Shrimp_573-3-_jpg.rf.dc74bb35468ddb0088bd12581ec39659.jpg
ewu,shrimp::574,3,train,574,Shrimp,0,0,Shrimp_574-1-_jpg.rf.43133a61fc118f139025344e4abac2b7.jpg; Shrimp_574-2-_jpg.rf.3a0a8f1aa56e62fe10fd5ae7b0b5bfa4.jpg; Shrimp_574-3-_jpg.rf.d6df3033c8a39c2da9c90fd793228c82.jpg
ewu,shrimp::575,3,train,575,Shrimp,0,0,Shrimp_575-1-_jpg.rf.76f65589edebaffb0967759f114fe8a6.jpg; Shrimp_575-2-_jpg.rf.dd7bda9a9b1731a4b39388e04b5d598f.jpg; Shrimp_575-3-_jpg.rf.208e606a4d407d76c75de653bd556f91.jpg
ewu,shrimp::576,3,train,576,Shrimp,0,0,Shrimp_576-1-_jpg.rf.459c3e54f049e9bade976ad9a7d5be12.jpg; Shrimp_576-2-_jpg.rf.8863e5103ba5a2a02a51ffaf9682c28e.jpg; Shrimp_576-3-_jpg.rf.0c0ff739a54e21ffebafe2df1d6ce150.jpg
ewu,shrimp::577,3,train,577,Shrimp,0,0,Shrimp_577-1-_jpg.rf.6dc1806524a556e3d5c2371ac2c1c9d7.jpg; Shrimp_577-2-_jpg.rf.82adbae3f53e8bf4e9e12f6994be0949.jpg; Shrimp_577-3-_jpg.rf.a97f6cfdfe8457eb4f0474a07045dbd9.jpg
ewu,shrimp::579,3,train,579,Shrimp,0,0,Shrimp_579-1-_jpg.rf.4708d719e149220c17a8513aa8949fe3.jpg; Shrimp_579-2-_jpg.rf.9456c8007dcb00347b7603667bfa5e94.jpg; Shrimp_579-3-_jpg.rf.ede7113c124c4fc03d88a3afd7a385b1.jpg
ewu,shrimp::580,3,train,580,Shrimp,0,0,Shrimp_580-1-_jpg.rf.a0d9ddb6e82346ba54cb651dd85380dd.jpg; Shrimp_580-2-_jpg.rf.fe4e204c4e6398f6a2a36f219a2868e7.jpg; Shrimp_580-3-_jpg.rf.051aa326b9f3b9bec184d6fa706f8e03.jpg
ewu,shrimp::581,3,train,581,Shrimp,0,0,Shrimp_581-1-_jpg.rf.b3c8c3205a003aff73cb54980e82feb2.jpg; Shrimp_581-2-_jpg.rf.4e6598f5aa57790d73f9fe5b613129fc.jpg; Shrimp_581-3-_jpg.rf.40168e2370140c772d8978438d29f742.jpg
ewu,shrimp::582,3,train,582,Shrimp,0,0,Shrimp_582-1-_jpg.rf.c721c4c6878fcca8a68908ca4eb94be1.jpg; Shrimp_582-2-_jpg.rf.7273af833cbabf3d7df2510126e96839.jpg; Shrimp_582-3-_jpg.rf.5a292c2dedfc118dfdb036314119e0d1.jpg
ewu,shrimp::583,3,train,583,Shrimp,0,0,Shrimp_583-1-_jpg.rf.acdf37f31d686469c64a3f1be9757397.jpg; Shrimp_583-2-_jpg.rf.abded7938ba4f53499ea5a8c15d5d83e.jpg; Shrimp_583-3-_jpg.rf.c3abfd6de00236613fea4b80bcd7bcf5.jpg
ewu,shrimp::584,3,train,584,Shrimp,0,0,Shrimp_584-1-_jpg.rf.56aab9c3555186ff296545034ffa7841.jpg; Shrimp_584-2-_jpg.rf.0928c306c1ebb091523f3d9e87e419ca.jpg; Shrimp_584-3-_jpg.rf.978569356f977b4ecdaf50937c34db56.jpg
ewu,shrimp::585,3,train,585,Shrimp,0,0,Shrimp_585-1-_jpg.rf.7b9d363d37575b0b011640bcd28e856e.jpg; Shrimp_585-2-_jpg.rf.47c55a7521e191ad63e6475e05157b59.jpg; Shrimp_585-3-_jpg.rf.dc3b3924548fdb53ff5ac1651929245d.jpg
ewu,shrimp::586,3,train,586,Shrimp,0,0,Shrimp_586-1-_jpg.rf.48ac6e99d765349551be85d298abc0bb.jpg; Shrimp_586-2-_jpg.rf.b4683558dd0afdf3b037b69c74d82bd5.jpg; Shrimp_586-3-_jpg.rf.cd0fa0de8061b466cf523c6b5ee9212a.jpg
ewu,shrimp::587,3,train,587,Shrimp,0,0,Shrimp_587-1-_jpg.rf.b2b5c66947b0178d8099b81e19d7255b.jpg; Shrimp_587-2-_jpg.rf.0c1eb1f6d250b3be53a3983b9197f7ff.jpg; Shrimp_587-3-_jpg.rf.2f420ee0bb64e7075ba033084775e114.jpg
ewu,shrimp::588,3,train,588,Shrimp,0,0,Shrimp_588-1-_jpg.rf.a16cd3e1dbb1a6878ee0c126590b70fb.jpg; Shrimp_588-2-_jpg.rf.4a008413b3d33d9b64776ea76edeba69.jpg; Shrimp_588-3-_jpg.rf.c62cc78835de76c9688cc50988ffe9a2.jpg
ewu,shrimp::590,3,train,590,Shrimp,0,0,Shrimp_590-1-_jpg.rf.cb537f2a2f4b891395734efd80c721a7.jpg; Shrimp_590-2-_jpg.rf.4bc7da19dfd7d585fb24e7a875ef0274.jpg; Shrimp_590-3-_jpg.rf.a583edada46375e5efc57237213c9d24.jpg
ewu,shrimp::591,3,train,591,Shrimp,0,0,Shrimp_591-1-_jpg.rf.fa55f807614bc6b3212f795aaaf010d7.jpg; Shrimp_591-2-_jpg.rf.55db3929c8d1320f23b052061644d62e.jpg; Shrimp_591-3-_jpg.rf.263e1d2b0d3545e1e5892ac07bd8fe2d.jpg
ewu,shrimp::592,3,train,592,Shrimp,0,0,Shrimp_592-1-_jpg.rf.3a90a4cb5cbad5b32b48b5499b1a872a.jpg; Shrimp_592-2-_jpg.rf.f85f77cb4589613603416ce180f60b86.jpg; Shrimp_592-3-_jpg.rf.dd6b29036a994b687777527ffb492a47.jpg
ewu,shrimp::593,3,train,593,Shrimp,0,0,Shrimp_593-1-_jpg.rf.0ef34c4c4d69976dfaa3ae8bf8f5e1fb.jpg; Shrimp_593-2-_jpg.rf.1acaad39ca6b1bc2a096b43a717fc5f2.jpg; Shrimp_593-3-_jpg.rf.d917581ef73c747dcca826894052d89e.jpg
ewu,shrimp::594,3,train,594,Shrimp,0,0,Shrimp_594-1-_jpg.rf.84c31374f42cfdadce7c5ba86f868dce.jpg; Shrimp_594-2-_jpg.rf.0bcd52a71890c60f8262e1cb9c3bfa19.jpg; Shrimp_594-3-_jpg.rf.0f630c9766d272d461722df60f79370f.jpg
ewu,shrimp::595,3,train,595,Shrimp,0,0,Shrimp_595-1-_jpg.rf.f0f894b1831377df677e7c9036f5b3ad.jpg; Shrimp_595-2-_jpg.rf.e6b83d75087352c2510ae5094587066c.jpg; Shrimp_595-3-_jpg.rf.30f20b3ac6d4467e74cb4cbf2e7eca8e.jpg
ewu,shrimp::596,3,train,596,Shrimp,0,0,Shrimp_596-1-_jpg.rf.448a983e8fc0d1cba01727e60a8a7f00.jpg; Shrimp_596-2-_jpg.rf.971d891b047f090dc49f88e20091a5c3.jpg; Shrimp_596-3-_jpg.rf.7eb1f6063a83db4b518df5849e28c67a.jpg
ewu,shrimp::597,3,train,597,Shrimp,0,0,Shrimp_597-1-_jpg.rf.2e8962a946392a6fc1e66fb28af20d06.jpg; Shrimp_597-2-_jpg.rf.4f13a36d9b781123396ef7e85614ce2b.jpg; Shrimp_597-3-_jpg.rf.4b54dd8c1ab01c9950774dd9acaed938.jpg
ewu,shrimp::598,3,train,598,Shrimp,0,0,Shrimp_598-1-_jpg.rf.b396e1feead23d20aeaaa0fe04ae8801.jpg; Shrimp_598-2-_jpg.rf.80e1be2e0b0a1cbdaabf4ab296de155a.jpg; Shrimp_598-3-_jpg.rf.d35b2ec9e8dcaf6fbf92d9bfbdf1512b.jpg
ewu,shrimp::599,3,train,599,Shrimp,0,0,Shrimp_599-1-_jpg.rf.5746737d53aa421d16b4346fb940f388.jpg; Shrimp_599-2-_jpg.rf.04adaa2299457b2bcc7e2b7f0646d868.jpg; Shrimp_599-3-_jpg.rf.620cafbafb48ed75f2c51672e21721b8.jpg
ewu,shrimp::600,3,train,600,Shrimp,0,0,Shrimp_600-1-_jpg.rf.ff2ea66b021b867a8324ef2fcebed154.jpg; Shrimp_600-2-_jpg.rf.d6f7e94e242678dd3815ff9faf2bd682.jpg; Shrimp_600-3-_jpg.rf.51106a65424d466e6e56026214c836e8.jpg
ewu,shrimp::601,3,train,601,Shrimp,0,0,Shrimp_601-1-_jpg.rf.e7a65a11aad214cc12dee9040fdb90cd.jpg; Shrimp_601-2-_jpg.rf.50489078f3b5eeaebc773fcea63b8019.jpg; Shrimp_601-3-_jpg.rf.20434084b4f6a40c22e22f640bf49bb5.jpg
ewu,shrimp::602,3,train,602,Shrimp,0,0,Shrimp_602-1-_jpg.rf.e081592c20d522bc190e1d79a328aa7b.jpg; Shrimp_602-2-_jpg.rf.febb4532bc34ac4849444078264883eb.jpg; Shrimp_602-3-_jpg.rf.f39e7285a2b4c6bd3339b509ff29ec10.jpg
ewu,shrimp::604,3,train,604,Shrimp,0,0,Shrimp_604-1-_jpg.rf.4fea6fd7a2e3bcf67b324312bba95c84.jpg; Shrimp_604-2-_jpg.rf.3f4d1e554ee1efb8c0876cbc0247e2fc.jpg; Shrimp_604-3-_jpg.rf.c5998a8cff7b6bbe496026330e554f24.jpg
ewu,shrimp::605,3,train,605,Shrimp,0,0,Shrimp_605-1-_jpg.rf.9f339470c9b2b85ed096ab69c5a4c36f.jpg; Shrimp_605-2-_jpg.rf.fe03cf5f16f15c57e10b96a28db3bbb4.jpg; Shrimp_605-3-_jpg.rf.8bfca2560d4230f23e89f3a5a4315dfa.jpg
ewu,shrimp::607,3,train,607,Shrimp,0,0,Shrimp_607-1-_jpg.rf.d190e2a9883ef0f8cea85dd96bb80ae7.jpg; Shrimp_607-2-_jpg.rf.ab7dfcad525065ee15bc3d8a09fb4f52.jpg; Shrimp_607-3-_jpg.rf.3e677090d0581a4e032208d940e16994.jpg
ewu,shrimp::608,3,train,608,Shrimp,0,0,Shrimp_608-1-_jpg.rf.5b9960bec59dff28561cb06d4ed99a65.jpg; Shrimp_608-2-_jpg.rf.017106d50bebd833443926ec1797a268.jpg; Shrimp_608-3-_jpg.rf.ba0a05017f359e2bf97c0c1fb116f696.jpg
ewu,shrimp::609,3,train,609,Shrimp,0,0,Shrimp_609-1-_jpg.rf.d2e2f777840848ca13e1568ca18b0a87.jpg; Shrimp_609-2-_jpg.rf.d58ccd584f73e1049da839453a224f29.jpg; Shrimp_609-3-_jpg.rf.81a2e54353e050568979c8ff36a3c6c8.jpg
ewu,shrimp::610,3,train,610,Shrimp,0,0,Shrimp_610-1-_jpg.rf.039eacbb23454497110f8ace23d510f9.jpg; Shrimp_610-2-_jpg.rf.9c1f9b537c80d986e4c9954a10acfe0f.jpg; Shrimp_610-3-_jpg.rf.22a54b58e924edb9c40d3160b05da12c.jpg
ewu,shrimp::611,3,train,611,Shrimp,0,0,Shrimp_611-1-_jpg.rf.ae28b941631eae8b25f0c25432834ac2.jpg; Shrimp_611-2-_jpg.rf.8871d88935f0995881c873325700715f.jpg; Shrimp_611-3-_jpg.rf.ac1f8594a1950baf9b271027bf6a0921.jpg
ewu,shrimp::612,3,train,612,Shrimp,0,0,Shrimp_612-1-_jpg.rf.86357c25a1c0867c1570f50cb9eb2056.jpg; Shrimp_612-2-_jpg.rf.32d16cbd3718355bb13d2472260813b4.jpg; Shrimp_612-3-_jpg.rf.aeade6d9b3a6d55c242a81357c4071c5.jpg
ewu,shrimp::613,3,train,613,Shrimp,0,0,Shrimp_613-1-_jpg.rf.831998d746c247efdb3e56a2c5f7fa44.jpg; Shrimp_613-2-_jpg.rf.d4ef15f683398be33247c660a35d465a.jpg; Shrimp_613-3-_jpg.rf.bed17ee33b62084843dbc23549db4b22.jpg
ewu,shrimp::615,3,train,615,Shrimp,0,0,Shrimp_615-1-_jpg.rf.db3c12e6bc4f822edc269c88b5551a13.jpg; Shrimp_615-2-_jpg.rf.324014a639f74f5b584cee610ebe6679.jpg; Shrimp_615-3-_jpg.rf.51b4e7ac6587cc735be70b577bc58ec8.jpg
ewu,shrimp::616,3,train,616,Shrimp,0,0,Shrimp_616-1-_jpg.rf.65e65ff9f7698456cfad032d97decd48.jpg; Shrimp_616-2-_jpg.rf.f24410209d70f84a69706b91742d7929.jpg; Shrimp_616-3-_jpg.rf.52c671f1b1e214a77e19acdfeb939446.jpg
ewu,shrimp::617,3,train,617,Shrimp,0,0,Shrimp_617-1-_jpg.rf.1184fb4b30ed55051a09b3b375d42350.jpg; Shrimp_617-2-_jpg.rf.eadcc5f1a82e125b029ba4349c051672.jpg; Shrimp_617-3-_jpg.rf.acdd8c3227cc244d1bff3478494b60df.jpg
ewu,shrimp::618,3,train,618,Shrimp,0,0,Shrimp_618-1-_jpg.rf.19fa71775ad6f30d966781b9ace127d8.jpg; Shrimp_618-2-_jpg.rf.1c1cfd55c3cc138f445f080cae83e143.jpg; Shrimp_618-3-_jpg.rf.00882fbce041af37a053742e9d17c7d7.jpg
ewu,shrimp::619,3,train,619,Shrimp,0,0,Shrimp_619-1-_jpg.rf.6326e8d204063ba9d0dbd3fb65b342ba.jpg; Shrimp_619-2-_jpg.rf.f93aa74bd7f0ebf2af20de4bfc4dc20f.jpg; Shrimp_619-3-_jpg.rf.c4196d161a6d94a01b3faa82a0253e3c.jpg
ewu,shrimp::620,3,train,620,Shrimp,0,0,Shrimp_620-1-_jpg.rf.46481e932f58c183166bc97f1401709b.jpg; Shrimp_620-2-_jpg.rf.702d17939e86caec32bbbc9cf53fbfdb.jpg; Shrimp_620-3-_jpg.rf.d77d7f74ac7b548254a49454ac9fc634.jpg
ewu,shrimp::621,3,train,621,Shrimp,0,0,Shrimp_621-1-_jpg.rf.f25e085787ec6fb2812311dfc85fc0c2.jpg; Shrimp_621-2-_jpg.rf.2ca3f0686e10ac4b25a193b1adf5d7fc.jpg; Shrimp_621-3-_jpg.rf.80911af8e31e7bb1abf30cc75d184b05.jpg
ewu,shrimp::622,3,train,622,Shrimp,0,0,Shrimp_622-1-_jpg.rf.d1c46e298716708634358350d63996b9.jpg; Shrimp_622-2-_jpg.rf.62d2988ae62d1df20406f48dc2acf24d.jpg; Shrimp_622-3-_jpg.rf.0196131bff37a514305189a32c8035e4.jpg
ewu,shrimp::623,3,train,623,Shrimp,0,0,Shrimp_623-1-_jpg.rf.ea0d4a06aee0ca5d031af28434be24a3.jpg; Shrimp_623-2-_jpg.rf.d7f7e577eb79c3500fd31c4de22023f0.jpg; Shrimp_623-3-_jpg.rf.a45c5bac8abb57b42468fa1f6880e58b.jpg
ewu,shrimp::624,3,train,624,Shrimp,0,0,Shrimp_624-1-_jpg.rf.b8fb85bb3ce13526a8d6f6be2327b623.jpg; Shrimp_624-2-_jpg.rf.57b2a0f19d3e7eb5f6f0284690b87e20.jpg; Shrimp_624-3-_jpg.rf.e1a1a24b364ff84c151bd50ad5683bc4.jpg
ewu,shrimp::625,3,train,625,Shrimp,0,0,Shrimp_625-1-_jpg.rf.4afa7807f0b768cbf4205dba104d1539.jpg; Shrimp_625-2-_jpg.rf.c2da06b520b2eb876577e33f01ed4fdd.jpg; Shrimp_625-3-_jpg.rf.78e9cf381981dc23a4eeba323cb2a625.jpg
ewu,shrimp::627,3,train,627,Shrimp,0,0,Shrimp_627-1-_jpg.rf.4c62bcd071d5be776b8a11fa23faff51.jpg; Shrimp_627-2-_jpg.rf.3adb1b746bf16e85e4cb92a23dcfa879.jpg; Shrimp_627-3-_jpg.rf.32f9857003c5b628ca28257168280716.jpg
ewu,shrimp::628,3,train,628,Shrimp,0,0,Shrimp_628-1-_jpg.rf.83d931c3790877a1eb99777a625f01de.jpg; Shrimp_628-2-_jpg.rf.19513be9cdad2ea563f67cac4c0d09b9.jpg; Shrimp_628-3-_jpg.rf.8ac5edf97ac709e14684b65ebb3ca11b.jpg
ewu,shrimp::629,3,train,629,Shrimp,0,0,Shrimp_629-1-_jpg.rf.6d24f7341516289fd11c96f2b46f2547.jpg; Shrimp_629-2-_jpg.rf.462bcf11299bf8356e6717110fee34a5.jpg; Shrimp_629-3-_jpg.rf.40d221bb7b935f7368abf158e8d09339.jpg
ewu,shrimp::630,3,train,630,Shrimp,0,0,Shrimp_630-1-_jpg.rf.61260d4c0a76f30439d755017568e8c9.jpg; Shrimp_630-2-_jpg.rf.df4221dafbdd9d6cac883cf51ec1788c.jpg; Shrimp_630-3-_jpg.rf.0bdb303015b885ec190421baba0258ac.jpg
ewu,shrimp::631,3,train,631,Shrimp,0,0,Shrimp_631-1-_jpg.rf.cf88da4d6c001df824ab5c04e78fda33.jpg; Shrimp_631-2-_jpg.rf.7b4643e125c69c41538dc5a7e380ddce.jpg; Shrimp_631-3-_jpg.rf.73f644dc21df23721b153924457ca3d5.jpg
ewu,shrimp::632,3,train,632,Shrimp,0,0,Shrimp_632-1-_jpg.rf.b0af1a2db3862b30ec0e09504c1f719f.jpg; Shrimp_632-2-_jpg.rf.b602de57016c318d28b06a9953414dec.jpg; Shrimp_632-3-_jpg.rf.c8f2b71ada50e0e028880c84255228b9.jpg
ewu,shrimp::633,3,train,633,Shrimp,0,0,Shrimp_633-1-_jpg.rf.12bf35b016cbae03a244e6306827b0c3.jpg; Shrimp_633-2-_jpg.rf.37c7ecfd2139efda014f0d59fab7d216.jpg; Shrimp_633-3-_jpg.rf.105d2798ad23830a8889f62a2bc540a4.jpg
ewu,shrimp::634,3,train,634,Shrimp,0,0,Shrimp_634-1-_jpg.rf.f53e3f193906c6b8d0232c9899a0f6a1.jpg; Shrimp_634-2-_jpg.rf.b45990ac1aa0dfcf07c15529f261a671.jpg; Shrimp_634-3-_jpg.rf.77853b92df308676f52be9f865a6da20.jpg
ewu,shrimp::635,3,train,635,Shrimp,0,0,Shrimp_635-1-_jpg.rf.0802c26ce987f2292a551d03f0b71ed1.jpg; Shrimp_635-2-_jpg.rf.911f8ca9283610af2c5e71dadc97ffaf.jpg; Shrimp_635-3-_jpg.rf.ff523101391163f155a2bc87a613dc2c.jpg
ewu,shrimp::636,3,train,636,Shrimp,0,0,Shrimp_636-1-_jpg.rf.6e2c59b7ab4f84d5458edbc81e4fdd1e.jpg; Shrimp_636-2-_jpg.rf.9cafafe35f29e3112dea4cf7a9932b04.jpg; Shrimp_636-3-_jpg.rf.a719c5221de5d68a79212411b5f233f1.jpg
ewu,shrimp::637,3,train,637,Shrimp,0,0,Shrimp_637-1-_jpg.rf.9b1336d1ffe499c8ce9d48131dfe110d.jpg; Shrimp_637-2-_jpg.rf.20d5642e2e28aedc6ab297090e85c82c.jpg; Shrimp_637-3-_jpg.rf.d61895730c488190910aee3d69aad165.jpg
ewu,shrimp::638,3,train,638,Shrimp,0,0,Shrimp_638-1-_jpg.rf.61306548323522f8f0849af3df6d1c13.jpg; Shrimp_638-2-_jpg.rf.ca37372e28246fa95c5e94bf8a8f78ce.jpg; Shrimp_638-3-_jpg.rf.ab61a3ce56e19f347944465e90ffebbb.jpg
ewu,shrimp::639,3,train,639,Shrimp,0,0,Shrimp_639-1-_jpg.rf.b708974dd06d0140f857f78746c6e547.jpg; Shrimp_639-2-_jpg.rf.328208fdd46744790253930f5a997a72.jpg; Shrimp_639-3-_jpg.rf.574d46c6e7fa5385851612da4eac2c8d.jpg
ewu,shrimp::640,3,train,640,Shrimp,0,0,Shrimp_640-1-_jpg.rf.216f36e46a7ab2ca97966ae94f1c97f1.jpg; Shrimp_640-2-_jpg.rf.65f97dc59d7e68f8a181f9cd4f4c1541.jpg; Shrimp_640-3-_jpg.rf.9b79c3b895317d404ef44a6a0938a391.jpg
ewu,shrimp::641,3,train,641,Shrimp,0,0,Shrimp_641-1-_jpg.rf.dbf034065275ca464e6e45644eea314e.jpg; Shrimp_641-2-_jpg.rf.1d28106273cee0ff54674bb395da1983.jpg; Shrimp_641-3-_jpg.rf.09d1ffa26d7cf47da2d8f353740bf4e1.jpg
ewu,shrimp::642,3,train,642,Shrimp,0,0,Shrimp_642-1-_jpg.rf.40610e8bb327601e0f3f3eaa236c236a.jpg; Shrimp_642-2-_jpg.rf.d44c7e968488dec119510643a491f360.jpg; Shrimp_642-3-_jpg.rf.809e36930a89b19638991948b348c493.jpg
ewu,shrimp::643,3,train,643,Shrimp,0,0,Shrimp_643-1-_jpg.rf.e81d5625aac5a5be432680fa6bf3ca9f.jpg; Shrimp_643-2-_jpg.rf.e335d9f4965d8a059448fc24dd3ef6e4.jpg; Shrimp_643-3-_jpg.rf.a8ba396047c56e1fd684756614ebdc30.jpg
ewu,shrimp::644,3,train,644,Shrimp,0,0,Shrimp_644-1-_jpg.rf.c3c7ba7e16f41e6a51d7d84deb4c2d82.jpg; Shrimp_644-2-_jpg.rf.4e30e92ba7dada7ef1c0823b09c2b8e6.jpg; Shrimp_644-3-_jpg.rf.0ef1391e55063db525db1f34738406ab.jpg
ewu,shrimp::645,3,train,645,Shrimp,0,0,Shrimp_645-1-_jpg.rf.a501c4fd72f46ab83aa093ba9a512612.jpg; Shrimp_645-2-_jpg.rf.ed8ebc08c0d79e35bdb63134c5bd1691.jpg; Shrimp_645-3-_jpg.rf.82530e86c354aa23c22995e487cbf4f0.jpg
ewu,shrimp::646,3,train,646,Shrimp,0,0,Shrimp_646-1-_jpg.rf.a50071d670c060c6bcb5f3c5f72098cd.jpg; Shrimp_646-2-_jpg.rf.a99bc200f5c926ce054b5a982cff4b5e.jpg; Shrimp_646-3-_jpg.rf.176ab04e5fbaf9a9aba67151e6ef701c.jpg
ewu,shrimp::647,3,train,647,Shrimp,0,0,Shrimp_647-1-_jpg.rf.0c80e24c46020d76f8ae3b4c7f25805e.jpg; Shrimp_647-2-_jpg.rf.5ff90a74c8a3a3ebd187f470dd89b6fd.jpg; Shrimp_647-3-_jpg.rf.334ab1dd680fec09ca21be39a88e9f3c.jpg
ewu,shrimp::648,3,train,648,Shrimp,0,0,Shrimp_648-1-_jpg.rf.f911302bdb5255982a20cfb7a2a7a429.jpg; Shrimp_648-2-_jpg.rf.87ec02a2a57c3686e948fc2a05646617.jpg; Shrimp_648-3-_jpg.rf.b9b6491d506d38b1f7477e1e582fc5cb.jpg
ewu,shrimp::649,3,train,649,Shrimp,0,0,Shrimp_649-1-_jpg.rf.ddb3f58648509e1412d88f84f45ce0f5.jpg; Shrimp_649-2-_jpg.rf.b0153ebfb930e1fe02602dc699dc26cf.jpg; Shrimp_649-3-_jpg.rf.401ff3ac183b8a28fc90afb2d2e4ae59.jpg
ewu,shrimp::650,3,train,650,Shrimp,0,0,Shrimp_650-1-_jpg.rf.72f4fb40fd4b77769ce8734a7c3d4b67.jpg; Shrimp_650-2-_jpg.rf.2ec0fcb24ab6cca4abacb42bf7bbf135.jpg; Shrimp_650-3-_jpg.rf.65777f7a28187f159430c400fb494630.jpg
ewu,shrimp::651,3,train,651,Shrimp,0,0,Shrimp_651-1-_jpg.rf.e49881f5e3eefb31609604c7d3073461.jpg; Shrimp_651-2-_jpg.rf.04cc14b9bf4b509cd812ca8960525885.jpg; Shrimp_651-3-_jpg.rf.76cee7affdf914a22b742b38f4d4a880.jpg
ewu,shrimp::652,3,train,652,Shrimp,0,0,Shrimp_652-1-_jpg.rf.22b1d7acac8631a0bd20f356590fb3e8.jpg; Shrimp_652-2-_jpg.rf.23560f82d80e27a992a94b9b5f92b666.jpg; Shrimp_652-3-_jpg.rf.f24246a58e2d5dfd271406abc4cef4d5.jpg
ewu,shrimp::654,3,train,654,Shrimp,3,0,Shrimp_654-1-_jpg.rf.69dd46ea948895c556720091ba852321.jpg; Shrimp_654-2-_jpg.rf.5e70d5a2f5ed41685b725b802c7b0cd5.jpg; Shrimp_654-3-_jpg.rf.defcc25a211c6a1f19d85934e7b1642c.jpg
ewu,shrimp::655,3,train,655,Shrimp,8,0,Shrimp_655-1-_jpg.rf.365add41f17d4b59b76144067d886d54.jpg; Shrimp_655-2-_jpg.rf.14eb45650db5d2599cb6e9a692ab83bb.jpg; Shrimp_655-3-_jpg.rf.a92488952b5eae26ce897b689fb27cf6.jpg
ewu,shrimp::656,3,train,656,Shrimp,3,0,Shrimp_656-1-_jpg.rf.acb376ad26cf1199535b4f02a8396718.jpg; Shrimp_656-2-_jpg.rf.88f3b4ec56646104df7da9e8903f2387.jpg; Shrimp_656-3-_jpg.rf.30a06712774d6be8a56bb9e3f2804e58.jpg
ewu,shrimp::657,3,train,657,Shrimp,8,0,Shrimp_657-1-_jpg.rf.e3e624762fa16e39d59dae05899f5625.jpg; Shrimp_657-2-_jpg.rf.709864ad5407792d51d8eb94448591f5.jpg; Shrimp_657-3-_jpg.rf.f1acc6d285bba040264881e81439b619.jpg
ewu,shrimp::658,3,train,658,Shrimp,11,0,Shrimp_658-1-_jpg.rf.e36952c34fe9e422ef71cd1bb246a2ad.jpg; Shrimp_658-2-_jpg.rf.b00a98a843b47247eb50f53adeacfb89.jpg; Shrimp_658-3-_jpg.rf.2e44a9c6b73bee116f92618451d51fff.jpg
ewu,shrimp::659,3,train,659,Shrimp,3,0,Shrimp_659-1-_jpg.rf.80449b8a0b5065dabc3894e7b2a3611e.jpg; Shrimp_659-2-_jpg.rf.c66c543fd7027c9adbd1ad01e578915d.jpg; Shrimp_659-3-_jpg.rf.480a2fb62b1dd7f489519da6c4b105dd.jpg
ewu,shrimp::660,3,train,660,Shrimp,8,0,Shrimp_660-1-_jpg.rf.e3857052a5866e58ea7c59cbcffdbba2.jpg; Shrimp_660-2-_jpg.rf.424c0d0c539b53e75b673cb018d7789e.jpg; Shrimp_660-3-_jpg.rf.8ea3c5d78bbc37adc10d4489aa610f32.jpg
ewu,shrimp::661,3,train,661,Shrimp,3,0,Shrimp_661-1-_jpg.rf.4281ebfb5b6e27bd700c2f1ca4f326cf.jpg; Shrimp_661-2-_jpg.rf.cd5e20c7f1699f4537d68d327b570c1f.jpg; Shrimp_661-3-_jpg.rf.63d30bf0bbb766a59efe702c518d4852.jpg
ewu,shrimp::662,3,train,662,Shrimp,3,0,Shrimp_662-1-_jpg.rf.88fdd8789b16a6c653ffa3a5343bcdac.jpg; Shrimp_662-2-_jpg.rf.4d0ee165796b632c284bba44537739b2.jpg; Shrimp_662-3-_jpg.rf.556617139037fecbc4439367f41a636d.jpg
ewu,shrimp::663,3,train,663,Shrimp,3,0,Shrimp_663-1-_jpg.rf.1037f8bd2cff72b42d4826c5b8b9cd09.jpg; Shrimp_663-2-_jpg.rf.03280d842327609ea4f5de250dafe3ed.jpg; Shrimp_663-3-_jpg.rf.c128f3b976fd0c7ab8e79745d8a99b2d.jpg
ewu,shrimp::664,3,train,664,Shrimp,0,0,Shrimp_664-1-_jpg.rf.cb176c60b3d28e6f959200ac2d587bb4.jpg; Shrimp_664-2-_jpg.rf.5d485cb046212d16973e6ae885ff37f2.jpg; Shrimp_664-3-_jpg.rf.3a19d76dcfe4f4b45a5807c305ac1979.jpg
ewu,shrimp::665,3,train,665,Shrimp,5,0,Shrimp_665-1-_jpg.rf.89a10c9ef1925334cdf5dc3907650035.jpg; Shrimp_665-2-_jpg.rf.d211ec31f36d340c66344b50e2331083.jpg; Shrimp_665-3-_jpg.rf.db2bf5f854cb6245b95714bf3a44ed54.jpg
ewu,shrimp::666,3,train,666,Shrimp,3,0,Shrimp_666-1-_jpg.rf.4b23032aadd3986d1934b588e992f34c.jpg; Shrimp_666-2-_jpg.rf.07669a8cfaa5669fbb7e6984f4b59ef1.jpg; Shrimp_666-3-_jpg.rf.e403e31fcd8be0b25c06ec771d5356cd.jpg
ewu,shrimp::667,3,train,667,Shrimp,3,0,Shrimp_667-1-_jpg.rf.50100def6b9e815631ee86749a59a610.jpg; Shrimp_667-2-_jpg.rf.fab01a1c3d7f326ff469d9adf48a7246.jpg; Shrimp_667-3-_jpg.rf.e3101d1eb8bfd1f69a89a0c517c7cdfe.jpg
ewu,shrimp::669,3,train,669,Shrimp,0,0,Shrimp_669-1-_jpg.rf.764072f74207d748b85911a9be2a8b76.jpg; Shrimp_669-2-_jpg.rf.23d321a35fbd512935d67b0d6f6e2282.jpg; Shrimp_669-3-_jpg.rf.b84511fd56fdf73d9ac711c947904a57.jpg
ewu,shrimp::670,3,train,670,Shrimp,5,0,Shrimp_670-1-_jpg.rf.e3dde1c3efdbaa50e791d8722f01724d.jpg; Shrimp_670-2-_jpg.rf.d0076d07294882c26e9c0a7f8a834bb3.jpg; Shrimp_670-3-_jpg.rf.8c988c71c8679dafe4548ce84a3e7cda.jpg
ewu,shrimp::671,3,train,671,Shrimp,6,0,Shrimp_671-1-_jpg.rf.4355ac8a8b0e5de238c7e38fc1af2674.jpg; Shrimp_671-2-_jpg.rf.115d7ec97c28fb392864496e5328ef29.jpg; Shrimp_671-3-_jpg.rf.113e7b1a37fc0481566816ba8aa9c362.jpg
ewu,shrimp::672,3,train,672,Shrimp,3,0,Shrimp_672-1-_jpg.rf.374ca6804cdbc9894f744a16c26ed092.jpg; Shrimp_672-2-_jpg.rf.70a16c195fa2b65f88e36bb5a512b64c.jpg; Shrimp_672-3-_jpg.rf.0823bc549770a6340ad83bceb2e40479.jpg
ewu,shrimp::673,3,train,673,Shrimp,8,0,Shrimp_673-1-_jpg.rf.70b1ca758fbd9b89a132087b6aad71b3.jpg; Shrimp_673-2-_jpg.rf.07b0d37f82440ce0e8b649513144c69a.jpg; Shrimp_673-3-_jpg.rf.6f1c427bd2b91a8c1849e85cf1afd14e.jpg
ewu,shrimp::675,3,train,675,Shrimp,7,0,Shrimp_675-1-_jpg.rf.e0aea75d3962863e6722a7d6a5a15768.jpg; Shrimp_675-2-_jpg.rf.179744bb16a34418139df96991fa96fa.jpg; Shrimp_675-3-_jpg.rf.1b7630efb1c927ca07f6f4bbf8724c86.jpg
ewu,shrimp::677,3,train,677,Shrimp,4,0,Shrimp_677-1-_jpg.rf.3f197ce29fe453887681d60362aac5c6.jpg; Shrimp_677-2-_jpg.rf.705506b82f5e191513d3fedcca4a24e4.jpg; Shrimp_677-3-_jpg.rf.f73e638e1f7f695413c2a9cd2ac4fd3e.jpg
ewu,shrimp::678,3,train,678,Shrimp,5,0,Shrimp_678-1-_jpg.rf.06d3265c3d7edac55e1ea95e3fe1391b.jpg; Shrimp_678-2-_jpg.rf.f4b8f4d2a6c4c7f7b84e3bb979c574ba.jpg; Shrimp_678-3-_jpg.rf.377984de7c2562f1a990c76012f26aa9.jpg
ewu,shrimp::679,3,train,679,Shrimp,5,0,Shrimp_679-1-_jpg.rf.8c67a6094d3bbe12ed246d5c67ac2a66.jpg; Shrimp_679-2-_jpg.rf.29d5746b7b2ea1a663ef4741f3f0fa7a.jpg; Shrimp_679-3-_jpg.rf.fb4dea519413d5d11e808bb0a643e774.jpg
ewu,shrimp::681,3,train,681,Shrimp,6,0,Shrimp_681-1-_jpg.rf.0d0a2bd69aafc0201f3a422473e31182.jpg; Shrimp_681-2-_jpg.rf.4ca3afb7e8e1fe5a6d28c84561d56e80.jpg; Shrimp_681-3-_jpg.rf.0faaecd5811157a91cde1fadbd69ee92.jpg
ewu,shrimp::682,3,train,682,Shrimp,5,0,Shrimp_682-1-_jpg.rf.5491f11ffb7876579ab72b6bd40c4039.jpg; Shrimp_682-2-_jpg.rf.8324c70eda201f261fad56e3c22ebf0f.jpg; Shrimp_682-3-_jpg.rf.acd5945c644ac82829449e620013efb1.jpg
ewu,shrimp::684,3,train,684,Shrimp,4,0,Shrimp_684-1-_jpg.rf.75fe23ab6709f405720c45510638fd44.jpg; Shrimp_684-2-_jpg.rf.d1baa3c130589843f00a2173f48c727d.jpg; Shrimp_684-3-_jpg.rf.d89b89cb9fa9be48ec00c9e96751d098.jpg
ewu,shrimp::685,3,train,685,Shrimp,6,0,Shrimp_685-1-_jpg.rf.e62a9165ae80e525de2e2b438ce22960.jpg; Shrimp_685-2-_jpg.rf.0eb67cc836d75acf0583e4a70e3175fe.jpg; Shrimp_685-3-_jpg.rf.38d0c23dfb714d958370abd6064011e0.jpg
ewu,shrimp::686,3,train,686,Shrimp,3,0,Shrimp_686-1-_jpg.rf.d502a1e75c9abe7c6228b19c03d7e02f.jpg; Shrimp_686-2-_jpg.rf.3b9e9ec250d0a72332a781d86f307b37.jpg; Shrimp_686-3-_jpg.rf.ad488d4631bf83d2c8252466e9de2646.jpg
ewu,shrimp::687,3,train,687,Shrimp,0,0,Shrimp_687-1-_jpg.rf.9284db183923b14933ff06d1527a0914.jpg; Shrimp_687-2-_jpg.rf.b026adea3361c2e57b5420c3f1430941.jpg; Shrimp_687-3-_jpg.rf.3151278a1c5de725b1b25f14b4f0b5af.jpg
ewu,shrimp::689,3,train,689,Shrimp,6,0,Shrimp_689-1-_jpg.rf.9037a9ec869e7168ad69888f9028935f.jpg; Shrimp_689-2-_jpg.rf.7ceb5b9da18a6ff90200ed0086f75934.jpg; Shrimp_689-3-_jpg.rf.ba3ad6ba6e7ba58b1f41f140188bdfff.jpg
ewu,shrimp::690,3,train,690,Shrimp,3,0,Shrimp_690-1-_jpg.rf.001229ccaea33a446268ad8f4f30e582.jpg; Shrimp_690-2-_jpg.rf.6fd295d936d88c69101dc5aa87ae5953.jpg; Shrimp_690-3-_jpg.rf.7c625d2b6703788ce3e27e3ee5282a6d.jpg
ewu,shrimp::691,3,train,691,Shrimp,8,0,Shrimp_691-1-_jpg.rf.fe33532cdfa5471e5157c86ed0b3002d.jpg; Shrimp_691-2-_jpg.rf.4ba00499920f7cf7fe52cdc85244ad9c.jpg; Shrimp_691-3-_jpg.rf.77db5fdf1711c5f02db7a96cb8f9ac56.jpg
ewu,shrimp::693,3,train,693,Shrimp,4,0,Shrimp_693-1-_jpg.rf.a69deb3129ec01ed19b83a59aa3b588f.jpg; Shrimp_693-2-_jpg.rf.ace96b6a737d0664ed6610facc0fbe24.jpg; Shrimp_693-3-_jpg.rf.fbecb2990584b0ebc025deef4f522a0e.jpg
ewu,shrimp::694,3,train,694,Shrimp,3,0,Shrimp_694-1-_jpg.rf.662efcddbb239062298609e136bd968e.jpg; Shrimp_694-2-_jpg.rf.4dc9fb81eccfb3ac985b917a106a48c0.jpg; Shrimp_694-3-_jpg.rf.e3a7f86d4d81e96ebeb104dd9963e838.jpg
ewu,shrimp::695,3,train,695,Shrimp,7,0,Shrimp_695-1-_jpg.rf.62f8b58d6fc13cd0d358264693adaac8.jpg; Shrimp_695-2-_jpg.rf.88e38b3272cd91003e633ab60f44b973.jpg; Shrimp_695-3-_jpg.rf.941c7bf309b7afcd4fdd570e02580058.jpg
ewu,shrimp::699,3,train,699,Shrimp,0,0,Shrimp_699-1-_jpg.rf.1370eeca1d1d09b30a9f30b30384849f.jpg; Shrimp_699-2-_jpg.rf.46ae55f307b75fb8ff702907926f5773.jpg; Shrimp_699-3-_jpg.rf.1f015987c0ade8ca7cecf01e5bf74928.jpg
ewu,shrimp::700,3,train,700,Shrimp,3,0,Shrimp_700-1-_jpg.rf.e42e8a57d39670ea55f3fee1325ccf87.jpg; Shrimp_700-2-_jpg.rf.2e7fa18832744b9edcdb30388d626c56.jpg; Shrimp_700-3-_jpg.rf.0b59a0bb0ca6f8f67e1b9f109badc8d4.jpg
ewu,shrimp::701,3,train,701,Shrimp,8,0,Shrimp_701-1-_jpg.rf.a49b6f7294382bdf9852624aff7772ff.jpg; Shrimp_701-2-_jpg.rf.12289137678e8da8b10cfcb588969efc.jpg; Shrimp_701-3-_jpg.rf.1b3698b9de36adee5b88996919512a20.jpg
ewu,shrimp::702,3,train,702,Shrimp,5,0,Shrimp_702-1-_jpg.rf.37cda57e12808f770d9f4fa21d73fe96.jpg; Shrimp_702-2-_jpg.rf.1818711208662659506f86803e258a17.jpg; Shrimp_702-3-_jpg.rf.a04d8c7f62aeb57f7eea2772b4cc0ab0.jpg
ewu,shrimp::703,3,train,703,Shrimp,0,0,Shrimp_703-1-_jpg.rf.d32147f5ba4ca3c21bdd202a74fbbfd1.jpg; Shrimp_703-2-_jpg.rf.b8ed336f6a2e5ed8d63369bc8d381932.jpg; Shrimp_703-3-_jpg.rf.1a5b3cd84dc056d0e696fff4d04ea151.jpg
ewu,shrimp::704,3,train,704,Shrimp,6,0,Shrimp_704-1-_jpg.rf.90f56bab9194079cacc617aa28a1c420.jpg; Shrimp_704-2-_jpg.rf.f43eb0707b90f5cef9e41acac70954d8.jpg; Shrimp_704-3-_jpg.rf.01ef83c143d7cf88b8c7692a31f89dc0.jpg
ewu,shrimp::705,3,train,705,Shrimp,4,0,Shrimp_705-1-_jpg.rf.45a7d41a1ac4ef52cd8f591bc2524e6c.jpg; Shrimp_705-2-_jpg.rf.c6f2641c8053ebb35a427e1008aa06e0.jpg; Shrimp_705-3-_jpg.rf.05757095dd104e833db4b3cc98b32cad.jpg
ewu,shrimp::709,3,train,709,Shrimp,0,0,Shrimp_709-1-_jpg.rf.63367c082e666d5e1bc5b7afb6190532.jpg; Shrimp_709-2-_jpg.rf.704e2d4c0c475228c060f04712644f61.jpg; Shrimp_709-3-_jpg.rf.f8765a3c6794d6f2279c6e992d74364f.jpg
ewu,shrimp::710,3,train,710,Shrimp,4,0,Shrimp_710-1-_jpg.rf.9d4b87540b45f16e23d004b11f205853.jpg; Shrimp_710-2-_jpg.rf.2a9980af4b7bcb2128d126e27c7a2e9f.jpg; Shrimp_710-3-_jpg.rf.21e25d33ff8c18fc5b0179ade60d10b7.jpg
ewu,shrimp::711,3,train,711,Shrimp,5,0,Shrimp_711-1-_jpg.rf.44d13db11392eeaec43e64f76e283c85.jpg; Shrimp_711-2-_jpg.rf.6ae47a2c10a453f4870c30cc93ad3735.jpg; Shrimp_711-3-_jpg.rf.d49b283f7b13faca14a42dc116b9a520.jpg
ewu,shrimp::714,3,train,714,Shrimp,4,0,Shrimp_714-1-_jpg.rf.7a31e581da93134ddaa8c58ce014a4ed.jpg; Shrimp_714-2-_jpg.rf.9e5f5382c86f8e85435251e8d4603705.jpg; Shrimp_714-3-_jpg.rf.d204e06d936b9e7cd7a9152017d85751.jpg
ewu,shrimp::715,3,train,715,Shrimp,7,0,Shrimp_715-1-_jpg.rf.4525aaa843e271f107815ee77227226f.jpg; Shrimp_715-2-_jpg.rf.dcc1780ae8b6ae14801dbdd33eba2941.jpg; Shrimp_715-3-_jpg.rf.0dde2aaf33c26dd021ef3c66a4efff1a.jpg
ewu,shrimp::716,3,train,716,Shrimp,5,0,Shrimp_716-1-_jpg.rf.f21382e6b5f39463ff04987f3ef62039.jpg; Shrimp_716-2-_jpg.rf.6411bdd3dc83e73319aff1793f2682ec.jpg; Shrimp_716-3-_jpg.rf.58202beb3b7fc106487c223bbe453261.jpg
ewu,shrimp::717,3,train,717,Shrimp,0,0,Shrimp_717-1-_jpg.rf.9adfa6443746f44a77a3e0a67c15d624.jpg; Shrimp_717-2-_jpg.rf.c6fd91438940c8a2dc2205d0197050fe.jpg; Shrimp_717-3-_jpg.rf.48b3f28cd8511da9e424b22673d3a7fa.jpg
ewu,shrimp::718,3,train,718,Shrimp,3,0,Shrimp_718-1-_jpg.rf.05bd831356b49192f839d44fb5ae3593.jpg; Shrimp_718-2-_jpg.rf.434d135ddf47b163d050bff6fc835395.jpg; Shrimp_718-3-_jpg.rf.397d6fa2bea7ba6f479bdaa1e30f533e.jpg
ewu,shrimp::719,3,train,719,Shrimp,5,0,Shrimp_719-1-_jpg.rf.ed3e5c943ae4d9186b7bc3fad715968b.jpg; Shrimp_719-2-_jpg.rf.fb7b2508b219d4b5cb91c14d6f51268b.jpg; Shrimp_719-3-_jpg.rf.c9dddf98da1dacc15c81a8924d92002a.jpg
ewu,shrimp::720,3,train,720,Shrimp,5,0,Shrimp_720-1-_jpg.rf.af358d2f6c9a71f72d300d20a0d2962f.jpg; Shrimp_720-2-_jpg.rf.a7a8f81460b5e9e070ca47988f3771d9.jpg; Shrimp_720-3-_jpg.rf.7ec059cee6ea95cdebea52c36886008a.jpg
ewu,shrimp::721,3,train,721,Shrimp,3,0,Shrimp_721-1-_jpg.rf.5c3c79cc42141a88a3410521209a09cd.jpg; Shrimp_721-2-_jpg.rf.71601ac8dd32f37c04f156f78a4931d5.jpg; Shrimp_721-3-_jpg.rf.9144561a778c328edb9859f2fe7867b7.jpg
ewu,shrimp::722,3,train,722,Shrimp,3,0,Shrimp_722-1-_jpg.rf.740878d84b06c4c545a04f84cfdc455b.jpg; Shrimp_722-2-_jpg.rf.4d7412ca5ff5226848e3bafa3ee7cdc0.jpg; Shrimp_722-3-_jpg.rf.fadcb2b6614de74232c5efb1b2823c1f.jpg
ewu,shrimp::723,3,train,723,Shrimp,5,0,Shrimp_723-1-_jpg.rf.4037882b0ddf23a0a6da6ccaccd0fa04.jpg; Shrimp_723-2-_jpg.rf.8f971257d3a5b73e1548ee6b9d74c279.jpg; Shrimp_723-3-_jpg.rf.3a6ba9053215f76e4e70aa946f6a5d3f.jpg
ewu,shrimp::724,3,train,724,Shrimp,4,0,Shrimp_724-1-_jpg.rf.0063b9781a6dd66616a03c7bc3a2f0ea.jpg; Shrimp_724-2-_jpg.rf.cfe0142b9cfe618cd2f42e259da95852.jpg; Shrimp_724-3-_jpg.rf.1eed423509d2e7d6bf2cf47bd26f89eb.jpg
ewu,shrimp::725,3,train,725,Shrimp,4,0,Shrimp_725-1-_jpg.rf.45f31964aee73744ad786c83ab6f0f91.jpg; Shrimp_725-2-_jpg.rf.e5a8f3d87b88db951c777e9327a0bc11.jpg; Shrimp_725-3-_jpg.rf.55eaabbc598097d2a11e55254074023b.jpg
ewu,shrimp::727,3,train,727,Shrimp,3,0,Shrimp_727-1-_jpg.rf.6d7658080bf854290e0f212524d3414c.jpg; Shrimp_727-2-_jpg.rf.f6228c891778266ef7cc61b215970901.jpg; Shrimp_727-3-_jpg.rf.35cffd756ebbacea49ffbc1918f43699.jpg
ewu,shrimp::729,3,train,729,Shrimp,5,0,Shrimp_729-1-_jpg.rf.5340258ecae5dc74f2271eaf939ecbf5.jpg; Shrimp_729-2-_jpg.rf.bae7bfdd0093b34e087a3df779083c5c.jpg; Shrimp_729-3-_jpg.rf.400bd49094c0f502abf6a0cea3c5ffdc.jpg
ewu,shrimp::730,3,train,730,Shrimp,4,0,Shrimp_730-1-_jpg.rf.ba8008932ab76e7f3339675218e9cb3b.jpg; Shrimp_730-2-_jpg.rf.82f06ad513db25633a989ba356704706.jpg; Shrimp_730-3-_jpg.rf.cd5bcee1fd82a9ae75ed2e12d5a1e1b6.jpg
ewu,shrimp::731,3,train,731,Shrimp,4,0,Shrimp_731-1-_jpg.rf.6a5bf73632e5b98cfbfd4bb5c75b6dd3.jpg; Shrimp_731-2-_jpg.rf.a1dddcc4a3a5a42b2ef756cf6260ea18.jpg; Shrimp_731-3-_jpg.rf.76899eaf118281da7f58882044309ba6.jpg
ewu,shrimp::732,3,train,732,Shrimp,3,0,Shrimp_732-1-_jpg.rf.d2275656231324e11e2473a65e7a4821.jpg; Shrimp_732-2-_jpg.rf.1ecb66134385f66b15f38f6471727aa8.jpg; Shrimp_732-3-_jpg.rf.9f1b246d2e69e00e9cb8ef019a9c7830.jpg
ewu,shrimp::733,3,train,733,Shrimp,5,0,Shrimp_733-1-_jpg.rf.058c3de86b4bf3ddbf964d164aedf4aa.jpg; Shrimp_733-2-_jpg.rf.54daaf3170b56cf7d578927aa1b8da17.jpg; Shrimp_733-3-_jpg.rf.0964a69737dbe9340f9db528fadc97ff.jpg
ewu,shrimp::329,2,train,329,Shrimp,6,0,Shrimp_329-1-_jpg.rf.e85d1b2062c5f1047165a30f0d9265b9.jpg; Shrimp_329-2-_jpg.rf.70b309aa90ebf560767c14ba5e5fda93.jpg
ewu,shrimp::345,2,train,345,Shrimp,10,0,Shrimp_345-1-_jpg.rf.bf9cd61926570b5b767da2a28f53333a.jpg; Shrimp_345-2-_jpg.rf.7a149bede88ba9ecbc4e4054795c3b2b.jpg
ewu,shrimp::350,2,train,350,Shrimp,3,0,Shrimp_350-1-_jpg.rf.1634ab8911ba23ce58a4e539a358aba5.jpg; Shrimp_350-2-_jpg.rf.ce7aae868c5fa090affc5d6b22038f9a.jpg
ewu,shrimp::353,2,train,353,Shrimp,3,0,Shrimp_353-1-_jpg.rf.92b10e2a551af29639a139f1c0ae99a0.jpg; Shrimp_353-2-_jpg.rf.01077971bc881cf16bd650c769e76dbc.jpg
ewu,shrimp::373,2,train,373,Shrimp,6,0,Shrimp_373-1-_jpg.rf.4652ecc5a0e0854a273aabfcf390c1ec.jpg; Shrimp_373-2-_jpg.rf.4cef9230132c1c06d26cd5b993d53226.jpg
ewu,shrimp::375,2,train,375,Shrimp,5,0,Shrimp_375-1-_jpg.rf.0a1de3fc9ce1b61d872ed32ca95fb92a.jpg; Shrimp_375-2-_jpg.rf.b0baffa390eba3883e809af57c3e0ca4.jpg
ewu,shrimp::378,2,train,378,Shrimp,4,0,Shrimp_378-1-_jpg.rf.bb0b46defdc29eed498a3272d8058c65.jpg; Shrimp_378-2-_jpg.rf.6d810a24ebd70806c81e0eb6505651ba.jpg
ewu,shrimp::391,2,train,391,Shrimp,6,0,Shrimp_391-1-_jpg.rf.6d6aac2b14033bb3b42652a27a4de818.jpg; Shrimp_391-2-_jpg.rf.f063f326cf1ef7410c395abd27f85949.jpg
ewu,shrimp::394,2,train,394,Shrimp,4,0,Shrimp_394-1-_jpg.rf.cf05cc50f7dda6be2ba367133d63d56d.jpg; Shrimp_394-2-_jpg.rf.8af862d64f95e928ca351fb32bbbf370.jpg
ewu,shrimp::397,2,train,397,Shrimp,3,0,Shrimp_397-1-_jpg.rf.108d03c34905e10ac746b0e000610e39.jpg; Shrimp_397-2-_jpg.rf.b6d4b790315577d7e4adff715b37fd82.jpg
ewu,shrimp::398,2,train,398,Shrimp,4,0,Shrimp_398-1-_jpg.rf.f79fad2bdb3ef0cc9c3cf5b85ea6135e.jpg; Shrimp_398-2-_jpg.rf.8eb34b6185ee4c51be8123ce446bd00f.jpg
ewu,shrimp::401,2,train,401,Shrimp,4,0,Shrimp_401-1-_jpg.rf.d4eef9e00d4cdd70a6de2075d26a50e3.jpg; Shrimp_401-2-_jpg.rf.31104680a8d7f4bc9d0e10e4e517e0f8.jpg
ewu,shrimp::403,2,train,403,Shrimp,2,0,Shrimp_403-1-_jpg.rf.395a8bd3b6b8e947bb8c6496e2714910.jpg; Shrimp_403-2-_jpg.rf.ae3c6b2f0838c29256293b92058c0ba9.jpg
ewu,shrimp::404,2,train,404,Shrimp,3,0,Shrimp_404-1-_jpg.rf.467232056d16181dc3d392b60762e19b.jpg; Shrimp_404-2-_jpg.rf.e7cedba53be83b5daebd5ce9a1333951.jpg
ewu,shrimp::405,2,train,405,Shrimp,3,0,Shrimp_405-1-_jpg.rf.e04246d8d5bd7ef627c850e8a7ea77b0.jpg; Shrimp_405-2-_jpg.rf.7000245b2b25a91d619ae658b7963f3f.jpg
ewu,shrimp::406,2,train,406,Shrimp,3,0,Shrimp_406-1-_jpg.rf.44b009f3344597993d1c32787615ee9c.jpg; Shrimp_406-2-_jpg.rf.8060f6fc780b9f47d06cc69b7383935d.jpg
ewu,shrimp::417,2,train,417,Shrimp,6,0,Shrimp_417-1-_jpg.rf.411bde853d6b626df8bef002bde6cd16.jpg; Shrimp_417-2-_jpg.rf.a17f33672812e191eade047bf03099f1.jpg
ewu,shrimp::418,2,train,418,Shrimp,7,0,Shrimp_418-1-_jpg.rf.316502e976378ee103ad2fdf54a8f416.jpg; Shrimp_418-2-_jpg.rf.bde58d93ec10631a48c36c039e6ddd4e.jpg
ewu,shrimp::426,2,train,426,Shrimp,5,0,Shrimp_426-1-_jpg.rf.83b5c124d5ad9274f9b149a20c79ec4c.jpg; Shrimp_426-2-_jpg.rf.6ef0bcd93e4a1419f232c59b6cc25e31.jpg
ewu,shrimp::430,2,train,430,Shrimp,5,0,Shrimp_430-1-_jpg.rf.f8ef8428ac2ffd151fed84f02b3fd9c2.jpg; Shrimp_430-2-_jpg.rf.a7db491b7ccf53314af1580eed587a81.jpg
ewu,shrimp::433,2,train,433,Shrimp,4,0,Shrimp_433-1-_jpg.rf.56dd94a2bfd20c3a857953659e56855a.jpg; Shrimp_433-2-_jpg.rf.12d9e561054291027e4130d2787a86b4.jpg
ewu,shrimp::449,2,train,449,Shrimp,2,0,Shrimp_449-1-_jpg.rf.354fd252cadc85ef70b01e151564e166.jpg; Shrimp_449-2-_jpg.rf.f334eaafb661d9211770161e73fa93b9.jpg
ewu,shrimp::453,2,train,453,Shrimp,2,0,Shrimp_453-1-_jpg.rf.9a34873d5210927a7beeda61050f0f32.jpg; Shrimp_453-2-_jpg.rf.d5cc8b5b860f0f3eeed7adae8c3f1de7.jpg
ewu,shrimp::454,2,train,454,Shrimp,1,0,Shrimp_454-1-_jpg.rf.0949cc5f30d0ba789dfb5d4b02202b6f.jpg; Shrimp_454-2-_jpg.rf.e667eda3f5c39b7ee67c742b683bc1c8.jpg
ewu,shrimp::462,2,train,462,Shrimp,0,0,Shrimp_462-1-_jpg.rf.435e49994d6dd6459793562ec6b05c1c.jpg; Shrimp_462-2-_jpg.rf.af94b0c6e292a80b72b261f9ed77b39f.jpg
ewu,shrimp::466,2,train,466,Shrimp,2,0,Shrimp_466-1-_jpg.rf.fe6664cda95f37e99ef8e26347000f03.jpg; Shrimp_466-2-_jpg.rf.92e84434dcb8e47d29a2ebe6d992f84f.jpg
ewu,shrimp::480,2,train,480,Shrimp,0,0,Shrimp_480-1-_jpg.rf.b45a10695be1ab298f6cdbf7c2cf6d8f.jpg; Shrimp_480-2-_jpg.rf.7d1310504444311eed9e29df0210631d.jpg
ewu,shrimp::481,2,train,481,Shrimp,0,0,Shrimp_481-1-_jpg.rf.07410f90a0ae5230d965501ced7590ed.jpg; Shrimp_481-2-_jpg.rf.cf456f682ac46c75c3c04e16e1ce13f5.jpg
ewu,shrimp::495,2,train,495,Shrimp,0,0,Shrimp_495-1-_jpg.rf.8051fdb8ceff6d7dd2bca4f1e74b84f8.jpg; Shrimp_495-2-_jpg.rf.1e194e704485e88881d4f92bdf68c358.jpg
ewu,shrimp::498,2,train,498,Shrimp,0,0,Shrimp_498-1-_jpg.rf.89b5e7762cb452c40f7453edd2ba21fa.jpg; Shrimp_498-2-_jpg.rf.894f410b2a3407fd0af1396242de4901.jpg
ewu,shrimp::536,2,train,536,Shrimp,0,0,Shrimp_536-1-_jpg.rf.a05904ab66735ee70f107464462b795a.jpg; Shrimp_536-2-_jpg.rf.edfa7c80e0a205bb67288f1735bb946a.jpg
ewu,shrimp::563,2,train,563,Shrimp,0,0,Shrimp_563-1-_jpg.rf.13203cd656deb84f895212084668e471.jpg; Shrimp_563-2-_jpg.rf.7583ea19926e27a6c07e466b867db322.jpg
ewu,shrimp::564,2,train,564,Shrimp,0,0,Shrimp_564-1-_jpg.rf.9be0ac9d02c9ef554ec7b9fcbbc65301.jpg; Shrimp_564-2-_jpg.rf.ca22bfdca66d67a1a2a9e38dce304c0f.jpg
ewu,shrimp::578,2,train,578,Shrimp,0,0,Shrimp_578-1-_jpg.rf.9c5a4942cac080d3c1e680aae330657c.jpg; Shrimp_578-2-_jpg.rf.a20da4eb4339a256c3f0985115efce1d.jpg
ewu,shrimp::589,2,train,589,Shrimp,0,0,Shrimp_589-1-_jpg.rf.84e031a4650736ee3204a5db604e6ff7.jpg; Shrimp_589-2-_jpg.rf.0eb7d4e07ba321fd14543971258ee557.jpg
ewu,shrimp::606,2,train,606,Shrimp,0,0,Shrimp_606-1-_jpg.rf.be0299dc46411d1b859caa2b5296192d.jpg; Shrimp_606-2-_jpg.rf.08229167d7dd9013684eb77654faab3f.jpg
ewu,shrimp::614,2,train,614,Shrimp,0,0,Shrimp_614-1-_jpg.rf.52adcae3f11fe78c22d55d9c96819316.jpg; Shrimp_614-2-_jpg.rf.73f94689bd8bf0c726b58dca7612afb4.jpg
ewu,shrimp::653,2,train,653,Shrimp,0,0,Shrimp_653-1-_jpg.rf.f3aeeef6d7765873917336e3dfe9b815.jpg; Shrimp_653-2-_jpg.rf.e99aa276423ee9651de60b12a8b70f45.jpg
ewu,shrimp::668,2,train,668,Shrimp,0,0,Shrimp_668-1-_jpg.rf.79e716db09f066aa6fcd0b96351cc10e.jpg; Shrimp_668-2-_jpg.rf.87ab705b9897d82cdbb6cc4e1966dc75.jpg
ewu,shrimp::674,2,train,674,Shrimp,0,0,Shrimp_674-1-_jpg.rf.69e341bc27d9b1a58e533de2eeb9081c.jpg; Shrimp_674-2-_jpg.rf.58e11fe81aa2201b49a899a23aa5a56e.jpg
ewu,shrimp::680,2,train,680,Shrimp,4,0,Shrimp_680-1-_jpg.rf.a11309f91b68c3a33d8faee1687c8548.jpg; Shrimp_680-2-_jpg.rf.39f1636ea02ff8e13f717cd96407fd82.jpg
ewu,shrimp::683,2,train,683,Shrimp,3,0,Shrimp_683-1-_jpg.rf.05d1d28cf6087d4007a35c3290c5f485.jpg; Shrimp_683-2-_jpg.rf.e0c50a23b06922d0e37573ffafcff893.jpg
ewu,shrimp::688,2,train,688,Shrimp,4,0,Shrimp_688-1-_jpg.rf.3effb6c1760fe67969d514d8d839b125.jpg; Shrimp_688-2-_jpg.rf.b8f5ed6f7eb218e9660cc4defa188321.jpg
ewu,shrimp::692,2,train,692,Shrimp,2,0,Shrimp_692-1-_jpg.rf.29c3aef3e5e5abb18a1d5c64b333edc0.jpg; Shrimp_692-2-_jpg.rf.f40aa54a2a91aa7a972614e67e6ea2b1.jpg
ewu,shrimp::696,2,train,696,Shrimp,2,0,Shrimp_696-1-_jpg.rf.a27757c2d32521044b7c1a1c6f8fccd7.jpg; Shrimp_696-2-_jpg.rf.50a6f6db52f7f11feffcf55f902d24b7.jpg
ewu,shrimp::697,2,train,697,Shrimp,5,0,Shrimp_697-1-_jpg.rf.d136e0ed4d752203b784e2d3158d991a.jpg; Shrimp_697-2-_jpg.rf.663ad8d94c4b96bdcedf6ef0debd5179.jpg
ewu,shrimp::698,2,train,698,Shrimp,5,0,Shrimp_698-1-_jpg.rf.9ad90966eff7bc46d2afba2141ed0bb6.jpg; Shrimp_698-2-_jpg.rf.da2dc3f199768c53f3ea821d2ed8f796.jpg
ewu,shrimp::707,2,train,707,Shrimp,2,0,Shrimp_707-1-_jpg.rf.de69b3ad57316855a2d27d3830876029.jpg; Shrimp_707-2-_jpg.rf.d874d4896b26220a8eadf0488dd14abe.jpg
ewu,shrimp::712,2,train,712,Shrimp,3,0,Shrimp_712-1-_jpg.rf.b707c00d5f104606cefb14e318ee8d9d.jpg; Shrimp_712-2-_jpg.rf.0cbb25a6a4d657fee3fde972c6063da5.jpg
ewu,shrimp::728,2,train,728,Shrimp,2,0,Shrimp_728-1-_jpg.rf.0815cccaa4507b59cfa4e082613ec99f.jpg; Shrimp_728-2-_jpg.rf.f82067ae9350fd242de3b92a69881773.jpg
ewu,shrimp::734,2,train,734,Shrimp,2,0,Shrimp_734-1-_jpg.rf.9284f5080a8affda9c4f869b83c83356.jpg; Shrimp_734-2-_jpg.rf.c3b616fc8d4552be4e9fd18754df7f9e.jpg
ewu,shrimp::320,1,train,320,Shrimp,2,0,Shrimp_320_jpg.rf.d5bf1b1dc7cbb65c899e3a953da528c6.jpg
ewu,shrimp::399,1,train,399,Shrimp,2,0,Shrimp_399_jpg.rf.faaa7a978f86f6e635309606c1a7ca0d.jpg
ewu,shrimp::439,1,train,439,Shrimp,0,0,Shrimp_439_jpg.rf.d177c5a4e9aa6f94c3f36ca2ac6b87dd.jpg
ewu,shrimp::448,1,train,448,Shrimp,0,0,Shrimp_448_jpg.rf.db0e36c0447a0356e7bb4d5230fcd787.jpg
ewu,shrimp::450,1,train,450,Shrimp,1,0,Shrimp_450_jpg.rf.6db9fd3da814129d2166ecad08da549a.jpg
ewu,shrimp::451,1,train,451,Shrimp,0,0,Shrimp_451_jpg.rf.5b9a9dceee82428e57b76388d2cb2248.jpg
ewu,shrimp::452,1,train,452,Shrimp,1,0,Shrimp_452_jpg.rf.3798d3c8f30009781328e326b0b251e6.jpg
ewu,shrimp::460,1,train,460,Shrimp,0,0,Shrimp_460_jpg.rf.8716ca6bb36b31a4c86ef07fe2d6c4bb.jpg
ewu,shrimp::467,1,train,467,Shrimp,1,0,Shrimp_467_jpg.rf.3289f1c73f893a48ccca35268f5acf5d.jpg
ewu,shrimp::482,1,train,482,Shrimp,0,0,Shrimp_482-3-_jpg.rf.01df22ba9c1b8806ba17bb00841f763c.jpg
ewu,shrimp::492,1,train,492,Shrimp,0,0,Shrimp_492_jpg.rf.708f73ecc0e1f9c1a60bab70a51680da.jpg
ewu,shrimp::500,1,train,500,Shrimp,0,0,Shrimp_500_jpg.rf.f18f0f5cd17c3948b1dc880bf68df23f.jpg
ewu,shrimp::531,1,train,531,Shrimp,0,0,Shrimp_531_jpg.rf.5c21ff6c1efee80faad8362e9b741473.jpg
ewu,shrimp::532,1,train,532,Shrimp,0,0,Shrimp_532_jpg.rf.d6b5a4e06af75b21399423af6cb59428.jpg
ewu,shrimp::533,1,train,533,Shrimp,0,0,Shrimp_533_jpg.rf.81762be7f2c740200568dca0a33ac4d4.jpg
ewu,shrimp::534,1,train,534,Shrimp,0,0,Shrimp_534_jpg.rf.e50c2cba5f78d0680955287377067293.jpg
ewu,shrimp::540,1,train,540,Shrimp,0,0,Shrimp_540_jpg.rf.da5331c4de36de5710eb08d1d792bf8d.jpg
ewu,shrimp::551,1,train,551,Shrimp,0,0,Shrimp_551_jpg.rf.1ac9c05bcd54d70452d46ddd24fcf841.jpg
ewu,shrimp::603,1,train,603,Shrimp,0,0,Shrimp_603_jpg.rf.00041d57423e15e0a6d0856810f99385.jpg
ewu,shrimp::626,1,train,626,Shrimp,0,0,Shrimp_626_jpg.rf.f381c538c376ef0a8957d5c74040527b.jpg
ewu,shrimp::676,1,train,676,Shrimp,1,0,Shrimp_676_jpg.rf.482f8730f61910f121f67f47ad38e53e.jpg
ewu,shrimp::706,1,train,706,Shrimp,1,0,Shrimp_706_jpg.rf.238c02b1e0f0eed3324f18c0897f7787.jpg
ewu,shrimp::708,1,train,708,Shrimp,1,0,Shrimp_708_jpg.rf.6f1fb09685c300c2174f8fef3cf76bb5.jpg
ewu,shrimp::713,1,train,713,Shrimp,0,0,Shrimp_713_jpg.rf.31e5ebe697f505c35f7fd500d9bf210f.jpg
ewu,shrimp::726,1,train,726,Shrimp,1,0,Shrimp_726_jpg.rf.4a18741f609dd5f66132265531e3cb78.jpg
hand,bg::1,3,train,1,BG,3,0,BG-1-img-1_jpg.rf.7644eb4f1642ef8949a0cb2cc904c0cf.jpg; BG-1-img-2_jpg.rf.5d2a98483593cdf82ef899ac53384484.jpg; BG-1-img-3_jpg.rf.1ee3e870db4a42a18f168a74c222cd5b.jpg
hand,bg::10,3,train,10,BG,3,0,BG-10-img-1_jpg.rf.ce9bab42d5bae653a94195d8e441a8f5.jpg; BG-10-img-2_jpg.rf.de295b366b516406d9ba3e7c08f4badf.jpg; BG-10-img-3_jpg.rf.c95c068acee42317db9c77c919efbeb3.jpg
hand,bg::11,3,train,11,BG,3,0,BG-11-img-1_jpg.rf.af853d7ac1f120d2ff2e7a8504e19f7f.jpg; BG-11-img-2_jpg.rf.777be664a0bc1998c510a5aab49fc26e.jpg; BG-11-img-3_jpg.rf.00c942067cb839215ad29304d315927c.jpg
hand,bg::12,3,train,12,BG,3,0,BG-12-img-1_jpg.rf.708272e382248001db295859561f22e6.jpg; BG-12-img-2_jpg.rf.23d8c4232fa92d49b0c9b3852c3643e5.jpg; BG-12-img-3_jpg.rf.ac2e62d7b1663a60c0a6e63544fc484a.jpg
hand,bg::13,3,train,13,BG,3,0,BG-13-img-1_jpg.rf.3fc4cd9a8e9e4a55a7c660629c2241c5.jpg; BG-13-img-2_jpg.rf.8e9d8f93a400155a1648c196d26a3e90.jpg; BG-13-img-3_jpg.rf.2e4066282af225bb2f84407953d0551f.jpg
hand,bg::2,3,train,2,BG,3,0,BG-2-img-1_jpg.rf.807563b950fd75d83301a0c2d920a1ee.jpg; BG-2-img-2_jpg.rf.84e2717fba1e765f18323d2eee0895c9.jpg; BG-2-img-3_jpg.rf.53a00a0ada37cdb3cc6abd21e5bf21f5.jpg
hand,bg::21,3,train,21,BG,3,0,BG-21-img-1_jpg.rf.9bfc050bcfb821988aa4b65da8264bbb.jpg; BG-21-img-2_jpg.rf.782a5eed29865423babedbe507fbad57.jpg; BG-21-img-3_jpg.rf.d36cc7e6d0e54f65c50d4fd36f874f00.jpg
hand,bg::22,3,train,22,BG,3,0,BG-22-img-1_jpg.rf.9fe3062eac4d9aafb88d19ef3a08c978.jpg; BG-22-img-2_jpg.rf.df72b43b444c61c5168de0db4c796926.jpg; BG-22-img-3_jpg.rf.e616464c5b9ecc5e951f55bc14c6a991.jpg
hand,bg::23,3,train,23,BG,3,0,BG-23-img-1_jpg.rf.9b5996530f5d2841b028448c1d6d145e.jpg; BG-23-img-2_jpg.rf.f6035ea1d073f8138e53c1b9b2ce4b9a.jpg; BG-23-img-3_jpg.rf.ef114f1114b3c6d3d7fc933fa0c11573.jpg
hand,bg::24,3,train,24,BG,3,0,BG-24-img-1_jpg.rf.0f2a130b3166f56731aad1b9541d5165.jpg; BG-24-img-2_jpg.rf.cc8679d32ad8ef27990895c4fe8cc3b9.jpg; BG-24-img-3_jpg.rf.7e2dde502262cd8acb25e8a87301b2f0.jpg
hand,bg::25,3,train,25,BG,3,0,BG-25-img-1_jpg.rf.4eb4f46d8bd2c0a589167cf9455b51b0.jpg; BG-25-img-2_jpg.rf.d0cd8eab6ea2f1cc30811a9f018894c7.jpg; BG-25-img-3_jpg.rf.14eefcf98934b41b2aeb8d9ac85b9f01.jpg
hand,bg::27,3,train,27,BG,9,0,BG-27-img-1_jpg.rf.92cb1f6485f17281971997635227fdff.jpg; BG-27-img-2_jpg.rf.5fad044418ee2fe91c097fc4941e2b66.jpg; BG-27-img-3_jpg.rf.b880268858893f40fefa64764eb7d2c6.jpg
hand,bg::29,3,train,29,BG,3,0,BG-29-img-1_jpg.rf.4c7eee5317b6d1773e9b0254527097bd.jpg; BG-29-img-2_jpg.rf.42170cbc0d9610fa7dc8d238b164c6e6.jpg; BG-29-img-3_jpg.rf.0003ffc1905d215be85139ae238a1a37.jpg
hand,bg::3,3,train,3,BG,3,0,BG-3-img-1_jpg.rf.64cc76e5fc36f391175fc4390b83c434.jpg; BG-3-img-2_jpg.rf.f220f24fc3031b1f936588d19bbea490.jpg; BG-3-img-3_jpg.rf.bc789ff5f7d852ca316d91b349d79bf2.jpg
hand,bg::30,3,train,30,BG,3,0,BG-30-img-1_jpg.rf.f09088577bacad89d22309abbd5d618d.jpg; BG-30-img-2_jpg.rf.0bb0106c9b8ae0a23bc9904a97999f72.jpg; BG-30-img-3_jpg.rf.0bc7166a194aef245764c9c6d2b83853.jpg
hand,bg::31,3,train,31,BG,3,0,BG-31-img-1_jpg.rf.c749d23b5fa2972e576d82ac3d4b482d.jpg; BG-31-img-2_jpg.rf.c575f17fea8904356d4979c6bdd50bc3.jpg; BG-31-img-3_jpg.rf.f3297f5d28fe82ccf541f72a044180d9.jpg
hand,bg::34,3,train,34,BG,3,0,BG-34-img-1_jpg.rf.59eaa5e342d3a64aebfd613971038687.jpg; BG-34-img-2_jpg.rf.32342e069f3b6eb45959ed1bfdc8bea2.jpg; BG-34-img-3_jpg.rf.3fb3aab4879f2d0fb5c99b5f86f96418.jpg
hand,bg::35,3,train,35,BG,3,0,BG-35-img-1_jpg.rf.d6ca09f61ee2b428d7f89f7c677bcf84.jpg; BG-35-img-2_jpg.rf.dfb2563e5722c77e0dfb8d1f5466f69b.jpg; BG-35-img-3_jpg.rf.40e461c434aed60914ce256df455f5fd.jpg
hand,bg::36,3,train,36,BG,3,0,BG-36-img-1_jpg.rf.c0682b9eefd4aafa1cc3f5cdcc597d23.jpg; BG-36-img-2_jpg.rf.36e06cd36797a1d910374ee174e5341b.jpg; BG-36-img-3_jpg.rf.70b965d9b6f143e628234bde47413d7d.jpg
hand,bg::37,3,train,37,BG,3,0,BG-37-img-1_jpg.rf.38369ed1ef3614e2611023da4c40dc5e.jpg; BG-37-img-2_jpg.rf.75a19b46fd446d0662d1ed604e91ecf1.jpg; BG-37-img-3_jpg.rf.bf8a9503a35caa02600cbc4adf1b58ef.jpg
hand,bg::38,3,train,38,BG,3,0,BG-38-img-1_jpg.rf.ca3c8e67e272bc4dbf6c26be35a3ac97.jpg; BG-38-img-2_jpg.rf.c9dd3c73dd9f4dba91aad84353f99465.jpg; BG-38-img-3_jpg.rf.40a788423bad2692769e69162041a4de.jpg
hand,bg::39,3,train,39,BG,3,0,BG-39-img-1_jpg.rf.bbd73f0d83cd8e8ec28febebe613b5f1.jpg; BG-39-img-2_jpg.rf.46fc49216ebab4344fa041787af40d45.jpg; BG-39-img-3_jpg.rf.2623cc05e98a15fa03abbea3eb834214.jpg
hand,bg::4,3,train,4,BG,3,0,BG-4-img-1_jpg.rf.3094de5d9dff9ff755f064def1161c6c.jpg; BG-4-img-2_jpg.rf.5db07e33e39e0ef2c26288f89ed4a6d3.jpg; BG-4-img-3_jpg.rf.46dfcaffd2b9908ed57437ba7c22af19.jpg
hand,bg::40,3,train,40,BG,3,0,BG-40-img-1_jpg.rf.878512823ad930ec664e9614b89d783b.jpg; BG-40-img-2_jpg.rf.d0d4130a382469c90e523ec6afbe12a4.jpg; BG-40-img-3_jpg.rf.7cad746bc15aa5a5787db0da8f05bd21.jpg
hand,bg::41,3,train,41,BG,3,0,BG-41-img-1_jpg.rf.aa13aa4fb34fb3e341ff4c47902d7db0.jpg; BG-41-img-2_jpg.rf.698ab1840c3193a59221e2eeb28f7b3c.jpg; BG-41-img-3_jpg.rf.3bbf8a3d7c36eb81647e2687e943606c.jpg
hand,bg::42,3,train,42,BG,3,0,BG-42-img-1_jpg.rf.7313ebf745f4e300ba7e867f41bc74a5.jpg; BG-42-img-2_jpg.rf.e670408c57631d1902000cb22a1778dd.jpg; BG-42-img-3_jpg.rf.7310ba5be1ca1e0e5bf93e1737413fb5.jpg
hand,bg::43,3,train,43,BG,3,0,BG-43-img-1_jpg.rf.d532f298c94be628bf53405bf21e9efe.jpg; BG-43-img-2_jpg.rf.4b386467b795b31f3b5fe7728745af93.jpg; BG-43-img-3_jpg.rf.1c35e11d5ddee02a69d1b02027476246.jpg
hand,bg::44,3,train,44,BG,3,0,BG-44-img-1_jpg.rf.c4af678645af047817df972ba7dcc7d8.jpg; BG-44-img-2_jpg.rf.e6f5eaca938520e0a4d787266798b6d9.jpg; BG-44-img-3_jpg.rf.1ab9529191af5d1e4405ff70b8dec108.jpg
hand,bg::45,3,train,45,BG,3,0,BG-45-img-1_jpg.rf.83fcca5fb799db8d40c51a36829f1d50.jpg; BG-45-img-2_jpg.rf.1baed072c797b73b2a6dd5deab1f0588.jpg; BG-45-img-3_jpg.rf.bc10025c7ace743c0d65f62af9fb6e52.jpg
hand,bg::47,3,train,47,BG,3,0,BG-47-img-1_jpg.rf.9a2c1b110bef246b286b045e71b3d90b.jpg; BG-47-img-2_jpg.rf.10154fd8cc7d1a3c7cb14cc140e65f51.jpg; BG-47-img-3_jpg.rf.4ab7b7fa51a9dcc233846dda3fd5620a.jpg
hand,bg::48,3,train,48,BG,3,0,BG-48-img-1_jpg.rf.2b90e8a72af576edd0b51d0c57910738.jpg; BG-48-img-2_jpg.rf.66c9101b95151c683749d8df6ae915fd.jpg; BG-48-img-3_jpg.rf.aaaa3239fbb6a6adbbce02fd6009b232.jpg
hand,bg::49,3,train,49,BG,3,0,BG-49-img-1_jpg.rf.8e82f6087133783cac7b88cb70862678.jpg; BG-49-img-2_jpg.rf.0f82a0f45a33add98b9377fdf341e56f.jpg; BG-49-img-3_jpg.rf.076c455359c84772d78b100b56b2e98f.jpg
hand,bg::51,3,train,51,BG,3,0,BG-51-img-1_jpg.rf.c9d8fe50a1cbedf91d13ad8a181a94bf.jpg; BG-51-img-2_jpg.rf.566097141f9d8b3899ce48b48dcf93b9.jpg; BG-51-img-3_jpg.rf.abb58534dd1782de999c96db00bb00f2.jpg
hand,bg::52,3,train,52,BG,3,0,BG-52-img-1_jpg.rf.b5efd91684316c9d36eb535d6bfab967.jpg; BG-52-img-2_jpg.rf.edbe6dfda595e1d66dbc350611e29186.jpg; BG-52-img-3_jpg.rf.0f091a272df63c8a6e80f73c6f0dfa17.jpg
hand,bg::53,3,train,53,BG,3,0,BG-53-img-1_jpg.rf.cab7ead4030794c954c825d5514ccba0.jpg; BG-53-img-2_jpg.rf.3c15ce96e703974a426eaa9d5869cd3d.jpg; BG-53-img-3_jpg.rf.395aac0fd8265044c1cc3ac51122bae9.jpg
hand,bg::54,3,train,54,BG,3,0,BG-54-img-1_jpg.rf.86c7be088c565d1478a1d96a4e13ee25.jpg; BG-54-img-2_jpg.rf.e834cce8e67889dac2a9283689573530.jpg; BG-54-img-3_jpg.rf.eb7dc83b501618338d62023fd17a1bdd.jpg
hand,bg::55,3,train,55,BG,3,0,BG-55-img-1_jpg.rf.e22d0f302728419f3f1677e0ce97ee66.jpg; BG-55-img-2_jpg.rf.6626fc4619253f3e6c9247a6ae39b3e1.jpg; BG-55-img-3_jpg.rf.0963881c1ec01bf515d8a043f4e94b07.jpg
hand,bg::56,3,train,56,BG,3,0,BG-56-img-1_jpg.rf.44d0b0831a3e63dcebbed201df6c6916.jpg; BG-56-img-2_jpg.rf.a4ad05a4f97dd6402aa265574298fb31.jpg; BG-56-img-3_jpg.rf.5c54e23319dfa7b5f1be47b2a2e55b78.jpg
hand,bg::58,3,train,58,BG,3,0,BG-58-img-1_jpg.rf.3e3671a05b9857eec212c12323fb55ba.jpg; BG-58-img-2_jpg.rf.c66a5383b1cb5daf5d5927d599927053.jpg; BG-58-img-3_jpg.rf.98ffd70d74159c4b78ce2c0cf9849181.jpg
hand,bg::59,3,train,59,BG,3,0,BG-59-img-1_jpg.rf.7677f93ede0eb0fbfb0b41195b27348f.jpg; BG-59-img-2_jpg.rf.8c2e1779ebc53b041289fcaa3092ece3.jpg; BG-59-img-3_jpg.rf.64ee46f40212cd55eb7a2a90f020ed18.jpg
hand,bg::6,3,train,6,BG,3,0,BG-6-img-1_jpg.rf.eab7c9e98de9028dc40a0fb56a6c2684.jpg; BG-6-img-2_jpg.rf.a5494e35971c4b00d0a08f2bb0b47bff.jpg; BG-6-img-3_jpg.rf.529778ed4de7937bd953263eca2d1e38.jpg
hand,bg::61,3,train,61,BG,3,0,BG-61-img-1_jpg.rf.53ba41b647276ec21cf8050e3652dcf4.jpg; BG-61-img-2_jpg.rf.af1eb1935f5e378cd394a3c275dbd8fa.jpg; BG-61-img-3_jpg.rf.245cc146a0914c4bf0e41ff15e848e2b.jpg
hand,bg::62,3,train,62,BG,3,0,BG-62-img-1_jpg.rf.7de093511fcfe01fec31aab1b29003d8.jpg; BG-62-img-2_jpg.rf.337f1f1c4939ddf10c8a167341c2362d.jpg; BG-62-img-3_jpg.rf.dad4372cc9d48a71b014aa81801097da.jpg
hand,bg::64,3,train,64,BG,3,0,BG-64-img-1_jpg.rf.81884b4443484d8f0ef17ccc941afb27.jpg; BG-64-img-2_jpg.rf.99d126f9a66a9401e2257cb3aded1b9a.jpg; BG-64-img-3_jpg.rf.1cc2b8ad048057d6527dee2a03f4055f.jpg
hand,bg::66,3,train,66,BG,3,0,BG-66-img-1_jpg.rf.67a4fbff0203217b1b34ee974a902891.jpg; BG-66-img-2_jpg.rf.d3b3bf5e1c0e73a23aab4f261c5506c8.jpg; BG-66-img-3_jpg.rf.70654874b8219ef64c4f9e5c1da1dfbd.jpg
hand,bg::67,3,train,67,BG,3,0,BG-67-img-1_jpg.rf.85fdc35cf338e989683ebb010532cdcc.jpg; BG-67-img-2_jpg.rf.ebce637cf07b3ca4ac46ee4d597ceb3a.jpg; BG-67-img-3_jpg.rf.df139735376990caf170625265ec0142.jpg
hand,bg::68,3,train,68,BG,3,0,BG-68-img-1_jpg.rf.7b35a61127d5328f1a1f97073493d816.jpg; BG-68-img-2_jpg.rf.89e464e8bf4a029214160e9e4cee826f.jpg; BG-68-img-3_jpg.rf.4eab7dfcb4a4a5485c11df6e516cbe32.jpg
hand,bg::69,3,train,69,BG,3,0,BG-69-img-1_jpg.rf.0a30c057ea069d51270e8789341fc861.jpg; BG-69-img-2_jpg.rf.4e6ef954f558b67e3f8e8b8c4878ae3e.jpg; BG-69-img-3_jpg.rf.153fa8b5ec1704a7f80ae140912c1118.jpg
hand,bg::7,3,train,7,BG,3,0,BG-7-img-1_jpg.rf.14693a1632af911300d4c042cefa86de.jpg; BG-7-img-2_jpg.rf.00c85bbc6bdfec7845519a2c8350bd40.jpg; BG-7-img-3_jpg.rf.d880f204ac683e2758d40c454f9ef9b2.jpg
hand,bg::70,3,train,70,BG,6,0,BG-70-img-1_jpg.rf.8a756d3792ff2cc7186135eea54c3fd3.jpg; BG-70-img-2_jpg.rf.c2883bdde7ac5974ba42d2fdbe26fc14.jpg; BG-70-img-3_jpg.rf.a573f1e997e709c57ae91759e1ebdbcc.jpg
hand,bg::71,3,train,71,BG,3,0,BG-71-img-1_jpg.rf.14c9b83cc0d161d2c90a0ec9ec00750e.jpg; BG-71-img-2_jpg.rf.41f869350ad5f656a78357d9bf6ec695.jpg; BG-71-img-3_jpg.rf.4c3a4de7591410ea023c82bd84f27a72.jpg
hand,bg::72,3,train,72,BG,3,0,BG-72-img-1_jpg.rf.b5187b28a8b1c4ed5a1d2b7657b0df88.jpg; BG-72-img-2_jpg.rf.cb56a1d668679a9e819d8174834d7982.jpg; BG-72-img-3_jpg.rf.0fabd4b73159ca02e34b4b87e988924b.jpg
hand,bg::73,3,train,73,BG,3,0,BG-73-img-1_jpg.rf.cb5d79a6eacbe9b54d21c39e3fe59488.jpg; BG-73-img-2_jpg.rf.40310531057bb9ad18d0fb93550fee45.jpg; BG-73-img-3_jpg.rf.9a8a69ccd19ac15d23a99d636393f9a7.jpg
hand,bg::74,3,train,74,BG,3,0,BG-74-img-1_jpg.rf.84161f82e87d683dcee12be450a68dbf.jpg; BG-74-img-2_jpg.rf.6f0ecfec678415913e90ae4573116579.jpg; BG-74-img-3_jpg.rf.01679e23de6db6c658eb8f20fb4a9030.jpg
hand,bg::75,3,train,75,BG,3,0,BG-75-img-1_jpg.rf.b1d81a974b9cf4ac80392a6bd3711920.jpg; BG-75-img-2_jpg.rf.c9a64902a2d1d35ad83fde5ea3eaaf47.jpg; BG-75-img-3_jpg.rf.597568b9475bc41778498e23f2c9e1a5.jpg
hand,bg::8,3,train,8,BG,3,0,BG-8-img-1_jpg.rf.89ec73f6d85460271e005d2326a968cd.jpg; BG-8-img-2_jpg.rf.f1fb4a4d3b76b8655250b400e3052eb1.jpg; BG-8-img-3_jpg.rf.d9c548ebf11c6f0c3d7a2af16ba73aae.jpg
hand,bg::9,3,train,9,BG,3,0,BG-9-img-1_jpg.rf.b2c49f6a1d886d1fa528eae99ab9298b.jpg; BG-9-img-2_jpg.rf.1cf266d76c3facd3d55a3b7e53ad8b6a.jpg; BG-9-img-3_jpg.rf.f516f049d0789e8234c2097830dcbacc.jpg
hand,healthy::1,3,train,1,Healthy,0,0,Healthy-1-img-1_jpg.rf.f93b4a3457bce7948be3327640d8e629.jpg; Healthy-1-img-2_jpg.rf.c8285fb17738bf84436ba8e460f78a60.jpg; Healthy-1-img-3_jpg.rf.8094fb7fa56cf76bb8f886a53eef738a.jpg
hand,healthy::10,3,train,10,Healthy,0,0,Healthy-10-img-1_jpg.rf.9dfbcdb4ee0732a4e76851cfded55cf9.jpg; Healthy-10-img-2_jpg.rf.0ca391334ab74956b9eea11b586b71f4.jpg; Healthy-10-img-3_jpg.rf.c0742f19a3a32cf0a940f15678c18ef6.jpg
hand,healthy::100,3,train,100,Healthy,0,0,Healthy-100-img-1_jpg.rf.313c74560f9b9ea6a22e5b0bcdeb801e.jpg; Healthy-100-img-2_jpg.rf.6db068dea378a405dcf81e6f99861d17.jpg; Healthy-100-img-3_jpg.rf.2d955a1e69b6970e6b23ab63ed59c558.jpg
hand,healthy::101,3,train,101,Healthy,0,0,Healthy-101-img-1_jpg.rf.1cb15ffdc335179fead1ecf821e28b0f.jpg; Healthy-101-img-2_jpg.rf.01d4f6b37d6f2a82f27ae7ed3c92989a.jpg; Healthy-101-img-3_jpg.rf.024f45e85cafb67e0d621515582b9dab.jpg
hand,healthy::102,3,train,102,Healthy,0,0,Healthy-102-img-1_jpg.rf.25a4a790665ec0f21f750f73f30ec12a.jpg; Healthy-102-img-2_jpg.rf.76d43862b05c1298ed4460d26082cf39.jpg; Healthy-102-img-3_jpg.rf.2facad713f144344c895226bd21a5314.jpg
hand,healthy::103,3,train,103,Healthy,0,0,Healthy-103-img-1_jpg.rf.a4caff47c30677705238b93b3c360287.jpg; Healthy-103-img-2_jpg.rf.8b1cb9fa54803133d53a52a06ee0aa94.jpg; Healthy-103-img-3_jpg.rf.54bb53e7701fdab0b14042ee9e88e791.jpg
hand,healthy::105,3,train,105,Healthy,0,0,Healthy-105-img-1_jpg.rf.6be39d913e3568a19b8153744c6fd07e.jpg; Healthy-105-img-2_jpg.rf.e379304251bb31ab3bbb9fbb1dec51af.jpg; Healthy-105-img-3_jpg.rf.fb920fb6684ea78e4b13db987c4923a3.jpg
hand,healthy::106,3,train,106,Healthy,0,0,Healthy-106-img-1_jpg.rf.074b913de4d1f8d49720681693a59ce6.jpg; Healthy-106-img-2_jpg.rf.299bedd7c14dbb8836e01ef68caeee74.jpg; Healthy-106-img-3_jpg.rf.0d69f4349293b2d089f12f7beb5345c7.jpg
hand,healthy::107,3,train,107,Healthy,0,0,Healthy-107-img-1_jpg.rf.d800eb662e3bd980f3bf2b0ff99b797c.jpg; Healthy-107-img-2_jpg.rf.03f989f174d96f542a4311836717046b.jpg; Healthy-107-img-3_jpg.rf.402eb1baacca109575ff0512113f2eba.jpg
hand,healthy::108,3,train,108,Healthy,0,0,Healthy-108-img-1_jpg.rf.f6d0a390d04b66215a6999a2c1e9134c.jpg; Healthy-108-img-2_jpg.rf.5ce71d8adcfa96f2b14683e5b1393b89.jpg; Healthy-108-img-3_jpg.rf.6627f80f5bc819f0cc53999b4cce7dbd.jpg
hand,healthy::109,3,train,109,Healthy,0,0,Healthy-109-img-1_jpg.rf.b582a9ea9c2d7305615ffb81b36b7c5f.jpg; Healthy-109-img-2_jpg.rf.f226af473b90e700ff4b499835324399.jpg; Healthy-109-img-3_jpg.rf.927d9c23fc54b2920f1a9a385502b8b2.jpg
hand,healthy::11,3,train,11,Healthy,0,0,Healthy-11-img-1_jpg.rf.fe22c54dac74df13c855cbeb4894118a.jpg; Healthy-11-img-2_jpg.rf.08feef63238632a7eb13e4eb529afa42.jpg; Healthy-11-img-3_jpg.rf.ba6bede3f0e2b3bb21f8d32b12bedc4e.jpg
hand,healthy::110,3,train,110,Healthy,0,0,Healthy-110-img-1_jpg.rf.b80e8b3efdd45ca3b3c28b54e41cb934.jpg; Healthy-110-img-2_jpg.rf.c08c28dca58ab5780e636cefee1230ab.jpg; Healthy-110-img-3_jpg.rf.00ccef020e7be7820ea59c01dd8dab56.jpg
hand,healthy::111,3,train,111,Healthy,0,0,Healthy-111-img-1_jpg.rf.9f2421ddb071fac4c2d8c7652b61d3ec.jpg; Healthy-111-img-2_jpg.rf.d07a00387b763997a6d88f71795be9d4.jpg; Healthy-111-img-3_jpg.rf.6b3377624850b4399a142da4fe06f8d0.jpg
hand,healthy::112,3,train,112,Healthy,0,0,Healthy-112-img-1_jpg.rf.cfbc8832059174d9479779469987e785.jpg; Healthy-112-img-2_jpg.rf.6df183916de5bcf718209d6a7f0a4c8c.jpg; Healthy-112-img-3_jpg.rf.7dc17053394c36651621e8b4a91a5250.jpg
hand,healthy::113,3,train,113,Healthy,0,0,Healthy-113-img-1_jpg.rf.e4043c35bf0049b3e42c0c415686eb8d.jpg; Healthy-113-img-2_jpg.rf.a2cf84551fa6b9e8600ec033111f70b2.jpg; Healthy-113-img-3_jpg.rf.7dbaae297945b57d36e65785ef2a55a9.jpg
hand,healthy::114,3,train,114,Healthy,0,0,Healthy-114-img-1_jpg.rf.45d0e11407927f4ad1eac2c6546793a0.jpg; Healthy-114-img-2_jpg.rf.c6e2c33314802d79002f4c4a4ab7cc7d.jpg; Healthy-114-img-3_jpg.rf.f800e93f4c7deec9fa4905a29b20f15b.jpg
hand,healthy::115,3,train,115,Healthy,0,0,Healthy-115-img-1_jpg.rf.4441721e2643660f875c100ae64b86f6.jpg; Healthy-115-img-2_jpg.rf.f48f3576213ba659fd9529a9e15edb0d.jpg; Healthy-115-img-3_jpg.rf.85254cc71bb752b340543489b552f143.jpg
hand,healthy::117,3,train,117,Healthy,0,0,Healthy-117-img-1_jpg.rf.9672032b98edfc1b7d1b12f7052b0eeb.jpg; Healthy-117-img-2_jpg.rf.acbc52093293c7428a572289ce13841c.jpg; Healthy-117-img-3_jpg.rf.c703d547148227b3448099370ec0f724.jpg
hand,healthy::118,3,train,118,Healthy,0,0,Healthy-118-img-1_jpg.rf.6bd462504aa9af7900054c2e984baa23.jpg; Healthy-118-img-2_jpg.rf.a85417228775c661789a12e5e86d7477.jpg; Healthy-118-img-3_jpg.rf.989dc2d713b1012f90cb914279bd756e.jpg
hand,healthy::119,3,train,119,Healthy,0,0,Healthy-119-img-1_jpg.rf.d7d8fa2c062f812a1486d90fb25aa1c4.jpg; Healthy-119-img-2_jpg.rf.fefcbe877d63ee49a6387a96534ff1be.jpg; Healthy-119-img-3_jpg.rf.ed4afaf8fd97acb4f58cc9875b3d8aa4.jpg
hand,healthy::12,3,train,12,Healthy,0,0,Healthy-12-img-1_jpg.rf.d853c2656d4003fca3547abdaa60dfd7.jpg; Healthy-12-img-2_jpg.rf.72ffcff31ab848a9d5acaacc8617793c.jpg; Healthy-12-img-3_jpg.rf.f30d2ee9a7aa69c00c22512c2ee6ebca.jpg
hand,healthy::120,3,train,120,Healthy,0,0,Healthy-120-img-1_jpg.rf.90cce675cd02ebfab71399b4afcc1fc6.jpg; Healthy-120-img-2_jpg.rf.ac62f04f3852d4eeffaa72b9a4fa987f.jpg; Healthy-120-img-3_jpg.rf.e431bd99038e67e0f9e426e0003ece26.jpg
hand,healthy::121,3,train,121,Healthy,0,0,Healthy-121-img-1_jpg.rf.6bb3d1ef4ab049a71e42e8d97485aac1.jpg; Healthy-121-img-2_jpg.rf.01653c99ccbd4ac0a4ba4c7d04a576c0.jpg; Healthy-121-img-3_jpg.rf.d857fc48b3bc66de15b4f919e19dd516.jpg
hand,healthy::122,3,train,122,Healthy,0,0,Healthy-122-img-1_jpg.rf.01d9ec939081f4d89cc4c938efdd874f.jpg; Healthy-122-img-2_jpg.rf.d868db28f44db38dda2c78646401876a.jpg; Healthy-122-img-3_jpg.rf.2e6fd338344e6785c9f34e16ad5235aa.jpg
hand,healthy::123,3,train,123,Healthy,0,0,Healthy-123-img-1_jpg.rf.f8302a326b26f14b3434e695bb179de9.jpg; Healthy-123-img-2_jpg.rf.7aaa02004684fc8ba64ae3a735a6b08d.jpg; Healthy-123-img-3_jpg.rf.60eb81dd4c59ae1b8505c04e26df5dff.jpg
hand,healthy::124,3,train,124,Healthy,0,0,Healthy-124-img-1_jpg.rf.985ac6813e4ef916ed66c035aa0b7592.jpg; Healthy-124-img-2_jpg.rf.8927f5e05ab67a70e51316a7bec31ccb.jpg; Healthy-124-img-3_jpg.rf.8e22c7049ce3c85c7eeea5d2146aa8ed.jpg
hand,healthy::125,3,train,125,Healthy,0,0,Healthy-125-img-1_jpg.rf.03c9e00a5a4e508a1ef708cede21ef64.jpg; Healthy-125-img-2_jpg.rf.a0cb669ef7adf02dd3876208fb65d929.jpg; Healthy-125-img-3_jpg.rf.7647da64bfafaf943f4be3eedd18ba80.jpg
hand,healthy::126,3,train,126,Healthy,0,0,Healthy-126-img-1_jpg.rf.fb26b9d2007f47054e30fe899b468dd4.jpg; Healthy-126-img-2_jpg.rf.5552fbbbd9663b1f8b7bfa97e6ca24a8.jpg; Healthy-126-img-3_jpg.rf.4a2ad1e8106316c10425ec489582559b.jpg
hand,healthy::127,3,train,127,Healthy,0,0,Healthy-127-img-1_jpg.rf.3e4ce73963818372bfb6be308e8954d6.jpg; Healthy-127-img-2_jpg.rf.a74b01e34c20516d95674268b286790b.jpg; Healthy-127-img-3_jpg.rf.31dbe9fe80f6b95be33f902a1d234d86.jpg
hand,healthy::128,3,train,128,Healthy,0,0,Healthy-128-img-1_jpg.rf.669bd6c05a39b73a79b8b655048dc3b6.jpg; Healthy-128-img-2_jpg.rf.f0a677a7040c90ced8dc12678bd55bce.jpg; Healthy-128-img-3_jpg.rf.1de9f8016a814ad545c28b8f1dd84aa4.jpg
hand,healthy::129,3,train,129,Healthy,0,0,Healthy-129-img-1_jpg.rf.be5fbea0c13fa287e7ef4630cc77a69d.jpg; Healthy-129-img-2_jpg.rf.d9d93a654567e5c0ecefe4cfdbc9ee9a.jpg; Healthy-129-img-3_jpg.rf.9738afd8e1744c083389f313377a060d.jpg
hand,healthy::13,3,train,13,Healthy,0,0,Healthy-13-img-1_jpg.rf.ccd870b9c804e67b0f1a05ee7d5705b6.jpg; Healthy-13-img-2_jpg.rf.f37b7f079a54171ef84ab9e0c7afccbb.jpg; Healthy-13-img-3_jpg.rf.ec7976d3a53a5495507965eb7b725768.jpg
hand,healthy::130,3,train,130,Healthy,0,0,Healthy-130-img-1_jpg.rf.2715e85e0a620e180c92cfcad9814f24.jpg; Healthy-130-img-2_jpg.rf.0d385324354751697e2a99136e5ea979.jpg; Healthy-130-img-3_jpg.rf.8c499c0403ca67f19af5bce3bd2be026.jpg
hand,healthy::131,3,train,131,Healthy,0,0,Healthy-131-img-1_jpg.rf.84c0f68a16f87bfe0f7e26fe9d92ca38.jpg; Healthy-131-img-2_jpg.rf.f4540e25cce9bfbd7880439baff7474c.jpg; Healthy-131-img-3_jpg.rf.aa6ad6d7082a288496c118324330443f.jpg
hand,healthy::132,3,train,132,Healthy,0,0,Healthy-132-img-1_jpg.rf.562ac8a8c4972cbda446517d4d712879.jpg; Healthy-132-img-2_jpg.rf.aef77a1d7ab8c3c4127f1e1c0aa45e41.jpg; Healthy-132-img-3_jpg.rf.c87d2d0f35698b636a0fc906bb1fe5d8.jpg
hand,healthy::133,3,train,133,Healthy,0,0,Healthy-133-img-1_jpg.rf.6782664ade7d9f8fcd27909205b16842.jpg; Healthy-133-img-2_jpg.rf.c79a6623b097592bbd6282670003ae5a.jpg; Healthy-133-img-3_jpg.rf.a0cc79444523c08a43878b93688aa04f.jpg
hand,healthy::134,3,train,134,Healthy,0,0,Healthy-134-img-1_jpg.rf.d4a1f4fded21e0b761c0206eb6a58d17.jpg; Healthy-134-img-2_jpg.rf.2cae2d7404c7b97e49e5a7f5430e92fa.jpg; Healthy-134-img-3_jpg.rf.e2db7b28fc66f3c9fcc42c5b62ca6f9c.jpg
hand,healthy::135,3,train,135,Healthy,0,0,Healthy-135-img-1_jpg.rf.63314e2b4a4fcdb7d3c83b3bf6101b88.jpg; Healthy-135-img-2_jpg.rf.e1c8703e3d837dbb10bd7007ee2779d4.jpg; Healthy-135-img-3_jpg.rf.7872d76184e606df37159e9e4426187c.jpg
hand,healthy::136,3,train,136,Healthy,0,0,Healthy-136-img-1_jpg.rf.fdc35bb6ce35b407deb6c6efb264c819.jpg; Healthy-136-img-2_jpg.rf.a2a513d9986ba387f62ed694ffd45fb5.jpg; Healthy-136-img-3_jpg.rf.cf2f2c8821f81d042b5a6f917b458031.jpg
hand,healthy::137,3,train,137,Healthy,0,0,Healthy-137-img-1_jpg.rf.a4fc671119d04708770a9c442b33175a.jpg; Healthy-137-img-2_jpg.rf.4d0c127f7d1e3c81b6eccbdfb7104322.jpg; Healthy-137-img-3_jpg.rf.aed2db7181044426d199543a38cadb2c.jpg
hand,healthy::138,3,train,138,Healthy,0,0,Healthy-138-img-1_jpg.rf.2ddae488dc045e8985cdef755b0aaaf6.jpg; Healthy-138-img-2_jpg.rf.0c0d1a2cd9a80650d313eb76a61ddbca.jpg; Healthy-138-img-3_jpg.rf.384345d0084dd7bce1614b6af9b4ae7d.jpg
hand,healthy::139,3,train,139,Healthy,0,0,Healthy-139-img-1_jpg.rf.e701d9fbc24b862ec1de84c4d48d581d.jpg; Healthy-139-img-2_jpg.rf.f348c553d2d92c05eb84ef01b79c6c15.jpg; Healthy-139-img-3_jpg.rf.ff13ce395fd23eb405f34c176681de70.jpg
hand,healthy::14,3,train,14,Healthy,0,0,Healthy-14-img-1_jpg.rf.2f7d0ae68a96a2d31c227ec28adc5298.jpg; Healthy-14-img-2_jpg.rf.590275ce6233e674ebfa924b23063374.jpg; Healthy-14-img-3_jpg.rf.505437300bda96097e930f04c87ddc25.jpg
hand,healthy::140,3,train,140,Healthy,0,0,Healthy-140-img-1_jpg.rf.22c13720609d35e85e4f5d8162da4a34.jpg; Healthy-140-img-2_jpg.rf.1eeec1674495cc776753ef50a17a2078.jpg; Healthy-140-img-3_jpg.rf.cfa00cd6e2d8eee3369734ecec096670.jpg
hand,healthy::141,3,train,141,Healthy,0,0,Healthy-141-img-1_jpg.rf.4fe42c3131670a1a1388db2c94f7c335.jpg; Healthy-141-img-2_jpg.rf.419dc4c8a94a87f3a488ee29202a9356.jpg; Healthy-141-img-3_jpg.rf.f1e9e3b0e8731e419e874d0c79d9e434.jpg
hand,healthy::142,3,train,142,Healthy,0,0,Healthy-142-img-1_jpg.rf.72e87c818e699522245cfea8fccc9344.jpg; Healthy-142-img-2_jpg.rf.da0b16df336a39654a04d60f55159de3.jpg; Healthy-142-img-3_jpg.rf.61878f554ee03f93568dc84506ecd0ab.jpg
hand,healthy::15,3,train,15,Healthy,0,0,Healthy-15-img-1_jpg.rf.eb95d12d4b22bdecc9faa0df96c07118.jpg; Healthy-15-img-2_jpg.rf.eac23616d901dfe1764cf474401dd204.jpg; Healthy-15-img-3_jpg.rf.7ca366ad47f17383fac0ab5b956ffc53.jpg
hand,healthy::16,3,train,16,Healthy,0,0,Healthy-16-img-1_jpg.rf.ea763895fdf04b763d931df4a2aebde8.jpg; Healthy-16-img-2_jpg.rf.87d5b10f781ec2a6a3d4e3128aa5b5dd.jpg; Healthy-16-img-3_jpg.rf.f9f242e60e0a19644459c8e430138d4f.jpg
hand,healthy::17,3,train,17,Healthy,0,0,Healthy-17-img-1_jpg.rf.b74e14d17559d0c58304a1956154661f.jpg; Healthy-17-img-2_jpg.rf.6a04f9da0b5f4b2a9294b33841b55a86.jpg; Healthy-17-img-3_jpg.rf.cd117e9e452ccd0671a9f6502e9c00bf.jpg
hand,healthy::18,3,train,18,Healthy,0,0,Healthy-18-img-1_jpg.rf.e7df3ac3f8004f3eebe2fa10296737dc.jpg; Healthy-18-img-2_jpg.rf.bdffea0dd98f82dc6897c29663872912.jpg; Healthy-18-img-3_jpg.rf.55f26bddce95328fbac323970bc61935.jpg
hand,healthy::19,3,train,19,Healthy,0,0,Healthy-19-img-1_jpg.rf.1e98e4f1d27756808e47f1419405bd02.jpg; Healthy-19-img-2_jpg.rf.2c7a387ddaaa4e78ef0efff34f77cd8d.jpg; Healthy-19-img-3_jpg.rf.e847a87a1e76b32d7bf481b446270daa.jpg
hand,healthy::2,3,train,2,Healthy,0,0,Healthy-2-img-1_jpg.rf.9d9bd463d7a5ead8896b96e32d816013.jpg; Healthy-2-img-2_jpg.rf.864982ed05aa06b4173ae14a144c661e.jpg; Healthy-2-img-3_jpg.rf.124549d5f1644245a88addbe87dc526c.jpg
hand,healthy::20,3,train,20,Healthy,0,0,Healthy-20-img-1_jpg.rf.85a9403540aa390d4f1c8da7bb03c291.jpg; Healthy-20-img-2_jpg.rf.17880ef54ae27983f601c084bde98969.jpg; Healthy-20-img-3_jpg.rf.48616b19d937e7a1ed6154e43ae43b64.jpg
hand,healthy::25,3,train,25,Healthy,0,0,Healthy-25-img-1_jpg.rf.3b79f8803f914b62e319a77aa21311c1.jpg; Healthy-25-img-2_jpg.rf.6b6974cd56e31aec71c84311412857c5.jpg; Healthy-25-img-3_jpg.rf.0e7c524936a2429937890724df6fd3b8.jpg
hand,healthy::27,3,train,27,Healthy,0,0,Healthy-27-img-1_jpg.rf.a7863445dfd744d84940285b4a863626.jpg; Healthy-27-img-2_jpg.rf.77c2066f7909ae88551a238eb43159ee.jpg; Healthy-27-img-3_jpg.rf.30228541784922c5200982d947cabfae.jpg
hand,healthy::28,3,train,28,Healthy,0,0,Healthy-28-img-1_jpg.rf.eb94f1fe707e55225d9dfa0612a0524e.jpg; Healthy-28-img-2_jpg.rf.ce5bb93a5c86ebb0c398736386cf019b.jpg; Healthy-28-img-3_jpg.rf.c9b3a85dca2003a1fe9d0228c5c66f24.jpg
hand,healthy::29,3,train,29,Healthy,0,0,Healthy-29-img-1_jpg.rf.845171f650ada025991b27bab5868bfc.jpg; Healthy-29-img-2_jpg.rf.43a3e8cc28131a12f9498021d5be6194.jpg; Healthy-29-img-3_jpg.rf.b1f32e16c48321f747084f26efb149ba.jpg
hand,healthy::3,3,train,3,Healthy,0,0,Healthy-3-img-1_jpg.rf.b9275945aab72c9ea2b5a08717cfb0ee.jpg; Healthy-3-img-2_jpg.rf.74306d6371c72b36159fc2eb3e2158ca.jpg; Healthy-3-img-3_jpg.rf.99d28fa69a6f5074d1417fa0e8aea378.jpg
hand,healthy::31,3,train,31,Healthy,0,0,Healthy-31-img-1_jpg.rf.9e0b462006efe5f1efaf5c78dee585c2.jpg; Healthy-31-img-2_jpg.rf.1ebd62d7a277f675c95c17c8403938d7.jpg; Healthy-31-img-3_jpg.rf.451627a8d70fe084c7485dbeae57ff61.jpg
hand,healthy::32,3,train,32,Healthy,0,0,Healthy-32-img-1_jpg.rf.a2040a283eba2ff0ce334d9b5b9efbe2.jpg; Healthy-32-img-2_jpg.rf.2db3bf9a7f53ef014f94c089dddd7329.jpg; Healthy-32-img-3_jpg.rf.b8c2755afeb873e00e74dbf953046f77.jpg
hand,healthy::33,3,train,33,Healthy,0,0,Healthy-33-img-1_jpg.rf.dbd8ed56ab1c05366e27d4e750dd86df.jpg; Healthy-33-img-2_jpg.rf.16889307e800c6cd74e08f6e30610af5.jpg; Healthy-33-img-3_jpg.rf.d7eaedafeb8b8f2ffd237c73839a632f.jpg
hand,healthy::34,3,train,34,Healthy,0,0,Healthy-34-img-1_jpg.rf.5dab41452cd2c0a05f0a9647c2c9bbbd.jpg; Healthy-34-img-2_jpg.rf.8099e526cbcc9ee2232c9574db979f67.jpg; Healthy-34-img-3_jpg.rf.72320c602cfe25d043971c04e9f208d0.jpg
hand,healthy::35,3,train,35,Healthy,0,0,Healthy-35-img-1_jpg.rf.496fa905ae6ab080109c26a35168880d.jpg; Healthy-35-img-2_jpg.rf.96df815a7bbd116ccdf5b5e46c2d5ce8.jpg; Healthy-35-img-3_jpg.rf.7f867343a1842e9c01339cb3fadceff1.jpg
hand,healthy::36,3,train,36,Healthy,0,0,Healthy-36-img-1_jpg.rf.38b64a5c893bb9e2c33a3d6d7d753f5d.jpg; Healthy-36-img-2_jpg.rf.b2ef34b8cc38b3bc5c75b8b962b67360.jpg; Healthy-36-img-3_jpg.rf.c3e6a0ebc1df3a2e632ee27ffe931e50.jpg
hand,healthy::37,3,train,37,Healthy,0,0,Healthy-37-img-1_jpg.rf.dfba5f03a23e350d51447b707874d780.jpg; Healthy-37-img-2_jpg.rf.ecebc4870da88712d20fcb7b35dddc11.jpg; Healthy-37-img-3_jpg.rf.71852b113d3de93e83a553a4063f55ea.jpg
hand,healthy::38,3,train,38,Healthy,0,0,Healthy-38-img-1_jpg.rf.5fba56a1b7d76b07b30cc0f75a987409.jpg; Healthy-38-img-2_jpg.rf.0ac5bf04888f3d02a02b61cd3828c830.jpg; Healthy-38-img-3_jpg.rf.63bade7defbdb136c6f91ae3251863f7.jpg
hand,healthy::39,3,train,39,Healthy,0,0,Healthy-39-img-1_jpg.rf.55205de6adada2769e91f93bd3a18bc0.jpg; Healthy-39-img-2_jpg.rf.29a4b97b4fef054f1e7a110a29590007.jpg; Healthy-39-img-3_jpg.rf.80be8a1af4d1b7e5c8af61610503be8d.jpg
hand,healthy::4,3,train,4,Healthy,0,0,Healthy-4-img-1_jpg.rf.973213a4c726b03115ec539f7b235c7a.jpg; Healthy-4-img-2_jpg.rf.25a81aede0c34ea948d4c2196cc654c5.jpg; Healthy-4-img-3_jpg.rf.61d8549ecdbde37d5b5e5bb89cdb76a7.jpg
hand,healthy::40,3,train,40,Healthy,0,0,Healthy-40-img-1_jpg.rf.26c1d17ce6676fac8b440291ee8ce970.jpg; Healthy-40-img-2_jpg.rf.3d51cfc2c5de8972821e9b95fb5b44b6.jpg; Healthy-40-img-3_jpg.rf.935cb96e1d89e5f791734c997107a92d.jpg
hand,healthy::42,3,train,42,Healthy,0,0,Healthy-42-img-1_jpg.rf.968bdd8162da140c8f43a6ec651c4947.jpg; Healthy-42-img-2_jpg.rf.a437a7210cdc101a46a3941ec168047a.jpg; Healthy-42-img-3_jpg.rf.81f141774189315fc7b8f7a095919b97.jpg
hand,healthy::43,3,train,43,Healthy,0,0,Healthy-43-img-1_jpg.rf.a2754044f13be16f24e7daa256843b7f.jpg; Healthy-43-img-2_jpg.rf.5e4cd27fa41d39d88c36e69bbbc5ee50.jpg; Healthy-43-img-3_jpg.rf.8666a98a2815b4450800529c8c5f0824.jpg
hand,healthy::44,3,train,44,Healthy,0,0,Healthy-44-img-1_jpg.rf.ee5ffc2477bd0650797d7c67b365433c.jpg; Healthy-44-img-2_jpg.rf.8440a3ad978e76f95d9d785fd7cc7e47.jpg; Healthy-44-img-3_jpg.rf.2530b2448e1897698a54d1ae9a32e5b0.jpg
hand,healthy::45,3,train,45,Healthy,0,0,Healthy-45-img-1_jpg.rf.fc407a63effca80bb2005b9fd4de923a.jpg; Healthy-45-img-2_jpg.rf.ed2f7cda53a5915105535b9edc7decaa.jpg; Healthy-45-img-3_jpg.rf.c5ab4e29a3f58c7f3aa51c5e0664f8f1.jpg
hand,healthy::46,3,train,46,Healthy,0,0,Healthy-46-img-1_jpg.rf.5b3e87faba4f477fd1943c0d2948b248.jpg; Healthy-46-img-2_jpg.rf.912fd7b6ff4e156f962a9b824bb03761.jpg; Healthy-46-img-3_jpg.rf.cd7ce0c85b7b58ae0d96860a1df55c3a.jpg
hand,healthy::47,3,train,47,Healthy,0,0,Healthy-47-img-1_jpg.rf.4c76423531ba63d463896220dffee28e.jpg; Healthy-47-img-2_jpg.rf.068003196667b9c9f81a2f2a1155777c.jpg; Healthy-47-img-3_jpg.rf.9b811084ac3f0fa6bbb06cc3573784db.jpg
hand,healthy::48,3,train,48,Healthy,0,0,Healthy-48-img-1_jpg.rf.505b07b4247a1ace50a2afcc03b2b412.jpg; Healthy-48-img-2_jpg.rf.966a1d55b233ee553ba8afc123e72566.jpg; Healthy-48-img-3_jpg.rf.ba712da8b1b77155f05bd6b8180d4e3a.jpg
hand,healthy::49,3,train,49,Healthy,0,0,Healthy-49-img-1_jpg.rf.a1ef20d33f5a0b72b166d404ec931a0e.jpg; Healthy-49-img-2_jpg.rf.304b65cdc93f4ab16e32ffa2952fc220.jpg; Healthy-49-img-3_jpg.rf.8ac254f0101c5a67c0228e145e00ded3.jpg
hand,healthy::5,3,train,5,Healthy,0,0,Healthy-5-img-1_jpg.rf.58bc8696ff1822b1a24786733ab0ce7a.jpg; Healthy-5-img-2_jpg.rf.c7b141c78bf97e930b22b14bbe4fef46.jpg; Healthy-5-img-3_jpg.rf.044880a4677a3d1161cb4a4a9c020f45.jpg
hand,healthy::50,3,train,50,Healthy,0,0,Healthy-50-img-1_jpg.rf.c90008eb9c2e83622b2d764f8266fcf6.jpg; Healthy-50-img-2_jpg.rf.9561525058af9c4b6b76295a974d460c.jpg; Healthy-50-img-3_jpg.rf.f019f95ab105d9eb10efa6451e52536d.jpg
hand,healthy::51,3,train,51,Healthy,0,0,Healthy-51-img-1_jpg.rf.4751f95b68e15ea80a77cb952cecb082.jpg; Healthy-51-img-2_jpg.rf.60345becf8bc72881e59a31ab686bea0.jpg; Healthy-51-img-3_jpg.rf.93a593ba84a98840c9857111b99316f8.jpg
hand,healthy::52,3,train,52,Healthy,0,0,Healthy-52-img-1_jpg.rf.2e485b48b4181d1971e6d9b0ba4a2111.jpg; Healthy-52-img-2_jpg.rf.85e0ec7390014f7a02b62cb4d9db3642.jpg; Healthy-52-img-3_jpg.rf.56fca9e12ade6e0898597c7e1912398d.jpg
hand,healthy::55,3,train,55,Healthy,0,0,Healthy-55-img-1_jpg.rf.d623416cce97617ec83636d1b8e67a4a.jpg; Healthy-55-img-2_jpg.rf.ad21c82e94754ffb3a4edcd7d4fcc28f.jpg; Healthy-55-img-3_jpg.rf.d3f167d18f4084186d44ae3b368579ea.jpg
hand,healthy::56,3,train,56,Healthy,0,0,Healthy-56-img-1_jpg.rf.218f0ef7dae7d2ca84d0c15e5eaeae45.jpg; Healthy-56-img-2_jpg.rf.181fb8a24ddce61a1f21a171fca4953c.jpg; Healthy-56-img-3_jpg.rf.c5b5d26ab3b8cb8df87ee787cbde0a12.jpg
hand,healthy::57,3,train,57,Healthy,0,0,Healthy-57-img-1_jpg.rf.e4fb141d6f9815f1ac3ff5dcd0c6ce53.jpg; Healthy-57-img-2_jpg.rf.5c7266910ecf7a8885d7519041720fad.jpg; Healthy-57-img-3_jpg.rf.4acd67d8b6e6e1ab32841209cbbb8f4d.jpg
hand,healthy::58,3,train,58,Healthy,0,0,Healthy-58-img-1_jpg.rf.f267061bfa8e64e0492cf2a847249d67.jpg; Healthy-58-img-2_jpg.rf.a88f730041ea5a8716e6b7184237777b.jpg; Healthy-58-img-3_jpg.rf.0d459b8f7a7c92d69de12c3e8c09cce5.jpg
hand,healthy::59,3,train,59,Healthy,0,0,Healthy-59-img-1_jpg.rf.8abce86b01b0aa3530b9d7c2536bfbec.jpg; Healthy-59-img-2_jpg.rf.e66308a634d27c8c7656e79760202388.jpg; Healthy-59-img-3_jpg.rf.cf52fd72672abec2b296fb7b9bcdaac7.jpg
hand,healthy::6,3,train,6,Healthy,0,0,Healthy-6-img-1_jpg.rf.0ebbbe4a93160a5be8ad43615790f2b2.jpg; Healthy-6-img-2_jpg.rf.dafe43298b2d57b4ec79abe08696c0b7.jpg; Healthy-6-img-3_jpg.rf.4e359eded68df37c90d0f7763198b120.jpg
hand,healthy::60,3,train,60,Healthy,0,0,Healthy-60-img-1_jpg.rf.9c8e2c589562e64822de9537fa6955a5.jpg; Healthy-60-img-2_jpg.rf.d4007ca3ff249fbe014a48aec7fa9e39.jpg; Healthy-60-img-3_jpg.rf.df412d9cb94412b748d5355d88467e7a.jpg
hand,healthy::61,3,train,61,Healthy,0,0,Healthy-61-img-1_jpg.rf.cbd648e2ab12d2adedb7f9739a571505.jpg; Healthy-61-img-2_jpg.rf.e5983eae5c986c1b842cc40bf9006cc3.jpg; Healthy-61-img-3_jpg.rf.bf7fa2d9ec23c7277f75e14605bdaae8.jpg
hand,healthy::62,3,train,62,Healthy,0,0,Healthy-62-img-1_jpg.rf.4cb9e2dc431ac9565412502bdd4bf48c.jpg; Healthy-62-img-2_jpg.rf.ce6f4c6c2c9d60ca56bd5721d4ced2b5.jpg; Healthy-62-img-3_jpg.rf.3af9fd8c9011b7b3f6edce1b7805cb38.jpg
hand,healthy::63,3,train,63,Healthy,0,0,Healthy-63-img-1_jpg.rf.2cb2e02a91c6a91aa76628ddb485ab2e.jpg; Healthy-63-img-2_jpg.rf.09529ce798e87ad7ea15d51c416e086a.jpg; Healthy-63-img-3_jpg.rf.b1ca4310887e7374ea67afd661aebbce.jpg
hand,healthy::64,3,train,64,Healthy,0,0,Healthy-64-img-1_jpg.rf.c27529dee3dac6f0330f257aea04423d.jpg; Healthy-64-img-2_jpg.rf.7edfc5df124936f9ce102a1bf3993192.jpg; Healthy-64-img-3_jpg.rf.cbfa904d84ecfabb37584cc298a977f8.jpg
hand,healthy::65,3,train,65,Healthy,0,0,Healthy-65-img-1_jpg.rf.c860ff236161ce0d835badb857658b7d.jpg; Healthy-65-img-2_jpg.rf.c48bdb2642c756e5e03ad38ad1cef4fa.jpg; Healthy-65-img-3_jpg.rf.a9a50ee9b6751f42933e40ace0725ceb.jpg
hand,healthy::66,3,train,66,Healthy,0,0,Healthy-66-img-1_jpg.rf.c04f103c9ea15ac90faa10f0cae80fe3.jpg; Healthy-66-img-2_jpg.rf.6b8a6175cdd39d3b2d33dd79d5c0b5ee.jpg; Healthy-66-img-3_jpg.rf.96d260271b2a3c60d26365d9a53ec26e.jpg
hand,healthy::67,3,train,67,Healthy,0,0,Healthy-67-img-1_jpg.rf.05ba4a3e53fedc6661def79a14510a69.jpg; Healthy-67-img-2_jpg.rf.bd00e9f55bbe74f33d3bb5060628f585.jpg; Healthy-67-img-3_jpg.rf.3500cafc95377f3629014c5846ea39cc.jpg
hand,healthy::69,3,train,69,Healthy,0,0,Healthy-69-img-1_jpg.rf.e3c7f2892142c9f2c3a36f5d610291e9.jpg; Healthy-69-img-2_jpg.rf.bc2d70f758d1802379d52e6aa6ceb885.jpg; Healthy-69-img-3_jpg.rf.997d790c564b40ac3f7dea17a3974557.jpg
hand,healthy::7,3,train,7,Healthy,0,0,Healthy-7-img-1_jpg.rf.a7f43a5491740b72ac731485bfe16a06.jpg; Healthy-7-img-2_jpg.rf.b355a24983ce7cf921b1a94744c4026c.jpg; Healthy-7-img-3_jpg.rf.76bb1c49e60ac58a2170e3be4aa83042.jpg
hand,healthy::70,3,train,70,Healthy,0,0,Healthy-70-img-1_jpg.rf.2650df5d4c41e55f84fb304ed26171f3.jpg; Healthy-70-img-2_jpg.rf.50912d5e6777adaa942c19a72e531ee5.jpg; Healthy-70-img-3_jpg.rf.f398f1cd758eee6c5c76338cfcf0be03.jpg
hand,healthy::71,3,train,71,Healthy,0,0,Healthy-71-img-1_jpg.rf.7cdcc53ee8ebe9ce4f2dc9150b1e00af.jpg; Healthy-71-img-2_jpg.rf.da55f2653ce39ae831db829d144fe4eb.jpg; Healthy-71-img-3_jpg.rf.cbc8c0ed351c734b32b9965dd3515b02.jpg
hand,healthy::72,3,train,72,Healthy,0,0,Healthy-72-img-1_jpg.rf.616e5df5a36caa9f8392e230d2342575.jpg; Healthy-72-img-2_jpg.rf.fd971d681a5fbaf56484f2ca327de60f.jpg; Healthy-72-img-3_jpg.rf.ba124ede681618a0df218cf74d5be782.jpg
hand,healthy::73,3,train,73,Healthy,0,0,Healthy-73-img-1_jpg.rf.ea9f63e858f682f8352c544401298b6b.jpg; Healthy-73-img-2_jpg.rf.6aba811b234a2372a21d645206ea2c25.jpg; Healthy-73-img-3_jpg.rf.98b0575408c0ea1388e21a5806dbe27c.jpg
hand,healthy::74,3,train,74,Healthy,0,0,Healthy-74-img-1_jpg.rf.5b3a42504e30e4791a230f3885c2f252.jpg; Healthy-74-img-2_jpg.rf.5ca090ded4d7f05a0539b993a841f770.jpg; Healthy-74-img-3_jpg.rf.27d9f35343557b30aa2514d1af162629.jpg
hand,healthy::75,3,train,75,Healthy,0,0,Healthy-75-img-1_jpg.rf.07917d50d97cfe92cc343b800ad40adf.jpg; Healthy-75-img-2_jpg.rf.f25e1f6554ccc6656a9a16be77d93bee.jpg; Healthy-75-img-3_jpg.rf.87bf1890ba67e53ef8cd4ad750714b27.jpg
hand,healthy::76,3,train,76,Healthy,0,0,Healthy-76-img-1_jpg.rf.290a6bf7d476ee1ccb08c8679fec5b4f.jpg; Healthy-76-img-2_jpg.rf.e27f0ca0d6f10d6f8ed87e9bc4fe35b9.jpg; Healthy-76-img-3_jpg.rf.ef17b840d0ffd8eb7e187fcb37a8f393.jpg
hand,healthy::77,3,train,77,Healthy,0,0,Healthy-77-img-1_jpg.rf.8b18f490c8205a596cb0c95b95e332cc.jpg; Healthy-77-img-2_jpg.rf.ef1282b22d97f9f5bf01904c3fbe27ee.jpg; Healthy-77-img-3_jpg.rf.076afab01f8448ad870a74925cf5e290.jpg
hand,healthy::78,3,train,78,Healthy,0,0,Healthy-78-img-1_jpg.rf.330e36589d57e31cfa5a8202c9637733.jpg; Healthy-78-img-2_jpg.rf.a3b2cf1f57a7640088ed8102fa91aac2.jpg; Healthy-78-img-3_jpg.rf.a198dc1ca7e49b8e02c29ed16e2b0afb.jpg
hand,healthy::8,3,train,8,Healthy,0,0,Healthy-8-img-1_jpg.rf.f8d232044de050dd6f6051c6f64c57c5.jpg; Healthy-8-img-2_jpg.rf.b1f75b884ed77f231bce36e971085699.jpg; Healthy-8-img-3_jpg.rf.db39ea56a3fd564851156b11281c380a.jpg
hand,healthy::80,3,train,80,Healthy,0,0,Healthy-80-img-1_jpg.rf.6f3d9f09d1ede0b9a89662a24d072dff.jpg; Healthy-80-img-2_jpg.rf.8086318e7c479ac4778a47eea3d268bf.jpg; Healthy-80-img-3_jpg.rf.5a8cd44ff785bafca3ad3d9777bddd6a.jpg
hand,healthy::81,3,train,81,Healthy,0,0,Healthy-81-img-1_jpg.rf.7006312fbe9a2fe407954f645515df48.jpg; Healthy-81-img-2_jpg.rf.6f2b15e3bf764774c290a103a8d4c725.jpg; Healthy-81-img-3_jpg.rf.a158d85c428e54988fa624e79129f648.jpg
hand,healthy::82,3,train,82,Healthy,0,0,Healthy-82-img-1_jpg.rf.a15f73f1185596db25aeb3cedc440fc9.jpg; Healthy-82-img-2_jpg.rf.9a930dff3bdc89d982d8681eaa7617e4.jpg; Healthy-82-img-3_jpg.rf.62551ff52178b408b639aec6faeea2af.jpg
hand,healthy::83,3,train,83,Healthy,0,0,Healthy-83-img-1_jpg.rf.8ebd36cffba25d757315238ee7cd9345.jpg; Healthy-83-img-2_jpg.rf.88ba4c8d16a11d48e9eaf30c2c087c93.jpg; Healthy-83-img-3_jpg.rf.6b2bbdb88435906dc5a23dc1b7f7cf9c.jpg
hand,healthy::84,3,train,84,Healthy,0,0,Healthy-84-img-1_jpg.rf.026da6b6aa999e92652a91c4fb12c894.jpg; Healthy-84-img-2_jpg.rf.fadeb1abb8db197a01fa0344dd0ba307.jpg; Healthy-84-img-3_jpg.rf.3e98b7c5d54e173e76f2adc040afe5fa.jpg
hand,healthy::85,3,train,85,Healthy,0,0,Healthy-85-img-1_jpg.rf.0e05810247713a2006ce56c71f85dda5.jpg; Healthy-85-img-2_jpg.rf.48e776148cfb1b7cf50d57201d968acd.jpg; Healthy-85-img-3_jpg.rf.2e0f599be0d68443ee384391bac57d8a.jpg
hand,healthy::86,3,train,86,Healthy,0,0,Healthy-86-img-1_jpg.rf.dba80f6c071895e3f4d03b097bdbed9e.jpg; Healthy-86-img-2_jpg.rf.855e1e5f31e6c59f54db5ffbe66793a7.jpg; Healthy-86-img-3_jpg.rf.8258d676bf81cd2560a8d4374226b82c.jpg
hand,healthy::87,3,train,87,Healthy,0,0,Healthy-87-img-1_jpg.rf.51a961d222365303325187a529dc9ce3.jpg; Healthy-87-img-2_jpg.rf.3cb0a031be3b5ff74e1741093fd1a6d2.jpg; Healthy-87-img-3_jpg.rf.b2190b79e94bb0acd8e2d7461c1495e3.jpg
hand,healthy::88,3,train,88,Healthy,0,0,Healthy-88-img-1_jpg.rf.a1eb7d86ba09f9be5f237d1c4aae2ddc.jpg; Healthy-88-img-2_jpg.rf.3fce6c9ce3fec34ff71394233b640049.jpg; Healthy-88-img-3_jpg.rf.6f7d9a96b56d7f6a80061f5c3ff7bcdd.jpg
hand,healthy::89,3,train,89,Healthy,0,0,Healthy-89-img-1_jpg.rf.9f4b593b9d0a615336b3c41b5a1c73da.jpg; Healthy-89-img-2_jpg.rf.861cd047a830b903baa093461573356b.jpg; Healthy-89-img-3_jpg.rf.2d072a1f4e2e70565fdbac1a3e7c3a2d.jpg
hand,healthy::9,3,train,9,Healthy,0,0,Healthy-9-img-1_jpg.rf.787c68102d1b806c4adfbee3a8d141f4.jpg; Healthy-9-img-2_jpg.rf.d26dd587a9d1b5bd26207adbd73c3c36.jpg; Healthy-9-img-3_jpg.rf.64a78888c87189e6c6eecb2376fc99fe.jpg
hand,healthy::90,3,train,90,Healthy,0,0,Healthy-90-img-1_jpg.rf.865b34116defa4a2a74293770dba7cfa.jpg; Healthy-90-img-2_jpg.rf.d7f2dc486e88e7980515fab5a73e1b6d.jpg; Healthy-90-img-3_jpg.rf.daad1273410d1c00d22ef0a67dbfe225.jpg
hand,healthy::91,3,train,91,Healthy,0,0,Healthy-91-img-1_jpg.rf.0ef0288652ad4fd1528de259020d5fc9.jpg; Healthy-91-img-2_jpg.rf.916dfb54b8dab077fb7dab7aa2146864.jpg; Healthy-91-img-3_jpg.rf.ba4f72fbe5234eadceb19f7ad6560825.jpg
hand,healthy::92,3,train,92,Healthy,0,0,Healthy-92-img-1_jpg.rf.6bba0d81b29e0abcf762aff50b2097e5.jpg; Healthy-92-img-2_jpg.rf.ef1f15306a80ab67cb084e75ef2c8bde.jpg; Healthy-92-img-3_jpg.rf.5892fce381023f2b3f0c244feae4f041.jpg
hand,healthy::94,3,train,94,Healthy,0,0,Healthy-94-img-1_jpg.rf.e7d72bd624df13ec80312dd0d9af8537.jpg; Healthy-94-img-2_jpg.rf.c15b5775640f16a3e0d04eb7a9cdfe6f.jpg; Healthy-94-img-3_jpg.rf.edf64c46ab08fdf243d9121a5b8edbf8.jpg
hand,healthy::95,3,train,95,Healthy,0,0,Healthy-95-img-1_jpg.rf.03fb2ab9df934e9a1c62eb5a47326161.jpg; Healthy-95-img-2_jpg.rf.073256165fad3f79053f3b8c93d1133f.jpg; Healthy-95-img-3_jpg.rf.49d850f772acbadc3615000303c5ab5d.jpg
hand,healthy::97,3,train,97,Healthy,0,0,Healthy-97-img-1_jpg.rf.013266e9cc0291994e1e936264db989a.jpg; Healthy-97-img-2_jpg.rf.df5a894d38c99e122d866d1fcd2ec33f.jpg; Healthy-97-img-3_jpg.rf.07048f13f2ac0ba9adeeab9a5bf9a08f.jpg
hand,healthy::98,3,train,98,Healthy,0,0,Healthy-98-img-1_jpg.rf.734e5d363fe6df882512338218ad415a.jpg; Healthy-98-img-2_jpg.rf.7dbb7ca59b08d15fd68438911048773e.jpg; Healthy-98-img-3_jpg.rf.fe275dcb30e1b2865756aeff59a4de8c.jpg
hand,healthy::99,3,train,99,Healthy,0,0,Healthy-99-img-1_jpg.rf.b781faf5722c59b96de751fb22af89df.jpg; Healthy-99-img-2_jpg.rf.22bff60ad662ad44dd4d7662756e9cb6.jpg; Healthy-99-img-3_jpg.rf.a435bc186600738ca23b379b7c68dfaf.jpg
hand,wssv::1,3,train,1,WSSV,3,0,WSSV-1-img-1_jpg.rf.c276fa7eebf46bba4309e92da030c4ce.jpg; WSSV-1-img-2_jpg.rf.40688fc7481929d84ec37db2c3cac016.jpg; WSSV-1-img-3_jpg.rf.e56a7cb07d838c58d7e1ff70d342984f.jpg
hand,wssv::10,3,train,10,WSSV,3,0,WSSV-10-img-1_jpg.rf.95d1021a8ebfa600ceedfb8cf5fd5b4c.jpg; WSSV-10-img-2_jpg.rf.7aba248624b49d50f5a43bd3a3c376d9.jpg; WSSV-10-img-3_jpg.rf.b3014bcb222bbc3ccdac83259644f3a1.jpg
hand,wssv::100,3,train,100,WSSV,3,0,WSSV-100-img-1_jpg.rf.afc70ade872dcd9269e08d68513e4259.jpg; WSSV-100-img-2_jpg.rf.862e6ca121e0f8142f321d620cdd0b3e.jpg; WSSV-100-img-3_jpg.rf.3f15b3f772e3bc13b7ed26f346061c0d.jpg
hand,wssv::103,3,train,103,WSSV,3,0,WSSV-103-img-1_jpg.rf.66a898e1879b5c20e0da97c6bd6d1326.jpg; WSSV-103-img-2_jpg.rf.7b38a0d5a97fe351f1e8ae0dd905099d.jpg; WSSV-103-img-3_jpg.rf.a5348c3621aaa75f122b05675104b80e.jpg
hand,wssv::104,3,train,104,WSSV,3,0,WSSV-104-img-1_jpg.rf.b20c1cc74d33dc4f8a250128b8234676.jpg; WSSV-104-img-2_jpg.rf.0433807bc44bc4afb87f9e16c719fd2f.jpg; WSSV-104-img-3_jpg.rf.8e3bf7fa72b102fc40fdd70cc236a14c.jpg
hand,wssv::105,3,train,105,WSSV,3,0,WSSV-105-img-1_jpg.rf.d5d6a747468018b0406b853b2da6707f.jpg; WSSV-105-img-2_jpg.rf.903105e7f468ab3b44fa6ff4c630ce08.jpg; WSSV-105-img-3_jpg.rf.fef30b08dc01aca809559b2405ac7112.jpg
hand,wssv::106,3,train,106,WSSV,3,0,WSSV-106-img-1_jpg.rf.5b3223949a792582a81abb9965daaeda.jpg; WSSV-106-img-2_jpg.rf.512b1a953e19dc4b8f39b731b5ff16cf.jpg; WSSV-106-img-3_jpg.rf.c33b6257d26b0c720890f360cde5ebf5.jpg
hand,wssv::107,3,train,107,WSSV,3,0,WSSV-107-img-1_jpg.rf.28ba36f738afc70fa3d4c7584cb6b6d1.jpg; WSSV-107-img-2_jpg.rf.466f395b48eb8a73da55214fcc7a1cc2.jpg; WSSV-107-img-3_jpg.rf.72593e321db397402b18bfa262af99af.jpg
hand,wssv::108,3,train,108,WSSV,3,0,WSSV-108-img-1_jpg.rf.39f5b3531db4e0de947b9c56d974b281.jpg; WSSV-108-img-2_jpg.rf.612ee237a383dc07bd419ce5dc10541c.jpg; WSSV-108-img-3_jpg.rf.fc26834d11a1107d8b320e632182955e.jpg
hand,wssv::109,3,train,109,WSSV,3,0,WSSV-109-img-1_jpg.rf.d390594203a51ebd53350cc02b060bf1.jpg; WSSV-109-img-2_jpg.rf.4d93768b6f210b9431a1aa103dd8c58f.jpg; WSSV-109-img-3_jpg.rf.0f7144a8962d9af2b337d0a059340e1a.jpg
hand,wssv::11,3,train,11,WSSV,3,0,WSSV-11-img-1_jpg.rf.e7de0da7b818c01308f4490784138a75.jpg; WSSV-11-img-2_jpg.rf.66f967256da121e1149c96516e22e5f9.jpg; WSSV-11-img-3_jpg.rf.6d77d5ecbd7912dd73273b8aedeffecf.jpg
hand,wssv::111,3,train,111,WSSV,3,0,WSSV-111-img-1_jpg.rf.d990927abbc977342d11a990ab9fe169.jpg; WSSV-111-img-2_jpg.rf.8e3f43376f2698bb70cc958f12849636.jpg; WSSV-111-img-3_jpg.rf.d7b9e643164ed303df6bcba9148b878f.jpg
hand,wssv::112,3,train,112,WSSV,3,0,WSSV-112-img-1_jpg.rf.5206c54ebd9c7b53b4bddc8f4aacaef2.jpg; WSSV-112-img-2_jpg.rf.08764be7efdabf9e2e5babb4b18e7023.jpg; WSSV-112-img-3_jpg.rf.774522cc77596441fd88ef6b8b83e18d.jpg
hand,wssv::113,3,train,113,WSSV,3,0,WSSV-113-img-1_jpg.rf.b972780529ad3e5d0024fb9c091c292f.jpg; WSSV-113-img-2_jpg.rf.d5090cc769486e6669a2dd9f3f351fce.jpg; WSSV-113-img-3_jpg.rf.7685e93558751761e665bb4b04b74a63.jpg
hand,wssv::115,3,train,115,WSSV,3,0,WSSV-115-img-1_jpg.rf.a8e6e72adb5a5e0a49b96faec39fae2d.jpg; WSSV-115-img-2_jpg.rf.10efe1f7f194a90cfee00cb4b10b37c7.jpg; WSSV-115-img-3_jpg.rf.4ba97ba2a1c55bf2599c2024044b1572.jpg
hand,wssv::116,3,train,116,WSSV,3,0,WSSV-116-img-1_jpg.rf.ed8e9f764d8362ca3175db77295170c1.jpg; WSSV-116-img-2_jpg.rf.3ca7aedb8b6f5ecaa8fe4bf522882d4b.jpg; WSSV-116-img-3_jpg.rf.f42a300f0a0155f2568f60ee683c9885.jpg
hand,wssv::118,3,train,118,WSSV,3,0,WSSV-118-img-1_jpg.rf.1d619863d76a7aee69934ed3a628e05e.jpg; WSSV-118-img-2_jpg.rf.00276b505e5fdff9cb6a3ce077822ef6.jpg; WSSV-118-img-3_jpg.rf.2902281a03f8818fc0392e044c80e626.jpg
hand,wssv::13,3,train,13,WSSV,3,0,WSSV-13-img-1_jpg.rf.302bfcdb458ead160ff65d3e3040d7d7.jpg; WSSV-13-img-2_jpg.rf.d097612d27ccf078fb76173f770d7bbd.jpg; WSSV-13-img-3_jpg.rf.192bdd5d9015ad51bfbdbc26afb557d4.jpg
hand,wssv::14,3,train,14,WSSV,3,0,WSSV-14-img-1_jpg.rf.686774d82bfba428b73d3c0a15adf3ed.jpg; WSSV-14-img-2_jpg.rf.786f16e92ecc3f053916bfa3581b1e64.jpg; WSSV-14-img-3_jpg.rf.a8a526b4781b983e121dd5c9f83d7e2d.jpg
hand,wssv::15,3,train,15,WSSV,3,0,WSSV-15-img-1_jpg.rf.d4fe988dd99394907a4b88873c89db87.jpg; WSSV-15-img-2_jpg.rf.46d072ea7dd7e02e1ad76baf013e1b68.jpg; WSSV-15-img-3_jpg.rf.e8ecc5c5c4a8e369466d33fe3b540c2f.jpg
hand,wssv::16,3,train,16,WSSV,3,0,WSSV-16-img-1_jpg.rf.91cca85ade934a88ab5078de1d1f2ffb.jpg; WSSV-16-img-2_jpg.rf.a19cc25cc776551d60ae8332cea8ea0a.jpg; WSSV-16-img-3_jpg.rf.326fb75426f0843dda8c028d01850652.jpg
hand,wssv::17,3,train,17,WSSV,3,0,WSSV-17-img-1_jpg.rf.417e83f656a30a56e04b87e3d9aea8a9.jpg; WSSV-17-img-2_jpg.rf.879209de8cf619a711a535a9385ff0c6.jpg; WSSV-17-img-3_jpg.rf.3981235b26deb92116790e9d68147bc3.jpg
hand,wssv::18,3,train,18,WSSV,3,0,WSSV-18-img-1_jpg.rf.72b318e2bdda72a085cbe1a02d4e4c9a.jpg; WSSV-18-img-2_jpg.rf.73a4abd889d17222e3d6dd795be929c1.jpg; WSSV-18-img-3_jpg.rf.fd00f14466ebaa2e151291c345293465.jpg
hand,wssv::19,3,train,19,WSSV,3,0,WSSV-19-img-1_jpg.rf.260c9a5ff9d86f35e6e2ea41607ded2c.jpg; WSSV-19-img-2_jpg.rf.62a78b5e0e48205859a5f80cd218115b.jpg; WSSV-19-img-3_jpg.rf.a18c5d021c76547354fe8ea07b312612.jpg
hand,wssv::2,3,train,2,WSSV,3,0,WSSV-2-img-1_jpg.rf.9bfc96814cf8b7cde794cfeaeac53b10.jpg; WSSV-2-img-2_jpg.rf.4dcc78c0e4b82d6dcd8865bef81a0d32.jpg; WSSV-2-img-3_jpg.rf.2be653420c5a75fe538de167acb07879.jpg
hand,wssv::20,3,train,20,WSSV,3,0,WSSV-20-img-1_jpg.rf.da3cd372a73542ce034a8f66d4134cd9.jpg; WSSV-20-img-2_jpg.rf.8fdd547435b83f71145b32e53479ef09.jpg; WSSV-20-img-3_jpg.rf.dd7c5c259550ea827b2ac1fd91dbbfdc.jpg
hand,wssv::21,3,train,21,WSSV,3,0,WSSV-21-img-1_jpg.rf.cae60b5481b4f29e125b7cd392d4128b.jpg; WSSV-21-img-2_jpg.rf.cf7a887f61ce6edbd5f45c3761d1cfb5.jpg; WSSV-21-img-3_jpg.rf.12396ce656657438c7f98732d0ca9676.jpg
hand,wssv::23,3,train,23,WSSV,3,0,WSSV-23-img-1_jpg.rf.f88fe2aa6cd97769b462b647b7b57f66.jpg; WSSV-23-img-2_jpg.rf.00114ba2c7935ebdd4892f1f453c2b23.jpg; WSSV-23-img-3_jpg.rf.f86104f144c940d341b59eef4a4c403b.jpg
hand,wssv::24,3,train,24,WSSV,3,0,WSSV-24-img-1_jpg.rf.d24fcd08e0e57c57c0a9526caad38460.jpg; WSSV-24-img-2_jpg.rf.2a375e5cc1c3742cbac39e46b7ee05cb.jpg; WSSV-24-img-3_jpg.rf.00a2b3f8377a532a221e18095a93dac6.jpg
hand,wssv::25,3,train,25,WSSV,3,0,WSSV-25-img-1_jpg.rf.a597ede6e84cf810a5b74922b6be2b6c.jpg; WSSV-25-img-2_jpg.rf.922574f72fd42517e8144a7ca2ea3a53.jpg; WSSV-25-img-3_jpg.rf.45a39355ba0d6b013fe7bb3eeb3e81bd.jpg
hand,wssv::26,3,train,26,WSSV,3,0,WSSV-26-img-1_jpg.rf.d32a3b4d766b2ab6e3da17ad6e26c664.jpg; WSSV-26-img-2_jpg.rf.42e00496bcb2e420c8a5d36ec08cd08e.jpg; WSSV-26-img-3_jpg.rf.a44fe93022a005816403ac274401f693.jpg
hand,wssv::27,3,train,27,WSSV,3,0,WSSV-27-img-1_jpg.rf.8104a857d3303c7feb8e01f1b9ba44bf.jpg; WSSV-27-img-2_jpg.rf.fdc91093cc5d8bb6a8f7dc87e1d3efd2.jpg; WSSV-27-img-3_jpg.rf.235c56e51520c80a5a5e446418658ce7.jpg
hand,wssv::28,3,train,28,WSSV,3,0,WSSV-28-img-1_jpg.rf.a43ee460976dce0b20eaa8daf9bd338b.jpg; WSSV-28-img-2_jpg.rf.0c2bc49ce6c7f0f3d3fa6dc5d788a7a7.jpg; WSSV-28-img-3_jpg.rf.503e3401e5be3b1dc82127c94d8e2503.jpg
hand,wssv::30,3,train,30,WSSV,3,0,WSSV-30-img-1_jpg.rf.0ebe8e31a31c86729883c299d593599d.jpg; WSSV-30-img-2_jpg.rf.d174c74dba17c27ea8b54fa6039ad8a0.jpg; WSSV-30-img-3_jpg.rf.16118b98d11f5a1602a1e7d735cc7880.jpg
hand,wssv::31,3,train,31,WSSV,3,0,WSSV-31-img-1_jpg.rf.82eb63fcab98e2d44e1f3b40f4011706.jpg; WSSV-31-img-2_jpg.rf.7c78188c6f8e8fc04e03e66ff74b9148.jpg; WSSV-31-img-3_jpg.rf.ba9cfd21aeb736edb32bc87411e54df4.jpg
hand,wssv::32,3,train,32,WSSV,3,0,WSSV-32-img-1_jpg.rf.51bbe426ce2be1ad3c7b71b0bd414633.jpg; WSSV-32-img-2_jpg.rf.8f3c0c70f787380ceef99317bf6c065d.jpg; WSSV-32-img-3_jpg.rf.c23880217b3cc1fdd7f8141fa868fca7.jpg
hand,wssv::33,3,train,33,WSSV,3,0,WSSV-33-img-1_jpg.rf.5d9f0d160d3243a099c031f889be341a.jpg; WSSV-33-img-2_jpg.rf.bc267a64649a872e4e6f89177cc4d3f2.jpg; WSSV-33-img-3_jpg.rf.0e2e84da7403deb16eaee3f24460c24e.jpg
hand,wssv::35,3,train,35,WSSV,3,0,WSSV-35-img-1_jpg.rf.6805ff7d80db7e79dfcbdf18347beb82.jpg; WSSV-35-img-2_jpg.rf.aa9c733ef2de15baa52b53c0b1bb2ab2.jpg; WSSV-35-img-3_jpg.rf.7ec5c64aa7a468b3555ea19e2d082915.jpg
hand,wssv::36,3,train,36,WSSV,3,0,WSSV-36-img-1_jpg.rf.f5b5735f7e8c7321793925b898da29c5.jpg; WSSV-36-img-2_jpg.rf.e3cdae4881637d0c52430cc243be89f0.jpg; WSSV-36-img-3_jpg.rf.57b2ce0c4b488afd991b41db8adc0899.jpg
hand,wssv::38,3,train,38,WSSV,3,0,WSSV-38-img-1_jpg.rf.0184ab0d1a4692445c5d379d6352f1d4.jpg; WSSV-38-img-2_jpg.rf.eedd6b3d57dbee3d68a6b03ed7d52a3d.jpg; WSSV-38-img-3_jpg.rf.135b07c0dc9f625f2f9e47ff20b6410c.jpg
hand,wssv::39,3,train,39,WSSV,3,0,WSSV-39-img-1_jpg.rf.e2aa4f503ec2890f40aa7d4c53a73c0c.jpg; WSSV-39-img-2_jpg.rf.9b76e9989e87016b4a0b7c2429aaf793.jpg; WSSV-39-img-3_jpg.rf.13f19f29e23f5db94277a11151c529e6.jpg
hand,wssv::4,3,train,4,WSSV,3,0,WSSV-4-img-1_jpg.rf.4b1e750a176bfd8d132664ecc28e3e18.jpg; WSSV-4-img-2_jpg.rf.5a823088a9c955ff3c2029038bcf74e8.jpg; WSSV-4-img-3_jpg.rf.1e863cf937538f9cde39546756aeb050.jpg
hand,wssv::40,3,train,40,WSSV,3,0,WSSV-40-img-1_jpg.rf.44e63e85790d5f07265a0716e1a487b7.jpg; WSSV-40-img-2_jpg.rf.9a2cfe8e5d2a8022b7961ca566d03475.jpg; WSSV-40-img-3_jpg.rf.64aee48a6d444b9c2ccbd7a5288991b4.jpg
hand,wssv::41,3,train,41,WSSV,3,0,WSSV-41-img-1_jpg.rf.0e9cccda6c7c7f12db908ba18e120966.jpg; WSSV-41-img-2_jpg.rf.eb0c98269b7a94d8573f231a7e316788.jpg; WSSV-41-img-3_jpg.rf.34dc70f5be8d9852f0f49b8cdc65dc6c.jpg
hand,wssv::42,3,train,42,WSSV,3,0,WSSV-42-img-1_jpg.rf.ffefd589f2d887d3dfaa8338af372370.jpg; WSSV-42-img-2_jpg.rf.9cb7542154fbef106d71cc28cd918b04.jpg; WSSV-42-img-3_jpg.rf.6ff48350982832a44eb86ba45bcd75d8.jpg
hand,wssv::43,3,train,43,WSSV,3,0,WSSV-43-img-1_jpg.rf.e7712374da0239a5f361d181c8719b4c.jpg; WSSV-43-img-2_jpg.rf.892a0012673c9e3a8dea7f6d756be447.jpg; WSSV-43-img-3_jpg.rf.af224f947616ba438155c7a6a987faec.jpg
hand,wssv::44,3,train,44,WSSV,3,0,WSSV-44-img-1_jpg.rf.7283dcceb3911d100f4858d6a4eab56e.jpg; WSSV-44-img-2_jpg.rf.6614283056d5637fb009628fefad1c14.jpg; WSSV-44-img-3_jpg.rf.f7e06489492b0f5f9bf1cb79782d7560.jpg
hand,wssv::45,3,train,45,WSSV,3,0,WSSV-45-img-1_jpg.rf.6993944fa72d99b8bced0a2189737ed6.jpg; WSSV-45-img-2_jpg.rf.b4b586a0f4bab6b7c33941897dc6adce.jpg; WSSV-45-img-3_jpg.rf.2c93bc43faae80467ad779589e509608.jpg
hand,wssv::46,3,train,46,WSSV,3,0,WSSV-46-img-1_jpg.rf.b5374c46a427fa970f79a8911c4b5d5d.jpg; WSSV-46-img-2_jpg.rf.60c30fd3e109f76fc1873ec250071ebc.jpg; WSSV-46-img-3_jpg.rf.a4e4a500b1eb80e6f5ccf2cae3aad5d7.jpg
hand,wssv::47,3,train,47,WSSV,3,0,WSSV-47-img-1_jpg.rf.596917efe2ca93e0afd886c3fcaf5f99.jpg; WSSV-47-img-2_jpg.rf.7b28eb410b6dbbead090586851c1b6e6.jpg; WSSV-47-img-3_jpg.rf.92a25f55a3a602bd92d2839697cc8f57.jpg
hand,wssv::48,3,train,48,WSSV,3,0,WSSV-48-img-1_jpg.rf.59a8892adecac5e34e5d72d8a3a06b03.jpg; WSSV-48-img-2_jpg.rf.6b37af331d09510eaadae6f57edd2ab9.jpg; WSSV-48-img-3_jpg.rf.e4181ac33c53aacb884037177173a5a8.jpg
hand,wssv::49,3,train,49,WSSV,3,0,WSSV-49-img-1_jpg.rf.f1d61e52a71e14de69144d40c04b4425.jpg; WSSV-49-img-2_jpg.rf.cd4a0d4bed5fa06b845b58d6e1239587.jpg; WSSV-49-img-3_jpg.rf.faac2551bc742f63c94a668c0129c7a0.jpg
hand,wssv::5,3,train,5,WSSV,3,0,WSSV-5-img-1_jpg.rf.b3a4683c309e471d91ae9f369edec48b.jpg; WSSV-5-img-2_jpg.rf.88438d21a1a743dfe5a167cea35bc04c.jpg; WSSV-5-img-3_jpg.rf.61338cb2a112030ad09344a0246b0380.jpg
hand,wssv::50,3,train,50,WSSV,3,0,WSSV-50-img-1_jpg.rf.9d93f37a2b2273facb56b067fbed83f4.jpg; WSSV-50-img-2_jpg.rf.0944eecd0e06a713ae437aa3b47002d0.jpg; WSSV-50-img-3_jpg.rf.33b774231e330f801bf2c66419ee8ce2.jpg
hand,wssv::51,3,train,51,WSSV,3,0,WSSV-51-img-1_jpg.rf.7073ae7252c03d92354c8ec889906040.jpg; WSSV-51-img-2_jpg.rf.52fca9d1b91291de5c75d77c7b396021.jpg; WSSV-51-img-3_jpg.rf.431a87854f04bf1c299344d60adb7dc5.jpg
hand,wssv::52,3,train,52,WSSV,3,0,WSSV-52-img-1_jpg.rf.b20da609e497887808fd7a44cbc90b05.jpg; WSSV-52-img-2_jpg.rf.6e963f1028e995a67fa4f51f8a8f62d8.jpg; WSSV-52-img-3_jpg.rf.0f66467be7e7279677a9e388fd72bc82.jpg
hand,wssv::53,3,train,53,WSSV,3,0,WSSV-53-img-1_jpg.rf.2111b4e5c94c93a8ffcef0b0745ae0d2.jpg; WSSV-53-img-2_jpg.rf.113a7a3cde95523271160b5b80e4198a.jpg; WSSV-53-img-3_jpg.rf.587f555d4e909f1adc6b73719da8123e.jpg
hand,wssv::54,3,train,54,WSSV,3,0,WSSV-54-img-1_jpg.rf.0326b7fe1df57bddcb40d969998ed8c5.jpg; WSSV-54-img-2_jpg.rf.96231fe98fad61ede28fab66349c8e58.jpg; WSSV-54-img-3_jpg.rf.a433639f4447bf9ea19d734971c6774c.jpg
hand,wssv::55,3,train,55,WSSV,3,0,WSSV-55-img-1_jpg.rf.ed9e9fc5f6fbc280ea499e2216df7fd0.jpg; WSSV-55-img-2_jpg.rf.48eeef7ea60b7f5fc489609ce4838870.jpg; WSSV-55-img-3_jpg.rf.61044ae6d7feeda0c94c1cd87063a852.jpg
hand,wssv::56,3,train,56,WSSV,3,0,WSSV-56-img-1_jpg.rf.24cce8970039cdb862882fd28165a26c.jpg; WSSV-56-img-2_jpg.rf.04075728b62fc414f18d6b8ccb3c7978.jpg; WSSV-56-img-3_jpg.rf.f582c9ee213d3a4bb27828a08c97d744.jpg
hand,wssv::58,3,train,58,WSSV,3,0,WSSV-58-img-1_jpg.rf.4f7fb2f426b441b25a1d2ed2ed71ad56.jpg; WSSV-58-img-2_jpg.rf.619d48e16be9fbedd23b73f8aee1c9d8.jpg; WSSV-58-img-3_jpg.rf.ba7bb93ae9cb70a4db0c9207eecf5f8c.jpg
hand,wssv::6,3,train,6,WSSV,3,0,WSSV-6-img-1_jpg.rf.489e7fd024fdb28994b81b43c1cf74be.jpg; WSSV-6-img-2_jpg.rf.7b6045ae078418954626922f621f31ac.jpg; WSSV-6-img-3_jpg.rf.8e8d7cd540c41c48e24307b58f4cc329.jpg
hand,wssv::60,3,train,60,WSSV,3,0,WSSV-60-img-1_jpg.rf.9d00df46268801aa656ccd2827eb8728.jpg; WSSV-60-img-2_jpg.rf.24d7d3c9d44eb96a2fa793b91d0bb1f8.jpg; WSSV-60-img-3_jpg.rf.279f495ce6b9ae1bb05929b6f8f70e49.jpg
hand,wssv::61,3,train,61,WSSV,3,0,WSSV-61-img-1_jpg.rf.c69f34a2baf2ac924b2006a6c179b6cf.jpg; WSSV-61-img-2_jpg.rf.869095e9bca47cc45e295e23d7849a20.jpg; WSSV-61-img-3_jpg.rf.355db745afdea77ef59d95eb5fbbf67d.jpg
hand,wssv::63,3,train,63,WSSV,3,0,WSSV-63-img-1_jpg.rf.7baa3126be9748b45eba10404bb68973.jpg; WSSV-63-img-2_jpg.rf.067cd64129b51144d08fa08806d816e2.jpg; WSSV-63-img-3_jpg.rf.f3da5dda223e444cba5acc176a92521d.jpg
hand,wssv::64,3,train,64,WSSV,3,0,WSSV-64-img-1_jpg.rf.8360a0d3429a2d1b30eebf9899373b9f.jpg; WSSV-64-img-2_jpg.rf.6abda3f7cdb5b82fef50e394c868fee8.jpg; WSSV-64-img-3_jpg.rf.688c8137f2718a20e4550dfaa9d48337.jpg
hand,wssv::65,3,train,65,WSSV,3,0,WSSV-65-img-1_jpg.rf.372e114e391ddf86199f680d0ecf3afc.jpg; WSSV-65-img-2_jpg.rf.abb01d32582d917262e396602a9a1bca.jpg; WSSV-65-img-3_jpg.rf.f4a72a362d654ab8bd44a97d89138d80.jpg
hand,wssv::66,3,train,66,WSSV,3,0,WSSV-66-img-1_jpg.rf.0d9f0f5bcac685894cdbf2d84f13ad45.jpg; WSSV-66-img-2_jpg.rf.939c7e1e6f4894cd53580ba1226f9fb7.jpg; WSSV-66-img-3_jpg.rf.6b068ed4219a2dee0fc76900692e5f69.jpg
hand,wssv::67,3,train,67,WSSV,3,0,WSSV-67-img-1_jpg.rf.5f4d76a16c0ec867290c247e07f9bf90.jpg; WSSV-67-img-2_jpg.rf.d48746046bbf8abfc5f275bff3d0adf6.jpg; WSSV-67-img-3_jpg.rf.883f48a90c7c5c4be085a026b52e7cbb.jpg
hand,wssv::68,3,train,68,WSSV,3,0,WSSV-68-img-1_jpg.rf.8e128a42513273267b76ce5432e75a91.jpg; WSSV-68-img-2_jpg.rf.e6a9bcdcffc4e6251069cad9ebbaf857.jpg; WSSV-68-img-3_jpg.rf.b13aa75c4b55af30a1d4a1fa11950587.jpg
hand,wssv::69,3,train,69,WSSV,3,0,WSSV-69-img-1_jpg.rf.ab3d1e1b9e72b675f04500dbbbdf2982.jpg; WSSV-69-img-2_jpg.rf.a9547d1e4853fb8a2f1b3b6fde1c8546.jpg; WSSV-69-img-3_jpg.rf.3d2e8691d99c248f73a0101fd2779252.jpg
hand,wssv::7,3,train,7,WSSV,3,0,WSSV-7-img-1_jpg.rf.6e7b6506031ff5e7f93c26393686078b.jpg; WSSV-7-img-2_jpg.rf.d1bc54906596155f581fa8cf169242ec.jpg; WSSV-7-img-3_jpg.rf.cd5c93196d66c942f51f8036602cbe5e.jpg
hand,wssv::70,3,train,70,WSSV,3,0,WSSV-70-img-1_jpg.rf.e95eec9eb89f97af775beceee8a748eb.jpg; WSSV-70-img-2_jpg.rf.e6db15612cd6dd1aa845ce582c6fd3ed.jpg; WSSV-70-img-3_jpg.rf.ff8ca6a553adc754735051958398b783.jpg
hand,wssv::71,3,train,71,WSSV,3,0,WSSV-71-img-1_jpg.rf.8213a8f80d8260fcf867855ba101ef25.jpg; WSSV-71-img-2_jpg.rf.d70e2a546a8e5565b4d633f401a151ce.jpg; WSSV-71-img-3_jpg.rf.fb0c6238f7dd546ac7efc957324cbd9c.jpg
hand,wssv::72,3,train,72,WSSV,3,0,WSSV-72-img-1_jpg.rf.cdcd900f8f18cbfd1a2bd896eccab2fe.jpg; WSSV-72-img-2_jpg.rf.b28b08e646b95908f182d3add474a653.jpg; WSSV-72-img-3_jpg.rf.69596e540283ede6a01788418c7c9411.jpg
hand,wssv::73,3,train,73,WSSV,3,0,WSSV-73-img-1_jpg.rf.615a96b3fbfc2c40380d244a42414d0f.jpg; WSSV-73-img-2_jpg.rf.a2035f157b8c4a64bee123f873b98f7e.jpg; WSSV-73-img-3_jpg.rf.768880f77605a326416878d75b92242b.jpg
hand,wssv::74,3,train,74,WSSV,3,0,WSSV-74-img-1_jpg.rf.acbdde165b1135c650f33ba9aaf6231d.jpg; WSSV-74-img-2_jpg.rf.b10b56bacdab7f7408f59b368c086fc0.jpg; WSSV-74-img-3_jpg.rf.35e1afb6dcdd526c0d891c74a9e57402.jpg
hand,wssv::76,3,train,76,WSSV,3,0,WSSV-76-img-1_jpg.rf.9ebf326a740a6a1ef794782307f1fe1d.jpg; WSSV-76-img-2_jpg.rf.ebeb24bc5c680fd06febe69d7630af7a.jpg; WSSV-76-img-3_jpg.rf.1a97e80ab947c604831f82e81cfcf9da.jpg
hand,wssv::77,3,train,77,WSSV,3,0,WSSV-77-img-1_jpg.rf.8a2db042e9252c79c7250ebade55d1d8.jpg; WSSV-77-img-2_jpg.rf.6bbd31c7e5414e0ebfb2d65f6dc06b58.jpg; WSSV-77-img-3_jpg.rf.e3f1cf7b60d59c9efcdcbbd69da54cc5.jpg
hand,wssv::79,3,train,79,WSSV,3,0,WSSV-79-img-1_jpg.rf.9858e1ec03feba38aedcd441b28a9128.jpg; WSSV-79-img-2_jpg.rf.ba1c59834f3068c3a03225b1c92b34cd.jpg; WSSV-79-img-3_jpg.rf.d14e3d8a7d1e96335ea1f79a68ebf6d1.jpg
hand,wssv::8,3,train,8,WSSV,3,0,WSSV-8-img-1_jpg.rf.b2e696e948605008b4c0b87df755186f.jpg; WSSV-8-img-2_jpg.rf.b8feb8fc93fec2e662b5775aec1d2876.jpg; WSSV-8-img-3_jpg.rf.f10ba5c34df3dcef94b28c110a9e11ee.jpg
hand,wssv::80,3,train,80,WSSV,3,0,WSSV-80-img-1_jpg.rf.f8371255f3568c657646f81633cb686a.jpg; WSSV-80-img-2_jpg.rf.a32c8f794f1c19412c073b0cfd329e83.jpg; WSSV-80-img-3_jpg.rf.16597596f2b028bbcfbbe353b03c7e1d.jpg
hand,wssv::84,3,train,84,WSSV,3,0,WSSV-84-img-1_jpg.rf.0c471f4332713ad9cf2dfca9f611af67.jpg; WSSV-84-img-2_jpg.rf.684df45da9ec719e378218ed10c0f1fd.jpg; WSSV-84-img-3_jpg.rf.e0a8bed854822b1baf1eb502ad76aeae.jpg
hand,wssv::86,3,train,86,WSSV,3,0,WSSV-86-img-1_jpg.rf.d91c8f3c12c3c1e78b52d0ae700cc555.jpg; WSSV-86-img-2_jpg.rf.d2cb77a0089ad0d234db2928e3ab4f53.jpg; WSSV-86-img-3_jpg.rf.80118a9711a142d3701fae74dfc4807a.jpg
hand,wssv::9,3,train,9,WSSV,3,0,WSSV-9-img-1_jpg.rf.6aec36dfdd5d8c68a8ef4cad6b529852.jpg; WSSV-9-img-2_jpg.rf.3aaf05b1aef16d452ab1e8e4b061bc8d.jpg; WSSV-9-img-3_jpg.rf.c79dbeda19fad66bc1d72035eedcc21b.jpg
hand,wssv::91,3,train,91,WSSV,3,0,WSSV-91-img-1_jpg.rf.2ba670c96d0f845b80c36ab4d0b681d5.jpg; WSSV-91-img-2_jpg.rf.69d94f3e24d957ee0f2feb48a6f7ba41.jpg; WSSV-91-img-3_jpg.rf.28e09771392ab391bb1ec0b3c351346c.jpg
hand,wssv::92,3,train,92,WSSV,3,0,WSSV-92-img-1_jpg.rf.a127e2861d39d2b1a41caaf57d6aa923.jpg; WSSV-92-img-2_jpg.rf.4de58cc2b5e1ee9d51aa4966abde7dae.jpg; WSSV-92-img-3_jpg.rf.72d2ea4f0d1d5ef3f1f4f6e8484c95b5.jpg
hand,wssv::93,3,train,93,WSSV,3,0,WSSV-93-img-1_jpg.rf.ee6b99860087ebebcec71fd29b8fcf91.jpg; WSSV-93-img-2_jpg.rf.e80b9ae818fabe952838fdb749d763d7.jpg; WSSV-93-img-3_jpg.rf.58624d4d8965a7c6959a2beeaad71bb3.jpg
hand,wssv::94,3,train,94,WSSV,3,0,WSSV-94-img-1_jpg.rf.cb156c7b73f813d6a30e36e42a35725f.jpg; WSSV-94-img-2_jpg.rf.b0666aed5a8ed657d5445c2228684e8b.jpg; WSSV-94-img-3_jpg.rf.4f8af9698e2d3f9fe1be42bd9f1e8acb.jpg
hand,wssv::95,3,train,95,WSSV,3,0,WSSV-95-img-1_jpg.rf.23b66674f5e748d2a82b1424759b956a.jpg; WSSV-95-img-2_jpg.rf.fe0fc68cb173816c99862541fd0ae13d.jpg; WSSV-95-img-3_jpg.rf.29203ea3f48ccf4b1ea17e11faee9a34.jpg
hand,wssv::96,3,train,96,WSSV,3,0,WSSV-96-img-1_jpg.rf.a3da0be27f2c79c820065f64bf4d570f.jpg; WSSV-96-img-2_jpg.rf.49f23a289d0c594403443ee5efbc5b35.jpg; WSSV-96-img-3_jpg.rf.220bc878a563bcbcd7a123625b00b6d5.jpg
hand,wssv::97,3,train,97,WSSV,3,0,WSSV-97-img-1_jpg.rf.39ef3f5349d33e27ca789b60e3433123.jpg; WSSV-97-img-2_jpg.rf.184c71bf2069143adbd35aa9f22a9993.jpg; WSSV-97-img-3_jpg.rf.94101195c540b2a49baf19f63188a6c4.jpg
hand,wssv::98,3,train,98,WSSV,3,0,WSSV-98-img-1_jpg.rf.851c9d96412a1212e4030e19e7594600.jpg; WSSV-98-img-2_jpg.rf.da0e7ab1ca9b61b6862d3aa034dd882e.jpg; WSSV-98-img-3_jpg.rf.b57af29684d3df394a1d6831ff0ad122.jpg
hand,wssv::99,3,train,99,WSSV,3,0,WSSV-99-img-1_jpg.rf.612202cbc52bc66acd004c27e5bf21d6.jpg; WSSV-99-img-2_jpg.rf.ce86a402f6363ac65fca0f4c1347fe82.jpg; WSSV-99-img-3_jpg.rf.ae93da4c00e457f84622a27860bc107f.jpg
hand,wssv_bg::1,3,train,1,WSSV_BG,6,3,WSSV_BG-1-img-1_jpg.rf.0b272870762f3d389643c6cad5d80415.jpg; WSSV_BG-1-img-2_jpg.rf.386e8974819061f3752bb278f461a58b.jpg; WSSV_BG-1-img-3_jpg.rf.8fca44e5f7365cc0e1e98a12831b5fc2.jpg
hand,wssv_bg::10,3,train,10,WSSV_BG,9,3,WSSV_BG-10-img-1_jpg.rf.61fffe03855d5e5323e1033b66a449c7.jpg; WSSV_BG-10-img-2_jpg.rf.147f4fae25f866a4210e05bd48dd4491.jpg; WSSV_BG-10-img-3_jpg.rf.87db521af8a33f1bbedaf3b54ffdb040.jpg
hand,wssv_bg::11,3,train,11,WSSV_BG,6,3,WSSV_BG-11-img-1_jpg.rf.c31de6a867ba5495adc077c2a0d73a7b.jpg; WSSV_BG-11-img-2_jpg.rf.8728d40411f4afd68b124f87acb36b03.jpg; WSSV_BG-11-img-3_jpg.rf.6c5ff3a8c422fd7854e82ffe5dff3bf1.jpg
hand,wssv_bg::12,3,train,12,WSSV_BG,12,3,WSSV_BG-12-img-1_jpg.rf.83e5597e6c6b7fe0daeb5f76cffc0dbc.jpg; WSSV_BG-12-img-2_jpg.rf.b9fa4c63149fc54389c043256e3a68a8.jpg; WSSV_BG-12-img-3_jpg.rf.021a4e9745621e043a15b6ba51d52848.jpg
hand,wssv_bg::13,3,train,13,WSSV_BG,6,3,WSSV_BG-13-img-1_jpg.rf.f96e70e4f67eed336271fbc6a2d0e2f0.jpg; WSSV_BG-13-img-2_jpg.rf.c5c4bdbe54f58efd08cc9a367be4b4a3.jpg; WSSV_BG-13-img-3_jpg.rf.5179196b92bcb915dcab20c379c259b5.jpg
hand,wssv_bg::14,3,train,14,WSSV_BG,6,3,WSSV_BG-14-img-1_jpg.rf.75ee373dd3e040fa17b069336e93470d.jpg; WSSV_BG-14-img-2_jpg.rf.6a04d14e2d208359d39c307c9501442d.jpg; WSSV_BG-14-img-3_jpg.rf.a48f225ac9e2bef4723843a3238acbbc.jpg
hand,wssv_bg::16,3,train,16,WSSV_BG,6,3,WSSV_BG-16-img-1_jpg.rf.8829945dc6b0d0ca1bedd527ad892ff6.jpg; WSSV_BG-16-img-2_jpg.rf.fb1683b0c67c64c7c0cdaaf7f4d02123.jpg; WSSV_BG-16-img-3_jpg.rf.c9f6796fb254fcc4eb4e49ef6a750f5a.jpg
hand,wssv_bg::17,3,train,17,WSSV_BG,9,3,WSSV_BG-17-img-1_jpg.rf.68d09e532f6b38495d0305759ab3b201.jpg; WSSV_BG-17-img-2_jpg.rf.9b994f42245f9e8fb49c3e8cb58a484c.jpg; WSSV_BG-17-img-3_jpg.rf.09600dc698cc17c6c55123e74c8a4b00.jpg
hand,wssv_bg::18,3,train,18,WSSV_BG,6,3,WSSV_BG-18-img-1_jpg.rf.584dde3b73fe37470dd8a95f1e3a21a8.jpg; WSSV_BG-18-img-2_jpg.rf.b0fccd47b8dc3b29103558073c8b544d.jpg; WSSV_BG-18-img-3_jpg.rf.dc4d4460b497d93eef12d942f229b6df.jpg
hand,wssv_bg::19,3,train,19,WSSV_BG,6,3,WSSV_BG-19-img-1_jpg.rf.84c36d501f8d050fbc7d4147657c3a05.jpg; WSSV_BG-19-img-2_jpg.rf.d3992973ae4b003374c4381474c38e9a.jpg; WSSV_BG-19-img-3_jpg.rf.bd796cbebb063a12e8df9e41003051d8.jpg
hand,wssv_bg::2,3,train,2,WSSV_BG,6,3,WSSV_BG-2-img-1_jpg.rf.7fab84f226913dadb6bf76eecaf3b51a.jpg; WSSV_BG-2-img-2_jpg.rf.114740523056a4edf8d72cd4f0c38c12.jpg; WSSV_BG-2-img-3_jpg.rf.7c6f6fa96cec9e9afe0a49dd383bbaf2.jpg
hand,wssv_bg::20,3,train,20,WSSV_BG,6,3,WSSV_BG-20-img-1_jpg.rf.1fc35a3fea7bab34e402173d2be0bfe5.jpg; WSSV_BG-20-img-2_jpg.rf.bd48f00ee74863d3193d43bcb328f12c.jpg; WSSV_BG-20-img-3_jpg.rf.4a796869f62b2bdba5aaa5603fb18a3e.jpg
hand,wssv_bg::22,3,train,22,WSSV_BG,6,3,WSSV_BG-22-img-1_jpg.rf.1385b3e42fa7bff483809a2a8f0036cd.jpg; WSSV_BG-22-img-2_jpg.rf.b740c541272495f70368a81927b66fc5.jpg; WSSV_BG-22-img-3_jpg.rf.d6789f4b10cf68088e17060bd48d0656.jpg
hand,wssv_bg::24,3,train,24,WSSV_BG,6,3,WSSV_BG-24-img-1_jpg.rf.d5880f23fe77a97777aadfdcf135fa74.jpg; WSSV_BG-24-img-2_jpg.rf.e13ef4bc1f1ac6418eb14aee07ace2dc.jpg; WSSV_BG-24-img-3_jpg.rf.b626784e55aa44c11b2f16767feb2c94.jpg
hand,wssv_bg::25,3,train,25,WSSV_BG,6,3,WSSV_BG-25-img-1_jpg.rf.7e374c8ef9f2f8d2def60a8b24fe9b7d.jpg; WSSV_BG-25-img-2_jpg.rf.05c799de72fa71bfe6df816b529a259b.jpg; WSSV_BG-25-img-3_jpg.rf.b2488bf95ea8d2ff34a499683cd202b7.jpg
hand,wssv_bg::26,3,train,26,WSSV_BG,6,3,WSSV_BG-26-img-1_jpg.rf.7d4581453cb80929a2c7f1565d10c0e2.jpg; WSSV_BG-26-img-2_jpg.rf.f81a7a485b72b2009afc83c37be682b4.jpg; WSSV_BG-26-img-3_jpg.rf.cb0655c4ad502cd9c6ab111da2040e3f.jpg
hand,wssv_bg::28,3,train,28,WSSV_BG,6,3,WSSV_BG-28-img-1_jpg.rf.aa8df3a1f061d043c7389a68273b4792.jpg; WSSV_BG-28-img-2_jpg.rf.e8658e79f3d079ef9bba200de7045a98.jpg; WSSV_BG-28-img-3_jpg.rf.e37ec1b0890928c2868ed6f6843422ca.jpg
hand,wssv_bg::29,3,train,29,WSSV_BG,6,3,WSSV_BG-29-img-1_jpg.rf.6c9f37c97bfc6c6ca422637a93d24f37.jpg; WSSV_BG-29-img-2_jpg.rf.62b792b0f699ec5c5811baf33084aa9a.jpg; WSSV_BG-29-img-3_jpg.rf.df831ddc79dc497d8c25ae31ce79ff05.jpg
hand,wssv_bg::3,3,train,3,WSSV_BG,6,3,WSSV_BG-3-img-1_jpg.rf.370a37409c96beb75c3156b766c9b0ff.jpg; WSSV_BG-3-img-2_jpg.rf.9d0d8f2cc83b818d44dfe0d95501142e.jpg; WSSV_BG-3-img-3_jpg.rf.5df542acbd410642979f664a9aea362c.jpg
hand,wssv_bg::31,3,train,31,WSSV_BG,6,3,WSSV_BG-31-img-1_jpg.rf.abaf46d0de8cb71d6420c96a32908542.jpg; WSSV_BG-31-img-2_jpg.rf.27d8741ba5b8a645973e287f106bf884.jpg; WSSV_BG-31-img-3_jpg.rf.7eb4e85400fdfb3120bd666294031b83.jpg
hand,wssv_bg::32,3,train,32,WSSV_BG,7,3,WSSV_BG-32-img-1_jpg.rf.8a0884f924363bd760300b9065affcac.jpg; WSSV_BG-32-img-2_jpg.rf.89c14d087ab548c725df3446cc3c5319.jpg; WSSV_BG-32-img-3_jpg.rf.5357246028f7d9f20613a33b142945f6.jpg
hand,wssv_bg::33,3,train,33,WSSV_BG,6,3,WSSV_BG-33-img-1_jpg.rf.90d11fdfacbbb40f5dcb57837e5e0a1e.jpg; WSSV_BG-33-img-2_jpg.rf.bb7f66f7b91d78ebf1dfb74cd627beae.jpg; WSSV_BG-33-img-3_jpg.rf.996b2d9e647242ab2010efeecb7a115c.jpg
hand,wssv_bg::34,3,train,34,WSSV_BG,9,3,WSSV_BG-34-img-1_jpg.rf.d41b14f0dd74ef43154a61616a371ef8.jpg; WSSV_BG-34-img-2_jpg.rf.b7971d85c6ea1854e504f145799e860e.jpg; WSSV_BG-34-img-3_jpg.rf.6f07d3fd3e351249f99e23a6b0be5187.jpg
hand,wssv_bg::36,3,train,36,WSSV_BG,8,3,WSSV_BG-36-img-1_jpg.rf.2c244fac4bc2e53555be218e68ff54bf.jpg; WSSV_BG-36-img-2_jpg.rf.d6034a26c91ed58493c92a4e75868777.jpg; WSSV_BG-36-img-3_jpg.rf.605478ced3cd80e5a18d80694c90128f.jpg
hand,wssv_bg::37,3,train,37,WSSV_BG,6,3,WSSV_BG-37-img-1_jpg.rf.d92b2cad91f83aad5ecfadf222aedabd.jpg; WSSV_BG-37-img-2_jpg.rf.6fd49f3129c859eeef29cfc810d0e59e.jpg; WSSV_BG-37-img-3_jpg.rf.a8f25c6708ad231f5834feaf7266b498.jpg
hand,wssv_bg::38,3,train,38,WSSV_BG,15,3,WSSV_BG-38-img-1_jpg.rf.d6a6dfdf1f80608e53a3357978f7be72.jpg; WSSV_BG-38-img-2_jpg.rf.2b29c8c5601f0c3baf0d363cdb220e07.jpg; WSSV_BG-38-img-3_jpg.rf.38f4fa1d4dc03bd4e57fbffa872525e8.jpg
hand,wssv_bg::4,3,train,4,WSSV_BG,9,3,WSSV_BG-4-img-1_jpg.rf.26f8c44549c9c5fe09423785b30d15a8.jpg; WSSV_BG-4-img-2_jpg.rf.31ae5fc52e438d7b99a716254264916e.jpg; WSSV_BG-4-img-3_jpg.rf.ac35a6d44850e9a0590190d4e90b1150.jpg
hand,wssv_bg::40,3,train,40,WSSV_BG,7,3,WSSV_BG-40-img-1_jpg.rf.5826ae1dffa22ef3bacad0abb8ccd8c2.jpg; WSSV_BG-40-img-2_jpg.rf.052bcb6570a5239658685baf97d0b371.jpg; WSSV_BG-40-img-3_jpg.rf.2cc93f240109ef9deb626e48d6b0bced.jpg
hand,wssv_bg::41,3,train,41,WSSV_BG,7,3,WSSV_BG-41-img-1_jpg.rf.8cecb39ef898a0715ca772006668c415.jpg; WSSV_BG-41-img-2_jpg.rf.bfc752f1f62c8bfad049729a1590f18d.jpg; WSSV_BG-41-img-3_jpg.rf.2fddcf9d045126039504e7c8e5a367e6.jpg
hand,wssv_bg::42,3,train,42,WSSV_BG,6,3,WSSV_BG-42-img-1_jpg.rf.5075a83934f03f0ca510c8f2f83ae6b1.jpg; WSSV_BG-42-img-2_jpg.rf.bb470ae3a4c65d6168d63707c17622b1.jpg; WSSV_BG-42-img-3_jpg.rf.3fd702ff8b74ce5c37259ef18ea4c728.jpg
hand,wssv_bg::46,3,train,46,WSSV_BG,6,3,WSSV_BG-46-img-1_jpg.rf.a3f23f96783ebde9b37e9936ae3325f6.jpg; WSSV_BG-46-img-2_jpg.rf.5cdc647d3194df6ef956da4a5abd7cd8.jpg; WSSV_BG-46-img-3_jpg.rf.7eb5d96e290721b599cda2ad8e2f5128.jpg
hand,wssv_bg::47,3,train,47,WSSV_BG,6,3,WSSV_BG-47-img-1_jpg.rf.2782a289aa1b282a5666359232f43aa8.jpg; WSSV_BG-47-img-2_jpg.rf.86d4f026c80855dc7ff9f965d3271bbd.jpg; WSSV_BG-47-img-3_jpg.rf.c91d3719f1e521e490115eb2cee1be5e.jpg
hand,wssv_bg::48,3,train,48,WSSV_BG,6,3,WSSV_BG-48-img-1_jpg.rf.bb677062c6832fb66b98541c2fade949.jpg; WSSV_BG-48-img-2_jpg.rf.064c27b131945362eaef14ec792f2774.jpg; WSSV_BG-48-img-3_jpg.rf.5a2d153128bf2f6ccda84cab890709c8.jpg
hand,wssv_bg::49,3,train,49,WSSV_BG,9,3,WSSV_BG-49-img-1_jpg.rf.4e0f5e5ceaf4b412c9e477fa3a29e998.jpg; WSSV_BG-49-img-2_jpg.rf.8800fae2047e6f2a6f43dbe501c5661a.jpg; WSSV_BG-49-img-3_jpg.rf.460657032e11b034a8912d19ce5ea696.jpg
hand,wssv_bg::5,3,train,5,WSSV_BG,9,3,WSSV_BG-5-img-1_jpg.rf.50c489eaf835e6d70c61139d27a0a2c0.jpg; WSSV_BG-5-img-2_jpg.rf.7b8fec0d5c328edb96598aa67950cd78.jpg; WSSV_BG-5-img-3_jpg.rf.5dac42bdd405c74822f70509e9f5c0fc.jpg
hand,wssv_bg::50,3,train,50,WSSV_BG,6,3,WSSV_BG-50-img-1_jpg.rf.27832a8a950869eb791c13ea016beb60.jpg; WSSV_BG-50-img-2_jpg.rf.fa08367671cf63c3772837d34e3278a5.jpg; WSSV_BG-50-img-3_jpg.rf.f528720d6570ae89aa3c8eb840ca9f33.jpg
hand,wssv_bg::51,3,train,51,WSSV_BG,6,3,WSSV_BG-51-img-1_jpg.rf.006d1da91948feae9d26d944e66c05fa.jpg; WSSV_BG-51-img-2_jpg.rf.d8467e38bea02cee2a88c84a7cab0384.jpg; WSSV_BG-51-img-3_jpg.rf.02806782603cba845687ca66cdaa6b95.jpg
hand,wssv_bg::52,3,train,52,WSSV_BG,6,3,WSSV_BG-52-img-1_jpg.rf.afdf9c98d1a1bf5f8ebd6bf6a971ce83.jpg; WSSV_BG-52-img-2_jpg.rf.26b33750903d7bf6da0c981a14bfbf03.jpg; WSSV_BG-52-img-3_jpg.rf.e99bd88ce1147a655e02a901cfb63aa9.jpg
hand,wssv_bg::56,3,train,56,WSSV_BG,6,3,WSSV_BG-56-img-1_jpg.rf.2ec502d07c6d28ef9c5fdc11f333351e.jpg; WSSV_BG-56-img-2_jpg.rf.a6ecc5dfd7c985917c83b92ad19140c0.jpg; WSSV_BG-56-img-3_jpg.rf.5d68d77cdf8697b8ad1b9b177f801aa3.jpg
hand,wssv_bg::57,3,train,57,WSSV_BG,6,3,WSSV_BG-57-img-1_jpg.rf.8f306cffec31828dbcb185bbb7c4b871.jpg; WSSV_BG-57-img-2_jpg.rf.9fed60270e41e393ad9259ae2e8f9711.jpg; WSSV_BG-57-img-3_jpg.rf.e5583c307baa4667f37c22d9bbaccabf.jpg
hand,wssv_bg::58,3,train,58,WSSV_BG,6,3,WSSV_BG-58-img-1_jpg.rf.86e54ce5d183866773f96e99ac688af8.jpg; WSSV_BG-58-img-2_jpg.rf.309de253f103119506669b53fe80ffa2.jpg; WSSV_BG-58-img-3_jpg.rf.d0134dacabdd55b1a88bacc96d7e7dbf.jpg
hand,wssv_bg::6,3,train,6,WSSV_BG,6,3,WSSV_BG-6-img-1_jpg.rf.8468bfd9d9329ec9d9104c4396c12fd5.jpg; WSSV_BG-6-img-2_jpg.rf.030cf3f3fd59de951e60c6eb5c594f18.jpg; WSSV_BG-6-img-3_jpg.rf.dac29d6709d6b6c346eab629f766851c.jpg
hand,wssv_bg::61,3,train,61,WSSV_BG,6,3,WSSV_BG-61-img-1_jpg.rf.21e6814f5f54d20b05b88000e86c22b9.jpg; WSSV_BG-61-img-2_jpg.rf.223ebe8e63801d64152f5fe26df41fbc.jpg; WSSV_BG-61-img-3_jpg.rf.92d13ce794bbd1dcb50f78c477ebc574.jpg
hand,wssv_bg::62,3,train,62,WSSV_BG,6,3,WSSV_BG-62-img-1_jpg.rf.71e91574a1492af2c83bbbadc7709171.jpg; WSSV_BG-62-img-2_jpg.rf.c284ecbc9306143856a75a09631d2a11.jpg; WSSV_BG-62-img-3_jpg.rf.c0ccda3eaf74e613f34383c0ab51fda8.jpg
hand,wssv_bg::63,3,train,63,WSSV_BG,6,3,WSSV_BG-63-img-1_jpg.rf.514417cd284700ffe2ff3b2e504e6e9d.jpg; WSSV_BG-63-img-2_jpg.rf.0563dfd54e07b682af2917917ae1386a.jpg; WSSV_BG-63-img-3_jpg.rf.e29c2308f9f3cbd17d57df2d5987d091.jpg
hand,wssv_bg::64,3,train,64,WSSV_BG,9,3,WSSV_BG-64-img-1_jpg.rf.3208a596daf246301f58b12bddc0681a.jpg; WSSV_BG-64-img-2_jpg.rf.bdfd884342d783df6c0486bad64dd517.jpg; WSSV_BG-64-img-3_jpg.rf.84ba62073be24f47f7980abe7a1bb2ed.jpg
hand,wssv_bg::65,3,train,65,WSSV_BG,6,3,WSSV_BG-65-img-1_jpg.rf.45f8dc35ad97eadb0308d450ab12ea06.jpg; WSSV_BG-65-img-2_jpg.rf.d285f159d34024ab8c4a197a3ba1cd10.jpg; WSSV_BG-65-img-3_jpg.rf.2e4bdef19f4c563b1b6cfde5243c1b24.jpg
hand,wssv_bg::66,3,train,66,WSSV_BG,6,3,WSSV_BG-66-img-1_jpg.rf.8a9845b0fccffd847775599856f89906.jpg; WSSV_BG-66-img-2_jpg.rf.f54828b3cf5cf89cd3af71a3d9340e12.jpg; WSSV_BG-66-img-3_jpg.rf.41a29a4f23ed823480f7265352910898.jpg
hand,wssv_bg::67,3,train,67,WSSV_BG,9,3,WSSV_BG-67-img-1_jpg.rf.b49dc3c4a3c8719a17818ed25a9a6dbb.jpg; WSSV_BG-67-img-2_jpg.rf.1a0d21da8a3562d532cb87a8119d9b5c.jpg; WSSV_BG-67-img-3_jpg.rf.85d503e2ea6fa890bee9f9d0a251eeb9.jpg
hand,wssv_bg::68,3,train,68,WSSV_BG,6,3,WSSV_BG-68-img-1_jpg.rf.467f4fa2ddc82e4b61fd786784db8674.jpg; WSSV_BG-68-img-2_jpg.rf.9a8ab6be40cbabddf3bb301a5290c019.jpg; WSSV_BG-68-img-3_jpg.rf.8e85d8998938700763e6f87a2eaa945b.jpg
hand,wssv_bg::69,3,train,69,WSSV_BG,6,3,WSSV_BG-69-img-1_jpg.rf.e347b796f06287798293bf4fdd0323db.jpg; WSSV_BG-69-img-2_jpg.rf.09ab8d1307ea10f697553e423a506597.jpg; WSSV_BG-69-img-3_jpg.rf.6ed6a6ccbe25d10b97993f40b3ac2f25.jpg
hand,wssv_bg::7,3,train,7,WSSV_BG,6,3,WSSV_BG-7-img-1_jpg.rf.b8f87384bf5c334faa031ea22b0cce71.jpg; WSSV_BG-7-img-2_jpg.rf.e1f100783de640a6e82d631eac722f94.jpg; WSSV_BG-7-img-3_jpg.rf.5b902f5e1676aa5b2d4de56ac15d3256.jpg
hand,wssv_bg::70,3,train,70,WSSV_BG,6,3,WSSV_BG-70-img-1_jpg.rf.86f27ec1d9b7efa7bf6dde9942f77309.jpg; WSSV_BG-70-img-2_jpg.rf.ab51a017d9053d02de1800e6aa07ca29.jpg; WSSV_BG-70-img-3_jpg.rf.5033bdc470e5b492d233cbe315e835d3.jpg
hand,wssv_bg::71,3,train,71,WSSV_BG,6,3,WSSV_BG-71-img-1_jpg.rf.13517643a452a8163174de65d362ffe1.jpg; WSSV_BG-71-img-2_jpg.rf.47015505ec2f98d547aa52437b32b539.jpg; WSSV_BG-71-img-3_jpg.rf.8245a8c822c9a37eb6e6c52034c8d72f.jpg
hand,wssv_bg::72,3,train,72,WSSV_BG,9,3,WSSV_BG-72-img-1_jpg.rf.8c6a54779ee80188ee4ae46cb087d273.jpg; WSSV_BG-72-img-2_jpg.rf.de44a33bb2fe25f7674b595bdd3a2df4.jpg; WSSV_BG-72-img-3_jpg.rf.87fc36dd2652d233d8000d97eee2fa37.jpg
hand,wssv_bg::74,3,train,74,WSSV_BG,6,3,WSSV_BG-74-img-1_jpg.rf.1a1bc2e97da7276f64ecb5cc4188ac30.jpg; WSSV_BG-74-img-2_jpg.rf.543d3c9ef5a8ce7389c669a89d2aab52.jpg; WSSV_BG-74-img-3_jpg.rf.42eafdc28beeafbba38e042ce11304c0.jpg
hand,wssv_bg::76,3,train,76,WSSV_BG,6,3,WSSV_BG-76-img-1_jpg.rf.23633b7d14cb53f5fb6e497d22a732af.jpg; WSSV_BG-76-img-2_jpg.rf.7409204bdab90514d80c4a6cac2a8e01.jpg; WSSV_BG-76-img-3_jpg.rf.20e406d6892da60f5e3e5266cc528b39.jpg
hand,wssv_bg::77,3,train,77,WSSV_BG,6,3,WSSV_BG-77-img-1_jpg.rf.386c013c2904ca2271199eb580b698c7.jpg; WSSV_BG-77-img-2_jpg.rf.6044202351c09747853d251d329ecb88.jpg; WSSV_BG-77-img-3_jpg.rf.1c8766fc18faac41d48a6b463d746c65.jpg
hand,wssv_bg::78,3,train,78,WSSV_BG,7,3,WSSV_BG-78-img-1_jpg.rf.9200247a145dae6ca6d1b19ff0007136.jpg; WSSV_BG-78-img-2_jpg.rf.940689d2497d81f7eaf0fe229a96c08a.jpg; WSSV_BG-78-img-3_jpg.rf.2c702ad95591793509defcccc66b0731.jpg
hand,wssv_bg::79,3,train,79,WSSV_BG,6,3,WSSV_BG-79-img-1_jpg.rf.0dd2678c90af3b09cb7ad8e213e71b23.jpg; WSSV_BG-79-img-2_jpg.rf.c7e571fbac6a88b6f0c986bd29fc4806.jpg; WSSV_BG-79-img-3_jpg.rf.3a0311e8220a82d4f0624ab9689ee0dd.jpg
hand,wssv_bg::8,3,train,8,WSSV_BG,8,3,WSSV_BG-8-img-1_jpg.rf.3ab05bd6365d9bed8716e4efeb12737b.jpg; WSSV_BG-8-img-2_jpg.rf.325c9b0d50bdbf8f7e4d37ed2b99cda0.jpg; WSSV_BG-8-img-3_jpg.rf.d9bd6382a22e9fc27eea1c9fbaa62a41.jpg
hand,wssv_bg::80,3,train,80,WSSV_BG,6,3,WSSV_BG-80-img-1_jpg.rf.e464dd9bdbe08451375df68a5a327f91.jpg; WSSV_BG-80-img-2_jpg.rf.b99b40010c5afe7ea729bf712b733343.jpg; WSSV_BG-80-img-3_jpg.rf.9814603d237cf227e02077e8ddf62e82.jpg
hand,wssv_bg::9,3,train,9,WSSV_BG,6,3,WSSV_BG-9-img-1_jpg.rf.62e45c84896b65f7d089b951a3011d9c.jpg; WSSV_BG-9-img-2_jpg.rf.17c75b06864fae000aad19083142753a.jpg; WSSV_BG-9-img-3_jpg.rf.5754dc3a188c9b4ccb5bdbdcc48fdd46.jpg
hand,bg::15,2,train,15,BG,2,0,BG-15-img-1_jpg.rf.93ea80774fa1da70e0c0737c08ef0d83.jpg; BG-15-img-2_jpg.rf.d9390cd7a4b74c953f62cd3d7ac81e78.jpg
hand,bg::19,2,train,19,BG,2,0,BG-19-img-1_jpg.rf.4077ca2bc7501cfff1b738f8d81bc9e7.jpg; BG-19-img-2_jpg.rf.4fccba27e982f3e6e6a554306f2ec3ba.jpg
hand,bg::20,2,train,20,BG,2,0,BG-20-img-1_jpg.rf.c7f36e27667b4c372c4679274518a523.jpg; BG-20-img-2_jpg.rf.71ad1021d5fe4ff4dcc2f0cfbb5db1d1.jpg
hand,bg::28,2,train,28,BG,2,0,BG-28-img-1_jpg.rf.91096c879f72ff15fe217490ea3300a3.jpg; BG-28-img-2_jpg.rf.131ff4e2fc82d5782af707c7346f1838.jpg
hand,bg::32,2,train,32,BG,2,0,BG-32-img-1_jpg.rf.68ee5319c9cd9b9d932af3817b564812.jpg; BG-32-img-2_jpg.rf.04ae9e5437b891ecf33f34403c147536.jpg
hand,bg::46,2,train,46,BG,2,0,BG-46-img-1_jpg.rf.80885eab4ba69a08336488592e2ad1f3.jpg; BG-46-img-2_jpg.rf.26f77ac80aafaa823637c72aa09c20b3.jpg
hand,bg::50,2,train,50,BG,2,0,BG-50-img-1_jpg.rf.7b387307a4291285fc9b16696e1a4599.jpg; BG-50-img-2_jpg.rf.80d3002d0a2ccae820520730bb1b67eb.jpg
hand,bg::60,2,train,60,BG,2,0,BG-60-img-1_jpg.rf.9a258a52561dbaa9191b73301a0e75e2.jpg; BG-60-img-2_jpg.rf.c027dcda62b6fc0bb1bc3fff143ab45a.jpg
hand,bg::63,2,train,63,BG,2,0,BG-63-img-1_jpg.rf.e038f029321015fd79edd9590fc6945d.jpg; BG-63-img-2_jpg.rf.b40bcbad4fa96c95178767d264d23e9a.jpg
hand,healthy::104,2,train,104,Healthy,0,0,Healthy-104-img-1_jpg.rf.0db9dd846957824528bd82013fc39354.jpg; Healthy-104-img-2_jpg.rf.43cb7d7c83d04c063cc93c9d97a2424e.jpg
hand,healthy::26,2,train,26,Healthy,0,0,Healthy-26-img-1_jpg.rf.38e348e46de5ec3f06ea73d132296de0.jpg; Healthy-26-img-2_jpg.rf.d6000befa8de76ee47c5c0fa0523f757.jpg
hand,healthy::53,2,train,53,Healthy,0,0,Healthy-53-img-1_jpg.rf.54ebdc3e11582a8eebf6c71ccb8d9690.jpg; Healthy-53-img-2_jpg.rf.29cdacf43768a737bb90983ee8ab30db.jpg
hand,healthy::54,2,train,54,Healthy,0,0,Healthy-54-img-1_jpg.rf.82e9010dd97de33a97ccba5f4619f41c.jpg; Healthy-54-img-2_jpg.rf.b4ff4a57b30f67b3a2df5bb1cadb6b53.jpg
hand,healthy::68,2,train,68,Healthy,0,0,Healthy-68-img-1_jpg.rf.79febbb5a4568a0ca9eae013ffe2c316.jpg; Healthy-68-img-2_jpg.rf.d4c4959a6c7032d48edf9e96ba43cbca.jpg
hand,healthy::79,2,train,79,Healthy,0,0,Healthy-79-img-1_jpg.rf.61cecc18d8f371a613f6b96599456de2.jpg; Healthy-79-img-2_jpg.rf.b262e6c28db9c00d729ca7c435e7a3fe.jpg
hand,healthy::96,2,train,96,Healthy,0,0,Healthy-96-img-1_jpg.rf.f3c6f59d92721246d9dc8a95cea2f5c5.jpg; Healthy-96-img-2_jpg.rf.57c030e6cce631cafa4f611e45115d01.jpg
hand,wssv::101,2,train,101,WSSV,2,0,WSSV-101-img-1_jpg.rf.c5f4933ad87364575bad9cf6c9f3c4d9.jpg; WSSV-101-img-2_jpg.rf.b7fde986b6331a214dcffd3f712277f8.jpg
hand,wssv::102,2,train,102,WSSV,2,0,WSSV-102-img-1_jpg.rf.72239b6ceb9c6d35e37b575d8535fdf8.jpg; WSSV-102-img-2_jpg.rf.ef0fa555d13da1146800e02e51cbc60e.jpg
hand,wssv::110,2,train,110,WSSV,2,0,WSSV-110-img-1_jpg.rf.7bbd24da614113fc570bf2e82dbf44be.jpg; WSSV-110-img-2_jpg.rf.012dcd3e648b03f0cf4bca79eb16085b.jpg
hand,wssv::114,2,train,114,WSSV,2,0,WSSV-114-img-1_jpg.rf.5b00ba82dd8296840bd803018de7d8a1.jpg; WSSV-114-img-2_jpg.rf.8030be1f5ef42dc4ac975f0126d73e7d.jpg
hand,wssv::117,2,train,117,WSSV,2,0,WSSV-117-img-1_jpg.rf.d22225b9b14bd98f7ddb3eea3280c7ee.jpg; WSSV-117-img-2_jpg.rf.190249456067f4e122939b3337ce5448.jpg
hand,wssv::12,2,train,12,WSSV,2,0,WSSV-12-img-1_jpg.rf.63a3f095659a5f9aa75ab5021cd13155.jpg; WSSV-12-img-2_jpg.rf.2830646328eb93339ffeedd66475d566.jpg
hand,wssv::22,2,train,22,WSSV,2,0,WSSV-22-img-1_jpg.rf.4d54b20c7678189c42a3b16bafbf119a.jpg; WSSV-22-img-2_jpg.rf.8b9ab6a8fd100ef972fc52a572589b9a.jpg
hand,wssv::29,2,train,29,WSSV,2,0,WSSV-29-img-1_jpg.rf.74c936bf13aaacc7fbae258fcaeb6d4e.jpg; WSSV-29-img-2_jpg.rf.006c36324f6456866ce42210cfb9e898.jpg
hand,wssv::34,2,train,34,WSSV,2,0,WSSV-34-img-1_jpg.rf.4afab58a6c4587fcb5213b190838bc64.jpg; WSSV-34-img-2_jpg.rf.9fb399e8242234ec287a0393bd82b881.jpg
hand,wssv::37,2,train,37,WSSV,2,0,WSSV-37-img-1_jpg.rf.4013ef7c7303f713ed21bfcb732d308a.jpg; WSSV-37-img-2_jpg.rf.3b279b9557f2a4be379593ba26d1ec80.jpg
hand,wssv::57,2,train,57,WSSV,2,0,WSSV-57-img-1_jpg.rf.9d50e39b1d61db051db45558c97c5bbf.jpg; WSSV-57-img-2_jpg.rf.bc22f5bb37f074586105b265b67b478f.jpg
hand,wssv::59,2,train,59,WSSV,2,0,WSSV-59-img-1_jpg.rf.fddd4f1c53e8647605c3900085f5875d.jpg; WSSV-59-img-2_jpg.rf.0f32c74df287442565decb5b840c67e0.jpg
hand,wssv::62,2,train,62,WSSV,2,0,WSSV-62-img-1_jpg.rf.843eea0e0c6e16a12d1dbfcfeccbf59f.jpg; WSSV-62-img-2_jpg.rf.26a85088ed7d9226cbe8adf9cd9c0ed1.jpg
hand,wssv::75,2,train,75,WSSV,2,0,WSSV-75-img-1_jpg.rf.c0c7662c84b234de62ea047c444439ba.jpg; WSSV-75-img-2_jpg.rf.6438b3d7cfc4359453faeee95d08065d.jpg
hand,wssv::78,2,train,78,WSSV,2,0,WSSV-78-img-1_jpg.rf.313ee1b562abfd9e22eeb7b3bab9bcbb.jpg; WSSV-78-img-2_jpg.rf.95c5666392ccd85d39b2a5f14246bac6.jpg
hand,wssv::81,2,train,81,WSSV,2,0,WSSV-81-img-1_jpg.rf.56f56ee40f3ed9b9e840207a7bc7e7ad.jpg; WSSV-81-img-2_jpg.rf.6e808c0c4174140f7c35a44e301e062a.jpg
hand,wssv::82,2,train,82,WSSV,2,0,WSSV-82-img-1_jpg.rf.4ea0ba66390a7d2f202e81a7de9ab10c.jpg; WSSV-82-img-2_jpg.rf.9270c712fe7e1655886be718794a6dfb.jpg
hand,wssv::85,2,train,85,WSSV,2,0,WSSV-85-img-1_jpg.rf.dcd263d0046f22d07a09d3b31e58672f.jpg; WSSV-85-img-2_jpg.rf.234504cf4191bb052a93c0878814df00.jpg
hand,wssv::87,2,train,87,WSSV,2,0,WSSV-87-img-1_jpg.rf.99c3ad33298526a45d3f3372db7535e9.jpg; WSSV-87-img-2_jpg.rf.35698174f838fca4150181f28ce1c3ad.jpg
hand,wssv::88,2,train,88,WSSV,2,0,WSSV-88-img-1_jpg.rf.038983b1cf5da8d0791396259e5160d4.jpg; WSSV-88-img-2_jpg.rf.eca3fa6ac0ab1f41c04fdd8c726e83d7.jpg
hand,wssv::89,2,train,89,WSSV,2,0,WSSV-89-img-1_jpg.rf.c3fa76825c9819b4e0b0c11383c80d30.jpg; WSSV-89-img-2_jpg.rf.1aa9d42a30479448b899f88552dde534.jpg
hand,wssv::90,2,train,90,WSSV,2,0,WSSV-90-img-1_jpg.rf.2c795f9d14a627379f335a9cc0cdb8a1.jpg; WSSV-90-img-2_jpg.rf.d0d85b981b5d48eb815a450a1fd9d66e.jpg
hand,wssv_bg::15,2,train,15,WSSV_BG,6,2,WSSV_BG-15-img-1_jpg.rf.37c186aba56de200b0ed29b425cd7553.jpg; WSSV_BG-15-img-2_jpg.rf.9ba10f2afa594e8ee2ca4dbc53fd0159.jpg
hand,wssv_bg::21,2,train,21,WSSV_BG,4,2,WSSV_BG-21-img-1_jpg.rf.a11d9e387354dabe6e1f3aee3dfcb8f6.jpg; WSSV_BG-21-img-2_jpg.rf.be46baf70c89c3b91065c4dc8f095bde.jpg
hand,wssv_bg::27,2,train,27,WSSV_BG,4,2,WSSV_BG-27-img-1_jpg.rf.870f3412573640ca87e663d32f6d60a2.jpg; WSSV_BG-27-img-2_jpg.rf.0fe26059fa8f22aab66f8959e6779770.jpg
hand,wssv_bg::30,2,train,30,WSSV_BG,4,2,WSSV_BG-30-img-1_jpg.rf.e16e0841bc17fd33c1c3aaa1ddfa6cbf.jpg; WSSV_BG-30-img-2_jpg.rf.088fda0f1bf984015929ed22814b121a.jpg
hand,wssv_bg::35,2,train,35,WSSV_BG,4,2,WSSV_BG-35-img-1_jpg.rf.3b16d5207e2e3338b78d4f40e59aaf79.jpg; WSSV_BG-35-img-2_jpg.rf.9e8aa987ac8ec59dbbb5a5dec8c8cecd.jpg
hand,wssv_bg::39,2,train,39,WSSV_BG,4,2,WSSV_BG-39-img-1_jpg.rf.93049bdfb52b0da94055c67c99d547db.jpg; WSSV_BG-39-img-2_jpg.rf.001f7adac550de74cea447eeec0bfbb7.jpg
hand,wssv_bg::43,2,train,43,WSSV_BG,4,2,WSSV_BG-43-img-1_jpg.rf.c6405f5619be182139b5ede545483a42.jpg; WSSV_BG-43-img-2_jpg.rf.75649be61bfd037e6923a39efccf3385.jpg
hand,wssv_bg::44,2,train,44,WSSV_BG,4,2,WSSV_BG-44-img-1_jpg.rf.59a5927fe9546ade704d4df45ca25b1f.jpg; WSSV_BG-44-img-2_jpg.rf.815b7c313f1820021e85a5de99ce626b.jpg
hand,wssv_bg::45,2,train,45,WSSV_BG,6,2,WSSV_BG-45-img-1_jpg.rf.eb4d23cbab2fe49ed219a475dcc40806.jpg; WSSV_BG-45-img-2_jpg.rf.f7182e1afe6376431d5e71c538bf806e.jpg
hand,wssv_bg::54,2,train,54,WSSV_BG,4,2,WSSV_BG-54-img-1_jpg.rf.b4aeac1bddffc79b8b152da1547d5b77.jpg; WSSV_BG-54-img-2_jpg.rf.e1c6820fe3a101500aafb82c3d26bbe9.jpg
hand,wssv_bg::59,2,train,59,WSSV_BG,4,2,WSSV_BG-59-img-1_jpg.rf.da8b2e46ae693cb793cc531106453185.jpg; WSSV_BG-59-img-2_jpg.rf.6b128e60ad017e92f3589f6253ba17dc.jpg
hand,wssv_bg::75,2,train,75,WSSV_BG,6,2,WSSV_BG-75-img-1_jpg.rf.765d783e97f869a4327e168d023541ee.jpg; WSSV_BG-75-img-2_jpg.rf.d48e1f530b059b7e4c3dd04771c23b25.jpg
hand,wssv_bg::81,2,train,81,WSSV_BG,4,2,WSSV_BG-81-img-1_jpg.rf.e804a3c40c19a1bf16154b0520481e14.jpg; WSSV_BG-81-img-2_jpg.rf.92d891d43ef541807b13d027ce6f7c23.jpg
hand,bg::14,1,train,14,BG,1,0,BG-14-img-1_jpg.rf.87acd1fa4095080cb037b1d1fc30acc9.jpg
hand,bg::16,1,train,16,BG,1,0,BG-16-img-1_jpg.rf.6bc750da94db34b6f1e9006feea843d1.jpg
hand,bg::17,1,train,17,BG,1,0,BG-17-img-1_jpg.rf.e50e30daca8479d943c18a821ce73f3b.jpg
hand,bg::18,1,train,18,BG,1,0,BG-18-img-1_jpg.rf.b1483e0be25d68af23819e78a729649e.jpg
hand,bg::26,1,train,26,BG,1,0,BG-26-img-1_jpg.rf.e7d20ad4f21764ee56336ad611aeaea2.jpg
hand,bg::33,1,train,33,BG,1,0,BG-33-img-1_jpg.rf.6884775d4705a024f3a89ad9353ee936.jpg
hand,bg::5,1,train,5,BG,1,0,BG-5-img-1_jpg.rf.0c20206e55648442107bc4e5f6bceb25.jpg
hand,bg::57,1,train,57,BG,1,0,BG-57-img-1_jpg.rf.82dab8c627a37ef6d6d7427f3ad867d2.jpg
hand,bg::65,1,train,65,BG,1,0,BG-65-img-1_jpg.rf.501a77c5929a073194ff4b1387b1b9e9.jpg
hand,healthy::116,1,train,116,Healthy,0,0,Healthy-116-img-1_jpg.rf.1d81594517c4e1c767c84edff00625f8.jpg
hand,healthy::21,1,train,21,Healthy,0,0,Healthy-21-img-1_jpg.rf.3faa0b4dc154e5cc826c004cf69a5f35.jpg
hand,healthy::22,1,train,22,Healthy,0,0,Healthy-22-img-1_jpg.rf.888f34e972f8670b46568dc4ba2e4299.jpg
hand,healthy::23,1,train,23,Healthy,0,0,Healthy-23-img-1_jpg.rf.10146303b3472a09f6830e99c32daa1f.jpg
hand,healthy::24,1,train,24,Healthy,0,0,Healthy-24-img-1_jpg.rf.2d9528a8cb2c07cc6030bf13bd36f8f6.jpg
hand,healthy::30,1,train,30,Healthy,0,0,Healthy-30-img-1_jpg.rf.962e08455901716eaba1805c7563829f.jpg
hand,healthy::41,1,train,41,Healthy,0,0,Healthy-41-img-1_jpg.rf.8ad10e78c4c74e5360ccf1de06f3aba2.jpg
hand,healthy::93,1,train,93,Healthy,0,0,Healthy-93-img-1_jpg.rf.824e79b2352c5d57082ac68591fa530b.jpg
hand,wssv::3,1,train,3,WSSV,1,0,WSSV-3-img-1_jpg.rf.d18c0cd5062769d2d8937ac55ba73008.jpg
hand,wssv::83,1,train,83,WSSV,1,0,WSSV-83-img-1_jpg.rf.ed1efad8f43f64b6a6e5195f24bc77d4.jpg
hand,wssv_bg::23,1,train,23,WSSV_BG,2,1,WSSV_BG-23-img-1_jpg.rf.c21c30f8f074efa8131992e0113afeae.jpg
hand,wssv_bg::53,1,train,53,WSSV_BG,2,1,WSSV_BG-53-img-1_jpg.rf.6414c257dd5e952dd95aea3ce398aaeb.jpg
hand,wssv_bg::55,1,train,55,WSSV_BG,2,1,WSSV_BG-55-img-1_jpg.rf.d4f18fc6a513f4c9ef56fe41b3b41cd3.jpg
hand,wssv_bg::60,1,train,60,WSSV_BG,2,1,WSSV_BG-60-img-1_jpg.rf.245a0cdf5d0d9da46a34d10e0aa99064.jpg
hand,wssv_bg::73,1,train,73,WSSV_BG,2,1,WSSV_BG-73-img-1_jpg.rf.b8dcb4d920826751743337fb3b5796a7.jpg
