path,source_path,rel_path,filename,class_dir,class_folder,display_class_name,class_name,project_label,label,shrimp_group_stem,shrimp_group_id,group_parse_status,normalized_stem,readable,read_error,file_size,md5,split
/home/drnguyenvinh/notebooks/processed-images/processed_images/1. Healthy/Healthy-10-img-1_nobg.png,/home/drnguyenvinh/notebooks/processed-images/processed_images/1. Healthy/Healthy-10-img-1_nobg.png,1. Healthy/Healthy-10-img-1_nobg.png,Healthy-10-img-1_nobg.png,1. Healthy,1. Healthy,Healthy,Healthy,0,0,Healthy-10,1. Healthy::Healthy-10,parsed,Healthy-10-img-1,True,,619357,5cdf326fea331dcf910db9ce07efa942,test
/home/drnguyenvinh/notebooks/processed-images/processed_images/1. Healthy/Healthy-10-img-2_nobg.png,/home/drnguyenvinh/notebooks/processed-images/processed_images/1. Healthy/Healthy-10-img-2_nobg.png,1. Healthy/Healthy-10-img-2_nobg.png,Healthy-10-img-2_nobg.png,1. Healthy,1. Healthy,Healthy,Healthy,0,0,Healthy-10,1. Healthy::Healthy-10,parsed,Healthy-10-img-2,True,,609954,0ac2e41cb84b4f1cc1ad4202ab38a09a,test
/home/drnguyenvinh/notebooks/processed-images/processed_images/1. Healthy/Healthy-10-img-3_nobg.png,/home/drnguyenvinh/notebooks/processed-images/processed_images/1. Healthy/Healthy-10-img-3_nobg.png,1. Healthy/Healthy-10-img-3_nobg.png,Healthy-10-img-3_nobg.png,1. Healthy,1. Healthy,Healthy,Healthy,0,0,Healthy-10,1. Healthy::Healthy-10,parsed,Healthy-10-img-3,True,,775850,d3982fd938fa79c3bff31d4e2177e3b5,test
/home/drnguyenvinh/notebooks/processed-images/processed_images/1. Healthy/Healthy-111-img-1_nobg.png,/home/drnguyenvinh/notebooks/processed-images/processed_images/1. Healthy/Healthy-111-img-1_nobg.png,1. Healthy/Healthy-111-img-1_nobg.png,Healthy-111-img-1_nobg.png,1. Healthy,1. Healthy,Healthy,Healthy,0,0,Healthy-111,1. Healthy::Healthy-111,parsed,Healthy-111-img-1,True,,1137661,1b89191ac9b49ae39884cdd209a66547,test
/home/drnguyenvinh/notebooks/processed-images/processed_images/1. Healthy/Healthy-111-img-2_nobg.png,/home/drnguyenvinh/notebooks/processed-images/processed_images/1. Healthy/Healthy-111-img-2_nobg.png,1. Healthy/Healthy-111-img-2_nobg.png,Healthy-111-img-2_nobg.png,1. Healthy,1. Healthy,Healthy,Healthy,0,0,Healthy-111,1. Healthy::Healthy-111,parsed,Healthy-111-img-2,True,,1201824,fbc21cef4f53ee8595541a442ceff0e3,test
/home/drnguyenvinh/notebooks/processed-images/processed_images/1. Healthy/Healthy-111-img-3_nobg.png,/home/drnguyenvinh/notebooks/processed-images/processed_images/1. Healthy/Healthy-111-img-3_nobg.png,1. Healthy/Healthy-111-img-3_nobg.png,Healthy-111-img-3_nobg.png,1. Healthy,1. Healthy,Healthy,Healthy,0,0,Healthy-111,1. Healthy::Healthy-111,parsed,Healthy-111-img-3,True,,1210408,df55b47b2d55c104a5450080c0378e0f,test
/home/drnguyenvinh/notebooks/processed-images/processed_images/1. Healthy/Healthy-128-img-1_nobg.png,/home/drnguyenvinh/notebooks/processed-images/processed_images/1. Healthy/Healthy-128-img-1_nobg.png,1. Healthy/Healthy-128-img-1_nobg.png,Healthy-128-img-1_nobg.png,1. Healthy,1. Healthy,Healthy,Healthy,0,0,Healthy-128,1. Healthy::Healthy-128,parsed,Healthy-128-img-1,True,,1477778,a11d8b3b265f8b4406517185f97d7877,test
/home/drnguyenvinh/notebooks/processed-images/processed_images/1. Healthy/Healthy-128-img-2_nobg.png,/home/drnguyenvinh/notebooks/processed-images/processed_images/1. Healthy/Healthy-128-img-2_nobg.png,1. Healthy/Healthy-128-img-2_nobg.png,Healthy-128-img-2_nobg.png,1. Healthy,1. Healthy,Healthy,Healthy,0,0,Healthy-128,1. Healthy::Healthy-128,parsed,Healthy-128-img-2,True,,1405960,b589ca4cff009fda353147ea0648749f,test
/home/drnguyenvinh/notebooks/processed-images/processed_images/1. Healthy/Healthy-128-img-3_nobg.png,/home/drnguyenvinh/notebooks/processed-images/processed_images/1. Healthy/Healthy-128-img-3_nobg.png,1. Healthy/Healthy-128-img-3_nobg.png,Healthy-128-img-3_nobg.png,1. Healthy,1. Healthy,Healthy,Healthy,0,0,Healthy-128,1. Healthy::Healthy-128,parsed,Healthy-128-img-3,True,,1248936,dee0b157dc137e0e901c13db766a7e72,test
/home/drnguyenvinh/notebooks/processed-images/processed_images/1. Healthy/Healthy-132-img-1_nobg.png,/home/drnguyenvinh/notebooks/processed-images/processed_images/1. Healthy/Healthy-132-img-1_nobg.png,1. Healthy/Healthy-132-img-1_nobg.png,Healthy-132-img-1_nobg.png,1. Healthy,1. Healthy,Healthy,Healthy,0,0,Healthy-132,1. Healthy::Healthy-132,parsed,Healthy-132-img-1,True,,1312550,6557440a3a952cfc90bcc8cb670f43f7,test
/home/drnguyenvinh/notebooks/processed-images/processed_images/1. Healthy/Healthy-132-img-2_nobg.png,/home/drnguyenvinh/notebooks/processed-images/processed_images/1. Healthy/Healthy-132-img-2_nobg.png,1. Healthy/Healthy-132-img-2_nobg.png,Healthy-132-img-2_nobg.png,1. Healthy,1. Healthy,Healthy,Healthy,0,0,Healthy-132,1. Healthy::Healthy-132,parsed,Healthy-132-img-2,True,,1415527,736bf4cea48b0f205869869394f8ccae,test
/home/drnguyenvinh/notebooks/processed-images/processed_images/1. Healthy/Healthy-132-img-3_nobg.png,/home/drnguyenvinh/notebooks/processed-images/processed_images/1. Healthy/Healthy-132-img-3_nobg.png,1. Healthy/Healthy-132-img-3_nobg.png,Healthy-132-img-3_nobg.png,1. Healthy,1. Healthy,Healthy,Healthy,0,0,Healthy-132,1. Healthy::Healthy-132,parsed,Healthy-132-img-3,True,,1514108,5821a572ba784b5b95fc3d65e75ebb1c,test
/home/drnguyenvinh/notebooks/processed-images/processed_images/1. Healthy/Healthy-136-img-1_nobg.png,/home/drnguyenvinh/notebooks/processed-images/processed_images/1. Healthy/Healthy-136-img-1_nobg.png,1. Healthy/Healthy-136-img-1_nobg.png,Healthy-136-img-1_nobg.png,1. Healthy,1. Healthy,Healthy,Healthy,0,0,Healthy-136,1. Healthy::Healthy-136,parsed,Healthy-136-img-1,True,,1291306,21c6919df8171c28e9e92e7e3c0550d0,test
/home/drnguyenvinh/notebooks/processed-images/processed_images/1. Healthy/Healthy-136-img-2_nobg.png,/home/drnguyenvinh/notebooks/processed-images/processed_images/1. Healthy/Healthy-136-img-2_nobg.png,1. Healthy/Healthy-136-img-2_nobg.png,Healthy-136-img-2_nobg.png,1. Healthy,1. Healthy,Healthy,Healthy,0,0,Healthy-136,1. Healthy::Healthy-136,parsed,Healthy-136-img-2,True,,1210596,786dfc72a4354730a1323cf7f40c0861,test
/home/drnguyenvinh/notebooks/processed-images/processed_images/1. Healthy/Healthy-136-img-3_nobg.png,/home/drnguyenvinh/notebooks/processed-images/processed_images/1. Healthy/Healthy-136-img-3_nobg.png,1. Healthy/Healthy-136-img-3_nobg.png,Healthy-136-img-3_nobg.png,1. Healthy,1. Healthy,Healthy,Healthy,0,0,Healthy-136,1. Healthy::Healthy-136,parsed,Healthy-136-img-3,True,,1396762,03baa250665ead4e3500997b4b4a52e8,test
/home/drnguyenvinh/notebooks/processed-images/processed_images/1. Healthy/Healthy-140-img-1_nobg.png,/home/drnguyenvinh/notebooks/processed-images/processed_images/1. Healthy/Healthy-140-img-1_nobg.png,1. Healthy/Healthy-140-img-1_nobg.png,Healthy-140-img-1_nobg.png,1. Healthy,1. Healthy,Healthy,Healthy,0,0,Healthy-140,1. Healthy::Healthy-140,parsed,Healthy-140-img-1,True,,1366954,7f4457236da4448b586484f736f7773a,test
/home/drnguyenvinh/notebooks/processed-images/processed_images/1. Healthy/Healthy-140-img-2_nobg.png,/home/drnguyenvinh/notebooks/processed-images/processed_images/1. Healthy/Healthy-140-img-2_nobg.png,1. Healthy/Healthy-140-img-2_nobg.png,Healthy-140-img-2_nobg.png,1. Healthy,1. Healthy,Healthy,Healthy,0,0,Healthy-140,1. Healthy::Healthy-140,parsed,Healthy-140-img-2,True,,1233870,049b0b74bfa454230ba16df4b540934f,test
/home/drnguyenvinh/notebooks/processed-images/processed_images/1. Healthy/Healthy-140-img-3_nobg.png,/home/drnguyenvinh/notebooks/processed-images/processed_images/1. Healthy/Healthy-140-img-3_nobg.png,1. Healthy/Healthy-140-img-3_nobg.png,Healthy-140-img-3_nobg.png,1. Healthy,1. Healthy,Healthy,Healthy,0,0,Healthy-140,1. Healthy::Healthy-140,parsed,Healthy-140-img-3,True,,1465175,eae2228de588cc846315006549d98d1b,test
/home/drnguyenvinh/notebooks/processed-images/processed_images/1. Healthy/Healthy-2-img-1_nobg.png,/home/drnguyenvinh/notebooks/processed-images/processed_images/1. Healthy/Healthy-2-img-1_nobg.png,1. Healthy/Healthy-2-img-1_nobg.png,Healthy-2-img-1_nobg.png,1. Healthy,1. Healthy,Healthy,Healthy,0,0,Healthy-2,1. Healthy::Healthy-2,parsed,Healthy-2-img-1,True,,979259,3deb7a38024d93f04bf998492ce86826,test
/home/drnguyenvinh/notebooks/processed-images/processed_images/1. Healthy/Healthy-2-img-2_nobg.png,/home/drnguyenvinh/notebooks/processed-images/processed_images/1. Healthy/Healthy-2-img-2_nobg.png,1. Healthy/Healthy-2-img-2_nobg.png,Healthy-2-img-2_nobg.png,1. Healthy,1. Healthy,Healthy,Healthy,0,0,Healthy-2,1. Healthy::Healthy-2,parsed,Healthy-2-img-2,True,,1050613,2ebb672d206d8b803df38bf394c245f2,test
/home/drnguyenvinh/notebooks/processed-images/processed_images/1. Healthy/Healthy-2-img-3_nobg.png,/home/drnguyenvinh/notebooks/processed-images/processed_images/1. Healthy/Healthy-2-img-3_nobg.png,1. Healthy/Healthy-2-img-3_nobg.png,Healthy-2-img-3_nobg.png,1. Healthy,1. Healthy,Healthy,Healthy,0,0,Healthy-2,1. Healthy::Healthy-2,parsed,Healthy-2-img-3,True,,1396143,e3dad5b00e10111cbb578bc81cafe308,test
/home/drnguyenvinh/notebooks/processed-images/processed_images/1. Healthy/Healthy-22-img-1_nobg.png,/home/drnguyenvinh/notebooks/processed-images/processed_images/1. Healthy/Healthy-22-img-1_nobg.png,1. Healthy/Healthy-22-img-1_nobg.png,Healthy-22-img-1_nobg.png,1. Healthy,1. Healthy,Healthy,Healthy,0,0,Healthy-22,1. Healthy::Healthy-22,parsed,Healthy-22-img-1,True,,868559,b4edae35072a6041e4faf185b15b5930,test
/home/drnguyenvinh/notebooks/processed-images/processed_images/1. Healthy/Healthy-28-img-1_nobg.png,/home/drnguyenvinh/notebooks/processed-images/processed_images/1. Healthy/Healthy-28-img-1_nobg.png,1. Healthy/Healthy-28-img-1_nobg.png,Healthy-28-img-1_nobg.png,1. Healthy,1. Healthy,Healthy,Healthy,0,0,Healthy-28,1. Healthy::Healthy-28,parsed,Healthy-28-img-1,True,,1390470,a000b340ff3e4025a61109004f17b96e,test
/home/drnguyenvinh/notebooks/processed-images/processed_images/1. Healthy/Healthy-28-img-2_nobg.png,/home/drnguyenvinh/notebooks/processed-images/processed_images/1. Healthy/Healthy-28-img-2_nobg.png,1. Healthy/Healthy-28-img-2_nobg.png,Healthy-28-img-2_nobg.png,1. Healthy,1. Healthy,Healthy,Healthy,0,0,Healthy-28,1. Healthy::Healthy-28,parsed,Healthy-28-img-2,True,,1226119,07ea07c2c9694b09b7efe29101d2449f,test
/home/drnguyenvinh/notebooks/processed-images/processed_images/1. Healthy/Healthy-28-img-3_nobg.png,/home/drnguyenvinh/notebooks/processed-images/processed_images/1. Healthy/Healthy-28-img-3_nobg.png,1. Healthy/Healthy-28-img-3_nobg.png,Healthy-28-img-3_nobg.png,1. Healthy,1. Healthy,Healthy,Healthy,0,0,Healthy-28,1. Healthy::Healthy-28,parsed,Healthy-28-img-3,True,,1398691,f570df74a7d249a04532a255eca9c997,test
/home/drnguyenvinh/notebooks/processed-images/processed_images/1. Healthy/Healthy-35-img-1_nobg.png,/home/drnguyenvinh/notebooks/processed-images/processed_images/1. Healthy/Healthy-35-img-1_nobg.png,1. Healthy/Healthy-35-img-1_nobg.png,Healthy-35-img-1_nobg.png,1. Healthy,1. Healthy,Healthy,Healthy,0,0,Healthy-35,1. Healthy::Healthy-35,parsed,Healthy-35-img-1,True,,1218014,b32e4cef1e858a6f47c19cf871e83b4c,test
/home/drnguyenvinh/notebooks/processed-images/processed_images/1. Healthy/Healthy-35-img-2_nobg.png,/home/drnguyenvinh/notebooks/processed-images/processed_images/1. Healthy/Healthy-35-img-2_nobg.png,1. Healthy/Healthy-35-img-2_nobg.png,Healthy-35-img-2_nobg.png,1. Healthy,1. Healthy,Healthy,Healthy,0,0,Healthy-35,1. Healthy::Healthy-35,parsed,Healthy-35-img-2,True,,2416978,65d8e6ce0370530007edc32fba007758,test
/home/drnguyenvinh/notebooks/processed-images/processed_images/1. Healthy/Healthy-35-img-3_nobg.png,/home/drnguyenvinh/notebooks/processed-images/processed_images/1. Healthy/Healthy-35-img-3_nobg.png,1. Healthy/Healthy-35-img-3_nobg.png,Healthy-35-img-3_nobg.png,1. Healthy,1. Healthy,Healthy,Healthy,0,0,Healthy-35,1. Healthy::Healthy-35,parsed,Healthy-35-img-3,True,,1154422,33bd1388ec4f33f13983fa340183399c,test
/home/drnguyenvinh/notebooks/processed-images/processed_images/1. Healthy/Healthy-42-img-1_nobg.png,/home/drnguyenvinh/notebooks/processed-images/processed_images/1. Healthy/Healthy-42-img-1_nobg.png,1. Healthy/Healthy-42-img-1_nobg.png,Healthy-42-img-1_nobg.png,1. Healthy,1. Healthy,Healthy,Healthy,0,0,Healthy-42,1. Healthy::Healthy-42,parsed,Healthy-42-img-1,True,,766819,4abc6e00552c113ff643a1549b42ef68,test
/home/drnguyenvinh/notebooks/processed-images/processed_images/1. Healthy/Healthy-42-img-2_nobg.png,/home/drnguyenvinh/notebooks/processed-images/processed_images/1. Healthy/Healthy-42-img-2_nobg.png,1. Healthy/Healthy-42-img-2_nobg.png,Healthy-42-img-2_nobg.png,1. Healthy,1. Healthy,Healthy,Healthy,0,0,Healthy-42,1. Healthy::Healthy-42,parsed,Healthy-42-img-2,True,,828903,8cf2c91ae60ddfacbf534ee9c68dc3c7,test
/home/drnguyenvinh/notebooks/processed-images/processed_images/1. Healthy/Healthy-42-img-3_nobg.png,/home/drnguyenvinh/notebooks/processed-images/processed_images/1. Healthy/Healthy-42-img-3_nobg.png,1. Healthy/Healthy-42-img-3_nobg.png,Healthy-42-img-3_nobg.png,1. Healthy,1. Healthy,Healthy,Healthy,0,0,Healthy-42,1. Healthy::Healthy-42,parsed,Healthy-42-img-3,True,,893802,75862297c9f651234954ec6caa627076,test
/home/drnguyenvinh/notebooks/processed-images/processed_images/1. Healthy/Healthy-5-img-1_nobg.png,/home/drnguyenvinh/notebooks/processed-images/processed_images/1. Healthy/Healthy-5-img-1_nobg.png,1. Healthy/Healthy-5-img-1_nobg.png,Healthy-5-img-1_nobg.png,1. Healthy,1. Healthy,Healthy,Healthy,0,0,Healthy-5,1. Healthy::Healthy-5,parsed,Healthy-5-img-1,True,,867484,b4d4885da6ae18f9cf8fae281fe9600c,test
/home/drnguyenvinh/notebooks/processed-images/processed_images/1. Healthy/Healthy-5-img-2_nobg.png,/home/drnguyenvinh/notebooks/processed-images/processed_images/1. Healthy/Healthy-5-img-2_nobg.png,1. Healthy/Healthy-5-img-2_nobg.png,Healthy-5-img-2_nobg.png,1. Healthy,1. Healthy,Healthy,Healthy,0,0,Healthy-5,1. Healthy::Healthy-5,parsed,Healthy-5-img-2,True,,958151,12176c8e33a141a31837f588399c14f8,test
/home/drnguyenvinh/notebooks/processed-images/processed_images/1. Healthy/Healthy-5-img-3_nobg.png,/home/drnguyenvinh/notebooks/processed-images/processed_images/1. Healthy/Healthy-5-img-3_nobg.png,1. Healthy/Healthy-5-img-3_nobg.png,Healthy-5-img-3_nobg.png,1. Healthy,1. Healthy,Healthy,Healthy,0,0,Healthy-5,1. Healthy::Healthy-5,parsed,Healthy-5-img-3,True,,946932,65913125b42d7cb64cca93c797f3c387,test
/home/drnguyenvinh/notebooks/processed-images/processed_images/1. Healthy/Healthy-50-img-1_nobg.png,/home/drnguyenvinh/notebooks/processed-images/processed_images/1. Healthy/Healthy-50-img-1_nobg.png,1. Healthy/Healthy-50-img-1_nobg.png,Healthy-50-img-1_nobg.png,1. Healthy,1. Healthy,Healthy,Healthy,0,0,Healthy-50,1. Healthy::Healthy-50,parsed,Healthy-50-img-1,True,,906495,3ea0205ee96f2acc01aa553757185af8,test
/home/drnguyenvinh/notebooks/processed-images/processed_images/1. Healthy/Healthy-50-img-2_nobg.png,/home/drnguyenvinh/notebooks/processed-images/processed_images/1. Healthy/Healthy-50-img-2_nobg.png,1. Healthy/Healthy-50-img-2_nobg.png,Healthy-50-img-2_nobg.png,1. Healthy,1. Healthy,Healthy,Healthy,0,0,Healthy-50,1. Healthy::Healthy-50,parsed,Healthy-50-img-2,True,,941477,e36dc9552fe975fd969f8bdbec50b9fe,test
/home/drnguyenvinh/notebooks/processed-images/processed_images/1. Healthy/Healthy-50-img-3_nobg.png,/home/drnguyenvinh/notebooks/processed-images/processed_images/1. Healthy/Healthy-50-img-3_nobg.png,1. Healthy/Healthy-50-img-3_nobg.png,Healthy-50-img-3_nobg.png,1. Healthy,1. Healthy,Healthy,Healthy,0,0,Healthy-50,1. Healthy::Healthy-50,parsed,Healthy-50-img-3,True,,889137,ec0554f4c8b655df9f2cd20c3946288e,test
/home/drnguyenvinh/notebooks/processed-images/processed_images/1. Healthy/Healthy-52-img-1_nobg.png,/home/drnguyenvinh/notebooks/processed-images/processed_images/1. Healthy/Healthy-52-img-1_nobg.png,1. Healthy/Healthy-52-img-1_nobg.png,Healthy-52-img-1_nobg.png,1. Healthy,1. Healthy,Healthy,Healthy,0,0,Healthy-52,1. Healthy::Healthy-52,parsed,Healthy-52-img-1,True,,1181171,74213dd97b8b63e199709dbc6b00a3ad,test
/home/drnguyenvinh/notebooks/processed-images/processed_images/1. Healthy/Healthy-52-img-2_nobg.png,/home/drnguyenvinh/notebooks/processed-images/processed_images/1. Healthy/Healthy-52-img-2_nobg.png,1. Healthy/Healthy-52-img-2_nobg.png,Healthy-52-img-2_nobg.png,1. Healthy,1. Healthy,Healthy,Healthy,0,0,Healthy-52,1. Healthy::Healthy-52,parsed,Healthy-52-img-2,True,,1424359,9a5bb75de34888fd5ea97b95af6a34ce,test
/home/drnguyenvinh/notebooks/processed-images/processed_images/1. Healthy/Healthy-52-img-3_nobg.png,/home/drnguyenvinh/notebooks/processed-images/processed_images/1. Healthy/Healthy-52-img-3_nobg.png,1. Healthy/Healthy-52-img-3_nobg.png,Healthy-52-img-3_nobg.png,1. Healthy,1. Healthy,Healthy,Healthy,0,0,Healthy-52,1. Healthy::Healthy-52,parsed,Healthy-52-img-3,True,,1067954,3aa951dfe652beda77674e2ca3370536,test
/home/drnguyenvinh/notebooks/processed-images/processed_images/1. Healthy/Healthy-54-img-1_nobg.png,/home/drnguyenvinh/notebooks/processed-images/processed_images/1. Healthy/Healthy-54-img-1_nobg.png,1. Healthy/Healthy-54-img-1_nobg.png,Healthy-54-img-1_nobg.png,1. Healthy,1. Healthy,Healthy,Healthy,0,0,Healthy-54,1. Healthy::Healthy-54,parsed,Healthy-54-img-1,True,,961527,70477dd57d83deb9c48d6ffd7146d58f,test
/home/drnguyenvinh/notebooks/processed-images/processed_images/1. Healthy/Healthy-54-img-2_nobg.png,/home/drnguyenvinh/notebooks/processed-images/processed_images/1. Healthy/Healthy-54-img-2_nobg.png,1. Healthy/Healthy-54-img-2_nobg.png,Healthy-54-img-2_nobg.png,1. Healthy,1. Healthy,Healthy,Healthy,0,0,Healthy-54,1. Healthy::Healthy-54,parsed,Healthy-54-img-2,True,,1013620,437510bf098290f76083b03abc66e64a,test
/home/drnguyenvinh/notebooks/processed-images/processed_images/1. Healthy/Healthy-60-img-1_nobg.png,/home/drnguyenvinh/notebooks/processed-images/processed_images/1. Healthy/Healthy-60-img-1_nobg.png,1. Healthy/Healthy-60-img-1_nobg.png,Healthy-60-img-1_nobg.png,1. Healthy,1. Healthy,Healthy,Healthy,0,0,Healthy-60,1. Healthy::Healthy-60,parsed,Healthy-60-img-1,True,,892288,09d154a01f0db6e625cf6a33083e82d9,test
/home/drnguyenvinh/notebooks/processed-images/processed_images/1. Healthy/Healthy-60-img-2_nobg.png,/home/drnguyenvinh/notebooks/processed-images/processed_images/1. Healthy/Healthy-60-img-2_nobg.png,1. Healthy/Healthy-60-img-2_nobg.png,Healthy-60-img-2_nobg.png,1. Healthy,1. Healthy,Healthy,Healthy,0,0,Healthy-60,1. Healthy::Healthy-60,parsed,Healthy-60-img-2,True,,1033252,b91602307b94a229ac5a756a74e74d96,test
/home/drnguyenvinh/notebooks/processed-images/processed_images/1. Healthy/Healthy-60-img-3_nobg.png,/home/drnguyenvinh/notebooks/processed-images/processed_images/1. Healthy/Healthy-60-img-3_nobg.png,1. Healthy/Healthy-60-img-3_nobg.png,Healthy-60-img-3_nobg.png,1. Healthy,1. Healthy,Healthy,Healthy,0,0,Healthy-60,1. Healthy::Healthy-60,parsed,Healthy-60-img-3,True,,1094703,e4664dd2a326a6a9d3598f5535551085,test
/home/drnguyenvinh/notebooks/processed-images/processed_images/1. Healthy/Healthy-63-img-1_nobg.png,/home/drnguyenvinh/notebooks/processed-images/processed_images/1. Healthy/Healthy-63-img-1_nobg.png,1. Healthy/Healthy-63-img-1_nobg.png,Healthy-63-img-1_nobg.png,1. Healthy,1. Healthy,Healthy,Healthy,0,0,Healthy-63,1. Healthy::Healthy-63,parsed,Healthy-63-img-1,True,,987551,7d76cb0392a01b20bb3a09b9d5d2ef44,test
/home/drnguyenvinh/notebooks/processed-images/processed_images/1. Healthy/Healthy-63-img-2_nobg.png,/home/drnguyenvinh/notebooks/processed-images/processed_images/1. Healthy/Healthy-63-img-2_nobg.png,1. Healthy/Healthy-63-img-2_nobg.png,Healthy-63-img-2_nobg.png,1. Healthy,1. Healthy,Healthy,Healthy,0,0,Healthy-63,1. Healthy::Healthy-63,parsed,Healthy-63-img-2,True,,901540,1353a975a90f4a88219aebc22d73ec23,test
/home/drnguyenvinh/notebooks/processed-images/processed_images/1. Healthy/Healthy-63-img-3_nobg.png,/home/drnguyenvinh/notebooks/processed-images/processed_images/1. Healthy/Healthy-63-img-3_nobg.png,1. Healthy/Healthy-63-img-3_nobg.png,Healthy-63-img-3_nobg.png,1. Healthy,1. Healthy,Healthy,Healthy,0,0,Healthy-63,1. Healthy::Healthy-63,parsed,Healthy-63-img-3,True,,947918,4501535d240fc0936d1886125950b857,test
/home/drnguyenvinh/notebooks/processed-images/processed_images/1. Healthy/Healthy-65-img-1_nobg.png,/home/drnguyenvinh/notebooks/processed-images/processed_images/1. Healthy/Healthy-65-img-1_nobg.png,1. Healthy/Healthy-65-img-1_nobg.png,Healthy-65-img-1_nobg.png,1. Healthy,1. Healthy,Healthy,Healthy,0,0,Healthy-65,1. Healthy::Healthy-65,parsed,Healthy-65-img-1,True,,1242473,1c7a72f3e7ff6d1639dbcc77d575a7db,test
/home/drnguyenvinh/notebooks/processed-images/processed_images/1. Healthy/Healthy-65-img-2_nobg.png,/home/drnguyenvinh/notebooks/processed-images/processed_images/1. Healthy/Healthy-65-img-2_nobg.png,1. Healthy/Healthy-65-img-2_nobg.png,Healthy-65-img-2_nobg.png,1. Healthy,1. Healthy,Healthy,Healthy,0,0,Healthy-65,1. Healthy::Healthy-65,parsed,Healthy-65-img-2,True,,1302217,a01a5631de148b90583793b07973844b,test
/home/drnguyenvinh/notebooks/processed-images/processed_images/1. Healthy/Healthy-65-img-3_nobg.png,/home/drnguyenvinh/notebooks/processed-images/processed_images/1. Healthy/Healthy-65-img-3_nobg.png,1. Healthy/Healthy-65-img-3_nobg.png,Healthy-65-img-3_nobg.png,1. Healthy,1. Healthy,Healthy,Healthy,0,0,Healthy-65,1. Healthy::Healthy-65,parsed,Healthy-65-img-3,True,,1031687,6df8d09d98b6495c9b1eee4deab16ec9,test
/home/drnguyenvinh/notebooks/processed-images/processed_images/1. Healthy/Healthy-67-img-1_nobg.png,/home/drnguyenvinh/notebooks/processed-images/processed_images/1. Healthy/Healthy-67-img-1_nobg.png,1. Healthy/Healthy-67-img-1_nobg.png,Healthy-67-img-1_nobg.png,1. Healthy,1. Healthy,Healthy,Healthy,0,0,Healthy-67,1. Healthy::Healthy-67,parsed,Healthy-67-img-1,True,,954455,8960c90446ddb2c144b66b3b426e3422,test
/home/drnguyenvinh/notebooks/processed-images/processed_images/1. Healthy/Healthy-67-img-2_nobg.png,/home/drnguyenvinh/notebooks/processed-images/processed_images/1. Healthy/Healthy-67-img-2_nobg.png,1. Healthy/Healthy-67-img-2_nobg.png,Healthy-67-img-2_nobg.png,1. Healthy,1. Healthy,Healthy,Healthy,0,0,Healthy-67,1. Healthy::Healthy-67,parsed,Healthy-67-img-2,True,,1119424,6580901b1d29db1ae4b32648a2d3d610,test
/home/drnguyenvinh/notebooks/processed-images/processed_images/1. Healthy/Healthy-67-img-3_nobg.png,/home/drnguyenvinh/notebooks/processed-images/processed_images/1. Healthy/Healthy-67-img-3_nobg.png,1. Healthy/Healthy-67-img-3_nobg.png,Healthy-67-img-3_nobg.png,1. Healthy,1. Healthy,Healthy,Healthy,0,0,Healthy-67,1. Healthy::Healthy-67,parsed,Healthy-67-img-3,True,,920482,63a9a42aa1bf3e743fe158fecb3800d4,test
/home/drnguyenvinh/notebooks/processed-images/processed_images/1. Healthy/Healthy-80-img-1_nobg.png,/home/drnguyenvinh/notebooks/processed-images/processed_images/1. Healthy/Healthy-80-img-1_nobg.png,1. Healthy/Healthy-80-img-1_nobg.png,Healthy-80-img-1_nobg.png,1. Healthy,1. Healthy,Healthy,Healthy,0,0,Healthy-80,1. Healthy::Healthy-80,parsed,Healthy-80-img-1,True,,883537,c43ecccfeee091662540883a12034b6b,test
/home/drnguyenvinh/notebooks/processed-images/processed_images/1. Healthy/Healthy-80-img-2_nobg.png,/home/drnguyenvinh/notebooks/processed-images/processed_images/1. Healthy/Healthy-80-img-2_nobg.png,1. Healthy/Healthy-80-img-2_nobg.png,Healthy-80-img-2_nobg.png,1. Healthy,1. Healthy,Healthy,Healthy,0,0,Healthy-80,1. Healthy::Healthy-80,parsed,Healthy-80-img-2,True,,1000382,f1b537e29cee45aacf377b55c0084603,test
/home/drnguyenvinh/notebooks/processed-images/processed_images/1. Healthy/Healthy-80-img-3_nobg.png,/home/drnguyenvinh/notebooks/processed-images/processed_images/1. Healthy/Healthy-80-img-3_nobg.png,1. Healthy/Healthy-80-img-3_nobg.png,Healthy-80-img-3_nobg.png,1. Healthy,1. Healthy,Healthy,Healthy,0,0,Healthy-80,1. Healthy::Healthy-80,parsed,Healthy-80-img-3,True,,832722,fcf55d931c60a70c344433681106dcce,test
/home/drnguyenvinh/notebooks/processed-images/processed_images/1. Healthy/Healthy-94-img-1_nobg.png,/home/drnguyenvinh/notebooks/processed-images/processed_images/1. Healthy/Healthy-94-img-1_nobg.png,1. Healthy/Healthy-94-img-1_nobg.png,Healthy-94-img-1_nobg.png,1. Healthy,1. Healthy,Healthy,Healthy,0,0,Healthy-94,1. Healthy::Healthy-94,parsed,Healthy-94-img-1,True,,722139,d59078b72280d3aea7f5caf631bb57a9,test
/home/drnguyenvinh/notebooks/processed-images/processed_images/1. Healthy/Healthy-94-img-2_nobg.png,/home/drnguyenvinh/notebooks/processed-images/processed_images/1. Healthy/Healthy-94-img-2_nobg.png,1. Healthy/Healthy-94-img-2_nobg.png,Healthy-94-img-2_nobg.png,1. Healthy,1. Healthy,Healthy,Healthy,0,0,Healthy-94,1. Healthy::Healthy-94,parsed,Healthy-94-img-2,True,,878192,b9bf66c72d1acabd94d2e6f2560f4134,test
/home/drnguyenvinh/notebooks/processed-images/processed_images/1. Healthy/Healthy-94-img-3_nobg.png,/home/drnguyenvinh/notebooks/processed-images/processed_images/1. Healthy/Healthy-94-img-3_nobg.png,1. Healthy/Healthy-94-img-3_nobg.png,Healthy-94-img-3_nobg.png,1. Healthy,1. Healthy,Healthy,Healthy,0,0,Healthy-94,1. Healthy::Healthy-94,parsed,Healthy-94-img-3,True,,710155,01b570880eb0e4c5805fbed1a137297d,test
/home/drnguyenvinh/notebooks/processed-images/processed_images/1. Healthy/Healthy-97-img-1_nobg.png,/home/drnguyenvinh/notebooks/processed-images/processed_images/1. Healthy/Healthy-97-img-1_nobg.png,1. Healthy/Healthy-97-img-1_nobg.png,Healthy-97-img-1_nobg.png,1. Healthy,1. Healthy,Healthy,Healthy,0,0,Healthy-97,1. Healthy::Healthy-97,parsed,Healthy-97-img-1,True,,1108380,38518a7c181fa3885b60acf03ec20a9a,test
/home/drnguyenvinh/notebooks/processed-images/processed_images/1. Healthy/Healthy-97-img-2_nobg.png,/home/drnguyenvinh/notebooks/processed-images/processed_images/1. Healthy/Healthy-97-img-2_nobg.png,1. Healthy/Healthy-97-img-2_nobg.png,Healthy-97-img-2_nobg.png,1. Healthy,1. Healthy,Healthy,Healthy,0,0,Healthy-97,1. Healthy::Healthy-97,parsed,Healthy-97-img-2,True,,1252899,acb475d15bedbc642767b6296e30683f,test
/home/drnguyenvinh/notebooks/processed-images/processed_images/1. Healthy/Healthy-97-img-3_nobg.png,/home/drnguyenvinh/notebooks/processed-images/processed_images/1. Healthy/Healthy-97-img-3_nobg.png,1. Healthy/Healthy-97-img-3_nobg.png,Healthy-97-img-3_nobg.png,1. Healthy,1. Healthy,Healthy,Healthy,0,0,Healthy-97,1. Healthy::Healthy-97,parsed,Healthy-97-img-3,True,,1175752,d784a86c1826cf3fe8dbb274dd1d4edd,test
/home/drnguyenvinh/notebooks/processed-images/processed_images/2. BG/BG-15-img-1_nobg.png,/home/drnguyenvinh/notebooks/processed-images/processed_images/2. BG/BG-15-img-1_nobg.png,2. BG/BG-15-img-1_nobg.png,BG-15-img-1_nobg.png,2. BG,2. BG,BG,BG,1,1,BG-15,2. BG::BG-15,parsed,BG-15-img-1,True,,1007891,dbe90a4390489dedda8da7e5ce820faa,test
/home/drnguyenvinh/notebooks/processed-images/processed_images/2. BG/BG-15-img-2_nobg.png,/home/drnguyenvinh/notebooks/processed-images/processed_images/2. BG/BG-15-img-2_nobg.png,2. BG/BG-15-img-2_nobg.png,BG-15-img-2_nobg.png,2. BG,2. BG,BG,BG,1,1,BG-15,2. BG::BG-15,parsed,BG-15-img-2,True,,1012167,f65a16ea6b07e775d613d573fc2cd680,test
/home/drnguyenvinh/notebooks/processed-images/processed_images/2. BG/BG-17-img-1_nobg.png,/home/drnguyenvinh/notebooks/processed-images/processed_images/2. BG/BG-17-img-1_nobg.png,2. BG/BG-17-img-1_nobg.png,BG-17-img-1_nobg.png,2. BG,2. BG,BG,BG,1,1,BG-17,2. BG::BG-17,parsed,BG-17-img-1,True,,715845,28b9448323fbf15430837d0ae8702c97,test
/home/drnguyenvinh/notebooks/processed-images/processed_images/2. BG/BG-29-img-1_nobg.png,/home/drnguyenvinh/notebooks/processed-images/processed_images/2. BG/BG-29-img-1_nobg.png,2. BG/BG-29-img-1_nobg.png,BG-29-img-1_nobg.png,2. BG,2. BG,BG,BG,1,1,BG-29,2. BG::BG-29,parsed,BG-29-img-1,True,,691621,2eb69834129c9c712170dc3ccb160650,test
/home/drnguyenvinh/notebooks/processed-images/processed_images/2. BG/BG-29-img-2_nobg.png,/home/drnguyenvinh/notebooks/processed-images/processed_images/2. BG/BG-29-img-2_nobg.png,2. BG/BG-29-img-2_nobg.png,BG-29-img-2_nobg.png,2. BG,2. BG,BG,BG,1,1,BG-29,2. BG::BG-29,parsed,BG-29-img-2,True,,644638,d800426d6d1af938ac4bdc1a76fc18f7,test
/home/drnguyenvinh/notebooks/processed-images/processed_images/2. BG/BG-29-img-3_nobg.png,/home/drnguyenvinh/notebooks/processed-images/processed_images/2. BG/BG-29-img-3_nobg.png,2. BG/BG-29-img-3_nobg.png,BG-29-img-3_nobg.png,2. BG,2. BG,BG,BG,1,1,BG-29,2. BG::BG-29,parsed,BG-29-img-3,True,,625319,7816cb3dd0ae9a2b7685b6783fc1e7d3,test
/home/drnguyenvinh/notebooks/processed-images/processed_images/2. BG/BG-3-img-1_nobg.png,/home/drnguyenvinh/notebooks/processed-images/processed_images/2. BG/BG-3-img-1_nobg.png,2. BG/BG-3-img-1_nobg.png,BG-3-img-1_nobg.png,2. BG,2. BG,BG,BG,1,1,BG-3,2. BG::BG-3,parsed,BG-3-img-1,True,,1410448,9fc27b492b23acff0b2a62f7934c354a,test
/home/drnguyenvinh/notebooks/processed-images/processed_images/2. BG/BG-3-img-2_nobg.png,/home/drnguyenvinh/notebooks/processed-images/processed_images/2. BG/BG-3-img-2_nobg.png,2. BG/BG-3-img-2_nobg.png,BG-3-img-2_nobg.png,2. BG,2. BG,BG,BG,1,1,BG-3,2. BG::BG-3,parsed,BG-3-img-2,True,,1146963,82ea4f7457321d876f3acb04cb1cea25,test
/home/drnguyenvinh/notebooks/processed-images/processed_images/2. BG/BG-3-img-3_nobg.png,/home/drnguyenvinh/notebooks/processed-images/processed_images/2. BG/BG-3-img-3_nobg.png,2. BG/BG-3-img-3_nobg.png,BG-3-img-3_nobg.png,2. BG,2. BG,BG,BG,1,1,BG-3,2. BG::BG-3,parsed,BG-3-img-3,True,,1217817,ce8b063eea17f77cddf0b42f8a80b821,test
/home/drnguyenvinh/notebooks/processed-images/processed_images/2. BG/BG-35-img-1_nobg.png,/home/drnguyenvinh/notebooks/processed-images/processed_images/2. BG/BG-35-img-1_nobg.png,2. BG/BG-35-img-1_nobg.png,BG-35-img-1_nobg.png,2. BG,2. BG,BG,BG,1,1,BG-35,2. BG::BG-35,parsed,BG-35-img-1,True,,828012,3063aee5a28e36c17da6cabb5f0c12cc,test
/home/drnguyenvinh/notebooks/processed-images/processed_images/2. BG/BG-35-img-2_nobg.png,/home/drnguyenvinh/notebooks/processed-images/processed_images/2. BG/BG-35-img-2_nobg.png,2. BG/BG-35-img-2_nobg.png,BG-35-img-2_nobg.png,2. BG,2. BG,BG,BG,1,1,BG-35,2. BG::BG-35,parsed,BG-35-img-2,True,,1046784,24e5ec4c353af75133dea6a110433a45,test
/home/drnguyenvinh/notebooks/processed-images/processed_images/2. BG/BG-35-img-3_nobg.png,/home/drnguyenvinh/notebooks/processed-images/processed_images/2. BG/BG-35-img-3_nobg.png,2. BG/BG-35-img-3_nobg.png,BG-35-img-3_nobg.png,2. BG,2. BG,BG,BG,1,1,BG-35,2. BG::BG-35,parsed,BG-35-img-3,True,,949152,e1beb3b4bdf13b2b9b57f9a67f921427,test
/home/drnguyenvinh/notebooks/processed-images/processed_images/2. BG/BG-38-img-1_nobg.png,/home/drnguyenvinh/notebooks/processed-images/processed_images/2. BG/BG-38-img-1_nobg.png,2. BG/BG-38-img-1_nobg.png,BG-38-img-1_nobg.png,2. BG,2. BG,BG,BG,1,1,BG-38,2. BG::BG-38,parsed,BG-38-img-1,True,,928852,82f53ef06957a908cdf8ab2c1d831586,test
/home/drnguyenvinh/notebooks/processed-images/processed_images/2. BG/BG-38-img-2_nobg.png,/home/drnguyenvinh/notebooks/processed-images/processed_images/2. BG/BG-38-img-2_nobg.png,2. BG/BG-38-img-2_nobg.png,BG-38-img-2_nobg.png,2. BG,2. BG,BG,BG,1,1,BG-38,2. BG::BG-38,parsed,BG-38-img-2,True,,1282908,e4938468006ccb2afb7858497890841f,test
/home/drnguyenvinh/notebooks/processed-images/processed_images/2. BG/BG-38-img-3_nobg.png,/home/drnguyenvinh/notebooks/processed-images/processed_images/2. BG/BG-38-img-3_nobg.png,2. BG/BG-38-img-3_nobg.png,BG-38-img-3_nobg.png,2. BG,2. BG,BG,BG,1,1,BG-38,2. BG::BG-38,parsed,BG-38-img-3,True,,974188,d3a6566e2456d365e84e90a0c4f99b2b,test
/home/drnguyenvinh/notebooks/processed-images/processed_images/2. BG/BG-41-img-1_nobg.png,/home/drnguyenvinh/notebooks/processed-images/processed_images/2. BG/BG-41-img-1_nobg.png,2. BG/BG-41-img-1_nobg.png,BG-41-img-1_nobg.png,2. BG,2. BG,BG,BG,1,1,BG-41,2. BG::BG-41,parsed,BG-41-img-1,True,,961522,96de51520423249c87f8ab7eeebf71b5,test
/home/drnguyenvinh/notebooks/processed-images/processed_images/2. BG/BG-41-img-2_nobg.png,/home/drnguyenvinh/notebooks/processed-images/processed_images/2. BG/BG-41-img-2_nobg.png,2. BG/BG-41-img-2_nobg.png,BG-41-img-2_nobg.png,2. BG,2. BG,BG,BG,1,1,BG-41,2. BG::BG-41,parsed,BG-41-img-2,True,,840283,79f0d219b436b576f3b5fd2b439fb63b,test
/home/drnguyenvinh/notebooks/processed-images/processed_images/2. BG/BG-41-img-3_nobg.png,/home/drnguyenvinh/notebooks/processed-images/processed_images/2. BG/BG-41-img-3_nobg.png,2. BG/BG-41-img-3_nobg.png,BG-41-img-3_nobg.png,2. BG,2. BG,BG,BG,1,1,BG-41,2. BG::BG-41,parsed,BG-41-img-3,True,,946531,288fa67117076ef5797f31776134f822,test
/home/drnguyenvinh/notebooks/processed-images/processed_images/2. BG/BG-48-img-1_nobg.png,/home/drnguyenvinh/notebooks/processed-images/processed_images/2. BG/BG-48-img-1_nobg.png,2. BG/BG-48-img-1_nobg.png,BG-48-img-1_nobg.png,2. BG,2. BG,BG,BG,1,1,BG-48,2. BG::BG-48,parsed,BG-48-img-1,True,,880213,aecefea813663cc9ab4b9254fe342652,test
/home/drnguyenvinh/notebooks/processed-images/processed_images/2. BG/BG-48-img-2_nobg.png,/home/drnguyenvinh/notebooks/processed-images/processed_images/2. BG/BG-48-img-2_nobg.png,2. BG/BG-48-img-2_nobg.png,BG-48-img-2_nobg.png,2. BG,2. BG,BG,BG,1,1,BG-48,2. BG::BG-48,parsed,BG-48-img-2,True,,820468,3cff3b28fb1882927051739ce28c0f9b,test
/home/drnguyenvinh/notebooks/processed-images/processed_images/2. BG/BG-48-img-3_nobg.png,/home/drnguyenvinh/notebooks/processed-images/processed_images/2. BG/BG-48-img-3_nobg.png,2. BG/BG-48-img-3_nobg.png,BG-48-img-3_nobg.png,2. BG,2. BG,BG,BG,1,1,BG-48,2. BG::BG-48,parsed,BG-48-img-3,True,,960170,7be9c471dea10296f79d6d3f786272ed,test
/home/drnguyenvinh/notebooks/processed-images/processed_images/2. BG/BG-55-img-1_nobg.png,/home/drnguyenvinh/notebooks/processed-images/processed_images/2. BG/BG-55-img-1_nobg.png,2. BG/BG-55-img-1_nobg.png,BG-55-img-1_nobg.png,2. BG,2. BG,BG,BG,1,1,BG-55,2. BG::BG-55,parsed,BG-55-img-1,True,,811927,46caea7c3f27242f62404bb7fac71f1a,test
/home/drnguyenvinh/notebooks/processed-images/processed_images/2. BG/BG-55-img-2_nobg.png,/home/drnguyenvinh/notebooks/processed-images/processed_images/2. BG/BG-55-img-2_nobg.png,2. BG/BG-55-img-2_nobg.png,BG-55-img-2_nobg.png,2. BG,2. BG,BG,BG,1,1,BG-55,2. BG::BG-55,parsed,BG-55-img-2,True,,851398,e755a43561ede4534448ba5da11e279d,test
/home/drnguyenvinh/notebooks/processed-images/processed_images/2. BG/BG-55-img-3_nobg.png,/home/drnguyenvinh/notebooks/processed-images/processed_images/2. BG/BG-55-img-3_nobg.png,2. BG/BG-55-img-3_nobg.png,BG-55-img-3_nobg.png,2. BG,2. BG,BG,BG,1,1,BG-55,2. BG::BG-55,parsed,BG-55-img-3,True,,902698,5e6970a661f06753126e52a6f2b145de,test
/home/drnguyenvinh/notebooks/processed-images/processed_images/2. BG/BG-72-img-1_nobg.png,/home/drnguyenvinh/notebooks/processed-images/processed_images/2. BG/BG-72-img-1_nobg.png,2. BG/BG-72-img-1_nobg.png,BG-72-img-1_nobg.png,2. BG,2. BG,BG,BG,1,1,BG-72,2. BG::BG-72,parsed,BG-72-img-1,True,,967726,de5995677cc6378bb2bf6fedc9cd3826,test
/home/drnguyenvinh/notebooks/processed-images/processed_images/2. BG/BG-72-img-2_nobg.png,/home/drnguyenvinh/notebooks/processed-images/processed_images/2. BG/BG-72-img-2_nobg.png,2. BG/BG-72-img-2_nobg.png,BG-72-img-2_nobg.png,2. BG,2. BG,BG,BG,1,1,BG-72,2. BG::BG-72,parsed,BG-72-img-2,True,,857244,b42a7e44f52c74dfb0a2d2b1c8c6d394,test
/home/drnguyenvinh/notebooks/processed-images/processed_images/2. BG/BG-72-img-3_nobg.png,/home/drnguyenvinh/notebooks/processed-images/processed_images/2. BG/BG-72-img-3_nobg.png,2. BG/BG-72-img-3_nobg.png,BG-72-img-3_nobg.png,2. BG,2. BG,BG,BG,1,1,BG-72,2. BG::BG-72,parsed,BG-72-img-3,True,,964134,a337dd8cb77ea40f5d7f2c62a0b4ed0f,test
/home/drnguyenvinh/notebooks/processed-images/processed_images/2. BG/BG-73-img-1_nobg.png,/home/drnguyenvinh/notebooks/processed-images/processed_images/2. BG/BG-73-img-1_nobg.png,2. BG/BG-73-img-1_nobg.png,BG-73-img-1_nobg.png,2. BG,2. BG,BG,BG,1,1,BG-73,2. BG::BG-73,parsed,BG-73-img-1,True,,689917,379967f498f176f088830818c0fee5c0,test
/home/drnguyenvinh/notebooks/processed-images/processed_images/2. BG/BG-73-img-2_nobg.png,/home/drnguyenvinh/notebooks/processed-images/processed_images/2. BG/BG-73-img-2_nobg.png,2. BG/BG-73-img-2_nobg.png,BG-73-img-2_nobg.png,2. BG,2. BG,BG,BG,1,1,BG-73,2. BG::BG-73,parsed,BG-73-img-2,True,,785172,40a721437cee7b065904069e5e69f2fc,test
/home/drnguyenvinh/notebooks/processed-images/processed_images/2. BG/BG-73-img-3_nobg.png,/home/drnguyenvinh/notebooks/processed-images/processed_images/2. BG/BG-73-img-3_nobg.png,2. BG/BG-73-img-3_nobg.png,BG-73-img-3_nobg.png,2. BG,2. BG,BG,BG,1,1,BG-73,2. BG::BG-73,parsed,BG-73-img-3,True,,909730,91d2f69ea321bdf7dda541d8d67f95ce,test
/home/drnguyenvinh/notebooks/processed-images/processed_images/3. WSSV/WSSV-108-img-1_nobg.png,/home/drnguyenvinh/notebooks/processed-images/processed_images/3. WSSV/WSSV-108-img-1_nobg.png,3. WSSV/WSSV-108-img-1_nobg.png,WSSV-108-img-1_nobg.png,3. WSSV,3. WSSV,WSSV,WSSV,2,2,WSSV-108,3. WSSV::WSSV-108,parsed,WSSV-108-img-1,True,,844597,24b14e916138b7a994f62c33eb54685f,test
/home/drnguyenvinh/notebooks/processed-images/processed_images/3. WSSV/WSSV-108-img-2_nobg.png,/home/drnguyenvinh/notebooks/processed-images/processed_images/3. WSSV/WSSV-108-img-2_nobg.png,3. WSSV/WSSV-108-img-2_nobg.png,WSSV-108-img-2_nobg.png,3. WSSV,3. WSSV,WSSV,WSSV,2,2,WSSV-108,3. WSSV::WSSV-108,parsed,WSSV-108-img-2,True,,701445,2f4d191cef38cdd1f224488b4601547d,test
/home/drnguyenvinh/notebooks/processed-images/processed_images/3. WSSV/WSSV-108-img-3_nobg.png,/home/drnguyenvinh/notebooks/processed-images/processed_images/3. WSSV/WSSV-108-img-3_nobg.png,3. WSSV/WSSV-108-img-3_nobg.png,WSSV-108-img-3_nobg.png,3. WSSV,3. WSSV,WSSV,WSSV,2,2,WSSV-108,3. WSSV::WSSV-108,parsed,WSSV-108-img-3,True,,909730,db94ccd5784d6571d73312eb91f51477,test
/home/drnguyenvinh/notebooks/processed-images/processed_images/3. WSSV/WSSV-112-img-1_nobg.png,/home/drnguyenvinh/notebooks/processed-images/processed_images/3. WSSV/WSSV-112-img-1_nobg.png,3. WSSV/WSSV-112-img-1_nobg.png,WSSV-112-img-1_nobg.png,3. WSSV,3. WSSV,WSSV,WSSV,2,2,WSSV-112,3. WSSV::WSSV-112,parsed,WSSV-112-img-1,True,,890913,d57444e19c0c9d5835fec5a76b975e08,test
/home/drnguyenvinh/notebooks/processed-images/processed_images/3. WSSV/WSSV-112-img-2_nobg.png,/home/drnguyenvinh/notebooks/processed-images/processed_images/3. WSSV/WSSV-112-img-2_nobg.png,3. WSSV/WSSV-112-img-2_nobg.png,WSSV-112-img-2_nobg.png,3. WSSV,3. WSSV,WSSV,WSSV,2,2,WSSV-112,3. WSSV::WSSV-112,parsed,WSSV-112-img-2,True,,952678,251d8729d0017a133e9d754632b96bfb,test
/home/drnguyenvinh/notebooks/processed-images/processed_images/3. WSSV/WSSV-112-img-3_nobg.png,/home/drnguyenvinh/notebooks/processed-images/processed_images/3. WSSV/WSSV-112-img-3_nobg.png,3. WSSV/WSSV-112-img-3_nobg.png,WSSV-112-img-3_nobg.png,3. WSSV,3. WSSV,WSSV,WSSV,2,2,WSSV-112,3. WSSV::WSSV-112,parsed,WSSV-112-img-3,True,,657454,730448065dc7c79c108c526487caeed6,test
/home/drnguyenvinh/notebooks/processed-images/processed_images/3. WSSV/WSSV-113-img-1_nobg.png,/home/drnguyenvinh/notebooks/processed-images/processed_images/3. WSSV/WSSV-113-img-1_nobg.png,3. WSSV/WSSV-113-img-1_nobg.png,WSSV-113-img-1_nobg.png,3. WSSV,3. WSSV,WSSV,WSSV,2,2,WSSV-113,3. WSSV::WSSV-113,parsed,WSSV-113-img-1,True,,788810,c11905293413f4f39fa2b4f7d5fea9cb,test
/home/drnguyenvinh/notebooks/processed-images/processed_images/3. WSSV/WSSV-113-img-2_nobg.png,/home/drnguyenvinh/notebooks/processed-images/processed_images/3. WSSV/WSSV-113-img-2_nobg.png,3. WSSV/WSSV-113-img-2_nobg.png,WSSV-113-img-2_nobg.png,3. WSSV,3. WSSV,WSSV,WSSV,2,2,WSSV-113,3. WSSV::WSSV-113,parsed,WSSV-113-img-2,True,,879045,aad7bfaecec95478f3d55a904fc81b8f,test
/home/drnguyenvinh/notebooks/processed-images/processed_images/3. WSSV/WSSV-113-img-3_nobg.png,/home/drnguyenvinh/notebooks/processed-images/processed_images/3. WSSV/WSSV-113-img-3_nobg.png,3. WSSV/WSSV-113-img-3_nobg.png,WSSV-113-img-3_nobg.png,3. WSSV,3. WSSV,WSSV,WSSV,2,2,WSSV-113,3. WSSV::WSSV-113,parsed,WSSV-113-img-3,True,,805236,6f44ee89377bcd26a1843df53c2ade8d,test
/home/drnguyenvinh/notebooks/processed-images/processed_images/3. WSSV/WSSV-115-img-1_nobg.png,/home/drnguyenvinh/notebooks/processed-images/processed_images/3. WSSV/WSSV-115-img-1_nobg.png,3. WSSV/WSSV-115-img-1_nobg.png,WSSV-115-img-1_nobg.png,3. WSSV,3. WSSV,WSSV,WSSV,2,2,WSSV-115,3. WSSV::WSSV-115,parsed,WSSV-115-img-1,True,,1254262,c18a4124d858915d5497d94b1564b1f2,test
/home/drnguyenvinh/notebooks/processed-images/processed_images/3. WSSV/WSSV-115-img-2_nobg.png,/home/drnguyenvinh/notebooks/processed-images/processed_images/3. WSSV/WSSV-115-img-2_nobg.png,3. WSSV/WSSV-115-img-2_nobg.png,WSSV-115-img-2_nobg.png,3. WSSV,3. WSSV,WSSV,WSSV,2,2,WSSV-115,3. WSSV::WSSV-115,parsed,WSSV-115-img-2,True,,1333243,607349729fdd00d8009307f21e30224c,test
/home/drnguyenvinh/notebooks/processed-images/processed_images/3. WSSV/WSSV-115-img-3_nobg.png,/home/drnguyenvinh/notebooks/processed-images/processed_images/3. WSSV/WSSV-115-img-3_nobg.png,3. WSSV/WSSV-115-img-3_nobg.png,WSSV-115-img-3_nobg.png,3. WSSV,3. WSSV,WSSV,WSSV,2,2,WSSV-115,3. WSSV::WSSV-115,parsed,WSSV-115-img-3,True,,1012264,d9cb162eab4f61b6a6fa747f8b5f2568,test
/home/drnguyenvinh/notebooks/processed-images/processed_images/3. WSSV/WSSV-116-img-1_nobg.png,/home/drnguyenvinh/notebooks/processed-images/processed_images/3. WSSV/WSSV-116-img-1_nobg.png,3. WSSV/WSSV-116-img-1_nobg.png,WSSV-116-img-1_nobg.png,3. WSSV,3. WSSV,WSSV,WSSV,2,2,WSSV-116,3. WSSV::WSSV-116,parsed,WSSV-116-img-1,True,,1138434,246093457165b93a05e431edd575945d,test
/home/drnguyenvinh/notebooks/processed-images/processed_images/3. WSSV/WSSV-116-img-2_nobg.png,/home/drnguyenvinh/notebooks/processed-images/processed_images/3. WSSV/WSSV-116-img-2_nobg.png,3. WSSV/WSSV-116-img-2_nobg.png,WSSV-116-img-2_nobg.png,3. WSSV,3. WSSV,WSSV,WSSV,2,2,WSSV-116,3. WSSV::WSSV-116,parsed,WSSV-116-img-2,True,,1158997,6d993b0a2db9e15228c0c4c80310b3e0,test
/home/drnguyenvinh/notebooks/processed-images/processed_images/3. WSSV/WSSV-116-img-3_nobg.png,/home/drnguyenvinh/notebooks/processed-images/processed_images/3. WSSV/WSSV-116-img-3_nobg.png,3. WSSV/WSSV-116-img-3_nobg.png,WSSV-116-img-3_nobg.png,3. WSSV,3. WSSV,WSSV,WSSV,2,2,WSSV-116,3. WSSV::WSSV-116,parsed,WSSV-116-img-3,True,,1058230,b87528ada26fa3e98de67fbb3a95c8af,test
/home/drnguyenvinh/notebooks/processed-images/processed_images/3. WSSV/WSSV-20-img-1_nobg.png,/home/drnguyenvinh/notebooks/processed-images/processed_images/3. WSSV/WSSV-20-img-1_nobg.png,3. WSSV/WSSV-20-img-1_nobg.png,WSSV-20-img-1_nobg.png,3. WSSV,3. WSSV,WSSV,WSSV,2,2,WSSV-20,3. WSSV::WSSV-20,parsed,WSSV-20-img-1,True,,1078805,b7dc928d54e631dfeba3213904c24aba,test
/home/drnguyenvinh/notebooks/processed-images/processed_images/3. WSSV/WSSV-20-img-2_nobg.png,/home/drnguyenvinh/notebooks/processed-images/processed_images/3. WSSV/WSSV-20-img-2_nobg.png,3. WSSV/WSSV-20-img-2_nobg.png,WSSV-20-img-2_nobg.png,3. WSSV,3. WSSV,WSSV,WSSV,2,2,WSSV-20,3. WSSV::WSSV-20,parsed,WSSV-20-img-2,True,,1032812,3cbc0a7f745903d733e2d3790abf3036,test
/home/drnguyenvinh/notebooks/processed-images/processed_images/3. WSSV/WSSV-20-img-3_nobg.png,/home/drnguyenvinh/notebooks/processed-images/processed_images/3. WSSV/WSSV-20-img-3_nobg.png,3. WSSV/WSSV-20-img-3_nobg.png,WSSV-20-img-3_nobg.png,3. WSSV,3. WSSV,WSSV,WSSV,2,2,WSSV-20,3. WSSV::WSSV-20,parsed,WSSV-20-img-3,True,,1140128,6e6a496625dca2c4fa3c09b389f53022,test
/home/drnguyenvinh/notebooks/processed-images/processed_images/3. WSSV/WSSV-24-img-1_nobg.png,/home/drnguyenvinh/notebooks/processed-images/processed_images/3. WSSV/WSSV-24-img-1_nobg.png,3. WSSV/WSSV-24-img-1_nobg.png,WSSV-24-img-1_nobg.png,3. WSSV,3. WSSV,WSSV,WSSV,2,2,WSSV-24,3. WSSV::WSSV-24,parsed,WSSV-24-img-1,True,,902435,dd35cb6946789546f23c3cbd282bdfbc,test
/home/drnguyenvinh/notebooks/processed-images/processed_images/3. WSSV/WSSV-24-img-2_nobg.png,/home/drnguyenvinh/notebooks/processed-images/processed_images/3. WSSV/WSSV-24-img-2_nobg.png,3. WSSV/WSSV-24-img-2_nobg.png,WSSV-24-img-2_nobg.png,3. WSSV,3. WSSV,WSSV,WSSV,2,2,WSSV-24,3. WSSV::WSSV-24,parsed,WSSV-24-img-2,True,,848548,604acd6d8cd5f1300f5ad28f8785b9d7,test
/home/drnguyenvinh/notebooks/processed-images/processed_images/3. WSSV/WSSV-24-img-3_nobg.png,/home/drnguyenvinh/notebooks/processed-images/processed_images/3. WSSV/WSSV-24-img-3_nobg.png,3. WSSV/WSSV-24-img-3_nobg.png,WSSV-24-img-3_nobg.png,3. WSSV,3. WSSV,WSSV,WSSV,2,2,WSSV-24,3. WSSV::WSSV-24,parsed,WSSV-24-img-3,True,,868044,05e3c07c31984df1dea7f8460e73a02b,test
/home/drnguyenvinh/notebooks/processed-images/processed_images/3. WSSV/WSSV-4-img-1_nobg.png,/home/drnguyenvinh/notebooks/processed-images/processed_images/3. WSSV/WSSV-4-img-1_nobg.png,3. WSSV/WSSV-4-img-1_nobg.png,WSSV-4-img-1_nobg.png,3. WSSV,3. WSSV,WSSV,WSSV,2,2,WSSV-4,3. WSSV::WSSV-4,parsed,WSSV-4-img-1,True,,1162616,94b21bbd9bc1a015659848e04d2a9158,test
/home/drnguyenvinh/notebooks/processed-images/processed_images/3. WSSV/WSSV-4-img-2_nobg.png,/home/drnguyenvinh/notebooks/processed-images/processed_images/3. WSSV/WSSV-4-img-2_nobg.png,3. WSSV/WSSV-4-img-2_nobg.png,WSSV-4-img-2_nobg.png,3. WSSV,3. WSSV,WSSV,WSSV,2,2,WSSV-4,3. WSSV::WSSV-4,parsed,WSSV-4-img-2,True,,1221785,8e39b7788d949d26887c79c894022e6c,test
/home/drnguyenvinh/notebooks/processed-images/processed_images/3. WSSV/WSSV-4-img-3_nobg.png,/home/drnguyenvinh/notebooks/processed-images/processed_images/3. WSSV/WSSV-4-img-3_nobg.png,3. WSSV/WSSV-4-img-3_nobg.png,WSSV-4-img-3_nobg.png,3. WSSV,3. WSSV,WSSV,WSSV,2,2,WSSV-4,3. WSSV::WSSV-4,parsed,WSSV-4-img-3,True,,1247968,6d219c1c3b8347142a196b1d14957cc2,test
/home/drnguyenvinh/notebooks/processed-images/processed_images/3. WSSV/WSSV-54-img-1_nobg.png,/home/drnguyenvinh/notebooks/processed-images/processed_images/3. WSSV/WSSV-54-img-1_nobg.png,3. WSSV/WSSV-54-img-1_nobg.png,WSSV-54-img-1_nobg.png,3. WSSV,3. WSSV,WSSV,WSSV,2,2,WSSV-54,3. WSSV::WSSV-54,parsed,WSSV-54-img-1,True,,831109,943b0b2a976d6d45463c12f6a7221a29,test
/home/drnguyenvinh/notebooks/processed-images/processed_images/3. WSSV/WSSV-54-img-2_nobg.png,/home/drnguyenvinh/notebooks/processed-images/processed_images/3. WSSV/WSSV-54-img-2_nobg.png,3. WSSV/WSSV-54-img-2_nobg.png,WSSV-54-img-2_nobg.png,3. WSSV,3. WSSV,WSSV,WSSV,2,2,WSSV-54,3. WSSV::WSSV-54,parsed,WSSV-54-img-2,True,,1067305,ce610f47890a48fb342c69f678777d7e,test
/home/drnguyenvinh/notebooks/processed-images/processed_images/3. WSSV/WSSV-54-img-3_nobg.png,/home/drnguyenvinh/notebooks/processed-images/processed_images/3. WSSV/WSSV-54-img-3_nobg.png,3. WSSV/WSSV-54-img-3_nobg.png,WSSV-54-img-3_nobg.png,3. WSSV,3. WSSV,WSSV,WSSV,2,2,WSSV-54,3. WSSV::WSSV-54,parsed,WSSV-54-img-3,True,,1018795,3cdd60dee22b46ef225cb9a2d7c0230a,test
/home/drnguyenvinh/notebooks/processed-images/processed_images/3. WSSV/WSSV-58-img-1_nobg.png,/home/drnguyenvinh/notebooks/processed-images/processed_images/3. WSSV/WSSV-58-img-1_nobg.png,3. WSSV/WSSV-58-img-1_nobg.png,WSSV-58-img-1_nobg.png,3. WSSV,3. WSSV,WSSV,WSSV,2,2,WSSV-58,3. WSSV::WSSV-58,parsed,WSSV-58-img-1,True,,1108341,4343b644b939a10f0f2bff5f814a3c11,test
/home/drnguyenvinh/notebooks/processed-images/processed_images/3. WSSV/WSSV-58-img-2_nobg.png,/home/drnguyenvinh/notebooks/processed-images/processed_images/3. WSSV/WSSV-58-img-2_nobg.png,3. WSSV/WSSV-58-img-2_nobg.png,WSSV-58-img-2_nobg.png,3. WSSV,3. WSSV,WSSV,WSSV,2,2,WSSV-58,3. WSSV::WSSV-58,parsed,WSSV-58-img-2,True,,1062737,7babaf8a08fb03f16ed7980a4b83d911,test
/home/drnguyenvinh/notebooks/processed-images/processed_images/3. WSSV/WSSV-58-img-3_nobg.png,/home/drnguyenvinh/notebooks/processed-images/processed_images/3. WSSV/WSSV-58-img-3_nobg.png,3. WSSV/WSSV-58-img-3_nobg.png,WSSV-58-img-3_nobg.png,3. WSSV,3. WSSV,WSSV,WSSV,2,2,WSSV-58,3. WSSV::WSSV-58,parsed,WSSV-58-img-3,True,,1012609,63719c95f0cf66ba1a3026325b68d1e9,test
/home/drnguyenvinh/notebooks/processed-images/processed_images/3. WSSV/WSSV-64-img-1_nobg.png,/home/drnguyenvinh/notebooks/processed-images/processed_images/3. WSSV/WSSV-64-img-1_nobg.png,3. WSSV/WSSV-64-img-1_nobg.png,WSSV-64-img-1_nobg.png,3. WSSV,3. WSSV,WSSV,WSSV,2,2,WSSV-64,3. WSSV::WSSV-64,parsed,WSSV-64-img-1,True,,738347,52c97c97baea9966258ae30cbee3602c,test
/home/drnguyenvinh/notebooks/processed-images/processed_images/3. WSSV/WSSV-64-img-2_nobg.png,/home/drnguyenvinh/notebooks/processed-images/processed_images/3. WSSV/WSSV-64-img-2_nobg.png,3. WSSV/WSSV-64-img-2_nobg.png,WSSV-64-img-2_nobg.png,3. WSSV,3. WSSV,WSSV,WSSV,2,2,WSSV-64,3. WSSV::WSSV-64,parsed,WSSV-64-img-2,True,,788838,2c822744c70f152a4221bce115da0c90,test
/home/drnguyenvinh/notebooks/processed-images/processed_images/3. WSSV/WSSV-64-img-3_nobg.png,/home/drnguyenvinh/notebooks/processed-images/processed_images/3. WSSV/WSSV-64-img-3_nobg.png,3. WSSV/WSSV-64-img-3_nobg.png,WSSV-64-img-3_nobg.png,3. WSSV,3. WSSV,WSSV,WSSV,2,2,WSSV-64,3. WSSV::WSSV-64,parsed,WSSV-64-img-3,True,,759277,e1cf9b7362badd2419fc2dae93c8dbe2,test
/home/drnguyenvinh/notebooks/processed-images/processed_images/3. WSSV/WSSV-7-img-1_nobg.png,/home/drnguyenvinh/notebooks/processed-images/processed_images/3. WSSV/WSSV-7-img-1_nobg.png,3. WSSV/WSSV-7-img-1_nobg.png,WSSV-7-img-1_nobg.png,3. WSSV,3. WSSV,WSSV,WSSV,2,2,WSSV-7,3. WSSV::WSSV-7,parsed,WSSV-7-img-1,True,,1049976,a239a5883a1aae0d3bb54513edabd5af,test
/home/drnguyenvinh/notebooks/processed-images/processed_images/3. WSSV/WSSV-7-img-2_nobg.png,/home/drnguyenvinh/notebooks/processed-images/processed_images/3. WSSV/WSSV-7-img-2_nobg.png,3. WSSV/WSSV-7-img-2_nobg.png,WSSV-7-img-2_nobg.png,3. WSSV,3. WSSV,WSSV,WSSV,2,2,WSSV-7,3. WSSV::WSSV-7,parsed,WSSV-7-img-2,True,,649294,b6f180b8ca1431dd27e919a34b07f783,test
/home/drnguyenvinh/notebooks/processed-images/processed_images/3. WSSV/WSSV-7-img-3_nobg.png,/home/drnguyenvinh/notebooks/processed-images/processed_images/3. WSSV/WSSV-7-img-3_nobg.png,3. WSSV/WSSV-7-img-3_nobg.png,WSSV-7-img-3_nobg.png,3. WSSV,3. WSSV,WSSV,WSSV,2,2,WSSV-7,3. WSSV::WSSV-7,parsed,WSSV-7-img-3,True,,1157624,6b4fca0451b28a0ccb3925bfdfc2c08d,test
/home/drnguyenvinh/notebooks/processed-images/processed_images/3. WSSV/WSSV-73-img-1_nobg.png,/home/drnguyenvinh/notebooks/processed-images/processed_images/3. WSSV/WSSV-73-img-1_nobg.png,3. WSSV/WSSV-73-img-1_nobg.png,WSSV-73-img-1_nobg.png,3. WSSV,3. WSSV,WSSV,WSSV,2,2,WSSV-73,3. WSSV::WSSV-73,parsed,WSSV-73-img-1,True,,1013170,e49f9ba419b757d84f01b77aa3a90c08,test
/home/drnguyenvinh/notebooks/processed-images/processed_images/3. WSSV/WSSV-73-img-2_nobg.png,/home/drnguyenvinh/notebooks/processed-images/processed_images/3. WSSV/WSSV-73-img-2_nobg.png,3. WSSV/WSSV-73-img-2_nobg.png,WSSV-73-img-2_nobg.png,3. WSSV,3. WSSV,WSSV,WSSV,2,2,WSSV-73,3. WSSV::WSSV-73,parsed,WSSV-73-img-2,True,,947322,dad87620ff628bdd99184a8f534a2b61,test
/home/drnguyenvinh/notebooks/processed-images/processed_images/3. WSSV/WSSV-73-img-3_nobg.png,/home/drnguyenvinh/notebooks/processed-images/processed_images/3. WSSV/WSSV-73-img-3_nobg.png,3. WSSV/WSSV-73-img-3_nobg.png,WSSV-73-img-3_nobg.png,3. WSSV,3. WSSV,WSSV,WSSV,2,2,WSSV-73,3. WSSV::WSSV-73,parsed,WSSV-73-img-3,True,,895976,16cbe3009b0f13def70961cfe9003b97,test
/home/drnguyenvinh/notebooks/processed-images/processed_images/3. WSSV/WSSV-78-img-1_nobg.png,/home/drnguyenvinh/notebooks/processed-images/processed_images/3. WSSV/WSSV-78-img-1_nobg.png,3. WSSV/WSSV-78-img-1_nobg.png,WSSV-78-img-1_nobg.png,3. WSSV,3. WSSV,WSSV,WSSV,2,2,WSSV-78,3. WSSV::WSSV-78,parsed,WSSV-78-img-1,True,,801048,26c950df122f7bdf75b926e014880ab9,test
/home/drnguyenvinh/notebooks/processed-images/processed_images/3. WSSV/WSSV-78-img-2_nobg.png,/home/drnguyenvinh/notebooks/processed-images/processed_images/3. WSSV/WSSV-78-img-2_nobg.png,3. WSSV/WSSV-78-img-2_nobg.png,WSSV-78-img-2_nobg.png,3. WSSV,3. WSSV,WSSV,WSSV,2,2,WSSV-78,3. WSSV::WSSV-78,parsed,WSSV-78-img-2,True,,825468,b2846dfe3bc921cdbe89c2583bc512e2,test
/home/drnguyenvinh/notebooks/processed-images/processed_images/3. WSSV/WSSV-80-img-1_nobg.png,/home/drnguyenvinh/notebooks/processed-images/processed_images/3. WSSV/WSSV-80-img-1_nobg.png,3. WSSV/WSSV-80-img-1_nobg.png,WSSV-80-img-1_nobg.png,3. WSSV,3. WSSV,WSSV,WSSV,2,2,WSSV-80,3. WSSV::WSSV-80,parsed,WSSV-80-img-1,True,,759502,5d9c8c29257c7adc46997b672ee76731,test
/home/drnguyenvinh/notebooks/processed-images/processed_images/3. WSSV/WSSV-80-img-2_nobg.png,/home/drnguyenvinh/notebooks/processed-images/processed_images/3. WSSV/WSSV-80-img-2_nobg.png,3. WSSV/WSSV-80-img-2_nobg.png,WSSV-80-img-2_nobg.png,3. WSSV,3. WSSV,WSSV,WSSV,2,2,WSSV-80,3. WSSV::WSSV-80,parsed,WSSV-80-img-2,True,,854606,39406c55877303eb310a8be1c3565a8f,test
/home/drnguyenvinh/notebooks/processed-images/processed_images/3. WSSV/WSSV-80-img-3_nobg.png,/home/drnguyenvinh/notebooks/processed-images/processed_images/3. WSSV/WSSV-80-img-3_nobg.png,3. WSSV/WSSV-80-img-3_nobg.png,WSSV-80-img-3_nobg.png,3. WSSV,3. WSSV,WSSV,WSSV,2,2,WSSV-80,3. WSSV::WSSV-80,parsed,WSSV-80-img-3,True,,679588,c38689f96bfaac99732552006f398ee9,test
/home/drnguyenvinh/notebooks/processed-images/processed_images/3. WSSV/WSSV-93-img-1_nobg.png,/home/drnguyenvinh/notebooks/processed-images/processed_images/3. WSSV/WSSV-93-img-1_nobg.png,3. WSSV/WSSV-93-img-1_nobg.png,WSSV-93-img-1_nobg.png,3. WSSV,3. WSSV,WSSV,WSSV,2,2,WSSV-93,3. WSSV::WSSV-93,parsed,WSSV-93-img-1,True,,594016,388bd7ce5b997bf9eb14b492973ec492,test
/home/drnguyenvinh/notebooks/processed-images/processed_images/3. WSSV/WSSV-93-img-2_nobg.png,/home/drnguyenvinh/notebooks/processed-images/processed_images/3. WSSV/WSSV-93-img-2_nobg.png,3. WSSV/WSSV-93-img-2_nobg.png,WSSV-93-img-2_nobg.png,3. WSSV,3. WSSV,WSSV,WSSV,2,2,WSSV-93,3. WSSV::WSSV-93,parsed,WSSV-93-img-2,True,,772798,8997e0db49a8f8fe1e85f21a03bc9696,test
/home/drnguyenvinh/notebooks/processed-images/processed_images/3. WSSV/WSSV-93-img-3_nobg.png,/home/drnguyenvinh/notebooks/processed-images/processed_images/3. WSSV/WSSV-93-img-3_nobg.png,3. WSSV/WSSV-93-img-3_nobg.png,WSSV-93-img-3_nobg.png,3. WSSV,3. WSSV,WSSV,WSSV,2,2,WSSV-93,3. WSSV::WSSV-93,parsed,WSSV-93-img-3,True,,523841,7479fe32cd8dbce1fddea93a06024fcc,test
/home/drnguyenvinh/notebooks/processed-images/processed_images/3. WSSV/WSSV-94-img-1_nobg.png,/home/drnguyenvinh/notebooks/processed-images/processed_images/3. WSSV/WSSV-94-img-1_nobg.png,3. WSSV/WSSV-94-img-1_nobg.png,WSSV-94-img-1_nobg.png,3. WSSV,3. WSSV,WSSV,WSSV,2,2,WSSV-94,3. WSSV::WSSV-94,parsed,WSSV-94-img-1,True,,966606,92fe4332eb411c9d983be25880d4c504,test
/home/drnguyenvinh/notebooks/processed-images/processed_images/3. WSSV/WSSV-94-img-2_nobg.png,/home/drnguyenvinh/notebooks/processed-images/processed_images/3. WSSV/WSSV-94-img-2_nobg.png,3. WSSV/WSSV-94-img-2_nobg.png,WSSV-94-img-2_nobg.png,3. WSSV,3. WSSV,WSSV,WSSV,2,2,WSSV-94,3. WSSV::WSSV-94,parsed,WSSV-94-img-2,True,,1073642,bf9def361b7dd370437a5c3b88508a09,test
/home/drnguyenvinh/notebooks/processed-images/processed_images/3. WSSV/WSSV-94-img-3_nobg.png,/home/drnguyenvinh/notebooks/processed-images/processed_images/3. WSSV/WSSV-94-img-3_nobg.png,3. WSSV/WSSV-94-img-3_nobg.png,WSSV-94-img-3_nobg.png,3. WSSV,3. WSSV,WSSV,WSSV,2,2,WSSV-94,3. WSSV::WSSV-94,parsed,WSSV-94-img-3,True,,876539,ae3ff2819f9e160e86f10d9f45bd050e,test
/home/drnguyenvinh/notebooks/processed-images/processed_images/3. WSSV/WSSV-99-img-1_nobg.png,/home/drnguyenvinh/notebooks/processed-images/processed_images/3. WSSV/WSSV-99-img-1_nobg.png,3. WSSV/WSSV-99-img-1_nobg.png,WSSV-99-img-1_nobg.png,3. WSSV,3. WSSV,WSSV,WSSV,2,2,WSSV-99,3. WSSV::WSSV-99,parsed,WSSV-99-img-1,True,,735254,acd048af6850db2b57ee909da95ea9aa,test
/home/drnguyenvinh/notebooks/processed-images/processed_images/3. WSSV/WSSV-99-img-2_nobg.png,/home/drnguyenvinh/notebooks/processed-images/processed_images/3. WSSV/WSSV-99-img-2_nobg.png,3. WSSV/WSSV-99-img-2_nobg.png,WSSV-99-img-2_nobg.png,3. WSSV,3. WSSV,WSSV,WSSV,2,2,WSSV-99,3. WSSV::WSSV-99,parsed,WSSV-99-img-2,True,,712338,625c8439f6d085428a21af264b2d64ac,test
/home/drnguyenvinh/notebooks/processed-images/processed_images/3. WSSV/WSSV-99-img-3_nobg.png,/home/drnguyenvinh/notebooks/processed-images/processed_images/3. WSSV/WSSV-99-img-3_nobg.png,3. WSSV/WSSV-99-img-3_nobg.png,WSSV-99-img-3_nobg.png,3. WSSV,3. WSSV,WSSV,WSSV,2,2,WSSV-99,3. WSSV::WSSV-99,parsed,WSSV-99-img-3,True,,756567,81b52ce0a132ac99aafee77fc4488af1,test
/home/drnguyenvinh/notebooks/processed-images/processed_images/4. WSSV_BG/WSSV_BG-11-img-1_nobg.png,/home/drnguyenvinh/notebooks/processed-images/processed_images/4. WSSV_BG/WSSV_BG-11-img-1_nobg.png,4. WSSV_BG/WSSV_BG-11-img-1_nobg.png,WSSV_BG-11-img-1_nobg.png,4. WSSV_BG,4. WSSV_BG,WSSV_BG,WSSV_BG,3,3,WSSV_BG-11,4. WSSV_BG::WSSV_BG-11,parsed,WSSV_BG-11-img-1,True,,1336416,60cae96a2ee549c0edc045015bbe9ced,test
/home/drnguyenvinh/notebooks/processed-images/processed_images/4. WSSV_BG/WSSV_BG-11-img-2_nobg.png,/home/drnguyenvinh/notebooks/processed-images/processed_images/4. WSSV_BG/WSSV_BG-11-img-2_nobg.png,4. WSSV_BG/WSSV_BG-11-img-2_nobg.png,WSSV_BG-11-img-2_nobg.png,4. WSSV_BG,4. WSSV_BG,WSSV_BG,WSSV_BG,3,3,WSSV_BG-11,4. WSSV_BG::WSSV_BG-11,parsed,WSSV_BG-11-img-2,True,,1221113,82539c2ea166856865eec185d0ec6740,test
/home/drnguyenvinh/notebooks/processed-images/processed_images/4. WSSV_BG/WSSV_BG-11-img-3_nobg.png,/home/drnguyenvinh/notebooks/processed-images/processed_images/4. WSSV_BG/WSSV_BG-11-img-3_nobg.png,4. WSSV_BG/WSSV_BG-11-img-3_nobg.png,WSSV_BG-11-img-3_nobg.png,4. WSSV_BG,4. WSSV_BG,WSSV_BG,WSSV_BG,3,3,WSSV_BG-11,4. WSSV_BG::WSSV_BG-11,parsed,WSSV_BG-11-img-3,True,,1346610,135f2f72518de15963160fd4da8b6a43,test
/home/drnguyenvinh/notebooks/processed-images/processed_images/4. WSSV_BG/WSSV_BG-12-img-1_nobg.png,/home/drnguyenvinh/notebooks/processed-images/processed_images/4. WSSV_BG/WSSV_BG-12-img-1_nobg.png,4. WSSV_BG/WSSV_BG-12-img-1_nobg.png,WSSV_BG-12-img-1_nobg.png,4. WSSV_BG,4. WSSV_BG,WSSV_BG,WSSV_BG,3,3,WSSV_BG-12,4. WSSV_BG::WSSV_BG-12,parsed,WSSV_BG-12-img-1,True,,964963,5d01d3a863f5f608d67f962f9109e090,test
/home/drnguyenvinh/notebooks/processed-images/processed_images/4. WSSV_BG/WSSV_BG-12-img-2_nobg.png,/home/drnguyenvinh/notebooks/processed-images/processed_images/4. WSSV_BG/WSSV_BG-12-img-2_nobg.png,4. WSSV_BG/WSSV_BG-12-img-2_nobg.png,WSSV_BG-12-img-2_nobg.png,4. WSSV_BG,4. WSSV_BG,WSSV_BG,WSSV_BG,3,3,WSSV_BG-12,4. WSSV_BG::WSSV_BG-12,parsed,WSSV_BG-12-img-2,True,,1620907,b0e7e876443f4103e1db1258ed27621d,test
/home/drnguyenvinh/notebooks/processed-images/processed_images/4. WSSV_BG/WSSV_BG-12-img-3_nobg.png,/home/drnguyenvinh/notebooks/processed-images/processed_images/4. WSSV_BG/WSSV_BG-12-img-3_nobg.png,4. WSSV_BG/WSSV_BG-12-img-3_nobg.png,WSSV_BG-12-img-3_nobg.png,4. WSSV_BG,4. WSSV_BG,WSSV_BG,WSSV_BG,3,3,WSSV_BG-12,4. WSSV_BG::WSSV_BG-12,parsed,WSSV_BG-12-img-3,True,,1301797,ea1db857c640eecd6dc81822f7946d3d,test
/home/drnguyenvinh/notebooks/processed-images/processed_images/4. WSSV_BG/WSSV_BG-24-img-1_nobg.png,/home/drnguyenvinh/notebooks/processed-images/processed_images/4. WSSV_BG/WSSV_BG-24-img-1_nobg.png,4. WSSV_BG/WSSV_BG-24-img-1_nobg.png,WSSV_BG-24-img-1_nobg.png,4. WSSV_BG,4. WSSV_BG,WSSV_BG,WSSV_BG,3,3,WSSV_BG-24,4. WSSV_BG::WSSV_BG-24,parsed,WSSV_BG-24-img-1,True,,853797,bb0099845a97afb904f3590b9cd1bf47,test
/home/drnguyenvinh/notebooks/processed-images/processed_images/4. WSSV_BG/WSSV_BG-24-img-2_nobg.png,/home/drnguyenvinh/notebooks/processed-images/processed_images/4. WSSV_BG/WSSV_BG-24-img-2_nobg.png,4. WSSV_BG/WSSV_BG-24-img-2_nobg.png,WSSV_BG-24-img-2_nobg.png,4. WSSV_BG,4. WSSV_BG,WSSV_BG,WSSV_BG,3,3,WSSV_BG-24,4. WSSV_BG::WSSV_BG-24,parsed,WSSV_BG-24-img-2,True,,886651,c64b36411fdcf8ef123635621ecdc79f,test
/home/drnguyenvinh/notebooks/processed-images/processed_images/4. WSSV_BG/WSSV_BG-24-img-3_nobg.png,/home/drnguyenvinh/notebooks/processed-images/processed_images/4. WSSV_BG/WSSV_BG-24-img-3_nobg.png,4. WSSV_BG/WSSV_BG-24-img-3_nobg.png,WSSV_BG-24-img-3_nobg.png,4. WSSV_BG,4. WSSV_BG,WSSV_BG,WSSV_BG,3,3,WSSV_BG-24,4. WSSV_BG::WSSV_BG-24,parsed,WSSV_BG-24-img-3,True,,882772,3c39a28f8cf1d948e7266355f47a0c11,test
/home/drnguyenvinh/notebooks/processed-images/processed_images/4. WSSV_BG/WSSV_BG-3-img-1_nobg.png,/home/drnguyenvinh/notebooks/processed-images/processed_images/4. WSSV_BG/WSSV_BG-3-img-1_nobg.png,4. WSSV_BG/WSSV_BG-3-img-1_nobg.png,WSSV_BG-3-img-1_nobg.png,4. WSSV_BG,4. WSSV_BG,WSSV_BG,WSSV_BG,3,3,WSSV_BG-3,4. WSSV_BG::WSSV_BG-3,parsed,WSSV_BG-3-img-1,True,,2721168,002b8b50d8f5e8a2252100ca5287c532,test
/home/drnguyenvinh/notebooks/processed-images/processed_images/4. WSSV_BG/WSSV_BG-3-img-2_nobg.png,/home/drnguyenvinh/notebooks/processed-images/processed_images/4. WSSV_BG/WSSV_BG-3-img-2_nobg.png,4. WSSV_BG/WSSV_BG-3-img-2_nobg.png,WSSV_BG-3-img-2_nobg.png,4. WSSV_BG,4. WSSV_BG,WSSV_BG,WSSV_BG,3,3,WSSV_BG-3,4. WSSV_BG::WSSV_BG-3,parsed,WSSV_BG-3-img-2,True,,2408336,494cfc899a191f91e14fd959c3e8d1ad,test
/home/drnguyenvinh/notebooks/processed-images/processed_images/4. WSSV_BG/WSSV_BG-3-img-3_nobg.png,/home/drnguyenvinh/notebooks/processed-images/processed_images/4. WSSV_BG/WSSV_BG-3-img-3_nobg.png,4. WSSV_BG/WSSV_BG-3-img-3_nobg.png,WSSV_BG-3-img-3_nobg.png,4. WSSV_BG,4. WSSV_BG,WSSV_BG,WSSV_BG,3,3,WSSV_BG-3,4. WSSV_BG::WSSV_BG-3,parsed,WSSV_BG-3-img-3,True,,2413423,82943a6aab34d46826b12019666d9634,test
/home/drnguyenvinh/notebooks/processed-images/processed_images/4. WSSV_BG/WSSV_BG-31-img-1_nobg.png,/home/drnguyenvinh/notebooks/processed-images/processed_images/4. WSSV_BG/WSSV_BG-31-img-1_nobg.png,4. WSSV_BG/WSSV_BG-31-img-1_nobg.png,WSSV_BG-31-img-1_nobg.png,4. WSSV_BG,4. WSSV_BG,WSSV_BG,WSSV_BG,3,3,WSSV_BG-31,4. WSSV_BG::WSSV_BG-31,parsed,WSSV_BG-31-img-1,True,,814729,2d039c4a890fea760ce6174586a78f79,test
/home/drnguyenvinh/notebooks/processed-images/processed_images/4. WSSV_BG/WSSV_BG-31-img-2_nobg.png,/home/drnguyenvinh/notebooks/processed-images/processed_images/4. WSSV_BG/WSSV_BG-31-img-2_nobg.png,4. WSSV_BG/WSSV_BG-31-img-2_nobg.png,WSSV_BG-31-img-2_nobg.png,4. WSSV_BG,4. WSSV_BG,WSSV_BG,WSSV_BG,3,3,WSSV_BG-31,4. WSSV_BG::WSSV_BG-31,parsed,WSSV_BG-31-img-2,True,,612735,a2b941bfa5c5781fe36d331019048a30,test
/home/drnguyenvinh/notebooks/processed-images/processed_images/4. WSSV_BG/WSSV_BG-31-img-3_nobg.png,/home/drnguyenvinh/notebooks/processed-images/processed_images/4. WSSV_BG/WSSV_BG-31-img-3_nobg.png,4. WSSV_BG/WSSV_BG-31-img-3_nobg.png,WSSV_BG-31-img-3_nobg.png,4. WSSV_BG,4. WSSV_BG,WSSV_BG,WSSV_BG,3,3,WSSV_BG-31,4. WSSV_BG::WSSV_BG-31,parsed,WSSV_BG-31-img-3,True,,877732,cd13b7e59b6d2bdb6a942f25a22257a7,test
/home/drnguyenvinh/notebooks/processed-images/processed_images/4. WSSV_BG/WSSV_BG-36-img-1_nobg.png,/home/drnguyenvinh/notebooks/processed-images/processed_images/4. WSSV_BG/WSSV_BG-36-img-1_nobg.png,4. WSSV_BG/WSSV_BG-36-img-1_nobg.png,WSSV_BG-36-img-1_nobg.png,4. WSSV_BG,4. WSSV_BG,WSSV_BG,WSSV_BG,3,3,WSSV_BG-36,4. WSSV_BG::WSSV_BG-36,parsed,WSSV_BG-36-img-1,True,,993629,ae33b034e356d8b95cef9266697ca13d,test
/home/drnguyenvinh/notebooks/processed-images/processed_images/4. WSSV_BG/WSSV_BG-36-img-2_nobg.png,/home/drnguyenvinh/notebooks/processed-images/processed_images/4. WSSV_BG/WSSV_BG-36-img-2_nobg.png,4. WSSV_BG/WSSV_BG-36-img-2_nobg.png,WSSV_BG-36-img-2_nobg.png,4. WSSV_BG,4. WSSV_BG,WSSV_BG,WSSV_BG,3,3,WSSV_BG-36,4. WSSV_BG::WSSV_BG-36,parsed,WSSV_BG-36-img-2,True,,938218,3552c65ea77768f0b240745fe397edd5,test
/home/drnguyenvinh/notebooks/processed-images/processed_images/4. WSSV_BG/WSSV_BG-36-img-3_nobg.png,/home/drnguyenvinh/notebooks/processed-images/processed_images/4. WSSV_BG/WSSV_BG-36-img-3_nobg.png,4. WSSV_BG/WSSV_BG-36-img-3_nobg.png,WSSV_BG-36-img-3_nobg.png,4. WSSV_BG,4. WSSV_BG,WSSV_BG,WSSV_BG,3,3,WSSV_BG-36,4. WSSV_BG::WSSV_BG-36,parsed,WSSV_BG-36-img-3,True,,975278,75be0ac633fb7627ee7eb97022c1ecf1,test
/home/drnguyenvinh/notebooks/processed-images/processed_images/4. WSSV_BG/WSSV_BG-38-img-1_nobg.png,/home/drnguyenvinh/notebooks/processed-images/processed_images/4. WSSV_BG/WSSV_BG-38-img-1_nobg.png,4. WSSV_BG/WSSV_BG-38-img-1_nobg.png,WSSV_BG-38-img-1_nobg.png,4. WSSV_BG,4. WSSV_BG,WSSV_BG,WSSV_BG,3,3,WSSV_BG-38,4. WSSV_BG::WSSV_BG-38,parsed,WSSV_BG-38-img-1,True,,549726,9f6c7349055f1042698e43c7ee03518f,test
/home/drnguyenvinh/notebooks/processed-images/processed_images/4. WSSV_BG/WSSV_BG-38-img-2_nobg.png,/home/drnguyenvinh/notebooks/processed-images/processed_images/4. WSSV_BG/WSSV_BG-38-img-2_nobg.png,4. WSSV_BG/WSSV_BG-38-img-2_nobg.png,WSSV_BG-38-img-2_nobg.png,4. WSSV_BG,4. WSSV_BG,WSSV_BG,WSSV_BG,3,3,WSSV_BG-38,4. WSSV_BG::WSSV_BG-38,parsed,WSSV_BG-38-img-2,True,,563777,bbbf23bac218af42c0e120548a5539ea,test
/home/drnguyenvinh/notebooks/processed-images/processed_images/4. WSSV_BG/WSSV_BG-38-img-3_nobg.png,/home/drnguyenvinh/notebooks/processed-images/processed_images/4. WSSV_BG/WSSV_BG-38-img-3_nobg.png,4. WSSV_BG/WSSV_BG-38-img-3_nobg.png,WSSV_BG-38-img-3_nobg.png,4. WSSV_BG,4. WSSV_BG,WSSV_BG,WSSV_BG,3,3,WSSV_BG-38,4. WSSV_BG::WSSV_BG-38,parsed,WSSV_BG-38-img-3,True,,822477,2b7ed15e84b85fd69e837fd4d9b91337,test
/home/drnguyenvinh/notebooks/processed-images/processed_images/4. WSSV_BG/WSSV_BG-47-img-1_nobg.png,/home/drnguyenvinh/notebooks/processed-images/processed_images/4. WSSV_BG/WSSV_BG-47-img-1_nobg.png,4. WSSV_BG/WSSV_BG-47-img-1_nobg.png,WSSV_BG-47-img-1_nobg.png,4. WSSV_BG,4. WSSV_BG,WSSV_BG,WSSV_BG,3,3,WSSV_BG-47,4. WSSV_BG::WSSV_BG-47,parsed,WSSV_BG-47-img-1,True,,1022322,04a89774cea1b3c9c5b364710fb2f105,test
/home/drnguyenvinh/notebooks/processed-images/processed_images/4. WSSV_BG/WSSV_BG-47-img-2_nobg.png,/home/drnguyenvinh/notebooks/processed-images/processed_images/4. WSSV_BG/WSSV_BG-47-img-2_nobg.png,4. WSSV_BG/WSSV_BG-47-img-2_nobg.png,WSSV_BG-47-img-2_nobg.png,4. WSSV_BG,4. WSSV_BG,WSSV_BG,WSSV_BG,3,3,WSSV_BG-47,4. WSSV_BG::WSSV_BG-47,parsed,WSSV_BG-47-img-2,True,,1039698,1adfb0cc6cec12ca3f296048350522db,test
/home/drnguyenvinh/notebooks/processed-images/processed_images/4. WSSV_BG/WSSV_BG-47-img-3_nobg.png,/home/drnguyenvinh/notebooks/processed-images/processed_images/4. WSSV_BG/WSSV_BG-47-img-3_nobg.png,4. WSSV_BG/WSSV_BG-47-img-3_nobg.png,WSSV_BG-47-img-3_nobg.png,4. WSSV_BG,4. WSSV_BG,WSSV_BG,WSSV_BG,3,3,WSSV_BG-47,4. WSSV_BG::WSSV_BG-47,parsed,WSSV_BG-47-img-3,True,,1009485,baa65dc8e577cc3800f2360c1056c3cd,test
/home/drnguyenvinh/notebooks/processed-images/processed_images/4. WSSV_BG/WSSV_BG-49-img-1_nobg.png,/home/drnguyenvinh/notebooks/processed-images/processed_images/4. WSSV_BG/WSSV_BG-49-img-1_nobg.png,4. WSSV_BG/WSSV_BG-49-img-1_nobg.png,WSSV_BG-49-img-1_nobg.png,4. WSSV_BG,4. WSSV_BG,WSSV_BG,WSSV_BG,3,3,WSSV_BG-49,4. WSSV_BG::WSSV_BG-49,parsed,WSSV_BG-49-img-1,True,,1159471,ec9bcdd66258a3f1666fa23b16bbd8c9,test
/home/drnguyenvinh/notebooks/processed-images/processed_images/4. WSSV_BG/WSSV_BG-49-img-2_nobg.png,/home/drnguyenvinh/notebooks/processed-images/processed_images/4. WSSV_BG/WSSV_BG-49-img-2_nobg.png,4. WSSV_BG/WSSV_BG-49-img-2_nobg.png,WSSV_BG-49-img-2_nobg.png,4. WSSV_BG,4. WSSV_BG,WSSV_BG,WSSV_BG,3,3,WSSV_BG-49,4. WSSV_BG::WSSV_BG-49,parsed,WSSV_BG-49-img-2,True,,1170857,4dfbc5157b302086bda200018d8fc765,test
/home/drnguyenvinh/notebooks/processed-images/processed_images/4. WSSV_BG/WSSV_BG-49-img-3_nobg.png,/home/drnguyenvinh/notebooks/processed-images/processed_images/4. WSSV_BG/WSSV_BG-49-img-3_nobg.png,4. WSSV_BG/WSSV_BG-49-img-3_nobg.png,WSSV_BG-49-img-3_nobg.png,4. WSSV_BG,4. WSSV_BG,WSSV_BG,WSSV_BG,3,3,WSSV_BG-49,4. WSSV_BG::WSSV_BG-49,parsed,WSSV_BG-49-img-3,True,,954266,5ecb2c31135cbed0359abb0881d9a0ca,test
/home/drnguyenvinh/notebooks/processed-images/processed_images/4. WSSV_BG/WSSV_BG-50-img-1_nobg.png,/home/drnguyenvinh/notebooks/processed-images/processed_images/4. WSSV_BG/WSSV_BG-50-img-1_nobg.png,4. WSSV_BG/WSSV_BG-50-img-1_nobg.png,WSSV_BG-50-img-1_nobg.png,4. WSSV_BG,4. WSSV_BG,WSSV_BG,WSSV_BG,3,3,WSSV_BG-50,4. WSSV_BG::WSSV_BG-50,parsed,WSSV_BG-50-img-1,True,,938740,bbc4fb40ff6422160aaf86b97882345a,test
/home/drnguyenvinh/notebooks/processed-images/processed_images/4. WSSV_BG/WSSV_BG-50-img-2_nobg.png,/home/drnguyenvinh/notebooks/processed-images/processed_images/4. WSSV_BG/WSSV_BG-50-img-2_nobg.png,4. WSSV_BG/WSSV_BG-50-img-2_nobg.png,WSSV_BG-50-img-2_nobg.png,4. WSSV_BG,4. WSSV_BG,WSSV_BG,WSSV_BG,3,3,WSSV_BG-50,4. WSSV_BG::WSSV_BG-50,parsed,WSSV_BG-50-img-2,True,,1151433,d97d77a2c82c96e16d668ddd4bcceb9f,test
/home/drnguyenvinh/notebooks/processed-images/processed_images/4. WSSV_BG/WSSV_BG-50-img-3_nobg.png,/home/drnguyenvinh/notebooks/processed-images/processed_images/4. WSSV_BG/WSSV_BG-50-img-3_nobg.png,4. WSSV_BG/WSSV_BG-50-img-3_nobg.png,WSSV_BG-50-img-3_nobg.png,4. WSSV_BG,4. WSSV_BG,WSSV_BG,WSSV_BG,3,3,WSSV_BG-50,4. WSSV_BG::WSSV_BG-50,parsed,WSSV_BG-50-img-3,True,,867361,d3c12b5d7943ab0400031532ca1f0b72,test
/home/drnguyenvinh/notebooks/processed-images/processed_images/4. WSSV_BG/WSSV_BG-57-img-1_nobg.png,/home/drnguyenvinh/notebooks/processed-images/processed_images/4. WSSV_BG/WSSV_BG-57-img-1_nobg.png,4. WSSV_BG/WSSV_BG-57-img-1_nobg.png,WSSV_BG-57-img-1_nobg.png,4. WSSV_BG,4. WSSV_BG,WSSV_BG,WSSV_BG,3,3,WSSV_BG-57,4. WSSV_BG::WSSV_BG-57,parsed,WSSV_BG-57-img-1,True,,755802,c0ed6e80ed07f77af644f5facdb575fa,test
/home/drnguyenvinh/notebooks/processed-images/processed_images/4. WSSV_BG/WSSV_BG-57-img-2_nobg.png,/home/drnguyenvinh/notebooks/processed-images/processed_images/4. WSSV_BG/WSSV_BG-57-img-2_nobg.png,4. WSSV_BG/WSSV_BG-57-img-2_nobg.png,WSSV_BG-57-img-2_nobg.png,4. WSSV_BG,4. WSSV_BG,WSSV_BG,WSSV_BG,3,3,WSSV_BG-57,4. WSSV_BG::WSSV_BG-57,parsed,WSSV_BG-57-img-2,True,,853414,6c3660d93d62a31629b9263da0b122c6,test
/home/drnguyenvinh/notebooks/processed-images/processed_images/4. WSSV_BG/WSSV_BG-57-img-3_nobg.png,/home/drnguyenvinh/notebooks/processed-images/processed_images/4. WSSV_BG/WSSV_BG-57-img-3_nobg.png,4. WSSV_BG/WSSV_BG-57-img-3_nobg.png,WSSV_BG-57-img-3_nobg.png,4. WSSV_BG,4. WSSV_BG,WSSV_BG,WSSV_BG,3,3,WSSV_BG-57,4. WSSV_BG::WSSV_BG-57,parsed,WSSV_BG-57-img-3,True,,901599,8b776a1c95081c0c716be03d26b4760e,test
/home/drnguyenvinh/notebooks/processed-images/processed_images/4. WSSV_BG/WSSV_BG-63-img-1_nobg.png,/home/drnguyenvinh/notebooks/processed-images/processed_images/4. WSSV_BG/WSSV_BG-63-img-1_nobg.png,4. WSSV_BG/WSSV_BG-63-img-1_nobg.png,WSSV_BG-63-img-1_nobg.png,4. WSSV_BG,4. WSSV_BG,WSSV_BG,WSSV_BG,3,3,WSSV_BG-63,4. WSSV_BG::WSSV_BG-63,parsed,WSSV_BG-63-img-1,True,,1111451,379b06583ad614581960a286229d810c,test
/home/drnguyenvinh/notebooks/processed-images/processed_images/4. WSSV_BG/WSSV_BG-63-img-2_nobg.png,/home/drnguyenvinh/notebooks/processed-images/processed_images/4. WSSV_BG/WSSV_BG-63-img-2_nobg.png,4. WSSV_BG/WSSV_BG-63-img-2_nobg.png,WSSV_BG-63-img-2_nobg.png,4. WSSV_BG,4. WSSV_BG,WSSV_BG,WSSV_BG,3,3,WSSV_BG-63,4. WSSV_BG::WSSV_BG-63,parsed,WSSV_BG-63-img-2,True,,1127207,15ee6bb8efdd68210307872676c77c05,test
/home/drnguyenvinh/notebooks/processed-images/processed_images/4. WSSV_BG/WSSV_BG-63-img-3_nobg.png,/home/drnguyenvinh/notebooks/processed-images/processed_images/4. WSSV_BG/WSSV_BG-63-img-3_nobg.png,4. WSSV_BG/WSSV_BG-63-img-3_nobg.png,WSSV_BG-63-img-3_nobg.png,4. WSSV_BG,4. WSSV_BG,WSSV_BG,WSSV_BG,3,3,WSSV_BG-63,4. WSSV_BG::WSSV_BG-63,parsed,WSSV_BG-63-img-3,True,,1040614,cd754ca0445dc907bf44179fd351939a,test
/home/drnguyenvinh/notebooks/processed-images/processed_images/1. Healthy/Healthy-1-img-1_nobg.png,/home/drnguyenvinh/notebooks/processed-images/processed_images/1. Healthy/Healthy-1-img-1_nobg.png,1. Healthy/Healthy-1-img-1_nobg.png,Healthy-1-img-1_nobg.png,1. Healthy,1. Healthy,Healthy,Healthy,0,0,Healthy-1,1. Healthy::Healthy-1,parsed,Healthy-1-img-1,True,,1089089,39056102656a5af7b3c47334d6f54ae4,train
/home/drnguyenvinh/notebooks/processed-images/processed_images/1. Healthy/Healthy-1-img-2_nobg.png,/home/drnguyenvinh/notebooks/processed-images/processed_images/1. Healthy/Healthy-1-img-2_nobg.png,1. Healthy/Healthy-1-img-2_nobg.png,Healthy-1-img-2_nobg.png,1. Healthy,1. Healthy,Healthy,Healthy,0,0,Healthy-1,1. Healthy::Healthy-1,parsed,Healthy-1-img-2,True,,919712,a62dc67661c22cf83914bb1ef828c505,train
/home/drnguyenvinh/notebooks/processed-images/processed_images/1. Healthy/Healthy-1-img-3_nobg.png,/home/drnguyenvinh/notebooks/processed-images/processed_images/1. Healthy/Healthy-1-img-3_nobg.png,1. Healthy/Healthy-1-img-3_nobg.png,Healthy-1-img-3_nobg.png,1. Healthy,1. Healthy,Healthy,Healthy,0,0,Healthy-1,1. Healthy::Healthy-1,parsed,Healthy-1-img-3,True,,1001919,fe60219bed0eca5264578afcd36a08dd,train
/home/drnguyenvinh/notebooks/processed-images/processed_images/1. Healthy/Healthy-100-img-1_nobg.png,/home/drnguyenvinh/notebooks/processed-images/processed_images/1. Healthy/Healthy-100-img-1_nobg.png,1. Healthy/Healthy-100-img-1_nobg.png,Healthy-100-img-1_nobg.png,1. Healthy,1. Healthy,Healthy,Healthy,0,0,Healthy-100,1. Healthy::Healthy-100,parsed,Healthy-100-img-1,True,,1080840,d9e43082673695580446d00fb37a3f9e,train
/home/drnguyenvinh/notebooks/processed-images/processed_images/1. Healthy/Healthy-100-img-2_nobg.png,/home/drnguyenvinh/notebooks/processed-images/processed_images/1. Healthy/Healthy-100-img-2_nobg.png,1. Healthy/Healthy-100-img-2_nobg.png,Healthy-100-img-2_nobg.png,1. Healthy,1. Healthy,Healthy,Healthy,0,0,Healthy-100,1. Healthy::Healthy-100,parsed,Healthy-100-img-2,True,,971378,6e924ad223f3eea2ee03a9bdcd211ddb,train
/home/drnguyenvinh/notebooks/processed-images/processed_images/1. Healthy/Healthy-100-img-3_nobg.png,/home/drnguyenvinh/notebooks/processed-images/processed_images/1. Healthy/Healthy-100-img-3_nobg.png,1. Healthy/Healthy-100-img-3_nobg.png,Healthy-100-img-3_nobg.png,1. Healthy,1. Healthy,Healthy,Healthy,0,0,Healthy-100,1. Healthy::Healthy-100,parsed,Healthy-100-img-3,True,,892329,78be141f8fedc6fa408eed52d617c55c,train
/home/drnguyenvinh/notebooks/processed-images/processed_images/1. Healthy/Healthy-101-img-1_nobg.png,/home/drnguyenvinh/notebooks/processed-images/processed_images/1. Healthy/Healthy-101-img-1_nobg.png,1. Healthy/Healthy-101-img-1_nobg.png,Healthy-101-img-1_nobg.png,1. Healthy,1. Healthy,Healthy,Healthy,0,0,Healthy-101,1. Healthy::Healthy-101,parsed,Healthy-101-img-1,True,,1252296,f09e53eff768e62b4f06df505378fbc0,train
/home/drnguyenvinh/notebooks/processed-images/processed_images/1. Healthy/Healthy-101-img-2_nobg.png,/home/drnguyenvinh/notebooks/processed-images/processed_images/1. Healthy/Healthy-101-img-2_nobg.png,1. Healthy/Healthy-101-img-2_nobg.png,Healthy-101-img-2_nobg.png,1. Healthy,1. Healthy,Healthy,Healthy,0,0,Healthy-101,1. Healthy::Healthy-101,parsed,Healthy-101-img-2,True,,1207024,5789ee428ce992c94d58d7c92b0b6a2c,train
/home/drnguyenvinh/notebooks/processed-images/processed_images/1. Healthy/Healthy-101-img-3_nobg.png,/home/drnguyenvinh/notebooks/processed-images/processed_images/1. Healthy/Healthy-101-img-3_nobg.png,1. Healthy/Healthy-101-img-3_nobg.png,Healthy-101-img-3_nobg.png,1. Healthy,1. Healthy,Healthy,Healthy,0,0,Healthy-101,1. Healthy::Healthy-101,parsed,Healthy-101-img-3,True,,1321655,2ab8fb4abee01fa8ae513fa79a4b11c7,train
/home/drnguyenvinh/notebooks/processed-images/processed_images/1. Healthy/Healthy-102-img-1_nobg.png,/home/drnguyenvinh/notebooks/processed-images/processed_images/1. Healthy/Healthy-102-img-1_nobg.png,1. Healthy/Healthy-102-img-1_nobg.png,Healthy-102-img-1_nobg.png,1. Healthy,1. Healthy,Healthy,Healthy,0,0,Healthy-102,1. Healthy::Healthy-102,parsed,Healthy-102-img-1,True,,1063682,388c18149aef55084fab53598d270e4a,train
/home/drnguyenvinh/notebooks/processed-images/processed_images/1. Healthy/Healthy-102-img-2_nobg.png,/home/drnguyenvinh/notebooks/processed-images/processed_images/1. Healthy/Healthy-102-img-2_nobg.png,1. Healthy/Healthy-102-img-2_nobg.png,Healthy-102-img-2_nobg.png,1. Healthy,1. Healthy,Healthy,Healthy,0,0,Healthy-102,1. Healthy::Healthy-102,parsed,Healthy-102-img-2,True,,1031489,9d4640cd717dcc4ec986c10d1a2ef101,train
/home/drnguyenvinh/notebooks/processed-images/processed_images/1. Healthy/Healthy-102-img-3_nobg.png,/home/drnguyenvinh/notebooks/processed-images/processed_images/1. Healthy/Healthy-102-img-3_nobg.png,1. Healthy/Healthy-102-img-3_nobg.png,Healthy-102-img-3_nobg.png,1. Healthy,1. Healthy,Healthy,Healthy,0,0,Healthy-102,1. Healthy::Healthy-102,parsed,Healthy-102-img-3,True,,1031606,5072e6c2a9ac7eb0833fb9b4e67b7b6b,train
/home/drnguyenvinh/notebooks/processed-images/processed_images/1. Healthy/Healthy-103-img-1_nobg.png,/home/drnguyenvinh/notebooks/processed-images/processed_images/1. Healthy/Healthy-103-img-1_nobg.png,1. Healthy/Healthy-103-img-1_nobg.png,Healthy-103-img-1_nobg.png,1. Healthy,1. Healthy,Healthy,Healthy,0,0,Healthy-103,1. Healthy::Healthy-103,parsed,Healthy-103-img-1,True,,1232485,71ce290813127dc40e52998461d12397,train
/home/drnguyenvinh/notebooks/processed-images/processed_images/1. Healthy/Healthy-103-img-2_nobg.png,/home/drnguyenvinh/notebooks/processed-images/processed_images/1. Healthy/Healthy-103-img-2_nobg.png,1. Healthy/Healthy-103-img-2_nobg.png,Healthy-103-img-2_nobg.png,1. Healthy,1. Healthy,Healthy,Healthy,0,0,Healthy-103,1. Healthy::Healthy-103,parsed,Healthy-103-img-2,True,,1085489,38f2512c8b85c84f119e88394b436ca7,train
/home/drnguyenvinh/notebooks/processed-images/processed_images/1. Healthy/Healthy-103-img-3_nobg.png,/home/drnguyenvinh/notebooks/processed-images/processed_images/1. Healthy/Healthy-103-img-3_nobg.png,1. Healthy/Healthy-103-img-3_nobg.png,Healthy-103-img-3_nobg.png,1. Healthy,1. Healthy,Healthy,Healthy,0,0,Healthy-103,1. Healthy::Healthy-103,parsed,Healthy-103-img-3,True,,730559,7ac8054d2fe5fb63b38538a3eb181ef0,train
/home/drnguyenvinh/notebooks/processed-images/processed_images/1. Healthy/Healthy-104-img-1_nobg.png,/home/drnguyenvinh/notebooks/processed-images/processed_images/1. Healthy/Healthy-104-img-1_nobg.png,1. Healthy/Healthy-104-img-1_nobg.png,Healthy-104-img-1_nobg.png,1. Healthy,1. Healthy,Healthy,Healthy,0,0,Healthy-104,1. Healthy::Healthy-104,parsed,Healthy-104-img-1,True,,969211,c7fa60405af49b712d8e51ff2295843a,train
/home/drnguyenvinh/notebooks/processed-images/processed_images/1. Healthy/Healthy-104-img-2_nobg.png,/home/drnguyenvinh/notebooks/processed-images/processed_images/1. Healthy/Healthy-104-img-2_nobg.png,1. Healthy/Healthy-104-img-2_nobg.png,Healthy-104-img-2_nobg.png,1. Healthy,1. Healthy,Healthy,Healthy,0,0,Healthy-104,1. Healthy::Healthy-104,parsed,Healthy-104-img-2,True,,1097696,27cdb7ffab06b2411ce15453f3825cbd,train
/home/drnguyenvinh/notebooks/processed-images/processed_images/1. Healthy/Healthy-105-img-1_nobg.png,/home/drnguyenvinh/notebooks/processed-images/processed_images/1. Healthy/Healthy-105-img-1_nobg.png,1. Healthy/Healthy-105-img-1_nobg.png,Healthy-105-img-1_nobg.png,1. Healthy,1. Healthy,Healthy,Healthy,0,0,Healthy-105,1. Healthy::Healthy-105,parsed,Healthy-105-img-1,True,,894356,f696e84d8e741178fe9c96b44016660d,train
/home/drnguyenvinh/notebooks/processed-images/processed_images/1. Healthy/Healthy-105-img-2_nobg.png,/home/drnguyenvinh/notebooks/processed-images/processed_images/1. Healthy/Healthy-105-img-2_nobg.png,1. Healthy/Healthy-105-img-2_nobg.png,Healthy-105-img-2_nobg.png,1. Healthy,1. Healthy,Healthy,Healthy,0,0,Healthy-105,1. Healthy::Healthy-105,parsed,Healthy-105-img-2,True,,922614,37890c480a15b269768210afefb60768,train
/home/drnguyenvinh/notebooks/processed-images/processed_images/1. Healthy/Healthy-105-img-3_nobg.png,/home/drnguyenvinh/notebooks/processed-images/processed_images/1. Healthy/Healthy-105-img-3_nobg.png,1. Healthy/Healthy-105-img-3_nobg.png,Healthy-105-img-3_nobg.png,1. Healthy,1. Healthy,Healthy,Healthy,0,0,Healthy-105,1. Healthy::Healthy-105,parsed,Healthy-105-img-3,True,,851110,0d925a950650d800716d1d968fc78c67,train
/home/drnguyenvinh/notebooks/processed-images/processed_images/1. Healthy/Healthy-106-img-1_nobg.png,/home/drnguyenvinh/notebooks/processed-images/processed_images/1. Healthy/Healthy-106-img-1_nobg.png,1. Healthy/Healthy-106-img-1_nobg.png,Healthy-106-img-1_nobg.png,1. Healthy,1. Healthy,Healthy,Healthy,0,0,Healthy-106,1. Healthy::Healthy-106,parsed,Healthy-106-img-1,True,,929362,e14cc2ddb86aa1470f050f82520874ff,train
/home/drnguyenvinh/notebooks/processed-images/processed_images/1. Healthy/Healthy-106-img-2_nobg.png,/home/drnguyenvinh/notebooks/processed-images/processed_images/1. Healthy/Healthy-106-img-2_nobg.png,1. Healthy/Healthy-106-img-2_nobg.png,Healthy-106-img-2_nobg.png,1. Healthy,1. Healthy,Healthy,Healthy,0,0,Healthy-106,1. Healthy::Healthy-106,parsed,Healthy-106-img-2,True,,1209143,0863d4fe0ca6b1ebe3f9d975b7624534,train
/home/drnguyenvinh/notebooks/processed-images/processed_images/1. Healthy/Healthy-106-img-3_nobg.png,/home/drnguyenvinh/notebooks/processed-images/processed_images/1. Healthy/Healthy-106-img-3_nobg.png,1. Healthy/Healthy-106-img-3_nobg.png,Healthy-106-img-3_nobg.png,1. Healthy,1. Healthy,Healthy,Healthy,0,0,Healthy-106,1. Healthy::Healthy-106,parsed,Healthy-106-img-3,True,,971171,5f8d4e16733a5facdeaa5d49930a47f3,train
/home/drnguyenvinh/notebooks/processed-images/processed_images/1. Healthy/Healthy-107-img-1_nobg.png,/home/drnguyenvinh/notebooks/processed-images/processed_images/1. Healthy/Healthy-107-img-1_nobg.png,1. Healthy/Healthy-107-img-1_nobg.png,Healthy-107-img-1_nobg.png,1. Healthy,1. Healthy,Healthy,Healthy,0,0,Healthy-107,1. Healthy::Healthy-107,parsed,Healthy-107-img-1,True,,1059093,075582944ad474970f69c3754fd7d5f3,train
/home/drnguyenvinh/notebooks/processed-images/processed_images/1. Healthy/Healthy-107-img-2_nobg.png,/home/drnguyenvinh/notebooks/processed-images/processed_images/1. Healthy/Healthy-107-img-2_nobg.png,1. Healthy/Healthy-107-img-2_nobg.png,Healthy-107-img-2_nobg.png,1. Healthy,1. Healthy,Healthy,Healthy,0,0,Healthy-107,1. Healthy::Healthy-107,parsed,Healthy-107-img-2,True,,1128164,e8a94897d01a644e29defdf745c82c34,train
/home/drnguyenvinh/notebooks/processed-images/processed_images/1. Healthy/Healthy-107-img-3_nobg.png,/home/drnguyenvinh/notebooks/processed-images/processed_images/1. Healthy/Healthy-107-img-3_nobg.png,1. Healthy/Healthy-107-img-3_nobg.png,Healthy-107-img-3_nobg.png,1. Healthy,1. Healthy,Healthy,Healthy,0,0,Healthy-107,1. Healthy::Healthy-107,parsed,Healthy-107-img-3,True,,1173128,3ebbbf6debf4c573aea45846963e61c2,train
/home/drnguyenvinh/notebooks/processed-images/processed_images/1. Healthy/Healthy-108-img-1_nobg.png,/home/drnguyenvinh/notebooks/processed-images/processed_images/1. Healthy/Healthy-108-img-1_nobg.png,1. Healthy/Healthy-108-img-1_nobg.png,Healthy-108-img-1_nobg.png,1. Healthy,1. Healthy,Healthy,Healthy,0,0,Healthy-108,1. Healthy::Healthy-108,parsed,Healthy-108-img-1,True,,1128435,d94ad04830739413b7384cc14cf5a904,train
/home/drnguyenvinh/notebooks/processed-images/processed_images/1. Healthy/Healthy-108-img-2_nobg.png,/home/drnguyenvinh/notebooks/processed-images/processed_images/1. Healthy/Healthy-108-img-2_nobg.png,1. Healthy/Healthy-108-img-2_nobg.png,Healthy-108-img-2_nobg.png,1. Healthy,1. Healthy,Healthy,Healthy,0,0,Healthy-108,1. Healthy::Healthy-108,parsed,Healthy-108-img-2,True,,1079627,0590814237cab03a84107609a3e80c3a,train
/home/drnguyenvinh/notebooks/processed-images/processed_images/1. Healthy/Healthy-108-img-3_nobg.png,/home/drnguyenvinh/notebooks/processed-images/processed_images/1. Healthy/Healthy-108-img-3_nobg.png,1. Healthy/Healthy-108-img-3_nobg.png,Healthy-108-img-3_nobg.png,1. Healthy,1. Healthy,Healthy,Healthy,0,0,Healthy-108,1. Healthy::Healthy-108,parsed,Healthy-108-img-3,True,,1235624,d391d8a55fcf0c440d6aaa93fb92013e,train
/home/drnguyenvinh/notebooks/processed-images/processed_images/1. Healthy/Healthy-109-img-1_nobg.png,/home/drnguyenvinh/notebooks/processed-images/processed_images/1. Healthy/Healthy-109-img-1_nobg.png,1. Healthy/Healthy-109-img-1_nobg.png,Healthy-109-img-1_nobg.png,1. Healthy,1. Healthy,Healthy,Healthy,0,0,Healthy-109,1. Healthy::Healthy-109,parsed,Healthy-109-img-1,True,,1043526,7518bf51f1d4d445af768421d8a25a6f,train
/home/drnguyenvinh/notebooks/processed-images/processed_images/1. Healthy/Healthy-109-img-2_nobg.png,/home/drnguyenvinh/notebooks/processed-images/processed_images/1. Healthy/Healthy-109-img-2_nobg.png,1. Healthy/Healthy-109-img-2_nobg.png,Healthy-109-img-2_nobg.png,1. Healthy,1. Healthy,Healthy,Healthy,0,0,Healthy-109,1. Healthy::Healthy-109,parsed,Healthy-109-img-2,True,,1198056,805b4494890db758de83c2728501eeb7,train
/home/drnguyenvinh/notebooks/processed-images/processed_images/1. Healthy/Healthy-109-img-3_nobg.png,/home/drnguyenvinh/notebooks/processed-images/processed_images/1. Healthy/Healthy-109-img-3_nobg.png,1. Healthy/Healthy-109-img-3_nobg.png,Healthy-109-img-3_nobg.png,1. Healthy,1. Healthy,Healthy,Healthy,0,0,Healthy-109,1. Healthy::Healthy-109,parsed,Healthy-109-img-3,True,,1027462,0fc4633c232ceb8fd2fd3b8f75582f1a,train
/home/drnguyenvinh/notebooks/processed-images/processed_images/1. Healthy/Healthy-11-img-1_nobg.png,/home/drnguyenvinh/notebooks/processed-images/processed_images/1. Healthy/Healthy-11-img-1_nobg.png,1. Healthy/Healthy-11-img-1_nobg.png,Healthy-11-img-1_nobg.png,1. Healthy,1. Healthy,Healthy,Healthy,0,0,Healthy-11,1. Healthy::Healthy-11,parsed,Healthy-11-img-1,True,,725686,c1b92aa9a7d521afc022407f0b101a8e,train
/home/drnguyenvinh/notebooks/processed-images/processed_images/1. Healthy/Healthy-11-img-2_nobg.png,/home/drnguyenvinh/notebooks/processed-images/processed_images/1. Healthy/Healthy-11-img-2_nobg.png,1. Healthy/Healthy-11-img-2_nobg.png,Healthy-11-img-2_nobg.png,1. Healthy,1. Healthy,Healthy,Healthy,0,0,Healthy-11,1. Healthy::Healthy-11,parsed,Healthy-11-img-2,True,,742954,3fe4ee9d0a9d78aac062879566c0c918,train
/home/drnguyenvinh/notebooks/processed-images/processed_images/1. Healthy/Healthy-11-img-3_nobg.png,/home/drnguyenvinh/notebooks/processed-images/processed_images/1. Healthy/Healthy-11-img-3_nobg.png,1. Healthy/Healthy-11-img-3_nobg.png,Healthy-11-img-3_nobg.png,1. Healthy,1. Healthy,Healthy,Healthy,0,0,Healthy-11,1. Healthy::Healthy-11,parsed,Healthy-11-img-3,True,,775584,acb0e80bd567ccafeeadbb0e6f0c449c,train
/home/drnguyenvinh/notebooks/processed-images/processed_images/1. Healthy/Healthy-110-img-1_nobg.png,/home/drnguyenvinh/notebooks/processed-images/processed_images/1. Healthy/Healthy-110-img-1_nobg.png,1. Healthy/Healthy-110-img-1_nobg.png,Healthy-110-img-1_nobg.png,1. Healthy,1. Healthy,Healthy,Healthy,0,0,Healthy-110,1. Healthy::Healthy-110,parsed,Healthy-110-img-1,True,,836497,cc91051699ff98c0f0025ed3dac39497,train
/home/drnguyenvinh/notebooks/processed-images/processed_images/1. Healthy/Healthy-110-img-2_nobg.png,/home/drnguyenvinh/notebooks/processed-images/processed_images/1. Healthy/Healthy-110-img-2_nobg.png,1. Healthy/Healthy-110-img-2_nobg.png,Healthy-110-img-2_nobg.png,1. Healthy,1. Healthy,Healthy,Healthy,0,0,Healthy-110,1. Healthy::Healthy-110,parsed,Healthy-110-img-2,True,,925448,fedbbe42ef70c0eb0f75d4bf6254ce7c,train
/home/drnguyenvinh/notebooks/processed-images/processed_images/1. Healthy/Healthy-110-img-3_nobg.png,/home/drnguyenvinh/notebooks/processed-images/processed_images/1. Healthy/Healthy-110-img-3_nobg.png,1. Healthy/Healthy-110-img-3_nobg.png,Healthy-110-img-3_nobg.png,1. Healthy,1. Healthy,Healthy,Healthy,0,0,Healthy-110,1. Healthy::Healthy-110,parsed,Healthy-110-img-3,True,,1103744,fd0213e7ec70090a58510f901db07a35,train
/home/drnguyenvinh/notebooks/processed-images/processed_images/1. Healthy/Healthy-112-img-1_nobg.png,/home/drnguyenvinh/notebooks/processed-images/processed_images/1. Healthy/Healthy-112-img-1_nobg.png,1. Healthy/Healthy-112-img-1_nobg.png,Healthy-112-img-1_nobg.png,1. Healthy,1. Healthy,Healthy,Healthy,0,0,Healthy-112,1. Healthy::Healthy-112,parsed,Healthy-112-img-1,True,,966153,3b8c485c17fa22d263a8365e36ac11cd,train
/home/drnguyenvinh/notebooks/processed-images/processed_images/1. Healthy/Healthy-112-img-2_nobg.png,/home/drnguyenvinh/notebooks/processed-images/processed_images/1. Healthy/Healthy-112-img-2_nobg.png,1. Healthy/Healthy-112-img-2_nobg.png,Healthy-112-img-2_nobg.png,1. Healthy,1. Healthy,Healthy,Healthy,0,0,Healthy-112,1. Healthy::Healthy-112,parsed,Healthy-112-img-2,True,,988225,84c85a4797cbce7b1680788002d5c4ec,train
/home/drnguyenvinh/notebooks/processed-images/processed_images/1. Healthy/Healthy-112-img-3_nobg.png,/home/drnguyenvinh/notebooks/processed-images/processed_images/1. Healthy/Healthy-112-img-3_nobg.png,1. Healthy/Healthy-112-img-3_nobg.png,Healthy-112-img-3_nobg.png,1. Healthy,1. Healthy,Healthy,Healthy,0,0,Healthy-112,1. Healthy::Healthy-112,parsed,Healthy-112-img-3,True,,882635,917f0628ac417c5d288fb77fed4d9830,train
/home/drnguyenvinh/notebooks/processed-images/processed_images/1. Healthy/Healthy-113-img-1_nobg.png,/home/drnguyenvinh/notebooks/processed-images/processed_images/1. Healthy/Healthy-113-img-1_nobg.png,1. Healthy/Healthy-113-img-1_nobg.png,Healthy-113-img-1_nobg.png,1. Healthy,1. Healthy,Healthy,Healthy,0,0,Healthy-113,1. Healthy::Healthy-113,parsed,Healthy-113-img-1,True,,1024603,e15bf6d6d0f3b6655732103b92f21045,train
/home/drnguyenvinh/notebooks/processed-images/processed_images/1. Healthy/Healthy-113-img-2_nobg.png,/home/drnguyenvinh/notebooks/processed-images/processed_images/1. Healthy/Healthy-113-img-2_nobg.png,1. Healthy/Healthy-113-img-2_nobg.png,Healthy-113-img-2_nobg.png,1. Healthy,1. Healthy,Healthy,Healthy,0,0,Healthy-113,1. Healthy::Healthy-113,parsed,Healthy-113-img-2,True,,939598,83819f176c068f3ac52a901771539ddd,train
/home/drnguyenvinh/notebooks/processed-images/processed_images/1. Healthy/Healthy-113-img-3_nobg.png,/home/drnguyenvinh/notebooks/processed-images/processed_images/1. Healthy/Healthy-113-img-3_nobg.png,1. Healthy/Healthy-113-img-3_nobg.png,Healthy-113-img-3_nobg.png,1. Healthy,1. Healthy,Healthy,Healthy,0,0,Healthy-113,1. Healthy::Healthy-113,parsed,Healthy-113-img-3,True,,1007355,b0c5f196e6ef07740d9e8f3c3261333d,train
/home/drnguyenvinh/notebooks/processed-images/processed_images/1. Healthy/Healthy-114-img-1_nobg.png,/home/drnguyenvinh/notebooks/processed-images/processed_images/1. Healthy/Healthy-114-img-1_nobg.png,1. Healthy/Healthy-114-img-1_nobg.png,Healthy-114-img-1_nobg.png,1. Healthy,1. Healthy,Healthy,Healthy,0,0,Healthy-114,1. Healthy::Healthy-114,parsed,Healthy-114-img-1,True,,1002218,7c1691ac2757a2ec86e468a295a49084,train
/home/drnguyenvinh/notebooks/processed-images/processed_images/1. Healthy/Healthy-114-img-2_nobg.png,/home/drnguyenvinh/notebooks/processed-images/processed_images/1. Healthy/Healthy-114-img-2_nobg.png,1. Healthy/Healthy-114-img-2_nobg.png,Healthy-114-img-2_nobg.png,1. Healthy,1. Healthy,Healthy,Healthy,0,0,Healthy-114,1. Healthy::Healthy-114,parsed,Healthy-114-img-2,True,,1037480,33fd46835d5536896cf30a9c53b3cd08,train
/home/drnguyenvinh/notebooks/processed-images/processed_images/1. Healthy/Healthy-114-img-3_nobg.png,/home/drnguyenvinh/notebooks/processed-images/processed_images/1. Healthy/Healthy-114-img-3_nobg.png,1. Healthy/Healthy-114-img-3_nobg.png,Healthy-114-img-3_nobg.png,1. Healthy,1. Healthy,Healthy,Healthy,0,0,Healthy-114,1. Healthy::Healthy-114,parsed,Healthy-114-img-3,True,,1017288,9fd895619f4c0c9abfeda39253943a87,train
/home/drnguyenvinh/notebooks/processed-images/processed_images/1. Healthy/Healthy-115-img-1_nobg.png,/home/drnguyenvinh/notebooks/processed-images/processed_images/1. Healthy/Healthy-115-img-1_nobg.png,1. Healthy/Healthy-115-img-1_nobg.png,Healthy-115-img-1_nobg.png,1. Healthy,1. Healthy,Healthy,Healthy,0,0,Healthy-115,1. Healthy::Healthy-115,parsed,Healthy-115-img-1,True,,1093072,de9e348387e946c356baeb79c2d7b79c,train
/home/drnguyenvinh/notebooks/processed-images/processed_images/1. Healthy/Healthy-115-img-2_nobg.png,/home/drnguyenvinh/notebooks/processed-images/processed_images/1. Healthy/Healthy-115-img-2_nobg.png,1. Healthy/Healthy-115-img-2_nobg.png,Healthy-115-img-2_nobg.png,1. Healthy,1. Healthy,Healthy,Healthy,0,0,Healthy-115,1. Healthy::Healthy-115,parsed,Healthy-115-img-2,True,,1116159,ff0b99db5002df9b47fac406c1959b50,train
/home/drnguyenvinh/notebooks/processed-images/processed_images/1. Healthy/Healthy-115-img-3_nobg.png,/home/drnguyenvinh/notebooks/processed-images/processed_images/1. Healthy/Healthy-115-img-3_nobg.png,1. Healthy/Healthy-115-img-3_nobg.png,Healthy-115-img-3_nobg.png,1. Healthy,1. Healthy,Healthy,Healthy,0,0,Healthy-115,1. Healthy::Healthy-115,parsed,Healthy-115-img-3,True,,1255763,cfef9e5355b2dd544bf205a42e5343f0,train
/home/drnguyenvinh/notebooks/processed-images/processed_images/1. Healthy/Healthy-116-img-1_nobg.png,/home/drnguyenvinh/notebooks/processed-images/processed_images/1. Healthy/Healthy-116-img-1_nobg.png,1. Healthy/Healthy-116-img-1_nobg.png,Healthy-116-img-1_nobg.png,1. Healthy,1. Healthy,Healthy,Healthy,0,0,Healthy-116,1. Healthy::Healthy-116,parsed,Healthy-116-img-1,True,,1140000,67a43d4e664d63ba5dbe639fbcf8d045,train
/home/drnguyenvinh/notebooks/processed-images/processed_images/1. Healthy/Healthy-119-img-1_nobg.png,/home/drnguyenvinh/notebooks/processed-images/processed_images/1. Healthy/Healthy-119-img-1_nobg.png,1. Healthy/Healthy-119-img-1_nobg.png,Healthy-119-img-1_nobg.png,1. Healthy,1. Healthy,Healthy,Healthy,0,0,Healthy-119,1. Healthy::Healthy-119,parsed,Healthy-119-img-1,True,,1016909,d811af4796d7fa41b1f87702171f3497,train
/home/drnguyenvinh/notebooks/processed-images/processed_images/1. Healthy/Healthy-119-img-2_nobg.png,/home/drnguyenvinh/notebooks/processed-images/processed_images/1. Healthy/Healthy-119-img-2_nobg.png,1. Healthy/Healthy-119-img-2_nobg.png,Healthy-119-img-2_nobg.png,1. Healthy,1. Healthy,Healthy,Healthy,0,0,Healthy-119,1. Healthy::Healthy-119,parsed,Healthy-119-img-2,True,,705124,9e5e334c92ec6c083f4a2fc6e9a2ca91,train
/home/drnguyenvinh/notebooks/processed-images/processed_images/1. Healthy/Healthy-119-img-3_nobg.png,/home/drnguyenvinh/notebooks/processed-images/processed_images/1. Healthy/Healthy-119-img-3_nobg.png,1. Healthy/Healthy-119-img-3_nobg.png,Healthy-119-img-3_nobg.png,1. Healthy,1. Healthy,Healthy,Healthy,0,0,Healthy-119,1. Healthy::Healthy-119,parsed,Healthy-119-img-3,True,,792600,a19b6cd71f6b5d9efe5667ca0e4ddd43,train
/home/drnguyenvinh/notebooks/processed-images/processed_images/1. Healthy/Healthy-12-img-1_nobg.png,/home/drnguyenvinh/notebooks/processed-images/processed_images/1. Healthy/Healthy-12-img-1_nobg.png,1. Healthy/Healthy-12-img-1_nobg.png,Healthy-12-img-1_nobg.png,1. Healthy,1. Healthy,Healthy,Healthy,0,0,Healthy-12,1. Healthy::Healthy-12,parsed,Healthy-12-img-1,True,,861129,66fd7b09141df69155deb9ffa55aabce,train
/home/drnguyenvinh/notebooks/processed-images/processed_images/1. Healthy/Healthy-12-img-2_nobg.png,/home/drnguyenvinh/notebooks/processed-images/processed_images/1. Healthy/Healthy-12-img-2_nobg.png,1. Healthy/Healthy-12-img-2_nobg.png,Healthy-12-img-2_nobg.png,1. Healthy,1. Healthy,Healthy,Healthy,0,0,Healthy-12,1. Healthy::Healthy-12,parsed,Healthy-12-img-2,True,,841171,eecbb0a3b7af912c81ff5c8f49de5d18,train
/home/drnguyenvinh/notebooks/processed-images/processed_images/1. Healthy/Healthy-12-img-3_nobg.png,/home/drnguyenvinh/notebooks/processed-images/processed_images/1. Healthy/Healthy-12-img-3_nobg.png,1. Healthy/Healthy-12-img-3_nobg.png,Healthy-12-img-3_nobg.png,1. Healthy,1. Healthy,Healthy,Healthy,0,0,Healthy-12,1. Healthy::Healthy-12,parsed,Healthy-12-img-3,True,,1045147,f280c3359c2587adeba95f393607d400,train
/home/drnguyenvinh/notebooks/processed-images/processed_images/1. Healthy/Healthy-120-img-1_nobg.png,/home/drnguyenvinh/notebooks/processed-images/processed_images/1. Healthy/Healthy-120-img-1_nobg.png,1. Healthy/Healthy-120-img-1_nobg.png,Healthy-120-img-1_nobg.png,1. Healthy,1. Healthy,Healthy,Healthy,0,0,Healthy-120,1. Healthy::Healthy-120,parsed,Healthy-120-img-1,True,,1156776,4bd87f01d723532800170e0d31fe8541,train
/home/drnguyenvinh/notebooks/processed-images/processed_images/1. Healthy/Healthy-120-img-2_nobg.png,/home/drnguyenvinh/notebooks/processed-images/processed_images/1. Healthy/Healthy-120-img-2_nobg.png,1. Healthy/Healthy-120-img-2_nobg.png,Healthy-120-img-2_nobg.png,1. Healthy,1. Healthy,Healthy,Healthy,0,0,Healthy-120,1. Healthy::Healthy-120,parsed,Healthy-120-img-2,True,,1178306,6014c712c52ad6bded8f30952318ff16,train
/home/drnguyenvinh/notebooks/processed-images/processed_images/1. Healthy/Healthy-120-img-3_nobg.png,/home/drnguyenvinh/notebooks/processed-images/processed_images/1. Healthy/Healthy-120-img-3_nobg.png,1. Healthy/Healthy-120-img-3_nobg.png,Healthy-120-img-3_nobg.png,1. Healthy,1. Healthy,Healthy,Healthy,0,0,Healthy-120,1. Healthy::Healthy-120,parsed,Healthy-120-img-3,True,,1104753,14a6c2441371d06dd8a7ca3e51c12578,train
/home/drnguyenvinh/notebooks/processed-images/processed_images/1. Healthy/Healthy-121-img-1_nobg.png,/home/drnguyenvinh/notebooks/processed-images/processed_images/1. Healthy/Healthy-121-img-1_nobg.png,1. Healthy/Healthy-121-img-1_nobg.png,Healthy-121-img-1_nobg.png,1. Healthy,1. Healthy,Healthy,Healthy,0,0,Healthy-121,1. Healthy::Healthy-121,parsed,Healthy-121-img-1,True,,880541,6d86258870df2fbcde2fab2782ad8c58,train
/home/drnguyenvinh/notebooks/processed-images/processed_images/1. Healthy/Healthy-121-img-2_nobg.png,/home/drnguyenvinh/notebooks/processed-images/processed_images/1. Healthy/Healthy-121-img-2_nobg.png,1. Healthy/Healthy-121-img-2_nobg.png,Healthy-121-img-2_nobg.png,1. Healthy,1. Healthy,Healthy,Healthy,0,0,Healthy-121,1. Healthy::Healthy-121,parsed,Healthy-121-img-2,True,,992811,6765e14bc972102f812fa12f0a08ca4b,train
/home/drnguyenvinh/notebooks/processed-images/processed_images/1. Healthy/Healthy-121-img-3_nobg.png,/home/drnguyenvinh/notebooks/processed-images/processed_images/1. Healthy/Healthy-121-img-3_nobg.png,1. Healthy/Healthy-121-img-3_nobg.png,Healthy-121-img-3_nobg.png,1. Healthy,1. Healthy,Healthy,Healthy,0,0,Healthy-121,1. Healthy::Healthy-121,parsed,Healthy-121-img-3,True,,796406,08c3f35353b3997acbfc79dda0ecd0d6,train
/home/drnguyenvinh/notebooks/processed-images/processed_images/1. Healthy/Healthy-122-img-1_nobg.png,/home/drnguyenvinh/notebooks/processed-images/processed_images/1. Healthy/Healthy-122-img-1_nobg.png,1. Healthy/Healthy-122-img-1_nobg.png,Healthy-122-img-1_nobg.png,1. Healthy,1. Healthy,Healthy,Healthy,0,0,Healthy-122,1. Healthy::Healthy-122,parsed,Healthy-122-img-1,True,,1310707,66f80784b95976e063d774613c4ad72e,train
/home/drnguyenvinh/notebooks/processed-images/processed_images/1. Healthy/Healthy-122-img-2_nobg.png,/home/drnguyenvinh/notebooks/processed-images/processed_images/1. Healthy/Healthy-122-img-2_nobg.png,1. Healthy/Healthy-122-img-2_nobg.png,Healthy-122-img-2_nobg.png,1. Healthy,1. Healthy,Healthy,Healthy,0,0,Healthy-122,1. Healthy::Healthy-122,parsed,Healthy-122-img-2,True,,1284439,435989c5db7209fca770b42be814e3df,train
/home/drnguyenvinh/notebooks/processed-images/processed_images/1. Healthy/Healthy-122-img-3_nobg.png,/home/drnguyenvinh/notebooks/processed-images/processed_images/1. Healthy/Healthy-122-img-3_nobg.png,1. Healthy/Healthy-122-img-3_nobg.png,Healthy-122-img-3_nobg.png,1. Healthy,1. Healthy,Healthy,Healthy,0,0,Healthy-122,1. Healthy::Healthy-122,parsed,Healthy-122-img-3,True,,1232152,ced8997b9d577ca76436771b8ae26065,train
/home/drnguyenvinh/notebooks/processed-images/processed_images/1. Healthy/Healthy-123-img-1_nobg.png,/home/drnguyenvinh/notebooks/processed-images/processed_images/1. Healthy/Healthy-123-img-1_nobg.png,1. Healthy/Healthy-123-img-1_nobg.png,Healthy-123-img-1_nobg.png,1. Healthy,1. Healthy,Healthy,Healthy,0,0,Healthy-123,1. Healthy::Healthy-123,parsed,Healthy-123-img-1,True,,1664962,a4510b6d32b2ef51f38e3cd5576cbd9e,train
/home/drnguyenvinh/notebooks/processed-images/processed_images/1. Healthy/Healthy-123-img-2_nobg.png,/home/drnguyenvinh/notebooks/processed-images/processed_images/1. Healthy/Healthy-123-img-2_nobg.png,1. Healthy/Healthy-123-img-2_nobg.png,Healthy-123-img-2_nobg.png,1. Healthy,1. Healthy,Healthy,Healthy,0,0,Healthy-123,1. Healthy::Healthy-123,parsed,Healthy-123-img-2,True,,1436825,3eddaf7892c574f02cb66344d8c9d13e,train
/home/drnguyenvinh/notebooks/processed-images/processed_images/1. Healthy/Healthy-123-img-3_nobg.png,/home/drnguyenvinh/notebooks/processed-images/processed_images/1. Healthy/Healthy-123-img-3_nobg.png,1. Healthy/Healthy-123-img-3_nobg.png,Healthy-123-img-3_nobg.png,1. Healthy,1. Healthy,Healthy,Healthy,0,0,Healthy-123,1. Healthy::Healthy-123,parsed,Healthy-123-img-3,True,,1164641,deba260002b592671aa7bed419edef9d,train
/home/drnguyenvinh/notebooks/processed-images/processed_images/1. Healthy/Healthy-124-img-1_nobg.png,/home/drnguyenvinh/notebooks/processed-images/processed_images/1. Healthy/Healthy-124-img-1_nobg.png,1. Healthy/Healthy-124-img-1_nobg.png,Healthy-124-img-1_nobg.png,1. Healthy,1. Healthy,Healthy,Healthy,0,0,Healthy-124,1. Healthy::Healthy-124,parsed,Healthy-124-img-1,True,,1126652,2ba574782f95a4f4531749cf7e11ffaf,train
/home/drnguyenvinh/notebooks/processed-images/processed_images/1. Healthy/Healthy-124-img-2_nobg.png,/home/drnguyenvinh/notebooks/processed-images/processed_images/1. Healthy/Healthy-124-img-2_nobg.png,1. Healthy/Healthy-124-img-2_nobg.png,Healthy-124-img-2_nobg.png,1. Healthy,1. Healthy,Healthy,Healthy,0,0,Healthy-124,1. Healthy::Healthy-124,parsed,Healthy-124-img-2,True,,1215877,c2b626d20f79f94aa1422c9cc9250680,train
/home/drnguyenvinh/notebooks/processed-images/processed_images/1. Healthy/Healthy-124-img-3_nobg.png,/home/drnguyenvinh/notebooks/processed-images/processed_images/1. Healthy/Healthy-124-img-3_nobg.png,1. Healthy/Healthy-124-img-3_nobg.png,Healthy-124-img-3_nobg.png,1. Healthy,1. Healthy,Healthy,Healthy,0,0,Healthy-124,1. Healthy::Healthy-124,parsed,Healthy-124-img-3,True,,1207594,1b2079c516520beffde0c6e1fc2fc0de,train
/home/drnguyenvinh/notebooks/processed-images/processed_images/1. Healthy/Healthy-126-img-1_nobg.png,/home/drnguyenvinh/notebooks/processed-images/processed_images/1. Healthy/Healthy-126-img-1_nobg.png,1. Healthy/Healthy-126-img-1_nobg.png,Healthy-126-img-1_nobg.png,1. Healthy,1. Healthy,Healthy,Healthy,0,0,Healthy-126,1. Healthy::Healthy-126,parsed,Healthy-126-img-1,True,,1498260,6eecf33bc76a0d5643fb946f50f5e834,train
/home/drnguyenvinh/notebooks/processed-images/processed_images/1. Healthy/Healthy-126-img-2_nobg.png,/home/drnguyenvinh/notebooks/processed-images/processed_images/1. Healthy/Healthy-126-img-2_nobg.png,1. Healthy/Healthy-126-img-2_nobg.png,Healthy-126-img-2_nobg.png,1. Healthy,1. Healthy,Healthy,Healthy,0,0,Healthy-126,1. Healthy::Healthy-126,parsed,Healthy-126-img-2,True,,1386251,ea8f1c69dd45f0e0d262bb0d3f01f4eb,train
/home/drnguyenvinh/notebooks/processed-images/processed_images/1. Healthy/Healthy-126-img-3_nobg.png,/home/drnguyenvinh/notebooks/processed-images/processed_images/1. Healthy/Healthy-126-img-3_nobg.png,1. Healthy/Healthy-126-img-3_nobg.png,Healthy-126-img-3_nobg.png,1. Healthy,1. Healthy,Healthy,Healthy,0,0,Healthy-126,1. Healthy::Healthy-126,parsed,Healthy-126-img-3,True,,1460792,cffb52fec79b7d0a0f2230e3e52671b5,train
/home/drnguyenvinh/notebooks/processed-images/processed_images/1. Healthy/Healthy-127-img-1_nobg.png,/home/drnguyenvinh/notebooks/processed-images/processed_images/1. Healthy/Healthy-127-img-1_nobg.png,1. Healthy/Healthy-127-img-1_nobg.png,Healthy-127-img-1_nobg.png,1. Healthy,1. Healthy,Healthy,Healthy,0,0,Healthy-127,1. Healthy::Healthy-127,parsed,Healthy-127-img-1,True,,1487238,09c67178d6b3927535bf4c3030d8a018,train
/home/drnguyenvinh/notebooks/processed-images/processed_images/1. Healthy/Healthy-127-img-2_nobg.png,/home/drnguyenvinh/notebooks/processed-images/processed_images/1. Healthy/Healthy-127-img-2_nobg.png,1. Healthy/Healthy-127-img-2_nobg.png,Healthy-127-img-2_nobg.png,1. Healthy,1. Healthy,Healthy,Healthy,0,0,Healthy-127,1. Healthy::Healthy-127,parsed,Healthy-127-img-2,True,,1014911,81dcaa33364034bbbf9225c7eed824c4,train
/home/drnguyenvinh/notebooks/processed-images/processed_images/1. Healthy/Healthy-127-img-3_nobg.png,/home/drnguyenvinh/notebooks/processed-images/processed_images/1. Healthy/Healthy-127-img-3_nobg.png,1. Healthy/Healthy-127-img-3_nobg.png,Healthy-127-img-3_nobg.png,1. Healthy,1. Healthy,Healthy,Healthy,0,0,Healthy-127,1. Healthy::Healthy-127,parsed,Healthy-127-img-3,True,,996979,d6a38f1d946bee2c16b8a6dd14cd52b9,train
/home/drnguyenvinh/notebooks/processed-images/processed_images/1. Healthy/Healthy-129-img-1_nobg.png,/home/drnguyenvinh/notebooks/processed-images/processed_images/1. Healthy/Healthy-129-img-1_nobg.png,1. Healthy/Healthy-129-img-1_nobg.png,Healthy-129-img-1_nobg.png,1. Healthy,1. Healthy,Healthy,Healthy,0,0,Healthy-129,1. Healthy::Healthy-129,parsed,Healthy-129-img-1,True,,1451749,89c15025ee9ed1be4756e4df3e8dfdb2,train
/home/drnguyenvinh/notebooks/processed-images/processed_images/1. Healthy/Healthy-129-img-2_nobg.png,/home/drnguyenvinh/notebooks/processed-images/processed_images/1. Healthy/Healthy-129-img-2_nobg.png,1. Healthy/Healthy-129-img-2_nobg.png,Healthy-129-img-2_nobg.png,1. Healthy,1. Healthy,Healthy,Healthy,0,0,Healthy-129,1. Healthy::Healthy-129,parsed,Healthy-129-img-2,True,,1460327,ab295019dd18e17a97215b9ff12ba6c8,train
/home/drnguyenvinh/notebooks/processed-images/processed_images/1. Healthy/Healthy-129-img-3_nobg.png,/home/drnguyenvinh/notebooks/processed-images/processed_images/1. Healthy/Healthy-129-img-3_nobg.png,1. Healthy/Healthy-129-img-3_nobg.png,Healthy-129-img-3_nobg.png,1. Healthy,1. Healthy,Healthy,Healthy,0,0,Healthy-129,1. Healthy::Healthy-129,parsed,Healthy-129-img-3,True,,1145531,ab7e206bea794a29385ed6e6b1b5364e,train
/home/drnguyenvinh/notebooks/processed-images/processed_images/1. Healthy/Healthy-13-img-1_nobg.png,/home/drnguyenvinh/notebooks/processed-images/processed_images/1. Healthy/Healthy-13-img-1_nobg.png,1. Healthy/Healthy-13-img-1_nobg.png,Healthy-13-img-1_nobg.png,1. Healthy,1. Healthy,Healthy,Healthy,0,0,Healthy-13,1. Healthy::Healthy-13,parsed,Healthy-13-img-1,True,,1069015,0d8061fb5d4bdd05be8465ca34a8d920,train
/home/drnguyenvinh/notebooks/processed-images/processed_images/1. Healthy/Healthy-13-img-2_nobg.png,/home/drnguyenvinh/notebooks/processed-images/processed_images/1. Healthy/Healthy-13-img-2_nobg.png,1. Healthy/Healthy-13-img-2_nobg.png,Healthy-13-img-2_nobg.png,1. Healthy,1. Healthy,Healthy,Healthy,0,0,Healthy-13,1. Healthy::Healthy-13,parsed,Healthy-13-img-2,True,,924389,fe2ff6ef4add434f03b1ad19cb8cc3ec,train
/home/drnguyenvinh/notebooks/processed-images/processed_images/1. Healthy/Healthy-13-img-3_nobg.png,/home/drnguyenvinh/notebooks/processed-images/processed_images/1. Healthy/Healthy-13-img-3_nobg.png,1. Healthy/Healthy-13-img-3_nobg.png,Healthy-13-img-3_nobg.png,1. Healthy,1. Healthy,Healthy,Healthy,0,0,Healthy-13,1. Healthy::Healthy-13,parsed,Healthy-13-img-3,True,,841572,eb167a441f0ba6045edebd15ded343e3,train
/home/drnguyenvinh/notebooks/processed-images/processed_images/1. Healthy/Healthy-130-img-1_nobg.png,/home/drnguyenvinh/notebooks/processed-images/processed_images/1. Healthy/Healthy-130-img-1_nobg.png,1. Healthy/Healthy-130-img-1_nobg.png,Healthy-130-img-1_nobg.png,1. Healthy,1. Healthy,Healthy,Healthy,0,0,Healthy-130,1. Healthy::Healthy-130,parsed,Healthy-130-img-1,True,,1535784,a5eb2fbaf4b8b00536af58cece4523c2,train
/home/drnguyenvinh/notebooks/processed-images/processed_images/1. Healthy/Healthy-130-img-2_nobg.png,/home/drnguyenvinh/notebooks/processed-images/processed_images/1. Healthy/Healthy-130-img-2_nobg.png,1. Healthy/Healthy-130-img-2_nobg.png,Healthy-130-img-2_nobg.png,1. Healthy,1. Healthy,Healthy,Healthy,0,0,Healthy-130,1. Healthy::Healthy-130,parsed,Healthy-130-img-2,True,,1211993,9108cca70ddcf84724482ef125f6ea28,train
/home/drnguyenvinh/notebooks/processed-images/processed_images/1. Healthy/Healthy-130-img-3_nobg.png,/home/drnguyenvinh/notebooks/processed-images/processed_images/1. Healthy/Healthy-130-img-3_nobg.png,1. Healthy/Healthy-130-img-3_nobg.png,Healthy-130-img-3_nobg.png,1. Healthy,1. Healthy,Healthy,Healthy,0,0,Healthy-130,1. Healthy::Healthy-130,parsed,Healthy-130-img-3,True,,1498087,8ca054cf2dfdf2d13f7fb135baffb339,train
/home/drnguyenvinh/notebooks/processed-images/processed_images/1. Healthy/Healthy-131-img-1_nobg.png,/home/drnguyenvinh/notebooks/processed-images/processed_images/1. Healthy/Healthy-131-img-1_nobg.png,1. Healthy/Healthy-131-img-1_nobg.png,Healthy-131-img-1_nobg.png,1. Healthy,1. Healthy,Healthy,Healthy,0,0,Healthy-131,1. Healthy::Healthy-131,parsed,Healthy-131-img-1,True,,1447018,a385421ba4fccd503b4ea642aae14f00,train
/home/drnguyenvinh/notebooks/processed-images/processed_images/1. Healthy/Healthy-131-img-2_nobg.png,/home/drnguyenvinh/notebooks/processed-images/processed_images/1. Healthy/Healthy-131-img-2_nobg.png,1. Healthy/Healthy-131-img-2_nobg.png,Healthy-131-img-2_nobg.png,1. Healthy,1. Healthy,Healthy,Healthy,0,0,Healthy-131,1. Healthy::Healthy-131,parsed,Healthy-131-img-2,True,,1079233,8c454d3ae25cb80d90cc9ac4ecd8a2b4,train
/home/drnguyenvinh/notebooks/processed-images/processed_images/1. Healthy/Healthy-131-img-3_nobg.png,/home/drnguyenvinh/notebooks/processed-images/processed_images/1. Healthy/Healthy-131-img-3_nobg.png,1. Healthy/Healthy-131-img-3_nobg.png,Healthy-131-img-3_nobg.png,1. Healthy,1. Healthy,Healthy,Healthy,0,0,Healthy-131,1. Healthy::Healthy-131,parsed,Healthy-131-img-3,True,,1465152,dfbba4d99db82c96f859889e2a88de95,train
/home/drnguyenvinh/notebooks/processed-images/processed_images/1. Healthy/Healthy-133-img-1_nobg.png,/home/drnguyenvinh/notebooks/processed-images/processed_images/1. Healthy/Healthy-133-img-1_nobg.png,1. Healthy/Healthy-133-img-1_nobg.png,Healthy-133-img-1_nobg.png,1. Healthy,1. Healthy,Healthy,Healthy,0,0,Healthy-133,1. Healthy::Healthy-133,parsed,Healthy-133-img-1,True,,1206331,39d4766c2dc0c45271ee42074e624f50,train
/home/drnguyenvinh/notebooks/processed-images/processed_images/1. Healthy/Healthy-133-img-2_nobg.png,/home/drnguyenvinh/notebooks/processed-images/processed_images/1. Healthy/Healthy-133-img-2_nobg.png,1. Healthy/Healthy-133-img-2_nobg.png,Healthy-133-img-2_nobg.png,1. Healthy,1. Healthy,Healthy,Healthy,0,0,Healthy-133,1. Healthy::Healthy-133,parsed,Healthy-133-img-2,True,,1294726,e5fe86aef86271e688d560efc0483624,train
/home/drnguyenvinh/notebooks/processed-images/processed_images/1. Healthy/Healthy-133-img-3_nobg.png,/home/drnguyenvinh/notebooks/processed-images/processed_images/1. Healthy/Healthy-133-img-3_nobg.png,1. Healthy/Healthy-133-img-3_nobg.png,Healthy-133-img-3_nobg.png,1. Healthy,1. Healthy,Healthy,Healthy,0,0,Healthy-133,1. Healthy::Healthy-133,parsed,Healthy-133-img-3,True,,1406244,98ab12122a36109aca0fbb436afa2c2d,train
/home/drnguyenvinh/notebooks/processed-images/processed_images/1. Healthy/Healthy-134-img-1_nobg.png,/home/drnguyenvinh/notebooks/processed-images/processed_images/1. Healthy/Healthy-134-img-1_nobg.png,1. Healthy/Healthy-134-img-1_nobg.png,Healthy-134-img-1_nobg.png,1. Healthy,1. Healthy,Healthy,Healthy,0,0,Healthy-134,1. Healthy::Healthy-134,parsed,Healthy-134-img-1,True,,1205084,4954d8a79b0984e00dd23c7b31ca5c88,train
/home/drnguyenvinh/notebooks/processed-images/processed_images/1. Healthy/Healthy-134-img-2_nobg.png,/home/drnguyenvinh/notebooks/processed-images/processed_images/1. Healthy/Healthy-134-img-2_nobg.png,1. Healthy/Healthy-134-img-2_nobg.png,Healthy-134-img-2_nobg.png,1. Healthy,1. Healthy,Healthy,Healthy,0,0,Healthy-134,1. Healthy::Healthy-134,parsed,Healthy-134-img-2,True,,1494596,8d030a16eb4ab40ffe387338fce0a341,train
/home/drnguyenvinh/notebooks/processed-images/processed_images/1. Healthy/Healthy-134-img-3_nobg.png,/home/drnguyenvinh/notebooks/processed-images/processed_images/1. Healthy/Healthy-134-img-3_nobg.png,1. Healthy/Healthy-134-img-3_nobg.png,Healthy-134-img-3_nobg.png,1. Healthy,1. Healthy,Healthy,Healthy,0,0,Healthy-134,1. Healthy::Healthy-134,parsed,Healthy-134-img-3,True,,1324775,e7860f8010f24dadc54e444c3cd4199e,train
/home/drnguyenvinh/notebooks/processed-images/processed_images/1. Healthy/Healthy-135-img-1_nobg.png,/home/drnguyenvinh/notebooks/processed-images/processed_images/1. Healthy/Healthy-135-img-1_nobg.png,1. Healthy/Healthy-135-img-1_nobg.png,Healthy-135-img-1_nobg.png,1. Healthy,1. Healthy,Healthy,Healthy,0,0,Healthy-135,1. Healthy::Healthy-135,parsed,Healthy-135-img-1,True,,1399139,d32203dd243b94a24e3918353fbc853a,train
/home/drnguyenvinh/notebooks/processed-images/processed_images/1. Healthy/Healthy-135-img-2_nobg.png,/home/drnguyenvinh/notebooks/processed-images/processed_images/1. Healthy/Healthy-135-img-2_nobg.png,1. Healthy/Healthy-135-img-2_nobg.png,Healthy-135-img-2_nobg.png,1. Healthy,1. Healthy,Healthy,Healthy,0,0,Healthy-135,1. Healthy::Healthy-135,parsed,Healthy-135-img-2,True,,1488110,0069e7093829da1ae340d62f92142055,train
/home/drnguyenvinh/notebooks/processed-images/processed_images/1. Healthy/Healthy-135-img-3_nobg.png,/home/drnguyenvinh/notebooks/processed-images/processed_images/1. Healthy/Healthy-135-img-3_nobg.png,1. Healthy/Healthy-135-img-3_nobg.png,Healthy-135-img-3_nobg.png,1. Healthy,1. Healthy,Healthy,Healthy,0,0,Healthy-135,1. Healthy::Healthy-135,parsed,Healthy-135-img-3,True,,929273,88431f780adf0fdefc8e0f15d93542ee,train
/home/drnguyenvinh/notebooks/processed-images/processed_images/1. Healthy/Healthy-137-img-1_nobg.png,/home/drnguyenvinh/notebooks/processed-images/processed_images/1. Healthy/Healthy-137-img-1_nobg.png,1. Healthy/Healthy-137-img-1_nobg.png,Healthy-137-img-1_nobg.png,1. Healthy,1. Healthy,Healthy,Healthy,0,0,Healthy-137,1. Healthy::Healthy-137,parsed,Healthy-137-img-1,True,,1416065,7469d73878582a5068399ffd706fe615,train
/home/drnguyenvinh/notebooks/processed-images/processed_images/1. Healthy/Healthy-137-img-2_nobg.png,/home/drnguyenvinh/notebooks/processed-images/processed_images/1. Healthy/Healthy-137-img-2_nobg.png,1. Healthy/Healthy-137-img-2_nobg.png,Healthy-137-img-2_nobg.png,1. Healthy,1. Healthy,Healthy,Healthy,0,0,Healthy-137,1. Healthy::Healthy-137,parsed,Healthy-137-img-2,True,,1520301,409b439e9c36b6cb4e1aa23cd32bde7a,train
/home/drnguyenvinh/notebooks/processed-images/processed_images/1. Healthy/Healthy-137-img-3_nobg.png,/home/drnguyenvinh/notebooks/processed-images/processed_images/1. Healthy/Healthy-137-img-3_nobg.png,1. Healthy/Healthy-137-img-3_nobg.png,Healthy-137-img-3_nobg.png,1. Healthy,1. Healthy,Healthy,Healthy,0,0,Healthy-137,1. Healthy::Healthy-137,parsed,Healthy-137-img-3,True,,1385945,dbbd7cb04d33db6ef613fdd042783a36,train
/home/drnguyenvinh/notebooks/processed-images/processed_images/1. Healthy/Healthy-138-img-1_nobg.png,/home/drnguyenvinh/notebooks/processed-images/processed_images/1. Healthy/Healthy-138-img-1_nobg.png,1. Healthy/Healthy-138-img-1_nobg.png,Healthy-138-img-1_nobg.png,1. Healthy,1. Healthy,Healthy,Healthy,0,0,Healthy-138,1. Healthy::Healthy-138,parsed,Healthy-138-img-1,True,,1356173,f648bc952a1c7b797ccb73f6423b0a4c,train
/home/drnguyenvinh/notebooks/processed-images/processed_images/1. Healthy/Healthy-138-img-2_nobg.png,/home/drnguyenvinh/notebooks/processed-images/processed_images/1. Healthy/Healthy-138-img-2_nobg.png,1. Healthy/Healthy-138-img-2_nobg.png,Healthy-138-img-2_nobg.png,1. Healthy,1. Healthy,Healthy,Healthy,0,0,Healthy-138,1. Healthy::Healthy-138,parsed,Healthy-138-img-2,True,,1374590,619895531033e1de1c664215a22b8e3d,train
/home/drnguyenvinh/notebooks/processed-images/processed_images/1. Healthy/Healthy-138-img-3_nobg.png,/home/drnguyenvinh/notebooks/processed-images/processed_images/1. Healthy/Healthy-138-img-3_nobg.png,1. Healthy/Healthy-138-img-3_nobg.png,Healthy-138-img-3_nobg.png,1. Healthy,1. Healthy,Healthy,Healthy,0,0,Healthy-138,1. Healthy::Healthy-138,parsed,Healthy-138-img-3,True,,1437345,c491805b76d3cf4d6b1b5294ac154759,train
/home/drnguyenvinh/notebooks/processed-images/processed_images/1. Healthy/Healthy-139-img-1_nobg.png,/home/drnguyenvinh/notebooks/processed-images/processed_images/1. Healthy/Healthy-139-img-1_nobg.png,1. Healthy/Healthy-139-img-1_nobg.png,Healthy-139-img-1_nobg.png,1. Healthy,1. Healthy,Healthy,Healthy,0,0,Healthy-139,1. Healthy::Healthy-139,parsed,Healthy-139-img-1,True,,1456866,2c2b5d4cfc6aac3d51289e4559bcd465,train
/home/drnguyenvinh/notebooks/processed-images/processed_images/1. Healthy/Healthy-139-img-2_nobg.png,/home/drnguyenvinh/notebooks/processed-images/processed_images/1. Healthy/Healthy-139-img-2_nobg.png,1. Healthy/Healthy-139-img-2_nobg.png,Healthy-139-img-2_nobg.png,1. Healthy,1. Healthy,Healthy,Healthy,0,0,Healthy-139,1. Healthy::Healthy-139,parsed,Healthy-139-img-2,True,,1749081,0bf1d1a97fd7ecb30170a3a92a385aee,train
/home/drnguyenvinh/notebooks/processed-images/processed_images/1. Healthy/Healthy-139-img-3_nobg.png,/home/drnguyenvinh/notebooks/processed-images/processed_images/1. Healthy/Healthy-139-img-3_nobg.png,1. Healthy/Healthy-139-img-3_nobg.png,Healthy-139-img-3_nobg.png,1. Healthy,1. Healthy,Healthy,Healthy,0,0,Healthy-139,1. Healthy::Healthy-139,parsed,Healthy-139-img-3,True,,1749332,a5720ad8fb359ae23e89f108b9d7d29f,train
/home/drnguyenvinh/notebooks/processed-images/processed_images/1. Healthy/Healthy-14-img-1_nobg.png,/home/drnguyenvinh/notebooks/processed-images/processed_images/1. Healthy/Healthy-14-img-1_nobg.png,1. Healthy/Healthy-14-img-1_nobg.png,Healthy-14-img-1_nobg.png,1. Healthy,1. Healthy,Healthy,Healthy,0,0,Healthy-14,1. Healthy::Healthy-14,parsed,Healthy-14-img-1,True,,773161,96bc9258732986e1d68edce63d652385,train
/home/drnguyenvinh/notebooks/processed-images/processed_images/1. Healthy/Healthy-14-img-2_nobg.png,/home/drnguyenvinh/notebooks/processed-images/processed_images/1. Healthy/Healthy-14-img-2_nobg.png,1. Healthy/Healthy-14-img-2_nobg.png,Healthy-14-img-2_nobg.png,1. Healthy,1. Healthy,Healthy,Healthy,0,0,Healthy-14,1. Healthy::Healthy-14,parsed,Healthy-14-img-2,True,,762666,09ef0abaa03276870a923464c8f1a933,train
/home/drnguyenvinh/notebooks/processed-images/processed_images/1. Healthy/Healthy-14-img-3_nobg.png,/home/drnguyenvinh/notebooks/processed-images/processed_images/1. Healthy/Healthy-14-img-3_nobg.png,1. Healthy/Healthy-14-img-3_nobg.png,Healthy-14-img-3_nobg.png,1. Healthy,1. Healthy,Healthy,Healthy,0,0,Healthy-14,1. Healthy::Healthy-14,parsed,Healthy-14-img-3,True,,743021,0e41404e846c13fbf88463d14cf79c1e,train
/home/drnguyenvinh/notebooks/processed-images/processed_images/1. Healthy/Healthy-141-img-1_nobg.png,/home/drnguyenvinh/notebooks/processed-images/processed_images/1. Healthy/Healthy-141-img-1_nobg.png,1. Healthy/Healthy-141-img-1_nobg.png,Healthy-141-img-1_nobg.png,1. Healthy,1. Healthy,Healthy,Healthy,0,0,Healthy-141,1. Healthy::Healthy-141,parsed,Healthy-141-img-1,True,,1287376,4f0e91c5e5e9e5eb10c000c7a978d6ed,train
/home/drnguyenvinh/notebooks/processed-images/processed_images/1. Healthy/Healthy-141-img-2_nobg.png,/home/drnguyenvinh/notebooks/processed-images/processed_images/1. Healthy/Healthy-141-img-2_nobg.png,1. Healthy/Healthy-141-img-2_nobg.png,Healthy-141-img-2_nobg.png,1. Healthy,1. Healthy,Healthy,Healthy,0,0,Healthy-141,1. Healthy::Healthy-141,parsed,Healthy-141-img-2,True,,1441667,13fd500b45a1fef3dcf28e8147dd8b61,train
/home/drnguyenvinh/notebooks/processed-images/processed_images/1. Healthy/Healthy-141-img-3_nobg.png,/home/drnguyenvinh/notebooks/processed-images/processed_images/1. Healthy/Healthy-141-img-3_nobg.png,1. Healthy/Healthy-141-img-3_nobg.png,Healthy-141-img-3_nobg.png,1. Healthy,1. Healthy,Healthy,Healthy,0,0,Healthy-141,1. Healthy::Healthy-141,parsed,Healthy-141-img-3,True,,1655937,fdfa70dd10f22888fd0cd130668b9022,train
/home/drnguyenvinh/notebooks/processed-images/processed_images/1. Healthy/Healthy-15-img-1_nobg.png,/home/drnguyenvinh/notebooks/processed-images/processed_images/1. Healthy/Healthy-15-img-1_nobg.png,1. Healthy/Healthy-15-img-1_nobg.png,Healthy-15-img-1_nobg.png,1. Healthy,1. Healthy,Healthy,Healthy,0,0,Healthy-15,1. Healthy::Healthy-15,parsed,Healthy-15-img-1,True,,1070845,66df81db7cab0406d4c185e16eccbaec,train
/home/drnguyenvinh/notebooks/processed-images/processed_images/1. Healthy/Healthy-15-img-2_nobg.png,/home/drnguyenvinh/notebooks/processed-images/processed_images/1. Healthy/Healthy-15-img-2_nobg.png,1. Healthy/Healthy-15-img-2_nobg.png,Healthy-15-img-2_nobg.png,1. Healthy,1. Healthy,Healthy,Healthy,0,0,Healthy-15,1. Healthy::Healthy-15,parsed,Healthy-15-img-2,True,,938150,c482e6e196e824fb527db690faa608d0,train
/home/drnguyenvinh/notebooks/processed-images/processed_images/1. Healthy/Healthy-15-img-3_nobg.png,/home/drnguyenvinh/notebooks/processed-images/processed_images/1. Healthy/Healthy-15-img-3_nobg.png,1. Healthy/Healthy-15-img-3_nobg.png,Healthy-15-img-3_nobg.png,1. Healthy,1. Healthy,Healthy,Healthy,0,0,Healthy-15,1. Healthy::Healthy-15,parsed,Healthy-15-img-3,True,,882522,eba402afeaebd687dfc0c9c41bcfceeb,train
/home/drnguyenvinh/notebooks/processed-images/processed_images/1. Healthy/Healthy-17-img-1_nobg.png,/home/drnguyenvinh/notebooks/processed-images/processed_images/1. Healthy/Healthy-17-img-1_nobg.png,1. Healthy/Healthy-17-img-1_nobg.png,Healthy-17-img-1_nobg.png,1. Healthy,1. Healthy,Healthy,Healthy,0,0,Healthy-17,1. Healthy::Healthy-17,parsed,Healthy-17-img-1,True,,818132,f2a6ab7cfa32b2a9fa0f417db224213b,train
/home/drnguyenvinh/notebooks/processed-images/processed_images/1. Healthy/Healthy-17-img-2_nobg.png,/home/drnguyenvinh/notebooks/processed-images/processed_images/1. Healthy/Healthy-17-img-2_nobg.png,1. Healthy/Healthy-17-img-2_nobg.png,Healthy-17-img-2_nobg.png,1. Healthy,1. Healthy,Healthy,Healthy,0,0,Healthy-17,1. Healthy::Healthy-17,parsed,Healthy-17-img-2,True,,767857,b3917fdf3d136a02ece9cbd4baf75cfb,train
/home/drnguyenvinh/notebooks/processed-images/processed_images/1. Healthy/Healthy-17-img-3_nobg.png,/home/drnguyenvinh/notebooks/processed-images/processed_images/1. Healthy/Healthy-17-img-3_nobg.png,1. Healthy/Healthy-17-img-3_nobg.png,Healthy-17-img-3_nobg.png,1. Healthy,1. Healthy,Healthy,Healthy,0,0,Healthy-17,1. Healthy::Healthy-17,parsed,Healthy-17-img-3,True,,801855,8641d5b37def0e0d6f425b8823945035,train
/home/drnguyenvinh/notebooks/processed-images/processed_images/1. Healthy/Healthy-19-img-1_nobg.png,/home/drnguyenvinh/notebooks/processed-images/processed_images/1. Healthy/Healthy-19-img-1_nobg.png,1. Healthy/Healthy-19-img-1_nobg.png,Healthy-19-img-1_nobg.png,1. Healthy,1. Healthy,Healthy,Healthy,0,0,Healthy-19,1. Healthy::Healthy-19,parsed,Healthy-19-img-1,True,,819443,5582120e4f72a0438cf7a71bbd9b8ad1,train
/home/drnguyenvinh/notebooks/processed-images/processed_images/1. Healthy/Healthy-19-img-2_nobg.png,/home/drnguyenvinh/notebooks/processed-images/processed_images/1. Healthy/Healthy-19-img-2_nobg.png,1. Healthy/Healthy-19-img-2_nobg.png,Healthy-19-img-2_nobg.png,1. Healthy,1. Healthy,Healthy,Healthy,0,0,Healthy-19,1. Healthy::Healthy-19,parsed,Healthy-19-img-2,True,,787403,2cead0df9f515908fb0e5dd39f337a53,train
/home/drnguyenvinh/notebooks/processed-images/processed_images/1. Healthy/Healthy-19-img-3_nobg.png,/home/drnguyenvinh/notebooks/processed-images/processed_images/1. Healthy/Healthy-19-img-3_nobg.png,1. Healthy/Healthy-19-img-3_nobg.png,Healthy-19-img-3_nobg.png,1. Healthy,1. Healthy,Healthy,Healthy,0,0,Healthy-19,1. Healthy::Healthy-19,parsed,Healthy-19-img-3,True,,815178,a3e298fabc3bc37072298edf5bb2de46,train
/home/drnguyenvinh/notebooks/processed-images/processed_images/1. Healthy/Healthy-20-img-1_nobg.png,/home/drnguyenvinh/notebooks/processed-images/processed_images/1. Healthy/Healthy-20-img-1_nobg.png,1. Healthy/Healthy-20-img-1_nobg.png,Healthy-20-img-1_nobg.png,1. Healthy,1. Healthy,Healthy,Healthy,0,0,Healthy-20,1. Healthy::Healthy-20,parsed,Healthy-20-img-1,True,,1194208,068ca7a2aa8d782063253b09e6ad147b,train
/home/drnguyenvinh/notebooks/processed-images/processed_images/1. Healthy/Healthy-20-img-2_nobg.png,/home/drnguyenvinh/notebooks/processed-images/processed_images/1. Healthy/Healthy-20-img-2_nobg.png,1. Healthy/Healthy-20-img-2_nobg.png,Healthy-20-img-2_nobg.png,1. Healthy,1. Healthy,Healthy,Healthy,0,0,Healthy-20,1. Healthy::Healthy-20,parsed,Healthy-20-img-2,True,,758432,eedda3f3e720e3957b1e3847da417e8c,train
/home/drnguyenvinh/notebooks/processed-images/processed_images/1. Healthy/Healthy-20-img-3_nobg.png,/home/drnguyenvinh/notebooks/processed-images/processed_images/1. Healthy/Healthy-20-img-3_nobg.png,1. Healthy/Healthy-20-img-3_nobg.png,Healthy-20-img-3_nobg.png,1. Healthy,1. Healthy,Healthy,Healthy,0,0,Healthy-20,1. Healthy::Healthy-20,parsed,Healthy-20-img-3,True,,929172,91a99f00ca0c9cb030c956ed7fe1c74f,train
/home/drnguyenvinh/notebooks/processed-images/processed_images/1. Healthy/Healthy-21-img-1_nobg.png,/home/drnguyenvinh/notebooks/processed-images/processed_images/1. Healthy/Healthy-21-img-1_nobg.png,1. Healthy/Healthy-21-img-1_nobg.png,Healthy-21-img-1_nobg.png,1. Healthy,1. Healthy,Healthy,Healthy,0,0,Healthy-21,1. Healthy::Healthy-21,parsed,Healthy-21-img-1,True,,818176,887487733de0fd14bc74b2097e06be62,train
/home/drnguyenvinh/notebooks/processed-images/processed_images/1. Healthy/Healthy-25-img-1_nobg.png,/home/drnguyenvinh/notebooks/processed-images/processed_images/1. Healthy/Healthy-25-img-1_nobg.png,1. Healthy/Healthy-25-img-1_nobg.png,Healthy-25-img-1_nobg.png,1. Healthy,1. Healthy,Healthy,Healthy,0,0,Healthy-25,1. Healthy::Healthy-25,parsed,Healthy-25-img-1,True,,1021864,2f56819dcd66d0f1989f7071766f6229,train
/home/drnguyenvinh/notebooks/processed-images/processed_images/1. Healthy/Healthy-25-img-2_nobg.png,/home/drnguyenvinh/notebooks/processed-images/processed_images/1. Healthy/Healthy-25-img-2_nobg.png,1. Healthy/Healthy-25-img-2_nobg.png,Healthy-25-img-2_nobg.png,1. Healthy,1. Healthy,Healthy,Healthy,0,0,Healthy-25,1. Healthy::Healthy-25,parsed,Healthy-25-img-2,True,,1283032,656c790aa82673c2c3102abe1cccc345,train
/home/drnguyenvinh/notebooks/processed-images/processed_images/1. Healthy/Healthy-25-img-3_nobg.png,/home/drnguyenvinh/notebooks/processed-images/processed_images/1. Healthy/Healthy-25-img-3_nobg.png,1. Healthy/Healthy-25-img-3_nobg.png,Healthy-25-img-3_nobg.png,1. Healthy,1. Healthy,Healthy,Healthy,0,0,Healthy-25,1. Healthy::Healthy-25,parsed,Healthy-25-img-3,True,,967308,61a9092fe32c54cfaf46b4d2f59f1a3a,train
/home/drnguyenvinh/notebooks/processed-images/processed_images/1. Healthy/Healthy-27-img-1_nobg.png,/home/drnguyenvinh/notebooks/processed-images/processed_images/1. Healthy/Healthy-27-img-1_nobg.png,1. Healthy/Healthy-27-img-1_nobg.png,Healthy-27-img-1_nobg.png,1. Healthy,1. Healthy,Healthy,Healthy,0,0,Healthy-27,1. Healthy::Healthy-27,parsed,Healthy-27-img-1,True,,1416798,63f1f9818a59961810beb1066b90e167,train
/home/drnguyenvinh/notebooks/processed-images/processed_images/1. Healthy/Healthy-27-img-2_nobg.png,/home/drnguyenvinh/notebooks/processed-images/processed_images/1. Healthy/Healthy-27-img-2_nobg.png,1. Healthy/Healthy-27-img-2_nobg.png,Healthy-27-img-2_nobg.png,1. Healthy,1. Healthy,Healthy,Healthy,0,0,Healthy-27,1. Healthy::Healthy-27,parsed,Healthy-27-img-2,True,,1250365,78b50378b5a035654a8ea6ddfed2601f,train
/home/drnguyenvinh/notebooks/processed-images/processed_images/1. Healthy/Healthy-27-img-3_nobg.png,/home/drnguyenvinh/notebooks/processed-images/processed_images/1. Healthy/Healthy-27-img-3_nobg.png,1. Healthy/Healthy-27-img-3_nobg.png,Healthy-27-img-3_nobg.png,1. Healthy,1. Healthy,Healthy,Healthy,0,0,Healthy-27,1. Healthy::Healthy-27,parsed,Healthy-27-img-3,True,,1272428,6c4da55b79c74c945234a93ed6e0bbe8,train
/home/drnguyenvinh/notebooks/processed-images/processed_images/1. Healthy/Healthy-29-img-1_nobg.png,/home/drnguyenvinh/notebooks/processed-images/processed_images/1. Healthy/Healthy-29-img-1_nobg.png,1. Healthy/Healthy-29-img-1_nobg.png,Healthy-29-img-1_nobg.png,1. Healthy,1. Healthy,Healthy,Healthy,0,0,Healthy-29,1. Healthy::Healthy-29,parsed,Healthy-29-img-1,True,,1160943,3237028659c1c6b0a2340b0e866ecfea,train
/home/drnguyenvinh/notebooks/processed-images/processed_images/1. Healthy/Healthy-29-img-2_nobg.png,/home/drnguyenvinh/notebooks/processed-images/processed_images/1. Healthy/Healthy-29-img-2_nobg.png,1. Healthy/Healthy-29-img-2_nobg.png,Healthy-29-img-2_nobg.png,1. Healthy,1. Healthy,Healthy,Healthy,0,0,Healthy-29,1. Healthy::Healthy-29,parsed,Healthy-29-img-2,True,,1267458,6384124ae51226be9280c24071d59e60,train
/home/drnguyenvinh/notebooks/processed-images/processed_images/1. Healthy/Healthy-29-img-3_nobg.png,/home/drnguyenvinh/notebooks/processed-images/processed_images/1. Healthy/Healthy-29-img-3_nobg.png,1. Healthy/Healthy-29-img-3_nobg.png,Healthy-29-img-3_nobg.png,1. Healthy,1. Healthy,Healthy,Healthy,0,0,Healthy-29,1. Healthy::Healthy-29,parsed,Healthy-29-img-3,True,,1314587,8cced861f112ccd796f29355e04943e1,train
/home/drnguyenvinh/notebooks/processed-images/processed_images/1. Healthy/Healthy-3-img-1_nobg.png,/home/drnguyenvinh/notebooks/processed-images/processed_images/1. Healthy/Healthy-3-img-1_nobg.png,1. Healthy/Healthy-3-img-1_nobg.png,Healthy-3-img-1_nobg.png,1. Healthy,1. Healthy,Healthy,Healthy,0,0,Healthy-3,1. Healthy::Healthy-3,parsed,Healthy-3-img-1,True,,989420,3a62292bca522821676c31536f425a86,train
/home/drnguyenvinh/notebooks/processed-images/processed_images/1. Healthy/Healthy-3-img-2_nobg.png,/home/drnguyenvinh/notebooks/processed-images/processed_images/1. Healthy/Healthy-3-img-2_nobg.png,1. Healthy/Healthy-3-img-2_nobg.png,Healthy-3-img-2_nobg.png,1. Healthy,1. Healthy,Healthy,Healthy,0,0,Healthy-3,1. Healthy::Healthy-3,parsed,Healthy-3-img-2,True,,1148840,fe44817bef9bf6bf589a39ffd84631ee,train
/home/drnguyenvinh/notebooks/processed-images/processed_images/1. Healthy/Healthy-3-img-3_nobg.png,/home/drnguyenvinh/notebooks/processed-images/processed_images/1. Healthy/Healthy-3-img-3_nobg.png,1. Healthy/Healthy-3-img-3_nobg.png,Healthy-3-img-3_nobg.png,1. Healthy,1. Healthy,Healthy,Healthy,0,0,Healthy-3,1. Healthy::Healthy-3,parsed,Healthy-3-img-3,True,,1170602,e52cc845efc7fd40f74e01389fb4a165,train
/home/drnguyenvinh/notebooks/processed-images/processed_images/1. Healthy/Healthy-30-img-1_nobg.png,/home/drnguyenvinh/notebooks/processed-images/processed_images/1. Healthy/Healthy-30-img-1_nobg.png,1. Healthy/Healthy-30-img-1_nobg.png,Healthy-30-img-1_nobg.png,1. Healthy,1. Healthy,Healthy,Healthy,0,0,Healthy-30,1. Healthy::Healthy-30,parsed,Healthy-30-img-1,True,,1075455,3a54ea0b3ac3ebd9533b48ffd7faecec,train
/home/drnguyenvinh/notebooks/processed-images/processed_images/1. Healthy/Healthy-31-img-1_nobg.png,/home/drnguyenvinh/notebooks/processed-images/processed_images/1. Healthy/Healthy-31-img-1_nobg.png,1. Healthy/Healthy-31-img-1_nobg.png,Healthy-31-img-1_nobg.png,1. Healthy,1. Healthy,Healthy,Healthy,0,0,Healthy-31,1. Healthy::Healthy-31,parsed,Healthy-31-img-1,True,,1076788,83893cd93345548bc2cd4e5b05ff4451,train
/home/drnguyenvinh/notebooks/processed-images/processed_images/1. Healthy/Healthy-31-img-2_nobg.png,/home/drnguyenvinh/notebooks/processed-images/processed_images/1. Healthy/Healthy-31-img-2_nobg.png,1. Healthy/Healthy-31-img-2_nobg.png,Healthy-31-img-2_nobg.png,1. Healthy,1. Healthy,Healthy,Healthy,0,0,Healthy-31,1. Healthy::Healthy-31,parsed,Healthy-31-img-2,True,,1156537,80206e5494441a70ec09015c94153d7c,train
/home/drnguyenvinh/notebooks/processed-images/processed_images/1. Healthy/Healthy-31-img-3_nobg.png,/home/drnguyenvinh/notebooks/processed-images/processed_images/1. Healthy/Healthy-31-img-3_nobg.png,1. Healthy/Healthy-31-img-3_nobg.png,Healthy-31-img-3_nobg.png,1. Healthy,1. Healthy,Healthy,Healthy,0,0,Healthy-31,1. Healthy::Healthy-31,parsed,Healthy-31-img-3,True,,1045562,f430ad1b9bfd8ed519b485a71e0c32b3,train
/home/drnguyenvinh/notebooks/processed-images/processed_images/1. Healthy/Healthy-32-img-1_nobg.png,/home/drnguyenvinh/notebooks/processed-images/processed_images/1. Healthy/Healthy-32-img-1_nobg.png,1. Healthy/Healthy-32-img-1_nobg.png,Healthy-32-img-1_nobg.png,1. Healthy,1. Healthy,Healthy,Healthy,0,0,Healthy-32,1. Healthy::Healthy-32,parsed,Healthy-32-img-1,True,,1040072,ea46e22887d0b999638ed481a78759f1,train
/home/drnguyenvinh/notebooks/processed-images/processed_images/1. Healthy/Healthy-32-img-2_nobg.png,/home/drnguyenvinh/notebooks/processed-images/processed_images/1. Healthy/Healthy-32-img-2_nobg.png,1. Healthy/Healthy-32-img-2_nobg.png,Healthy-32-img-2_nobg.png,1. Healthy,1. Healthy,Healthy,Healthy,0,0,Healthy-32,1. Healthy::Healthy-32,parsed,Healthy-32-img-2,True,,1074469,e7a1728025a718eb4dc6ee78220fc0d5,train
/home/drnguyenvinh/notebooks/processed-images/processed_images/1. Healthy/Healthy-32-img-3_nobg.png,/home/drnguyenvinh/notebooks/processed-images/processed_images/1. Healthy/Healthy-32-img-3_nobg.png,1. Healthy/Healthy-32-img-3_nobg.png,Healthy-32-img-3_nobg.png,1. Healthy,1. Healthy,Healthy,Healthy,0,0,Healthy-32,1. Healthy::Healthy-32,parsed,Healthy-32-img-3,True,,1113000,56f8a67db3b68e207dd72b363c260d09,train
/home/drnguyenvinh/notebooks/processed-images/processed_images/1. Healthy/Healthy-33-img-1_nobg.png,/home/drnguyenvinh/notebooks/processed-images/processed_images/1. Healthy/Healthy-33-img-1_nobg.png,1. Healthy/Healthy-33-img-1_nobg.png,Healthy-33-img-1_nobg.png,1. Healthy,1. Healthy,Healthy,Healthy,0,0,Healthy-33,1. Healthy::Healthy-33,parsed,Healthy-33-img-1,True,,1112596,8dce13426ee913b6d7c2b600962ac8dd,train
/home/drnguyenvinh/notebooks/processed-images/processed_images/1. Healthy/Healthy-33-img-2_nobg.png,/home/drnguyenvinh/notebooks/processed-images/processed_images/1. Healthy/Healthy-33-img-2_nobg.png,1. Healthy/Healthy-33-img-2_nobg.png,Healthy-33-img-2_nobg.png,1. Healthy,1. Healthy,Healthy,Healthy,0,0,Healthy-33,1. Healthy::Healthy-33,parsed,Healthy-33-img-2,True,,1099869,8320fd1984bcfdc493734f6f5500311f,train
/home/drnguyenvinh/notebooks/processed-images/processed_images/1. Healthy/Healthy-33-img-3_nobg.png,/home/drnguyenvinh/notebooks/processed-images/processed_images/1. Healthy/Healthy-33-img-3_nobg.png,1. Healthy/Healthy-33-img-3_nobg.png,Healthy-33-img-3_nobg.png,1. Healthy,1. Healthy,Healthy,Healthy,0,0,Healthy-33,1. Healthy::Healthy-33,parsed,Healthy-33-img-3,True,,915401,9ff5fb21ea68d7aca22886d12fa081cb,train
/home/drnguyenvinh/notebooks/processed-images/processed_images/1. Healthy/Healthy-34-img-1_nobg.png,/home/drnguyenvinh/notebooks/processed-images/processed_images/1. Healthy/Healthy-34-img-1_nobg.png,1. Healthy/Healthy-34-img-1_nobg.png,Healthy-34-img-1_nobg.png,1. Healthy,1. Healthy,Healthy,Healthy,0,0,Healthy-34,1. Healthy::Healthy-34,parsed,Healthy-34-img-1,True,,1152024,a590fde1e6d569641c21a7371a0a378e,train
/home/drnguyenvinh/notebooks/processed-images/processed_images/1. Healthy/Healthy-34-img-2_nobg.png,/home/drnguyenvinh/notebooks/processed-images/processed_images/1. Healthy/Healthy-34-img-2_nobg.png,1. Healthy/Healthy-34-img-2_nobg.png,Healthy-34-img-2_nobg.png,1. Healthy,1. Healthy,Healthy,Healthy,0,0,Healthy-34,1. Healthy::Healthy-34,parsed,Healthy-34-img-2,True,,1201631,983a8406990060f9316a5856f790923b,train
/home/drnguyenvinh/notebooks/processed-images/processed_images/1. Healthy/Healthy-34-img-3_nobg.png,/home/drnguyenvinh/notebooks/processed-images/processed_images/1. Healthy/Healthy-34-img-3_nobg.png,1. Healthy/Healthy-34-img-3_nobg.png,Healthy-34-img-3_nobg.png,1. Healthy,1. Healthy,Healthy,Healthy,0,0,Healthy-34,1. Healthy::Healthy-34,parsed,Healthy-34-img-3,True,,1092009,ac49159b6864802dd4ae08282139b7c2,train
/home/drnguyenvinh/notebooks/processed-images/processed_images/1. Healthy/Healthy-36-img-1_nobg.png,/home/drnguyenvinh/notebooks/processed-images/processed_images/1. Healthy/Healthy-36-img-1_nobg.png,1. Healthy/Healthy-36-img-1_nobg.png,Healthy-36-img-1_nobg.png,1. Healthy,1. Healthy,Healthy,Healthy,0,0,Healthy-36,1. Healthy::Healthy-36,parsed,Healthy-36-img-1,True,,1327157,619e2446ec0dfcca6db65fbd96af2cb3,train
/home/drnguyenvinh/notebooks/processed-images/processed_images/1. Healthy/Healthy-36-img-2_nobg.png,/home/drnguyenvinh/notebooks/processed-images/processed_images/1. Healthy/Healthy-36-img-2_nobg.png,1. Healthy/Healthy-36-img-2_nobg.png,Healthy-36-img-2_nobg.png,1. Healthy,1. Healthy,Healthy,Healthy,0,0,Healthy-36,1. Healthy::Healthy-36,parsed,Healthy-36-img-2,True,,1728507,9ae963f6b5a293fb722fb3ff201eff59,train
/home/drnguyenvinh/notebooks/processed-images/processed_images/1. Healthy/Healthy-36-img-3_nobg.png,/home/drnguyenvinh/notebooks/processed-images/processed_images/1. Healthy/Healthy-36-img-3_nobg.png,1. Healthy/Healthy-36-img-3_nobg.png,Healthy-36-img-3_nobg.png,1. Healthy,1. Healthy,Healthy,Healthy,0,0,Healthy-36,1. Healthy::Healthy-36,parsed,Healthy-36-img-3,True,,1270810,85adeec4c4b514bb1a0fec07c056f4bb,train
/home/drnguyenvinh/notebooks/processed-images/processed_images/1. Healthy/Healthy-37-img-1_nobg.png,/home/drnguyenvinh/notebooks/processed-images/processed_images/1. Healthy/Healthy-37-img-1_nobg.png,1. Healthy/Healthy-37-img-1_nobg.png,Healthy-37-img-1_nobg.png,1. Healthy,1. Healthy,Healthy,Healthy,0,0,Healthy-37,1. Healthy::Healthy-37,parsed,Healthy-37-img-1,True,,1406843,1f12c55e2d6469f873d1baef77560755,train
/home/drnguyenvinh/notebooks/processed-images/processed_images/1. Healthy/Healthy-37-img-2_nobg.png,/home/drnguyenvinh/notebooks/processed-images/processed_images/1. Healthy/Healthy-37-img-2_nobg.png,1. Healthy/Healthy-37-img-2_nobg.png,Healthy-37-img-2_nobg.png,1. Healthy,1. Healthy,Healthy,Healthy,0,0,Healthy-37,1. Healthy::Healthy-37,parsed,Healthy-37-img-2,True,,1346837,4e28c314a4cfcb23a026abe4ee20a613,train
/home/drnguyenvinh/notebooks/processed-images/processed_images/1. Healthy/Healthy-37-img-3_nobg.png,/home/drnguyenvinh/notebooks/processed-images/processed_images/1. Healthy/Healthy-37-img-3_nobg.png,1. Healthy/Healthy-37-img-3_nobg.png,Healthy-37-img-3_nobg.png,1. Healthy,1. Healthy,Healthy,Healthy,0,0,Healthy-37,1. Healthy::Healthy-37,parsed,Healthy-37-img-3,True,,1199784,d2355d3c032b0798e63abb1809b566e2,train
/home/drnguyenvinh/notebooks/processed-images/processed_images/1. Healthy/Healthy-4-img-1_nobg.png,/home/drnguyenvinh/notebooks/processed-images/processed_images/1. Healthy/Healthy-4-img-1_nobg.png,1. Healthy/Healthy-4-img-1_nobg.png,Healthy-4-img-1_nobg.png,1. Healthy,1. Healthy,Healthy,Healthy,0,0,Healthy-4,1. Healthy::Healthy-4,parsed,Healthy-4-img-1,True,,852105,a905c310a77f6744947ff94416d8d31a,train
/home/drnguyenvinh/notebooks/processed-images/processed_images/1. Healthy/Healthy-4-img-2_nobg.png,/home/drnguyenvinh/notebooks/processed-images/processed_images/1. Healthy/Healthy-4-img-2_nobg.png,1. Healthy/Healthy-4-img-2_nobg.png,Healthy-4-img-2_nobg.png,1. Healthy,1. Healthy,Healthy,Healthy,0,0,Healthy-4,1. Healthy::Healthy-4,parsed,Healthy-4-img-2,True,,837508,96219cbd32af1f17ef0eaaad17158882,train
/home/drnguyenvinh/notebooks/processed-images/processed_images/1. Healthy/Healthy-4-img-3_nobg.png,/home/drnguyenvinh/notebooks/processed-images/processed_images/1. Healthy/Healthy-4-img-3_nobg.png,1. Healthy/Healthy-4-img-3_nobg.png,Healthy-4-img-3_nobg.png,1. Healthy,1. Healthy,Healthy,Healthy,0,0,Healthy-4,1. Healthy::Healthy-4,parsed,Healthy-4-img-3,True,,959754,a2927287c92a15dbda942addc96f21b3,train
/home/drnguyenvinh/notebooks/processed-images/processed_images/1. Healthy/Healthy-40-img-1_nobg.png,/home/drnguyenvinh/notebooks/processed-images/processed_images/1. Healthy/Healthy-40-img-1_nobg.png,1. Healthy/Healthy-40-img-1_nobg.png,Healthy-40-img-1_nobg.png,1. Healthy,1. Healthy,Healthy,Healthy,0,0,Healthy-40,1. Healthy::Healthy-40,parsed,Healthy-40-img-1,True,,843874,77f0d9649dc7bd82ce7ea6ebcad49538,train
/home/drnguyenvinh/notebooks/processed-images/processed_images/1. Healthy/Healthy-40-img-2_nobg.png,/home/drnguyenvinh/notebooks/processed-images/processed_images/1. Healthy/Healthy-40-img-2_nobg.png,1. Healthy/Healthy-40-img-2_nobg.png,Healthy-40-img-2_nobg.png,1. Healthy,1. Healthy,Healthy,Healthy,0,0,Healthy-40,1. Healthy::Healthy-40,parsed,Healthy-40-img-2,True,,938082,6edc9e58aab5d6b0c627f664c0f50cfb,train
/home/drnguyenvinh/notebooks/processed-images/processed_images/1. Healthy/Healthy-40-img-3_nobg.png,/home/drnguyenvinh/notebooks/processed-images/processed_images/1. Healthy/Healthy-40-img-3_nobg.png,1. Healthy/Healthy-40-img-3_nobg.png,Healthy-40-img-3_nobg.png,1. Healthy,1. Healthy,Healthy,Healthy,0,0,Healthy-40,1. Healthy::Healthy-40,parsed,Healthy-40-img-3,True,,863412,7d121d777b0760b3f443de9d0f0e08bd,train
/home/drnguyenvinh/notebooks/processed-images/processed_images/1. Healthy/Healthy-41-img-1_nobg.png,/home/drnguyenvinh/notebooks/processed-images/processed_images/1. Healthy/Healthy-41-img-1_nobg.png,1. Healthy/Healthy-41-img-1_nobg.png,Healthy-41-img-1_nobg.png,1. Healthy,1. Healthy,Healthy,Healthy,0,0,Healthy-41,1. Healthy::Healthy-41,parsed,Healthy-41-img-1,True,,809697,6dba9f2edddab80258c50ea9a4e82887,train
/home/drnguyenvinh/notebooks/processed-images/processed_images/1. Healthy/Healthy-43-img-1_nobg.png,/home/drnguyenvinh/notebooks/processed-images/processed_images/1. Healthy/Healthy-43-img-1_nobg.png,1. Healthy/Healthy-43-img-1_nobg.png,Healthy-43-img-1_nobg.png,1. Healthy,1. Healthy,Healthy,Healthy,0,0,Healthy-43,1. Healthy::Healthy-43,parsed,Healthy-43-img-1,True,,892558,6e6a1ad1afc5584e8c45268e8ab004d4,train
/home/drnguyenvinh/notebooks/processed-images/processed_images/1. Healthy/Healthy-43-img-2_nobg.png,/home/drnguyenvinh/notebooks/processed-images/processed_images/1. Healthy/Healthy-43-img-2_nobg.png,1. Healthy/Healthy-43-img-2_nobg.png,Healthy-43-img-2_nobg.png,1. Healthy,1. Healthy,Healthy,Healthy,0,0,Healthy-43,1. Healthy::Healthy-43,parsed,Healthy-43-img-2,True,,715951,9d97db4f76aea6ef9d2d7f9744f8e404,train
/home/drnguyenvinh/notebooks/processed-images/processed_images/1. Healthy/Healthy-43-img-3_nobg.png,/home/drnguyenvinh/notebooks/processed-images/processed_images/1. Healthy/Healthy-43-img-3_nobg.png,1. Healthy/Healthy-43-img-3_nobg.png,Healthy-43-img-3_nobg.png,1. Healthy,1. Healthy,Healthy,Healthy,0,0,Healthy-43,1. Healthy::Healthy-43,parsed,Healthy-43-img-3,True,,868184,27c578bbfa08cb79b0fe47d59e3562e2,train
/home/drnguyenvinh/notebooks/processed-images/processed_images/1. Healthy/Healthy-44-img-1_nobg.png,/home/drnguyenvinh/notebooks/processed-images/processed_images/1. Healthy/Healthy-44-img-1_nobg.png,1. Healthy/Healthy-44-img-1_nobg.png,Healthy-44-img-1_nobg.png,1. Healthy,1. Healthy,Healthy,Healthy,0,0,Healthy-44,1. Healthy::Healthy-44,parsed,Healthy-44-img-1,True,,877442,22be7ccd6430d14596876e03a5a0faa9,train
/home/drnguyenvinh/notebooks/processed-images/processed_images/1. Healthy/Healthy-44-img-2_nobg.png,/home/drnguyenvinh/notebooks/processed-images/processed_images/1. Healthy/Healthy-44-img-2_nobg.png,1. Healthy/Healthy-44-img-2_nobg.png,Healthy-44-img-2_nobg.png,1. Healthy,1. Healthy,Healthy,Healthy,0,0,Healthy-44,1. Healthy::Healthy-44,parsed,Healthy-44-img-2,True,,938300,000bbd8f81ac2cc4a81c14b72c1318e9,train
/home/drnguyenvinh/notebooks/processed-images/processed_images/1. Healthy/Healthy-44-img-3_nobg.png,/home/drnguyenvinh/notebooks/processed-images/processed_images/1. Healthy/Healthy-44-img-3_nobg.png,1. Healthy/Healthy-44-img-3_nobg.png,Healthy-44-img-3_nobg.png,1. Healthy,1. Healthy,Healthy,Healthy,0,0,Healthy-44,1. Healthy::Healthy-44,parsed,Healthy-44-img-3,True,,1090283,2820624909cce02bf42348f9d6eb01bd,train
/home/drnguyenvinh/notebooks/processed-images/processed_images/1. Healthy/Healthy-45-img-1_nobg.png,/home/drnguyenvinh/notebooks/processed-images/processed_images/1. Healthy/Healthy-45-img-1_nobg.png,1. Healthy/Healthy-45-img-1_nobg.png,Healthy-45-img-1_nobg.png,1. Healthy,1. Healthy,Healthy,Healthy,0,0,Healthy-45,1. Healthy::Healthy-45,parsed,Healthy-45-img-1,True,,974911,a0d4d31d6a6cc97abf907e2b0868f49c,train
/home/drnguyenvinh/notebooks/processed-images/processed_images/1. Healthy/Healthy-45-img-2_nobg.png,/home/drnguyenvinh/notebooks/processed-images/processed_images/1. Healthy/Healthy-45-img-2_nobg.png,1. Healthy/Healthy-45-img-2_nobg.png,Healthy-45-img-2_nobg.png,1. Healthy,1. Healthy,Healthy,Healthy,0,0,Healthy-45,1. Healthy::Healthy-45,parsed,Healthy-45-img-2,True,,1040310,98c4bbb9679febd4580934ad0420f72b,train
/home/drnguyenvinh/notebooks/processed-images/processed_images/1. Healthy/Healthy-45-img-3_nobg.png,/home/drnguyenvinh/notebooks/processed-images/processed_images/1. Healthy/Healthy-45-img-3_nobg.png,1. Healthy/Healthy-45-img-3_nobg.png,Healthy-45-img-3_nobg.png,1. Healthy,1. Healthy,Healthy,Healthy,0,0,Healthy-45,1. Healthy::Healthy-45,parsed,Healthy-45-img-3,True,,1060016,af8d10dd9124a01cd82e7ba296c09a2a,train
/home/drnguyenvinh/notebooks/processed-images/processed_images/1. Healthy/Healthy-46-img-1_nobg.png,/home/drnguyenvinh/notebooks/processed-images/processed_images/1. Healthy/Healthy-46-img-1_nobg.png,1. Healthy/Healthy-46-img-1_nobg.png,Healthy-46-img-1_nobg.png,1. Healthy,1. Healthy,Healthy,Healthy,0,0,Healthy-46,1. Healthy::Healthy-46,parsed,Healthy-46-img-1,True,,765432,68a406b1a65f5c81abf888bb8722615c,train
/home/drnguyenvinh/notebooks/processed-images/processed_images/1. Healthy/Healthy-46-img-2_nobg.png,/home/drnguyenvinh/notebooks/processed-images/processed_images/1. Healthy/Healthy-46-img-2_nobg.png,1. Healthy/Healthy-46-img-2_nobg.png,Healthy-46-img-2_nobg.png,1. Healthy,1. Healthy,Healthy,Healthy,0,0,Healthy-46,1. Healthy::Healthy-46,parsed,Healthy-46-img-2,True,,705215,3e2bf5c59d7dea54118a4a250a49809e,train
/home/drnguyenvinh/notebooks/processed-images/processed_images/1. Healthy/Healthy-46-img-3_nobg.png,/home/drnguyenvinh/notebooks/processed-images/processed_images/1. Healthy/Healthy-46-img-3_nobg.png,1. Healthy/Healthy-46-img-3_nobg.png,Healthy-46-img-3_nobg.png,1. Healthy,1. Healthy,Healthy,Healthy,0,0,Healthy-46,1. Healthy::Healthy-46,parsed,Healthy-46-img-3,True,,610182,1b6ea7d7b178383245634d410b5e4145,train
/home/drnguyenvinh/notebooks/processed-images/processed_images/1. Healthy/Healthy-47-img-1_nobg.png,/home/drnguyenvinh/notebooks/processed-images/processed_images/1. Healthy/Healthy-47-img-1_nobg.png,1. Healthy/Healthy-47-img-1_nobg.png,Healthy-47-img-1_nobg.png,1. Healthy,1. Healthy,Healthy,Healthy,0,0,Healthy-47,1. Healthy::Healthy-47,parsed,Healthy-47-img-1,True,,810505,4eeadb1c920c7d1acbcb233793bf47d4,train
/home/drnguyenvinh/notebooks/processed-images/processed_images/1. Healthy/Healthy-47-img-2_nobg.png,/home/drnguyenvinh/notebooks/processed-images/processed_images/1. Healthy/Healthy-47-img-2_nobg.png,1. Healthy/Healthy-47-img-2_nobg.png,Healthy-47-img-2_nobg.png,1. Healthy,1. Healthy,Healthy,Healthy,0,0,Healthy-47,1. Healthy::Healthy-47,parsed,Healthy-47-img-2,True,,791232,da304831810d27471529a278248ee883,train
/home/drnguyenvinh/notebooks/processed-images/processed_images/1. Healthy/Healthy-47-img-3_nobg.png,/home/drnguyenvinh/notebooks/processed-images/processed_images/1. Healthy/Healthy-47-img-3_nobg.png,1. Healthy/Healthy-47-img-3_nobg.png,Healthy-47-img-3_nobg.png,1. Healthy,1. Healthy,Healthy,Healthy,0,0,Healthy-47,1. Healthy::Healthy-47,parsed,Healthy-47-img-3,True,,939728,6bee9b5eb4c29f9a1b5de0c23c65b3e3,train
/home/drnguyenvinh/notebooks/processed-images/processed_images/1. Healthy/Healthy-48-img-1_nobg.png,/home/drnguyenvinh/notebooks/processed-images/processed_images/1. Healthy/Healthy-48-img-1_nobg.png,1. Healthy/Healthy-48-img-1_nobg.png,Healthy-48-img-1_nobg.png,1. Healthy,1. Healthy,Healthy,Healthy,0,0,Healthy-48,1. Healthy::Healthy-48,parsed,Healthy-48-img-1,True,,988621,153154499b03f4d5a9acd34bc0b8dead,train
/home/drnguyenvinh/notebooks/processed-images/processed_images/1. Healthy/Healthy-48-img-2_nobg.png,/home/drnguyenvinh/notebooks/processed-images/processed_images/1. Healthy/Healthy-48-img-2_nobg.png,1. Healthy/Healthy-48-img-2_nobg.png,Healthy-48-img-2_nobg.png,1. Healthy,1. Healthy,Healthy,Healthy,0,0,Healthy-48,1. Healthy::Healthy-48,parsed,Healthy-48-img-2,True,,1000690,bce0d6f2c87ffbbc6eb49c4ced921e4d,train
/home/drnguyenvinh/notebooks/processed-images/processed_images/1. Healthy/Healthy-48-img-3_nobg.png,/home/drnguyenvinh/notebooks/processed-images/processed_images/1. Healthy/Healthy-48-img-3_nobg.png,1. Healthy/Healthy-48-img-3_nobg.png,Healthy-48-img-3_nobg.png,1. Healthy,1. Healthy,Healthy,Healthy,0,0,Healthy-48,1. Healthy::Healthy-48,parsed,Healthy-48-img-3,True,,1008037,167932f8500700c2c884879eb7631b99,train
/home/drnguyenvinh/notebooks/processed-images/processed_images/1. Healthy/Healthy-49-img-1_nobg.png,/home/drnguyenvinh/notebooks/processed-images/processed_images/1. Healthy/Healthy-49-img-1_nobg.png,1. Healthy/Healthy-49-img-1_nobg.png,Healthy-49-img-1_nobg.png,1. Healthy,1. Healthy,Healthy,Healthy,0,0,Healthy-49,1. Healthy::Healthy-49,parsed,Healthy-49-img-1,True,,1153261,b5812ba5b5c2b90b4e6a5d39b40df938,train
/home/drnguyenvinh/notebooks/processed-images/processed_images/1. Healthy/Healthy-49-img-2_nobg.png,/home/drnguyenvinh/notebooks/processed-images/processed_images/1. Healthy/Healthy-49-img-2_nobg.png,1. Healthy/Healthy-49-img-2_nobg.png,Healthy-49-img-2_nobg.png,1. Healthy,1. Healthy,Healthy,Healthy,0,0,Healthy-49,1. Healthy::Healthy-49,parsed,Healthy-49-img-2,True,,1172685,7567271bb64deb5cd8b3d0b3a3f6300b,train
/home/drnguyenvinh/notebooks/processed-images/processed_images/1. Healthy/Healthy-49-img-3_nobg.png,/home/drnguyenvinh/notebooks/processed-images/processed_images/1. Healthy/Healthy-49-img-3_nobg.png,1. Healthy/Healthy-49-img-3_nobg.png,Healthy-49-img-3_nobg.png,1. Healthy,1. Healthy,Healthy,Healthy,0,0,Healthy-49,1. Healthy::Healthy-49,parsed,Healthy-49-img-3,True,,1118116,cb8c98dc2224a65590024aa31c5c39fe,train
/home/drnguyenvinh/notebooks/processed-images/processed_images/1. Healthy/Healthy-51-img-1_nobg.png,/home/drnguyenvinh/notebooks/processed-images/processed_images/1. Healthy/Healthy-51-img-1_nobg.png,1. Healthy/Healthy-51-img-1_nobg.png,Healthy-51-img-1_nobg.png,1. Healthy,1. Healthy,Healthy,Healthy,0,0,Healthy-51,1. Healthy::Healthy-51,parsed,Healthy-51-img-1,True,,1352835,5f50443e5d7142eb3e7cb7f28a0bd802,train
/home/drnguyenvinh/notebooks/processed-images/processed_images/1. Healthy/Healthy-51-img-2_nobg.png,/home/drnguyenvinh/notebooks/processed-images/processed_images/1. Healthy/Healthy-51-img-2_nobg.png,1. Healthy/Healthy-51-img-2_nobg.png,Healthy-51-img-2_nobg.png,1. Healthy,1. Healthy,Healthy,Healthy,0,0,Healthy-51,1. Healthy::Healthy-51,parsed,Healthy-51-img-2,True,,1329807,bc7d797e52008651d2e686d5516e4212,train
/home/drnguyenvinh/notebooks/processed-images/processed_images/1. Healthy/Healthy-51-img-3_nobg.png,/home/drnguyenvinh/notebooks/processed-images/processed_images/1. Healthy/Healthy-51-img-3_nobg.png,1. Healthy/Healthy-51-img-3_nobg.png,Healthy-51-img-3_nobg.png,1. Healthy,1. Healthy,Healthy,Healthy,0,0,Healthy-51,1. Healthy::Healthy-51,parsed,Healthy-51-img-3,True,,913588,7746631873180e61014054d88b320f3a,train
/home/drnguyenvinh/notebooks/processed-images/processed_images/1. Healthy/Healthy-55-img-1_nobg.png,/home/drnguyenvinh/notebooks/processed-images/processed_images/1. Healthy/Healthy-55-img-1_nobg.png,1. Healthy/Healthy-55-img-1_nobg.png,Healthy-55-img-1_nobg.png,1. Healthy,1. Healthy,Healthy,Healthy,0,0,Healthy-55,1. Healthy::Healthy-55,parsed,Healthy-55-img-1,True,,782887,f96b727af0aaa588239cc9a07a6f7e82,train
/home/drnguyenvinh/notebooks/processed-images/processed_images/1. Healthy/Healthy-55-img-2_nobg.png,/home/drnguyenvinh/notebooks/processed-images/processed_images/1. Healthy/Healthy-55-img-2_nobg.png,1. Healthy/Healthy-55-img-2_nobg.png,Healthy-55-img-2_nobg.png,1. Healthy,1. Healthy,Healthy,Healthy,0,0,Healthy-55,1. Healthy::Healthy-55,parsed,Healthy-55-img-2,True,,796641,017c55049258423da94461d3d2651f62,train
/home/drnguyenvinh/notebooks/processed-images/processed_images/1. Healthy/Healthy-55-img-3_nobg.png,/home/drnguyenvinh/notebooks/processed-images/processed_images/1. Healthy/Healthy-55-img-3_nobg.png,1. Healthy/Healthy-55-img-3_nobg.png,Healthy-55-img-3_nobg.png,1. Healthy,1. Healthy,Healthy,Healthy,0,0,Healthy-55,1. Healthy::Healthy-55,parsed,Healthy-55-img-3,True,,745723,a28261dc1dde4d698b0bc4ad4ff043ee,train
/home/drnguyenvinh/notebooks/processed-images/processed_images/1. Healthy/Healthy-56-img-1_nobg.png,/home/drnguyenvinh/notebooks/processed-images/processed_images/1. Healthy/Healthy-56-img-1_nobg.png,1. Healthy/Healthy-56-img-1_nobg.png,Healthy-56-img-1_nobg.png,1. Healthy,1. Healthy,Healthy,Healthy,0,0,Healthy-56,1. Healthy::Healthy-56,parsed,Healthy-56-img-1,True,,1133226,b49eddf07e5036c56c2cdf32671693d5,train
/home/drnguyenvinh/notebooks/processed-images/processed_images/1. Healthy/Healthy-56-img-2_nobg.png,/home/drnguyenvinh/notebooks/processed-images/processed_images/1. Healthy/Healthy-56-img-2_nobg.png,1. Healthy/Healthy-56-img-2_nobg.png,Healthy-56-img-2_nobg.png,1. Healthy,1. Healthy,Healthy,Healthy,0,0,Healthy-56,1. Healthy::Healthy-56,parsed,Healthy-56-img-2,True,,1013855,7c8154059c6436ef9637c71ec262e3bc,train
/home/drnguyenvinh/notebooks/processed-images/processed_images/1. Healthy/Healthy-56-img-3_nobg.png,/home/drnguyenvinh/notebooks/processed-images/processed_images/1. Healthy/Healthy-56-img-3_nobg.png,1. Healthy/Healthy-56-img-3_nobg.png,Healthy-56-img-3_nobg.png,1. Healthy,1. Healthy,Healthy,Healthy,0,0,Healthy-56,1. Healthy::Healthy-56,parsed,Healthy-56-img-3,True,,1100487,59ea3b76c1e82ebd268cab5228ae4dee,train
/home/drnguyenvinh/notebooks/processed-images/processed_images/1. Healthy/Healthy-57-img-1_nobg.png,/home/drnguyenvinh/notebooks/processed-images/processed_images/1. Healthy/Healthy-57-img-1_nobg.png,1. Healthy/Healthy-57-img-1_nobg.png,Healthy-57-img-1_nobg.png,1. Healthy,1. Healthy,Healthy,Healthy,0,0,Healthy-57,1. Healthy::Healthy-57,parsed,Healthy-57-img-1,True,,957754,f3d793b340c847c98a9e0590f57d547d,train
/home/drnguyenvinh/notebooks/processed-images/processed_images/1. Healthy/Healthy-57-img-2_nobg.png,/home/drnguyenvinh/notebooks/processed-images/processed_images/1. Healthy/Healthy-57-img-2_nobg.png,1. Healthy/Healthy-57-img-2_nobg.png,Healthy-57-img-2_nobg.png,1. Healthy,1. Healthy,Healthy,Healthy,0,0,Healthy-57,1. Healthy::Healthy-57,parsed,Healthy-57-img-2,True,,1018079,bb94163b1e335400b2b4dbf310f11e0e,train
/home/drnguyenvinh/notebooks/processed-images/processed_images/1. Healthy/Healthy-57-img-3_nobg.png,/home/drnguyenvinh/notebooks/processed-images/processed_images/1. Healthy/Healthy-57-img-3_nobg.png,1. Healthy/Healthy-57-img-3_nobg.png,Healthy-57-img-3_nobg.png,1. Healthy,1. Healthy,Healthy,Healthy,0,0,Healthy-57,1. Healthy::Healthy-57,parsed,Healthy-57-img-3,True,,843282,d7ddd1bd2d99b9d3fc3eebc42fc56ea5,train
/home/drnguyenvinh/notebooks/processed-images/processed_images/1. Healthy/Healthy-58-img-1_nobg.png,/home/drnguyenvinh/notebooks/processed-images/processed_images/1. Healthy/Healthy-58-img-1_nobg.png,1. Healthy/Healthy-58-img-1_nobg.png,Healthy-58-img-1_nobg.png,1. Healthy,1. Healthy,Healthy,Healthy,0,0,Healthy-58,1. Healthy::Healthy-58,parsed,Healthy-58-img-1,True,,1033715,519614499d28be9f3dbb74326032f7f8,train
/home/drnguyenvinh/notebooks/processed-images/processed_images/1. Healthy/Healthy-58-img-2_nobg.png,/home/drnguyenvinh/notebooks/processed-images/processed_images/1. Healthy/Healthy-58-img-2_nobg.png,1. Healthy/Healthy-58-img-2_nobg.png,Healthy-58-img-2_nobg.png,1. Healthy,1. Healthy,Healthy,Healthy,0,0,Healthy-58,1. Healthy::Healthy-58,parsed,Healthy-58-img-2,True,,759487,314bde2082b0876dcd9868d29091e88a,train
/home/drnguyenvinh/notebooks/processed-images/processed_images/1. Healthy/Healthy-58-img-3_nobg.png,/home/drnguyenvinh/notebooks/processed-images/processed_images/1. Healthy/Healthy-58-img-3_nobg.png,1. Healthy/Healthy-58-img-3_nobg.png,Healthy-58-img-3_nobg.png,1. Healthy,1. Healthy,Healthy,Healthy,0,0,Healthy-58,1. Healthy::Healthy-58,parsed,Healthy-58-img-3,True,,950335,62c01d649ac1e1a72c3e570adf6f79b2,train
/home/drnguyenvinh/notebooks/processed-images/processed_images/1. Healthy/Healthy-59-img-1_nobg.png,/home/drnguyenvinh/notebooks/processed-images/processed_images/1. Healthy/Healthy-59-img-1_nobg.png,1. Healthy/Healthy-59-img-1_nobg.png,Healthy-59-img-1_nobg.png,1. Healthy,1. Healthy,Healthy,Healthy,0,0,Healthy-59,1. Healthy::Healthy-59,parsed,Healthy-59-img-1,True,,1011819,6f846254f7ae320a093d296ce05be3b2,train
/home/drnguyenvinh/notebooks/processed-images/processed_images/1. Healthy/Healthy-59-img-2_nobg.png,/home/drnguyenvinh/notebooks/processed-images/processed_images/1. Healthy/Healthy-59-img-2_nobg.png,1. Healthy/Healthy-59-img-2_nobg.png,Healthy-59-img-2_nobg.png,1. Healthy,1. Healthy,Healthy,Healthy,0,0,Healthy-59,1. Healthy::Healthy-59,parsed,Healthy-59-img-2,True,,1025995,7305b99c1580eb68363ed265aad735ad,train
/home/drnguyenvinh/notebooks/processed-images/processed_images/1. Healthy/Healthy-59-img-3_nobg.png,/home/drnguyenvinh/notebooks/processed-images/processed_images/1. Healthy/Healthy-59-img-3_nobg.png,1. Healthy/Healthy-59-img-3_nobg.png,Healthy-59-img-3_nobg.png,1. Healthy,1. Healthy,Healthy,Healthy,0,0,Healthy-59,1. Healthy::Healthy-59,parsed,Healthy-59-img-3,True,,1095281,c5f4fd532d35a35559575579665a1207,train
/home/drnguyenvinh/notebooks/processed-images/processed_images/1. Healthy/Healthy-6-img-1_nobg.png,/home/drnguyenvinh/notebooks/processed-images/processed_images/1. Healthy/Healthy-6-img-1_nobg.png,1. Healthy/Healthy-6-img-1_nobg.png,Healthy-6-img-1_nobg.png,1. Healthy,1. Healthy,Healthy,Healthy,0,0,Healthy-6,1. Healthy::Healthy-6,parsed,Healthy-6-img-1,True,,871782,5dd3bb3c576629ad1e2163542a99c7eb,train
/home/drnguyenvinh/notebooks/processed-images/processed_images/1. Healthy/Healthy-6-img-2_nobg.png,/home/drnguyenvinh/notebooks/processed-images/processed_images/1. Healthy/Healthy-6-img-2_nobg.png,1. Healthy/Healthy-6-img-2_nobg.png,Healthy-6-img-2_nobg.png,1. Healthy,1. Healthy,Healthy,Healthy,0,0,Healthy-6,1. Healthy::Healthy-6,parsed,Healthy-6-img-2,True,,763059,16536a6ea3c94f1ea0b60decf947ed58,train
/home/drnguyenvinh/notebooks/processed-images/processed_images/1. Healthy/Healthy-6-img-3_nobg.png,/home/drnguyenvinh/notebooks/processed-images/processed_images/1. Healthy/Healthy-6-img-3_nobg.png,1. Healthy/Healthy-6-img-3_nobg.png,Healthy-6-img-3_nobg.png,1. Healthy,1. Healthy,Healthy,Healthy,0,0,Healthy-6,1. Healthy::Healthy-6,parsed,Healthy-6-img-3,True,,941091,c75472ac2501578d5bfd79fff72bdd3c,train
/home/drnguyenvinh/notebooks/processed-images/processed_images/1. Healthy/Healthy-61-img-1_nobg.png,/home/drnguyenvinh/notebooks/processed-images/processed_images/1. Healthy/Healthy-61-img-1_nobg.png,1. Healthy/Healthy-61-img-1_nobg.png,Healthy-61-img-1_nobg.png,1. Healthy,1. Healthy,Healthy,Healthy,0,0,Healthy-61,1. Healthy::Healthy-61,parsed,Healthy-61-img-1,True,,889583,42e6f2d514f7d672d996f7f1cd29f50d,train
/home/drnguyenvinh/notebooks/processed-images/processed_images/1. Healthy/Healthy-61-img-2_nobg.png,/home/drnguyenvinh/notebooks/processed-images/processed_images/1. Healthy/Healthy-61-img-2_nobg.png,1. Healthy/Healthy-61-img-2_nobg.png,Healthy-61-img-2_nobg.png,1. Healthy,1. Healthy,Healthy,Healthy,0,0,Healthy-61,1. Healthy::Healthy-61,parsed,Healthy-61-img-2,True,,1056385,5f4e64e6d12bad9b3fa70517ce2b9a39,train
/home/drnguyenvinh/notebooks/processed-images/processed_images/1. Healthy/Healthy-61-img-3_nobg.png,/home/drnguyenvinh/notebooks/processed-images/processed_images/1. Healthy/Healthy-61-img-3_nobg.png,1. Healthy/Healthy-61-img-3_nobg.png,Healthy-61-img-3_nobg.png,1. Healthy,1. Healthy,Healthy,Healthy,0,0,Healthy-61,1. Healthy::Healthy-61,parsed,Healthy-61-img-3,True,,1056213,219c0fca3e9b1aa86c9d5e5815170606,train
/home/drnguyenvinh/notebooks/processed-images/processed_images/1. Healthy/Healthy-62-img-1_nobg.png,/home/drnguyenvinh/notebooks/processed-images/processed_images/1. Healthy/Healthy-62-img-1_nobg.png,1. Healthy/Healthy-62-img-1_nobg.png,Healthy-62-img-1_nobg.png,1. Healthy,1. Healthy,Healthy,Healthy,0,0,Healthy-62,1. Healthy::Healthy-62,parsed,Healthy-62-img-1,True,,917513,261aa8bc3b137becfd6ca80ce7cf7763,train
/home/drnguyenvinh/notebooks/processed-images/processed_images/1. Healthy/Healthy-62-img-2_nobg.png,/home/drnguyenvinh/notebooks/processed-images/processed_images/1. Healthy/Healthy-62-img-2_nobg.png,1. Healthy/Healthy-62-img-2_nobg.png,Healthy-62-img-2_nobg.png,1. Healthy,1. Healthy,Healthy,Healthy,0,0,Healthy-62,1. Healthy::Healthy-62,parsed,Healthy-62-img-2,True,,986141,70d226bf70eaf453e69a8cb4507e528e,train
/home/drnguyenvinh/notebooks/processed-images/processed_images/1. Healthy/Healthy-62-img-3_nobg.png,/home/drnguyenvinh/notebooks/processed-images/processed_images/1. Healthy/Healthy-62-img-3_nobg.png,1. Healthy/Healthy-62-img-3_nobg.png,Healthy-62-img-3_nobg.png,1. Healthy,1. Healthy,Healthy,Healthy,0,0,Healthy-62,1. Healthy::Healthy-62,parsed,Healthy-62-img-3,True,,1036543,f2709ee78064196a74a7dbf2bbeb0d00,train
/home/drnguyenvinh/notebooks/processed-images/processed_images/1. Healthy/Healthy-66-img-1_nobg.png,/home/drnguyenvinh/notebooks/processed-images/processed_images/1. Healthy/Healthy-66-img-1_nobg.png,1. Healthy/Healthy-66-img-1_nobg.png,Healthy-66-img-1_nobg.png,1. Healthy,1. Healthy,Healthy,Healthy,0,0,Healthy-66,1. Healthy::Healthy-66,parsed,Healthy-66-img-1,True,,766638,7509585e53494fe53ca86ee26e05fb74,train
/home/drnguyenvinh/notebooks/processed-images/processed_images/1. Healthy/Healthy-66-img-2_nobg.png,/home/drnguyenvinh/notebooks/processed-images/processed_images/1. Healthy/Healthy-66-img-2_nobg.png,1. Healthy/Healthy-66-img-2_nobg.png,Healthy-66-img-2_nobg.png,1. Healthy,1. Healthy,Healthy,Healthy,0,0,Healthy-66,1. Healthy::Healthy-66,parsed,Healthy-66-img-2,True,,1087364,ff54e2b9ac4613f86e58ebcdcfe8d62d,train
/home/drnguyenvinh/notebooks/processed-images/processed_images/1. Healthy/Healthy-66-img-3_nobg.png,/home/drnguyenvinh/notebooks/processed-images/processed_images/1. Healthy/Healthy-66-img-3_nobg.png,1. Healthy/Healthy-66-img-3_nobg.png,Healthy-66-img-3_nobg.png,1. Healthy,1. Healthy,Healthy,Healthy,0,0,Healthy-66,1. Healthy::Healthy-66,parsed,Healthy-66-img-3,True,,955017,c11f5bcfa0bd6f9ed8f3e118273face5,train
/home/drnguyenvinh/notebooks/processed-images/processed_images/1. Healthy/Healthy-69-img-1_nobg.png,/home/drnguyenvinh/notebooks/processed-images/processed_images/1. Healthy/Healthy-69-img-1_nobg.png,1. Healthy/Healthy-69-img-1_nobg.png,Healthy-69-img-1_nobg.png,1. Healthy,1. Healthy,Healthy,Healthy,0,0,Healthy-69,1. Healthy::Healthy-69,parsed,Healthy-69-img-1,True,,1054026,21bd62b00d0807574e4abb3a75c24787,train
/home/drnguyenvinh/notebooks/processed-images/processed_images/1. Healthy/Healthy-69-img-2_nobg.png,/home/drnguyenvinh/notebooks/processed-images/processed_images/1. Healthy/Healthy-69-img-2_nobg.png,1. Healthy/Healthy-69-img-2_nobg.png,Healthy-69-img-2_nobg.png,1. Healthy,1. Healthy,Healthy,Healthy,0,0,Healthy-69,1. Healthy::Healthy-69,parsed,Healthy-69-img-2,True,,925040,af5e18268a1dd18d27b00f50ef651918,train
/home/drnguyenvinh/notebooks/processed-images/processed_images/1. Healthy/Healthy-69-img-3_nobg.png,/home/drnguyenvinh/notebooks/processed-images/processed_images/1. Healthy/Healthy-69-img-3_nobg.png,1. Healthy/Healthy-69-img-3_nobg.png,Healthy-69-img-3_nobg.png,1. Healthy,1. Healthy,Healthy,Healthy,0,0,Healthy-69,1. Healthy::Healthy-69,parsed,Healthy-69-img-3,True,,1091581,e96c61f973a5d26753bdc0fdc7fd1eb1,train
/home/drnguyenvinh/notebooks/processed-images/processed_images/1. Healthy/Healthy-7-img-1_nobg.png,/home/drnguyenvinh/notebooks/processed-images/processed_images/1. Healthy/Healthy-7-img-1_nobg.png,1. Healthy/Healthy-7-img-1_nobg.png,Healthy-7-img-1_nobg.png,1. Healthy,1. Healthy,Healthy,Healthy,0,0,Healthy-7,1. Healthy::Healthy-7,parsed,Healthy-7-img-1,True,,522138,04ea9be4e3ac12137a18724e9d2ee928,train
/home/drnguyenvinh/notebooks/processed-images/processed_images/1. Healthy/Healthy-7-img-2_nobg.png,/home/drnguyenvinh/notebooks/processed-images/processed_images/1. Healthy/Healthy-7-img-2_nobg.png,1. Healthy/Healthy-7-img-2_nobg.png,Healthy-7-img-2_nobg.png,1. Healthy,1. Healthy,Healthy,Healthy,0,0,Healthy-7,1. Healthy::Healthy-7,parsed,Healthy-7-img-2,True,,492726,02c49f60ea211c4711f75c4d36e5db36,train
/home/drnguyenvinh/notebooks/processed-images/processed_images/1. Healthy/Healthy-7-img-3_nobg.png,/home/drnguyenvinh/notebooks/processed-images/processed_images/1. Healthy/Healthy-7-img-3_nobg.png,1. Healthy/Healthy-7-img-3_nobg.png,Healthy-7-img-3_nobg.png,1. Healthy,1. Healthy,Healthy,Healthy,0,0,Healthy-7,1. Healthy::Healthy-7,parsed,Healthy-7-img-3,True,,744337,bd6da03bdeb257f0d23e4c23e5b55035,train
/home/drnguyenvinh/notebooks/processed-images/processed_images/1. Healthy/Healthy-70-img-1_nobg.png,/home/drnguyenvinh/notebooks/processed-images/processed_images/1. Healthy/Healthy-70-img-1_nobg.png,1. Healthy/Healthy-70-img-1_nobg.png,Healthy-70-img-1_nobg.png,1. Healthy,1. Healthy,Healthy,Healthy,0,0,Healthy-70,1. Healthy::Healthy-70,parsed,Healthy-70-img-1,True,,918935,8143f33c35f32778e4186d671efd5312,train
/home/drnguyenvinh/notebooks/processed-images/processed_images/1. Healthy/Healthy-70-img-2_nobg.png,/home/drnguyenvinh/notebooks/processed-images/processed_images/1. Healthy/Healthy-70-img-2_nobg.png,1. Healthy/Healthy-70-img-2_nobg.png,Healthy-70-img-2_nobg.png,1. Healthy,1. Healthy,Healthy,Healthy,0,0,Healthy-70,1. Healthy::Healthy-70,parsed,Healthy-70-img-2,True,,818995,adc50ba52072a9bff6dac46adfdfcf01,train
/home/drnguyenvinh/notebooks/processed-images/processed_images/1. Healthy/Healthy-70-img-3_nobg.png,/home/drnguyenvinh/notebooks/processed-images/processed_images/1. Healthy/Healthy-70-img-3_nobg.png,1. Healthy/Healthy-70-img-3_nobg.png,Healthy-70-img-3_nobg.png,1. Healthy,1. Healthy,Healthy,Healthy,0,0,Healthy-70,1. Healthy::Healthy-70,parsed,Healthy-70-img-3,True,,1002013,08885d5db0795c63f4b400f8388944f1,train
/home/drnguyenvinh/notebooks/processed-images/processed_images/1. Healthy/Healthy-71-img-1_nobg.png,/home/drnguyenvinh/notebooks/processed-images/processed_images/1. Healthy/Healthy-71-img-1_nobg.png,1. Healthy/Healthy-71-img-1_nobg.png,Healthy-71-img-1_nobg.png,1. Healthy,1. Healthy,Healthy,Healthy,0,0,Healthy-71,1. Healthy::Healthy-71,parsed,Healthy-71-img-1,True,,1012290,0c9af1e83771fba8fcdd4f8cb54f57e8,train
/home/drnguyenvinh/notebooks/processed-images/processed_images/1. Healthy/Healthy-71-img-2_nobg.png,/home/drnguyenvinh/notebooks/processed-images/processed_images/1. Healthy/Healthy-71-img-2_nobg.png,1. Healthy/Healthy-71-img-2_nobg.png,Healthy-71-img-2_nobg.png,1. Healthy,1. Healthy,Healthy,Healthy,0,0,Healthy-71,1. Healthy::Healthy-71,parsed,Healthy-71-img-2,True,,923384,1eddba35080139690cd315e37d1bc878,train
/home/drnguyenvinh/notebooks/processed-images/processed_images/1. Healthy/Healthy-71-img-3_nobg.png,/home/drnguyenvinh/notebooks/processed-images/processed_images/1. Healthy/Healthy-71-img-3_nobg.png,1. Healthy/Healthy-71-img-3_nobg.png,Healthy-71-img-3_nobg.png,1. Healthy,1. Healthy,Healthy,Healthy,0,0,Healthy-71,1. Healthy::Healthy-71,parsed,Healthy-71-img-3,True,,863841,3b62607ef5f58b844137d6f92d8d70e3,train
/home/drnguyenvinh/notebooks/processed-images/processed_images/1. Healthy/Healthy-72-img-1_nobg.png,/home/drnguyenvinh/notebooks/processed-images/processed_images/1. Healthy/Healthy-72-img-1_nobg.png,1. Healthy/Healthy-72-img-1_nobg.png,Healthy-72-img-1_nobg.png,1. Healthy,1. Healthy,Healthy,Healthy,0,0,Healthy-72,1. Healthy::Healthy-72,parsed,Healthy-72-img-1,True,,1003871,79a6fae4bbd9bff1a7f0b26c2d661303,train
/home/drnguyenvinh/notebooks/processed-images/processed_images/1. Healthy/Healthy-72-img-2_nobg.png,/home/drnguyenvinh/notebooks/processed-images/processed_images/1. Healthy/Healthy-72-img-2_nobg.png,1. Healthy/Healthy-72-img-2_nobg.png,Healthy-72-img-2_nobg.png,1. Healthy,1. Healthy,Healthy,Healthy,0,0,Healthy-72,1. Healthy::Healthy-72,parsed,Healthy-72-img-2,True,,920102,a706382520baf7bc3c9e3b328ef7db57,train
/home/drnguyenvinh/notebooks/processed-images/processed_images/1. Healthy/Healthy-72-img-3_nobg.png,/home/drnguyenvinh/notebooks/processed-images/processed_images/1. Healthy/Healthy-72-img-3_nobg.png,1. Healthy/Healthy-72-img-3_nobg.png,Healthy-72-img-3_nobg.png,1. Healthy,1. Healthy,Healthy,Healthy,0,0,Healthy-72,1. Healthy::Healthy-72,parsed,Healthy-72-img-3,True,,943044,3fd0271ea899ab5f2f614e3848353769,train
/home/drnguyenvinh/notebooks/processed-images/processed_images/1. Healthy/Healthy-73-img-1_nobg.png,/home/drnguyenvinh/notebooks/processed-images/processed_images/1. Healthy/Healthy-73-img-1_nobg.png,1. Healthy/Healthy-73-img-1_nobg.png,Healthy-73-img-1_nobg.png,1. Healthy,1. Healthy,Healthy,Healthy,0,0,Healthy-73,1. Healthy::Healthy-73,parsed,Healthy-73-img-1,True,,995962,127dc7c2682dabb4da1f19dbf8aa0489,train
/home/drnguyenvinh/notebooks/processed-images/processed_images/1. Healthy/Healthy-73-img-2_nobg.png,/home/drnguyenvinh/notebooks/processed-images/processed_images/1. Healthy/Healthy-73-img-2_nobg.png,1. Healthy/Healthy-73-img-2_nobg.png,Healthy-73-img-2_nobg.png,1. Healthy,1. Healthy,Healthy,Healthy,0,0,Healthy-73,1. Healthy::Healthy-73,parsed,Healthy-73-img-2,True,,1027007,6083eed83653d935a0923757f290ee00,train
/home/drnguyenvinh/notebooks/processed-images/processed_images/1. Healthy/Healthy-73-img-3_nobg.png,/home/drnguyenvinh/notebooks/processed-images/processed_images/1. Healthy/Healthy-73-img-3_nobg.png,1. Healthy/Healthy-73-img-3_nobg.png,Healthy-73-img-3_nobg.png,1. Healthy,1. Healthy,Healthy,Healthy,0,0,Healthy-73,1. Healthy::Healthy-73,parsed,Healthy-73-img-3,True,,1165917,b9147eb5d28ed81d7d293f08a31a44a9,train
/home/drnguyenvinh/notebooks/processed-images/processed_images/1. Healthy/Healthy-74-img-1_nobg.png,/home/drnguyenvinh/notebooks/processed-images/processed_images/1. Healthy/Healthy-74-img-1_nobg.png,1. Healthy/Healthy-74-img-1_nobg.png,Healthy-74-img-1_nobg.png,1. Healthy,1. Healthy,Healthy,Healthy,0,0,Healthy-74,1. Healthy::Healthy-74,parsed,Healthy-74-img-1,True,,1301903,50babe6d1e562f28db67a88670eb0c1b,train
/home/drnguyenvinh/notebooks/processed-images/processed_images/1. Healthy/Healthy-74-img-2_nobg.png,/home/drnguyenvinh/notebooks/processed-images/processed_images/1. Healthy/Healthy-74-img-2_nobg.png,1. Healthy/Healthy-74-img-2_nobg.png,Healthy-74-img-2_nobg.png,1. Healthy,1. Healthy,Healthy,Healthy,0,0,Healthy-74,1. Healthy::Healthy-74,parsed,Healthy-74-img-2,True,,1267613,a79a908ddfcf71d3daf22c78130f067e,train
/home/drnguyenvinh/notebooks/processed-images/processed_images/1. Healthy/Healthy-74-img-3_nobg.png,/home/drnguyenvinh/notebooks/processed-images/processed_images/1. Healthy/Healthy-74-img-3_nobg.png,1. Healthy/Healthy-74-img-3_nobg.png,Healthy-74-img-3_nobg.png,1. Healthy,1. Healthy,Healthy,Healthy,0,0,Healthy-74,1. Healthy::Healthy-74,parsed,Healthy-74-img-3,True,,920391,8fd9b9b43514d388b30f3f4e02e53a2b,train
/home/drnguyenvinh/notebooks/processed-images/processed_images/1. Healthy/Healthy-75-img-1_nobg.png,/home/drnguyenvinh/notebooks/processed-images/processed_images/1. Healthy/Healthy-75-img-1_nobg.png,1. Healthy/Healthy-75-img-1_nobg.png,Healthy-75-img-1_nobg.png,1. Healthy,1. Healthy,Healthy,Healthy,0,0,Healthy-75,1. Healthy::Healthy-75,parsed,Healthy-75-img-1,True,,1261149,0cf01b3ca96dd7b0f1df8ce34e3e92d8,train
/home/drnguyenvinh/notebooks/processed-images/processed_images/1. Healthy/Healthy-75-img-2_nobg.png,/home/drnguyenvinh/notebooks/processed-images/processed_images/1. Healthy/Healthy-75-img-2_nobg.png,1. Healthy/Healthy-75-img-2_nobg.png,Healthy-75-img-2_nobg.png,1. Healthy,1. Healthy,Healthy,Healthy,0,0,Healthy-75,1. Healthy::Healthy-75,parsed,Healthy-75-img-2,True,,1245691,5c835ec467f4b5eb601ba4d56ff18894,train
/home/drnguyenvinh/notebooks/processed-images/processed_images/1. Healthy/Healthy-75-img-3_nobg.png,/home/drnguyenvinh/notebooks/processed-images/processed_images/1. Healthy/Healthy-75-img-3_nobg.png,1. Healthy/Healthy-75-img-3_nobg.png,Healthy-75-img-3_nobg.png,1. Healthy,1. Healthy,Healthy,Healthy,0,0,Healthy-75,1. Healthy::Healthy-75,parsed,Healthy-75-img-3,True,,1179970,fb1ee3d8b2e9e9fb0ca132605be21d33,train
/home/drnguyenvinh/notebooks/processed-images/processed_images/1. Healthy/Healthy-77-img-1_nobg.png,/home/drnguyenvinh/notebooks/processed-images/processed_images/1. Healthy/Healthy-77-img-1_nobg.png,1. Healthy/Healthy-77-img-1_nobg.png,Healthy-77-img-1_nobg.png,1. Healthy,1. Healthy,Healthy,Healthy,0,0,Healthy-77,1. Healthy::Healthy-77,parsed,Healthy-77-img-1,True,,856339,a8b4142c6fce8f6830d05853ef3bf460,train
/home/drnguyenvinh/notebooks/processed-images/processed_images/1. Healthy/Healthy-77-img-2_nobg.png,/home/drnguyenvinh/notebooks/processed-images/processed_images/1. Healthy/Healthy-77-img-2_nobg.png,1. Healthy/Healthy-77-img-2_nobg.png,Healthy-77-img-2_nobg.png,1. Healthy,1. Healthy,Healthy,Healthy,0,0,Healthy-77,1. Healthy::Healthy-77,parsed,Healthy-77-img-2,True,,922894,43e8b9bf99c01cb6f6dd0cd5238ed6b0,train
/home/drnguyenvinh/notebooks/processed-images/processed_images/1. Healthy/Healthy-77-img-3_nobg.png,/home/drnguyenvinh/notebooks/processed-images/processed_images/1. Healthy/Healthy-77-img-3_nobg.png,1. Healthy/Healthy-77-img-3_nobg.png,Healthy-77-img-3_nobg.png,1. Healthy,1. Healthy,Healthy,Healthy,0,0,Healthy-77,1. Healthy::Healthy-77,parsed,Healthy-77-img-3,True,,1054414,2133c701396c022c954e6bdd316bf74f,train
/home/drnguyenvinh/notebooks/processed-images/processed_images/1. Healthy/Healthy-78-img-1_nobg.png,/home/drnguyenvinh/notebooks/processed-images/processed_images/1. Healthy/Healthy-78-img-1_nobg.png,1. Healthy/Healthy-78-img-1_nobg.png,Healthy-78-img-1_nobg.png,1. Healthy,1. Healthy,Healthy,Healthy,0,0,Healthy-78,1. Healthy::Healthy-78,parsed,Healthy-78-img-1,True,,706753,280f3a9dd2894aed5198d4810f86e403,train
/home/drnguyenvinh/notebooks/processed-images/processed_images/1. Healthy/Healthy-78-img-2_nobg.png,/home/drnguyenvinh/notebooks/processed-images/processed_images/1. Healthy/Healthy-78-img-2_nobg.png,1. Healthy/Healthy-78-img-2_nobg.png,Healthy-78-img-2_nobg.png,1. Healthy,1. Healthy,Healthy,Healthy,0,0,Healthy-78,1. Healthy::Healthy-78,parsed,Healthy-78-img-2,True,,768170,ac2bb709958528e881294b0a263d9778,train
/home/drnguyenvinh/notebooks/processed-images/processed_images/1. Healthy/Healthy-78-img-3_nobg.png,/home/drnguyenvinh/notebooks/processed-images/processed_images/1. Healthy/Healthy-78-img-3_nobg.png,1. Healthy/Healthy-78-img-3_nobg.png,Healthy-78-img-3_nobg.png,1. Healthy,1. Healthy,Healthy,Healthy,0,0,Healthy-78,1. Healthy::Healthy-78,parsed,Healthy-78-img-3,True,,752614,16c1067585ad2b277eacfc1b3bcb7e3d,train
/home/drnguyenvinh/notebooks/processed-images/processed_images/1. Healthy/Healthy-79-img-1_nobg.png,/home/drnguyenvinh/notebooks/processed-images/processed_images/1. Healthy/Healthy-79-img-1_nobg.png,1. Healthy/Healthy-79-img-1_nobg.png,Healthy-79-img-1_nobg.png,1. Healthy,1. Healthy,Healthy,Healthy,0,0,Healthy-79,1. Healthy::Healthy-79,parsed,Healthy-79-img-1,True,,955949,004019e2077efb0c0e071673bd003e2d,train
/home/drnguyenvinh/notebooks/processed-images/processed_images/1. Healthy/Healthy-79-img-2_nobg.png,/home/drnguyenvinh/notebooks/processed-images/processed_images/1. Healthy/Healthy-79-img-2_nobg.png,1. Healthy/Healthy-79-img-2_nobg.png,Healthy-79-img-2_nobg.png,1. Healthy,1. Healthy,Healthy,Healthy,0,0,Healthy-79,1. Healthy::Healthy-79,parsed,Healthy-79-img-2,True,,843104,76cdda5d3cd9baf937e9779e1b1df1c1,train
/home/drnguyenvinh/notebooks/processed-images/processed_images/1. Healthy/Healthy-81-img-1_nobg.png,/home/drnguyenvinh/notebooks/processed-images/processed_images/1. Healthy/Healthy-81-img-1_nobg.png,1. Healthy/Healthy-81-img-1_nobg.png,Healthy-81-img-1_nobg.png,1. Healthy,1. Healthy,Healthy,Healthy,0,0,Healthy-81,1. Healthy::Healthy-81,parsed,Healthy-81-img-1,True,,924323,3ee6e1e735298dd8fd84bfc9d7192ff5,train
/home/drnguyenvinh/notebooks/processed-images/processed_images/1. Healthy/Healthy-81-img-2_nobg.png,/home/drnguyenvinh/notebooks/processed-images/processed_images/1. Healthy/Healthy-81-img-2_nobg.png,1. Healthy/Healthy-81-img-2_nobg.png,Healthy-81-img-2_nobg.png,1. Healthy,1. Healthy,Healthy,Healthy,0,0,Healthy-81,1. Healthy::Healthy-81,parsed,Healthy-81-img-2,True,,985988,c23e291f38726b7f52133bb3665a8e79,train
/home/drnguyenvinh/notebooks/processed-images/processed_images/1. Healthy/Healthy-81-img-3_nobg.png,/home/drnguyenvinh/notebooks/processed-images/processed_images/1. Healthy/Healthy-81-img-3_nobg.png,1. Healthy/Healthy-81-img-3_nobg.png,Healthy-81-img-3_nobg.png,1. Healthy,1. Healthy,Healthy,Healthy,0,0,Healthy-81,1. Healthy::Healthy-81,parsed,Healthy-81-img-3,True,,1003075,d2ec2fda4c239257a4472783b1573ee9,train
/home/drnguyenvinh/notebooks/processed-images/processed_images/1. Healthy/Healthy-82-img-1_nobg.png,/home/drnguyenvinh/notebooks/processed-images/processed_images/1. Healthy/Healthy-82-img-1_nobg.png,1. Healthy/Healthy-82-img-1_nobg.png,Healthy-82-img-1_nobg.png,1. Healthy,1. Healthy,Healthy,Healthy,0,0,Healthy-82,1. Healthy::Healthy-82,parsed,Healthy-82-img-1,True,,664119,68eadd78048bf663813b0f638ee1d2f5,train
/home/drnguyenvinh/notebooks/processed-images/processed_images/1. Healthy/Healthy-82-img-2_nobg.png,/home/drnguyenvinh/notebooks/processed-images/processed_images/1. Healthy/Healthy-82-img-2_nobg.png,1. Healthy/Healthy-82-img-2_nobg.png,Healthy-82-img-2_nobg.png,1. Healthy,1. Healthy,Healthy,Healthy,0,0,Healthy-82,1. Healthy::Healthy-82,parsed,Healthy-82-img-2,True,,765236,aec715e94f2cfa0d4f2a959a772407af,train
/home/drnguyenvinh/notebooks/processed-images/processed_images/1. Healthy/Healthy-82-img-3_nobg.png,/home/drnguyenvinh/notebooks/processed-images/processed_images/1. Healthy/Healthy-82-img-3_nobg.png,1. Healthy/Healthy-82-img-3_nobg.png,Healthy-82-img-3_nobg.png,1. Healthy,1. Healthy,Healthy,Healthy,0,0,Healthy-82,1. Healthy::Healthy-82,parsed,Healthy-82-img-3,True,,700115,f4211f1f97faf45dd3724c919e6dbcaf,train
/home/drnguyenvinh/notebooks/processed-images/processed_images/1. Healthy/Healthy-83-img-1_nobg.png,/home/drnguyenvinh/notebooks/processed-images/processed_images/1. Healthy/Healthy-83-img-1_nobg.png,1. Healthy/Healthy-83-img-1_nobg.png,Healthy-83-img-1_nobg.png,1. Healthy,1. Healthy,Healthy,Healthy,0,0,Healthy-83,1. Healthy::Healthy-83,parsed,Healthy-83-img-1,True,,770538,569eaae0aef1ea29bbbb7960e1855d5d,train
/home/drnguyenvinh/notebooks/processed-images/processed_images/1. Healthy/Healthy-83-img-2_nobg.png,/home/drnguyenvinh/notebooks/processed-images/processed_images/1. Healthy/Healthy-83-img-2_nobg.png,1. Healthy/Healthy-83-img-2_nobg.png,Healthy-83-img-2_nobg.png,1. Healthy,1. Healthy,Healthy,Healthy,0,0,Healthy-83,1. Healthy::Healthy-83,parsed,Healthy-83-img-2,True,,833467,1ff331fa53233ad399ce329fc8b3785c,train
/home/drnguyenvinh/notebooks/processed-images/processed_images/1. Healthy/Healthy-83-img-3_nobg.png,/home/drnguyenvinh/notebooks/processed-images/processed_images/1. Healthy/Healthy-83-img-3_nobg.png,1. Healthy/Healthy-83-img-3_nobg.png,Healthy-83-img-3_nobg.png,1. Healthy,1. Healthy,Healthy,Healthy,0,0,Healthy-83,1. Healthy::Healthy-83,parsed,Healthy-83-img-3,True,,746240,eefc5f7f9a459443f48e78e6616a0f60,train
/home/drnguyenvinh/notebooks/processed-images/processed_images/1. Healthy/Healthy-85-img-1_nobg.png,/home/drnguyenvinh/notebooks/processed-images/processed_images/1. Healthy/Healthy-85-img-1_nobg.png,1. Healthy/Healthy-85-img-1_nobg.png,Healthy-85-img-1_nobg.png,1. Healthy,1. Healthy,Healthy,Healthy,0,0,Healthy-85,1. Healthy::Healthy-85,parsed,Healthy-85-img-1,True,,1064248,da2c0e176c4e6d2e46c82685d65e943a,train
/home/drnguyenvinh/notebooks/processed-images/processed_images/1. Healthy/Healthy-85-img-2_nobg.png,/home/drnguyenvinh/notebooks/processed-images/processed_images/1. Healthy/Healthy-85-img-2_nobg.png,1. Healthy/Healthy-85-img-2_nobg.png,Healthy-85-img-2_nobg.png,1. Healthy,1. Healthy,Healthy,Healthy,0,0,Healthy-85,1. Healthy::Healthy-85,parsed,Healthy-85-img-2,True,,1044297,a2a789542f5f9c7a57f9033e2402fbe5,train
/home/drnguyenvinh/notebooks/processed-images/processed_images/1. Healthy/Healthy-85-img-3_nobg.png,/home/drnguyenvinh/notebooks/processed-images/processed_images/1. Healthy/Healthy-85-img-3_nobg.png,1. Healthy/Healthy-85-img-3_nobg.png,Healthy-85-img-3_nobg.png,1. Healthy,1. Healthy,Healthy,Healthy,0,0,Healthy-85,1. Healthy::Healthy-85,parsed,Healthy-85-img-3,True,,1066065,d8ed2538faeeba7613bbdcf8387a37e6,train
/home/drnguyenvinh/notebooks/processed-images/processed_images/1. Healthy/Healthy-87-img-1_nobg.png,/home/drnguyenvinh/notebooks/processed-images/processed_images/1. Healthy/Healthy-87-img-1_nobg.png,1. Healthy/Healthy-87-img-1_nobg.png,Healthy-87-img-1_nobg.png,1. Healthy,1. Healthy,Healthy,Healthy,0,0,Healthy-87,1. Healthy::Healthy-87,parsed,Healthy-87-img-1,True,,932427,da31c87a44ea624ffd3c3f00251d91f6,train
/home/drnguyenvinh/notebooks/processed-images/processed_images/1. Healthy/Healthy-87-img-2_nobg.png,/home/drnguyenvinh/notebooks/processed-images/processed_images/1. Healthy/Healthy-87-img-2_nobg.png,1. Healthy/Healthy-87-img-2_nobg.png,Healthy-87-img-2_nobg.png,1. Healthy,1. Healthy,Healthy,Healthy,0,0,Healthy-87,1. Healthy::Healthy-87,parsed,Healthy-87-img-2,True,,906734,b7147e6726fe69fa6a297661655c61fb,train
/home/drnguyenvinh/notebooks/processed-images/processed_images/1. Healthy/Healthy-87-img-3_nobg.png,/home/drnguyenvinh/notebooks/processed-images/processed_images/1. Healthy/Healthy-87-img-3_nobg.png,1. Healthy/Healthy-87-img-3_nobg.png,Healthy-87-img-3_nobg.png,1. Healthy,1. Healthy,Healthy,Healthy,0,0,Healthy-87,1. Healthy::Healthy-87,parsed,Healthy-87-img-3,True,,939696,9d7e1cc2511256fc41c7d31cb1111a54,train
/home/drnguyenvinh/notebooks/processed-images/processed_images/1. Healthy/Healthy-89-img-1_nobg.png,/home/drnguyenvinh/notebooks/processed-images/processed_images/1. Healthy/Healthy-89-img-1_nobg.png,1. Healthy/Healthy-89-img-1_nobg.png,Healthy-89-img-1_nobg.png,1. Healthy,1. Healthy,Healthy,Healthy,0,0,Healthy-89,1. Healthy::Healthy-89,parsed,Healthy-89-img-1,True,,873767,42e6cd7e7b808dca8134b968f9b673f5,train
/home/drnguyenvinh/notebooks/processed-images/processed_images/1. Healthy/Healthy-89-img-2_nobg.png,/home/drnguyenvinh/notebooks/processed-images/processed_images/1. Healthy/Healthy-89-img-2_nobg.png,1. Healthy/Healthy-89-img-2_nobg.png,Healthy-89-img-2_nobg.png,1. Healthy,1. Healthy,Healthy,Healthy,0,0,Healthy-89,1. Healthy::Healthy-89,parsed,Healthy-89-img-2,True,,983072,fc37a927895fe7cd9313ccefc954889c,train
/home/drnguyenvinh/notebooks/processed-images/processed_images/1. Healthy/Healthy-89-img-3_nobg.png,/home/drnguyenvinh/notebooks/processed-images/processed_images/1. Healthy/Healthy-89-img-3_nobg.png,1. Healthy/Healthy-89-img-3_nobg.png,Healthy-89-img-3_nobg.png,1. Healthy,1. Healthy,Healthy,Healthy,0,0,Healthy-89,1. Healthy::Healthy-89,parsed,Healthy-89-img-3,True,,909180,4b935e10c6a4ebe6b8574dc1d4dfdc5b,train
/home/drnguyenvinh/notebooks/processed-images/processed_images/1. Healthy/Healthy-9-img-1_nobg.png,/home/drnguyenvinh/notebooks/processed-images/processed_images/1. Healthy/Healthy-9-img-1_nobg.png,1. Healthy/Healthy-9-img-1_nobg.png,Healthy-9-img-1_nobg.png,1. Healthy,1. Healthy,Healthy,Healthy,0,0,Healthy-9,1. Healthy::Healthy-9,parsed,Healthy-9-img-1,True,,876712,77bdda338bd157fd27c0ac6e3dabf3eb,train
/home/drnguyenvinh/notebooks/processed-images/processed_images/1. Healthy/Healthy-9-img-2_nobg.png,/home/drnguyenvinh/notebooks/processed-images/processed_images/1. Healthy/Healthy-9-img-2_nobg.png,1. Healthy/Healthy-9-img-2_nobg.png,Healthy-9-img-2_nobg.png,1. Healthy,1. Healthy,Healthy,Healthy,0,0,Healthy-9,1. Healthy::Healthy-9,parsed,Healthy-9-img-2,True,,954590,aa6e5366285fc3e1e525cde680e10637,train
/home/drnguyenvinh/notebooks/processed-images/processed_images/1. Healthy/Healthy-9-img-3_nobg.png,/home/drnguyenvinh/notebooks/processed-images/processed_images/1. Healthy/Healthy-9-img-3_nobg.png,1. Healthy/Healthy-9-img-3_nobg.png,Healthy-9-img-3_nobg.png,1. Healthy,1. Healthy,Healthy,Healthy,0,0,Healthy-9,1. Healthy::Healthy-9,parsed,Healthy-9-img-3,True,,1348452,f69790df672a8a131f754177719691da,train
/home/drnguyenvinh/notebooks/processed-images/processed_images/1. Healthy/Healthy-91-img-1_nobg.png,/home/drnguyenvinh/notebooks/processed-images/processed_images/1. Healthy/Healthy-91-img-1_nobg.png,1. Healthy/Healthy-91-img-1_nobg.png,Healthy-91-img-1_nobg.png,1. Healthy,1. Healthy,Healthy,Healthy,0,0,Healthy-91,1. Healthy::Healthy-91,parsed,Healthy-91-img-1,True,,938046,bf07592f8d5b1965b92a6874019cc0ee,train
/home/drnguyenvinh/notebooks/processed-images/processed_images/1. Healthy/Healthy-91-img-2_nobg.png,/home/drnguyenvinh/notebooks/processed-images/processed_images/1. Healthy/Healthy-91-img-2_nobg.png,1. Healthy/Healthy-91-img-2_nobg.png,Healthy-91-img-2_nobg.png,1. Healthy,1. Healthy,Healthy,Healthy,0,0,Healthy-91,1. Healthy::Healthy-91,parsed,Healthy-91-img-2,True,,897431,cff4cff62edeaf8f5748b042743da700,train
/home/drnguyenvinh/notebooks/processed-images/processed_images/1. Healthy/Healthy-91-img-3_nobg.png,/home/drnguyenvinh/notebooks/processed-images/processed_images/1. Healthy/Healthy-91-img-3_nobg.png,1. Healthy/Healthy-91-img-3_nobg.png,Healthy-91-img-3_nobg.png,1. Healthy,1. Healthy,Healthy,Healthy,0,0,Healthy-91,1. Healthy::Healthy-91,parsed,Healthy-91-img-3,True,,974944,93cf462160b9da552574db628b3fa46e,train
/home/drnguyenvinh/notebooks/processed-images/processed_images/1. Healthy/Healthy-92-img-1_nobg.png,/home/drnguyenvinh/notebooks/processed-images/processed_images/1. Healthy/Healthy-92-img-1_nobg.png,1. Healthy/Healthy-92-img-1_nobg.png,Healthy-92-img-1_nobg.png,1. Healthy,1. Healthy,Healthy,Healthy,0,0,Healthy-92,1. Healthy::Healthy-92,parsed,Healthy-92-img-1,True,,1060464,e8da4c4f87799c800901440ee15594f6,train
/home/drnguyenvinh/notebooks/processed-images/processed_images/1. Healthy/Healthy-92-img-2_nobg.png,/home/drnguyenvinh/notebooks/processed-images/processed_images/1. Healthy/Healthy-92-img-2_nobg.png,1. Healthy/Healthy-92-img-2_nobg.png,Healthy-92-img-2_nobg.png,1. Healthy,1. Healthy,Healthy,Healthy,0,0,Healthy-92,1. Healthy::Healthy-92,parsed,Healthy-92-img-2,True,,815186,152c3c71e38fd5a9314930d4400fd1e9,train
/home/drnguyenvinh/notebooks/processed-images/processed_images/1. Healthy/Healthy-92-img-3_nobg.png,/home/drnguyenvinh/notebooks/processed-images/processed_images/1. Healthy/Healthy-92-img-3_nobg.png,1. Healthy/Healthy-92-img-3_nobg.png,Healthy-92-img-3_nobg.png,1. Healthy,1. Healthy,Healthy,Healthy,0,0,Healthy-92,1. Healthy::Healthy-92,parsed,Healthy-92-img-3,True,,1064936,1fb621e3279d218c1d0548887bcd1090,train
/home/drnguyenvinh/notebooks/processed-images/processed_images/1. Healthy/Healthy-93-img-1_nobg.png,/home/drnguyenvinh/notebooks/processed-images/processed_images/1. Healthy/Healthy-93-img-1_nobg.png,1. Healthy/Healthy-93-img-1_nobg.png,Healthy-93-img-1_nobg.png,1. Healthy,1. Healthy,Healthy,Healthy,0,0,Healthy-93,1. Healthy::Healthy-93,parsed,Healthy-93-img-1,True,,1181305,8f62af1f1305051084c7c64a36757e18,train
/home/drnguyenvinh/notebooks/processed-images/processed_images/1. Healthy/Healthy-95-img-1_nobg.png,/home/drnguyenvinh/notebooks/processed-images/processed_images/1. Healthy/Healthy-95-img-1_nobg.png,1. Healthy/Healthy-95-img-1_nobg.png,Healthy-95-img-1_nobg.png,1. Healthy,1. Healthy,Healthy,Healthy,0,0,Healthy-95,1. Healthy::Healthy-95,parsed,Healthy-95-img-1,True,,759704,b0a4011ebf4f51ebad2caaeeb8dcf76a,train
/home/drnguyenvinh/notebooks/processed-images/processed_images/1. Healthy/Healthy-95-img-2_nobg.png,/home/drnguyenvinh/notebooks/processed-images/processed_images/1. Healthy/Healthy-95-img-2_nobg.png,1. Healthy/Healthy-95-img-2_nobg.png,Healthy-95-img-2_nobg.png,1. Healthy,1. Healthy,Healthy,Healthy,0,0,Healthy-95,1. Healthy::Healthy-95,parsed,Healthy-95-img-2,True,,836506,b0a96670c4b6f6584f4055f17c533075,train
/home/drnguyenvinh/notebooks/processed-images/processed_images/1. Healthy/Healthy-95-img-3_nobg.png,/home/drnguyenvinh/notebooks/processed-images/processed_images/1. Healthy/Healthy-95-img-3_nobg.png,1. Healthy/Healthy-95-img-3_nobg.png,Healthy-95-img-3_nobg.png,1. Healthy,1. Healthy,Healthy,Healthy,0,0,Healthy-95,1. Healthy::Healthy-95,parsed,Healthy-95-img-3,True,,870509,f1f58cda542e3afe26e4f8dc3cad6568,train
/home/drnguyenvinh/notebooks/processed-images/processed_images/1. Healthy/Healthy-96-img-1_nobg.png,/home/drnguyenvinh/notebooks/processed-images/processed_images/1. Healthy/Healthy-96-img-1_nobg.png,1. Healthy/Healthy-96-img-1_nobg.png,Healthy-96-img-1_nobg.png,1. Healthy,1. Healthy,Healthy,Healthy,0,0,Healthy-96,1. Healthy::Healthy-96,parsed,Healthy-96-img-1,True,,1003845,2b7d310857e23d83d9476a1ec041c43c,train
/home/drnguyenvinh/notebooks/processed-images/processed_images/1. Healthy/Healthy-96-img-2_nobg.png,/home/drnguyenvinh/notebooks/processed-images/processed_images/1. Healthy/Healthy-96-img-2_nobg.png,1. Healthy/Healthy-96-img-2_nobg.png,Healthy-96-img-2_nobg.png,1. Healthy,1. Healthy,Healthy,Healthy,0,0,Healthy-96,1. Healthy::Healthy-96,parsed,Healthy-96-img-2,True,,1128758,cabca34c322db57f8af8b8a8e46bd69c,train
/home/drnguyenvinh/notebooks/processed-images/processed_images/1. Healthy/Healthy-98-img-1_nobg.png,/home/drnguyenvinh/notebooks/processed-images/processed_images/1. Healthy/Healthy-98-img-1_nobg.png,1. Healthy/Healthy-98-img-1_nobg.png,Healthy-98-img-1_nobg.png,1. Healthy,1. Healthy,Healthy,Healthy,0,0,Healthy-98,1. Healthy::Healthy-98,parsed,Healthy-98-img-1,True,,1145139,a83e0ef3ff154395127610cb7e18a43c,train
/home/drnguyenvinh/notebooks/processed-images/processed_images/1. Healthy/Healthy-98-img-2_nobg.png,/home/drnguyenvinh/notebooks/processed-images/processed_images/1. Healthy/Healthy-98-img-2_nobg.png,1. Healthy/Healthy-98-img-2_nobg.png,Healthy-98-img-2_nobg.png,1. Healthy,1. Healthy,Healthy,Healthy,0,0,Healthy-98,1. Healthy::Healthy-98,parsed,Healthy-98-img-2,True,,1191127,81dba24ec55d7ae4005d8cb9462aeede,train
/home/drnguyenvinh/notebooks/processed-images/processed_images/1. Healthy/Healthy-98-img-3_nobg.png,/home/drnguyenvinh/notebooks/processed-images/processed_images/1. Healthy/Healthy-98-img-3_nobg.png,1. Healthy/Healthy-98-img-3_nobg.png,Healthy-98-img-3_nobg.png,1. Healthy,1. Healthy,Healthy,Healthy,0,0,Healthy-98,1. Healthy::Healthy-98,parsed,Healthy-98-img-3,True,,1418982,1d994a99adadbca3501f39021588ccad,train
/home/drnguyenvinh/notebooks/processed-images/processed_images/2. BG/BG-1-img-1_nobg.png,/home/drnguyenvinh/notebooks/processed-images/processed_images/2. BG/BG-1-img-1_nobg.png,2. BG/BG-1-img-1_nobg.png,BG-1-img-1_nobg.png,2. BG,2. BG,BG,BG,1,1,BG-1,2. BG::BG-1,parsed,BG-1-img-1,True,,1334037,947849fe4582719210e56ed214c541e3,train
/home/drnguyenvinh/notebooks/processed-images/processed_images/2. BG/BG-1-img-2_nobg.png,/home/drnguyenvinh/notebooks/processed-images/processed_images/2. BG/BG-1-img-2_nobg.png,2. BG/BG-1-img-2_nobg.png,BG-1-img-2_nobg.png,2. BG,2. BG,BG,BG,1,1,BG-1,2. BG::BG-1,parsed,BG-1-img-2,True,,1168846,ca727db61eebef1fe49ad8309a1975f5,train
/home/drnguyenvinh/notebooks/processed-images/processed_images/2. BG/BG-1-img-3_nobg.png,/home/drnguyenvinh/notebooks/processed-images/processed_images/2. BG/BG-1-img-3_nobg.png,2. BG/BG-1-img-3_nobg.png,BG-1-img-3_nobg.png,2. BG,2. BG,BG,BG,1,1,BG-1,2. BG::BG-1,parsed,BG-1-img-3,True,,1900449,8ae0870771f546a136f3e6772e6336b5,train
/home/drnguyenvinh/notebooks/processed-images/processed_images/2. BG/BG-11-img-1_nobg.png,/home/drnguyenvinh/notebooks/processed-images/processed_images/2. BG/BG-11-img-1_nobg.png,2. BG/BG-11-img-1_nobg.png,BG-11-img-1_nobg.png,2. BG,2. BG,BG,BG,1,1,BG-11,2. BG::BG-11,parsed,BG-11-img-1,True,,1460136,0d200b11753cbe1786645d3ca8a1b280,train
/home/drnguyenvinh/notebooks/processed-images/processed_images/2. BG/BG-11-img-2_nobg.png,/home/drnguyenvinh/notebooks/processed-images/processed_images/2. BG/BG-11-img-2_nobg.png,2. BG/BG-11-img-2_nobg.png,BG-11-img-2_nobg.png,2. BG,2. BG,BG,BG,1,1,BG-11,2. BG::BG-11,parsed,BG-11-img-2,True,,1458734,1e059c1f8dc9561f480d7127907b915f,train
/home/drnguyenvinh/notebooks/processed-images/processed_images/2. BG/BG-11-img-3_nobg.png,/home/drnguyenvinh/notebooks/processed-images/processed_images/2. BG/BG-11-img-3_nobg.png,2. BG/BG-11-img-3_nobg.png,BG-11-img-3_nobg.png,2. BG,2. BG,BG,BG,1,1,BG-11,2. BG::BG-11,parsed,BG-11-img-3,True,,1454018,467a03028b1603698bf7c3e0bf1adf0c,train
/home/drnguyenvinh/notebooks/processed-images/processed_images/2. BG/BG-13-img-1_nobg.png,/home/drnguyenvinh/notebooks/processed-images/processed_images/2. BG/BG-13-img-1_nobg.png,2. BG/BG-13-img-1_nobg.png,BG-13-img-1_nobg.png,2. BG,2. BG,BG,BG,1,1,BG-13,2. BG::BG-13,parsed,BG-13-img-1,True,,720351,7344892c54fb80cf463522da3496cc00,train
/home/drnguyenvinh/notebooks/processed-images/processed_images/2. BG/BG-13-img-2_nobg.png,/home/drnguyenvinh/notebooks/processed-images/processed_images/2. BG/BG-13-img-2_nobg.png,2. BG/BG-13-img-2_nobg.png,BG-13-img-2_nobg.png,2. BG,2. BG,BG,BG,1,1,BG-13,2. BG::BG-13,parsed,BG-13-img-2,True,,797016,a5f5e62549bf70f8bf9a2c0e4183e49d,train
/home/drnguyenvinh/notebooks/processed-images/processed_images/2. BG/BG-13-img-3_nobg.png,/home/drnguyenvinh/notebooks/processed-images/processed_images/2. BG/BG-13-img-3_nobg.png,2. BG/BG-13-img-3_nobg.png,BG-13-img-3_nobg.png,2. BG,2. BG,BG,BG,1,1,BG-13,2. BG::BG-13,parsed,BG-13-img-3,True,,668747,2fa26ca895d5356724566492b958dd14,train
/home/drnguyenvinh/notebooks/processed-images/processed_images/2. BG/BG-14-img-1_nobg.png,/home/drnguyenvinh/notebooks/processed-images/processed_images/2. BG/BG-14-img-1_nobg.png,2. BG/BG-14-img-1_nobg.png,BG-14-img-1_nobg.png,2. BG,2. BG,BG,BG,1,1,BG-14,2. BG::BG-14,parsed,BG-14-img-1,True,,699621,ed435a1c501908eda9bf6848a94378c0,train
/home/drnguyenvinh/notebooks/processed-images/processed_images/2. BG/BG-16-img-1_nobg.png,/home/drnguyenvinh/notebooks/processed-images/processed_images/2. BG/BG-16-img-1_nobg.png,2. BG/BG-16-img-1_nobg.png,BG-16-img-1_nobg.png,2. BG,2. BG,BG,BG,1,1,BG-16,2. BG::BG-16,parsed,BG-16-img-1,True,,1038003,eaafc7200fbcd8bc27c718f55a0dd9ec,train
/home/drnguyenvinh/notebooks/processed-images/processed_images/2. BG/BG-18-img-1_nobg.png,/home/drnguyenvinh/notebooks/processed-images/processed_images/2. BG/BG-18-img-1_nobg.png,2. BG/BG-18-img-1_nobg.png,BG-18-img-1_nobg.png,2. BG,2. BG,BG,BG,1,1,BG-18,2. BG::BG-18,parsed,BG-18-img-1,True,,632816,f2aca2d090abf09ea1f6e3ef1ead5fe9,train
/home/drnguyenvinh/notebooks/processed-images/processed_images/2. BG/BG-19-img-1_nobg.png,/home/drnguyenvinh/notebooks/processed-images/processed_images/2. BG/BG-19-img-1_nobg.png,2. BG/BG-19-img-1_nobg.png,BG-19-img-1_nobg.png,2. BG,2. BG,BG,BG,1,1,BG-19,2. BG::BG-19,parsed,BG-19-img-1,True,,986578,2a55253657f9217432287298b702b2e8,train
/home/drnguyenvinh/notebooks/processed-images/processed_images/2. BG/BG-19-img-2_nobg.png,/home/drnguyenvinh/notebooks/processed-images/processed_images/2. BG/BG-19-img-2_nobg.png,2. BG/BG-19-img-2_nobg.png,BG-19-img-2_nobg.png,2. BG,2. BG,BG,BG,1,1,BG-19,2. BG::BG-19,parsed,BG-19-img-2,True,,815319,7b1ab5a1364a78bd4c97ec9947f99bdd,train
/home/drnguyenvinh/notebooks/processed-images/processed_images/2. BG/BG-2-img-1_nobg.png,/home/drnguyenvinh/notebooks/processed-images/processed_images/2. BG/BG-2-img-1_nobg.png,2. BG/BG-2-img-1_nobg.png,BG-2-img-1_nobg.png,2. BG,2. BG,BG,BG,1,1,BG-2,2. BG::BG-2,parsed,BG-2-img-1,True,,2494665,fadb2a5d5006258459743122e1abe199,train
/home/drnguyenvinh/notebooks/processed-images/processed_images/2. BG/BG-2-img-2_nobg.png,/home/drnguyenvinh/notebooks/processed-images/processed_images/2. BG/BG-2-img-2_nobg.png,2. BG/BG-2-img-2_nobg.png,BG-2-img-2_nobg.png,2. BG,2. BG,BG,BG,1,1,BG-2,2. BG::BG-2,parsed,BG-2-img-2,True,,1500402,5e43bc142ef6e6bdfe3b3e66638991f8,train
/home/drnguyenvinh/notebooks/processed-images/processed_images/2. BG/BG-2-img-3_nobg.png,/home/drnguyenvinh/notebooks/processed-images/processed_images/2. BG/BG-2-img-3_nobg.png,2. BG/BG-2-img-3_nobg.png,BG-2-img-3_nobg.png,2. BG,2. BG,BG,BG,1,1,BG-2,2. BG::BG-2,parsed,BG-2-img-3,True,,1859255,911ca31d73938e1abf809f05481c04d0,train
/home/drnguyenvinh/notebooks/processed-images/processed_images/2. BG/BG-23-img-1_nobg.png,/home/drnguyenvinh/notebooks/processed-images/processed_images/2. BG/BG-23-img-1_nobg.png,2. BG/BG-23-img-1_nobg.png,BG-23-img-1_nobg.png,2. BG,2. BG,BG,BG,1,1,BG-23,2. BG::BG-23,parsed,BG-23-img-1,True,,1349464,ee2ce355afcb0b801a6c7c0bf1d30f2c,train
/home/drnguyenvinh/notebooks/processed-images/processed_images/2. BG/BG-23-img-2_nobg.png,/home/drnguyenvinh/notebooks/processed-images/processed_images/2. BG/BG-23-img-2_nobg.png,2. BG/BG-23-img-2_nobg.png,BG-23-img-2_nobg.png,2. BG,2. BG,BG,BG,1,1,BG-23,2. BG::BG-23,parsed,BG-23-img-2,True,,1473147,2a522682fdf10f18fa320da9d84b1a13,train
/home/drnguyenvinh/notebooks/processed-images/processed_images/2. BG/BG-23-img-3_nobg.png,/home/drnguyenvinh/notebooks/processed-images/processed_images/2. BG/BG-23-img-3_nobg.png,2. BG/BG-23-img-3_nobg.png,BG-23-img-3_nobg.png,2. BG,2. BG,BG,BG,1,1,BG-23,2. BG::BG-23,parsed,BG-23-img-3,True,,1654827,a825cd30f447aa317efaeea81a1aae44,train
/home/drnguyenvinh/notebooks/processed-images/processed_images/2. BG/BG-24-img-1_nobg.png,/home/drnguyenvinh/notebooks/processed-images/processed_images/2. BG/BG-24-img-1_nobg.png,2. BG/BG-24-img-1_nobg.png,BG-24-img-1_nobg.png,2. BG,2. BG,BG,BG,1,1,BG-24,2. BG::BG-24,parsed,BG-24-img-1,True,,1643361,461592b9e9e76f9f67908378d966de81,train
/home/drnguyenvinh/notebooks/processed-images/processed_images/2. BG/BG-24-img-2_nobg.png,/home/drnguyenvinh/notebooks/processed-images/processed_images/2. BG/BG-24-img-2_nobg.png,2. BG/BG-24-img-2_nobg.png,BG-24-img-2_nobg.png,2. BG,2. BG,BG,BG,1,1,BG-24,2. BG::BG-24,parsed,BG-24-img-2,True,,1748407,907367c923b2eb006873ca8fbb3f21f8,train
/home/drnguyenvinh/notebooks/processed-images/processed_images/2. BG/BG-24-img-3_nobg.png,/home/drnguyenvinh/notebooks/processed-images/processed_images/2. BG/BG-24-img-3_nobg.png,2. BG/BG-24-img-3_nobg.png,BG-24-img-3_nobg.png,2. BG,2. BG,BG,BG,1,1,BG-24,2. BG::BG-24,parsed,BG-24-img-3,True,,1893283,7d274f6d95545eb8fd5eafe4a6a94862,train
/home/drnguyenvinh/notebooks/processed-images/processed_images/2. BG/BG-25-img-1_nobg.png,/home/drnguyenvinh/notebooks/processed-images/processed_images/2. BG/BG-25-img-1_nobg.png,2. BG/BG-25-img-1_nobg.png,BG-25-img-1_nobg.png,2. BG,2. BG,BG,BG,1,1,BG-25,2. BG::BG-25,parsed,BG-25-img-1,True,,1902156,394170c95998bc96cb1b5cb0a86e1a5b,train
/home/drnguyenvinh/notebooks/processed-images/processed_images/2. BG/BG-25-img-2_nobg.png,/home/drnguyenvinh/notebooks/processed-images/processed_images/2. BG/BG-25-img-2_nobg.png,2. BG/BG-25-img-2_nobg.png,BG-25-img-2_nobg.png,2. BG,2. BG,BG,BG,1,1,BG-25,2. BG::BG-25,parsed,BG-25-img-2,True,,1548464,4acde474c6a6fcce18a863ee42b866f9,train
/home/drnguyenvinh/notebooks/processed-images/processed_images/2. BG/BG-25-img-3_nobg.png,/home/drnguyenvinh/notebooks/processed-images/processed_images/2. BG/BG-25-img-3_nobg.png,2. BG/BG-25-img-3_nobg.png,BG-25-img-3_nobg.png,2. BG,2. BG,BG,BG,1,1,BG-25,2. BG::BG-25,parsed,BG-25-img-3,True,,1334477,f66af4a80710ea0d45c5d389f05db0fa,train
/home/drnguyenvinh/notebooks/processed-images/processed_images/2. BG/BG-26-img-1_nobg.png,/home/drnguyenvinh/notebooks/processed-images/processed_images/2. BG/BG-26-img-1_nobg.png,2. BG/BG-26-img-1_nobg.png,BG-26-img-1_nobg.png,2. BG,2. BG,BG,BG,1,1,BG-26,2. BG::BG-26,parsed,BG-26-img-1,True,,1390238,0af9ee0baca25a29b45715be773a8420,train
/home/drnguyenvinh/notebooks/processed-images/processed_images/2. BG/BG-27-img-1_nobg.png,/home/drnguyenvinh/notebooks/processed-images/processed_images/2. BG/BG-27-img-1_nobg.png,2. BG/BG-27-img-1_nobg.png,BG-27-img-1_nobg.png,2. BG,2. BG,BG,BG,1,1,BG-27,2. BG::BG-27,parsed,BG-27-img-1,True,,982118,ba79e9693d807c2999da2ff16ceb8e7e,train
/home/drnguyenvinh/notebooks/processed-images/processed_images/2. BG/BG-27-img-2_nobg.png,/home/drnguyenvinh/notebooks/processed-images/processed_images/2. BG/BG-27-img-2_nobg.png,2. BG/BG-27-img-2_nobg.png,BG-27-img-2_nobg.png,2. BG,2. BG,BG,BG,1,1,BG-27,2. BG::BG-27,parsed,BG-27-img-2,True,,1014611,9a97f4aae2201251ab8f259169dc3d0c,train
/home/drnguyenvinh/notebooks/processed-images/processed_images/2. BG/BG-27-img-3_nobg.png,/home/drnguyenvinh/notebooks/processed-images/processed_images/2. BG/BG-27-img-3_nobg.png,2. BG/BG-27-img-3_nobg.png,BG-27-img-3_nobg.png,2. BG,2. BG,BG,BG,1,1,BG-27,2. BG::BG-27,parsed,BG-27-img-3,True,,956207,05e762c80a3f095816eb735f0467fd55,train
/home/drnguyenvinh/notebooks/processed-images/processed_images/2. BG/BG-28-img-1_nobg.png,/home/drnguyenvinh/notebooks/processed-images/processed_images/2. BG/BG-28-img-1_nobg.png,2. BG/BG-28-img-1_nobg.png,BG-28-img-1_nobg.png,2. BG,2. BG,BG,BG,1,1,BG-28,2. BG::BG-28,parsed,BG-28-img-1,True,,750780,7e3d3087dbcdd4aed1985beeba52d8b5,train
/home/drnguyenvinh/notebooks/processed-images/processed_images/2. BG/BG-28-img-2_nobg.png,/home/drnguyenvinh/notebooks/processed-images/processed_images/2. BG/BG-28-img-2_nobg.png,2. BG/BG-28-img-2_nobg.png,BG-28-img-2_nobg.png,2. BG,2. BG,BG,BG,1,1,BG-28,2. BG::BG-28,parsed,BG-28-img-2,True,,771278,bc384b66ac2ddd4ced0f441ad874528e,train
/home/drnguyenvinh/notebooks/processed-images/processed_images/2. BG/BG-30-img-1_nobg.png,/home/drnguyenvinh/notebooks/processed-images/processed_images/2. BG/BG-30-img-1_nobg.png,2. BG/BG-30-img-1_nobg.png,BG-30-img-1_nobg.png,2. BG,2. BG,BG,BG,1,1,BG-30,2. BG::BG-30,parsed,BG-30-img-1,True,,1082943,9edee0f36c8821d808b887e4520db6d7,train
/home/drnguyenvinh/notebooks/processed-images/processed_images/2. BG/BG-30-img-2_nobg.png,/home/drnguyenvinh/notebooks/processed-images/processed_images/2. BG/BG-30-img-2_nobg.png,2. BG/BG-30-img-2_nobg.png,BG-30-img-2_nobg.png,2. BG,2. BG,BG,BG,1,1,BG-30,2. BG::BG-30,parsed,BG-30-img-2,True,,1288369,252dcb233ca8d997bbff9a197b524f04,train
/home/drnguyenvinh/notebooks/processed-images/processed_images/2. BG/BG-30-img-3_nobg.png,/home/drnguyenvinh/notebooks/processed-images/processed_images/2. BG/BG-30-img-3_nobg.png,2. BG/BG-30-img-3_nobg.png,BG-30-img-3_nobg.png,2. BG,2. BG,BG,BG,1,1,BG-30,2. BG::BG-30,parsed,BG-30-img-3,True,,918326,0681b8683cb73c21ab232a2aff619643,train
/home/drnguyenvinh/notebooks/processed-images/processed_images/2. BG/BG-31-img-1_nobg.png,/home/drnguyenvinh/notebooks/processed-images/processed_images/2. BG/BG-31-img-1_nobg.png,2. BG/BG-31-img-1_nobg.png,BG-31-img-1_nobg.png,2. BG,2. BG,BG,BG,1,1,BG-31,2. BG::BG-31,parsed,BG-31-img-1,True,,1141119,fe66155706923592cb1afd324a78a1ff,train
/home/drnguyenvinh/notebooks/processed-images/processed_images/2. BG/BG-31-img-2_nobg.png,/home/drnguyenvinh/notebooks/processed-images/processed_images/2. BG/BG-31-img-2_nobg.png,2. BG/BG-31-img-2_nobg.png,BG-31-img-2_nobg.png,2. BG,2. BG,BG,BG,1,1,BG-31,2. BG::BG-31,parsed,BG-31-img-2,True,,1183063,a919f3be8106ef7a37f2b55cdb5961f0,train
/home/drnguyenvinh/notebooks/processed-images/processed_images/2. BG/BG-31-img-3_nobg.png,/home/drnguyenvinh/notebooks/processed-images/processed_images/2. BG/BG-31-img-3_nobg.png,2. BG/BG-31-img-3_nobg.png,BG-31-img-3_nobg.png,2. BG,2. BG,BG,BG,1,1,BG-31,2. BG::BG-31,parsed,BG-31-img-3,True,,917131,fb94c3bbf50c8d16513fa9e7f0e6d065,train
/home/drnguyenvinh/notebooks/processed-images/processed_images/2. BG/BG-32-img-1_nobg.png,/home/drnguyenvinh/notebooks/processed-images/processed_images/2. BG/BG-32-img-1_nobg.png,2. BG/BG-32-img-1_nobg.png,BG-32-img-1_nobg.png,2. BG,2. BG,BG,BG,1,1,BG-32,2. BG::BG-32,parsed,BG-32-img-1,True,,851816,d1cb4a64c88125d16dfe65ca236958c5,train
/home/drnguyenvinh/notebooks/processed-images/processed_images/2. BG/BG-32-img-2_nobg.png,/home/drnguyenvinh/notebooks/processed-images/processed_images/2. BG/BG-32-img-2_nobg.png,2. BG/BG-32-img-2_nobg.png,BG-32-img-2_nobg.png,2. BG,2. BG,BG,BG,1,1,BG-32,2. BG::BG-32,parsed,BG-32-img-2,True,,932053,358d144aab6d229fb33c937569dfc385,train
/home/drnguyenvinh/notebooks/processed-images/processed_images/2. BG/BG-36-img-1_nobg.png,/home/drnguyenvinh/notebooks/processed-images/processed_images/2. BG/BG-36-img-1_nobg.png,2. BG/BG-36-img-1_nobg.png,BG-36-img-1_nobg.png,2. BG,2. BG,BG,BG,1,1,BG-36,2. BG::BG-36,parsed,BG-36-img-1,True,,747326,39c3902698774ca66c11ca1d05ae096b,train
/home/drnguyenvinh/notebooks/processed-images/processed_images/2. BG/BG-36-img-2_nobg.png,/home/drnguyenvinh/notebooks/processed-images/processed_images/2. BG/BG-36-img-2_nobg.png,2. BG/BG-36-img-2_nobg.png,BG-36-img-2_nobg.png,2. BG,2. BG,BG,BG,1,1,BG-36,2. BG::BG-36,parsed,BG-36-img-2,True,,1076151,67358be57dbfb391ba191cc670316e87,train
/home/drnguyenvinh/notebooks/processed-images/processed_images/2. BG/BG-36-img-3_nobg.png,/home/drnguyenvinh/notebooks/processed-images/processed_images/2. BG/BG-36-img-3_nobg.png,2. BG/BG-36-img-3_nobg.png,BG-36-img-3_nobg.png,2. BG,2. BG,BG,BG,1,1,BG-36,2. BG::BG-36,parsed,BG-36-img-3,True,,699824,db75341bd0dd571133f401d02644cbee,train
/home/drnguyenvinh/notebooks/processed-images/processed_images/2. BG/BG-37-img-1_nobg.png,/home/drnguyenvinh/notebooks/processed-images/processed_images/2. BG/BG-37-img-1_nobg.png,2. BG/BG-37-img-1_nobg.png,BG-37-img-1_nobg.png,2. BG,2. BG,BG,BG,1,1,BG-37,2. BG::BG-37,parsed,BG-37-img-1,True,,997415,642e107a29132f77a69e6927840d3119,train
/home/drnguyenvinh/notebooks/processed-images/processed_images/2. BG/BG-37-img-2_nobg.png,/home/drnguyenvinh/notebooks/processed-images/processed_images/2. BG/BG-37-img-2_nobg.png,2. BG/BG-37-img-2_nobg.png,BG-37-img-2_nobg.png,2. BG,2. BG,BG,BG,1,1,BG-37,2. BG::BG-37,parsed,BG-37-img-2,True,,986878,7681607611971fcfc89ac08f23ab65b0,train
/home/drnguyenvinh/notebooks/processed-images/processed_images/2. BG/BG-37-img-3_nobg.png,/home/drnguyenvinh/notebooks/processed-images/processed_images/2. BG/BG-37-img-3_nobg.png,2. BG/BG-37-img-3_nobg.png,BG-37-img-3_nobg.png,2. BG,2. BG,BG,BG,1,1,BG-37,2. BG::BG-37,parsed,BG-37-img-3,True,,908363,40792f651ad1be5748e62d56ab83729b,train
/home/drnguyenvinh/notebooks/processed-images/processed_images/2. BG/BG-39-img-1_nobg.png,/home/drnguyenvinh/notebooks/processed-images/processed_images/2. BG/BG-39-img-1_nobg.png,2. BG/BG-39-img-1_nobg.png,BG-39-img-1_nobg.png,2. BG,2. BG,BG,BG,1,1,BG-39,2. BG::BG-39,parsed,BG-39-img-1,True,,1155387,75127637cf16a17fccfc73ddc88b68f6,train
/home/drnguyenvinh/notebooks/processed-images/processed_images/2. BG/BG-39-img-2_nobg.png,/home/drnguyenvinh/notebooks/processed-images/processed_images/2. BG/BG-39-img-2_nobg.png,2. BG/BG-39-img-2_nobg.png,BG-39-img-2_nobg.png,2. BG,2. BG,BG,BG,1,1,BG-39,2. BG::BG-39,parsed,BG-39-img-2,True,,1176618,da09393c1b6d01f277cadfe83dd88d6d,train
/home/drnguyenvinh/notebooks/processed-images/processed_images/2. BG/BG-39-img-3_nobg.png,/home/drnguyenvinh/notebooks/processed-images/processed_images/2. BG/BG-39-img-3_nobg.png,2. BG/BG-39-img-3_nobg.png,BG-39-img-3_nobg.png,2. BG,2. BG,BG,BG,1,1,BG-39,2. BG::BG-39,parsed,BG-39-img-3,True,,1068732,e4ae79023887f1e359e45ea4da505714,train
/home/drnguyenvinh/notebooks/processed-images/processed_images/2. BG/BG-4-img-1_nobg.png,/home/drnguyenvinh/notebooks/processed-images/processed_images/2. BG/BG-4-img-1_nobg.png,2. BG/BG-4-img-1_nobg.png,BG-4-img-1_nobg.png,2. BG,2. BG,BG,BG,1,1,BG-4,2. BG::BG-4,parsed,BG-4-img-1,True,,750840,d733d3d57511775c7da075dbba26903e,train
/home/drnguyenvinh/notebooks/processed-images/processed_images/2. BG/BG-4-img-2_nobg.png,/home/drnguyenvinh/notebooks/processed-images/processed_images/2. BG/BG-4-img-2_nobg.png,2. BG/BG-4-img-2_nobg.png,BG-4-img-2_nobg.png,2. BG,2. BG,BG,BG,1,1,BG-4,2. BG::BG-4,parsed,BG-4-img-2,True,,1045133,91f09b3e0e51a94a927340c9bdea6cc8,train
/home/drnguyenvinh/notebooks/processed-images/processed_images/2. BG/BG-4-img-3_nobg.png,/home/drnguyenvinh/notebooks/processed-images/processed_images/2. BG/BG-4-img-3_nobg.png,2. BG/BG-4-img-3_nobg.png,BG-4-img-3_nobg.png,2. BG,2. BG,BG,BG,1,1,BG-4,2. BG::BG-4,parsed,BG-4-img-3,True,,1231519,5ed11859fa4a717e990255232d30ca65,train
/home/drnguyenvinh/notebooks/processed-images/processed_images/2. BG/BG-40-img-1_nobg.png,/home/drnguyenvinh/notebooks/processed-images/processed_images/2. BG/BG-40-img-1_nobg.png,2. BG/BG-40-img-1_nobg.png,BG-40-img-1_nobg.png,2. BG,2. BG,BG,BG,1,1,BG-40,2. BG::BG-40,parsed,BG-40-img-1,True,,1228770,e7a04a715a7187ad535ba282b7b429c2,train
/home/drnguyenvinh/notebooks/processed-images/processed_images/2. BG/BG-40-img-2_nobg.png,/home/drnguyenvinh/notebooks/processed-images/processed_images/2. BG/BG-40-img-2_nobg.png,2. BG/BG-40-img-2_nobg.png,BG-40-img-2_nobg.png,2. BG,2. BG,BG,BG,1,1,BG-40,2. BG::BG-40,parsed,BG-40-img-2,True,,994722,b26b1c817967f66217240f892007783d,train
/home/drnguyenvinh/notebooks/processed-images/processed_images/2. BG/BG-40-img-3_nobg.png,/home/drnguyenvinh/notebooks/processed-images/processed_images/2. BG/BG-40-img-3_nobg.png,2. BG/BG-40-img-3_nobg.png,BG-40-img-3_nobg.png,2. BG,2. BG,BG,BG,1,1,BG-40,2. BG::BG-40,parsed,BG-40-img-3,True,,1040363,89444cd65e5ee408463f25354158f19f,train
/home/drnguyenvinh/notebooks/processed-images/processed_images/2. BG/BG-42-img-1_nobg.png,/home/drnguyenvinh/notebooks/processed-images/processed_images/2. BG/BG-42-img-1_nobg.png,2. BG/BG-42-img-1_nobg.png,BG-42-img-1_nobg.png,2. BG,2. BG,BG,BG,1,1,BG-42,2. BG::BG-42,parsed,BG-42-img-1,True,,1095193,e4f0ba235ccee1241a160fce25977dcd,train
/home/drnguyenvinh/notebooks/processed-images/processed_images/2. BG/BG-42-img-2_nobg.png,/home/drnguyenvinh/notebooks/processed-images/processed_images/2. BG/BG-42-img-2_nobg.png,2. BG/BG-42-img-2_nobg.png,BG-42-img-2_nobg.png,2. BG,2. BG,BG,BG,1,1,BG-42,2. BG::BG-42,parsed,BG-42-img-2,True,,882104,96ec197931c876f5d7df82918df7eeac,train
/home/drnguyenvinh/notebooks/processed-images/processed_images/2. BG/BG-42-img-3_nobg.png,/home/drnguyenvinh/notebooks/processed-images/processed_images/2. BG/BG-42-img-3_nobg.png,2. BG/BG-42-img-3_nobg.png,BG-42-img-3_nobg.png,2. BG,2. BG,BG,BG,1,1,BG-42,2. BG::BG-42,parsed,BG-42-img-3,True,,1091855,f033c456ce4b017da9200162e68ef682,train
/home/drnguyenvinh/notebooks/processed-images/processed_images/2. BG/BG-43-img-1_nobg.png,/home/drnguyenvinh/notebooks/processed-images/processed_images/2. BG/BG-43-img-1_nobg.png,2. BG/BG-43-img-1_nobg.png,BG-43-img-1_nobg.png,2. BG,2. BG,BG,BG,1,1,BG-43,2. BG::BG-43,parsed,BG-43-img-1,True,,882729,132feba96a53ee4c7bc5e53a3a625af9,train
/home/drnguyenvinh/notebooks/processed-images/processed_images/2. BG/BG-43-img-2_nobg.png,/home/drnguyenvinh/notebooks/processed-images/processed_images/2. BG/BG-43-img-2_nobg.png,2. BG/BG-43-img-2_nobg.png,BG-43-img-2_nobg.png,2. BG,2. BG,BG,BG,1,1,BG-43,2. BG::BG-43,parsed,BG-43-img-2,True,,933369,59fd775c43d009d37b8826a1e04d6006,train
/home/drnguyenvinh/notebooks/processed-images/processed_images/2. BG/BG-43-img-3_nobg.png,/home/drnguyenvinh/notebooks/processed-images/processed_images/2. BG/BG-43-img-3_nobg.png,2. BG/BG-43-img-3_nobg.png,BG-43-img-3_nobg.png,2. BG,2. BG,BG,BG,1,1,BG-43,2. BG::BG-43,parsed,BG-43-img-3,True,,1068990,bbd7cfee0b1ed183a73fe4d7bf77794c,train
/home/drnguyenvinh/notebooks/processed-images/processed_images/2. BG/BG-44-img-1_nobg.png,/home/drnguyenvinh/notebooks/processed-images/processed_images/2. BG/BG-44-img-1_nobg.png,2. BG/BG-44-img-1_nobg.png,BG-44-img-1_nobg.png,2. BG,2. BG,BG,BG,1,1,BG-44,2. BG::BG-44,parsed,BG-44-img-1,True,,1120695,f4a138b74d70ca1c21c3cde09da78a83,train
/home/drnguyenvinh/notebooks/processed-images/processed_images/2. BG/BG-44-img-2_nobg.png,/home/drnguyenvinh/notebooks/processed-images/processed_images/2. BG/BG-44-img-2_nobg.png,2. BG/BG-44-img-2_nobg.png,BG-44-img-2_nobg.png,2. BG,2. BG,BG,BG,1,1,BG-44,2. BG::BG-44,parsed,BG-44-img-2,True,,1213353,237f9653b94784ab91f618c677c9e7e1,train
/home/drnguyenvinh/notebooks/processed-images/processed_images/2. BG/BG-44-img-3_nobg.png,/home/drnguyenvinh/notebooks/processed-images/processed_images/2. BG/BG-44-img-3_nobg.png,2. BG/BG-44-img-3_nobg.png,BG-44-img-3_nobg.png,2. BG,2. BG,BG,BG,1,1,BG-44,2. BG::BG-44,parsed,BG-44-img-3,True,,1050290,56703e0d128125028240b49e7028a68c,train
/home/drnguyenvinh/notebooks/processed-images/processed_images/2. BG/BG-45-img-1_nobg.png,/home/drnguyenvinh/notebooks/processed-images/processed_images/2. BG/BG-45-img-1_nobg.png,2. BG/BG-45-img-1_nobg.png,BG-45-img-1_nobg.png,2. BG,2. BG,BG,BG,1,1,BG-45,2. BG::BG-45,parsed,BG-45-img-1,True,,855436,0238a032790e638aa7c7ffbb1c3da32c,train
/home/drnguyenvinh/notebooks/processed-images/processed_images/2. BG/BG-45-img-2_nobg.png,/home/drnguyenvinh/notebooks/processed-images/processed_images/2. BG/BG-45-img-2_nobg.png,2. BG/BG-45-img-2_nobg.png,BG-45-img-2_nobg.png,2. BG,2. BG,BG,BG,1,1,BG-45,2. BG::BG-45,parsed,BG-45-img-2,True,,992809,f69d2ac249876a26cc4f32624015b616,train
/home/drnguyenvinh/notebooks/processed-images/processed_images/2. BG/BG-45-img-3_nobg.png,/home/drnguyenvinh/notebooks/processed-images/processed_images/2. BG/BG-45-img-3_nobg.png,2. BG/BG-45-img-3_nobg.png,BG-45-img-3_nobg.png,2. BG,2. BG,BG,BG,1,1,BG-45,2. BG::BG-45,parsed,BG-45-img-3,True,,1112934,ced8253aae4727af7cceaf7f85b4d84c,train
/home/drnguyenvinh/notebooks/processed-images/processed_images/2. BG/BG-46-img-1_nobg.png,/home/drnguyenvinh/notebooks/processed-images/processed_images/2. BG/BG-46-img-1_nobg.png,2. BG/BG-46-img-1_nobg.png,BG-46-img-1_nobg.png,2. BG,2. BG,BG,BG,1,1,BG-46,2. BG::BG-46,parsed,BG-46-img-1,True,,1160188,f7a3e8e8c9fd84189c77d5931a5046b4,train
/home/drnguyenvinh/notebooks/processed-images/processed_images/2. BG/BG-46-img-2_nobg.png,/home/drnguyenvinh/notebooks/processed-images/processed_images/2. BG/BG-46-img-2_nobg.png,2. BG/BG-46-img-2_nobg.png,BG-46-img-2_nobg.png,2. BG,2. BG,BG,BG,1,1,BG-46,2. BG::BG-46,parsed,BG-46-img-2,True,,1208878,ff62a832b373ddea4caabd66cef4d122,train
/home/drnguyenvinh/notebooks/processed-images/processed_images/2. BG/BG-49-img-1_nobg.png,/home/drnguyenvinh/notebooks/processed-images/processed_images/2. BG/BG-49-img-1_nobg.png,2. BG/BG-49-img-1_nobg.png,BG-49-img-1_nobg.png,2. BG,2. BG,BG,BG,1,1,BG-49,2. BG::BG-49,parsed,BG-49-img-1,True,,815804,1ba211d3fe4859355fc67eb8d74f18c3,train
/home/drnguyenvinh/notebooks/processed-images/processed_images/2. BG/BG-49-img-2_nobg.png,/home/drnguyenvinh/notebooks/processed-images/processed_images/2. BG/BG-49-img-2_nobg.png,2. BG/BG-49-img-2_nobg.png,BG-49-img-2_nobg.png,2. BG,2. BG,BG,BG,1,1,BG-49,2. BG::BG-49,parsed,BG-49-img-2,True,,789703,6b0965665c62e3dce2ac4a513939e322,train
/home/drnguyenvinh/notebooks/processed-images/processed_images/2. BG/BG-49-img-3_nobg.png,/home/drnguyenvinh/notebooks/processed-images/processed_images/2. BG/BG-49-img-3_nobg.png,2. BG/BG-49-img-3_nobg.png,BG-49-img-3_nobg.png,2. BG,2. BG,BG,BG,1,1,BG-49,2. BG::BG-49,parsed,BG-49-img-3,True,,844169,da73a31cc63ba7f9b22e0ed9b1dd8641,train
/home/drnguyenvinh/notebooks/processed-images/processed_images/2. BG/BG-50-img-1_nobg.png,/home/drnguyenvinh/notebooks/processed-images/processed_images/2. BG/BG-50-img-1_nobg.png,2. BG/BG-50-img-1_nobg.png,BG-50-img-1_nobg.png,2. BG,2. BG,BG,BG,1,1,BG-50,2. BG::BG-50,parsed,BG-50-img-1,True,,790413,9964dbd80b00ed2c3b6a9000ad29af91,train
/home/drnguyenvinh/notebooks/processed-images/processed_images/2. BG/BG-50-img-2_nobg.png,/home/drnguyenvinh/notebooks/processed-images/processed_images/2. BG/BG-50-img-2_nobg.png,2. BG/BG-50-img-2_nobg.png,BG-50-img-2_nobg.png,2. BG,2. BG,BG,BG,1,1,BG-50,2. BG::BG-50,parsed,BG-50-img-2,True,,811680,8545581d24f28f0cae356a5e29b7f1a7,train
/home/drnguyenvinh/notebooks/processed-images/processed_images/2. BG/BG-51-img-1_nobg.png,/home/drnguyenvinh/notebooks/processed-images/processed_images/2. BG/BG-51-img-1_nobg.png,2. BG/BG-51-img-1_nobg.png,BG-51-img-1_nobg.png,2. BG,2. BG,BG,BG,1,1,BG-51,2. BG::BG-51,parsed,BG-51-img-1,True,,806405,95cf91d009c1717be3141d41560ba13b,train
/home/drnguyenvinh/notebooks/processed-images/processed_images/2. BG/BG-51-img-2_nobg.png,/home/drnguyenvinh/notebooks/processed-images/processed_images/2. BG/BG-51-img-2_nobg.png,2. BG/BG-51-img-2_nobg.png,BG-51-img-2_nobg.png,2. BG,2. BG,BG,BG,1,1,BG-51,2. BG::BG-51,parsed,BG-51-img-2,True,,856708,de3dd76b1a8401a385dc8f00a3fa315a,train
/home/drnguyenvinh/notebooks/processed-images/processed_images/2. BG/BG-51-img-3_nobg.png,/home/drnguyenvinh/notebooks/processed-images/processed_images/2. BG/BG-51-img-3_nobg.png,2. BG/BG-51-img-3_nobg.png,BG-51-img-3_nobg.png,2. BG,2. BG,BG,BG,1,1,BG-51,2. BG::BG-51,parsed,BG-51-img-3,True,,959036,b401b6641e05ba31ceea6f54a24d37ba,train
/home/drnguyenvinh/notebooks/processed-images/processed_images/2. BG/BG-52-img-1_nobg.png,/home/drnguyenvinh/notebooks/processed-images/processed_images/2. BG/BG-52-img-1_nobg.png,2. BG/BG-52-img-1_nobg.png,BG-52-img-1_nobg.png,2. BG,2. BG,BG,BG,1,1,BG-52,2. BG::BG-52,parsed,BG-52-img-1,True,,975671,73a67d3fabdac3d59d26cc0245fb47b7,train
/home/drnguyenvinh/notebooks/processed-images/processed_images/2. BG/BG-52-img-2_nobg.png,/home/drnguyenvinh/notebooks/processed-images/processed_images/2. BG/BG-52-img-2_nobg.png,2. BG/BG-52-img-2_nobg.png,BG-52-img-2_nobg.png,2. BG,2. BG,BG,BG,1,1,BG-52,2. BG::BG-52,parsed,BG-52-img-2,True,,1043154,768992bb4314e73f8d61fff53a857e65,train
/home/drnguyenvinh/notebooks/processed-images/processed_images/2. BG/BG-52-img-3_nobg.png,/home/drnguyenvinh/notebooks/processed-images/processed_images/2. BG/BG-52-img-3_nobg.png,2. BG/BG-52-img-3_nobg.png,BG-52-img-3_nobg.png,2. BG,2. BG,BG,BG,1,1,BG-52,2. BG::BG-52,parsed,BG-52-img-3,True,,823566,80d300f6dd4c1cff399f3dccf21444dd,train
/home/drnguyenvinh/notebooks/processed-images/processed_images/2. BG/BG-53-img-1_nobg.png,/home/drnguyenvinh/notebooks/processed-images/processed_images/2. BG/BG-53-img-1_nobg.png,2. BG/BG-53-img-1_nobg.png,BG-53-img-1_nobg.png,2. BG,2. BG,BG,BG,1,1,BG-53,2. BG::BG-53,parsed,BG-53-img-1,True,,1093458,7f367879372707112a5bbd9cab819554,train
/home/drnguyenvinh/notebooks/processed-images/processed_images/2. BG/BG-53-img-2_nobg.png,/home/drnguyenvinh/notebooks/processed-images/processed_images/2. BG/BG-53-img-2_nobg.png,2. BG/BG-53-img-2_nobg.png,BG-53-img-2_nobg.png,2. BG,2. BG,BG,BG,1,1,BG-53,2. BG::BG-53,parsed,BG-53-img-2,True,,1138370,ba3a9ab2ed09cf737281f3dc243b8ac8,train
/home/drnguyenvinh/notebooks/processed-images/processed_images/2. BG/BG-53-img-3_nobg.png,/home/drnguyenvinh/notebooks/processed-images/processed_images/2. BG/BG-53-img-3_nobg.png,2. BG/BG-53-img-3_nobg.png,BG-53-img-3_nobg.png,2. BG,2. BG,BG,BG,1,1,BG-53,2. BG::BG-53,parsed,BG-53-img-3,True,,1306474,4e221632e88df675cd5ba69ce30f22ea,train
/home/drnguyenvinh/notebooks/processed-images/processed_images/2. BG/BG-54-img-1_nobg.png,/home/drnguyenvinh/notebooks/processed-images/processed_images/2. BG/BG-54-img-1_nobg.png,2. BG/BG-54-img-1_nobg.png,BG-54-img-1_nobg.png,2. BG,2. BG,BG,BG,1,1,BG-54,2. BG::BG-54,parsed,BG-54-img-1,True,,868185,9e4303b9b32f5b2b0d92a813f04ddd9f,train
/home/drnguyenvinh/notebooks/processed-images/processed_images/2. BG/BG-54-img-2_nobg.png,/home/drnguyenvinh/notebooks/processed-images/processed_images/2. BG/BG-54-img-2_nobg.png,2. BG/BG-54-img-2_nobg.png,BG-54-img-2_nobg.png,2. BG,2. BG,BG,BG,1,1,BG-54,2. BG::BG-54,parsed,BG-54-img-2,True,,885299,57c14eb74578aa588a0637810773ac15,train
/home/drnguyenvinh/notebooks/processed-images/processed_images/2. BG/BG-54-img-3_nobg.png,/home/drnguyenvinh/notebooks/processed-images/processed_images/2. BG/BG-54-img-3_nobg.png,2. BG/BG-54-img-3_nobg.png,BG-54-img-3_nobg.png,2. BG,2. BG,BG,BG,1,1,BG-54,2. BG::BG-54,parsed,BG-54-img-3,True,,1061565,990518a11c1aa91e4e59fa06d6bb4467,train
/home/drnguyenvinh/notebooks/processed-images/processed_images/2. BG/BG-57-img-1_nobg.png,/home/drnguyenvinh/notebooks/processed-images/processed_images/2. BG/BG-57-img-1_nobg.png,2. BG/BG-57-img-1_nobg.png,BG-57-img-1_nobg.png,2. BG,2. BG,BG,BG,1,1,BG-57,2. BG::BG-57,parsed,BG-57-img-1,True,,1143621,df56754c8a40624dea9219dbab304f51,train
/home/drnguyenvinh/notebooks/processed-images/processed_images/2. BG/BG-58-img-1_nobg.png,/home/drnguyenvinh/notebooks/processed-images/processed_images/2. BG/BG-58-img-1_nobg.png,2. BG/BG-58-img-1_nobg.png,BG-58-img-1_nobg.png,2. BG,2. BG,BG,BG,1,1,BG-58,2. BG::BG-58,parsed,BG-58-img-1,True,,997804,3d9dc2769b51c8aaa160df2a72f5f86a,train
/home/drnguyenvinh/notebooks/processed-images/processed_images/2. BG/BG-58-img-2_nobg.png,/home/drnguyenvinh/notebooks/processed-images/processed_images/2. BG/BG-58-img-2_nobg.png,2. BG/BG-58-img-2_nobg.png,BG-58-img-2_nobg.png,2. BG,2. BG,BG,BG,1,1,BG-58,2. BG::BG-58,parsed,BG-58-img-2,True,,1145688,63e071e297e8de8e99ac30effb5d6be9,train
/home/drnguyenvinh/notebooks/processed-images/processed_images/2. BG/BG-58-img-3_nobg.png,/home/drnguyenvinh/notebooks/processed-images/processed_images/2. BG/BG-58-img-3_nobg.png,2. BG/BG-58-img-3_nobg.png,BG-58-img-3_nobg.png,2. BG,2. BG,BG,BG,1,1,BG-58,2. BG::BG-58,parsed,BG-58-img-3,True,,934087,b1ac0ee29dfbbebeff237f2ab9755506,train
/home/drnguyenvinh/notebooks/processed-images/processed_images/2. BG/BG-59-img-1_nobg.png,/home/drnguyenvinh/notebooks/processed-images/processed_images/2. BG/BG-59-img-1_nobg.png,2. BG/BG-59-img-1_nobg.png,BG-59-img-1_nobg.png,2. BG,2. BG,BG,BG,1,1,BG-59,2. BG::BG-59,parsed,BG-59-img-1,True,,943394,31ece5b560643fe26043db9c0820183c,train
/home/drnguyenvinh/notebooks/processed-images/processed_images/2. BG/BG-59-img-2_nobg.png,/home/drnguyenvinh/notebooks/processed-images/processed_images/2. BG/BG-59-img-2_nobg.png,2. BG/BG-59-img-2_nobg.png,BG-59-img-2_nobg.png,2. BG,2. BG,BG,BG,1,1,BG-59,2. BG::BG-59,parsed,BG-59-img-2,True,,1045282,9a3767fe9355943eb35084461ccb6948,train
/home/drnguyenvinh/notebooks/processed-images/processed_images/2. BG/BG-59-img-3_nobg.png,/home/drnguyenvinh/notebooks/processed-images/processed_images/2. BG/BG-59-img-3_nobg.png,2. BG/BG-59-img-3_nobg.png,BG-59-img-3_nobg.png,2. BG,2. BG,BG,BG,1,1,BG-59,2. BG::BG-59,parsed,BG-59-img-3,True,,1018189,b9fb45508c0983eb5e52cab0351700f4,train
/home/drnguyenvinh/notebooks/processed-images/processed_images/2. BG/BG-6-img-1_nobg.png,/home/drnguyenvinh/notebooks/processed-images/processed_images/2. BG/BG-6-img-1_nobg.png,2. BG/BG-6-img-1_nobg.png,BG-6-img-1_nobg.png,2. BG,2. BG,BG,BG,1,1,BG-6,2. BG::BG-6,parsed,BG-6-img-1,True,,1314587,e32439decb2dbfb68c353e578638f480,train
/home/drnguyenvinh/notebooks/processed-images/processed_images/2. BG/BG-6-img-2_nobg.png,/home/drnguyenvinh/notebooks/processed-images/processed_images/2. BG/BG-6-img-2_nobg.png,2. BG/BG-6-img-2_nobg.png,BG-6-img-2_nobg.png,2. BG,2. BG,BG,BG,1,1,BG-6,2. BG::BG-6,parsed,BG-6-img-2,True,,915684,deed558c208f794adef59467371ebf1f,train
/home/drnguyenvinh/notebooks/processed-images/processed_images/2. BG/BG-6-img-3_nobg.png,/home/drnguyenvinh/notebooks/processed-images/processed_images/2. BG/BG-6-img-3_nobg.png,2. BG/BG-6-img-3_nobg.png,BG-6-img-3_nobg.png,2. BG,2. BG,BG,BG,1,1,BG-6,2. BG::BG-6,parsed,BG-6-img-3,True,,1187576,744d1ca3d6bd6571c60fe08771e9a701,train
/home/drnguyenvinh/notebooks/processed-images/processed_images/2. BG/BG-60-img-1_nobg.png,/home/drnguyenvinh/notebooks/processed-images/processed_images/2. BG/BG-60-img-1_nobg.png,2. BG/BG-60-img-1_nobg.png,BG-60-img-1_nobg.png,2. BG,2. BG,BG,BG,1,1,BG-60,2. BG::BG-60,parsed,BG-60-img-1,True,,980877,a62e596af46e422955fa89a778ea9fbc,train
/home/drnguyenvinh/notebooks/processed-images/processed_images/2. BG/BG-60-img-2_nobg.png,/home/drnguyenvinh/notebooks/processed-images/processed_images/2. BG/BG-60-img-2_nobg.png,2. BG/BG-60-img-2_nobg.png,BG-60-img-2_nobg.png,2. BG,2. BG,BG,BG,1,1,BG-60,2. BG::BG-60,parsed,BG-60-img-2,True,,1016148,b79c41a8d00b07a8fccecb41bcfe880b,train
/home/drnguyenvinh/notebooks/processed-images/processed_images/2. BG/BG-61-img-1_nobg.png,/home/drnguyenvinh/notebooks/processed-images/processed_images/2. BG/BG-61-img-1_nobg.png,2. BG/BG-61-img-1_nobg.png,BG-61-img-1_nobg.png,2. BG,2. BG,BG,BG,1,1,BG-61,2. BG::BG-61,parsed,BG-61-img-1,True,,778653,435427595f05c08059fdb1ac6672228d,train
/home/drnguyenvinh/notebooks/processed-images/processed_images/2. BG/BG-61-img-2_nobg.png,/home/drnguyenvinh/notebooks/processed-images/processed_images/2. BG/BG-61-img-2_nobg.png,2. BG/BG-61-img-2_nobg.png,BG-61-img-2_nobg.png,2. BG,2. BG,BG,BG,1,1,BG-61,2. BG::BG-61,parsed,BG-61-img-2,True,,856564,ed3b6f4b1f8d630d5f469c0896295720,train
/home/drnguyenvinh/notebooks/processed-images/processed_images/2. BG/BG-61-img-3_nobg.png,/home/drnguyenvinh/notebooks/processed-images/processed_images/2. BG/BG-61-img-3_nobg.png,2. BG/BG-61-img-3_nobg.png,BG-61-img-3_nobg.png,2. BG,2. BG,BG,BG,1,1,BG-61,2. BG::BG-61,parsed,BG-61-img-3,True,,795695,d60a2ae221f73c23039496127af233e9,train
/home/drnguyenvinh/notebooks/processed-images/processed_images/2. BG/BG-62-img-1_nobg.png,/home/drnguyenvinh/notebooks/processed-images/processed_images/2. BG/BG-62-img-1_nobg.png,2. BG/BG-62-img-1_nobg.png,BG-62-img-1_nobg.png,2. BG,2. BG,BG,BG,1,1,BG-62,2. BG::BG-62,parsed,BG-62-img-1,True,,791222,53b9e857150209b18dc645f0e4778d69,train
/home/drnguyenvinh/notebooks/processed-images/processed_images/2. BG/BG-62-img-2_nobg.png,/home/drnguyenvinh/notebooks/processed-images/processed_images/2. BG/BG-62-img-2_nobg.png,2. BG/BG-62-img-2_nobg.png,BG-62-img-2_nobg.png,2. BG,2. BG,BG,BG,1,1,BG-62,2. BG::BG-62,parsed,BG-62-img-2,True,,852011,ad96c72d74e707f762d592310509e560,train
/home/drnguyenvinh/notebooks/processed-images/processed_images/2. BG/BG-62-img-3_nobg.png,/home/drnguyenvinh/notebooks/processed-images/processed_images/2. BG/BG-62-img-3_nobg.png,2. BG/BG-62-img-3_nobg.png,BG-62-img-3_nobg.png,2. BG,2. BG,BG,BG,1,1,BG-62,2. BG::BG-62,parsed,BG-62-img-3,True,,1071085,b8035d01a4b12270561d7241624fcd64,train
/home/drnguyenvinh/notebooks/processed-images/processed_images/2. BG/BG-63-img-1_nobg.png,/home/drnguyenvinh/notebooks/processed-images/processed_images/2. BG/BG-63-img-1_nobg.png,2. BG/BG-63-img-1_nobg.png,BG-63-img-1_nobg.png,2. BG,2. BG,BG,BG,1,1,BG-63,2. BG::BG-63,parsed,BG-63-img-1,True,,810597,8636ba39d86ab25237a630a4248c4e1c,train
/home/drnguyenvinh/notebooks/processed-images/processed_images/2. BG/BG-63-img-2_nobg.png,/home/drnguyenvinh/notebooks/processed-images/processed_images/2. BG/BG-63-img-2_nobg.png,2. BG/BG-63-img-2_nobg.png,BG-63-img-2_nobg.png,2. BG,2. BG,BG,BG,1,1,BG-63,2. BG::BG-63,parsed,BG-63-img-2,True,,902630,5b610d2fa61204fab157378a3a66f271,train
/home/drnguyenvinh/notebooks/processed-images/processed_images/2. BG/BG-64-img-1_nobg.png,/home/drnguyenvinh/notebooks/processed-images/processed_images/2. BG/BG-64-img-1_nobg.png,2. BG/BG-64-img-1_nobg.png,BG-64-img-1_nobg.png,2. BG,2. BG,BG,BG,1,1,BG-64,2. BG::BG-64,parsed,BG-64-img-1,True,,822872,0f4f65d86299cdcc49542b05446d5d54,train
/home/drnguyenvinh/notebooks/processed-images/processed_images/2. BG/BG-64-img-2_nobg.png,/home/drnguyenvinh/notebooks/processed-images/processed_images/2. BG/BG-64-img-2_nobg.png,2. BG/BG-64-img-2_nobg.png,BG-64-img-2_nobg.png,2. BG,2. BG,BG,BG,1,1,BG-64,2. BG::BG-64,parsed,BG-64-img-2,True,,882724,3b07e3f66f5bb99838fc7459f6cb53a7,train
/home/drnguyenvinh/notebooks/processed-images/processed_images/2. BG/BG-64-img-3_nobg.png,/home/drnguyenvinh/notebooks/processed-images/processed_images/2. BG/BG-64-img-3_nobg.png,2. BG/BG-64-img-3_nobg.png,BG-64-img-3_nobg.png,2. BG,2. BG,BG,BG,1,1,BG-64,2. BG::BG-64,parsed,BG-64-img-3,True,,1003471,2969ac230b2b8f2099df6ad382135753,train
/home/drnguyenvinh/notebooks/processed-images/processed_images/2. BG/BG-65-img-1_nobg.png,/home/drnguyenvinh/notebooks/processed-images/processed_images/2. BG/BG-65-img-1_nobg.png,2. BG/BG-65-img-1_nobg.png,BG-65-img-1_nobg.png,2. BG,2. BG,BG,BG,1,1,BG-65,2. BG::BG-65,parsed,BG-65-img-1,True,,957237,ae5728b711969de6bd5113e1926d3e5f,train
/home/drnguyenvinh/notebooks/processed-images/processed_images/2. BG/BG-67-img-1_nobg.png,/home/drnguyenvinh/notebooks/processed-images/processed_images/2. BG/BG-67-img-1_nobg.png,2. BG/BG-67-img-1_nobg.png,BG-67-img-1_nobg.png,2. BG,2. BG,BG,BG,1,1,BG-67,2. BG::BG-67,parsed,BG-67-img-1,True,,1175539,167dfa61e5b44dea7369131dbf7e6654,train
/home/drnguyenvinh/notebooks/processed-images/processed_images/2. BG/BG-67-img-2_nobg.png,/home/drnguyenvinh/notebooks/processed-images/processed_images/2. BG/BG-67-img-2_nobg.png,2. BG/BG-67-img-2_nobg.png,BG-67-img-2_nobg.png,2. BG,2. BG,BG,BG,1,1,BG-67,2. BG::BG-67,parsed,BG-67-img-2,True,,1288359,2f012ec6de605405a04cef2da597ce67,train
/home/drnguyenvinh/notebooks/processed-images/processed_images/2. BG/BG-67-img-3_nobg.png,/home/drnguyenvinh/notebooks/processed-images/processed_images/2. BG/BG-67-img-3_nobg.png,2. BG/BG-67-img-3_nobg.png,BG-67-img-3_nobg.png,2. BG,2. BG,BG,BG,1,1,BG-67,2. BG::BG-67,parsed,BG-67-img-3,True,,1027289,12db0f38d9a80d3cfed17441c7967ff8,train
/home/drnguyenvinh/notebooks/processed-images/processed_images/2. BG/BG-68-img-1_nobg.png,/home/drnguyenvinh/notebooks/processed-images/processed_images/2. BG/BG-68-img-1_nobg.png,2. BG/BG-68-img-1_nobg.png,BG-68-img-1_nobg.png,2. BG,2. BG,BG,BG,1,1,BG-68,2. BG::BG-68,parsed,BG-68-img-1,True,,867668,6a29557c40bc0c661c25e6f8cb7c44d7,train
/home/drnguyenvinh/notebooks/processed-images/processed_images/2. BG/BG-68-img-2_nobg.png,/home/drnguyenvinh/notebooks/processed-images/processed_images/2. BG/BG-68-img-2_nobg.png,2. BG/BG-68-img-2_nobg.png,BG-68-img-2_nobg.png,2. BG,2. BG,BG,BG,1,1,BG-68,2. BG::BG-68,parsed,BG-68-img-2,True,,1004837,c314d0a3b5b904cd66c25dc30b4e95ef,train
/home/drnguyenvinh/notebooks/processed-images/processed_images/2. BG/BG-68-img-3_nobg.png,/home/drnguyenvinh/notebooks/processed-images/processed_images/2. BG/BG-68-img-3_nobg.png,2. BG/BG-68-img-3_nobg.png,BG-68-img-3_nobg.png,2. BG,2. BG,BG,BG,1,1,BG-68,2. BG::BG-68,parsed,BG-68-img-3,True,,1029973,c6313049447122277f89a72d6d2353c2,train
/home/drnguyenvinh/notebooks/processed-images/processed_images/2. BG/BG-69-img-1_nobg.png,/home/drnguyenvinh/notebooks/processed-images/processed_images/2. BG/BG-69-img-1_nobg.png,2. BG/BG-69-img-1_nobg.png,BG-69-img-1_nobg.png,2. BG,2. BG,BG,BG,1,1,BG-69,2. BG::BG-69,parsed,BG-69-img-1,True,,986991,751f85438b395d94ebedd1464f5d5a2d,train
/home/drnguyenvinh/notebooks/processed-images/processed_images/2. BG/BG-69-img-2_nobg.png,/home/drnguyenvinh/notebooks/processed-images/processed_images/2. BG/BG-69-img-2_nobg.png,2. BG/BG-69-img-2_nobg.png,BG-69-img-2_nobg.png,2. BG,2. BG,BG,BG,1,1,BG-69,2. BG::BG-69,parsed,BG-69-img-2,True,,1083350,01ce393715ae4ceb2c597ce0212475ec,train
/home/drnguyenvinh/notebooks/processed-images/processed_images/2. BG/BG-69-img-3_nobg.png,/home/drnguyenvinh/notebooks/processed-images/processed_images/2. BG/BG-69-img-3_nobg.png,2. BG/BG-69-img-3_nobg.png,BG-69-img-3_nobg.png,2. BG,2. BG,BG,BG,1,1,BG-69,2. BG::BG-69,parsed,BG-69-img-3,True,,1003449,1865e1161ac8a029d7d9ed92cbf0fd38,train
/home/drnguyenvinh/notebooks/processed-images/processed_images/2. BG/BG-7-img-1_nobg.png,/home/drnguyenvinh/notebooks/processed-images/processed_images/2. BG/BG-7-img-1_nobg.png,2. BG/BG-7-img-1_nobg.png,BG-7-img-1_nobg.png,2. BG,2. BG,BG,BG,1,1,BG-7,2. BG::BG-7,parsed,BG-7-img-1,True,,967934,fa9036f9b98bd7ca1949ade90d390534,train
/home/drnguyenvinh/notebooks/processed-images/processed_images/2. BG/BG-7-img-2_nobg.png,/home/drnguyenvinh/notebooks/processed-images/processed_images/2. BG/BG-7-img-2_nobg.png,2. BG/BG-7-img-2_nobg.png,BG-7-img-2_nobg.png,2. BG,2. BG,BG,BG,1,1,BG-7,2. BG::BG-7,parsed,BG-7-img-2,True,,568273,053741d92a70f7a9ddd595475ef2b27a,train
/home/drnguyenvinh/notebooks/processed-images/processed_images/2. BG/BG-7-img-3_nobg.png,/home/drnguyenvinh/notebooks/processed-images/processed_images/2. BG/BG-7-img-3_nobg.png,2. BG/BG-7-img-3_nobg.png,BG-7-img-3_nobg.png,2. BG,2. BG,BG,BG,1,1,BG-7,2. BG::BG-7,parsed,BG-7-img-3,True,,525099,eb7ae639551d9dbff6ce7a2c13b368fc,train
/home/drnguyenvinh/notebooks/processed-images/processed_images/2. BG/BG-70-img-1_nobg.png,/home/drnguyenvinh/notebooks/processed-images/processed_images/2. BG/BG-70-img-1_nobg.png,2. BG/BG-70-img-1_nobg.png,BG-70-img-1_nobg.png,2. BG,2. BG,BG,BG,1,1,BG-70,2. BG::BG-70,parsed,BG-70-img-1,True,,845547,03b8176b94387427117a978c7bf6d12c,train
/home/drnguyenvinh/notebooks/processed-images/processed_images/2. BG/BG-70-img-2_nobg.png,/home/drnguyenvinh/notebooks/processed-images/processed_images/2. BG/BG-70-img-2_nobg.png,2. BG/BG-70-img-2_nobg.png,BG-70-img-2_nobg.png,2. BG,2. BG,BG,BG,1,1,BG-70,2. BG::BG-70,parsed,BG-70-img-2,True,,1108502,ddca0ee408eb710347d9da2b3427eb5e,train
/home/drnguyenvinh/notebooks/processed-images/processed_images/2. BG/BG-70-img-3_nobg.png,/home/drnguyenvinh/notebooks/processed-images/processed_images/2. BG/BG-70-img-3_nobg.png,2. BG/BG-70-img-3_nobg.png,BG-70-img-3_nobg.png,2. BG,2. BG,BG,BG,1,1,BG-70,2. BG::BG-70,parsed,BG-70-img-3,True,,1030601,4a7adfa947696e0582d92ca067200dd1,train
/home/drnguyenvinh/notebooks/processed-images/processed_images/2. BG/BG-71-img-1_nobg.png,/home/drnguyenvinh/notebooks/processed-images/processed_images/2. BG/BG-71-img-1_nobg.png,2. BG/BG-71-img-1_nobg.png,BG-71-img-1_nobg.png,2. BG,2. BG,BG,BG,1,1,BG-71,2. BG::BG-71,parsed,BG-71-img-1,True,,758821,217a8ecffdc26d6bff569a2afae10781,train
/home/drnguyenvinh/notebooks/processed-images/processed_images/2. BG/BG-71-img-2_nobg.png,/home/drnguyenvinh/notebooks/processed-images/processed_images/2. BG/BG-71-img-2_nobg.png,2. BG/BG-71-img-2_nobg.png,BG-71-img-2_nobg.png,2. BG,2. BG,BG,BG,1,1,BG-71,2. BG::BG-71,parsed,BG-71-img-2,True,,715699,13d5e825210ca50b84f69ccf936a5d39,train
/home/drnguyenvinh/notebooks/processed-images/processed_images/2. BG/BG-71-img-3_nobg.png,/home/drnguyenvinh/notebooks/processed-images/processed_images/2. BG/BG-71-img-3_nobg.png,2. BG/BG-71-img-3_nobg.png,BG-71-img-3_nobg.png,2. BG,2. BG,BG,BG,1,1,BG-71,2. BG::BG-71,parsed,BG-71-img-3,True,,807684,a5c3c6b6fb2c87ad5f6cc063057563a6,train
/home/drnguyenvinh/notebooks/processed-images/processed_images/2. BG/BG-75-img-1_nobg.png,/home/drnguyenvinh/notebooks/processed-images/processed_images/2. BG/BG-75-img-1_nobg.png,2. BG/BG-75-img-1_nobg.png,BG-75-img-1_nobg.png,2. BG,2. BG,BG,BG,1,1,BG-75,2. BG::BG-75,parsed,BG-75-img-1,True,,959627,3e1293ed4f41b3ca3cf102544019c691,train
/home/drnguyenvinh/notebooks/processed-images/processed_images/2. BG/BG-75-img-2_nobg.png,/home/drnguyenvinh/notebooks/processed-images/processed_images/2. BG/BG-75-img-2_nobg.png,2. BG/BG-75-img-2_nobg.png,BG-75-img-2_nobg.png,2. BG,2. BG,BG,BG,1,1,BG-75,2. BG::BG-75,parsed,BG-75-img-2,True,,914888,7358749da84d44fb25359845b70f6752,train
/home/drnguyenvinh/notebooks/processed-images/processed_images/2. BG/BG-75-img-3_nobg.png,/home/drnguyenvinh/notebooks/processed-images/processed_images/2. BG/BG-75-img-3_nobg.png,2. BG/BG-75-img-3_nobg.png,BG-75-img-3_nobg.png,2. BG,2. BG,BG,BG,1,1,BG-75,2. BG::BG-75,parsed,BG-75-img-3,True,,946721,2650794cbf81ae28042b2e4d1e3715de,train
/home/drnguyenvinh/notebooks/processed-images/processed_images/2. BG/BG-8-img-1_nobg.png,/home/drnguyenvinh/notebooks/processed-images/processed_images/2. BG/BG-8-img-1_nobg.png,2. BG/BG-8-img-1_nobg.png,BG-8-img-1_nobg.png,2. BG,2. BG,BG,BG,1,1,BG-8,2. BG::BG-8,parsed,BG-8-img-1,True,,889697,18c5be23789cbbbb1ac8edcf3b503a44,train
/home/drnguyenvinh/notebooks/processed-images/processed_images/2. BG/BG-8-img-2_nobg.png,/home/drnguyenvinh/notebooks/processed-images/processed_images/2. BG/BG-8-img-2_nobg.png,2. BG/BG-8-img-2_nobg.png,BG-8-img-2_nobg.png,2. BG,2. BG,BG,BG,1,1,BG-8,2. BG::BG-8,parsed,BG-8-img-2,True,,818074,6bc1da992911b201fbdc75b925f1af5d,train
/home/drnguyenvinh/notebooks/processed-images/processed_images/2. BG/BG-8-img-3_nobg.png,/home/drnguyenvinh/notebooks/processed-images/processed_images/2. BG/BG-8-img-3_nobg.png,2. BG/BG-8-img-3_nobg.png,BG-8-img-3_nobg.png,2. BG,2. BG,BG,BG,1,1,BG-8,2. BG::BG-8,parsed,BG-8-img-3,True,,781535,a7d8b8cbe6b78432aecdc631942a7797,train
/home/drnguyenvinh/notebooks/processed-images/processed_images/2. BG/BG-9-img-1_nobg.png,/home/drnguyenvinh/notebooks/processed-images/processed_images/2. BG/BG-9-img-1_nobg.png,2. BG/BG-9-img-1_nobg.png,BG-9-img-1_nobg.png,2. BG,2. BG,BG,BG,1,1,BG-9,2. BG::BG-9,parsed,BG-9-img-1,True,,1071764,d6589eccb03ab63c87ce5bfbebc1ddeb,train
/home/drnguyenvinh/notebooks/processed-images/processed_images/2. BG/BG-9-img-2_nobg.png,/home/drnguyenvinh/notebooks/processed-images/processed_images/2. BG/BG-9-img-2_nobg.png,2. BG/BG-9-img-2_nobg.png,BG-9-img-2_nobg.png,2. BG,2. BG,BG,BG,1,1,BG-9,2. BG::BG-9,parsed,BG-9-img-2,True,,1208324,6c7ceb6f4a7784e53bd05ef9bd088153,train
/home/drnguyenvinh/notebooks/processed-images/processed_images/2. BG/BG-9-img-3_nobg.png,/home/drnguyenvinh/notebooks/processed-images/processed_images/2. BG/BG-9-img-3_nobg.png,2. BG/BG-9-img-3_nobg.png,BG-9-img-3_nobg.png,2. BG,2. BG,BG,BG,1,1,BG-9,2. BG::BG-9,parsed,BG-9-img-3,True,,1242720,e8125d75b04f27d5ed8f90b096fd1a7b,train
/home/drnguyenvinh/notebooks/processed-images/processed_images/3. WSSV/WSSV-1-img-1_nobg.png,/home/drnguyenvinh/notebooks/processed-images/processed_images/3. WSSV/WSSV-1-img-1_nobg.png,3. WSSV/WSSV-1-img-1_nobg.png,WSSV-1-img-1_nobg.png,3. WSSV,3. WSSV,WSSV,WSSV,2,2,WSSV-1,3. WSSV::WSSV-1,parsed,WSSV-1-img-1,True,,826104,1bbd22c58050ac6888cd88e21e091096,train
/home/drnguyenvinh/notebooks/processed-images/processed_images/3. WSSV/WSSV-1-img-2_nobg.png,/home/drnguyenvinh/notebooks/processed-images/processed_images/3. WSSV/WSSV-1-img-2_nobg.png,3. WSSV/WSSV-1-img-2_nobg.png,WSSV-1-img-2_nobg.png,3. WSSV,3. WSSV,WSSV,WSSV,2,2,WSSV-1,3. WSSV::WSSV-1,parsed,WSSV-1-img-2,True,,750699,1688eabab13eebc56441bb0ee4f07704,train
/home/drnguyenvinh/notebooks/processed-images/processed_images/3. WSSV/WSSV-1-img-3_nobg.png,/home/drnguyenvinh/notebooks/processed-images/processed_images/3. WSSV/WSSV-1-img-3_nobg.png,3. WSSV/WSSV-1-img-3_nobg.png,WSSV-1-img-3_nobg.png,3. WSSV,3. WSSV,WSSV,WSSV,2,2,WSSV-1,3. WSSV::WSSV-1,parsed,WSSV-1-img-3,True,,1417477,a2a181462a1b02924a4e4f32bee30503,train
/home/drnguyenvinh/notebooks/processed-images/processed_images/3. WSSV/WSSV-101-img-1_nobg.png,/home/drnguyenvinh/notebooks/processed-images/processed_images/3. WSSV/WSSV-101-img-1_nobg.png,3. WSSV/WSSV-101-img-1_nobg.png,WSSV-101-img-1_nobg.png,3. WSSV,3. WSSV,WSSV,WSSV,2,2,WSSV-101,3. WSSV::WSSV-101,parsed,WSSV-101-img-1,True,,593889,47f30745e04e1d975b230712004e2d1c,train
/home/drnguyenvinh/notebooks/processed-images/processed_images/3. WSSV/WSSV-101-img-2_nobg.png,/home/drnguyenvinh/notebooks/processed-images/processed_images/3. WSSV/WSSV-101-img-2_nobg.png,3. WSSV/WSSV-101-img-2_nobg.png,WSSV-101-img-2_nobg.png,3. WSSV,3. WSSV,WSSV,WSSV,2,2,WSSV-101,3. WSSV::WSSV-101,parsed,WSSV-101-img-2,True,,488565,e585aabf78d6622945d3a9d3fd2e2ad8,train
/home/drnguyenvinh/notebooks/processed-images/processed_images/3. WSSV/WSSV-102-img-1_nobg.png,/home/drnguyenvinh/notebooks/processed-images/processed_images/3. WSSV/WSSV-102-img-1_nobg.png,3. WSSV/WSSV-102-img-1_nobg.png,WSSV-102-img-1_nobg.png,3. WSSV,3. WSSV,WSSV,WSSV,2,2,WSSV-102,3. WSSV::WSSV-102,parsed,WSSV-102-img-1,True,,833927,68b84d362b0d1121f7cb97dbc204db25,train
/home/drnguyenvinh/notebooks/processed-images/processed_images/3. WSSV/WSSV-102-img-2_nobg.png,/home/drnguyenvinh/notebooks/processed-images/processed_images/3. WSSV/WSSV-102-img-2_nobg.png,3. WSSV/WSSV-102-img-2_nobg.png,WSSV-102-img-2_nobg.png,3. WSSV,3. WSSV,WSSV,WSSV,2,2,WSSV-102,3. WSSV::WSSV-102,parsed,WSSV-102-img-2,True,,841599,596d5628b681261ae74e38845c91cf56,train
/home/drnguyenvinh/notebooks/processed-images/processed_images/3. WSSV/WSSV-103-img-1_nobg.png,/home/drnguyenvinh/notebooks/processed-images/processed_images/3. WSSV/WSSV-103-img-1_nobg.png,3. WSSV/WSSV-103-img-1_nobg.png,WSSV-103-img-1_nobg.png,3. WSSV,3. WSSV,WSSV,WSSV,2,2,WSSV-103,3. WSSV::WSSV-103,parsed,WSSV-103-img-1,True,,992130,50b9b8f0e8bb9b9ecd531437716bce83,train
/home/drnguyenvinh/notebooks/processed-images/processed_images/3. WSSV/WSSV-103-img-2_nobg.png,/home/drnguyenvinh/notebooks/processed-images/processed_images/3. WSSV/WSSV-103-img-2_nobg.png,3. WSSV/WSSV-103-img-2_nobg.png,WSSV-103-img-2_nobg.png,3. WSSV,3. WSSV,WSSV,WSSV,2,2,WSSV-103,3. WSSV::WSSV-103,parsed,WSSV-103-img-2,True,,1079156,3ccc5d5f46c6b519f2e81269db74eb41,train
/home/drnguyenvinh/notebooks/processed-images/processed_images/3. WSSV/WSSV-103-img-3_nobg.png,/home/drnguyenvinh/notebooks/processed-images/processed_images/3. WSSV/WSSV-103-img-3_nobg.png,3. WSSV/WSSV-103-img-3_nobg.png,WSSV-103-img-3_nobg.png,3. WSSV,3. WSSV,WSSV,WSSV,2,2,WSSV-103,3. WSSV::WSSV-103,parsed,WSSV-103-img-3,True,,805646,1dd4b936d9a48ca5ecb57d9c2fd8f50e,train
/home/drnguyenvinh/notebooks/processed-images/processed_images/3. WSSV/WSSV-104-img-1_nobg.png,/home/drnguyenvinh/notebooks/processed-images/processed_images/3. WSSV/WSSV-104-img-1_nobg.png,3. WSSV/WSSV-104-img-1_nobg.png,WSSV-104-img-1_nobg.png,3. WSSV,3. WSSV,WSSV,WSSV,2,2,WSSV-104,3. WSSV::WSSV-104,parsed,WSSV-104-img-1,True,,889520,660e245705a236687ae0eca090567cf3,train
/home/drnguyenvinh/notebooks/processed-images/processed_images/3. WSSV/WSSV-104-img-2_nobg.png,/home/drnguyenvinh/notebooks/processed-images/processed_images/3. WSSV/WSSV-104-img-2_nobg.png,3. WSSV/WSSV-104-img-2_nobg.png,WSSV-104-img-2_nobg.png,3. WSSV,3. WSSV,WSSV,WSSV,2,2,WSSV-104,3. WSSV::WSSV-104,parsed,WSSV-104-img-2,True,,964348,d9d800cd2b8f078ffa340158ec0ac9dc,train
/home/drnguyenvinh/notebooks/processed-images/processed_images/3. WSSV/WSSV-104-img-3_nobg.png,/home/drnguyenvinh/notebooks/processed-images/processed_images/3. WSSV/WSSV-104-img-3_nobg.png,3. WSSV/WSSV-104-img-3_nobg.png,WSSV-104-img-3_nobg.png,3. WSSV,3. WSSV,WSSV,WSSV,2,2,WSSV-104,3. WSSV::WSSV-104,parsed,WSSV-104-img-3,True,,915043,e38e1536e00a60dfc38e6fcda9a0a115,train
/home/drnguyenvinh/notebooks/processed-images/processed_images/3. WSSV/WSSV-105-img-1_nobg.png,/home/drnguyenvinh/notebooks/processed-images/processed_images/3. WSSV/WSSV-105-img-1_nobg.png,3. WSSV/WSSV-105-img-1_nobg.png,WSSV-105-img-1_nobg.png,3. WSSV,3. WSSV,WSSV,WSSV,2,2,WSSV-105,3. WSSV::WSSV-105,parsed,WSSV-105-img-1,True,,949950,af1adb903d2c0010b9e0f5b8e840fc5b,train
/home/drnguyenvinh/notebooks/processed-images/processed_images/3. WSSV/WSSV-105-img-2_nobg.png,/home/drnguyenvinh/notebooks/processed-images/processed_images/3. WSSV/WSSV-105-img-2_nobg.png,3. WSSV/WSSV-105-img-2_nobg.png,WSSV-105-img-2_nobg.png,3. WSSV,3. WSSV,WSSV,WSSV,2,2,WSSV-105,3. WSSV::WSSV-105,parsed,WSSV-105-img-2,True,,995702,568dd749e2a7346ef7d96d3f57d00566,train
/home/drnguyenvinh/notebooks/processed-images/processed_images/3. WSSV/WSSV-105-img-3_nobg.png,/home/drnguyenvinh/notebooks/processed-images/processed_images/3. WSSV/WSSV-105-img-3_nobg.png,3. WSSV/WSSV-105-img-3_nobg.png,WSSV-105-img-3_nobg.png,3. WSSV,3. WSSV,WSSV,WSSV,2,2,WSSV-105,3. WSSV::WSSV-105,parsed,WSSV-105-img-3,True,,953072,6b7eac042f91368deaf035fb059e21f0,train
/home/drnguyenvinh/notebooks/processed-images/processed_images/3. WSSV/WSSV-106-img-1_nobg.png,/home/drnguyenvinh/notebooks/processed-images/processed_images/3. WSSV/WSSV-106-img-1_nobg.png,3. WSSV/WSSV-106-img-1_nobg.png,WSSV-106-img-1_nobg.png,3. WSSV,3. WSSV,WSSV,WSSV,2,2,WSSV-106,3. WSSV::WSSV-106,parsed,WSSV-106-img-1,True,,996511,28e1236bdc4bab0a1dfc617fd086dbf3,train
/home/drnguyenvinh/notebooks/processed-images/processed_images/3. WSSV/WSSV-106-img-2_nobg.png,/home/drnguyenvinh/notebooks/processed-images/processed_images/3. WSSV/WSSV-106-img-2_nobg.png,3. WSSV/WSSV-106-img-2_nobg.png,WSSV-106-img-2_nobg.png,3. WSSV,3. WSSV,WSSV,WSSV,2,2,WSSV-106,3. WSSV::WSSV-106,parsed,WSSV-106-img-2,True,,1021504,be9e60fb6fca171e84dee1d0e77357bb,train
/home/drnguyenvinh/notebooks/processed-images/processed_images/3. WSSV/WSSV-106-img-3_nobg.png,/home/drnguyenvinh/notebooks/processed-images/processed_images/3. WSSV/WSSV-106-img-3_nobg.png,3. WSSV/WSSV-106-img-3_nobg.png,WSSV-106-img-3_nobg.png,3. WSSV,3. WSSV,WSSV,WSSV,2,2,WSSV-106,3. WSSV::WSSV-106,parsed,WSSV-106-img-3,True,,1101999,642f1784d491cd4d921d1463ccef72c7,train
/home/drnguyenvinh/notebooks/processed-images/processed_images/3. WSSV/WSSV-107-img-1_nobg.png,/home/drnguyenvinh/notebooks/processed-images/processed_images/3. WSSV/WSSV-107-img-1_nobg.png,3. WSSV/WSSV-107-img-1_nobg.png,WSSV-107-img-1_nobg.png,3. WSSV,3. WSSV,WSSV,WSSV,2,2,WSSV-107,3. WSSV::WSSV-107,parsed,WSSV-107-img-1,True,,832989,55b8f884f49d6a9705eb559b504045d2,train
/home/drnguyenvinh/notebooks/processed-images/processed_images/3. WSSV/WSSV-107-img-2_nobg.png,/home/drnguyenvinh/notebooks/processed-images/processed_images/3. WSSV/WSSV-107-img-2_nobg.png,3. WSSV/WSSV-107-img-2_nobg.png,WSSV-107-img-2_nobg.png,3. WSSV,3. WSSV,WSSV,WSSV,2,2,WSSV-107,3. WSSV::WSSV-107,parsed,WSSV-107-img-2,True,,945303,d7dbad6c27efa77059ecc66a307e87c6,train
/home/drnguyenvinh/notebooks/processed-images/processed_images/3. WSSV/WSSV-107-img-3_nobg.png,/home/drnguyenvinh/notebooks/processed-images/processed_images/3. WSSV/WSSV-107-img-3_nobg.png,3. WSSV/WSSV-107-img-3_nobg.png,WSSV-107-img-3_nobg.png,3. WSSV,3. WSSV,WSSV,WSSV,2,2,WSSV-107,3. WSSV::WSSV-107,parsed,WSSV-107-img-3,True,,837289,6560be0cc7aac9f0a41bfeb801d8dcf7,train
/home/drnguyenvinh/notebooks/processed-images/processed_images/3. WSSV/WSSV-109-img-1_nobg.png,/home/drnguyenvinh/notebooks/processed-images/processed_images/3. WSSV/WSSV-109-img-1_nobg.png,3. WSSV/WSSV-109-img-1_nobg.png,WSSV-109-img-1_nobg.png,3. WSSV,3. WSSV,WSSV,WSSV,2,2,WSSV-109,3. WSSV::WSSV-109,parsed,WSSV-109-img-1,True,,998593,31989a8af02c7d43ac4cf93cfb695898,train
/home/drnguyenvinh/notebooks/processed-images/processed_images/3. WSSV/WSSV-109-img-2_nobg.png,/home/drnguyenvinh/notebooks/processed-images/processed_images/3. WSSV/WSSV-109-img-2_nobg.png,3. WSSV/WSSV-109-img-2_nobg.png,WSSV-109-img-2_nobg.png,3. WSSV,3. WSSV,WSSV,WSSV,2,2,WSSV-109,3. WSSV::WSSV-109,parsed,WSSV-109-img-2,True,,900245,9ef8a82c70bf0415b508b1ee2c83d893,train
/home/drnguyenvinh/notebooks/processed-images/processed_images/3. WSSV/WSSV-109-img-3_nobg.png,/home/drnguyenvinh/notebooks/processed-images/processed_images/3. WSSV/WSSV-109-img-3_nobg.png,3. WSSV/WSSV-109-img-3_nobg.png,WSSV-109-img-3_nobg.png,3. WSSV,3. WSSV,WSSV,WSSV,2,2,WSSV-109,3. WSSV::WSSV-109,parsed,WSSV-109-img-3,True,,827883,c72373906f971549ef47a8a0d747e443,train
/home/drnguyenvinh/notebooks/processed-images/processed_images/3. WSSV/WSSV-11-img-1_nobg.png,/home/drnguyenvinh/notebooks/processed-images/processed_images/3. WSSV/WSSV-11-img-1_nobg.png,3. WSSV/WSSV-11-img-1_nobg.png,WSSV-11-img-1_nobg.png,3. WSSV,3. WSSV,WSSV,WSSV,2,2,WSSV-11,3. WSSV::WSSV-11,parsed,WSSV-11-img-1,True,,1150691,8d1cce50963e21cc3bccc4f2bd8108ea,train
/home/drnguyenvinh/notebooks/processed-images/processed_images/3. WSSV/WSSV-11-img-2_nobg.png,/home/drnguyenvinh/notebooks/processed-images/processed_images/3. WSSV/WSSV-11-img-2_nobg.png,3. WSSV/WSSV-11-img-2_nobg.png,WSSV-11-img-2_nobg.png,3. WSSV,3. WSSV,WSSV,WSSV,2,2,WSSV-11,3. WSSV::WSSV-11,parsed,WSSV-11-img-2,True,,1127497,c208c738e671ca8cbed0d02f782fac02,train
/home/drnguyenvinh/notebooks/processed-images/processed_images/3. WSSV/WSSV-11-img-3_nobg.png,/home/drnguyenvinh/notebooks/processed-images/processed_images/3. WSSV/WSSV-11-img-3_nobg.png,3. WSSV/WSSV-11-img-3_nobg.png,WSSV-11-img-3_nobg.png,3. WSSV,3. WSSV,WSSV,WSSV,2,2,WSSV-11,3. WSSV::WSSV-11,parsed,WSSV-11-img-3,True,,1128311,7031ab4abb1c4259da7ddb6f7f88e933,train
/home/drnguyenvinh/notebooks/processed-images/processed_images/3. WSSV/WSSV-110-img-1_nobg.png,/home/drnguyenvinh/notebooks/processed-images/processed_images/3. WSSV/WSSV-110-img-1_nobg.png,3. WSSV/WSSV-110-img-1_nobg.png,WSSV-110-img-1_nobg.png,3. WSSV,3. WSSV,WSSV,WSSV,2,2,WSSV-110,3. WSSV::WSSV-110,parsed,WSSV-110-img-1,True,,952908,63e58481f8675f8737badb63ad35e00f,train
/home/drnguyenvinh/notebooks/processed-images/processed_images/3. WSSV/WSSV-110-img-2_nobg.png,/home/drnguyenvinh/notebooks/processed-images/processed_images/3. WSSV/WSSV-110-img-2_nobg.png,3. WSSV/WSSV-110-img-2_nobg.png,WSSV-110-img-2_nobg.png,3. WSSV,3. WSSV,WSSV,WSSV,2,2,WSSV-110,3. WSSV::WSSV-110,parsed,WSSV-110-img-2,True,,821850,ab636ac89c6b08dede6eb00e2fbe6426,train
/home/drnguyenvinh/notebooks/processed-images/processed_images/3. WSSV/WSSV-111-img-1_nobg.png,/home/drnguyenvinh/notebooks/processed-images/processed_images/3. WSSV/WSSV-111-img-1_nobg.png,3. WSSV/WSSV-111-img-1_nobg.png,WSSV-111-img-1_nobg.png,3. WSSV,3. WSSV,WSSV,WSSV,2,2,WSSV-111,3. WSSV::WSSV-111,parsed,WSSV-111-img-1,True,,852340,ac9bf81dba2f8047f81f297ce8ff5f33,train
/home/drnguyenvinh/notebooks/processed-images/processed_images/3. WSSV/WSSV-111-img-2_nobg.png,/home/drnguyenvinh/notebooks/processed-images/processed_images/3. WSSV/WSSV-111-img-2_nobg.png,3. WSSV/WSSV-111-img-2_nobg.png,WSSV-111-img-2_nobg.png,3. WSSV,3. WSSV,WSSV,WSSV,2,2,WSSV-111,3. WSSV::WSSV-111,parsed,WSSV-111-img-2,True,,986660,302e4b94a103688c71f995fb74c43a4a,train
/home/drnguyenvinh/notebooks/processed-images/processed_images/3. WSSV/WSSV-111-img-3_nobg.png,/home/drnguyenvinh/notebooks/processed-images/processed_images/3. WSSV/WSSV-111-img-3_nobg.png,3. WSSV/WSSV-111-img-3_nobg.png,WSSV-111-img-3_nobg.png,3. WSSV,3. WSSV,WSSV,WSSV,2,2,WSSV-111,3. WSSV::WSSV-111,parsed,WSSV-111-img-3,True,,1136416,425e0d20d8a6444e05794fc1b14b9cce,train
/home/drnguyenvinh/notebooks/processed-images/processed_images/3. WSSV/WSSV-114-img-1_nobg.png,/home/drnguyenvinh/notebooks/processed-images/processed_images/3. WSSV/WSSV-114-img-1_nobg.png,3. WSSV/WSSV-114-img-1_nobg.png,WSSV-114-img-1_nobg.png,3. WSSV,3. WSSV,WSSV,WSSV,2,2,WSSV-114,3. WSSV::WSSV-114,parsed,WSSV-114-img-1,True,,665433,55943623568f253e1fb7ccf4d657bfb1,train
/home/drnguyenvinh/notebooks/processed-images/processed_images/3. WSSV/WSSV-114-img-2_nobg.png,/home/drnguyenvinh/notebooks/processed-images/processed_images/3. WSSV/WSSV-114-img-2_nobg.png,3. WSSV/WSSV-114-img-2_nobg.png,WSSV-114-img-2_nobg.png,3. WSSV,3. WSSV,WSSV,WSSV,2,2,WSSV-114,3. WSSV::WSSV-114,parsed,WSSV-114-img-2,True,,742538,aae6ed299bc1fce73a2e54d6b28149d4,train
/home/drnguyenvinh/notebooks/processed-images/processed_images/3. WSSV/WSSV-117-img-1_nobg.png,/home/drnguyenvinh/notebooks/processed-images/processed_images/3. WSSV/WSSV-117-img-1_nobg.png,3. WSSV/WSSV-117-img-1_nobg.png,WSSV-117-img-1_nobg.png,3. WSSV,3. WSSV,WSSV,WSSV,2,2,WSSV-117,3. WSSV::WSSV-117,parsed,WSSV-117-img-1,True,,778593,2bfc7d5717fa522ac64ddbcd3c3e424a,train
/home/drnguyenvinh/notebooks/processed-images/processed_images/3. WSSV/WSSV-117-img-2_nobg.png,/home/drnguyenvinh/notebooks/processed-images/processed_images/3. WSSV/WSSV-117-img-2_nobg.png,3. WSSV/WSSV-117-img-2_nobg.png,WSSV-117-img-2_nobg.png,3. WSSV,3. WSSV,WSSV,WSSV,2,2,WSSV-117,3. WSSV::WSSV-117,parsed,WSSV-117-img-2,True,,754580,07037f6b5b43ab1c6df90a8cdd625dd4,train
/home/drnguyenvinh/notebooks/processed-images/processed_images/3. WSSV/WSSV-118-img-1_nobg.png,/home/drnguyenvinh/notebooks/processed-images/processed_images/3. WSSV/WSSV-118-img-1_nobg.png,3. WSSV/WSSV-118-img-1_nobg.png,WSSV-118-img-1_nobg.png,3. WSSV,3. WSSV,WSSV,WSSV,2,2,WSSV-118,3. WSSV::WSSV-118,parsed,WSSV-118-img-1,True,,640430,55f55bf6d6f0cfc4648363f9efce5192,train
/home/drnguyenvinh/notebooks/processed-images/processed_images/3. WSSV/WSSV-118-img-2_nobg.png,/home/drnguyenvinh/notebooks/processed-images/processed_images/3. WSSV/WSSV-118-img-2_nobg.png,3. WSSV/WSSV-118-img-2_nobg.png,WSSV-118-img-2_nobg.png,3. WSSV,3. WSSV,WSSV,WSSV,2,2,WSSV-118,3. WSSV::WSSV-118,parsed,WSSV-118-img-2,True,,684436,8183cbf1fb33014ce0c0b52ba2759c26,train
/home/drnguyenvinh/notebooks/processed-images/processed_images/3. WSSV/WSSV-118-img-3_nobg.png,/home/drnguyenvinh/notebooks/processed-images/processed_images/3. WSSV/WSSV-118-img-3_nobg.png,3. WSSV/WSSV-118-img-3_nobg.png,WSSV-118-img-3_nobg.png,3. WSSV,3. WSSV,WSSV,WSSV,2,2,WSSV-118,3. WSSV::WSSV-118,parsed,WSSV-118-img-3,True,,541808,80366f2f3012cf9d04c4eda428a7ee61,train
/home/drnguyenvinh/notebooks/processed-images/processed_images/3. WSSV/WSSV-12-img-1_nobg.png,/home/drnguyenvinh/notebooks/processed-images/processed_images/3. WSSV/WSSV-12-img-1_nobg.png,3. WSSV/WSSV-12-img-1_nobg.png,WSSV-12-img-1_nobg.png,3. WSSV,3. WSSV,WSSV,WSSV,2,2,WSSV-12,3. WSSV::WSSV-12,parsed,WSSV-12-img-1,True,,1311743,8c34b31ec598a42114c3d8e4c54e8f09,train
/home/drnguyenvinh/notebooks/processed-images/processed_images/3. WSSV/WSSV-12-img-2_nobg.png,/home/drnguyenvinh/notebooks/processed-images/processed_images/3. WSSV/WSSV-12-img-2_nobg.png,3. WSSV/WSSV-12-img-2_nobg.png,WSSV-12-img-2_nobg.png,3. WSSV,3. WSSV,WSSV,WSSV,2,2,WSSV-12,3. WSSV::WSSV-12,parsed,WSSV-12-img-2,True,,1276838,2e161c59f63b10236c839d5da57527e8,train
/home/drnguyenvinh/notebooks/processed-images/processed_images/3. WSSV/WSSV-14-img-1_nobg.png,/home/drnguyenvinh/notebooks/processed-images/processed_images/3. WSSV/WSSV-14-img-1_nobg.png,3. WSSV/WSSV-14-img-1_nobg.png,WSSV-14-img-1_nobg.png,3. WSSV,3. WSSV,WSSV,WSSV,2,2,WSSV-14,3. WSSV::WSSV-14,parsed,WSSV-14-img-1,True,,1683431,ce9676a995a503ba7b73710b2489b703,train
/home/drnguyenvinh/notebooks/processed-images/processed_images/3. WSSV/WSSV-14-img-2_nobg.png,/home/drnguyenvinh/notebooks/processed-images/processed_images/3. WSSV/WSSV-14-img-2_nobg.png,3. WSSV/WSSV-14-img-2_nobg.png,WSSV-14-img-2_nobg.png,3. WSSV,3. WSSV,WSSV,WSSV,2,2,WSSV-14,3. WSSV::WSSV-14,parsed,WSSV-14-img-2,True,,1602901,e815ec46c50763b9e8a48f6a50881a3b,train
/home/drnguyenvinh/notebooks/processed-images/processed_images/3. WSSV/WSSV-14-img-3_nobg.png,/home/drnguyenvinh/notebooks/processed-images/processed_images/3. WSSV/WSSV-14-img-3_nobg.png,3. WSSV/WSSV-14-img-3_nobg.png,WSSV-14-img-3_nobg.png,3. WSSV,3. WSSV,WSSV,WSSV,2,2,WSSV-14,3. WSSV::WSSV-14,parsed,WSSV-14-img-3,True,,1403835,694bc81dc1ce7f9941198e8b30b4541f,train
/home/drnguyenvinh/notebooks/processed-images/processed_images/3. WSSV/WSSV-15-img-1_nobg.png,/home/drnguyenvinh/notebooks/processed-images/processed_images/3. WSSV/WSSV-15-img-1_nobg.png,3. WSSV/WSSV-15-img-1_nobg.png,WSSV-15-img-1_nobg.png,3. WSSV,3. WSSV,WSSV,WSSV,2,2,WSSV-15,3. WSSV::WSSV-15,parsed,WSSV-15-img-1,True,,1397854,41449851bd96059a6a823d1eae13ffe7,train
/home/drnguyenvinh/notebooks/processed-images/processed_images/3. WSSV/WSSV-15-img-2_nobg.png,/home/drnguyenvinh/notebooks/processed-images/processed_images/3. WSSV/WSSV-15-img-2_nobg.png,3. WSSV/WSSV-15-img-2_nobg.png,WSSV-15-img-2_nobg.png,3. WSSV,3. WSSV,WSSV,WSSV,2,2,WSSV-15,3. WSSV::WSSV-15,parsed,WSSV-15-img-2,True,,1460555,03b9ddcf9546e936be1c28350c351715,train
/home/drnguyenvinh/notebooks/processed-images/processed_images/3. WSSV/WSSV-15-img-3_nobg.png,/home/drnguyenvinh/notebooks/processed-images/processed_images/3. WSSV/WSSV-15-img-3_nobg.png,3. WSSV/WSSV-15-img-3_nobg.png,WSSV-15-img-3_nobg.png,3. WSSV,3. WSSV,WSSV,WSSV,2,2,WSSV-15,3. WSSV::WSSV-15,parsed,WSSV-15-img-3,True,,1576257,8070b8d9583afc2e9820fdea70ee65bb,train
/home/drnguyenvinh/notebooks/processed-images/processed_images/3. WSSV/WSSV-16-img-1_nobg.png,/home/drnguyenvinh/notebooks/processed-images/processed_images/3. WSSV/WSSV-16-img-1_nobg.png,3. WSSV/WSSV-16-img-1_nobg.png,WSSV-16-img-1_nobg.png,3. WSSV,3. WSSV,WSSV,WSSV,2,2,WSSV-16,3. WSSV::WSSV-16,parsed,WSSV-16-img-1,True,,1511136,d2fe85ed95bbec439c94a07557f7a150,train
/home/drnguyenvinh/notebooks/processed-images/processed_images/3. WSSV/WSSV-16-img-2_nobg.png,/home/drnguyenvinh/notebooks/processed-images/processed_images/3. WSSV/WSSV-16-img-2_nobg.png,3. WSSV/WSSV-16-img-2_nobg.png,WSSV-16-img-2_nobg.png,3. WSSV,3. WSSV,WSSV,WSSV,2,2,WSSV-16,3. WSSV::WSSV-16,parsed,WSSV-16-img-2,True,,1406899,b6db53932378a2bc9aa8d8bec53986bc,train
/home/drnguyenvinh/notebooks/processed-images/processed_images/3. WSSV/WSSV-16-img-3_nobg.png,/home/drnguyenvinh/notebooks/processed-images/processed_images/3. WSSV/WSSV-16-img-3_nobg.png,3. WSSV/WSSV-16-img-3_nobg.png,WSSV-16-img-3_nobg.png,3. WSSV,3. WSSV,WSSV,WSSV,2,2,WSSV-16,3. WSSV::WSSV-16,parsed,WSSV-16-img-3,True,,1191168,d9799b787062768f4a90601a9df71265,train
/home/drnguyenvinh/notebooks/processed-images/processed_images/3. WSSV/WSSV-17-img-1_nobg.png,/home/drnguyenvinh/notebooks/processed-images/processed_images/3. WSSV/WSSV-17-img-1_nobg.png,3. WSSV/WSSV-17-img-1_nobg.png,WSSV-17-img-1_nobg.png,3. WSSV,3. WSSV,WSSV,WSSV,2,2,WSSV-17,3. WSSV::WSSV-17,parsed,WSSV-17-img-1,True,,1089825,2d54371b791255cf19abe3ac0259512c,train
/home/drnguyenvinh/notebooks/processed-images/processed_images/3. WSSV/WSSV-17-img-2_nobg.png,/home/drnguyenvinh/notebooks/processed-images/processed_images/3. WSSV/WSSV-17-img-2_nobg.png,3. WSSV/WSSV-17-img-2_nobg.png,WSSV-17-img-2_nobg.png,3. WSSV,3. WSSV,WSSV,WSSV,2,2,WSSV-17,3. WSSV::WSSV-17,parsed,WSSV-17-img-2,True,,1165416,0e36cb6c9a37da5c7c212464c86630a2,train
/home/drnguyenvinh/notebooks/processed-images/processed_images/3. WSSV/WSSV-17-img-3_nobg.png,/home/drnguyenvinh/notebooks/processed-images/processed_images/3. WSSV/WSSV-17-img-3_nobg.png,3. WSSV/WSSV-17-img-3_nobg.png,WSSV-17-img-3_nobg.png,3. WSSV,3. WSSV,WSSV,WSSV,2,2,WSSV-17,3. WSSV::WSSV-17,parsed,WSSV-17-img-3,True,,1092581,5ae266546ea24f0ebcaad5ee8a100343,train
/home/drnguyenvinh/notebooks/processed-images/processed_images/3. WSSV/WSSV-18-img-1_nobg.png,/home/drnguyenvinh/notebooks/processed-images/processed_images/3. WSSV/WSSV-18-img-1_nobg.png,3. WSSV/WSSV-18-img-1_nobg.png,WSSV-18-img-1_nobg.png,3. WSSV,3. WSSV,WSSV,WSSV,2,2,WSSV-18,3. WSSV::WSSV-18,parsed,WSSV-18-img-1,True,,1246316,f1989d4ff85b737c97a2aa97eab486d0,train
/home/drnguyenvinh/notebooks/processed-images/processed_images/3. WSSV/WSSV-18-img-2_nobg.png,/home/drnguyenvinh/notebooks/processed-images/processed_images/3. WSSV/WSSV-18-img-2_nobg.png,3. WSSV/WSSV-18-img-2_nobg.png,WSSV-18-img-2_nobg.png,3. WSSV,3. WSSV,WSSV,WSSV,2,2,WSSV-18,3. WSSV::WSSV-18,parsed,WSSV-18-img-2,True,,1186139,a3fe5be498e6a183ae033b02806b58a7,train
/home/drnguyenvinh/notebooks/processed-images/processed_images/3. WSSV/WSSV-18-img-3_nobg.png,/home/drnguyenvinh/notebooks/processed-images/processed_images/3. WSSV/WSSV-18-img-3_nobg.png,3. WSSV/WSSV-18-img-3_nobg.png,WSSV-18-img-3_nobg.png,3. WSSV,3. WSSV,WSSV,WSSV,2,2,WSSV-18,3. WSSV::WSSV-18,parsed,WSSV-18-img-3,True,,1200064,569582f3dd6b271e57f67c45812ddb7c,train
/home/drnguyenvinh/notebooks/processed-images/processed_images/3. WSSV/WSSV-19-img-1_nobg.png,/home/drnguyenvinh/notebooks/processed-images/processed_images/3. WSSV/WSSV-19-img-1_nobg.png,3. WSSV/WSSV-19-img-1_nobg.png,WSSV-19-img-1_nobg.png,3. WSSV,3. WSSV,WSSV,WSSV,2,2,WSSV-19,3. WSSV::WSSV-19,parsed,WSSV-19-img-1,True,,1032704,9395afee9212250acf0ad62a7d69355d,train
/home/drnguyenvinh/notebooks/processed-images/processed_images/3. WSSV/WSSV-19-img-2_nobg.png,/home/drnguyenvinh/notebooks/processed-images/processed_images/3. WSSV/WSSV-19-img-2_nobg.png,3. WSSV/WSSV-19-img-2_nobg.png,WSSV-19-img-2_nobg.png,3. WSSV,3. WSSV,WSSV,WSSV,2,2,WSSV-19,3. WSSV::WSSV-19,parsed,WSSV-19-img-2,True,,993046,479945f31febca40c7d6f16a25701df1,train
/home/drnguyenvinh/notebooks/processed-images/processed_images/3. WSSV/WSSV-19-img-3_nobg.png,/home/drnguyenvinh/notebooks/processed-images/processed_images/3. WSSV/WSSV-19-img-3_nobg.png,3. WSSV/WSSV-19-img-3_nobg.png,WSSV-19-img-3_nobg.png,3. WSSV,3. WSSV,WSSV,WSSV,2,2,WSSV-19,3. WSSV::WSSV-19,parsed,WSSV-19-img-3,True,,1153636,8a24228f2a9c7048c0a4900d072b8646,train
/home/drnguyenvinh/notebooks/processed-images/processed_images/3. WSSV/WSSV-2-img-1_nobg.png,/home/drnguyenvinh/notebooks/processed-images/processed_images/3. WSSV/WSSV-2-img-1_nobg.png,3. WSSV/WSSV-2-img-1_nobg.png,WSSV-2-img-1_nobg.png,3. WSSV,3. WSSV,WSSV,WSSV,2,2,WSSV-2,3. WSSV::WSSV-2,parsed,WSSV-2-img-1,True,,663246,f340cd844249a91e108bf6cfd7f4d506,train
/home/drnguyenvinh/notebooks/processed-images/processed_images/3. WSSV/WSSV-2-img-2_nobg.png,/home/drnguyenvinh/notebooks/processed-images/processed_images/3. WSSV/WSSV-2-img-2_nobg.png,3. WSSV/WSSV-2-img-2_nobg.png,WSSV-2-img-2_nobg.png,3. WSSV,3. WSSV,WSSV,WSSV,2,2,WSSV-2,3. WSSV::WSSV-2,parsed,WSSV-2-img-2,True,,964512,17825f66a2e9fa4fcceaa6d25eecb29b,train
/home/drnguyenvinh/notebooks/processed-images/processed_images/3. WSSV/WSSV-2-img-3_nobg.png,/home/drnguyenvinh/notebooks/processed-images/processed_images/3. WSSV/WSSV-2-img-3_nobg.png,3. WSSV/WSSV-2-img-3_nobg.png,WSSV-2-img-3_nobg.png,3. WSSV,3. WSSV,WSSV,WSSV,2,2,WSSV-2,3. WSSV::WSSV-2,parsed,WSSV-2-img-3,True,,920673,741da382e1788b75c6ffc5a847b3ee3d,train
/home/drnguyenvinh/notebooks/processed-images/processed_images/3. WSSV/WSSV-21-img-1_nobg.png,/home/drnguyenvinh/notebooks/processed-images/processed_images/3. WSSV/WSSV-21-img-1_nobg.png,3. WSSV/WSSV-21-img-1_nobg.png,WSSV-21-img-1_nobg.png,3. WSSV,3. WSSV,WSSV,WSSV,2,2,WSSV-21,3. WSSV::WSSV-21,parsed,WSSV-21-img-1,True,,1064867,cb104dda2ac31a938b9d3562b49e0c4a,train
/home/drnguyenvinh/notebooks/processed-images/processed_images/3. WSSV/WSSV-21-img-2_nobg.png,/home/drnguyenvinh/notebooks/processed-images/processed_images/3. WSSV/WSSV-21-img-2_nobg.png,3. WSSV/WSSV-21-img-2_nobg.png,WSSV-21-img-2_nobg.png,3. WSSV,3. WSSV,WSSV,WSSV,2,2,WSSV-21,3. WSSV::WSSV-21,parsed,WSSV-21-img-2,True,,1213675,b7fbf7c59ca1dcf541613047a3efc757,train
/home/drnguyenvinh/notebooks/processed-images/processed_images/3. WSSV/WSSV-21-img-3_nobg.png,/home/drnguyenvinh/notebooks/processed-images/processed_images/3. WSSV/WSSV-21-img-3_nobg.png,3. WSSV/WSSV-21-img-3_nobg.png,WSSV-21-img-3_nobg.png,3. WSSV,3. WSSV,WSSV,WSSV,2,2,WSSV-21,3. WSSV::WSSV-21,parsed,WSSV-21-img-3,True,,1195193,8f364bb59001358a4d663ef2f21657d5,train
/home/drnguyenvinh/notebooks/processed-images/processed_images/3. WSSV/WSSV-22-img-1_nobg.png,/home/drnguyenvinh/notebooks/processed-images/processed_images/3. WSSV/WSSV-22-img-1_nobg.png,3. WSSV/WSSV-22-img-1_nobg.png,WSSV-22-img-1_nobg.png,3. WSSV,3. WSSV,WSSV,WSSV,2,2,WSSV-22,3. WSSV::WSSV-22,parsed,WSSV-22-img-1,True,,1099679,ef4d7cdb2410d2b0b756981433cd4cf6,train
/home/drnguyenvinh/notebooks/processed-images/processed_images/3. WSSV/WSSV-22-img-2_nobg.png,/home/drnguyenvinh/notebooks/processed-images/processed_images/3. WSSV/WSSV-22-img-2_nobg.png,3. WSSV/WSSV-22-img-2_nobg.png,WSSV-22-img-2_nobg.png,3. WSSV,3. WSSV,WSSV,WSSV,2,2,WSSV-22,3. WSSV::WSSV-22,parsed,WSSV-22-img-2,True,,1098187,d3688b8a4b47d2efbb1ac7da9810c280,train
/home/drnguyenvinh/notebooks/processed-images/processed_images/3. WSSV/WSSV-23-img-1_nobg.png,/home/drnguyenvinh/notebooks/processed-images/processed_images/3. WSSV/WSSV-23-img-1_nobg.png,3. WSSV/WSSV-23-img-1_nobg.png,WSSV-23-img-1_nobg.png,3. WSSV,3. WSSV,WSSV,WSSV,2,2,WSSV-23,3. WSSV::WSSV-23,parsed,WSSV-23-img-1,True,,982615,eb2426b3113314c0dcb10cf95adc1191,train
/home/drnguyenvinh/notebooks/processed-images/processed_images/3. WSSV/WSSV-23-img-2_nobg.png,/home/drnguyenvinh/notebooks/processed-images/processed_images/3. WSSV/WSSV-23-img-2_nobg.png,3. WSSV/WSSV-23-img-2_nobg.png,WSSV-23-img-2_nobg.png,3. WSSV,3. WSSV,WSSV,WSSV,2,2,WSSV-23,3. WSSV::WSSV-23,parsed,WSSV-23-img-2,True,,986079,1098ea0574b2a6861c13733db658c727,train
/home/drnguyenvinh/notebooks/processed-images/processed_images/3. WSSV/WSSV-23-img-3_nobg.png,/home/drnguyenvinh/notebooks/processed-images/processed_images/3. WSSV/WSSV-23-img-3_nobg.png,3. WSSV/WSSV-23-img-3_nobg.png,WSSV-23-img-3_nobg.png,3. WSSV,3. WSSV,WSSV,WSSV,2,2,WSSV-23,3. WSSV::WSSV-23,parsed,WSSV-23-img-3,True,,1019349,51a924d6a1095a0faaf288d1e3b51ea3,train
/home/drnguyenvinh/notebooks/processed-images/processed_images/3. WSSV/WSSV-25-img-1_nobg.png,/home/drnguyenvinh/notebooks/processed-images/processed_images/3. WSSV/WSSV-25-img-1_nobg.png,3. WSSV/WSSV-25-img-1_nobg.png,WSSV-25-img-1_nobg.png,3. WSSV,3. WSSV,WSSV,WSSV,2,2,WSSV-25,3. WSSV::WSSV-25,parsed,WSSV-25-img-1,True,,1112937,03a917e43c9a3eb377cfd1617b59b4f9,train
/home/drnguyenvinh/notebooks/processed-images/processed_images/3. WSSV/WSSV-25-img-2_nobg.png,/home/drnguyenvinh/notebooks/processed-images/processed_images/3. WSSV/WSSV-25-img-2_nobg.png,3. WSSV/WSSV-25-img-2_nobg.png,WSSV-25-img-2_nobg.png,3. WSSV,3. WSSV,WSSV,WSSV,2,2,WSSV-25,3. WSSV::WSSV-25,parsed,WSSV-25-img-2,True,,1187601,bf540d009fe1e7e661db3fda7aab1e96,train
/home/drnguyenvinh/notebooks/processed-images/processed_images/3. WSSV/WSSV-25-img-3_nobg.png,/home/drnguyenvinh/notebooks/processed-images/processed_images/3. WSSV/WSSV-25-img-3_nobg.png,3. WSSV/WSSV-25-img-3_nobg.png,WSSV-25-img-3_nobg.png,3. WSSV,3. WSSV,WSSV,WSSV,2,2,WSSV-25,3. WSSV::WSSV-25,parsed,WSSV-25-img-3,True,,1147060,520efe3fdc1e7730a7db6f93c0eff834,train
/home/drnguyenvinh/notebooks/processed-images/processed_images/3. WSSV/WSSV-27-img-1_nobg.png,/home/drnguyenvinh/notebooks/processed-images/processed_images/3. WSSV/WSSV-27-img-1_nobg.png,3. WSSV/WSSV-27-img-1_nobg.png,WSSV-27-img-1_nobg.png,3. WSSV,3. WSSV,WSSV,WSSV,2,2,WSSV-27,3. WSSV::WSSV-27,parsed,WSSV-27-img-1,True,,1637441,5e151b9b47791d92d3cd5ebc2cecc43c,train
/home/drnguyenvinh/notebooks/processed-images/processed_images/3. WSSV/WSSV-27-img-2_nobg.png,/home/drnguyenvinh/notebooks/processed-images/processed_images/3. WSSV/WSSV-27-img-2_nobg.png,3. WSSV/WSSV-27-img-2_nobg.png,WSSV-27-img-2_nobg.png,3. WSSV,3. WSSV,WSSV,WSSV,2,2,WSSV-27,3. WSSV::WSSV-27,parsed,WSSV-27-img-2,True,,1658993,b6142c8b7df3ad39c8c84edc2d4d7c5b,train
/home/drnguyenvinh/notebooks/processed-images/processed_images/3. WSSV/WSSV-27-img-3_nobg.png,/home/drnguyenvinh/notebooks/processed-images/processed_images/3. WSSV/WSSV-27-img-3_nobg.png,3. WSSV/WSSV-27-img-3_nobg.png,WSSV-27-img-3_nobg.png,3. WSSV,3. WSSV,WSSV,WSSV,2,2,WSSV-27,3. WSSV::WSSV-27,parsed,WSSV-27-img-3,True,,1605541,3834936871cd981082abbf6f81a89458,train
/home/drnguyenvinh/notebooks/processed-images/processed_images/3. WSSV/WSSV-28-img-1_nobg.png,/home/drnguyenvinh/notebooks/processed-images/processed_images/3. WSSV/WSSV-28-img-1_nobg.png,3. WSSV/WSSV-28-img-1_nobg.png,WSSV-28-img-1_nobg.png,3. WSSV,3. WSSV,WSSV,WSSV,2,2,WSSV-28,3. WSSV::WSSV-28,parsed,WSSV-28-img-1,True,,1558737,9a61fd5228384e65223740aa17d1d1ab,train
/home/drnguyenvinh/notebooks/processed-images/processed_images/3. WSSV/WSSV-28-img-2_nobg.png,/home/drnguyenvinh/notebooks/processed-images/processed_images/3. WSSV/WSSV-28-img-2_nobg.png,3. WSSV/WSSV-28-img-2_nobg.png,WSSV-28-img-2_nobg.png,3. WSSV,3. WSSV,WSSV,WSSV,2,2,WSSV-28,3. WSSV::WSSV-28,parsed,WSSV-28-img-2,True,,1357310,ececf8be49bf686078bea53e1eeabfbe,train
/home/drnguyenvinh/notebooks/processed-images/processed_images/3. WSSV/WSSV-28-img-3_nobg.png,/home/drnguyenvinh/notebooks/processed-images/processed_images/3. WSSV/WSSV-28-img-3_nobg.png,3. WSSV/WSSV-28-img-3_nobg.png,WSSV-28-img-3_nobg.png,3. WSSV,3. WSSV,WSSV,WSSV,2,2,WSSV-28,3. WSSV::WSSV-28,parsed,WSSV-28-img-3,True,,1250641,5d83f0eb33db944acbb9c7f3bd92c53e,train
/home/drnguyenvinh/notebooks/processed-images/processed_images/3. WSSV/WSSV-29-img-1_nobg.png,/home/drnguyenvinh/notebooks/processed-images/processed_images/3. WSSV/WSSV-29-img-1_nobg.png,3. WSSV/WSSV-29-img-1_nobg.png,WSSV-29-img-1_nobg.png,3. WSSV,3. WSSV,WSSV,WSSV,2,2,WSSV-29,3. WSSV::WSSV-29,parsed,WSSV-29-img-1,True,,1202379,0ccf70ff5f1d9bed4b222e58230f86e3,train
/home/drnguyenvinh/notebooks/processed-images/processed_images/3. WSSV/WSSV-29-img-2_nobg.png,/home/drnguyenvinh/notebooks/processed-images/processed_images/3. WSSV/WSSV-29-img-2_nobg.png,3. WSSV/WSSV-29-img-2_nobg.png,WSSV-29-img-2_nobg.png,3. WSSV,3. WSSV,WSSV,WSSV,2,2,WSSV-29,3. WSSV::WSSV-29,parsed,WSSV-29-img-2,True,,1253477,07073a6647b49b5564fea8afd7428b4c,train
/home/drnguyenvinh/notebooks/processed-images/processed_images/3. WSSV/WSSV-3-img-1_nobg.png,/home/drnguyenvinh/notebooks/processed-images/processed_images/3. WSSV/WSSV-3-img-1_nobg.png,3. WSSV/WSSV-3-img-1_nobg.png,WSSV-3-img-1_nobg.png,3. WSSV,3. WSSV,WSSV,WSSV,2,2,WSSV-3,3. WSSV::WSSV-3,parsed,WSSV-3-img-1,True,,1120527,b376c87afe7744bfbcd421e7e279c414,train
/home/drnguyenvinh/notebooks/processed-images/processed_images/3. WSSV/WSSV-30-img-1_nobg.png,/home/drnguyenvinh/notebooks/processed-images/processed_images/3. WSSV/WSSV-30-img-1_nobg.png,3. WSSV/WSSV-30-img-1_nobg.png,WSSV-30-img-1_nobg.png,3. WSSV,3. WSSV,WSSV,WSSV,2,2,WSSV-30,3. WSSV::WSSV-30,parsed,WSSV-30-img-1,True,,1156301,33ff9f14fa92a070af560ea5330a7b70,train
/home/drnguyenvinh/notebooks/processed-images/processed_images/3. WSSV/WSSV-30-img-2_nobg.png,/home/drnguyenvinh/notebooks/processed-images/processed_images/3. WSSV/WSSV-30-img-2_nobg.png,3. WSSV/WSSV-30-img-2_nobg.png,WSSV-30-img-2_nobg.png,3. WSSV,3. WSSV,WSSV,WSSV,2,2,WSSV-30,3. WSSV::WSSV-30,parsed,WSSV-30-img-2,True,,1654647,b09b15787a8fd36cd40e12dc57bdcb4f,train
/home/drnguyenvinh/notebooks/processed-images/processed_images/3. WSSV/WSSV-30-img-3_nobg.png,/home/drnguyenvinh/notebooks/processed-images/processed_images/3. WSSV/WSSV-30-img-3_nobg.png,3. WSSV/WSSV-30-img-3_nobg.png,WSSV-30-img-3_nobg.png,3. WSSV,3. WSSV,WSSV,WSSV,2,2,WSSV-30,3. WSSV::WSSV-30,parsed,WSSV-30-img-3,True,,1084877,147fe5e1584ad5173e7ec11e9c25b380,train
/home/drnguyenvinh/notebooks/processed-images/processed_images/3. WSSV/WSSV-32-img-1_nobg.png,/home/drnguyenvinh/notebooks/processed-images/processed_images/3. WSSV/WSSV-32-img-1_nobg.png,3. WSSV/WSSV-32-img-1_nobg.png,WSSV-32-img-1_nobg.png,3. WSSV,3. WSSV,WSSV,WSSV,2,2,WSSV-32,3. WSSV::WSSV-32,parsed,WSSV-32-img-1,True,,968546,e1deeaa3bbbc962332f8238dcaf2e1a4,train
/home/drnguyenvinh/notebooks/processed-images/processed_images/3. WSSV/WSSV-32-img-2_nobg.png,/home/drnguyenvinh/notebooks/processed-images/processed_images/3. WSSV/WSSV-32-img-2_nobg.png,3. WSSV/WSSV-32-img-2_nobg.png,WSSV-32-img-2_nobg.png,3. WSSV,3. WSSV,WSSV,WSSV,2,2,WSSV-32,3. WSSV::WSSV-32,parsed,WSSV-32-img-2,True,,1002877,a4551989d886b6091c7e474db3c03ee1,train
/home/drnguyenvinh/notebooks/processed-images/processed_images/3. WSSV/WSSV-32-img-3_nobg.png,/home/drnguyenvinh/notebooks/processed-images/processed_images/3. WSSV/WSSV-32-img-3_nobg.png,3. WSSV/WSSV-32-img-3_nobg.png,WSSV-32-img-3_nobg.png,3. WSSV,3. WSSV,WSSV,WSSV,2,2,WSSV-32,3. WSSV::WSSV-32,parsed,WSSV-32-img-3,True,,903617,abba90802e31c987ed1c0907730ced40,train
/home/drnguyenvinh/notebooks/processed-images/processed_images/3. WSSV/WSSV-33-img-1_nobg.png,/home/drnguyenvinh/notebooks/processed-images/processed_images/3. WSSV/WSSV-33-img-1_nobg.png,3. WSSV/WSSV-33-img-1_nobg.png,WSSV-33-img-1_nobg.png,3. WSSV,3. WSSV,WSSV,WSSV,2,2,WSSV-33,3. WSSV::WSSV-33,parsed,WSSV-33-img-1,True,,1309200,645852291d5bbd3bf45b01a6df489a24,train
/home/drnguyenvinh/notebooks/processed-images/processed_images/3. WSSV/WSSV-33-img-2_nobg.png,/home/drnguyenvinh/notebooks/processed-images/processed_images/3. WSSV/WSSV-33-img-2_nobg.png,3. WSSV/WSSV-33-img-2_nobg.png,WSSV-33-img-2_nobg.png,3. WSSV,3. WSSV,WSSV,WSSV,2,2,WSSV-33,3. WSSV::WSSV-33,parsed,WSSV-33-img-2,True,,1512385,a9dc5c560ae72c5e4951983ed447b3ea,train
/home/drnguyenvinh/notebooks/processed-images/processed_images/3. WSSV/WSSV-33-img-3_nobg.png,/home/drnguyenvinh/notebooks/processed-images/processed_images/3. WSSV/WSSV-33-img-3_nobg.png,3. WSSV/WSSV-33-img-3_nobg.png,WSSV-33-img-3_nobg.png,3. WSSV,3. WSSV,WSSV,WSSV,2,2,WSSV-33,3. WSSV::WSSV-33,parsed,WSSV-33-img-3,True,,970478,5526743cee45659e74a2a44c3335ce47,train
/home/drnguyenvinh/notebooks/processed-images/processed_images/3. WSSV/WSSV-34-img-1_nobg.png,/home/drnguyenvinh/notebooks/processed-images/processed_images/3. WSSV/WSSV-34-img-1_nobg.png,3. WSSV/WSSV-34-img-1_nobg.png,WSSV-34-img-1_nobg.png,3. WSSV,3. WSSV,WSSV,WSSV,2,2,WSSV-34,3. WSSV::WSSV-34,parsed,WSSV-34-img-1,True,,1019147,583b582512b0645e4e26db0f7b99d5e5,train
/home/drnguyenvinh/notebooks/processed-images/processed_images/3. WSSV/WSSV-34-img-2_nobg.png,/home/drnguyenvinh/notebooks/processed-images/processed_images/3. WSSV/WSSV-34-img-2_nobg.png,3. WSSV/WSSV-34-img-2_nobg.png,WSSV-34-img-2_nobg.png,3. WSSV,3. WSSV,WSSV,WSSV,2,2,WSSV-34,3. WSSV::WSSV-34,parsed,WSSV-34-img-2,True,,983051,73b2c48b3267ae8e098c7a38abb8b8eb,train
/home/drnguyenvinh/notebooks/processed-images/processed_images/3. WSSV/WSSV-35-img-1_nobg.png,/home/drnguyenvinh/notebooks/processed-images/processed_images/3. WSSV/WSSV-35-img-1_nobg.png,3. WSSV/WSSV-35-img-1_nobg.png,WSSV-35-img-1_nobg.png,3. WSSV,3. WSSV,WSSV,WSSV,2,2,WSSV-35,3. WSSV::WSSV-35,parsed,WSSV-35-img-1,True,,1115437,372c978fd3abdf88d9985ae533d31417,train
/home/drnguyenvinh/notebooks/processed-images/processed_images/3. WSSV/WSSV-35-img-2_nobg.png,/home/drnguyenvinh/notebooks/processed-images/processed_images/3. WSSV/WSSV-35-img-2_nobg.png,3. WSSV/WSSV-35-img-2_nobg.png,WSSV-35-img-2_nobg.png,3. WSSV,3. WSSV,WSSV,WSSV,2,2,WSSV-35,3. WSSV::WSSV-35,parsed,WSSV-35-img-2,True,,1109556,0ac68fd4c0c9bd72a8de4371c79568e1,train
/home/drnguyenvinh/notebooks/processed-images/processed_images/3. WSSV/WSSV-35-img-3_nobg.png,/home/drnguyenvinh/notebooks/processed-images/processed_images/3. WSSV/WSSV-35-img-3_nobg.png,3. WSSV/WSSV-35-img-3_nobg.png,WSSV-35-img-3_nobg.png,3. WSSV,3. WSSV,WSSV,WSSV,2,2,WSSV-35,3. WSSV::WSSV-35,parsed,WSSV-35-img-3,True,,1009689,2d3a038ca6d20cc9810c4c3a0b2dc7e2,train
/home/drnguyenvinh/notebooks/processed-images/processed_images/3. WSSV/WSSV-36-img-1_nobg.png,/home/drnguyenvinh/notebooks/processed-images/processed_images/3. WSSV/WSSV-36-img-1_nobg.png,3. WSSV/WSSV-36-img-1_nobg.png,WSSV-36-img-1_nobg.png,3. WSSV,3. WSSV,WSSV,WSSV,2,2,WSSV-36,3. WSSV::WSSV-36,parsed,WSSV-36-img-1,True,,1048174,cfc3f81ac7627818399108d337b935d2,train
/home/drnguyenvinh/notebooks/processed-images/processed_images/3. WSSV/WSSV-36-img-2_nobg.png,/home/drnguyenvinh/notebooks/processed-images/processed_images/3. WSSV/WSSV-36-img-2_nobg.png,3. WSSV/WSSV-36-img-2_nobg.png,WSSV-36-img-2_nobg.png,3. WSSV,3. WSSV,WSSV,WSSV,2,2,WSSV-36,3. WSSV::WSSV-36,parsed,WSSV-36-img-2,True,,1063158,ce78fc2d6e5fd7011e7e90b7d02d7aa9,train
/home/drnguyenvinh/notebooks/processed-images/processed_images/3. WSSV/WSSV-36-img-3_nobg.png,/home/drnguyenvinh/notebooks/processed-images/processed_images/3. WSSV/WSSV-36-img-3_nobg.png,3. WSSV/WSSV-36-img-3_nobg.png,WSSV-36-img-3_nobg.png,3. WSSV,3. WSSV,WSSV,WSSV,2,2,WSSV-36,3. WSSV::WSSV-36,parsed,WSSV-36-img-3,True,,887964,7821e3a3d3f5d598dc0194577ff2f268,train
/home/drnguyenvinh/notebooks/processed-images/processed_images/3. WSSV/WSSV-37-img-1_nobg.png,/home/drnguyenvinh/notebooks/processed-images/processed_images/3. WSSV/WSSV-37-img-1_nobg.png,3. WSSV/WSSV-37-img-1_nobg.png,WSSV-37-img-1_nobg.png,3. WSSV,3. WSSV,WSSV,WSSV,2,2,WSSV-37,3. WSSV::WSSV-37,parsed,WSSV-37-img-1,True,,926361,affe184218d38b6deef130765ad9922f,train
/home/drnguyenvinh/notebooks/processed-images/processed_images/3. WSSV/WSSV-37-img-2_nobg.png,/home/drnguyenvinh/notebooks/processed-images/processed_images/3. WSSV/WSSV-37-img-2_nobg.png,3. WSSV/WSSV-37-img-2_nobg.png,WSSV-37-img-2_nobg.png,3. WSSV,3. WSSV,WSSV,WSSV,2,2,WSSV-37,3. WSSV::WSSV-37,parsed,WSSV-37-img-2,True,,911146,6f9db06156d03aed380fc8ff9d811a64,train
/home/drnguyenvinh/notebooks/processed-images/processed_images/3. WSSV/WSSV-38-img-1_nobg.png,/home/drnguyenvinh/notebooks/processed-images/processed_images/3. WSSV/WSSV-38-img-1_nobg.png,3. WSSV/WSSV-38-img-1_nobg.png,WSSV-38-img-1_nobg.png,3. WSSV,3. WSSV,WSSV,WSSV,2,2,WSSV-38,3. WSSV::WSSV-38,parsed,WSSV-38-img-1,True,,1093899,ec464c4e6008cb1952f4fab68251ff64,train
/home/drnguyenvinh/notebooks/processed-images/processed_images/3. WSSV/WSSV-38-img-2_nobg.png,/home/drnguyenvinh/notebooks/processed-images/processed_images/3. WSSV/WSSV-38-img-2_nobg.png,3. WSSV/WSSV-38-img-2_nobg.png,WSSV-38-img-2_nobg.png,3. WSSV,3. WSSV,WSSV,WSSV,2,2,WSSV-38,3. WSSV::WSSV-38,parsed,WSSV-38-img-2,True,,1031852,d0b42e678c576abdb2ea59d4b62e4f9b,train
/home/drnguyenvinh/notebooks/processed-images/processed_images/3. WSSV/WSSV-38-img-3_nobg.png,/home/drnguyenvinh/notebooks/processed-images/processed_images/3. WSSV/WSSV-38-img-3_nobg.png,3. WSSV/WSSV-38-img-3_nobg.png,WSSV-38-img-3_nobg.png,3. WSSV,3. WSSV,WSSV,WSSV,2,2,WSSV-38,3. WSSV::WSSV-38,parsed,WSSV-38-img-3,True,,1150635,6e9b25ffa9695eb428d6ad3b03bb1932,train
/home/drnguyenvinh/notebooks/processed-images/processed_images/3. WSSV/WSSV-39-img-1_nobg.png,/home/drnguyenvinh/notebooks/processed-images/processed_images/3. WSSV/WSSV-39-img-1_nobg.png,3. WSSV/WSSV-39-img-1_nobg.png,WSSV-39-img-1_nobg.png,3. WSSV,3. WSSV,WSSV,WSSV,2,2,WSSV-39,3. WSSV::WSSV-39,parsed,WSSV-39-img-1,True,,1109417,2c662763bcd9ae5c7c3b1c320c3a42d0,train
/home/drnguyenvinh/notebooks/processed-images/processed_images/3. WSSV/WSSV-39-img-2_nobg.png,/home/drnguyenvinh/notebooks/processed-images/processed_images/3. WSSV/WSSV-39-img-2_nobg.png,3. WSSV/WSSV-39-img-2_nobg.png,WSSV-39-img-2_nobg.png,3. WSSV,3. WSSV,WSSV,WSSV,2,2,WSSV-39,3. WSSV::WSSV-39,parsed,WSSV-39-img-2,True,,1278499,926009c8fdcdf93a6bda049f81f115b6,train
/home/drnguyenvinh/notebooks/processed-images/processed_images/3. WSSV/WSSV-39-img-3_nobg.png,/home/drnguyenvinh/notebooks/processed-images/processed_images/3. WSSV/WSSV-39-img-3_nobg.png,3. WSSV/WSSV-39-img-3_nobg.png,WSSV-39-img-3_nobg.png,3. WSSV,3. WSSV,WSSV,WSSV,2,2,WSSV-39,3. WSSV::WSSV-39,parsed,WSSV-39-img-3,True,,965377,2773fc3f0dd449bcb87f3d84db2d4fde,train
/home/drnguyenvinh/notebooks/processed-images/processed_images/3. WSSV/WSSV-40-img-1_nobg.png,/home/drnguyenvinh/notebooks/processed-images/processed_images/3. WSSV/WSSV-40-img-1_nobg.png,3. WSSV/WSSV-40-img-1_nobg.png,WSSV-40-img-1_nobg.png,3. WSSV,3. WSSV,WSSV,WSSV,2,2,WSSV-40,3. WSSV::WSSV-40,parsed,WSSV-40-img-1,True,,1206288,9ff4ff425386d9cfdc0efc925c8c9f71,train
/home/drnguyenvinh/notebooks/processed-images/processed_images/3. WSSV/WSSV-40-img-2_nobg.png,/home/drnguyenvinh/notebooks/processed-images/processed_images/3. WSSV/WSSV-40-img-2_nobg.png,3. WSSV/WSSV-40-img-2_nobg.png,WSSV-40-img-2_nobg.png,3. WSSV,3. WSSV,WSSV,WSSV,2,2,WSSV-40,3. WSSV::WSSV-40,parsed,WSSV-40-img-2,True,,1219951,ef4b8ebf88a73ca3434ee097ab78f5d3,train
/home/drnguyenvinh/notebooks/processed-images/processed_images/3. WSSV/WSSV-40-img-3_nobg.png,/home/drnguyenvinh/notebooks/processed-images/processed_images/3. WSSV/WSSV-40-img-3_nobg.png,3. WSSV/WSSV-40-img-3_nobg.png,WSSV-40-img-3_nobg.png,3. WSSV,3. WSSV,WSSV,WSSV,2,2,WSSV-40,3. WSSV::WSSV-40,parsed,WSSV-40-img-3,True,,1098153,8a74f728a89ad58fb7411ac6eb2d3c8c,train
/home/drnguyenvinh/notebooks/processed-images/processed_images/3. WSSV/WSSV-43-img-1_nobg.png,/home/drnguyenvinh/notebooks/processed-images/processed_images/3. WSSV/WSSV-43-img-1_nobg.png,3. WSSV/WSSV-43-img-1_nobg.png,WSSV-43-img-1_nobg.png,3. WSSV,3. WSSV,WSSV,WSSV,2,2,WSSV-43,3. WSSV::WSSV-43,parsed,WSSV-43-img-1,True,,820242,47ffadea2bd74d78e4782f5bf13a273b,train
/home/drnguyenvinh/notebooks/processed-images/processed_images/3. WSSV/WSSV-43-img-2_nobg.png,/home/drnguyenvinh/notebooks/processed-images/processed_images/3. WSSV/WSSV-43-img-2_nobg.png,3. WSSV/WSSV-43-img-2_nobg.png,WSSV-43-img-2_nobg.png,3. WSSV,3. WSSV,WSSV,WSSV,2,2,WSSV-43,3. WSSV::WSSV-43,parsed,WSSV-43-img-2,True,,795188,2470424550c359906e842c178f8100ed,train
/home/drnguyenvinh/notebooks/processed-images/processed_images/3. WSSV/WSSV-43-img-3_nobg.png,/home/drnguyenvinh/notebooks/processed-images/processed_images/3. WSSV/WSSV-43-img-3_nobg.png,3. WSSV/WSSV-43-img-3_nobg.png,WSSV-43-img-3_nobg.png,3. WSSV,3. WSSV,WSSV,WSSV,2,2,WSSV-43,3. WSSV::WSSV-43,parsed,WSSV-43-img-3,True,,679330,02f616a8db99b6638700ea2defe7c60f,train
/home/drnguyenvinh/notebooks/processed-images/processed_images/3. WSSV/WSSV-44-img-1_nobg.png,/home/drnguyenvinh/notebooks/processed-images/processed_images/3. WSSV/WSSV-44-img-1_nobg.png,3. WSSV/WSSV-44-img-1_nobg.png,WSSV-44-img-1_nobg.png,3. WSSV,3. WSSV,WSSV,WSSV,2,2,WSSV-44,3. WSSV::WSSV-44,parsed,WSSV-44-img-1,True,,865165,e507c99fe9eaccb058c4f34a1fad9d6f,train
/home/drnguyenvinh/notebooks/processed-images/processed_images/3. WSSV/WSSV-44-img-2_nobg.png,/home/drnguyenvinh/notebooks/processed-images/processed_images/3. WSSV/WSSV-44-img-2_nobg.png,3. WSSV/WSSV-44-img-2_nobg.png,WSSV-44-img-2_nobg.png,3. WSSV,3. WSSV,WSSV,WSSV,2,2,WSSV-44,3. WSSV::WSSV-44,parsed,WSSV-44-img-2,True,,885953,2113fe29aea6dd9c0a96c54fcf8d3cb2,train
/home/drnguyenvinh/notebooks/processed-images/processed_images/3. WSSV/WSSV-44-img-3_nobg.png,/home/drnguyenvinh/notebooks/processed-images/processed_images/3. WSSV/WSSV-44-img-3_nobg.png,3. WSSV/WSSV-44-img-3_nobg.png,WSSV-44-img-3_nobg.png,3. WSSV,3. WSSV,WSSV,WSSV,2,2,WSSV-44,3. WSSV::WSSV-44,parsed,WSSV-44-img-3,True,,748627,85a8cc89cfd49e144ff5486122418dde,train
/home/drnguyenvinh/notebooks/processed-images/processed_images/3. WSSV/WSSV-46-img-1_nobg.png,/home/drnguyenvinh/notebooks/processed-images/processed_images/3. WSSV/WSSV-46-img-1_nobg.png,3. WSSV/WSSV-46-img-1_nobg.png,WSSV-46-img-1_nobg.png,3. WSSV,3. WSSV,WSSV,WSSV,2,2,WSSV-46,3. WSSV::WSSV-46,parsed,WSSV-46-img-1,True,,944005,d1784ae5eaaf81a20dbf8c4a5c607b1a,train
/home/drnguyenvinh/notebooks/processed-images/processed_images/3. WSSV/WSSV-46-img-2_nobg.png,/home/drnguyenvinh/notebooks/processed-images/processed_images/3. WSSV/WSSV-46-img-2_nobg.png,3. WSSV/WSSV-46-img-2_nobg.png,WSSV-46-img-2_nobg.png,3. WSSV,3. WSSV,WSSV,WSSV,2,2,WSSV-46,3. WSSV::WSSV-46,parsed,WSSV-46-img-2,True,,1018172,5c74592a1d0ed252d5537dbb586f7f1e,train
/home/drnguyenvinh/notebooks/processed-images/processed_images/3. WSSV/WSSV-46-img-3_nobg.png,/home/drnguyenvinh/notebooks/processed-images/processed_images/3. WSSV/WSSV-46-img-3_nobg.png,3. WSSV/WSSV-46-img-3_nobg.png,WSSV-46-img-3_nobg.png,3. WSSV,3. WSSV,WSSV,WSSV,2,2,WSSV-46,3. WSSV::WSSV-46,parsed,WSSV-46-img-3,True,,1171319,b849e83eb932f8efce27e3cc61ce0adb,train
/home/drnguyenvinh/notebooks/processed-images/processed_images/3. WSSV/WSSV-47-img-1_nobg.png,/home/drnguyenvinh/notebooks/processed-images/processed_images/3. WSSV/WSSV-47-img-1_nobg.png,3. WSSV/WSSV-47-img-1_nobg.png,WSSV-47-img-1_nobg.png,3. WSSV,3. WSSV,WSSV,WSSV,2,2,WSSV-47,3. WSSV::WSSV-47,parsed,WSSV-47-img-1,True,,1115471,cfa9f4527206672fda2a59299ccb9658,train
/home/drnguyenvinh/notebooks/processed-images/processed_images/3. WSSV/WSSV-47-img-2_nobg.png,/home/drnguyenvinh/notebooks/processed-images/processed_images/3. WSSV/WSSV-47-img-2_nobg.png,3. WSSV/WSSV-47-img-2_nobg.png,WSSV-47-img-2_nobg.png,3. WSSV,3. WSSV,WSSV,WSSV,2,2,WSSV-47,3. WSSV::WSSV-47,parsed,WSSV-47-img-2,True,,1278117,6c4c22b141f742344a21c764d9faa817,train
/home/drnguyenvinh/notebooks/processed-images/processed_images/3. WSSV/WSSV-47-img-3_nobg.png,/home/drnguyenvinh/notebooks/processed-images/processed_images/3. WSSV/WSSV-47-img-3_nobg.png,3. WSSV/WSSV-47-img-3_nobg.png,WSSV-47-img-3_nobg.png,3. WSSV,3. WSSV,WSSV,WSSV,2,2,WSSV-47,3. WSSV::WSSV-47,parsed,WSSV-47-img-3,True,,1001712,dbd47543304768407a5466006f78b18c,train
/home/drnguyenvinh/notebooks/processed-images/processed_images/3. WSSV/WSSV-48-img-1_nobg.png,/home/drnguyenvinh/notebooks/processed-images/processed_images/3. WSSV/WSSV-48-img-1_nobg.png,3. WSSV/WSSV-48-img-1_nobg.png,WSSV-48-img-1_nobg.png,3. WSSV,3. WSSV,WSSV,WSSV,2,2,WSSV-48,3. WSSV::WSSV-48,parsed,WSSV-48-img-1,True,,1132680,b688c6aaf43150fa163375e54dbfd6d9,train
/home/drnguyenvinh/notebooks/processed-images/processed_images/3. WSSV/WSSV-48-img-2_nobg.png,/home/drnguyenvinh/notebooks/processed-images/processed_images/3. WSSV/WSSV-48-img-2_nobg.png,3. WSSV/WSSV-48-img-2_nobg.png,WSSV-48-img-2_nobg.png,3. WSSV,3. WSSV,WSSV,WSSV,2,2,WSSV-48,3. WSSV::WSSV-48,parsed,WSSV-48-img-2,True,,1220323,1af08c4d2e92c954d340447bb6db7049,train
/home/drnguyenvinh/notebooks/processed-images/processed_images/3. WSSV/WSSV-48-img-3_nobg.png,/home/drnguyenvinh/notebooks/processed-images/processed_images/3. WSSV/WSSV-48-img-3_nobg.png,3. WSSV/WSSV-48-img-3_nobg.png,WSSV-48-img-3_nobg.png,3. WSSV,3. WSSV,WSSV,WSSV,2,2,WSSV-48,3. WSSV::WSSV-48,parsed,WSSV-48-img-3,True,,1028514,24d406ab1147f2c99978d0ac9c09cc97,train
/home/drnguyenvinh/notebooks/processed-images/processed_images/3. WSSV/WSSV-49-img-1_nobg.png,/home/drnguyenvinh/notebooks/processed-images/processed_images/3. WSSV/WSSV-49-img-1_nobg.png,3. WSSV/WSSV-49-img-1_nobg.png,WSSV-49-img-1_nobg.png,3. WSSV,3. WSSV,WSSV,WSSV,2,2,WSSV-49,3. WSSV::WSSV-49,parsed,WSSV-49-img-1,True,,1046285,90988cb3f6725bf6c89cdd02220c573e,train
/home/drnguyenvinh/notebooks/processed-images/processed_images/3. WSSV/WSSV-49-img-2_nobg.png,/home/drnguyenvinh/notebooks/processed-images/processed_images/3. WSSV/WSSV-49-img-2_nobg.png,3. WSSV/WSSV-49-img-2_nobg.png,WSSV-49-img-2_nobg.png,3. WSSV,3. WSSV,WSSV,WSSV,2,2,WSSV-49,3. WSSV::WSSV-49,parsed,WSSV-49-img-2,True,,945123,6282d57ae4e4ac4fae1b4aaf31baebd0,train
/home/drnguyenvinh/notebooks/processed-images/processed_images/3. WSSV/WSSV-49-img-3_nobg.png,/home/drnguyenvinh/notebooks/processed-images/processed_images/3. WSSV/WSSV-49-img-3_nobg.png,3. WSSV/WSSV-49-img-3_nobg.png,WSSV-49-img-3_nobg.png,3. WSSV,3. WSSV,WSSV,WSSV,2,2,WSSV-49,3. WSSV::WSSV-49,parsed,WSSV-49-img-3,True,,1448239,a5e4c40230b8ac02bbc4f2c3b770e6b3,train
/home/drnguyenvinh/notebooks/processed-images/processed_images/3. WSSV/WSSV-5-img-1_nobg.png,/home/drnguyenvinh/notebooks/processed-images/processed_images/3. WSSV/WSSV-5-img-1_nobg.png,3. WSSV/WSSV-5-img-1_nobg.png,WSSV-5-img-1_nobg.png,3. WSSV,3. WSSV,WSSV,WSSV,2,2,WSSV-5,3. WSSV::WSSV-5,parsed,WSSV-5-img-1,True,,1124142,cf003b1a28c507f3f7944b5998dd0208,train
/home/drnguyenvinh/notebooks/processed-images/processed_images/3. WSSV/WSSV-5-img-2_nobg.png,/home/drnguyenvinh/notebooks/processed-images/processed_images/3. WSSV/WSSV-5-img-2_nobg.png,3. WSSV/WSSV-5-img-2_nobg.png,WSSV-5-img-2_nobg.png,3. WSSV,3. WSSV,WSSV,WSSV,2,2,WSSV-5,3. WSSV::WSSV-5,parsed,WSSV-5-img-2,True,,1113165,1a6821ccbe1414a641cda84b3dd95925,train
/home/drnguyenvinh/notebooks/processed-images/processed_images/3. WSSV/WSSV-5-img-3_nobg.png,/home/drnguyenvinh/notebooks/processed-images/processed_images/3. WSSV/WSSV-5-img-3_nobg.png,3. WSSV/WSSV-5-img-3_nobg.png,WSSV-5-img-3_nobg.png,3. WSSV,3. WSSV,WSSV,WSSV,2,2,WSSV-5,3. WSSV::WSSV-5,parsed,WSSV-5-img-3,True,,1031135,d6c46a67fbd4932414829b1e0cf5ce57,train
/home/drnguyenvinh/notebooks/processed-images/processed_images/3. WSSV/WSSV-50-img-1_nobg.png,/home/drnguyenvinh/notebooks/processed-images/processed_images/3. WSSV/WSSV-50-img-1_nobg.png,3. WSSV/WSSV-50-img-1_nobg.png,WSSV-50-img-1_nobg.png,3. WSSV,3. WSSV,WSSV,WSSV,2,2,WSSV-50,3. WSSV::WSSV-50,parsed,WSSV-50-img-1,True,,1007258,5c4e835765d22f47678674c1caed779a,train
/home/drnguyenvinh/notebooks/processed-images/processed_images/3. WSSV/WSSV-50-img-2_nobg.png,/home/drnguyenvinh/notebooks/processed-images/processed_images/3. WSSV/WSSV-50-img-2_nobg.png,3. WSSV/WSSV-50-img-2_nobg.png,WSSV-50-img-2_nobg.png,3. WSSV,3. WSSV,WSSV,WSSV,2,2,WSSV-50,3. WSSV::WSSV-50,parsed,WSSV-50-img-2,True,,1049360,add0e302f94c66eba4b7edd0f3a95e24,train
/home/drnguyenvinh/notebooks/processed-images/processed_images/3. WSSV/WSSV-50-img-3_nobg.png,/home/drnguyenvinh/notebooks/processed-images/processed_images/3. WSSV/WSSV-50-img-3_nobg.png,3. WSSV/WSSV-50-img-3_nobg.png,WSSV-50-img-3_nobg.png,3. WSSV,3. WSSV,WSSV,WSSV,2,2,WSSV-50,3. WSSV::WSSV-50,parsed,WSSV-50-img-3,True,,1033126,bb74025c43e08faa8c3d641db19caaf2,train
/home/drnguyenvinh/notebooks/processed-images/processed_images/3. WSSV/WSSV-51-img-1_nobg.png,/home/drnguyenvinh/notebooks/processed-images/processed_images/3. WSSV/WSSV-51-img-1_nobg.png,3. WSSV/WSSV-51-img-1_nobg.png,WSSV-51-img-1_nobg.png,3. WSSV,3. WSSV,WSSV,WSSV,2,2,WSSV-51,3. WSSV::WSSV-51,parsed,WSSV-51-img-1,True,,997158,d76ea605fb4ba272eb5e0dd5796ddbc8,train
/home/drnguyenvinh/notebooks/processed-images/processed_images/3. WSSV/WSSV-51-img-2_nobg.png,/home/drnguyenvinh/notebooks/processed-images/processed_images/3. WSSV/WSSV-51-img-2_nobg.png,3. WSSV/WSSV-51-img-2_nobg.png,WSSV-51-img-2_nobg.png,3. WSSV,3. WSSV,WSSV,WSSV,2,2,WSSV-51,3. WSSV::WSSV-51,parsed,WSSV-51-img-2,True,,1274282,bf46b68f345a36c44ef2b6e95e83701a,train
/home/drnguyenvinh/notebooks/processed-images/processed_images/3. WSSV/WSSV-51-img-3_nobg.png,/home/drnguyenvinh/notebooks/processed-images/processed_images/3. WSSV/WSSV-51-img-3_nobg.png,3. WSSV/WSSV-51-img-3_nobg.png,WSSV-51-img-3_nobg.png,3. WSSV,3. WSSV,WSSV,WSSV,2,2,WSSV-51,3. WSSV::WSSV-51,parsed,WSSV-51-img-3,True,,1142078,da84a52dd9ba385d913a7b88e78e1f7f,train
/home/drnguyenvinh/notebooks/processed-images/processed_images/3. WSSV/WSSV-57-img-1_nobg.png,/home/drnguyenvinh/notebooks/processed-images/processed_images/3. WSSV/WSSV-57-img-1_nobg.png,3. WSSV/WSSV-57-img-1_nobg.png,WSSV-57-img-1_nobg.png,3. WSSV,3. WSSV,WSSV,WSSV,2,2,WSSV-57,3. WSSV::WSSV-57,parsed,WSSV-57-img-1,True,,1058016,4c4af34c4c6ca2e43b01e65a3667cdda,train
/home/drnguyenvinh/notebooks/processed-images/processed_images/3. WSSV/WSSV-57-img-2_nobg.png,/home/drnguyenvinh/notebooks/processed-images/processed_images/3. WSSV/WSSV-57-img-2_nobg.png,3. WSSV/WSSV-57-img-2_nobg.png,WSSV-57-img-2_nobg.png,3. WSSV,3. WSSV,WSSV,WSSV,2,2,WSSV-57,3. WSSV::WSSV-57,parsed,WSSV-57-img-2,True,,988741,0d51140cea5ac6200713aa472c0d0632,train
/home/drnguyenvinh/notebooks/processed-images/processed_images/3. WSSV/WSSV-59-img-1_nobg.png,/home/drnguyenvinh/notebooks/processed-images/processed_images/3. WSSV/WSSV-59-img-1_nobg.png,3. WSSV/WSSV-59-img-1_nobg.png,WSSV-59-img-1_nobg.png,3. WSSV,3. WSSV,WSSV,WSSV,2,2,WSSV-59,3. WSSV::WSSV-59,parsed,WSSV-59-img-1,True,,1317021,a45c4bae1604b3a200dad9394d14b221,train
/home/drnguyenvinh/notebooks/processed-images/processed_images/3. WSSV/WSSV-59-img-2_nobg.png,/home/drnguyenvinh/notebooks/processed-images/processed_images/3. WSSV/WSSV-59-img-2_nobg.png,3. WSSV/WSSV-59-img-2_nobg.png,WSSV-59-img-2_nobg.png,3. WSSV,3. WSSV,WSSV,WSSV,2,2,WSSV-59,3. WSSV::WSSV-59,parsed,WSSV-59-img-2,True,,1501848,6df2c0e416bd2b724503f4e4567bdd20,train
/home/drnguyenvinh/notebooks/processed-images/processed_images/3. WSSV/WSSV-60-img-1_nobg.png,/home/drnguyenvinh/notebooks/processed-images/processed_images/3. WSSV/WSSV-60-img-1_nobg.png,3. WSSV/WSSV-60-img-1_nobg.png,WSSV-60-img-1_nobg.png,3. WSSV,3. WSSV,WSSV,WSSV,2,2,WSSV-60,3. WSSV::WSSV-60,parsed,WSSV-60-img-1,True,,1438966,a3fa95cc806ef93351f4c69256974c85,train
/home/drnguyenvinh/notebooks/processed-images/processed_images/3. WSSV/WSSV-60-img-2_nobg.png,/home/drnguyenvinh/notebooks/processed-images/processed_images/3. WSSV/WSSV-60-img-2_nobg.png,3. WSSV/WSSV-60-img-2_nobg.png,WSSV-60-img-2_nobg.png,3. WSSV,3. WSSV,WSSV,WSSV,2,2,WSSV-60,3. WSSV::WSSV-60,parsed,WSSV-60-img-2,True,,1480171,e6740960ea880c860192cd31849392b4,train
/home/drnguyenvinh/notebooks/processed-images/processed_images/3. WSSV/WSSV-60-img-3_nobg.png,/home/drnguyenvinh/notebooks/processed-images/processed_images/3. WSSV/WSSV-60-img-3_nobg.png,3. WSSV/WSSV-60-img-3_nobg.png,WSSV-60-img-3_nobg.png,3. WSSV,3. WSSV,WSSV,WSSV,2,2,WSSV-60,3. WSSV::WSSV-60,parsed,WSSV-60-img-3,True,,1052493,18eb32de8ff145c99c9d183935af3330,train
/home/drnguyenvinh/notebooks/processed-images/processed_images/3. WSSV/WSSV-61-img-1_nobg.png,/home/drnguyenvinh/notebooks/processed-images/processed_images/3. WSSV/WSSV-61-img-1_nobg.png,3. WSSV/WSSV-61-img-1_nobg.png,WSSV-61-img-1_nobg.png,3. WSSV,3. WSSV,WSSV,WSSV,2,2,WSSV-61,3. WSSV::WSSV-61,parsed,WSSV-61-img-1,True,,926197,f2c3587a31bf78daa362f501ac1602bd,train
/home/drnguyenvinh/notebooks/processed-images/processed_images/3. WSSV/WSSV-61-img-2_nobg.png,/home/drnguyenvinh/notebooks/processed-images/processed_images/3. WSSV/WSSV-61-img-2_nobg.png,3. WSSV/WSSV-61-img-2_nobg.png,WSSV-61-img-2_nobg.png,3. WSSV,3. WSSV,WSSV,WSSV,2,2,WSSV-61,3. WSSV::WSSV-61,parsed,WSSV-61-img-2,True,,903173,b99387b5f20ddbd802ad86ebc4f55222,train
/home/drnguyenvinh/notebooks/processed-images/processed_images/3. WSSV/WSSV-61-img-3_nobg.png,/home/drnguyenvinh/notebooks/processed-images/processed_images/3. WSSV/WSSV-61-img-3_nobg.png,3. WSSV/WSSV-61-img-3_nobg.png,WSSV-61-img-3_nobg.png,3. WSSV,3. WSSV,WSSV,WSSV,2,2,WSSV-61,3. WSSV::WSSV-61,parsed,WSSV-61-img-3,True,,816559,dae25ff4d2fe6c32a3acac734d3eb1fd,train
/home/drnguyenvinh/notebooks/processed-images/processed_images/3. WSSV/WSSV-62-img-1_nobg.png,/home/drnguyenvinh/notebooks/processed-images/processed_images/3. WSSV/WSSV-62-img-1_nobg.png,3. WSSV/WSSV-62-img-1_nobg.png,WSSV-62-img-1_nobg.png,3. WSSV,3. WSSV,WSSV,WSSV,2,2,WSSV-62,3. WSSV::WSSV-62,parsed,WSSV-62-img-1,True,,660481,317589a40626ff8f2b89b62e6b713f13,train
/home/drnguyenvinh/notebooks/processed-images/processed_images/3. WSSV/WSSV-62-img-2_nobg.png,/home/drnguyenvinh/notebooks/processed-images/processed_images/3. WSSV/WSSV-62-img-2_nobg.png,3. WSSV/WSSV-62-img-2_nobg.png,WSSV-62-img-2_nobg.png,3. WSSV,3. WSSV,WSSV,WSSV,2,2,WSSV-62,3. WSSV::WSSV-62,parsed,WSSV-62-img-2,True,,866094,ae48e53a6d85987adfbe02ef484a8103,train
/home/drnguyenvinh/notebooks/processed-images/processed_images/3. WSSV/WSSV-63-img-1_nobg.png,/home/drnguyenvinh/notebooks/processed-images/processed_images/3. WSSV/WSSV-63-img-1_nobg.png,3. WSSV/WSSV-63-img-1_nobg.png,WSSV-63-img-1_nobg.png,3. WSSV,3. WSSV,WSSV,WSSV,2,2,WSSV-63,3. WSSV::WSSV-63,parsed,WSSV-63-img-1,True,,791336,25c4c6a372e736b49a4f81d7fb5c6228,train
/home/drnguyenvinh/notebooks/processed-images/processed_images/3. WSSV/WSSV-63-img-2_nobg.png,/home/drnguyenvinh/notebooks/processed-images/processed_images/3. WSSV/WSSV-63-img-2_nobg.png,3. WSSV/WSSV-63-img-2_nobg.png,WSSV-63-img-2_nobg.png,3. WSSV,3. WSSV,WSSV,WSSV,2,2,WSSV-63,3. WSSV::WSSV-63,parsed,WSSV-63-img-2,True,,547356,61bf3c17401f4a9da9525ee2e1420978,train
/home/drnguyenvinh/notebooks/processed-images/processed_images/3. WSSV/WSSV-63-img-3_nobg.png,/home/drnguyenvinh/notebooks/processed-images/processed_images/3. WSSV/WSSV-63-img-3_nobg.png,3. WSSV/WSSV-63-img-3_nobg.png,WSSV-63-img-3_nobg.png,3. WSSV,3. WSSV,WSSV,WSSV,2,2,WSSV-63,3. WSSV::WSSV-63,parsed,WSSV-63-img-3,True,,618878,0a2af5b8fc819c4d47f4eeebf3130893,train
/home/drnguyenvinh/notebooks/processed-images/processed_images/3. WSSV/WSSV-65-img-1_nobg.png,/home/drnguyenvinh/notebooks/processed-images/processed_images/3. WSSV/WSSV-65-img-1_nobg.png,3. WSSV/WSSV-65-img-1_nobg.png,WSSV-65-img-1_nobg.png,3. WSSV,3. WSSV,WSSV,WSSV,2,2,WSSV-65,3. WSSV::WSSV-65,parsed,WSSV-65-img-1,True,,750982,f9999520391a2fc27d0becccb40674cb,train
/home/drnguyenvinh/notebooks/processed-images/processed_images/3. WSSV/WSSV-65-img-2_nobg.png,/home/drnguyenvinh/notebooks/processed-images/processed_images/3. WSSV/WSSV-65-img-2_nobg.png,3. WSSV/WSSV-65-img-2_nobg.png,WSSV-65-img-2_nobg.png,3. WSSV,3. WSSV,WSSV,WSSV,2,2,WSSV-65,3. WSSV::WSSV-65,parsed,WSSV-65-img-2,True,,809735,df735cf88418e675721b0780362634ae,train
/home/drnguyenvinh/notebooks/processed-images/processed_images/3. WSSV/WSSV-65-img-3_nobg.png,/home/drnguyenvinh/notebooks/processed-images/processed_images/3. WSSV/WSSV-65-img-3_nobg.png,3. WSSV/WSSV-65-img-3_nobg.png,WSSV-65-img-3_nobg.png,3. WSSV,3. WSSV,WSSV,WSSV,2,2,WSSV-65,3. WSSV::WSSV-65,parsed,WSSV-65-img-3,True,,726207,a027ad2ec596d339bf16506d291bda45,train
/home/drnguyenvinh/notebooks/processed-images/processed_images/3. WSSV/WSSV-66-img-1_nobg.png,/home/drnguyenvinh/notebooks/processed-images/processed_images/3. WSSV/WSSV-66-img-1_nobg.png,3. WSSV/WSSV-66-img-1_nobg.png,WSSV-66-img-1_nobg.png,3. WSSV,3. WSSV,WSSV,WSSV,2,2,WSSV-66,3. WSSV::WSSV-66,parsed,WSSV-66-img-1,True,,885518,ad8c52d3935c2c56dd3440fa4c4ea104,train
/home/drnguyenvinh/notebooks/processed-images/processed_images/3. WSSV/WSSV-66-img-2_nobg.png,/home/drnguyenvinh/notebooks/processed-images/processed_images/3. WSSV/WSSV-66-img-2_nobg.png,3. WSSV/WSSV-66-img-2_nobg.png,WSSV-66-img-2_nobg.png,3. WSSV,3. WSSV,WSSV,WSSV,2,2,WSSV-66,3. WSSV::WSSV-66,parsed,WSSV-66-img-2,True,,819113,e5b77c5a1386bd600a3acd106cfa1b45,train
/home/drnguyenvinh/notebooks/processed-images/processed_images/3. WSSV/WSSV-66-img-3_nobg.png,/home/drnguyenvinh/notebooks/processed-images/processed_images/3. WSSV/WSSV-66-img-3_nobg.png,3. WSSV/WSSV-66-img-3_nobg.png,WSSV-66-img-3_nobg.png,3. WSSV,3. WSSV,WSSV,WSSV,2,2,WSSV-66,3. WSSV::WSSV-66,parsed,WSSV-66-img-3,True,,881320,8ffed7e13f5ae6f631680be89332ea97,train
/home/drnguyenvinh/notebooks/processed-images/processed_images/3. WSSV/WSSV-67-img-1_nobg.png,/home/drnguyenvinh/notebooks/processed-images/processed_images/3. WSSV/WSSV-67-img-1_nobg.png,3. WSSV/WSSV-67-img-1_nobg.png,WSSV-67-img-1_nobg.png,3. WSSV,3. WSSV,WSSV,WSSV,2,2,WSSV-67,3. WSSV::WSSV-67,parsed,WSSV-67-img-1,True,,875970,cd1d7b0f9e3966ad7fd3147f9783f809,train
/home/drnguyenvinh/notebooks/processed-images/processed_images/3. WSSV/WSSV-67-img-2_nobg.png,/home/drnguyenvinh/notebooks/processed-images/processed_images/3. WSSV/WSSV-67-img-2_nobg.png,3. WSSV/WSSV-67-img-2_nobg.png,WSSV-67-img-2_nobg.png,3. WSSV,3. WSSV,WSSV,WSSV,2,2,WSSV-67,3. WSSV::WSSV-67,parsed,WSSV-67-img-2,True,,747604,4fcebea262697746a40f6e2b96fdda39,train
/home/drnguyenvinh/notebooks/processed-images/processed_images/3. WSSV/WSSV-67-img-3_nobg.png,/home/drnguyenvinh/notebooks/processed-images/processed_images/3. WSSV/WSSV-67-img-3_nobg.png,3. WSSV/WSSV-67-img-3_nobg.png,WSSV-67-img-3_nobg.png,3. WSSV,3. WSSV,WSSV,WSSV,2,2,WSSV-67,3. WSSV::WSSV-67,parsed,WSSV-67-img-3,True,,563064,62bef583611b230f380e8d60a47c1304,train
/home/drnguyenvinh/notebooks/processed-images/processed_images/3. WSSV/WSSV-68-img-1_nobg.png,/home/drnguyenvinh/notebooks/processed-images/processed_images/3. WSSV/WSSV-68-img-1_nobg.png,3. WSSV/WSSV-68-img-1_nobg.png,WSSV-68-img-1_nobg.png,3. WSSV,3. WSSV,WSSV,WSSV,2,2,WSSV-68,3. WSSV::WSSV-68,parsed,WSSV-68-img-1,True,,933767,f39fdbced4aebad7588bb00e81e68408,train
/home/drnguyenvinh/notebooks/processed-images/processed_images/3. WSSV/WSSV-68-img-2_nobg.png,/home/drnguyenvinh/notebooks/processed-images/processed_images/3. WSSV/WSSV-68-img-2_nobg.png,3. WSSV/WSSV-68-img-2_nobg.png,WSSV-68-img-2_nobg.png,3. WSSV,3. WSSV,WSSV,WSSV,2,2,WSSV-68,3. WSSV::WSSV-68,parsed,WSSV-68-img-2,True,,1047661,57befc47138630fb97d1aa859d94a402,train
/home/drnguyenvinh/notebooks/processed-images/processed_images/3. WSSV/WSSV-68-img-3_nobg.png,/home/drnguyenvinh/notebooks/processed-images/processed_images/3. WSSV/WSSV-68-img-3_nobg.png,3. WSSV/WSSV-68-img-3_nobg.png,WSSV-68-img-3_nobg.png,3. WSSV,3. WSSV,WSSV,WSSV,2,2,WSSV-68,3. WSSV::WSSV-68,parsed,WSSV-68-img-3,True,,670982,de069bca1ebdc0ff5c219c801729ab62,train
/home/drnguyenvinh/notebooks/processed-images/processed_images/3. WSSV/WSSV-69-img-1_nobg.png,/home/drnguyenvinh/notebooks/processed-images/processed_images/3. WSSV/WSSV-69-img-1_nobg.png,3. WSSV/WSSV-69-img-1_nobg.png,WSSV-69-img-1_nobg.png,3. WSSV,3. WSSV,WSSV,WSSV,2,2,WSSV-69,3. WSSV::WSSV-69,parsed,WSSV-69-img-1,True,,556225,0d220880ff32c163df6bee000521f530,train
/home/drnguyenvinh/notebooks/processed-images/processed_images/3. WSSV/WSSV-69-img-2_nobg.png,/home/drnguyenvinh/notebooks/processed-images/processed_images/3. WSSV/WSSV-69-img-2_nobg.png,3. WSSV/WSSV-69-img-2_nobg.png,WSSV-69-img-2_nobg.png,3. WSSV,3. WSSV,WSSV,WSSV,2,2,WSSV-69,3. WSSV::WSSV-69,parsed,WSSV-69-img-2,True,,802861,d85d7e49d537d3710cd5bc54b3f256d8,train
/home/drnguyenvinh/notebooks/processed-images/processed_images/3. WSSV/WSSV-69-img-3_nobg.png,/home/drnguyenvinh/notebooks/processed-images/processed_images/3. WSSV/WSSV-69-img-3_nobg.png,3. WSSV/WSSV-69-img-3_nobg.png,WSSV-69-img-3_nobg.png,3. WSSV,3. WSSV,WSSV,WSSV,2,2,WSSV-69,3. WSSV::WSSV-69,parsed,WSSV-69-img-3,True,,776402,dd0968fbda899dbb631c0b82bbe76b9c,train
/home/drnguyenvinh/notebooks/processed-images/processed_images/3. WSSV/WSSV-70-img-1_nobg.png,/home/drnguyenvinh/notebooks/processed-images/processed_images/3. WSSV/WSSV-70-img-1_nobg.png,3. WSSV/WSSV-70-img-1_nobg.png,WSSV-70-img-1_nobg.png,3. WSSV,3. WSSV,WSSV,WSSV,2,2,WSSV-70,3. WSSV::WSSV-70,parsed,WSSV-70-img-1,True,,914438,63f7ba84b33a7c9cf8d010fe871cbd5f,train
/home/drnguyenvinh/notebooks/processed-images/processed_images/3. WSSV/WSSV-70-img-2_nobg.png,/home/drnguyenvinh/notebooks/processed-images/processed_images/3. WSSV/WSSV-70-img-2_nobg.png,3. WSSV/WSSV-70-img-2_nobg.png,WSSV-70-img-2_nobg.png,3. WSSV,3. WSSV,WSSV,WSSV,2,2,WSSV-70,3. WSSV::WSSV-70,parsed,WSSV-70-img-2,True,,873768,c9a5eebc2f67f7ea5ae466ad45d14672,train
/home/drnguyenvinh/notebooks/processed-images/processed_images/3. WSSV/WSSV-70-img-3_nobg.png,/home/drnguyenvinh/notebooks/processed-images/processed_images/3. WSSV/WSSV-70-img-3_nobg.png,3. WSSV/WSSV-70-img-3_nobg.png,WSSV-70-img-3_nobg.png,3. WSSV,3. WSSV,WSSV,WSSV,2,2,WSSV-70,3. WSSV::WSSV-70,parsed,WSSV-70-img-3,True,,640971,11022a7dce3879da9930ea7013c54715,train
/home/drnguyenvinh/notebooks/processed-images/processed_images/3. WSSV/WSSV-72-img-1_nobg.png,/home/drnguyenvinh/notebooks/processed-images/processed_images/3. WSSV/WSSV-72-img-1_nobg.png,3. WSSV/WSSV-72-img-1_nobg.png,WSSV-72-img-1_nobg.png,3. WSSV,3. WSSV,WSSV,WSSV,2,2,WSSV-72,3. WSSV::WSSV-72,parsed,WSSV-72-img-1,True,,851244,0e0453f64c6046e091a623206a678a43,train
/home/drnguyenvinh/notebooks/processed-images/processed_images/3. WSSV/WSSV-72-img-2_nobg.png,/home/drnguyenvinh/notebooks/processed-images/processed_images/3. WSSV/WSSV-72-img-2_nobg.png,3. WSSV/WSSV-72-img-2_nobg.png,WSSV-72-img-2_nobg.png,3. WSSV,3. WSSV,WSSV,WSSV,2,2,WSSV-72,3. WSSV::WSSV-72,parsed,WSSV-72-img-2,True,,928631,f68e69c5d1e4ea683eeece3fbbc25877,train
/home/drnguyenvinh/notebooks/processed-images/processed_images/3. WSSV/WSSV-72-img-3_nobg.png,/home/drnguyenvinh/notebooks/processed-images/processed_images/3. WSSV/WSSV-72-img-3_nobg.png,3. WSSV/WSSV-72-img-3_nobg.png,WSSV-72-img-3_nobg.png,3. WSSV,3. WSSV,WSSV,WSSV,2,2,WSSV-72,3. WSSV::WSSV-72,parsed,WSSV-72-img-3,True,,924683,954c1f63f43ccbd02f81e8acedc012ed,train
/home/drnguyenvinh/notebooks/processed-images/processed_images/3. WSSV/WSSV-75-img-1_nobg.png,/home/drnguyenvinh/notebooks/processed-images/processed_images/3. WSSV/WSSV-75-img-1_nobg.png,3. WSSV/WSSV-75-img-1_nobg.png,WSSV-75-img-1_nobg.png,3. WSSV,3. WSSV,WSSV,WSSV,2,2,WSSV-75,3. WSSV::WSSV-75,parsed,WSSV-75-img-1,True,,934380,8229e4d8ec88adee9e8763549c45cdc1,train
/home/drnguyenvinh/notebooks/processed-images/processed_images/3. WSSV/WSSV-75-img-2_nobg.png,/home/drnguyenvinh/notebooks/processed-images/processed_images/3. WSSV/WSSV-75-img-2_nobg.png,3. WSSV/WSSV-75-img-2_nobg.png,WSSV-75-img-2_nobg.png,3. WSSV,3. WSSV,WSSV,WSSV,2,2,WSSV-75,3. WSSV::WSSV-75,parsed,WSSV-75-img-2,True,,734717,c7bf79ad64f1546be8e88d34c7d4d810,train
/home/drnguyenvinh/notebooks/processed-images/processed_images/3. WSSV/WSSV-76-img-1_nobg.png,/home/drnguyenvinh/notebooks/processed-images/processed_images/3. WSSV/WSSV-76-img-1_nobg.png,3. WSSV/WSSV-76-img-1_nobg.png,WSSV-76-img-1_nobg.png,3. WSSV,3. WSSV,WSSV,WSSV,2,2,WSSV-76,3. WSSV::WSSV-76,parsed,WSSV-76-img-1,True,,792556,3e77531b6d999a5bf721fdcaeafa2d1b,train
/home/drnguyenvinh/notebooks/processed-images/processed_images/3. WSSV/WSSV-76-img-2_nobg.png,/home/drnguyenvinh/notebooks/processed-images/processed_images/3. WSSV/WSSV-76-img-2_nobg.png,3. WSSV/WSSV-76-img-2_nobg.png,WSSV-76-img-2_nobg.png,3. WSSV,3. WSSV,WSSV,WSSV,2,2,WSSV-76,3. WSSV::WSSV-76,parsed,WSSV-76-img-2,True,,927062,f56f6205d986ae14c893dfc5d38afdc7,train
/home/drnguyenvinh/notebooks/processed-images/processed_images/3. WSSV/WSSV-76-img-3_nobg.png,/home/drnguyenvinh/notebooks/processed-images/processed_images/3. WSSV/WSSV-76-img-3_nobg.png,3. WSSV/WSSV-76-img-3_nobg.png,WSSV-76-img-3_nobg.png,3. WSSV,3. WSSV,WSSV,WSSV,2,2,WSSV-76,3. WSSV::WSSV-76,parsed,WSSV-76-img-3,True,,894635,c2e3c878dca28d32c545711611e8097b,train
/home/drnguyenvinh/notebooks/processed-images/processed_images/3. WSSV/WSSV-77-img-1_nobg.png,/home/drnguyenvinh/notebooks/processed-images/processed_images/3. WSSV/WSSV-77-img-1_nobg.png,3. WSSV/WSSV-77-img-1_nobg.png,WSSV-77-img-1_nobg.png,3. WSSV,3. WSSV,WSSV,WSSV,2,2,WSSV-77,3. WSSV::WSSV-77,parsed,WSSV-77-img-1,True,,709282,bdf221a59cfa4539640fb651e8c0c900,train
/home/drnguyenvinh/notebooks/processed-images/processed_images/3. WSSV/WSSV-77-img-2_nobg.png,/home/drnguyenvinh/notebooks/processed-images/processed_images/3. WSSV/WSSV-77-img-2_nobg.png,3. WSSV/WSSV-77-img-2_nobg.png,WSSV-77-img-2_nobg.png,3. WSSV,3. WSSV,WSSV,WSSV,2,2,WSSV-77,3. WSSV::WSSV-77,parsed,WSSV-77-img-2,True,,693496,a38f2f2d69781df00907a204bd76cb59,train
/home/drnguyenvinh/notebooks/processed-images/processed_images/3. WSSV/WSSV-77-img-3_nobg.png,/home/drnguyenvinh/notebooks/processed-images/processed_images/3. WSSV/WSSV-77-img-3_nobg.png,3. WSSV/WSSV-77-img-3_nobg.png,WSSV-77-img-3_nobg.png,3. WSSV,3. WSSV,WSSV,WSSV,2,2,WSSV-77,3. WSSV::WSSV-77,parsed,WSSV-77-img-3,True,,583048,b6d5979419f1721839fce4a027b6e7ba,train
/home/drnguyenvinh/notebooks/processed-images/processed_images/3. WSSV/WSSV-79-img-1_nobg.png,/home/drnguyenvinh/notebooks/processed-images/processed_images/3. WSSV/WSSV-79-img-1_nobg.png,3. WSSV/WSSV-79-img-1_nobg.png,WSSV-79-img-1_nobg.png,3. WSSV,3. WSSV,WSSV,WSSV,2,2,WSSV-79,3. WSSV::WSSV-79,parsed,WSSV-79-img-1,True,,763633,72a723b2d70ed3e9693a7c70331106e8,train
/home/drnguyenvinh/notebooks/processed-images/processed_images/3. WSSV/WSSV-79-img-2_nobg.png,/home/drnguyenvinh/notebooks/processed-images/processed_images/3. WSSV/WSSV-79-img-2_nobg.png,3. WSSV/WSSV-79-img-2_nobg.png,WSSV-79-img-2_nobg.png,3. WSSV,3. WSSV,WSSV,WSSV,2,2,WSSV-79,3. WSSV::WSSV-79,parsed,WSSV-79-img-2,True,,832035,4e411a7f4b696e40b6c2ccac1bed768a,train
/home/drnguyenvinh/notebooks/processed-images/processed_images/3. WSSV/WSSV-79-img-3_nobg.png,/home/drnguyenvinh/notebooks/processed-images/processed_images/3. WSSV/WSSV-79-img-3_nobg.png,3. WSSV/WSSV-79-img-3_nobg.png,WSSV-79-img-3_nobg.png,3. WSSV,3. WSSV,WSSV,WSSV,2,2,WSSV-79,3. WSSV::WSSV-79,parsed,WSSV-79-img-3,True,,580892,8985f34a0d2e0e28f81958d2631ae9b3,train
/home/drnguyenvinh/notebooks/processed-images/processed_images/3. WSSV/WSSV-81-img-1_nobg.png,/home/drnguyenvinh/notebooks/processed-images/processed_images/3. WSSV/WSSV-81-img-1_nobg.png,3. WSSV/WSSV-81-img-1_nobg.png,WSSV-81-img-1_nobg.png,3. WSSV,3. WSSV,WSSV,WSSV,2,2,WSSV-81,3. WSSV::WSSV-81,parsed,WSSV-81-img-1,True,,726590,28e70767f56db518389ca32773e5e6b8,train
/home/drnguyenvinh/notebooks/processed-images/processed_images/3. WSSV/WSSV-81-img-2_nobg.png,/home/drnguyenvinh/notebooks/processed-images/processed_images/3. WSSV/WSSV-81-img-2_nobg.png,3. WSSV/WSSV-81-img-2_nobg.png,WSSV-81-img-2_nobg.png,3. WSSV,3. WSSV,WSSV,WSSV,2,2,WSSV-81,3. WSSV::WSSV-81,parsed,WSSV-81-img-2,True,,695131,163dd111a060ec356d836dd626f13154,train
/home/drnguyenvinh/notebooks/processed-images/processed_images/3. WSSV/WSSV-82-img-1_nobg.png,/home/drnguyenvinh/notebooks/processed-images/processed_images/3. WSSV/WSSV-82-img-1_nobg.png,3. WSSV/WSSV-82-img-1_nobg.png,WSSV-82-img-1_nobg.png,3. WSSV,3. WSSV,WSSV,WSSV,2,2,WSSV-82,3. WSSV::WSSV-82,parsed,WSSV-82-img-1,True,,1053820,1093ae95d39b7c05e5c3f159ba6a1cf6,train
/home/drnguyenvinh/notebooks/processed-images/processed_images/3. WSSV/WSSV-82-img-2_nobg.png,/home/drnguyenvinh/notebooks/processed-images/processed_images/3. WSSV/WSSV-82-img-2_nobg.png,3. WSSV/WSSV-82-img-2_nobg.png,WSSV-82-img-2_nobg.png,3. WSSV,3. WSSV,WSSV,WSSV,2,2,WSSV-82,3. WSSV::WSSV-82,parsed,WSSV-82-img-2,True,,1108530,230f2340ec93d796b2d87e8c6d496117,train
/home/drnguyenvinh/notebooks/processed-images/processed_images/3. WSSV/WSSV-84-img-1_nobg.png,/home/drnguyenvinh/notebooks/processed-images/processed_images/3. WSSV/WSSV-84-img-1_nobg.png,3. WSSV/WSSV-84-img-1_nobg.png,WSSV-84-img-1_nobg.png,3. WSSV,3. WSSV,WSSV,WSSV,2,2,WSSV-84,3. WSSV::WSSV-84,parsed,WSSV-84-img-1,True,,1101669,1a21e493ab2d8130f1e1064965cbcf44,train
/home/drnguyenvinh/notebooks/processed-images/processed_images/3. WSSV/WSSV-84-img-2_nobg.png,/home/drnguyenvinh/notebooks/processed-images/processed_images/3. WSSV/WSSV-84-img-2_nobg.png,3. WSSV/WSSV-84-img-2_nobg.png,WSSV-84-img-2_nobg.png,3. WSSV,3. WSSV,WSSV,WSSV,2,2,WSSV-84,3. WSSV::WSSV-84,parsed,WSSV-84-img-2,True,,954421,e7345a87263693248fb4edd2ff0001be,train
/home/drnguyenvinh/notebooks/processed-images/processed_images/3. WSSV/WSSV-84-img-3_nobg.png,/home/drnguyenvinh/notebooks/processed-images/processed_images/3. WSSV/WSSV-84-img-3_nobg.png,3. WSSV/WSSV-84-img-3_nobg.png,WSSV-84-img-3_nobg.png,3. WSSV,3. WSSV,WSSV,WSSV,2,2,WSSV-84,3. WSSV::WSSV-84,parsed,WSSV-84-img-3,True,,970404,4b60ad60e88fe56292020f4bb19cf3a0,train
/home/drnguyenvinh/notebooks/processed-images/processed_images/3. WSSV/WSSV-85-img-1_nobg.png,/home/drnguyenvinh/notebooks/processed-images/processed_images/3. WSSV/WSSV-85-img-1_nobg.png,3. WSSV/WSSV-85-img-1_nobg.png,WSSV-85-img-1_nobg.png,3. WSSV,3. WSSV,WSSV,WSSV,2,2,WSSV-85,3. WSSV::WSSV-85,parsed,WSSV-85-img-1,True,,1132835,8bd434eade7725452e5c8d9833fd3544,train
/home/drnguyenvinh/notebooks/processed-images/processed_images/3. WSSV/WSSV-85-img-2_nobg.png,/home/drnguyenvinh/notebooks/processed-images/processed_images/3. WSSV/WSSV-85-img-2_nobg.png,3. WSSV/WSSV-85-img-2_nobg.png,WSSV-85-img-2_nobg.png,3. WSSV,3. WSSV,WSSV,WSSV,2,2,WSSV-85,3. WSSV::WSSV-85,parsed,WSSV-85-img-2,True,,1170431,c58521720e49f3da67717bde309a3f53,train
/home/drnguyenvinh/notebooks/processed-images/processed_images/3. WSSV/WSSV-86-img-1_nobg.png,/home/drnguyenvinh/notebooks/processed-images/processed_images/3. WSSV/WSSV-86-img-1_nobg.png,3. WSSV/WSSV-86-img-1_nobg.png,WSSV-86-img-1_nobg.png,3. WSSV,3. WSSV,WSSV,WSSV,2,2,WSSV-86,3. WSSV::WSSV-86,parsed,WSSV-86-img-1,True,,844938,a85040dde951ce5a27ce0ac360758503,train
/home/drnguyenvinh/notebooks/processed-images/processed_images/3. WSSV/WSSV-86-img-2_nobg.png,/home/drnguyenvinh/notebooks/processed-images/processed_images/3. WSSV/WSSV-86-img-2_nobg.png,3. WSSV/WSSV-86-img-2_nobg.png,WSSV-86-img-2_nobg.png,3. WSSV,3. WSSV,WSSV,WSSV,2,2,WSSV-86,3. WSSV::WSSV-86,parsed,WSSV-86-img-2,True,,992327,c180fd47e12ea93f9e3cfe821080d8e3,train
/home/drnguyenvinh/notebooks/processed-images/processed_images/3. WSSV/WSSV-86-img-3_nobg.png,/home/drnguyenvinh/notebooks/processed-images/processed_images/3. WSSV/WSSV-86-img-3_nobg.png,3. WSSV/WSSV-86-img-3_nobg.png,WSSV-86-img-3_nobg.png,3. WSSV,3. WSSV,WSSV,WSSV,2,2,WSSV-86,3. WSSV::WSSV-86,parsed,WSSV-86-img-3,True,,921154,b4158d81e3af1cda7c05c2c0d97d800e,train
/home/drnguyenvinh/notebooks/processed-images/processed_images/3. WSSV/WSSV-87-img-1_nobg.png,/home/drnguyenvinh/notebooks/processed-images/processed_images/3. WSSV/WSSV-87-img-1_nobg.png,3. WSSV/WSSV-87-img-1_nobg.png,WSSV-87-img-1_nobg.png,3. WSSV,3. WSSV,WSSV,WSSV,2,2,WSSV-87,3. WSSV::WSSV-87,parsed,WSSV-87-img-1,True,,851216,d7cb8b42b2a5d273acd67a8885912c36,train
/home/drnguyenvinh/notebooks/processed-images/processed_images/3. WSSV/WSSV-87-img-2_nobg.png,/home/drnguyenvinh/notebooks/processed-images/processed_images/3. WSSV/WSSV-87-img-2_nobg.png,3. WSSV/WSSV-87-img-2_nobg.png,WSSV-87-img-2_nobg.png,3. WSSV,3. WSSV,WSSV,WSSV,2,2,WSSV-87,3. WSSV::WSSV-87,parsed,WSSV-87-img-2,True,,1210951,d9ca369ecf1fc3a24f48181f91942dc2,train
/home/drnguyenvinh/notebooks/processed-images/processed_images/3. WSSV/WSSV-88-img-1_nobg.png,/home/drnguyenvinh/notebooks/processed-images/processed_images/3. WSSV/WSSV-88-img-1_nobg.png,3. WSSV/WSSV-88-img-1_nobg.png,WSSV-88-img-1_nobg.png,3. WSSV,3. WSSV,WSSV,WSSV,2,2,WSSV-88,3. WSSV::WSSV-88,parsed,WSSV-88-img-1,True,,774803,295332faf07c5f137f6f48cda9817da2,train
/home/drnguyenvinh/notebooks/processed-images/processed_images/3. WSSV/WSSV-88-img-2_nobg.png,/home/drnguyenvinh/notebooks/processed-images/processed_images/3. WSSV/WSSV-88-img-2_nobg.png,3. WSSV/WSSV-88-img-2_nobg.png,WSSV-88-img-2_nobg.png,3. WSSV,3. WSSV,WSSV,WSSV,2,2,WSSV-88,3. WSSV::WSSV-88,parsed,WSSV-88-img-2,True,,1012269,7be01218e477be00e7ec0819cd2c1c81,train
/home/drnguyenvinh/notebooks/processed-images/processed_images/3. WSSV/WSSV-89-img-1_nobg.png,/home/drnguyenvinh/notebooks/processed-images/processed_images/3. WSSV/WSSV-89-img-1_nobg.png,3. WSSV/WSSV-89-img-1_nobg.png,WSSV-89-img-1_nobg.png,3. WSSV,3. WSSV,WSSV,WSSV,2,2,WSSV-89,3. WSSV::WSSV-89,parsed,WSSV-89-img-1,True,,737385,bda423d3d09204196e1b5a9995a7b968,train
/home/drnguyenvinh/notebooks/processed-images/processed_images/3. WSSV/WSSV-89-img-2_nobg.png,/home/drnguyenvinh/notebooks/processed-images/processed_images/3. WSSV/WSSV-89-img-2_nobg.png,3. WSSV/WSSV-89-img-2_nobg.png,WSSV-89-img-2_nobg.png,3. WSSV,3. WSSV,WSSV,WSSV,2,2,WSSV-89,3. WSSV::WSSV-89,parsed,WSSV-89-img-2,True,,941693,2e2da5eba3cacf820ebdcef64c9188a4,train
/home/drnguyenvinh/notebooks/processed-images/processed_images/3. WSSV/WSSV-9-img-1_nobg.png,/home/drnguyenvinh/notebooks/processed-images/processed_images/3. WSSV/WSSV-9-img-1_nobg.png,3. WSSV/WSSV-9-img-1_nobg.png,WSSV-9-img-1_nobg.png,3. WSSV,3. WSSV,WSSV,WSSV,2,2,WSSV-9,3. WSSV::WSSV-9,parsed,WSSV-9-img-1,True,,735360,b6305ce6d1a9bb70972a9601e8921bb2,train
/home/drnguyenvinh/notebooks/processed-images/processed_images/3. WSSV/WSSV-9-img-2_nobg.png,/home/drnguyenvinh/notebooks/processed-images/processed_images/3. WSSV/WSSV-9-img-2_nobg.png,3. WSSV/WSSV-9-img-2_nobg.png,WSSV-9-img-2_nobg.png,3. WSSV,3. WSSV,WSSV,WSSV,2,2,WSSV-9,3. WSSV::WSSV-9,parsed,WSSV-9-img-2,True,,696861,c6381b95b4c6850a40fe9555af31a6f9,train
/home/drnguyenvinh/notebooks/processed-images/processed_images/3. WSSV/WSSV-9-img-3_nobg.png,/home/drnguyenvinh/notebooks/processed-images/processed_images/3. WSSV/WSSV-9-img-3_nobg.png,3. WSSV/WSSV-9-img-3_nobg.png,WSSV-9-img-3_nobg.png,3. WSSV,3. WSSV,WSSV,WSSV,2,2,WSSV-9,3. WSSV::WSSV-9,parsed,WSSV-9-img-3,True,,760702,66c7b0d4e9f556910938730439c2bd7f,train
/home/drnguyenvinh/notebooks/processed-images/processed_images/3. WSSV/WSSV-90-img-1_nobg.png,/home/drnguyenvinh/notebooks/processed-images/processed_images/3. WSSV/WSSV-90-img-1_nobg.png,3. WSSV/WSSV-90-img-1_nobg.png,WSSV-90-img-1_nobg.png,3. WSSV,3. WSSV,WSSV,WSSV,2,2,WSSV-90,3. WSSV::WSSV-90,parsed,WSSV-90-img-1,True,,940125,3b2592e1880335138bb76140db4c9b1a,train
/home/drnguyenvinh/notebooks/processed-images/processed_images/3. WSSV/WSSV-90-img-2_nobg.png,/home/drnguyenvinh/notebooks/processed-images/processed_images/3. WSSV/WSSV-90-img-2_nobg.png,3. WSSV/WSSV-90-img-2_nobg.png,WSSV-90-img-2_nobg.png,3. WSSV,3. WSSV,WSSV,WSSV,2,2,WSSV-90,3. WSSV::WSSV-90,parsed,WSSV-90-img-2,True,,680062,9dca5951e114b178e8299120bb34c898,train
/home/drnguyenvinh/notebooks/processed-images/processed_images/3. WSSV/WSSV-91-img-1_nobg.png,/home/drnguyenvinh/notebooks/processed-images/processed_images/3. WSSV/WSSV-91-img-1_nobg.png,3. WSSV/WSSV-91-img-1_nobg.png,WSSV-91-img-1_nobg.png,3. WSSV,3. WSSV,WSSV,WSSV,2,2,WSSV-91,3. WSSV::WSSV-91,parsed,WSSV-91-img-1,True,,1375908,e79c29b4ca13fe719e46cec37e408080,train
/home/drnguyenvinh/notebooks/processed-images/processed_images/3. WSSV/WSSV-91-img-2_nobg.png,/home/drnguyenvinh/notebooks/processed-images/processed_images/3. WSSV/WSSV-91-img-2_nobg.png,3. WSSV/WSSV-91-img-2_nobg.png,WSSV-91-img-2_nobg.png,3. WSSV,3. WSSV,WSSV,WSSV,2,2,WSSV-91,3. WSSV::WSSV-91,parsed,WSSV-91-img-2,True,,1723367,c7934290b1d3dae5cdf4571472709410,train
/home/drnguyenvinh/notebooks/processed-images/processed_images/3. WSSV/WSSV-91-img-3_nobg.png,/home/drnguyenvinh/notebooks/processed-images/processed_images/3. WSSV/WSSV-91-img-3_nobg.png,3. WSSV/WSSV-91-img-3_nobg.png,WSSV-91-img-3_nobg.png,3. WSSV,3. WSSV,WSSV,WSSV,2,2,WSSV-91,3. WSSV::WSSV-91,parsed,WSSV-91-img-3,True,,1294905,0f27ab156e7770ef9a260d2c9be9d627,train
/home/drnguyenvinh/notebooks/processed-images/processed_images/3. WSSV/WSSV-92-img-1_nobg.png,/home/drnguyenvinh/notebooks/processed-images/processed_images/3. WSSV/WSSV-92-img-1_nobg.png,3. WSSV/WSSV-92-img-1_nobg.png,WSSV-92-img-1_nobg.png,3. WSSV,3. WSSV,WSSV,WSSV,2,2,WSSV-92,3. WSSV::WSSV-92,parsed,WSSV-92-img-1,True,,1182849,6bb9ad5780e43a34749cb3202b830bd4,train
/home/drnguyenvinh/notebooks/processed-images/processed_images/3. WSSV/WSSV-92-img-2_nobg.png,/home/drnguyenvinh/notebooks/processed-images/processed_images/3. WSSV/WSSV-92-img-2_nobg.png,3. WSSV/WSSV-92-img-2_nobg.png,WSSV-92-img-2_nobg.png,3. WSSV,3. WSSV,WSSV,WSSV,2,2,WSSV-92,3. WSSV::WSSV-92,parsed,WSSV-92-img-2,True,,1201827,0dc99051cf15c2e36bbbb19f87988db2,train
/home/drnguyenvinh/notebooks/processed-images/processed_images/3. WSSV/WSSV-92-img-3_nobg.png,/home/drnguyenvinh/notebooks/processed-images/processed_images/3. WSSV/WSSV-92-img-3_nobg.png,3. WSSV/WSSV-92-img-3_nobg.png,WSSV-92-img-3_nobg.png,3. WSSV,3. WSSV,WSSV,WSSV,2,2,WSSV-92,3. WSSV::WSSV-92,parsed,WSSV-92-img-3,True,,797123,c331879dbc788c2e5b488df9900bab09,train
/home/drnguyenvinh/notebooks/processed-images/processed_images/3. WSSV/WSSV-95-img-1_nobg.png,/home/drnguyenvinh/notebooks/processed-images/processed_images/3. WSSV/WSSV-95-img-1_nobg.png,3. WSSV/WSSV-95-img-1_nobg.png,WSSV-95-img-1_nobg.png,3. WSSV,3. WSSV,WSSV,WSSV,2,2,WSSV-95,3. WSSV::WSSV-95,parsed,WSSV-95-img-1,True,,1271233,5467d4f092d6e2cf323a93d8c9588150,train
/home/drnguyenvinh/notebooks/processed-images/processed_images/3. WSSV/WSSV-95-img-2_nobg.png,/home/drnguyenvinh/notebooks/processed-images/processed_images/3. WSSV/WSSV-95-img-2_nobg.png,3. WSSV/WSSV-95-img-2_nobg.png,WSSV-95-img-2_nobg.png,3. WSSV,3. WSSV,WSSV,WSSV,2,2,WSSV-95,3. WSSV::WSSV-95,parsed,WSSV-95-img-2,True,,1126183,9c1cb0cf209612c19a2051f37173feee,train
/home/drnguyenvinh/notebooks/processed-images/processed_images/3. WSSV/WSSV-95-img-3_nobg.png,/home/drnguyenvinh/notebooks/processed-images/processed_images/3. WSSV/WSSV-95-img-3_nobg.png,3. WSSV/WSSV-95-img-3_nobg.png,WSSV-95-img-3_nobg.png,3. WSSV,3. WSSV,WSSV,WSSV,2,2,WSSV-95,3. WSSV::WSSV-95,parsed,WSSV-95-img-3,True,,857416,fa6d92a60e5e172d7b46cb8ffa96d71c,train
/home/drnguyenvinh/notebooks/processed-images/processed_images/3. WSSV/WSSV-96-img-1_nobg.png,/home/drnguyenvinh/notebooks/processed-images/processed_images/3. WSSV/WSSV-96-img-1_nobg.png,3. WSSV/WSSV-96-img-1_nobg.png,WSSV-96-img-1_nobg.png,3. WSSV,3. WSSV,WSSV,WSSV,2,2,WSSV-96,3. WSSV::WSSV-96,parsed,WSSV-96-img-1,True,,1136903,e7093c256318985a097a70cd02729a9b,train
/home/drnguyenvinh/notebooks/processed-images/processed_images/3. WSSV/WSSV-96-img-2_nobg.png,/home/drnguyenvinh/notebooks/processed-images/processed_images/3. WSSV/WSSV-96-img-2_nobg.png,3. WSSV/WSSV-96-img-2_nobg.png,WSSV-96-img-2_nobg.png,3. WSSV,3. WSSV,WSSV,WSSV,2,2,WSSV-96,3. WSSV::WSSV-96,parsed,WSSV-96-img-2,True,,1174356,7f9bb71edf41890495cb55f9d5d3f9e4,train
/home/drnguyenvinh/notebooks/processed-images/processed_images/3. WSSV/WSSV-96-img-3_nobg.png,/home/drnguyenvinh/notebooks/processed-images/processed_images/3. WSSV/WSSV-96-img-3_nobg.png,3. WSSV/WSSV-96-img-3_nobg.png,WSSV-96-img-3_nobg.png,3. WSSV,3. WSSV,WSSV,WSSV,2,2,WSSV-96,3. WSSV::WSSV-96,parsed,WSSV-96-img-3,True,,680628,1f0abc24515a329c44ee068ecf86d0ff,train
/home/drnguyenvinh/notebooks/processed-images/processed_images/3. WSSV/WSSV-97-img-1_nobg.png,/home/drnguyenvinh/notebooks/processed-images/processed_images/3. WSSV/WSSV-97-img-1_nobg.png,3. WSSV/WSSV-97-img-1_nobg.png,WSSV-97-img-1_nobg.png,3. WSSV,3. WSSV,WSSV,WSSV,2,2,WSSV-97,3. WSSV::WSSV-97,parsed,WSSV-97-img-1,True,,856504,6de4c84f0e99b716df34504cce7a63ac,train
/home/drnguyenvinh/notebooks/processed-images/processed_images/3. WSSV/WSSV-97-img-2_nobg.png,/home/drnguyenvinh/notebooks/processed-images/processed_images/3. WSSV/WSSV-97-img-2_nobg.png,3. WSSV/WSSV-97-img-2_nobg.png,WSSV-97-img-2_nobg.png,3. WSSV,3. WSSV,WSSV,WSSV,2,2,WSSV-97,3. WSSV::WSSV-97,parsed,WSSV-97-img-2,True,,805996,7ea9ced13716cf543d31eb2c5c477de7,train
/home/drnguyenvinh/notebooks/processed-images/processed_images/3. WSSV/WSSV-97-img-3_nobg.png,/home/drnguyenvinh/notebooks/processed-images/processed_images/3. WSSV/WSSV-97-img-3_nobg.png,3. WSSV/WSSV-97-img-3_nobg.png,WSSV-97-img-3_nobg.png,3. WSSV,3. WSSV,WSSV,WSSV,2,2,WSSV-97,3. WSSV::WSSV-97,parsed,WSSV-97-img-3,True,,974012,66a92dede35805d4a1255afc0fb2cd2e,train
/home/drnguyenvinh/notebooks/processed-images/processed_images/3. WSSV/WSSV-98-img-1_nobg.png,/home/drnguyenvinh/notebooks/processed-images/processed_images/3. WSSV/WSSV-98-img-1_nobg.png,3. WSSV/WSSV-98-img-1_nobg.png,WSSV-98-img-1_nobg.png,3. WSSV,3. WSSV,WSSV,WSSV,2,2,WSSV-98,3. WSSV::WSSV-98,parsed,WSSV-98-img-1,True,,963678,3591aa4ee8c6f1596d45ea352f429a92,train
/home/drnguyenvinh/notebooks/processed-images/processed_images/3. WSSV/WSSV-98-img-2_nobg.png,/home/drnguyenvinh/notebooks/processed-images/processed_images/3. WSSV/WSSV-98-img-2_nobg.png,3. WSSV/WSSV-98-img-2_nobg.png,WSSV-98-img-2_nobg.png,3. WSSV,3. WSSV,WSSV,WSSV,2,2,WSSV-98,3. WSSV::WSSV-98,parsed,WSSV-98-img-2,True,,1109870,c7a2d2efd8bd99b43b9d3bbc5018f459,train
/home/drnguyenvinh/notebooks/processed-images/processed_images/3. WSSV/WSSV-98-img-3_nobg.png,/home/drnguyenvinh/notebooks/processed-images/processed_images/3. WSSV/WSSV-98-img-3_nobg.png,3. WSSV/WSSV-98-img-3_nobg.png,WSSV-98-img-3_nobg.png,3. WSSV,3. WSSV,WSSV,WSSV,2,2,WSSV-98,3. WSSV::WSSV-98,parsed,WSSV-98-img-3,True,,999690,058a86bde1f49b5dac6bbd5998ebe276,train
/home/drnguyenvinh/notebooks/processed-images/processed_images/4. WSSV_BG/WSSV_BG-1-img-1_nobg.png,/home/drnguyenvinh/notebooks/processed-images/processed_images/4. WSSV_BG/WSSV_BG-1-img-1_nobg.png,4. WSSV_BG/WSSV_BG-1-img-1_nobg.png,WSSV_BG-1-img-1_nobg.png,4. WSSV_BG,4. WSSV_BG,WSSV_BG,WSSV_BG,3,3,WSSV_BG-1,4. WSSV_BG::WSSV_BG-1,parsed,WSSV_BG-1-img-1,True,,2064287,e214a867b5c89668640f5b24e1f03d68,train
/home/drnguyenvinh/notebooks/processed-images/processed_images/4. WSSV_BG/WSSV_BG-1-img-2_nobg.png,/home/drnguyenvinh/notebooks/processed-images/processed_images/4. WSSV_BG/WSSV_BG-1-img-2_nobg.png,4. WSSV_BG/WSSV_BG-1-img-2_nobg.png,WSSV_BG-1-img-2_nobg.png,4. WSSV_BG,4. WSSV_BG,WSSV_BG,WSSV_BG,3,3,WSSV_BG-1,4. WSSV_BG::WSSV_BG-1,parsed,WSSV_BG-1-img-2,True,,2072480,f9ced4dd57dfc2b26bff29e6a00ab9e9,train
/home/drnguyenvinh/notebooks/processed-images/processed_images/4. WSSV_BG/WSSV_BG-1-img-3_nobg.png,/home/drnguyenvinh/notebooks/processed-images/processed_images/4. WSSV_BG/WSSV_BG-1-img-3_nobg.png,4. WSSV_BG/WSSV_BG-1-img-3_nobg.png,WSSV_BG-1-img-3_nobg.png,4. WSSV_BG,4. WSSV_BG,WSSV_BG,WSSV_BG,3,3,WSSV_BG-1,4. WSSV_BG::WSSV_BG-1,parsed,WSSV_BG-1-img-3,True,,2041817,47f362db01b5377c78d371f2b7a84880,train
/home/drnguyenvinh/notebooks/processed-images/processed_images/4. WSSV_BG/WSSV_BG-10-img-1_nobg.png,/home/drnguyenvinh/notebooks/processed-images/processed_images/4. WSSV_BG/WSSV_BG-10-img-1_nobg.png,4. WSSV_BG/WSSV_BG-10-img-1_nobg.png,WSSV_BG-10-img-1_nobg.png,4. WSSV_BG,4. WSSV_BG,WSSV_BG,WSSV_BG,3,3,WSSV_BG-10,4. WSSV_BG::WSSV_BG-10,parsed,WSSV_BG-10-img-1,True,,1294190,6d3536a73b143654ce36c940fd489843,train
/home/drnguyenvinh/notebooks/processed-images/processed_images/4. WSSV_BG/WSSV_BG-10-img-2_nobg.png,/home/drnguyenvinh/notebooks/processed-images/processed_images/4. WSSV_BG/WSSV_BG-10-img-2_nobg.png,4. WSSV_BG/WSSV_BG-10-img-2_nobg.png,WSSV_BG-10-img-2_nobg.png,4. WSSV_BG,4. WSSV_BG,WSSV_BG,WSSV_BG,3,3,WSSV_BG-10,4. WSSV_BG::WSSV_BG-10,parsed,WSSV_BG-10-img-2,True,,1314169,c701eeac178f6e0ed0ba7f1a58e6316a,train
/home/drnguyenvinh/notebooks/processed-images/processed_images/4. WSSV_BG/WSSV_BG-10-img-3_nobg.png,/home/drnguyenvinh/notebooks/processed-images/processed_images/4. WSSV_BG/WSSV_BG-10-img-3_nobg.png,4. WSSV_BG/WSSV_BG-10-img-3_nobg.png,WSSV_BG-10-img-3_nobg.png,4. WSSV_BG,4. WSSV_BG,WSSV_BG,WSSV_BG,3,3,WSSV_BG-10,4. WSSV_BG::WSSV_BG-10,parsed,WSSV_BG-10-img-3,True,,1227493,1306f0291c258e88a2123ada290f3c32,train
/home/drnguyenvinh/notebooks/processed-images/processed_images/4. WSSV_BG/WSSV_BG-13-img-1_nobg.png,/home/drnguyenvinh/notebooks/processed-images/processed_images/4. WSSV_BG/WSSV_BG-13-img-1_nobg.png,4. WSSV_BG/WSSV_BG-13-img-1_nobg.png,WSSV_BG-13-img-1_nobg.png,4. WSSV_BG,4. WSSV_BG,WSSV_BG,WSSV_BG,3,3,WSSV_BG-13,4. WSSV_BG::WSSV_BG-13,parsed,WSSV_BG-13-img-1,True,,1509218,5326bd3abd0b9b8e9a9ff087dd1c1016,train
/home/drnguyenvinh/notebooks/processed-images/processed_images/4. WSSV_BG/WSSV_BG-13-img-2_nobg.png,/home/drnguyenvinh/notebooks/processed-images/processed_images/4. WSSV_BG/WSSV_BG-13-img-2_nobg.png,4. WSSV_BG/WSSV_BG-13-img-2_nobg.png,WSSV_BG-13-img-2_nobg.png,4. WSSV_BG,4. WSSV_BG,WSSV_BG,WSSV_BG,3,3,WSSV_BG-13,4. WSSV_BG::WSSV_BG-13,parsed,WSSV_BG-13-img-2,True,,1041435,cd4cfd10bfa55786aa04b990632747d2,train
/home/drnguyenvinh/notebooks/processed-images/processed_images/4. WSSV_BG/WSSV_BG-13-img-3_nobg.png,/home/drnguyenvinh/notebooks/processed-images/processed_images/4. WSSV_BG/WSSV_BG-13-img-3_nobg.png,4. WSSV_BG/WSSV_BG-13-img-3_nobg.png,WSSV_BG-13-img-3_nobg.png,4. WSSV_BG,4. WSSV_BG,WSSV_BG,WSSV_BG,3,3,WSSV_BG-13,4. WSSV_BG::WSSV_BG-13,parsed,WSSV_BG-13-img-3,True,,1154808,a27b1158946cf894624064b76c66cee6,train
/home/drnguyenvinh/notebooks/processed-images/processed_images/4. WSSV_BG/WSSV_BG-15-img-1_nobg.png,/home/drnguyenvinh/notebooks/processed-images/processed_images/4. WSSV_BG/WSSV_BG-15-img-1_nobg.png,4. WSSV_BG/WSSV_BG-15-img-1_nobg.png,WSSV_BG-15-img-1_nobg.png,4. WSSV_BG,4. WSSV_BG,WSSV_BG,WSSV_BG,3,3,WSSV_BG-15,4. WSSV_BG::WSSV_BG-15,parsed,WSSV_BG-15-img-1,True,,1328885,c321026043ff577d43f5c3cb86cd0e40,train
/home/drnguyenvinh/notebooks/processed-images/processed_images/4. WSSV_BG/WSSV_BG-15-img-2_nobg.png,/home/drnguyenvinh/notebooks/processed-images/processed_images/4. WSSV_BG/WSSV_BG-15-img-2_nobg.png,4. WSSV_BG/WSSV_BG-15-img-2_nobg.png,WSSV_BG-15-img-2_nobg.png,4. WSSV_BG,4. WSSV_BG,WSSV_BG,WSSV_BG,3,3,WSSV_BG-15,4. WSSV_BG::WSSV_BG-15,parsed,WSSV_BG-15-img-2,True,,907757,ef7129fc167f90b38e92e322f4bf48b6,train
/home/drnguyenvinh/notebooks/processed-images/processed_images/4. WSSV_BG/WSSV_BG-16-img-1_nobg.png,/home/drnguyenvinh/notebooks/processed-images/processed_images/4. WSSV_BG/WSSV_BG-16-img-1_nobg.png,4. WSSV_BG/WSSV_BG-16-img-1_nobg.png,WSSV_BG-16-img-1_nobg.png,4. WSSV_BG,4. WSSV_BG,WSSV_BG,WSSV_BG,3,3,WSSV_BG-16,4. WSSV_BG::WSSV_BG-16,parsed,WSSV_BG-16-img-1,True,,1211574,3e5ee7a43c2dbd33d959f8ae3aea20a8,train
/home/drnguyenvinh/notebooks/processed-images/processed_images/4. WSSV_BG/WSSV_BG-16-img-2_nobg.png,/home/drnguyenvinh/notebooks/processed-images/processed_images/4. WSSV_BG/WSSV_BG-16-img-2_nobg.png,4. WSSV_BG/WSSV_BG-16-img-2_nobg.png,WSSV_BG-16-img-2_nobg.png,4. WSSV_BG,4. WSSV_BG,WSSV_BG,WSSV_BG,3,3,WSSV_BG-16,4. WSSV_BG::WSSV_BG-16,parsed,WSSV_BG-16-img-2,True,,1187865,a134811a052c4ed715c5c5a79ed01697,train
/home/drnguyenvinh/notebooks/processed-images/processed_images/4. WSSV_BG/WSSV_BG-16-img-3_nobg.png,/home/drnguyenvinh/notebooks/processed-images/processed_images/4. WSSV_BG/WSSV_BG-16-img-3_nobg.png,4. WSSV_BG/WSSV_BG-16-img-3_nobg.png,WSSV_BG-16-img-3_nobg.png,4. WSSV_BG,4. WSSV_BG,WSSV_BG,WSSV_BG,3,3,WSSV_BG-16,4. WSSV_BG::WSSV_BG-16,parsed,WSSV_BG-16-img-3,True,,1204521,e1a0f17a8fd822e8828819310c6d4b6b,train
/home/drnguyenvinh/notebooks/processed-images/processed_images/4. WSSV_BG/WSSV_BG-17-img-1_nobg.png,/home/drnguyenvinh/notebooks/processed-images/processed_images/4. WSSV_BG/WSSV_BG-17-img-1_nobg.png,4. WSSV_BG/WSSV_BG-17-img-1_nobg.png,WSSV_BG-17-img-1_nobg.png,4. WSSV_BG,4. WSSV_BG,WSSV_BG,WSSV_BG,3,3,WSSV_BG-17,4. WSSV_BG::WSSV_BG-17,parsed,WSSV_BG-17-img-1,True,,730028,bc07ca44def23055bd9c02e79087f5c0,train
/home/drnguyenvinh/notebooks/processed-images/processed_images/4. WSSV_BG/WSSV_BG-17-img-2_nobg.png,/home/drnguyenvinh/notebooks/processed-images/processed_images/4. WSSV_BG/WSSV_BG-17-img-2_nobg.png,4. WSSV_BG/WSSV_BG-17-img-2_nobg.png,WSSV_BG-17-img-2_nobg.png,4. WSSV_BG,4. WSSV_BG,WSSV_BG,WSSV_BG,3,3,WSSV_BG-17,4. WSSV_BG::WSSV_BG-17,parsed,WSSV_BG-17-img-2,True,,860407,4c8de37b0b8594730f80f11d9f9d8639,train
/home/drnguyenvinh/notebooks/processed-images/processed_images/4. WSSV_BG/WSSV_BG-17-img-3_nobg.png,/home/drnguyenvinh/notebooks/processed-images/processed_images/4. WSSV_BG/WSSV_BG-17-img-3_nobg.png,4. WSSV_BG/WSSV_BG-17-img-3_nobg.png,WSSV_BG-17-img-3_nobg.png,4. WSSV_BG,4. WSSV_BG,WSSV_BG,WSSV_BG,3,3,WSSV_BG-17,4. WSSV_BG::WSSV_BG-17,parsed,WSSV_BG-17-img-3,True,,902919,8f9f0587560cf84aa74e9c12a8416014,train
/home/drnguyenvinh/notebooks/processed-images/processed_images/4. WSSV_BG/WSSV_BG-18-img-1_nobg.png,/home/drnguyenvinh/notebooks/processed-images/processed_images/4. WSSV_BG/WSSV_BG-18-img-1_nobg.png,4. WSSV_BG/WSSV_BG-18-img-1_nobg.png,WSSV_BG-18-img-1_nobg.png,4. WSSV_BG,4. WSSV_BG,WSSV_BG,WSSV_BG,3,3,WSSV_BG-18,4. WSSV_BG::WSSV_BG-18,parsed,WSSV_BG-18-img-1,True,,2685796,e9bd549764b23b53708d26bc41269f34,train
/home/drnguyenvinh/notebooks/processed-images/processed_images/4. WSSV_BG/WSSV_BG-18-img-2_nobg.png,/home/drnguyenvinh/notebooks/processed-images/processed_images/4. WSSV_BG/WSSV_BG-18-img-2_nobg.png,4. WSSV_BG/WSSV_BG-18-img-2_nobg.png,WSSV_BG-18-img-2_nobg.png,4. WSSV_BG,4. WSSV_BG,WSSV_BG,WSSV_BG,3,3,WSSV_BG-18,4. WSSV_BG::WSSV_BG-18,parsed,WSSV_BG-18-img-2,True,,2790646,bfd6e41bf73794c9dd8ddb7f8001247b,train
/home/drnguyenvinh/notebooks/processed-images/processed_images/4. WSSV_BG/WSSV_BG-18-img-3_nobg.png,/home/drnguyenvinh/notebooks/processed-images/processed_images/4. WSSV_BG/WSSV_BG-18-img-3_nobg.png,4. WSSV_BG/WSSV_BG-18-img-3_nobg.png,WSSV_BG-18-img-3_nobg.png,4. WSSV_BG,4. WSSV_BG,WSSV_BG,WSSV_BG,3,3,WSSV_BG-18,4. WSSV_BG::WSSV_BG-18,parsed,WSSV_BG-18-img-3,True,,2415732,cc6afc413caefed775edab5f51e3dd64,train
/home/drnguyenvinh/notebooks/processed-images/processed_images/4. WSSV_BG/WSSV_BG-19-img-1_nobg.png,/home/drnguyenvinh/notebooks/processed-images/processed_images/4. WSSV_BG/WSSV_BG-19-img-1_nobg.png,4. WSSV_BG/WSSV_BG-19-img-1_nobg.png,WSSV_BG-19-img-1_nobg.png,4. WSSV_BG,4. WSSV_BG,WSSV_BG,WSSV_BG,3,3,WSSV_BG-19,4. WSSV_BG::WSSV_BG-19,parsed,WSSV_BG-19-img-1,True,,1298074,a1af165cc8583e5373c6c1109b6d9cc4,train
/home/drnguyenvinh/notebooks/processed-images/processed_images/4. WSSV_BG/WSSV_BG-19-img-2_nobg.png,/home/drnguyenvinh/notebooks/processed-images/processed_images/4. WSSV_BG/WSSV_BG-19-img-2_nobg.png,4. WSSV_BG/WSSV_BG-19-img-2_nobg.png,WSSV_BG-19-img-2_nobg.png,4. WSSV_BG,4. WSSV_BG,WSSV_BG,WSSV_BG,3,3,WSSV_BG-19,4. WSSV_BG::WSSV_BG-19,parsed,WSSV_BG-19-img-2,True,,1332190,ec921f445f88fa7261e185ce766eef42,train
/home/drnguyenvinh/notebooks/processed-images/processed_images/4. WSSV_BG/WSSV_BG-19-img-3_nobg.png,/home/drnguyenvinh/notebooks/processed-images/processed_images/4. WSSV_BG/WSSV_BG-19-img-3_nobg.png,4. WSSV_BG/WSSV_BG-19-img-3_nobg.png,WSSV_BG-19-img-3_nobg.png,4. WSSV_BG,4. WSSV_BG,WSSV_BG,WSSV_BG,3,3,WSSV_BG-19,4. WSSV_BG::WSSV_BG-19,parsed,WSSV_BG-19-img-3,True,,1422349,aed98f1ced7f1c775d01a693010a5781,train
/home/drnguyenvinh/notebooks/processed-images/processed_images/4. WSSV_BG/WSSV_BG-2-img-1_nobg.png,/home/drnguyenvinh/notebooks/processed-images/processed_images/4. WSSV_BG/WSSV_BG-2-img-1_nobg.png,4. WSSV_BG/WSSV_BG-2-img-1_nobg.png,WSSV_BG-2-img-1_nobg.png,4. WSSV_BG,4. WSSV_BG,WSSV_BG,WSSV_BG,3,3,WSSV_BG-2,4. WSSV_BG::WSSV_BG-2,parsed,WSSV_BG-2-img-1,True,,2269007,5723a48c8f8847365331854c69b74460,train
/home/drnguyenvinh/notebooks/processed-images/processed_images/4. WSSV_BG/WSSV_BG-2-img-2_nobg.png,/home/drnguyenvinh/notebooks/processed-images/processed_images/4. WSSV_BG/WSSV_BG-2-img-2_nobg.png,4. WSSV_BG/WSSV_BG-2-img-2_nobg.png,WSSV_BG-2-img-2_nobg.png,4. WSSV_BG,4. WSSV_BG,WSSV_BG,WSSV_BG,3,3,WSSV_BG-2,4. WSSV_BG::WSSV_BG-2,parsed,WSSV_BG-2-img-2,True,,2054923,1fb2d0970d5fb45b9e7dbe92fcdc97c3,train
/home/drnguyenvinh/notebooks/processed-images/processed_images/4. WSSV_BG/WSSV_BG-2-img-3_nobg.png,/home/drnguyenvinh/notebooks/processed-images/processed_images/4. WSSV_BG/WSSV_BG-2-img-3_nobg.png,4. WSSV_BG/WSSV_BG-2-img-3_nobg.png,WSSV_BG-2-img-3_nobg.png,4. WSSV_BG,4. WSSV_BG,WSSV_BG,WSSV_BG,3,3,WSSV_BG-2,4. WSSV_BG::WSSV_BG-2,parsed,WSSV_BG-2-img-3,True,,2004936,b00872c0f8969114ca90f265cb060fae,train
/home/drnguyenvinh/notebooks/processed-images/processed_images/4. WSSV_BG/WSSV_BG-20-img-1_nobg.png,/home/drnguyenvinh/notebooks/processed-images/processed_images/4. WSSV_BG/WSSV_BG-20-img-1_nobg.png,4. WSSV_BG/WSSV_BG-20-img-1_nobg.png,WSSV_BG-20-img-1_nobg.png,4. WSSV_BG,4. WSSV_BG,WSSV_BG,WSSV_BG,3,3,WSSV_BG-20,4. WSSV_BG::WSSV_BG-20,parsed,WSSV_BG-20-img-1,True,,1171604,ca1aca82bc496775a181528d335ae9b8,train
/home/drnguyenvinh/notebooks/processed-images/processed_images/4. WSSV_BG/WSSV_BG-20-img-2_nobg.png,/home/drnguyenvinh/notebooks/processed-images/processed_images/4. WSSV_BG/WSSV_BG-20-img-2_nobg.png,4. WSSV_BG/WSSV_BG-20-img-2_nobg.png,WSSV_BG-20-img-2_nobg.png,4. WSSV_BG,4. WSSV_BG,WSSV_BG,WSSV_BG,3,3,WSSV_BG-20,4. WSSV_BG::WSSV_BG-20,parsed,WSSV_BG-20-img-2,True,,1245295,ed66e3598bd35f0c8f5ca7c166b81636,train
/home/drnguyenvinh/notebooks/processed-images/processed_images/4. WSSV_BG/WSSV_BG-20-img-3_nobg.png,/home/drnguyenvinh/notebooks/processed-images/processed_images/4. WSSV_BG/WSSV_BG-20-img-3_nobg.png,4. WSSV_BG/WSSV_BG-20-img-3_nobg.png,WSSV_BG-20-img-3_nobg.png,4. WSSV_BG,4. WSSV_BG,WSSV_BG,WSSV_BG,3,3,WSSV_BG-20,4. WSSV_BG::WSSV_BG-20,parsed,WSSV_BG-20-img-3,True,,927949,fe540833d6e24e4172a04cba60dc1ca4,train
/home/drnguyenvinh/notebooks/processed-images/processed_images/4. WSSV_BG/WSSV_BG-21-img-1_nobg.png,/home/drnguyenvinh/notebooks/processed-images/processed_images/4. WSSV_BG/WSSV_BG-21-img-1_nobg.png,4. WSSV_BG/WSSV_BG-21-img-1_nobg.png,WSSV_BG-21-img-1_nobg.png,4. WSSV_BG,4. WSSV_BG,WSSV_BG,WSSV_BG,3,3,WSSV_BG-21,4. WSSV_BG::WSSV_BG-21,parsed,WSSV_BG-21-img-1,True,,1128472,8517f14405452593f4a9e9da7ea8ec89,train
/home/drnguyenvinh/notebooks/processed-images/processed_images/4. WSSV_BG/WSSV_BG-21-img-2_nobg.png,/home/drnguyenvinh/notebooks/processed-images/processed_images/4. WSSV_BG/WSSV_BG-21-img-2_nobg.png,4. WSSV_BG/WSSV_BG-21-img-2_nobg.png,WSSV_BG-21-img-2_nobg.png,4. WSSV_BG,4. WSSV_BG,WSSV_BG,WSSV_BG,3,3,WSSV_BG-21,4. WSSV_BG::WSSV_BG-21,parsed,WSSV_BG-21-img-2,True,,1054742,307392127678090a0237ab2bc019aae2,train
/home/drnguyenvinh/notebooks/processed-images/processed_images/4. WSSV_BG/WSSV_BG-22-img-1_nobg.png,/home/drnguyenvinh/notebooks/processed-images/processed_images/4. WSSV_BG/WSSV_BG-22-img-1_nobg.png,4. WSSV_BG/WSSV_BG-22-img-1_nobg.png,WSSV_BG-22-img-1_nobg.png,4. WSSV_BG,4. WSSV_BG,WSSV_BG,WSSV_BG,3,3,WSSV_BG-22,4. WSSV_BG::WSSV_BG-22,parsed,WSSV_BG-22-img-1,True,,1066164,83398ece90b031ff02de3d6f97a4a1e5,train
/home/drnguyenvinh/notebooks/processed-images/processed_images/4. WSSV_BG/WSSV_BG-22-img-2_nobg.png,/home/drnguyenvinh/notebooks/processed-images/processed_images/4. WSSV_BG/WSSV_BG-22-img-2_nobg.png,4. WSSV_BG/WSSV_BG-22-img-2_nobg.png,WSSV_BG-22-img-2_nobg.png,4. WSSV_BG,4. WSSV_BG,WSSV_BG,WSSV_BG,3,3,WSSV_BG-22,4. WSSV_BG::WSSV_BG-22,parsed,WSSV_BG-22-img-2,True,,990919,440cf1eb74ac96e2432c6352427cb116,train
/home/drnguyenvinh/notebooks/processed-images/processed_images/4. WSSV_BG/WSSV_BG-22-img-3_nobg.png,/home/drnguyenvinh/notebooks/processed-images/processed_images/4. WSSV_BG/WSSV_BG-22-img-3_nobg.png,4. WSSV_BG/WSSV_BG-22-img-3_nobg.png,WSSV_BG-22-img-3_nobg.png,4. WSSV_BG,4. WSSV_BG,WSSV_BG,WSSV_BG,3,3,WSSV_BG-22,4. WSSV_BG::WSSV_BG-22,parsed,WSSV_BG-22-img-3,True,,949640,c83db7b6235b40f204b381f5fb1acc1d,train
/home/drnguyenvinh/notebooks/processed-images/processed_images/4. WSSV_BG/WSSV_BG-23-img-1_nobg.png,/home/drnguyenvinh/notebooks/processed-images/processed_images/4. WSSV_BG/WSSV_BG-23-img-1_nobg.png,4. WSSV_BG/WSSV_BG-23-img-1_nobg.png,WSSV_BG-23-img-1_nobg.png,4. WSSV_BG,4. WSSV_BG,WSSV_BG,WSSV_BG,3,3,WSSV_BG-23,4. WSSV_BG::WSSV_BG-23,parsed,WSSV_BG-23-img-1,True,,1003739,1521b9627a572b4238ff2d28875ad34c,train
/home/drnguyenvinh/notebooks/processed-images/processed_images/4. WSSV_BG/WSSV_BG-27-img-1_nobg.png,/home/drnguyenvinh/notebooks/processed-images/processed_images/4. WSSV_BG/WSSV_BG-27-img-1_nobg.png,4. WSSV_BG/WSSV_BG-27-img-1_nobg.png,WSSV_BG-27-img-1_nobg.png,4. WSSV_BG,4. WSSV_BG,WSSV_BG,WSSV_BG,3,3,WSSV_BG-27,4. WSSV_BG::WSSV_BG-27,parsed,WSSV_BG-27-img-1,True,,885700,3f67c476cf01fd331fb041281207527a,train
/home/drnguyenvinh/notebooks/processed-images/processed_images/4. WSSV_BG/WSSV_BG-27-img-2_nobg.png,/home/drnguyenvinh/notebooks/processed-images/processed_images/4. WSSV_BG/WSSV_BG-27-img-2_nobg.png,4. WSSV_BG/WSSV_BG-27-img-2_nobg.png,WSSV_BG-27-img-2_nobg.png,4. WSSV_BG,4. WSSV_BG,WSSV_BG,WSSV_BG,3,3,WSSV_BG-27,4. WSSV_BG::WSSV_BG-27,parsed,WSSV_BG-27-img-2,True,,912441,a59cf157408fec89e1b7c4ec3cf2225c,train
/home/drnguyenvinh/notebooks/processed-images/processed_images/4. WSSV_BG/WSSV_BG-28-img-1_nobg.png,/home/drnguyenvinh/notebooks/processed-images/processed_images/4. WSSV_BG/WSSV_BG-28-img-1_nobg.png,4. WSSV_BG/WSSV_BG-28-img-1_nobg.png,WSSV_BG-28-img-1_nobg.png,4. WSSV_BG,4. WSSV_BG,WSSV_BG,WSSV_BG,3,3,WSSV_BG-28,4. WSSV_BG::WSSV_BG-28,parsed,WSSV_BG-28-img-1,True,,520491,19e1a8532a710b0882d295594e026d71,train
/home/drnguyenvinh/notebooks/processed-images/processed_images/4. WSSV_BG/WSSV_BG-28-img-2_nobg.png,/home/drnguyenvinh/notebooks/processed-images/processed_images/4. WSSV_BG/WSSV_BG-28-img-2_nobg.png,4. WSSV_BG/WSSV_BG-28-img-2_nobg.png,WSSV_BG-28-img-2_nobg.png,4. WSSV_BG,4. WSSV_BG,WSSV_BG,WSSV_BG,3,3,WSSV_BG-28,4. WSSV_BG::WSSV_BG-28,parsed,WSSV_BG-28-img-2,True,,627691,61b5dbbf99604c86bbe5a47f54a57e5b,train
/home/drnguyenvinh/notebooks/processed-images/processed_images/4. WSSV_BG/WSSV_BG-28-img-3_nobg.png,/home/drnguyenvinh/notebooks/processed-images/processed_images/4. WSSV_BG/WSSV_BG-28-img-3_nobg.png,4. WSSV_BG/WSSV_BG-28-img-3_nobg.png,WSSV_BG-28-img-3_nobg.png,4. WSSV_BG,4. WSSV_BG,WSSV_BG,WSSV_BG,3,3,WSSV_BG-28,4. WSSV_BG::WSSV_BG-28,parsed,WSSV_BG-28-img-3,True,,634815,c76102b85f64ba151dc760d6b9ba5364,train
/home/drnguyenvinh/notebooks/processed-images/processed_images/4. WSSV_BG/WSSV_BG-29-img-1_nobg.png,/home/drnguyenvinh/notebooks/processed-images/processed_images/4. WSSV_BG/WSSV_BG-29-img-1_nobg.png,4. WSSV_BG/WSSV_BG-29-img-1_nobg.png,WSSV_BG-29-img-1_nobg.png,4. WSSV_BG,4. WSSV_BG,WSSV_BG,WSSV_BG,3,3,WSSV_BG-29,4. WSSV_BG::WSSV_BG-29,parsed,WSSV_BG-29-img-1,True,,888480,0028dd2ab61255fd5ac8f713067c1b5a,train
/home/drnguyenvinh/notebooks/processed-images/processed_images/4. WSSV_BG/WSSV_BG-29-img-2_nobg.png,/home/drnguyenvinh/notebooks/processed-images/processed_images/4. WSSV_BG/WSSV_BG-29-img-2_nobg.png,4. WSSV_BG/WSSV_BG-29-img-2_nobg.png,WSSV_BG-29-img-2_nobg.png,4. WSSV_BG,4. WSSV_BG,WSSV_BG,WSSV_BG,3,3,WSSV_BG-29,4. WSSV_BG::WSSV_BG-29,parsed,WSSV_BG-29-img-2,True,,898102,96b0c252f98c83201ae912c3e8f7a91b,train
/home/drnguyenvinh/notebooks/processed-images/processed_images/4. WSSV_BG/WSSV_BG-29-img-3_nobg.png,/home/drnguyenvinh/notebooks/processed-images/processed_images/4. WSSV_BG/WSSV_BG-29-img-3_nobg.png,4. WSSV_BG/WSSV_BG-29-img-3_nobg.png,WSSV_BG-29-img-3_nobg.png,4. WSSV_BG,4. WSSV_BG,WSSV_BG,WSSV_BG,3,3,WSSV_BG-29,4. WSSV_BG::WSSV_BG-29,parsed,WSSV_BG-29-img-3,True,,724065,bc7925f97098b4d933097551c55ecd68,train
/home/drnguyenvinh/notebooks/processed-images/processed_images/4. WSSV_BG/WSSV_BG-32-img-1_nobg.png,/home/drnguyenvinh/notebooks/processed-images/processed_images/4. WSSV_BG/WSSV_BG-32-img-1_nobg.png,4. WSSV_BG/WSSV_BG-32-img-1_nobg.png,WSSV_BG-32-img-1_nobg.png,4. WSSV_BG,4. WSSV_BG,WSSV_BG,WSSV_BG,3,3,WSSV_BG-32,4. WSSV_BG::WSSV_BG-32,parsed,WSSV_BG-32-img-1,True,,995160,d01d89c91c972a629f2d47344ba05957,train
/home/drnguyenvinh/notebooks/processed-images/processed_images/4. WSSV_BG/WSSV_BG-32-img-2_nobg.png,/home/drnguyenvinh/notebooks/processed-images/processed_images/4. WSSV_BG/WSSV_BG-32-img-2_nobg.png,4. WSSV_BG/WSSV_BG-32-img-2_nobg.png,WSSV_BG-32-img-2_nobg.png,4. WSSV_BG,4. WSSV_BG,WSSV_BG,WSSV_BG,3,3,WSSV_BG-32,4. WSSV_BG::WSSV_BG-32,parsed,WSSV_BG-32-img-2,True,,1057330,f02bda92a6f0a92779dd901870a83495,train
/home/drnguyenvinh/notebooks/processed-images/processed_images/4. WSSV_BG/WSSV_BG-32-img-3_nobg.png,/home/drnguyenvinh/notebooks/processed-images/processed_images/4. WSSV_BG/WSSV_BG-32-img-3_nobg.png,4. WSSV_BG/WSSV_BG-32-img-3_nobg.png,WSSV_BG-32-img-3_nobg.png,4. WSSV_BG,4. WSSV_BG,WSSV_BG,WSSV_BG,3,3,WSSV_BG-32,4. WSSV_BG::WSSV_BG-32,parsed,WSSV_BG-32-img-3,True,,1051050,46fbdfcb354f8736bea37bbc7082cbad,train
/home/drnguyenvinh/notebooks/processed-images/processed_images/4. WSSV_BG/WSSV_BG-33-img-1_nobg.png,/home/drnguyenvinh/notebooks/processed-images/processed_images/4. WSSV_BG/WSSV_BG-33-img-1_nobg.png,4. WSSV_BG/WSSV_BG-33-img-1_nobg.png,WSSV_BG-33-img-1_nobg.png,4. WSSV_BG,4. WSSV_BG,WSSV_BG,WSSV_BG,3,3,WSSV_BG-33,4. WSSV_BG::WSSV_BG-33,parsed,WSSV_BG-33-img-1,True,,1107748,d78fca9a288307c7e99da4cb617495e6,train
/home/drnguyenvinh/notebooks/processed-images/processed_images/4. WSSV_BG/WSSV_BG-33-img-2_nobg.png,/home/drnguyenvinh/notebooks/processed-images/processed_images/4. WSSV_BG/WSSV_BG-33-img-2_nobg.png,4. WSSV_BG/WSSV_BG-33-img-2_nobg.png,WSSV_BG-33-img-2_nobg.png,4. WSSV_BG,4. WSSV_BG,WSSV_BG,WSSV_BG,3,3,WSSV_BG-33,4. WSSV_BG::WSSV_BG-33,parsed,WSSV_BG-33-img-2,True,,1107455,13eac1eda30834dbfc081c7f509e6b99,train
/home/drnguyenvinh/notebooks/processed-images/processed_images/4. WSSV_BG/WSSV_BG-33-img-3_nobg.png,/home/drnguyenvinh/notebooks/processed-images/processed_images/4. WSSV_BG/WSSV_BG-33-img-3_nobg.png,4. WSSV_BG/WSSV_BG-33-img-3_nobg.png,WSSV_BG-33-img-3_nobg.png,4. WSSV_BG,4. WSSV_BG,WSSV_BG,WSSV_BG,3,3,WSSV_BG-33,4. WSSV_BG::WSSV_BG-33,parsed,WSSV_BG-33-img-3,True,,1057732,32fa0b32ca393eaa0d94ba9ef8bba2f5,train
/home/drnguyenvinh/notebooks/processed-images/processed_images/4. WSSV_BG/WSSV_BG-34-img-1_nobg.png,/home/drnguyenvinh/notebooks/processed-images/processed_images/4. WSSV_BG/WSSV_BG-34-img-1_nobg.png,4. WSSV_BG/WSSV_BG-34-img-1_nobg.png,WSSV_BG-34-img-1_nobg.png,4. WSSV_BG,4. WSSV_BG,WSSV_BG,WSSV_BG,3,3,WSSV_BG-34,4. WSSV_BG::WSSV_BG-34,parsed,WSSV_BG-34-img-1,True,,601826,395c309594c22b8bb36439d09317b493,train
/home/drnguyenvinh/notebooks/processed-images/processed_images/4. WSSV_BG/WSSV_BG-34-img-2_nobg.png,/home/drnguyenvinh/notebooks/processed-images/processed_images/4. WSSV_BG/WSSV_BG-34-img-2_nobg.png,4. WSSV_BG/WSSV_BG-34-img-2_nobg.png,WSSV_BG-34-img-2_nobg.png,4. WSSV_BG,4. WSSV_BG,WSSV_BG,WSSV_BG,3,3,WSSV_BG-34,4. WSSV_BG::WSSV_BG-34,parsed,WSSV_BG-34-img-2,True,,697320,dcb18c24ca313311bdce106d2e1cf1fe,train
/home/drnguyenvinh/notebooks/processed-images/processed_images/4. WSSV_BG/WSSV_BG-34-img-3_nobg.png,/home/drnguyenvinh/notebooks/processed-images/processed_images/4. WSSV_BG/WSSV_BG-34-img-3_nobg.png,4. WSSV_BG/WSSV_BG-34-img-3_nobg.png,WSSV_BG-34-img-3_nobg.png,4. WSSV_BG,4. WSSV_BG,WSSV_BG,WSSV_BG,3,3,WSSV_BG-34,4. WSSV_BG::WSSV_BG-34,parsed,WSSV_BG-34-img-3,True,,688621,87e824c4d286a8b02017a7f1148a0114,train
/home/drnguyenvinh/notebooks/processed-images/processed_images/4. WSSV_BG/WSSV_BG-35-img-1_nobg.png,/home/drnguyenvinh/notebooks/processed-images/processed_images/4. WSSV_BG/WSSV_BG-35-img-1_nobg.png,4. WSSV_BG/WSSV_BG-35-img-1_nobg.png,WSSV_BG-35-img-1_nobg.png,4. WSSV_BG,4. WSSV_BG,WSSV_BG,WSSV_BG,3,3,WSSV_BG-35,4. WSSV_BG::WSSV_BG-35,parsed,WSSV_BG-35-img-1,True,,1239654,bb2aba75ca68038d6e168da3505b2d92,train
/home/drnguyenvinh/notebooks/processed-images/processed_images/4. WSSV_BG/WSSV_BG-35-img-2_nobg.png,/home/drnguyenvinh/notebooks/processed-images/processed_images/4. WSSV_BG/WSSV_BG-35-img-2_nobg.png,4. WSSV_BG/WSSV_BG-35-img-2_nobg.png,WSSV_BG-35-img-2_nobg.png,4. WSSV_BG,4. WSSV_BG,WSSV_BG,WSSV_BG,3,3,WSSV_BG-35,4. WSSV_BG::WSSV_BG-35,parsed,WSSV_BG-35-img-2,True,,974797,b50d009536e592f4813a386d74a46190,train
/home/drnguyenvinh/notebooks/processed-images/processed_images/4. WSSV_BG/WSSV_BG-4-img-1_nobg.png,/home/drnguyenvinh/notebooks/processed-images/processed_images/4. WSSV_BG/WSSV_BG-4-img-1_nobg.png,4. WSSV_BG/WSSV_BG-4-img-1_nobg.png,WSSV_BG-4-img-1_nobg.png,4. WSSV_BG,4. WSSV_BG,WSSV_BG,WSSV_BG,3,3,WSSV_BG-4,4. WSSV_BG::WSSV_BG-4,parsed,WSSV_BG-4-img-1,True,,1273477,8dc0be44330c8fb637c5599949fafe96,train
/home/drnguyenvinh/notebooks/processed-images/processed_images/4. WSSV_BG/WSSV_BG-4-img-2_nobg.png,/home/drnguyenvinh/notebooks/processed-images/processed_images/4. WSSV_BG/WSSV_BG-4-img-2_nobg.png,4. WSSV_BG/WSSV_BG-4-img-2_nobg.png,WSSV_BG-4-img-2_nobg.png,4. WSSV_BG,4. WSSV_BG,WSSV_BG,WSSV_BG,3,3,WSSV_BG-4,4. WSSV_BG::WSSV_BG-4,parsed,WSSV_BG-4-img-2,True,,1509314,fa91c7ad3e5ba782c4c9bccdd9967e6d,train
/home/drnguyenvinh/notebooks/processed-images/processed_images/4. WSSV_BG/WSSV_BG-4-img-3_nobg.png,/home/drnguyenvinh/notebooks/processed-images/processed_images/4. WSSV_BG/WSSV_BG-4-img-3_nobg.png,4. WSSV_BG/WSSV_BG-4-img-3_nobg.png,WSSV_BG-4-img-3_nobg.png,4. WSSV_BG,4. WSSV_BG,WSSV_BG,WSSV_BG,3,3,WSSV_BG-4,4. WSSV_BG::WSSV_BG-4,parsed,WSSV_BG-4-img-3,True,,1483202,d836cd1663b2643b4c831bec1c158897,train
/home/drnguyenvinh/notebooks/processed-images/processed_images/4. WSSV_BG/WSSV_BG-41-img-1_nobg.png,/home/drnguyenvinh/notebooks/processed-images/processed_images/4. WSSV_BG/WSSV_BG-41-img-1_nobg.png,4. WSSV_BG/WSSV_BG-41-img-1_nobg.png,WSSV_BG-41-img-1_nobg.png,4. WSSV_BG,4. WSSV_BG,WSSV_BG,WSSV_BG,3,3,WSSV_BG-41,4. WSSV_BG::WSSV_BG-41,parsed,WSSV_BG-41-img-1,True,,895257,83481e08e604a421fa5e9fc672cca20a,train
/home/drnguyenvinh/notebooks/processed-images/processed_images/4. WSSV_BG/WSSV_BG-41-img-2_nobg.png,/home/drnguyenvinh/notebooks/processed-images/processed_images/4. WSSV_BG/WSSV_BG-41-img-2_nobg.png,4. WSSV_BG/WSSV_BG-41-img-2_nobg.png,WSSV_BG-41-img-2_nobg.png,4. WSSV_BG,4. WSSV_BG,WSSV_BG,WSSV_BG,3,3,WSSV_BG-41,4. WSSV_BG::WSSV_BG-41,parsed,WSSV_BG-41-img-2,True,,1023175,e909b86dd4bda53de11f8f203d4c2227,train
/home/drnguyenvinh/notebooks/processed-images/processed_images/4. WSSV_BG/WSSV_BG-41-img-3_nobg.png,/home/drnguyenvinh/notebooks/processed-images/processed_images/4. WSSV_BG/WSSV_BG-41-img-3_nobg.png,4. WSSV_BG/WSSV_BG-41-img-3_nobg.png,WSSV_BG-41-img-3_nobg.png,4. WSSV_BG,4. WSSV_BG,WSSV_BG,WSSV_BG,3,3,WSSV_BG-41,4. WSSV_BG::WSSV_BG-41,parsed,WSSV_BG-41-img-3,True,,937937,862ff589ff647352546d1fb5fd7e8d8f,train
/home/drnguyenvinh/notebooks/processed-images/processed_images/4. WSSV_BG/WSSV_BG-43-img-1_nobg.png,/home/drnguyenvinh/notebooks/processed-images/processed_images/4. WSSV_BG/WSSV_BG-43-img-1_nobg.png,4. WSSV_BG/WSSV_BG-43-img-1_nobg.png,WSSV_BG-43-img-1_nobg.png,4. WSSV_BG,4. WSSV_BG,WSSV_BG,WSSV_BG,3,3,WSSV_BG-43,4. WSSV_BG::WSSV_BG-43,parsed,WSSV_BG-43-img-1,True,,822634,f1db4c12ee2a96feb47dfe0b03b06de8,train
/home/drnguyenvinh/notebooks/processed-images/processed_images/4. WSSV_BG/WSSV_BG-43-img-2_nobg.png,/home/drnguyenvinh/notebooks/processed-images/processed_images/4. WSSV_BG/WSSV_BG-43-img-2_nobg.png,4. WSSV_BG/WSSV_BG-43-img-2_nobg.png,WSSV_BG-43-img-2_nobg.png,4. WSSV_BG,4. WSSV_BG,WSSV_BG,WSSV_BG,3,3,WSSV_BG-43,4. WSSV_BG::WSSV_BG-43,parsed,WSSV_BG-43-img-2,True,,880006,f530139641966571efb7f496adbf9d51,train
/home/drnguyenvinh/notebooks/processed-images/processed_images/4. WSSV_BG/WSSV_BG-44-img-1_nobg.png,/home/drnguyenvinh/notebooks/processed-images/processed_images/4. WSSV_BG/WSSV_BG-44-img-1_nobg.png,4. WSSV_BG/WSSV_BG-44-img-1_nobg.png,WSSV_BG-44-img-1_nobg.png,4. WSSV_BG,4. WSSV_BG,WSSV_BG,WSSV_BG,3,3,WSSV_BG-44,4. WSSV_BG::WSSV_BG-44,parsed,WSSV_BG-44-img-1,True,,907571,bf833637eea0ca6e0cb0eee46197b6fa,train
/home/drnguyenvinh/notebooks/processed-images/processed_images/4. WSSV_BG/WSSV_BG-44-img-2_nobg.png,/home/drnguyenvinh/notebooks/processed-images/processed_images/4. WSSV_BG/WSSV_BG-44-img-2_nobg.png,4. WSSV_BG/WSSV_BG-44-img-2_nobg.png,WSSV_BG-44-img-2_nobg.png,4. WSSV_BG,4. WSSV_BG,WSSV_BG,WSSV_BG,3,3,WSSV_BG-44,4. WSSV_BG::WSSV_BG-44,parsed,WSSV_BG-44-img-2,True,,1083930,3f6f60ec75d9d78a8aa7daed1f9f7a71,train
/home/drnguyenvinh/notebooks/processed-images/processed_images/4. WSSV_BG/WSSV_BG-45-img-1_nobg.png,/home/drnguyenvinh/notebooks/processed-images/processed_images/4. WSSV_BG/WSSV_BG-45-img-1_nobg.png,4. WSSV_BG/WSSV_BG-45-img-1_nobg.png,WSSV_BG-45-img-1_nobg.png,4. WSSV_BG,4. WSSV_BG,WSSV_BG,WSSV_BG,3,3,WSSV_BG-45,4. WSSV_BG::WSSV_BG-45,parsed,WSSV_BG-45-img-1,True,,889197,31c447b28011f4af3c515376971803e7,train
/home/drnguyenvinh/notebooks/processed-images/processed_images/4. WSSV_BG/WSSV_BG-45-img-2_nobg.png,/home/drnguyenvinh/notebooks/processed-images/processed_images/4. WSSV_BG/WSSV_BG-45-img-2_nobg.png,4. WSSV_BG/WSSV_BG-45-img-2_nobg.png,WSSV_BG-45-img-2_nobg.png,4. WSSV_BG,4. WSSV_BG,WSSV_BG,WSSV_BG,3,3,WSSV_BG-45,4. WSSV_BG::WSSV_BG-45,parsed,WSSV_BG-45-img-2,True,,898412,dd9495e6be328262e0f0e6daefa429d1,train
/home/drnguyenvinh/notebooks/processed-images/processed_images/4. WSSV_BG/WSSV_BG-46-img-1_nobg.png,/home/drnguyenvinh/notebooks/processed-images/processed_images/4. WSSV_BG/WSSV_BG-46-img-1_nobg.png,4. WSSV_BG/WSSV_BG-46-img-1_nobg.png,WSSV_BG-46-img-1_nobg.png,4. WSSV_BG,4. WSSV_BG,WSSV_BG,WSSV_BG,3,3,WSSV_BG-46,4. WSSV_BG::WSSV_BG-46,parsed,WSSV_BG-46-img-1,True,,1089960,c01139c3b2f4f1cf253a06271b259dff,train
/home/drnguyenvinh/notebooks/processed-images/processed_images/4. WSSV_BG/WSSV_BG-46-img-2_nobg.png,/home/drnguyenvinh/notebooks/processed-images/processed_images/4. WSSV_BG/WSSV_BG-46-img-2_nobg.png,4. WSSV_BG/WSSV_BG-46-img-2_nobg.png,WSSV_BG-46-img-2_nobg.png,4. WSSV_BG,4. WSSV_BG,WSSV_BG,WSSV_BG,3,3,WSSV_BG-46,4. WSSV_BG::WSSV_BG-46,parsed,WSSV_BG-46-img-2,True,,874680,0aa2a0b62812f12d2e1a3644423af161,train
/home/drnguyenvinh/notebooks/processed-images/processed_images/4. WSSV_BG/WSSV_BG-46-img-3_nobg.png,/home/drnguyenvinh/notebooks/processed-images/processed_images/4. WSSV_BG/WSSV_BG-46-img-3_nobg.png,4. WSSV_BG/WSSV_BG-46-img-3_nobg.png,WSSV_BG-46-img-3_nobg.png,4. WSSV_BG,4. WSSV_BG,WSSV_BG,WSSV_BG,3,3,WSSV_BG-46,4. WSSV_BG::WSSV_BG-46,parsed,WSSV_BG-46-img-3,True,,752554,d90ad36ec534c0821312244052889f9e,train
/home/drnguyenvinh/notebooks/processed-images/processed_images/4. WSSV_BG/WSSV_BG-48-img-1_nobg.png,/home/drnguyenvinh/notebooks/processed-images/processed_images/4. WSSV_BG/WSSV_BG-48-img-1_nobg.png,4. WSSV_BG/WSSV_BG-48-img-1_nobg.png,WSSV_BG-48-img-1_nobg.png,4. WSSV_BG,4. WSSV_BG,WSSV_BG,WSSV_BG,3,3,WSSV_BG-48,4. WSSV_BG::WSSV_BG-48,parsed,WSSV_BG-48-img-1,True,,808112,33124965791476790079df831159a1d8,train
/home/drnguyenvinh/notebooks/processed-images/processed_images/4. WSSV_BG/WSSV_BG-48-img-2_nobg.png,/home/drnguyenvinh/notebooks/processed-images/processed_images/4. WSSV_BG/WSSV_BG-48-img-2_nobg.png,4. WSSV_BG/WSSV_BG-48-img-2_nobg.png,WSSV_BG-48-img-2_nobg.png,4. WSSV_BG,4. WSSV_BG,WSSV_BG,WSSV_BG,3,3,WSSV_BG-48,4. WSSV_BG::WSSV_BG-48,parsed,WSSV_BG-48-img-2,True,,1083678,d865b4a9027bbee626ab310007eaba24,train
/home/drnguyenvinh/notebooks/processed-images/processed_images/4. WSSV_BG/WSSV_BG-48-img-3_nobg.png,/home/drnguyenvinh/notebooks/processed-images/processed_images/4. WSSV_BG/WSSV_BG-48-img-3_nobg.png,4. WSSV_BG/WSSV_BG-48-img-3_nobg.png,WSSV_BG-48-img-3_nobg.png,4. WSSV_BG,4. WSSV_BG,WSSV_BG,WSSV_BG,3,3,WSSV_BG-48,4. WSSV_BG::WSSV_BG-48,parsed,WSSV_BG-48-img-3,True,,1111519,2f861c6f2da841143d09fd749ffd0410,train
/home/drnguyenvinh/notebooks/processed-images/processed_images/4. WSSV_BG/WSSV_BG-5-img-1_nobg.png,/home/drnguyenvinh/notebooks/processed-images/processed_images/4. WSSV_BG/WSSV_BG-5-img-1_nobg.png,4. WSSV_BG/WSSV_BG-5-img-1_nobg.png,WSSV_BG-5-img-1_nobg.png,4. WSSV_BG,4. WSSV_BG,WSSV_BG,WSSV_BG,3,3,WSSV_BG-5,4. WSSV_BG::WSSV_BG-5,parsed,WSSV_BG-5-img-1,True,,1711201,0980a209d2b2f35f02b85a23c5284634,train
/home/drnguyenvinh/notebooks/processed-images/processed_images/4. WSSV_BG/WSSV_BG-5-img-2_nobg.png,/home/drnguyenvinh/notebooks/processed-images/processed_images/4. WSSV_BG/WSSV_BG-5-img-2_nobg.png,4. WSSV_BG/WSSV_BG-5-img-2_nobg.png,WSSV_BG-5-img-2_nobg.png,4. WSSV_BG,4. WSSV_BG,WSSV_BG,WSSV_BG,3,3,WSSV_BG-5,4. WSSV_BG::WSSV_BG-5,parsed,WSSV_BG-5-img-2,True,,1317110,ce4f223a9e82648d385d550ead3c7926,train
/home/drnguyenvinh/notebooks/processed-images/processed_images/4. WSSV_BG/WSSV_BG-5-img-3_nobg.png,/home/drnguyenvinh/notebooks/processed-images/processed_images/4. WSSV_BG/WSSV_BG-5-img-3_nobg.png,4. WSSV_BG/WSSV_BG-5-img-3_nobg.png,WSSV_BG-5-img-3_nobg.png,4. WSSV_BG,4. WSSV_BG,WSSV_BG,WSSV_BG,3,3,WSSV_BG-5,4. WSSV_BG::WSSV_BG-5,parsed,WSSV_BG-5-img-3,True,,1270781,2e3f4aad5ab3b489badfd3265efc57e1,train
/home/drnguyenvinh/notebooks/processed-images/processed_images/4. WSSV_BG/WSSV_BG-51-img-1_nobg.png,/home/drnguyenvinh/notebooks/processed-images/processed_images/4. WSSV_BG/WSSV_BG-51-img-1_nobg.png,4. WSSV_BG/WSSV_BG-51-img-1_nobg.png,WSSV_BG-51-img-1_nobg.png,4. WSSV_BG,4. WSSV_BG,WSSV_BG,WSSV_BG,3,3,WSSV_BG-51,4. WSSV_BG::WSSV_BG-51,parsed,WSSV_BG-51-img-1,True,,1089367,41225efe2a86fedd395bdaf220ff60ec,train
/home/drnguyenvinh/notebooks/processed-images/processed_images/4. WSSV_BG/WSSV_BG-51-img-2_nobg.png,/home/drnguyenvinh/notebooks/processed-images/processed_images/4. WSSV_BG/WSSV_BG-51-img-2_nobg.png,4. WSSV_BG/WSSV_BG-51-img-2_nobg.png,WSSV_BG-51-img-2_nobg.png,4. WSSV_BG,4. WSSV_BG,WSSV_BG,WSSV_BG,3,3,WSSV_BG-51,4. WSSV_BG::WSSV_BG-51,parsed,WSSV_BG-51-img-2,True,,1160614,d3c5b5a98c6520ec36e1f43409f3a875,train
/home/drnguyenvinh/notebooks/processed-images/processed_images/4. WSSV_BG/WSSV_BG-51-img-3_nobg.png,/home/drnguyenvinh/notebooks/processed-images/processed_images/4. WSSV_BG/WSSV_BG-51-img-3_nobg.png,4. WSSV_BG/WSSV_BG-51-img-3_nobg.png,WSSV_BG-51-img-3_nobg.png,4. WSSV_BG,4. WSSV_BG,WSSV_BG,WSSV_BG,3,3,WSSV_BG-51,4. WSSV_BG::WSSV_BG-51,parsed,WSSV_BG-51-img-3,True,,985341,4e1b787c2325489b69104bf0c863a4c3,train
/home/drnguyenvinh/notebooks/processed-images/processed_images/4. WSSV_BG/WSSV_BG-52-img-1_nobg.png,/home/drnguyenvinh/notebooks/processed-images/processed_images/4. WSSV_BG/WSSV_BG-52-img-1_nobg.png,4. WSSV_BG/WSSV_BG-52-img-1_nobg.png,WSSV_BG-52-img-1_nobg.png,4. WSSV_BG,4. WSSV_BG,WSSV_BG,WSSV_BG,3,3,WSSV_BG-52,4. WSSV_BG::WSSV_BG-52,parsed,WSSV_BG-52-img-1,True,,969913,4c7e0b5dff3bb3855a0681c37ecb9301,train
/home/drnguyenvinh/notebooks/processed-images/processed_images/4. WSSV_BG/WSSV_BG-52-img-2_nobg.png,/home/drnguyenvinh/notebooks/processed-images/processed_images/4. WSSV_BG/WSSV_BG-52-img-2_nobg.png,4. WSSV_BG/WSSV_BG-52-img-2_nobg.png,WSSV_BG-52-img-2_nobg.png,4. WSSV_BG,4. WSSV_BG,WSSV_BG,WSSV_BG,3,3,WSSV_BG-52,4. WSSV_BG::WSSV_BG-52,parsed,WSSV_BG-52-img-2,True,,1048100,0e0b8017f8be825d1d227ccfac851980,train
/home/drnguyenvinh/notebooks/processed-images/processed_images/4. WSSV_BG/WSSV_BG-52-img-3_nobg.png,/home/drnguyenvinh/notebooks/processed-images/processed_images/4. WSSV_BG/WSSV_BG-52-img-3_nobg.png,4. WSSV_BG/WSSV_BG-52-img-3_nobg.png,WSSV_BG-52-img-3_nobg.png,4. WSSV_BG,4. WSSV_BG,WSSV_BG,WSSV_BG,3,3,WSSV_BG-52,4. WSSV_BG::WSSV_BG-52,parsed,WSSV_BG-52-img-3,True,,1575564,e38d76ba9aa776866ce7249077a2ddaf,train
/home/drnguyenvinh/notebooks/processed-images/processed_images/4. WSSV_BG/WSSV_BG-54-img-1_nobg.png,/home/drnguyenvinh/notebooks/processed-images/processed_images/4. WSSV_BG/WSSV_BG-54-img-1_nobg.png,4. WSSV_BG/WSSV_BG-54-img-1_nobg.png,WSSV_BG-54-img-1_nobg.png,4. WSSV_BG,4. WSSV_BG,WSSV_BG,WSSV_BG,3,3,WSSV_BG-54,4. WSSV_BG::WSSV_BG-54,parsed,WSSV_BG-54-img-1,True,,1139449,6da30c738608f64ad193e89a3ea05d50,train
/home/drnguyenvinh/notebooks/processed-images/processed_images/4. WSSV_BG/WSSV_BG-54-img-2_nobg.png,/home/drnguyenvinh/notebooks/processed-images/processed_images/4. WSSV_BG/WSSV_BG-54-img-2_nobg.png,4. WSSV_BG/WSSV_BG-54-img-2_nobg.png,WSSV_BG-54-img-2_nobg.png,4. WSSV_BG,4. WSSV_BG,WSSV_BG,WSSV_BG,3,3,WSSV_BG-54,4. WSSV_BG::WSSV_BG-54,parsed,WSSV_BG-54-img-2,True,,1002588,e7164f58feae241d512f416b72934bf6,train
/home/drnguyenvinh/notebooks/processed-images/processed_images/4. WSSV_BG/WSSV_BG-55-img-1_nobg.png,/home/drnguyenvinh/notebooks/processed-images/processed_images/4. WSSV_BG/WSSV_BG-55-img-1_nobg.png,4. WSSV_BG/WSSV_BG-55-img-1_nobg.png,WSSV_BG-55-img-1_nobg.png,4. WSSV_BG,4. WSSV_BG,WSSV_BG,WSSV_BG,3,3,WSSV_BG-55,4. WSSV_BG::WSSV_BG-55,parsed,WSSV_BG-55-img-1,True,,794772,045a8bdc1369420311d939f70e2a4627,train
/home/drnguyenvinh/notebooks/processed-images/processed_images/4. WSSV_BG/WSSV_BG-56-img-1_nobg.png,/home/drnguyenvinh/notebooks/processed-images/processed_images/4. WSSV_BG/WSSV_BG-56-img-1_nobg.png,4. WSSV_BG/WSSV_BG-56-img-1_nobg.png,WSSV_BG-56-img-1_nobg.png,4. WSSV_BG,4. WSSV_BG,WSSV_BG,WSSV_BG,3,3,WSSV_BG-56,4. WSSV_BG::WSSV_BG-56,parsed,WSSV_BG-56-img-1,True,,752784,9b92bf94ea763c211a1d0ced1bbb64d9,train
/home/drnguyenvinh/notebooks/processed-images/processed_images/4. WSSV_BG/WSSV_BG-56-img-2_nobg.png,/home/drnguyenvinh/notebooks/processed-images/processed_images/4. WSSV_BG/WSSV_BG-56-img-2_nobg.png,4. WSSV_BG/WSSV_BG-56-img-2_nobg.png,WSSV_BG-56-img-2_nobg.png,4. WSSV_BG,4. WSSV_BG,WSSV_BG,WSSV_BG,3,3,WSSV_BG-56,4. WSSV_BG::WSSV_BG-56,parsed,WSSV_BG-56-img-2,True,,975376,5cc8c1fa255fe5f6a7573619122c7cdd,train
/home/drnguyenvinh/notebooks/processed-images/processed_images/4. WSSV_BG/WSSV_BG-56-img-3_nobg.png,/home/drnguyenvinh/notebooks/processed-images/processed_images/4. WSSV_BG/WSSV_BG-56-img-3_nobg.png,4. WSSV_BG/WSSV_BG-56-img-3_nobg.png,WSSV_BG-56-img-3_nobg.png,4. WSSV_BG,4. WSSV_BG,WSSV_BG,WSSV_BG,3,3,WSSV_BG-56,4. WSSV_BG::WSSV_BG-56,parsed,WSSV_BG-56-img-3,True,,744986,db139354dd3d2d926e904e487b13ab8f,train
/home/drnguyenvinh/notebooks/processed-images/processed_images/4. WSSV_BG/WSSV_BG-58-img-1_nobg.png,/home/drnguyenvinh/notebooks/processed-images/processed_images/4. WSSV_BG/WSSV_BG-58-img-1_nobg.png,4. WSSV_BG/WSSV_BG-58-img-1_nobg.png,WSSV_BG-58-img-1_nobg.png,4. WSSV_BG,4. WSSV_BG,WSSV_BG,WSSV_BG,3,3,WSSV_BG-58,4. WSSV_BG::WSSV_BG-58,parsed,WSSV_BG-58-img-1,True,,699448,d020f56033a487ea479cc1ca30c3ca77,train
/home/drnguyenvinh/notebooks/processed-images/processed_images/4. WSSV_BG/WSSV_BG-58-img-2_nobg.png,/home/drnguyenvinh/notebooks/processed-images/processed_images/4. WSSV_BG/WSSV_BG-58-img-2_nobg.png,4. WSSV_BG/WSSV_BG-58-img-2_nobg.png,WSSV_BG-58-img-2_nobg.png,4. WSSV_BG,4. WSSV_BG,WSSV_BG,WSSV_BG,3,3,WSSV_BG-58,4. WSSV_BG::WSSV_BG-58,parsed,WSSV_BG-58-img-2,True,,726609,65731fd48e0d6f85998a528ee65a8e6f,train
/home/drnguyenvinh/notebooks/processed-images/processed_images/4. WSSV_BG/WSSV_BG-58-img-3_nobg.png,/home/drnguyenvinh/notebooks/processed-images/processed_images/4. WSSV_BG/WSSV_BG-58-img-3_nobg.png,4. WSSV_BG/WSSV_BG-58-img-3_nobg.png,WSSV_BG-58-img-3_nobg.png,4. WSSV_BG,4. WSSV_BG,WSSV_BG,WSSV_BG,3,3,WSSV_BG-58,4. WSSV_BG::WSSV_BG-58,parsed,WSSV_BG-58-img-3,True,,753386,1a3af728f0a6b5846247c9ae455ef3cb,train
/home/drnguyenvinh/notebooks/processed-images/processed_images/4. WSSV_BG/WSSV_BG-59-img-1_nobg.png,/home/drnguyenvinh/notebooks/processed-images/processed_images/4. WSSV_BG/WSSV_BG-59-img-1_nobg.png,4. WSSV_BG/WSSV_BG-59-img-1_nobg.png,WSSV_BG-59-img-1_nobg.png,4. WSSV_BG,4. WSSV_BG,WSSV_BG,WSSV_BG,3,3,WSSV_BG-59,4. WSSV_BG::WSSV_BG-59,parsed,WSSV_BG-59-img-1,True,,833521,8b5fa7d5af758fde6e5c47f73e77a1d7,train
/home/drnguyenvinh/notebooks/processed-images/processed_images/4. WSSV_BG/WSSV_BG-59-img-2_nobg.png,/home/drnguyenvinh/notebooks/processed-images/processed_images/4. WSSV_BG/WSSV_BG-59-img-2_nobg.png,4. WSSV_BG/WSSV_BG-59-img-2_nobg.png,WSSV_BG-59-img-2_nobg.png,4. WSSV_BG,4. WSSV_BG,WSSV_BG,WSSV_BG,3,3,WSSV_BG-59,4. WSSV_BG::WSSV_BG-59,parsed,WSSV_BG-59-img-2,True,,915418,7f6919c01b3fff3604dba2fd49277b88,train
/home/drnguyenvinh/notebooks/processed-images/processed_images/4. WSSV_BG/WSSV_BG-6-img-1_nobg.png,/home/drnguyenvinh/notebooks/processed-images/processed_images/4. WSSV_BG/WSSV_BG-6-img-1_nobg.png,4. WSSV_BG/WSSV_BG-6-img-1_nobg.png,WSSV_BG-6-img-1_nobg.png,4. WSSV_BG,4. WSSV_BG,WSSV_BG,WSSV_BG,3,3,WSSV_BG-6,4. WSSV_BG::WSSV_BG-6,parsed,WSSV_BG-6-img-1,True,,926725,b926ca8257cb6397d6decc661e5cc392,train
/home/drnguyenvinh/notebooks/processed-images/processed_images/4. WSSV_BG/WSSV_BG-6-img-2_nobg.png,/home/drnguyenvinh/notebooks/processed-images/processed_images/4. WSSV_BG/WSSV_BG-6-img-2_nobg.png,4. WSSV_BG/WSSV_BG-6-img-2_nobg.png,WSSV_BG-6-img-2_nobg.png,4. WSSV_BG,4. WSSV_BG,WSSV_BG,WSSV_BG,3,3,WSSV_BG-6,4. WSSV_BG::WSSV_BG-6,parsed,WSSV_BG-6-img-2,True,,941466,8b7b4183b21d8f03e3e4a79baca74edc,train
/home/drnguyenvinh/notebooks/processed-images/processed_images/4. WSSV_BG/WSSV_BG-6-img-3_nobg.png,/home/drnguyenvinh/notebooks/processed-images/processed_images/4. WSSV_BG/WSSV_BG-6-img-3_nobg.png,4. WSSV_BG/WSSV_BG-6-img-3_nobg.png,WSSV_BG-6-img-3_nobg.png,4. WSSV_BG,4. WSSV_BG,WSSV_BG,WSSV_BG,3,3,WSSV_BG-6,4. WSSV_BG::WSSV_BG-6,parsed,WSSV_BG-6-img-3,True,,987480,7502d4219e41d3446c3d61be264796fe,train
/home/drnguyenvinh/notebooks/processed-images/processed_images/4. WSSV_BG/WSSV_BG-60-img-1_nobg.png,/home/drnguyenvinh/notebooks/processed-images/processed_images/4. WSSV_BG/WSSV_BG-60-img-1_nobg.png,4. WSSV_BG/WSSV_BG-60-img-1_nobg.png,WSSV_BG-60-img-1_nobg.png,4. WSSV_BG,4. WSSV_BG,WSSV_BG,WSSV_BG,3,3,WSSV_BG-60,4. WSSV_BG::WSSV_BG-60,parsed,WSSV_BG-60-img-1,True,,883432,778903fc3b042e81432458093dd29007,train
/home/drnguyenvinh/notebooks/processed-images/processed_images/4. WSSV_BG/WSSV_BG-61-img-1_nobg.png,/home/drnguyenvinh/notebooks/processed-images/processed_images/4. WSSV_BG/WSSV_BG-61-img-1_nobg.png,4. WSSV_BG/WSSV_BG-61-img-1_nobg.png,WSSV_BG-61-img-1_nobg.png,4. WSSV_BG,4. WSSV_BG,WSSV_BG,WSSV_BG,3,3,WSSV_BG-61,4. WSSV_BG::WSSV_BG-61,parsed,WSSV_BG-61-img-1,True,,722562,263ede1089bdcc10a136262d6785dc24,train
/home/drnguyenvinh/notebooks/processed-images/processed_images/4. WSSV_BG/WSSV_BG-61-img-2_nobg.png,/home/drnguyenvinh/notebooks/processed-images/processed_images/4. WSSV_BG/WSSV_BG-61-img-2_nobg.png,4. WSSV_BG/WSSV_BG-61-img-2_nobg.png,WSSV_BG-61-img-2_nobg.png,4. WSSV_BG,4. WSSV_BG,WSSV_BG,WSSV_BG,3,3,WSSV_BG-61,4. WSSV_BG::WSSV_BG-61,parsed,WSSV_BG-61-img-2,True,,763046,b270145859e02da6febde3eb74698a25,train
/home/drnguyenvinh/notebooks/processed-images/processed_images/4. WSSV_BG/WSSV_BG-61-img-3_nobg.png,/home/drnguyenvinh/notebooks/processed-images/processed_images/4. WSSV_BG/WSSV_BG-61-img-3_nobg.png,4. WSSV_BG/WSSV_BG-61-img-3_nobg.png,WSSV_BG-61-img-3_nobg.png,4. WSSV_BG,4. WSSV_BG,WSSV_BG,WSSV_BG,3,3,WSSV_BG-61,4. WSSV_BG::WSSV_BG-61,parsed,WSSV_BG-61-img-3,True,,770272,17454fc348142ac9a57e02c162785c54,train
/home/drnguyenvinh/notebooks/processed-images/processed_images/4. WSSV_BG/WSSV_BG-62-img-1_nobg.png,/home/drnguyenvinh/notebooks/processed-images/processed_images/4. WSSV_BG/WSSV_BG-62-img-1_nobg.png,4. WSSV_BG/WSSV_BG-62-img-1_nobg.png,WSSV_BG-62-img-1_nobg.png,4. WSSV_BG,4. WSSV_BG,WSSV_BG,WSSV_BG,3,3,WSSV_BG-62,4. WSSV_BG::WSSV_BG-62,parsed,WSSV_BG-62-img-1,True,,791146,f2ec3f24190b7b82e461f42259d261bc,train
/home/drnguyenvinh/notebooks/processed-images/processed_images/4. WSSV_BG/WSSV_BG-62-img-2_nobg.png,/home/drnguyenvinh/notebooks/processed-images/processed_images/4. WSSV_BG/WSSV_BG-62-img-2_nobg.png,4. WSSV_BG/WSSV_BG-62-img-2_nobg.png,WSSV_BG-62-img-2_nobg.png,4. WSSV_BG,4. WSSV_BG,WSSV_BG,WSSV_BG,3,3,WSSV_BG-62,4. WSSV_BG::WSSV_BG-62,parsed,WSSV_BG-62-img-2,True,,870528,4a315b820fc474659d282aef9e477128,train
/home/drnguyenvinh/notebooks/processed-images/processed_images/4. WSSV_BG/WSSV_BG-62-img-3_nobg.png,/home/drnguyenvinh/notebooks/processed-images/processed_images/4. WSSV_BG/WSSV_BG-62-img-3_nobg.png,4. WSSV_BG/WSSV_BG-62-img-3_nobg.png,WSSV_BG-62-img-3_nobg.png,4. WSSV_BG,4. WSSV_BG,WSSV_BG,WSSV_BG,3,3,WSSV_BG-62,4. WSSV_BG::WSSV_BG-62,parsed,WSSV_BG-62-img-3,True,,761857,c80b23bd6dc5d3b286ee96f5b765bcc8,train
/home/drnguyenvinh/notebooks/processed-images/processed_images/4. WSSV_BG/WSSV_BG-64-img-1_nobg.png,/home/drnguyenvinh/notebooks/processed-images/processed_images/4. WSSV_BG/WSSV_BG-64-img-1_nobg.png,4. WSSV_BG/WSSV_BG-64-img-1_nobg.png,WSSV_BG-64-img-1_nobg.png,4. WSSV_BG,4. WSSV_BG,WSSV_BG,WSSV_BG,3,3,WSSV_BG-64,4. WSSV_BG::WSSV_BG-64,parsed,WSSV_BG-64-img-1,True,,928623,978ca25b3a81f2a6b1d31f1deeae204d,train
/home/drnguyenvinh/notebooks/processed-images/processed_images/4. WSSV_BG/WSSV_BG-64-img-2_nobg.png,/home/drnguyenvinh/notebooks/processed-images/processed_images/4. WSSV_BG/WSSV_BG-64-img-2_nobg.png,4. WSSV_BG/WSSV_BG-64-img-2_nobg.png,WSSV_BG-64-img-2_nobg.png,4. WSSV_BG,4. WSSV_BG,WSSV_BG,WSSV_BG,3,3,WSSV_BG-64,4. WSSV_BG::WSSV_BG-64,parsed,WSSV_BG-64-img-2,True,,908110,af7e4150e95641f7f504a580c3082917,train
/home/drnguyenvinh/notebooks/processed-images/processed_images/4. WSSV_BG/WSSV_BG-64-img-3_nobg.png,/home/drnguyenvinh/notebooks/processed-images/processed_images/4. WSSV_BG/WSSV_BG-64-img-3_nobg.png,4. WSSV_BG/WSSV_BG-64-img-3_nobg.png,WSSV_BG-64-img-3_nobg.png,4. WSSV_BG,4. WSSV_BG,WSSV_BG,WSSV_BG,3,3,WSSV_BG-64,4. WSSV_BG::WSSV_BG-64,parsed,WSSV_BG-64-img-3,True,,1179711,1e624e27b956e8e7e9d4144b01d5d190,train
/home/drnguyenvinh/notebooks/processed-images/processed_images/4. WSSV_BG/WSSV_BG-65-img-1_nobg.png,/home/drnguyenvinh/notebooks/processed-images/processed_images/4. WSSV_BG/WSSV_BG-65-img-1_nobg.png,4. WSSV_BG/WSSV_BG-65-img-1_nobg.png,WSSV_BG-65-img-1_nobg.png,4. WSSV_BG,4. WSSV_BG,WSSV_BG,WSSV_BG,3,3,WSSV_BG-65,4. WSSV_BG::WSSV_BG-65,parsed,WSSV_BG-65-img-1,True,,919030,32ad3723ff984e7a23125cef7c738bae,train
/home/drnguyenvinh/notebooks/processed-images/processed_images/4. WSSV_BG/WSSV_BG-65-img-2_nobg.png,/home/drnguyenvinh/notebooks/processed-images/processed_images/4. WSSV_BG/WSSV_BG-65-img-2_nobg.png,4. WSSV_BG/WSSV_BG-65-img-2_nobg.png,WSSV_BG-65-img-2_nobg.png,4. WSSV_BG,4. WSSV_BG,WSSV_BG,WSSV_BG,3,3,WSSV_BG-65,4. WSSV_BG::WSSV_BG-65,parsed,WSSV_BG-65-img-2,True,,930515,df5965a1a667b32d6f39d6f79007d4bd,train
/home/drnguyenvinh/notebooks/processed-images/processed_images/4. WSSV_BG/WSSV_BG-65-img-3_nobg.png,/home/drnguyenvinh/notebooks/processed-images/processed_images/4. WSSV_BG/WSSV_BG-65-img-3_nobg.png,4. WSSV_BG/WSSV_BG-65-img-3_nobg.png,WSSV_BG-65-img-3_nobg.png,4. WSSV_BG,4. WSSV_BG,WSSV_BG,WSSV_BG,3,3,WSSV_BG-65,4. WSSV_BG::WSSV_BG-65,parsed,WSSV_BG-65-img-3,True,,1089916,158d50ac721b113f144cb162faa2ddc7,train
/home/drnguyenvinh/notebooks/processed-images/processed_images/4. WSSV_BG/WSSV_BG-68-img-1_nobg.png,/home/drnguyenvinh/notebooks/processed-images/processed_images/4. WSSV_BG/WSSV_BG-68-img-1_nobg.png,4. WSSV_BG/WSSV_BG-68-img-1_nobg.png,WSSV_BG-68-img-1_nobg.png,4. WSSV_BG,4. WSSV_BG,WSSV_BG,WSSV_BG,3,3,WSSV_BG-68,4. WSSV_BG::WSSV_BG-68,parsed,WSSV_BG-68-img-1,True,,1025994,2ec9fca88392b55fd2097af92035d401,train
/home/drnguyenvinh/notebooks/processed-images/processed_images/4. WSSV_BG/WSSV_BG-68-img-2_nobg.png,/home/drnguyenvinh/notebooks/processed-images/processed_images/4. WSSV_BG/WSSV_BG-68-img-2_nobg.png,4. WSSV_BG/WSSV_BG-68-img-2_nobg.png,WSSV_BG-68-img-2_nobg.png,4. WSSV_BG,4. WSSV_BG,WSSV_BG,WSSV_BG,3,3,WSSV_BG-68,4. WSSV_BG::WSSV_BG-68,parsed,WSSV_BG-68-img-2,True,,1016824,68bc401edbe095f6aafa597585ca5ff9,train
/home/drnguyenvinh/notebooks/processed-images/processed_images/4. WSSV_BG/WSSV_BG-68-img-3_nobg.png,/home/drnguyenvinh/notebooks/processed-images/processed_images/4. WSSV_BG/WSSV_BG-68-img-3_nobg.png,4. WSSV_BG/WSSV_BG-68-img-3_nobg.png,WSSV_BG-68-img-3_nobg.png,4. WSSV_BG,4. WSSV_BG,WSSV_BG,WSSV_BG,3,3,WSSV_BG-68,4. WSSV_BG::WSSV_BG-68,parsed,WSSV_BG-68-img-3,True,,1418053,ee17e1d2233d8150e29a934049d40950,train
/home/drnguyenvinh/notebooks/processed-images/processed_images/4. WSSV_BG/WSSV_BG-69-img-1_nobg.png,/home/drnguyenvinh/notebooks/processed-images/processed_images/4. WSSV_BG/WSSV_BG-69-img-1_nobg.png,4. WSSV_BG/WSSV_BG-69-img-1_nobg.png,WSSV_BG-69-img-1_nobg.png,4. WSSV_BG,4. WSSV_BG,WSSV_BG,WSSV_BG,3,3,WSSV_BG-69,4. WSSV_BG::WSSV_BG-69,parsed,WSSV_BG-69-img-1,True,,814098,2256f7af3733296c745ed34fbf0eac19,train
/home/drnguyenvinh/notebooks/processed-images/processed_images/4. WSSV_BG/WSSV_BG-69-img-2_nobg.png,/home/drnguyenvinh/notebooks/processed-images/processed_images/4. WSSV_BG/WSSV_BG-69-img-2_nobg.png,4. WSSV_BG/WSSV_BG-69-img-2_nobg.png,WSSV_BG-69-img-2_nobg.png,4. WSSV_BG,4. WSSV_BG,WSSV_BG,WSSV_BG,3,3,WSSV_BG-69,4. WSSV_BG::WSSV_BG-69,parsed,WSSV_BG-69-img-2,True,,812140,f613de185dffc91d61645175195ef7f0,train
/home/drnguyenvinh/notebooks/processed-images/processed_images/4. WSSV_BG/WSSV_BG-69-img-3_nobg.png,/home/drnguyenvinh/notebooks/processed-images/processed_images/4. WSSV_BG/WSSV_BG-69-img-3_nobg.png,4. WSSV_BG/WSSV_BG-69-img-3_nobg.png,WSSV_BG-69-img-3_nobg.png,4. WSSV_BG,4. WSSV_BG,WSSV_BG,WSSV_BG,3,3,WSSV_BG-69,4. WSSV_BG::WSSV_BG-69,parsed,WSSV_BG-69-img-3,True,,931448,de266ea0cc71d04c961dfd038b7d8681,train
/home/drnguyenvinh/notebooks/processed-images/processed_images/4. WSSV_BG/WSSV_BG-7-img-1_nobg.png,/home/drnguyenvinh/notebooks/processed-images/processed_images/4. WSSV_BG/WSSV_BG-7-img-1_nobg.png,4. WSSV_BG/WSSV_BG-7-img-1_nobg.png,WSSV_BG-7-img-1_nobg.png,4. WSSV_BG,4. WSSV_BG,WSSV_BG,WSSV_BG,3,3,WSSV_BG-7,4. WSSV_BG::WSSV_BG-7,parsed,WSSV_BG-7-img-1,True,,1499659,ce9d0fac9476ce36e6e4dc9ae2953f1b,train
/home/drnguyenvinh/notebooks/processed-images/processed_images/4. WSSV_BG/WSSV_BG-7-img-2_nobg.png,/home/drnguyenvinh/notebooks/processed-images/processed_images/4. WSSV_BG/WSSV_BG-7-img-2_nobg.png,4. WSSV_BG/WSSV_BG-7-img-2_nobg.png,WSSV_BG-7-img-2_nobg.png,4. WSSV_BG,4. WSSV_BG,WSSV_BG,WSSV_BG,3,3,WSSV_BG-7,4. WSSV_BG::WSSV_BG-7,parsed,WSSV_BG-7-img-2,True,,1634243,06e601cb242032195947e4f0857451b8,train
/home/drnguyenvinh/notebooks/processed-images/processed_images/4. WSSV_BG/WSSV_BG-7-img-3_nobg.png,/home/drnguyenvinh/notebooks/processed-images/processed_images/4. WSSV_BG/WSSV_BG-7-img-3_nobg.png,4. WSSV_BG/WSSV_BG-7-img-3_nobg.png,WSSV_BG-7-img-3_nobg.png,4. WSSV_BG,4. WSSV_BG,WSSV_BG,WSSV_BG,3,3,WSSV_BG-7,4. WSSV_BG::WSSV_BG-7,parsed,WSSV_BG-7-img-3,True,,1283849,c9a71b6c33cbcd34e55a8d14e7d9156f,train
/home/drnguyenvinh/notebooks/processed-images/processed_images/4. WSSV_BG/WSSV_BG-70-img-1_nobg.png,/home/drnguyenvinh/notebooks/processed-images/processed_images/4. WSSV_BG/WSSV_BG-70-img-1_nobg.png,4. WSSV_BG/WSSV_BG-70-img-1_nobg.png,WSSV_BG-70-img-1_nobg.png,4. WSSV_BG,4. WSSV_BG,WSSV_BG,WSSV_BG,3,3,WSSV_BG-70,4. WSSV_BG::WSSV_BG-70,parsed,WSSV_BG-70-img-1,True,,1111123,900f5b1696e1b0b583272f57318c487c,train
/home/drnguyenvinh/notebooks/processed-images/processed_images/4. WSSV_BG/WSSV_BG-70-img-2_nobg.png,/home/drnguyenvinh/notebooks/processed-images/processed_images/4. WSSV_BG/WSSV_BG-70-img-2_nobg.png,4. WSSV_BG/WSSV_BG-70-img-2_nobg.png,WSSV_BG-70-img-2_nobg.png,4. WSSV_BG,4. WSSV_BG,WSSV_BG,WSSV_BG,3,3,WSSV_BG-70,4. WSSV_BG::WSSV_BG-70,parsed,WSSV_BG-70-img-2,True,,1091533,61f346552616c39bde440c1d3ce8c239,train
/home/drnguyenvinh/notebooks/processed-images/processed_images/4. WSSV_BG/WSSV_BG-70-img-3_nobg.png,/home/drnguyenvinh/notebooks/processed-images/processed_images/4. WSSV_BG/WSSV_BG-70-img-3_nobg.png,4. WSSV_BG/WSSV_BG-70-img-3_nobg.png,WSSV_BG-70-img-3_nobg.png,4. WSSV_BG,4. WSSV_BG,WSSV_BG,WSSV_BG,3,3,WSSV_BG-70,4. WSSV_BG::WSSV_BG-70,parsed,WSSV_BG-70-img-3,True,,685313,f91d66d242d18de73082402811e09477,train
/home/drnguyenvinh/notebooks/processed-images/processed_images/4. WSSV_BG/WSSV_BG-71-img-1_nobg.png,/home/drnguyenvinh/notebooks/processed-images/processed_images/4. WSSV_BG/WSSV_BG-71-img-1_nobg.png,4. WSSV_BG/WSSV_BG-71-img-1_nobg.png,WSSV_BG-71-img-1_nobg.png,4. WSSV_BG,4. WSSV_BG,WSSV_BG,WSSV_BG,3,3,WSSV_BG-71,4. WSSV_BG::WSSV_BG-71,parsed,WSSV_BG-71-img-1,True,,807922,79e6f7155bf36fd0f13681dfd1c37286,train
/home/drnguyenvinh/notebooks/processed-images/processed_images/4. WSSV_BG/WSSV_BG-71-img-2_nobg.png,/home/drnguyenvinh/notebooks/processed-images/processed_images/4. WSSV_BG/WSSV_BG-71-img-2_nobg.png,4. WSSV_BG/WSSV_BG-71-img-2_nobg.png,WSSV_BG-71-img-2_nobg.png,4. WSSV_BG,4. WSSV_BG,WSSV_BG,WSSV_BG,3,3,WSSV_BG-71,4. WSSV_BG::WSSV_BG-71,parsed,WSSV_BG-71-img-2,True,,834228,7deffe47b41530020c498d4bca7dec24,train
/home/drnguyenvinh/notebooks/processed-images/processed_images/4. WSSV_BG/WSSV_BG-71-img-3_nobg.png,/home/drnguyenvinh/notebooks/processed-images/processed_images/4. WSSV_BG/WSSV_BG-71-img-3_nobg.png,4. WSSV_BG/WSSV_BG-71-img-3_nobg.png,WSSV_BG-71-img-3_nobg.png,4. WSSV_BG,4. WSSV_BG,WSSV_BG,WSSV_BG,3,3,WSSV_BG-71,4. WSSV_BG::WSSV_BG-71,parsed,WSSV_BG-71-img-3,True,,833044,d4de98e1a12af124ef9d8939d8080d34,train
/home/drnguyenvinh/notebooks/processed-images/processed_images/4. WSSV_BG/WSSV_BG-72-img-1_nobg.png,/home/drnguyenvinh/notebooks/processed-images/processed_images/4. WSSV_BG/WSSV_BG-72-img-1_nobg.png,4. WSSV_BG/WSSV_BG-72-img-1_nobg.png,WSSV_BG-72-img-1_nobg.png,4. WSSV_BG,4. WSSV_BG,WSSV_BG,WSSV_BG,3,3,WSSV_BG-72,4. WSSV_BG::WSSV_BG-72,parsed,WSSV_BG-72-img-1,True,,940210,b85c10c7b877740fcc1d9c2044b226df,train
/home/drnguyenvinh/notebooks/processed-images/processed_images/4. WSSV_BG/WSSV_BG-72-img-2_nobg.png,/home/drnguyenvinh/notebooks/processed-images/processed_images/4. WSSV_BG/WSSV_BG-72-img-2_nobg.png,4. WSSV_BG/WSSV_BG-72-img-2_nobg.png,WSSV_BG-72-img-2_nobg.png,4. WSSV_BG,4. WSSV_BG,WSSV_BG,WSSV_BG,3,3,WSSV_BG-72,4. WSSV_BG::WSSV_BG-72,parsed,WSSV_BG-72-img-2,True,,871454,8b665b06eacd78cb3e64da8945dff5ea,train
/home/drnguyenvinh/notebooks/processed-images/processed_images/4. WSSV_BG/WSSV_BG-72-img-3_nobg.png,/home/drnguyenvinh/notebooks/processed-images/processed_images/4. WSSV_BG/WSSV_BG-72-img-3_nobg.png,4. WSSV_BG/WSSV_BG-72-img-3_nobg.png,WSSV_BG-72-img-3_nobg.png,4. WSSV_BG,4. WSSV_BG,WSSV_BG,WSSV_BG,3,3,WSSV_BG-72,4. WSSV_BG::WSSV_BG-72,parsed,WSSV_BG-72-img-3,True,,963775,aabf86b5d4e2676596747d47ad60f128,train
/home/drnguyenvinh/notebooks/processed-images/processed_images/4. WSSV_BG/WSSV_BG-73-img-1_nobg.png,/home/drnguyenvinh/notebooks/processed-images/processed_images/4. WSSV_BG/WSSV_BG-73-img-1_nobg.png,4. WSSV_BG/WSSV_BG-73-img-1_nobg.png,WSSV_BG-73-img-1_nobg.png,4. WSSV_BG,4. WSSV_BG,WSSV_BG,WSSV_BG,3,3,WSSV_BG-73,4. WSSV_BG::WSSV_BG-73,parsed,WSSV_BG-73-img-1,True,,898971,26f5301d5599891af4e61a95c4cd3e76,train
/home/drnguyenvinh/notebooks/processed-images/processed_images/4. WSSV_BG/WSSV_BG-74-img-1_nobg.png,/home/drnguyenvinh/notebooks/processed-images/processed_images/4. WSSV_BG/WSSV_BG-74-img-1_nobg.png,4. WSSV_BG/WSSV_BG-74-img-1_nobg.png,WSSV_BG-74-img-1_nobg.png,4. WSSV_BG,4. WSSV_BG,WSSV_BG,WSSV_BG,3,3,WSSV_BG-74,4. WSSV_BG::WSSV_BG-74,parsed,WSSV_BG-74-img-1,True,,853056,3889eecf6e27cb0e23d4e79f219c85e3,train
/home/drnguyenvinh/notebooks/processed-images/processed_images/4. WSSV_BG/WSSV_BG-74-img-2_nobg.png,/home/drnguyenvinh/notebooks/processed-images/processed_images/4. WSSV_BG/WSSV_BG-74-img-2_nobg.png,4. WSSV_BG/WSSV_BG-74-img-2_nobg.png,WSSV_BG-74-img-2_nobg.png,4. WSSV_BG,4. WSSV_BG,WSSV_BG,WSSV_BG,3,3,WSSV_BG-74,4. WSSV_BG::WSSV_BG-74,parsed,WSSV_BG-74-img-2,True,,843915,9f80900a05361a3c13f331b38c28628a,train
/home/drnguyenvinh/notebooks/processed-images/processed_images/4. WSSV_BG/WSSV_BG-74-img-3_nobg.png,/home/drnguyenvinh/notebooks/processed-images/processed_images/4. WSSV_BG/WSSV_BG-74-img-3_nobg.png,4. WSSV_BG/WSSV_BG-74-img-3_nobg.png,WSSV_BG-74-img-3_nobg.png,4. WSSV_BG,4. WSSV_BG,WSSV_BG,WSSV_BG,3,3,WSSV_BG-74,4. WSSV_BG::WSSV_BG-74,parsed,WSSV_BG-74-img-3,True,,788982,78f0b9f28d4a41a186263dcbf9a0a157,train
/home/drnguyenvinh/notebooks/processed-images/processed_images/4. WSSV_BG/WSSV_BG-76-img-1_nobg.png,/home/drnguyenvinh/notebooks/processed-images/processed_images/4. WSSV_BG/WSSV_BG-76-img-1_nobg.png,4. WSSV_BG/WSSV_BG-76-img-1_nobg.png,WSSV_BG-76-img-1_nobg.png,4. WSSV_BG,4. WSSV_BG,WSSV_BG,WSSV_BG,3,3,WSSV_BG-76,4. WSSV_BG::WSSV_BG-76,parsed,WSSV_BG-76-img-1,True,,1595835,e477a892e6023c6384f8bcc22a715998,train
/home/drnguyenvinh/notebooks/processed-images/processed_images/4. WSSV_BG/WSSV_BG-76-img-2_nobg.png,/home/drnguyenvinh/notebooks/processed-images/processed_images/4. WSSV_BG/WSSV_BG-76-img-2_nobg.png,4. WSSV_BG/WSSV_BG-76-img-2_nobg.png,WSSV_BG-76-img-2_nobg.png,4. WSSV_BG,4. WSSV_BG,WSSV_BG,WSSV_BG,3,3,WSSV_BG-76,4. WSSV_BG::WSSV_BG-76,parsed,WSSV_BG-76-img-2,True,,1237494,1926921c1aa95ea1848aed1ec88a8875,train
/home/drnguyenvinh/notebooks/processed-images/processed_images/4. WSSV_BG/WSSV_BG-76-img-3_nobg.png,/home/drnguyenvinh/notebooks/processed-images/processed_images/4. WSSV_BG/WSSV_BG-76-img-3_nobg.png,4. WSSV_BG/WSSV_BG-76-img-3_nobg.png,WSSV_BG-76-img-3_nobg.png,4. WSSV_BG,4. WSSV_BG,WSSV_BG,WSSV_BG,3,3,WSSV_BG-76,4. WSSV_BG::WSSV_BG-76,parsed,WSSV_BG-76-img-3,True,,1180335,5064af1a321d08ebf508870f2b952697,train
/home/drnguyenvinh/notebooks/processed-images/processed_images/4. WSSV_BG/WSSV_BG-77-img-1_nobg.png,/home/drnguyenvinh/notebooks/processed-images/processed_images/4. WSSV_BG/WSSV_BG-77-img-1_nobg.png,4. WSSV_BG/WSSV_BG-77-img-1_nobg.png,WSSV_BG-77-img-1_nobg.png,4. WSSV_BG,4. WSSV_BG,WSSV_BG,WSSV_BG,3,3,WSSV_BG-77,4. WSSV_BG::WSSV_BG-77,parsed,WSSV_BG-77-img-1,True,,829516,5720ace0f73695866f4ed43935db59aa,train
/home/drnguyenvinh/notebooks/processed-images/processed_images/4. WSSV_BG/WSSV_BG-77-img-2_nobg.png,/home/drnguyenvinh/notebooks/processed-images/processed_images/4. WSSV_BG/WSSV_BG-77-img-2_nobg.png,4. WSSV_BG/WSSV_BG-77-img-2_nobg.png,WSSV_BG-77-img-2_nobg.png,4. WSSV_BG,4. WSSV_BG,WSSV_BG,WSSV_BG,3,3,WSSV_BG-77,4. WSSV_BG::WSSV_BG-77,parsed,WSSV_BG-77-img-2,True,,831639,ac75274adfb8a0f3314a3d3dcaefc2c3,train
/home/drnguyenvinh/notebooks/processed-images/processed_images/4. WSSV_BG/WSSV_BG-77-img-3_nobg.png,/home/drnguyenvinh/notebooks/processed-images/processed_images/4. WSSV_BG/WSSV_BG-77-img-3_nobg.png,4. WSSV_BG/WSSV_BG-77-img-3_nobg.png,WSSV_BG-77-img-3_nobg.png,4. WSSV_BG,4. WSSV_BG,WSSV_BG,WSSV_BG,3,3,WSSV_BG-77,4. WSSV_BG::WSSV_BG-77,parsed,WSSV_BG-77-img-3,True,,630969,1ec7478c393389590b2b517c6e6c1d73,train
/home/drnguyenvinh/notebooks/processed-images/processed_images/4. WSSV_BG/WSSV_BG-78-img-1_nobg.png,/home/drnguyenvinh/notebooks/processed-images/processed_images/4. WSSV_BG/WSSV_BG-78-img-1_nobg.png,4. WSSV_BG/WSSV_BG-78-img-1_nobg.png,WSSV_BG-78-img-1_nobg.png,4. WSSV_BG,4. WSSV_BG,WSSV_BG,WSSV_BG,3,3,WSSV_BG-78,4. WSSV_BG::WSSV_BG-78,parsed,WSSV_BG-78-img-1,True,,647666,1476d10a70fc770ec7cbf5d437d620a4,train
/home/drnguyenvinh/notebooks/processed-images/processed_images/4. WSSV_BG/WSSV_BG-78-img-2_nobg.png,/home/drnguyenvinh/notebooks/processed-images/processed_images/4. WSSV_BG/WSSV_BG-78-img-2_nobg.png,4. WSSV_BG/WSSV_BG-78-img-2_nobg.png,WSSV_BG-78-img-2_nobg.png,4. WSSV_BG,4. WSSV_BG,WSSV_BG,WSSV_BG,3,3,WSSV_BG-78,4. WSSV_BG::WSSV_BG-78,parsed,WSSV_BG-78-img-2,True,,610106,49bfe8c476282b8f10c24dc181639859,train
/home/drnguyenvinh/notebooks/processed-images/processed_images/4. WSSV_BG/WSSV_BG-78-img-3_nobg.png,/home/drnguyenvinh/notebooks/processed-images/processed_images/4. WSSV_BG/WSSV_BG-78-img-3_nobg.png,4. WSSV_BG/WSSV_BG-78-img-3_nobg.png,WSSV_BG-78-img-3_nobg.png,4. WSSV_BG,4. WSSV_BG,WSSV_BG,WSSV_BG,3,3,WSSV_BG-78,4. WSSV_BG::WSSV_BG-78,parsed,WSSV_BG-78-img-3,True,,616532,f8281bf132d72b15bde415a1550554a3,train
/home/drnguyenvinh/notebooks/processed-images/processed_images/4. WSSV_BG/WSSV_BG-79-img-1_nobg.png,/home/drnguyenvinh/notebooks/processed-images/processed_images/4. WSSV_BG/WSSV_BG-79-img-1_nobg.png,4. WSSV_BG/WSSV_BG-79-img-1_nobg.png,WSSV_BG-79-img-1_nobg.png,4. WSSV_BG,4. WSSV_BG,WSSV_BG,WSSV_BG,3,3,WSSV_BG-79,4. WSSV_BG::WSSV_BG-79,parsed,WSSV_BG-79-img-1,True,,784311,8876994a78ba1501f4636e4d38b37618,train
/home/drnguyenvinh/notebooks/processed-images/processed_images/4. WSSV_BG/WSSV_BG-79-img-2_nobg.png,/home/drnguyenvinh/notebooks/processed-images/processed_images/4. WSSV_BG/WSSV_BG-79-img-2_nobg.png,4. WSSV_BG/WSSV_BG-79-img-2_nobg.png,WSSV_BG-79-img-2_nobg.png,4. WSSV_BG,4. WSSV_BG,WSSV_BG,WSSV_BG,3,3,WSSV_BG-79,4. WSSV_BG::WSSV_BG-79,parsed,WSSV_BG-79-img-2,True,,863818,8be18d25d43005d658190fb98c4debb6,train
/home/drnguyenvinh/notebooks/processed-images/processed_images/4. WSSV_BG/WSSV_BG-79-img-3_nobg.png,/home/drnguyenvinh/notebooks/processed-images/processed_images/4. WSSV_BG/WSSV_BG-79-img-3_nobg.png,4. WSSV_BG/WSSV_BG-79-img-3_nobg.png,WSSV_BG-79-img-3_nobg.png,4. WSSV_BG,4. WSSV_BG,WSSV_BG,WSSV_BG,3,3,WSSV_BG-79,4. WSSV_BG::WSSV_BG-79,parsed,WSSV_BG-79-img-3,True,,641927,e8bdc23cc4ac36a88e4b061e1542e5c2,train
/home/drnguyenvinh/notebooks/processed-images/processed_images/4. WSSV_BG/WSSV_BG-8-img-1_nobg.png,/home/drnguyenvinh/notebooks/processed-images/processed_images/4. WSSV_BG/WSSV_BG-8-img-1_nobg.png,4. WSSV_BG/WSSV_BG-8-img-1_nobg.png,WSSV_BG-8-img-1_nobg.png,4. WSSV_BG,4. WSSV_BG,WSSV_BG,WSSV_BG,3,3,WSSV_BG-8,4. WSSV_BG::WSSV_BG-8,parsed,WSSV_BG-8-img-1,True,,920703,b2d0e29ffe9d34098ab8138eb958ecc9,train
/home/drnguyenvinh/notebooks/processed-images/processed_images/4. WSSV_BG/WSSV_BG-8-img-2_nobg.png,/home/drnguyenvinh/notebooks/processed-images/processed_images/4. WSSV_BG/WSSV_BG-8-img-2_nobg.png,4. WSSV_BG/WSSV_BG-8-img-2_nobg.png,WSSV_BG-8-img-2_nobg.png,4. WSSV_BG,4. WSSV_BG,WSSV_BG,WSSV_BG,3,3,WSSV_BG-8,4. WSSV_BG::WSSV_BG-8,parsed,WSSV_BG-8-img-2,True,,929724,63eda67b7878957122ac2b5f102bd316,train
/home/drnguyenvinh/notebooks/processed-images/processed_images/4. WSSV_BG/WSSV_BG-8-img-3_nobg.png,/home/drnguyenvinh/notebooks/processed-images/processed_images/4. WSSV_BG/WSSV_BG-8-img-3_nobg.png,4. WSSV_BG/WSSV_BG-8-img-3_nobg.png,WSSV_BG-8-img-3_nobg.png,4. WSSV_BG,4. WSSV_BG,WSSV_BG,WSSV_BG,3,3,WSSV_BG-8,4. WSSV_BG::WSSV_BG-8,parsed,WSSV_BG-8-img-3,True,,920371,2fb4c39d8acd0e7f6a2864ea46a35e6a,train
/home/drnguyenvinh/notebooks/processed-images/processed_images/4. WSSV_BG/WSSV_BG-80-img-1_nobg.png,/home/drnguyenvinh/notebooks/processed-images/processed_images/4. WSSV_BG/WSSV_BG-80-img-1_nobg.png,4. WSSV_BG/WSSV_BG-80-img-1_nobg.png,WSSV_BG-80-img-1_nobg.png,4. WSSV_BG,4. WSSV_BG,WSSV_BG,WSSV_BG,3,3,WSSV_BG-80,4. WSSV_BG::WSSV_BG-80,parsed,WSSV_BG-80-img-1,True,,668357,8c947cbb106ad32770edc57f54ac431a,train
/home/drnguyenvinh/notebooks/processed-images/processed_images/4. WSSV_BG/WSSV_BG-80-img-2_nobg.png,/home/drnguyenvinh/notebooks/processed-images/processed_images/4. WSSV_BG/WSSV_BG-80-img-2_nobg.png,4. WSSV_BG/WSSV_BG-80-img-2_nobg.png,WSSV_BG-80-img-2_nobg.png,4. WSSV_BG,4. WSSV_BG,WSSV_BG,WSSV_BG,3,3,WSSV_BG-80,4. WSSV_BG::WSSV_BG-80,parsed,WSSV_BG-80-img-2,True,,667590,8c4669998b44cdcdf141a2c53090b9c4,train
/home/drnguyenvinh/notebooks/processed-images/processed_images/4. WSSV_BG/WSSV_BG-80-img-3_nobg.png,/home/drnguyenvinh/notebooks/processed-images/processed_images/4. WSSV_BG/WSSV_BG-80-img-3_nobg.png,4. WSSV_BG/WSSV_BG-80-img-3_nobg.png,WSSV_BG-80-img-3_nobg.png,4. WSSV_BG,4. WSSV_BG,WSSV_BG,WSSV_BG,3,3,WSSV_BG-80,4. WSSV_BG::WSSV_BG-80,parsed,WSSV_BG-80-img-3,True,,734451,a22e561caf4d7c16fa15b727fd88250d,train
/home/drnguyenvinh/notebooks/processed-images/processed_images/4. WSSV_BG/WSSV_BG-81-img-1_nobg.png,/home/drnguyenvinh/notebooks/processed-images/processed_images/4. WSSV_BG/WSSV_BG-81-img-1_nobg.png,4. WSSV_BG/WSSV_BG-81-img-1_nobg.png,WSSV_BG-81-img-1_nobg.png,4. WSSV_BG,4. WSSV_BG,WSSV_BG,WSSV_BG,3,3,WSSV_BG-81,4. WSSV_BG::WSSV_BG-81,parsed,WSSV_BG-81-img-1,True,,708907,d6cc6af34f2c627b714d33f58fda71ba,train
/home/drnguyenvinh/notebooks/processed-images/processed_images/4. WSSV_BG/WSSV_BG-81-img-2_nobg.png,/home/drnguyenvinh/notebooks/processed-images/processed_images/4. WSSV_BG/WSSV_BG-81-img-2_nobg.png,4. WSSV_BG/WSSV_BG-81-img-2_nobg.png,WSSV_BG-81-img-2_nobg.png,4. WSSV_BG,4. WSSV_BG,WSSV_BG,WSSV_BG,3,3,WSSV_BG-81,4. WSSV_BG::WSSV_BG-81,parsed,WSSV_BG-81-img-2,True,,795131,fb338774fa966d41f9f99f42b4194f8c,train
/home/drnguyenvinh/notebooks/processed-images/processed_images/4. WSSV_BG/WSSV_BG-9-img-1_nobg.png,/home/drnguyenvinh/notebooks/processed-images/processed_images/4. WSSV_BG/WSSV_BG-9-img-1_nobg.png,4. WSSV_BG/WSSV_BG-9-img-1_nobg.png,WSSV_BG-9-img-1_nobg.png,4. WSSV_BG,4. WSSV_BG,WSSV_BG,WSSV_BG,3,3,WSSV_BG-9,4. WSSV_BG::WSSV_BG-9,parsed,WSSV_BG-9-img-1,True,,1466410,78f23051c16bb374962c142157104b38,train
/home/drnguyenvinh/notebooks/processed-images/processed_images/4. WSSV_BG/WSSV_BG-9-img-2_nobg.png,/home/drnguyenvinh/notebooks/processed-images/processed_images/4. WSSV_BG/WSSV_BG-9-img-2_nobg.png,4. WSSV_BG/WSSV_BG-9-img-2_nobg.png,WSSV_BG-9-img-2_nobg.png,4. WSSV_BG,4. WSSV_BG,WSSV_BG,WSSV_BG,3,3,WSSV_BG-9,4. WSSV_BG::WSSV_BG-9,parsed,WSSV_BG-9-img-2,True,,1490853,4d9c3a2ac7b7e70d008c188b47c75e2d,train
/home/drnguyenvinh/notebooks/processed-images/processed_images/4. WSSV_BG/WSSV_BG-9-img-3_nobg.png,/home/drnguyenvinh/notebooks/processed-images/processed_images/4. WSSV_BG/WSSV_BG-9-img-3_nobg.png,4. WSSV_BG/WSSV_BG-9-img-3_nobg.png,WSSV_BG-9-img-3_nobg.png,4. WSSV_BG,4. WSSV_BG,WSSV_BG,WSSV_BG,3,3,WSSV_BG-9,4. WSSV_BG::WSSV_BG-9,parsed,WSSV_BG-9-img-3,True,,1694733,6ecd3abd2793d7d12231a4479e01b6b0,train
/home/drnguyenvinh/notebooks/processed-images/processed_images/1. Healthy/Healthy-117-img-1_nobg.png,/home/drnguyenvinh/notebooks/processed-images/processed_images/1. Healthy/Healthy-117-img-1_nobg.png,1. Healthy/Healthy-117-img-1_nobg.png,Healthy-117-img-1_nobg.png,1. Healthy,1. Healthy,Healthy,Healthy,0,0,Healthy-117,1. Healthy::Healthy-117,parsed,Healthy-117-img-1,True,,1276274,6cf9667df350ee429e5f7c3739f03d4d,val
/home/drnguyenvinh/notebooks/processed-images/processed_images/1. Healthy/Healthy-117-img-2_nobg.png,/home/drnguyenvinh/notebooks/processed-images/processed_images/1. Healthy/Healthy-117-img-2_nobg.png,1. Healthy/Healthy-117-img-2_nobg.png,Healthy-117-img-2_nobg.png,1. Healthy,1. Healthy,Healthy,Healthy,0,0,Healthy-117,1. Healthy::Healthy-117,parsed,Healthy-117-img-2,True,,1198412,db0de046ba8338e4e57785044cb1a870,val
/home/drnguyenvinh/notebooks/processed-images/processed_images/1. Healthy/Healthy-117-img-3_nobg.png,/home/drnguyenvinh/notebooks/processed-images/processed_images/1. Healthy/Healthy-117-img-3_nobg.png,1. Healthy/Healthy-117-img-3_nobg.png,Healthy-117-img-3_nobg.png,1. Healthy,1. Healthy,Healthy,Healthy,0,0,Healthy-117,1. Healthy::Healthy-117,parsed,Healthy-117-img-3,True,,1212303,5109f7fc6846cf6632343a00abceebcf,val
/home/drnguyenvinh/notebooks/processed-images/processed_images/1. Healthy/Healthy-118-img-1_nobg.png,/home/drnguyenvinh/notebooks/processed-images/processed_images/1. Healthy/Healthy-118-img-1_nobg.png,1. Healthy/Healthy-118-img-1_nobg.png,Healthy-118-img-1_nobg.png,1. Healthy,1. Healthy,Healthy,Healthy,0,0,Healthy-118,1. Healthy::Healthy-118,parsed,Healthy-118-img-1,True,,952459,5009aa902cf12d9da52623286584e110,val
/home/drnguyenvinh/notebooks/processed-images/processed_images/1. Healthy/Healthy-118-img-2_nobg.png,/home/drnguyenvinh/notebooks/processed-images/processed_images/1. Healthy/Healthy-118-img-2_nobg.png,1. Healthy/Healthy-118-img-2_nobg.png,Healthy-118-img-2_nobg.png,1. Healthy,1. Healthy,Healthy,Healthy,0,0,Healthy-118,1. Healthy::Healthy-118,parsed,Healthy-118-img-2,True,,895852,2e9f70e295dd5029dbf2479895c4ec3d,val
/home/drnguyenvinh/notebooks/processed-images/processed_images/1. Healthy/Healthy-118-img-3_nobg.png,/home/drnguyenvinh/notebooks/processed-images/processed_images/1. Healthy/Healthy-118-img-3_nobg.png,1. Healthy/Healthy-118-img-3_nobg.png,Healthy-118-img-3_nobg.png,1. Healthy,1. Healthy,Healthy,Healthy,0,0,Healthy-118,1. Healthy::Healthy-118,parsed,Healthy-118-img-3,True,,772497,f5c87489bca14608318f1361ae4fd45f,val
/home/drnguyenvinh/notebooks/processed-images/processed_images/1. Healthy/Healthy-125-img-1_nobg.png,/home/drnguyenvinh/notebooks/processed-images/processed_images/1. Healthy/Healthy-125-img-1_nobg.png,1. Healthy/Healthy-125-img-1_nobg.png,Healthy-125-img-1_nobg.png,1. Healthy,1. Healthy,Healthy,Healthy,0,0,Healthy-125,1. Healthy::Healthy-125,parsed,Healthy-125-img-1,True,,1372481,4015c7f128eb73a6a4b6068872d69feb,val
/home/drnguyenvinh/notebooks/processed-images/processed_images/1. Healthy/Healthy-125-img-2_nobg.png,/home/drnguyenvinh/notebooks/processed-images/processed_images/1. Healthy/Healthy-125-img-2_nobg.png,1. Healthy/Healthy-125-img-2_nobg.png,Healthy-125-img-2_nobg.png,1. Healthy,1. Healthy,Healthy,Healthy,0,0,Healthy-125,1. Healthy::Healthy-125,parsed,Healthy-125-img-2,True,,1294220,6f124bcbd6fac1806a3b2632162bb717,val
/home/drnguyenvinh/notebooks/processed-images/processed_images/1. Healthy/Healthy-125-img-3_nobg.png,/home/drnguyenvinh/notebooks/processed-images/processed_images/1. Healthy/Healthy-125-img-3_nobg.png,1. Healthy/Healthy-125-img-3_nobg.png,Healthy-125-img-3_nobg.png,1. Healthy,1. Healthy,Healthy,Healthy,0,0,Healthy-125,1. Healthy::Healthy-125,parsed,Healthy-125-img-3,True,,1541096,0031fe8b96294cb504d359abfd125289,val
/home/drnguyenvinh/notebooks/processed-images/processed_images/1. Healthy/Healthy-142-img-1_nobg.png,/home/drnguyenvinh/notebooks/processed-images/processed_images/1. Healthy/Healthy-142-img-1_nobg.png,1. Healthy/Healthy-142-img-1_nobg.png,Healthy-142-img-1_nobg.png,1. Healthy,1. Healthy,Healthy,Healthy,0,0,Healthy-142,1. Healthy::Healthy-142,parsed,Healthy-142-img-1,True,,1692675,73b04d965af23344a662b539777e25df,val
/home/drnguyenvinh/notebooks/processed-images/processed_images/1. Healthy/Healthy-142-img-2_nobg.png,/home/drnguyenvinh/notebooks/processed-images/processed_images/1. Healthy/Healthy-142-img-2_nobg.png,1. Healthy/Healthy-142-img-2_nobg.png,Healthy-142-img-2_nobg.png,1. Healthy,1. Healthy,Healthy,Healthy,0,0,Healthy-142,1. Healthy::Healthy-142,parsed,Healthy-142-img-2,True,,1886095,77fe43c86d2bc4b162e31d7e388660b4,val
/home/drnguyenvinh/notebooks/processed-images/processed_images/1. Healthy/Healthy-142-img-3_nobg.png,/home/drnguyenvinh/notebooks/processed-images/processed_images/1. Healthy/Healthy-142-img-3_nobg.png,1. Healthy/Healthy-142-img-3_nobg.png,Healthy-142-img-3_nobg.png,1. Healthy,1. Healthy,Healthy,Healthy,0,0,Healthy-142,1. Healthy::Healthy-142,parsed,Healthy-142-img-3,True,,1765043,7aef3dfb06eecceb2b57fc094b769604,val
/home/drnguyenvinh/notebooks/processed-images/processed_images/1. Healthy/Healthy-16-img-1_nobg.png,/home/drnguyenvinh/notebooks/processed-images/processed_images/1. Healthy/Healthy-16-img-1_nobg.png,1. Healthy/Healthy-16-img-1_nobg.png,Healthy-16-img-1_nobg.png,1. Healthy,1. Healthy,Healthy,Healthy,0,0,Healthy-16,1. Healthy::Healthy-16,parsed,Healthy-16-img-1,True,,1013163,8635f3882bdb3ca95879e4e1936d8376,val
/home/drnguyenvinh/notebooks/processed-images/processed_images/1. Healthy/Healthy-16-img-2_nobg.png,/home/drnguyenvinh/notebooks/processed-images/processed_images/1. Healthy/Healthy-16-img-2_nobg.png,1. Healthy/Healthy-16-img-2_nobg.png,Healthy-16-img-2_nobg.png,1. Healthy,1. Healthy,Healthy,Healthy,0,0,Healthy-16,1. Healthy::Healthy-16,parsed,Healthy-16-img-2,True,,1030303,676d5b438ba9e3650bc03eb99a035c77,val
/home/drnguyenvinh/notebooks/processed-images/processed_images/1. Healthy/Healthy-16-img-3_nobg.png,/home/drnguyenvinh/notebooks/processed-images/processed_images/1. Healthy/Healthy-16-img-3_nobg.png,1. Healthy/Healthy-16-img-3_nobg.png,Healthy-16-img-3_nobg.png,1. Healthy,1. Healthy,Healthy,Healthy,0,0,Healthy-16,1. Healthy::Healthy-16,parsed,Healthy-16-img-3,True,,993917,557ba68a3a0d5c16273dab63a45f21db,val
/home/drnguyenvinh/notebooks/processed-images/processed_images/1. Healthy/Healthy-18-img-1_nobg.png,/home/drnguyenvinh/notebooks/processed-images/processed_images/1. Healthy/Healthy-18-img-1_nobg.png,1. Healthy/Healthy-18-img-1_nobg.png,Healthy-18-img-1_nobg.png,1. Healthy,1. Healthy,Healthy,Healthy,0,0,Healthy-18,1. Healthy::Healthy-18,parsed,Healthy-18-img-1,True,,1028179,603cbc3f73f10d351ff4790945a8d7a0,val
/home/drnguyenvinh/notebooks/processed-images/processed_images/1. Healthy/Healthy-18-img-2_nobg.png,/home/drnguyenvinh/notebooks/processed-images/processed_images/1. Healthy/Healthy-18-img-2_nobg.png,1. Healthy/Healthy-18-img-2_nobg.png,Healthy-18-img-2_nobg.png,1. Healthy,1. Healthy,Healthy,Healthy,0,0,Healthy-18,1. Healthy::Healthy-18,parsed,Healthy-18-img-2,True,,1079577,552db2df85451820da20cf9a27d21e5c,val
/home/drnguyenvinh/notebooks/processed-images/processed_images/1. Healthy/Healthy-18-img-3_nobg.png,/home/drnguyenvinh/notebooks/processed-images/processed_images/1. Healthy/Healthy-18-img-3_nobg.png,1. Healthy/Healthy-18-img-3_nobg.png,Healthy-18-img-3_nobg.png,1. Healthy,1. Healthy,Healthy,Healthy,0,0,Healthy-18,1. Healthy::Healthy-18,parsed,Healthy-18-img-3,True,,1097315,7d692ad2519e00df3df403715e514ba6,val
/home/drnguyenvinh/notebooks/processed-images/processed_images/1. Healthy/Healthy-23-img-1_nobg.png,/home/drnguyenvinh/notebooks/processed-images/processed_images/1. Healthy/Healthy-23-img-1_nobg.png,1. Healthy/Healthy-23-img-1_nobg.png,Healthy-23-img-1_nobg.png,1. Healthy,1. Healthy,Healthy,Healthy,0,0,Healthy-23,1. Healthy::Healthy-23,parsed,Healthy-23-img-1,True,,924683,b14a288a2f5f292383b64c169a9747aa,val
/home/drnguyenvinh/notebooks/processed-images/processed_images/1. Healthy/Healthy-24-img-1_nobg.png,/home/drnguyenvinh/notebooks/processed-images/processed_images/1. Healthy/Healthy-24-img-1_nobg.png,1. Healthy/Healthy-24-img-1_nobg.png,Healthy-24-img-1_nobg.png,1. Healthy,1. Healthy,Healthy,Healthy,0,0,Healthy-24,1. Healthy::Healthy-24,parsed,Healthy-24-img-1,True,,1264793,830cc1685306bdf1a3398e81a2406776,val
/home/drnguyenvinh/notebooks/processed-images/processed_images/1. Healthy/Healthy-26-img-1_nobg.png,/home/drnguyenvinh/notebooks/processed-images/processed_images/1. Healthy/Healthy-26-img-1_nobg.png,1. Healthy/Healthy-26-img-1_nobg.png,Healthy-26-img-1_nobg.png,1. Healthy,1. Healthy,Healthy,Healthy,0,0,Healthy-26,1. Healthy::Healthy-26,parsed,Healthy-26-img-1,True,,1042620,44f4a067d5b4fe832f5c08bdb2a507c4,val
/home/drnguyenvinh/notebooks/processed-images/processed_images/1. Healthy/Healthy-26-img-2_nobg.png,/home/drnguyenvinh/notebooks/processed-images/processed_images/1. Healthy/Healthy-26-img-2_nobg.png,1. Healthy/Healthy-26-img-2_nobg.png,Healthy-26-img-2_nobg.png,1. Healthy,1. Healthy,Healthy,Healthy,0,0,Healthy-26,1. Healthy::Healthy-26,parsed,Healthy-26-img-2,True,,997749,74c42ddaa51a0da889cdfbd47df9cc19,val
/home/drnguyenvinh/notebooks/processed-images/processed_images/1. Healthy/Healthy-38-img-1_nobg.png,/home/drnguyenvinh/notebooks/processed-images/processed_images/1. Healthy/Healthy-38-img-1_nobg.png,1. Healthy/Healthy-38-img-1_nobg.png,Healthy-38-img-1_nobg.png,1. Healthy,1. Healthy,Healthy,Healthy,0,0,Healthy-38,1. Healthy::Healthy-38,parsed,Healthy-38-img-1,True,,1438306,ce62abb5a6ccf8edfe3accd937b66e85,val
/home/drnguyenvinh/notebooks/processed-images/processed_images/1. Healthy/Healthy-38-img-2_nobg.png,/home/drnguyenvinh/notebooks/processed-images/processed_images/1. Healthy/Healthy-38-img-2_nobg.png,1. Healthy/Healthy-38-img-2_nobg.png,Healthy-38-img-2_nobg.png,1. Healthy,1. Healthy,Healthy,Healthy,0,0,Healthy-38,1. Healthy::Healthy-38,parsed,Healthy-38-img-2,True,,1232240,6962653656b2174129660e2f051e6348,val
/home/drnguyenvinh/notebooks/processed-images/processed_images/1. Healthy/Healthy-38-img-3_nobg.png,/home/drnguyenvinh/notebooks/processed-images/processed_images/1. Healthy/Healthy-38-img-3_nobg.png,1. Healthy/Healthy-38-img-3_nobg.png,Healthy-38-img-3_nobg.png,1. Healthy,1. Healthy,Healthy,Healthy,0,0,Healthy-38,1. Healthy::Healthy-38,parsed,Healthy-38-img-3,True,,1323800,d3f3ad1bb49ceffa12564f1d2ae384bc,val
/home/drnguyenvinh/notebooks/processed-images/processed_images/1. Healthy/Healthy-39-img-1_nobg.png,/home/drnguyenvinh/notebooks/processed-images/processed_images/1. Healthy/Healthy-39-img-1_nobg.png,1. Healthy/Healthy-39-img-1_nobg.png,Healthy-39-img-1_nobg.png,1. Healthy,1. Healthy,Healthy,Healthy,0,0,Healthy-39,1. Healthy::Healthy-39,parsed,Healthy-39-img-1,True,,940674,caa79093ea0c3294150f3194a1b227b5,val
/home/drnguyenvinh/notebooks/processed-images/processed_images/1. Healthy/Healthy-39-img-2_nobg.png,/home/drnguyenvinh/notebooks/processed-images/processed_images/1. Healthy/Healthy-39-img-2_nobg.png,1. Healthy/Healthy-39-img-2_nobg.png,Healthy-39-img-2_nobg.png,1. Healthy,1. Healthy,Healthy,Healthy,0,0,Healthy-39,1. Healthy::Healthy-39,parsed,Healthy-39-img-2,True,,991251,e685d2137633ca99a231af1f42ed9030,val
/home/drnguyenvinh/notebooks/processed-images/processed_images/1. Healthy/Healthy-39-img-3_nobg.png,/home/drnguyenvinh/notebooks/processed-images/processed_images/1. Healthy/Healthy-39-img-3_nobg.png,1. Healthy/Healthy-39-img-3_nobg.png,Healthy-39-img-3_nobg.png,1. Healthy,1. Healthy,Healthy,Healthy,0,0,Healthy-39,1. Healthy::Healthy-39,parsed,Healthy-39-img-3,True,,986482,95730efbb623d48f4613561e2b57f187,val
/home/drnguyenvinh/notebooks/processed-images/processed_images/1. Healthy/Healthy-53-img-1_nobg.png,/home/drnguyenvinh/notebooks/processed-images/processed_images/1. Healthy/Healthy-53-img-1_nobg.png,1. Healthy/Healthy-53-img-1_nobg.png,Healthy-53-img-1_nobg.png,1. Healthy,1. Healthy,Healthy,Healthy,0,0,Healthy-53,1. Healthy::Healthy-53,parsed,Healthy-53-img-1,True,,1008786,a0e381694fbfe9fc827dd05971dd7c19,val
/home/drnguyenvinh/notebooks/processed-images/processed_images/1. Healthy/Healthy-53-img-2_nobg.png,/home/drnguyenvinh/notebooks/processed-images/processed_images/1. Healthy/Healthy-53-img-2_nobg.png,1. Healthy/Healthy-53-img-2_nobg.png,Healthy-53-img-2_nobg.png,1. Healthy,1. Healthy,Healthy,Healthy,0,0,Healthy-53,1. Healthy::Healthy-53,parsed,Healthy-53-img-2,True,,853145,9353512ad94fd1dce07863bd35b5a2fc,val
/home/drnguyenvinh/notebooks/processed-images/processed_images/1. Healthy/Healthy-64-img-1_nobg.png,/home/drnguyenvinh/notebooks/processed-images/processed_images/1. Healthy/Healthy-64-img-1_nobg.png,1. Healthy/Healthy-64-img-1_nobg.png,Healthy-64-img-1_nobg.png,1. Healthy,1. Healthy,Healthy,Healthy,0,0,Healthy-64,1. Healthy::Healthy-64,parsed,Healthy-64-img-1,True,,1065267,c7ae58f8f08308dedc049c5bee2324bf,val
/home/drnguyenvinh/notebooks/processed-images/processed_images/1. Healthy/Healthy-64-img-2_nobg.png,/home/drnguyenvinh/notebooks/processed-images/processed_images/1. Healthy/Healthy-64-img-2_nobg.png,1. Healthy/Healthy-64-img-2_nobg.png,Healthy-64-img-2_nobg.png,1. Healthy,1. Healthy,Healthy,Healthy,0,0,Healthy-64,1. Healthy::Healthy-64,parsed,Healthy-64-img-2,True,,1004937,08eb186aa64c413e3e117044897806b7,val
/home/drnguyenvinh/notebooks/processed-images/processed_images/1. Healthy/Healthy-64-img-3_nobg.png,/home/drnguyenvinh/notebooks/processed-images/processed_images/1. Healthy/Healthy-64-img-3_nobg.png,1. Healthy/Healthy-64-img-3_nobg.png,Healthy-64-img-3_nobg.png,1. Healthy,1. Healthy,Healthy,Healthy,0,0,Healthy-64,1. Healthy::Healthy-64,parsed,Healthy-64-img-3,True,,1348675,549e55abdc0e1768d9d5605ed5a4aed5,val
/home/drnguyenvinh/notebooks/processed-images/processed_images/1. Healthy/Healthy-68-img-1_nobg.png,/home/drnguyenvinh/notebooks/processed-images/processed_images/1. Healthy/Healthy-68-img-1_nobg.png,1. Healthy/Healthy-68-img-1_nobg.png,Healthy-68-img-1_nobg.png,1. Healthy,1. Healthy,Healthy,Healthy,0,0,Healthy-68,1. Healthy::Healthy-68,parsed,Healthy-68-img-1,True,,1029959,ee557f7e3d2c1232ee7f1fc73fd49e23,val
/home/drnguyenvinh/notebooks/processed-images/processed_images/1. Healthy/Healthy-68-img-2_nobg.png,/home/drnguyenvinh/notebooks/processed-images/processed_images/1. Healthy/Healthy-68-img-2_nobg.png,1. Healthy/Healthy-68-img-2_nobg.png,Healthy-68-img-2_nobg.png,1. Healthy,1. Healthy,Healthy,Healthy,0,0,Healthy-68,1. Healthy::Healthy-68,parsed,Healthy-68-img-2,True,,1106164,53a84ab206a0181bd157d7cb7ce21adb,val
/home/drnguyenvinh/notebooks/processed-images/processed_images/1. Healthy/Healthy-76-img-1_nobg.png,/home/drnguyenvinh/notebooks/processed-images/processed_images/1. Healthy/Healthy-76-img-1_nobg.png,1. Healthy/Healthy-76-img-1_nobg.png,Healthy-76-img-1_nobg.png,1. Healthy,1. Healthy,Healthy,Healthy,0,0,Healthy-76,1. Healthy::Healthy-76,parsed,Healthy-76-img-1,True,,1058875,f38f6b216dd614d6d26de17495cef7c2,val
/home/drnguyenvinh/notebooks/processed-images/processed_images/1. Healthy/Healthy-76-img-2_nobg.png,/home/drnguyenvinh/notebooks/processed-images/processed_images/1. Healthy/Healthy-76-img-2_nobg.png,1. Healthy/Healthy-76-img-2_nobg.png,Healthy-76-img-2_nobg.png,1. Healthy,1. Healthy,Healthy,Healthy,0,0,Healthy-76,1. Healthy::Healthy-76,parsed,Healthy-76-img-2,True,,1164075,4213dd3086958918496671508e629af3,val
/home/drnguyenvinh/notebooks/processed-images/processed_images/1. Healthy/Healthy-76-img-3_nobg.png,/home/drnguyenvinh/notebooks/processed-images/processed_images/1. Healthy/Healthy-76-img-3_nobg.png,1. Healthy/Healthy-76-img-3_nobg.png,Healthy-76-img-3_nobg.png,1. Healthy,1. Healthy,Healthy,Healthy,0,0,Healthy-76,1. Healthy::Healthy-76,parsed,Healthy-76-img-3,True,,1144994,18dd0bc5be8935c2f97e95c9b71c685d,val
/home/drnguyenvinh/notebooks/processed-images/processed_images/1. Healthy/Healthy-8-img-1_nobg.png,/home/drnguyenvinh/notebooks/processed-images/processed_images/1. Healthy/Healthy-8-img-1_nobg.png,1. Healthy/Healthy-8-img-1_nobg.png,Healthy-8-img-1_nobg.png,1. Healthy,1. Healthy,Healthy,Healthy,0,0,Healthy-8,1. Healthy::Healthy-8,parsed,Healthy-8-img-1,True,,783007,02047b3329c96b35bab693c9661a98ca,val
/home/drnguyenvinh/notebooks/processed-images/processed_images/1. Healthy/Healthy-8-img-2_nobg.png,/home/drnguyenvinh/notebooks/processed-images/processed_images/1. Healthy/Healthy-8-img-2_nobg.png,1. Healthy/Healthy-8-img-2_nobg.png,Healthy-8-img-2_nobg.png,1. Healthy,1. Healthy,Healthy,Healthy,0,0,Healthy-8,1. Healthy::Healthy-8,parsed,Healthy-8-img-2,True,,785331,001643d4fb3e9077e0991506c9908b1a,val
/home/drnguyenvinh/notebooks/processed-images/processed_images/1. Healthy/Healthy-8-img-3_nobg.png,/home/drnguyenvinh/notebooks/processed-images/processed_images/1. Healthy/Healthy-8-img-3_nobg.png,1. Healthy/Healthy-8-img-3_nobg.png,Healthy-8-img-3_nobg.png,1. Healthy,1. Healthy,Healthy,Healthy,0,0,Healthy-8,1. Healthy::Healthy-8,parsed,Healthy-8-img-3,True,,809441,185f94f1667bcdcf9e557865f1f13867,val
/home/drnguyenvinh/notebooks/processed-images/processed_images/1. Healthy/Healthy-84-img-1_nobg.png,/home/drnguyenvinh/notebooks/processed-images/processed_images/1. Healthy/Healthy-84-img-1_nobg.png,1. Healthy/Healthy-84-img-1_nobg.png,Healthy-84-img-1_nobg.png,1. Healthy,1. Healthy,Healthy,Healthy,0,0,Healthy-84,1. Healthy::Healthy-84,parsed,Healthy-84-img-1,True,,867238,a5d8841b43f55753410d0be04aa9ac5d,val
/home/drnguyenvinh/notebooks/processed-images/processed_images/1. Healthy/Healthy-84-img-2_nobg.png,/home/drnguyenvinh/notebooks/processed-images/processed_images/1. Healthy/Healthy-84-img-2_nobg.png,1. Healthy/Healthy-84-img-2_nobg.png,Healthy-84-img-2_nobg.png,1. Healthy,1. Healthy,Healthy,Healthy,0,0,Healthy-84,1. Healthy::Healthy-84,parsed,Healthy-84-img-2,True,,945965,f96581e0e1a934449d71cbbaa89f4ae8,val
/home/drnguyenvinh/notebooks/processed-images/processed_images/1. Healthy/Healthy-84-img-3_nobg.png,/home/drnguyenvinh/notebooks/processed-images/processed_images/1. Healthy/Healthy-84-img-3_nobg.png,1. Healthy/Healthy-84-img-3_nobg.png,Healthy-84-img-3_nobg.png,1. Healthy,1. Healthy,Healthy,Healthy,0,0,Healthy-84,1. Healthy::Healthy-84,parsed,Healthy-84-img-3,True,,1135834,4a01b49f9e721d653e5dbd5171aa84eb,val
/home/drnguyenvinh/notebooks/processed-images/processed_images/1. Healthy/Healthy-86-img-1_nobg.png,/home/drnguyenvinh/notebooks/processed-images/processed_images/1. Healthy/Healthy-86-img-1_nobg.png,1. Healthy/Healthy-86-img-1_nobg.png,Healthy-86-img-1_nobg.png,1. Healthy,1. Healthy,Healthy,Healthy,0,0,Healthy-86,1. Healthy::Healthy-86,parsed,Healthy-86-img-1,True,,795299,544bd0c1e60a408755376df9ec1f7b1c,val
/home/drnguyenvinh/notebooks/processed-images/processed_images/1. Healthy/Healthy-86-img-2_nobg.png,/home/drnguyenvinh/notebooks/processed-images/processed_images/1. Healthy/Healthy-86-img-2_nobg.png,1. Healthy/Healthy-86-img-2_nobg.png,Healthy-86-img-2_nobg.png,1. Healthy,1. Healthy,Healthy,Healthy,0,0,Healthy-86,1. Healthy::Healthy-86,parsed,Healthy-86-img-2,True,,874141,a8191b5ccf2da52316942191235709ba,val
/home/drnguyenvinh/notebooks/processed-images/processed_images/1. Healthy/Healthy-86-img-3_nobg.png,/home/drnguyenvinh/notebooks/processed-images/processed_images/1. Healthy/Healthy-86-img-3_nobg.png,1. Healthy/Healthy-86-img-3_nobg.png,Healthy-86-img-3_nobg.png,1. Healthy,1. Healthy,Healthy,Healthy,0,0,Healthy-86,1. Healthy::Healthy-86,parsed,Healthy-86-img-3,True,,704744,ab2e6f110ee3c1a7dc4d997a679914b9,val
/home/drnguyenvinh/notebooks/processed-images/processed_images/1. Healthy/Healthy-88-img-1_nobg.png,/home/drnguyenvinh/notebooks/processed-images/processed_images/1. Healthy/Healthy-88-img-1_nobg.png,1. Healthy/Healthy-88-img-1_nobg.png,Healthy-88-img-1_nobg.png,1. Healthy,1. Healthy,Healthy,Healthy,0,0,Healthy-88,1. Healthy::Healthy-88,parsed,Healthy-88-img-1,True,,964398,0e0c9388979f16c31860010236f2f598,val
/home/drnguyenvinh/notebooks/processed-images/processed_images/1. Healthy/Healthy-88-img-2_nobg.png,/home/drnguyenvinh/notebooks/processed-images/processed_images/1. Healthy/Healthy-88-img-2_nobg.png,1. Healthy/Healthy-88-img-2_nobg.png,Healthy-88-img-2_nobg.png,1. Healthy,1. Healthy,Healthy,Healthy,0,0,Healthy-88,1. Healthy::Healthy-88,parsed,Healthy-88-img-2,True,,972168,301cf901c80fd5574faafef38164a062,val
/home/drnguyenvinh/notebooks/processed-images/processed_images/1. Healthy/Healthy-88-img-3_nobg.png,/home/drnguyenvinh/notebooks/processed-images/processed_images/1. Healthy/Healthy-88-img-3_nobg.png,1. Healthy/Healthy-88-img-3_nobg.png,Healthy-88-img-3_nobg.png,1. Healthy,1. Healthy,Healthy,Healthy,0,0,Healthy-88,1. Healthy::Healthy-88,parsed,Healthy-88-img-3,True,,1174947,963c84350c49bef62ce809b19598c8fc,val
/home/drnguyenvinh/notebooks/processed-images/processed_images/1. Healthy/Healthy-90-img-1_nobg.png,/home/drnguyenvinh/notebooks/processed-images/processed_images/1. Healthy/Healthy-90-img-1_nobg.png,1. Healthy/Healthy-90-img-1_nobg.png,Healthy-90-img-1_nobg.png,1. Healthy,1. Healthy,Healthy,Healthy,0,0,Healthy-90,1. Healthy::Healthy-90,parsed,Healthy-90-img-1,True,,808356,21622f5fb8e08fbc9a0c389660080655,val
/home/drnguyenvinh/notebooks/processed-images/processed_images/1. Healthy/Healthy-90-img-2_nobg.png,/home/drnguyenvinh/notebooks/processed-images/processed_images/1. Healthy/Healthy-90-img-2_nobg.png,1. Healthy/Healthy-90-img-2_nobg.png,Healthy-90-img-2_nobg.png,1. Healthy,1. Healthy,Healthy,Healthy,0,0,Healthy-90,1. Healthy::Healthy-90,parsed,Healthy-90-img-2,True,,768723,ac8eecde1730c053c585ab649d3e4907,val
/home/drnguyenvinh/notebooks/processed-images/processed_images/1. Healthy/Healthy-90-img-3_nobg.png,/home/drnguyenvinh/notebooks/processed-images/processed_images/1. Healthy/Healthy-90-img-3_nobg.png,1. Healthy/Healthy-90-img-3_nobg.png,Healthy-90-img-3_nobg.png,1. Healthy,1. Healthy,Healthy,Healthy,0,0,Healthy-90,1. Healthy::Healthy-90,parsed,Healthy-90-img-3,True,,875882,af6e0ecf7be3f3cd19104a67509adf9c,val
/home/drnguyenvinh/notebooks/processed-images/processed_images/1. Healthy/Healthy-99-img-1_nobg.png,/home/drnguyenvinh/notebooks/processed-images/processed_images/1. Healthy/Healthy-99-img-1_nobg.png,1. Healthy/Healthy-99-img-1_nobg.png,Healthy-99-img-1_nobg.png,1. Healthy,1. Healthy,Healthy,Healthy,0,0,Healthy-99,1. Healthy::Healthy-99,parsed,Healthy-99-img-1,True,,1074067,2eae8a90855bb9503e41fef508bb8c95,val
/home/drnguyenvinh/notebooks/processed-images/processed_images/1. Healthy/Healthy-99-img-2_nobg.png,/home/drnguyenvinh/notebooks/processed-images/processed_images/1. Healthy/Healthy-99-img-2_nobg.png,1. Healthy/Healthy-99-img-2_nobg.png,Healthy-99-img-2_nobg.png,1. Healthy,1. Healthy,Healthy,Healthy,0,0,Healthy-99,1. Healthy::Healthy-99,parsed,Healthy-99-img-2,True,,1047568,bb53d9ee7916f09a82e0ed3334b00313,val
/home/drnguyenvinh/notebooks/processed-images/processed_images/1. Healthy/Healthy-99-img-3_nobg.png,/home/drnguyenvinh/notebooks/processed-images/processed_images/1. Healthy/Healthy-99-img-3_nobg.png,1. Healthy/Healthy-99-img-3_nobg.png,Healthy-99-img-3_nobg.png,1. Healthy,1. Healthy,Healthy,Healthy,0,0,Healthy-99,1. Healthy::Healthy-99,parsed,Healthy-99-img-3,True,,1280163,755760aba63845b2f14defed21a26250,val
/home/drnguyenvinh/notebooks/processed-images/processed_images/2. BG/BG-10-img-1_nobg.png,/home/drnguyenvinh/notebooks/processed-images/processed_images/2. BG/BG-10-img-1_nobg.png,2. BG/BG-10-img-1_nobg.png,BG-10-img-1_nobg.png,2. BG,2. BG,BG,BG,1,1,BG-10,2. BG::BG-10,parsed,BG-10-img-1,True,,1628365,c77df3886bef1853a30bde6246a12dd6,val
/home/drnguyenvinh/notebooks/processed-images/processed_images/2. BG/BG-10-img-2_nobg.png,/home/drnguyenvinh/notebooks/processed-images/processed_images/2. BG/BG-10-img-2_nobg.png,2. BG/BG-10-img-2_nobg.png,BG-10-img-2_nobg.png,2. BG,2. BG,BG,BG,1,1,BG-10,2. BG::BG-10,parsed,BG-10-img-2,True,,1756125,56ae913563c9bcbae0fe3e7a516cc9ba,val
/home/drnguyenvinh/notebooks/processed-images/processed_images/2. BG/BG-10-img-3_nobg.png,/home/drnguyenvinh/notebooks/processed-images/processed_images/2. BG/BG-10-img-3_nobg.png,2. BG/BG-10-img-3_nobg.png,BG-10-img-3_nobg.png,2. BG,2. BG,BG,BG,1,1,BG-10,2. BG::BG-10,parsed,BG-10-img-3,True,,1527283,346c9d02adc1a7d01310adbebd8d2452,val
/home/drnguyenvinh/notebooks/processed-images/processed_images/2. BG/BG-12-img-1_nobg.png,/home/drnguyenvinh/notebooks/processed-images/processed_images/2. BG/BG-12-img-1_nobg.png,2. BG/BG-12-img-1_nobg.png,BG-12-img-1_nobg.png,2. BG,2. BG,BG,BG,1,1,BG-12,2. BG::BG-12,parsed,BG-12-img-1,True,,1045822,8dca879e95307c3dbcb340bf475b5a54,val
/home/drnguyenvinh/notebooks/processed-images/processed_images/2. BG/BG-12-img-2_nobg.png,/home/drnguyenvinh/notebooks/processed-images/processed_images/2. BG/BG-12-img-2_nobg.png,2. BG/BG-12-img-2_nobg.png,BG-12-img-2_nobg.png,2. BG,2. BG,BG,BG,1,1,BG-12,2. BG::BG-12,parsed,BG-12-img-2,True,,1172977,1bc39df2b8f70fc1d0ea28b66d4f2cf2,val
/home/drnguyenvinh/notebooks/processed-images/processed_images/2. BG/BG-12-img-3_nobg.png,/home/drnguyenvinh/notebooks/processed-images/processed_images/2. BG/BG-12-img-3_nobg.png,2. BG/BG-12-img-3_nobg.png,BG-12-img-3_nobg.png,2. BG,2. BG,BG,BG,1,1,BG-12,2. BG::BG-12,parsed,BG-12-img-3,True,,1100297,763b578423a641a6850a0505efd98c95,val
/home/drnguyenvinh/notebooks/processed-images/processed_images/2. BG/BG-20-img-1_nobg.png,/home/drnguyenvinh/notebooks/processed-images/processed_images/2. BG/BG-20-img-1_nobg.png,2. BG/BG-20-img-1_nobg.png,BG-20-img-1_nobg.png,2. BG,2. BG,BG,BG,1,1,BG-20,2. BG::BG-20,parsed,BG-20-img-1,True,,832269,a2a45bc953fa873ca8f1400b110dad56,val
/home/drnguyenvinh/notebooks/processed-images/processed_images/2. BG/BG-20-img-2_nobg.png,/home/drnguyenvinh/notebooks/processed-images/processed_images/2. BG/BG-20-img-2_nobg.png,2. BG/BG-20-img-2_nobg.png,BG-20-img-2_nobg.png,2. BG,2. BG,BG,BG,1,1,BG-20,2. BG::BG-20,parsed,BG-20-img-2,True,,895588,ac3a301108da7aaa9eec8f7cc52e6286,val
/home/drnguyenvinh/notebooks/processed-images/processed_images/2. BG/BG-21-img-1_nobg.png,/home/drnguyenvinh/notebooks/processed-images/processed_images/2. BG/BG-21-img-1_nobg.png,2. BG/BG-21-img-1_nobg.png,BG-21-img-1_nobg.png,2. BG,2. BG,BG,BG,1,1,BG-21,2. BG::BG-21,parsed,BG-21-img-1,True,,2303105,886519dcd512cffc87188a0cd90affa9,val
/home/drnguyenvinh/notebooks/processed-images/processed_images/2. BG/BG-21-img-2_nobg.png,/home/drnguyenvinh/notebooks/processed-images/processed_images/2. BG/BG-21-img-2_nobg.png,2. BG/BG-21-img-2_nobg.png,BG-21-img-2_nobg.png,2. BG,2. BG,BG,BG,1,1,BG-21,2. BG::BG-21,parsed,BG-21-img-2,True,,2088839,d6cfba044ff38314c7cc96dc664992ba,val
/home/drnguyenvinh/notebooks/processed-images/processed_images/2. BG/BG-21-img-3_nobg.png,/home/drnguyenvinh/notebooks/processed-images/processed_images/2. BG/BG-21-img-3_nobg.png,2. BG/BG-21-img-3_nobg.png,BG-21-img-3_nobg.png,2. BG,2. BG,BG,BG,1,1,BG-21,2. BG::BG-21,parsed,BG-21-img-3,True,,1850671,1e5848da42ec05e5f9e9ce5141562cec,val
/home/drnguyenvinh/notebooks/processed-images/processed_images/2. BG/BG-22-img-1_nobg.png,/home/drnguyenvinh/notebooks/processed-images/processed_images/2. BG/BG-22-img-1_nobg.png,2. BG/BG-22-img-1_nobg.png,BG-22-img-1_nobg.png,2. BG,2. BG,BG,BG,1,1,BG-22,2. BG::BG-22,parsed,BG-22-img-1,True,,2365839,2682ae0262701b97abf8cbeb8e3e1a8b,val
/home/drnguyenvinh/notebooks/processed-images/processed_images/2. BG/BG-22-img-2_nobg.png,/home/drnguyenvinh/notebooks/processed-images/processed_images/2. BG/BG-22-img-2_nobg.png,2. BG/BG-22-img-2_nobg.png,BG-22-img-2_nobg.png,2. BG,2. BG,BG,BG,1,1,BG-22,2. BG::BG-22,parsed,BG-22-img-2,True,,2399686,75f3f8d7f481092bde4abfa3b8929ca8,val
/home/drnguyenvinh/notebooks/processed-images/processed_images/2. BG/BG-22-img-3_nobg.png,/home/drnguyenvinh/notebooks/processed-images/processed_images/2. BG/BG-22-img-3_nobg.png,2. BG/BG-22-img-3_nobg.png,BG-22-img-3_nobg.png,2. BG,2. BG,BG,BG,1,1,BG-22,2. BG::BG-22,parsed,BG-22-img-3,True,,2381568,9f078d735d941b917792b938bb3d34f7,val
/home/drnguyenvinh/notebooks/processed-images/processed_images/2. BG/BG-33-img-1_nobg.png,/home/drnguyenvinh/notebooks/processed-images/processed_images/2. BG/BG-33-img-1_nobg.png,2. BG/BG-33-img-1_nobg.png,BG-33-img-1_nobg.png,2. BG,2. BG,BG,BG,1,1,BG-33,2. BG::BG-33,parsed,BG-33-img-1,True,,942671,93b4b67a363c2021eeb5ddc422fecbdb,val
/home/drnguyenvinh/notebooks/processed-images/processed_images/2. BG/BG-34-img-1_nobg.png,/home/drnguyenvinh/notebooks/processed-images/processed_images/2. BG/BG-34-img-1_nobg.png,2. BG/BG-34-img-1_nobg.png,BG-34-img-1_nobg.png,2. BG,2. BG,BG,BG,1,1,BG-34,2. BG::BG-34,parsed,BG-34-img-1,True,,710129,800f0e53d6e6b95c9848b3d6cf2d244d,val
/home/drnguyenvinh/notebooks/processed-images/processed_images/2. BG/BG-34-img-2_nobg.png,/home/drnguyenvinh/notebooks/processed-images/processed_images/2. BG/BG-34-img-2_nobg.png,2. BG/BG-34-img-2_nobg.png,BG-34-img-2_nobg.png,2. BG,2. BG,BG,BG,1,1,BG-34,2. BG::BG-34,parsed,BG-34-img-2,True,,743498,fd3ba5a17720109027a4df99e1418a49,val
/home/drnguyenvinh/notebooks/processed-images/processed_images/2. BG/BG-34-img-3_nobg.png,/home/drnguyenvinh/notebooks/processed-images/processed_images/2. BG/BG-34-img-3_nobg.png,2. BG/BG-34-img-3_nobg.png,BG-34-img-3_nobg.png,2. BG,2. BG,BG,BG,1,1,BG-34,2. BG::BG-34,parsed,BG-34-img-3,True,,769725,cccd128cd0364e7eab987121d68d0362,val
/home/drnguyenvinh/notebooks/processed-images/processed_images/2. BG/BG-47-img-1_nobg.png,/home/drnguyenvinh/notebooks/processed-images/processed_images/2. BG/BG-47-img-1_nobg.png,2. BG/BG-47-img-1_nobg.png,BG-47-img-1_nobg.png,2. BG,2. BG,BG,BG,1,1,BG-47,2. BG::BG-47,parsed,BG-47-img-1,True,,744706,f8456ee2276a31d98a38da907133fdc1,val
/home/drnguyenvinh/notebooks/processed-images/processed_images/2. BG/BG-47-img-2_nobg.png,/home/drnguyenvinh/notebooks/processed-images/processed_images/2. BG/BG-47-img-2_nobg.png,2. BG/BG-47-img-2_nobg.png,BG-47-img-2_nobg.png,2. BG,2. BG,BG,BG,1,1,BG-47,2. BG::BG-47,parsed,BG-47-img-2,True,,917529,96c72db2dc06cbeb935aaab1faa4a7df,val
/home/drnguyenvinh/notebooks/processed-images/processed_images/2. BG/BG-47-img-3_nobg.png,/home/drnguyenvinh/notebooks/processed-images/processed_images/2. BG/BG-47-img-3_nobg.png,2. BG/BG-47-img-3_nobg.png,BG-47-img-3_nobg.png,2. BG,2. BG,BG,BG,1,1,BG-47,2. BG::BG-47,parsed,BG-47-img-3,True,,905105,38777c85f5054ea2f133f4c72f20c5cd,val
/home/drnguyenvinh/notebooks/processed-images/processed_images/2. BG/BG-5-img-1_nobg.png,/home/drnguyenvinh/notebooks/processed-images/processed_images/2. BG/BG-5-img-1_nobg.png,2. BG/BG-5-img-1_nobg.png,BG-5-img-1_nobg.png,2. BG,2. BG,BG,BG,1,1,BG-5,2. BG::BG-5,parsed,BG-5-img-1,True,,1013366,eec5da2a96b8d4d05e998320b6a6afc1,val
/home/drnguyenvinh/notebooks/processed-images/processed_images/2. BG/BG-56-img-1_nobg.png,/home/drnguyenvinh/notebooks/processed-images/processed_images/2. BG/BG-56-img-1_nobg.png,2. BG/BG-56-img-1_nobg.png,BG-56-img-1_nobg.png,2. BG,2. BG,BG,BG,1,1,BG-56,2. BG::BG-56,parsed,BG-56-img-1,True,,864572,59e3db72ed0f49d8c67284234a7a002a,val
/home/drnguyenvinh/notebooks/processed-images/processed_images/2. BG/BG-56-img-2_nobg.png,/home/drnguyenvinh/notebooks/processed-images/processed_images/2. BG/BG-56-img-2_nobg.png,2. BG/BG-56-img-2_nobg.png,BG-56-img-2_nobg.png,2. BG,2. BG,BG,BG,1,1,BG-56,2. BG::BG-56,parsed,BG-56-img-2,True,,1065188,e9e5963510ca5f102d7c1b49e7c78612,val
/home/drnguyenvinh/notebooks/processed-images/processed_images/2. BG/BG-56-img-3_nobg.png,/home/drnguyenvinh/notebooks/processed-images/processed_images/2. BG/BG-56-img-3_nobg.png,2. BG/BG-56-img-3_nobg.png,BG-56-img-3_nobg.png,2. BG,2. BG,BG,BG,1,1,BG-56,2. BG::BG-56,parsed,BG-56-img-3,True,,997329,e2f8905669003fed3c6b148abae07523,val
/home/drnguyenvinh/notebooks/processed-images/processed_images/2. BG/BG-66-img-1_nobg.png,/home/drnguyenvinh/notebooks/processed-images/processed_images/2. BG/BG-66-img-1_nobg.png,2. BG/BG-66-img-1_nobg.png,BG-66-img-1_nobg.png,2. BG,2. BG,BG,BG,1,1,BG-66,2. BG::BG-66,parsed,BG-66-img-1,True,,843696,93fc8e5c07c7be22506832a1c9ced7d8,val
/home/drnguyenvinh/notebooks/processed-images/processed_images/2. BG/BG-66-img-2_nobg.png,/home/drnguyenvinh/notebooks/processed-images/processed_images/2. BG/BG-66-img-2_nobg.png,2. BG/BG-66-img-2_nobg.png,BG-66-img-2_nobg.png,2. BG,2. BG,BG,BG,1,1,BG-66,2. BG::BG-66,parsed,BG-66-img-2,True,,793398,b26004bdf38e96f05ae0b119fb1f58fe,val
/home/drnguyenvinh/notebooks/processed-images/processed_images/2. BG/BG-66-img-3_nobg.png,/home/drnguyenvinh/notebooks/processed-images/processed_images/2. BG/BG-66-img-3_nobg.png,2. BG/BG-66-img-3_nobg.png,BG-66-img-3_nobg.png,2. BG,2. BG,BG,BG,1,1,BG-66,2. BG::BG-66,parsed,BG-66-img-3,True,,936058,be3986d14113c4e7bd260bb8c5090395,val
/home/drnguyenvinh/notebooks/processed-images/processed_images/2. BG/BG-74-img-1_nobg.png,/home/drnguyenvinh/notebooks/processed-images/processed_images/2. BG/BG-74-img-1_nobg.png,2. BG/BG-74-img-1_nobg.png,BG-74-img-1_nobg.png,2. BG,2. BG,BG,BG,1,1,BG-74,2. BG::BG-74,parsed,BG-74-img-1,True,,1000548,09473d62e4707e49523b4ad8beebec77,val
/home/drnguyenvinh/notebooks/processed-images/processed_images/2. BG/BG-74-img-2_nobg.png,/home/drnguyenvinh/notebooks/processed-images/processed_images/2. BG/BG-74-img-2_nobg.png,2. BG/BG-74-img-2_nobg.png,BG-74-img-2_nobg.png,2. BG,2. BG,BG,BG,1,1,BG-74,2. BG::BG-74,parsed,BG-74-img-2,True,,1168101,bf78a2576b0ff6ba02340e49e33a4275,val
/home/drnguyenvinh/notebooks/processed-images/processed_images/2. BG/BG-74-img-3_nobg.png,/home/drnguyenvinh/notebooks/processed-images/processed_images/2. BG/BG-74-img-3_nobg.png,2. BG/BG-74-img-3_nobg.png,BG-74-img-3_nobg.png,2. BG,2. BG,BG,BG,1,1,BG-74,2. BG::BG-74,parsed,BG-74-img-3,True,,1071445,cd576cc880a096ef75408748c8b7d70e,val
/home/drnguyenvinh/notebooks/processed-images/processed_images/3. WSSV/WSSV-10-img-1_nobg.png,/home/drnguyenvinh/notebooks/processed-images/processed_images/3. WSSV/WSSV-10-img-1_nobg.png,3. WSSV/WSSV-10-img-1_nobg.png,WSSV-10-img-1_nobg.png,3. WSSV,3. WSSV,WSSV,WSSV,2,2,WSSV-10,3. WSSV::WSSV-10,parsed,WSSV-10-img-1,True,,1054097,1375f3129534a4cc76f7b81302359f49,val
/home/drnguyenvinh/notebooks/processed-images/processed_images/3. WSSV/WSSV-10-img-2_nobg.png,/home/drnguyenvinh/notebooks/processed-images/processed_images/3. WSSV/WSSV-10-img-2_nobg.png,3. WSSV/WSSV-10-img-2_nobg.png,WSSV-10-img-2_nobg.png,3. WSSV,3. WSSV,WSSV,WSSV,2,2,WSSV-10,3. WSSV::WSSV-10,parsed,WSSV-10-img-2,True,,1376705,2ad85df858b0f587f084a6c1b28b8f8c,val
/home/drnguyenvinh/notebooks/processed-images/processed_images/3. WSSV/WSSV-10-img-3_nobg.png,/home/drnguyenvinh/notebooks/processed-images/processed_images/3. WSSV/WSSV-10-img-3_nobg.png,3. WSSV/WSSV-10-img-3_nobg.png,WSSV-10-img-3_nobg.png,3. WSSV,3. WSSV,WSSV,WSSV,2,2,WSSV-10,3. WSSV::WSSV-10,parsed,WSSV-10-img-3,True,,1282923,65cf6a10572e38b5549e3e38f8fddc8f,val
/home/drnguyenvinh/notebooks/processed-images/processed_images/3. WSSV/WSSV-100-img-1_nobg.png,/home/drnguyenvinh/notebooks/processed-images/processed_images/3. WSSV/WSSV-100-img-1_nobg.png,3. WSSV/WSSV-100-img-1_nobg.png,WSSV-100-img-1_nobg.png,3. WSSV,3. WSSV,WSSV,WSSV,2,2,WSSV-100,3. WSSV::WSSV-100,parsed,WSSV-100-img-1,True,,749662,2d586a6b8f39242bf52b4d4d7b50d7ae,val
/home/drnguyenvinh/notebooks/processed-images/processed_images/3. WSSV/WSSV-100-img-2_nobg.png,/home/drnguyenvinh/notebooks/processed-images/processed_images/3. WSSV/WSSV-100-img-2_nobg.png,3. WSSV/WSSV-100-img-2_nobg.png,WSSV-100-img-2_nobg.png,3. WSSV,3. WSSV,WSSV,WSSV,2,2,WSSV-100,3. WSSV::WSSV-100,parsed,WSSV-100-img-2,True,,722468,7e8640e84c4c26283203b0b53df78ff8,val
/home/drnguyenvinh/notebooks/processed-images/processed_images/3. WSSV/WSSV-100-img-3_nobg.png,/home/drnguyenvinh/notebooks/processed-images/processed_images/3. WSSV/WSSV-100-img-3_nobg.png,3. WSSV/WSSV-100-img-3_nobg.png,WSSV-100-img-3_nobg.png,3. WSSV,3. WSSV,WSSV,WSSV,2,2,WSSV-100,3. WSSV::WSSV-100,parsed,WSSV-100-img-3,True,,647551,c67a334115115a009f4008f19262b888,val
/home/drnguyenvinh/notebooks/processed-images/processed_images/3. WSSV/WSSV-13-img-1_nobg.png,/home/drnguyenvinh/notebooks/processed-images/processed_images/3. WSSV/WSSV-13-img-1_nobg.png,3. WSSV/WSSV-13-img-1_nobg.png,WSSV-13-img-1_nobg.png,3. WSSV,3. WSSV,WSSV,WSSV,2,2,WSSV-13,3. WSSV::WSSV-13,parsed,WSSV-13-img-1,True,,1320382,25973431c22cc9df8152095a842900a2,val
/home/drnguyenvinh/notebooks/processed-images/processed_images/3. WSSV/WSSV-13-img-2_nobg.png,/home/drnguyenvinh/notebooks/processed-images/processed_images/3. WSSV/WSSV-13-img-2_nobg.png,3. WSSV/WSSV-13-img-2_nobg.png,WSSV-13-img-2_nobg.png,3. WSSV,3. WSSV,WSSV,WSSV,2,2,WSSV-13,3. WSSV::WSSV-13,parsed,WSSV-13-img-2,True,,1263368,c9f36d864dde2939aed79e8a3ffa583e,val
/home/drnguyenvinh/notebooks/processed-images/processed_images/3. WSSV/WSSV-13-img-3_nobg.png,/home/drnguyenvinh/notebooks/processed-images/processed_images/3. WSSV/WSSV-13-img-3_nobg.png,3. WSSV/WSSV-13-img-3_nobg.png,WSSV-13-img-3_nobg.png,3. WSSV,3. WSSV,WSSV,WSSV,2,2,WSSV-13,3. WSSV::WSSV-13,parsed,WSSV-13-img-3,True,,1366020,19e6efdd69eefde177a03e266dc57363,val
/home/drnguyenvinh/notebooks/processed-images/processed_images/3. WSSV/WSSV-26-img-1_nobg.png,/home/drnguyenvinh/notebooks/processed-images/processed_images/3. WSSV/WSSV-26-img-1_nobg.png,3. WSSV/WSSV-26-img-1_nobg.png,WSSV-26-img-1_nobg.png,3. WSSV,3. WSSV,WSSV,WSSV,2,2,WSSV-26,3. WSSV::WSSV-26,parsed,WSSV-26-img-1,True,,1114798,ac5e7e1ae8958482d5a064eb5b34a02b,val
/home/drnguyenvinh/notebooks/processed-images/processed_images/3. WSSV/WSSV-26-img-2_nobg.png,/home/drnguyenvinh/notebooks/processed-images/processed_images/3. WSSV/WSSV-26-img-2_nobg.png,3. WSSV/WSSV-26-img-2_nobg.png,WSSV-26-img-2_nobg.png,3. WSSV,3. WSSV,WSSV,WSSV,2,2,WSSV-26,3. WSSV::WSSV-26,parsed,WSSV-26-img-2,True,,1402301,e3c1536bf6597ae56af65977b44b10f5,val
/home/drnguyenvinh/notebooks/processed-images/processed_images/3. WSSV/WSSV-26-img-3_nobg.png,/home/drnguyenvinh/notebooks/processed-images/processed_images/3. WSSV/WSSV-26-img-3_nobg.png,3. WSSV/WSSV-26-img-3_nobg.png,WSSV-26-img-3_nobg.png,3. WSSV,3. WSSV,WSSV,WSSV,2,2,WSSV-26,3. WSSV::WSSV-26,parsed,WSSV-26-img-3,True,,1187721,3fa0c2416052f87e556f4a1dc2dc5810,val
/home/drnguyenvinh/notebooks/processed-images/processed_images/3. WSSV/WSSV-31-img-1_nobg.png,/home/drnguyenvinh/notebooks/processed-images/processed_images/3. WSSV/WSSV-31-img-1_nobg.png,3. WSSV/WSSV-31-img-1_nobg.png,WSSV-31-img-1_nobg.png,3. WSSV,3. WSSV,WSSV,WSSV,2,2,WSSV-31,3. WSSV::WSSV-31,parsed,WSSV-31-img-1,True,,1000182,b67183589d0609c025eeca9c808b722f,val
/home/drnguyenvinh/notebooks/processed-images/processed_images/3. WSSV/WSSV-31-img-2_nobg.png,/home/drnguyenvinh/notebooks/processed-images/processed_images/3. WSSV/WSSV-31-img-2_nobg.png,3. WSSV/WSSV-31-img-2_nobg.png,WSSV-31-img-2_nobg.png,3. WSSV,3. WSSV,WSSV,WSSV,2,2,WSSV-31,3. WSSV::WSSV-31,parsed,WSSV-31-img-2,True,,1032640,5b975a093735deeef96b98cbf16ffbd7,val
/home/drnguyenvinh/notebooks/processed-images/processed_images/3. WSSV/WSSV-31-img-3_nobg.png,/home/drnguyenvinh/notebooks/processed-images/processed_images/3. WSSV/WSSV-31-img-3_nobg.png,3. WSSV/WSSV-31-img-3_nobg.png,WSSV-31-img-3_nobg.png,3. WSSV,3. WSSV,WSSV,WSSV,2,2,WSSV-31,3. WSSV::WSSV-31,parsed,WSSV-31-img-3,True,,942652,8c8ebf5e02d1c5c6f04c5f0d6ccaea2d,val
/home/drnguyenvinh/notebooks/processed-images/processed_images/3. WSSV/WSSV-41-img-1_nobg.png,/home/drnguyenvinh/notebooks/processed-images/processed_images/3. WSSV/WSSV-41-img-1_nobg.png,3. WSSV/WSSV-41-img-1_nobg.png,WSSV-41-img-1_nobg.png,3. WSSV,3. WSSV,WSSV,WSSV,2,2,WSSV-41,3. WSSV::WSSV-41,parsed,WSSV-41-img-1,True,,989576,d54f451b55a4cf2df9e593bce3a73841,val
/home/drnguyenvinh/notebooks/processed-images/processed_images/3. WSSV/WSSV-41-img-2_nobg.png,/home/drnguyenvinh/notebooks/processed-images/processed_images/3. WSSV/WSSV-41-img-2_nobg.png,3. WSSV/WSSV-41-img-2_nobg.png,WSSV-41-img-2_nobg.png,3. WSSV,3. WSSV,WSSV,WSSV,2,2,WSSV-41,3. WSSV::WSSV-41,parsed,WSSV-41-img-2,True,,997893,3a1db722391189b3cfd09d8f300709a2,val
/home/drnguyenvinh/notebooks/processed-images/processed_images/3. WSSV/WSSV-41-img-3_nobg.png,/home/drnguyenvinh/notebooks/processed-images/processed_images/3. WSSV/WSSV-41-img-3_nobg.png,3. WSSV/WSSV-41-img-3_nobg.png,WSSV-41-img-3_nobg.png,3. WSSV,3. WSSV,WSSV,WSSV,2,2,WSSV-41,3. WSSV::WSSV-41,parsed,WSSV-41-img-3,True,,898254,4e889591ba55e3a35807e519bb74b31e,val
/home/drnguyenvinh/notebooks/processed-images/processed_images/3. WSSV/WSSV-42-img-1_nobg.png,/home/drnguyenvinh/notebooks/processed-images/processed_images/3. WSSV/WSSV-42-img-1_nobg.png,3. WSSV/WSSV-42-img-1_nobg.png,WSSV-42-img-1_nobg.png,3. WSSV,3. WSSV,WSSV,WSSV,2,2,WSSV-42,3. WSSV::WSSV-42,parsed,WSSV-42-img-1,True,,907269,015102873d7c4a4ad4959b9bec6b5703,val
/home/drnguyenvinh/notebooks/processed-images/processed_images/3. WSSV/WSSV-42-img-2_nobg.png,/home/drnguyenvinh/notebooks/processed-images/processed_images/3. WSSV/WSSV-42-img-2_nobg.png,3. WSSV/WSSV-42-img-2_nobg.png,WSSV-42-img-2_nobg.png,3. WSSV,3. WSSV,WSSV,WSSV,2,2,WSSV-42,3. WSSV::WSSV-42,parsed,WSSV-42-img-2,True,,867995,8c97b286c9711f1515a5d074fd1567d7,val
/home/drnguyenvinh/notebooks/processed-images/processed_images/3. WSSV/WSSV-42-img-3_nobg.png,/home/drnguyenvinh/notebooks/processed-images/processed_images/3. WSSV/WSSV-42-img-3_nobg.png,3. WSSV/WSSV-42-img-3_nobg.png,WSSV-42-img-3_nobg.png,3. WSSV,3. WSSV,WSSV,WSSV,2,2,WSSV-42,3. WSSV::WSSV-42,parsed,WSSV-42-img-3,True,,908018,8f8f1a910b045094624e82a3f87367e4,val
/home/drnguyenvinh/notebooks/processed-images/processed_images/3. WSSV/WSSV-45-img-1_nobg.png,/home/drnguyenvinh/notebooks/processed-images/processed_images/3. WSSV/WSSV-45-img-1_nobg.png,3. WSSV/WSSV-45-img-1_nobg.png,WSSV-45-img-1_nobg.png,3. WSSV,3. WSSV,WSSV,WSSV,2,2,WSSV-45,3. WSSV::WSSV-45,parsed,WSSV-45-img-1,True,,985519,788dd534df5796ae6da3ffa2275c0806,val
/home/drnguyenvinh/notebooks/processed-images/processed_images/3. WSSV/WSSV-45-img-2_nobg.png,/home/drnguyenvinh/notebooks/processed-images/processed_images/3. WSSV/WSSV-45-img-2_nobg.png,3. WSSV/WSSV-45-img-2_nobg.png,WSSV-45-img-2_nobg.png,3. WSSV,3. WSSV,WSSV,WSSV,2,2,WSSV-45,3. WSSV::WSSV-45,parsed,WSSV-45-img-2,True,,1010372,e867082e541e6d49e09cc94486f8edaa,val
/home/drnguyenvinh/notebooks/processed-images/processed_images/3. WSSV/WSSV-45-img-3_nobg.png,/home/drnguyenvinh/notebooks/processed-images/processed_images/3. WSSV/WSSV-45-img-3_nobg.png,3. WSSV/WSSV-45-img-3_nobg.png,WSSV-45-img-3_nobg.png,3. WSSV,3. WSSV,WSSV,WSSV,2,2,WSSV-45,3. WSSV::WSSV-45,parsed,WSSV-45-img-3,True,,900084,467b7a87108b24642d79d74a52dcc4d4,val
/home/drnguyenvinh/notebooks/processed-images/processed_images/3. WSSV/WSSV-52-img-1_nobg.png,/home/drnguyenvinh/notebooks/processed-images/processed_images/3. WSSV/WSSV-52-img-1_nobg.png,3. WSSV/WSSV-52-img-1_nobg.png,WSSV-52-img-1_nobg.png,3. WSSV,3. WSSV,WSSV,WSSV,2,2,WSSV-52,3. WSSV::WSSV-52,parsed,WSSV-52-img-1,True,,911888,111bf6386b426b091364c9c76a371527,val
/home/drnguyenvinh/notebooks/processed-images/processed_images/3. WSSV/WSSV-52-img-2_nobg.png,/home/drnguyenvinh/notebooks/processed-images/processed_images/3. WSSV/WSSV-52-img-2_nobg.png,3. WSSV/WSSV-52-img-2_nobg.png,WSSV-52-img-2_nobg.png,3. WSSV,3. WSSV,WSSV,WSSV,2,2,WSSV-52,3. WSSV::WSSV-52,parsed,WSSV-52-img-2,True,,990875,4a7366ba70b341229ec9f187062a051b,val
/home/drnguyenvinh/notebooks/processed-images/processed_images/3. WSSV/WSSV-52-img-3_nobg.png,/home/drnguyenvinh/notebooks/processed-images/processed_images/3. WSSV/WSSV-52-img-3_nobg.png,3. WSSV/WSSV-52-img-3_nobg.png,WSSV-52-img-3_nobg.png,3. WSSV,3. WSSV,WSSV,WSSV,2,2,WSSV-52,3. WSSV::WSSV-52,parsed,WSSV-52-img-3,True,,771719,e638944c4b59964a10f35735b238d8d7,val
/home/drnguyenvinh/notebooks/processed-images/processed_images/3. WSSV/WSSV-53-img-1_nobg.png,/home/drnguyenvinh/notebooks/processed-images/processed_images/3. WSSV/WSSV-53-img-1_nobg.png,3. WSSV/WSSV-53-img-1_nobg.png,WSSV-53-img-1_nobg.png,3. WSSV,3. WSSV,WSSV,WSSV,2,2,WSSV-53,3. WSSV::WSSV-53,parsed,WSSV-53-img-1,True,,984643,c24cb7ee2ff27b0d5bbbfd85a5156648,val
/home/drnguyenvinh/notebooks/processed-images/processed_images/3. WSSV/WSSV-53-img-2_nobg.png,/home/drnguyenvinh/notebooks/processed-images/processed_images/3. WSSV/WSSV-53-img-2_nobg.png,3. WSSV/WSSV-53-img-2_nobg.png,WSSV-53-img-2_nobg.png,3. WSSV,3. WSSV,WSSV,WSSV,2,2,WSSV-53,3. WSSV::WSSV-53,parsed,WSSV-53-img-2,True,,1015498,86875958cda452a7bb0429a122cbde5f,val
/home/drnguyenvinh/notebooks/processed-images/processed_images/3. WSSV/WSSV-53-img-3_nobg.png,/home/drnguyenvinh/notebooks/processed-images/processed_images/3. WSSV/WSSV-53-img-3_nobg.png,3. WSSV/WSSV-53-img-3_nobg.png,WSSV-53-img-3_nobg.png,3. WSSV,3. WSSV,WSSV,WSSV,2,2,WSSV-53,3. WSSV::WSSV-53,parsed,WSSV-53-img-3,True,,926891,547993105d06d643b5ca5b3020b08816,val
/home/drnguyenvinh/notebooks/processed-images/processed_images/3. WSSV/WSSV-55-img-1_nobg.png,/home/drnguyenvinh/notebooks/processed-images/processed_images/3. WSSV/WSSV-55-img-1_nobg.png,3. WSSV/WSSV-55-img-1_nobg.png,WSSV-55-img-1_nobg.png,3. WSSV,3. WSSV,WSSV,WSSV,2,2,WSSV-55,3. WSSV::WSSV-55,parsed,WSSV-55-img-1,True,,1070789,15d136901e169500990e98a310a3f76c,val
/home/drnguyenvinh/notebooks/processed-images/processed_images/3. WSSV/WSSV-55-img-2_nobg.png,/home/drnguyenvinh/notebooks/processed-images/processed_images/3. WSSV/WSSV-55-img-2_nobg.png,3. WSSV/WSSV-55-img-2_nobg.png,WSSV-55-img-2_nobg.png,3. WSSV,3. WSSV,WSSV,WSSV,2,2,WSSV-55,3. WSSV::WSSV-55,parsed,WSSV-55-img-2,True,,1106294,438fcb8ca9006482f89a11bc288151d1,val
/home/drnguyenvinh/notebooks/processed-images/processed_images/3. WSSV/WSSV-55-img-3_nobg.png,/home/drnguyenvinh/notebooks/processed-images/processed_images/3. WSSV/WSSV-55-img-3_nobg.png,3. WSSV/WSSV-55-img-3_nobg.png,WSSV-55-img-3_nobg.png,3. WSSV,3. WSSV,WSSV,WSSV,2,2,WSSV-55,3. WSSV::WSSV-55,parsed,WSSV-55-img-3,True,,891563,16061567443c2ac8567980f95468ad67,val
/home/drnguyenvinh/notebooks/processed-images/processed_images/3. WSSV/WSSV-56-img-1_nobg.png,/home/drnguyenvinh/notebooks/processed-images/processed_images/3. WSSV/WSSV-56-img-1_nobg.png,3. WSSV/WSSV-56-img-1_nobg.png,WSSV-56-img-1_nobg.png,3. WSSV,3. WSSV,WSSV,WSSV,2,2,WSSV-56,3. WSSV::WSSV-56,parsed,WSSV-56-img-1,True,,757768,681405d3128d650332d6439e81ad3a07,val
/home/drnguyenvinh/notebooks/processed-images/processed_images/3. WSSV/WSSV-56-img-2_nobg.png,/home/drnguyenvinh/notebooks/processed-images/processed_images/3. WSSV/WSSV-56-img-2_nobg.png,3. WSSV/WSSV-56-img-2_nobg.png,WSSV-56-img-2_nobg.png,3. WSSV,3. WSSV,WSSV,WSSV,2,2,WSSV-56,3. WSSV::WSSV-56,parsed,WSSV-56-img-2,True,,774670,9abdb6477c30f3061b82d5c7b185f115,val
/home/drnguyenvinh/notebooks/processed-images/processed_images/3. WSSV/WSSV-56-img-3_nobg.png,/home/drnguyenvinh/notebooks/processed-images/processed_images/3. WSSV/WSSV-56-img-3_nobg.png,3. WSSV/WSSV-56-img-3_nobg.png,WSSV-56-img-3_nobg.png,3. WSSV,3. WSSV,WSSV,WSSV,2,2,WSSV-56,3. WSSV::WSSV-56,parsed,WSSV-56-img-3,True,,701018,8e362ade42bcdce81e1f8a004c597a9f,val
/home/drnguyenvinh/notebooks/processed-images/processed_images/3. WSSV/WSSV-6-img-1_nobg.png,/home/drnguyenvinh/notebooks/processed-images/processed_images/3. WSSV/WSSV-6-img-1_nobg.png,3. WSSV/WSSV-6-img-1_nobg.png,WSSV-6-img-1_nobg.png,3. WSSV,3. WSSV,WSSV,WSSV,2,2,WSSV-6,3. WSSV::WSSV-6,parsed,WSSV-6-img-1,True,,1368480,cdf20aa4b9664cf7f612622e17c09246,val
/home/drnguyenvinh/notebooks/processed-images/processed_images/3. WSSV/WSSV-6-img-2_nobg.png,/home/drnguyenvinh/notebooks/processed-images/processed_images/3. WSSV/WSSV-6-img-2_nobg.png,3. WSSV/WSSV-6-img-2_nobg.png,WSSV-6-img-2_nobg.png,3. WSSV,3. WSSV,WSSV,WSSV,2,2,WSSV-6,3. WSSV::WSSV-6,parsed,WSSV-6-img-2,True,,601561,12e1b4afc569ea9a1cec74d34f2ac941,val
/home/drnguyenvinh/notebooks/processed-images/processed_images/3. WSSV/WSSV-6-img-3_nobg.png,/home/drnguyenvinh/notebooks/processed-images/processed_images/3. WSSV/WSSV-6-img-3_nobg.png,3. WSSV/WSSV-6-img-3_nobg.png,WSSV-6-img-3_nobg.png,3. WSSV,3. WSSV,WSSV,WSSV,2,2,WSSV-6,3. WSSV::WSSV-6,parsed,WSSV-6-img-3,True,,954089,8cff65854d622bccc61b8ef713abc727,val
/home/drnguyenvinh/notebooks/processed-images/processed_images/3. WSSV/WSSV-71-img-1_nobg.png,/home/drnguyenvinh/notebooks/processed-images/processed_images/3. WSSV/WSSV-71-img-1_nobg.png,3. WSSV/WSSV-71-img-1_nobg.png,WSSV-71-img-1_nobg.png,3. WSSV,3. WSSV,WSSV,WSSV,2,2,WSSV-71,3. WSSV::WSSV-71,parsed,WSSV-71-img-1,True,,921044,ab2a7e36e92c651f93ea8421d4cd8a3c,val
/home/drnguyenvinh/notebooks/processed-images/processed_images/3. WSSV/WSSV-71-img-2_nobg.png,/home/drnguyenvinh/notebooks/processed-images/processed_images/3. WSSV/WSSV-71-img-2_nobg.png,3. WSSV/WSSV-71-img-2_nobg.png,WSSV-71-img-2_nobg.png,3. WSSV,3. WSSV,WSSV,WSSV,2,2,WSSV-71,3. WSSV::WSSV-71,parsed,WSSV-71-img-2,True,,829704,d976a0e67a53452c909254fb8eab5aea,val
/home/drnguyenvinh/notebooks/processed-images/processed_images/3. WSSV/WSSV-71-img-3_nobg.png,/home/drnguyenvinh/notebooks/processed-images/processed_images/3. WSSV/WSSV-71-img-3_nobg.png,3. WSSV/WSSV-71-img-3_nobg.png,WSSV-71-img-3_nobg.png,3. WSSV,3. WSSV,WSSV,WSSV,2,2,WSSV-71,3. WSSV::WSSV-71,parsed,WSSV-71-img-3,True,,856323,edbb3a59f0bab69e30a5b67d0e3af7e3,val
/home/drnguyenvinh/notebooks/processed-images/processed_images/3. WSSV/WSSV-74-img-1_nobg.png,/home/drnguyenvinh/notebooks/processed-images/processed_images/3. WSSV/WSSV-74-img-1_nobg.png,3. WSSV/WSSV-74-img-1_nobg.png,WSSV-74-img-1_nobg.png,3. WSSV,3. WSSV,WSSV,WSSV,2,2,WSSV-74,3. WSSV::WSSV-74,parsed,WSSV-74-img-1,True,,1131386,acb9e38c8f09fd0421580fc11090717f,val
/home/drnguyenvinh/notebooks/processed-images/processed_images/3. WSSV/WSSV-74-img-2_nobg.png,/home/drnguyenvinh/notebooks/processed-images/processed_images/3. WSSV/WSSV-74-img-2_nobg.png,3. WSSV/WSSV-74-img-2_nobg.png,WSSV-74-img-2_nobg.png,3. WSSV,3. WSSV,WSSV,WSSV,2,2,WSSV-74,3. WSSV::WSSV-74,parsed,WSSV-74-img-2,True,,1151951,0e1562fb0f5b1afd86161b96ac5b9b85,val
/home/drnguyenvinh/notebooks/processed-images/processed_images/3. WSSV/WSSV-74-img-3_nobg.png,/home/drnguyenvinh/notebooks/processed-images/processed_images/3. WSSV/WSSV-74-img-3_nobg.png,3. WSSV/WSSV-74-img-3_nobg.png,WSSV-74-img-3_nobg.png,3. WSSV,3. WSSV,WSSV,WSSV,2,2,WSSV-74,3. WSSV::WSSV-74,parsed,WSSV-74-img-3,True,,894528,909bfc60bba04e9d4f9c5f443b2c6593,val
/home/drnguyenvinh/notebooks/processed-images/processed_images/3. WSSV/WSSV-8-img-1_nobg.png,/home/drnguyenvinh/notebooks/processed-images/processed_images/3. WSSV/WSSV-8-img-1_nobg.png,3. WSSV/WSSV-8-img-1_nobg.png,WSSV-8-img-1_nobg.png,3. WSSV,3. WSSV,WSSV,WSSV,2,2,WSSV-8,3. WSSV::WSSV-8,parsed,WSSV-8-img-1,True,,1533308,7d1183f36c982cfe877a4839e5e1805e,val
/home/drnguyenvinh/notebooks/processed-images/processed_images/3. WSSV/WSSV-8-img-2_nobg.png,/home/drnguyenvinh/notebooks/processed-images/processed_images/3. WSSV/WSSV-8-img-2_nobg.png,3. WSSV/WSSV-8-img-2_nobg.png,WSSV-8-img-2_nobg.png,3. WSSV,3. WSSV,WSSV,WSSV,2,2,WSSV-8,3. WSSV::WSSV-8,parsed,WSSV-8-img-2,True,,2205055,669158401a1fd664610c9991bb33ce0c,val
/home/drnguyenvinh/notebooks/processed-images/processed_images/3. WSSV/WSSV-8-img-3_nobg.png,/home/drnguyenvinh/notebooks/processed-images/processed_images/3. WSSV/WSSV-8-img-3_nobg.png,3. WSSV/WSSV-8-img-3_nobg.png,WSSV-8-img-3_nobg.png,3. WSSV,3. WSSV,WSSV,WSSV,2,2,WSSV-8,3. WSSV::WSSV-8,parsed,WSSV-8-img-3,True,,2192711,c6e3c0fbdcbb14056382f211d88bc7a5,val
/home/drnguyenvinh/notebooks/processed-images/processed_images/3. WSSV/WSSV-83-img-1_nobg.png,/home/drnguyenvinh/notebooks/processed-images/processed_images/3. WSSV/WSSV-83-img-1_nobg.png,3. WSSV/WSSV-83-img-1_nobg.png,WSSV-83-img-1_nobg.png,3. WSSV,3. WSSV,WSSV,WSSV,2,2,WSSV-83,3. WSSV::WSSV-83,parsed,WSSV-83-img-1,True,,776644,c01050b076bfc04d1c8ec60932c8898d,val
/home/drnguyenvinh/notebooks/processed-images/processed_images/4. WSSV_BG/WSSV_BG-14-img-1_nobg.png,/home/drnguyenvinh/notebooks/processed-images/processed_images/4. WSSV_BG/WSSV_BG-14-img-1_nobg.png,4. WSSV_BG/WSSV_BG-14-img-1_nobg.png,WSSV_BG-14-img-1_nobg.png,4. WSSV_BG,4. WSSV_BG,WSSV_BG,WSSV_BG,3,3,WSSV_BG-14,4. WSSV_BG::WSSV_BG-14,parsed,WSSV_BG-14-img-1,True,,1029646,398bbaff9de2cca1c950a26d979832c8,val
/home/drnguyenvinh/notebooks/processed-images/processed_images/4. WSSV_BG/WSSV_BG-14-img-2_nobg.png,/home/drnguyenvinh/notebooks/processed-images/processed_images/4. WSSV_BG/WSSV_BG-14-img-2_nobg.png,4. WSSV_BG/WSSV_BG-14-img-2_nobg.png,WSSV_BG-14-img-2_nobg.png,4. WSSV_BG,4. WSSV_BG,WSSV_BG,WSSV_BG,3,3,WSSV_BG-14,4. WSSV_BG::WSSV_BG-14,parsed,WSSV_BG-14-img-2,True,,1296833,397b0d6f8604a25a9acedb684d48f04d,val
/home/drnguyenvinh/notebooks/processed-images/processed_images/4. WSSV_BG/WSSV_BG-14-img-3_nobg.png,/home/drnguyenvinh/notebooks/processed-images/processed_images/4. WSSV_BG/WSSV_BG-14-img-3_nobg.png,4. WSSV_BG/WSSV_BG-14-img-3_nobg.png,WSSV_BG-14-img-3_nobg.png,4. WSSV_BG,4. WSSV_BG,WSSV_BG,WSSV_BG,3,3,WSSV_BG-14,4. WSSV_BG::WSSV_BG-14,parsed,WSSV_BG-14-img-3,True,,999367,cb0421817a510bdb4b90e7cad310c72d,val
/home/drnguyenvinh/notebooks/processed-images/processed_images/4. WSSV_BG/WSSV_BG-25-img-1_nobg.png,/home/drnguyenvinh/notebooks/processed-images/processed_images/4. WSSV_BG/WSSV_BG-25-img-1_nobg.png,4. WSSV_BG/WSSV_BG-25-img-1_nobg.png,WSSV_BG-25-img-1_nobg.png,4. WSSV_BG,4. WSSV_BG,WSSV_BG,WSSV_BG,3,3,WSSV_BG-25,4. WSSV_BG::WSSV_BG-25,parsed,WSSV_BG-25-img-1,True,,1091094,e730a4cc53f9e39187e4dd5173c91c03,val
/home/drnguyenvinh/notebooks/processed-images/processed_images/4. WSSV_BG/WSSV_BG-25-img-2_nobg.png,/home/drnguyenvinh/notebooks/processed-images/processed_images/4. WSSV_BG/WSSV_BG-25-img-2_nobg.png,4. WSSV_BG/WSSV_BG-25-img-2_nobg.png,WSSV_BG-25-img-2_nobg.png,4. WSSV_BG,4. WSSV_BG,WSSV_BG,WSSV_BG,3,3,WSSV_BG-25,4. WSSV_BG::WSSV_BG-25,parsed,WSSV_BG-25-img-2,True,,1265019,53f6b651db8735b49d170af4d1c3d798,val
/home/drnguyenvinh/notebooks/processed-images/processed_images/4. WSSV_BG/WSSV_BG-25-img-3_nobg.png,/home/drnguyenvinh/notebooks/processed-images/processed_images/4. WSSV_BG/WSSV_BG-25-img-3_nobg.png,4. WSSV_BG/WSSV_BG-25-img-3_nobg.png,WSSV_BG-25-img-3_nobg.png,4. WSSV_BG,4. WSSV_BG,WSSV_BG,WSSV_BG,3,3,WSSV_BG-25,4. WSSV_BG::WSSV_BG-25,parsed,WSSV_BG-25-img-3,True,,851536,a179acda89710bd0bd7a9bae99c30bd0,val
/home/drnguyenvinh/notebooks/processed-images/processed_images/4. WSSV_BG/WSSV_BG-26-img-1_nobg.png,/home/drnguyenvinh/notebooks/processed-images/processed_images/4. WSSV_BG/WSSV_BG-26-img-1_nobg.png,4. WSSV_BG/WSSV_BG-26-img-1_nobg.png,WSSV_BG-26-img-1_nobg.png,4. WSSV_BG,4. WSSV_BG,WSSV_BG,WSSV_BG,3,3,WSSV_BG-26,4. WSSV_BG::WSSV_BG-26,parsed,WSSV_BG-26-img-1,True,,978643,04b61279fc5c462f69dd0d9c77459119,val
/home/drnguyenvinh/notebooks/processed-images/processed_images/4. WSSV_BG/WSSV_BG-26-img-2_nobg.png,/home/drnguyenvinh/notebooks/processed-images/processed_images/4. WSSV_BG/WSSV_BG-26-img-2_nobg.png,4. WSSV_BG/WSSV_BG-26-img-2_nobg.png,WSSV_BG-26-img-2_nobg.png,4. WSSV_BG,4. WSSV_BG,WSSV_BG,WSSV_BG,3,3,WSSV_BG-26,4. WSSV_BG::WSSV_BG-26,parsed,WSSV_BG-26-img-2,True,,1025684,0a139d37672e2c3e267092787b1eaa4e,val
/home/drnguyenvinh/notebooks/processed-images/processed_images/4. WSSV_BG/WSSV_BG-26-img-3_nobg.png,/home/drnguyenvinh/notebooks/processed-images/processed_images/4. WSSV_BG/WSSV_BG-26-img-3_nobg.png,4. WSSV_BG/WSSV_BG-26-img-3_nobg.png,WSSV_BG-26-img-3_nobg.png,4. WSSV_BG,4. WSSV_BG,WSSV_BG,WSSV_BG,3,3,WSSV_BG-26,4. WSSV_BG::WSSV_BG-26,parsed,WSSV_BG-26-img-3,True,,960040,b19dfc1874b13903350c0fe9ae74014c,val
/home/drnguyenvinh/notebooks/processed-images/processed_images/4. WSSV_BG/WSSV_BG-30-img-1_nobg.png,/home/drnguyenvinh/notebooks/processed-images/processed_images/4. WSSV_BG/WSSV_BG-30-img-1_nobg.png,4. WSSV_BG/WSSV_BG-30-img-1_nobg.png,WSSV_BG-30-img-1_nobg.png,4. WSSV_BG,4. WSSV_BG,WSSV_BG,WSSV_BG,3,3,WSSV_BG-30,4. WSSV_BG::WSSV_BG-30,parsed,WSSV_BG-30-img-1,True,,969027,ad68ebac766facaa392c7385c650d2e0,val
/home/drnguyenvinh/notebooks/processed-images/processed_images/4. WSSV_BG/WSSV_BG-30-img-2_nobg.png,/home/drnguyenvinh/notebooks/processed-images/processed_images/4. WSSV_BG/WSSV_BG-30-img-2_nobg.png,4. WSSV_BG/WSSV_BG-30-img-2_nobg.png,WSSV_BG-30-img-2_nobg.png,4. WSSV_BG,4. WSSV_BG,WSSV_BG,WSSV_BG,3,3,WSSV_BG-30,4. WSSV_BG::WSSV_BG-30,parsed,WSSV_BG-30-img-2,True,,1038790,a1b2cf0872ed2d22d26d7ffcb1215f7a,val
/home/drnguyenvinh/notebooks/processed-images/processed_images/4. WSSV_BG/WSSV_BG-37-img-1_nobg.png,/home/drnguyenvinh/notebooks/processed-images/processed_images/4. WSSV_BG/WSSV_BG-37-img-1_nobg.png,4. WSSV_BG/WSSV_BG-37-img-1_nobg.png,WSSV_BG-37-img-1_nobg.png,4. WSSV_BG,4. WSSV_BG,WSSV_BG,WSSV_BG,3,3,WSSV_BG-37,4. WSSV_BG::WSSV_BG-37,parsed,WSSV_BG-37-img-1,True,,979657,75dca43ddbb37ad6c1d8c420e8626625,val
/home/drnguyenvinh/notebooks/processed-images/processed_images/4. WSSV_BG/WSSV_BG-37-img-2_nobg.png,/home/drnguyenvinh/notebooks/processed-images/processed_images/4. WSSV_BG/WSSV_BG-37-img-2_nobg.png,4. WSSV_BG/WSSV_BG-37-img-2_nobg.png,WSSV_BG-37-img-2_nobg.png,4. WSSV_BG,4. WSSV_BG,WSSV_BG,WSSV_BG,3,3,WSSV_BG-37,4. WSSV_BG::WSSV_BG-37,parsed,WSSV_BG-37-img-2,True,,1097440,fd06bdfeeaf21dd949aa51fead33058a,val
/home/drnguyenvinh/notebooks/processed-images/processed_images/4. WSSV_BG/WSSV_BG-37-img-3_nobg.png,/home/drnguyenvinh/notebooks/processed-images/processed_images/4. WSSV_BG/WSSV_BG-37-img-3_nobg.png,4. WSSV_BG/WSSV_BG-37-img-3_nobg.png,WSSV_BG-37-img-3_nobg.png,4. WSSV_BG,4. WSSV_BG,WSSV_BG,WSSV_BG,3,3,WSSV_BG-37,4. WSSV_BG::WSSV_BG-37,parsed,WSSV_BG-37-img-3,True,,1105236,8a81a07d599224a4cf2cb77518adcc57,val
/home/drnguyenvinh/notebooks/processed-images/processed_images/4. WSSV_BG/WSSV_BG-39-img-1_nobg.png,/home/drnguyenvinh/notebooks/processed-images/processed_images/4. WSSV_BG/WSSV_BG-39-img-1_nobg.png,4. WSSV_BG/WSSV_BG-39-img-1_nobg.png,WSSV_BG-39-img-1_nobg.png,4. WSSV_BG,4. WSSV_BG,WSSV_BG,WSSV_BG,3,3,WSSV_BG-39,4. WSSV_BG::WSSV_BG-39,parsed,WSSV_BG-39-img-1,True,,724837,5878f907c1db8ba867471a200b2f0aac,val
/home/drnguyenvinh/notebooks/processed-images/processed_images/4. WSSV_BG/WSSV_BG-39-img-2_nobg.png,/home/drnguyenvinh/notebooks/processed-images/processed_images/4. WSSV_BG/WSSV_BG-39-img-2_nobg.png,4. WSSV_BG/WSSV_BG-39-img-2_nobg.png,WSSV_BG-39-img-2_nobg.png,4. WSSV_BG,4. WSSV_BG,WSSV_BG,WSSV_BG,3,3,WSSV_BG-39,4. WSSV_BG::WSSV_BG-39,parsed,WSSV_BG-39-img-2,True,,707600,4d93437d00ab9aa6962633ff2d1c7c5c,val
/home/drnguyenvinh/notebooks/processed-images/processed_images/4. WSSV_BG/WSSV_BG-40-img-1_nobg.png,/home/drnguyenvinh/notebooks/processed-images/processed_images/4. WSSV_BG/WSSV_BG-40-img-1_nobg.png,4. WSSV_BG/WSSV_BG-40-img-1_nobg.png,WSSV_BG-40-img-1_nobg.png,4. WSSV_BG,4. WSSV_BG,WSSV_BG,WSSV_BG,3,3,WSSV_BG-40,4. WSSV_BG::WSSV_BG-40,parsed,WSSV_BG-40-img-1,True,,457269,f79340280bb88aa81db36ef2f905c906,val
/home/drnguyenvinh/notebooks/processed-images/processed_images/4. WSSV_BG/WSSV_BG-40-img-2_nobg.png,/home/drnguyenvinh/notebooks/processed-images/processed_images/4. WSSV_BG/WSSV_BG-40-img-2_nobg.png,4. WSSV_BG/WSSV_BG-40-img-2_nobg.png,WSSV_BG-40-img-2_nobg.png,4. WSSV_BG,4. WSSV_BG,WSSV_BG,WSSV_BG,3,3,WSSV_BG-40,4. WSSV_BG::WSSV_BG-40,parsed,WSSV_BG-40-img-2,True,,492974,a919412a38a13a49b8ffb0adafe6e0a4,val
/home/drnguyenvinh/notebooks/processed-images/processed_images/4. WSSV_BG/WSSV_BG-40-img-3_nobg.png,/home/drnguyenvinh/notebooks/processed-images/processed_images/4. WSSV_BG/WSSV_BG-40-img-3_nobg.png,4. WSSV_BG/WSSV_BG-40-img-3_nobg.png,WSSV_BG-40-img-3_nobg.png,4. WSSV_BG,4. WSSV_BG,WSSV_BG,WSSV_BG,3,3,WSSV_BG-40,4. WSSV_BG::WSSV_BG-40,parsed,WSSV_BG-40-img-3,True,,504678,2041e89486644fa484ab0bf5bc2ed641,val
/home/drnguyenvinh/notebooks/processed-images/processed_images/4. WSSV_BG/WSSV_BG-42-img-1_nobg.png,/home/drnguyenvinh/notebooks/processed-images/processed_images/4. WSSV_BG/WSSV_BG-42-img-1_nobg.png,4. WSSV_BG/WSSV_BG-42-img-1_nobg.png,WSSV_BG-42-img-1_nobg.png,4. WSSV_BG,4. WSSV_BG,WSSV_BG,WSSV_BG,3,3,WSSV_BG-42,4. WSSV_BG::WSSV_BG-42,parsed,WSSV_BG-42-img-1,True,,966806,0c7656c597f3b6f26e7118ac6fbde0b0,val
/home/drnguyenvinh/notebooks/processed-images/processed_images/4. WSSV_BG/WSSV_BG-42-img-2_nobg.png,/home/drnguyenvinh/notebooks/processed-images/processed_images/4. WSSV_BG/WSSV_BG-42-img-2_nobg.png,4. WSSV_BG/WSSV_BG-42-img-2_nobg.png,WSSV_BG-42-img-2_nobg.png,4. WSSV_BG,4. WSSV_BG,WSSV_BG,WSSV_BG,3,3,WSSV_BG-42,4. WSSV_BG::WSSV_BG-42,parsed,WSSV_BG-42-img-2,True,,1084626,c0bb07c78a01355b750b96acd4667c5e,val
/home/drnguyenvinh/notebooks/processed-images/processed_images/4. WSSV_BG/WSSV_BG-42-img-3_nobg.png,/home/drnguyenvinh/notebooks/processed-images/processed_images/4. WSSV_BG/WSSV_BG-42-img-3_nobg.png,4. WSSV_BG/WSSV_BG-42-img-3_nobg.png,WSSV_BG-42-img-3_nobg.png,4. WSSV_BG,4. WSSV_BG,WSSV_BG,WSSV_BG,3,3,WSSV_BG-42,4. WSSV_BG::WSSV_BG-42,parsed,WSSV_BG-42-img-3,True,,959497,a3cbf02edb9808bd5b6d17a9f095abc7,val
/home/drnguyenvinh/notebooks/processed-images/processed_images/4. WSSV_BG/WSSV_BG-53-img-1_nobg.png,/home/drnguyenvinh/notebooks/processed-images/processed_images/4. WSSV_BG/WSSV_BG-53-img-1_nobg.png,4. WSSV_BG/WSSV_BG-53-img-1_nobg.png,WSSV_BG-53-img-1_nobg.png,4. WSSV_BG,4. WSSV_BG,WSSV_BG,WSSV_BG,3,3,WSSV_BG-53,4. WSSV_BG::WSSV_BG-53,parsed,WSSV_BG-53-img-1,True,,893400,14e1d8b2c65a908e1fdfe4ce0a8ac035,val
/home/drnguyenvinh/notebooks/processed-images/processed_images/4. WSSV_BG/WSSV_BG-66-img-1_nobg.png,/home/drnguyenvinh/notebooks/processed-images/processed_images/4. WSSV_BG/WSSV_BG-66-img-1_nobg.png,4. WSSV_BG/WSSV_BG-66-img-1_nobg.png,WSSV_BG-66-img-1_nobg.png,4. WSSV_BG,4. WSSV_BG,WSSV_BG,WSSV_BG,3,3,WSSV_BG-66,4. WSSV_BG::WSSV_BG-66,parsed,WSSV_BG-66-img-1,True,,954325,4c12fba5b3a4cd06b146f84324e42285,val
/home/drnguyenvinh/notebooks/processed-images/processed_images/4. WSSV_BG/WSSV_BG-66-img-2_nobg.png,/home/drnguyenvinh/notebooks/processed-images/processed_images/4. WSSV_BG/WSSV_BG-66-img-2_nobg.png,4. WSSV_BG/WSSV_BG-66-img-2_nobg.png,WSSV_BG-66-img-2_nobg.png,4. WSSV_BG,4. WSSV_BG,WSSV_BG,WSSV_BG,3,3,WSSV_BG-66,4. WSSV_BG::WSSV_BG-66,parsed,WSSV_BG-66-img-2,True,,921893,136ec0159013385c1e8fe64797975864,val
/home/drnguyenvinh/notebooks/processed-images/processed_images/4. WSSV_BG/WSSV_BG-66-img-3_nobg.png,/home/drnguyenvinh/notebooks/processed-images/processed_images/4. WSSV_BG/WSSV_BG-66-img-3_nobg.png,4. WSSV_BG/WSSV_BG-66-img-3_nobg.png,WSSV_BG-66-img-3_nobg.png,4. WSSV_BG,4. WSSV_BG,WSSV_BG,WSSV_BG,3,3,WSSV_BG-66,4. WSSV_BG::WSSV_BG-66,parsed,WSSV_BG-66-img-3,True,,1193245,bf79ccbb10b30967f61b4719d9ab1963,val
/home/drnguyenvinh/notebooks/processed-images/processed_images/4. WSSV_BG/WSSV_BG-67-img-1_nobg.png,/home/drnguyenvinh/notebooks/processed-images/processed_images/4. WSSV_BG/WSSV_BG-67-img-1_nobg.png,4. WSSV_BG/WSSV_BG-67-img-1_nobg.png,WSSV_BG-67-img-1_nobg.png,4. WSSV_BG,4. WSSV_BG,WSSV_BG,WSSV_BG,3,3,WSSV_BG-67,4. WSSV_BG::WSSV_BG-67,parsed,WSSV_BG-67-img-1,True,,942702,1cdfd59d10d8a6dcce3ead6714b482fd,val
/home/drnguyenvinh/notebooks/processed-images/processed_images/4. WSSV_BG/WSSV_BG-67-img-2_nobg.png,/home/drnguyenvinh/notebooks/processed-images/processed_images/4. WSSV_BG/WSSV_BG-67-img-2_nobg.png,4. WSSV_BG/WSSV_BG-67-img-2_nobg.png,WSSV_BG-67-img-2_nobg.png,4. WSSV_BG,4. WSSV_BG,WSSV_BG,WSSV_BG,3,3,WSSV_BG-67,4. WSSV_BG::WSSV_BG-67,parsed,WSSV_BG-67-img-2,True,,959061,b20917a757b9da403e567e9f22c6586d,val
/home/drnguyenvinh/notebooks/processed-images/processed_images/4. WSSV_BG/WSSV_BG-67-img-3_nobg.png,/home/drnguyenvinh/notebooks/processed-images/processed_images/4. WSSV_BG/WSSV_BG-67-img-3_nobg.png,4. WSSV_BG/WSSV_BG-67-img-3_nobg.png,WSSV_BG-67-img-3_nobg.png,4. WSSV_BG,4. WSSV_BG,WSSV_BG,WSSV_BG,3,3,WSSV_BG-67,4. WSSV_BG::WSSV_BG-67,parsed,WSSV_BG-67-img-3,True,,1225872,826cfd5f73ea171adcc069eaec021de7,val
/home/drnguyenvinh/notebooks/processed-images/processed_images/4. WSSV_BG/WSSV_BG-75-img-1_nobg.png,/home/drnguyenvinh/notebooks/processed-images/processed_images/4. WSSV_BG/WSSV_BG-75-img-1_nobg.png,4. WSSV_BG/WSSV_BG-75-img-1_nobg.png,WSSV_BG-75-img-1_nobg.png,4. WSSV_BG,4. WSSV_BG,WSSV_BG,WSSV_BG,3,3,WSSV_BG-75,4. WSSV_BG::WSSV_BG-75,parsed,WSSV_BG-75-img-1,True,,1636165,7744d9f8edf5515fa5aba7f0ab3884a7,val
/home/drnguyenvinh/notebooks/processed-images/processed_images/4. WSSV_BG/WSSV_BG-75-img-2_nobg.png,/home/drnguyenvinh/notebooks/processed-images/processed_images/4. WSSV_BG/WSSV_BG-75-img-2_nobg.png,4. WSSV_BG/WSSV_BG-75-img-2_nobg.png,WSSV_BG-75-img-2_nobg.png,4. WSSV_BG,4. WSSV_BG,WSSV_BG,WSSV_BG,3,3,WSSV_BG-75,4. WSSV_BG::WSSV_BG-75,parsed,WSSV_BG-75-img-2,True,,1346570,daa386ed88198d657e4db99e576e244f,val
