filename,stratum,realization,metric,w1_effect_without_aug,w1_effect_after_matched_aug,order_effect_strong_then_w1_minus_w1_then_strong
BG-12-img-3_jpg.rf.ac2e62d7b1663a60c0a6e63544fc484a.jpg,BG,0,low_energy_share,-0.004285174955535154,-0.0008595416932959399,2.8901854292828766e-05
BG-12-img-3_jpg.rf.ac2e62d7b1663a60c0a6e63544fc484a.jpg,BG,0,mid_energy_share,0.0014099771191671768,0.0005594696397564895,-2.7106260832017708e-05
BG-12-img-3_jpg.rf.ac2e62d7b1663a60c0a6e63544fc484a.jpg,BG,0,high_energy_share,0.002875178483936581,0.0002996019123276423,-1.5616765133338179e-06
BG-12-img-3_jpg.rf.ac2e62d7b1663a60c0a6e63544fc484a.jpg,BG,0,clipping_fraction,0.013947753906249999,-0.0027303059895833343,0.0031062825520833393
BG-12-img-3_jpg.rf.ac2e62d7b1663a60c0a6e63544fc484a.jpg,BG,0,laplacian_variance,0.009700391441583633,0.0024369312450289726,-2.2455118596553802e-05
BG-12-img-3_jpg.rf.ac2e62d7b1663a60c0a6e63544fc484a.jpg,BG,0,gradient_mean,0.019887730479240417,0.018294215202331543,-0.0011068135499954224
BG-12-img-3_jpg.rf.ac2e62d7b1663a60c0a6e63544fc484a.jpg,BG,0,lesion_gradient_mean,0.020187795162200928,0.020352333784103394,-0.0013546943664550781
BG-12-img-3_jpg.rf.ac2e62d7b1663a60c0a6e63544fc484a.jpg,BG,0,background_gradient_mean,0.019883841276168823,0.018256232142448425,-0.0011022239923477173
BG-12-img-3_jpg.rf.ac2e62d7b1663a60c0a6e63544fc484a.jpg,BG,1,low_energy_share,-0.004285174955535154,-0.001577221755030278,0.00018504797063145784
BG-12-img-3_jpg.rf.ac2e62d7b1663a60c0a6e63544fc484a.jpg,BG,1,mid_energy_share,0.0014099771191671768,0.001221421685581048,-0.0001594471648403385
BG-12-img-3_jpg.rf.ac2e62d7b1663a60c0a6e63544fc484a.jpg,BG,1,high_energy_share,0.002875178483936581,0.00035566811530276274,-2.530203840444569e-05
BG-12-img-3_jpg.rf.ac2e62d7b1663a60c0a6e63544fc484a.jpg,BG,1,clipping_fraction,0.013947753906249999,0.0003662109375,0.0016194661458333037
BG-12-img-3_jpg.rf.ac2e62d7b1663a60c0a6e63544fc484a.jpg,BG,1,laplacian_variance,0.009700391441583633,0.001076812855899334,-7.800525054335594e-05
BG-12-img-3_jpg.rf.ac2e62d7b1663a60c0a6e63544fc484a.jpg,BG,1,gradient_mean,0.019887730479240417,0.015127986669540405,-0.0019717812538146973
BG-12-img-3_jpg.rf.ac2e62d7b1663a60c0a6e63544fc484a.jpg,BG,1,lesion_gradient_mean,0.020187795162200928,0.01829567551612854,-0.0025593340396881104
BG-12-img-3_jpg.rf.ac2e62d7b1663a60c0a6e63544fc484a.jpg,BG,1,background_gradient_mean,0.019883841276168823,0.015041008591651917,-0.0019556134939193726
BG-12-img-3_jpg.rf.ac2e62d7b1663a60c0a6e63544fc484a.jpg,BG,2,low_energy_share,-0.004285174955535154,-0.002163915199747457,7.429569783312662e-05
BG-12-img-3_jpg.rf.ac2e62d7b1663a60c0a6e63544fc484a.jpg,BG,2,mid_energy_share,0.0014099771191671768,0.0014880617747270904,-9.053506799139646e-05
BG-12-img-3_jpg.rf.ac2e62d7b1663a60c0a6e63544fc484a.jpg,BG,2,high_energy_share,0.002875178483936581,0.0006760924381650395,1.6192012812135843e-05
BG-12-img-3_jpg.rf.ac2e62d7b1663a60c0a6e63544fc484a.jpg,BG,2,clipping_fraction,0.013947753906249999,0.0003499348958333204,0.002222493489583338
BG-12-img-3_jpg.rf.ac2e62d7b1663a60c0a6e63544fc484a.jpg,BG,2,laplacian_variance,0.009700391441583633,0.0014918157830834389,5.112960934638977e-07
BG-12-img-3_jpg.rf.ac2e62d7b1663a60c0a6e63544fc484a.jpg,BG,2,gradient_mean,0.019887730479240417,0.014472141861915588,-0.000907406210899353
BG-12-img-3_jpg.rf.ac2e62d7b1663a60c0a6e63544fc484a.jpg,BG,2,lesion_gradient_mean,0.020187795162200928,0.016316533088684082,-0.001583695411682129
BG-12-img-3_jpg.rf.ac2e62d7b1663a60c0a6e63544fc484a.jpg,BG,2,background_gradient_mean,0.019883841276168823,0.014430984854698181,-0.0008922815322875977
BG-12-img-3_jpg.rf.ac2e62d7b1663a60c0a6e63544fc484a.jpg,BG,3,low_energy_share,-0.004285174955535154,-0.0015764332830618955,-0.00014827079716028813
BG-12-img-3_jpg.rf.ac2e62d7b1663a60c0a6e63544fc484a.jpg,BG,3,mid_energy_share,0.0014099771191671768,0.000725787925947248,9.90236833537262e-05
BG-12-img-3_jpg.rf.ac2e62d7b1663a60c0a6e63544fc484a.jpg,BG,3,high_energy_share,0.002875178483936581,0.000850073388389206,4.963899185129756e-05
BG-12-img-3_jpg.rf.ac2e62d7b1663a60c0a6e63544fc484a.jpg,BG,3,clipping_fraction,0.013947753906249999,0.0003149414062500189,0.002701822916666652
BG-12-img-3_jpg.rf.ac2e62d7b1663a60c0a6e63544fc484a.jpg,BG,3,laplacian_variance,0.009700391441583633,0.0010420624166727066,3.086403012275696e-05
BG-12-img-3_jpg.rf.ac2e62d7b1663a60c0a6e63544fc484a.jpg,BG,3,gradient_mean,0.019887730479240417,0.006384573876857758,0.0011701807379722595
BG-12-img-3_jpg.rf.ac2e62d7b1663a60c0a6e63544fc484a.jpg,BG,3,lesion_gradient_mean,0.020187795162200928,0.01142650842666626,0.0015246719121932983
BG-12-img-3_jpg.rf.ac2e62d7b1663a60c0a6e63544fc484a.jpg,BG,3,background_gradient_mean,0.019883841276168823,0.006335116922855377,0.0011666938662528992
BG-12-img-3_jpg.rf.ac2e62d7b1663a60c0a6e63544fc484a.jpg,BG,4,low_energy_share,-0.004285174955535154,-0.0006256572476924793,-9.418375894632014e-05
BG-12-img-3_jpg.rf.ac2e62d7b1663a60c0a6e63544fc484a.jpg,BG,4,mid_energy_share,0.0014099771191671768,0.0002380492058586814,0.00010197005711423072
BG-12-img-3_jpg.rf.ac2e62d7b1663a60c0a6e63544fc484a.jpg,BG,4,high_energy_share,0.002875178483936581,0.00038763719096351207,-7.861706212590209e-06
BG-12-img-3_jpg.rf.ac2e62d7b1663a60c0a6e63544fc484a.jpg,BG,4,clipping_fraction,0.013947753906249999,0.00013916015624999833,0.0011442057291666669
BG-12-img-3_jpg.rf.ac2e62d7b1663a60c0a6e63544fc484a.jpg,BG,4,laplacian_variance,0.009700391441583633,0.0015369150787591934,-3.693532198667526e-05
BG-12-img-3_jpg.rf.ac2e62d7b1663a60c0a6e63544fc484a.jpg,BG,4,gradient_mean,0.019887730479240417,0.00449024885892868,0.0008151978254318237
BG-12-img-3_jpg.rf.ac2e62d7b1663a60c0a6e63544fc484a.jpg,BG,4,lesion_gradient_mean,0.020187795162200928,0.017626821994781494,0.006580948829650879
BG-12-img-3_jpg.rf.ac2e62d7b1663a60c0a6e63544fc484a.jpg,BG,4,background_gradient_mean,0.019883841276168823,0.00442417711019516,0.0007861852645874023
BG-12-img-3_jpg.rf.ac2e62d7b1663a60c0a6e63544fc484a.jpg,BG,5,low_energy_share,-0.004285174955535154,-0.0008981748829679503,-0.00013565472830701086
BG-12-img-3_jpg.rf.ac2e62d7b1663a60c0a6e63544fc484a.jpg,BG,5,mid_energy_share,0.0014099771191671768,0.00040314377619881867,7.56080412113321e-05
BG-12-img-3_jpg.rf.ac2e62d7b1663a60c0a6e63544fc484a.jpg,BG,5,high_energy_share,0.002875178483936581,0.000494870871572491,5.998085227861775e-05
BG-12-img-3_jpg.rf.ac2e62d7b1663a60c0a6e63544fc484a.jpg,BG,5,clipping_fraction,0.013947753906249999,0.0005525716145833334,0.0003873697916666665
BG-12-img-3_jpg.rf.ac2e62d7b1663a60c0a6e63544fc484a.jpg,BG,5,laplacian_variance,0.009700391441583633,0.0033958107233047485,0.00040362030267715454
BG-12-img-3_jpg.rf.ac2e62d7b1663a60c0a6e63544fc484a.jpg,BG,5,gradient_mean,0.019887730479240417,0.01159578561782837,0.002241849899291992
BG-12-img-3_jpg.rf.ac2e62d7b1663a60c0a6e63544fc484a.jpg,BG,5,lesion_gradient_mean,0.020187795162200928,0.01760047674179077,0.002102464437484741
BG-12-img-3_jpg.rf.ac2e62d7b1663a60c0a6e63544fc484a.jpg,BG,5,background_gradient_mean,0.019883841276168823,0.011539652943611145,0.0022431164979934692
BG-12-img-3_jpg.rf.ac2e62d7b1663a60c0a6e63544fc484a.jpg,BG,6,low_energy_share,-0.004285174955535154,-0.0006923118415852469,-0.000157194451845033
BG-12-img-3_jpg.rf.ac2e62d7b1663a60c0a6e63544fc484a.jpg,BG,6,mid_energy_share,0.0014099771191671768,0.0002572514937806735,9.954255125159623e-05
BG-12-img-3_jpg.rf.ac2e62d7b1663a60c0a6e63544fc484a.jpg,BG,6,high_energy_share,0.002875178483936581,0.00043493967842015736,5.8227798031881134e-05
BG-12-img-3_jpg.rf.ac2e62d7b1663a60c0a6e63544fc484a.jpg,BG,6,clipping_fraction,0.013947753906249999,5.696614583333334e-06,2.44140625e-05
BG-12-img-3_jpg.rf.ac2e62d7b1663a60c0a6e63544fc484a.jpg,BG,6,laplacian_variance,0.009700391441583633,0.0012707747519016266,0.00016599800437688828
BG-12-img-3_jpg.rf.ac2e62d7b1663a60c0a6e63544fc484a.jpg,BG,6,gradient_mean,0.019887730479240417,0.004549995064735413,0.0015399456024169922
BG-12-img-3_jpg.rf.ac2e62d7b1663a60c0a6e63544fc484a.jpg,BG,6,lesion_gradient_mean,0.020187795162200928,0.011873528361320496,0.004056006669998169
BG-12-img-3_jpg.rf.ac2e62d7b1663a60c0a6e63544fc484a.jpg,BG,6,background_gradient_mean,0.019883841276168823,0.004509102553129196,0.00152587890625
BG-12-img-3_jpg.rf.ac2e62d7b1663a60c0a6e63544fc484a.jpg,BG,7,low_energy_share,-0.004285174955535154,-0.0012962388322257379,-2.9316059438122544e-05
BG-12-img-3_jpg.rf.ac2e62d7b1663a60c0a6e63544fc484a.jpg,BG,7,mid_energy_share,0.0014099771191671768,0.0009500844793473686,-1.7079810863646766e-05
BG-12-img-3_jpg.rf.ac2e62d7b1663a60c0a6e63544fc484a.jpg,BG,7,high_energy_share,0.002875178483936581,0.0003463917626222704,4.6676824944572124e-05
BG-12-img-3_jpg.rf.ac2e62d7b1663a60c0a6e63544fc484a.jpg,BG,7,clipping_fraction,0.013947753906249999,0.0006380208333333333,0.0002791341145833336
BG-12-img-3_jpg.rf.ac2e62d7b1663a60c0a6e63544fc484a.jpg,BG,7,laplacian_variance,0.009700391441583633,0.001951749436557293,0.0002003014087677002
BG-12-img-3_jpg.rf.ac2e62d7b1663a60c0a6e63544fc484a.jpg,BG,7,gradient_mean,0.019887730479240417,0.020174846053123474,0.0002582073211669922
BG-12-img-3_jpg.rf.ac2e62d7b1663a60c0a6e63544fc484a.jpg,BG,7,lesion_gradient_mean,0.020187795162200928,0.01666177809238434,-0.0018584579229354858
BG-12-img-3_jpg.rf.ac2e62d7b1663a60c0a6e63544fc484a.jpg,BG,7,background_gradient_mean,0.019883841276168823,0.020266667008399963,0.0003135204315185547
BG-12-img-3_jpg.rf.ac2e62d7b1663a60c0a6e63544fc484a.jpg,BG,8,low_energy_share,-0.004285174955535154,-0.0010157097803005222,7.398025569926858e-07
BG-12-img-3_jpg.rf.ac2e62d7b1663a60c0a6e63544fc484a.jpg,BG,8,mid_energy_share,0.0014099771191671768,0.0004905931509976025,4.5404009087678283e-05
BG-12-img-3_jpg.rf.ac2e62d7b1663a60c0a6e63544fc484a.jpg,BG,8,high_energy_share,0.002875178483936581,0.0005250700624498468,-4.671496944038409e-05
BG-12-img-3_jpg.rf.ac2e62d7b1663a60c0a6e63544fc484a.jpg,BG,8,clipping_fraction,0.013947753906249999,-0.0005102539062500078,0.0026700846354166807
BG-12-img-3_jpg.rf.ac2e62d7b1663a60c0a6e63544fc484a.jpg,BG,8,laplacian_variance,0.009700391441583633,0.0022894805297255516,-0.00021141860634088516
BG-12-img-3_jpg.rf.ac2e62d7b1663a60c0a6e63544fc484a.jpg,BG,8,gradient_mean,0.019887730479240417,0.009664081037044525,-6.645917892456055e-05
BG-12-img-3_jpg.rf.ac2e62d7b1663a60c0a6e63544fc484a.jpg,BG,8,lesion_gradient_mean,0.020187795162200928,0.019377142190933228,0.002913832664489746
BG-12-img-3_jpg.rf.ac2e62d7b1663a60c0a6e63544fc484a.jpg,BG,8,background_gradient_mean,0.019883841276168823,0.009574957191944122,-9.378790855407715e-05
BG-12-img-3_jpg.rf.ac2e62d7b1663a60c0a6e63544fc484a.jpg,BG,9,low_energy_share,-0.004285174955535154,-0.0008850391467786212,-9.681862721844237e-05
BG-12-img-3_jpg.rf.ac2e62d7b1663a60c0a6e63544fc484a.jpg,BG,9,mid_energy_share,0.0014099771191671768,0.000361162700425383,7.746603907892932e-05
BG-12-img-3_jpg.rf.ac2e62d7b1663a60c0a6e63544fc484a.jpg,BG,9,high_energy_share,0.002875178483936581,0.000523513121476559,1.9717742769031436e-05
BG-12-img-3_jpg.rf.ac2e62d7b1663a60c0a6e63544fc484a.jpg,BG,9,clipping_fraction,0.013947753906249999,0.0006339518229166452,0.00252197265625001
BG-12-img-3_jpg.rf.ac2e62d7b1663a60c0a6e63544fc484a.jpg,BG,9,laplacian_variance,0.009700391441583633,0.002642309293150902,0.00011461600661277771
BG-12-img-3_jpg.rf.ac2e62d7b1663a60c0a6e63544fc484a.jpg,BG,9,gradient_mean,0.019887730479240417,0.00785961002111435,0.0009711757302284241
BG-12-img-3_jpg.rf.ac2e62d7b1663a60c0a6e63544fc484a.jpg,BG,9,lesion_gradient_mean,0.020187795162200928,0.018863379955291748,0.00403711199760437
BG-12-img-3_jpg.rf.ac2e62d7b1663a60c0a6e63544fc484a.jpg,BG,9,background_gradient_mean,0.019883841276168823,0.00778217613697052,0.0009496584534645081
BG-12-img-3_jpg.rf.ac2e62d7b1663a60c0a6e63544fc484a.jpg,BG,10,low_energy_share,-0.004285174955535154,-0.0006060862628824992,-0.0001186905812596839
BG-12-img-3_jpg.rf.ac2e62d7b1663a60c0a6e63544fc484a.jpg,BG,10,mid_energy_share,0.0014099771191671768,0.0002429312444959047,8.003485332838418e-05
BG-12-img-3_jpg.rf.ac2e62d7b1663a60c0a6e63544fc484a.jpg,BG,10,high_energy_share,0.002875178483936581,0.0003628749224256257,3.907666180013496e-05
BG-12-img-3_jpg.rf.ac2e62d7b1663a60c0a6e63544fc484a.jpg,BG,10,clipping_fraction,0.013947753906249999,-0.00030110677083333356,0.0009407552083333347
BG-12-img-3_jpg.rf.ac2e62d7b1663a60c0a6e63544fc484a.jpg,BG,10,laplacian_variance,0.009700391441583633,0.002402959391474724,0.0002749776467680931
BG-12-img-3_jpg.rf.ac2e62d7b1663a60c0a6e63544fc484a.jpg,BG,10,gradient_mean,0.019887730479240417,0.006608881056308746,0.0014137625694274902
BG-12-img-3_jpg.rf.ac2e62d7b1663a60c0a6e63544fc484a.jpg,BG,10,lesion_gradient_mean,0.020187795162200928,0.02131161093711853,0.005611538887023926
BG-12-img-3_jpg.rf.ac2e62d7b1663a60c0a6e63544fc484a.jpg,BG,10,background_gradient_mean,0.019883841276168823,0.006524264812469482,0.0013896077871322632
BG-12-img-3_jpg.rf.ac2e62d7b1663a60c0a6e63544fc484a.jpg,BG,11,low_energy_share,-0.004285174955535154,-0.0014744879429060553,-0.00013806054676657187
BG-12-img-3_jpg.rf.ac2e62d7b1663a60c0a6e63544fc484a.jpg,BG,11,mid_energy_share,0.0014099771191671768,0.0007675980709933227,5.637999679293862e-05
BG-12-img-3_jpg.rf.ac2e62d7b1663a60c0a6e63544fc484a.jpg,BG,11,high_energy_share,0.002875178483936581,0.0007063924179279077,8.191445153860229e-05
BG-12-img-3_jpg.rf.ac2e62d7b1663a60c0a6e63544fc484a.jpg,BG,11,clipping_fraction,0.013947753906249999,-0.0003238932291666635,0.0009065755208333345
BG-12-img-3_jpg.rf.ac2e62d7b1663a60c0a6e63544fc484a.jpg,BG,11,laplacian_variance,0.009700391441583633,0.003233291208744049,0.00038110464811325073
BG-12-img-3_jpg.rf.ac2e62d7b1663a60c0a6e63544fc484a.jpg,BG,11,gradient_mean,0.019887730479240417,0.014719545841217041,0.001663103699684143
BG-12-img-3_jpg.rf.ac2e62d7b1663a60c0a6e63544fc484a.jpg,BG,11,lesion_gradient_mean,0.020187795162200928,0.01993095874786377,0.00046059489250183105
BG-12-img-3_jpg.rf.ac2e62d7b1663a60c0a6e63544fc484a.jpg,BG,11,background_gradient_mean,0.019883841276168823,0.014654859900474548,0.0016780048608779907
BG-21-img-1_jpg.rf.9bfc050bcfb821988aa4b65da8264bbb.jpg,BG,0,low_energy_share,-0.0031023500793493364,-0.0010071185141314887,-3.674136983256027e-05
BG-21-img-1_jpg.rf.9bfc050bcfb821988aa4b65da8264bbb.jpg,BG,0,mid_energy_share,0.0011589403143730925,0.0007198880408538465,1.631784420111533e-06
BG-21-img-1_jpg.rf.9bfc050bcfb821988aa4b65da8264bbb.jpg,BG,0,high_energy_share,0.0019435542228304278,0.0002868235371549892,3.5311857882240616e-05
BG-21-img-1_jpg.rf.9bfc050bcfb821988aa4b65da8264bbb.jpg,BG,0,clipping_fraction,0.0104296875,0.0,4.069010416666667e-06
BG-21-img-1_jpg.rf.9bfc050bcfb821988aa4b65da8264bbb.jpg,BG,0,laplacian_variance,0.00974796712398529,0.001292683184146881,9.014271199703217e-05
BG-21-img-1_jpg.rf.9bfc050bcfb821988aa4b65da8264bbb.jpg,BG,0,gradient_mean,0.02214685082435608,0.016393110156059265,3.7670135498046875e-05
BG-21-img-1_jpg.rf.9bfc050bcfb821988aa4b65da8264bbb.jpg,BG,0,lesion_gradient_mean,0.019943922758102417,0.013974830508232117,-0.0004959255456924438
BG-21-img-1_jpg.rf.9bfc050bcfb821988aa4b65da8264bbb.jpg,BG,0,background_gradient_mean,0.022196710109710693,0.01649448275566101,5.994737148284912e-05
BG-21-img-1_jpg.rf.9bfc050bcfb821988aa4b65da8264bbb.jpg,BG,1,low_energy_share,-0.0031023500793493364,-0.0009928612126319791,-5.022473001670136e-05
BG-21-img-1_jpg.rf.9bfc050bcfb821988aa4b65da8264bbb.jpg,BG,1,mid_energy_share,0.0011589403143730925,0.0006316297060340328,1.3977969080552002e-05
BG-21-img-1_jpg.rf.9bfc050bcfb821988aa4b65da8264bbb.jpg,BG,1,high_energy_share,0.0019435542228304278,0.0003612536791278663,3.623155594617306e-05
BG-21-img-1_jpg.rf.9bfc050bcfb821988aa4b65da8264bbb.jpg,BG,1,clipping_fraction,0.0104296875,0.0,1.1393229166666667e-05
BG-21-img-1_jpg.rf.9bfc050bcfb821988aa4b65da8264bbb.jpg,BG,1,laplacian_variance,0.00974796712398529,0.0023043574765324593,0.00016113463789224625
BG-21-img-1_jpg.rf.9bfc050bcfb821988aa4b65da8264bbb.jpg,BG,1,gradient_mean,0.02214685082435608,0.018647432327270508,0.0003139376640319824
BG-21-img-1_jpg.rf.9bfc050bcfb821988aa4b65da8264bbb.jpg,BG,1,lesion_gradient_mean,0.019943922758102417,0.015470609068870544,-0.00039821863174438477
BG-21-img-1_jpg.rf.9bfc050bcfb821988aa4b65da8264bbb.jpg,BG,1,background_gradient_mean,0.022196710109710693,0.018754884600639343,0.0003380775451660156
BG-21-img-1_jpg.rf.9bfc050bcfb821988aa4b65da8264bbb.jpg,BG,2,low_energy_share,-0.0031023500793493364,-0.0017564027506441482,-4.324227168794881e-05
BG-21-img-1_jpg.rf.9bfc050bcfb821988aa4b65da8264bbb.jpg,BG,2,mid_energy_share,0.0011589403143730925,0.0011239355819914077,4.718989770691531e-06
BG-21-img-1_jpg.rf.9bfc050bcfb821988aa4b65da8264bbb.jpg,BG,2,high_energy_share,0.0019435542228304278,0.0006323833201781993,3.8750077708970924e-05
BG-21-img-1_jpg.rf.9bfc050bcfb821988aa4b65da8264bbb.jpg,BG,2,clipping_fraction,0.0104296875,0.0015527343749999756,0.002143554687500021
BG-21-img-1_jpg.rf.9bfc050bcfb821988aa4b65da8264bbb.jpg,BG,2,laplacian_variance,0.00974796712398529,0.0013812249526381493,4.450604319572449e-05
BG-21-img-1_jpg.rf.9bfc050bcfb821988aa4b65da8264bbb.jpg,BG,2,gradient_mean,0.02214685082435608,0.012918263673782349,0.0005292892456054688
BG-21-img-1_jpg.rf.9bfc050bcfb821988aa4b65da8264bbb.jpg,BG,2,lesion_gradient_mean,0.019943922758102417,0.012401968240737915,0.00032061338424682617
BG-21-img-1_jpg.rf.9bfc050bcfb821988aa4b65da8264bbb.jpg,BG,2,background_gradient_mean,0.022196710109710693,0.012934297323226929,0.0005357265472412109
BG-21-img-1_jpg.rf.9bfc050bcfb821988aa4b65da8264bbb.jpg,BG,3,low_energy_share,-0.0031023500793493364,-0.001465866518106429,-0.00010992974516943477
BG-21-img-1_jpg.rf.9bfc050bcfb821988aa4b65da8264bbb.jpg,BG,3,mid_energy_share,0.0011589403143730925,0.0009831941598900688,3.901195003412454e-05
BG-21-img-1_jpg.rf.9bfc050bcfb821988aa4b65da8264bbb.jpg,BG,3,high_energy_share,0.0019435542228304278,0.00048238449707929676,7.131354935250613e-05
BG-21-img-1_jpg.rf.9bfc050bcfb821988aa4b65da8264bbb.jpg,BG,3,clipping_fraction,0.0104296875,2.034505208333333e-05,0.0001123046875
BG-21-img-1_jpg.rf.9bfc050bcfb821988aa4b65da8264bbb.jpg,BG,3,laplacian_variance,0.00974796712398529,0.0008626524358987808,9.169615805149078e-05
BG-21-img-1_jpg.rf.9bfc050bcfb821988aa4b65da8264bbb.jpg,BG,3,gradient_mean,0.02214685082435608,0.012011632323265076,0.0009253025054931641
BG-21-img-1_jpg.rf.9bfc050bcfb821988aa4b65da8264bbb.jpg,BG,3,lesion_gradient_mean,0.019943922758102417,0.009949594736099243,0.0008191764354705811
BG-21-img-1_jpg.rf.9bfc050bcfb821988aa4b65da8264bbb.jpg,BG,3,background_gradient_mean,0.022196710109710693,0.012085407972335815,0.0009290575981140137
BG-21-img-1_jpg.rf.9bfc050bcfb821988aa4b65da8264bbb.jpg,BG,4,low_energy_share,-0.0031023500793493364,-0.0010234760285343647,-0.00016831506107650718
BG-21-img-1_jpg.rf.9bfc050bcfb821988aa4b65da8264bbb.jpg,BG,4,mid_energy_share,0.0011589403143730925,0.00044443046710061296,0.00013670231466120057
BG-21-img-1_jpg.rf.9bfc050bcfb821988aa4b65da8264bbb.jpg,BG,4,high_energy_share,0.0019435542228304278,0.0005795129067085797,3.118572948927973e-05
BG-21-img-1_jpg.rf.9bfc050bcfb821988aa4b65da8264bbb.jpg,BG,4,clipping_fraction,0.0104296875,0.0008577473958333304,0.0010319010416666718
BG-21-img-1_jpg.rf.9bfc050bcfb821988aa4b65da8264bbb.jpg,BG,4,laplacian_variance,0.00974796712398529,0.0013863332569599152,6.37611374258995e-05
BG-21-img-1_jpg.rf.9bfc050bcfb821988aa4b65da8264bbb.jpg,BG,4,gradient_mean,0.02214685082435608,0.0056066736578941345,0.0013252124190330505
BG-21-img-1_jpg.rf.9bfc050bcfb821988aa4b65da8264bbb.jpg,BG,4,lesion_gradient_mean,0.019943922758102417,0.011292114853858948,0.003032088279724121
BG-21-img-1_jpg.rf.9bfc050bcfb821988aa4b65da8264bbb.jpg,BG,4,background_gradient_mean,0.022196710109710693,0.00554049015045166,0.0013053417205810547
BG-21-img-1_jpg.rf.9bfc050bcfb821988aa4b65da8264bbb.jpg,BG,5,low_energy_share,-0.0031023500793493364,-0.000363124699283901,-9.18661705626711e-05
BG-21-img-1_jpg.rf.9bfc050bcfb821988aa4b65da8264bbb.jpg,BG,5,mid_energy_share,0.0011589403143730925,0.00013935261709390476,8.791764748636234e-05
BG-21-img-1_jpg.rf.9bfc050bcfb821988aa4b65da8264bbb.jpg,BG,5,high_energy_share,0.0019435542228304278,0.00022374123559755574,3.896286740243506e-06
BG-21-img-1_jpg.rf.9bfc050bcfb821988aa4b65da8264bbb.jpg,BG,5,clipping_fraction,0.0104296875,-0.0010359700520833348,0.0015616861979166619
BG-21-img-1_jpg.rf.9bfc050bcfb821988aa4b65da8264bbb.jpg,BG,5,laplacian_variance,0.00974796712398529,0.0017930669710040092,3.9558857679367065e-05
BG-21-img-1_jpg.rf.9bfc050bcfb821988aa4b65da8264bbb.jpg,BG,5,gradient_mean,0.02214685082435608,0.004549771547317505,0.0013130903244018555
BG-21-img-1_jpg.rf.9bfc050bcfb821988aa4b65da8264bbb.jpg,BG,5,lesion_gradient_mean,0.019943922758102417,0.01523590087890625,0.007416397333145142
BG-21-img-1_jpg.rf.9bfc050bcfb821988aa4b65da8264bbb.jpg,BG,5,background_gradient_mean,0.022196710109710693,0.004471421241760254,0.0012683570384979248
BG-21-img-1_jpg.rf.9bfc050bcfb821988aa4b65da8264bbb.jpg,BG,6,low_energy_share,-0.0031023500793493364,-0.0008871652430869625,-7.665027695236137e-05
BG-21-img-1_jpg.rf.9bfc050bcfb821988aa4b65da8264bbb.jpg,BG,6,mid_energy_share,0.0011589403143730925,0.00040884670993633675,8.455450407706582e-05
BG-21-img-1_jpg.rf.9bfc050bcfb821988aa4b65da8264bbb.jpg,BG,6,high_energy_share,0.0019435542228304278,0.00047798921265924336,-7.646032450841968e-06
BG-21-img-1_jpg.rf.9bfc050bcfb821988aa4b65da8264bbb.jpg,BG,6,clipping_fraction,0.0104296875,0.0006388346354166685,0.0005696614583333426
BG-21-img-1_jpg.rf.9bfc050bcfb821988aa4b65da8264bbb.jpg,BG,6,laplacian_variance,0.00974796712398529,0.0018598949536681175,-3.3680349588394165e-05
BG-21-img-1_jpg.rf.9bfc050bcfb821988aa4b65da8264bbb.jpg,BG,6,gradient_mean,0.02214685082435608,0.007318802177906036,0.0009637102484703064
BG-21-img-1_jpg.rf.9bfc050bcfb821988aa4b65da8264bbb.jpg,BG,6,lesion_gradient_mean,0.019943922758102417,0.013067632913589478,0.0032400190830230713
BG-21-img-1_jpg.rf.9bfc050bcfb821988aa4b65da8264bbb.jpg,BG,6,background_gradient_mean,0.022196710109710693,0.00724387913942337,0.0009340271353721619
BG-21-img-1_jpg.rf.9bfc050bcfb821988aa4b65da8264bbb.jpg,BG,7,low_energy_share,-0.0031023500793493364,-0.000268603299048209,-8.754751816841821e-05
BG-21-img-1_jpg.rf.9bfc050bcfb821988aa4b65da8264bbb.jpg,BG,7,mid_energy_share,0.0011589403143730925,0.00010366127967956999,7.88641781867556e-05
BG-21-img-1_jpg.rf.9bfc050bcfb821988aa4b65da8264bbb.jpg,BG,7,high_energy_share,0.0019435542228304278,0.00016545695099334464,8.443600420158159e-06
BG-21-img-1_jpg.rf.9bfc050bcfb821988aa4b65da8264bbb.jpg,BG,7,clipping_fraction,0.0104296875,-0.0006136067708333443,0.0010913085937500067
BG-21-img-1_jpg.rf.9bfc050bcfb821988aa4b65da8264bbb.jpg,BG,7,laplacian_variance,0.00974796712398529,0.0014813253656029701,8.707214146852493e-05
BG-21-img-1_jpg.rf.9bfc050bcfb821988aa4b65da8264bbb.jpg,BG,7,gradient_mean,0.02214685082435608,0.003461122512817383,0.0014646053314208984
BG-21-img-1_jpg.rf.9bfc050bcfb821988aa4b65da8264bbb.jpg,BG,7,lesion_gradient_mean,0.019943922758102417,0.014945268630981445,0.007504820823669434
BG-21-img-1_jpg.rf.9bfc050bcfb821988aa4b65da8264bbb.jpg,BG,7,background_gradient_mean,0.022196710109710693,0.0033895187079906464,0.00142693892121315
BG-21-img-1_jpg.rf.9bfc050bcfb821988aa4b65da8264bbb.jpg,BG,8,low_energy_share,-0.0031023500793493364,-0.000808320207113522,-0.0001524643396563219
BG-21-img-1_jpg.rf.9bfc050bcfb821988aa4b65da8264bbb.jpg,BG,8,mid_energy_share,0.0011589403143730925,0.0003642695846662147,0.00010430843918881943
BG-21-img-1_jpg.rf.9bfc050bcfb821988aa4b65da8264bbb.jpg,BG,8,high_energy_share,0.0019435542228304278,0.00044409788579052173,4.814286112682711e-05
BG-21-img-1_jpg.rf.9bfc050bcfb821988aa4b65da8264bbb.jpg,BG,8,clipping_fraction,0.0104296875,4.069010416666667e-06,1.627604166666667e-06
BG-21-img-1_jpg.rf.9bfc050bcfb821988aa4b65da8264bbb.jpg,BG,8,laplacian_variance,0.00974796712398529,0.002228950150310993,0.00023653265088796616
BG-21-img-1_jpg.rf.9bfc050bcfb821988aa4b65da8264bbb.jpg,BG,8,gradient_mean,0.02214685082435608,0.008746124804019928,0.002110600471496582
BG-21-img-1_jpg.rf.9bfc050bcfb821988aa4b65da8264bbb.jpg,BG,8,lesion_gradient_mean,0.019943922758102417,0.013297617435455322,0.002345949411392212
BG-21-img-1_jpg.rf.9bfc050bcfb821988aa4b65da8264bbb.jpg,BG,8,background_gradient_mean,0.022196710109710693,0.008681930601596832,0.0021073073148727417
BG-21-img-1_jpg.rf.9bfc050bcfb821988aa4b65da8264bbb.jpg,BG,9,low_energy_share,-0.0031023500793493364,-0.0009747237297794697,-5.045399986636223e-05
BG-21-img-1_jpg.rf.9bfc050bcfb821988aa4b65da8264bbb.jpg,BG,9,mid_energy_share,0.0011589403143730925,0.0005004826572649898,5.1233546467956744e-05
BG-21-img-1_jpg.rf.9bfc050bcfb821988aa4b65da8264bbb.jpg,BG,9,high_energy_share,0.0019435542228304278,0.0004739716181165112,-1.1480916699544742e-06
BG-21-img-1_jpg.rf.9bfc050bcfb821988aa4b65da8264bbb.jpg,BG,9,clipping_fraction,0.0104296875,0.001224772135416663,0.00042317708333333703
BG-21-img-1_jpg.rf.9bfc050bcfb821988aa4b65da8264bbb.jpg,BG,9,laplacian_variance,0.00974796712398529,0.0022171037271618843,-8.305534720420837e-06
BG-21-img-1_jpg.rf.9bfc050bcfb821988aa4b65da8264bbb.jpg,BG,9,gradient_mean,0.02214685082435608,0.010484367609024048,0.0009587705135345459
BG-21-img-1_jpg.rf.9bfc050bcfb821988aa4b65da8264bbb.jpg,BG,9,lesion_gradient_mean,0.019943922758102417,0.012331336736679077,0.0027984678745269775
BG-21-img-1_jpg.rf.9bfc050bcfb821988aa4b65da8264bbb.jpg,BG,9,background_gradient_mean,0.022196710109710693,0.010452881455421448,0.0009273886680603027
BG-21-img-1_jpg.rf.9bfc050bcfb821988aa4b65da8264bbb.jpg,BG,10,low_energy_share,-0.0031023500793493364,-0.0009309299655207992,-0.00010534566088460373
BG-21-img-1_jpg.rf.9bfc050bcfb821988aa4b65da8264bbb.jpg,BG,10,mid_energy_share,0.0011589403143730925,0.000524967070227352,6.291392902460155e-05
BG-21-img-1_jpg.rf.9bfc050bcfb821988aa4b65da8264bbb.jpg,BG,10,high_energy_share,0.0019435542228304278,0.00040626745276114333,4.232849683636752e-05
BG-21-img-1_jpg.rf.9bfc050bcfb821988aa4b65da8264bbb.jpg,BG,10,clipping_fraction,0.0104296875,2.44140625e-06,3.2552083333333335e-06
BG-21-img-1_jpg.rf.9bfc050bcfb821988aa4b65da8264bbb.jpg,BG,10,laplacian_variance,0.00974796712398529,0.002336651086807251,0.00019440893083810806
BG-21-img-1_jpg.rf.9bfc050bcfb821988aa4b65da8264bbb.jpg,BG,10,gradient_mean,0.02214685082435608,0.014528453350067139,0.0015548616647720337
BG-21-img-1_jpg.rf.9bfc050bcfb821988aa4b65da8264bbb.jpg,BG,10,lesion_gradient_mean,0.019943922758102417,0.01381462812423706,0.0005796849727630615
BG-21-img-1_jpg.rf.9bfc050bcfb821988aa4b65da8264bbb.jpg,BG,10,background_gradient_mean,0.022196710109710693,0.014544874429702759,0.001577138900756836
BG-21-img-1_jpg.rf.9bfc050bcfb821988aa4b65da8264bbb.jpg,BG,11,low_energy_share,-0.0031023500793493364,-0.0009365944141244142,-0.00010581989726698993
BG-21-img-1_jpg.rf.9bfc050bcfb821988aa4b65da8264bbb.jpg,BG,11,mid_energy_share,0.0011589403143730925,0.0005423681668025684,5.353459306107686e-05
BG-21-img-1_jpg.rf.9bfc050bcfb821988aa4b65da8264bbb.jpg,BG,11,high_energy_share,0.0019435542228304278,0.00039435907673364065,5.232731085540437e-05
BG-21-img-1_jpg.rf.9bfc050bcfb821988aa4b65da8264bbb.jpg,BG,11,clipping_fraction,0.0104296875,0.0,8.951822916666667e-06
BG-21-img-1_jpg.rf.9bfc050bcfb821988aa4b65da8264bbb.jpg,BG,11,laplacian_variance,0.00974796712398529,0.0015586595982313156,0.00015346426516771317
BG-21-img-1_jpg.rf.9bfc050bcfb821988aa4b65da8264bbb.jpg,BG,11,gradient_mean,0.02214685082435608,0.012763991951942444,0.0015919208526611328
BG-21-img-1_jpg.rf.9bfc050bcfb821988aa4b65da8264bbb.jpg,BG,11,lesion_gradient_mean,0.019943922758102417,0.011902973055839539,0.0007559657096862793
BG-21-img-1_jpg.rf.9bfc050bcfb821988aa4b65da8264bbb.jpg,BG,11,background_gradient_mean,0.022196710109710693,0.012787818908691406,0.0016151368618011475
BG-21-img-2_jpg.rf.782a5eed29865423babedbe507fbad57.jpg,BG,0,low_energy_share,-0.0023703069131598697,-0.0008393266882935624,-4.1831109180434645e-05
BG-21-img-2_jpg.rf.782a5eed29865423babedbe507fbad57.jpg,BG,0,mid_energy_share,0.001009319386351017,0.0005153766427282032,5.3654841436086374e-05
BG-21-img-2_jpg.rf.782a5eed29865423babedbe507fbad57.jpg,BG,0,high_energy_share,0.0013614713300943923,0.0003243639837638198,-1.1594580530308258e-05
BG-21-img-2_jpg.rf.782a5eed29865423babedbe507fbad57.jpg,BG,0,clipping_fraction,0.010098470052083336,-0.0007657877604166918,0.003920898437500042
BG-21-img-2_jpg.rf.782a5eed29865423babedbe507fbad57.jpg,BG,0,laplacian_variance,0.0068921782076358795,0.001617521047592163,-5.257129669189453e-05
BG-21-img-2_jpg.rf.782a5eed29865423babedbe507fbad57.jpg,BG,0,gradient_mean,0.02021968364715576,0.010510176420211792,0.0006549656391143799
BG-21-img-2_jpg.rf.782a5eed29865423babedbe507fbad57.jpg,BG,0,lesion_gradient_mean,0.018684685230255127,0.01368701457977295,0.0022634267807006836
BG-21-img-2_jpg.rf.782a5eed29865423babedbe507fbad57.jpg,BG,0,background_gradient_mean,0.02025119960308075,0.010454535484313965,0.000626787543296814
BG-21-img-2_jpg.rf.782a5eed29865423babedbe507fbad57.jpg,BG,1,low_energy_share,-0.0023703069131598697,-0.0009883667298677956,-0.00011157414808282695
BG-21-img-2_jpg.rf.782a5eed29865423babedbe507fbad57.jpg,BG,1,mid_energy_share,0.001009319386351017,0.0005652830462998734,9.241566627868781e-05
BG-21-img-2_jpg.rf.782a5eed29865423babedbe507fbad57.jpg,BG,1,high_energy_share,0.0013614713300943923,0.0004224931921027299,1.962054609009863e-05
BG-21-img-2_jpg.rf.782a5eed29865423babedbe507fbad57.jpg,BG,1,clipping_fraction,0.010098470052083336,0.0010758463541666596,0.001815592447916653
BG-21-img-2_jpg.rf.782a5eed29865423babedbe507fbad57.jpg,BG,1,laplacian_variance,0.0068921782076358795,0.000754837179556489,1.369137316942215e-05
BG-21-img-2_jpg.rf.782a5eed29865423babedbe507fbad57.jpg,BG,1,gradient_mean,0.02021968364715576,0.00645563006401062,0.001331232488155365
BG-21-img-2_jpg.rf.782a5eed29865423babedbe507fbad57.jpg,BG,1,lesion_gradient_mean,0.018684685230255127,0.008855462074279785,0.001888766884803772
BG-21-img-2_jpg.rf.782a5eed29865423babedbe507fbad57.jpg,BG,1,background_gradient_mean,0.02025119960308075,0.006416827440261841,0.0013222545385360718
BG-21-img-2_jpg.rf.782a5eed29865423babedbe507fbad57.jpg,BG,2,low_energy_share,-0.0023703069131598697,-0.00039782218037742734,-0.00011893978235066882
BG-21-img-2_jpg.rf.782a5eed29865423babedbe507fbad57.jpg,BG,2,mid_energy_share,0.001009319386351017,0.0001429430546768455,0.00010245043276298714
BG-21-img-2_jpg.rf.782a5eed29865423babedbe507fbad57.jpg,BG,2,high_energy_share,0.0013614713300943923,0.0002550230624529784,1.6408778494876293e-05
BG-21-img-2_jpg.rf.782a5eed29865423babedbe507fbad57.jpg,BG,2,clipping_fraction,0.010098470052083336,0.0003629557291666627,0.0005647786458333331
BG-21-img-2_jpg.rf.782a5eed29865423babedbe507fbad57.jpg,BG,2,laplacian_variance,0.0068921782076358795,0.0010961228981614113,7.031485438346863e-05
BG-21-img-2_jpg.rf.782a5eed29865423babedbe507fbad57.jpg,BG,2,gradient_mean,0.02021968364715576,0.0029307790100574493,0.0013220533728599548
BG-21-img-2_jpg.rf.782a5eed29865423babedbe507fbad57.jpg,BG,2,lesion_gradient_mean,0.018684685230255127,0.01043766736984253,0.008756160736083984
BG-21-img-2_jpg.rf.782a5eed29865423babedbe507fbad57.jpg,BG,2,background_gradient_mean,0.02025119960308075,0.002891708165407181,0.0012833662331104279
BG-21-img-2_jpg.rf.782a5eed29865423babedbe507fbad57.jpg,BG,3,low_energy_share,-0.0023703069131598697,-0.0015664954039136259,-4.9117788694763576e-05
BG-21-img-2_jpg.rf.782a5eed29865423babedbe507fbad57.jpg,BG,3,mid_energy_share,0.001009319386351017,0.0010700318212181308,3.130241021580271e-05
BG-21-img-2_jpg.rf.782a5eed29865423babedbe507fbad57.jpg,BG,3,high_energy_share,0.0013614713300943923,0.0004964411696710205,1.8064025476442497e-05
BG-21-img-2_jpg.rf.782a5eed29865423babedbe507fbad57.jpg,BG,3,clipping_fraction,0.010098470052083336,0.0022135416666666796,0.0017928059895833404
BG-21-img-2_jpg.rf.782a5eed29865423babedbe507fbad57.jpg,BG,3,laplacian_variance,0.0068921782076358795,0.001657501794397831,3.955140709877014e-05
BG-21-img-2_jpg.rf.782a5eed29865423babedbe507fbad57.jpg,BG,3,gradient_mean,0.02021968364715576,0.013836830854415894,0.0006671249866485596
BG-21-img-2_jpg.rf.782a5eed29865423babedbe507fbad57.jpg,BG,3,lesion_gradient_mean,0.018684685230255127,0.015369772911071777,-0.0002465546131134033
BG-21-img-2_jpg.rf.782a5eed29865423babedbe507fbad57.jpg,BG,3,background_gradient_mean,0.02025119960308075,0.013800740242004395,0.0006886422634124756
BG-21-img-2_jpg.rf.782a5eed29865423babedbe507fbad57.jpg,BG,4,low_energy_share,-0.0023703069131598697,-0.000531613413476073,-0.00015824603290304218
BG-21-img-2_jpg.rf.782a5eed29865423babedbe507fbad57.jpg,BG,4,mid_energy_share,0.001009319386351017,0.00029270562908248823,0.00014090387499477667
BG-21-img-2_jpg.rf.782a5eed29865423babedbe507fbad57.jpg,BG,4,high_energy_share,0.0013614713300943923,0.00023895238426724298,1.784134388094563e-05
BG-21-img-2_jpg.rf.782a5eed29865423babedbe507fbad57.jpg,BG,4,clipping_fraction,0.010098470052083336,-0.0010555013020833726,0.0032299804687500044
BG-21-img-2_jpg.rf.782a5eed29865423babedbe507fbad57.jpg,BG,4,laplacian_variance,0.0068921782076358795,0.0014116521924734116,8.250027894973755e-05
BG-21-img-2_jpg.rf.782a5eed29865423babedbe507fbad57.jpg,BG,4,gradient_mean,0.02021968364715576,0.005984649062156677,0.001762479543685913
BG-21-img-2_jpg.rf.782a5eed29865423babedbe507fbad57.jpg,BG,4,lesion_gradient_mean,0.018684685230255127,0.013662099838256836,0.0034641921520233154
BG-21-img-2_jpg.rf.782a5eed29865423babedbe507fbad57.jpg,BG,4,background_gradient_mean,0.02025119960308075,0.005893714725971222,0.001742340624332428
BG-21-img-2_jpg.rf.782a5eed29865423babedbe507fbad57.jpg,BG,5,low_energy_share,-0.0023703069131598697,-0.0005195249837199878,-6.770455914040241e-05
BG-21-img-2_jpg.rf.782a5eed29865423babedbe507fbad57.jpg,BG,5,mid_energy_share,0.001009319386351017,0.0002694964742709085,6.871130175330068e-05
BG-21-img-2_jpg.rf.782a5eed29865423babedbe507fbad57.jpg,BG,5,high_energy_share,0.0013614713300943923,0.0002499510342693957,-9.578147052470565e-07
BG-21-img-2_jpg.rf.782a5eed29865423babedbe507fbad57.jpg,BG,5,clipping_fraction,0.010098470052083336,-0.0020304361979166657,0.0028043619791666557
BG-21-img-2_jpg.rf.782a5eed29865423babedbe507fbad57.jpg,BG,5,laplacian_variance,0.0068921782076358795,0.0018751481547951698,3.771856427192688e-07
BG-21-img-2_jpg.rf.782a5eed29865423babedbe507fbad57.jpg,BG,5,gradient_mean,0.02021968364715576,0.008227817714214325,0.0011676400899887085
BG-21-img-2_jpg.rf.782a5eed29865423babedbe507fbad57.jpg,BG,5,lesion_gradient_mean,0.018684685230255127,0.015634208917617798,0.0030530691146850586
BG-21-img-2_jpg.rf.782a5eed29865423babedbe507fbad57.jpg,BG,5,background_gradient_mean,0.02025119960308075,0.008140116930007935,0.0011453181505203247
BG-21-img-2_jpg.rf.782a5eed29865423babedbe507fbad57.jpg,BG,6,low_energy_share,-0.0023703069131598697,-0.0013504577222974712,-7.004730971316153e-05
BG-21-img-2_jpg.rf.782a5eed29865423babedbe507fbad57.jpg,BG,6,mid_energy_share,0.001009319386351017,0.0010326540119437594,1.6125427386036797e-05
BG-21-img-2_jpg.rf.782a5eed29865423babedbe507fbad57.jpg,BG,6,high_energy_share,0.0013614713300943923,0.00031819687002501034,5.363910309612004e-05
BG-21-img-2_jpg.rf.782a5eed29865423babedbe507fbad57.jpg,BG,6,clipping_fraction,0.010098470052083336,0.002592773437500001,0.0034301757812500028
BG-21-img-2_jpg.rf.782a5eed29865423babedbe507fbad57.jpg,BG,6,laplacian_variance,0.0068921782076358795,0.0004928549751639366,5.067302845418453e-05
BG-21-img-2_jpg.rf.782a5eed29865423babedbe507fbad57.jpg,BG,6,gradient_mean,0.02021968364715576,0.010179251432418823,0.0005306601524353027
BG-21-img-2_jpg.rf.782a5eed29865423babedbe507fbad57.jpg,BG,6,lesion_gradient_mean,0.018684685230255127,0.009684339165687561,0.00045509636402130127
BG-21-img-2_jpg.rf.782a5eed29865423babedbe507fbad57.jpg,BG,6,background_gradient_mean,0.02025119960308075,0.01019662618637085,0.0005333870649337769
BG-21-img-2_jpg.rf.782a5eed29865423babedbe507fbad57.jpg,BG,7,low_energy_share,-0.0023703069131598697,-0.00026983665250146505,-0.00010554671169948904
BG-21-img-2_jpg.rf.782a5eed29865423babedbe507fbad57.jpg,BG,7,mid_energy_share,0.001009319386351017,0.00012321605886116897,9.516728160567666e-05
BG-21-img-2_jpg.rf.782a5eed29865423babedbe507fbad57.jpg,BG,7,high_energy_share,0.0013614713300943923,0.0001466453507064662,1.0184683216804525e-05
BG-21-img-2_jpg.rf.782a5eed29865423babedbe507fbad57.jpg,BG,7,clipping_fraction,0.010098470052083336,-0.0016943359374999994,0.002244466145833332
BG-21-img-2_jpg.rf.782a5eed29865423babedbe507fbad57.jpg,BG,7,laplacian_variance,0.0068921782076358795,0.0013414667919278145,8.624047040939331e-05
BG-21-img-2_jpg.rf.782a5eed29865423babedbe507fbad57.jpg,BG,7,gradient_mean,0.02021968364715576,0.004186324775218964,0.0016476884484291077
BG-21-img-2_jpg.rf.782a5eed29865423babedbe507fbad57.jpg,BG,7,lesion_gradient_mean,0.018684685230255127,0.014959633350372314,0.005761146545410156
BG-21-img-2_jpg.rf.782a5eed29865423babedbe507fbad57.jpg,BG,7,background_gradient_mean,0.02025119960308075,0.004105083644390106,0.0016167014837265015
BG-21-img-2_jpg.rf.782a5eed29865423babedbe507fbad57.jpg,BG,8,low_energy_share,-0.0023703069131598697,-0.0009418487615430182,-1.54946033790182e-05
BG-21-img-2_jpg.rf.782a5eed29865423babedbe507fbad57.jpg,BG,8,mid_energy_share,0.001009319386351017,0.0007031843249581658,-1.3036364532448622e-05
BG-21-img-2_jpg.rf.782a5eed29865423babedbe507fbad57.jpg,BG,8,high_energy_share,0.0013614713300943923,0.00023862292206070575,2.825032026898891e-05
BG-21-img-2_jpg.rf.782a5eed29865423babedbe507fbad57.jpg,BG,8,clipping_fraction,0.010098470052083336,1.6276041666666668e-06,4.8828125e-06
BG-21-img-2_jpg.rf.782a5eed29865423babedbe507fbad57.jpg,BG,8,laplacian_variance,0.0068921782076358795,0.0011748294346034527,8.755875751376152e-05
BG-21-img-2_jpg.rf.782a5eed29865423babedbe507fbad57.jpg,BG,8,gradient_mean,0.02021968364715576,0.015968531370162964,-2.460181713104248e-05
BG-21-img-2_jpg.rf.782a5eed29865423babedbe507fbad57.jpg,BG,8,lesion_gradient_mean,0.018684685230255127,0.014591038227081299,-0.0010982751846313477
BG-21-img-2_jpg.rf.782a5eed29865423babedbe507fbad57.jpg,BG,8,background_gradient_mean,0.02025119960308075,0.01602080464363098,1.6182661056518555e-05
BG-21-img-2_jpg.rf.782a5eed29865423babedbe507fbad57.jpg,BG,9,low_energy_share,-0.0023703069131598697,-0.0003591192789211828,-9.000942386050426e-05
BG-21-img-2_jpg.rf.782a5eed29865423babedbe507fbad57.jpg,BG,9,mid_energy_share,0.001009319386351017,0.0001485928362090689,8.855255288197478e-05
BG-21-img-2_jpg.rf.782a5eed29865423babedbe507fbad57.jpg,BG,9,high_energy_share,0.0013614713300943923,0.0002105387660993306,1.081455111073609e-06
BG-21-img-2_jpg.rf.782a5eed29865423babedbe507fbad57.jpg,BG,9,clipping_fraction,0.010098470052083336,0.00031819661458333537,0.0012622070312500039
BG-21-img-2_jpg.rf.782a5eed29865423babedbe507fbad57.jpg,BG,9,laplacian_variance,0.0068921782076358795,0.0012324731796979904,9.28947702050209e-06
BG-21-img-2_jpg.rf.782a5eed29865423babedbe507fbad57.jpg,BG,9,gradient_mean,0.02021968364715576,0.0035968124866485596,0.0013395324349403381
BG-21-img-2_jpg.rf.782a5eed29865423babedbe507fbad57.jpg,BG,9,lesion_gradient_mean,0.018684685230255127,0.011366218328475952,0.009442627429962158
BG-21-img-2_jpg.rf.782a5eed29865423babedbe507fbad57.jpg,BG,9,background_gradient_mean,0.02025119960308075,0.003547515720129013,0.0012881234288215637
BG-21-img-2_jpg.rf.782a5eed29865423babedbe507fbad57.jpg,BG,10,low_energy_share,-0.0023703069131598697,-0.0002889156607497334,-9.936673753818681e-05
BG-21-img-2_jpg.rf.782a5eed29865423babedbe507fbad57.jpg,BG,10,mid_energy_share,0.001009319386351017,0.0001151310694037799,9.221488867074763e-05
BG-21-img-2_jpg.rf.782a5eed29865423babedbe507fbad57.jpg,BG,10,high_energy_share,0.0013614713300943923,0.00017406832201677326,7.077968658343505e-06
BG-21-img-2_jpg.rf.782a5eed29865423babedbe507fbad57.jpg,BG,10,clipping_fraction,0.010098470052083336,-0.00021972656250000833,0.0014404296875000083
BG-21-img-2_jpg.rf.782a5eed29865423babedbe507fbad57.jpg,BG,10,laplacian_variance,0.0068921782076358795,0.0011212988756597042,4.3336767703294754e-05
BG-21-img-2_jpg.rf.782a5eed29865423babedbe507fbad57.jpg,BG,10,gradient_mean,0.02021968364715576,0.00293649360537529,0.0012760087847709656
BG-21-img-2_jpg.rf.782a5eed29865423babedbe507fbad57.jpg,BG,10,lesion_gradient_mean,0.018684685230255127,0.01224556565284729,0.009420394897460938
BG-21-img-2_jpg.rf.782a5eed29865423babedbe507fbad57.jpg,BG,10,background_gradient_mean,0.02025119960308075,0.002882484346628189,0.0012287572026252747
BG-21-img-2_jpg.rf.782a5eed29865423babedbe507fbad57.jpg,BG,11,low_energy_share,-0.0023703069131598697,-0.0007644293509825317,-8.841135055015492e-05
BG-21-img-2_jpg.rf.782a5eed29865423babedbe507fbad57.jpg,BG,11,mid_energy_share,0.001009319386351017,0.0003823010920029511,8.082748733849758e-05
BG-21-img-2_jpg.rf.782a5eed29865423babedbe507fbad57.jpg,BG,11,high_energy_share,0.0013614713300943923,0.0003820116388850885,7.790722612714598e-06
BG-21-img-2_jpg.rf.782a5eed29865423babedbe507fbad57.jpg,BG,11,clipping_fraction,0.010098470052083336,0.0011393229166666713,0.001051432291666668
BG-21-img-2_jpg.rf.782a5eed29865423babedbe507fbad57.jpg,BG,11,laplacian_variance,0.0068921782076358795,0.002023485489189625,5.29605895280838e-05
BG-21-img-2_jpg.rf.782a5eed29865423babedbe507fbad57.jpg,BG,11,gradient_mean,0.02021968364715576,0.008520625531673431,0.0014511793851852417
BG-21-img-2_jpg.rf.782a5eed29865423babedbe507fbad57.jpg,BG,11,lesion_gradient_mean,0.018684685230255127,0.013901710510253906,0.0033077597618103027
BG-21-img-2_jpg.rf.782a5eed29865423babedbe507fbad57.jpg,BG,11,background_gradient_mean,0.02025119960308075,0.008455954492092133,0.001428842544555664
BG-25-img-2_jpg.rf.d0cd8eab6ea2f1cc30811a9f018894c7.jpg,BG,0,low_energy_share,-0.005287696956126298,-0.0015664677384902292,-0.0001508980106649238
BG-25-img-2_jpg.rf.d0cd8eab6ea2f1cc30811a9f018894c7.jpg,BG,0,mid_energy_share,0.0013382041219841528,0.0007146516747236591,5.6806505234078056e-05
BG-25-img-2_jpg.rf.d0cd8eab6ea2f1cc30811a9f018894c7.jpg,BG,0,high_energy_share,0.0039501864919241625,0.0008520159406945407,9.3846866849631e-05
BG-25-img-2_jpg.rf.d0cd8eab6ea2f1cc30811a9f018894c7.jpg,BG,0,clipping_fraction,0.00680908203125,0.0012386067708333327,0.0010522460937500006
BG-25-img-2_jpg.rf.d0cd8eab6ea2f1cc30811a9f018894c7.jpg,BG,0,laplacian_variance,0.025060608983039856,0.006722442805767059,0.0007472820580005646
BG-25-img-2_jpg.rf.d0cd8eab6ea2f1cc30811a9f018894c7.jpg,BG,0,gradient_mean,0.02806904911994934,0.020927876234054565,0.001996248960494995
BG-25-img-2_jpg.rf.d0cd8eab6ea2f1cc30811a9f018894c7.jpg,BG,0,lesion_gradient_mean,0.015161007642745972,0.012885674834251404,0.00018690526485443115
BG-25-img-2_jpg.rf.d0cd8eab6ea2f1cc30811a9f018894c7.jpg,BG,0,background_gradient_mean,0.028284788131713867,0.021071523427963257,0.0020284950733184814
BG-25-img-2_jpg.rf.d0cd8eab6ea2f1cc30811a9f018894c7.jpg,BG,1,low_energy_share,-0.005287696956126298,-0.0006580573556898006,4.9718872854098706e-05
BG-25-img-2_jpg.rf.d0cd8eab6ea2f1cc30811a9f018894c7.jpg,BG,1,mid_energy_share,0.0013382041219841528,0.00027306447625973364,3.7870630410924595e-05
BG-25-img-2_jpg.rf.d0cd8eab6ea2f1cc30811a9f018894c7.jpg,BG,1,high_energy_share,0.0039501864919241625,0.0003849149455418268,-8.732416671571974e-05
BG-25-img-2_jpg.rf.d0cd8eab6ea2f1cc30811a9f018894c7.jpg,BG,1,clipping_fraction,0.00680908203125,-0.0032991536458333304,0.006136881510416664
BG-25-img-2_jpg.rf.d0cd8eab6ea2f1cc30811a9f018894c7.jpg,BG,1,laplacian_variance,0.025060608983039856,0.003640905022621155,-0.0009384416043758392
BG-25-img-2_jpg.rf.d0cd8eab6ea2f1cc30811a9f018894c7.jpg,BG,1,gradient_mean,0.02806904911994934,0.010432563722133636,-0.0009650290012359619
BG-25-img-2_jpg.rf.d0cd8eab6ea2f1cc30811a9f018894c7.jpg,BG,1,lesion_gradient_mean,0.015161007642745972,0.013377785682678223,0.0029252171516418457
BG-25-img-2_jpg.rf.d0cd8eab6ea2f1cc30811a9f018894c7.jpg,BG,1,background_gradient_mean,0.028284788131713867,0.010402865707874298,-0.0010041892528533936
BG-25-img-2_jpg.rf.d0cd8eab6ea2f1cc30811a9f018894c7.jpg,BG,2,low_energy_share,-0.005287696956126298,-0.0016604315547985582,-0.00017875583272319862
BG-25-img-2_jpg.rf.d0cd8eab6ea2f1cc30811a9f018894c7.jpg,BG,2,mid_energy_share,0.0013382041219841528,0.0007484171698111906,6.943029897602503e-05
BG-25-img-2_jpg.rf.d0cd8eab6ea2f1cc30811a9f018894c7.jpg,BG,2,high_energy_share,0.0039501864919241625,0.0009120843262289732,0.00010917188850661196
BG-25-img-2_jpg.rf.d0cd8eab6ea2f1cc30811a9f018894c7.jpg,BG,2,clipping_fraction,0.00680908203125,0.0010408528645833338,0.001305338541666666
BG-25-img-2_jpg.rf.d0cd8eab6ea2f1cc30811a9f018894c7.jpg,BG,2,laplacian_variance,0.025060608983039856,0.006868988275527954,0.0008229836821556091
BG-25-img-2_jpg.rf.d0cd8eab6ea2f1cc30811a9f018894c7.jpg,BG,2,gradient_mean,0.02806904911994934,0.02043294906616211,0.002150416374206543
BG-25-img-2_jpg.rf.d0cd8eab6ea2f1cc30811a9f018894c7.jpg,BG,2,lesion_gradient_mean,0.015161007642745972,0.012972623109817505,0.0005671977996826172
BG-25-img-2_jpg.rf.d0cd8eab6ea2f1cc30811a9f018894c7.jpg,BG,2,background_gradient_mean,0.028284788131713867,0.020560085773468018,0.002177417278289795
BG-25-img-2_jpg.rf.d0cd8eab6ea2f1cc30811a9f018894c7.jpg,BG,3,low_energy_share,-0.005287696956126298,-0.001841744502128595,-2.6751936063496018e-05
BG-25-img-2_jpg.rf.d0cd8eab6ea2f1cc30811a9f018894c7.jpg,BG,3,mid_energy_share,0.0013382041219841528,0.00091428391091764,-4.1207425315065854e-06
BG-25-img-2_jpg.rf.d0cd8eab6ea2f1cc30811a9f018894c7.jpg,BG,3,high_energy_share,0.0039501864919241625,0.0009276322420890626,3.08362221600484e-05
BG-25-img-2_jpg.rf.d0cd8eab6ea2f1cc30811a9f018894c7.jpg,BG,3,clipping_fraction,0.00680908203125,0.0019490559895833232,0.0047932942708333315
BG-25-img-2_jpg.rf.d0cd8eab6ea2f1cc30811a9f018894c7.jpg,BG,3,laplacian_variance,0.025060608983039856,0.003721870481967926,7.902644574642181e-05
BG-25-img-2_jpg.rf.d0cd8eab6ea2f1cc30811a9f018894c7.jpg,BG,3,gradient_mean,0.02806904911994934,0.018170878291130066,-0.00010669231414794922
BG-25-img-2_jpg.rf.d0cd8eab6ea2f1cc30811a9f018894c7.jpg,BG,3,lesion_gradient_mean,0.015161007642745972,0.008709698915481567,0.0010404586791992188
BG-25-img-2_jpg.rf.d0cd8eab6ea2f1cc30811a9f018894c7.jpg,BG,3,background_gradient_mean,0.028284788131713867,0.018373310565948486,-0.0001312941312789917
BG-25-img-2_jpg.rf.d0cd8eab6ea2f1cc30811a9f018894c7.jpg,BG,4,low_energy_share,-0.005287696956126298,-0.0006793918457086434,2.0577913917740887e-05
BG-25-img-2_jpg.rf.d0cd8eab6ea2f1cc30811a9f018894c7.jpg,BG,4,mid_energy_share,0.0013382041219841528,0.00028340238530504534,4.329229027435089e-05
BG-25-img-2_jpg.rf.d0cd8eab6ea2f1cc30811a9f018894c7.jpg,BG,4,high_energy_share,0.0039501864919241625,0.0003958359685979156,-6.399636693054799e-05
BG-25-img-2_jpg.rf.d0cd8eab6ea2f1cc30811a9f018894c7.jpg,BG,4,clipping_fraction,0.00680908203125,-0.004309895833333327,0.004973144531250001
BG-25-img-2_jpg.rf.d0cd8eab6ea2f1cc30811a9f018894c7.jpg,BG,4,laplacian_variance,0.025060608983039856,0.0041831061244010925,-0.0007596984505653381
BG-25-img-2_jpg.rf.d0cd8eab6ea2f1cc30811a9f018894c7.jpg,BG,4,gradient_mean,0.02806904911994934,0.01196981966495514,-0.0007367730140686035
BG-25-img-2_jpg.rf.d0cd8eab6ea2f1cc30811a9f018894c7.jpg,BG,4,lesion_gradient_mean,0.015161007642745972,0.01482895016670227,0.002539306879043579
BG-25-img-2_jpg.rf.d0cd8eab6ea2f1cc30811a9f018894c7.jpg,BG,4,background_gradient_mean,0.028284788131713867,0.011938661336898804,-0.0007724761962890625
BG-25-img-2_jpg.rf.d0cd8eab6ea2f1cc30811a9f018894c7.jpg,BG,5,low_energy_share,-0.005287696956126298,-0.001519863834488988,6.5287544553926935e-06
BG-25-img-2_jpg.rf.d0cd8eab6ea2f1cc30811a9f018894c7.jpg,BG,5,mid_energy_share,0.0013382041219841528,0.0007473868723010361,6.36190752918318e-05
BG-25-img-2_jpg.rf.d0cd8eab6ea2f1cc30811a9f018894c7.jpg,BG,5,high_energy_share,0.0039501864919241625,0.0007726365908992472,-7.047606557154806e-05
BG-25-img-2_jpg.rf.d0cd8eab6ea2f1cc30811a9f018894c7.jpg,BG,5,clipping_fraction,0.00680908203125,-0.00447509765625001,0.005730794270833339
BG-25-img-2_jpg.rf.d0cd8eab6ea2f1cc30811a9f018894c7.jpg,BG,5,laplacian_variance,0.025060608983039856,0.00510815903544426,-0.0005656220018863678
BG-25-img-2_jpg.rf.d0cd8eab6ea2f1cc30811a9f018894c7.jpg,BG,5,gradient_mean,0.02806904911994934,0.016860738396644592,-0.0002747178077697754
BG-25-img-2_jpg.rf.d0cd8eab6ea2f1cc30811a9f018894c7.jpg,BG,5,lesion_gradient_mean,0.015161007642745972,0.01599752902984619,0.0011720061302185059
BG-25-img-2_jpg.rf.d0cd8eab6ea2f1cc30811a9f018894c7.jpg,BG,5,background_gradient_mean,0.028284788131713867,0.016873016953468323,-0.0002952367067337036
BG-25-img-2_jpg.rf.d0cd8eab6ea2f1cc30811a9f018894c7.jpg,BG,6,low_energy_share,-0.005287696956126298,-0.0023325679085577367,7.92645550198312e-05
BG-25-img-2_jpg.rf.d0cd8eab6ea2f1cc30811a9f018894c7.jpg,BG,6,mid_energy_share,0.0013382041219841528,0.0015103355430812473,-9.442826357239364e-05
BG-25-img-2_jpg.rf.d0cd8eab6ea2f1cc30811a9f018894c7.jpg,BG,6,high_energy_share,0.0039501864919241625,0.0008220997313023596,1.544224420453339e-05
BG-25-img-2_jpg.rf.d0cd8eab6ea2f1cc30811a9f018894c7.jpg,BG,6,clipping_fraction,0.00680908203125,0.0018188476562499972,0.0031673177083333393
BG-25-img-2_jpg.rf.d0cd8eab6ea2f1cc30811a9f018894c7.jpg,BG,6,laplacian_variance,0.025060608983039856,0.0029267696663737297,-8.774921298027039e-06
BG-25-img-2_jpg.rf.d0cd8eab6ea2f1cc30811a9f018894c7.jpg,BG,6,gradient_mean,0.02806904911994934,0.022069454193115234,-0.0015349388122558594
BG-25-img-2_jpg.rf.d0cd8eab6ea2f1cc30811a9f018894c7.jpg,BG,6,lesion_gradient_mean,0.015161007642745972,0.00986461341381073,0.00034840404987335205
BG-25-img-2_jpg.rf.d0cd8eab6ea2f1cc30811a9f018894c7.jpg,BG,6,background_gradient_mean,0.028284788131713867,0.022464990615844727,-0.0015959441661834717
BG-25-img-2_jpg.rf.d0cd8eab6ea2f1cc30811a9f018894c7.jpg,BG,7,low_energy_share,-0.005287696956126298,-0.0014754104132606027,-0.0001690751892337028
BG-25-img-2_jpg.rf.d0cd8eab6ea2f1cc30811a9f018894c7.jpg,BG,7,mid_energy_share,0.0013382041219841528,0.0005358901448983236,0.0001007591622796981
BG-25-img-2_jpg.rf.d0cd8eab6ea2f1cc30811a9f018894c7.jpg,BG,7,high_energy_share,0.0039501864919241625,0.0009395657094248555,6.869568976912085e-05
BG-25-img-2_jpg.rf.d0cd8eab6ea2f1cc30811a9f018894c7.jpg,BG,7,clipping_fraction,0.00680908203125,0.0003987630208333315,0.0013899739583333355
BG-25-img-2_jpg.rf.d0cd8eab6ea2f1cc30811a9f018894c7.jpg,BG,7,laplacian_variance,0.025060608983039856,0.006436407566070557,0.0004977099597454071
BG-25-img-2_jpg.rf.d0cd8eab6ea2f1cc30811a9f018894c7.jpg,BG,7,gradient_mean,0.02806904911994934,0.01316821575164795,0.00199185311794281
BG-25-img-2_jpg.rf.d0cd8eab6ea2f1cc30811a9f018894c7.jpg,BG,7,lesion_gradient_mean,0.015161007642745972,0.013095974922180176,0.002115696668624878
BG-25-img-2_jpg.rf.d0cd8eab6ea2f1cc30811a9f018894c7.jpg,BG,7,background_gradient_mean,0.028284788131713867,0.013168975710868835,0.0019905120134353638
BG-25-img-2_jpg.rf.d0cd8eab6ea2f1cc30811a9f018894c7.jpg,BG,8,low_energy_share,-0.005287696956126298,-0.0010565722134130429,-0.00021348291006362263
BG-25-img-2_jpg.rf.d0cd8eab6ea2f1cc30811a9f018894c7.jpg,BG,8,mid_energy_share,0.0013382041219841528,0.0002971146295912925,0.0001495459226870965
BG-25-img-2_jpg.rf.d0cd8eab6ea2f1cc30811a9f018894c7.jpg,BG,8,high_energy_share,0.0039501864919241625,0.0007592400386805809,6.419332172794869e-05
BG-25-img-2_jpg.rf.d0cd8eab6ea2f1cc30811a9f018894c7.jpg,BG,8,clipping_fraction,0.00680908203125,0.0012792968749999988,0.0038997395833333323
BG-25-img-2_jpg.rf.d0cd8eab6ea2f1cc30811a9f018894c7.jpg,BG,8,laplacian_variance,0.025060608983039856,0.002381705678999424,0.00019052810966968536
BG-25-img-2_jpg.rf.d0cd8eab6ea2f1cc30811a9f018894c7.jpg,BG,8,gradient_mean,0.02806904911994934,0.004802055656909943,0.0012598931789398193
BG-25-img-2_jpg.rf.d0cd8eab6ea2f1cc30811a9f018894c7.jpg,BG,8,lesion_gradient_mean,0.015161007642745972,0.008775219321250916,0.004973605275154114
BG-25-img-2_jpg.rf.d0cd8eab6ea2f1cc30811a9f018894c7.jpg,BG,8,background_gradient_mean,0.028284788131713867,0.004780344665050507,0.0012396126985549927
BG-25-img-2_jpg.rf.d0cd8eab6ea2f1cc30811a9f018894c7.jpg,BG,9,low_energy_share,-0.005287696956126298,-0.0037319302865133075,-9.700959649272534e-05
BG-25-img-2_jpg.rf.d0cd8eab6ea2f1cc30811a9f018894c7.jpg,BG,9,mid_energy_share,0.0013382041219841528,0.0024237515707342967,2.1355138621963546e-05
BG-25-img-2_jpg.rf.d0cd8eab6ea2f1cc30811a9f018894c7.jpg,BG,9,high_energy_share,0.0039501864919241625,0.0013082538582677395,7.540879127023413e-05
BG-25-img-2_jpg.rf.d0cd8eab6ea2f1cc30811a9f018894c7.jpg,BG,9,clipping_fraction,0.00680908203125,0.0015421549479166796,0.00416910807291665
BG-25-img-2_jpg.rf.d0cd8eab6ea2f1cc30811a9f018894c7.jpg,BG,9,laplacian_variance,0.025060608983039856,0.0013118358328938484,-4.007481038570404e-06
BG-25-img-2_jpg.rf.d0cd8eab6ea2f1cc30811a9f018894c7.jpg,BG,9,gradient_mean,0.02806904911994934,0.01397658884525299,-0.0005446970462799072
BG-25-img-2_jpg.rf.d0cd8eab6ea2f1cc30811a9f018894c7.jpg,BG,9,lesion_gradient_mean,0.015161007642745972,0.0070302411913871765,0.0011716187000274658
BG-25-img-2_jpg.rf.d0cd8eab6ea2f1cc30811a9f018894c7.jpg,BG,9,background_gradient_mean,0.028284788131713867,0.014186486601829529,-0.0005965679883956909
BG-25-img-2_jpg.rf.d0cd8eab6ea2f1cc30811a9f018894c7.jpg,BG,10,low_energy_share,-0.005287696956126298,-0.0012369147658616297,-0.0001470423303030488
BG-25-img-2_jpg.rf.d0cd8eab6ea2f1cc30811a9f018894c7.jpg,BG,10,mid_energy_share,0.0013382041219841528,0.0005649625875638357,6.403902911365908e-05
BG-25-img-2_jpg.rf.d0cd8eab6ea2f1cc30811a9f018894c7.jpg,BG,10,high_energy_share,0.0039501864919241625,0.0006715907612880739,8.336322153110112e-05
BG-25-img-2_jpg.rf.d0cd8eab6ea2f1cc30811a9f018894c7.jpg,BG,10,clipping_fraction,0.00680908203125,8.138020833333333e-06,1.2207031249999999e-05
BG-25-img-2_jpg.rf.d0cd8eab6ea2f1cc30811a9f018894c7.jpg,BG,10,laplacian_variance,0.025060608983039856,0.004608215764164925,0.0004846472293138504
BG-25-img-2_jpg.rf.d0cd8eab6ea2f1cc30811a9f018894c7.jpg,BG,10,gradient_mean,0.02806904911994934,0.017273694276809692,0.001713097095489502
BG-25-img-2_jpg.rf.d0cd8eab6ea2f1cc30811a9f018894c7.jpg,BG,10,lesion_gradient_mean,0.015161007642745972,0.011503979563713074,0.00029246509075164795
BG-25-img-2_jpg.rf.d0cd8eab6ea2f1cc30811a9f018894c7.jpg,BG,10,background_gradient_mean,0.028284788131713867,0.017377272248268127,0.0017386525869369507
BG-25-img-2_jpg.rf.d0cd8eab6ea2f1cc30811a9f018894c7.jpg,BG,11,low_energy_share,-0.005287696956126298,-0.002079346650412206,1.4582033340815315e-05
BG-25-img-2_jpg.rf.d0cd8eab6ea2f1cc30811a9f018894c7.jpg,BG,11,mid_energy_share,0.0013382041219841528,0.0010879353316563594,-3.3906346616867367e-06
BG-25-img-2_jpg.rf.d0cd8eab6ea2f1cc30811a9f018894c7.jpg,BG,11,high_energy_share,0.0039501864919241625,0.000991441573402696,-1.148092479383734e-05
BG-25-img-2_jpg.rf.d0cd8eab6ea2f1cc30811a9f018894c7.jpg,BG,11,clipping_fraction,0.00680908203125,0.0014518229166666785,0.002973632812499988
BG-25-img-2_jpg.rf.d0cd8eab6ea2f1cc30811a9f018894c7.jpg,BG,11,laplacian_variance,0.025060608983039856,0.001954641193151474,-8.399039506912231e-05
BG-25-img-2_jpg.rf.d0cd8eab6ea2f1cc30811a9f018894c7.jpg,BG,11,gradient_mean,0.02806904911994934,0.013337820768356323,-0.0004641711711883545
BG-25-img-2_jpg.rf.d0cd8eab6ea2f1cc30811a9f018894c7.jpg,BG,11,lesion_gradient_mean,0.015161007642745972,0.0068365782499313354,0.0013730227947235107
BG-25-img-2_jpg.rf.d0cd8eab6ea2f1cc30811a9f018894c7.jpg,BG,11,background_gradient_mean,0.028284788131713867,0.01347389817237854,-0.0005026310682296753
BG-35-img-1_jpg.rf.d6ca09f61ee2b428d7f89f7c677bcf84.jpg,BG,0,low_energy_share,-0.00045702165529959426,-0.00023248799313158042,-6.109656021169307e-05
BG-35-img-1_jpg.rf.d6ca09f61ee2b428d7f89f7c677bcf84.jpg,BG,0,mid_energy_share,0.00030664873849662916,0.00016556090129012102,4.7958347020786744e-05
BG-35-img-1_jpg.rf.d6ca09f61ee2b428d7f89f7c677bcf84.jpg,BG,0,high_energy_share,0.00015072531800063927,6.69295923648357e-05,1.3060021507078847e-05
BG-35-img-1_jpg.rf.d6ca09f61ee2b428d7f89f7c677bcf84.jpg,BG,0,clipping_fraction,6.266276041666668e-05,0.000625813802083347,0.0003344726562500011
BG-35-img-1_jpg.rf.d6ca09f61ee2b428d7f89f7c677bcf84.jpg,BG,0,laplacian_variance,0.00046548992395401,0.0002562969457358122,4.070310387760401e-05
BG-35-img-1_jpg.rf.d6ca09f61ee2b428d7f89f7c677bcf84.jpg,BG,0,gradient_mean,0.0077508799731731415,0.0039935968816280365,0.0008574612438678741
BG-35-img-1_jpg.rf.d6ca09f61ee2b428d7f89f7c677bcf84.jpg,BG,0,lesion_gradient_mean,0.011886417865753174,0.013015404343605042,0.0024222135543823242
BG-35-img-1_jpg.rf.d6ca09f61ee2b428d7f89f7c677bcf84.jpg,BG,0,background_gradient_mean,0.00774301216006279,0.003982100635766983,0.0008554495871067047
BG-35-img-1_jpg.rf.d6ca09f61ee2b428d7f89f7c677bcf84.jpg,BG,1,low_energy_share,-0.00045702165529959426,-0.00033776309454736086,-0.00013001145672886238
BG-35-img-1_jpg.rf.d6ca09f61ee2b428d7f89f7c677bcf84.jpg,BG,1,mid_energy_share,0.00030664873849662916,0.00025870433073503594,9.885509798480095e-05
BG-35-img-1_jpg.rf.d6ca09f61ee2b428d7f89f7c677bcf84.jpg,BG,1,high_energy_share,0.00015072531800063927,7.902104479051274e-05,3.1386230988147555e-05
BG-35-img-1_jpg.rf.d6ca09f61ee2b428d7f89f7c677bcf84.jpg,BG,1,clipping_fraction,6.266276041666668e-05,-0.0039192708333333215,0.005520833333333308
BG-35-img-1_jpg.rf.d6ca09f61ee2b428d7f89f7c677bcf84.jpg,BG,1,laplacian_variance,0.00046548992395401,0.000301167368888855,2.3058964870870113e-05
BG-35-img-1_jpg.rf.d6ca09f61ee2b428d7f89f7c677bcf84.jpg,BG,1,gradient_mean,0.0077508799731731415,0.0050269439816474915,-0.0005023553967475891
BG-35-img-1_jpg.rf.d6ca09f61ee2b428d7f89f7c677bcf84.jpg,BG,1,lesion_gradient_mean,0.011886417865753174,0.013242065906524658,-0.0001240074634552002
BG-35-img-1_jpg.rf.d6ca09f61ee2b428d7f89f7c677bcf84.jpg,BG,1,background_gradient_mean,0.00774301216006279,0.005011536180973053,-0.0005030557513237
BG-35-img-1_jpg.rf.d6ca09f61ee2b428d7f89f7c677bcf84.jpg,BG,2,low_energy_share,-0.00045702165529959426,-0.0001591466091389604,-3.765012576362192e-05
BG-35-img-1_jpg.rf.d6ca09f61ee2b428d7f89f7c677bcf84.jpg,BG,2,mid_energy_share,0.00030664873849662916,0.00013811296788017121,2.0880417800515135e-05
BG-35-img-1_jpg.rf.d6ca09f61ee2b428d7f89f7c677bcf84.jpg,BG,2,high_energy_share,0.00015072531800063927,2.0677610372049296e-05,1.6845165000006665e-05
BG-35-img-1_jpg.rf.d6ca09f61ee2b428d7f89f7c677bcf84.jpg,BG,2,clipping_fraction,6.266276041666668e-05,-0.0052579752604166655,0.0055395507812499994
BG-35-img-1_jpg.rf.d6ca09f61ee2b428d7f89f7c677bcf84.jpg,BG,2,laplacian_variance,0.00046548992395401,0.0002011575852520764,2.5108223780989647e-05
BG-35-img-1_jpg.rf.d6ca09f61ee2b428d7f89f7c677bcf84.jpg,BG,2,gradient_mean,0.0077508799731731415,0.00725102424621582,-4.025548696517944e-05
BG-35-img-1_jpg.rf.d6ca09f61ee2b428d7f89f7c677bcf84.jpg,BG,2,lesion_gradient_mean,0.011886417865753174,0.0101681649684906,-0.0013744384050369263
BG-35-img-1_jpg.rf.d6ca09f61ee2b428d7f89f7c677bcf84.jpg,BG,2,background_gradient_mean,0.00774301216006279,0.007241085171699524,-3.5703182220458984e-05
BG-35-img-1_jpg.rf.d6ca09f61ee2b428d7f89f7c677bcf84.jpg,BG,3,low_energy_share,-0.00045702165529959426,-0.00044842845503589857,-0.00011271544671820344
BG-35-img-1_jpg.rf.d6ca09f61ee2b428d7f89f7c677bcf84.jpg,BG,3,mid_energy_share,0.00030664873849662916,0.0003645629383065116,7.967483363456769e-05
BG-35-img-1_jpg.rf.d6ca09f61ee2b428d7f89f7c677bcf84.jpg,BG,3,high_energy_share,0.00015072531800063927,8.34560946764115e-05,3.323113367746124e-05
BG-35-img-1_jpg.rf.d6ca09f61ee2b428d7f89f7c677bcf84.jpg,BG,3,clipping_fraction,6.266276041666668e-05,0.0012329101562500444,0.001071777343749969
BG-35-img-1_jpg.rf.d6ca09f61ee2b428d7f89f7c677bcf84.jpg,BG,3,laplacian_variance,0.00046548992395401,0.0001116069033741951,2.9077171348035336e-05
BG-35-img-1_jpg.rf.d6ca09f61ee2b428d7f89f7c677bcf84.jpg,BG,3,gradient_mean,0.0077508799731731415,0.004152845591306686,0.0017035044729709625
BG-35-img-1_jpg.rf.d6ca09f61ee2b428d7f89f7c677bcf84.jpg,BG,3,lesion_gradient_mean,0.011886417865753174,0.007628202438354492,-1.2069940567016602e-05
BG-35-img-1_jpg.rf.d6ca09f61ee2b428d7f89f7c677bcf84.jpg,BG,3,background_gradient_mean,0.00774301216006279,0.004143625497817993,0.001708056777715683
BG-35-img-1_jpg.rf.d6ca09f61ee2b428d7f89f7c677bcf84.jpg,BG,4,low_energy_share,-0.00045702165529959426,-0.00010121727009249071,-8.288598669980995e-05
BG-35-img-1_jpg.rf.d6ca09f61ee2b428d7f89f7c677bcf84.jpg,BG,4,mid_energy_share,0.00030664873849662916,5.4634027009920687e-05,6.637433530841353e-05
BG-35-img-1_jpg.rf.d6ca09f61ee2b428d7f89f7c677bcf84.jpg,BG,4,high_energy_share,0.00015072531800063927,4.61727758191551e-05,1.649663228210993e-05
BG-35-img-1_jpg.rf.d6ca09f61ee2b428d7f89f7c677bcf84.jpg,BG,4,clipping_fraction,6.266276041666668e-05,0.00043294270833332815,0.0005346679687499994
BG-35-img-1_jpg.rf.d6ca09f61ee2b428d7f89f7c677bcf84.jpg,BG,4,laplacian_variance,0.00046548992395401,0.00015761400572955608,5.187175702303648e-05
BG-35-img-1_jpg.rf.d6ca09f61ee2b428d7f89f7c677bcf84.jpg,BG,4,gradient_mean,0.0077508799731731415,0.001264398917555809,0.0008751954883337021
BG-35-img-1_jpg.rf.d6ca09f61ee2b428d7f89f7c677bcf84.jpg,BG,4,lesion_gradient_mean,0.011886417865753174,0.012995630502700806,0.006505012512207031
BG-35-img-1_jpg.rf.d6ca09f61ee2b428d7f89f7c677bcf84.jpg,BG,4,background_gradient_mean,0.00774301216006279,0.00125814788043499,0.0008722022175788879
BG-35-img-1_jpg.rf.d6ca09f61ee2b428d7f89f7c677bcf84.jpg,BG,5,low_energy_share,-0.00045702165529959426,-0.00022345289996139606,-6.360562481111387e-05
BG-35-img-1_jpg.rf.d6ca09f61ee2b428d7f89f7c677bcf84.jpg,BG,5,mid_energy_share,0.00030664873849662916,0.00015634265137774088,5.234807369972386e-05
BG-35-img-1_jpg.rf.d6ca09f61ee2b428d7f89f7c677bcf84.jpg,BG,5,high_energy_share,0.00015072531800063927,6.715528173315341e-05,1.1279126417048702e-05
BG-35-img-1_jpg.rf.d6ca09f61ee2b428d7f89f7c677bcf84.jpg,BG,5,clipping_fraction,6.266276041666668e-05,0.006735026041666668,0.0010937499999999975
BG-35-img-1_jpg.rf.d6ca09f61ee2b428d7f89f7c677bcf84.jpg,BG,5,laplacian_variance,0.00046548992395401,0.0002463125856593251,3.697862848639488e-05
BG-35-img-1_jpg.rf.d6ca09f61ee2b428d7f89f7c677bcf84.jpg,BG,5,gradient_mean,0.0077508799731731415,0.0035445652902126312,0.0010795071721076965
BG-35-img-1_jpg.rf.d6ca09f61ee2b428d7f89f7c677bcf84.jpg,BG,5,lesion_gradient_mean,0.011886417865753174,0.013648927211761475,0.002358049154281616
BG-35-img-1_jpg.rf.d6ca09f61ee2b428d7f89f7c677bcf84.jpg,BG,5,background_gradient_mean,0.00774301216006279,0.0035338662564754486,0.0010781697928905487
BG-35-img-1_jpg.rf.d6ca09f61ee2b428d7f89f7c677bcf84.jpg,BG,6,low_energy_share,-0.00045702165529959426,-0.00021282227215246863,-2.970784190425846e-05
BG-35-img-1_jpg.rf.d6ca09f61ee2b428d7f89f7c677bcf84.jpg,BG,6,mid_energy_share,0.00030664873849662916,0.00017205332608681697,1.9903753613570137e-05
BG-35-img-1_jpg.rf.d6ca09f61ee2b428d7f89f7c677bcf84.jpg,BG,6,high_energy_share,0.00015072531800063927,4.1226788775090004e-05,9.591312791941637e-06
BG-35-img-1_jpg.rf.d6ca09f61ee2b428d7f89f7c677bcf84.jpg,BG,6,clipping_fraction,6.266276041666668e-05,8.138020833333334e-07,8.138020833333333e-07
BG-35-img-1_jpg.rf.d6ca09f61ee2b428d7f89f7c677bcf84.jpg,BG,6,laplacian_variance,0.00046548992395401,0.00024082837626338005,3.374996595084667e-05
BG-35-img-1_jpg.rf.d6ca09f61ee2b428d7f89f7c677bcf84.jpg,BG,6,gradient_mean,0.0077508799731731415,0.006313633173704147,0.0012764036655426025
BG-35-img-1_jpg.rf.d6ca09f61ee2b428d7f89f7c677bcf84.jpg,BG,6,lesion_gradient_mean,0.011886417865753174,0.01048731803894043,0.0003039836883544922
BG-35-img-1_jpg.rf.d6ca09f61ee2b428d7f89f7c677bcf84.jpg,BG,6,background_gradient_mean,0.00774301216006279,0.006305597722530365,0.0012782663106918335
BG-35-img-1_jpg.rf.d6ca09f61ee2b428d7f89f7c677bcf84.jpg,BG,7,low_energy_share,-0.00045702165529959426,-0.0002404945680941628,-5.9223225934434964e-06
BG-35-img-1_jpg.rf.d6ca09f61ee2b428d7f89f7c677bcf84.jpg,BG,7,mid_energy_share,0.00030664873849662916,0.0002061083690053844,-7.372720346289843e-07
BG-35-img-1_jpg.rf.d6ca09f61ee2b428d7f89f7c677bcf84.jpg,BG,7,high_energy_share,0.00015072531800063927,3.465654579235485e-05,6.293355232710586e-06
BG-35-img-1_jpg.rf.d6ca09f61ee2b428d7f89f7c677bcf84.jpg,BG,7,clipping_fraction,6.266276041666668e-05,0.0007983398437499956,0.0002897135416666252
BG-35-img-1_jpg.rf.d6ca09f61ee2b428d7f89f7c677bcf84.jpg,BG,7,laplacian_variance,0.00046548992395401,0.00017922068946063519,-1.9519240595400333e-05
BG-35-img-1_jpg.rf.d6ca09f61ee2b428d7f89f7c677bcf84.jpg,BG,7,gradient_mean,0.0077508799731731415,0.00543912872672081,-0.002189483493566513
BG-35-img-1_jpg.rf.d6ca09f61ee2b428d7f89f7c677bcf84.jpg,BG,7,lesion_gradient_mean,0.011886417865753174,0.012302875518798828,-0.003294646739959717
BG-35-img-1_jpg.rf.d6ca09f61ee2b428d7f89f7c677bcf84.jpg,BG,7,background_gradient_mean,0.00774301216006279,0.0054128654301166534,-0.002185232937335968
BG-35-img-1_jpg.rf.d6ca09f61ee2b428d7f89f7c677bcf84.jpg,BG,8,low_energy_share,-0.00045702165529959426,-0.00019075101567711528,-4.864811843030559e-05
BG-35-img-1_jpg.rf.d6ca09f61ee2b428d7f89f7c677bcf84.jpg,BG,8,mid_energy_share,0.00030664873849662916,0.00016685527974784873,2.5083170477690087e-05
BG-35-img-1_jpg.rf.d6ca09f61ee2b428d7f89f7c677bcf84.jpg,BG,8,high_energy_share,0.00015072531800063927,2.397642408385106e-05,2.395804230714637e-05
BG-35-img-1_jpg.rf.d6ca09f61ee2b428d7f89f7c677bcf84.jpg,BG,8,clipping_fraction,6.266276041666668e-05,0.0,1.6276041666666668e-06
BG-35-img-1_jpg.rf.d6ca09f61ee2b428d7f89f7c677bcf84.jpg,BG,8,laplacian_variance,0.00046548992395401,7.024288061074913e-05,4.402929334901273e-05
BG-35-img-1_jpg.rf.d6ca09f61ee2b428d7f89f7c677bcf84.jpg,BG,8,gradient_mean,0.0077508799731731415,0.005024563521146774,0.0020392239093780518
BG-35-img-1_jpg.rf.d6ca09f61ee2b428d7f89f7c677bcf84.jpg,BG,8,lesion_gradient_mean,0.011886417865753174,0.0067327991127967834,-0.00012961030006408691
BG-35-img-1_jpg.rf.d6ca09f61ee2b428d7f89f7c677bcf84.jpg,BG,8,background_gradient_mean,0.00774301216006279,0.005017951130867004,0.0020476169884204865
BG-35-img-1_jpg.rf.d6ca09f61ee2b428d7f89f7c677bcf84.jpg,BG,9,low_energy_share,-0.00045702165529959426,-0.00016073112620340613,-5.403653295410482e-05
BG-35-img-1_jpg.rf.d6ca09f61ee2b428d7f89f7c677bcf84.jpg,BG,9,mid_energy_share,0.00030664873849662916,0.00013830618195448407,3.268534825117753e-05
BG-35-img-1_jpg.rf.d6ca09f61ee2b428d7f89f7c677bcf84.jpg,BG,9,high_energy_share,0.00015072531800063927,2.22181686800059e-05,2.154319369240365e-05
BG-35-img-1_jpg.rf.d6ca09f61ee2b428d7f89f7c677bcf84.jpg,BG,9,clipping_fraction,6.266276041666668e-05,2.44140625e-06,1.6276041666666666e-06
BG-35-img-1_jpg.rf.d6ca09f61ee2b428d7f89f7c677bcf84.jpg,BG,9,laplacian_variance,0.00046548992395401,8.462430560030043e-05,4.486707621254027e-05
BG-35-img-1_jpg.rf.d6ca09f61ee2b428d7f89f7c677bcf84.jpg,BG,9,gradient_mean,0.0077508799731731415,0.004855956882238388,0.0024645254015922546
BG-35-img-1_jpg.rf.d6ca09f61ee2b428d7f89f7c677bcf84.jpg,BG,9,lesion_gradient_mean,0.011886417865753174,0.006564177572727203,0.00020564347505569458
BG-35-img-1_jpg.rf.d6ca09f61ee2b428d7f89f7c677bcf84.jpg,BG,9,background_gradient_mean,0.00774301216006279,0.004850517958402634,0.002471715211868286
BG-35-img-1_jpg.rf.d6ca09f61ee2b428d7f89f7c677bcf84.jpg,BG,10,low_energy_share,-0.00045702165529959426,-0.00018263429396370157,-4.833180347130206e-05
BG-35-img-1_jpg.rf.d6ca09f61ee2b428d7f89f7c677bcf84.jpg,BG,10,mid_energy_share,0.00030664873849662916,0.0001543700796263019,3.032821984180062e-05
BG-35-img-1_jpg.rf.d6ca09f61ee2b428d7f89f7c677bcf84.jpg,BG,10,high_energy_share,0.00015072531800063927,2.8285749791748672e-05,1.7879152989969024e-05
BG-35-img-1_jpg.rf.d6ca09f61ee2b428d7f89f7c677bcf84.jpg,BG,10,clipping_fraction,6.266276041666668e-05,1.6276041666666668e-06,0.0
BG-35-img-1_jpg.rf.d6ca09f61ee2b428d7f89f7c677bcf84.jpg,BG,10,laplacian_variance,0.00046548992395401,0.00012967991642653942,4.8912304919213057e-05
BG-35-img-1_jpg.rf.d6ca09f61ee2b428d7f89f7c677bcf84.jpg,BG,10,gradient_mean,0.0077508799731731415,0.005311287939548492,0.0023869872093200684
BG-35-img-1_jpg.rf.d6ca09f61ee2b428d7f89f7c677bcf84.jpg,BG,10,lesion_gradient_mean,0.011886417865753174,0.0076226890087127686,0.00036172568798065186
BG-35-img-1_jpg.rf.d6ca09f61ee2b428d7f89f7c677bcf84.jpg,BG,10,background_gradient_mean,0.00774301216006279,0.0053056031465530396,0.0023919567465782166
BG-35-img-1_jpg.rf.d6ca09f61ee2b428d7f89f7c677bcf84.jpg,BG,11,low_energy_share,-0.00045702165529959426,-0.00013213611483731125,-7.217167847961559e-05
BG-35-img-1_jpg.rf.d6ca09f61ee2b428d7f89f7c677bcf84.jpg,BG,11,mid_energy_share,0.00030664873849662916,9.106188253956847e-05,6.641649288049761e-05
BG-35-img-1_jpg.rf.d6ca09f61ee2b428d7f89f7c677bcf84.jpg,BG,11,high_energy_share,0.00015072531800063927,4.119948388414687e-05,5.7655856203756755e-06
BG-35-img-1_jpg.rf.d6ca09f61ee2b428d7f89f7c677bcf84.jpg,BG,11,clipping_fraction,6.266276041666668e-05,-0.001577962239583331,0.0018701171874999992
BG-35-img-1_jpg.rf.d6ca09f61ee2b428d7f89f7c677bcf84.jpg,BG,11,laplacian_variance,0.00046548992395401,0.00036372023168951273,5.796528421342373e-05
BG-35-img-1_jpg.rf.d6ca09f61ee2b428d7f89f7c677bcf84.jpg,BG,11,gradient_mean,0.0077508799731731415,0.003159269690513611,0.0014793872833251953
BG-35-img-1_jpg.rf.d6ca09f61ee2b428d7f89f7c677bcf84.jpg,BG,11,lesion_gradient_mean,0.011886417865753174,0.01542806625366211,0.004505813121795654
BG-35-img-1_jpg.rf.d6ca09f61ee2b428d7f89f7c677bcf84.jpg,BG,11,background_gradient_mean,0.00774301216006279,0.0031484924256801605,0.0014767423272132874
BG-41-img-2_jpg.rf.698ab1840c3193a59221e2eeb28f7b3c.jpg,BG,0,low_energy_share,-0.00038735592453609247,-0.0003506970619375771,-7.308074599043923e-05
BG-41-img-2_jpg.rf.698ab1840c3193a59221e2eeb28f7b3c.jpg,BG,0,mid_energy_share,0.00023127831084077772,0.0002813156204154283,3.8301167192739604e-05
BG-41-img-2_jpg.rf.698ab1840c3193a59221e2eeb28f7b3c.jpg,BG,0,high_energy_share,0.0001560074512100474,6.936238165847284e-05,3.497737068997573e-05
BG-41-img-2_jpg.rf.698ab1840c3193a59221e2eeb28f7b3c.jpg,BG,0,clipping_fraction,0.00012288411458333333,0.001968587239583347,0.0011450195312499856
BG-41-img-2_jpg.rf.698ab1840c3193a59221e2eeb28f7b3c.jpg,BG,0,laplacian_variance,0.0005153927486389875,0.00010993715841323137,3.907893551513553e-05
BG-41-img-2_jpg.rf.698ab1840c3193a59221e2eeb28f7b3c.jpg,BG,0,gradient_mean,0.007645547389984131,0.004131421446800232,0.002370506525039673
BG-41-img-2_jpg.rf.698ab1840c3193a59221e2eeb28f7b3c.jpg,BG,0,lesion_gradient_mean,0.00619594007730484,0.004370070993900299,0.0016270875930786133
BG-41-img-2_jpg.rf.698ab1840c3193a59221e2eeb28f7b3c.jpg,BG,0,background_gradient_mean,0.00766749307513237,0.004126228392124176,0.0023867078125476837
BG-41-img-2_jpg.rf.698ab1840c3193a59221e2eeb28f7b3c.jpg,BG,1,low_energy_share,-0.00038735592453609247,-0.00022570990928372225,-6.108068788501786e-05
BG-41-img-2_jpg.rf.698ab1840c3193a59221e2eeb28f7b3c.jpg,BG,1,mid_energy_share,0.00023127831084077772,0.00018163493388320738,3.202993757790381e-05
BG-41-img-2_jpg.rf.698ab1840c3193a59221e2eeb28f7b3c.jpg,BG,1,high_energy_share,0.0001560074512100474,4.410160176628768e-05,2.913068496992376e-05
BG-41-img-2_jpg.rf.698ab1840c3193a59221e2eeb28f7b3c.jpg,BG,1,clipping_fraction,0.00012288411458333333,0.0019051106770833215,0.0010668945312499734
BG-41-img-2_jpg.rf.698ab1840c3193a59221e2eeb28f7b3c.jpg,BG,1,laplacian_variance,0.0005153927486389875,6.740842945873737e-05,3.660315996967256e-05
BG-41-img-2_jpg.rf.698ab1840c3193a59221e2eeb28f7b3c.jpg,BG,1,gradient_mean,0.007645547389984131,0.0033391304314136505,0.002837713807821274
BG-41-img-2_jpg.rf.698ab1840c3193a59221e2eeb28f7b3c.jpg,BG,1,lesion_gradient_mean,0.00619594007730484,0.003319963812828064,0.002701684832572937
BG-41-img-2_jpg.rf.698ab1840c3193a59221e2eeb28f7b3c.jpg,BG,1,background_gradient_mean,0.00766749307513237,0.003339529037475586,0.0028406307101249695
BG-41-img-2_jpg.rf.698ab1840c3193a59221e2eeb28f7b3c.jpg,BG,2,low_energy_share,-0.00038735592453609247,-0.00017602542088168693,-2.8683077823554726e-05
BG-41-img-2_jpg.rf.698ab1840c3193a59221e2eeb28f7b3c.jpg,BG,2,mid_energy_share,0.00023127831084077772,0.00013610422301722476,1.3626086204628052e-05
BG-41-img-2_jpg.rf.698ab1840c3193a59221e2eeb28f7b3c.jpg,BG,2,high_energy_share,0.0001560074512100474,4.004397895844832e-05,1.4980702617701185e-05
BG-41-img-2_jpg.rf.698ab1840c3193a59221e2eeb28f7b3c.jpg,BG,2,clipping_fraction,0.00012288411458333333,8.138020833333334e-07,0.0
BG-41-img-2_jpg.rf.698ab1840c3193a59221e2eeb28f7b3c.jpg,BG,2,laplacian_variance,0.0005153927486389875,0.000200632493942976,5.8240839280188084e-05
BG-41-img-2_jpg.rf.698ab1840c3193a59221e2eeb28f7b3c.jpg,BG,2,gradient_mean,0.007645547389984131,0.0061899349093437195,0.0019074566662311554
BG-41-img-2_jpg.rf.698ab1840c3193a59221e2eeb28f7b3c.jpg,BG,2,lesion_gradient_mean,0.00619594007730484,0.0052912235260009766,0.0007135868072509766
BG-41-img-2_jpg.rf.698ab1840c3193a59221e2eeb28f7b3c.jpg,BG,2,background_gradient_mean,0.00766749307513237,0.006206270307302475,0.0019291602075099945
BG-41-img-2_jpg.rf.698ab1840c3193a59221e2eeb28f7b3c.jpg,BG,3,low_energy_share,-0.00038735592453609247,-0.0001141512141136225,-2.9018447029072192e-05
BG-41-img-2_jpg.rf.698ab1840c3193a59221e2eeb28f7b3c.jpg,BG,3,mid_energy_share,0.00023127831084077772,7.476533845790934e-05,2.594959124610518e-05
BG-41-img-2_jpg.rf.698ab1840c3193a59221e2eeb28f7b3c.jpg,BG,3,high_energy_share,0.0001560074512100474,3.8938431718957565e-05,3.020421281484505e-06
BG-41-img-2_jpg.rf.698ab1840c3193a59221e2eeb28f7b3c.jpg,BG,3,clipping_fraction,0.00012288411458333333,0.00024983723958332815,1.87174479166774e-05
BG-41-img-2_jpg.rf.698ab1840c3193a59221e2eeb28f7b3c.jpg,BG,3,laplacian_variance,0.0005153927486389875,0.00025099061895161867,2.4314038455486298e-05
BG-41-img-2_jpg.rf.698ab1840c3193a59221e2eeb28f7b3c.jpg,BG,3,gradient_mean,0.007645547389984131,0.002882864326238632,0.001259397715330124
BG-41-img-2_jpg.rf.698ab1840c3193a59221e2eeb28f7b3c.jpg,BG,3,lesion_gradient_mean,0.00619594007730484,0.006017960608005524,0.0007195472717285156
BG-41-img-2_jpg.rf.698ab1840c3193a59221e2eeb28f7b3c.jpg,BG,3,background_gradient_mean,0.00766749307513237,0.0028581731021404266,0.001263648271560669
BG-41-img-2_jpg.rf.698ab1840c3193a59221e2eeb28f7b3c.jpg,BG,4,low_energy_share,-0.00038735592453609247,-0.00015888586738144195,-6.802435398078899e-06
BG-41-img-2_jpg.rf.698ab1840c3193a59221e2eeb28f7b3c.jpg,BG,4,mid_energy_share,0.00023127831084077772,0.0001351397536697393,-1.3626809239669288e-06
BG-41-img-2_jpg.rf.698ab1840c3193a59221e2eeb28f7b3c.jpg,BG,4,high_energy_share,0.0001560074512100474,2.3367806459872496e-05,8.373566843008427e-06
BG-41-img-2_jpg.rf.698ab1840c3193a59221e2eeb28f7b3c.jpg,BG,4,clipping_fraction,0.00012288411458333333,-0.002653808593750001,0.0027197265625000105
BG-41-img-2_jpg.rf.698ab1840c3193a59221e2eeb28f7b3c.jpg,BG,4,laplacian_variance,0.0005153927486389875,0.00021359825041145086,4.9783848226070404e-05
BG-41-img-2_jpg.rf.698ab1840c3193a59221e2eeb28f7b3c.jpg,BG,4,gradient_mean,0.007645547389984131,0.0065665170550346375,0.0020686909556388855
BG-41-img-2_jpg.rf.698ab1840c3193a59221e2eeb28f7b3c.jpg,BG,4,lesion_gradient_mean,0.00619594007730484,0.0063645243644714355,-0.00018325448036193848
BG-41-img-2_jpg.rf.698ab1840c3193a59221e2eeb28f7b3c.jpg,BG,4,background_gradient_mean,0.00766749307513237,0.006571866571903229,0.002128414809703827
BG-41-img-2_jpg.rf.698ab1840c3193a59221e2eeb28f7b3c.jpg,BG,5,low_energy_share,-0.00038735592453609247,-0.00017317389075965917,-1.1540375845275896e-05
BG-41-img-2_jpg.rf.698ab1840c3193a59221e2eeb28f7b3c.jpg,BG,5,mid_energy_share,0.00023127831084077772,0.0001458475812346359,2.8681073802041754e-06
BG-41-img-2_jpg.rf.698ab1840c3193a59221e2eeb28f7b3c.jpg,BG,5,high_energy_share,0.0001560074512100474,2.7477243154974923e-05,8.50852207557676e-06
BG-41-img-2_jpg.rf.698ab1840c3193a59221e2eeb28f7b3c.jpg,BG,5,clipping_fraction,0.00012288411458333333,-0.0031412760416666963,0.0037947591145833792
BG-41-img-2_jpg.rf.698ab1840c3193a59221e2eeb28f7b3c.jpg,BG,5,laplacian_variance,0.0005153927486389875,0.00019901525229215622,9.610666893422604e-06
BG-41-img-2_jpg.rf.698ab1840c3193a59221e2eeb28f7b3c.jpg,BG,5,gradient_mean,0.007645547389984131,0.006687961518764496,-0.00020276010036468506
BG-41-img-2_jpg.rf.698ab1840c3193a59221e2eeb28f7b3c.jpg,BG,5,lesion_gradient_mean,0.00619594007730484,0.006239734590053558,0.00019310414791107178
BG-41-img-2_jpg.rf.698ab1840c3193a59221e2eeb28f7b3c.jpg,BG,5,background_gradient_mean,0.00766749307513237,0.00670040026307106,-0.0002137497067451477
BG-41-img-2_jpg.rf.698ab1840c3193a59221e2eeb28f7b3c.jpg,BG,6,low_energy_share,-0.00038735592453609247,-0.00033274411080952415,-6.653272480294792e-05
BG-41-img-2_jpg.rf.698ab1840c3193a59221e2eeb28f7b3c.jpg,BG,6,mid_energy_share,0.00023127831084077772,0.00024569426099628196,4.08634415368799e-05
BG-41-img-2_jpg.rf.698ab1840c3193a59221e2eeb28f7b3c.jpg,BG,6,high_energy_share,0.0001560074512100474,8.696589498513152e-05,2.5402298113333605e-05
BG-41-img-2_jpg.rf.698ab1840c3193a59221e2eeb28f7b3c.jpg,BG,6,clipping_fraction,0.00012288411458333333,4.0690104166666675e-06,1.546223958333333e-05
BG-41-img-2_jpg.rf.698ab1840c3193a59221e2eeb28f7b3c.jpg,BG,6,laplacian_variance,0.0005153927486389875,0.0002809183206409216,6.077147554606199e-05
BG-41-img-2_jpg.rf.698ab1840c3193a59221e2eeb28f7b3c.jpg,BG,6,gradient_mean,0.007645547389984131,0.006385676562786102,0.001614108681678772
BG-41-img-2_jpg.rf.698ab1840c3193a59221e2eeb28f7b3c.jpg,BG,6,lesion_gradient_mean,0.00619594007730484,0.005863651633262634,0.0002840310335159302
BG-41-img-2_jpg.rf.698ab1840c3193a59221e2eeb28f7b3c.jpg,BG,6,background_gradient_mean,0.00766749307513237,0.006393663585186005,0.001634456217288971
BG-41-img-2_jpg.rf.698ab1840c3193a59221e2eeb28f7b3c.jpg,BG,7,low_energy_share,-0.00038735592453609247,-0.0001850678802891581,-2.1310417911535318e-05
BG-41-img-2_jpg.rf.698ab1840c3193a59221e2eeb28f7b3c.jpg,BG,7,mid_energy_share,0.00023127831084077772,0.00014826949605303104,8.546488625011555e-06
BG-41-img-2_jpg.rf.698ab1840c3193a59221e2eeb28f7b3c.jpg,BG,7,high_energy_share,0.0001560074512100474,3.683933823445202e-05,1.2309675570969805e-05
BG-41-img-2_jpg.rf.698ab1840c3193a59221e2eeb28f7b3c.jpg,BG,7,clipping_fraction,0.00012288411458333333,0.0,8.138020833333334e-07
BG-41-img-2_jpg.rf.698ab1840c3193a59221e2eeb28f7b3c.jpg,BG,7,laplacian_variance,0.0005153927486389875,0.00021199590992182493,5.720800254493952e-05
BG-41-img-2_jpg.rf.698ab1840c3193a59221e2eeb28f7b3c.jpg,BG,7,gradient_mean,0.007645547389984131,0.006776660680770874,0.0019407570362091064
BG-41-img-2_jpg.rf.698ab1840c3193a59221e2eeb28f7b3c.jpg,BG,7,lesion_gradient_mean,0.00619594007730484,0.005299180746078491,0.0007621794939041138
BG-41-img-2_jpg.rf.698ab1840c3193a59221e2eeb28f7b3c.jpg,BG,7,background_gradient_mean,0.00766749307513237,0.006806079298257828,0.0019642338156700134
BG-41-img-2_jpg.rf.698ab1840c3193a59221e2eeb28f7b3c.jpg,BG,8,low_energy_share,-0.00038735592453609247,-0.0001313156174193031,-3.055901105963876e-05
BG-41-img-2_jpg.rf.698ab1840c3193a59221e2eeb28f7b3c.jpg,BG,8,mid_energy_share,0.00023127831084077772,0.00010053513132253164,1.922283618422955e-05
BG-41-img-2_jpg.rf.698ab1840c3193a59221e2eeb28f7b3c.jpg,BG,8,high_energy_share,0.0001560074512100474,3.0481931232700742e-05,1.1393083345187418e-05
BG-41-img-2_jpg.rf.698ab1840c3193a59221e2eeb28f7b3c.jpg,BG,8,clipping_fraction,0.00012288411458333333,0.0,8.138020833333334e-07
BG-41-img-2_jpg.rf.698ab1840c3193a59221e2eeb28f7b3c.jpg,BG,8,laplacian_variance,0.0005153927486389875,0.00022236164659261703,6.703159306198359e-05
BG-41-img-2_jpg.rf.698ab1840c3193a59221e2eeb28f7b3c.jpg,BG,8,gradient_mean,0.007645547389984131,0.005958378314971924,0.0020993053913116455
BG-41-img-2_jpg.rf.698ab1840c3193a59221e2eeb28f7b3c.jpg,BG,8,lesion_gradient_mean,0.00619594007730484,0.005443386733531952,0.0006528645753860474
BG-41-img-2_jpg.rf.698ab1840c3193a59221e2eeb28f7b3c.jpg,BG,8,background_gradient_mean,0.00766749307513237,0.005966708064079285,0.002122793346643448
BG-41-img-2_jpg.rf.698ab1840c3193a59221e2eeb28f7b3c.jpg,BG,9,low_energy_share,-0.00038735592453609247,-0.00013860634660145532,-2.2741287103444918e-05
BG-41-img-2_jpg.rf.698ab1840c3193a59221e2eeb28f7b3c.jpg,BG,9,mid_energy_share,0.00023127831084077772,0.00011719245757014043,9.712374031904236e-06
BG-41-img-2_jpg.rf.698ab1840c3193a59221e2eeb28f7b3c.jpg,BG,9,high_energy_share,0.0001560074512100474,2.1146153649222486e-05,1.3368430350785293e-05
BG-41-img-2_jpg.rf.698ab1840c3193a59221e2eeb28f7b3c.jpg,BG,9,clipping_fraction,0.00012288411458333333,4.8828125e-06,2.4414062499999988e-06
BG-41-img-2_jpg.rf.698ab1840c3193a59221e2eeb28f7b3c.jpg,BG,9,laplacian_variance,0.0005153927486389875,0.0001932987943291664,5.875132046639919e-05
BG-41-img-2_jpg.rf.698ab1840c3193a59221e2eeb28f7b3c.jpg,BG,9,gradient_mean,0.007645547389984131,0.007417932152748108,0.0014852732419967651
BG-41-img-2_jpg.rf.698ab1840c3193a59221e2eeb28f7b3c.jpg,BG,9,lesion_gradient_mean,0.00619594007730484,0.0054927244782447815,0.0007001981139183044
BG-41-img-2_jpg.rf.698ab1840c3193a59221e2eeb28f7b3c.jpg,BG,9,background_gradient_mean,0.00766749307513237,0.007468044757843018,0.0015057101845741272
BG-41-img-2_jpg.rf.698ab1840c3193a59221e2eeb28f7b3c.jpg,BG,10,low_energy_share,-0.00038735592453609247,-7.582329783284436e-05,-6.473177931998197e-05
BG-41-img-2_jpg.rf.698ab1840c3193a59221e2eeb28f7b3c.jpg,BG,10,mid_energy_share,0.00023127831084077772,4.0507067326177955e-05,4.6974864174725785e-05
BG-41-img-2_jpg.rf.698ab1840c3193a59221e2eeb28f7b3c.jpg,BG,10,high_energy_share,0.0001560074512100474,3.5607719503421333e-05,1.779341620726147e-05
BG-41-img-2_jpg.rf.698ab1840c3193a59221e2eeb28f7b3c.jpg,BG,10,clipping_fraction,0.00012288411458333333,0.0,0.0
BG-41-img-2_jpg.rf.698ab1840c3193a59221e2eeb28f7b3c.jpg,BG,10,laplacian_variance,0.0005153927486389875,7.567237480543554e-05,3.8750324165448546e-05
BG-41-img-2_jpg.rf.698ab1840c3193a59221e2eeb28f7b3c.jpg,BG,10,gradient_mean,0.007645547389984131,0.00089217908680439,0.0014953799545764923
BG-41-img-2_jpg.rf.698ab1840c3193a59221e2eeb28f7b3c.jpg,BG,10,lesion_gradient_mean,0.00619594007730484,0.0032916590571403503,0.0032055601477622986
BG-41-img-2_jpg.rf.698ab1840c3193a59221e2eeb28f7b3c.jpg,BG,10,background_gradient_mean,0.00766749307513237,0.0008819522336125374,0.0014880923554301262
BG-41-img-2_jpg.rf.698ab1840c3193a59221e2eeb28f7b3c.jpg,BG,11,low_energy_share,-0.00038735592453609247,-8.528108239513887e-05,-5.1510582276148575e-05
BG-41-img-2_jpg.rf.698ab1840c3193a59221e2eeb28f7b3c.jpg,BG,11,mid_energy_share,0.00023127831084077772,4.659321359134973e-05,3.802988185684799e-05
BG-41-img-2_jpg.rf.698ab1840c3193a59221e2eeb28f7b3c.jpg,BG,11,high_energy_share,0.0001560074512100474,3.8488146876041536e-05,1.2814092380289687e-05
BG-41-img-2_jpg.rf.698ab1840c3193a59221e2eeb28f7b3c.jpg,BG,11,clipping_fraction,0.00012288411458333333,6.510416666666666e-06,5.289713541666667e-05
BG-41-img-2_jpg.rf.698ab1840c3193a59221e2eeb28f7b3c.jpg,BG,11,laplacian_variance,0.0005153927486389875,9.037309791892767e-05,3.428221680223942e-05
BG-41-img-2_jpg.rf.698ab1840c3193a59221e2eeb28f7b3c.jpg,BG,11,gradient_mean,0.007645547389984131,0.0011513344943523407,0.0014332421123981476
BG-41-img-2_jpg.rf.698ab1840c3193a59221e2eeb28f7b3c.jpg,BG,11,lesion_gradient_mean,0.00619594007730484,0.003825373947620392,0.00248776376247406
BG-41-img-2_jpg.rf.698ab1840c3193a59221e2eeb28f7b3c.jpg,BG,11,background_gradient_mean,0.00766749307513237,0.0011385027319192886,0.0014281850308179855
Healthy-111-img-1_jpg.rf.9f2421ddb071fac4c2d8c7652b61d3ec.jpg,Healthy,0,low_energy_share,-0.0005292483034625706,-0.0002782736100094274,-0.0001455245971032637
Healthy-111-img-1_jpg.rf.9f2421ddb071fac4c2d8c7652b61d3ec.jpg,Healthy,0,mid_energy_share,0.0003096737526089386,0.00018933777629110186,0.00010783322092992311
Healthy-111-img-1_jpg.rf.9f2421ddb071fac4c2d8c7652b61d3ec.jpg,Healthy,0,high_energy_share,0.0002192755486811887,8.926501302262025e-05,3.763516962923107e-05
Healthy-111-img-1_jpg.rf.9f2421ddb071fac4c2d8c7652b61d3ec.jpg,Healthy,0,clipping_fraction,0.00015706380208333333,0.000492350260416663,0.0004394531249999889
Healthy-111-img-1_jpg.rf.9f2421ddb071fac4c2d8c7652b61d3ec.jpg,Healthy,0,laplacian_variance,0.0006804731674492359,0.0002978079719468951,9.455764666199684e-05
Healthy-111-img-1_jpg.rf.9f2421ddb071fac4c2d8c7652b61d3ec.jpg,Healthy,0,gradient_mean,0.007779601961374283,0.003543701022863388,0.001838643103837967
Healthy-111-img-1_jpg.rf.9f2421ddb071fac4c2d8c7652b61d3ec.jpg,Healthy,0,lesion_gradient_mean,,,
Healthy-111-img-1_jpg.rf.9f2421ddb071fac4c2d8c7652b61d3ec.jpg,Healthy,0,background_gradient_mean,0.007779601961374283,0.003543701022863388,0.001838643103837967
Healthy-111-img-1_jpg.rf.9f2421ddb071fac4c2d8c7652b61d3ec.jpg,Healthy,1,low_energy_share,-0.0005292483034625706,-0.0002760608798756392,-6.86736970276769e-05
Healthy-111-img-1_jpg.rf.9f2421ddb071fac4c2d8c7652b61d3ec.jpg,Healthy,1,mid_energy_share,0.0003096737526089386,0.00023583189322131108,3.52739472695401e-05
Healthy-111-img-1_jpg.rf.9f2421ddb071fac4c2d8c7652b61d3ec.jpg,Healthy,1,high_energy_share,0.0002192755486811887,4.013461325448126e-05,3.35534846612338e-05
Healthy-111-img-1_jpg.rf.9f2421ddb071fac4c2d8c7652b61d3ec.jpg,Healthy,1,clipping_fraction,0.00015706380208333333,1.7903645833333333e-05,4.313151041666666e-05
Healthy-111-img-1_jpg.rf.9f2421ddb071fac4c2d8c7652b61d3ec.jpg,Healthy,1,laplacian_variance,0.0006804731674492359,0.00014027149882167578,5.1497307140380144e-05
Healthy-111-img-1_jpg.rf.9f2421ddb071fac4c2d8c7652b61d3ec.jpg,Healthy,1,gradient_mean,0.007779601961374283,0.006359532475471497,0.0020365342497825623
Healthy-111-img-1_jpg.rf.9f2421ddb071fac4c2d8c7652b61d3ec.jpg,Healthy,1,lesion_gradient_mean,,,
Healthy-111-img-1_jpg.rf.9f2421ddb071fac4c2d8c7652b61d3ec.jpg,Healthy,1,background_gradient_mean,0.007779601961374283,0.006359532475471497,0.0020365342497825623
Healthy-111-img-1_jpg.rf.9f2421ddb071fac4c2d8c7652b61d3ec.jpg,Healthy,2,low_energy_share,-0.0005292483034625706,-0.00031796015887453066,-4.744218479613149e-05
Healthy-111-img-1_jpg.rf.9f2421ddb071fac4c2d8c7652b61d3ec.jpg,Healthy,2,mid_energy_share,0.0003096737526089386,0.00026431363498078796,2.3566671630610974e-05
Healthy-111-img-1_jpg.rf.9f2421ddb071fac4c2d8c7652b61d3ec.jpg,Healthy,2,high_energy_share,0.0002192755486811887,5.379388196848187e-05,2.3467000890122337e-05
Healthy-111-img-1_jpg.rf.9f2421ddb071fac4c2d8c7652b61d3ec.jpg,Healthy,2,clipping_fraction,0.00015706380208333333,0.0005574544270833537,0.0002262369791666552
Healthy-111-img-1_jpg.rf.9f2421ddb071fac4c2d8c7652b61d3ec.jpg,Healthy,2,laplacian_variance,0.0006804731674492359,0.00015048246132209897,2.8917042072862387e-05
Healthy-111-img-1_jpg.rf.9f2421ddb071fac4c2d8c7652b61d3ec.jpg,Healthy,2,gradient_mean,0.007779601961374283,0.005257707089185715,0.001725122332572937
Healthy-111-img-1_jpg.rf.9f2421ddb071fac4c2d8c7652b61d3ec.jpg,Healthy,2,lesion_gradient_mean,,,
Healthy-111-img-1_jpg.rf.9f2421ddb071fac4c2d8c7652b61d3ec.jpg,Healthy,2,background_gradient_mean,0.007779601961374283,0.005257707089185715,0.001725122332572937
Healthy-111-img-1_jpg.rf.9f2421ddb071fac4c2d8c7652b61d3ec.jpg,Healthy,3,low_energy_share,-0.0005292483034625706,-0.00038792317977665025,-1.8089054761860623e-05
Healthy-111-img-1_jpg.rf.9f2421ddb071fac4c2d8c7652b61d3ec.jpg,Healthy,3,mid_energy_share,0.0003096737526089386,0.0003199129812792487,6.168564413942205e-06
Healthy-111-img-1_jpg.rf.9f2421ddb071fac4c2d8c7652b61d3ec.jpg,Healthy,3,high_energy_share,0.0002192755486811887,6.809528945321959e-05,1.2009235703587182e-05
Healthy-111-img-1_jpg.rf.9f2421ddb071fac4c2d8c7652b61d3ec.jpg,Healthy,3,clipping_fraction,0.00015706380208333333,0.0002555338541666563,0.0006477864583333548
Healthy-111-img-1_jpg.rf.9f2421ddb071fac4c2d8c7652b61d3ec.jpg,Healthy,3,laplacian_variance,0.0006804731674492359,0.00026019616052508354,-8.518924005329609e-06
Healthy-111-img-1_jpg.rf.9f2421ddb071fac4c2d8c7652b61d3ec.jpg,Healthy,3,gradient_mean,0.007779601961374283,0.005752634257078171,-0.0012709274888038635
Healthy-111-img-1_jpg.rf.9f2421ddb071fac4c2d8c7652b61d3ec.jpg,Healthy,3,lesion_gradient_mean,,,
Healthy-111-img-1_jpg.rf.9f2421ddb071fac4c2d8c7652b61d3ec.jpg,Healthy,3,background_gradient_mean,0.007779601961374283,0.005752634257078171,-0.0012709274888038635
Healthy-111-img-1_jpg.rf.9f2421ddb071fac4c2d8c7652b61d3ec.jpg,Healthy,4,low_energy_share,-0.0005292483034625706,-0.00039421907874637174,-4.668968702448151e-05
Healthy-111-img-1_jpg.rf.9f2421ddb071fac4c2d8c7652b61d3ec.jpg,Healthy,4,mid_energy_share,0.0003096737526089386,0.0003361699724328904,2.100975585917972e-05
Healthy-111-img-1_jpg.rf.9f2421ddb071fac4c2d8c7652b61d3ec.jpg,Healthy,4,high_energy_share,0.0002192755486811887,5.7899685557306056e-05,2.5965414720125726e-05
Healthy-111-img-1_jpg.rf.9f2421ddb071fac4c2d8c7652b61d3ec.jpg,Healthy,4,clipping_fraction,0.00015706380208333333,0.0005224609374999967,0.0002734375000000011
Healthy-111-img-1_jpg.rf.9f2421ddb071fac4c2d8c7652b61d3ec.jpg,Healthy,4,laplacian_variance,0.0006804731674492359,0.0001366824726574123,2.748076803982258e-05
Healthy-111-img-1_jpg.rf.9f2421ddb071fac4c2d8c7652b61d3ec.jpg,Healthy,4,gradient_mean,0.007779601961374283,0.005110792815685272,0.001971151679754257
Healthy-111-img-1_jpg.rf.9f2421ddb071fac4c2d8c7652b61d3ec.jpg,Healthy,4,lesion_gradient_mean,,,
Healthy-111-img-1_jpg.rf.9f2421ddb071fac4c2d8c7652b61d3ec.jpg,Healthy,4,background_gradient_mean,0.007779601961374283,0.005110792815685272,0.001971151679754257
Healthy-111-img-1_jpg.rf.9f2421ddb071fac4c2d8c7652b61d3ec.jpg,Healthy,5,low_energy_share,-0.0005292483034625706,-0.00016055432412442894,-4.1317111551308905e-05
Healthy-111-img-1_jpg.rf.9f2421ddb071fac4c2d8c7652b61d3ec.jpg,Healthy,5,mid_energy_share,0.0003096737526089386,0.00010498577455187569,3.487820522796116e-05
Healthy-111-img-1_jpg.rf.9f2421ddb071fac4c2d8c7652b61d3ec.jpg,Healthy,5,high_energy_share,0.0002192755486811887,5.5401815196756406e-05,6.449577582215947e-06
Healthy-111-img-1_jpg.rf.9f2421ddb071fac4c2d8c7652b61d3ec.jpg,Healthy,5,clipping_fraction,0.00015706380208333333,0.00038167317708331927,0.00022867838541668073
Healthy-111-img-1_jpg.rf.9f2421ddb071fac4c2d8c7652b61d3ec.jpg,Healthy,5,laplacian_variance,0.0006804731674492359,0.00025206024292856455,2.9983813874423504e-05
Healthy-111-img-1_jpg.rf.9f2421ddb071fac4c2d8c7652b61d3ec.jpg,Healthy,5,gradient_mean,0.007779601961374283,0.0026188381016254425,0.0013877488672733307
Healthy-111-img-1_jpg.rf.9f2421ddb071fac4c2d8c7652b61d3ec.jpg,Healthy,5,lesion_gradient_mean,,,
Healthy-111-img-1_jpg.rf.9f2421ddb071fac4c2d8c7652b61d3ec.jpg,Healthy,5,background_gradient_mean,0.007779601961374283,0.0026188381016254425,0.0013877488672733307
Healthy-111-img-1_jpg.rf.9f2421ddb071fac4c2d8c7652b61d3ec.jpg,Healthy,6,low_energy_share,-0.0005292483034625706,-0.00020094064683251478,-5.365289381609184e-05
Healthy-111-img-1_jpg.rf.9f2421ddb071fac4c2d8c7652b61d3ec.jpg,Healthy,6,mid_energy_share,0.0003096737526089386,0.00015524931805108546,2.9771967930128027e-05
Healthy-111-img-1_jpg.rf.9f2421ddb071fac4c2d8c7652b61d3ec.jpg,Healthy,6,high_energy_share,0.0002192755486811887,4.5869169888870744e-05,2.3630922430145792e-05
Healthy-111-img-1_jpg.rf.9f2421ddb071fac4c2d8c7652b61d3ec.jpg,Healthy,6,clipping_fraction,0.00015706380208333333,1.6276041666666668e-06,3.255208333333333e-06
Healthy-111-img-1_jpg.rf.9f2421ddb071fac4c2d8c7652b61d3ec.jpg,Healthy,6,laplacian_variance,0.0006804731674492359,0.0002006696886382997,7.666554301977158e-05
Healthy-111-img-1_jpg.rf.9f2421ddb071fac4c2d8c7652b61d3ec.jpg,Healthy,6,gradient_mean,0.007779601961374283,0.005403265357017517,0.0028188899159431458
Healthy-111-img-1_jpg.rf.9f2421ddb071fac4c2d8c7652b61d3ec.jpg,Healthy,6,lesion_gradient_mean,,,
Healthy-111-img-1_jpg.rf.9f2421ddb071fac4c2d8c7652b61d3ec.jpg,Healthy,6,background_gradient_mean,0.007779601961374283,0.005403265357017517,0.0028188899159431458
Healthy-111-img-1_jpg.rf.9f2421ddb071fac4c2d8c7652b61d3ec.jpg,Healthy,7,low_energy_share,-0.0005292483034625706,-0.00015540542746028674,-9.932287079317259e-05
Healthy-111-img-1_jpg.rf.9f2421ddb071fac4c2d8c7652b61d3ec.jpg,Healthy,7,mid_energy_share,0.0003096737526089386,9.576683543769966e-05,7.144922950393247e-05
Healthy-111-img-1_jpg.rf.9f2421ddb071fac4c2d8c7652b61d3ec.jpg,Healthy,7,high_energy_share,0.0002192755486811887,5.9490030396592674e-05,2.7954105247910278e-05
Healthy-111-img-1_jpg.rf.9f2421ddb071fac4c2d8c7652b61d3ec.jpg,Healthy,7,clipping_fraction,0.00015706380208333333,0.0003181966145833215,0.0005582682291666585
Healthy-111-img-1_jpg.rf.9f2421ddb071fac4c2d8c7652b61d3ec.jpg,Healthy,7,laplacian_variance,0.0006804731674492359,0.0001231655478477478,4.733586683869362e-05
Healthy-111-img-1_jpg.rf.9f2421ddb071fac4c2d8c7652b61d3ec.jpg,Healthy,7,gradient_mean,0.007779601961374283,0.0015849675983190536,0.0016095619648694992
Healthy-111-img-1_jpg.rf.9f2421ddb071fac4c2d8c7652b61d3ec.jpg,Healthy,7,lesion_gradient_mean,,,
Healthy-111-img-1_jpg.rf.9f2421ddb071fac4c2d8c7652b61d3ec.jpg,Healthy,7,background_gradient_mean,0.007779601961374283,0.0015849675983190536,0.0016095619648694992
Healthy-111-img-1_jpg.rf.9f2421ddb071fac4c2d8c7652b61d3ec.jpg,Healthy,8,low_energy_share,-0.0005292483034625706,-0.0003318449662117473,-0.00010329475828296797
Healthy-111-img-1_jpg.rf.9f2421ddb071fac4c2d8c7652b61d3ec.jpg,Healthy,8,mid_energy_share,0.0003096737526089386,0.00024082267078994412,5.716033805463561e-05
Healthy-111-img-1_jpg.rf.9f2421ddb071fac4c2d8c7652b61d3ec.jpg,Healthy,8,high_energy_share,0.0002192755486811887,9.087771638457818e-05,4.6145367431717904e-05
Healthy-111-img-1_jpg.rf.9f2421ddb071fac4c2d8c7652b61d3ec.jpg,Healthy,8,clipping_fraction,0.00015706380208333333,2.1972656250000003e-05,7.405598958333332e-05
Healthy-111-img-1_jpg.rf.9f2421ddb071fac4c2d8c7652b61d3ec.jpg,Healthy,8,laplacian_variance,0.0006804731674492359,0.00015974068082869053,6.852863589301705e-05
Healthy-111-img-1_jpg.rf.9f2421ddb071fac4c2d8c7652b61d3ec.jpg,Healthy,8,gradient_mean,0.007779601961374283,0.004331581294536591,0.003020692616701126
Healthy-111-img-1_jpg.rf.9f2421ddb071fac4c2d8c7652b61d3ec.jpg,Healthy,8,lesion_gradient_mean,,,
Healthy-111-img-1_jpg.rf.9f2421ddb071fac4c2d8c7652b61d3ec.jpg,Healthy,8,background_gradient_mean,0.007779601961374283,0.004331581294536591,0.003020692616701126
Healthy-111-img-1_jpg.rf.9f2421ddb071fac4c2d8c7652b61d3ec.jpg,Healthy,9,low_energy_share,-0.0005292483034625706,-0.00013973157102731282,-4.551105083994145e-05
Healthy-111-img-1_jpg.rf.9f2421ddb071fac4c2d8c7652b61d3ec.jpg,Healthy,9,mid_energy_share,0.0003096737526089386,9.151996845983184e-05,4.012475081424443e-05
Healthy-111-img-1_jpg.rf.9f2421ddb071fac4c2d8c7652b61d3ec.jpg,Healthy,9,high_energy_share,0.0002192755486811887,4.843495700773974e-05,5.277014548270883e-06
Healthy-111-img-1_jpg.rf.9f2421ddb071fac4c2d8c7652b61d3ec.jpg,Healthy,9,clipping_fraction,0.00015706380208333333,-0.0008146158854166613,0.0010188802083333226
Healthy-111-img-1_jpg.rf.9f2421ddb071fac4c2d8c7652b61d3ec.jpg,Healthy,9,laplacian_variance,0.0006804731674492359,0.00039645610377192497,5.193334072828293e-05
Healthy-111-img-1_jpg.rf.9f2421ddb071fac4c2d8c7652b61d3ec.jpg,Healthy,9,gradient_mean,0.007779601961374283,0.003019321709871292,0.0016739554703235626
Healthy-111-img-1_jpg.rf.9f2421ddb071fac4c2d8c7652b61d3ec.jpg,Healthy,9,lesion_gradient_mean,,,
Healthy-111-img-1_jpg.rf.9f2421ddb071fac4c2d8c7652b61d3ec.jpg,Healthy,9,background_gradient_mean,0.007779601961374283,0.003019321709871292,0.0016739554703235626
Healthy-111-img-1_jpg.rf.9f2421ddb071fac4c2d8c7652b61d3ec.jpg,Healthy,10,low_energy_share,-0.0005292483034625706,-0.00030823149569925157,-4.374476391744153e-05
Healthy-111-img-1_jpg.rf.9f2421ddb071fac4c2d8c7652b61d3ec.jpg,Healthy,10,mid_energy_share,0.0003096737526089386,0.0002652737340744888,1.7157871554704992e-05
Healthy-111-img-1_jpg.rf.9f2421ddb071fac4c2d8c7652b61d3ec.jpg,Healthy,10,high_energy_share,0.0002192755486811887,4.303590858303151e-05,2.650425934260203e-05
Healthy-111-img-1_jpg.rf.9f2421ddb071fac4c2d8c7652b61d3ec.jpg,Healthy,10,clipping_fraction,0.00015706380208333333,0.0010009765624999778,0.0005289713541666852
Healthy-111-img-1_jpg.rf.9f2421ddb071fac4c2d8c7652b61d3ec.jpg,Healthy,10,laplacian_variance,0.0006804731674492359,8.880693349055946e-05,3.370223566889763e-05
Healthy-111-img-1_jpg.rf.9f2421ddb071fac4c2d8c7652b61d3ec.jpg,Healthy,10,gradient_mean,0.007779601961374283,0.004442133009433746,0.0023030415177345276
Healthy-111-img-1_jpg.rf.9f2421ddb071fac4c2d8c7652b61d3ec.jpg,Healthy,10,lesion_gradient_mean,,,
Healthy-111-img-1_jpg.rf.9f2421ddb071fac4c2d8c7652b61d3ec.jpg,Healthy,10,background_gradient_mean,0.007779601961374283,0.004442133009433746,0.0023030415177345276
Healthy-111-img-1_jpg.rf.9f2421ddb071fac4c2d8c7652b61d3ec.jpg,Healthy,11,low_energy_share,-0.0005292483034625706,-0.000431755913504861,-0.0001640390012146442
Healthy-111-img-1_jpg.rf.9f2421ddb071fac4c2d8c7652b61d3ec.jpg,Healthy,11,mid_energy_share,0.0003096737526089386,0.0003212276713606228,0.00011004865554909435
Healthy-111-img-1_jpg.rf.9f2421ddb071fac4c2d8c7652b61d3ec.jpg,Healthy,11,high_energy_share,0.0002192755486811887,0.00011062301720051533,5.4291162295498044e-05
Healthy-111-img-1_jpg.rf.9f2421ddb071fac4c2d8c7652b61d3ec.jpg,Healthy,11,clipping_fraction,0.00015706380208333333,0.00178955078125001,0.0007275390624999767
Healthy-111-img-1_jpg.rf.9f2421ddb071fac4c2d8c7652b61d3ec.jpg,Healthy,11,laplacian_variance,0.0006804731674492359,0.0002087905304506421,4.679791163653135e-05
Healthy-111-img-1_jpg.rf.9f2421ddb071fac4c2d8c7652b61d3ec.jpg,Healthy,11,gradient_mean,0.007779601961374283,0.004054427146911621,0.0018493123352527618
Healthy-111-img-1_jpg.rf.9f2421ddb071fac4c2d8c7652b61d3ec.jpg,Healthy,11,lesion_gradient_mean,,,
Healthy-111-img-1_jpg.rf.9f2421ddb071fac4c2d8c7652b61d3ec.jpg,Healthy,11,background_gradient_mean,0.007779601961374283,0.004054427146911621,0.0018493123352527618
Healthy-136-img-1_jpg.rf.fdc35bb6ce35b407deb6c6efb264c819.jpg,Healthy,0,low_energy_share,-0.0004376529653340455,-0.0004911075261717635,2.6641545292749313e-05
Healthy-136-img-1_jpg.rf.fdc35bb6ce35b407deb6c6efb264c819.jpg,Healthy,0,mid_energy_share,0.00031448889741759263,0.0004436032187380575,-3.5891378696527396e-05
Healthy-136-img-1_jpg.rf.fdc35bb6ce35b407deb6c6efb264c819.jpg,Healthy,0,high_energy_share,0.00012277117186950987,4.8163217703514497e-05,9.148964659325999e-06
Healthy-136-img-1_jpg.rf.fdc35bb6ce35b407deb6c6efb264c819.jpg,Healthy,0,clipping_fraction,0.0017464192708333331,0.0008072916666666541,-1.8717447916649643e-05
Healthy-136-img-1_jpg.rf.fdc35bb6ce35b407deb6c6efb264c819.jpg,Healthy,0,laplacian_variance,0.0006068223156034946,0.000275968573987484,8.58306884765625e-06
Healthy-136-img-1_jpg.rf.fdc35bb6ce35b407deb6c6efb264c819.jpg,Healthy,0,gradient_mean,0.007971726357936859,0.00914192944765091,-0.0022619515657424927
Healthy-136-img-1_jpg.rf.fdc35bb6ce35b407deb6c6efb264c819.jpg,Healthy,0,lesion_gradient_mean,,,
Healthy-136-img-1_jpg.rf.fdc35bb6ce35b407deb6c6efb264c819.jpg,Healthy,0,background_gradient_mean,0.007971726357936859,0.00914192944765091,-0.0022619515657424927
Healthy-136-img-1_jpg.rf.fdc35bb6ce35b407deb6c6efb264c819.jpg,Healthy,1,low_energy_share,-0.0004376529653340455,-0.00038639266186568655,-3.143309112441095e-05
Healthy-136-img-1_jpg.rf.fdc35bb6ce35b407deb6c6efb264c819.jpg,Healthy,1,mid_energy_share,0.00031448889741759263,0.0003200737764147252,2.4984623963726638e-05
Healthy-136-img-1_jpg.rf.fdc35bb6ce35b407deb6c6efb264c819.jpg,Healthy,1,high_energy_share,0.00012277117186950987,6.630009259699858e-05,6.556974389284437e-06
Healthy-136-img-1_jpg.rf.fdc35bb6ce35b407deb6c6efb264c819.jpg,Healthy,1,clipping_fraction,0.0017464192708333331,-4.7200520833345916e-05,0.0007454427083333215
Healthy-136-img-1_jpg.rf.fdc35bb6ce35b407deb6c6efb264c819.jpg,Healthy,1,laplacian_variance,0.0006068223156034946,0.00027492723893374205,1.2183794751763344e-05
Healthy-136-img-1_jpg.rf.fdc35bb6ce35b407deb6c6efb264c819.jpg,Healthy,1,gradient_mean,0.007971726357936859,0.0065597593784332275,-0.0008102431893348694
Healthy-136-img-1_jpg.rf.fdc35bb6ce35b407deb6c6efb264c819.jpg,Healthy,1,lesion_gradient_mean,,,
Healthy-136-img-1_jpg.rf.fdc35bb6ce35b407deb6c6efb264c819.jpg,Healthy,1,background_gradient_mean,0.007971726357936859,0.0065597593784332275,-0.0008102431893348694
Healthy-136-img-1_jpg.rf.fdc35bb6ce35b407deb6c6efb264c819.jpg,Healthy,2,low_energy_share,-0.0004376529653340455,-0.00022855027113488635,-6.36639429850705e-05
Healthy-136-img-1_jpg.rf.fdc35bb6ce35b407deb6c6efb264c819.jpg,Healthy,2,mid_energy_share,0.00031448889741759263,0.00017423610903800337,5.9652561920300754e-05
Healthy-136-img-1_jpg.rf.fdc35bb6ce35b407deb6c6efb264c819.jpg,Healthy,2,high_energy_share,0.00012277117186950987,5.4177196836781825e-05,3.982388784613312e-06
Healthy-136-img-1_jpg.rf.fdc35bb6ce35b407deb6c6efb264c819.jpg,Healthy,2,clipping_fraction,0.0017464192708333331,-4.150390624999998e-05,6.835937500000028e-05
Healthy-136-img-1_jpg.rf.fdc35bb6ce35b407deb6c6efb264c819.jpg,Healthy,2,laplacian_variance,0.0006068223156034946,0.0003822264261543751,4.309462383389473e-05
Healthy-136-img-1_jpg.rf.fdc35bb6ce35b407deb6c6efb264c819.jpg,Healthy,2,gradient_mean,0.007971726357936859,0.004984475672245026,0.0005072019994258881
Healthy-136-img-1_jpg.rf.fdc35bb6ce35b407deb6c6efb264c819.jpg,Healthy,2,lesion_gradient_mean,,,
Healthy-136-img-1_jpg.rf.fdc35bb6ce35b407deb6c6efb264c819.jpg,Healthy,2,background_gradient_mean,0.007971726357936859,0.004984475672245026,0.0005072019994258881
Healthy-136-img-1_jpg.rf.fdc35bb6ce35b407deb6c6efb264c819.jpg,Healthy,3,low_energy_share,-0.0004376529653340455,-0.0002539251063059522,-6.703168383948022e-05
Healthy-136-img-1_jpg.rf.fdc35bb6ce35b407deb6c6efb264c819.jpg,Healthy,3,mid_energy_share,0.00031448889741759263,0.00019287784141111888,6.032680565025211e-05
Healthy-136-img-1_jpg.rf.fdc35bb6ce35b407deb6c6efb264c819.jpg,Healthy,3,high_energy_share,0.00012277117186950987,6.099723544300106e-05,6.693872502544333e-06
Healthy-136-img-1_jpg.rf.fdc35bb6ce35b407deb6c6efb264c819.jpg,Healthy,3,clipping_fraction,0.0017464192708333331,0.0,4.069010416666667e-06
Healthy-136-img-1_jpg.rf.fdc35bb6ce35b407deb6c6efb264c819.jpg,Healthy,3,laplacian_variance,0.0006068223156034946,0.00016434025019407272,2.3319385945796967e-05
Healthy-136-img-1_jpg.rf.fdc35bb6ce35b407deb6c6efb264c819.jpg,Healthy,3,gradient_mean,0.007971726357936859,0.003704134374856949,0.0008519291877746582
Healthy-136-img-1_jpg.rf.fdc35bb6ce35b407deb6c6efb264c819.jpg,Healthy,3,lesion_gradient_mean,,,
Healthy-136-img-1_jpg.rf.fdc35bb6ce35b407deb6c6efb264c819.jpg,Healthy,3,background_gradient_mean,0.007971726357936859,0.003704134374856949,0.0008519291877746582
Healthy-136-img-1_jpg.rf.fdc35bb6ce35b407deb6c6efb264c819.jpg,Healthy,4,low_energy_share,-0.0004376529653340455,-0.00039305755528706854,-3.2945592263744494e-05
Healthy-136-img-1_jpg.rf.fdc35bb6ce35b407deb6c6efb264c819.jpg,Healthy,4,mid_energy_share,0.00031448889741759263,0.00031886485029896825,2.9342076928369834e-05
Healthy-136-img-1_jpg.rf.fdc35bb6ce35b407deb6c6efb264c819.jpg,Healthy,4,high_energy_share,0.00012277117186950987,7.40923227554375e-05,3.6363982437765557e-06
Healthy-136-img-1_jpg.rf.fdc35bb6ce35b407deb6c6efb264c819.jpg,Healthy,4,clipping_fraction,0.0017464192708333331,0.01320963541666667,-0.009368489583333334
Healthy-136-img-1_jpg.rf.fdc35bb6ce35b407deb6c6efb264c819.jpg,Healthy,4,laplacian_variance,0.0006068223156034946,0.00027105386834591627,1.254247035831213e-05
Healthy-136-img-1_jpg.rf.fdc35bb6ce35b407deb6c6efb264c819.jpg,Healthy,4,gradient_mean,0.007971726357936859,0.006150692701339722,0.00017636269330978394
Healthy-136-img-1_jpg.rf.fdc35bb6ce35b407deb6c6efb264c819.jpg,Healthy,4,lesion_gradient_mean,,,
Healthy-136-img-1_jpg.rf.fdc35bb6ce35b407deb6c6efb264c819.jpg,Healthy,4,background_gradient_mean,0.007971726357936859,0.006150692701339722,0.00017636269330978394
Healthy-136-img-1_jpg.rf.fdc35bb6ce35b407deb6c6efb264c819.jpg,Healthy,5,low_energy_share,-0.0004376529653340455,-0.0002599951731723227,1.3117319101252356e-05
Healthy-136-img-1_jpg.rf.fdc35bb6ce35b407deb6c6efb264c819.jpg,Healthy,5,mid_energy_share,0.00031448889741759263,0.00023103867324415946,-1.9097479616231967e-05
Healthy-136-img-1_jpg.rf.fdc35bb6ce35b407deb6c6efb264c819.jpg,Healthy,5,high_energy_share,0.00012277117186950987,2.8616540382181925e-05,6.2215274104493185e-06
Healthy-136-img-1_jpg.rf.fdc35bb6ce35b407deb6c6efb264c819.jpg,Healthy,5,clipping_fraction,0.0017464192708333331,-4.964192708333329e-05,9.114583333333284e-05
Healthy-136-img-1_jpg.rf.fdc35bb6ce35b407deb6c6efb264c819.jpg,Healthy,5,laplacian_variance,0.0006068223156034946,0.0002628833753988147,1.892878208309412e-05
Healthy-136-img-1_jpg.rf.fdc35bb6ce35b407deb6c6efb264c819.jpg,Healthy,5,gradient_mean,0.007971726357936859,0.00861724466085434,-0.0008670315146446228
Healthy-136-img-1_jpg.rf.fdc35bb6ce35b407deb6c6efb264c819.jpg,Healthy,5,lesion_gradient_mean,,,
Healthy-136-img-1_jpg.rf.fdc35bb6ce35b407deb6c6efb264c819.jpg,Healthy,5,background_gradient_mean,0.007971726357936859,0.00861724466085434,-0.0008670315146446228
Healthy-136-img-1_jpg.rf.fdc35bb6ce35b407deb6c6efb264c819.jpg,Healthy,6,low_energy_share,-0.0004376529653340455,-0.00029159263046729667,-2.6128526613655723e-05
Healthy-136-img-1_jpg.rf.fdc35bb6ce35b407deb6c6efb264c819.jpg,Healthy,6,mid_energy_share,0.00031448889741759263,0.0002373867498277893,2.40043500758715e-05
Healthy-136-img-1_jpg.rf.fdc35bb6ce35b407deb6c6efb264c819.jpg,Healthy,6,high_energy_share,0.00012277117186950987,5.415925401003812e-05,2.023316493734626e-06
Healthy-136-img-1_jpg.rf.fdc35bb6ce35b407deb6c6efb264c819.jpg,Healthy,6,clipping_fraction,0.0017464192708333331,0.0012215169270833326,0.0005021158854166818
Healthy-136-img-1_jpg.rf.fdc35bb6ce35b407deb6c6efb264c819.jpg,Healthy,6,laplacian_variance,0.0006068223156034946,0.0003694663755595684,1.5056692063808441e-05
Healthy-136-img-1_jpg.rf.fdc35bb6ce35b407deb6c6efb264c819.jpg,Healthy,6,gradient_mean,0.007971726357936859,0.006751105189323425,-0.0006389319896697998
Healthy-136-img-1_jpg.rf.fdc35bb6ce35b407deb6c6efb264c819.jpg,Healthy,6,lesion_gradient_mean,,,
Healthy-136-img-1_jpg.rf.fdc35bb6ce35b407deb6c6efb264c819.jpg,Healthy,6,background_gradient_mean,0.007971726357936859,0.006751105189323425,-0.0006389319896697998
Healthy-136-img-1_jpg.rf.fdc35bb6ce35b407deb6c6efb264c819.jpg,Healthy,7,low_energy_share,-0.0004376529653340455,-0.00037945499715075215,3.13176389644676e-05
Healthy-136-img-1_jpg.rf.fdc35bb6ce35b407deb6c6efb264c819.jpg,Healthy,7,mid_energy_share,0.00031448889741759263,0.0003397094029594578,-3.5975886295524975e-05
Healthy-136-img-1_jpg.rf.fdc35bb6ce35b407deb6c6efb264c819.jpg,Healthy,7,high_energy_share,0.00012277117186950987,3.95851713379296e-05,4.609562883022618e-06
Healthy-136-img-1_jpg.rf.fdc35bb6ce35b407deb6c6efb264c819.jpg,Healthy,7,clipping_fraction,0.0017464192708333331,0.015600585937499994,-0.0038623046874999983
Healthy-136-img-1_jpg.rf.fdc35bb6ce35b407deb6c6efb264c819.jpg,Healthy,7,laplacian_variance,0.0006068223156034946,0.00030109076760709286,9.042094461619854e-06
Healthy-136-img-1_jpg.rf.fdc35bb6ce35b407deb6c6efb264c819.jpg,Healthy,7,gradient_mean,0.007971726357936859,0.009533748030662537,-0.0019453242421150208
Healthy-136-img-1_jpg.rf.fdc35bb6ce35b407deb6c6efb264c819.jpg,Healthy,7,lesion_gradient_mean,,,
Healthy-136-img-1_jpg.rf.fdc35bb6ce35b407deb6c6efb264c819.jpg,Healthy,7,background_gradient_mean,0.007971726357936859,0.009533748030662537,-0.0019453242421150208
Healthy-136-img-1_jpg.rf.fdc35bb6ce35b407deb6c6efb264c819.jpg,Healthy,8,low_energy_share,-0.0004376529653340455,-0.00024409511732781386,-9.929804012864807e-05
Healthy-136-img-1_jpg.rf.fdc35bb6ce35b407deb6c6efb264c819.jpg,Healthy,8,mid_energy_share,0.00031448889741759263,0.00017755327505872146,8.737076162045683e-05
Healthy-136-img-1_jpg.rf.fdc35bb6ce35b407deb6c6efb264c819.jpg,Healthy,8,high_energy_share,0.00012277117186950987,6.704609599203194e-05,1.1383885088263107e-05
Healthy-136-img-1_jpg.rf.fdc35bb6ce35b407deb6c6efb264c819.jpg,Healthy,8,clipping_fraction,0.0017464192708333331,0.00013997395833331705,0.00020263671875001
Healthy-136-img-1_jpg.rf.fdc35bb6ce35b407deb6c6efb264c819.jpg,Healthy,8,laplacian_variance,0.0006068223156034946,0.00015440682182088494,2.8431881219148636e-05
Healthy-136-img-1_jpg.rf.fdc35bb6ce35b407deb6c6efb264c819.jpg,Healthy,8,gradient_mean,0.007971726357936859,0.0024734996259212494,0.0007966868579387665
Healthy-136-img-1_jpg.rf.fdc35bb6ce35b407deb6c6efb264c819.jpg,Healthy,8,lesion_gradient_mean,,,
Healthy-136-img-1_jpg.rf.fdc35bb6ce35b407deb6c6efb264c819.jpg,Healthy,8,background_gradient_mean,0.007971726357936859,0.0024734996259212494,0.0007966868579387665
Healthy-136-img-1_jpg.rf.fdc35bb6ce35b407deb6c6efb264c819.jpg,Healthy,9,low_energy_share,-0.0004376529653340455,-0.0002447840831003578,-6.264896689633925e-05
Healthy-136-img-1_jpg.rf.fdc35bb6ce35b407deb6c6efb264c819.jpg,Healthy,9,mid_energy_share,0.00031448889741759263,0.00018680939102336648,5.7950960824848475e-05
Healthy-136-img-1_jpg.rf.fdc35bb6ce35b407deb6c6efb264c819.jpg,Healthy,9,high_energy_share,0.00012277117186950987,5.8108301079262616e-05,4.787883429047818e-06
Healthy-136-img-1_jpg.rf.fdc35bb6ce35b407deb6c6efb264c819.jpg,Healthy,9,clipping_fraction,0.0017464192708333331,0.0008520507812500022,0.0006469726562499944
Healthy-136-img-1_jpg.rf.fdc35bb6ce35b407deb6c6efb264c819.jpg,Healthy,9,laplacian_variance,0.0006068223156034946,0.00019465642981231213,2.074881922453642e-05
Healthy-136-img-1_jpg.rf.fdc35bb6ce35b407deb6c6efb264c819.jpg,Healthy,9,gradient_mean,0.007971726357936859,0.0035055316984653473,0.0008162409067153931
Healthy-136-img-1_jpg.rf.fdc35bb6ce35b407deb6c6efb264c819.jpg,Healthy,9,lesion_gradient_mean,,,
Healthy-136-img-1_jpg.rf.fdc35bb6ce35b407deb6c6efb264c819.jpg,Healthy,9,background_gradient_mean,0.007971726357936859,0.0035055316984653473,0.0008162409067153931
Healthy-136-img-1_jpg.rf.fdc35bb6ce35b407deb6c6efb264c819.jpg,Healthy,10,low_energy_share,-0.0004376529653340455,-0.00026323117890714176,-2.4454202863455343e-05
Healthy-136-img-1_jpg.rf.fdc35bb6ce35b407deb6c6efb264c819.jpg,Healthy,10,mid_energy_share,0.00031448889741759263,0.0002155248875609936,1.5113609310680445e-05
Healthy-136-img-1_jpg.rf.fdc35bb6ce35b407deb6c6efb264c819.jpg,Healthy,10,high_energy_share,0.00012277117186950987,4.7937092945789505e-05,9.409709020531242e-06
Healthy-136-img-1_jpg.rf.fdc35bb6ce35b407deb6c6efb264c819.jpg,Healthy,10,clipping_fraction,0.0017464192708333331,0.0027888997395833226,0.0012573242187499944
Healthy-136-img-1_jpg.rf.fdc35bb6ce35b407deb6c6efb264c819.jpg,Healthy,10,laplacian_variance,0.0006068223156034946,0.00015944801270961761,1.6849604435265064e-05
Healthy-136-img-1_jpg.rf.fdc35bb6ce35b407deb6c6efb264c819.jpg,Healthy,10,gradient_mean,0.007971726357936859,0.004297759383916855,0.000791449099779129
Healthy-136-img-1_jpg.rf.fdc35bb6ce35b407deb6c6efb264c819.jpg,Healthy,10,lesion_gradient_mean,,,
Healthy-136-img-1_jpg.rf.fdc35bb6ce35b407deb6c6efb264c819.jpg,Healthy,10,background_gradient_mean,0.007971726357936859,0.004297759383916855,0.000791449099779129
Healthy-136-img-1_jpg.rf.fdc35bb6ce35b407deb6c6efb264c819.jpg,Healthy,11,low_energy_share,-0.0004376529653340455,-0.00017830600090240623,-0.0001030273533505488
Healthy-136-img-1_jpg.rf.fdc35bb6ce35b407deb6c6efb264c819.jpg,Healthy,11,mid_energy_share,0.00031448889741759263,0.00012482572600865582,9.606203077992662e-05
Healthy-136-img-1_jpg.rf.fdc35bb6ce35b407deb6c6efb264c819.jpg,Healthy,11,high_energy_share,0.00012277117186950987,5.371187844034327e-05,6.9862632130438126e-06
Healthy-136-img-1_jpg.rf.fdc35bb6ce35b407deb6c6efb264c819.jpg,Healthy,11,clipping_fraction,0.0017464192708333331,0.0,0.0
Healthy-136-img-1_jpg.rf.fdc35bb6ce35b407deb6c6efb264c819.jpg,Healthy,11,laplacian_variance,0.0006068223156034946,0.00024725578259676695,4.261382855474949e-05
Healthy-136-img-1_jpg.rf.fdc35bb6ce35b407deb6c6efb264c819.jpg,Healthy,11,gradient_mean,0.007971726357936859,0.002494402229785919,0.0012586116790771484
Healthy-136-img-1_jpg.rf.fdc35bb6ce35b407deb6c6efb264c819.jpg,Healthy,11,lesion_gradient_mean,,,
Healthy-136-img-1_jpg.rf.fdc35bb6ce35b407deb6c6efb264c819.jpg,Healthy,11,background_gradient_mean,0.007971726357936859,0.002494402229785919,0.0012586116790771484
Healthy-136-img-2_jpg.rf.a2a513d9986ba387f62ed694ffd45fb5.jpg,Healthy,0,low_energy_share,-0.00041592824012659513,-0.0002898543425501332,-2.3281864048430023e-05
Healthy-136-img-2_jpg.rf.a2a513d9986ba387f62ed694ffd45fb5.jpg,Healthy,0,mid_energy_share,0.0003000782070741203,0.0002461808190236238,1.2251314691294306e-05
Healthy-136-img-2_jpg.rf.a2a513d9986ba387f62ed694ffd45fb5.jpg,Healthy,0,high_energy_share,0.00011625260784055898,4.3494768706405266e-05,1.0863765759355781e-05
Healthy-136-img-2_jpg.rf.a2a513d9986ba387f62ed694ffd45fb5.jpg,Healthy,0,clipping_fraction,0.001625162760416667,0.0,0.0
Healthy-136-img-2_jpg.rf.a2a513d9986ba387f62ed694ffd45fb5.jpg,Healthy,0,laplacian_variance,0.0005670450627803802,0.0001610445324331522,2.0479841623455286e-05
Healthy-136-img-2_jpg.rf.a2a513d9986ba387f62ed694ffd45fb5.jpg,Healthy,0,gradient_mean,0.007845684885978699,0.006056018173694611,0.00011279061436653137
Healthy-136-img-2_jpg.rf.a2a513d9986ba387f62ed694ffd45fb5.jpg,Healthy,0,lesion_gradient_mean,,,
Healthy-136-img-2_jpg.rf.a2a513d9986ba387f62ed694ffd45fb5.jpg,Healthy,0,background_gradient_mean,0.007845684885978699,0.006056018173694611,0.00011279061436653137
Healthy-136-img-2_jpg.rf.a2a513d9986ba387f62ed694ffd45fb5.jpg,Healthy,1,low_energy_share,-0.00041592824012659513,-0.00012931406975291715,-7.803654388516268e-05
Healthy-136-img-2_jpg.rf.a2a513d9986ba387f62ed694ffd45fb5.jpg,Healthy,1,mid_energy_share,0.0003000782070741203,8.296639136134911e-05,7.301828726725685e-05
Healthy-136-img-2_jpg.rf.a2a513d9986ba387f62ed694ffd45fb5.jpg,Healthy,1,high_energy_share,0.00011625260784055898,4.7070593829505854e-05,4.5776010402954624e-06
Healthy-136-img-2_jpg.rf.a2a513d9986ba387f62ed694ffd45fb5.jpg,Healthy,1,clipping_fraction,0.001625162760416667,-1.7903645833330928e-05,0.00024983723958332815
Healthy-136-img-2_jpg.rf.a2a513d9986ba387f62ed694ffd45fb5.jpg,Healthy,1,laplacian_variance,0.0005670450627803802,0.00023937772493809462,3.5897246561944485e-05
Healthy-136-img-2_jpg.rf.a2a513d9986ba387f62ed694ffd45fb5.jpg,Healthy,1,gradient_mean,0.007845684885978699,0.0018781255930662155,0.0009598955512046814
Healthy-136-img-2_jpg.rf.a2a513d9986ba387f62ed694ffd45fb5.jpg,Healthy,1,lesion_gradient_mean,,,
Healthy-136-img-2_jpg.rf.a2a513d9986ba387f62ed694ffd45fb5.jpg,Healthy,1,background_gradient_mean,0.007845684885978699,0.0018781255930662155,0.0009598955512046814
Healthy-136-img-2_jpg.rf.a2a513d9986ba387f62ed694ffd45fb5.jpg,Healthy,2,low_energy_share,-0.00041592824012659513,-0.0002874387068008133,-1.590419360764095e-05
Healthy-136-img-2_jpg.rf.a2a513d9986ba387f62ed694ffd45fb5.jpg,Healthy,2,mid_energy_share,0.0003000782070741203,0.00024083499626657715,1.119183013244306e-05
Healthy-136-img-2_jpg.rf.a2a513d9986ba387f62ed694ffd45fb5.jpg,Healthy,2,high_energy_share,0.00011625260784055898,4.670029242396571e-05,4.513719937505433e-06
Healthy-136-img-2_jpg.rf.a2a513d9986ba387f62ed694ffd45fb5.jpg,Healthy,2,clipping_fraction,0.001625162760416667,-1.6276041666664874e-06,8.789062499999986e-05
Healthy-136-img-2_jpg.rf.a2a513d9986ba387f62ed694ffd45fb5.jpg,Healthy,2,laplacian_variance,0.0005670450627803802,0.0002711658598855138,1.928233541548252e-05
Healthy-136-img-2_jpg.rf.a2a513d9986ba387f62ed694ffd45fb5.jpg,Healthy,2,gradient_mean,0.007845684885978699,0.007500320672988892,-0.0002681240439414978
Healthy-136-img-2_jpg.rf.a2a513d9986ba387f62ed694ffd45fb5.jpg,Healthy,2,lesion_gradient_mean,,,
Healthy-136-img-2_jpg.rf.a2a513d9986ba387f62ed694ffd45fb5.jpg,Healthy,2,background_gradient_mean,0.007845684885978699,0.007500320672988892,-0.0002681240439414978
Healthy-136-img-2_jpg.rf.a2a513d9986ba387f62ed694ffd45fb5.jpg,Healthy,3,low_energy_share,-0.00041592824012659513,-0.0002884356557014689,-2.01738913961913e-05
Healthy-136-img-2_jpg.rf.a2a513d9986ba387f62ed694ffd45fb5.jpg,Healthy,3,mid_energy_share,0.0003000782070741203,0.0002447216768408278,9.674873068313489e-06
Healthy-136-img-2_jpg.rf.a2a513d9986ba387f62ed694ffd45fb5.jpg,Healthy,3,high_energy_share,0.00011625260784055898,4.339094457648192e-05,1.0368086077405206e-05
Healthy-136-img-2_jpg.rf.a2a513d9986ba387f62ed694ffd45fb5.jpg,Healthy,3,clipping_fraction,0.001625162760416667,0.0003531901041666785,0.00040608723958329707
Healthy-136-img-2_jpg.rf.a2a513d9986ba387f62ed694ffd45fb5.jpg,Healthy,3,laplacian_variance,0.0005670450627803802,0.00013272324576973915,2.0644452888518572e-05
Healthy-136-img-2_jpg.rf.a2a513d9986ba387f62ed694ffd45fb5.jpg,Healthy,3,gradient_mean,0.007845684885978699,0.004591256380081177,0.0010638684034347534
Healthy-136-img-2_jpg.rf.a2a513d9986ba387f62ed694ffd45fb5.jpg,Healthy,3,lesion_gradient_mean,,,
Healthy-136-img-2_jpg.rf.a2a513d9986ba387f62ed694ffd45fb5.jpg,Healthy,3,background_gradient_mean,0.007845684885978699,0.004591256380081177,0.0010638684034347534
Healthy-136-img-2_jpg.rf.a2a513d9986ba387f62ed694ffd45fb5.jpg,Healthy,4,low_energy_share,-0.00041592824012659513,-0.000203214229715587,-7.272534324009872e-05
Healthy-136-img-2_jpg.rf.a2a513d9986ba387f62ed694ffd45fb5.jpg,Healthy,4,mid_energy_share,0.0003000782070741203,0.0001501630442809433,6.60741959164525e-05
Healthy-136-img-2_jpg.rf.a2a513d9986ba387f62ed694ffd45fb5.jpg,Healthy,4,high_energy_share,0.00011625260784055898,5.332446189997594e-05,6.485267520838032e-06
Healthy-136-img-2_jpg.rf.a2a513d9986ba387f62ed694ffd45fb5.jpg,Healthy,4,clipping_fraction,0.001625162760416667,0.000234374999999995,0.00022867838541666685
Healthy-136-img-2_jpg.rf.a2a513d9986ba387f62ed694ffd45fb5.jpg,Healthy,4,laplacian_variance,0.0005670450627803802,0.00011757557513192296,1.7206126358360052e-05
Healthy-136-img-2_jpg.rf.a2a513d9986ba387f62ed694ffd45fb5.jpg,Healthy,4,gradient_mean,0.007845684885978699,0.002389766275882721,0.0006448607891798019
Healthy-136-img-2_jpg.rf.a2a513d9986ba387f62ed694ffd45fb5.jpg,Healthy,4,lesion_gradient_mean,,,
Healthy-136-img-2_jpg.rf.a2a513d9986ba387f62ed694ffd45fb5.jpg,Healthy,4,background_gradient_mean,0.007845684885978699,0.002389766275882721,0.0006448607891798019
Healthy-136-img-2_jpg.rf.a2a513d9986ba387f62ed694ffd45fb5.jpg,Healthy,5,low_energy_share,-0.00041592824012659513,-0.00026827998853429236,-1.91960907016675e-05
Healthy-136-img-2_jpg.rf.a2a513d9986ba387f62ed694ffd45fb5.jpg,Healthy,5,mid_energy_share,0.0003000782070741203,0.0002220791634158952,1.0264611940540838e-05
Healthy-136-img-2_jpg.rf.a2a513d9986ba387f62ed694ffd45fb5.jpg,Healthy,5,high_energy_share,0.00011625260784055898,4.644374554761647e-05,8.809116764739889e-06
Healthy-136-img-2_jpg.rf.a2a513d9986ba387f62ed694ffd45fb5.jpg,Healthy,5,clipping_fraction,0.001625162760416667,0.0002596028645833748,0.00030192057291666963
Healthy-136-img-2_jpg.rf.a2a513d9986ba387f62ed694ffd45fb5.jpg,Healthy,5,laplacian_variance,0.0005670450627803802,0.0001263154554180801,1.398817403241992e-05
Healthy-136-img-2_jpg.rf.a2a513d9986ba387f62ed694ffd45fb5.jpg,Healthy,5,gradient_mean,0.007845684885978699,0.004143550992012024,0.0007009170949459076
Healthy-136-img-2_jpg.rf.a2a513d9986ba387f62ed694ffd45fb5.jpg,Healthy,5,lesion_gradient_mean,,,
Healthy-136-img-2_jpg.rf.a2a513d9986ba387f62ed694ffd45fb5.jpg,Healthy,5,background_gradient_mean,0.007845684885978699,0.004143550992012024,0.0007009170949459076
Healthy-136-img-2_jpg.rf.a2a513d9986ba387f62ed694ffd45fb5.jpg,Healthy,6,low_energy_share,-0.00041592824012659513,-0.00029966975734252443,-4.056805837049371e-05
Healthy-136-img-2_jpg.rf.a2a513d9986ba387f62ed694ffd45fb5.jpg,Healthy,6,mid_energy_share,0.0003000782070741203,0.00024277007520555295,3.26548509402033e-05
Healthy-136-img-2_jpg.rf.a2a513d9986ba387f62ed694ffd45fb5.jpg,Healthy,6,high_energy_share,0.00011625260784055898,5.692367583869665e-05,7.733594238389563e-06
Healthy-136-img-2_jpg.rf.a2a513d9986ba387f62ed694ffd45fb5.jpg,Healthy,6,clipping_fraction,0.001625162760416667,0.0,2.5227864583333333e-05
Healthy-136-img-2_jpg.rf.a2a513d9986ba387f62ed694ffd45fb5.jpg,Healthy,6,laplacian_variance,0.0005670450627803802,0.00018133979756385088,2.3324741050601006e-05
Healthy-136-img-2_jpg.rf.a2a513d9986ba387f62ed694ffd45fb5.jpg,Healthy,6,gradient_mean,0.007845684885978699,0.005319457501173019,0.0007352307438850403
Healthy-136-img-2_jpg.rf.a2a513d9986ba387f62ed694ffd45fb5.jpg,Healthy,6,lesion_gradient_mean,,,
Healthy-136-img-2_jpg.rf.a2a513d9986ba387f62ed694ffd45fb5.jpg,Healthy,6,background_gradient_mean,0.007845684885978699,0.005319457501173019,0.0007352307438850403
Healthy-136-img-2_jpg.rf.a2a513d9986ba387f62ed694ffd45fb5.jpg,Healthy,7,low_energy_share,-0.00041592824012659513,-0.0002238668692271517,-4.235177404032786e-05
Healthy-136-img-2_jpg.rf.a2a513d9986ba387f62ed694ffd45fb5.jpg,Healthy,7,mid_energy_share,0.0003000782070741203,0.00018090449176767537,3.682559270275806e-05
Healthy-136-img-2_jpg.rf.a2a513d9986ba387f62ed694ffd45fb5.jpg,Healthy,7,high_energy_share,0.00011625260784055898,4.27108439295365e-05,5.497368778366654e-06
Healthy-136-img-2_jpg.rf.a2a513d9986ba387f62ed694ffd45fb5.jpg,Healthy,7,clipping_fraction,0.001625162760416667,-3.336588541666668e-05,8.544921874999991e-05
Healthy-136-img-2_jpg.rf.a2a513d9986ba387f62ed694ffd45fb5.jpg,Healthy,7,laplacian_variance,0.0005670450627803802,0.0003657829947769642,3.4332275390625e-05
Healthy-136-img-2_jpg.rf.a2a513d9986ba387f62ed694ffd45fb5.jpg,Healthy,7,gradient_mean,0.007845684885978699,0.006529778242111206,0.00016842037439346313
Healthy-136-img-2_jpg.rf.a2a513d9986ba387f62ed694ffd45fb5.jpg,Healthy,7,lesion_gradient_mean,,,
Healthy-136-img-2_jpg.rf.a2a513d9986ba387f62ed694ffd45fb5.jpg,Healthy,7,background_gradient_mean,0.007845684885978699,0.006529778242111206,0.00016842037439346313
Healthy-136-img-2_jpg.rf.a2a513d9986ba387f62ed694ffd45fb5.jpg,Healthy,8,low_energy_share,-0.00041592824012659513,-0.00018586839572876102,-7.601695037662282e-05
Healthy-136-img-2_jpg.rf.a2a513d9986ba387f62ed694ffd45fb5.jpg,Healthy,8,mid_energy_share,0.0003000782070741203,0.00013551726292308362,7.246325963690598e-05
Healthy-136-img-2_jpg.rf.a2a513d9986ba387f62ed694ffd45fb5.jpg,Healthy,8,high_energy_share,0.00011625260784055898,5.050017035635056e-05,3.4798985029904595e-06
Healthy-136-img-2_jpg.rf.a2a513d9986ba387f62ed694ffd45fb5.jpg,Healthy,8,clipping_fraction,0.001625162760416667,-1.3834635416666661e-05,3.499348958333338e-05
Healthy-136-img-2_jpg.rf.a2a513d9986ba387f62ed694ffd45fb5.jpg,Healthy,8,laplacian_variance,0.0005670450627803802,0.00031806319020688534,3.5094330087304115e-05
Healthy-136-img-2_jpg.rf.a2a513d9986ba387f62ed694ffd45fb5.jpg,Healthy,8,gradient_mean,0.007845684885978699,0.0038434267044067383,0.0006120875477790833
Healthy-136-img-2_jpg.rf.a2a513d9986ba387f62ed694ffd45fb5.jpg,Healthy,8,lesion_gradient_mean,,,
Healthy-136-img-2_jpg.rf.a2a513d9986ba387f62ed694ffd45fb5.jpg,Healthy,8,background_gradient_mean,0.007845684885978699,0.0038434267044067383,0.0006120875477790833
Healthy-136-img-2_jpg.rf.a2a513d9986ba387f62ed694ffd45fb5.jpg,Healthy,9,low_energy_share,-0.00041592824012659513,-0.00025841687278427283,-3.10389467481631e-05
Healthy-136-img-2_jpg.rf.a2a513d9986ba387f62ed694ffd45fb5.jpg,Healthy,9,mid_energy_share,0.0003000782070741203,0.00023399354091745172,8.155440599829766e-06
Healthy-136-img-2_jpg.rf.a2a513d9986ba387f62ed694ffd45fb5.jpg,Healthy,9,high_energy_share,0.00011625260784055898,2.447366576552071e-05,2.2341945279004887e-05
Healthy-136-img-2_jpg.rf.a2a513d9986ba387f62ed694ffd45fb5.jpg,Healthy,9,clipping_fraction,0.001625162760416667,0.0,0.0
Healthy-136-img-2_jpg.rf.a2a513d9986ba387f62ed694ffd45fb5.jpg,Healthy,9,laplacian_variance,0.0005670450627803802,8.242003968916833e-05,2.0453124307096004e-05
Healthy-136-img-2_jpg.rf.a2a513d9986ba387f62ed694ffd45fb5.jpg,Healthy,9,gradient_mean,0.007845684885978699,0.005113743245601654,0.0007394701242446899
Healthy-136-img-2_jpg.rf.a2a513d9986ba387f62ed694ffd45fb5.jpg,Healthy,9,lesion_gradient_mean,,,
Healthy-136-img-2_jpg.rf.a2a513d9986ba387f62ed694ffd45fb5.jpg,Healthy,9,background_gradient_mean,0.007845684885978699,0.005113743245601654,0.0007394701242446899
Healthy-136-img-2_jpg.rf.a2a513d9986ba387f62ed694ffd45fb5.jpg,Healthy,10,low_energy_share,-0.00041592824012659513,-0.0002804252062472701,6.36993647140649e-06
Healthy-136-img-2_jpg.rf.a2a513d9986ba387f62ed694ffd45fb5.jpg,Healthy,10,mid_energy_share,0.0003000782070741203,0.0002512601774641687,-1.6362369059814193e-05
Healthy-136-img-2_jpg.rf.a2a513d9986ba387f62ed694ffd45fb5.jpg,Healthy,10,high_energy_share,0.00011625260784055898,2.9333574288817522e-05,9.945410544401806e-06
Healthy-136-img-2_jpg.rf.a2a513d9986ba387f62ed694ffd45fb5.jpg,Healthy,10,clipping_fraction,0.001625162760416667,-4.801432291666723e-05,0.00011555989583333318
Healthy-136-img-2_jpg.rf.a2a513d9986ba387f62ed694ffd45fb5.jpg,Healthy,10,laplacian_variance,0.0005670450627803802,0.0002377767814323306,1.5416531823575497e-05
Healthy-136-img-2_jpg.rf.a2a513d9986ba387f62ed694ffd45fb5.jpg,Healthy,10,gradient_mean,0.007845684885978699,0.008412696421146393,-0.001019798219203949
Healthy-136-img-2_jpg.rf.a2a513d9986ba387f62ed694ffd45fb5.jpg,Healthy,10,lesion_gradient_mean,,,
Healthy-136-img-2_jpg.rf.a2a513d9986ba387f62ed694ffd45fb5.jpg,Healthy,10,background_gradient_mean,0.007845684885978699,0.008412696421146393,-0.001019798219203949
Healthy-136-img-2_jpg.rf.a2a513d9986ba387f62ed694ffd45fb5.jpg,Healthy,11,low_energy_share,-0.00041592824012659513,-0.0002471910626939966,-4.116690651589927e-05
Healthy-136-img-2_jpg.rf.a2a513d9986ba387f62ed694ffd45fb5.jpg,Healthy,11,mid_energy_share,0.0003000782070741203,0.00019926314326714541,3.920550950999068e-05
Healthy-136-img-2_jpg.rf.a2a513d9986ba387f62ed694ffd45fb5.jpg,Healthy,11,high_energy_share,0.00011625260784055898,4.790182304497556e-05,1.9858440998890277e-06
Healthy-136-img-2_jpg.rf.a2a513d9986ba387f62ed694ffd45fb5.jpg,Healthy,11,clipping_fraction,0.001625162760416667,-0.0057796223958333365,0.006284993489583335
Healthy-136-img-2_jpg.rf.a2a513d9986ba387f62ed694ffd45fb5.jpg,Healthy,11,laplacian_variance,0.0005670450627803802,0.0004043984226882458,2.6117777451872826e-05
Healthy-136-img-2_jpg.rf.a2a513d9986ba387f62ed694ffd45fb5.jpg,Healthy,11,gradient_mean,0.007845684885978699,0.006908111274242401,-0.0004005059599876404
Healthy-136-img-2_jpg.rf.a2a513d9986ba387f62ed694ffd45fb5.jpg,Healthy,11,lesion_gradient_mean,,,
Healthy-136-img-2_jpg.rf.a2a513d9986ba387f62ed694ffd45fb5.jpg,Healthy,11,background_gradient_mean,0.007845684885978699,0.006908111274242401,-0.0004005059599876404
Healthy-32-img-2_jpg.rf.2db3bf9a7f53ef014f94c089dddd7329.jpg,Healthy,0,low_energy_share,-0.00021932440553384946,-0.00017918078194967269,-2.5572010535768186e-05
Healthy-32-img-2_jpg.rf.2db3bf9a7f53ef014f94c089dddd7329.jpg,Healthy,0,mid_energy_share,0.00016015364278712725,0.00014957252657751363,1.302163693512378e-05
Healthy-32-img-2_jpg.rf.2db3bf9a7f53ef014f94c089dddd7329.jpg,Healthy,0,high_energy_share,5.875043327352477e-05,2.9703935546340277e-05,1.2188598238618446e-05
Healthy-32-img-2_jpg.rf.2db3bf9a7f53ef014f94c089dddd7329.jpg,Healthy,0,clipping_fraction,1.6276041666666666e-06,2.0345052083333336e-05,4.882812499999991e-06
Healthy-32-img-2_jpg.rf.2db3bf9a7f53ef014f94c089dddd7329.jpg,Healthy,0,laplacian_variance,0.00025009887758642435,9.199930354952812e-05,2.805341500788927e-05
Healthy-32-img-2_jpg.rf.2db3bf9a7f53ef014f94c089dddd7329.jpg,Healthy,0,gradient_mean,0.007159937173128128,0.005123209208250046,0.001017063856124878
Healthy-32-img-2_jpg.rf.2db3bf9a7f53ef014f94c089dddd7329.jpg,Healthy,0,lesion_gradient_mean,,,
Healthy-32-img-2_jpg.rf.2db3bf9a7f53ef014f94c089dddd7329.jpg,Healthy,0,background_gradient_mean,0.007159937173128128,0.005123209208250046,0.001017063856124878
Healthy-32-img-2_jpg.rf.2db3bf9a7f53ef014f94c089dddd7329.jpg,Healthy,1,low_energy_share,-0.00021932440553384946,-9.810355274342264e-05,-5.694436668313152e-05
Healthy-32-img-2_jpg.rf.2db3bf9a7f53ef014f94c089dddd7329.jpg,Healthy,1,mid_energy_share,0.00016015364278712725,7.503452105034033e-05,4.6046024634249284e-05
Healthy-32-img-2_jpg.rf.2db3bf9a7f53ef014f94c089dddd7329.jpg,Healthy,1,high_energy_share,5.875043327352477e-05,2.3202728909278394e-05,1.0642126334743554e-05
Healthy-32-img-2_jpg.rf.2db3bf9a7f53ef014f94c089dddd7329.jpg,Healthy,1,clipping_fraction,1.6276041666666666e-06,0.0,0.0
Healthy-32-img-2_jpg.rf.2db3bf9a7f53ef014f94c089dddd7329.jpg,Healthy,1,laplacian_variance,0.00025009887758642435,8.662810432724655e-05,4.1225284803658724e-05
Healthy-32-img-2_jpg.rf.2db3bf9a7f53ef014f94c089dddd7329.jpg,Healthy,1,gradient_mean,0.007159937173128128,0.002689078450202942,0.001802682876586914
Healthy-32-img-2_jpg.rf.2db3bf9a7f53ef014f94c089dddd7329.jpg,Healthy,1,lesion_gradient_mean,,,
Healthy-32-img-2_jpg.rf.2db3bf9a7f53ef014f94c089dddd7329.jpg,Healthy,1,background_gradient_mean,0.007159937173128128,0.002689078450202942,0.001802682876586914
Healthy-32-img-2_jpg.rf.2db3bf9a7f53ef014f94c089dddd7329.jpg,Healthy,2,low_energy_share,-0.00021932440553384946,-0.00015025937816592894,-3.598329429099767e-05
Healthy-32-img-2_jpg.rf.2db3bf9a7f53ef014f94c089dddd7329.jpg,Healthy,2,mid_energy_share,0.00016015364278712725,0.00013224964841746997,1.5893558059786538e-05
Healthy-32-img-2_jpg.rf.2db3bf9a7f53ef014f94c089dddd7329.jpg,Healthy,2,high_energy_share,5.875043327352477e-05,1.8210127694000126e-05,2.028371913176692e-05
Healthy-32-img-2_jpg.rf.2db3bf9a7f53ef014f94c089dddd7329.jpg,Healthy,2,clipping_fraction,1.6276041666666666e-06,0.0,0.0
Healthy-32-img-2_jpg.rf.2db3bf9a7f53ef014f94c089dddd7329.jpg,Healthy,2,laplacian_variance,0.00025009887758642435,6.52732269372791e-05,3.4465454518795013e-05
Healthy-32-img-2_jpg.rf.2db3bf9a7f53ef014f94c089dddd7329.jpg,Healthy,2,gradient_mean,0.007159937173128128,0.005203574895858765,0.001203678548336029
Healthy-32-img-2_jpg.rf.2db3bf9a7f53ef014f94c089dddd7329.jpg,Healthy,2,lesion_gradient_mean,,,
Healthy-32-img-2_jpg.rf.2db3bf9a7f53ef014f94c089dddd7329.jpg,Healthy,2,background_gradient_mean,0.007159937173128128,0.005203574895858765,0.001203678548336029
Healthy-32-img-2_jpg.rf.2db3bf9a7f53ef014f94c089dddd7329.jpg,Healthy,3,low_energy_share,-0.00021932440553384946,-0.00011821983706894468,-4.555462215449779e-05
Healthy-32-img-2_jpg.rf.2db3bf9a7f53ef014f94c089dddd7329.jpg,Healthy,3,mid_energy_share,0.00016015364278712725,0.00010002508573210686,3.0561917433586695e-05
Healthy-32-img-2_jpg.rf.2db3bf9a7f53ef014f94c089dddd7329.jpg,Healthy,3,high_energy_share,5.875043327352477e-05,1.7869439699212683e-05,1.489256025485189e-05
Healthy-32-img-2_jpg.rf.2db3bf9a7f53ef014f94c089dddd7329.jpg,Healthy,3,clipping_fraction,1.6276041666666666e-06,0.0,0.0
Healthy-32-img-2_jpg.rf.2db3bf9a7f53ef014f94c089dddd7329.jpg,Healthy,3,laplacian_variance,0.00025009887758642435,9.180372580885887e-05,4.2327563278377056e-05
Healthy-32-img-2_jpg.rf.2db3bf9a7f53ef014f94c089dddd7329.jpg,Healthy,3,gradient_mean,0.007159937173128128,0.00489184632897377,0.0019370578229427338
Healthy-32-img-2_jpg.rf.2db3bf9a7f53ef014f94c089dddd7329.jpg,Healthy,3,lesion_gradient_mean,,,
Healthy-32-img-2_jpg.rf.2db3bf9a7f53ef014f94c089dddd7329.jpg,Healthy,3,background_gradient_mean,0.007159937173128128,0.00489184632897377,0.0019370578229427338
Healthy-32-img-2_jpg.rf.2db3bf9a7f53ef014f94c089dddd7329.jpg,Healthy,4,low_energy_share,-0.00021932440553384946,-0.00013581555660624467,-5.578057109023593e-05
Healthy-32-img-2_jpg.rf.2db3bf9a7f53ef014f94c089dddd7329.jpg,Healthy,4,mid_energy_share,0.00016015364278712725,0.00011028742261521987,4.1135763879616115e-05
Healthy-32-img-2_jpg.rf.2db3bf9a7f53ef014f94c089dddd7329.jpg,Healthy,4,high_energy_share,5.875043327352477e-05,2.5613476765207514e-05,1.486567041588546e-05
Healthy-32-img-2_jpg.rf.2db3bf9a7f53ef014f94c089dddd7329.jpg,Healthy,4,clipping_fraction,1.6276041666666666e-06,0.0,0.0
Healthy-32-img-2_jpg.rf.2db3bf9a7f53ef014f94c089dddd7329.jpg,Healthy,4,laplacian_variance,0.00025009887758642435,6.758564268238842e-05,3.8101657992228866e-05
Healthy-32-img-2_jpg.rf.2db3bf9a7f53ef014f94c089dddd7329.jpg,Healthy,4,gradient_mean,0.007159937173128128,0.002932945266366005,0.0021285824477672577
Healthy-32-img-2_jpg.rf.2db3bf9a7f53ef014f94c089dddd7329.jpg,Healthy,4,lesion_gradient_mean,,,
Healthy-32-img-2_jpg.rf.2db3bf9a7f53ef014f94c089dddd7329.jpg,Healthy,4,background_gradient_mean,0.007159937173128128,0.002932945266366005,0.0021285824477672577
Healthy-32-img-2_jpg.rf.2db3bf9a7f53ef014f94c089dddd7329.jpg,Healthy,5,low_energy_share,-0.00021932440553384946,-0.00011056453782143372,-6.447826142064184e-05
Healthy-32-img-2_jpg.rf.2db3bf9a7f53ef014f94c089dddd7329.jpg,Healthy,5,mid_energy_share,0.00016015364278712725,8.149775737559392e-05,5.1973621679651414e-05
Healthy-32-img-2_jpg.rf.2db3bf9a7f53ef014f94c089dddd7329.jpg,Healthy,5,high_energy_share,5.875043327352477e-05,2.8954293668749482e-05,1.2198104523981614e-05
Healthy-32-img-2_jpg.rf.2db3bf9a7f53ef014f94c089dddd7329.jpg,Healthy,5,clipping_fraction,1.6276041666666666e-06,0.0,0.0
Healthy-32-img-2_jpg.rf.2db3bf9a7f53ef014f94c089dddd7329.jpg,Healthy,5,laplacian_variance,0.00025009887758642435,4.7490670112892985e-05,2.269580727443099e-05
Healthy-32-img-2_jpg.rf.2db3bf9a7f53ef014f94c089dddd7329.jpg,Healthy,5,gradient_mean,0.007159937173128128,0.0016258135437965393,0.0013570114970207214
Healthy-32-img-2_jpg.rf.2db3bf9a7f53ef014f94c089dddd7329.jpg,Healthy,5,lesion_gradient_mean,,,
Healthy-32-img-2_jpg.rf.2db3bf9a7f53ef014f94c089dddd7329.jpg,Healthy,5,background_gradient_mean,0.007159937173128128,0.0016258135437965393,0.0013570114970207214
Healthy-32-img-2_jpg.rf.2db3bf9a7f53ef014f94c089dddd7329.jpg,Healthy,6,low_energy_share,-0.00021932440553384946,-0.00016320229413735454,-1.894755428843986e-05
Healthy-32-img-2_jpg.rf.2db3bf9a7f53ef014f94c089dddd7329.jpg,Healthy,6,mid_energy_share,0.00016015364278712725,0.00014366018632844322,3.2492120142360104e-06
Healthy-32-img-2_jpg.rf.2db3bf9a7f53ef014f94c089dddd7329.jpg,Healthy,6,high_energy_share,5.875043327352477e-05,1.925616927567119e-05,1.6070760486587278e-05
Healthy-32-img-2_jpg.rf.2db3bf9a7f53ef014f94c089dddd7329.jpg,Healthy,6,clipping_fraction,1.6276041666666666e-06,0.0002701822916666667,-7.242838541666671e-05
Healthy-32-img-2_jpg.rf.2db3bf9a7f53ef014f94c089dddd7329.jpg,Healthy,6,laplacian_variance,0.00025009887758642435,0.00013396958820521832,2.301041968166828e-05
Healthy-32-img-2_jpg.rf.2db3bf9a7f53ef014f94c089dddd7329.jpg,Healthy,6,gradient_mean,0.007159937173128128,0.008360438048839569,-0.0015406087040901184
Healthy-32-img-2_jpg.rf.2db3bf9a7f53ef014f94c089dddd7329.jpg,Healthy,6,lesion_gradient_mean,,,
Healthy-32-img-2_jpg.rf.2db3bf9a7f53ef014f94c089dddd7329.jpg,Healthy,6,background_gradient_mean,0.007159937173128128,0.008360438048839569,-0.0015406087040901184
Healthy-32-img-2_jpg.rf.2db3bf9a7f53ef014f94c089dddd7329.jpg,Healthy,7,low_energy_share,-0.00021932440553384946,-0.0001254023965577833,-4.632211561261812e-05
Healthy-32-img-2_jpg.rf.2db3bf9a7f53ef014f94c089dddd7329.jpg,Healthy,7,mid_energy_share,0.00016015364278712725,0.00010681506341780748,2.6830244023897374e-05
Healthy-32-img-2_jpg.rf.2db3bf9a7f53ef014f94c089dddd7329.jpg,Healthy,7,high_energy_share,5.875043327352477e-05,1.8838367203618476e-05,1.9234147786730688e-05
Healthy-32-img-2_jpg.rf.2db3bf9a7f53ef014f94c089dddd7329.jpg,Healthy,7,clipping_fraction,1.6276041666666666e-06,0.0,0.0
Healthy-32-img-2_jpg.rf.2db3bf9a7f53ef014f94c089dddd7329.jpg,Healthy,7,laplacian_variance,0.00025009887758642435,6.043477333150804e-05,4.125840496271849e-05
Healthy-32-img-2_jpg.rf.2db3bf9a7f53ef014f94c089dddd7329.jpg,Healthy,7,gradient_mean,0.007159937173128128,0.004584114998579025,0.0019042305648326874
Healthy-32-img-2_jpg.rf.2db3bf9a7f53ef014f94c089dddd7329.jpg,Healthy,7,lesion_gradient_mean,,,
Healthy-32-img-2_jpg.rf.2db3bf9a7f53ef014f94c089dddd7329.jpg,Healthy,7,background_gradient_mean,0.007159937173128128,0.004584114998579025,0.0019042305648326874
Healthy-32-img-2_jpg.rf.2db3bf9a7f53ef014f94c089dddd7329.jpg,Healthy,8,low_energy_share,-0.00021932440553384946,-0.00012665287961954874,-2.8470098975552638e-05
Healthy-32-img-2_jpg.rf.2db3bf9a7f53ef014f94c089dddd7329.jpg,Healthy,8,mid_energy_share,0.00016015364278712725,0.00010771485146196438,1.834923370833293e-05
Healthy-32-img-2_jpg.rf.2db3bf9a7f53ef014f94c089dddd7329.jpg,Healthy,8,high_energy_share,5.875043327352477e-05,1.8681681268811594e-05,1.0163831959528684e-05
Healthy-32-img-2_jpg.rf.2db3bf9a7f53ef014f94c089dddd7329.jpg,Healthy,8,clipping_fraction,1.6276041666666666e-06,2.4414062499999996e-06,0.0
Healthy-32-img-2_jpg.rf.2db3bf9a7f53ef014f94c089dddd7329.jpg,Healthy,8,laplacian_variance,0.00025009887758642435,0.00016836856957525015,3.5085249692201614e-05
Healthy-32-img-2_jpg.rf.2db3bf9a7f53ef014f94c089dddd7329.jpg,Healthy,8,gradient_mean,0.007159937173128128,0.007013842463493347,0.0006520077586174011
Healthy-32-img-2_jpg.rf.2db3bf9a7f53ef014f94c089dddd7329.jpg,Healthy,8,lesion_gradient_mean,,,
Healthy-32-img-2_jpg.rf.2db3bf9a7f53ef014f94c089dddd7329.jpg,Healthy,8,background_gradient_mean,0.007159937173128128,0.007013842463493347,0.0006520077586174011
Healthy-32-img-2_jpg.rf.2db3bf9a7f53ef014f94c089dddd7329.jpg,Healthy,9,low_energy_share,-0.00021932440553384946,-0.00013674892456727594,-2.9624107939496547e-05
Healthy-32-img-2_jpg.rf.2db3bf9a7f53ef014f94c089dddd7329.jpg,Healthy,9,mid_energy_share,0.00016015364278712725,0.00011741991880681992,1.432385945008554e-05
Healthy-32-img-2_jpg.rf.2db3bf9a7f53ef014f94c089dddd7329.jpg,Healthy,9,high_energy_share,5.875043327352477e-05,1.9305050945228104e-05,1.5232067045480068e-05
Healthy-32-img-2_jpg.rf.2db3bf9a7f53ef014f94c089dddd7329.jpg,Healthy,9,clipping_fraction,1.6276041666666666e-06,1.546223958333333e-05,8.138020833333332e-06
Healthy-32-img-2_jpg.rf.2db3bf9a7f53ef014f94c089dddd7329.jpg,Healthy,9,laplacian_variance,0.00025009887758642435,0.0001444177469238639,2.592412056401372e-05
Healthy-32-img-2_jpg.rf.2db3bf9a7f53ef014f94c089dddd7329.jpg,Healthy,9,gradient_mean,0.007159937173128128,0.007942751049995422,-0.0007488280534744263
Healthy-32-img-2_jpg.rf.2db3bf9a7f53ef014f94c089dddd7329.jpg,Healthy,9,lesion_gradient_mean,,,
Healthy-32-img-2_jpg.rf.2db3bf9a7f53ef014f94c089dddd7329.jpg,Healthy,9,background_gradient_mean,0.007159937173128128,0.007942751049995422,-0.0007488280534744263
Healthy-32-img-2_jpg.rf.2db3bf9a7f53ef014f94c089dddd7329.jpg,Healthy,10,low_energy_share,-0.00021932440553384946,-0.00015723629422148555,-2.4648734457066723e-05
Healthy-32-img-2_jpg.rf.2db3bf9a7f53ef014f94c089dddd7329.jpg,Healthy,10,mid_energy_share,0.00016015364278712725,0.0001325498614243029,1.6509452589033905e-05
Healthy-32-img-2_jpg.rf.2db3bf9a7f53ef014f94c089dddd7329.jpg,Healthy,10,high_energy_share,5.875043327352477e-05,2.4382168710013527e-05,8.405080927818685e-06
Healthy-32-img-2_jpg.rf.2db3bf9a7f53ef014f94c089dddd7329.jpg,Healthy,10,clipping_fraction,1.6276041666666666e-06,9.765625e-06,1.627604166666667e-06
Healthy-32-img-2_jpg.rf.2db3bf9a7f53ef014f94c089dddd7329.jpg,Healthy,10,laplacian_variance,0.00025009887758642435,0.0001884679077193141,3.0766590498387814e-05
Healthy-32-img-2_jpg.rf.2db3bf9a7f53ef014f94c089dddd7329.jpg,Healthy,10,gradient_mean,0.007159937173128128,0.006305161863565445,0.00041382014751434326
Healthy-32-img-2_jpg.rf.2db3bf9a7f53ef014f94c089dddd7329.jpg,Healthy,10,lesion_gradient_mean,,,
Healthy-32-img-2_jpg.rf.2db3bf9a7f53ef014f94c089dddd7329.jpg,Healthy,10,background_gradient_mean,0.007159937173128128,0.006305161863565445,0.00041382014751434326
Healthy-32-img-2_jpg.rf.2db3bf9a7f53ef014f94c089dddd7329.jpg,Healthy,11,low_energy_share,-0.00021932440553384946,-0.00012053603039996474,-5.0758597693545404e-05
Healthy-32-img-2_jpg.rf.2db3bf9a7f53ef014f94c089dddd7329.jpg,Healthy,11,mid_energy_share,0.00016015364278712725,9.36216701806394e-05,4.2730825513523905e-05
Healthy-32-img-2_jpg.rf.2db3bf9a7f53ef014f94c089dddd7329.jpg,Healthy,11,high_energy_share,5.875043327352477e-05,2.7011118918334208e-05,8.243685960438498e-06
Healthy-32-img-2_jpg.rf.2db3bf9a7f53ef014f94c089dddd7329.jpg,Healthy,11,clipping_fraction,1.6276041666666666e-06,0.0,0.0
Healthy-32-img-2_jpg.rf.2db3bf9a7f53ef014f94c089dddd7329.jpg,Healthy,11,laplacian_variance,0.00025009887758642435,0.00010034797014668584,3.5747827496379614e-05
Healthy-32-img-2_jpg.rf.2db3bf9a7f53ef014f94c089dddd7329.jpg,Healthy,11,gradient_mean,0.007159937173128128,0.0028930045664310455,0.0015780627727508545
Healthy-32-img-2_jpg.rf.2db3bf9a7f53ef014f94c089dddd7329.jpg,Healthy,11,lesion_gradient_mean,,,
Healthy-32-img-2_jpg.rf.2db3bf9a7f53ef014f94c089dddd7329.jpg,Healthy,11,background_gradient_mean,0.007159937173128128,0.0028930045664310455,0.0015780627727508545
Healthy-32-img-3_jpg.rf.b8c2755afeb873e00e74dbf953046f77.jpg,Healthy,0,low_energy_share,-0.00024439657743180465,-0.00019758276664394447,-4.498222441473576e-05
Healthy-32-img-3_jpg.rf.b8c2755afeb873e00e74dbf953046f77.jpg,Healthy,0,mid_energy_share,0.00016778506712613283,0.00015252777448152726,3.667794461829042e-05
Healthy-32-img-3_jpg.rf.b8c2755afeb873e00e74dbf953046f77.jpg,Healthy,0,high_energy_share,7.649759660359435e-05,4.539156733163882e-05,8.172378801396096e-06
Healthy-32-img-3_jpg.rf.b8c2755afeb873e00e74dbf953046f77.jpg,Healthy,0,clipping_fraction,4.8828125e-06,0.001439615885416667,0.000328776041666666
Healthy-32-img-3_jpg.rf.b8c2755afeb873e00e74dbf953046f77.jpg,Healthy,0,laplacian_variance,0.00032755674328655005,0.00018636015010997653,3.213703166693449e-05
Healthy-32-img-3_jpg.rf.b8c2755afeb873e00e74dbf953046f77.jpg,Healthy,0,gradient_mean,0.007306575775146484,0.004327017813920975,0.0006772801280021667
Healthy-32-img-3_jpg.rf.b8c2755afeb873e00e74dbf953046f77.jpg,Healthy,0,lesion_gradient_mean,,,
Healthy-32-img-3_jpg.rf.b8c2755afeb873e00e74dbf953046f77.jpg,Healthy,0,background_gradient_mean,0.007306575775146484,0.004327017813920975,0.0006772801280021667
Healthy-32-img-3_jpg.rf.b8c2755afeb873e00e74dbf953046f77.jpg,Healthy,1,low_energy_share,-0.00024439657743180465,-0.00014761082449166185,-9.499333300522217e-06
Healthy-32-img-3_jpg.rf.b8c2755afeb873e00e74dbf953046f77.jpg,Healthy,1,mid_energy_share,0.00016778506712613283,0.00012756805349005515,4.1966191143797023e-07
Healthy-32-img-3_jpg.rf.b8c2755afeb873e00e74dbf953046f77.jpg,Healthy,1,high_energy_share,7.649759660359435e-05,2.0120985258992546e-05,9.27990783355928e-06
Healthy-32-img-3_jpg.rf.b8c2755afeb873e00e74dbf953046f77.jpg,Healthy,1,clipping_fraction,4.8828125e-06,9.602864583333333e-05,-1.2207031249999984e-05
Healthy-32-img-3_jpg.rf.b8c2755afeb873e00e74dbf953046f77.jpg,Healthy,1,laplacian_variance,0.00032755674328655005,0.0001649287878535688,3.850017674267292e-05
Healthy-32-img-3_jpg.rf.b8c2755afeb873e00e74dbf953046f77.jpg,Healthy,1,gradient_mean,0.007306575775146484,0.007612988352775574,6.127357482910156e-05
Healthy-32-img-3_jpg.rf.b8c2755afeb873e00e74dbf953046f77.jpg,Healthy,1,lesion_gradient_mean,,,
Healthy-32-img-3_jpg.rf.b8c2755afeb873e00e74dbf953046f77.jpg,Healthy,1,background_gradient_mean,0.007306575775146484,0.007612988352775574,6.127357482910156e-05
Healthy-32-img-3_jpg.rf.b8c2755afeb873e00e74dbf953046f77.jpg,Healthy,2,low_energy_share,-0.00024439657743180465,-0.00011758578565979061,-1.8222416727886603e-05
Healthy-32-img-3_jpg.rf.b8c2755afeb873e00e74dbf953046f77.jpg,Healthy,2,mid_energy_share,0.00016778506712613283,9.055691797079301e-05,1.4258297402134452e-05
Healthy-32-img-3_jpg.rf.b8c2755afeb873e00e74dbf953046f77.jpg,Healthy,2,high_energy_share,7.649759660359435e-05,2.7238480050151187e-05,4.063973940457747e-06
Healthy-32-img-3_jpg.rf.b8c2755afeb873e00e74dbf953046f77.jpg,Healthy,2,clipping_fraction,4.8828125e-06,-0.000760904947916665,0.0014656575520833326
Healthy-32-img-3_jpg.rf.b8c2755afeb873e00e74dbf953046f77.jpg,Healthy,2,laplacian_variance,0.00032755674328655005,0.00023213785607367754,2.6460736989974976e-05
Healthy-32-img-3_jpg.rf.b8c2755afeb873e00e74dbf953046f77.jpg,Healthy,2,gradient_mean,0.007306575775146484,0.006017796695232391,8.331239223480225e-05
Healthy-32-img-3_jpg.rf.b8c2755afeb873e00e74dbf953046f77.jpg,Healthy,2,lesion_gradient_mean,,,
Healthy-32-img-3_jpg.rf.b8c2755afeb873e00e74dbf953046f77.jpg,Healthy,2,background_gradient_mean,0.007306575775146484,0.006017796695232391,8.331239223480225e-05
Healthy-32-img-3_jpg.rf.b8c2755afeb873e00e74dbf953046f77.jpg,Healthy,3,low_energy_share,-0.00024439657743180465,-0.0001295237124014914,-1.99791044783737e-05
Healthy-32-img-3_jpg.rf.b8c2755afeb873e00e74dbf953046f77.jpg,Healthy,3,mid_energy_share,0.00016778506712613283,9.968740527935142e-05,1.258384011785759e-05
Healthy-32-img-3_jpg.rf.b8c2755afeb873e00e74dbf953046f77.jpg,Healthy,3,high_energy_share,7.649759660359435e-05,2.9949486727713046e-05,7.363665654748475e-06
Healthy-32-img-3_jpg.rf.b8c2755afeb873e00e74dbf953046f77.jpg,Healthy,3,clipping_fraction,4.8828125e-06,0.00348307291666667,3.417968749999667e-05
Healthy-32-img-3_jpg.rf.b8c2755afeb873e00e74dbf953046f77.jpg,Healthy,3,laplacian_variance,0.00032755674328655005,0.00015436462126672268,1.9162544049322605e-05
Healthy-32-img-3_jpg.rf.b8c2755afeb873e00e74dbf953046f77.jpg,Healthy,3,gradient_mean,0.007306575775146484,0.005496125668287277,0.0005230642855167389
Healthy-32-img-3_jpg.rf.b8c2755afeb873e00e74dbf953046f77.jpg,Healthy,3,lesion_gradient_mean,,,
Healthy-32-img-3_jpg.rf.b8c2755afeb873e00e74dbf953046f77.jpg,Healthy,3,background_gradient_mean,0.007306575775146484,0.005496125668287277,0.0005230642855167389
Healthy-32-img-3_jpg.rf.b8c2755afeb873e00e74dbf953046f77.jpg,Healthy,4,low_energy_share,-0.00024439657743180465,-0.0002126515466033263,-7.35401866179819e-05
Healthy-32-img-3_jpg.rf.b8c2755afeb873e00e74dbf953046f77.jpg,Healthy,4,mid_energy_share,0.00016778506712613283,0.00018573012458258605,4.0427584037335635e-05
Healthy-32-img-3_jpg.rf.b8c2755afeb873e00e74dbf953046f77.jpg,Healthy,4,high_energy_share,7.649759660359435e-05,2.6991345965190875e-05,3.31920207755035e-05
Healthy-32-img-3_jpg.rf.b8c2755afeb873e00e74dbf953046f77.jpg,Healthy,4,clipping_fraction,4.8828125e-06,0.0017236328125000006,0.0005533854166666664
Healthy-32-img-3_jpg.rf.b8c2755afeb873e00e74dbf953046f77.jpg,Healthy,4,laplacian_variance,0.00032755674328655005,5.59188483748585e-05,3.534104325808585e-05
Healthy-32-img-3_jpg.rf.b8c2755afeb873e00e74dbf953046f77.jpg,Healthy,4,gradient_mean,0.007306575775146484,0.005060601979494095,0.0011950917541980743
Healthy-32-img-3_jpg.rf.b8c2755afeb873e00e74dbf953046f77.jpg,Healthy,4,lesion_gradient_mean,,,
Healthy-32-img-3_jpg.rf.b8c2755afeb873e00e74dbf953046f77.jpg,Healthy,4,background_gradient_mean,0.007306575775146484,0.005060601979494095,0.0011950917541980743
Healthy-32-img-3_jpg.rf.b8c2755afeb873e00e74dbf953046f77.jpg,Healthy,5,low_energy_share,-0.00024439657743180465,-0.00014169005139563762,-1.9596410062217018e-05
Healthy-32-img-3_jpg.rf.b8c2755afeb873e00e74dbf953046f77.jpg,Healthy,5,mid_energy_share,0.00016778506712613283,0.00012368155071896896,8.379138574894488e-06
Healthy-32-img-3_jpg.rf.b8c2755afeb873e00e74dbf953046f77.jpg,Healthy,5,high_energy_share,7.649759660359435e-05,1.8215560908384397e-05,1.1381633414944158e-05
Healthy-32-img-3_jpg.rf.b8c2755afeb873e00e74dbf953046f77.jpg,Healthy,5,clipping_fraction,4.8828125e-06,0.0,0.0
Healthy-32-img-3_jpg.rf.b8c2755afeb873e00e74dbf953046f77.jpg,Healthy,5,laplacian_variance,0.00032755674328655005,0.00010705477325245738,3.9838545490056276e-05
Healthy-32-img-3_jpg.rf.b8c2755afeb873e00e74dbf953046f77.jpg,Healthy,5,gradient_mean,0.007306575775146484,0.006232935935258865,0.0012777969241142273
Healthy-32-img-3_jpg.rf.b8c2755afeb873e00e74dbf953046f77.jpg,Healthy,5,lesion_gradient_mean,,,
Healthy-32-img-3_jpg.rf.b8c2755afeb873e00e74dbf953046f77.jpg,Healthy,5,background_gradient_mean,0.007306575775146484,0.006232935935258865,0.0012777969241142273
Healthy-32-img-3_jpg.rf.b8c2755afeb873e00e74dbf953046f77.jpg,Healthy,6,low_energy_share,-0.00024439657743180465,-0.00015996899252535002,-4.6135438737548995e-05
Healthy-32-img-3_jpg.rf.b8c2755afeb873e00e74dbf953046f77.jpg,Healthy,6,mid_energy_share,0.00016778506712613283,0.00012036132017857531,3.57987994288652e-05
Healthy-32-img-3_jpg.rf.b8c2755afeb873e00e74dbf953046f77.jpg,Healthy,6,high_energy_share,7.649759660359435e-05,3.9391399404398744e-05,1.0310857571179137e-05
Healthy-32-img-3_jpg.rf.b8c2755afeb873e00e74dbf953046f77.jpg,Healthy,6,clipping_fraction,4.8828125e-06,0.0013590494791666675,0.0011303710937499989
Healthy-32-img-3_jpg.rf.b8c2755afeb873e00e74dbf953046f77.jpg,Healthy,6,laplacian_variance,0.00032755674328655005,0.00010923773515969515,3.0003488063812256e-05
Healthy-32-img-3_jpg.rf.b8c2755afeb873e00e74dbf953046f77.jpg,Healthy,6,gradient_mean,0.007306575775146484,0.0031678974628448486,0.0011974424123764038
Healthy-32-img-3_jpg.rf.b8c2755afeb873e00e74dbf953046f77.jpg,Healthy,6,lesion_gradient_mean,,,
Healthy-32-img-3_jpg.rf.b8c2755afeb873e00e74dbf953046f77.jpg,Healthy,6,background_gradient_mean,0.007306575775146484,0.0031678974628448486,0.0011974424123764038
Healthy-32-img-3_jpg.rf.b8c2755afeb873e00e74dbf953046f77.jpg,Healthy,7,low_energy_share,-0.00024439657743180465,-0.00015388982184927347,-3.113891881145747e-05
Healthy-32-img-3_jpg.rf.b8c2755afeb873e00e74dbf953046f77.jpg,Healthy,7,mid_energy_share,0.00016778506712613283,0.00012752432567165323,2.2505673850782928e-05
Healthy-32-img-3_jpg.rf.b8c2755afeb873e00e74dbf953046f77.jpg,Healthy,7,high_energy_share,7.649759660359435e-05,2.652254939602145e-05,9.034213778972601e-06
Healthy-32-img-3_jpg.rf.b8c2755afeb873e00e74dbf953046f77.jpg,Healthy,7,clipping_fraction,4.8828125e-06,-0.00016031901041666657,0.00040527343749999917
Healthy-32-img-3_jpg.rf.b8c2755afeb873e00e74dbf953046f77.jpg,Healthy,7,laplacian_variance,0.00032755674328655005,0.00025468342937529087,4.4424086809158325e-05
Healthy-32-img-3_jpg.rf.b8c2755afeb873e00e74dbf953046f77.jpg,Healthy,7,gradient_mean,0.007306575775146484,0.007199428975582123,0.0006462335586547852
Healthy-32-img-3_jpg.rf.b8c2755afeb873e00e74dbf953046f77.jpg,Healthy,7,lesion_gradient_mean,,,
Healthy-32-img-3_jpg.rf.b8c2755afeb873e00e74dbf953046f77.jpg,Healthy,7,background_gradient_mean,0.007306575775146484,0.007199428975582123,0.0006462335586547852
Healthy-32-img-3_jpg.rf.b8c2755afeb873e00e74dbf953046f77.jpg,Healthy,8,low_energy_share,-0.00024439657743180465,-8.293886454036059e-05,-5.520052718099855e-05
Healthy-32-img-3_jpg.rf.b8c2755afeb873e00e74dbf953046f77.jpg,Healthy,8,mid_energy_share,0.00016778506712613283,5.460601745100257e-05,4.81622858895214e-05
Healthy-32-img-3_jpg.rf.b8c2755afeb873e00e74dbf953046f77.jpg,Healthy,8,high_energy_share,7.649759660359435e-05,2.8387126354538213e-05,6.79849509488856e-06
Healthy-32-img-3_jpg.rf.b8c2755afeb873e00e74dbf953046f77.jpg,Healthy,8,clipping_fraction,4.8828125e-06,0.0,0.0
Healthy-32-img-3_jpg.rf.b8c2755afeb873e00e74dbf953046f77.jpg,Healthy,8,laplacian_variance,0.00032755674328655005,9.901577141135931e-05,2.7577742002904415e-05
Healthy-32-img-3_jpg.rf.b8c2755afeb873e00e74dbf953046f77.jpg,Healthy,8,gradient_mean,0.007306575775146484,0.0013642888516187668,0.0011986829340457916
Healthy-32-img-3_jpg.rf.b8c2755afeb873e00e74dbf953046f77.jpg,Healthy,8,lesion_gradient_mean,,,
Healthy-32-img-3_jpg.rf.b8c2755afeb873e00e74dbf953046f77.jpg,Healthy,8,background_gradient_mean,0.007306575775146484,0.0013642888516187668,0.0011986829340457916
Healthy-32-img-3_jpg.rf.b8c2755afeb873e00e74dbf953046f77.jpg,Healthy,9,low_energy_share,-0.00024439657743180465,-0.0001273630048508334,-4.0528841164566565e-05
Healthy-32-img-3_jpg.rf.b8c2755afeb873e00e74dbf953046f77.jpg,Healthy,9,mid_energy_share,0.00016778506712613283,0.00010267365678932135,2.499342673122171e-05
Healthy-32-img-3_jpg.rf.b8c2755afeb873e00e74dbf953046f77.jpg,Healthy,9,high_energy_share,7.649759660359435e-05,2.4789908330272457e-05,1.497720330009654e-05
Healthy-32-img-3_jpg.rf.b8c2755afeb873e00e74dbf953046f77.jpg,Healthy,9,clipping_fraction,4.8828125e-06,0.0,0.0
Healthy-32-img-3_jpg.rf.b8c2755afeb873e00e74dbf953046f77.jpg,Healthy,9,laplacian_variance,0.00032755674328655005,0.0001430585398338735,4.4063315726816654e-05
Healthy-32-img-3_jpg.rf.b8c2755afeb873e00e74dbf953046f77.jpg,Healthy,9,gradient_mean,0.007306575775146484,0.005482636392116547,0.0017348378896713257
Healthy-32-img-3_jpg.rf.b8c2755afeb873e00e74dbf953046f77.jpg,Healthy,9,lesion_gradient_mean,,,
Healthy-32-img-3_jpg.rf.b8c2755afeb873e00e74dbf953046f77.jpg,Healthy,9,background_gradient_mean,0.007306575775146484,0.005482636392116547,0.0017348378896713257
Healthy-32-img-3_jpg.rf.b8c2755afeb873e00e74dbf953046f77.jpg,Healthy,10,low_energy_share,-0.00024439657743180465,-0.00018633164374515232,-6.200449867665991e-05
Healthy-32-img-3_jpg.rf.b8c2755afeb873e00e74dbf953046f77.jpg,Healthy,10,mid_energy_share,0.00016778506712613283,0.0001584512675285348,3.405258347694592e-05
Healthy-32-img-3_jpg.rf.b8c2755afeb873e00e74dbf953046f77.jpg,Healthy,10,high_energy_share,7.649759660359435e-05,2.7982460470780203e-05,2.8052807256371702e-05
Healthy-32-img-3_jpg.rf.b8c2755afeb873e00e74dbf953046f77.jpg,Healthy,10,clipping_fraction,4.8828125e-06,0.0,0.0
Healthy-32-img-3_jpg.rf.b8c2755afeb873e00e74dbf953046f77.jpg,Healthy,10,laplacian_variance,0.00032755674328655005,4.735436232294887e-05,4.1241233702749014e-05
Healthy-32-img-3_jpg.rf.b8c2755afeb873e00e74dbf953046f77.jpg,Healthy,10,gradient_mean,0.007306575775146484,0.0039016902446746826,0.002510685473680496
Healthy-32-img-3_jpg.rf.b8c2755afeb873e00e74dbf953046f77.jpg,Healthy,10,lesion_gradient_mean,,,
Healthy-32-img-3_jpg.rf.b8c2755afeb873e00e74dbf953046f77.jpg,Healthy,10,background_gradient_mean,0.007306575775146484,0.0039016902446746826,0.002510685473680496
Healthy-32-img-3_jpg.rf.b8c2755afeb873e00e74dbf953046f77.jpg,Healthy,11,low_energy_share,-0.00024439657743180465,-0.00013163214821187985,-2.128155685987565e-05
Healthy-32-img-3_jpg.rf.b8c2755afeb873e00e74dbf953046f77.jpg,Healthy,11,mid_energy_share,0.00016778506712613283,0.00010104801333167708,1.5138767245871047e-05
Healthy-32-img-3_jpg.rf.b8c2755afeb873e00e74dbf953046f77.jpg,Healthy,11,high_energy_share,7.649759660359435e-05,3.0605544799627296e-05,6.079951193757799e-06
Healthy-32-img-3_jpg.rf.b8c2755afeb873e00e74dbf953046f77.jpg,Healthy,11,clipping_fraction,4.8828125e-06,0.00033935546875000003,9.521484374999992e-05
Healthy-32-img-3_jpg.rf.b8c2755afeb873e00e74dbf953046f77.jpg,Healthy,11,laplacian_variance,0.00032755674328655005,0.00019262812566012144,2.4877837859094143e-05
Healthy-32-img-3_jpg.rf.b8c2755afeb873e00e74dbf953046f77.jpg,Healthy,11,gradient_mean,0.007306575775146484,0.0052697546780109406,0.000610988587141037
Healthy-32-img-3_jpg.rf.b8c2755afeb873e00e74dbf953046f77.jpg,Healthy,11,lesion_gradient_mean,,,
Healthy-32-img-3_jpg.rf.b8c2755afeb873e00e74dbf953046f77.jpg,Healthy,11,background_gradient_mean,0.007306575775146484,0.0052697546780109406,0.000610988587141037
Healthy-78-img-2_jpg.rf.a3b2cf1f57a7640088ed8102fa91aac2.jpg,Healthy,0,low_energy_share,-0.00033612137694882804,-9.510941797752359e-05,-2.734670107673587e-05
Healthy-78-img-2_jpg.rf.a3b2cf1f57a7640088ed8102fa91aac2.jpg,Healthy,0,mid_energy_share,0.0001865699895535587,5.469169302629249e-05,2.2315817804926825e-05
Healthy-78-img-2_jpg.rf.a3b2cf1f57a7640088ed8102fa91aac2.jpg,Healthy,0,high_energy_share,0.00014966219833646884,4.0617163106974685e-05,4.907918897260731e-06
Healthy-78-img-2_jpg.rf.a3b2cf1f57a7640088ed8102fa91aac2.jpg,Healthy,0,clipping_fraction,9.684244791666665e-05,3.2552083333333335e-06,1.6276041666666666e-05
Healthy-78-img-2_jpg.rf.a3b2cf1f57a7640088ed8102fa91aac2.jpg,Healthy,0,laplacian_variance,0.000456677982583642,0.00024692818988114595,3.446987830102444e-05
Healthy-78-img-2_jpg.rf.a3b2cf1f57a7640088ed8102fa91aac2.jpg,Healthy,0,gradient_mean,0.00733744353055954,0.002866726368665695,0.001038186252117157
Healthy-78-img-2_jpg.rf.a3b2cf1f57a7640088ed8102fa91aac2.jpg,Healthy,0,lesion_gradient_mean,,,
Healthy-78-img-2_jpg.rf.a3b2cf1f57a7640088ed8102fa91aac2.jpg,Healthy,0,background_gradient_mean,0.00733744353055954,0.002866726368665695,0.001038186252117157
Healthy-78-img-2_jpg.rf.a3b2cf1f57a7640088ed8102fa91aac2.jpg,Healthy,1,low_energy_share,-0.00033612137694882804,-8.84379886078035e-05,-2.5767796246523034e-05
Healthy-78-img-2_jpg.rf.a3b2cf1f57a7640088ed8102fa91aac2.jpg,Healthy,1,mid_energy_share,0.0001865699895535587,5.3962286483054465e-05,2.2458798403432337e-05
Healthy-78-img-2_jpg.rf.a3b2cf1f57a7640088ed8102fa91aac2.jpg,Healthy,1,high_energy_share,0.00014966219833646884,3.4744738854880426e-05,3.280839492440362e-06
Healthy-78-img-2_jpg.rf.a3b2cf1f57a7640088ed8102fa91aac2.jpg,Healthy,1,clipping_fraction,9.684244791666665e-05,3.255208333333333e-06,5.6966145833333344e-06
Healthy-78-img-2_jpg.rf.a3b2cf1f57a7640088ed8102fa91aac2.jpg,Healthy,1,laplacian_variance,0.000456677982583642,0.0002567815827205777,3.302888944745064e-05
Healthy-78-img-2_jpg.rf.a3b2cf1f57a7640088ed8102fa91aac2.jpg,Healthy,1,gradient_mean,0.00733744353055954,0.0029712989926338196,0.0011682622134685516
Healthy-78-img-2_jpg.rf.a3b2cf1f57a7640088ed8102fa91aac2.jpg,Healthy,1,lesion_gradient_mean,,,
Healthy-78-img-2_jpg.rf.a3b2cf1f57a7640088ed8102fa91aac2.jpg,Healthy,1,background_gradient_mean,0.00733744353055954,0.0029712989926338196,0.0011682622134685516
Healthy-78-img-2_jpg.rf.a3b2cf1f57a7640088ed8102fa91aac2.jpg,Healthy,2,low_energy_share,-0.00033612137694882804,-0.00014702026555013514,-5.411369195029714e-05
Healthy-78-img-2_jpg.rf.a3b2cf1f57a7640088ed8102fa91aac2.jpg,Healthy,2,mid_energy_share,0.0001865699895535587,0.00010647493319533021,2.7929569259548784e-05
Healthy-78-img-2_jpg.rf.a3b2cf1f57a7640088ed8102fa91aac2.jpg,Healthy,2,high_energy_share,0.00014966219833646884,4.0737269083884054e-05,2.5885357228172377e-05
Healthy-78-img-2_jpg.rf.a3b2cf1f57a7640088ed8102fa91aac2.jpg,Healthy,2,clipping_fraction,9.684244791666665e-05,4.882812499999999e-06,1.6276041666666666e-05
Healthy-78-img-2_jpg.rf.a3b2cf1f57a7640088ed8102fa91aac2.jpg,Healthy,2,laplacian_variance,0.000456677982583642,0.00011642384924925864,7.277750410139561e-05
Healthy-78-img-2_jpg.rf.a3b2cf1f57a7640088ed8102fa91aac2.jpg,Healthy,2,gradient_mean,0.00733744353055954,0.004243865609169006,0.003201715648174286
Healthy-78-img-2_jpg.rf.a3b2cf1f57a7640088ed8102fa91aac2.jpg,Healthy,2,lesion_gradient_mean,,,
Healthy-78-img-2_jpg.rf.a3b2cf1f57a7640088ed8102fa91aac2.jpg,Healthy,2,background_gradient_mean,0.00733744353055954,0.004243865609169006,0.003201715648174286
Healthy-78-img-2_jpg.rf.a3b2cf1f57a7640088ed8102fa91aac2.jpg,Healthy,3,low_energy_share,-0.00033612137694882804,-0.00023135812695218583,-1.644345017892679e-05
Healthy-78-img-2_jpg.rf.a3b2cf1f57a7640088ed8102fa91aac2.jpg,Healthy,3,mid_energy_share,0.0001865699895535587,0.00019329110000470748,1.3215812268423544e-06
Healthy-78-img-2_jpg.rf.a3b2cf1f57a7640088ed8102fa91aac2.jpg,Healthy,3,high_energy_share,0.00014966219833646884,3.821714619788391e-05,1.4850085715312948e-05
Healthy-78-img-2_jpg.rf.a3b2cf1f57a7640088ed8102fa91aac2.jpg,Healthy,3,clipping_fraction,9.684244791666665e-05,0.0004728190104166252,5.371093750000666e-05
Healthy-78-img-2_jpg.rf.a3b2cf1f57a7640088ed8102fa91aac2.jpg,Healthy,3,laplacian_variance,0.000456677982583642,0.00012900074943900108,3.230507718399167e-05
Healthy-78-img-2_jpg.rf.a3b2cf1f57a7640088ed8102fa91aac2.jpg,Healthy,3,gradient_mean,0.00733744353055954,0.005051136016845703,0.0015758760273456573
Healthy-78-img-2_jpg.rf.a3b2cf1f57a7640088ed8102fa91aac2.jpg,Healthy,3,lesion_gradient_mean,,,
Healthy-78-img-2_jpg.rf.a3b2cf1f57a7640088ed8102fa91aac2.jpg,Healthy,3,background_gradient_mean,0.00733744353055954,0.005051136016845703,0.0015758760273456573
Healthy-78-img-2_jpg.rf.a3b2cf1f57a7640088ed8102fa91aac2.jpg,Healthy,4,low_energy_share,-0.00033612137694882804,-6.66681438961092e-05,-2.438760833589626e-05
Healthy-78-img-2_jpg.rf.a3b2cf1f57a7640088ed8102fa91aac2.jpg,Healthy,4,mid_energy_share,0.0001865699895535587,3.8629326969352945e-05,2.145579305256126e-05
Healthy-78-img-2_jpg.rf.a3b2cf1f57a7640088ed8102fa91aac2.jpg,Healthy,4,high_energy_share,0.00014966219833646884,2.803573200779204e-05,2.8672025910059403e-06
Healthy-78-img-2_jpg.rf.a3b2cf1f57a7640088ed8102fa91aac2.jpg,Healthy,4,clipping_fraction,9.684244791666665e-05,0.00015462239583333148,0.000112304687499995
Healthy-78-img-2_jpg.rf.a3b2cf1f57a7640088ed8102fa91aac2.jpg,Healthy,4,laplacian_variance,0.000456677982583642,0.00016220437828451395,2.2422464098781347e-05
Healthy-78-img-2_jpg.rf.a3b2cf1f57a7640088ed8102fa91aac2.jpg,Healthy,4,gradient_mean,0.00733744353055954,0.001529984176158905,0.0009162928909063339
Healthy-78-img-2_jpg.rf.a3b2cf1f57a7640088ed8102fa91aac2.jpg,Healthy,4,lesion_gradient_mean,,,
Healthy-78-img-2_jpg.rf.a3b2cf1f57a7640088ed8102fa91aac2.jpg,Healthy,4,background_gradient_mean,0.00733744353055954,0.001529984176158905,0.0009162928909063339
Healthy-78-img-2_jpg.rf.a3b2cf1f57a7640088ed8102fa91aac2.jpg,Healthy,5,low_energy_share,-0.00033612137694882804,-0.0002845905528705561,-4.929967689515369e-05
Healthy-78-img-2_jpg.rf.a3b2cf1f57a7640088ed8102fa91aac2.jpg,Healthy,5,mid_energy_share,0.0001865699895535587,0.00022499238729662015,2.6665582259743394e-05
Healthy-78-img-2_jpg.rf.a3b2cf1f57a7640088ed8102fa91aac2.jpg,Healthy,5,high_energy_share,0.00014966219833646884,5.9747418275723054e-05,2.2288714324997943e-05
Healthy-78-img-2_jpg.rf.a3b2cf1f57a7640088ed8102fa91aac2.jpg,Healthy,5,clipping_fraction,9.684244791666665e-05,0.00033854166666669183,0.00013102213541665853
Healthy-78-img-2_jpg.rf.a3b2cf1f57a7640088ed8102fa91aac2.jpg,Healthy,5,laplacian_variance,0.000456677982583642,0.00011082988930866122,3.1370960641652346e-05
Healthy-78-img-2_jpg.rf.a3b2cf1f57a7640088ed8102fa91aac2.jpg,Healthy,5,gradient_mean,0.00733744353055954,0.004012037068605423,0.0022553764283657074
Healthy-78-img-2_jpg.rf.a3b2cf1f57a7640088ed8102fa91aac2.jpg,Healthy,5,lesion_gradient_mean,,,
Healthy-78-img-2_jpg.rf.a3b2cf1f57a7640088ed8102fa91aac2.jpg,Healthy,5,background_gradient_mean,0.00733744353055954,0.004012037068605423,0.0022553764283657074
Healthy-78-img-2_jpg.rf.a3b2cf1f57a7640088ed8102fa91aac2.jpg,Healthy,6,low_energy_share,-0.00033612137694882804,-0.00011369097523872274,-9.407559432639268e-05
Healthy-78-img-2_jpg.rf.a3b2cf1f57a7640088ed8102fa91aac2.jpg,Healthy,6,mid_energy_share,0.0001865699895535587,6.956041527385933e-05,6.433208808006392e-05
Healthy-78-img-2_jpg.rf.a3b2cf1f57a7640088ed8102fa91aac2.jpg,Healthy,6,high_energy_share,0.00014966219833646884,4.3911684341926274e-05,3.0030781095858737e-05
Healthy-78-img-2_jpg.rf.a3b2cf1f57a7640088ed8102fa91aac2.jpg,Healthy,6,clipping_fraction,9.684244791666665e-05,0.00024658203125002554,0.0003263346354166474
Healthy-78-img-2_jpg.rf.a3b2cf1f57a7640088ed8102fa91aac2.jpg,Healthy,6,laplacian_variance,0.000456677982583642,0.00012369593605399132,6.733322516083717e-05
Healthy-78-img-2_jpg.rf.a3b2cf1f57a7640088ed8102fa91aac2.jpg,Healthy,6,gradient_mean,0.00733744353055954,0.001848958432674408,0.0017373822629451752
Healthy-78-img-2_jpg.rf.a3b2cf1f57a7640088ed8102fa91aac2.jpg,Healthy,6,lesion_gradient_mean,,,
Healthy-78-img-2_jpg.rf.a3b2cf1f57a7640088ed8102fa91aac2.jpg,Healthy,6,background_gradient_mean,0.00733744353055954,0.001848958432674408,0.0017373822629451752
Healthy-78-img-2_jpg.rf.a3b2cf1f57a7640088ed8102fa91aac2.jpg,Healthy,7,low_energy_share,-0.00033612137694882804,-6.080504065575365e-05,-5.0917910472181305e-05
Healthy-78-img-2_jpg.rf.a3b2cf1f57a7640088ed8102fa91aac2.jpg,Healthy,7,mid_energy_share,0.0001865699895535587,3.2765397417408744e-05,4.069836167720244e-05
Healthy-78-img-2_jpg.rf.a3b2cf1f57a7640088ed8102fa91aac2.jpg,Healthy,7,high_energy_share,0.00014966219833646884,2.810033117765849e-05,1.0071615694404564e-05
Healthy-78-img-2_jpg.rf.a3b2cf1f57a7640088ed8102fa91aac2.jpg,Healthy,7,clipping_fraction,9.684244791666665e-05,1.6276041666666668e-06,8.138020833333333e-06
Healthy-78-img-2_jpg.rf.a3b2cf1f57a7640088ed8102fa91aac2.jpg,Healthy,7,laplacian_variance,0.000456677982583642,0.00011635501869022846,4.4364132918417454e-05
Healthy-78-img-2_jpg.rf.a3b2cf1f57a7640088ed8102fa91aac2.jpg,Healthy,7,gradient_mean,0.00733744353055954,0.0011152476072311401,0.0013065896928310394
Healthy-78-img-2_jpg.rf.a3b2cf1f57a7640088ed8102fa91aac2.jpg,Healthy,7,lesion_gradient_mean,,,
Healthy-78-img-2_jpg.rf.a3b2cf1f57a7640088ed8102fa91aac2.jpg,Healthy,7,background_gradient_mean,0.00733744353055954,0.0011152476072311401,0.0013065896928310394
Healthy-78-img-2_jpg.rf.a3b2cf1f57a7640088ed8102fa91aac2.jpg,Healthy,8,low_energy_share,-0.00033612137694882804,-0.00015540674632474882,-0.0001002850341250694
Healthy-78-img-2_jpg.rf.a3b2cf1f57a7640088ed8102fa91aac2.jpg,Healthy,8,mid_energy_share,0.0001865699895535587,0.00011431540351905718,5.2416846024966454e-05
Healthy-78-img-2_jpg.rf.a3b2cf1f57a7640088ed8102fa91aac2.jpg,Healthy,8,high_energy_share,0.00014966219833646884,4.1239454979625714e-05,4.782569391421858e-05
Healthy-78-img-2_jpg.rf.a3b2cf1f57a7640088ed8102fa91aac2.jpg,Healthy,8,clipping_fraction,9.684244791666665e-05,1.3834635416666668e-05,1.6276041666666666e-05
Healthy-78-img-2_jpg.rf.a3b2cf1f57a7640088ed8102fa91aac2.jpg,Healthy,8,laplacian_variance,0.000456677982583642,6.259148358367383e-05,7.464402006007731e-05
Healthy-78-img-2_jpg.rf.a3b2cf1f57a7640088ed8102fa91aac2.jpg,Healthy,8,gradient_mean,0.00733744353055954,0.0033709127455949783,0.0040620192885398865
Healthy-78-img-2_jpg.rf.a3b2cf1f57a7640088ed8102fa91aac2.jpg,Healthy,8,lesion_gradient_mean,,,
Healthy-78-img-2_jpg.rf.a3b2cf1f57a7640088ed8102fa91aac2.jpg,Healthy,8,background_gradient_mean,0.00733744353055954,0.0033709127455949783,0.0040620192885398865
Healthy-78-img-2_jpg.rf.a3b2cf1f57a7640088ed8102fa91aac2.jpg,Healthy,9,low_energy_share,-0.00033612137694882804,-0.0001495657532282202,-6.734803903452047e-07
Healthy-78-img-2_jpg.rf.a3b2cf1f57a7640088ed8102fa91aac2.jpg,Healthy,9,mid_energy_share,0.0001865699895535587,0.00012559029722431316,-5.108040944033082e-06
Healthy-78-img-2_jpg.rf.a3b2cf1f57a7640088ed8102fa91aac2.jpg,Healthy,9,high_energy_share,0.00014966219833646884,2.3849312602834807e-05,5.809918840328e-06
Healthy-78-img-2_jpg.rf.a3b2cf1f57a7640088ed8102fa91aac2.jpg,Healthy,9,clipping_fraction,9.684244791666665e-05,-0.0026961263020833237,0.0028662109374999467
Healthy-78-img-2_jpg.rf.a3b2cf1f57a7640088ed8102fa91aac2.jpg,Healthy,9,laplacian_variance,0.000456677982583642,0.00015941803576424718,1.520506339147687e-05
Healthy-78-img-2_jpg.rf.a3b2cf1f57a7640088ed8102fa91aac2.jpg,Healthy,9,gradient_mean,0.00733744353055954,0.005493629723787308,-0.0003505982458591461
Healthy-78-img-2_jpg.rf.a3b2cf1f57a7640088ed8102fa91aac2.jpg,Healthy,9,lesion_gradient_mean,,,
Healthy-78-img-2_jpg.rf.a3b2cf1f57a7640088ed8102fa91aac2.jpg,Healthy,9,background_gradient_mean,0.00733744353055954,0.005493629723787308,-0.0003505982458591461
Healthy-78-img-2_jpg.rf.a3b2cf1f57a7640088ed8102fa91aac2.jpg,Healthy,10,low_energy_share,-0.00033612137694882804,-5.399061290156659e-05,-5.542321411045048e-05
Healthy-78-img-2_jpg.rf.a3b2cf1f57a7640088ed8102fa91aac2.jpg,Healthy,10,mid_energy_share,0.0001865699895535587,2.762721544028238e-05,3.8679379128965324e-05
Healthy-78-img-2_jpg.rf.a3b2cf1f57a7640088ed8102fa91aac2.jpg,Healthy,10,high_energy_share,0.00014966219833646884,2.6166445658992694e-05,1.6756167620938383e-05
Healthy-78-img-2_jpg.rf.a3b2cf1f57a7640088ed8102fa91aac2.jpg,Healthy,10,clipping_fraction,9.684244791666665e-05,0.00011881510416666963,0.00014648437500000555
Healthy-78-img-2_jpg.rf.a3b2cf1f57a7640088ed8102fa91aac2.jpg,Healthy,10,laplacian_variance,0.000456677982583642,7.591053145006299e-05,4.333618562668562e-05
Healthy-78-img-2_jpg.rf.a3b2cf1f57a7640088ed8102fa91aac2.jpg,Healthy,10,gradient_mean,0.00733744353055954,0.0007931720465421677,0.0010744128376245499
Healthy-78-img-2_jpg.rf.a3b2cf1f57a7640088ed8102fa91aac2.jpg,Healthy,10,lesion_gradient_mean,,,
Healthy-78-img-2_jpg.rf.a3b2cf1f57a7640088ed8102fa91aac2.jpg,Healthy,10,background_gradient_mean,0.00733744353055954,0.0007931720465421677,0.0010744128376245499
Healthy-78-img-2_jpg.rf.a3b2cf1f57a7640088ed8102fa91aac2.jpg,Healthy,11,low_energy_share,-0.00033612137694882804,-9.029584962949588e-05,-2.3858269563747925e-05
Healthy-78-img-2_jpg.rf.a3b2cf1f57a7640088ed8102fa91aac2.jpg,Healthy,11,mid_energy_share,0.0001865699895535587,5.377302785318478e-05,2.0073328279265597e-05
Healthy-78-img-2_jpg.rf.a3b2cf1f57a7640088ed8102fa91aac2.jpg,Healthy,11,high_energy_share,0.00014966219833646884,3.6112014025818764e-05,3.959935535571748e-06
Healthy-78-img-2_jpg.rf.a3b2cf1f57a7640088ed8102fa91aac2.jpg,Healthy,11,clipping_fraction,9.684244791666665e-05,-0.0021451822916666655,0.0023836263020833304
Healthy-78-img-2_jpg.rf.a3b2cf1f57a7640088ed8102fa91aac2.jpg,Healthy,11,laplacian_variance,0.000456677982583642,0.0002693993737921119,3.546755760908127e-05
Healthy-78-img-2_jpg.rf.a3b2cf1f57a7640088ed8102fa91aac2.jpg,Healthy,11,gradient_mean,0.00733744353055954,0.002923138439655304,0.0010638982057571411
Healthy-78-img-2_jpg.rf.a3b2cf1f57a7640088ed8102fa91aac2.jpg,Healthy,11,lesion_gradient_mean,,,
Healthy-78-img-2_jpg.rf.a3b2cf1f57a7640088ed8102fa91aac2.jpg,Healthy,11,background_gradient_mean,0.00733744353055954,0.002923138439655304,0.0010638982057571411
WSSV-1-img-2_jpg.rf.40688fc7481929d84ec37db2c3cac016.jpg,WSSV,0,low_energy_share,-0.00028184818160836844,-0.0001724100170198417,-4.0143934843417384e-05
WSSV-1-img-2_jpg.rf.40688fc7481929d84ec37db2c3cac016.jpg,WSSV,0,mid_energy_share,0.0001939281395847679,0.00014893627220789567,2.1534633302787085e-05
WSSV-1-img-2_jpg.rf.40688fc7481929d84ec37db2c3cac016.jpg,WSSV,0,high_energy_share,8.800229814228305e-05,2.360482390218149e-05,1.8507629740412314e-05
WSSV-1-img-2_jpg.rf.40688fc7481929d84ec37db2c3cac016.jpg,WSSV,0,clipping_fraction,3.824869791666667e-05,0.0,0.0
WSSV-1-img-2_jpg.rf.40688fc7481929d84ec37db2c3cac016.jpg,WSSV,0,laplacian_variance,0.001012551598250866,0.00021205551456660032,5.6578428484499454e-05
WSSV-1-img-2_jpg.rf.40688fc7481929d84ec37db2c3cac016.jpg,WSSV,0,gradient_mean,0.008758164942264557,0.006316144019365311,0.0021668151021003723
WSSV-1-img-2_jpg.rf.40688fc7481929d84ec37db2c3cac016.jpg,WSSV,0,lesion_gradient_mean,0.009930595755577087,0.006823360919952393,0.001339934766292572
WSSV-1-img-2_jpg.rf.40688fc7481929d84ec37db2c3cac016.jpg,WSSV,0,background_gradient_mean,0.008752398192882538,0.006312217563390732,0.002173207700252533
WSSV-1-img-2_jpg.rf.40688fc7481929d84ec37db2c3cac016.jpg,WSSV,1,low_energy_share,-0.00028184818160836844,-0.00020633251925850082,-6.460269770280913e-05
WSSV-1-img-2_jpg.rf.40688fc7481929d84ec37db2c3cac016.jpg,WSSV,1,mid_energy_share,0.0001939281395847679,0.00017381795493799776,4.244989116281364e-05
WSSV-1-img-2_jpg.rf.40688fc7481929d84ec37db2c3cac016.jpg,WSSV,1,high_energy_share,8.800229814228305e-05,3.258426974641856e-05,2.2404360877585774e-05
WSSV-1-img-2_jpg.rf.40688fc7481929d84ec37db2c3cac016.jpg,WSSV,1,clipping_fraction,3.824869791666667e-05,0.00038981119791666667,0.00027587890624999976
WSSV-1-img-2_jpg.rf.40688fc7481929d84ec37db2c3cac016.jpg,WSSV,1,laplacian_variance,0.001012551598250866,0.00014837388880550861,5.9962738305330276e-05
WSSV-1-img-2_jpg.rf.40688fc7481929d84ec37db2c3cac016.jpg,WSSV,1,gradient_mean,0.008758164942264557,0.004705637693405151,0.003192789852619171
WSSV-1-img-2_jpg.rf.40688fc7481929d84ec37db2c3cac016.jpg,WSSV,1,lesion_gradient_mean,0.009930595755577087,0.004687853157520294,0.002177610993385315
WSSV-1-img-2_jpg.rf.40688fc7481929d84ec37db2c3cac016.jpg,WSSV,1,background_gradient_mean,0.008752398192882538,0.004705749452114105,0.003198932856321335
WSSV-1-img-2_jpg.rf.40688fc7481929d84ec37db2c3cac016.jpg,WSSV,2,low_energy_share,-0.00028184818160836844,-0.0001860304246676936,-2.5702315662901043e-05
WSSV-1-img-2_jpg.rf.40688fc7481929d84ec37db2c3cac016.jpg,WSSV,2,mid_energy_share,0.0001939281395847679,0.0001582515590412485,1.2301688711174614e-05
WSSV-1-img-2_jpg.rf.40688fc7481929d84ec37db2c3cac016.jpg,WSSV,2,high_energy_share,8.800229814228305e-05,2.766033887668392e-05,1.3674969985837587e-05
WSSV-1-img-2_jpg.rf.40688fc7481929d84ec37db2c3cac016.jpg,WSSV,2,clipping_fraction,3.824869791666667e-05,0.0002522786458333335,5.615234374999989e-05
WSSV-1-img-2_jpg.rf.40688fc7481929d84ec37db2c3cac016.jpg,WSSV,2,laplacian_variance,0.001012551598250866,0.0001992589677684009,4.743412137031555e-05
WSSV-1-img-2_jpg.rf.40688fc7481929d84ec37db2c3cac016.jpg,WSSV,2,gradient_mean,0.008758164942264557,0.0061636678874492645,0.0021693557500839233
WSSV-1-img-2_jpg.rf.40688fc7481929d84ec37db2c3cac016.jpg,WSSV,2,lesion_gradient_mean,0.009930595755577087,0.0063560232520103455,0.001274898648262024
WSSV-1-img-2_jpg.rf.40688fc7481929d84ec37db2c3cac016.jpg,WSSV,2,background_gradient_mean,0.008752398192882538,0.006162188947200775,0.0021762624382972717
WSSV-1-img-2_jpg.rf.40688fc7481929d84ec37db2c3cac016.jpg,WSSV,3,low_energy_share,-0.00028184818160836844,-0.00018031277191521422,-3.8667477130771566e-05
WSSV-1-img-2_jpg.rf.40688fc7481929d84ec37db2c3cac016.jpg,WSSV,3,mid_energy_share,0.0001939281395847679,0.00014926301678510516,2.8675205439650025e-05
WSSV-1-img-2_jpg.rf.40688fc7481929d84ec37db2c3cac016.jpg,WSSV,3,high_energy_share,8.800229814228305e-05,3.108636743091761e-05,9.908970037248756e-06
WSSV-1-img-2_jpg.rf.40688fc7481929d84ec37db2c3cac016.jpg,WSSV,3,clipping_fraction,3.824869791666667e-05,-0.002169596354166664,0.002958984375000001
WSSV-1-img-2_jpg.rf.40688fc7481929d84ec37db2c3cac016.jpg,WSSV,3,laplacian_variance,0.001012551598250866,0.0005593337118625641,4.765670746564865e-05
WSSV-1-img-2_jpg.rf.40688fc7481929d84ec37db2c3cac016.jpg,WSSV,3,gradient_mean,0.008758164942264557,0.006871998310089111,0.0018562674522399902
WSSV-1-img-2_jpg.rf.40688fc7481929d84ec37db2c3cac016.jpg,WSSV,3,lesion_gradient_mean,0.009930595755577087,0.010930567979812622,-0.0004898309707641602
WSSV-1-img-2_jpg.rf.40688fc7481929d84ec37db2c3cac016.jpg,WSSV,3,background_gradient_mean,0.008752398192882538,0.0068445876240730286,0.0018720999360084534
WSSV-1-img-2_jpg.rf.40688fc7481929d84ec37db2c3cac016.jpg,WSSV,4,low_energy_share,-0.00028184818160836844,-0.00019198969152667278,-4.475209162357885e-06
WSSV-1-img-2_jpg.rf.40688fc7481929d84ec37db2c3cac016.jpg,WSSV,4,mid_energy_share,0.0001939281395847679,0.00016568930538952032,-1.374095359622492e-06
WSSV-1-img-2_jpg.rf.40688fc7481929d84ec37db2c3cac016.jpg,WSSV,4,high_energy_share,8.800229814228305e-05,2.6002044433468745e-05,5.882993579697652e-06
WSSV-1-img-2_jpg.rf.40688fc7481929d84ec37db2c3cac016.jpg,WSSV,4,clipping_fraction,3.824869791666667e-05,-0.001468912760416663,0.0020483398437499967
WSSV-1-img-2_jpg.rf.40688fc7481929d84ec37db2c3cac016.jpg,WSSV,4,laplacian_variance,0.001012551598250866,0.00043092970736324787,2.6322202757000923e-05
WSSV-1-img-2_jpg.rf.40688fc7481929d84ec37db2c3cac016.jpg,WSSV,4,gradient_mean,0.008758164942264557,0.00801900029182434,0.0004263445734977722
WSSV-1-img-2_jpg.rf.40688fc7481929d84ec37db2c3cac016.jpg,WSSV,4,lesion_gradient_mean,0.009930595755577087,0.01009756326675415,-0.0004918128252029419
WSSV-1-img-2_jpg.rf.40688fc7481929d84ec37db2c3cac016.jpg,WSSV,4,background_gradient_mean,0.008752398192882538,0.007999919354915619,0.00043477863073349
WSSV-1-img-2_jpg.rf.40688fc7481929d84ec37db2c3cac016.jpg,WSSV,5,low_energy_share,-0.00028184818160836844,-0.00017571229743174044,-0.00010321423001791175
WSSV-1-img-2_jpg.rf.40688fc7481929d84ec37db2c3cac016.jpg,WSSV,5,mid_energy_share,0.0001939281395847679,0.00012802880834128722,8.103739346528092e-05
WSSV-1-img-2_jpg.rf.40688fc7481929d84ec37db2c3cac016.jpg,WSSV,5,high_energy_share,8.800229814228305e-05,4.746939121274966e-05,2.204845024104989e-05
WSSV-1-img-2_jpg.rf.40688fc7481929d84ec37db2c3cac016.jpg,WSSV,5,clipping_fraction,3.824869791666667e-05,5.5338541666666644e-05,2.522786458333332e-05
WSSV-1-img-2_jpg.rf.40688fc7481929d84ec37db2c3cac016.jpg,WSSV,5,laplacian_variance,0.001012551598250866,0.00026819249615073204,0.00010806997306644917
WSSV-1-img-2_jpg.rf.40688fc7481929d84ec37db2c3cac016.jpg,WSSV,5,gradient_mean,0.008758164942264557,0.0036906488239765167,0.0024039633572101593
WSSV-1-img-2_jpg.rf.40688fc7481929d84ec37db2c3cac016.jpg,WSSV,5,lesion_gradient_mean,0.009930595755577087,0.006114408373832703,0.0014893263578414917
WSSV-1-img-2_jpg.rf.40688fc7481929d84ec37db2c3cac016.jpg,WSSV,5,background_gradient_mean,0.008752398192882538,0.003683280199766159,0.0024067535996437073
WSSV-1-img-2_jpg.rf.40688fc7481929d84ec37db2c3cac016.jpg,WSSV,6,low_energy_share,-0.00028184818160836844,-0.00020318803169372401,-9.803086535131733e-05
WSSV-1-img-2_jpg.rf.40688fc7481929d84ec37db2c3cac016.jpg,WSSV,6,mid_energy_share,0.0001939281395847679,0.00016260112782099257,7.12153140975582e-05
WSSV-1-img-2_jpg.rf.40688fc7481929d84ec37db2c3cac016.jpg,WSSV,6,high_energy_share,8.800229814228305e-05,4.001508619771153e-05,2.682455183195177e-05
WSSV-1-img-2_jpg.rf.40688fc7481929d84ec37db2c3cac016.jpg,WSSV,6,clipping_fraction,3.824869791666667e-05,9.440104166666662e-05,4.0690104166666685e-05
WSSV-1-img-2_jpg.rf.40688fc7481929d84ec37db2c3cac016.jpg,WSSV,6,laplacian_variance,0.001012551598250866,0.00019629579037427902,9.394960943609476e-05
WSSV-1-img-2_jpg.rf.40688fc7481929d84ec37db2c3cac016.jpg,WSSV,6,gradient_mean,0.008758164942264557,0.00441325455904007,0.003187216818332672
WSSV-1-img-2_jpg.rf.40688fc7481929d84ec37db2c3cac016.jpg,WSSV,6,lesion_gradient_mean,0.009930595755577087,0.005333051085472107,0.0017116889357566833
WSSV-1-img-2_jpg.rf.40688fc7481929d84ec37db2c3cac016.jpg,WSSV,6,background_gradient_mean,0.008752398192882538,0.0044092461466789246,0.0031936541199684143
WSSV-1-img-2_jpg.rf.40688fc7481929d84ec37db2c3cac016.jpg,WSSV,7,low_energy_share,-0.00028184818160836844,-0.00017189403708639528,-9.954847539317413e-05
WSSV-1-img-2_jpg.rf.40688fc7481929d84ec37db2c3cac016.jpg,WSSV,7,mid_energy_share,0.0001939281395847679,0.00012571329619574844,8.016548998592801e-05
WSSV-1-img-2_jpg.rf.40688fc7481929d84ec37db2c3cac016.jpg,WSSV,7,high_energy_share,8.800229814228305e-05,4.601393582739574e-05,1.976037821457854e-05
WSSV-1-img-2_jpg.rf.40688fc7481929d84ec37db2c3cac016.jpg,WSSV,7,clipping_fraction,3.824869791666667e-05,-0.0011987304687499922,0.0015104166666666669
WSSV-1-img-2_jpg.rf.40688fc7481929d84ec37db2c3cac016.jpg,WSSV,7,laplacian_variance,0.001012551598250866,0.0005884787533432245,0.0002116248942911625
WSSV-1-img-2_jpg.rf.40688fc7481929d84ec37db2c3cac016.jpg,WSSV,7,gradient_mean,0.008758164942264557,0.004419833421707153,0.0023839324712753296
WSSV-1-img-2_jpg.rf.40688fc7481929d84ec37db2c3cac016.jpg,WSSV,7,lesion_gradient_mean,0.009930595755577087,0.009483426809310913,0.0005444139242172241
WSSV-1-img-2_jpg.rf.40688fc7481929d84ec37db2c3cac016.jpg,WSSV,7,background_gradient_mean,0.008752398192882538,0.004403933882713318,0.0023897215723991394
WSSV-1-img-2_jpg.rf.40688fc7481929d84ec37db2c3cac016.jpg,WSSV,8,low_energy_share,-0.00028184818160836844,-0.00013532812688821227,-0.00013628014746924766
WSSV-1-img-2_jpg.rf.40688fc7481929d84ec37db2c3cac016.jpg,WSSV,8,mid_energy_share,0.0001939281395847679,7.670911691520809e-05,0.00010983351295381543
WSSV-1-img-2_jpg.rf.40688fc7481929d84ec37db2c3cac016.jpg,WSSV,8,high_energy_share,8.800229814228305e-05,5.8422094272324516e-05,2.6283412657840074e-05
WSSV-1-img-2_jpg.rf.40688fc7481929d84ec37db2c3cac016.jpg,WSSV,8,clipping_fraction,3.824869791666667e-05,0.0,1.6276041666666668e-06
WSSV-1-img-2_jpg.rf.40688fc7481929d84ec37db2c3cac016.jpg,WSSV,8,laplacian_variance,0.001012551598250866,0.00020467478316277266,8.171331137418747e-05
WSSV-1-img-2_jpg.rf.40688fc7481929d84ec37db2c3cac016.jpg,WSSV,8,gradient_mean,0.008758164942264557,0.0014031529426574707,0.0017022527754306793
WSSV-1-img-2_jpg.rf.40688fc7481929d84ec37db2c3cac016.jpg,WSSV,8,lesion_gradient_mean,0.009930595755577087,0.004705518484115601,0.0032173842191696167
WSSV-1-img-2_jpg.rf.40688fc7481929d84ec37db2c3cac016.jpg,WSSV,8,background_gradient_mean,0.008752398192882538,0.0013985373079776764,0.0017001330852508545
WSSV-1-img-2_jpg.rf.40688fc7481929d84ec37db2c3cac016.jpg,WSSV,9,low_energy_share,-0.00028184818160836844,-0.0002054550538616029,-8.580121927603823e-05
WSSV-1-img-2_jpg.rf.40688fc7481929d84ec37db2c3cac016.jpg,WSSV,9,mid_energy_share,0.0001939281395847679,0.00017110889002093705,5.95134807860353e-05
WSSV-1-img-2_jpg.rf.40688fc7481929d84ec37db2c3cac016.jpg,WSSV,9,high_energy_share,8.800229814228305e-05,3.418689928404273e-05,2.6209921282123743e-05
WSSV-1-img-2_jpg.rf.40688fc7481929d84ec37db2c3cac016.jpg,WSSV,9,clipping_fraction,3.824869791666667e-05,0.00016438802083333333,8.382161458333343e-05
WSSV-1-img-2_jpg.rf.40688fc7481929d84ec37db2c3cac016.jpg,WSSV,9,laplacian_variance,0.001012551598250866,0.00019314407836645842,7.491768337786198e-05
WSSV-1-img-2_jpg.rf.40688fc7481929d84ec37db2c3cac016.jpg,WSSV,9,gradient_mean,0.008758164942264557,0.004899352788925171,0.0029602758586406708
WSSV-1-img-2_jpg.rf.40688fc7481929d84ec37db2c3cac016.jpg,WSSV,9,lesion_gradient_mean,0.009930595755577087,0.005884774029254913,0.0013688504695892334
WSSV-1-img-2_jpg.rf.40688fc7481929d84ec37db2c3cac016.jpg,WSSV,9,background_gradient_mean,0.008752398192882538,0.0048939548432827,0.0029689818620681763
WSSV-1-img-2_jpg.rf.40688fc7481929d84ec37db2c3cac016.jpg,WSSV,10,low_energy_share,-0.00028184818160836844,-0.00018899686260653858,-9.154690764368034e-05
WSSV-1-img-2_jpg.rf.40688fc7481929d84ec37db2c3cac016.jpg,WSSV,10,mid_energy_share,0.0001939281395847679,0.00014212545852608526,7.351517562269728e-05
WSSV-1-img-2_jpg.rf.40688fc7481929d84ec37db2c3cac016.jpg,WSSV,10,high_energy_share,8.800229814228305e-05,4.73882669395257e-05,1.7753023140592813e-05
WSSV-1-img-2_jpg.rf.40688fc7481929d84ec37db2c3cac016.jpg,WSSV,10,clipping_fraction,3.824869791666667e-05,4.150390624999998e-05,0.00018310546874999978
WSSV-1-img-2_jpg.rf.40688fc7481929d84ec37db2c3cac016.jpg,WSSV,10,laplacian_variance,0.001012551598250866,0.0005117054097354412,0.00017155962996184826
WSSV-1-img-2_jpg.rf.40688fc7481929d84ec37db2c3cac016.jpg,WSSV,10,gradient_mean,0.008758164942264557,0.005455538630485535,0.0019281134009361267
WSSV-1-img-2_jpg.rf.40688fc7481929d84ec37db2c3cac016.jpg,WSSV,10,lesion_gradient_mean,0.009930595755577087,0.008091509342193604,0.001800432801246643
WSSV-1-img-2_jpg.rf.40688fc7481929d84ec37db2c3cac016.jpg,WSSV,10,background_gradient_mean,0.008752398192882538,0.0054469034075737,0.0019285306334495544
WSSV-1-img-2_jpg.rf.40688fc7481929d84ec37db2c3cac016.jpg,WSSV,11,low_energy_share,-0.00028184818160836844,-0.00018751353887691558,-2.3754834990730167e-05
WSSV-1-img-2_jpg.rf.40688fc7481929d84ec37db2c3cac016.jpg,WSSV,11,mid_energy_share,0.0001939281395847679,0.00016176539556517623,9.342010767210114e-06
WSSV-1-img-2_jpg.rf.40688fc7481929d84ec37db2c3cac016.jpg,WSSV,11,high_energy_share,8.800229814228305e-05,2.6050086728849427e-05,1.4340259074601563e-05
WSSV-1-img-2_jpg.rf.40688fc7481929d84ec37db2c3cac016.jpg,WSSV,11,clipping_fraction,3.824869791666667e-05,8.138020833333334e-07,7.32421875e-06
WSSV-1-img-2_jpg.rf.40688fc7481929d84ec37db2c3cac016.jpg,WSSV,11,laplacian_variance,0.001012551598250866,0.0002183336764574051,4.951725713908672e-05
WSSV-1-img-2_jpg.rf.40688fc7481929d84ec37db2c3cac016.jpg,WSSV,11,gradient_mean,0.008758164942264557,0.0062101297080516815,0.002154506742954254
WSSV-1-img-2_jpg.rf.40688fc7481929d84ec37db2c3cac016.jpg,WSSV,11,lesion_gradient_mean,0.009930595755577087,0.006580129265785217,0.0013406053185462952
WSSV-1-img-2_jpg.rf.40688fc7481929d84ec37db2c3cac016.jpg,WSSV,11,background_gradient_mean,0.008752398192882538,0.006207328289747238,0.0021606609225273132
WSSV-106-img-2_jpg.rf.512b1a953e19dc4b8f39b731b5ff16cf.jpg,WSSV,0,low_energy_share,-0.0007464341911317396,-0.0008627455937886275,-0.00025014670781597914
WSSV-106-img-2_jpg.rf.512b1a953e19dc4b8f39b731b5ff16cf.jpg,WSSV,0,mid_energy_share,0.0004815312669776994,0.0006810106912813188,0.0001709855152092713
WSSV-106-img-2_jpg.rf.512b1a953e19dc4b8f39b731b5ff16cf.jpg,WSSV,0,high_energy_share,0.00026503874711130207,0.00018168698708445358,7.923067067857931e-05
WSSV-106-img-2_jpg.rf.512b1a953e19dc4b8f39b731b5ff16cf.jpg,WSSV,0,clipping_fraction,0.00011311848958333334,-0.0010205078125000155,0.0017163085937499933
WSSV-106-img-2_jpg.rf.512b1a953e19dc4b8f39b731b5ff16cf.jpg,WSSV,0,laplacian_variance,0.0006707736756652594,0.00029677466955035925,6.511108949780464e-05
WSSV-106-img-2_jpg.rf.512b1a953e19dc4b8f39b731b5ff16cf.jpg,WSSV,0,gradient_mean,0.008547622710466385,0.00550425797700882,0.0021482110023498535
WSSV-106-img-2_jpg.rf.512b1a953e19dc4b8f39b731b5ff16cf.jpg,WSSV,0,lesion_gradient_mean,0.00773242861032486,0.005933701992034912,0.0012468695640563965
WSSV-106-img-2_jpg.rf.512b1a953e19dc4b8f39b731b5ff16cf.jpg,WSSV,0,background_gradient_mean,0.00855366513133049,0.005500134080648422,0.0021568909287452698
WSSV-106-img-2_jpg.rf.512b1a953e19dc4b8f39b731b5ff16cf.jpg,WSSV,1,low_energy_share,-0.0007464341911317396,-0.00015654103597040336,-0.00010253512826008393
WSSV-106-img-2_jpg.rf.512b1a953e19dc4b8f39b731b5ff16cf.jpg,WSSV,1,mid_energy_share,0.0004815312669776994,8.905511139215981e-05,8.355127441200317e-05
WSSV-106-img-2_jpg.rf.512b1a953e19dc4b8f39b731b5ff16cf.jpg,WSSV,1,high_energy_share,0.00026503874711130207,6.753647023498266e-05,1.8890305890232554e-05
WSSV-106-img-2_jpg.rf.512b1a953e19dc4b8f39b731b5ff16cf.jpg,WSSV,1,clipping_fraction,0.00011311848958333334,-0.001925455729166664,0.0024007161458333287
WSSV-106-img-2_jpg.rf.512b1a953e19dc4b8f39b731b5ff16cf.jpg,WSSV,1,laplacian_variance,0.0006707736756652594,0.0003805814776569605,9.534345008432865e-05
WSSV-106-img-2_jpg.rf.512b1a953e19dc4b8f39b731b5ff16cf.jpg,WSSV,1,gradient_mean,0.008547622710466385,0.00258709117770195,0.0014526322484016418
WSSV-106-img-2_jpg.rf.512b1a953e19dc4b8f39b731b5ff16cf.jpg,WSSV,1,lesion_gradient_mean,0.00773242861032486,0.006354719400405884,0.0028308331966400146
WSSV-106-img-2_jpg.rf.512b1a953e19dc4b8f39b731b5ff16cf.jpg,WSSV,1,background_gradient_mean,0.00855366513133049,0.002576872706413269,0.0014488846063613892
WSSV-106-img-2_jpg.rf.512b1a953e19dc4b8f39b731b5ff16cf.jpg,WSSV,2,low_energy_share,-0.0007464341911317396,-0.0004929227788678103,-0.00040966951981658006
WSSV-106-img-2_jpg.rf.512b1a953e19dc4b8f39b731b5ff16cf.jpg,WSSV,2,mid_energy_share,0.0004815312669776994,0.00034394260354005113,0.0003088110647895895
WSSV-106-img-2_jpg.rf.512b1a953e19dc4b8f39b731b5ff16cf.jpg,WSSV,2,high_energy_share,0.00026503874711130207,0.00014946114246113407,0.00010074833726701933
WSSV-106-img-2_jpg.rf.512b1a953e19dc4b8f39b731b5ff16cf.jpg,WSSV,2,clipping_fraction,0.00011311848958333334,-0.0005338541666666807,0.0014493815104166807
WSSV-106-img-2_jpg.rf.512b1a953e19dc4b8f39b731b5ff16cf.jpg,WSSV,2,laplacian_variance,0.0006707736756652594,0.000405831728130579,0.000168859725818038
WSSV-106-img-2_jpg.rf.512b1a953e19dc4b8f39b731b5ff16cf.jpg,WSSV,2,gradient_mean,0.008547622710466385,0.004413101822137833,0.000582963228225708
WSSV-106-img-2_jpg.rf.512b1a953e19dc4b8f39b731b5ff16cf.jpg,WSSV,2,lesion_gradient_mean,0.00773242861032486,0.007637642323970795,0.0004801452159881592
WSSV-106-img-2_jpg.rf.512b1a953e19dc4b8f39b731b5ff16cf.jpg,WSSV,2,background_gradient_mean,0.00855366513133049,0.004393573850393295,0.0005835741758346558
WSSV-106-img-2_jpg.rf.512b1a953e19dc4b8f39b731b5ff16cf.jpg,WSSV,3,low_energy_share,-0.0007464341911317396,-0.0005096378659732448,-0.00014283976608842064
WSSV-106-img-2_jpg.rf.512b1a953e19dc4b8f39b731b5ff16cf.jpg,WSSV,3,mid_energy_share,0.0004815312669776994,0.000397514191601027,9.15036107398395e-05
WSSV-106-img-2_jpg.rf.512b1a953e19dc4b8f39b731b5ff16cf.jpg,WSSV,3,high_energy_share,0.00026503874711130207,0.00011228132868437777,5.1352966728152125e-05
WSSV-106-img-2_jpg.rf.512b1a953e19dc4b8f39b731b5ff16cf.jpg,WSSV,3,clipping_fraction,0.00011311848958333334,0.000614420572916663,0.000958658854166683
WSSV-106-img-2_jpg.rf.512b1a953e19dc4b8f39b731b5ff16cf.jpg,WSSV,3,laplacian_variance,0.0006707736756652594,0.00011370144784450531,2.7453294023871422e-05
WSSV-106-img-2_jpg.rf.512b1a953e19dc4b8f39b731b5ff16cf.jpg,WSSV,3,gradient_mean,0.008547622710466385,0.0036289282143115997,0.0018848329782485962
WSSV-106-img-2_jpg.rf.512b1a953e19dc4b8f39b731b5ff16cf.jpg,WSSV,3,lesion_gradient_mean,0.00773242861032486,0.0035052821040153503,0.003099977970123291
WSSV-106-img-2_jpg.rf.512b1a953e19dc4b8f39b731b5ff16cf.jpg,WSSV,3,background_gradient_mean,0.00855366513133049,0.0036299489438533783,0.0018748417496681213
WSSV-106-img-2_jpg.rf.512b1a953e19dc4b8f39b731b5ff16cf.jpg,WSSV,4,low_energy_share,-0.0007464341911317396,-0.00028553155724120316,-0.00010369141475030652
WSSV-106-img-2_jpg.rf.512b1a953e19dc4b8f39b731b5ff16cf.jpg,WSSV,4,mid_energy_share,0.0004815312669776994,0.00019148132820333134,8.218506802883888e-05
WSSV-106-img-2_jpg.rf.512b1a953e19dc4b8f39b731b5ff16cf.jpg,WSSV,4,high_energy_share,0.00026503874711130207,9.379228546407484e-05,2.1917358188934446e-05
WSSV-106-img-2_jpg.rf.512b1a953e19dc4b8f39b731b5ff16cf.jpg,WSSV,4,clipping_fraction,0.00011311848958333334,1.953125e-05,5.208333333333334e-05
WSSV-106-img-2_jpg.rf.512b1a953e19dc4b8f39b731b5ff16cf.jpg,WSSV,4,laplacian_variance,0.0006707736756652594,0.0002890470204874873,6.722763646394014e-05
WSSV-106-img-2_jpg.rf.512b1a953e19dc4b8f39b731b5ff16cf.jpg,WSSV,4,gradient_mean,0.008547622710466385,0.0038581974804401398,0.0015957094728946686
WSSV-106-img-2_jpg.rf.512b1a953e19dc4b8f39b731b5ff16cf.jpg,WSSV,4,lesion_gradient_mean,0.00773242861032486,0.005672261118888855,0.0017604008316993713
WSSV-106-img-2_jpg.rf.512b1a953e19dc4b8f39b731b5ff16cf.jpg,WSSV,4,background_gradient_mean,0.00855366513133049,0.0038505420088768005,0.0015950128436088562
WSSV-106-img-2_jpg.rf.512b1a953e19dc4b8f39b731b5ff16cf.jpg,WSSV,5,low_energy_share,-0.0007464341911317396,-0.0003050291540922512,5.01065225511077e-06
WSSV-106-img-2_jpg.rf.512b1a953e19dc4b8f39b731b5ff16cf.jpg,WSSV,5,mid_energy_share,0.0004815312669776994,0.00027342546223662646,-1.6686281272706646e-05
WSSV-106-img-2_jpg.rf.512b1a953e19dc4b8f39b731b5ff16cf.jpg,WSSV,5,high_energy_share,0.00026503874711130207,3.1551504741174824e-05,1.1744160392001656e-05
WSSV-106-img-2_jpg.rf.512b1a953e19dc4b8f39b731b5ff16cf.jpg,WSSV,5,clipping_fraction,0.00011311848958333334,1.871744791666667e-05,-2.441406250000002e-06
WSSV-106-img-2_jpg.rf.512b1a953e19dc4b8f39b731b5ff16cf.jpg,WSSV,5,laplacian_variance,0.0006707736756652594,0.0002606501802802086,4.322722088545561e-05
WSSV-106-img-2_jpg.rf.512b1a953e19dc4b8f39b731b5ff16cf.jpg,WSSV,5,gradient_mean,0.008547622710466385,0.008729718625545502,0.0006071850657463074
WSSV-106-img-2_jpg.rf.512b1a953e19dc4b8f39b731b5ff16cf.jpg,WSSV,5,lesion_gradient_mean,0.00773242861032486,0.006747893989086151,0.0013202428817749023
WSSV-106-img-2_jpg.rf.512b1a953e19dc4b8f39b731b5ff16cf.jpg,WSSV,5,background_gradient_mean,0.00855366513133049,0.008760519325733185,0.0005961060523986816
WSSV-106-img-2_jpg.rf.512b1a953e19dc4b8f39b731b5ff16cf.jpg,WSSV,6,low_energy_share,-0.0007464341911317396,-0.00010581231850037565,-6.937247927096823e-05
WSSV-106-img-2_jpg.rf.512b1a953e19dc4b8f39b731b5ff16cf.jpg,WSSV,6,mid_energy_share,0.0004815312669776994,5.4148939287320405e-05,5.89286330312242e-05
WSSV-106-img-2_jpg.rf.512b1a953e19dc4b8f39b731b5ff16cf.jpg,WSSV,6,high_energy_share,0.00026503874711130207,5.172180837334918e-05,1.069864823985509e-05
WSSV-106-img-2_jpg.rf.512b1a953e19dc4b8f39b731b5ff16cf.jpg,WSSV,6,clipping_fraction,0.00011311848958333334,-0.00045166015625000555,0.0006160481770833351
WSSV-106-img-2_jpg.rf.512b1a953e19dc4b8f39b731b5ff16cf.jpg,WSSV,6,laplacian_variance,0.0006707736756652594,0.00036766589619219303,7.373141124844551e-05
WSSV-106-img-2_jpg.rf.512b1a953e19dc4b8f39b731b5ff16cf.jpg,WSSV,6,gradient_mean,0.008547622710466385,0.0016602687537670135,0.00119839608669281
WSSV-106-img-2_jpg.rf.512b1a953e19dc4b8f39b731b5ff16cf.jpg,WSSV,6,lesion_gradient_mean,0.00773242861032486,0.006622597575187683,0.0036289989948272705
WSSV-106-img-2_jpg.rf.512b1a953e19dc4b8f39b731b5ff16cf.jpg,WSSV,6,background_gradient_mean,0.00855366513133049,0.0016508270055055618,0.0011937730014324188
WSSV-106-img-2_jpg.rf.512b1a953e19dc4b8f39b731b5ff16cf.jpg,WSSV,7,low_energy_share,-0.0007464341911317396,-0.0001366973795879911,-6.686258119659172e-05
WSSV-106-img-2_jpg.rf.512b1a953e19dc4b8f39b731b5ff16cf.jpg,WSSV,7,mid_energy_share,0.0004815312669776994,7.40093350474377e-05,6.118207585326379e-05
WSSV-106-img-2_jpg.rf.512b1a953e19dc4b8f39b731b5ff16cf.jpg,WSSV,7,high_energy_share,0.00026503874711130207,6.240816813126148e-05,5.982861523021893e-06
WSSV-106-img-2_jpg.rf.512b1a953e19dc4b8f39b731b5ff16cf.jpg,WSSV,7,clipping_fraction,0.00011311848958333334,-0.00036539713541666654,0.0006315104166666665
WSSV-106-img-2_jpg.rf.512b1a953e19dc4b8f39b731b5ff16cf.jpg,WSSV,7,laplacian_variance,0.0006707736756652594,0.00037032400723546743,4.75752167403698e-05
WSSV-106-img-2_jpg.rf.512b1a953e19dc4b8f39b731b5ff16cf.jpg,WSSV,7,gradient_mean,0.008547622710466385,0.0019015800207853317,0.0011193975806236267
WSSV-106-img-2_jpg.rf.512b1a953e19dc4b8f39b731b5ff16cf.jpg,WSSV,7,lesion_gradient_mean,0.00773242861032486,0.005917027592658997,0.003441423177719116
WSSV-106-img-2_jpg.rf.512b1a953e19dc4b8f39b731b5ff16cf.jpg,WSSV,7,background_gradient_mean,0.00855366513133049,0.0018934216350317001,0.0011146962642669678
WSSV-106-img-2_jpg.rf.512b1a953e19dc4b8f39b731b5ff16cf.jpg,WSSV,8,low_energy_share,-0.0007464341911317396,-0.00015122261076350174,-7.445016259133297e-05
WSSV-106-img-2_jpg.rf.512b1a953e19dc4b8f39b731b5ff16cf.jpg,WSSV,8,mid_energy_share,0.0004815312669776994,9.000334731714126e-05,6.604477893382122e-05
WSSV-106-img-2_jpg.rf.512b1a953e19dc4b8f39b731b5ff16cf.jpg,WSSV,8,high_energy_share,0.00026503874711130207,6.13988448289093e-05,8.021090364847044e-06
WSSV-106-img-2_jpg.rf.512b1a953e19dc4b8f39b731b5ff16cf.jpg,WSSV,8,clipping_fraction,0.00011311848958333334,-0.0010164388020833352,0.00128173828125
WSSV-106-img-2_jpg.rf.512b1a953e19dc4b8f39b731b5ff16cf.jpg,WSSV,8,laplacian_variance,0.0006707736756652594,0.0004242993891239166,6.940914317965508e-05
WSSV-106-img-2_jpg.rf.512b1a953e19dc4b8f39b731b5ff16cf.jpg,WSSV,8,gradient_mean,0.008547622710466385,0.002350449562072754,0.00132722407579422
WSSV-106-img-2_jpg.rf.512b1a953e19dc4b8f39b731b5ff16cf.jpg,WSSV,8,lesion_gradient_mean,0.00773242861032486,0.005901649594306946,0.0031002163887023926
WSSV-106-img-2_jpg.rf.512b1a953e19dc4b8f39b731b5ff16cf.jpg,WSSV,8,background_gradient_mean,0.00855366513133049,0.0023415125906467438,0.0013227686285972595
WSSV-106-img-2_jpg.rf.512b1a953e19dc4b8f39b731b5ff16cf.jpg,WSSV,9,low_energy_share,-0.0007464341911317396,-0.0002197637133264374,-6.074382234044773e-05
WSSV-106-img-2_jpg.rf.512b1a953e19dc4b8f39b731b5ff16cf.jpg,WSSV,9,mid_energy_share,0.0004815312669776994,0.00015823603346773202,5.2872685742296746e-05
WSSV-106-img-2_jpg.rf.512b1a953e19dc4b8f39b731b5ff16cf.jpg,WSSV,9,high_energy_share,0.00026503874711130207,6.166136917122041e-05,7.749931231916594e-06
WSSV-106-img-2_jpg.rf.512b1a953e19dc4b8f39b731b5ff16cf.jpg,WSSV,9,clipping_fraction,0.00011311848958333334,1.6276041666666666e-06,4.0690104166666675e-06
WSSV-106-img-2_jpg.rf.512b1a953e19dc4b8f39b731b5ff16cf.jpg,WSSV,9,laplacian_variance,0.0006707736756652594,0.0003780763363465667,6.014760583639145e-05
WSSV-106-img-2_jpg.rf.512b1a953e19dc4b8f39b731b5ff16cf.jpg,WSSV,9,gradient_mean,0.008547622710466385,0.003977827727794647,0.0015958361327648163
WSSV-106-img-2_jpg.rf.512b1a953e19dc4b8f39b731b5ff16cf.jpg,WSSV,9,lesion_gradient_mean,0.00773242861032486,0.006078377366065979,0.0016629472374916077
WSSV-106-img-2_jpg.rf.512b1a953e19dc4b8f39b731b5ff16cf.jpg,WSSV,9,background_gradient_mean,0.00855366513133049,0.0039695799350738525,0.0015955641865730286
WSSV-106-img-2_jpg.rf.512b1a953e19dc4b8f39b731b5ff16cf.jpg,WSSV,10,low_energy_share,-0.0007464341911317396,-0.0005709485126655922,-0.000331863402489474
WSSV-106-img-2_jpg.rf.512b1a953e19dc4b8f39b731b5ff16cf.jpg,WSSV,10,mid_energy_share,0.0004815312669776994,0.00042016107780285753,0.00023681601629352463
WSSV-106-img-2_jpg.rf.512b1a953e19dc4b8f39b731b5ff16cf.jpg,WSSV,10,high_energy_share,0.00026503874711130207,0.00015049233900728655,9.515379936800967e-05
WSSV-106-img-2_jpg.rf.512b1a953e19dc4b8f39b731b5ff16cf.jpg,WSSV,10,clipping_fraction,0.00011311848958333334,-0.00223632812500002,0.0034065755208333437
WSSV-106-img-2_jpg.rf.512b1a953e19dc4b8f39b731b5ff16cf.jpg,WSSV,10,laplacian_variance,0.0006707736756652594,0.00033582141622900963,0.0001066131517291069
WSSV-106-img-2_jpg.rf.512b1a953e19dc4b8f39b731b5ff16cf.jpg,WSSV,10,gradient_mean,0.008547622710466385,0.005129434168338776,0.001623988151550293
WSSV-106-img-2_jpg.rf.512b1a953e19dc4b8f39b731b5ff16cf.jpg,WSSV,10,lesion_gradient_mean,0.00773242861032486,0.007071949541568756,0.0005484670400619507
WSSV-106-img-2_jpg.rf.512b1a953e19dc4b8f39b731b5ff16cf.jpg,WSSV,10,background_gradient_mean,0.00855366513133049,0.005116213113069534,0.0016312897205352783
WSSV-106-img-2_jpg.rf.512b1a953e19dc4b8f39b731b5ff16cf.jpg,WSSV,11,low_energy_share,-0.0007464341911317396,-0.00031513364119295506,-6.624547500011513e-05
WSSV-106-img-2_jpg.rf.512b1a953e19dc4b8f39b731b5ff16cf.jpg,WSSV,11,mid_energy_share,0.0004815312669776994,0.0002273535817622135,5.603035417343265e-05
WSSV-106-img-2_jpg.rf.512b1a953e19dc4b8f39b731b5ff16cf.jpg,WSSV,11,high_energy_share,0.00026503874711130207,8.763800239061946e-05,1.024295110749261e-05
WSSV-106-img-2_jpg.rf.512b1a953e19dc4b8f39b731b5ff16cf.jpg,WSSV,11,clipping_fraction,0.00011311848958333334,0.0013696289062500033,0.006088867187499986
WSSV-106-img-2_jpg.rf.512b1a953e19dc4b8f39b731b5ff16cf.jpg,WSSV,11,laplacian_variance,0.0006707736756652594,0.0004482679069042206,5.0687696784734726e-05
WSSV-106-img-2_jpg.rf.512b1a953e19dc4b8f39b731b5ff16cf.jpg,WSSV,11,gradient_mean,0.008547622710466385,0.005787171423435211,0.0011520236730575562
WSSV-106-img-2_jpg.rf.512b1a953e19dc4b8f39b731b5ff16cf.jpg,WSSV,11,lesion_gradient_mean,0.00773242861032486,0.0071592628955841064,0.0007743984460830688
WSSV-106-img-2_jpg.rf.512b1a953e19dc4b8f39b731b5ff16cf.jpg,WSSV,11,background_gradient_mean,0.00855366513133049,0.005779363214969635,0.0011541694402694702
WSSV-18-img-2_jpg.rf.73a4abd889d17222e3d6dd795be929c1.jpg,WSSV,0,low_energy_share,-0.00026476951560339135,-0.00013595452938630626,-7.51566303824891e-05
WSSV-18-img-2_jpg.rf.73a4abd889d17222e3d6dd795be929c1.jpg,WSSV,0,mid_energy_share,0.0002000144857173601,0.00010830132700398107,5.4580710490924485e-05
WSSV-18-img-2_jpg.rf.73a4abd889d17222e3d6dd795be929c1.jpg,WSSV,0,high_energy_share,6.471329198687472e-05,2.7649417810890654e-05,2.0873608164598164e-05
WSSV-18-img-2_jpg.rf.73a4abd889d17222e3d6dd795be929c1.jpg,WSSV,0,clipping_fraction,1.6276041666666668e-06,0.0,0.0
WSSV-18-img-2_jpg.rf.73a4abd889d17222e3d6dd795be929c1.jpg,WSSV,0,laplacian_variance,0.00023911322932690382,5.611655069515109e-05,4.378167795948684e-05
WSSV-18-img-2_jpg.rf.73a4abd889d17222e3d6dd795be929c1.jpg,WSSV,0,gradient_mean,0.007582273334264755,0.002715066075325012,0.002620074898004532
WSSV-18-img-2_jpg.rf.73a4abd889d17222e3d6dd795be929c1.jpg,WSSV,0,lesion_gradient_mean,0.0071773529052734375,0.004316341131925583,0.003374110907316208
WSSV-18-img-2_jpg.rf.73a4abd889d17222e3d6dd795be929c1.jpg,WSSV,0,background_gradient_mean,0.007586166262626648,0.0027046464383602142,0.002615164965391159
WSSV-18-img-2_jpg.rf.73a4abd889d17222e3d6dd795be929c1.jpg,WSSV,1,low_energy_share,-0.00026476951560339135,-0.00022530465464554172,-3.682288607653739e-05
WSSV-18-img-2_jpg.rf.73a4abd889d17222e3d6dd795be929c1.jpg,WSSV,1,mid_energy_share,0.0002000144857173601,0.00019605167179193614,1.8927299576295808e-05
WSSV-18-img-2_jpg.rf.73a4abd889d17222e3d6dd795be929c1.jpg,WSSV,1,high_energy_share,6.471329198687472e-05,2.9245422345480565e-05,1.837551570064259e-05
WSSV-18-img-2_jpg.rf.73a4abd889d17222e3d6dd795be929c1.jpg,WSSV,1,clipping_fraction,1.6276041666666668e-06,4.8828125e-06,1.6276041666666661e-06
WSSV-18-img-2_jpg.rf.73a4abd889d17222e3d6dd795be929c1.jpg,WSSV,1,laplacian_variance,0.00023911322932690382,8.900248212739825e-05,3.5456992918625474e-05
WSSV-18-img-2_jpg.rf.73a4abd889d17222e3d6dd795be929c1.jpg,WSSV,1,gradient_mean,0.007582273334264755,0.005917415022850037,0.0014413520693778992
WSSV-18-img-2_jpg.rf.73a4abd889d17222e3d6dd795be929c1.jpg,WSSV,1,lesion_gradient_mean,0.0071773529052734375,0.004956156015396118,0.0020369738340377808
WSSV-18-img-2_jpg.rf.73a4abd889d17222e3d6dd795be929c1.jpg,WSSV,1,background_gradient_mean,0.007586166262626648,0.005928069353103638,0.0014347583055496216
WSSV-18-img-2_jpg.rf.73a4abd889d17222e3d6dd795be929c1.jpg,WSSV,2,low_energy_share,-0.00026476951560339135,-0.00011281165529875015,-2.3379714047089273e-05
WSSV-18-img-2_jpg.rf.73a4abd889d17222e3d6dd795be929c1.jpg,WSSV,2,mid_energy_share,0.0002000144857173601,0.00010396182433425002,8.696281904174686e-06
WSSV-18-img-2_jpg.rf.73a4abd889d17222e3d6dd795be929c1.jpg,WSSV,2,high_energy_share,6.471329198687472e-05,8.768580802292228e-06,1.44536429022951e-05
WSSV-18-img-2_jpg.rf.73a4abd889d17222e3d6dd795be929c1.jpg,WSSV,2,clipping_fraction,1.6276041666666668e-06,0.0,0.0
WSSV-18-img-2_jpg.rf.73a4abd889d17222e3d6dd795be929c1.jpg,WSSV,2,laplacian_variance,0.00023911322932690382,7.275029201991856e-05,3.349085454829037e-05
WSSV-18-img-2_jpg.rf.73a4abd889d17222e3d6dd795be929c1.jpg,WSSV,2,gradient_mean,0.007582273334264755,0.0068840160965919495,0.00031604617834091187
WSSV-18-img-2_jpg.rf.73a4abd889d17222e3d6dd795be929c1.jpg,WSSV,2,lesion_gradient_mean,0.0071773529052734375,0.005826927721500397,0.0008012875914573669
WSSV-18-img-2_jpg.rf.73a4abd889d17222e3d6dd795be929c1.jpg,WSSV,2,background_gradient_mean,0.007586166262626648,0.006906583905220032,0.00030569732189178467
WSSV-18-img-2_jpg.rf.73a4abd889d17222e3d6dd795be929c1.jpg,WSSV,3,low_energy_share,-0.00026476951560339135,-9.400706454665286e-05,-7.235173733188827e-05
WSSV-18-img-2_jpg.rf.73a4abd889d17222e3d6dd795be929c1.jpg,WSSV,3,mid_energy_share,0.0002000144857173601,6.124317676626677e-05,6.202758516546457e-05
WSSV-18-img-2_jpg.rf.73a4abd889d17222e3d6dd795be929c1.jpg,WSSV,3,high_energy_share,6.471329198687472e-05,3.263260691304995e-05,1.0047379072137999e-05
WSSV-18-img-2_jpg.rf.73a4abd889d17222e3d6dd795be929c1.jpg,WSSV,3,clipping_fraction,1.6276041666666668e-06,7.324218749999999e-06,5.6966145833333344e-06
WSSV-18-img-2_jpg.rf.73a4abd889d17222e3d6dd795be929c1.jpg,WSSV,3,laplacian_variance,0.00023911322932690382,4.8439440433867276e-05,1.8084945622831583e-05
WSSV-18-img-2_jpg.rf.73a4abd889d17222e3d6dd795be929c1.jpg,WSSV,3,gradient_mean,0.007582273334264755,0.0009512938559055328,0.001086217351257801
WSSV-18-img-2_jpg.rf.73a4abd889d17222e3d6dd795be929c1.jpg,WSSV,3,lesion_gradient_mean,0.0071773529052734375,0.0034323930740356445,0.004496939480304718
WSSV-18-img-2_jpg.rf.73a4abd889d17222e3d6dd795be929c1.jpg,WSSV,3,background_gradient_mean,0.007586166262626648,0.0009450865909457207,0.0010776864364743233
WSSV-18-img-2_jpg.rf.73a4abd889d17222e3d6dd795be929c1.jpg,WSSV,4,low_energy_share,-0.00026476951560339135,-0.0001406252594506885,-3.2400397945608894e-05
WSSV-18-img-2_jpg.rf.73a4abd889d17222e3d6dd795be929c1.jpg,WSSV,4,mid_energy_share,0.0002000144857173601,0.00011925721680685632,2.4739724287624527e-05
WSSV-18-img-2_jpg.rf.73a4abd889d17222e3d6dd795be929c1.jpg,WSSV,4,high_energy_share,6.471329198687472e-05,2.1770963903409283e-05,7.492534097150894e-06
WSSV-18-img-2_jpg.rf.73a4abd889d17222e3d6dd795be929c1.jpg,WSSV,4,clipping_fraction,1.6276041666666668e-06,-0.0007666015624999967,0.0008943684895833318
WSSV-18-img-2_jpg.rf.73a4abd889d17222e3d6dd795be929c1.jpg,WSSV,4,laplacian_variance,0.00023911322932690382,0.00022395106498152018,4.6604895032942295e-05
WSSV-18-img-2_jpg.rf.73a4abd889d17222e3d6dd795be929c1.jpg,WSSV,4,gradient_mean,0.007582273334264755,0.006516583263874054,0.0007313787937164307
WSSV-18-img-2_jpg.rf.73a4abd889d17222e3d6dd795be929c1.jpg,WSSV,4,lesion_gradient_mean,0.0071773529052734375,0.008399121463298798,-0.0001239180564880371
WSSV-18-img-2_jpg.rf.73a4abd889d17222e3d6dd795be929c1.jpg,WSSV,4,background_gradient_mean,0.007586166262626648,0.006499722599983215,0.0007390305399894714
WSSV-18-img-2_jpg.rf.73a4abd889d17222e3d6dd795be929c1.jpg,WSSV,5,low_energy_share,-0.00026476951560339135,-0.00016113165714426447,-2.186350287403105e-05
WSSV-18-img-2_jpg.rf.73a4abd889d17222e3d6dd795be929c1.jpg,WSSV,5,mid_energy_share,0.0002000144857173601,0.0001310101502701394,1.6658755753869224e-05
WSSV-18-img-2_jpg.rf.73a4abd889d17222e3d6dd795be929c1.jpg,WSSV,5,high_energy_share,6.471329198687472e-05,3.028081877707422e-05,5.3403966558284626e-06
WSSV-18-img-2_jpg.rf.73a4abd889d17222e3d6dd795be929c1.jpg,WSSV,5,clipping_fraction,1.6276041666666668e-06,0.0005362955729166666,0.00011637369791666664
WSSV-18-img-2_jpg.rf.73a4abd889d17222e3d6dd795be929c1.jpg,WSSV,5,laplacian_variance,0.00023911322932690382,0.0001324343029409647,1.8777151126414537e-05
WSSV-18-img-2_jpg.rf.73a4abd889d17222e3d6dd795be929c1.jpg,WSSV,5,gradient_mean,0.007582273334264755,0.005429085344076157,0.0007442720234394073
WSSV-18-img-2_jpg.rf.73a4abd889d17222e3d6dd795be929c1.jpg,WSSV,5,lesion_gradient_mean,0.0071773529052734375,0.006196662783622742,0.0011095702648162842
WSSV-18-img-2_jpg.rf.73a4abd889d17222e3d6dd795be929c1.jpg,WSSV,5,background_gradient_mean,0.007586166262626648,0.005423203110694885,0.0007414482533931732
WSSV-18-img-2_jpg.rf.73a4abd889d17222e3d6dd795be929c1.jpg,WSSV,6,low_energy_share,-0.00026476951560339135,-8.807857780901429e-05,-4.3004093401188825e-05
WSSV-18-img-2_jpg.rf.73a4abd889d17222e3d6dd795be929c1.jpg,WSSV,6,mid_energy_share,0.0002000144857173601,5.813514174806279e-05,4.132333864357879e-05
WSSV-18-img-2_jpg.rf.73a4abd889d17222e3d6dd795be929c1.jpg,WSSV,6,high_energy_share,6.471329198687472e-05,2.9731802034160023e-05,1.8619885201516138e-06
WSSV-18-img-2_jpg.rf.73a4abd889d17222e3d6dd795be929c1.jpg,WSSV,6,clipping_fraction,1.6276041666666668e-06,5.696614583333334e-06,5.6966145833333344e-06
WSSV-18-img-2_jpg.rf.73a4abd889d17222e3d6dd795be929c1.jpg,WSSV,6,laplacian_variance,0.00023911322932690382,0.00018196151359006763,1.9414816051721573e-05
WSSV-18-img-2_jpg.rf.73a4abd889d17222e3d6dd795be929c1.jpg,WSSV,6,gradient_mean,0.007582273334264755,0.002158498391509056,0.0008296556770801544
WSSV-18-img-2_jpg.rf.73a4abd889d17222e3d6dd795be929c1.jpg,WSSV,6,lesion_gradient_mean,0.0071773529052734375,0.007403604686260223,0.0024757981300354004
WSSV-18-img-2_jpg.rf.73a4abd889d17222e3d6dd795be929c1.jpg,WSSV,6,background_gradient_mean,0.007586166262626648,0.002143256366252899,0.0008248835802078247
WSSV-18-img-2_jpg.rf.73a4abd889d17222e3d6dd795be929c1.jpg,WSSV,7,low_energy_share,-0.00026476951560339135,-0.00014291797251708704,-3.831170493751035e-05
WSSV-18-img-2_jpg.rf.73a4abd889d17222e3d6dd795be929c1.jpg,WSSV,7,mid_energy_share,0.0002000144857173601,0.00012795941473711116,1.990347202834061e-05
WSSV-18-img-2_jpg.rf.73a4abd889d17222e3d6dd795be929c1.jpg,WSSV,7,high_energy_share,6.471329198687472e-05,1.4665972767087445e-05,1.8623289864190675e-05
WSSV-18-img-2_jpg.rf.73a4abd889d17222e3d6dd795be929c1.jpg,WSSV,7,clipping_fraction,1.6276041666666668e-06,0.0,0.0
WSSV-18-img-2_jpg.rf.73a4abd889d17222e3d6dd795be929c1.jpg,WSSV,7,laplacian_variance,0.00023911322932690382,0.00011862156679853797,3.1109084375202656e-05
WSSV-18-img-2_jpg.rf.73a4abd889d17222e3d6dd795be929c1.jpg,WSSV,7,gradient_mean,0.007582273334264755,0.007817402482032776,-8.206814527511597e-05
WSSV-18-img-2_jpg.rf.73a4abd889d17222e3d6dd795be929c1.jpg,WSSV,7,lesion_gradient_mean,0.0071773529052734375,0.006797075271606445,6.145238876342773e-05
WSSV-18-img-2_jpg.rf.73a4abd889d17222e3d6dd795be929c1.jpg,WSSV,7,background_gradient_mean,0.007586166262626648,0.007832743227481842,-8.422136306762695e-05
WSSV-18-img-2_jpg.rf.73a4abd889d17222e3d6dd795be929c1.jpg,WSSV,8,low_energy_share,-0.00026476951560339135,-0.0001405857276280953,-4.019481982842077e-05
WSSV-18-img-2_jpg.rf.73a4abd889d17222e3d6dd795be929c1.jpg,WSSV,8,mid_energy_share,0.0002000144857173601,0.00010662184871440008,3.5610569802657795e-05
WSSV-18-img-2_jpg.rf.73a4abd889d17222e3d6dd795be929c1.jpg,WSSV,8,high_energy_share,6.471329198687472e-05,3.420925119568423e-05,4.313400492330906e-06
WSSV-18-img-2_jpg.rf.73a4abd889d17222e3d6dd795be929c1.jpg,WSSV,8,clipping_fraction,1.6276041666666668e-06,2.5227864583333347e-05,1.4648437499999986e-05
WSSV-18-img-2_jpg.rf.73a4abd889d17222e3d6dd795be929c1.jpg,WSSV,8,laplacian_variance,0.00023911322932690382,0.0001366414362564683,2.1733692847192287e-05
WSSV-18-img-2_jpg.rf.73a4abd889d17222e3d6dd795be929c1.jpg,WSSV,8,gradient_mean,0.007582273334264755,0.0032518506050109863,0.0008506029844284058
WSSV-18-img-2_jpg.rf.73a4abd889d17222e3d6dd795be929c1.jpg,WSSV,8,lesion_gradient_mean,0.0071773529052734375,0.006314925849437714,0.002076275646686554
WSSV-18-img-2_jpg.rf.73a4abd889d17222e3d6dd795be929c1.jpg,WSSV,8,background_gradient_mean,0.007586166262626648,0.0032380595803260803,0.0008450895547866821
WSSV-18-img-2_jpg.rf.73a4abd889d17222e3d6dd795be929c1.jpg,WSSV,9,low_energy_share,-0.00026476951560339135,-0.00016079972812543808,-6.938790036814524e-05
WSSV-18-img-2_jpg.rf.73a4abd889d17222e3d6dd795be929c1.jpg,WSSV,9,mid_energy_share,0.0002000144857173601,0.00013217592104385642,4.632579296137587e-05
WSSV-18-img-2_jpg.rf.73a4abd889d17222e3d6dd795be929c1.jpg,WSSV,9,high_energy_share,6.471329198687472e-05,2.8641589165997618e-05,2.2703105157661444e-05
WSSV-18-img-2_jpg.rf.73a4abd889d17222e3d6dd795be929c1.jpg,WSSV,9,clipping_fraction,1.6276041666666668e-06,0.0,0.0
WSSV-18-img-2_jpg.rf.73a4abd889d17222e3d6dd795be929c1.jpg,WSSV,9,laplacian_variance,0.00023911322932690382,5.289010005071759e-05,4.190989420749247e-05
WSSV-18-img-2_jpg.rf.73a4abd889d17222e3d6dd795be929c1.jpg,WSSV,9,gradient_mean,0.007582273334264755,0.0032416991889476776,0.002682320773601532
WSSV-18-img-2_jpg.rf.73a4abd889d17222e3d6dd795be929c1.jpg,WSSV,9,lesion_gradient_mean,0.0071773529052734375,0.0038759745657444,0.0033484771847724915
WSSV-18-img-2_jpg.rf.73a4abd889d17222e3d6dd795be929c1.jpg,WSSV,9,background_gradient_mean,0.007586166262626648,0.0032368525862693787,0.0026772134006023407
WSSV-18-img-2_jpg.rf.73a4abd889d17222e3d6dd795be929c1.jpg,WSSV,10,low_energy_share,-0.00026476951560339135,-0.00015734052566529488,-3.603903783844231e-05
WSSV-18-img-2_jpg.rf.73a4abd889d17222e3d6dd795be929c1.jpg,WSSV,10,mid_energy_share,0.0002000144857173601,0.00014256595932225866,1.628932674403716e-05
WSSV-18-img-2_jpg.rf.73a4abd889d17222e3d6dd795be929c1.jpg,WSSV,10,high_energy_share,6.471329198687472e-05,1.46423851466163e-05,1.9618427891270892e-05
WSSV-18-img-2_jpg.rf.73a4abd889d17222e3d6dd795be929c1.jpg,WSSV,10,clipping_fraction,1.6276041666666668e-06,0.0,0.0
WSSV-18-img-2_jpg.rf.73a4abd889d17222e3d6dd795be929c1.jpg,WSSV,10,laplacian_variance,0.00023911322932690382,6.93504698574543e-05,3.516674041748047e-05
WSSV-18-img-2_jpg.rf.73a4abd889d17222e3d6dd795be929c1.jpg,WSSV,10,gradient_mean,0.007582273334264755,0.00614330917596817,0.0011067986488342285
WSSV-18-img-2_jpg.rf.73a4abd889d17222e3d6dd795be929c1.jpg,WSSV,10,lesion_gradient_mean,0.0071773529052734375,0.005420275032520294,0.0013837367296218872
WSSV-18-img-2_jpg.rf.73a4abd889d17222e3d6dd795be929c1.jpg,WSSV,10,background_gradient_mean,0.007586166262626648,0.006154537200927734,0.0011024773120880127
WSSV-18-img-2_jpg.rf.73a4abd889d17222e3d6dd795be929c1.jpg,WSSV,11,low_energy_share,-0.00026476951560339135,-0.00019673659129382237,-6.771420544104956e-05
WSSV-18-img-2_jpg.rf.73a4abd889d17222e3d6dd795be929c1.jpg,WSSV,11,mid_energy_share,0.0002000144857173601,0.00015281136374307308,5.685966094498324e-05
WSSV-18-img-2_jpg.rf.73a4abd889d17222e3d6dd795be929c1.jpg,WSSV,11,high_energy_share,6.471329198687472e-05,4.348551444462124e-05,1.1449362979485138e-05
WSSV-18-img-2_jpg.rf.73a4abd889d17222e3d6dd795be929c1.jpg,WSSV,11,clipping_fraction,1.6276041666666668e-06,0.0018269856770833336,0.0014794921874999997
WSSV-18-img-2_jpg.rf.73a4abd889d17222e3d6dd795be929c1.jpg,WSSV,11,laplacian_variance,0.00023911322932690382,0.00010972947347909212,2.9902032110840082e-05
WSSV-18-img-2_jpg.rf.73a4abd889d17222e3d6dd795be929c1.jpg,WSSV,11,gradient_mean,0.007582273334264755,0.0033539235591888428,0.001070912927389145
WSSV-18-img-2_jpg.rf.73a4abd889d17222e3d6dd795be929c1.jpg,WSSV,11,lesion_gradient_mean,0.0071773529052734375,0.005655601620674133,0.0024072080850601196
WSSV-18-img-2_jpg.rf.73a4abd889d17222e3d6dd795be929c1.jpg,WSSV,11,background_gradient_mean,0.007586166262626648,0.003342006355524063,0.0010639950633049011
WSSV-18-img-3_jpg.rf.fd00f14466ebaa2e151291c345293465.jpg,WSSV,0,low_energy_share,-0.00026191938990860475,-0.00011799115684674177,-3.732489478713852e-05
WSSV-18-img-3_jpg.rf.fd00f14466ebaa2e151291c345293465.jpg,WSSV,0,mid_energy_share,0.0001945406193348308,9.512751704309841e-05,3.107195132394586e-05
WSSV-18-img-3_jpg.rf.fd00f14466ebaa2e151291c345293465.jpg,WSSV,0,high_energy_share,6.747933196235372e-05,2.29095489464044e-05,6.162309098442086e-06
WSSV-18-img-3_jpg.rf.fd00f14466ebaa2e151291c345293465.jpg,WSSV,0,clipping_fraction,1.6276041666666666e-06,-0.0008308919270833322,0.001219075520833333
WSSV-18-img-3_jpg.rf.fd00f14466ebaa2e151291c345293465.jpg,WSSV,0,laplacian_variance,0.0002763990778476,0.0002571418881416321,7.023965008556843e-05
WSSV-18-img-3_jpg.rf.fd00f14466ebaa2e151291c345293465.jpg,WSSV,0,gradient_mean,0.007454425096511841,0.006443522870540619,0.0005758851766586304
WSSV-18-img-3_jpg.rf.fd00f14466ebaa2e151291c345293465.jpg,WSSV,0,lesion_gradient_mean,0.006942145526409149,0.007630959153175354,0.00037977099418640137
WSSV-18-img-3_jpg.rf.fd00f14466ebaa2e151291c345293465.jpg,WSSV,0,background_gradient_mean,0.0074601247906684875,0.006433695554733276,0.0005775094032287598
WSSV-18-img-3_jpg.rf.fd00f14466ebaa2e151291c345293465.jpg,WSSV,1,low_energy_share,-0.00026191938990860475,-0.00012943335250548138,-3.353911140890897e-05
WSSV-18-img-3_jpg.rf.fd00f14466ebaa2e151291c345293465.jpg,WSSV,1,mid_energy_share,0.0001945406193348308,0.00010528771006034301,2.5220057451873397e-05
WSSV-18-img-3_jpg.rf.fd00f14466ebaa2e151291c345293465.jpg,WSSV,1,high_energy_share,6.747933196235372e-05,2.3978628457318148e-05,8.705936832476631e-06
WSSV-18-img-3_jpg.rf.fd00f14466ebaa2e151291c345293465.jpg,WSSV,1,clipping_fraction,1.6276041666666666e-06,0.0,0.0
WSSV-18-img-3_jpg.rf.fd00f14466ebaa2e151291c345293465.jpg,WSSV,1,laplacian_variance,0.0002763990778476,0.000126608123537153,4.239898407831788e-05
WSSV-18-img-3_jpg.rf.fd00f14466ebaa2e151291c345293465.jpg,WSSV,1,gradient_mean,0.007454425096511841,0.00469178706407547,0.0015318989753723145
WSSV-18-img-3_jpg.rf.fd00f14466ebaa2e151291c345293465.jpg,WSSV,1,lesion_gradient_mean,0.006942145526409149,0.005354531109333038,0.0011399835348129272
WSSV-18-img-3_jpg.rf.fd00f14466ebaa2e151291c345293465.jpg,WSSV,1,background_gradient_mean,0.0074601247906684875,0.004686024039983749,0.0015353001654148102
WSSV-18-img-3_jpg.rf.fd00f14466ebaa2e151291c345293465.jpg,WSSV,2,low_energy_share,-0.00026191938990860475,-0.00015611030413098526,-2.163250110687187e-05
WSSV-18-img-3_jpg.rf.fd00f14466ebaa2e151291c345293465.jpg,WSSV,2,mid_energy_share,0.0001945406193348308,0.00012675121651323554,1.550056636966796e-05
WSSV-18-img-3_jpg.rf.fd00f14466ebaa2e151291c345293465.jpg,WSSV,2,high_energy_share,6.747933196235372e-05,2.92349961216322e-05,6.448542617242957e-06
WSSV-18-img-3_jpg.rf.fd00f14466ebaa2e151291c345293465.jpg,WSSV,2,clipping_fraction,1.6276041666666666e-06,0.00014160156250000002,4.2317708333333335e-05
WSSV-18-img-3_jpg.rf.fd00f14466ebaa2e151291c345293465.jpg,WSSV,2,laplacian_variance,0.0002763990778476,0.00014003983233124018,2.6964291464537382e-05
WSSV-18-img-3_jpg.rf.fd00f14466ebaa2e151291c345293465.jpg,WSSV,2,gradient_mean,0.007454425096511841,0.0055463314056396484,0.000738680362701416
WSSV-18-img-3_jpg.rf.fd00f14466ebaa2e151291c345293465.jpg,WSSV,2,lesion_gradient_mean,0.006942145526409149,0.0060705989599227905,0.0005413666367530823
WSSV-18-img-3_jpg.rf.fd00f14466ebaa2e151291c345293465.jpg,WSSV,2,background_gradient_mean,0.0074601247906684875,0.005541551858186722,0.0007404685020446777
WSSV-18-img-3_jpg.rf.fd00f14466ebaa2e151291c345293465.jpg,WSSV,3,low_energy_share,-0.00026191938990860475,-0.0001895319720236488,-1.632353960911992e-05
WSSV-18-img-3_jpg.rf.fd00f14466ebaa2e151291c345293465.jpg,WSSV,3,mid_energy_share,0.0001945406193348308,0.00017050164795834864,1.7451908581251393e-06
WSSV-18-img-3_jpg.rf.fd00f14466ebaa2e151291c345293465.jpg,WSSV,3,high_energy_share,6.747933196235372e-05,1.847928100054019e-05,1.4534389014821244e-05
WSSV-18-img-3_jpg.rf.fd00f14466ebaa2e151291c345293465.jpg,WSSV,3,clipping_fraction,1.6276041666666666e-06,0.0,0.0
WSSV-18-img-3_jpg.rf.fd00f14466ebaa2e151291c345293465.jpg,WSSV,3,laplacian_variance,0.0002763990778476,0.00010757450945675373,3.8496393244713545e-05
WSSV-18-img-3_jpg.rf.fd00f14466ebaa2e151291c345293465.jpg,WSSV,3,gradient_mean,0.007454425096511841,0.006533347070217133,0.000713832676410675
WSSV-18-img-3_jpg.rf.fd00f14466ebaa2e151291c345293465.jpg,WSSV,3,lesion_gradient_mean,0.006942145526409149,0.005985885858535767,0.00037663429975509644
WSSV-18-img-3_jpg.rf.fd00f14466ebaa2e151291c345293465.jpg,WSSV,3,background_gradient_mean,0.0074601247906684875,0.006543867290019989,0.0007202774286270142
WSSV-18-img-3_jpg.rf.fd00f14466ebaa2e151291c345293465.jpg,WSSV,4,low_energy_share,-0.00026191938990860475,-8.099920233661795e-05,-4.810660062315453e-05
WSSV-18-img-3_jpg.rf.fd00f14466ebaa2e151291c345293465.jpg,WSSV,4,mid_energy_share,0.0001945406193348308,5.044976893922538e-05,4.531273564427568e-05
WSSV-18-img-3_jpg.rf.fd00f14466ebaa2e151291c345293465.jpg,WSSV,4,high_energy_share,6.747933196235372e-05,3.046303382450629e-05,2.868216922925532e-06
WSSV-18-img-3_jpg.rf.fd00f14466ebaa2e151291c345293465.jpg,WSSV,4,clipping_fraction,1.6276041666666666e-06,0.0,0.0
WSSV-18-img-3_jpg.rf.fd00f14466ebaa2e151291c345293465.jpg,WSSV,4,laplacian_variance,0.0002763990778476,0.00017236568965017796,2.4896347895264626e-05
WSSV-18-img-3_jpg.rf.fd00f14466ebaa2e151291c345293465.jpg,WSSV,4,gradient_mean,0.007454425096511841,0.0017439182847738266,0.0008637458086013794
WSSV-18-img-3_jpg.rf.fd00f14466ebaa2e151291c345293465.jpg,WSSV,4,lesion_gradient_mean,0.006942145526409149,0.005547627806663513,0.0029046237468719482
WSSV-18-img-3_jpg.rf.fd00f14466ebaa2e151291c345293465.jpg,WSSV,4,background_gradient_mean,0.0074601247906684875,0.001732533797621727,0.0008576419204473495
WSSV-18-img-3_jpg.rf.fd00f14466ebaa2e151291c345293465.jpg,WSSV,5,low_energy_share,-0.00026191938990860475,-7.748926479622664e-05,-5.7146273606423215e-05
WSSV-18-img-3_jpg.rf.fd00f14466ebaa2e151291c345293465.jpg,WSSV,5,mid_energy_share,0.0001945406193348308,4.97716012924865e-05,4.800609368611601e-05
WSSV-18-img-3_jpg.rf.fd00f14466ebaa2e151291c345293465.jpg,WSSV,5,high_energy_share,6.747933196235372e-05,2.8142230842642408e-05,8.94138670031174e-06
WSSV-18-img-3_jpg.rf.fd00f14466ebaa2e151291c345293465.jpg,WSSV,5,clipping_fraction,1.6276041666666666e-06,0.0,0.0
WSSV-18-img-3_jpg.rf.fd00f14466ebaa2e151291c345293465.jpg,WSSV,5,laplacian_variance,0.0002763990778476,6.726718856953084e-05,2.4053268134593964e-05
WSSV-18-img-3_jpg.rf.fd00f14466ebaa2e151291c345293465.jpg,WSSV,5,gradient_mean,0.007454425096511841,0.0012113694101572037,0.0011613257229328156
WSSV-18-img-3_jpg.rf.fd00f14466ebaa2e151291c345293465.jpg,WSSV,5,lesion_gradient_mean,0.006942145526409149,0.0034059658646583557,0.002991996705532074
WSSV-18-img-3_jpg.rf.fd00f14466ebaa2e151291c345293465.jpg,WSSV,5,background_gradient_mean,0.0074601247906684875,0.0012040380388498306,0.001155208796262741
WSSV-18-img-3_jpg.rf.fd00f14466ebaa2e151291c345293465.jpg,WSSV,6,low_energy_share,-0.00026191938990860475,-0.00024088156178980746,-5.491999306328488e-06
WSSV-18-img-3_jpg.rf.fd00f14466ebaa2e151291c345293465.jpg,WSSV,6,mid_energy_share,0.0001945406193348308,0.00021610267630668874,-8.107691481860522e-06
WSSV-18-img-3_jpg.rf.fd00f14466ebaa2e151291c345293465.jpg,WSSV,6,high_energy_share,6.747933196235372e-05,2.4861640842598298e-05,1.36282853431265e-05
WSSV-18-img-3_jpg.rf.fd00f14466ebaa2e151291c345293465.jpg,WSSV,6,clipping_fraction,1.6276041666666666e-06,3.0110677083333337e-05,0.0
WSSV-18-img-3_jpg.rf.fd00f14466ebaa2e151291c345293465.jpg,WSSV,6,laplacian_variance,0.0002763990778476,0.00012364075519144535,2.66164424829185e-05
WSSV-18-img-3_jpg.rf.fd00f14466ebaa2e151291c345293465.jpg,WSSV,6,gradient_mean,0.007454425096511841,0.007387332618236542,-0.00022175908088684082
WSSV-18-img-3_jpg.rf.fd00f14466ebaa2e151291c345293465.jpg,WSSV,6,lesion_gradient_mean,0.006942145526409149,0.005946792662143707,0.0004329755902290344
WSSV-18-img-3_jpg.rf.fd00f14466ebaa2e151291c345293465.jpg,WSSV,6,background_gradient_mean,0.0074601247906684875,0.00741373747587204,-0.00023374706506729126
WSSV-18-img-3_jpg.rf.fd00f14466ebaa2e151291c345293465.jpg,WSSV,7,low_energy_share,-0.00026191938990860475,-0.0001379848168959752,-4.5736200960044826e-05
WSSV-18-img-3_jpg.rf.fd00f14466ebaa2e151291c345293465.jpg,WSSV,7,mid_energy_share,0.0001945406193348308,0.00010267022635357414,3.6268612194595255e-05
WSSV-18-img-3_jpg.rf.fd00f14466ebaa2e151291c345293465.jpg,WSSV,7,high_energy_share,6.747933196235372e-05,3.5398572596867154e-05,9.375173373198553e-06
WSSV-18-img-3_jpg.rf.fd00f14466ebaa2e151291c345293465.jpg,WSSV,7,clipping_fraction,1.6276041666666666e-06,0.0011263020833333325,0.001441243489583334
WSSV-18-img-3_jpg.rf.fd00f14466ebaa2e151291c345293465.jpg,WSSV,7,laplacian_variance,0.0002763990778476,7.96126842033118e-05,2.2240710677579045e-05
WSSV-18-img-3_jpg.rf.fd00f14466ebaa2e151291c345293465.jpg,WSSV,7,gradient_mean,0.007454425096511841,0.0028777215629816055,0.0011050701141357422
WSSV-18-img-3_jpg.rf.fd00f14466ebaa2e151291c345293465.jpg,WSSV,7,lesion_gradient_mean,0.006942145526409149,0.0031320154666900635,0.0024361908435821533
WSSV-18-img-3_jpg.rf.fd00f14466ebaa2e151291c345293465.jpg,WSSV,7,background_gradient_mean,0.0074601247906684875,0.002876169979572296,0.0010969825088977814
WSSV-18-img-3_jpg.rf.fd00f14466ebaa2e151291c345293465.jpg,WSSV,8,low_energy_share,-0.00026191938990860475,-0.0001835278890045533,-2.2145466418765913e-05
WSSV-18-img-3_jpg.rf.fd00f14466ebaa2e151291c345293465.jpg,WSSV,8,mid_energy_share,0.0001945406193348308,0.00016768010809957077,5.441816868071141e-06
WSSV-18-img-3_jpg.rf.fd00f14466ebaa2e151291c345293465.jpg,WSSV,8,high_energy_share,6.747933196235372e-05,1.6166839961881144e-05,1.6573033298356943e-05
WSSV-18-img-3_jpg.rf.fd00f14466ebaa2e151291c345293465.jpg,WSSV,8,clipping_fraction,1.6276041666666666e-06,8.138020833333334e-07,0.0
WSSV-18-img-3_jpg.rf.fd00f14466ebaa2e151291c345293465.jpg,WSSV,8,laplacian_variance,0.0002763990778476,0.00010118487989529967,3.6858662497252226e-05
WSSV-18-img-3_jpg.rf.fd00f14466ebaa2e151291c345293465.jpg,WSSV,8,gradient_mean,0.007454425096511841,0.006569653749465942,0.0006628036499023438
WSSV-18-img-3_jpg.rf.fd00f14466ebaa2e151291c345293465.jpg,WSSV,8,lesion_gradient_mean,0.006942145526409149,0.005911774933338165,0.0005063712596893311
WSSV-18-img-3_jpg.rf.fd00f14466ebaa2e151291c345293465.jpg,WSSV,8,background_gradient_mean,0.0074601247906684875,0.006584092974662781,0.0006662383675575256
WSSV-18-img-3_jpg.rf.fd00f14466ebaa2e151291c345293465.jpg,WSSV,9,low_energy_share,-0.00026191938990860475,-0.0001414416098662885,-3.198727350173236e-05
WSSV-18-img-3_jpg.rf.fd00f14466ebaa2e151291c345293465.jpg,WSSV,9,mid_energy_share,0.0001945406193348308,0.00011863235326216748,2.1675614707772285e-05
WSSV-18-img-3_jpg.rf.fd00f14466ebaa2e151291c345293465.jpg,WSSV,9,high_energy_share,6.747933196235372e-05,2.3381655630376404e-05,9.498545775836183e-06
WSSV-18-img-3_jpg.rf.fd00f14466ebaa2e151291c345293465.jpg,WSSV,9,clipping_fraction,1.6276041666666666e-06,0.0,0.0
WSSV-18-img-3_jpg.rf.fd00f14466ebaa2e151291c345293465.jpg,WSSV,9,laplacian_variance,0.0002763990778476,0.00012564694043248892,4.212296335026622e-05
WSSV-18-img-3_jpg.rf.fd00f14466ebaa2e151291c345293465.jpg,WSSV,9,gradient_mean,0.007454425096511841,0.005107354372739792,0.0016648359596729279
WSSV-18-img-3_jpg.rf.fd00f14466ebaa2e151291c345293465.jpg,WSSV,9,lesion_gradient_mean,0.006942145526409149,0.005404867231845856,0.000958763062953949
WSSV-18-img-3_jpg.rf.fd00f14466ebaa2e151291c345293465.jpg,WSSV,9,background_gradient_mean,0.0074601247906684875,0.005104396492242813,0.0016718842089176178
WSSV-18-img-3_jpg.rf.fd00f14466ebaa2e151291c345293465.jpg,WSSV,10,low_energy_share,-0.00026191938990860475,-0.00022620257527783405,-3.506787402063338e-05
WSSV-18-img-3_jpg.rf.fd00f14466ebaa2e151291c345293465.jpg,WSSV,10,mid_energy_share,0.0001945406193348308,0.00020547963239914147,1.0650919309448947e-05
WSSV-18-img-3_jpg.rf.fd00f14466ebaa2e151291c345293465.jpg,WSSV,10,high_energy_share,6.747933196235372e-05,2.0463096198494507e-05,2.4708254280238814e-05
WSSV-18-img-3_jpg.rf.fd00f14466ebaa2e151291c345293465.jpg,WSSV,10,clipping_fraction,1.6276041666666666e-06,3.9062499999999994e-05,-9.765625000000009e-06
WSSV-18-img-3_jpg.rf.fd00f14466ebaa2e151291c345293465.jpg,WSSV,10,laplacian_variance,0.0002763990778476,7.606483995914459e-05,3.16240475513041e-05
WSSV-18-img-3_jpg.rf.fd00f14466ebaa2e151291c345293465.jpg,WSSV,10,gradient_mean,0.007454425096511841,0.006260484457015991,0.000466667115688324
WSSV-18-img-3_jpg.rf.fd00f14466ebaa2e151291c345293465.jpg,WSSV,10,lesion_gradient_mean,0.006942145526409149,0.005423419177532196,0.0007287636399269104
WSSV-18-img-3_jpg.rf.fd00f14466ebaa2e151291c345293465.jpg,WSSV,10,background_gradient_mean,0.0074601247906684875,0.006280113011598587,0.00046052783727645874
WSSV-18-img-3_jpg.rf.fd00f14466ebaa2e151291c345293465.jpg,WSSV,11,low_energy_share,-0.00026191938990860475,-0.00013492855374064305,-3.637397158307021e-05
WSSV-18-img-3_jpg.rf.fd00f14466ebaa2e151291c345293465.jpg,WSSV,11,mid_energy_share,0.0001945406193348308,0.00010419447897516427,2.947505295798744e-05
WSSV-18-img-3_jpg.rf.fd00f14466ebaa2e151291c345293465.jpg,WSSV,11,high_energy_share,6.747933196235372e-05,3.051998989087967e-05,6.981972328063232e-06
WSSV-18-img-3_jpg.rf.fd00f14466ebaa2e151291c345293465.jpg,WSSV,11,clipping_fraction,1.6276041666666666e-06,3.3365885416666665e-05,5.696614583333329e-06
WSSV-18-img-3_jpg.rf.fd00f14466ebaa2e151291c345293465.jpg,WSSV,11,laplacian_variance,0.0002763990778476,0.00010533945169299841,2.714100992307067e-05
WSSV-18-img-3_jpg.rf.fd00f14466ebaa2e151291c345293465.jpg,WSSV,11,gradient_mean,0.007454425096511841,0.003405194729566574,0.0012702196836471558
WSSV-18-img-3_jpg.rf.fd00f14466ebaa2e151291c345293465.jpg,WSSV,11,lesion_gradient_mean,0.006942145526409149,0.004607446491718292,0.0015619099140167236
WSSV-18-img-3_jpg.rf.fd00f14466ebaa2e151291c345293465.jpg,WSSV,11,background_gradient_mean,0.0074601247906684875,0.0033970996737480164,0.001268245279788971
WSSV-19-img-2_jpg.rf.62a78b5e0e48205859a5f80cd218115b.jpg,WSSV,0,low_energy_share,-0.00024342364812490747,-0.00011110908378320072,-4.5272196822598865e-05
WSSV-19-img-2_jpg.rf.62a78b5e0e48205859a5f80cd218115b.jpg,WSSV,0,mid_energy_share,0.0001761914576844083,7.720772507381938e-05,4.009997980436225e-05
WSSV-19-img-2_jpg.rf.62a78b5e0e48205859a5f80cd218115b.jpg,WSSV,0,high_energy_share,6.732059519660045e-05,3.385180113688808e-05,5.14908911315479e-06
WSSV-19-img-2_jpg.rf.62a78b5e0e48205859a5f80cd218115b.jpg,WSSV,0,clipping_fraction,8.138020833333333e-07,8.138020833333333e-06,2.4414062499999988e-06
WSSV-19-img-2_jpg.rf.62a78b5e0e48205859a5f80cd218115b.jpg,WSSV,0,laplacian_variance,0.00026982498820871115,0.0001110670855268836,2.0100909750908613e-05
WSSV-19-img-2_jpg.rf.62a78b5e0e48205859a5f80cd218115b.jpg,WSSV,0,gradient_mean,0.007467757910490036,0.002185523509979248,0.000980110839009285
WSSV-19-img-2_jpg.rf.62a78b5e0e48205859a5f80cd218115b.jpg,WSSV,0,lesion_gradient_mean,0.006706655025482178,0.005059152841567993,0.0018574073910713196
WSSV-19-img-2_jpg.rf.62a78b5e0e48205859a5f80cd218115b.jpg,WSSV,0,background_gradient_mean,0.007476832717657089,0.0021725092083215714,0.0009761452674865723
WSSV-19-img-2_jpg.rf.62a78b5e0e48205859a5f80cd218115b.jpg,WSSV,1,low_energy_share,-0.00024342364812490747,-0.00010053022083611474,-4.903432408964736e-05
WSSV-19-img-2_jpg.rf.62a78b5e0e48205859a5f80cd218115b.jpg,WSSV,1,mid_energy_share,0.0001761914576844083,6.883053972887008e-05,4.1248596220289416e-05
WSSV-19-img-2_jpg.rf.62a78b5e0e48205859a5f80cd218115b.jpg,WSSV,1,high_energy_share,6.732059519660045e-05,3.1565361122407856e-05,7.66144174305314e-06
WSSV-19-img-2_jpg.rf.62a78b5e0e48205859a5f80cd218115b.jpg,WSSV,1,clipping_fraction,8.138020833333333e-07,0.0,0.0
WSSV-19-img-2_jpg.rf.62a78b5e0e48205859a5f80cd218115b.jpg,WSSV,1,laplacian_variance,0.00026982498820871115,8.158892160281539e-05,2.254344872198999e-05
WSSV-19-img-2_jpg.rf.62a78b5e0e48205859a5f80cd218115b.jpg,WSSV,1,gradient_mean,0.007467757910490036,0.0017951391637325287,0.0013020113110542297
WSSV-19-img-2_jpg.rf.62a78b5e0e48205859a5f80cd218115b.jpg,WSSV,1,lesion_gradient_mean,0.006706655025482178,0.004080429673194885,0.00290052592754364
WSSV-19-img-2_jpg.rf.62a78b5e0e48205859a5f80cd218115b.jpg,WSSV,1,background_gradient_mean,0.007476832717657089,0.0017847642302513123,0.001294754445552826
WSSV-19-img-2_jpg.rf.62a78b5e0e48205859a5f80cd218115b.jpg,WSSV,2,low_energy_share,-0.00024342364812490747,-0.0001118296712337985,-3.211530624214198e-05
WSSV-19-img-2_jpg.rf.62a78b5e0e48205859a5f80cd218115b.jpg,WSSV,2,mid_energy_share,0.0001761914576844083,8.201808773870552e-05,2.8570717939744878e-05
WSSV-19-img-2_jpg.rf.62a78b5e0e48205859a5f80cd218115b.jpg,WSSV,2,high_energy_share,6.732059519660045e-05,3.0071579232434427e-05,3.2046117039839664e-06
WSSV-19-img-2_jpg.rf.62a78b5e0e48205859a5f80cd218115b.jpg,WSSV,2,clipping_fraction,8.138020833333333e-07,0.0,0.0
WSSV-19-img-2_jpg.rf.62a78b5e0e48205859a5f80cd218115b.jpg,WSSV,2,laplacian_variance,0.00026982498820871115,0.00017142418073490262,2.6511726900935173e-05
WSSV-19-img-2_jpg.rf.62a78b5e0e48205859a5f80cd218115b.jpg,WSSV,2,gradient_mean,0.007467757910490036,0.0034687258303165436,0.0009593889117240906
WSSV-19-img-2_jpg.rf.62a78b5e0e48205859a5f80cd218115b.jpg,WSSV,2,lesion_gradient_mean,0.006706655025482178,0.0066476017236709595,0.0005189627408981323
WSSV-19-img-2_jpg.rf.62a78b5e0e48205859a5f80cd218115b.jpg,WSSV,2,background_gradient_mean,0.007476832717657089,0.0034501440823078156,0.0009619742631912231
WSSV-19-img-2_jpg.rf.62a78b5e0e48205859a5f80cd218115b.jpg,WSSV,3,low_energy_share,-0.00024342364812490747,-8.050603969800285e-05,-3.57174302412222e-05
WSSV-19-img-2_jpg.rf.62a78b5e0e48205859a5f80cd218115b.jpg,WSSV,3,mid_energy_share,0.0001761914576844083,5.005350696150884e-05,3.387294673026526e-05
WSSV-19-img-2_jpg.rf.62a78b5e0e48205859a5f80cd218115b.jpg,WSSV,3,high_energy_share,6.732059519660045e-05,3.028863566770682e-05,1.1040981387411741e-06
WSSV-19-img-2_jpg.rf.62a78b5e0e48205859a5f80cd218115b.jpg,WSSV,3,clipping_fraction,8.138020833333333e-07,0.000997721354166667,0.00010253906249999998
WSSV-19-img-2_jpg.rf.62a78b5e0e48205859a5f80cd218115b.jpg,WSSV,3,laplacian_variance,0.00026982498820871115,0.00016516598407179117,1.1997704859822989e-05
WSSV-19-img-2_jpg.rf.62a78b5e0e48205859a5f80cd218115b.jpg,WSSV,3,gradient_mean,0.007467757910490036,0.0021969154477119446,0.0005547422915697098
WSSV-19-img-2_jpg.rf.62a78b5e0e48205859a5f80cd218115b.jpg,WSSV,3,lesion_gradient_mean,0.006706655025482178,0.006572946906089783,0.0005802065134048462
WSSV-19-img-2_jpg.rf.62a78b5e0e48205859a5f80cd218115b.jpg,WSSV,3,background_gradient_mean,0.007476832717657089,0.0021813102066516876,0.0005546603351831436
WSSV-19-img-2_jpg.rf.62a78b5e0e48205859a5f80cd218115b.jpg,WSSV,4,low_energy_share,-0.00024342364812490747,-0.00024163570452928607,-4.461722701887272e-05
WSSV-19-img-2_jpg.rf.62a78b5e0e48205859a5f80cd218115b.jpg,WSSV,4,mid_energy_share,0.0001761914576844083,0.0001951100759623476,3.075777074641956e-05
WSSV-19-img-2_jpg.rf.62a78b5e0e48205859a5f80cd218115b.jpg,WSSV,4,high_energy_share,6.732059519660045e-05,4.629131964709336e-05,1.3294432373199322e-05
WSSV-19-img-2_jpg.rf.62a78b5e0e48205859a5f80cd218115b.jpg,WSSV,4,clipping_fraction,8.138020833333333e-07,0.00213623046875,0.000441080729166661
WSSV-19-img-2_jpg.rf.62a78b5e0e48205859a5f80cd218115b.jpg,WSSV,4,laplacian_variance,0.00026982498820871115,0.00010731423390097916,2.5959627237170935e-05
WSSV-19-img-2_jpg.rf.62a78b5e0e48205859a5f80cd218115b.jpg,WSSV,4,gradient_mean,0.007467757910490036,0.005014184862375259,0.0009320303797721863
WSSV-19-img-2_jpg.rf.62a78b5e0e48205859a5f80cd218115b.jpg,WSSV,4,lesion_gradient_mean,0.006706655025482178,0.004845213145017624,0.0019255392253398895
WSSV-19-img-2_jpg.rf.62a78b5e0e48205859a5f80cd218115b.jpg,WSSV,4,background_gradient_mean,0.007476832717657089,0.005016054958105087,0.0009210258722305298
WSSV-19-img-2_jpg.rf.62a78b5e0e48205859a5f80cd218115b.jpg,WSSV,5,low_energy_share,-0.00024342364812490747,-0.0002770752504158702,-9.325699113793551e-05
WSSV-19-img-2_jpg.rf.62a78b5e0e48205859a5f80cd218115b.jpg,WSSV,5,mid_energy_share,0.0001761914576844083,0.00024199921636204776,5.1633953972451095e-05
WSSV-19-img-2_jpg.rf.62a78b5e0e48205859a5f80cd218115b.jpg,WSSV,5,high_energy_share,6.732059519660045e-05,3.477682184881389e-05,4.180666792596578e-05
WSSV-19-img-2_jpg.rf.62a78b5e0e48205859a5f80cd218115b.jpg,WSSV,5,clipping_fraction,8.138020833333333e-07,0.0008284505208333336,0.00023844401041666664
WSSV-19-img-2_jpg.rf.62a78b5e0e48205859a5f80cd218115b.jpg,WSSV,5,laplacian_variance,0.00026982498820871115,5.096646782476455e-05,3.276870120316744e-05
WSSV-19-img-2_jpg.rf.62a78b5e0e48205859a5f80cd218115b.jpg,WSSV,5,gradient_mean,0.007467757910490036,0.004745446145534515,0.0016399286687374115
WSSV-19-img-2_jpg.rf.62a78b5e0e48205859a5f80cd218115b.jpg,WSSV,5,lesion_gradient_mean,0.006706655025482178,0.003855086863040924,0.002425123006105423
WSSV-19-img-2_jpg.rf.62a78b5e0e48205859a5f80cd218115b.jpg,WSSV,5,background_gradient_mean,0.007476832717657089,0.0047607421875,0.0016264431178569794
WSSV-19-img-2_jpg.rf.62a78b5e0e48205859a5f80cd218115b.jpg,WSSV,6,low_energy_share,-0.00024342364812490747,-7.711837704305058e-05,-4.6242213838754154e-05
WSSV-19-img-2_jpg.rf.62a78b5e0e48205859a5f80cd218115b.jpg,WSSV,6,mid_energy_share,0.0001761914576844083,5.041682762675593e-05,4.151532140855949e-05
WSSV-19-img-2_jpg.rf.62a78b5e0e48205859a5f80cd218115b.jpg,WSSV,6,high_energy_share,6.732059519660045e-05,2.6117383370995574e-05,5.316281068653027e-06
WSSV-19-img-2_jpg.rf.62a78b5e0e48205859a5f80cd218115b.jpg,WSSV,6,clipping_fraction,8.138020833333333e-07,1.62760416666665e-06,4.6386718750000014e-05
WSSV-19-img-2_jpg.rf.62a78b5e0e48205859a5f80cd218115b.jpg,WSSV,6,laplacian_variance,0.00026982498820871115,0.0002412637695670128,5.436653736978769e-05
WSSV-19-img-2_jpg.rf.62a78b5e0e48205859a5f80cd218115b.jpg,WSSV,6,gradient_mean,0.007467757910490036,0.0027977153658866882,0.0009087063372135162
WSSV-19-img-2_jpg.rf.62a78b5e0e48205859a5f80cd218115b.jpg,WSSV,6,lesion_gradient_mean,0.006706655025482178,0.007749825716018677,2.256035804748535e-05
WSSV-19-img-2_jpg.rf.62a78b5e0e48205859a5f80cd218115b.jpg,WSSV,6,background_gradient_mean,0.007476832717657089,0.002776946872472763,0.0009124204516410828
WSSV-19-img-2_jpg.rf.62a78b5e0e48205859a5f80cd218115b.jpg,WSSV,7,low_energy_share,-0.00024342364812490747,-0.0001567312270293053,-1.980497836695516e-05
WSSV-19-img-2_jpg.rf.62a78b5e0e48205859a5f80cd218115b.jpg,WSSV,7,mid_energy_share,0.0001761914576844083,0.00014118389103484413,5.173287483297394e-06
WSSV-19-img-2_jpg.rf.62a78b5e0e48205859a5f80cd218115b.jpg,WSSV,7,high_energy_share,6.732059519660045e-05,1.5809569195033592e-05,1.4442857420550557e-05
WSSV-19-img-2_jpg.rf.62a78b5e0e48205859a5f80cd218115b.jpg,WSSV,7,clipping_fraction,8.138020833333333e-07,4.882812500000001e-06,-1.627604166666667e-06
WSSV-19-img-2_jpg.rf.62a78b5e0e48205859a5f80cd218115b.jpg,WSSV,7,laplacian_variance,0.00026982498820871115,0.00013264321023598313,3.12268384732306e-05
WSSV-19-img-2_jpg.rf.62a78b5e0e48205859a5f80cd218115b.jpg,WSSV,7,gradient_mean,0.007467757910490036,0.007954761385917664,-0.0003334134817123413
WSSV-19-img-2_jpg.rf.62a78b5e0e48205859a5f80cd218115b.jpg,WSSV,7,lesion_gradient_mean,0.006706655025482178,0.00644335150718689,5.806237459182739e-05
WSSV-19-img-2_jpg.rf.62a78b5e0e48205859a5f80cd218115b.jpg,WSSV,7,background_gradient_mean,0.007476832717657089,0.00798625499010086,-0.0003415793180465698
WSSV-19-img-2_jpg.rf.62a78b5e0e48205859a5f80cd218115b.jpg,WSSV,8,low_energy_share,-0.00024342364812490747,-0.00010903265810158214,-3.2522090999909103e-05
WSSV-19-img-2_jpg.rf.62a78b5e0e48205859a5f80cd218115b.jpg,WSSV,8,mid_energy_share,0.0001761914576844083,8.290956739954558e-05,2.6730651952733644e-05
WSSV-19-img-2_jpg.rf.62a78b5e0e48205859a5f80cd218115b.jpg,WSSV,8,high_energy_share,6.732059519660045e-05,2.582622648471738e-05,5.888085648061406e-06
WSSV-19-img-2_jpg.rf.62a78b5e0e48205859a5f80cd218115b.jpg,WSSV,8,clipping_fraction,8.138020833333333e-07,8.138020833333331e-07,0.0
WSSV-19-img-2_jpg.rf.62a78b5e0e48205859a5f80cd218115b.jpg,WSSV,8,laplacian_variance,0.00026982498820871115,0.00019424885977059603,3.951427061110735e-05
WSSV-19-img-2_jpg.rf.62a78b5e0e48205859a5f80cd218115b.jpg,WSSV,8,gradient_mean,0.007467757910490036,0.004649970680475235,0.0009918175637722015
WSSV-19-img-2_jpg.rf.62a78b5e0e48205859a5f80cd218115b.jpg,WSSV,8,lesion_gradient_mean,0.006706655025482178,0.007096879184246063,0.0002191886305809021
WSSV-19-img-2_jpg.rf.62a78b5e0e48205859a5f80cd218115b.jpg,WSSV,8,background_gradient_mean,0.007476832717657089,0.0046315789222717285,0.0009976327419281006
WSSV-19-img-2_jpg.rf.62a78b5e0e48205859a5f80cd218115b.jpg,WSSV,9,low_energy_share,-0.00024342364812490747,-0.00014395792443944178,-3.1643324394425854e-05
WSSV-19-img-2_jpg.rf.62a78b5e0e48205859a5f80cd218115b.jpg,WSSV,9,mid_energy_share,0.0001761914576844083,0.00010972811853008832,2.3907957077677622e-05
WSSV-19-img-2_jpg.rf.62a78b5e0e48205859a5f80cd218115b.jpg,WSSV,9,high_energy_share,6.732059519660045e-05,3.421722043090805e-05,7.589475930009932e-06
WSSV-19-img-2_jpg.rf.62a78b5e0e48205859a5f80cd218115b.jpg,WSSV,9,clipping_fraction,8.138020833333333e-07,0.0030973307291666634,-0.0007641601562499989
WSSV-19-img-2_jpg.rf.62a78b5e0e48205859a5f80cd218115b.jpg,WSSV,9,laplacian_variance,0.00026982498820871115,8.844782132655382e-05,2.1065730834379792e-05
WSSV-19-img-2_jpg.rf.62a78b5e0e48205859a5f80cd218115b.jpg,WSSV,9,gradient_mean,0.007467757910490036,0.0037035904824733734,0.0011700019240379333
WSSV-19-img-2_jpg.rf.62a78b5e0e48205859a5f80cd218115b.jpg,WSSV,9,lesion_gradient_mean,0.006706655025482178,0.004963267594575882,0.0018920525908470154
WSSV-19-img-2_jpg.rf.62a78b5e0e48205859a5f80cd218115b.jpg,WSSV,9,background_gradient_mean,0.007476832717657089,0.003693191334605217,0.0011640265583992004
WSSV-19-img-2_jpg.rf.62a78b5e0e48205859a5f80cd218115b.jpg,WSSV,10,low_energy_share,-0.00024342364812490747,-0.00013615229502472737,-1.0790046935160724e-05
WSSV-19-img-2_jpg.rf.62a78b5e0e48205859a5f80cd218115b.jpg,WSSV,10,mid_energy_share,0.0001761914576844083,0.00010769562539779279,7.3268544795439695e-06
WSSV-19-img-2_jpg.rf.62a78b5e0e48205859a5f80cd218115b.jpg,WSSV,10,high_energy_share,6.732059519660045e-05,2.8706339879913214e-05,3.4000535811534044e-06
WSSV-19-img-2_jpg.rf.62a78b5e0e48205859a5f80cd218115b.jpg,WSSV,10,clipping_fraction,8.138020833333333e-07,0.0018098958333333318,0.00035481770833333676
WSSV-19-img-2_jpg.rf.62a78b5e0e48205859a5f80cd218115b.jpg,WSSV,10,laplacian_variance,0.00026982498820871115,0.00018562976038083434,1.9367900677025318e-05
WSSV-19-img-2_jpg.rf.62a78b5e0e48205859a5f80cd218115b.jpg,WSSV,10,gradient_mean,0.007467757910490036,0.005833625793457031,0.00020258501172065735
WSSV-19-img-2_jpg.rf.62a78b5e0e48205859a5f80cd218115b.jpg,WSSV,10,lesion_gradient_mean,0.006706655025482178,0.007056660950183868,-0.00011371076107025146
WSSV-19-img-2_jpg.rf.62a78b5e0e48205859a5f80cd218115b.jpg,WSSV,10,background_gradient_mean,0.007476832717657089,0.005822211503982544,0.00020555034279823303
WSSV-19-img-2_jpg.rf.62a78b5e0e48205859a5f80cd218115b.jpg,WSSV,11,low_energy_share,-0.00024342364812490747,-8.314190676617095e-05,-5.7504636044591884e-05
WSSV-19-img-2_jpg.rf.62a78b5e0e48205859a5f80cd218115b.jpg,WSSV,11,mid_energy_share,0.0001761914576844083,5.290692525384091e-05,4.712935667349524e-05
WSSV-19-img-2_jpg.rf.62a78b5e0e48205859a5f80cd218115b.jpg,WSSV,11,high_energy_share,6.732059519660045e-05,3.000035012015498e-05,1.048280595940227e-05
WSSV-19-img-2_jpg.rf.62a78b5e0e48205859a5f80cd218115b.jpg,WSSV,11,clipping_fraction,8.138020833333333e-07,0.0,0.0
WSSV-19-img-2_jpg.rf.62a78b5e0e48205859a5f80cd218115b.jpg,WSSV,11,laplacian_variance,0.00026982498820871115,5.139797576703131e-05,2.0354375010356307e-05
WSSV-19-img-2_jpg.rf.62a78b5e0e48205859a5f80cd218115b.jpg,WSSV,11,gradient_mean,0.007467757910490036,0.0010695718228816986,0.0012427298352122307
WSSV-19-img-2_jpg.rf.62a78b5e0e48205859a5f80cd218115b.jpg,WSSV,11,lesion_gradient_mean,0.006706655025482178,0.003286711871623993,0.0035220086574554443
WSSV-19-img-2_jpg.rf.62a78b5e0e48205859a5f80cd218115b.jpg,WSSV,11,background_gradient_mean,0.007476832717657089,0.001061815768480301,0.0012347539886832237
WSSV-65-img-3_jpg.rf.f4a72a362d654ab8bd44a97d89138d80.jpg,WSSV,0,low_energy_share,-0.000253615976296806,-8.90891934957061e-05,-4.3506087694766826e-05
WSSV-65-img-3_jpg.rf.f4a72a362d654ab8bd44a97d89138d80.jpg,WSSV,0,mid_energy_share,0.00017494250768422873,5.886703259684313e-05,3.498895548645158e-05
WSSV-65-img-3_jpg.rf.f4a72a362d654ab8bd44a97d89138d80.jpg,WSSV,0,high_energy_share,7.896626128062634e-05,3.0481162362291345e-05,8.538739043558412e-06
WSSV-65-img-3_jpg.rf.f4a72a362d654ab8bd44a97d89138d80.jpg,WSSV,0,clipping_fraction,4.8828125e-06,0.0,0.0
WSSV-65-img-3_jpg.rf.f4a72a362d654ab8bd44a97d89138d80.jpg,WSSV,0,laplacian_variance,0.00030477787367999554,0.00011266983347013593,3.237620694562793e-05
WSSV-65-img-3_jpg.rf.f4a72a362d654ab8bd44a97d89138d80.jpg,WSSV,0,gradient_mean,0.007505685091018677,0.0021014735102653503,0.001439100131392479
WSSV-65-img-3_jpg.rf.f4a72a362d654ab8bd44a97d89138d80.jpg,WSSV,0,lesion_gradient_mean,0.008148938417434692,0.005428805947303772,0.0025093406438827515
WSSV-65-img-3_jpg.rf.f4a72a362d654ab8bd44a97d89138d80.jpg,WSSV,0,background_gradient_mean,0.0075032711029052734,0.00209619477391243,0.0014374051243066788
WSSV-65-img-3_jpg.rf.f4a72a362d654ab8bd44a97d89138d80.jpg,WSSV,1,low_energy_share,-0.000253615976296806,-0.0001370960865787474,-3.137472347047865e-05
WSSV-65-img-3_jpg.rf.f4a72a362d654ab8bd44a97d89138d80.jpg,WSSV,1,mid_energy_share,0.00017494250768422873,0.00011220497298096031,1.951412851444311e-05
WSSV-65-img-3_jpg.rf.f4a72a362d654ab8bd44a97d89138d80.jpg,WSSV,1,high_energy_share,7.896626128062634e-05,2.4850477232488073e-05,1.212975565655967e-05
WSSV-65-img-3_jpg.rf.f4a72a362d654ab8bd44a97d89138d80.jpg,WSSV,1,clipping_fraction,4.8828125e-06,0.0,0.0
WSSV-65-img-3_jpg.rf.f4a72a362d654ab8bd44a97d89138d80.jpg,WSSV,1,laplacian_variance,0.00030477787367999554,0.000153740169480443,3.496883437037468e-05
WSSV-65-img-3_jpg.rf.f4a72a362d654ab8bd44a97d89138d80.jpg,WSSV,1,gradient_mean,0.007505685091018677,0.0063414983451366425,0.0014107003808021545
WSSV-65-img-3_jpg.rf.f4a72a362d654ab8bd44a97d89138d80.jpg,WSSV,1,lesion_gradient_mean,0.008148938417434692,0.006679818034172058,0.0009401291608810425
WSSV-65-img-3_jpg.rf.f4a72a362d654ab8bd44a97d89138d80.jpg,WSSV,1,background_gradient_mean,0.0075032711029052734,0.0063402168452739716,0.0014124661684036255
WSSV-65-img-3_jpg.rf.f4a72a362d654ab8bd44a97d89138d80.jpg,WSSV,2,low_energy_share,-0.000253615976296806,-0.00013317509821042517,-4.024227931853641e-05
WSSV-65-img-3_jpg.rf.f4a72a362d654ab8bd44a97d89138d80.jpg,WSSV,2,mid_energy_share,0.00017494250768422873,8.973852090770143e-05,3.23067516582689e-05
WSSV-65-img-3_jpg.rf.f4a72a362d654ab8bd44a97d89138d80.jpg,WSSV,2,high_energy_share,7.896626128062634e-05,4.385222107558797e-05,7.916375130616196e-06
WSSV-65-img-3_jpg.rf.f4a72a362d654ab8bd44a97d89138d80.jpg,WSSV,2,clipping_fraction,4.8828125e-06,0.0018400065104166585,0.0004353841145833398
WSSV-65-img-3_jpg.rf.f4a72a362d654ab8bd44a97d89138d80.jpg,WSSV,2,laplacian_variance,0.00030477787367999554,0.0001071058795787394,1.7554208170622587e-05
WSSV-65-img-3_jpg.rf.f4a72a362d654ab8bd44a97d89138d80.jpg,WSSV,2,gradient_mean,0.007505685091018677,0.0030576977878808975,0.001163046807050705
WSSV-65-img-3_jpg.rf.f4a72a362d654ab8bd44a97d89138d80.jpg,WSSV,2,lesion_gradient_mean,0.008148938417434692,0.00522923469543457,0.0019559115171432495
WSSV-65-img-3_jpg.rf.f4a72a362d654ab8bd44a97d89138d80.jpg,WSSV,2,background_gradient_mean,0.0075032711029052734,0.003052731975913048,0.0011612270027399063
WSSV-65-img-3_jpg.rf.f4a72a362d654ab8bd44a97d89138d80.jpg,WSSV,3,low_energy_share,-0.000253615976296806,-9.224800278129219e-05,-3.083193688790953e-05
WSSV-65-img-3_jpg.rf.f4a72a362d654ab8bd44a97d89138d80.jpg,WSSV,3,mid_energy_share,0.00017494250768422873,5.7241657436014784e-05,2.6387475152706247e-05
WSSV-65-img-3_jpg.rf.f4a72a362d654ab8bd44a97d89138d80.jpg,WSSV,3,high_energy_share,7.896626128062634e-05,3.5010490239785e-05,4.585467548657082e-06
WSSV-65-img-3_jpg.rf.f4a72a362d654ab8bd44a97d89138d80.jpg,WSSV,3,clipping_fraction,4.8828125e-06,0.0,2.44140625e-06
WSSV-65-img-3_jpg.rf.f4a72a362d654ab8bd44a97d89138d80.jpg,WSSV,3,laplacian_variance,0.00030477787367999554,0.00017440901137888432,2.2481312043964863e-05
WSSV-65-img-3_jpg.rf.f4a72a362d654ab8bd44a97d89138d80.jpg,WSSV,3,gradient_mean,0.007505685091018677,0.0027468856424093246,0.0007942058145999908
WSSV-65-img-3_jpg.rf.f4a72a362d654ab8bd44a97d89138d80.jpg,WSSV,3,lesion_gradient_mean,0.008148938417434692,0.007452577352523804,0.00181560218334198
WSSV-65-img-3_jpg.rf.f4a72a362d654ab8bd44a97d89138d80.jpg,WSSV,3,background_gradient_mean,0.0075032711029052734,0.0027396641671657562,0.0007926337420940399
WSSV-65-img-3_jpg.rf.f4a72a362d654ab8bd44a97d89138d80.jpg,WSSV,4,low_energy_share,-0.000253615976296806,-0.0003056393007326852,-5.8930224089426275e-06
WSSV-65-img-3_jpg.rf.f4a72a362d654ab8bd44a97d89138d80.jpg,WSSV,4,mid_energy_share,0.00017494250768422873,0.0002630202457934404,-5.708859270642155e-06
WSSV-65-img-3_jpg.rf.f4a72a362d654ab8bd44a97d89138d80.jpg,WSSV,4,high_energy_share,7.896626128062634e-05,4.228698449562288e-05,1.1716920083785224e-05
WSSV-65-img-3_jpg.rf.f4a72a362d654ab8bd44a97d89138d80.jpg,WSSV,4,clipping_fraction,4.8828125e-06,0.0024796549479166596,-0.00064941406250002
WSSV-65-img-3_jpg.rf.f4a72a362d654ab8bd44a97d89138d80.jpg,WSSV,4,laplacian_variance,0.00030477787367999554,9.995265281759202e-05,1.4851742889732122e-05
WSSV-65-img-3_jpg.rf.f4a72a362d654ab8bd44a97d89138d80.jpg,WSSV,4,gradient_mean,0.007505685091018677,0.005214519798755646,0.0006540939211845398
WSSV-65-img-3_jpg.rf.f4a72a362d654ab8bd44a97d89138d80.jpg,WSSV,4,lesion_gradient_mean,0.008148938417434692,0.005671568214893341,0.0013479888439178467
WSSV-65-img-3_jpg.rf.f4a72a362d654ab8bd44a97d89138d80.jpg,WSSV,4,background_gradient_mean,0.0075032711029052734,0.005211133509874344,0.0006489716470241547
WSSV-65-img-3_jpg.rf.f4a72a362d654ab8bd44a97d89138d80.jpg,WSSV,5,low_energy_share,-0.000253615976296806,-0.00019565517491548778,2.893440170348427e-06
WSSV-65-img-3_jpg.rf.f4a72a362d654ab8bd44a97d89138d80.jpg,WSSV,5,mid_energy_share,0.00017494250768422873,0.00016914371379887262,-9.680253685386908e-06
WSSV-65-img-3_jpg.rf.f4a72a362d654ab8bd44a97d89138d80.jpg,WSSV,5,high_energy_share,7.896626128062634e-05,2.7035170245502714e-05,6.7192266734461006e-06
WSSV-65-img-3_jpg.rf.f4a72a362d654ab8bd44a97d89138d80.jpg,WSSV,5,clipping_fraction,4.8828125e-06,0.005105794270833339,0.0008553059895833326
WSSV-65-img-3_jpg.rf.f4a72a362d654ab8bd44a97d89138d80.jpg,WSSV,5,laplacian_variance,0.00030477787367999554,0.00013300031423568726,1.4958204701542854e-05
WSSV-65-img-3_jpg.rf.f4a72a362d654ab8bd44a97d89138d80.jpg,WSSV,5,gradient_mean,0.007505685091018677,0.0069877468049526215,-0.0002263970673084259
WSSV-65-img-3_jpg.rf.f4a72a362d654ab8bd44a97d89138d80.jpg,WSSV,5,lesion_gradient_mean,0.008148938417434692,0.007039964199066162,0.0006286725401878357
WSSV-65-img-3_jpg.rf.f4a72a362d654ab8bd44a97d89138d80.jpg,WSSV,5,background_gradient_mean,0.0075032711029052734,0.006987366825342178,-0.00023239105939865112
WSSV-65-img-3_jpg.rf.f4a72a362d654ab8bd44a97d89138d80.jpg,WSSV,6,low_energy_share,-0.000253615976296806,-0.00017524591207351836,-3.777518232372934e-05
WSSV-65-img-3_jpg.rf.f4a72a362d654ab8bd44a97d89138d80.jpg,WSSV,6,mid_energy_share,0.00017494250768422873,0.00012809704410769566,2.7771187469128765e-05
WSSV-65-img-3_jpg.rf.f4a72a362d654ab8bd44a97d89138d80.jpg,WSSV,6,high_energy_share,7.896626128062634e-05,4.703213349450586e-05,9.639123109871236e-06
WSSV-65-img-3_jpg.rf.f4a72a362d654ab8bd44a97d89138d80.jpg,WSSV,6,clipping_fraction,4.8828125e-06,0.002494303385416674,0.0011230468750000056
WSSV-65-img-3_jpg.rf.f4a72a362d654ab8bd44a97d89138d80.jpg,WSSV,6,laplacian_variance,0.00030477787367999554,0.0001381381880491972,1.8135004211217165e-05
WSSV-65-img-3_jpg.rf.f4a72a362d654ab8bd44a97d89138d80.jpg,WSSV,6,gradient_mean,0.007505685091018677,0.00433909147977829,0.0009117387235164642
WSSV-65-img-3_jpg.rf.f4a72a362d654ab8bd44a97d89138d80.jpg,WSSV,6,lesion_gradient_mean,0.008148938417434692,0.0065161436796188354,0.0010761618614196777
WSSV-65-img-3_jpg.rf.f4a72a362d654ab8bd44a97d89138d80.jpg,WSSV,6,background_gradient_mean,0.0075032711029052734,0.004332367330789566,0.0009112320840358734
WSSV-65-img-3_jpg.rf.f4a72a362d654ab8bd44a97d89138d80.jpg,WSSV,7,low_energy_share,-0.000253615976296806,-0.00020485447979845528,-5.503042286902904e-05
WSSV-65-img-3_jpg.rf.f4a72a362d654ab8bd44a97d89138d80.jpg,WSSV,7,mid_energy_share,0.00017494250768422873,0.00015383272843682585,3.4967207072625654e-05
WSSV-65-img-3_jpg.rf.f4a72a362d654ab8bd44a97d89138d80.jpg,WSSV,7,high_energy_share,7.896626128062634e-05,5.090750969688636e-05,1.9808876850337847e-05
WSSV-65-img-3_jpg.rf.f4a72a362d654ab8bd44a97d89138d80.jpg,WSSV,7,clipping_fraction,4.8828125e-06,0.002683919270833335,0.0014200846354166796
WSSV-65-img-3_jpg.rf.f4a72a362d654ab8bd44a97d89138d80.jpg,WSSV,7,laplacian_variance,0.00030477787367999554,7.728271884843707e-05,2.2021704353392124e-05
WSSV-65-img-3_jpg.rf.f4a72a362d654ab8bd44a97d89138d80.jpg,WSSV,7,gradient_mean,0.007505685091018677,0.0036711376160383224,0.0015755090862512589
WSSV-65-img-3_jpg.rf.f4a72a362d654ab8bd44a97d89138d80.jpg,WSSV,7,lesion_gradient_mean,0.008148938417434692,0.004923924803733826,0.001966536045074463
WSSV-65-img-3_jpg.rf.f4a72a362d654ab8bd44a97d89138d80.jpg,WSSV,7,background_gradient_mean,0.0075032711029052734,0.0036667361855506897,0.001574140042066574
WSSV-65-img-3_jpg.rf.f4a72a362d654ab8bd44a97d89138d80.jpg,WSSV,8,low_energy_share,-0.000253615976296806,-0.00023370198370353812,-1.2823341886236683e-05
WSSV-65-img-3_jpg.rf.f4a72a362d654ab8bd44a97d89138d80.jpg,WSSV,8,mid_energy_share,0.00017494250768422873,0.00019156793781845887,1.6096614821417034e-06
WSSV-65-img-3_jpg.rf.f4a72a362d654ab8bd44a97d89138d80.jpg,WSSV,8,high_energy_share,7.896626128062634e-05,4.207644356692014e-05,1.108479541297834e-05
WSSV-65-img-3_jpg.rf.f4a72a362d654ab8bd44a97d89138d80.jpg,WSSV,8,clipping_fraction,4.8828125e-06,0.0005745442708333329,-5.289713541666713e-05
WSSV-65-img-3_jpg.rf.f4a72a362d654ab8bd44a97d89138d80.jpg,WSSV,8,laplacian_variance,0.00030477787367999554,0.00018814788199961185,1.6534468159079552e-05
WSSV-65-img-3_jpg.rf.f4a72a362d654ab8bd44a97d89138d80.jpg,WSSV,8,gradient_mean,0.007505685091018677,0.008019786328077316,-0.0002662762999534607
WSSV-65-img-3_jpg.rf.f4a72a362d654ab8bd44a97d89138d80.jpg,WSSV,8,lesion_gradient_mean,0.008148938417434692,0.00851885974407196,-0.0006731897592544556
WSSV-65-img-3_jpg.rf.f4a72a362d654ab8bd44a97d89138d80.jpg,WSSV,8,background_gradient_mean,0.0075032711029052734,0.008017420768737793,-0.0002643279731273651
WSSV-65-img-3_jpg.rf.f4a72a362d654ab8bd44a97d89138d80.jpg,WSSV,9,low_energy_share,-0.000253615976296806,-0.00016010519950737656,-3.56439831387112e-05
WSSV-65-img-3_jpg.rf.f4a72a362d654ab8bd44a97d89138d80.jpg,WSSV,9,mid_energy_share,0.00017494250768422873,0.00014078406739194058,1.6384570451392e-05
WSSV-65-img-3_jpg.rf.f4a72a362d654ab8bd44a97d89138d80.jpg,WSSV,9,high_energy_share,7.896626128062634e-05,1.921236124872186e-05,1.958455491026629e-05
WSSV-65-img-3_jpg.rf.f4a72a362d654ab8bd44a97d89138d80.jpg,WSSV,9,clipping_fraction,4.8828125e-06,0.005078938802083335,0.0035351562499999975
WSSV-65-img-3_jpg.rf.f4a72a362d654ab8bd44a97d89138d80.jpg,WSSV,9,laplacian_variance,0.00030477787367999554,5.166773917153478e-05,3.0196504667401314e-05
WSSV-65-img-3_jpg.rf.f4a72a362d654ab8bd44a97d89138d80.jpg,WSSV,9,gradient_mean,0.007505685091018677,0.004530325531959534,0.0017260834574699402
WSSV-65-img-3_jpg.rf.f4a72a362d654ab8bd44a97d89138d80.jpg,WSSV,9,lesion_gradient_mean,0.008148938417434692,0.004615716636180878,0.0024276003241539
WSSV-65-img-3_jpg.rf.f4a72a362d654ab8bd44a97d89138d80.jpg,WSSV,9,background_gradient_mean,0.0075032711029052734,0.004529625177383423,0.001720283180475235
WSSV-65-img-3_jpg.rf.f4a72a362d654ab8bd44a97d89138d80.jpg,WSSV,10,low_energy_share,-0.000253615976296806,-0.00018664284617542215,-3.70149130054509e-05
WSSV-65-img-3_jpg.rf.f4a72a362d654ab8bd44a97d89138d80.jpg,WSSV,10,mid_energy_share,0.00017494250768422873,0.00014940401043677558,2.100324824859509e-05
WSSV-65-img-3_jpg.rf.f4a72a362d654ab8bd44a97d89138d80.jpg,WSSV,10,high_energy_share,7.896626128062634e-05,3.761957411072651e-05,1.5400959987957313e-05
WSSV-65-img-3_jpg.rf.f4a72a362d654ab8bd44a97d89138d80.jpg,WSSV,10,clipping_fraction,4.8828125e-06,0.001228841145833326,0.0005061848958333309
WSSV-65-img-3_jpg.rf.f4a72a362d654ab8bd44a97d89138d80.jpg,WSSV,10,laplacian_variance,0.00030477787367999554,9.519091690890491e-05,2.51166638918221e-05
WSSV-65-img-3_jpg.rf.f4a72a362d654ab8bd44a97d89138d80.jpg,WSSV,10,gradient_mean,0.007505685091018677,0.005044817924499512,0.0016935020685195923
WSSV-65-img-3_jpg.rf.f4a72a362d654ab8bd44a97d89138d80.jpg,WSSV,10,lesion_gradient_mean,0.008148938417434692,0.005380377173423767,0.0016642659902572632
WSSV-65-img-3_jpg.rf.f4a72a362d654ab8bd44a97d89138d80.jpg,WSSV,10,background_gradient_mean,0.0075032711029052734,0.00504332035779953,0.0016936324536800385
WSSV-65-img-3_jpg.rf.f4a72a362d654ab8bd44a97d89138d80.jpg,WSSV,11,low_energy_share,-0.000253615976296806,-0.0001687204151378241,-3.154073226041554e-05
WSSV-65-img-3_jpg.rf.f4a72a362d654ab8bd44a97d89138d80.jpg,WSSV,11,mid_energy_share,0.00017494250768422873,0.00013781665861876502,1.753205295345684e-05
WSSV-65-img-3_jpg.rf.f4a72a362d654ab8bd44a97d89138d80.jpg,WSSV,11,high_energy_share,7.896626128062634e-05,3.1476305349053125e-05,1.366471142832647e-05
WSSV-65-img-3_jpg.rf.f4a72a362d654ab8bd44a97d89138d80.jpg,WSSV,11,clipping_fraction,4.8828125e-06,0.0,8.138020833333334e-07
WSSV-65-img-3_jpg.rf.f4a72a362d654ab8bd44a97d89138d80.jpg,WSSV,11,laplacian_variance,0.00030477787367999554,9.373234934173524e-05,3.323290729895234e-05
WSSV-65-img-3_jpg.rf.f4a72a362d654ab8bd44a97d89138d80.jpg,WSSV,11,gradient_mean,0.007505685091018677,0.00476369634270668,0.0020326822996139526
WSSV-65-img-3_jpg.rf.f4a72a362d654ab8bd44a97d89138d80.jpg,WSSV,11,lesion_gradient_mean,0.008148938417434692,0.005515873432159424,0.0014096647500991821
WSSV-65-img-3_jpg.rf.f4a72a362d654ab8bd44a97d89138d80.jpg,WSSV,11,background_gradient_mean,0.0075032711029052734,0.004760622978210449,0.002035234123468399
WSSV_BG-33-img-1_jpg.rf.90d11fdfacbbb40f5dcb57837e5e0a1e.jpg,WSSV_BG,0,low_energy_share,-0.0006289302328186253,-0.0003372510035285492,-0.00015408798101124166
WSSV_BG-33-img-1_jpg.rf.90d11fdfacbbb40f5dcb57837e5e0a1e.jpg,WSSV_BG,0,mid_energy_share,0.00041858988482285434,0.000295803257885367,8.937354813893812e-05
WSSV_BG-33-img-1_jpg.rf.90d11fdfacbbb40f5dcb57837e5e0a1e.jpg,WSSV_BG,0,high_energy_share,0.00021028174271815845,4.157945387131648e-05,6.485097775444862e-05
WSSV_BG-33-img-1_jpg.rf.90d11fdfacbbb40f5dcb57837e5e0a1e.jpg,WSSV_BG,0,clipping_fraction,0.00011149088541666668,8.138020833333334e-07,3.580729166666667e-05
WSSV_BG-33-img-1_jpg.rf.90d11fdfacbbb40f5dcb57837e5e0a1e.jpg,WSSV_BG,0,laplacian_variance,0.0005027963779866695,6.035040132701397e-05,5.573057569563389e-05
WSSV_BG-33-img-1_jpg.rf.90d11fdfacbbb40f5dcb57837e5e0a1e.jpg,WSSV_BG,0,gradient_mean,0.008330658078193665,0.004405893385410309,0.0033070147037506104
WSSV_BG-33-img-1_jpg.rf.90d11fdfacbbb40f5dcb57837e5e0a1e.jpg,WSSV_BG,0,lesion_gradient_mean,0.01161038875579834,0.005282290279865265,0.0026082396507263184
WSSV_BG-33-img-1_jpg.rf.90d11fdfacbbb40f5dcb57837e5e0a1e.jpg,WSSV_BG,0,background_gradient_mean,0.008264586329460144,0.0043746232986450195,0.0033319592475891113
WSSV_BG-33-img-1_jpg.rf.90d11fdfacbbb40f5dcb57837e5e0a1e.jpg,WSSV_BG,1,low_energy_share,-0.0006289302328186253,-0.00010082135818056948,-6.0627357502229806e-05
WSSV_BG-33-img-1_jpg.rf.90d11fdfacbbb40f5dcb57837e5e0a1e.jpg,WSSV_BG,1,mid_energy_share,0.00041858988482285434,5.6262983177738724e-05,5.3548425200097946e-05
WSSV_BG-33-img-1_jpg.rf.90d11fdfacbbb40f5dcb57837e5e0a1e.jpg,WSSV_BG,1,high_energy_share,0.00021028174271815845,4.445916141864549e-05,7.03227655271684e-06
WSSV_BG-33-img-1_jpg.rf.90d11fdfacbbb40f5dcb57837e5e0a1e.jpg,WSSV_BG,1,clipping_fraction,0.00011149088541666668,-0.00042317708333333356,0.000591634114583333
WSSV_BG-33-img-1_jpg.rf.90d11fdfacbbb40f5dcb57837e5e0a1e.jpg,WSSV_BG,1,laplacian_variance,0.0005027963779866695,0.00026338768657296896,4.422792699187994e-05
WSSV_BG-33-img-1_jpg.rf.90d11fdfacbbb40f5dcb57837e5e0a1e.jpg,WSSV_BG,1,gradient_mean,0.008330658078193665,0.0017222147434949875,0.0010906010866165161
WSSV_BG-33-img-1_jpg.rf.90d11fdfacbbb40f5dcb57837e5e0a1e.jpg,WSSV_BG,1,lesion_gradient_mean,0.01161038875579834,0.011491656303405762,0.00684511661529541
WSSV_BG-33-img-1_jpg.rf.90d11fdfacbbb40f5dcb57837e5e0a1e.jpg,WSSV_BG,1,background_gradient_mean,0.008264586329460144,0.0016698427498340607,0.0010597556829452515
WSSV_BG-33-img-1_jpg.rf.90d11fdfacbbb40f5dcb57837e5e0a1e.jpg,WSSV_BG,2,low_energy_share,-0.0006289302328186253,-0.0003088852893674554,-4.050699188240525e-05
WSSV_BG-33-img-1_jpg.rf.90d11fdfacbbb40f5dcb57837e5e0a1e.jpg,WSSV_BG,2,mid_energy_share,0.00041858988482285434,0.00026722718570204476,1.9951049335930997e-05
WSSV_BG-33-img-1_jpg.rf.90d11fdfacbbb40f5dcb57837e5e0a1e.jpg,WSSV_BG,2,high_energy_share,0.00021028174271815845,4.159525026445408e-05,2.0079302053505955e-05
WSSV_BG-33-img-1_jpg.rf.90d11fdfacbbb40f5dcb57837e5e0a1e.jpg,WSSV_BG,2,clipping_fraction,0.00011149088541666668,-0.0009529622395833548,0.0014705403645833282
WSSV_BG-33-img-1_jpg.rf.90d11fdfacbbb40f5dcb57837e5e0a1e.jpg,WSSV_BG,2,laplacian_variance,0.0005027963779866695,0.00020467780996114016,1.4340388588607311e-05
WSSV_BG-33-img-1_jpg.rf.90d11fdfacbbb40f5dcb57837e5e0a1e.jpg,WSSV_BG,2,gradient_mean,0.008330658078193665,0.006414890289306641,-0.00039624422788619995
WSSV_BG-33-img-1_jpg.rf.90d11fdfacbbb40f5dcb57837e5e0a1e.jpg,WSSV_BG,2,lesion_gradient_mean,0.01161038875579834,0.01083943247795105,-0.0004864931106567383
WSSV_BG-33-img-1_jpg.rf.90d11fdfacbbb40f5dcb57837e5e0a1e.jpg,WSSV_BG,2,background_gradient_mean,0.008264586329460144,0.0062553659081459045,-0.0003929808735847473
WSSV_BG-33-img-1_jpg.rf.90d11fdfacbbb40f5dcb57837e5e0a1e.jpg,WSSV_BG,3,low_energy_share,-0.0006289302328186253,-0.00014457656929522944,-4.1720225951391576e-05
WSSV_BG-33-img-1_jpg.rf.90d11fdfacbbb40f5dcb57837e5e0a1e.jpg,WSSV_BG,3,mid_energy_share,0.00041858988482285434,9.85533125567147e-05,3.905866309091553e-05
WSSV_BG-33-img-1_jpg.rf.90d11fdfacbbb40f5dcb57837e5e0a1e.jpg,WSSV_BG,3,high_energy_share,0.00021028174271815845,4.5832721719511835e-05,2.4758358412254895e-06
WSSV_BG-33-img-1_jpg.rf.90d11fdfacbbb40f5dcb57837e5e0a1e.jpg,WSSV_BG,3,clipping_fraction,0.00011149088541666668,-0.00036458333333330706,0.0007340494791666652
WSSV_BG-33-img-1_jpg.rf.90d11fdfacbbb40f5dcb57837e5e0a1e.jpg,WSSV_BG,3,laplacian_variance,0.0005027963779866695,0.000284122652374208,2.297281753271818e-05
WSSV_BG-33-img-1_jpg.rf.90d11fdfacbbb40f5dcb57837e5e0a1e.jpg,WSSV_BG,3,gradient_mean,0.008330658078193665,0.002766720950603485,0.0008029714226722717
WSSV_BG-33-img-1_jpg.rf.90d11fdfacbbb40f5dcb57837e5e0a1e.jpg,WSSV_BG,3,lesion_gradient_mean,0.01161038875579834,0.011999502778053284,0.002731829881668091
WSSV_BG-33-img-1_jpg.rf.90d11fdfacbbb40f5dcb57837e5e0a1e.jpg,WSSV_BG,3,background_gradient_mean,0.008264586329460144,0.00267893448472023,0.0007846355438232422
WSSV_BG-33-img-1_jpg.rf.90d11fdfacbbb40f5dcb57837e5e0a1e.jpg,WSSV_BG,4,low_energy_share,-0.0006289302328186253,-0.0001193951645884761,-7.835246613852043e-05
WSSV_BG-33-img-1_jpg.rf.90d11fdfacbbb40f5dcb57837e5e0a1e.jpg,WSSV_BG,4,mid_energy_share,0.00041858988482285434,7.265358176255035e-05,6.496423908692532e-05
WSSV_BG-33-img-1_jpg.rf.90d11fdfacbbb40f5dcb57837e5e0a1e.jpg,WSSV_BG,4,high_energy_share,0.00021028174271815845,4.6869580571637804e-05,1.3607218266356168e-05
WSSV_BG-33-img-1_jpg.rf.90d11fdfacbbb40f5dcb57837e5e0a1e.jpg,WSSV_BG,4,clipping_fraction,0.00011149088541666668,0.0,0.0
WSSV_BG-33-img-1_jpg.rf.90d11fdfacbbb40f5dcb57837e5e0a1e.jpg,WSSV_BG,4,laplacian_variance,0.0005027963779866695,0.00012931250967085361,4.068639827892184e-05
WSSV_BG-33-img-1_jpg.rf.90d11fdfacbbb40f5dcb57837e5e0a1e.jpg,WSSV_BG,4,gradient_mean,0.008330658078193665,0.0013067331165075302,0.0013382434844970703
WSSV_BG-33-img-1_jpg.rf.90d11fdfacbbb40f5dcb57837e5e0a1e.jpg,WSSV_BG,4,lesion_gradient_mean,0.01161038875579834,0.006966620683670044,0.004850134253501892
WSSV_BG-33-img-1_jpg.rf.90d11fdfacbbb40f5dcb57837e5e0a1e.jpg,WSSV_BG,4,background_gradient_mean,0.008264586329460144,0.0012741684913635254,0.0013180524110794067
WSSV_BG-33-img-1_jpg.rf.90d11fdfacbbb40f5dcb57837e5e0a1e.jpg,WSSV_BG,5,low_energy_share,-0.0006289302328186253,-0.0003851335308541204,-5.7952473501377e-05
WSSV_BG-33-img-1_jpg.rf.90d11fdfacbbb40f5dcb57837e5e0a1e.jpg,WSSV_BG,5,mid_energy_share,0.00041858988482285434,0.0003055883340780203,3.770459402761871e-05
WSSV_BG-33-img-1_jpg.rf.90d11fdfacbbb40f5dcb57837e5e0a1e.jpg,WSSV_BG,5,high_energy_share,0.00021028174271815845,7.938821121789442e-05,2.030307589059963e-05
WSSV_BG-33-img-1_jpg.rf.90d11fdfacbbb40f5dcb57837e5e0a1e.jpg,WSSV_BG,5,clipping_fraction,0.00011149088541666668,-0.0006469726562500222,0.0007722981770833526
WSSV_BG-33-img-1_jpg.rf.90d11fdfacbbb40f5dcb57837e5e0a1e.jpg,WSSV_BG,5,laplacian_variance,0.0005027963779866695,0.0003664405085146427,4.669209010899067e-05
WSSV_BG-33-img-1_jpg.rf.90d11fdfacbbb40f5dcb57837e5e0a1e.jpg,WSSV_BG,5,gradient_mean,0.008330658078193665,0.007156163454055786,0.0012593269348144531
WSSV_BG-33-img-1_jpg.rf.90d11fdfacbbb40f5dcb57837e5e0a1e.jpg,WSSV_BG,5,lesion_gradient_mean,0.01161038875579834,0.013747423887252808,-0.00023011863231658936
WSSV_BG-33-img-1_jpg.rf.90d11fdfacbbb40f5dcb57837e5e0a1e.jpg,WSSV_BG,5,background_gradient_mean,0.008264586329460144,0.007023744285106659,0.001289263367652893
WSSV_BG-33-img-1_jpg.rf.90d11fdfacbbb40f5dcb57837e5e0a1e.jpg,WSSV_BG,6,low_energy_share,-0.0006289302328186253,-0.000322667791993525,-6.396985137713251e-05
WSSV_BG-33-img-1_jpg.rf.90d11fdfacbbb40f5dcb57837e5e0a1e.jpg,WSSV_BG,6,mid_energy_share,0.00041858988482285434,0.0002582064634814652,3.669958406623121e-05
WSSV_BG-33-img-1_jpg.rf.90d11fdfacbbb40f5dcb57837e5e0a1e.jpg,WSSV_BG,6,high_energy_share,0.00021028174271815845,6.428156393371777e-05,2.7450651220882873e-05
WSSV_BG-33-img-1_jpg.rf.90d11fdfacbbb40f5dcb57837e5e0a1e.jpg,WSSV_BG,6,clipping_fraction,0.00011149088541666668,6.510416666666666e-06,1.871744791666667e-05
WSSV_BG-33-img-1_jpg.rf.90d11fdfacbbb40f5dcb57837e5e0a1e.jpg,WSSV_BG,6,laplacian_variance,0.0005027963779866695,0.0001342172035947442,4.771270323544741e-05
WSSV_BG-33-img-1_jpg.rf.90d11fdfacbbb40f5dcb57837e5e0a1e.jpg,WSSV_BG,6,gradient_mean,0.008330658078193665,0.004637017846107483,0.00226651132106781
WSSV_BG-33-img-1_jpg.rf.90d11fdfacbbb40f5dcb57837e5e0a1e.jpg,WSSV_BG,6,lesion_gradient_mean,0.01161038875579834,0.007602177560329437,0.0017209351062774658
WSSV_BG-33-img-1_jpg.rf.90d11fdfacbbb40f5dcb57837e5e0a1e.jpg,WSSV_BG,6,background_gradient_mean,0.008264586329460144,0.004578456282615662,0.0022772997617721558
WSSV_BG-33-img-1_jpg.rf.90d11fdfacbbb40f5dcb57837e5e0a1e.jpg,WSSV_BG,7,low_energy_share,-0.0006289302328186253,-0.0004795258504028954,-7.687414324197839e-05
WSSV_BG-33-img-1_jpg.rf.90d11fdfacbbb40f5dcb57837e5e0a1e.jpg,WSSV_BG,7,mid_energy_share,0.00041858988482285434,0.0004160642022108178,3.3567551894347035e-05
WSSV_BG-33-img-1_jpg.rf.90d11fdfacbbb40f5dcb57837e5e0a1e.jpg,WSSV_BG,7,high_energy_share,0.00021028174271815845,6.352608237643749e-05,4.3014122406673195e-05
WSSV_BG-33-img-1_jpg.rf.90d11fdfacbbb40f5dcb57837e5e0a1e.jpg,WSSV_BG,7,clipping_fraction,0.00011149088541666668,0.0032356770833333465,3.5807291666661856e-05
WSSV_BG-33-img-1_jpg.rf.90d11fdfacbbb40f5dcb57837e5e0a1e.jpg,WSSV_BG,7,laplacian_variance,0.0005027963779866695,0.00015506998170167208,3.2897398341447115e-05
WSSV_BG-33-img-1_jpg.rf.90d11fdfacbbb40f5dcb57837e5e0a1e.jpg,WSSV_BG,7,gradient_mean,0.008330658078193665,0.006669580936431885,0.001034073531627655
WSSV_BG-33-img-1_jpg.rf.90d11fdfacbbb40f5dcb57837e5e0a1e.jpg,WSSV_BG,7,lesion_gradient_mean,0.01161038875579834,0.009168066084384918,0.0001008063554763794
WSSV_BG-33-img-1_jpg.rf.90d11fdfacbbb40f5dcb57837e5e0a1e.jpg,WSSV_BG,7,background_gradient_mean,0.008264586329460144,0.006577037274837494,0.0010686367750167847
WSSV_BG-33-img-1_jpg.rf.90d11fdfacbbb40f5dcb57837e5e0a1e.jpg,WSSV_BG,8,low_energy_share,-0.0006289302328186253,-0.00020572130895779583,-2.184178035247175e-05
WSSV_BG-33-img-1_jpg.rf.90d11fdfacbbb40f5dcb57837e5e0a1e.jpg,WSSV_BG,8,mid_energy_share,0.00041858988482285434,0.00017558678964048314,1.0236475087229595e-05
WSSV_BG-33-img-1_jpg.rf.90d11fdfacbbb40f5dcb57837e5e0a1e.jpg,WSSV_BG,8,high_energy_share,0.00021028174271815845,3.011253491616136e-05,1.1540144330516683e-05
WSSV_BG-33-img-1_jpg.rf.90d11fdfacbbb40f5dcb57837e5e0a1e.jpg,WSSV_BG,8,clipping_fraction,0.00011149088541666668,-0.0012784830729166696,0.0011287434895833337
WSSV_BG-33-img-1_jpg.rf.90d11fdfacbbb40f5dcb57837e5e0a1e.jpg,WSSV_BG,8,laplacian_variance,0.0005027963779866695,0.00028584536630660295,3.474543336778879e-05
WSSV_BG-33-img-1_jpg.rf.90d11fdfacbbb40f5dcb57837e5e0a1e.jpg,WSSV_BG,8,gradient_mean,0.008330658078193665,0.007433369755744934,0.0007038488984107971
WSSV_BG-33-img-1_jpg.rf.90d11fdfacbbb40f5dcb57837e5e0a1e.jpg,WSSV_BG,8,lesion_gradient_mean,0.01161038875579834,0.012721523642539978,-0.0009209960699081421
WSSV_BG-33-img-1_jpg.rf.90d11fdfacbbb40f5dcb57837e5e0a1e.jpg,WSSV_BG,8,background_gradient_mean,0.008264586329460144,0.007277287542819977,0.0007518082857131958
WSSV_BG-33-img-1_jpg.rf.90d11fdfacbbb40f5dcb57837e5e0a1e.jpg,WSSV_BG,9,low_energy_share,-0.0006289302328186253,-0.0009112508899249416,-6.560813232092677e-05
WSSV_BG-33-img-1_jpg.rf.90d11fdfacbbb40f5dcb57837e5e0a1e.jpg,WSSV_BG,9,mid_energy_share,0.00041858988482285434,0.0007729765218650901,3.186277360705137e-05
WSSV_BG-33-img-1_jpg.rf.90d11fdfacbbb40f5dcb57837e5e0a1e.jpg,WSSV_BG,9,high_energy_share,0.00021028174271815845,0.0001387318156988197,3.3332736328510926e-05
WSSV_BG-33-img-1_jpg.rf.90d11fdfacbbb40f5dcb57837e5e0a1e.jpg,WSSV_BG,9,clipping_fraction,0.00011149088541666668,-0.0003564453125000089,0.0012410481770833703
WSSV_BG-33-img-1_jpg.rf.90d11fdfacbbb40f5dcb57837e5e0a1e.jpg,WSSV_BG,9,laplacian_variance,0.0005027963779866695,0.0001983245019800961,1.431116834282875e-05
WSSV_BG-33-img-1_jpg.rf.90d11fdfacbbb40f5dcb57837e5e0a1e.jpg,WSSV_BG,9,gradient_mean,0.008330658078193665,0.005882374942302704,0.0005706325173377991
WSSV_BG-33-img-1_jpg.rf.90d11fdfacbbb40f5dcb57837e5e0a1e.jpg,WSSV_BG,9,lesion_gradient_mean,0.01161038875579834,0.011241734027862549,-0.0007262378931045532
WSSV_BG-33-img-1_jpg.rf.90d11fdfacbbb40f5dcb57837e5e0a1e.jpg,WSSV_BG,9,background_gradient_mean,0.008264586329460144,0.005694225430488586,0.0006161704659461975
WSSV_BG-33-img-1_jpg.rf.90d11fdfacbbb40f5dcb57837e5e0a1e.jpg,WSSV_BG,10,low_energy_share,-0.0006289302328186253,-0.0001140049055379233,-5.955587299255605e-05
WSSV_BG-33-img-1_jpg.rf.90d11fdfacbbb40f5dcb57837e5e0a1e.jpg,WSSV_BG,10,mid_energy_share,0.00041858988482285434,6.606110916382866e-05,5.1523281682239967e-05
WSSV_BG-33-img-1_jpg.rf.90d11fdfacbbb40f5dcb57837e5e0a1e.jpg,WSSV_BG,10,high_energy_share,0.00021028174271815845,4.82348995913187e-05,7.680608746716915e-06
WSSV_BG-33-img-1_jpg.rf.90d11fdfacbbb40f5dcb57837e5e0a1e.jpg,WSSV_BG,10,clipping_fraction,0.00011149088541666668,0.0,8.138020833333334e-07
WSSV_BG-33-img-1_jpg.rf.90d11fdfacbbb40f5dcb57837e5e0a1e.jpg,WSSV_BG,10,laplacian_variance,0.0005027963779866695,0.0002187222708016634,3.814918454736471e-05
WSSV_BG-33-img-1_jpg.rf.90d11fdfacbbb40f5dcb57837e5e0a1e.jpg,WSSV_BG,10,gradient_mean,0.008330658078193665,0.001858692616224289,0.0011380556970834732
WSSV_BG-33-img-1_jpg.rf.90d11fdfacbbb40f5dcb57837e5e0a1e.jpg,WSSV_BG,10,lesion_gradient_mean,0.01161038875579834,0.009869277477264404,0.005720064043998718
WSSV_BG-33-img-1_jpg.rf.90d11fdfacbbb40f5dcb57837e5e0a1e.jpg,WSSV_BG,10,background_gradient_mean,0.008264586329460144,0.0018109120428562164,0.0011107176542282104
WSSV_BG-33-img-1_jpg.rf.90d11fdfacbbb40f5dcb57837e5e0a1e.jpg,WSSV_BG,11,low_energy_share,-0.0006289302328186253,-0.0002700278405441958,-0.00017427605963271642
WSSV_BG-33-img-1_jpg.rf.90d11fdfacbbb40f5dcb57837e5e0a1e.jpg,WSSV_BG,11,mid_energy_share,0.00041858988482285434,0.00019191513338492178,0.00012300728376067865
WSSV_BG-33-img-1_jpg.rf.90d11fdfacbbb40f5dcb57837e5e0a1e.jpg,WSSV_BG,11,high_energy_share,0.00021028174271815845,7.846871532331582e-05,5.0598542822858175e-05
WSSV_BG-33-img-1_jpg.rf.90d11fdfacbbb40f5dcb57837e5e0a1e.jpg,WSSV_BG,11,clipping_fraction,0.00011149088541666668,0.0005997721354166485,0.0007177734375000133
WSSV_BG-33-img-1_jpg.rf.90d11fdfacbbb40f5dcb57837e5e0a1e.jpg,WSSV_BG,11,laplacian_variance,0.0005027963779866695,9.200215572491288e-05,4.7660490963608027e-05
WSSV_BG-33-img-1_jpg.rf.90d11fdfacbbb40f5dcb57837e5e0a1e.jpg,WSSV_BG,11,gradient_mean,0.008330658078193665,0.002335241064429283,0.0019821450114250183
WSSV_BG-33-img-1_jpg.rf.90d11fdfacbbb40f5dcb57837e5e0a1e.jpg,WSSV_BG,11,lesion_gradient_mean,0.01161038875579834,0.006908848881721497,0.0024397000670433044
WSSV_BG-33-img-1_jpg.rf.90d11fdfacbbb40f5dcb57837e5e0a1e.jpg,WSSV_BG,11,background_gradient_mean,0.008264586329460144,0.0022741127759218216,0.0019760429859161377
WSSV_BG-33-img-2_jpg.rf.bb7f66f7b91d78ebf1dfb74cd627beae.jpg,WSSV_BG,0,low_energy_share,-0.0007030402708485539,-0.00015576749368850784,-6.687565688723307e-05
WSSV_BG-33-img-2_jpg.rf.bb7f66f7b91d78ebf1dfb74cd627beae.jpg,WSSV_BG,0,mid_energy_share,0.0004368173993831996,9.911411061856322e-05,5.5594620400292944e-05
WSSV_BG-33-img-2_jpg.rf.bb7f66f7b91d78ebf1dfb74cd627beae.jpg,WSSV_BG,0,high_energy_share,0.0002659628152214626,5.626052999843184e-05,1.1794210844233324e-05
WSSV_BG-33-img-2_jpg.rf.bb7f66f7b91d78ebf1dfb74cd627beae.jpg,WSSV_BG,0,clipping_fraction,0.0001253255208333333,9.440104166669183e-05,0.00014973958333330817
WSSV_BG-33-img-2_jpg.rf.bb7f66f7b91d78ebf1dfb74cd627beae.jpg,WSSV_BG,0,laplacian_variance,0.0006733604241162539,0.0002173426328226924,4.028028342872858e-05
WSSV_BG-33-img-2_jpg.rf.bb7f66f7b91d78ebf1dfb74cd627beae.jpg,WSSV_BG,0,gradient_mean,0.008510887622833252,0.0022553466260433197,0.0013258270919322968
WSSV_BG-33-img-2_jpg.rf.bb7f66f7b91d78ebf1dfb74cd627beae.jpg,WSSV_BG,0,lesion_gradient_mean,0.012459352612495422,0.011289253830909729,0.002623125910758972
WSSV_BG-33-img-2_jpg.rf.bb7f66f7b91d78ebf1dfb74cd627beae.jpg,WSSV_BG,0,background_gradient_mean,0.008439525961875916,0.002182573080062866,0.001315377652645111
WSSV_BG-33-img-2_jpg.rf.bb7f66f7b91d78ebf1dfb74cd627beae.jpg,WSSV_BG,1,low_energy_share,-0.0007030402708485539,-0.00027503655316540865,-5.305375740816132e-05
WSSV_BG-33-img-2_jpg.rf.bb7f66f7b91d78ebf1dfb74cd627beae.jpg,WSSV_BG,1,mid_energy_share,0.0004368173993831996,0.00020469885446833692,3.521755835156175e-05
WSSV_BG-33-img-2_jpg.rf.bb7f66f7b91d78ebf1dfb74cd627beae.jpg,WSSV_BG,1,high_energy_share,0.0002659628152214626,7.009674552938163e-05,1.830424892294391e-05
WSSV_BG-33-img-2_jpg.rf.bb7f66f7b91d78ebf1dfb74cd627beae.jpg,WSSV_BG,1,clipping_fraction,0.0001253255208333333,1.6276041666666668e-06,-8.138020833333334e-07
WSSV_BG-33-img-2_jpg.rf.bb7f66f7b91d78ebf1dfb74cd627beae.jpg,WSSV_BG,1,laplacian_variance,0.0006733604241162539,0.00022441078908741474,4.9363705329596996e-05
WSSV_BG-33-img-2_jpg.rf.bb7f66f7b91d78ebf1dfb74cd627beae.jpg,WSSV_BG,1,gradient_mean,0.008510887622833252,0.00481027364730835,0.0019548945128917694
WSSV_BG-33-img-2_jpg.rf.bb7f66f7b91d78ebf1dfb74cd627beae.jpg,WSSV_BG,1,lesion_gradient_mean,0.012459352612495422,0.009225651621818542,0.0015081316232681274
WSSV_BG-33-img-2_jpg.rf.bb7f66f7b91d78ebf1dfb74cd627beae.jpg,WSSV_BG,1,background_gradient_mean,0.008439525961875916,0.004748009145259857,0.0019611939787864685
WSSV_BG-33-img-2_jpg.rf.bb7f66f7b91d78ebf1dfb74cd627beae.jpg,WSSV_BG,2,low_energy_share,-0.0007030402708485539,-0.0004942808291678036,-5.9767870361326914e-05
WSSV_BG-33-img-2_jpg.rf.bb7f66f7b91d78ebf1dfb74cd627beae.jpg,WSSV_BG,2,mid_energy_share,0.0004368173993831996,0.0004268599379145615,2.125216421474535e-05
WSSV_BG-33-img-2_jpg.rf.bb7f66f7b91d78ebf1dfb74cd627beae.jpg,WSSV_BG,2,high_energy_share,0.0002659628152214626,6.754804261123031e-05,3.840842421830098e-05
WSSV_BG-33-img-2_jpg.rf.bb7f66f7b91d78ebf1dfb74cd627beae.jpg,WSSV_BG,2,clipping_fraction,0.0001253255208333333,0.00041422526041665075,0.00034993489583334814
WSSV_BG-33-img-2_jpg.rf.bb7f66f7b91d78ebf1dfb74cd627beae.jpg,WSSV_BG,2,laplacian_variance,0.0006733604241162539,0.0001558260410092771,2.498977119103074e-05
WSSV_BG-33-img-2_jpg.rf.bb7f66f7b91d78ebf1dfb74cd627beae.jpg,WSSV_BG,2,gradient_mean,0.008510887622833252,0.006127491593360901,0.0009621903300285339
WSSV_BG-33-img-2_jpg.rf.bb7f66f7b91d78ebf1dfb74cd627beae.jpg,WSSV_BG,2,lesion_gradient_mean,0.012459352612495422,0.009062983095645905,1.6041100025177002e-05
WSSV_BG-33-img-2_jpg.rf.bb7f66f7b91d78ebf1dfb74cd627beae.jpg,WSSV_BG,2,background_gradient_mean,0.008439525961875916,0.006016328930854797,0.0009980425238609314
WSSV_BG-33-img-2_jpg.rf.bb7f66f7b91d78ebf1dfb74cd627beae.jpg,WSSV_BG,3,low_energy_share,-0.0007030402708485539,-0.0008798483750230846,-0.0002773704952884204
WSSV_BG-33-img-2_jpg.rf.bb7f66f7b91d78ebf1dfb74cd627beae.jpg,WSSV_BG,3,mid_energy_share,0.0004368173993831996,0.0007412892932565727,0.00016017632570835237
WSSV_BG-33-img-2_jpg.rf.bb7f66f7b91d78ebf1dfb74cd627beae.jpg,WSSV_BG,3,high_energy_share,0.0002659628152214626,0.00013863601694734167,0.00011723259899209886
WSSV_BG-33-img-2_jpg.rf.bb7f66f7b91d78ebf1dfb74cd627beae.jpg,WSSV_BG,3,clipping_fraction,0.0001253255208333333,0.003798014322916682,0.0031046549479166463
WSSV_BG-33-img-2_jpg.rf.bb7f66f7b91d78ebf1dfb74cd627beae.jpg,WSSV_BG,3,laplacian_variance,0.0006733604241162539,6.320263491943479e-05,3.6214711144566536e-05
WSSV_BG-33-img-2_jpg.rf.bb7f66f7b91d78ebf1dfb74cd627beae.jpg,WSSV_BG,3,gradient_mean,0.008510887622833252,0.0036986246705055237,0.0023226849734783173
WSSV_BG-33-img-2_jpg.rf.bb7f66f7b91d78ebf1dfb74cd627beae.jpg,WSSV_BG,3,lesion_gradient_mean,0.012459352612495422,0.005867466330528259,0.00177735835313797
WSSV_BG-33-img-2_jpg.rf.bb7f66f7b91d78ebf1dfb74cd627beae.jpg,WSSV_BG,3,background_gradient_mean,0.008439525961875916,0.003618478775024414,0.0023428499698638916
WSSV_BG-33-img-2_jpg.rf.bb7f66f7b91d78ebf1dfb74cd627beae.jpg,WSSV_BG,4,low_energy_share,-0.0007030402708485539,-0.00029508784308784897,-3.3874773170183836e-05
WSSV_BG-33-img-2_jpg.rf.bb7f66f7b91d78ebf1dfb74cd627beae.jpg,WSSV_BG,4,mid_energy_share,0.0004368173993831996,0.000245358379955585,1.5189722303130156e-05
WSSV_BG-33-img-2_jpg.rf.bb7f66f7b91d78ebf1dfb74cd627beae.jpg,WSSV_BG,4,high_energy_share,0.0002659628152214626,4.9582721309745874e-05,1.8788505949763148e-05
WSSV_BG-33-img-2_jpg.rf.bb7f66f7b91d78ebf1dfb74cd627beae.jpg,WSSV_BG,4,clipping_fraction,0.0001253255208333333,-0.002098795572916659,0.002132161458333323
WSSV_BG-33-img-2_jpg.rf.bb7f66f7b91d78ebf1dfb74cd627beae.jpg,WSSV_BG,4,laplacian_variance,0.0006733604241162539,0.00029781588818877935,3.0425842851400375e-05
WSSV_BG-33-img-2_jpg.rf.bb7f66f7b91d78ebf1dfb74cd627beae.jpg,WSSV_BG,4,gradient_mean,0.008510887622833252,0.007939554750919342,0.00038567185401916504
WSSV_BG-33-img-2_jpg.rf.bb7f66f7b91d78ebf1dfb74cd627beae.jpg,WSSV_BG,4,lesion_gradient_mean,0.012459352612495422,0.01197737455368042,-0.0010273903608322144
WSSV_BG-33-img-2_jpg.rf.bb7f66f7b91d78ebf1dfb74cd627beae.jpg,WSSV_BG,4,background_gradient_mean,0.008439525961875916,0.007818296551704407,0.0004281178116798401
WSSV_BG-33-img-2_jpg.rf.bb7f66f7b91d78ebf1dfb74cd627beae.jpg,WSSV_BG,5,low_energy_share,-0.0007030402708485539,-0.0004690148693458074,-0.00014388807733467512
WSSV_BG-33-img-2_jpg.rf.bb7f66f7b91d78ebf1dfb74cd627beae.jpg,WSSV_BG,5,mid_energy_share,0.0004368173993831996,0.000404857576762186,7.762188086071677e-05
WSSV_BG-33-img-2_jpg.rf.bb7f66f7b91d78ebf1dfb74cd627beae.jpg,WSSV_BG,5,high_energy_share,0.0002659628152214626,6.392526900390351e-05,6.647415049073073e-05
WSSV_BG-33-img-2_jpg.rf.bb7f66f7b91d78ebf1dfb74cd627beae.jpg,WSSV_BG,5,clipping_fraction,0.0001253255208333333,0.00811767578125,0.0033365885416666644
WSSV_BG-33-img-2_jpg.rf.bb7f66f7b91d78ebf1dfb74cd627beae.jpg,WSSV_BG,5,laplacian_variance,0.0006733604241162539,8.279591565951705e-05,4.430377157405019e-05
WSSV_BG-33-img-2_jpg.rf.bb7f66f7b91d78ebf1dfb74cd627beae.jpg,WSSV_BG,5,gradient_mean,0.008510887622833252,0.0048265159130096436,0.0024293139576911926
WSSV_BG-33-img-2_jpg.rf.bb7f66f7b91d78ebf1dfb74cd627beae.jpg,WSSV_BG,5,lesion_gradient_mean,0.012459352612495422,0.006191618740558624,0.0017045959830284119
WSSV_BG-33-img-2_jpg.rf.bb7f66f7b91d78ebf1dfb74cd627beae.jpg,WSSV_BG,5,background_gradient_mean,0.008439525961875916,0.004773125052452087,0.0024576708674430847
WSSV_BG-33-img-2_jpg.rf.bb7f66f7b91d78ebf1dfb74cd627beae.jpg,WSSV_BG,6,low_energy_share,-0.0007030402708485539,-0.0003622759045313062,-0.00016750398331499827
WSSV_BG-33-img-2_jpg.rf.bb7f66f7b91d78ebf1dfb74cd627beae.jpg,WSSV_BG,6,mid_energy_share,0.0004368173993831996,0.00025056519736720777,0.00011684928613821428
WSSV_BG-33-img-2_jpg.rf.bb7f66f7b91d78ebf1dfb74cd627beae.jpg,WSSV_BG,6,high_energy_share,0.0002659628152214626,0.0001112523651754238,5.0757902507690016e-05
WSSV_BG-33-img-2_jpg.rf.bb7f66f7b91d78ebf1dfb74cd627beae.jpg,WSSV_BG,6,clipping_fraction,0.0001253255208333333,0.005372721354166665,0.001803385416666664
WSSV_BG-33-img-2_jpg.rf.bb7f66f7b91d78ebf1dfb74cd627beae.jpg,WSSV_BG,6,laplacian_variance,0.0006733604241162539,0.00015694077592343092,6.511458195745945e-05
WSSV_BG-33-img-2_jpg.rf.bb7f66f7b91d78ebf1dfb74cd627beae.jpg,WSSV_BG,6,gradient_mean,0.008510887622833252,0.003452237695455551,0.0025735683739185333
WSSV_BG-33-img-2_jpg.rf.bb7f66f7b91d78ebf1dfb74cd627beae.jpg,WSSV_BG,6,lesion_gradient_mean,0.012459352612495422,0.008299380540847778,0.0015842914581298828
WSSV_BG-33-img-2_jpg.rf.bb7f66f7b91d78ebf1dfb74cd627beae.jpg,WSSV_BG,6,background_gradient_mean,0.008439525961875916,0.0033884309232234955,0.0025865882635116577
WSSV_BG-33-img-2_jpg.rf.bb7f66f7b91d78ebf1dfb74cd627beae.jpg,WSSV_BG,7,low_energy_share,-0.0007030402708485539,-0.0003883007203631106,-9.46342917221843e-05
WSSV_BG-33-img-2_jpg.rf.bb7f66f7b91d78ebf1dfb74cd627beae.jpg,WSSV_BG,7,mid_energy_share,0.0004368173993831996,0.0002971417628306692,5.915785701334549e-05
WSSV_BG-33-img-2_jpg.rf.bb7f66f7b91d78ebf1dfb74cd627beae.jpg,WSSV_BG,7,high_energy_share,0.0002659628152214626,9.121615009790511e-05,3.550300972369699e-05
WSSV_BG-33-img-2_jpg.rf.bb7f66f7b91d78ebf1dfb74cd627beae.jpg,WSSV_BG,7,clipping_fraction,0.0001253255208333333,0.000244140625,0.0001578776041666896
WSSV_BG-33-img-2_jpg.rf.bb7f66f7b91d78ebf1dfb74cd627beae.jpg,WSSV_BG,7,laplacian_variance,0.0006733604241162539,0.0002035906072705984,2.7683214284479618e-05
WSSV_BG-33-img-2_jpg.rf.bb7f66f7b91d78ebf1dfb74cd627beae.jpg,WSSV_BG,7,gradient_mean,0.008510887622833252,0.004695147275924683,0.001594405621290207
WSSV_BG-33-img-2_jpg.rf.bb7f66f7b91d78ebf1dfb74cd627beae.jpg,WSSV_BG,7,lesion_gradient_mean,0.012459352612495422,0.010082662105560303,0.0006054043769836426
WSSV_BG-33-img-2_jpg.rf.bb7f66f7b91d78ebf1dfb74cd627beae.jpg,WSSV_BG,7,background_gradient_mean,0.008439525961875916,0.004594918340444565,0.0016128197312355042
WSSV_BG-33-img-2_jpg.rf.bb7f66f7b91d78ebf1dfb74cd627beae.jpg,WSSV_BG,8,low_energy_share,-0.0007030402708485539,-0.0002594064147730668,-3.231253315472138e-05
WSSV_BG-33-img-2_jpg.rf.bb7f66f7b91d78ebf1dfb74cd627beae.jpg,WSSV_BG,8,mid_energy_share,0.0004368173993831996,0.0001918037999375144,2.7290968940883818e-05
WSSV_BG-33-img-2_jpg.rf.bb7f66f7b91d78ebf1dfb74cd627beae.jpg,WSSV_BG,8,high_energy_share,0.0002659628152214626,6.764011513005018e-05,4.78438491457382e-06
WSSV_BG-33-img-2_jpg.rf.bb7f66f7b91d78ebf1dfb74cd627beae.jpg,WSSV_BG,8,clipping_fraction,0.0001253255208333333,-0.000620117187500005,0.0007006835937500011
WSSV_BG-33-img-2_jpg.rf.bb7f66f7b91d78ebf1dfb74cd627beae.jpg,WSSV_BG,8,laplacian_variance,0.0006733604241162539,0.00042966403998434544,3.0738767236471176e-05
WSSV_BG-33-img-2_jpg.rf.bb7f66f7b91d78ebf1dfb74cd627beae.jpg,WSSV_BG,8,gradient_mean,0.008510887622833252,0.0056983307003974915,0.0011051222681999207
WSSV_BG-33-img-2_jpg.rf.bb7f66f7b91d78ebf1dfb74cd627beae.jpg,WSSV_BG,8,lesion_gradient_mean,0.012459352612495422,0.013670846819877625,0.0008302628993988037
WSSV_BG-33-img-2_jpg.rf.bb7f66f7b91d78ebf1dfb74cd627beae.jpg,WSSV_BG,8,background_gradient_mean,0.008439525961875916,0.005589287728071213,0.0011089146137237549
WSSV_BG-33-img-2_jpg.rf.bb7f66f7b91d78ebf1dfb74cd627beae.jpg,WSSV_BG,9,low_energy_share,-0.0007030402708485539,-0.00028691950778969577,-9.300849286530966e-05
WSSV_BG-33-img-2_jpg.rf.bb7f66f7b91d78ebf1dfb74cd627beae.jpg,WSSV_BG,9,mid_energy_share,0.0004368173993831996,0.0002481630921533724,4.8958311372303146e-05
WSSV_BG-33-img-2_jpg.rf.bb7f66f7b91d78ebf1dfb74cd627beae.jpg,WSSV_BG,9,high_energy_share,0.0002659628152214626,3.920950950109535e-05,4.393156294475839e-05
WSSV_BG-33-img-2_jpg.rf.bb7f66f7b91d78ebf1dfb74cd627beae.jpg,WSSV_BG,9,clipping_fraction,0.0001253255208333333,0.0,0.0
WSSV_BG-33-img-2_jpg.rf.bb7f66f7b91d78ebf1dfb74cd627beae.jpg,WSSV_BG,9,laplacian_variance,0.0006733604241162539,8.839636575430632e-05,5.484279245138168e-05
WSSV_BG-33-img-2_jpg.rf.bb7f66f7b91d78ebf1dfb74cd627beae.jpg,WSSV_BG,9,gradient_mean,0.008510887622833252,0.005019634962081909,0.0029803551733493805
WSSV_BG-33-img-2_jpg.rf.bb7f66f7b91d78ebf1dfb74cd627beae.jpg,WSSV_BG,9,lesion_gradient_mean,0.012459352612495422,0.006514415144920349,0.0016196072101593018
WSSV_BG-33-img-2_jpg.rf.bb7f66f7b91d78ebf1dfb74cd627beae.jpg,WSSV_BG,9,background_gradient_mean,0.008439525961875916,0.0049665942788124084,0.0030286386609077454
WSSV_BG-33-img-2_jpg.rf.bb7f66f7b91d78ebf1dfb74cd627beae.jpg,WSSV_BG,10,low_energy_share,-0.0007030402708485539,-0.00012536259017226214,-5.948299382907418e-05
WSSV_BG-33-img-2_jpg.rf.bb7f66f7b91d78ebf1dfb74cd627beae.jpg,WSSV_BG,10,mid_energy_share,0.0004368173993831996,7.366224592991223e-05,5.370796063292873e-05
WSSV_BG-33-img-2_jpg.rf.bb7f66f7b91d78ebf1dfb74cd627beae.jpg,WSSV_BG,10,high_energy_share,0.0002659628152214626,5.20364405008258e-05,5.590152828834419e-06
WSSV_BG-33-img-2_jpg.rf.bb7f66f7b91d78ebf1dfb74cd627beae.jpg,WSSV_BG,10,clipping_fraction,0.0001253255208333333,-0.0003043619791666674,0.00035644531250000194
WSSV_BG-33-img-2_jpg.rf.bb7f66f7b91d78ebf1dfb74cd627beae.jpg,WSSV_BG,10,laplacian_variance,0.0006733604241162539,0.0004035120364278555,5.630659870803356e-05
WSSV_BG-33-img-2_jpg.rf.bb7f66f7b91d78ebf1dfb74cd627beae.jpg,WSSV_BG,10,gradient_mean,0.008510887622833252,0.0021310411393642426,0.0014681406319141388
WSSV_BG-33-img-2_jpg.rf.bb7f66f7b91d78ebf1dfb74cd627beae.jpg,WSSV_BG,10,lesion_gradient_mean,0.012459352612495422,0.013728111982345581,0.0060499608516693115
WSSV_BG-33-img-2_jpg.rf.bb7f66f7b91d78ebf1dfb74cd627beae.jpg,WSSV_BG,10,background_gradient_mean,0.008439525961875916,0.002063661813735962,0.0014415234327316284
WSSV_BG-33-img-2_jpg.rf.bb7f66f7b91d78ebf1dfb74cd627beae.jpg,WSSV_BG,11,low_energy_share,-0.0007030402708485539,-0.00036418593321552173,-4.6066097656449756e-05
WSSV_BG-33-img-2_jpg.rf.bb7f66f7b91d78ebf1dfb74cd627beae.jpg,WSSV_BG,11,mid_energy_share,0.0004368173993831996,0.00031795753257529637,1.59992000363751e-05
WSSV_BG-33-img-2_jpg.rf.bb7f66f7b91d78ebf1dfb74cd627beae.jpg,WSSV_BG,11,high_energy_share,0.0002659628152214626,4.63426962575431e-05,2.9869345056112123e-05
WSSV_BG-33-img-2_jpg.rf.bb7f66f7b91d78ebf1dfb74cd627beae.jpg,WSSV_BG,11,clipping_fraction,0.0001253255208333333,0.0005354817708333459,0.0002319335937500111
WSSV_BG-33-img-2_jpg.rf.bb7f66f7b91d78ebf1dfb74cd627beae.jpg,WSSV_BG,11,laplacian_variance,0.0006733604241162539,0.00019733456429094076,1.5356927178800106e-05
WSSV_BG-33-img-2_jpg.rf.bb7f66f7b91d78ebf1dfb74cd627beae.jpg,WSSV_BG,11,gradient_mean,0.008510887622833252,0.007305532693862915,-7.689744234085083e-05
WSSV_BG-33-img-2_jpg.rf.bb7f66f7b91d78ebf1dfb74cd627beae.jpg,WSSV_BG,11,lesion_gradient_mean,0.012459352612495422,0.010265305638313293,-0.0006420165300369263
WSSV_BG-33-img-2_jpg.rf.bb7f66f7b91d78ebf1dfb74cd627beae.jpg,WSSV_BG,11,background_gradient_mean,0.008439525961875916,0.007182970643043518,-5.348771810531616e-05
WSSV_BG-37-img-3_jpg.rf.a8f25c6708ad231f5834feaf7266b498.jpg,WSSV_BG,0,low_energy_share,-0.0005897374500553054,-0.00017264951561313246,-5.071666588518653e-05
WSSV_BG-37-img-3_jpg.rf.a8f25c6708ad231f5834feaf7266b498.jpg,WSSV_BG,0,mid_energy_share,0.00037783336827842246,0.00012151024217133639,4.546055966825205e-05
WSSV_BG-37-img-3_jpg.rf.a8f25c6708ad231f5834feaf7266b498.jpg,WSSV_BG,0,high_energy_share,0.00021199785746439713,5.1138901622535256e-05,5.448019842101072e-06
WSSV_BG-37-img-3_jpg.rf.a8f25c6708ad231f5834feaf7266b498.jpg,WSSV_BG,0,clipping_fraction,0.00011637369791666667,-0.00027913411458332926,0.0005265299479166596
WSSV_BG-37-img-3_jpg.rf.a8f25c6708ad231f5834feaf7266b498.jpg,WSSV_BG,0,laplacian_variance,0.0005896333605051041,0.0003967694938182831,5.193985998630524e-05
WSSV_BG-37-img-3_jpg.rf.a8f25c6708ad231f5834feaf7266b498.jpg,WSSV_BG,0,gradient_mean,0.00825565680861473,0.003598228096961975,0.0017725341022014618
WSSV_BG-37-img-3_jpg.rf.a8f25c6708ad231f5834feaf7266b498.jpg,WSSV_BG,0,lesion_gradient_mean,0.010274946689605713,0.010544687509536743,0.0021475404500961304
WSSV_BG-37-img-3_jpg.rf.a8f25c6708ad231f5834feaf7266b498.jpg,WSSV_BG,0,background_gradient_mean,0.008229348808526993,0.0035473033785820007,0.0017697773873806
WSSV_BG-37-img-3_jpg.rf.a8f25c6708ad231f5834feaf7266b498.jpg,WSSV_BG,1,low_energy_share,-0.0005897374500553054,-0.00021087005933251302,-4.354000966910743e-05
WSSV_BG-37-img-3_jpg.rf.a8f25c6708ad231f5834feaf7266b498.jpg,WSSV_BG,1,mid_energy_share,0.00037783336827842246,0.0001550180047171976,3.505235244268142e-05
WSSV_BG-37-img-3_jpg.rf.a8f25c6708ad231f5834feaf7266b498.jpg,WSSV_BG,1,high_energy_share,0.00021199785746439713,5.5310218637978745e-05,8.52954548973819e-06
WSSV_BG-37-img-3_jpg.rf.a8f25c6708ad231f5834feaf7266b498.jpg,WSSV_BG,1,clipping_fraction,0.00011637369791666667,0.0,1.6276041666666668e-06
WSSV_BG-37-img-3_jpg.rf.a8f25c6708ad231f5834feaf7266b498.jpg,WSSV_BG,1,laplacian_variance,0.0005896333605051041,0.0002926939632743597,4.83035109937191e-05
WSSV_BG-37-img-3_jpg.rf.a8f25c6708ad231f5834feaf7266b498.jpg,WSSV_BG,1,gradient_mean,0.00825565680861473,0.004565820097923279,0.001614358276128769
WSSV_BG-37-img-3_jpg.rf.a8f25c6708ad231f5834feaf7266b498.jpg,WSSV_BG,1,lesion_gradient_mean,0.010274946689605713,0.008624672889709473,0.0015262067317962646
WSSV_BG-37-img-3_jpg.rf.a8f25c6708ad231f5834feaf7266b498.jpg,WSSV_BG,1,background_gradient_mean,0.008229348808526993,0.004530925303697586,0.0016151070594787598
WSSV_BG-37-img-3_jpg.rf.a8f25c6708ad231f5834feaf7266b498.jpg,WSSV_BG,2,low_energy_share,-0.0005897374500553054,-0.0002763347221685919,-6.1228040935112915e-06
WSSV_BG-37-img-3_jpg.rf.a8f25c6708ad231f5834feaf7266b498.jpg,WSSV_BG,2,mid_energy_share,0.00037783336827842246,0.00024274052656705143,-1.125963861369015e-06
WSSV_BG-37-img-3_jpg.rf.a8f25c6708ad231f5834feaf7266b498.jpg,WSSV_BG,2,high_energy_share,0.00021199785746439713,3.319258386436555e-05,7.317544421254644e-06
WSSV_BG-37-img-3_jpg.rf.a8f25c6708ad231f5834feaf7266b498.jpg,WSSV_BG,2,clipping_fraction,0.00011637369791666667,-0.0003361002604166663,0.000545247395833337
WSSV_BG-37-img-3_jpg.rf.a8f25c6708ad231f5834feaf7266b498.jpg,WSSV_BG,2,laplacian_variance,0.0005896333605051041,0.0003501633182168007,3.48920002579689e-05
WSSV_BG-37-img-3_jpg.rf.a8f25c6708ad231f5834feaf7266b498.jpg,WSSV_BG,2,gradient_mean,0.00825565680861473,0.007593855261802673,0.0007144734263420105
WSSV_BG-37-img-3_jpg.rf.a8f25c6708ad231f5834feaf7266b498.jpg,WSSV_BG,2,lesion_gradient_mean,0.010274946689605713,0.010722756385803223,-0.0008424222469329834
WSSV_BG-37-img-3_jpg.rf.a8f25c6708ad231f5834feaf7266b498.jpg,WSSV_BG,2,background_gradient_mean,0.008229348808526993,0.00752606987953186,0.0007481947541236877
WSSV_BG-37-img-3_jpg.rf.a8f25c6708ad231f5834feaf7266b498.jpg,WSSV_BG,3,low_energy_share,-0.0005897374500553054,-0.0005099596802425888,-9.720868235474356e-06
WSSV_BG-37-img-3_jpg.rf.a8f25c6708ad231f5834feaf7266b498.jpg,WSSV_BG,3,mid_energy_share,0.00037783336827842246,0.00043606870463435777,-8.80368853304822e-06
WSSV_BG-37-img-3_jpg.rf.a8f25c6708ad231f5834feaf7266b498.jpg,WSSV_BG,3,high_energy_share,0.00021199785746439713,7.383615400104648e-05,1.8611826187572107e-05
WSSV_BG-37-img-3_jpg.rf.a8f25c6708ad231f5834feaf7266b498.jpg,WSSV_BG,3,clipping_fraction,0.00011637369791666667,-0.0005794270833333337,0.0007812499999999833
WSSV_BG-37-img-3_jpg.rf.a8f25c6708ad231f5834feaf7266b498.jpg,WSSV_BG,3,laplacian_variance,0.0005896333605051041,0.0002884021960198879,4.29799547418952e-05
WSSV_BG-37-img-3_jpg.rf.a8f25c6708ad231f5834feaf7266b498.jpg,WSSV_BG,3,gradient_mean,0.00825565680861473,0.008009858429431915,0.0007278472185134888
WSSV_BG-37-img-3_jpg.rf.a8f25c6708ad231f5834feaf7266b498.jpg,WSSV_BG,3,lesion_gradient_mean,0.010274946689605713,0.010750889778137207,-0.000979304313659668
WSSV_BG-37-img-3_jpg.rf.a8f25c6708ad231f5834feaf7266b498.jpg,WSSV_BG,3,background_gradient_mean,0.008229348808526993,0.007942229509353638,0.0007699579000473022
WSSV_BG-37-img-3_jpg.rf.a8f25c6708ad231f5834feaf7266b498.jpg,WSSV_BG,4,low_energy_share,-0.0005897374500553054,-0.00011542096848005112,-0.00010301366379317223
WSSV_BG-37-img-3_jpg.rf.a8f25c6708ad231f5834feaf7266b498.jpg,WSSV_BG,4,mid_energy_share,0.00037783336827842246,6.521868302499531e-05,8.126184441963546e-05
WSSV_BG-37-img-3_jpg.rf.a8f25c6708ad231f5834feaf7266b498.jpg,WSSV_BG,4,high_energy_share,0.00021199785746439713,5.016066564656721e-05,2.1628674909444456e-05
WSSV_BG-37-img-3_jpg.rf.a8f25c6708ad231f5834feaf7266b498.jpg,WSSV_BG,4,clipping_fraction,0.00011637369791666667,-0.0004500325520833334,0.0006217447916666702
WSSV_BG-37-img-3_jpg.rf.a8f25c6708ad231f5834feaf7266b498.jpg,WSSV_BG,4,laplacian_variance,0.0005896333605051041,0.00032353121787309647,0.00011928076855838299
WSSV_BG-37-img-3_jpg.rf.a8f25c6708ad231f5834feaf7266b498.jpg,WSSV_BG,4,gradient_mean,0.00825565680861473,0.0022496432065963745,0.0015092231333255768
WSSV_BG-37-img-3_jpg.rf.a8f25c6708ad231f5834feaf7266b498.jpg,WSSV_BG,4,lesion_gradient_mean,0.010274946689605713,0.010262057185173035,0.003919750452041626
WSSV_BG-37-img-3_jpg.rf.a8f25c6708ad231f5834feaf7266b498.jpg,WSSV_BG,4,background_gradient_mean,0.008229348808526993,0.002215120941400528,0.001498837023973465
WSSV_BG-37-img-3_jpg.rf.a8f25c6708ad231f5834feaf7266b498.jpg,WSSV_BG,5,low_energy_share,-0.0005897374500553054,-0.0005288816437190036,-0.00019462410286241738
WSSV_BG-37-img-3_jpg.rf.a8f25c6708ad231f5834feaf7266b498.jpg,WSSV_BG,5,mid_energy_share,0.00037783336827842246,0.00042574104300752754,0.0001318572026817173
WSSV_BG-37-img-3_jpg.rf.a8f25c6708ad231f5834feaf7266b498.jpg,WSSV_BG,5,high_energy_share,0.00021199785746439713,0.00010315704845327068,6.271858277857726e-05
WSSV_BG-37-img-3_jpg.rf.a8f25c6708ad231f5834feaf7266b498.jpg,WSSV_BG,5,clipping_fraction,0.00011637369791666667,0.00036132812500000444,0.0004557291666666685
WSSV_BG-37-img-3_jpg.rf.a8f25c6708ad231f5834feaf7266b498.jpg,WSSV_BG,5,laplacian_variance,0.0005896333605051041,0.0001903384691104293,3.6553479731082916e-05
WSSV_BG-37-img-3_jpg.rf.a8f25c6708ad231f5834feaf7266b498.jpg,WSSV_BG,5,gradient_mean,0.00825565680861473,0.005066767334938049,0.0015684328973293304
WSSV_BG-37-img-3_jpg.rf.a8f25c6708ad231f5834feaf7266b498.jpg,WSSV_BG,5,lesion_gradient_mean,0.010274946689605713,0.008894339203834534,0.00022329390048980713
WSSV_BG-37-img-3_jpg.rf.a8f25c6708ad231f5834feaf7266b498.jpg,WSSV_BG,5,background_gradient_mean,0.008229348808526993,0.0050036609172821045,0.001590590924024582
WSSV_BG-37-img-3_jpg.rf.a8f25c6708ad231f5834feaf7266b498.jpg,WSSV_BG,6,low_energy_share,-0.0005897374500553054,-0.00030228290035860805,-1.6513707104759412e-05
WSSV_BG-37-img-3_jpg.rf.a8f25c6708ad231f5834feaf7266b498.jpg,WSSV_BG,6,mid_energy_share,0.00037783336827842246,0.00025791698724975825,3.35276540002101e-06
WSSV_BG-37-img-3_jpg.rf.a8f25c6708ad231f5834feaf7266b498.jpg,WSSV_BG,6,high_energy_share,0.00021199785746439713,4.414359619662889e-05,1.3106983693220772e-05
WSSV_BG-37-img-3_jpg.rf.a8f25c6708ad231f5834feaf7266b498.jpg,WSSV_BG,6,clipping_fraction,0.00011637369791666667,-0.002480468750000006,0.0025472005208333343
WSSV_BG-37-img-3_jpg.rf.a8f25c6708ad231f5834feaf7266b498.jpg,WSSV_BG,6,laplacian_variance,0.0005896333605051041,0.0002950133057311177,4.1813007555902004e-05
WSSV_BG-37-img-3_jpg.rf.a8f25c6708ad231f5834feaf7266b498.jpg,WSSV_BG,6,gradient_mean,0.00825565680861473,0.007366515696048737,0.0011283010244369507
WSSV_BG-37-img-3_jpg.rf.a8f25c6708ad231f5834feaf7266b498.jpg,WSSV_BG,6,lesion_gradient_mean,0.010274946689605713,0.009797409176826477,-0.00035719573497772217
WSSV_BG-37-img-3_jpg.rf.a8f25c6708ad231f5834feaf7266b498.jpg,WSSV_BG,6,background_gradient_mean,0.008229348808526993,0.007321067154407501,0.0011560767889022827
WSSV_BG-37-img-3_jpg.rf.a8f25c6708ad231f5834feaf7266b498.jpg,WSSV_BG,7,low_energy_share,-0.0005897374500553054,-0.0003392892958669069,-0.0002838349026678122
WSSV_BG-37-img-3_jpg.rf.a8f25c6708ad231f5834feaf7266b498.jpg,WSSV_BG,7,mid_energy_share,0.00037783336827842246,0.00024193193486715236,0.00020020496832375
WSSV_BG-37-img-3_jpg.rf.a8f25c6708ad231f5834feaf7266b498.jpg,WSSV_BG,7,high_energy_share,0.00021199785746439713,9.650764505280123e-05,8.433163326264153e-05
WSSV_BG-37-img-3_jpg.rf.a8f25c6708ad231f5834feaf7266b498.jpg,WSSV_BG,7,clipping_fraction,0.00011637369791666667,0.00019694010416665408,0.0007014973958333337
WSSV_BG-37-img-3_jpg.rf.a8f25c6708ad231f5834feaf7266b498.jpg,WSSV_BG,7,laplacian_variance,0.0005896333605051041,0.00012370938202366233,5.302502540871501e-05
WSSV_BG-37-img-3_jpg.rf.a8f25c6708ad231f5834feaf7266b498.jpg,WSSV_BG,7,gradient_mean,0.00825565680861473,0.0027013644576072693,0.0017983317375183105
WSSV_BG-37-img-3_jpg.rf.a8f25c6708ad231f5834feaf7266b498.jpg,WSSV_BG,7,lesion_gradient_mean,0.010274946689605713,0.006606265902519226,0.0019372254610061646
WSSV_BG-37-img-3_jpg.rf.a8f25c6708ad231f5834feaf7266b498.jpg,WSSV_BG,7,background_gradient_mean,0.008229348808526993,0.0026609376072883606,0.0017968900501728058
WSSV_BG-37-img-3_jpg.rf.a8f25c6708ad231f5834feaf7266b498.jpg,WSSV_BG,8,low_energy_share,-0.0005897374500553054,-0.00010197378794163381,-5.399907574288321e-05
WSSV_BG-37-img-3_jpg.rf.a8f25c6708ad231f5834feaf7266b498.jpg,WSSV_BG,8,mid_energy_share,0.00037783336827842246,5.520417075545827e-05,4.5269379871816745e-05
WSSV_BG-37-img-3_jpg.rf.a8f25c6708ad231f5834feaf7266b498.jpg,WSSV_BG,8,high_energy_share,0.00021199785746439713,4.691610511031841e-05,8.585418806734382e-06
WSSV_BG-37-img-3_jpg.rf.a8f25c6708ad231f5834feaf7266b498.jpg,WSSV_BG,8,clipping_fraction,0.00011637369791666667,7.080078124999112e-05,0.0002319335937500111
WSSV_BG-37-img-3_jpg.rf.a8f25c6708ad231f5834feaf7266b498.jpg,WSSV_BG,8,laplacian_variance,0.0005896333605051041,0.0001105631235986948,2.1594110876321793e-05
WSSV_BG-37-img-3_jpg.rf.a8f25c6708ad231f5834feaf7266b498.jpg,WSSV_BG,8,gradient_mean,0.00825565680861473,0.001065107062458992,0.0009735114872455597
WSSV_BG-37-img-3_jpg.rf.a8f25c6708ad231f5834feaf7266b498.jpg,WSSV_BG,8,lesion_gradient_mean,0.010274946689605713,0.005520731210708618,0.003521844744682312
WSSV_BG-37-img-3_jpg.rf.a8f25c6708ad231f5834feaf7266b498.jpg,WSSV_BG,8,background_gradient_mean,0.008229348808526993,0.0010485947132110596,0.0009640716016292572
WSSV_BG-37-img-3_jpg.rf.a8f25c6708ad231f5834feaf7266b498.jpg,WSSV_BG,9,low_energy_share,-0.0005897374500553054,-0.00016173391597040787,-5.494071706957371e-05
WSSV_BG-37-img-3_jpg.rf.a8f25c6708ad231f5834feaf7266b498.jpg,WSSV_BG,9,mid_energy_share,0.00037783336827842246,0.00010427740739497946,4.631484511049796e-05
WSSV_BG-37-img-3_jpg.rf.a8f25c6708ad231f5834feaf7266b498.jpg,WSSV_BG,9,high_energy_share,0.00021199785746439713,5.750763497278501e-05,8.509544980843137e-06
WSSV_BG-37-img-3_jpg.rf.a8f25c6708ad231f5834feaf7266b498.jpg,WSSV_BG,9,clipping_fraction,0.00011637369791666667,-0.0006526692708333365,0.0008837890625000011
WSSV_BG-37-img-3_jpg.rf.a8f25c6708ad231f5834feaf7266b498.jpg,WSSV_BG,9,laplacian_variance,0.0005896333605051041,0.0003771263873204589,5.3021591156721115e-05
WSSV_BG-37-img-3_jpg.rf.a8f25c6708ad231f5834feaf7266b498.jpg,WSSV_BG,9,gradient_mean,0.00825565680861473,0.003429647535085678,0.001281503587961197
WSSV_BG-37-img-3_jpg.rf.a8f25c6708ad231f5834feaf7266b498.jpg,WSSV_BG,9,lesion_gradient_mean,0.010274946689605713,0.01107838749885559,0.002259671688079834
WSSV_BG-37-img-3_jpg.rf.a8f25c6708ad231f5834feaf7266b498.jpg,WSSV_BG,9,background_gradient_mean,0.008229348808526993,0.0033808350563049316,0.0012752562761306763
WSSV_BG-37-img-3_jpg.rf.a8f25c6708ad231f5834feaf7266b498.jpg,WSSV_BG,10,low_energy_share,-0.0005897374500553054,-0.0008268728293490124,-3.8311496439624726e-05
WSSV_BG-37-img-3_jpg.rf.a8f25c6708ad231f5834feaf7266b498.jpg,WSSV_BG,10,mid_energy_share,0.00037783336827842246,0.0007122569193245415,9.32085804964105e-06
WSSV_BG-37-img-3_jpg.rf.a8f25c6708ad231f5834feaf7266b498.jpg,WSSV_BG,10,high_energy_share,0.00021199785746439713,0.0001148042142387894,2.90355937207766e-05
WSSV_BG-37-img-3_jpg.rf.a8f25c6708ad231f5834feaf7266b498.jpg,WSSV_BG,10,clipping_fraction,0.00011637369791666667,-0.0025472005208332926,0.003373209635416652
WSSV_BG-37-img-3_jpg.rf.a8f25c6708ad231f5834feaf7266b498.jpg,WSSV_BG,10,laplacian_variance,0.0005896333605051041,0.0001871068379841745,8.176546543836594e-06
WSSV_BG-37-img-3_jpg.rf.a8f25c6708ad231f5834feaf7266b498.jpg,WSSV_BG,10,gradient_mean,0.00825565680861473,0.005905933678150177,-6.770342588424683e-05
WSSV_BG-37-img-3_jpg.rf.a8f25c6708ad231f5834feaf7266b498.jpg,WSSV_BG,10,lesion_gradient_mean,0.010274946689605713,0.009429380297660828,-0.00047491490840911865
WSSV_BG-37-img-3_jpg.rf.a8f25c6708ad231f5834feaf7266b498.jpg,WSSV_BG,10,background_gradient_mean,0.008229348808526993,0.005809575319290161,-5.657225847244263e-05
WSSV_BG-37-img-3_jpg.rf.a8f25c6708ad231f5834feaf7266b498.jpg,WSSV_BG,11,low_energy_share,-0.0005897374500553054,-0.00017736004663215788,-8.90068626262508e-05
WSSV_BG-37-img-3_jpg.rf.a8f25c6708ad231f5834feaf7266b498.jpg,WSSV_BG,11,mid_energy_share,0.00037783336827842246,0.00011697315353042018,6.758217309028587e-05
WSSV_BG-37-img-3_jpg.rf.a8f25c6708ad231f5834feaf7266b498.jpg,WSSV_BG,11,high_energy_share,0.00021199785746439713,6.048098834373277e-05,2.1671190178661952e-05
WSSV_BG-37-img-3_jpg.rf.a8f25c6708ad231f5834feaf7266b498.jpg,WSSV_BG,11,clipping_fraction,0.00011637369791666667,0.00013020833333332593,0.0002449544270833326
WSSV_BG-37-img-3_jpg.rf.a8f25c6708ad231f5834feaf7266b498.jpg,WSSV_BG,11,laplacian_variance,0.0005896333605051041,0.00017366232350468636,5.1219481974840164e-05
WSSV_BG-37-img-3_jpg.rf.a8f25c6708ad231f5834feaf7266b498.jpg,WSSV_BG,11,gradient_mean,0.00825565680861473,0.002328071743249893,0.0014825165271759033
WSSV_BG-37-img-3_jpg.rf.a8f25c6708ad231f5834feaf7266b498.jpg,WSSV_BG,11,lesion_gradient_mean,0.010274946689605713,0.007752522826194763,0.0021631717681884766
WSSV_BG-37-img-3_jpg.rf.a8f25c6708ad231f5834feaf7266b498.jpg,WSSV_BG,11,background_gradient_mean,0.008229348808526993,0.0022911950945854187,0.0014778971672058105
WSSV_BG-4-img-2_jpg.rf.31ae5fc52e438d7b99a716254264916e.jpg,WSSV_BG,0,low_energy_share,-0.004616763408430535,-0.0011743632045980723,0.00012118472743527509
WSSV_BG-4-img-2_jpg.rf.31ae5fc52e438d7b99a716254264916e.jpg,WSSV_BG,0,mid_energy_share,0.0014404591631231624,0.0007749320910317636,-5.074035096846313e-05
WSSV_BG-4-img-2_jpg.rf.31ae5fc52e438d7b99a716254264916e.jpg,WSSV_BG,0,high_energy_share,0.0031761612664737288,0.00039940206535586426,-7.024317112132392e-05
WSSV_BG-4-img-2_jpg.rf.31ae5fc52e438d7b99a716254264916e.jpg,WSSV_BG,0,clipping_fraction,0.011316731770833331,-0.003965657552083335,0.006440429687500027
WSSV_BG-4-img-2_jpg.rf.31ae5fc52e438d7b99a716254264916e.jpg,WSSV_BG,0,laplacian_variance,0.014057695865631104,0.0021906793117523193,-0.0003374870866537094
WSSV_BG-4-img-2_jpg.rf.31ae5fc52e438d7b99a716254264916e.jpg,WSSV_BG,0,gradient_mean,0.023792684078216553,0.016598418354988098,-0.004029408097267151
WSSV_BG-4-img-2_jpg.rf.31ae5fc52e438d7b99a716254264916e.jpg,WSSV_BG,0,lesion_gradient_mean,0.01783689856529236,0.016810208559036255,-0.0003190040588378906
WSSV_BG-4-img-2_jpg.rf.31ae5fc52e438d7b99a716254264916e.jpg,WSSV_BG,0,background_gradient_mean,0.023910939693450928,0.01659315824508667,-0.004121184349060059
WSSV_BG-4-img-2_jpg.rf.31ae5fc52e438d7b99a716254264916e.jpg,WSSV_BG,1,low_energy_share,-0.004616763408430535,-0.0011573230052283057,-0.00021671961937319573
WSSV_BG-4-img-2_jpg.rf.31ae5fc52e438d7b99a716254264916e.jpg,WSSV_BG,1,mid_energy_share,0.0014404591631231624,0.0004235996782954209,0.00012449604430162138
WSSV_BG-4-img-2_jpg.rf.31ae5fc52e438d7b99a716254264916e.jpg,WSSV_BG,1,high_energy_share,0.0031761612664737288,0.0007335966785339113,9.243482077997585e-05
WSSV_BG-4-img-2_jpg.rf.31ae5fc52e438d7b99a716254264916e.jpg,WSSV_BG,1,clipping_fraction,0.011316731770833331,0.00038736979166666694,0.00047444661458333334
WSSV_BG-4-img-2_jpg.rf.31ae5fc52e438d7b99a716254264916e.jpg,WSSV_BG,1,laplacian_variance,0.014057695865631104,0.00354640930891037,0.0004596523940563202
WSSV_BG-4-img-2_jpg.rf.31ae5fc52e438d7b99a716254264916e.jpg,WSSV_BG,1,gradient_mean,0.023792684078216553,0.008631385862827301,0.0019575655460357666
WSSV_BG-4-img-2_jpg.rf.31ae5fc52e438d7b99a716254264916e.jpg,WSSV_BG,1,lesion_gradient_mean,0.01783689856529236,0.015072673559188843,0.0050103068351745605
WSSV_BG-4-img-2_jpg.rf.31ae5fc52e438d7b99a716254264916e.jpg,WSSV_BG,1,background_gradient_mean,0.023910939693450928,0.008567087352275848,0.0019270628690719604
WSSV_BG-4-img-2_jpg.rf.31ae5fc52e438d7b99a716254264916e.jpg,WSSV_BG,2,low_energy_share,-0.004616763408430535,-0.0009523473926312809,7.698770837827329e-05
WSSV_BG-4-img-2_jpg.rf.31ae5fc52e438d7b99a716254264916e.jpg,WSSV_BG,2,mid_energy_share,0.0014404591631231624,0.0007033202411557962,-6.16167950735283e-05
WSSV_BG-4-img-2_jpg.rf.31ae5fc52e438d7b99a716254264916e.jpg,WSSV_BG,2,high_energy_share,0.0031761612664737288,0.0002492424506396311,-1.5267143293729328e-05
WSSV_BG-4-img-2_jpg.rf.31ae5fc52e438d7b99a716254264916e.jpg,WSSV_BG,2,clipping_fraction,0.011316731770833331,-0.004054361979166657,0.004808756510416665
WSSV_BG-4-img-2_jpg.rf.31ae5fc52e438d7b99a716254264916e.jpg,WSSV_BG,2,laplacian_variance,0.014057695865631104,0.0023951083421707153,-0.00015805568546056747
WSSV_BG-4-img-2_jpg.rf.31ae5fc52e438d7b99a716254264916e.jpg,WSSV_BG,2,gradient_mean,0.023792684078216553,0.022799894213676453,-0.0037223398685455322
WSSV_BG-4-img-2_jpg.rf.31ae5fc52e438d7b99a716254264916e.jpg,WSSV_BG,2,lesion_gradient_mean,0.01783689856529236,0.01729336380958557,-0.0023024678230285645
WSSV_BG-4-img-2_jpg.rf.31ae5fc52e438d7b99a716254264916e.jpg,WSSV_BG,2,background_gradient_mean,0.023910939693450928,0.02301579713821411,-0.0037778615951538086
WSSV_BG-4-img-2_jpg.rf.31ae5fc52e438d7b99a716254264916e.jpg,WSSV_BG,3,low_energy_share,-0.004616763408430535,-0.0005607942026657486,-0.00011814622654526818
WSSV_BG-4-img-2_jpg.rf.31ae5fc52e438d7b99a716254264916e.jpg,WSSV_BG,3,mid_energy_share,0.0014404591631231624,0.0001916028902650246,0.00011266003840462659
WSSV_BG-4-img-2_jpg.rf.31ae5fc52e438d7b99a716254264916e.jpg,WSSV_BG,3,high_energy_share,0.0031761612664737288,0.0003692955116188024,5.423988421581621e-06
WSSV_BG-4-img-2_jpg.rf.31ae5fc52e438d7b99a716254264916e.jpg,WSSV_BG,3,clipping_fraction,0.011316731770833331,0.00011393229166666713,0.0007674153645833362
WSSV_BG-4-img-2_jpg.rf.31ae5fc52e438d7b99a716254264916e.jpg,WSSV_BG,3,laplacian_variance,0.014057695865631104,0.0016863001510500908,2.4887733161449432e-05
WSSV_BG-4-img-2_jpg.rf.31ae5fc52e438d7b99a716254264916e.jpg,WSSV_BG,3,gradient_mean,0.023792684078216553,0.003892015665769577,0.0011113546788692474
WSSV_BG-4-img-2_jpg.rf.31ae5fc52e438d7b99a716254264916e.jpg,WSSV_BG,3,lesion_gradient_mean,0.01783689856529236,0.012762278318405151,0.009020239114761353
WSSV_BG-4-img-2_jpg.rf.31ae5fc52e438d7b99a716254264916e.jpg,WSSV_BG,3,background_gradient_mean,0.023910939693450928,0.0038444213569164276,0.0010688938200473785
WSSV_BG-4-img-2_jpg.rf.31ae5fc52e438d7b99a716254264916e.jpg,WSSV_BG,4,low_energy_share,-0.004616763408430535,-0.0012576276498320604,-0.00022293952589269583
WSSV_BG-4-img-2_jpg.rf.31ae5fc52e438d7b99a716254264916e.jpg,WSSV_BG,4,mid_energy_share,0.0014404591631231624,0.00048770621749850496,0.00012380654032975117
WSSV_BG-4-img-2_jpg.rf.31ae5fc52e438d7b99a716254264916e.jpg,WSSV_BG,4,high_energy_share,0.0031761612664737288,0.0007694971229105065,9.959763304590724e-05
WSSV_BG-4-img-2_jpg.rf.31ae5fc52e438d7b99a716254264916e.jpg,WSSV_BG,4,clipping_fraction,0.011316731770833331,9.765625e-06,6.591796875e-05
WSSV_BG-4-img-2_jpg.rf.31ae5fc52e438d7b99a716254264916e.jpg,WSSV_BG,4,laplacian_variance,0.014057695865631104,0.002352937124669552,0.0002858433872461319
WSSV_BG-4-img-2_jpg.rf.31ae5fc52e438d7b99a716254264916e.jpg,WSSV_BG,4,gradient_mean,0.023792684078216553,0.00775504857301712,0.0016736984252929688
WSSV_BG-4-img-2_jpg.rf.31ae5fc52e438d7b99a716254264916e.jpg,WSSV_BG,4,lesion_gradient_mean,0.01783689856529236,0.012160435318946838,0.003095954656600952
WSSV_BG-4-img-2_jpg.rf.31ae5fc52e438d7b99a716254264916e.jpg,WSSV_BG,4,background_gradient_mean,0.023910939693450928,0.0077059268951416016,0.0016578510403633118
WSSV_BG-4-img-2_jpg.rf.31ae5fc52e438d7b99a716254264916e.jpg,WSSV_BG,5,low_energy_share,-0.004616763408430535,-0.0035886182308330072,-0.000293524550908808
WSSV_BG-4-img-2_jpg.rf.31ae5fc52e438d7b99a716254264916e.jpg,WSSV_BG,5,mid_energy_share,0.0014404591631231624,0.0022811034836278995,9.357490637081599e-05
WSSV_BG-4-img-2_jpg.rf.31ae5fc52e438d7b99a716254264916e.jpg,WSSV_BG,5,high_energy_share,0.0031761612664737288,0.0013074329442226886,0.00019989222606201645
WSSV_BG-4-img-2_jpg.rf.31ae5fc52e438d7b99a716254264916e.jpg,WSSV_BG,5,clipping_fraction,0.011316731770833331,0.002626139322916665,0.005405273437499997
WSSV_BG-4-img-2_jpg.rf.31ae5fc52e438d7b99a716254264916e.jpg,WSSV_BG,5,laplacian_variance,0.014057695865631104,0.0019000684842467308,0.00018700864166021347
WSSV_BG-4-img-2_jpg.rf.31ae5fc52e438d7b99a716254264916e.jpg,WSSV_BG,5,gradient_mean,0.023792684078216553,0.015459880232810974,0.000730171799659729
WSSV_BG-4-img-2_jpg.rf.31ae5fc52e438d7b99a716254264916e.jpg,WSSV_BG,5,lesion_gradient_mean,0.01783689856529236,0.012316137552261353,-0.0008491724729537964
WSSV_BG-4-img-2_jpg.rf.31ae5fc52e438d7b99a716254264916e.jpg,WSSV_BG,5,background_gradient_mean,0.023910939693450928,0.01555703580379486,0.0007789731025695801
WSSV_BG-4-img-2_jpg.rf.31ae5fc52e438d7b99a716254264916e.jpg,WSSV_BG,6,low_energy_share,-0.004616763408430535,-0.0023224880543153414,-0.000299040066361167
WSSV_BG-4-img-2_jpg.rf.31ae5fc52e438d7b99a716254264916e.jpg,WSSV_BG,6,mid_energy_share,0.0014404591631231624,0.0012002704847154499,0.00011825249380141914
WSSV_BG-4-img-2_jpg.rf.31ae5fc52e438d7b99a716254264916e.jpg,WSSV_BG,6,high_energy_share,0.0031761612664737288,0.0011222045586113793,0.0001807363777358191
WSSV_BG-4-img-2_jpg.rf.31ae5fc52e438d7b99a716254264916e.jpg,WSSV_BG,6,clipping_fraction,0.011316731770833331,0.0008398437499999994,-6.510416666666644e-05
WSSV_BG-4-img-2_jpg.rf.31ae5fc52e438d7b99a716254264916e.jpg,WSSV_BG,6,laplacian_variance,0.014057695865631104,0.004198314622044563,0.0006300453096628189
WSSV_BG-4-img-2_jpg.rf.31ae5fc52e438d7b99a716254264916e.jpg,WSSV_BG,6,gradient_mean,0.023792684078216553,0.01769864559173584,0.002392411231994629
WSSV_BG-4-img-2_jpg.rf.31ae5fc52e438d7b99a716254264916e.jpg,WSSV_BG,6,lesion_gradient_mean,0.01783689856529236,0.01635006070137024,-9.924173355102539e-05
WSSV_BG-4-img-2_jpg.rf.31ae5fc52e438d7b99a716254264916e.jpg,WSSV_BG,6,background_gradient_mean,0.023910939693450928,0.017726540565490723,0.002443939447402954
WSSV_BG-4-img-2_jpg.rf.31ae5fc52e438d7b99a716254264916e.jpg,WSSV_BG,7,low_energy_share,-0.004616763408430535,-0.0009531638270203757,-2.540726330291232e-05
WSSV_BG-4-img-2_jpg.rf.31ae5fc52e438d7b99a716254264916e.jpg,WSSV_BG,7,mid_energy_share,0.0014404591631231624,0.0005171414122769474,3.8277304048654065e-05
WSSV_BG-4-img-2_jpg.rf.31ae5fc52e438d7b99a716254264916e.jpg,WSSV_BG,7,high_energy_share,0.0031761612664737288,0.00043602306776494796,-1.3137752812749509e-05
WSSV_BG-4-img-2_jpg.rf.31ae5fc52e438d7b99a716254264916e.jpg,WSSV_BG,7,clipping_fraction,0.011316731770833331,-0.0017024739583333393,0.003018391927083336
WSSV_BG-4-img-2_jpg.rf.31ae5fc52e438d7b99a716254264916e.jpg,WSSV_BG,7,laplacian_variance,0.014057695865631104,0.004058828577399254,-0.00011043436825275421
WSSV_BG-4-img-2_jpg.rf.31ae5fc52e438d7b99a716254264916e.jpg,WSSV_BG,7,gradient_mean,0.023792684078216553,0.017399653792381287,-0.00018328428268432617
WSSV_BG-4-img-2_jpg.rf.31ae5fc52e438d7b99a716254264916e.jpg,WSSV_BG,7,lesion_gradient_mean,0.01783689856529236,0.01803240180015564,0.0007657706737518311
WSSV_BG-4-img-2_jpg.rf.31ae5fc52e438d7b99a716254264916e.jpg,WSSV_BG,7,background_gradient_mean,0.023910939693450928,0.017388060688972473,-0.00020088255405426025
WSSV_BG-4-img-2_jpg.rf.31ae5fc52e438d7b99a716254264916e.jpg,WSSV_BG,8,low_energy_share,-0.004616763408430535,-0.002003268305367456,0.0001047206386741717
WSSV_BG-4-img-2_jpg.rf.31ae5fc52e438d7b99a716254264916e.jpg,WSSV_BG,8,mid_energy_share,0.0014404591631231624,0.001124959270577387,-3.6865964924931265e-05
WSSV_BG-4-img-2_jpg.rf.31ae5fc52e438d7b99a716254264916e.jpg,WSSV_BG,8,high_energy_share,0.0031761612664737288,0.000878566881892048,-6.785936463630637e-05
WSSV_BG-4-img-2_jpg.rf.31ae5fc52e438d7b99a716254264916e.jpg,WSSV_BG,8,clipping_fraction,0.011316731770833331,0.00017415364583331372,0.002027994791666682
WSSV_BG-4-img-2_jpg.rf.31ae5fc52e438d7b99a716254264916e.jpg,WSSV_BG,8,laplacian_variance,0.014057695865631104,0.002451501786708832,-0.0002108439803123474
WSSV_BG-4-img-2_jpg.rf.31ae5fc52e438d7b99a716254264916e.jpg,WSSV_BG,8,gradient_mean,0.023792684078216553,0.015162423253059387,-0.0008222758769989014
WSSV_BG-4-img-2_jpg.rf.31ae5fc52e438d7b99a716254264916e.jpg,WSSV_BG,8,lesion_gradient_mean,0.01783689856529236,0.013922899961471558,0.00018474459648132324
WSSV_BG-4-img-2_jpg.rf.31ae5fc52e438d7b99a716254264916e.jpg,WSSV_BG,8,background_gradient_mean,0.023910939693450928,0.015189453959465027,-0.000844225287437439
WSSV_BG-4-img-2_jpg.rf.31ae5fc52e438d7b99a716254264916e.jpg,WSSV_BG,9,low_energy_share,-0.004616763408430535,-0.0024625134949848304,1.1699330142334041e-05
WSSV_BG-4-img-2_jpg.rf.31ae5fc52e438d7b99a716254264916e.jpg,WSSV_BG,9,mid_energy_share,0.0014404591631231624,0.001603383369787251,-4.9199071416622386e-05
WSSV_BG-4-img-2_jpg.rf.31ae5fc52e438d7b99a716254264916e.jpg,WSSV_BG,9,high_energy_share,0.0031761612664737288,0.0008592026714463871,3.754633594330557e-05
WSSV_BG-4-img-2_jpg.rf.31ae5fc52e438d7b99a716254264916e.jpg,WSSV_BG,9,clipping_fraction,0.011316731770833331,0.002839355468749999,0.007655436197916671
WSSV_BG-4-img-2_jpg.rf.31ae5fc52e438d7b99a716254264916e.jpg,WSSV_BG,9,laplacian_variance,0.014057695865631104,0.003313634544610977,0.0001244954764842987
WSSV_BG-4-img-2_jpg.rf.31ae5fc52e438d7b99a716254264916e.jpg,WSSV_BG,9,gradient_mean,0.023792684078216553,0.02195143699645996,-0.0006700754165649414
WSSV_BG-4-img-2_jpg.rf.31ae5fc52e438d7b99a716254264916e.jpg,WSSV_BG,9,lesion_gradient_mean,0.01783689856529236,0.017628401517868042,-0.00177687406539917
WSSV_BG-4-img-2_jpg.rf.31ae5fc52e438d7b99a716254264916e.jpg,WSSV_BG,9,background_gradient_mean,0.023910939693450928,0.02208307385444641,-0.0006363987922668457
WSSV_BG-4-img-2_jpg.rf.31ae5fc52e438d7b99a716254264916e.jpg,WSSV_BG,10,low_energy_share,-0.004616763408430535,-0.0008854671930038638,-7.097681903156516e-05
WSSV_BG-4-img-2_jpg.rf.31ae5fc52e438d7b99a716254264916e.jpg,WSSV_BG,10,mid_energy_share,0.0014404591631231624,0.0003583377413122462,8.527444006165702e-05
WSSV_BG-4-img-2_jpg.rf.31ae5fc52e438d7b99a716254264916e.jpg,WSSV_BG,10,high_energy_share,0.0031761612664737288,0.0005270238515928914,-1.4296898944751984e-05
WSSV_BG-4-img-2_jpg.rf.31ae5fc52e438d7b99a716254264916e.jpg,WSSV_BG,10,clipping_fraction,0.011316731770833331,0.0006030273437500067,0.002202962239583328
WSSV_BG-4-img-2_jpg.rf.31ae5fc52e438d7b99a716254264916e.jpg,WSSV_BG,10,laplacian_variance,0.014057695865631104,0.0031318869441747665,-8.106976747512817e-05
WSSV_BG-4-img-2_jpg.rf.31ae5fc52e438d7b99a716254264916e.jpg,WSSV_BG,10,gradient_mean,0.023792684078216553,0.008360214531421661,0.0009860321879386902
WSSV_BG-4-img-2_jpg.rf.31ae5fc52e438d7b99a716254264916e.jpg,WSSV_BG,10,lesion_gradient_mean,0.01783689856529236,0.015503168106079102,0.004684656858444214
WSSV_BG-4-img-2_jpg.rf.31ae5fc52e438d7b99a716254264916e.jpg,WSSV_BG,10,background_gradient_mean,0.023910939693450928,0.008288539946079254,0.0009489133954048157
WSSV_BG-4-img-2_jpg.rf.31ae5fc52e438d7b99a716254264916e.jpg,WSSV_BG,11,low_energy_share,-0.004616763408430535,-0.0018241972071926238,-2.0269240784798193e-05
WSSV_BG-4-img-2_jpg.rf.31ae5fc52e438d7b99a716254264916e.jpg,WSSV_BG,11,mid_energy_share,0.0014404591631231624,0.0010067560262772678,7.531018340248448e-06
WSSV_BG-4-img-2_jpg.rf.31ae5fc52e438d7b99a716254264916e.jpg,WSSV_BG,11,high_energy_share,0.0031761612664737288,0.000816787810934947,1.2702088242930176e-05
WSSV_BG-4-img-2_jpg.rf.31ae5fc52e438d7b99a716254264916e.jpg,WSSV_BG,11,clipping_fraction,0.011316731770833331,0.002653808593750001,0.006374511718750003
WSSV_BG-4-img-2_jpg.rf.31ae5fc52e438d7b99a716254264916e.jpg,WSSV_BG,11,laplacian_variance,0.014057695865631104,0.00392458401620388,6.324239075183868e-05
WSSV_BG-4-img-2_jpg.rf.31ae5fc52e438d7b99a716254264916e.jpg,WSSV_BG,11,gradient_mean,0.023792684078216553,0.018430665135383606,-9.037554264068604e-05
WSSV_BG-4-img-2_jpg.rf.31ae5fc52e438d7b99a716254264916e.jpg,WSSV_BG,11,lesion_gradient_mean,0.01783689856529236,0.01721709966659546,-0.0003720223903656006
WSSV_BG-4-img-2_jpg.rf.31ae5fc52e438d7b99a716254264916e.jpg,WSSV_BG,11,background_gradient_mean,0.023910939693450928,0.018457159399986267,-8.416175842285156e-05
WSSV_BG-46-img-1_jpg.rf.a3f23f96783ebde9b37e9936ae3325f6.jpg,WSSV_BG,0,low_energy_share,-0.0006971638602788488,-0.00024430421178511796,-9.320415938285365e-05
WSSV_BG-46-img-1_jpg.rf.a3f23f96783ebde9b37e9936ae3325f6.jpg,WSSV_BG,0,mid_energy_share,0.00044362319881738116,0.00016634609631008875,7.040681043168798e-05
WSSV_BG-46-img-1_jpg.rf.a3f23f96783ebde9b37e9936ae3325f6.jpg,WSSV_BG,0,high_energy_share,0.0002537991428281472,7.78260203029894e-05,2.308751429172973e-05
WSSV_BG-46-img-1_jpg.rf.a3f23f96783ebde9b37e9936ae3325f6.jpg,WSSV_BG,0,clipping_fraction,0.00020019531250000002,0.0,4.8828125e-06
WSSV_BG-46-img-1_jpg.rf.a3f23f96783ebde9b37e9936ae3325f6.jpg,WSSV_BG,0,laplacian_variance,0.0007285131141543388,0.00019010360119864345,6.028800271451473e-05
WSSV_BG-46-img-1_jpg.rf.a3f23f96783ebde9b37e9936ae3325f6.jpg,WSSV_BG,0,gradient_mean,0.008488848805427551,0.002796795219182968,0.0021187104284763336
WSSV_BG-46-img-1_jpg.rf.a3f23f96783ebde9b37e9936ae3325f6.jpg,WSSV_BG,0,lesion_gradient_mean,0.009019657969474792,0.006294906139373779,0.0015823543071746826
WSSV_BG-46-img-1_jpg.rf.a3f23f96783ebde9b37e9936ae3325f6.jpg,WSSV_BG,0,background_gradient_mean,0.008483700454235077,0.002778802067041397,0.0021214596927165985
WSSV_BG-46-img-1_jpg.rf.a3f23f96783ebde9b37e9936ae3325f6.jpg,WSSV_BG,1,low_energy_share,-0.0006971638602788488,-0.0008224843659775383,-0.00020595035468984335
WSSV_BG-46-img-1_jpg.rf.a3f23f96783ebde9b37e9936ae3325f6.jpg,WSSV_BG,1,mid_energy_share,0.00044362319881738116,0.0006533530889955607,0.00012641773034927778
WSSV_BG-46-img-1_jpg.rf.a3f23f96783ebde9b37e9936ae3325f6.jpg,WSSV_BG,1,high_energy_share,0.0002537991428281472,0.0001690555814966579,7.994555012966545e-05
WSSV_BG-46-img-1_jpg.rf.a3f23f96783ebde9b37e9936ae3325f6.jpg,WSSV_BG,1,clipping_fraction,0.00020019531250000002,0.010248209635416672,-0.0016463216145833348
WSSV_BG-46-img-1_jpg.rf.a3f23f96783ebde9b37e9936ae3325f6.jpg,WSSV_BG,1,laplacian_variance,0.0007285131141543388,0.00022695260122418404,5.773769225925207e-05
WSSV_BG-46-img-1_jpg.rf.a3f23f96783ebde9b37e9936ae3325f6.jpg,WSSV_BG,1,gradient_mean,0.008488848805427551,0.0056886225938797,0.0023511573672294617
WSSV_BG-46-img-1_jpg.rf.a3f23f96783ebde9b37e9936ae3325f6.jpg,WSSV_BG,1,lesion_gradient_mean,0.009019657969474792,0.007370010018348694,9.6932053565979e-05
WSSV_BG-46-img-1_jpg.rf.a3f23f96783ebde9b37e9936ae3325f6.jpg,WSSV_BG,1,background_gradient_mean,0.008483700454235077,0.005666419863700867,0.0023809000849723816
WSSV_BG-46-img-1_jpg.rf.a3f23f96783ebde9b37e9936ae3325f6.jpg,WSSV_BG,2,low_energy_share,-0.0006971638602788488,-0.00019115598059604721,-0.0001752829812240453
WSSV_BG-46-img-1_jpg.rf.a3f23f96783ebde9b37e9936ae3325f6.jpg,WSSV_BG,2,mid_energy_share,0.00044362319881738116,0.00012086262597208234,0.0001329530181521908
WSSV_BG-46-img-1_jpg.rf.a3f23f96783ebde9b37e9936ae3325f6.jpg,WSSV_BG,2,high_energy_share,0.0002537991428281472,7.062882243183378e-05,4.202093577332258e-05
WSSV_BG-46-img-1_jpg.rf.a3f23f96783ebde9b37e9936ae3325f6.jpg,WSSV_BG,2,clipping_fraction,0.00020019531250000002,0.00023030598958331816,0.0005371093750000111
WSSV_BG-46-img-1_jpg.rf.a3f23f96783ebde9b37e9936ae3325f6.jpg,WSSV_BG,2,laplacian_variance,0.0007285131141543388,0.0001965753035619855,9.675882756710052e-05
WSSV_BG-46-img-1_jpg.rf.a3f23f96783ebde9b37e9936ae3325f6.jpg,WSSV_BG,2,gradient_mean,0.008488848805427551,0.001965530216693878,0.0017327703535556793
WSSV_BG-46-img-1_jpg.rf.a3f23f96783ebde9b37e9936ae3325f6.jpg,WSSV_BG,2,lesion_gradient_mean,0.009019657969474792,0.007074534893035889,0.0022788196802139282
WSSV_BG-46-img-1_jpg.rf.a3f23f96783ebde9b37e9936ae3325f6.jpg,WSSV_BG,2,background_gradient_mean,0.008483700454235077,0.0019421987235546112,0.001730266958475113
WSSV_BG-46-img-1_jpg.rf.a3f23f96783ebde9b37e9936ae3325f6.jpg,WSSV_BG,3,low_energy_share,-0.0006971638602788488,-0.00016214832517591482,-6.70395392451395e-05
WSSV_BG-46-img-1_jpg.rf.a3f23f96783ebde9b37e9936ae3325f6.jpg,WSSV_BG,3,mid_energy_share,0.00044362319881738116,0.00010463590417578302,5.687988197746797e-05
WSSV_BG-46-img-1_jpg.rf.a3f23f96783ebde9b37e9936ae3325f6.jpg,WSSV_BG,3,high_energy_share,0.0002537991428281472,5.732326301766713e-05,1.0460759175803119e-05
WSSV_BG-46-img-1_jpg.rf.a3f23f96783ebde9b37e9936ae3325f6.jpg,WSSV_BG,3,clipping_fraction,0.00020019531250000002,0.00022216796874999223,0.0003873697916666752
WSSV_BG-46-img-1_jpg.rf.a3f23f96783ebde9b37e9936ae3325f6.jpg,WSSV_BG,3,laplacian_variance,0.0007285131141543388,0.00012368126772344112,2.7071626391261816e-05
WSSV_BG-46-img-1_jpg.rf.a3f23f96783ebde9b37e9936ae3325f6.jpg,WSSV_BG,3,gradient_mean,0.008488848805427551,0.0014126244932413101,0.001457449048757553
WSSV_BG-46-img-1_jpg.rf.a3f23f96783ebde9b37e9936ae3325f6.jpg,WSSV_BG,3,lesion_gradient_mean,0.009019657969474792,0.005170971155166626,0.002477973699569702
WSSV_BG-46-img-1_jpg.rf.a3f23f96783ebde9b37e9936ae3325f6.jpg,WSSV_BG,3,background_gradient_mean,0.008483700454235077,0.0013987049460411072,0.0014536716043949127
WSSV_BG-46-img-1_jpg.rf.a3f23f96783ebde9b37e9936ae3325f6.jpg,WSSV_BG,4,low_energy_share,-0.0006971638602788488,-0.0003174637448978279,1.1922570153366507e-07
WSSV_BG-46-img-1_jpg.rf.a3f23f96783ebde9b37e9936ae3325f6.jpg,WSSV_BG,4,mid_energy_share,0.00044362319881738116,0.00027664894528950357,-1.1471331725374043e-05
WSSV_BG-46-img-1_jpg.rf.a3f23f96783ebde9b37e9936ae3325f6.jpg,WSSV_BG,4,high_energy_share,0.0002537991428281472,4.066869134943153e-05,1.1256994940037166e-05
WSSV_BG-46-img-1_jpg.rf.a3f23f96783ebde9b37e9936ae3325f6.jpg,WSSV_BG,4,clipping_fraction,0.00020019531250000002,-0.002925618489583337,0.0036368815104166896
WSSV_BG-46-img-1_jpg.rf.a3f23f96783ebde9b37e9936ae3325f6.jpg,WSSV_BG,4,laplacian_variance,0.0007285131141543388,0.00022945809178054333,1.6487902030348778e-06
WSSV_BG-46-img-1_jpg.rf.a3f23f96783ebde9b37e9936ae3325f6.jpg,WSSV_BG,4,gradient_mean,0.008488848805427551,0.007370516657829285,-0.0006905943155288696
WSSV_BG-46-img-1_jpg.rf.a3f23f96783ebde9b37e9936ae3325f6.jpg,WSSV_BG,4,lesion_gradient_mean,0.009019657969474792,0.00803692638874054,-0.0007116496562957764
WSSV_BG-46-img-1_jpg.rf.a3f23f96783ebde9b37e9936ae3325f6.jpg,WSSV_BG,4,background_gradient_mean,0.008483700454235077,0.007356368005275726,-0.0006901472806930542
WSSV_BG-46-img-1_jpg.rf.a3f23f96783ebde9b37e9936ae3325f6.jpg,WSSV_BG,5,low_energy_share,-0.0006971638602788488,-0.00034784780319208064,-2.5644055641871333e-05
WSSV_BG-46-img-1_jpg.rf.a3f23f96783ebde9b37e9936ae3325f6.jpg,WSSV_BG,5,mid_energy_share,0.00044362319881738116,0.00029700582817650235,7.106424748951502e-06
WSSV_BG-46-img-1_jpg.rf.a3f23f96783ebde9b37e9936ae3325f6.jpg,WSSV_BG,5,high_energy_share,0.0002537991428281472,5.099866620704137e-05,1.8532112560246746e-05
WSSV_BG-46-img-1_jpg.rf.a3f23f96783ebde9b37e9936ae3325f6.jpg,WSSV_BG,5,clipping_fraction,0.00020019531250000002,0.000519205729166694,0.0003434244791666319
WSSV_BG-46-img-1_jpg.rf.a3f23f96783ebde9b37e9936ae3325f6.jpg,WSSV_BG,5,laplacian_variance,0.0007285131141543388,0.00022427644580602646,2.5708810426294804e-05
WSSV_BG-46-img-1_jpg.rf.a3f23f96783ebde9b37e9936ae3325f6.jpg,WSSV_BG,5,gradient_mean,0.008488848805427551,0.006525248289108276,0.0009552612900733948
WSSV_BG-46-img-1_jpg.rf.a3f23f96783ebde9b37e9936ae3325f6.jpg,WSSV_BG,5,lesion_gradient_mean,0.009019657969474792,0.007648646831512451,-0.0002515465021133423
WSSV_BG-46-img-1_jpg.rf.a3f23f96783ebde9b37e9936ae3325f6.jpg,WSSV_BG,5,background_gradient_mean,0.008483700454235077,0.006506860256195068,0.000974997878074646
WSSV_BG-46-img-1_jpg.rf.a3f23f96783ebde9b37e9936ae3325f6.jpg,WSSV_BG,6,low_energy_share,-0.0006971638602788488,-0.00038892999036699294,8.77845097613239e-07
WSSV_BG-46-img-1_jpg.rf.a3f23f96783ebde9b37e9936ae3325f6.jpg,WSSV_BG,6,mid_energy_share,0.00044362319881738116,0.00033836735108669813,-1.1272471041870978e-05
WSSV_BG-46-img-1_jpg.rf.a3f23f96783ebde9b37e9936ae3325f6.jpg,WSSV_BG,6,high_energy_share,0.0002537991428281472,5.0953573107981765e-05,1.0098446987025298e-05
WSSV_BG-46-img-1_jpg.rf.a3f23f96783ebde9b37e9936ae3325f6.jpg,WSSV_BG,6,clipping_fraction,0.00020019531250000002,0.0006697591145833348,-0.00027750651041669183
WSSV_BG-46-img-1_jpg.rf.a3f23f96783ebde9b37e9936ae3325f6.jpg,WSSV_BG,6,laplacian_variance,0.0007285131141543388,0.00027665693778544664,-6.9497618824243546e-06
WSSV_BG-46-img-1_jpg.rf.a3f23f96783ebde9b37e9936ae3325f6.jpg,WSSV_BG,6,gradient_mean,0.008488848805427551,0.006442070007324219,-0.0017535164952278137
WSSV_BG-46-img-1_jpg.rf.a3f23f96783ebde9b37e9936ae3325f6.jpg,WSSV_BG,6,lesion_gradient_mean,0.009019657969474792,0.009229108691215515,-0.0010824799537658691
WSSV_BG-46-img-1_jpg.rf.a3f23f96783ebde9b37e9936ae3325f6.jpg,WSSV_BG,6,background_gradient_mean,0.008483700454235077,0.006382755935192108,-0.0017677545547485352
WSSV_BG-46-img-1_jpg.rf.a3f23f96783ebde9b37e9936ae3325f6.jpg,WSSV_BG,7,low_energy_share,-0.0006971638602788488,-0.0005277637351827069,-0.00023950413229678613
WSSV_BG-46-img-1_jpg.rf.a3f23f96783ebde9b37e9936ae3325f6.jpg,WSSV_BG,7,mid_energy_share,0.00044362319881738116,0.0003929019894191783,0.00017351597226843802
WSSV_BG-46-img-1_jpg.rf.a3f23f96783ebde9b37e9936ae3325f6.jpg,WSSV_BG,7,high_energy_share,0.0002537991428281472,0.00013493298197421162,6.594533892590002e-05
WSSV_BG-46-img-1_jpg.rf.a3f23f96783ebde9b37e9936ae3325f6.jpg,WSSV_BG,7,clipping_fraction,0.00020019531250000002,1.1393229166656305e-05,0.0007649739583333315
WSSV_BG-46-img-1_jpg.rf.a3f23f96783ebde9b37e9936ae3325f6.jpg,WSSV_BG,7,laplacian_variance,0.0007285131141543388,0.0004265592433512211,9.646406397223473e-05
WSSV_BG-46-img-1_jpg.rf.a3f23f96783ebde9b37e9936ae3325f6.jpg,WSSV_BG,7,gradient_mean,0.008488848805427551,0.006420701742172241,0.002223595976829529
WSSV_BG-46-img-1_jpg.rf.a3f23f96783ebde9b37e9936ae3325f6.jpg,WSSV_BG,7,lesion_gradient_mean,0.009019657969474792,0.009753480553627014,1.2516975402832031e-05
WSSV_BG-46-img-1_jpg.rf.a3f23f96783ebde9b37e9936ae3325f6.jpg,WSSV_BG,7,background_gradient_mean,0.008483700454235077,0.006390340626239777,0.00224371999502182
WSSV_BG-46-img-1_jpg.rf.a3f23f96783ebde9b37e9936ae3325f6.jpg,WSSV_BG,8,low_energy_share,-0.0006971638602788488,-0.00023434992257653775,-8.18267745441581e-05
WSSV_BG-46-img-1_jpg.rf.a3f23f96783ebde9b37e9936ae3325f6.jpg,WSSV_BG,8,mid_energy_share,0.00044362319881738116,0.00017329958757637148,5.932250972815541e-05
WSSV_BG-46-img-1_jpg.rf.a3f23f96783ebde9b37e9936ae3325f6.jpg,WSSV_BG,8,high_energy_share,0.0002537991428281472,6.069038816902228e-05,2.2858689116359574e-05
WSSV_BG-46-img-1_jpg.rf.a3f23f96783ebde9b37e9936ae3325f6.jpg,WSSV_BG,8,clipping_fraction,0.00020019531250000002,0.0,7.32421875e-06
WSSV_BG-46-img-1_jpg.rf.a3f23f96783ebde9b37e9936ae3325f6.jpg,WSSV_BG,8,laplacian_variance,0.0007285131141543388,0.00014785572420805693,5.9059413615614176e-05
WSSV_BG-46-img-1_jpg.rf.a3f23f96783ebde9b37e9936ae3325f6.jpg,WSSV_BG,8,gradient_mean,0.008488848805427551,0.002847004681825638,0.002726025879383087
WSSV_BG-46-img-1_jpg.rf.a3f23f96783ebde9b37e9936ae3325f6.jpg,WSSV_BG,8,lesion_gradient_mean,0.009019657969474792,0.00502476841211319,0.002041764557361603
WSSV_BG-46-img-1_jpg.rf.a3f23f96783ebde9b37e9936ae3325f6.jpg,WSSV_BG,8,background_gradient_mean,0.008483700454235077,0.0028337426483631134,0.0027301833033561707
WSSV_BG-46-img-1_jpg.rf.a3f23f96783ebde9b37e9936ae3325f6.jpg,WSSV_BG,9,low_energy_share,-0.0006971638602788488,-0.00028264910635833473,-5.6418407538449955e-05
WSSV_BG-46-img-1_jpg.rf.a3f23f96783ebde9b37e9936ae3325f6.jpg,WSSV_BG,9,mid_energy_share,0.00044362319881738116,0.00022638501119558846,4.033083655277355e-05
WSSV_BG-46-img-1_jpg.rf.a3f23f96783ebde9b37e9936ae3325f6.jpg,WSSV_BG,9,high_energy_share,0.0002537991428281472,5.624779716231862e-05,1.627645796946971e-05
WSSV_BG-46-img-1_jpg.rf.a3f23f96783ebde9b37e9936ae3325f6.jpg,WSSV_BG,9,clipping_fraction,0.00020019531250000002,-0.00015624999999999667,0.0003361002604166663
WSSV_BG-46-img-1_jpg.rf.a3f23f96783ebde9b37e9936ae3325f6.jpg,WSSV_BG,9,laplacian_variance,0.0007285131141543388,0.00040818797424435616,7.539312355220318e-05
WSSV_BG-46-img-1_jpg.rf.a3f23f96783ebde9b37e9936ae3325f6.jpg,WSSV_BG,9,gradient_mean,0.008488848805427551,0.005743548274040222,0.002673596143722534
WSSV_BG-46-img-1_jpg.rf.a3f23f96783ebde9b37e9936ae3325f6.jpg,WSSV_BG,9,lesion_gradient_mean,0.009019657969474792,0.010367780923843384,-0.00013616681098937988
WSSV_BG-46-img-1_jpg.rf.a3f23f96783ebde9b37e9936ae3325f6.jpg,WSSV_BG,9,background_gradient_mean,0.008483700454235077,0.005697235465049744,0.0027017369866371155
WSSV_BG-46-img-1_jpg.rf.a3f23f96783ebde9b37e9936ae3325f6.jpg,WSSV_BG,10,low_energy_share,-0.0006971638602788488,-0.0005112078140467879,-7.74783515663513e-05
WSSV_BG-46-img-1_jpg.rf.a3f23f96783ebde9b37e9936ae3325f6.jpg,WSSV_BG,10,mid_energy_share,0.00044362319881738116,0.0004095103234311357,5.6698414859324836e-05
WSSV_BG-46-img-1_jpg.rf.a3f23f96783ebde9b37e9936ae3325f6.jpg,WSSV_BG,10,high_energy_share,0.0002537991428281472,0.000101318706603163,2.112083078560016e-05
WSSV_BG-46-img-1_jpg.rf.a3f23f96783ebde9b37e9936ae3325f6.jpg,WSSV_BG,10,clipping_fraction,0.00020019531250000002,-0.0008569335937499978,0.001507975260416683
WSSV_BG-46-img-1_jpg.rf.a3f23f96783ebde9b37e9936ae3325f6.jpg,WSSV_BG,10,laplacian_variance,0.0007285131141543388,0.0003729201853275299,3.511086106300354e-05
WSSV_BG-46-img-1_jpg.rf.a3f23f96783ebde9b37e9936ae3325f6.jpg,WSSV_BG,10,gradient_mean,0.008488848805427551,0.005457788705825806,-0.0001308917999267578
WSSV_BG-46-img-1_jpg.rf.a3f23f96783ebde9b37e9936ae3325f6.jpg,WSSV_BG,10,lesion_gradient_mean,0.009019657969474792,0.009912699460983276,-0.0006987154483795166
WSSV_BG-46-img-1_jpg.rf.a3f23f96783ebde9b37e9936ae3325f6.jpg,WSSV_BG,10,background_gradient_mean,0.008483700454235077,0.005405791103839874,-0.00012425333261489868
WSSV_BG-46-img-1_jpg.rf.a3f23f96783ebde9b37e9936ae3325f6.jpg,WSSV_BG,11,low_energy_share,-0.0006971638602788488,-0.0002711204245522403,-6.412872568239969e-05
WSSV_BG-46-img-1_jpg.rf.a3f23f96783ebde9b37e9936ae3325f6.jpg,WSSV_BG,11,mid_energy_share,0.00044362319881738116,0.00020692472148151606,4.207472134241724e-05
WSSV_BG-46-img-1_jpg.rf.a3f23f96783ebde9b37e9936ae3325f6.jpg,WSSV_BG,11,high_energy_share,0.0002537991428281472,6.418372370281154e-05,2.234519954094974e-05
WSSV_BG-46-img-1_jpg.rf.a3f23f96783ebde9b37e9936ae3325f6.jpg,WSSV_BG,11,clipping_fraction,0.00020019531250000002,4.8828125e-06,3.4993489583333335e-05
WSSV_BG-46-img-1_jpg.rf.a3f23f96783ebde9b37e9936ae3325f6.jpg,WSSV_BG,11,laplacian_variance,0.0007285131141543388,0.00017616146942600608,6.047915667295456e-05
WSSV_BG-46-img-1_jpg.rf.a3f23f96783ebde9b37e9936ae3325f6.jpg,WSSV_BG,11,gradient_mean,0.008488848805427551,0.003957115113735199,0.002957317978143692
WSSV_BG-46-img-1_jpg.rf.a3f23f96783ebde9b37e9936ae3325f6.jpg,WSSV_BG,11,lesion_gradient_mean,0.009019657969474792,0.005457893013954163,0.00154142826795578
WSSV_BG-46-img-1_jpg.rf.a3f23f96783ebde9b37e9936ae3325f6.jpg,WSSV_BG,11,background_gradient_mean,0.008483700454235077,0.003945395350456238,0.0029683709144592285
WSSV_BG-58-img-2_jpg.rf.309de253f103119506669b53fe80ffa2.jpg,WSSV_BG,0,low_energy_share,-0.00042430767844303663,-0.0004201466043979307,-0.00010387231518904638
WSSV_BG-58-img-2_jpg.rf.309de253f103119506669b53fe80ffa2.jpg,WSSV_BG,0,mid_energy_share,0.00027034809537317063,0.00034764855501750536,5.160408953485546e-05
WSSV_BG-58-img-2_jpg.rf.309de253f103119506669b53fe80ffa2.jpg,WSSV_BG,0,high_energy_share,0.00015403018562413736,7.283013245954173e-05,5.239921767862785e-05
WSSV_BG-58-img-2_jpg.rf.309de253f103119506669b53fe80ffa2.jpg,WSSV_BG,0,clipping_fraction,1.0579427083333332e-05,2.44140625e-06,8.138020833333331e-07
WSSV_BG-58-img-2_jpg.rf.309de253f103119506669b53fe80ffa2.jpg,WSSV_BG,0,laplacian_variance,0.0004589552991092205,8.071376942098141e-05,3.515343996696174e-05
WSSV_BG-58-img-2_jpg.rf.309de253f103119506669b53fe80ffa2.jpg,WSSV_BG,0,gradient_mean,0.0076732337474823,0.005175657570362091,0.0017677061259746552
WSSV_BG-58-img-2_jpg.rf.309de253f103119506669b53fe80ffa2.jpg,WSSV_BG,0,lesion_gradient_mean,0.017970681190490723,0.01115049421787262,-0.00018672645092010498
WSSV_BG-58-img-2_jpg.rf.309de253f103119506669b53fe80ffa2.jpg,WSSV_BG,0,background_gradient_mean,0.007601644843816757,0.005095884203910828,0.0017938055098056793
WSSV_BG-58-img-2_jpg.rf.309de253f103119506669b53fe80ffa2.jpg,WSSV_BG,1,low_energy_share,-0.00042430767844303663,-0.00019299856355403655,-3.258544046735867e-05
WSSV_BG-58-img-2_jpg.rf.309de253f103119506669b53fe80ffa2.jpg,WSSV_BG,1,mid_energy_share,0.00027034809537317063,0.00016546673494285925,1.4047263364988126e-05
WSSV_BG-58-img-2_jpg.rf.309de253f103119506669b53fe80ffa2.jpg,WSSV_BG,1,high_energy_share,0.00015403018562413736,2.754170972088654e-05,1.8327092347546496e-05
WSSV_BG-58-img-2_jpg.rf.309de253f103119506669b53fe80ffa2.jpg,WSSV_BG,1,clipping_fraction,1.0579427083333332e-05,-1.7903645833333313e-05,0.00010172526041666663
WSSV_BG-58-img-2_jpg.rf.309de253f103119506669b53fe80ffa2.jpg,WSSV_BG,1,laplacian_variance,0.0004589552991092205,0.00023336545564234257,3.5250792279839516e-05
WSSV_BG-58-img-2_jpg.rf.309de253f103119506669b53fe80ffa2.jpg,WSSV_BG,1,gradient_mean,0.0076732337474823,0.008045285940170288,0.00022125244140625
WSSV_BG-58-img-2_jpg.rf.309de253f103119506669b53fe80ffa2.jpg,WSSV_BG,1,lesion_gradient_mean,0.017970681190490723,0.017721936106681824,-0.0013160854578018188
WSSV_BG-58-img-2_jpg.rf.309de253f103119506669b53fe80ffa2.jpg,WSSV_BG,1,background_gradient_mean,0.007601644843816757,0.007938556373119354,0.00023819506168365479
WSSV_BG-58-img-2_jpg.rf.309de253f103119506669b53fe80ffa2.jpg,WSSV_BG,2,low_energy_share,-0.00042430767844303663,-0.00013670475148830352,-0.00012201245489207313
WSSV_BG-58-img-2_jpg.rf.309de253f103119506669b53fe80ffa2.jpg,WSSV_BG,2,mid_energy_share,0.00027034809537317063,8.540628966871133e-05,8.891816088215407e-05
WSSV_BG-58-img-2_jpg.rf.309de253f103119506669b53fe80ffa2.jpg,WSSV_BG,2,high_energy_share,0.00015403018562413736,5.130025462107455e-05,3.307256292683848e-05
WSSV_BG-58-img-2_jpg.rf.309de253f103119506669b53fe80ffa2.jpg,WSSV_BG,2,clipping_fraction,1.0579427083333332e-05,0.000817057291666666,0.00014160156249999958
WSSV_BG-58-img-2_jpg.rf.309de253f103119506669b53fe80ffa2.jpg,WSSV_BG,2,laplacian_variance,0.0004589552991092205,7.230168557725847e-05,3.7109130062162876e-05
WSSV_BG-58-img-2_jpg.rf.309de253f103119506669b53fe80ffa2.jpg,WSSV_BG,2,gradient_mean,0.0076732337474823,0.0016990303993225098,0.001436438411474228
WSSV_BG-58-img-2_jpg.rf.309de253f103119506669b53fe80ffa2.jpg,WSSV_BG,2,lesion_gradient_mean,0.017970681190490723,0.009318366646766663,0.001926034688949585
WSSV_BG-58-img-2_jpg.rf.309de253f103119506669b53fe80ffa2.jpg,WSSV_BG,2,background_gradient_mean,0.007601644843816757,0.00167783722281456,0.0014350749552249908
WSSV_BG-58-img-2_jpg.rf.309de253f103119506669b53fe80ffa2.jpg,WSSV_BG,3,low_energy_share,-0.00042430767844303663,-8.978139585846812e-05,-5.205259132179396e-05
WSSV_BG-58-img-2_jpg.rf.309de253f103119506669b53fe80ffa2.jpg,WSSV_BG,3,mid_energy_share,0.00027034809537317063,5.3293915779584373e-05,4.527039668694721e-05
WSSV_BG-58-img-2_jpg.rf.309de253f103119506669b53fe80ffa2.jpg,WSSV_BG,3,high_energy_share,0.00015403018562413736,3.666267899048796e-05,6.829009109499069e-06
WSSV_BG-58-img-2_jpg.rf.309de253f103119506669b53fe80ffa2.jpg,WSSV_BG,3,clipping_fraction,1.0579427083333332e-05,0.0,0.0
WSSV_BG-58-img-2_jpg.rf.309de253f103119506669b53fe80ffa2.jpg,WSSV_BG,3,laplacian_variance,0.0004589552991092205,0.00014952203491702676,3.0471535865217447e-05
WSSV_BG-58-img-2_jpg.rf.309de253f103119506669b53fe80ffa2.jpg,WSSV_BG,3,gradient_mean,0.0076732337474823,0.0015227440744638443,0.0010183360427618027
WSSV_BG-58-img-2_jpg.rf.309de253f103119506669b53fe80ffa2.jpg,WSSV_BG,3,lesion_gradient_mean,0.017970681190490723,0.011694937944412231,0.006048813462257385
WSSV_BG-58-img-2_jpg.rf.309de253f103119506669b53fe80ffa2.jpg,WSSV_BG,3,background_gradient_mean,0.007601644843816757,0.0015026144683361053,0.0010083820670843124
WSSV_BG-58-img-2_jpg.rf.309de253f103119506669b53fe80ffa2.jpg,WSSV_BG,4,low_energy_share,-0.00042430767844303663,-0.00016776274407737102,-2.2347593499949525e-05
WSSV_BG-58-img-2_jpg.rf.309de253f103119506669b53fe80ffa2.jpg,WSSV_BG,4,mid_energy_share,0.00027034809537317063,0.0001316847323903173,1.6415506742693256e-05
WSSV_BG-58-img-2_jpg.rf.309de253f103119506669b53fe80ffa2.jpg,WSSV_BG,4,high_energy_share,0.00015403018562413736,3.638338876064764e-05,5.648388492455542e-06
WSSV_BG-58-img-2_jpg.rf.309de253f103119506669b53fe80ffa2.jpg,WSSV_BG,4,clipping_fraction,1.0579427083333332e-05,-0.005244954427083323,0.005577799479166659
WSSV_BG-58-img-2_jpg.rf.309de253f103119506669b53fe80ffa2.jpg,WSSV_BG,4,laplacian_variance,0.0004589552991092205,0.00030846940353512764,4.305585753172636e-05
WSSV_BG-58-img-2_jpg.rf.309de253f103119506669b53fe80ffa2.jpg,WSSV_BG,4,gradient_mean,0.0076732337474823,0.006093282252550125,0.001359209418296814
WSSV_BG-58-img-2_jpg.rf.309de253f103119506669b53fe80ffa2.jpg,WSSV_BG,4,lesion_gradient_mean,0.017970681190490723,0.018274903297424316,0.00045561790466308594
WSSV_BG-58-img-2_jpg.rf.309de253f103119506669b53fe80ffa2.jpg,WSSV_BG,4,background_gradient_mean,0.007601644843816757,0.006015818566083908,0.0013649724423885345
WSSV_BG-58-img-2_jpg.rf.309de253f103119506669b53fe80ffa2.jpg,WSSV_BG,5,low_energy_share,-0.00042430767844303663,-8.170267034901535e-05,-4.947372710351061e-05
WSSV_BG-58-img-2_jpg.rf.309de253f103119506669b53fe80ffa2.jpg,WSSV_BG,5,mid_energy_share,0.00027034809537317063,4.565106141437349e-05,4.240458019922244e-05
WSSV_BG-58-img-2_jpg.rf.309de253f103119506669b53fe80ffa2.jpg,WSSV_BG,5,high_energy_share,0.00015403018562413736,3.6086783215921026e-05,7.100687098387582e-06
WSSV_BG-58-img-2_jpg.rf.309de253f103119506669b53fe80ffa2.jpg,WSSV_BG,5,clipping_fraction,1.0579427083333332e-05,0.0,8.138020833333334e-07
WSSV_BG-58-img-2_jpg.rf.309de253f103119506669b53fe80ffa2.jpg,WSSV_BG,5,laplacian_variance,0.0004589552991092205,9.947325452230871e-05,2.249720273539424e-05
WSSV_BG-58-img-2_jpg.rf.309de253f103119506669b53fe80ffa2.jpg,WSSV_BG,5,gradient_mean,0.0076732337474823,0.0011269859969615936,0.0009811632335186005
WSSV_BG-58-img-2_jpg.rf.309de253f103119506669b53fe80ffa2.jpg,WSSV_BG,5,lesion_gradient_mean,0.017970681190490723,0.010454878211021423,0.004852160811424255
WSSV_BG-58-img-2_jpg.rf.309de253f103119506669b53fe80ffa2.jpg,WSSV_BG,5,background_gradient_mean,0.007601644843816757,0.0011104913428425789,0.0009743161499500275
WSSV_BG-58-img-2_jpg.rf.309de253f103119506669b53fe80ffa2.jpg,WSSV_BG,6,low_energy_share,-0.00042430767844303663,-0.00027309244924556,-3.725205495186401e-05
WSSV_BG-58-img-2_jpg.rf.309de253f103119506669b53fe80ffa2.jpg,WSSV_BG,6,mid_energy_share,0.00027034809537317063,0.0002185318765716847,1.989735228971807e-05
WSSV_BG-58-img-2_jpg.rf.309de253f103119506669b53fe80ffa2.jpg,WSSV_BG,6,high_energy_share,0.00015403018562413736,5.4388414183767194e-05,1.749063710033185e-05
WSSV_BG-58-img-2_jpg.rf.309de253f103119506669b53fe80ffa2.jpg,WSSV_BG,6,clipping_fraction,1.0579427083333332e-05,1.6276041666666668e-06,4.8828125e-06
WSSV_BG-58-img-2_jpg.rf.309de253f103119506669b53fe80ffa2.jpg,WSSV_BG,6,laplacian_variance,0.0004589552991092205,0.00016778818098828197,3.8655183743685484e-05
WSSV_BG-58-img-2_jpg.rf.309de253f103119506669b53fe80ffa2.jpg,WSSV_BG,6,gradient_mean,0.0076732337474823,0.006019003689289093,0.001540541648864746
WSSV_BG-58-img-2_jpg.rf.309de253f103119506669b53fe80ffa2.jpg,WSSV_BG,6,lesion_gradient_mean,0.017970681190490723,0.014261499047279358,-0.0005342066287994385
WSSV_BG-58-img-2_jpg.rf.309de253f103119506669b53fe80ffa2.jpg,WSSV_BG,6,background_gradient_mean,0.007601644843816757,0.0059525929391384125,0.0015572644770145416
WSSV_BG-58-img-2_jpg.rf.309de253f103119506669b53fe80ffa2.jpg,WSSV_BG,7,low_energy_share,-0.00042430767844303663,-0.00031657735822032684,-2.7166767736619413e-05
WSSV_BG-58-img-2_jpg.rf.309de253f103119506669b53fe80ffa2.jpg,WSSV_BG,7,mid_energy_share,0.00027034809537317063,0.00025616831389135733,7.785409967885331e-06
WSSV_BG-58-img-2_jpg.rf.309de253f103119506669b53fe80ffa2.jpg,WSSV_BG,7,high_energy_share,0.00015403018562413736,6.0654335909440175e-05,1.913193084603505e-05
WSSV_BG-58-img-2_jpg.rf.309de253f103119506669b53fe80ffa2.jpg,WSSV_BG,7,clipping_fraction,1.0579427083333332e-05,1.5462239583333324e-05,2.360026041666667e-05
WSSV_BG-58-img-2_jpg.rf.309de253f103119506669b53fe80ffa2.jpg,WSSV_BG,7,laplacian_variance,0.0004589552991092205,0.00022805179469287395,2.790801227092743e-05
WSSV_BG-58-img-2_jpg.rf.309de253f103119506669b53fe80ffa2.jpg,WSSV_BG,7,gradient_mean,0.0076732337474823,0.008069407194852829,-7.665902376174927e-05
WSSV_BG-58-img-2_jpg.rf.309de253f103119506669b53fe80ffa2.jpg,WSSV_BG,7,lesion_gradient_mean,0.017970681190490723,0.017670869827270508,-0.0014127790927886963
WSSV_BG-58-img-2_jpg.rf.309de253f103119506669b53fe80ffa2.jpg,WSSV_BG,7,background_gradient_mean,0.007601644843816757,0.00797879695892334,-6.404891610145569e-05
WSSV_BG-58-img-2_jpg.rf.309de253f103119506669b53fe80ffa2.jpg,WSSV_BG,8,low_energy_share,-0.00042430767844303663,-0.00028006890461718115,-4.581347931575941e-05
WSSV_BG-58-img-2_jpg.rf.309de253f103119506669b53fe80ffa2.jpg,WSSV_BG,8,mid_energy_share,0.00027034809537317063,0.0002370618166926651,1.8498538259188778e-05
WSSV_BG-58-img-2_jpg.rf.309de253f103119506669b53fe80ffa2.jpg,WSSV_BG,8,high_energy_share,0.00015403018562413736,4.262603850111092e-05,2.768737494186302e-05
WSSV_BG-58-img-2_jpg.rf.309de253f103119506669b53fe80ffa2.jpg,WSSV_BG,8,clipping_fraction,1.0579427083333332e-05,8.138020833333334e-07,2.44140625e-06
WSSV_BG-58-img-2_jpg.rf.309de253f103119506669b53fe80ffa2.jpg,WSSV_BG,8,laplacian_variance,0.0004589552991092205,0.00012587400851771235,3.280967939645052e-05
WSSV_BG-58-img-2_jpg.rf.309de253f103119506669b53fe80ffa2.jpg,WSSV_BG,8,gradient_mean,0.0076732337474823,0.006370659917593002,0.0011710971593856812
WSSV_BG-58-img-2_jpg.rf.309de253f103119506669b53fe80ffa2.jpg,WSSV_BG,8,lesion_gradient_mean,0.017970681190490723,0.014344006776809692,-0.0014309585094451904
WSSV_BG-58-img-2_jpg.rf.309de253f103119506669b53fe80ffa2.jpg,WSSV_BG,8,background_gradient_mean,0.007601644843816757,0.006255552172660828,0.001208662986755371
WSSV_BG-58-img-2_jpg.rf.309de253f103119506669b53fe80ffa2.jpg,WSSV_BG,9,low_energy_share,-0.00042430767844303663,-0.0002978819072215755,-7.562657458926036e-05
WSSV_BG-58-img-2_jpg.rf.309de253f103119506669b53fe80ffa2.jpg,WSSV_BG,9,mid_energy_share,0.00027034809537317063,0.00024579473403218456,3.901706093696394e-05
WSSV_BG-58-img-2_jpg.rf.309de253f103119506669b53fe80ffa2.jpg,WSSV_BG,9,high_energy_share,0.00015403018562413736,5.21439851677674e-05,3.6175504589679175e-05
WSSV_BG-58-img-2_jpg.rf.309de253f103119506669b53fe80ffa2.jpg,WSSV_BG,9,clipping_fraction,1.0579427083333332e-05,0.00187011718750002,0.0009733072916666419
WSSV_BG-58-img-2_jpg.rf.309de253f103119506669b53fe80ffa2.jpg,WSSV_BG,9,laplacian_variance,0.0004589552991092205,6.634049350395799e-05,1.968268770724535e-05
WSSV_BG-58-img-2_jpg.rf.309de253f103119506669b53fe80ffa2.jpg,WSSV_BG,9,gradient_mean,0.0076732337474823,0.004142533987760544,0.0011919066309928894
WSSV_BG-58-img-2_jpg.rf.309de253f103119506669b53fe80ffa2.jpg,WSSV_BG,9,lesion_gradient_mean,0.017970681190490723,0.009894929826259613,0.0002774149179458618
WSSV_BG-58-img-2_jpg.rf.309de253f103119506669b53fe80ffa2.jpg,WSSV_BG,9,background_gradient_mean,0.007601644843816757,0.004065651446580887,0.001204121857881546
WSSV_BG-58-img-2_jpg.rf.309de253f103119506669b53fe80ffa2.jpg,WSSV_BG,10,low_energy_share,-0.00042430767844303663,-0.00021095112896829527,-3.917944255393824e-05
WSSV_BG-58-img-2_jpg.rf.309de253f103119506669b53fe80ffa2.jpg,WSSV_BG,10,mid_energy_share,0.00027034809537317063,0.00018192584726011698,1.656915677154423e-05
WSSV_BG-58-img-2_jpg.rf.309de253f103119506669b53fe80ffa2.jpg,WSSV_BG,10,high_energy_share,0.00015403018562413736,2.9055880536152915e-05,2.2780513951527626e-05
WSSV_BG-58-img-2_jpg.rf.309de253f103119506669b53fe80ffa2.jpg,WSSV_BG,10,clipping_fraction,1.0579427083333332e-05,0.0,1.5462239583333335e-05
WSSV_BG-58-img-2_jpg.rf.309de253f103119506669b53fe80ffa2.jpg,WSSV_BG,10,laplacian_variance,0.0004589552991092205,0.0001311583910137415,3.6914541851729155e-05
WSSV_BG-58-img-2_jpg.rf.309de253f103119506669b53fe80ffa2.jpg,WSSV_BG,10,gradient_mean,0.0076732337474823,0.006380990147590637,0.0010105930268764496
WSSV_BG-58-img-2_jpg.rf.309de253f103119506669b53fe80ffa2.jpg,WSSV_BG,10,lesion_gradient_mean,0.017970681190490723,0.014378622174263,-0.0012161880731582642
WSSV_BG-58-img-2_jpg.rf.309de253f103119506669b53fe80ffa2.jpg,WSSV_BG,10,background_gradient_mean,0.007601644843816757,0.006267517805099487,0.0010421760380268097
WSSV_BG-58-img-2_jpg.rf.309de253f103119506669b53fe80ffa2.jpg,WSSV_BG,11,low_energy_share,-0.00042430767844303663,-0.0001766222296367692,-4.5138083057283396e-05
WSSV_BG-58-img-2_jpg.rf.309de253f103119506669b53fe80ffa2.jpg,WSSV_BG,11,mid_energy_share,0.00027034809537317063,0.00014502866124023255,2.716390603029373e-05
WSSV_BG-58-img-2_jpg.rf.309de253f103119506669b53fe80ffa2.jpg,WSSV_BG,11,high_energy_share,0.00015403018562413736,3.130261325768016e-05,1.8385205364196048e-05
WSSV_BG-58-img-2_jpg.rf.309de253f103119506669b53fe80ffa2.jpg,WSSV_BG,11,clipping_fraction,1.0579427083333332e-05,0.0,0.0
WSSV_BG-58-img-2_jpg.rf.309de253f103119506669b53fe80ffa2.jpg,WSSV_BG,11,laplacian_variance,0.0004589552991092205,0.0001778852310962975,4.766636993736029e-05
WSSV_BG-58-img-2_jpg.rf.309de253f103119506669b53fe80ffa2.jpg,WSSV_BG,11,gradient_mean,0.0076732337474823,0.00580143928527832,0.001871492713689804
WSSV_BG-58-img-2_jpg.rf.309de253f103119506669b53fe80ffa2.jpg,WSSV_BG,11,lesion_gradient_mean,0.017970681190490723,0.014026612043380737,-0.0004793405532836914
WSSV_BG-58-img-2_jpg.rf.309de253f103119506669b53fe80ffa2.jpg,WSSV_BG,11,background_gradient_mean,0.007601644843816757,0.0057389624416828156,0.0018893629312515259
