filename,stratum,realization,draw_seed,mode,angle,scale,translate_x_px,translate_y_px,hue_delta,sat_gain,val_gain,flipud,fliplr,mean_intensity,pixel_std,clipping_fraction,laplacian_variance,gradient_mean,lesion_gradient_mean,background_gradient_mean,low_energy,low_energy_share,mid_energy,mid_energy_share,high_energy,high_energy_share
Healthy-136-img-1_jpg.rf.fdc35bb6ce35b407deb6c6efb264c819.jpg,Healthy,0,42000000,original,6.8224228509210505,1.4923325002284744,31.985449974781204,-50.38497126353218,7.290250778198242,1.1874924898147583,1.30351722240448,False,False,0.462546706199646,0.10300398617982864,0.0031404622395833333,0.0029390037525445223,0.06638910621404648,,0.06638910621404648,37587968000.0,0.99769578940685,65736996.0,0.0017448542075340424,21082962.0,0.0005596041375693579
Healthy-136-img-1_jpg.rf.fdc35bb6ce35b407deb6c6efb264c819.jpg,Healthy,0,42000000,w1_only,6.8224228509210505,1.4923325002284744,31.985449974781204,-50.38497126353218,7.290250778198242,1.1874924898147583,1.30351722240448,False,False,0.46064457297325134,0.10389482975006104,0.0048868815104166664,0.003545826068148017,0.07436083257198334,,0.07436083257198334,37308522496.0,0.997258136441516,77042288.0,0.002059343104951635,25528410.0,0.0006823753094388678
Healthy-136-img-1_jpg.rf.fdc35bb6ce35b407deb6c6efb264c819.jpg,Healthy,0,42000000,strong_only,6.8224228509210505,1.4923325002284744,31.985449974781204,-50.38497126353218,7.290250778198242,1.1874924898147583,1.30351722240448,False,False,0.4576970040798187,0.13791123032569885,0.219658203125,0.0014002604875713587,0.10586701333522797,,0.10586701333522797,38235107328.0,0.9973429454126944,91831840.0,0.0023953859211792113,10027342.0,0.0002615580157562888
Healthy-136-img-1_jpg.rf.fdc35bb6ce35b407deb6c6efb264c819.jpg,Healthy,0,42000000,w1_then_strong,6.8224228509210505,1.4923325002284744,31.985449974781204,-50.38497126353218,7.290250778198242,1.1874924898147583,1.30351722240448,False,False,0.45653966069221497,0.13958491384983063,0.22046549479166666,0.0016762290615588427,0.11500894278287888,,0.11500894278287888,38116962304.0,0.9968518378865227,108555392.0,0.002838989139917269,11842916.0,0.0003097212334598033
Healthy-136-img-1_jpg.rf.fdc35bb6ce35b407deb6c6efb264c819.jpg,Healthy,0,42000000,strong_then_w1,6.8224228509210505,1.4923325002284744,31.985449974781204,-50.38497126353218,7.290250778198242,1.1874924898147583,1.30351722240448,False,False,0.45624101161956787,0.13898268342018127,0.22044677734375,0.001684812130406499,0.11274699121713638,,0.11274699121713638,38044344320.0,0.9968784794318154,106975944.0,0.0028030977612207414,12169194.0,0.0003188701981191293
Healthy-136-img-1_jpg.rf.fdc35bb6ce35b407deb6c6efb264c819.jpg,Healthy,1,42000001,original,0.08102321510191146,1.0500424901924197,-26.383868296076628,27.69616779376554,5.166452884674072,1.3144044876098633,1.08445405960083,False,True,0.462546706199646,0.10300398617982864,0.0031404622395833333,0.0029390037525445223,0.06638910621404648,,0.06638910621404648,37587968000.0,0.99769578940685,65736996.0,0.0017448542075340424,21082962.0,0.0005596041375693579
Healthy-136-img-1_jpg.rf.fdc35bb6ce35b407deb6c6efb264c819.jpg,Healthy,1,42000001,w1_only,0.08102321510191146,1.0500424901924197,-26.383868296076628,27.69616779376554,5.166452884674072,1.3144044876098633,1.08445405960083,False,True,0.46064457297325134,0.10389482975006104,0.0048868815104166664,0.003545826068148017,0.07436083257198334,,0.07436083257198334,37308522496.0,0.997258136441516,77042288.0,0.002059343104951635,25528410.0,0.0006823753094388678
Healthy-136-img-1_jpg.rf.fdc35bb6ce35b407deb6c6efb264c819.jpg,Healthy,1,42000001,strong_only,0.08102321510191146,1.0500424901924197,-26.383868296076628,27.69616779376554,5.166452884674072,1.3144044876098633,1.08445405960083,False,True,0.4165021479129791,0.0961650088429451,0.2633365885416667,0.0014219426084309816,0.06640475988388062,,0.06640475988388062,30581336064.0,0.9975764551991272,63506000.0,0.0020715932826248598,10787071.0,0.0003518789377822163
Healthy-136-img-1_jpg.rf.fdc35bb6ce35b407deb6c6efb264c819.jpg,Healthy,1,42000001,w1_then_strong,0.08102321510191146,1.0500424901924197,-26.383868296076628,27.69616779376554,5.166452884674072,1.3144044876098633,1.08445405960083,False,True,0.4155641496181488,0.09712987393140793,0.26328938802083335,0.0016968698473647237,0.07296451926231384,,0.07296451926231384,30470105088.0,0.9971900625372615,73079696.0,0.002391667059039585,12777864.0,0.0004181790303792149
Healthy-136-img-1_jpg.rf.fdc35bb6ce35b407deb6c6efb264c819.jpg,Healthy,1,42000001,strong_then_w1,0.08102321510191146,1.0500424901924197,-26.383868296076628,27.69616779376554,5.166452884674072,1.3144044876098633,1.08445405960083,False,True,0.41534560918807983,0.0970916897058487,0.26403483072916667,0.001709053642116487,0.07215427607297897,,0.07215427607297897,30437535744.0,0.9971586294461371,73766520.0,0.0024166516830033116,12964755.0,0.00042473600476849934
Healthy-136-img-1_jpg.rf.fdc35bb6ce35b407deb6c6efb264c819.jpg,Healthy,2,42000002,original,-4.4733025653226255,0.7296831876760698,-26.362838950441983,-14.90475157022621,4.0608296394348145,0.7433426380157471,1.2317547798156738,True,False,0.462546706199646,0.10300398617982864,0.0031404622395833333,0.0029390037525445223,0.06638910621404648,,0.06638910621404648,37587968000.0,0.99769578940685,65736996.0,0.0017448542075340424,21082962.0,0.0005596041375693579
Healthy-136-img-1_jpg.rf.fdc35bb6ce35b407deb6c6efb264c819.jpg,Healthy,2,42000002,w1_only,-4.4733025653226255,0.7296831876760698,-26.362838950441983,-14.90475157022621,4.0608296394348145,0.7433426380157471,1.2317547798156738,True,False,0.46064457297325134,0.10389482975006104,0.0048868815104166664,0.003545826068148017,0.07436083257198334,,0.07436083257198334,37308522496.0,0.997258136441516,77042288.0,0.002059343104951635,25528410.0,0.0006823753094388678
Healthy-136-img-1_jpg.rf.fdc35bb6ce35b407deb6c6efb264c819.jpg,Healthy,2,42000002,strong_only,-4.4733025653226255,0.7296831876760698,-26.362838950441983,-14.90475157022621,4.0608296394348145,0.7433426380157471,1.2317547798156738,True,False,0.568249523639679,0.09138888865709305,0.0026708984375,0.001993258483707905,0.053221896290779114,,0.053221896290779114,55487553536.0,0.9984062222263494,74267568.0,0.001336321341915191,14310298.0,0.00025749000730125257
Healthy-136-img-1_jpg.rf.fdc35bb6ce35b407deb6c6efb264c819.jpg,Healthy,2,42000002,w1_then_strong,-4.4733025653226255,0.7296831876760698,-26.362838950441983,-14.90475157022621,4.0608296394348145,0.7433426380157471,1.2317547798156738,True,False,0.5671465992927551,0.09193076193332672,0.00262939453125,0.00237548490986228,0.05820637196302414,,0.05820637196302414,55281770496.0,0.9981776719552146,83658744.0,0.0015105574509531943,17260970.0,0.0003116672041380344
Healthy-136-img-1_jpg.rf.fdc35bb6ce35b407deb6c6efb264c819.jpg,Healthy,2,42000002,strong_then_w1,-4.4733025653226255,0.7296831876760698,-26.362838950441983,-14.90475157022621,4.0608296394348145,0.7433426380157471,1.2317547798156738,True,False,0.5670309662818909,0.09223438054323196,0.00269775390625,0.0024185795336961746,0.05871357396245003,,0.05871357396245003,55265648640.0,0.9981140080122295,86942648.0,0.001570210012873495,17477542.0,0.0003156495929226477
Healthy-136-img-1_jpg.rf.fdc35bb6ce35b407deb6c6efb264c819.jpg,Healthy,3,42000003,original,7.416565578029818,0.750577227241397,-58.50627683573009,-39.537341978926236,8.475418090820312,0.7450559139251709,0.7906757593154907,False,True,0.462546706199646,0.10300398617982864,0.0031404622395833333,0.0029390037525445223,0.06638910621404648,,0.06638910621404648,37587968000.0,0.99769578940685,65736996.0,0.0017448542075340424,21082962.0,0.0005596041375693579
Healthy-136-img-1_jpg.rf.fdc35bb6ce35b407deb6c6efb264c819.jpg,Healthy,3,42000003,w1_only,7.416565578029818,0.750577227241397,-58.50627683573009,-39.537341978926236,8.475418090820312,0.7450559139251709,0.7906757593154907,False,True,0.46064457297325134,0.10389482975006104,0.0048868815104166664,0.003545826068148017,0.07436083257198334,,0.07436083257198334,37308522496.0,0.997258136441516,77042288.0,0.002059343104951635,25528410.0,0.0006823753094388678
Healthy-136-img-1_jpg.rf.fdc35bb6ce35b407deb6c6efb264c819.jpg,Healthy,3,42000003,strong_only,7.416565578029818,0.750577227241397,-58.50627683573009,-39.537341978926236,8.475418090820312,0.7450559139251709,0.7906757593154907,False,True,0.3512723445892334,0.057516373693943024,0.0,0.0008243710035458207,0.03457040712237358,,0.03457040712237358,21221203968.0,0.9983256088202522,29673990.0,0.001395976598573169,5916639.0,0.0002783410517495408
Healthy-136-img-1_jpg.rf.fdc35bb6ce35b407deb6c6efb264c819.jpg,Healthy,3,42000003,w1_then_strong,7.416565578029818,0.750577227241397,-58.50627683573009,-39.537341978926236,8.475418090820312,0.7450559139251709,0.7906757593154907,False,True,0.3504411280155182,0.05798616260290146,0.0,0.0009887112537398934,0.03827454149723053,,0.03827454149723053,21127227392.0,0.9980716837139463,33632944.0,0.001588854439984288,7183128.5,0.00033933828719254184
Healthy-136-img-1_jpg.rf.fdc35bb6ce35b407deb6c6efb264c819.jpg,Healthy,3,42000003,strong_then_w1,7.416565578029818,0.750577227241397,-58.50627683573009,-39.537341978926236,8.475418090820312,0.7450559139251709,0.7906757593154907,False,True,0.3500005602836609,0.05817606672644615,4.069010416666667e-06,0.0010120306396856904,0.03912647068500519,,0.03912647068500519,21077831680.0,0.9980046520301068,34830664.0,0.00164918124563454,7308190.0,0.00034603215969508617
Healthy-136-img-1_jpg.rf.fdc35bb6ce35b407deb6c6efb264c819.jpg,Healthy,4,42000004,original,-4.340322225639646,0.9500062073424222,-0.12696471671176823,-6.877837735750347,6.309410572052002,1.0617718696594238,1.0145785808563232,False,True,0.462546706199646,0.10300398617982864,0.0031404622395833333,0.0029390037525445223,0.06638910621404648,,0.06638910621404648,37587968000.0,0.99769578940685,65736996.0,0.0017448542075340424,21082962.0,0.0005596041375693579
Healthy-136-img-1_jpg.rf.fdc35bb6ce35b407deb6c6efb264c819.jpg,Healthy,4,42000004,w1_only,-4.340322225639646,0.9500062073424222,-0.12696471671176823,-6.877837735750347,6.309410572052002,1.0617718696594238,1.0145785808563232,False,True,0.46064457297325134,0.10389482975006104,0.0048868815104166664,0.003545826068148017,0.07436083257198334,,0.07436083257198334,37308522496.0,0.997258136441516,77042288.0,0.002059343104951635,25528410.0,0.0006823753094388678
Healthy-136-img-1_jpg.rf.fdc35bb6ce35b407deb6c6efb264c819.jpg,Healthy,4,42000004,strong_only,-4.340322225639646,0.9500062073424222,-0.12696471671176823,-6.877837735750347,6.309410572052002,1.0617718696594238,1.0145785808563232,False,True,0.39210546016693115,0.08897646516561508,0.15258626302083333,0.0013452133862301707,0.06087315082550049,,0.06087315082550049,27059466240.0,0.9976710791799099,53853620.0,0.0019855601993997345,9319201.0,0.00034359500059246166
Healthy-136-img-1_jpg.rf.fdc35bb6ce35b407deb6c6efb264c819.jpg,Healthy,4,42000004,w1_then_strong,-4.340322225639646,0.9500062073424222,-0.12696471671176823,-6.877837735750347,6.309410572052002,1.0617718696594238,1.0145785808563232,False,True,0.39106297492980957,0.08971979469060898,0.1657958984375,0.001616267254576087,0.06702384352684021,,0.06702384352684021,26934417408.0,0.9972780216246229,62237756.0,0.0023044250496987028,11280871.0,0.00041768732334789916
Healthy-136-img-1_jpg.rf.fdc35bb6ce35b407deb6c6efb264c819.jpg,Healthy,4,42000004,strong_then_w1,-4.340322225639646,0.9500062073424222,-0.12696471671176823,-6.877837735750347,6.309410572052002,1.0617718696594238,1.0145785808563232,False,True,0.390560507774353,0.08969885855913162,0.15642740885416667,0.0016288097249343991,0.06720020622015,,0.06720020622015,26867200000.0,0.9972450760323591,62875004.0,0.0023337671266270726,11351060.0,0.0004213237215916757
Healthy-136-img-1_jpg.rf.fdc35bb6ce35b407deb6c6efb264c819.jpg,Healthy,5,42000005,original,9.578683808453185,1.3300556418873748,52.93966077288178,-3.171378655841636,3.853973150253296,0.5528855323791504,1.1741063594818115,False,True,0.462546706199646,0.10300398617982864,0.0031404622395833333,0.0029390037525445223,0.06638910621404648,,0.06638910621404648,37587968000.0,0.99769578940685,65736996.0,0.0017448542075340424,21082962.0,0.0005596041375693579
Healthy-136-img-1_jpg.rf.fdc35bb6ce35b407deb6c6efb264c819.jpg,Healthy,5,42000005,w1_only,9.578683808453185,1.3300556418873748,52.93966077288178,-3.171378655841636,3.853973150253296,0.5528855323791504,1.1741063594818115,False,True,0.46064457297325134,0.10389482975006104,0.0048868815104166664,0.003545826068148017,0.07436083257198334,,0.07436083257198334,37308522496.0,0.997258136441516,77042288.0,0.002059343104951635,25528410.0,0.0006823753094388678
Healthy-136-img-1_jpg.rf.fdc35bb6ce35b407deb6c6efb264c819.jpg,Healthy,5,42000005,strong_only,9.578683808453185,1.3300556418873748,52.93966077288178,-3.171378655841636,3.853973150253296,0.5528855323791504,1.1741063594818115,False,True,0.5942617654800415,0.16567908227443695,0.0057275390625,0.001291183871217072,0.09103681892156601,,0.09103681892156601,63769321472.0,0.9986814620882344,74807760.0,0.0011715527373950374,9391169.0,0.00014707364248427456
Healthy-136-img-1_jpg.rf.fdc35bb6ce35b407deb6c6efb264c819.jpg,Healthy,5,42000005,w1_then_strong,9.578683808453185,1.3300556418873748,52.93966077288178,-3.171378655841636,3.853973150253296,0.5528855323791504,1.1741063594818115,False,True,0.5922794938087463,0.16679321229457855,0.005677897135416667,0.0015540672466158867,0.09965406358242035,,0.09965406358242035,63420780544.0,0.9984214669150621,89094080.0,0.0014025914106391968,11160025.0,0.00017569018286645648
Healthy-136-img-1_jpg.rf.fdc35bb6ce35b407deb6c6efb264c819.jpg,Healthy,5,42000005,strong_then_w1,9.578683808453185,1.3300556418873748,52.93966077288178,-3.171378655841636,3.853973150253296,0.5528855323791504,1.1741063594818115,False,True,0.5923003554344177,0.1665048748254776,0.00576904296875,0.0015729960286989808,0.09878703206777573,,0.09878703206777573,63409659904.0,0.9984345842341633,87864424.0,0.0013834939310229648,11553045.0,0.0001819117102769058
Healthy-136-img-1_jpg.rf.fdc35bb6ce35b407deb6c6efb264c819.jpg,Healthy,6,42000006,original,-3.38978367952455,0.8976607807911019,-22.291925844794264,-37.85483983826356,1.7280189990997314,1.0913065671920776,1.2325173616409302,False,False,0.462546706199646,0.10300398617982864,0.0031404622395833333,0.0029390037525445223,0.06638910621404648,,0.06638910621404648,37587968000.0,0.99769578940685,65736996.0,0.0017448542075340424,21082962.0,0.0005596041375693579
Healthy-136-img-1_jpg.rf.fdc35bb6ce35b407deb6c6efb264c819.jpg,Healthy,6,42000006,w1_only,-3.38978367952455,0.8976607807911019,-22.291925844794264,-37.85483983826356,1.7280189990997314,1.0913065671920776,1.2325173616409302,False,False,0.46064457297325134,0.10389482975006104,0.0048868815104166664,0.003545826068148017,0.07436083257198334,,0.07436083257198334,37308522496.0,0.997258136441516,77042288.0,0.002059343104951635,25528410.0,0.0006823753094388678
Healthy-136-img-1_jpg.rf.fdc35bb6ce35b407deb6c6efb264c819.jpg,Healthy,6,42000006,strong_only,-3.38978367952455,0.8976607807911019,-22.291925844794264,-37.85483983826356,1.7280189990997314,1.0913065671920776,1.2325173616409302,False,False,0.5382335186004639,0.10303081572055817,0.20621500651041666,0.0018562159966677427,0.06563933193683624,,0.06563933193683624,50294894592.0,0.9982360389326645,76111240.0,0.0015106301216493336,12770375.0,0.00025346207918511916
Healthy-136-img-1_jpg.rf.fdc35bb6ce35b407deb6c6efb264c819.jpg,Healthy,6,42000006,w1_then_strong,-3.38978367952455,0.8976607807911019,-22.291925844794264,-37.85483983826356,1.7280189990997314,1.0913065671920776,1.2325173616409302,False,False,0.5371289849281311,0.10407424718141556,0.2074365234375,0.002225682372227311,0.07239043712615967,,0.07239043712615967,50117537792.0,0.9979444463021973,87786752.0,0.001748016871477123,15448980.0,0.0003076213331951573
Healthy-136-img-1_jpg.rf.fdc35bb6ce35b407deb6c6efb264c819.jpg,Healthy,6,42000006,strong_then_w1,-3.38978367952455,0.8976607807911019,-22.291925844794264,-37.85483983826356,1.7280189990997314,1.0913065671920776,1.2325173616409302,False,False,0.537040114402771,0.10406261682510376,0.20793863932291667,0.0022407390642911196,0.07175150513648987,,0.07175150513648987,50099810304.0,0.9979183177755836,88963120.0,0.0017720212215529944,15545499.0,0.0003096446496888919
Healthy-136-img-1_jpg.rf.fdc35bb6ce35b407deb6c6efb264c819.jpg,Healthy,7,42000007,original,-0.09467164556264684,1.367888623708314,-28.655306464346552,-47.63267388333992,1.0251421928405762,1.047143816947937,1.310386300086975,True,True,0.462546706199646,0.10300398617982864,0.0031404622395833333,0.0029390037525445223,0.06638910621404648,,0.06638910621404648,37587968000.0,0.99769578940685,65736996.0,0.0017448542075340424,21082962.0,0.0005596041375693579
Healthy-136-img-1_jpg.rf.fdc35bb6ce35b407deb6c6efb264c819.jpg,Healthy,7,42000007,w1_only,-0.09467164556264684,1.367888623708314,-28.655306464346552,-47.63267388333992,1.0251421928405762,1.047143816947937,1.310386300086975,True,True,0.46064457297325134,0.10389482975006104,0.0048868815104166664,0.003545826068148017,0.07436083257198334,,0.07436083257198334,37308522496.0,0.997258136441516,77042288.0,0.002059343104951635,25528410.0,0.0006823753094388678
Healthy-136-img-1_jpg.rf.fdc35bb6ce35b407deb6c6efb264c819.jpg,Healthy,7,42000007,strong_only,-0.09467164556264684,1.367888623708314,-28.655306464346552,-47.63267388333992,1.0251421928405762,1.047143816947937,1.310386300086975,True,True,0.539497971534729,0.14400477707386017,0.09141276041666667,0.0014826240949332714,0.10029097646474838,,0.10029097646474838,52210499584.0,0.9980865452820543,90046312.0,0.00172137813611368,10054215.0,0.00019220227339001073
Healthy-136-img-1_jpg.rf.fdc35bb6ce35b407deb6c6efb264c819.jpg,Healthy,7,42000007,w1_then_strong,-0.09467164556264684,1.367888623708314,-28.655306464346552,-47.63267388333992,1.0251421928405762,1.047143816947937,1.310386300086975,True,True,0.5376576781272888,0.145626038312912,0.10701334635416666,0.0017837148625403643,0.10982472449541092,,0.10982472449541092,51937435648.0,0.9977070902849036,107293616.0,0.0020610875390731378,12066112.0,0.00023178744472794033
Healthy-136-img-1_jpg.rf.fdc35bb6ce35b407deb6c6efb264c819.jpg,Healthy,7,42000007,strong_then_w1,-0.09467164556264684,1.367888623708314,-28.655306464346552,-47.63267388333992,1.0251421928405762,1.047143816947937,1.310386300086975,True,True,0.5377293825149536,0.145027294754982,0.10315104166666667,0.0017927569570019841,0.1078794002532959,,0.1078794002532959,51922841600.0,0.997738407923868,105387896.0,0.002025111652777613,12302227.0,0.00023639700761096295
Healthy-136-img-1_jpg.rf.fdc35bb6ce35b407deb6c6efb264c819.jpg,Healthy,8,42000008,original,-8.618048607714961,0.7034071134743771,16.27236768681024,-18.21930871288555,6.386263847351074,1.3967899084091187,0.7793711423873901,True,True,0.462546706199646,0.10300398617982864,0.0031404622395833333,0.0029390037525445223,0.06638910621404648,,0.06638910621404648,37587968000.0,0.99769578940685,65736996.0,0.0017448542075340424,21082962.0,0.0005596041375693579
Healthy-136-img-1_jpg.rf.fdc35bb6ce35b407deb6c6efb264c819.jpg,Healthy,8,42000008,w1_only,-8.618048607714961,0.7034071134743771,16.27236768681024,-18.21930871288555,6.386263847351074,1.3967899084091187,0.7793711423873901,True,True,0.46064457297325134,0.10389482975006104,0.0048868815104166664,0.003545826068148017,0.07436083257198334,,0.07436083257198334,37308522496.0,0.997258136441516,77042288.0,0.002059343104951635,25528410.0,0.0006823753094388678
Healthy-136-img-1_jpg.rf.fdc35bb6ce35b407deb6c6efb264c819.jpg,Healthy,8,42000008,strong_only,-8.618048607714961,0.7034071134743771,16.27236768681024,-18.21930871288555,6.386263847351074,1.3967899084091187,0.7793711423873901,True,True,0.31824448704719543,0.05491951107978821,0.1368310546875,0.0008923224522732198,0.031130895018577576,,0.031130895018577576,17463638016.0,0.9980409426368856,27814992.0,0.0015896172841926496,6460513.0,0.0003692161094114752
Healthy-136-img-1_jpg.rf.fdc35bb6ce35b407deb6c6efb264c819.jpg,Healthy,8,42000008,w1_then_strong,-8.618048607714961,0.7034071134743771,16.27236768681024,-18.21930871288555,6.386263847351074,1.3967899084091187,0.7793711423873901,True,True,0.3179430067539215,0.055426470935344696,0.13697102864583333,0.0010467292740941048,0.033604394644498825,,0.033604394644498825,17436618752.0,0.9977968475195578,30881516.0,0.001767170559251371,7623734.0,0.00043626220540350717
Healthy-136-img-1_jpg.rf.fdc35bb6ce35b407deb6c6efb264c819.jpg,Healthy,8,42000008,strong_then_w1,-8.618048607714961,0.7034071134743771,16.27236768681024,-18.21930871288555,6.386263847351074,1.3967899084091187,0.7793711423873901,True,True,0.31752002239227295,0.055731769651174545,0.13717366536458334,0.0010751611553132534,0.03440108150243759,,0.03440108150243759,17395580928.0,0.9976975494794291,32335274.0,0.001854541320871828,7805034.5,0.0004476460904917703
Healthy-136-img-1_jpg.rf.fdc35bb6ce35b407deb6c6efb264c819.jpg,Healthy,9,42000009,original,4.991351870723566,0.7460799504885451,-59.895789650810514,-37.16965363558211,0.9554339647293091,1.0969184637069702,0.8739762306213379,True,True,0.462546706199646,0.10300398617982864,0.0031404622395833333,0.0029390037525445223,0.06638910621404648,,0.06638910621404648,37587968000.0,0.99769578940685,65736996.0,0.0017448542075340424,21082962.0,0.0005596041375693579
Healthy-136-img-1_jpg.rf.fdc35bb6ce35b407deb6c6efb264c819.jpg,Healthy,9,42000009,w1_only,4.991351870723566,0.7460799504885451,-59.895789650810514,-37.16965363558211,0.9554339647293091,1.0969184637069702,0.8739762306213379,True,True,0.46064457297325134,0.10389482975006104,0.0048868815104166664,0.003545826068148017,0.07436083257198334,,0.07436083257198334,37308522496.0,0.997258136441516,77042288.0,0.002059343104951635,25528410.0,0.0006823753094388678
Healthy-136-img-1_jpg.rf.fdc35bb6ce35b407deb6c6efb264c819.jpg,Healthy,9,42000009,strong_only,4.991351870723566,0.7460799504885451,-59.895789650810514,-37.16965363558211,0.9554339647293091,1.0969184637069702,0.8739762306213379,True,True,0.3889733552932739,0.06453289091587067,0.14306884765625,0.0009935207199305296,0.03749696910381317,,0.03749696910381317,26039144448.0,0.9983315371976751,36360924.0,0.0013940648942341101,7148746.0,0.0002740803791563855
Healthy-136-img-1_jpg.rf.fdc35bb6ce35b407deb6c6efb264c819.jpg,Healthy,9,42000009,w1_then_strong,4.991351870723566,0.7460799504885451,-59.895789650810514,-37.16965363558211,0.9554339647293091,1.0969184637069702,0.8739762306213379,True,True,0.38841938972473145,0.0650743693113327,0.1439208984375,0.0011881771497428417,0.04100250080227852,,0.04100250080227852,25972406272.0,0.9980867531145747,41137816.0,0.0015808742852574766,8644278.0,0.0003321886802356481
Healthy-136-img-1_jpg.rf.fdc35bb6ce35b407deb6c6efb264c819.jpg,Healthy,9,42000009,strong_then_w1,4.991351870723566,0.7460799504885451,-59.895789650810514,-37.16965363558211,0.9554339647293091,1.0969184637069702,0.8739762306213379,True,True,0.38804951310157776,0.06523866951465607,0.14456787109375,0.0012089259689673781,0.04181874170899391,,0.04181874170899391,25926266880.0,0.9980241041476784,42572740.0,0.001638825246082325,8753841.0,0.0003369765636646959
Healthy-136-img-1_jpg.rf.fdc35bb6ce35b407deb6c6efb264c819.jpg,Healthy,10,42000010,original,-1.98311191299066,0.953051241753502,-27.678592484236617,47.297322403444014,-6.773336887359619,1.0848534107208252,0.8283098936080933,True,True,0.462546706199646,0.10300398617982864,0.0031404622395833333,0.0029390037525445223,0.06638910621404648,,0.06638910621404648,37587968000.0,0.99769578940685,65736996.0,0.0017448542075340424,21082962.0,0.0005596041375693579
Healthy-136-img-1_jpg.rf.fdc35bb6ce35b407deb6c6efb264c819.jpg,Healthy,10,42000010,w1_only,-1.98311191299066,0.953051241753502,-27.678592484236617,47.297322403444014,-6.773336887359619,1.0848534107208252,0.8283098936080933,True,True,0.46064457297325134,0.10389482975006104,0.0048868815104166664,0.003545826068148017,0.07436083257198334,,0.07436083257198334,37308522496.0,0.997258136441516,77042288.0,0.002059343104951635,25528410.0,0.0006823753094388678
Healthy-136-img-1_jpg.rf.fdc35bb6ce35b407deb6c6efb264c819.jpg,Healthy,10,42000010,strong_only,-1.98311191299066,0.953051241753502,-27.678592484236617,47.297322403444014,-6.773336887359619,1.0848534107208252,0.8283098936080933,True,True,0.3766160309314728,0.07697872817516327,0.20766357421875,0.0008085748413577676,0.04506447911262512,,0.04506447911262512,24753426432.0,0.9984873949024464,31576716.0,0.0012737207507424238,5917895.0,0.00023871214670375591
Healthy-136-img-1_jpg.rf.fdc35bb6ce35b407deb6c6efb264c819.jpg,Healthy,10,42000010,w1_then_strong,-1.98311191299066,0.953051241753502,-27.678592484236617,47.297322403444014,-6.773336887359619,1.0848534107208252,0.8283098936080933,True,True,0.37557747960090637,0.07756856083869934,0.21045247395833333,0.0009680228540673852,0.04936223849654198,,0.04936223849654198,24631320576.0,0.9982241637235393,36747344.0,0.0014892456383034174,7073110.0,0.0002866492396495454
Healthy-136-img-1_jpg.rf.fdc35bb6ce35b407deb6c6efb264c819.jpg,Healthy,10,42000010,strong_then_w1,-1.98311191299066,0.953051241753502,-27.678592484236617,47.297322403444014,-6.773336887359619,1.0848534107208252,0.8283098936080933,True,True,0.3753471374511719,0.07765039801597595,0.21170979817708332,0.0009848724585026503,0.050153687596321106,,0.050153687596321106,24603879424.0,0.9981997095206758,37079828.0,0.0015043592476140979,7297336.0,0.00029605894867007666
Healthy-136-img-1_jpg.rf.fdc35bb6ce35b407deb6c6efb264c819.jpg,Healthy,11,42000011,original,-6.050648855442049,0.5774169956850274,-3.436728438345483,25.72713730876154,6.667949676513672,0.5436912178993225,0.9702364206314087,True,True,0.462546706199646,0.10300398617982864,0.0031404622395833333,0.0029390037525445223,0.06638910621404648,,0.06638910621404648,37587968000.0,0.99769578940685,65736996.0,0.0017448542075340424,21082962.0,0.0005596041375693579
Healthy-136-img-1_jpg.rf.fdc35bb6ce35b407deb6c6efb264c819.jpg,Healthy,11,42000011,w1_only,-6.050648855442049,0.5774169956850274,-3.436728438345483,25.72713730876154,6.667949676513672,0.5436912178993225,0.9702364206314087,True,True,0.46064457297325134,0.10389482975006104,0.0048868815104166664,0.003545826068148017,0.07436083257198334,,0.07436083257198334,37308522496.0,0.997258136441516,77042288.0,0.002059343104951635,25528410.0,0.0006823753094388678
Healthy-136-img-1_jpg.rf.fdc35bb6ce35b407deb6c6efb264c819.jpg,Healthy,11,42000011,strong_only,-6.050648855442049,0.5774169956850274,-3.436728438345483,25.72713730876154,6.667949676513672,0.5436912178993225,0.9702364206314087,True,True,0.4523569941520691,0.06810656189918518,0.0,0.0013336178380995989,0.03256774693727493,,0.03256774693727493,35055419392.0,0.9984759987003464,44150248.0,0.0012575220530588816,9346119.0,0.00026620350474617087
Healthy-136-img-1_jpg.rf.fdc35bb6ce35b407deb6c6efb264c819.jpg,Healthy,11,42000011,w1_then_strong,-6.050648855442049,0.5774169956850274,-3.436728438345483,25.72713730876154,6.667949676513672,0.5436912178993225,0.9702364206314087,True,True,0.45180636644363403,0.06814403086900711,0.0,0.0015808736206963658,0.03506214916706085,,0.03506214916706085,34966642688.0,0.998297692699444,48418484.0,0.0013823477790675374,11205442.0,0.00031991538318651414
Healthy-136-img-1_jpg.rf.fdc35bb6ce35b407deb6c6efb264c819.jpg,Healthy,11,42000011,strong_then_w1,-6.050648855442049,0.5774169956850274,-3.436728438345483,25.72713730876154,6.667949676513672,0.5436912178993225,0.9702364206314087,True,True,0.45160120725631714,0.06850971281528473,0.0,0.0016234874492511153,0.036320760846138,,0.036320760846138,34940338176.0,0.9981946653460935,51749564.0,0.001478409809847464,11442712.0,0.00032690164639955795
Healthy-111-img-1_jpg.rf.9f2421ddb071fac4c2d8c7652b61d3ec.jpg,Healthy,0,42001000,original,-9.067569863842087,0.8408359601052112,-28.274612964211713,1.4628821006680823,8.470242500305176,1.2167701721191406,1.2027745246887207,False,True,0.3630259037017822,0.11161694675683975,0.00015299479166666668,0.002786417258903384,0.05962922051548958,,0.05962922051548958,24142641152.0,0.9976101495526773,37204508.0,0.001537346082238359,20636044.0,0.000852712294872933
Healthy-111-img-1_jpg.rf.9f2421ddb071fac4c2d8c7652b61d3ec.jpg,Healthy,0,42001000,w1_only,-9.067569863842087,0.8408359601052112,-28.274612964211713,1.4628821006680823,8.470242500305176,1.2167701721191406,1.2027745246887207,False,True,0.3610507845878601,0.11215954273939133,0.00031005859375,0.00346689042635262,0.06740882247686386,,0.06740882247686386,23910922240.0,0.9970809012492148,44293244.0,0.0018470198348472975,25707260.0,0.0010719878435541217
Healthy-111-img-1_jpg.rf.9f2421ddb071fac4c2d8c7652b61d3ec.jpg,Healthy,0,42001000,strong_only,-9.067569863842087,0.8408359601052112,-28.274612964211713,1.4628821006680823,8.470242500305176,1.2167701721191406,1.2027745246887207,False,True,0.3643152117729187,0.13811171054840088,0.19087239583333335,0.0018358576344326138,0.049237851053476334,,0.049237851053476334,25405435904.0,0.9975477449908902,47647780.0,0.0018708962787502674,14801462.0,0.000581181330501935
Healthy-111-img-1_jpg.rf.9f2421ddb071fac4c2d8c7652b61d3ec.jpg,Healthy,0,42001000,w1_then_strong,-9.067569863842087,0.8408359601052112,-28.274612964211713,1.4628821006680823,8.470242500305176,1.2167701721191406,1.2027745246887207,False,True,0.3635415732860565,0.13879789412021637,0.19136474609375,0.002133665606379509,0.05278155207633972,,0.05278155207633972,25335914496.0,0.9972694713808807,52340832.0,0.0020602340550413692,17032880.0,0.0006704463435245553
Healthy-111-img-1_jpg.rf.9f2421ddb071fac4c2d8c7652b61d3ec.jpg,Healthy,0,42001000,strong_then_w1,-9.067569863842087,0.8408359601052112,-28.274612964211713,1.4628821006680823,8.470242500305176,1.2167701721191406,1.2027745246887207,False,True,0.3632606267929077,0.13907106220722198,0.19180419921875,0.002228223253041506,0.05462019518017769,,0.05462019518017769,25310758912.0,0.9971239467837775,55033708.0,0.0021680672759712923,17973774.0,0.0007080815131537863
Healthy-111-img-1_jpg.rf.9f2421ddb071fac4c2d8c7652b61d3ec.jpg,Healthy,1,42001001,original,-7.175272945051015,1.4208440989353102,-1.231492965994903,-63.31414507145803,-3.184206485748291,0.9555785059928894,0.9665902853012085,False,True,0.3630259037017822,0.11161694675683975,0.00015299479166666668,0.002786417258903384,0.05962922051548958,,0.05962922051548958,24142641152.0,0.9976101495526773,37204508.0,0.001537346082238359,20636044.0,0.000852712294872933
Healthy-111-img-1_jpg.rf.9f2421ddb071fac4c2d8c7652b61d3ec.jpg,Healthy,1,42001001,w1_only,-7.175272945051015,1.4208440989353102,-1.231492965994903,-63.31414507145803,-3.184206485748291,0.9555785059928894,0.9665902853012085,False,True,0.3610507845878601,0.11215954273939133,0.00031005859375,0.00346689042635262,0.06740882247686386,,0.06740882247686386,23910922240.0,0.9970809012492148,44293244.0,0.0018470198348472975,25707260.0,0.0010719878435541217
Healthy-111-img-1_jpg.rf.9f2421ddb071fac4c2d8c7652b61d3ec.jpg,Healthy,1,42001001,strong_only,-7.175272945051015,1.4208440989353102,-1.231492965994903,-63.31414507145803,-3.184206485748291,0.9555785059928894,0.9665902853012085,False,True,0.37626513838768005,0.14073169231414795,3.2552083333333335e-06,0.0006319317035377026,0.060597918927669525,,0.060597918927669525,27033227264.0,0.9984496586087138,35124160.0,0.0012972814980037539,6852983.5,0.00025310921885889965
Healthy-111-img-1_jpg.rf.9f2421ddb071fac4c2d8c7652b61d3ec.jpg,Healthy,1,42001001,w1_then_strong,-7.175272945051015,1.4208440989353102,-1.231492965994903,-63.31414507145803,-3.184206485748291,0.9555785059928894,0.9665902853012085,False,True,0.3743774890899658,0.14121484756469727,2.1158854166666667e-05,0.0007722032023593783,0.06695745140314102,,0.06695745140314102,26811285504.0,0.9981735977288382,41179952.0,0.001533113391225065,7876630.0,0.0002932438321133809
Healthy-111-img-1_jpg.rf.9f2421ddb071fac4c2d8c7652b61d3ec.jpg,Healthy,1,42001001,strong_then_w1,-7.175272945051015,1.4208440989353102,-1.231492965994903,-63.31414507145803,-3.184206485748291,0.9555785059928894,0.9665902853012085,False,True,0.37429672479629517,0.14116254448890686,6.429036458333333e-05,0.0008237005094997585,0.06899398565292358,,0.06899398565292358,26796838912.0,0.9981049240318105,42107620.0,0.001568387338494605,8773762.0,0.0003267973167746147
Healthy-111-img-1_jpg.rf.9f2421ddb071fac4c2d8c7652b61d3ec.jpg,Healthy,2,42001002,original,-2.9261506358673977,1.3176465570619702,54.20671833008811,61.034156430338044,-0.8416215181350708,1.4155834913253784,0.9469372034072876,True,False,0.3630259037017822,0.11161694675683975,0.00015299479166666668,0.002786417258903384,0.05962922051548958,,0.05962922051548958,24142641152.0,0.9976101495526773,37204508.0,0.001537346082238359,20636044.0,0.000852712294872933
Healthy-111-img-1_jpg.rf.9f2421ddb071fac4c2d8c7652b61d3ec.jpg,Healthy,2,42001002,w1_only,-2.9261506358673977,1.3176465570619702,54.20671833008811,61.034156430338044,-0.8416215181350708,1.4155834913253784,0.9469372034072876,True,False,0.3610507845878601,0.11215954273939133,0.00031005859375,0.00346689042635262,0.06740882247686386,,0.06740882247686386,23910922240.0,0.9970809012492148,44293244.0,0.0018470198348472975,25707260.0,0.0010719878435541217
Healthy-111-img-1_jpg.rf.9f2421ddb071fac4c2d8c7652b61d3ec.jpg,Healthy,2,42001002,strong_only,-2.9261506358673977,1.3176465570619702,54.20671833008811,61.034156430338044,-0.8416215181350708,1.4155834913253784,0.9469372034072876,True,False,0.3343227803707123,0.11474154144525528,0.24909749348958332,0.0006894181133247912,0.0504864826798439,,0.0504864826798439,20924289024.0,0.9982480479232319,30708798.0,0.0014650436926391046,6014793.5,0.00028695148796451376
Healthy-111-img-1_jpg.rf.9f2421ddb071fac4c2d8c7652b61d3ec.jpg,Healthy,2,42001002,w1_then_strong,-2.9261506358673977,1.3176465570619702,54.20671833008811,61.034156430338044,-0.8416215181350708,1.4155834913253784,0.9469372034072876,True,False,0.3331788182258606,0.11543860286474228,0.24965494791666668,0.0008399005746468902,0.05574418976902962,,0.05574418976902962,20816635904.0,0.9979300877643573,36074072.0,0.0017293573276198925,7107885.0,0.00034074536993299563
Healthy-111-img-1_jpg.rf.9f2421ddb071fac4c2d8c7652b61d3ec.jpg,Healthy,2,42001002,strong_then_w1,-2.9261506358673977,1.3176465570619702,54.20671833008811,61.034156430338044,-0.8416215181350708,1.4155834913253784,0.9469372034072876,True,False,0.3327295184135437,0.1152554526925087,0.24988118489583333,0.0008688176167197526,0.057469312101602554,,0.057469312101602554,20758487040.0,0.9978826455795612,36465260.0,0.0017529239992505035,7576540.0,0.00036421237082311797
Healthy-111-img-1_jpg.rf.9f2421ddb071fac4c2d8c7652b61d3ec.jpg,Healthy,3,42001003,original,-6.406849842417522,1.2941871007227217,-38.975596262014335,18.539451252350375,3.82401967048645,1.1933345794677734,1.3649446964263916,True,True,0.3630259037017822,0.11161694675683975,0.00015299479166666668,0.002786417258903384,0.05962922051548958,,0.05962922051548958,24142641152.0,0.9976101495526773,37204508.0,0.001537346082238359,20636044.0,0.000852712294872933
Healthy-111-img-1_jpg.rf.9f2421ddb071fac4c2d8c7652b61d3ec.jpg,Healthy,3,42001003,w1_only,-6.406849842417522,1.2941871007227217,-38.975596262014335,18.539451252350375,3.82401967048645,1.1933345794677734,1.3649446964263916,True,True,0.3610507845878601,0.11215954273939133,0.00031005859375,0.00346689042635262,0.06740882247686386,,0.06740882247686386,23910922240.0,0.9970809012492148,44293244.0,0.0018470198348472975,25707260.0,0.0010719878435541217
Healthy-111-img-1_jpg.rf.9f2421ddb071fac4c2d8c7652b61d3ec.jpg,Healthy,3,42001003,strong_only,-6.406849842417522,1.2941871007227217,-38.975596262014335,18.539451252350375,3.82401967048645,1.1933345794677734,1.3649446964263916,True,True,0.3910742700099945,0.13194280862808228,0.4065681966145833,0.0011736751766875386,0.05992230400443077,,0.05992230400443077,28517386240.0,0.9978212684869532,51988712.0,0.0018190812481292426,10276193.0,0.0003595632449685806
Healthy-111-img-1_jpg.rf.9f2421ddb071fac4c2d8c7652b61d3ec.jpg,Healthy,3,42001003,w1_then_strong,-6.406849842417522,1.2941871007227217,-38.975596262014335,18.539451252350375,3.82401967048645,1.1933345794677734,1.3649446964263916,True,True,0.39012742042541504,0.13321825861930847,0.40682373046875,0.0014338713372126222,0.06567493826150894,,0.06567493826150894,28439101440.0,0.9974333453071765,60987608.0,0.0021389942294084913,12193521.0,0.0004276585344218002
Healthy-111-img-1_jpg.rf.9f2421ddb071fac4c2d8c7652b61d3ec.jpg,Healthy,3,42001003,strong_then_w1,-6.406849842417522,1.2941871007227217,-38.975596262014335,18.539451252350375,3.82401967048645,1.1933345794677734,1.3649446964263916,True,True,0.39018508791923523,0.1329634189605713,0.40747151692708333,0.0014253524132072926,0.06440401077270508,,0.06440401077270508,28434763776.0,0.9974152562524147,61155268.0,0.0021451627938224335,12534247.0,0.0004396677701253874
Healthy-111-img-1_jpg.rf.9f2421ddb071fac4c2d8c7652b61d3ec.jpg,Healthy,4,42001004,original,-1.8183641206703989,1.414519218975621,52.258476408206775,63.12142336665886,3.342170238494873,1.4169962406158447,0.9818857908248901,True,False,0.3630259037017822,0.11161694675683975,0.00015299479166666668,0.002786417258903384,0.05962922051548958,,0.05962922051548958,24142641152.0,0.9976101495526773,37204508.0,0.001537346082238359,20636044.0,0.000852712294872933
Healthy-111-img-1_jpg.rf.9f2421ddb071fac4c2d8c7652b61d3ec.jpg,Healthy,4,42001004,w1_only,-1.8183641206703989,1.414519218975621,52.258476408206775,63.12142336665886,3.342170238494873,1.4169962406158447,0.9818857908248901,True,False,0.3610507845878601,0.11215954273939133,0.00031005859375,0.00346689042635262,0.06740882247686386,,0.06740882247686386,23910922240.0,0.9970809012492148,44293244.0,0.0018470198348472975,25707260.0,0.0010719878435541217
Healthy-111-img-1_jpg.rf.9f2421ddb071fac4c2d8c7652b61d3ec.jpg,Healthy,4,42001004,strong_only,-1.8183641206703989,1.414519218975621,52.258476408206775,63.12142336665886,3.342170238494873,1.4169962406158447,0.9818857908248901,True,False,0.3049691319465637,0.10281853377819061,0.24117757161458334,0.0006313174380920827,0.05076377093791962,,0.05076377093791962,17340676096.0,0.9978821691726093,31476294.0,0.0018113268687072759,5321496.0,0.0003062294654675132
Healthy-111-img-1_jpg.rf.9f2421ddb071fac4c2d8c7652b61d3ec.jpg,Healthy,4,42001004,w1_then_strong,-1.8183641206703989,1.414519218975621,52.258476408206775,63.12142336665886,3.342170238494873,1.4169962406158447,0.9818857908248901,True,False,0.30391108989715576,0.10358557850122452,0.24170003255208333,0.000767999910749495,0.05587456375360489,,0.05587456375360489,17252513792.0,0.9974879500938629,37143024.0,0.0021474968411401662,6297964.0,0.00036412915102481926
Healthy-111-img-1_jpg.rf.9f2421ddb071fac4c2d8c7652b61d3ec.jpg,Healthy,4,42001004,strong_then_w1,-1.8183641206703989,1.414519218975621,52.258476408206775,63.12142336665886,3.342170238494873,1.4169962406158447,0.9818857908248901,True,False,0.30337104201316833,0.10334227234125137,0.24197347005208333,0.0007954806787893176,0.057845715433359146,,0.057845715433359146,17188390912.0,0.9974412604068384,37368756.0,0.002168506596999346,6722298.5,0.000390094565744945
Healthy-111-img-1_jpg.rf.9f2421ddb071fac4c2d8c7652b61d3ec.jpg,Healthy,5,42001005,original,-3.878336722008868,0.7139487423425157,-23.13096864094433,-23.76293672370889,-2.8188068866729736,1.2172794342041016,1.0850939750671387,True,True,0.3630259037017822,0.11161694675683975,0.00015299479166666668,0.002786417258903384,0.05962922051548958,,0.05962922051548958,24142641152.0,0.9976101495526773,37204508.0,0.001537346082238359,20636044.0,0.000852712294872933
Healthy-111-img-1_jpg.rf.9f2421ddb071fac4c2d8c7652b61d3ec.jpg,Healthy,5,42001005,w1_only,-3.878336722008868,0.7139487423425157,-23.13096864094433,-23.76293672370889,-2.8188068866729736,1.2172794342041016,1.0850939750671387,True,True,0.3610507845878601,0.11215954273939133,0.00031005859375,0.00346689042635262,0.06740882247686386,,0.06740882247686386,23910922240.0,0.9970809012492148,44293244.0,0.0018470198348472975,25707260.0,0.0010719878435541217
Healthy-111-img-1_jpg.rf.9f2421ddb071fac4c2d8c7652b61d3ec.jpg,Healthy,5,42001005,strong_only,-3.878336722008868,0.7139487423425157,-23.13096864094433,-23.76293672370889,-2.8188068866729736,1.2172794342041016,1.0850939750671387,True,True,0.4390990436077118,0.10073194652795792,0.13765787760416667,0.0012185336090624332,0.035020094364881516,,0.035020094364881516,34014580736.0,0.9989543528243932,26681170.0,0.0007835836965568887,8927955.0,0.00026219989534167945
Healthy-111-img-1_jpg.rf.9f2421ddb071fac4c2d8c7652b61d3ec.jpg,Healthy,5,42001005,w1_then_strong,-3.878336722008868,0.7139487423425157,-23.13096864094433,-23.76293672370889,-2.8188068866729736,1.2172794342041016,1.0850939750671387,True,True,0.4384159743785858,0.10142461210489273,0.13803955078125,0.0014705938519909978,0.03763893246650696,,0.03763893246650696,33932144640.0,0.9987937985002687,30187480.0,0.0008885694711087644,10789922.0,0.00031760171053843585
Healthy-111-img-1_jpg.rf.9f2421ddb071fac4c2d8c7652b61d3ec.jpg,Healthy,5,42001005,strong_then_w1,-3.878336722008868,0.7139487423425157,-23.13096864094433,-23.76293672370889,-2.8188068866729736,1.2172794342041016,1.0850939750671387,True,True,0.43824756145477295,0.1014588475227356,0.13826822916666667,0.0015005776658654213,0.03902668133378029,,0.03902668133378029,33907152896.0,0.9987524813887174,31350592.0,0.0009234476763367255,11001381.0,0.0003240512881206518
Healthy-111-img-1_jpg.rf.9f2421ddb071fac4c2d8c7652b61d3ec.jpg,Healthy,6,42001006,original,9.131293983486646,1.0632972916559154,46.91852559518162,26.360475133302657,1.7763230800628662,0.6128745079040527,0.9248888492584229,False,False,0.3630259037017822,0.11161694675683975,0.00015299479166666668,0.002786417258903384,0.05962922051548958,,0.05962922051548958,24142641152.0,0.9976101495526773,37204508.0,0.001537346082238359,20636044.0,0.000852712294872933
Healthy-111-img-1_jpg.rf.9f2421ddb071fac4c2d8c7652b61d3ec.jpg,Healthy,6,42001006,w1_only,9.131293983486646,1.0632972916559154,46.91852559518162,26.360475133302657,1.7763230800628662,0.6128745079040527,0.9248888492584229,False,False,0.3610507845878601,0.11215954273939133,0.00031005859375,0.00346689042635262,0.06740882247686386,,0.06740882247686386,23910922240.0,0.9970809012492148,44293244.0,0.0018470198348472975,25707260.0,0.0010719878435541217
Healthy-111-img-1_jpg.rf.9f2421ddb071fac4c2d8c7652b61d3ec.jpg,Healthy,6,42001006,strong_only,9.131293983486646,1.0632972916559154,46.91852559518162,26.360475133302657,1.7763230800628662,0.6128745079040527,0.9248888492584229,False,False,0.4316960275173187,0.13059833645820618,0.0,0.0008951193303801119,0.053753651678562164,,0.053753651678562164,34089902080.0,0.9988907787976243,30314484.0,0.0008882647553679369,7544474.5,0.00022106563965008073
Healthy-111-img-1_jpg.rf.9f2421ddb071fac4c2d8c7652b61d3ec.jpg,Healthy,6,42001006,w1_then_strong,9.131293983486646,1.0632972916559154,46.91852559518162,26.360475133302657,1.7763230800628662,0.6128745079040527,0.9248888492584229,False,False,0.43004244565963745,0.13090012967586517,1.6276041666666668e-06,0.0010957890190184116,0.05915691703557968,,0.05915691703557968,33857519616.0,0.9986898381507918,35377148.0,0.0010435140734190223,9049607.0,0.0002669348095389515
Healthy-111-img-1_jpg.rf.9f2421ddb071fac4c2d8c7652b61d3ec.jpg,Healthy,6,42001006,strong_then_w1,9.131293983486646,1.0632972916559154,46.91852559518162,26.360475133302657,1.7763230800628662,0.6128745079040527,0.9248888492584229,False,False,0.4297482669353485,0.1310059279203415,4.8828125e-06,0.0011724545620381832,0.06197580695152283,,0.06197580695152283,33817980928.0,0.9986361852569757,36345936.0,0.0010732860413491504,9839766.0,0.00029056573196909727
Healthy-111-img-1_jpg.rf.9f2421ddb071fac4c2d8c7652b61d3ec.jpg,Healthy,7,42001007,original,-5.665601442646184,0.6921534387587384,42.93176245697401,-16.45791687235169,5.591266632080078,1.4421110153198242,0.8051397800445557,False,True,0.3630259037017822,0.11161694675683975,0.00015299479166666668,0.002786417258903384,0.05962922051548958,,0.05962922051548958,24142641152.0,0.9976101495526773,37204508.0,0.001537346082238359,20636044.0,0.000852712294872933
Healthy-111-img-1_jpg.rf.9f2421ddb071fac4c2d8c7652b61d3ec.jpg,Healthy,7,42001007,w1_only,-5.665601442646184,0.6921534387587384,42.93176245697401,-16.45791687235169,5.591266632080078,1.4421110153198242,0.8051397800445557,False,True,0.3610507845878601,0.11215954273939133,0.00031005859375,0.00346689042635262,0.06740882247686386,,0.06740882247686386,23910922240.0,0.9970809012492148,44293244.0,0.0018470198348472975,25707260.0,0.0010719878435541217
Healthy-111-img-1_jpg.rf.9f2421ddb071fac4c2d8c7652b61d3ec.jpg,Healthy,7,42001007,strong_only,-5.665601442646184,0.6921534387587384,42.93176245697401,-16.45791687235169,5.591266632080078,1.4421110153198242,0.8051397800445557,False,True,0.2912013828754425,0.08431515842676163,0.13329264322916667,0.0007586355786770582,0.02537347376346588,,0.02537347376346588,15396937728.0,0.9985377959621705,16619457.0,0.0010778218536721788,5927663.5,0.00038442683545647223
Healthy-111-img-1_jpg.rf.9f2421ddb071fac4c2d8c7652b61d3ec.jpg,Healthy,7,42001007,w1_then_strong,-5.665601442646184,0.6921534387587384,42.93176245697401,-16.45791687235169,5.591266632080078,1.4421110153198242,0.8051397800445557,False,True,0.2908453047275543,0.08477967232465744,0.13361083984375,0.000881801126524806,0.026958441361784935,,0.026958441361784935,15372984320.0,0.9983823905347102,18070792.0,0.0011735886891098785,6835384.0,0.0004439168658530649
Healthy-111-img-1_jpg.rf.9f2421ddb071fac4c2d8c7652b61d3ec.jpg,Healthy,7,42001007,strong_then_w1,-5.665601442646184,0.6921534387587384,42.93176245697401,-16.45791687235169,5.591266632080078,1.4421110153198242,0.8051397800445557,False,True,0.2905047535896301,0.08516010642051697,0.13416910807291665,0.0009291369933634996,0.028568003326654434,,0.028568003326654434,15349116928.0,0.9982830676639171,19143100.0,0.001245037918613811,7255259.5,0.0004718709711009752
Healthy-111-img-1_jpg.rf.9f2421ddb071fac4c2d8c7652b61d3ec.jpg,Healthy,8,42001008,original,0.7260701449658207,0.976502668452495,-26.91170037976275,35.50932356239565,4.712917327880859,0.9481812119483948,0.8016581535339355,False,False,0.3630259037017822,0.11161694675683975,0.00015299479166666668,0.002786417258903384,0.05962922051548958,,0.05962922051548958,24142641152.0,0.9976101495526773,37204508.0,0.001537346082238359,20636044.0,0.000852712294872933
Healthy-111-img-1_jpg.rf.9f2421ddb071fac4c2d8c7652b61d3ec.jpg,Healthy,8,42001008,w1_only,0.7260701449658207,0.976502668452495,-26.91170037976275,35.50932356239565,4.712917327880859,0.9481812119483948,0.8016581535339355,False,False,0.3610507845878601,0.11215954273939133,0.00031005859375,0.00346689042635262,0.06740882247686386,,0.06740882247686386,23910922240.0,0.9970809012492148,44293244.0,0.0018470198348472975,25707260.0,0.0010719878435541217
Healthy-111-img-1_jpg.rf.9f2421ddb071fac4c2d8c7652b61d3ec.jpg,Healthy,8,42001008,strong_only,0.7260701449658207,0.976502668452495,-26.91170037976275,35.50932356239565,4.712917327880859,0.9481812119483948,0.8016581535339355,False,False,0.2793348431587219,0.08327383548021317,4.069010416666667e-06,0.0007102071540430188,0.04195237532258034,,0.04195237532258034,14228510720.0,0.9981876055610747,19956264.0,0.0014000126766678695,5878624.5,0.00041240929772077157
Healthy-111-img-1_jpg.rf.9f2421ddb071fac4c2d8c7652b61d3ec.jpg,Healthy,8,42001008,w1_then_strong,0.7260701449658207,0.976502668452495,-26.91170037976275,35.50932356239565,4.712917327880859,0.9481812119483948,0.8016581535339355,False,False,0.2779655158519745,0.08376359194517136,2.604166666666667e-05,0.0008699478348717093,0.04628395661711693,,0.04628395661711693,14109713408.0,0.9978557605948629,23201466.0,0.0016408353474578136,7116495.0,0.0005032870141053497
Healthy-111-img-1_jpg.rf.9f2421ddb071fac4c2d8c7652b61d3ec.jpg,Healthy,8,42001008,strong_then_w1,0.7260701449658207,0.976502668452495,-26.91170037976275,35.50932356239565,4.712917327880859,0.9481812119483948,0.8016581535339355,False,False,0.2774820029735565,0.08378833532333374,0.00010009765625,0.0009384764707647264,0.049304649233818054,,0.049304649233818054,14063994880.0,0.99775246583658,23934396.0,0.0016979956855124492,7744620.5,0.0005494323815370677
Healthy-111-img-1_jpg.rf.9f2421ddb071fac4c2d8c7652b61d3ec.jpg,Healthy,9,42001009,original,-7.194234605295762,0.7133128970728575,-42.86301696508991,-7.464616874002672,0.4529261589050293,0.7043465971946716,1.3629212379455566,False,True,0.3630259037017822,0.11161694675683975,0.00015299479166666668,0.002786417258903384,0.05962922051548958,,0.05962922051548958,24142641152.0,0.9976101495526773,37204508.0,0.001537346082238359,20636044.0,0.000852712294872933
Healthy-111-img-1_jpg.rf.9f2421ddb071fac4c2d8c7652b61d3ec.jpg,Healthy,9,42001009,w1_only,-7.194234605295762,0.7133128970728575,-42.86301696508991,-7.464616874002672,0.4529261589050293,0.7043465971946716,1.3629212379455566,False,True,0.3610507845878601,0.11215954273939133,0.00031005859375,0.00346689042635262,0.06740882247686386,,0.06740882247686386,23910922240.0,0.9970809012492148,44293244.0,0.0018470198348472975,25707260.0,0.0010719878435541217
Healthy-111-img-1_jpg.rf.9f2421ddb071fac4c2d8c7652b61d3ec.jpg,Healthy,9,42001009,strong_only,-7.194234605295762,0.7133128970728575,-42.86301696508991,-7.464616874002672,0.4529261589050293,0.7043465971946716,1.3629212379455566,False,True,0.5937396883964539,0.12327131628990173,0.08183268229166667,0.001965901581570506,0.04479696601629257,,0.04479696601629257,61633507328.0,0.999026285446287,45963256.0,0.0007450249531367505,14112903.0,0.00022875805178376626
Healthy-111-img-1_jpg.rf.9f2421ddb071fac4c2d8c7652b61d3ec.jpg,Healthy,9,42001009,w1_then_strong,-7.194234605295762,0.7133128970728575,-42.86301696508991,-7.464616874002672,0.4529261589050293,0.7043465971946716,1.3629212379455566,False,True,0.5928234457969666,0.12415321916341782,0.08101806640625,0.002362357685342431,0.047816287726163864,,0.047816287726163864,61479284736.0,0.9988865538752597,51487512.0,0.0008365449215965823,17060624.0,0.000277193008791506
Healthy-111-img-1_jpg.rf.9f2421ddb071fac4c2d8c7652b61d3ec.jpg,Healthy,9,42001009,strong_then_w1,-7.194234605295762,0.7133128970728575,-42.86301696508991,-7.464616874002672,0.4529261589050293,0.7043465971946716,1.3629212379455566,False,True,0.592704176902771,0.12397094070911407,0.08203694661458333,0.002414291026070714,0.04949024319648743,,0.04949024319648743,61445193728.0,0.9988410428244198,53929640.0,0.0008766696724108267,17376564.0,0.0002824700233397769
Healthy-111-img-1_jpg.rf.9f2421ddb071fac4c2d8c7652b61d3ec.jpg,Healthy,10,42001010,original,8.794297654507965,1.4514216274744522,19.011674476610096,13.703793752225579,-1.4651257991790771,1.1922650337219238,0.7879042625427246,False,False,0.3630259037017822,0.11161694675683975,0.00015299479166666668,0.002786417258903384,0.05962922051548958,,0.05962922051548958,24142641152.0,0.9976101495526773,37204508.0,0.001537346082238359,20636044.0,0.000852712294872933
Healthy-111-img-1_jpg.rf.9f2421ddb071fac4c2d8c7652b61d3ec.jpg,Healthy,10,42001010,w1_only,8.794297654507965,1.4514216274744522,19.011674476610096,13.703793752225579,-1.4651257991790771,1.1922650337219238,0.7879042625427246,False,False,0.3610507845878601,0.11215954273939133,0.00031005859375,0.00346689042635262,0.06740882247686386,,0.06740882247686386,23910922240.0,0.9970809012492148,44293244.0,0.0018470198348472975,25707260.0,0.0010719878435541217
Healthy-111-img-1_jpg.rf.9f2421ddb071fac4c2d8c7652b61d3ec.jpg,Healthy,10,42001010,strong_only,8.794297654507965,1.4514216274744522,19.011674476610096,13.703793752225579,-1.4651257991790771,1.1922650337219238,0.7879042625427246,False,False,0.2800811529159546,0.09842599928379059,0.22600179036458334,0.00041010233690030873,0.043979331851005554,,0.043979331851005554,14763121664.0,0.998433627113085,19852914.0,0.0013426575615182945,3308938.25,0.00022378432516050856
Healthy-111-img-1_jpg.rf.9f2421ddb071fac4c2d8c7652b61d3ec.jpg,Healthy,10,42001010,w1_then_strong,8.794297654507965,1.4514216274744522,19.011674476610096,13.703793752225579,-1.4651257991790771,1.1922650337219238,0.7879042625427246,False,False,0.2790687084197998,0.09908679127693176,0.22700276692708332,0.0004989092703908682,0.0484214648604393,,0.0484214648604393,14685624320.0,0.9981253956173858,23657824.0,0.0016079312955927833,3925781.0,0.00026682023374354006
Healthy-111-img-1_jpg.rf.9f2421ddb071fac4c2d8c7652b61d3ec.jpg,Healthy,10,42001010,strong_then_w1,8.794297654507965,1.4514216274744522,19.011674476610096,13.703793752225579,-1.4651257991790771,1.1922650337219238,0.7879042625427246,False,False,0.2784959673881531,0.0989716649055481,0.22753173828125,0.0005326115060597658,0.05072450637817383,,0.05072450637817383,14627686400.0,0.9980816508534683,23816984.0,0.0016250891671474883,4298905.5,0.0002933244930861421
Healthy-111-img-1_jpg.rf.9f2421ddb071fac4c2d8c7652b61d3ec.jpg,Healthy,11,42001011,original,-9.903727540922034,1.004541823014232,-5.057564703867058,59.3463537730284,8.34645938873291,1.1378525495529175,1.0092250108718872,False,False,0.3630259037017822,0.11161694675683975,0.00015299479166666668,0.002786417258903384,0.05962922051548958,,0.05962922051548958,24142641152.0,0.9976101495526773,37204508.0,0.001537346082238359,20636044.0,0.000852712294872933
Healthy-111-img-1_jpg.rf.9f2421ddb071fac4c2d8c7652b61d3ec.jpg,Healthy,11,42001011,w1_only,-9.903727540922034,1.004541823014232,-5.057564703867058,59.3463537730284,8.34645938873291,1.1378525495529175,1.0092250108718872,False,False,0.3610507845878601,0.11215954273939133,0.00031005859375,0.00346689042635262,0.06740882247686386,,0.06740882247686386,23910922240.0,0.9970809012492148,44293244.0,0.0018470198348472975,25707260.0,0.0010719878435541217
Healthy-111-img-1_jpg.rf.9f2421ddb071fac4c2d8c7652b61d3ec.jpg,Healthy,11,42001011,strong_only,-9.903727540922034,1.004541823014232,-5.057564703867058,59.3463537730284,8.34645938873291,1.1378525495529175,1.0092250108718872,False,False,0.2755684554576874,0.1007830947637558,0.21923583984375,0.0011050257598981261,0.045563917607069016,,0.045563917607069016,14395722752.0,0.9966311126083629,37667172.0,0.0026077381584717653,10992701.0,0.0007610363173102227
Healthy-111-img-1_jpg.rf.9f2421ddb071fac4c2d8c7652b61d3ec.jpg,Healthy,11,42001011,w1_then_strong,-9.903727540922034,1.004541823014232,-5.057564703867058,59.3463537730284,8.34645938873291,1.1378525495529175,1.0092250108718872,False,False,0.2747141122817993,0.10143018513917923,0.221025390625,0.0013138162903487682,0.04961834475398064,,0.04961834475398064,14332777472.0,0.996199356694858,42140376.0,0.002928965829832388,12540963.0,0.000871659334510738
Healthy-111-img-1_jpg.rf.9f2421ddb071fac4c2d8c7652b61d3ec.jpg,Healthy,11,42001011,strong_then_w1,-9.903727540922034,1.004541823014232,-5.057564703867058,59.3463537730284,8.34645938873291,1.1378525495529175,1.0092250108718872,False,False,0.2742633521556854,0.10161193460226059,0.2217529296875,0.0013606142019852996,0.0514676570892334,,0.0514676570892334,14295227392.0,0.9960353176936434,43616328.0,0.0030390144853814824,13289361.0,0.000925950496806236
Healthy-136-img-2_jpg.rf.a2a513d9986ba387f62ed694ffd45fb5.jpg,Healthy,0,42002000,original,9.328961947503018,1.0748085974117163,-7.167079926883218,-41.01339458683992,4.040915012359619,0.775854229927063,0.843109130859375,False,False,0.4658668041229248,0.09661068767309189,0.0025105794270833333,0.002726946724578738,0.06328025460243225,,0.06328025460243225,37895057408.0,0.9978205187247403,62839052.0,0.0016546246331737692,19929826.0,0.0005247752788260881
Healthy-136-img-2_jpg.rf.a2a513d9986ba387f62ed694ffd45fb5.jpg,Healthy,0,42002000,w1_only,9.328961947503018,1.0748085974117163,-7.167079926883218,-41.01339458683992,4.040915012359619,0.775854229927063,0.843109130859375,False,False,0.46394607424736023,0.0975027084350586,0.0041357421875,0.0032939917873591185,0.07112593948841095,,0.07112593948841095,37609373696.0,0.9974045904846137,73706448.0,0.0019547028402478895,24171392.0,0.0006410278866666471
Healthy-136-img-2_jpg.rf.a2a513d9986ba387f62ed694ffd45fb5.jpg,Healthy,0,42002000,strong_only,9.328961947503018,1.0748085974117163,-7.167079926883218,-41.01339458683992,4.040915012359619,0.775854229927063,0.843109130859375,False,False,0.39315295219421387,0.08363015949726105,0.0,0.0007880308548919857,0.05213892087340355,,0.05213892087340355,27062876160.0,0.998415521078307,36995616.0,0.00136485852456611,5959293.5,0.00021985287483431576
Healthy-136-img-2_jpg.rf.a2a513d9986ba387f62ed694ffd45fb5.jpg,Healthy,0,42002000,w1_then_strong,9.328961947503018,1.0748085974117163,-7.167079926883218,-41.01339458683992,4.040915012359619,0.775854229927063,0.843109130859375,False,False,0.3916393220424652,0.08429358899593353,0.0,0.0009490753873251379,0.05819493904709816,,0.05819493904709816,26874742784.0,0.9981256667357569,43377572.0,0.0016110393435897338,7090690.5,0.000263347643540721
Healthy-136-img-2_jpg.rf.a2a513d9986ba387f62ed694ffd45fb5.jpg,Healthy,0,42002000,strong_then_w1,9.328961947503018,1.0748085974117163,-7.167079926883218,-41.01339458683992,4.040915012359619,0.775854229927063,0.843109130859375,False,False,0.39141514897346497,0.08433924615383148,0.0,0.0009695552289485931,0.05830772966146469,,0.05830772966146469,26846013440.0,0.9981023848717084,43661736.0,0.001623290658281028,7375479.0,0.0002742114093000768
Healthy-136-img-2_jpg.rf.a2a513d9986ba387f62ed694ffd45fb5.jpg,Healthy,1,42002001,original,4.421615858829744,0.5162544862647207,49.504957979077005,-17.13050830829212,-5.116186141967773,1.2433370351791382,1.074184775352478,True,False,0.4658668041229248,0.09661068767309189,0.0025105794270833333,0.002726946724578738,0.06328025460243225,,0.06328025460243225,37895057408.0,0.9978205187247403,62839052.0,0.0016546246331737692,19929826.0,0.0005247752788260881
Healthy-136-img-2_jpg.rf.a2a513d9986ba387f62ed694ffd45fb5.jpg,Healthy,1,42002001,w1_only,4.421615858829744,0.5162544862647207,49.504957979077005,-17.13050830829212,-5.116186141967773,1.2433370351791382,1.074184775352478,True,False,0.46394607424736023,0.0975027084350586,0.0041357421875,0.0032939917873591185,0.07112593948841095,,0.07112593948841095,37609373696.0,0.9974045904846137,73706448.0,0.0019547028402478895,24171392.0,0.0006410278866666471
Healthy-136-img-2_jpg.rf.a2a513d9986ba387f62ed694ffd45fb5.jpg,Healthy,1,42002001,strong_only,4.421615858829744,0.5162544862647207,49.504957979077005,-17.13050830829212,-5.116186141967773,1.2433370351791382,1.074184775352478,True,False,0.4835731089115143,0.05126833915710449,0.07295572916666666,0.0013088269624859095,0.02545464038848877,,0.02545464038848877,39628353536.0,0.9988664931492989,35568492.0,0.0008965342160474485,9388305.0,0.0002366402450570393
Healthy-136-img-2_jpg.rf.a2a513d9986ba387f62ed694ffd45fb5.jpg,Healthy,1,42002001,w1_then_strong,4.421615858829744,0.5162544862647207,49.504957979077005,-17.13050830829212,-5.116186141967773,1.2433370351791382,1.074184775352478,True,False,0.48316773772239685,0.05159856751561165,0.07293782552083333,0.001548204687424004,0.027332765981554985,,0.027332765981554985,39563231232.0,0.998737179079546,38801208.0,0.0009795006074087976,11238710.0,0.00028371083888654514
Healthy-136-img-2_jpg.rf.a2a513d9986ba387f62ed694ffd45fb5.jpg,Healthy,1,42002001,strong_then_w1,4.421615858829744,0.5162544862647207,49.504957979077005,-17.13050830829212,-5.116186141967773,1.2433370351791382,1.074184775352478,True,False,0.48315274715423584,0.0519639253616333,0.07318766276041666,0.0015841019339859486,0.028292661532759666,,0.028292661532759666,39564083200.0,0.9986591425356608,41697856.0,0.0010525188946760545,11421182.0,0.0002882884399268406
Healthy-136-img-2_jpg.rf.a2a513d9986ba387f62ed694ffd45fb5.jpg,Healthy,2,42002002,original,-7.338484589254728,1.0067370858137126,55.66833186045767,27.160817942717244,0.882136881351471,0.9501196146011353,1.0560033321380615,False,True,0.4658668041229248,0.09661068767309189,0.0025105794270833333,0.002726946724578738,0.06328025460243225,,0.06328025460243225,37895057408.0,0.9978205187247403,62839052.0,0.0016546246331737692,19929826.0,0.0005247752788260881
Healthy-136-img-2_jpg.rf.a2a513d9986ba387f62ed694ffd45fb5.jpg,Healthy,2,42002002,w1_only,-7.338484589254728,1.0067370858137126,55.66833186045767,27.160817942717244,0.882136881351471,0.9501196146011353,1.0560033321380615,False,True,0.46394607424736023,0.0975027084350586,0.0041357421875,0.0032939917873591185,0.07112593948841095,,0.07112593948841095,37609373696.0,0.9974045904846137,73706448.0,0.0019547028402478895,24171392.0,0.0006410278866666471
Healthy-136-img-2_jpg.rf.a2a513d9986ba387f62ed694ffd45fb5.jpg,Healthy,2,42002002,strong_only,-7.338484589254728,1.0067370858137126,55.66833186045767,27.160817942717244,0.882136881351471,0.9501196146011353,1.0560033321380615,False,True,0.49536237120628357,0.10238614678382874,0.0020833333333333333,0.0013225467409938574,0.06452744454145432,,0.06452744454145432,42859175936.0,0.9984127364280854,58936976.0,0.0013729481773710507,9205539.0,0.00021444479933561785
Healthy-136-img-2_jpg.rf.a2a513d9986ba387f62ed694ffd45fb5.jpg,Healthy,2,42002002,w1_then_strong,-7.338484589254728,1.0067370858137126,55.66833186045767,27.160817942717244,0.882136881351471,0.9501196146011353,1.0560033321380615,False,True,0.4936748445034027,0.10319119691848755,0.002081705729166667,0.0015937126008793712,0.0720277652144432,,0.0720277652144432,42595078144.0,0.9981252977212846,68868328.0,0.0016137831736376279,11144388.0,0.00026114509175958355
Healthy-136-img-2_jpg.rf.a2a513d9986ba387f62ed694ffd45fb5.jpg,Healthy,2,42002002,strong_then_w1,-7.338484589254728,1.0067370858137126,55.66833186045767,27.160817942717244,0.882136881351471,0.9501196146011353,1.0560033321380615,False,True,0.4934779703617096,0.1032133400440216,0.0021695963541666667,0.0016129949362948537,0.07175964117050171,,0.07175964117050171,42562609152.0,0.9981093935276769,69294184.0,0.001624975003770071,11328550.0,0.000265658811697089
Healthy-136-img-2_jpg.rf.a2a513d9986ba387f62ed694ffd45fb5.jpg,Healthy,3,42002003,original,-8.066922666883489,1.078516646776941,16.311958817906543,-24.98809413450823,-3.6843745708465576,1.3080576658248901,0.7716221213340759,False,True,0.4658668041229248,0.09661068767309189,0.0025105794270833333,0.002726946724578738,0.06328025460243225,,0.06328025460243225,37895057408.0,0.9978205187247403,62839052.0,0.0016546246331737692,19929826.0,0.0005247752788260881
Healthy-136-img-2_jpg.rf.a2a513d9986ba387f62ed694ffd45fb5.jpg,Healthy,3,42002003,w1_only,-8.066922666883489,1.078516646776941,16.311958817906543,-24.98809413450823,-3.6843745708465576,1.3080576658248901,0.7716221213340759,False,True,0.46394607424736023,0.0975027084350586,0.0041357421875,0.0032939917873591185,0.07112593948841095,,0.07112593948841095,37609373696.0,0.9974045904846137,73706448.0,0.0019547028402478895,24171392.0,0.0006410278866666471
Healthy-136-img-2_jpg.rf.a2a513d9986ba387f62ed694ffd45fb5.jpg,Healthy,3,42002003,strong_only,-8.066922666883489,1.078516646776941,16.311958817906543,-24.98809413450823,-3.6843745708465576,1.3080576658248901,0.7716221213340759,False,True,0.3569588363170624,0.07763295620679855,0.25780924479166667,0.0006791268824599683,0.0488550029695034,,0.0488550029695034,22352508928.0,0.9983876599362035,31255382.0,0.001396039603245747,4844210.0,0.0002163694241983374
Healthy-136-img-2_jpg.rf.a2a513d9986ba387f62ed694ffd45fb5.jpg,Healthy,3,42002003,w1_then_strong,-8.066922666883489,1.078516646776941,16.311958817906543,-24.98809413450823,-3.6843745708465576,1.3080576658248901,0.7716221213340759,False,True,0.35587677359580994,0.07824847102165222,0.25816243489583335,0.0008118501282297075,0.05344625934958458,,0.05344625934958458,22232961024.0,0.998099224280502,36548452.0,0.0016407612800865747,5786240.5,0.0002597603687748193
Healthy-136-img-2_jpg.rf.a2a513d9986ba387f62ed694ffd45fb5.jpg,Healthy,3,42002003,strong_then_w1,-8.066922666883489,1.078516646776941,16.311958817906543,-24.98809413450823,-3.6843745708465576,1.3080576658248901,0.7716221213340759,False,True,0.35545802116394043,0.07826659083366394,0.25856852213541665,0.000832494581118226,0.05451012775301933,,0.05451012775301933,22183112704.0,0.9980790503891058,36682276.0,0.0016504361531548882,6003823.0,0.00027012845485222453
Healthy-136-img-2_jpg.rf.a2a513d9986ba387f62ed694ffd45fb5.jpg,Healthy,4,42002004,original,5.146811875595967,0.680280585304491,62.1236109465454,56.01283031333037,1.481439232826233,1.1766881942749023,0.7018355131149292,False,True,0.4658668041229248,0.09661068767309189,0.0025105794270833333,0.002726946724578738,0.06328025460243225,,0.06328025460243225,37895057408.0,0.9978205187247403,62839052.0,0.0016546246331737692,19929826.0,0.0005247752788260881
Healthy-136-img-2_jpg.rf.a2a513d9986ba387f62ed694ffd45fb5.jpg,Healthy,4,42002004,w1_only,5.146811875595967,0.680280585304491,62.1236109465454,56.01283031333037,1.481439232826233,1.1766881942749023,0.7018355131149292,False,True,0.46394607424736023,0.0975027084350586,0.0041357421875,0.0032939917873591185,0.07112593948841095,,0.07112593948841095,37609373696.0,0.9974045904846137,73706448.0,0.0019547028402478895,24171392.0,0.0006410278866666471
Healthy-136-img-2_jpg.rf.a2a513d9986ba387f62ed694ffd45fb5.jpg,Healthy,4,42002004,strong_only,5.146811875595967,0.680280585304491,62.1236109465454,56.01283031333037,1.481439232826233,1.1766881942749023,0.7018355131149292,False,True,0.31028974056243896,0.043801940977573395,0.12400390625,0.0006122369668446481,0.02504471316933632,,0.02504471316933632,16450233344.0,0.9984993931190993,20490164.0,0.0012437158726610472,4228378.5,0.00025665492262866757
Healthy-136-img-2_jpg.rf.a2a513d9986ba387f62ed694ffd45fb5.jpg,Healthy,4,42002004,w1_then_strong,5.146811875595967,0.680280585304491,62.1236109465454,56.01283031333037,1.481439232826233,1.1766881942749023,0.7018355131149292,False,True,0.30991867184638977,0.044200100004673004,0.12423828125,0.0007298125419765711,0.02743447944521904,,0.02743447944521904,16414199808.0,0.9982961788893837,22918456.0,0.0013938789169419905,5096747.5,0.0003099793845286435
Healthy-136-img-2_jpg.rf.a2a513d9986ba387f62ed694ffd45fb5.jpg,Healthy,4,42002004,strong_then_w1,5.146811875595967,0.680280585304491,62.1236109465454,56.01283031333037,1.481439232826233,1.1766881942749023,0.7018355131149292,False,True,0.30955687165260315,0.044413011521101,0.12446695963541667,0.0007470186683349311,0.028079340234398842,,0.028079340234398842,16378631168.0,0.9982234535461436,23954590.0,0.001459953112858443,5192482.5,0.00031646465204948155
Healthy-136-img-2_jpg.rf.a2a513d9986ba387f62ed694ffd45fb5.jpg,Healthy,5,42002005,original,-1.7312911308820755,1.0085743549362687,-1.6423803448747663,-44.99752604292246,-6.70719575881958,1.3619581460952759,0.7473553419113159,True,True,0.4658668041229248,0.09661068767309189,0.0025105794270833333,0.002726946724578738,0.06328025460243225,,0.06328025460243225,37895057408.0,0.9978205187247403,62839052.0,0.0016546246331737692,19929826.0,0.0005247752788260881
Healthy-136-img-2_jpg.rf.a2a513d9986ba387f62ed694ffd45fb5.jpg,Healthy,5,42002005,w1_only,-1.7312911308820755,1.0085743549362687,-1.6423803448747663,-44.99752604292246,-6.70719575881958,1.3619581460952759,0.7473553419113159,True,True,0.46394607424736023,0.0975027084350586,0.0041357421875,0.0032939917873591185,0.07112593948841095,,0.07112593948841095,37609373696.0,0.9974045904846137,73706448.0,0.0019547028402478895,24171392.0,0.0006410278866666471
Healthy-136-img-2_jpg.rf.a2a513d9986ba387f62ed694ffd45fb5.jpg,Healthy,5,42002005,strong_only,-1.7312911308820755,1.0085743549362687,-1.6423803448747663,-44.99752604292246,-6.70719575881958,1.3619581460952759,0.7473553419113159,True,True,0.3416193425655365,0.06842957437038422,0.25234293619791665,0.0006326865986920893,0.04249780997633934,,0.04249780997633934,20334733312.0,0.9985012026883018,25883842.0,0.0012709803945125857,4635831.5,0.00022763432680372072
Healthy-136-img-2_jpg.rf.a2a513d9986ba387f62ed694ffd45fb5.jpg,Healthy,5,42002005,w1_then_strong,-1.7312911308820755,1.0085743549362687,-1.6423803448747663,-44.99752604292246,-6.70719575881958,1.3619581460952759,0.7473553419113159,True,True,0.3406163156032562,0.06899695098400116,0.2526025390625,0.0007590020541101694,0.046641360968351364,,0.046641360968351364,20227727360.0,0.9982329226997675,30254664.0,0.001493059557928481,5553790.5,0.0002740780723513372
Healthy-136-img-2_jpg.rf.a2a513d9986ba387f62ed694ffd45fb5.jpg,Healthy,5,42002005,strong_then_w1,-1.7312911308820755,1.0085743549362687,-1.6423803448747663,-44.99752604292246,-6.70719575881958,1.3619581460952759,0.7473553419113159,True,True,0.340323805809021,0.06905719637870789,0.2529044596354167,0.0007729902281425893,0.04734227806329727,,0.04734227806329727,20195371008.0,0.9982137266090658,30414518.0,0.0015033241698690217,5723235.0,0.0002828871891160771
Healthy-136-img-2_jpg.rf.a2a513d9986ba387f62ed694ffd45fb5.jpg,Healthy,6,42002006,original,-3.325773078854885,0.9143136881815039,2.7056391805275553,-11.725237538993326,4.447023868560791,0.9257752299308777,0.8580644726753235,False,True,0.4658668041229248,0.09661068767309189,0.0025105794270833333,0.002726946724578738,0.06328025460243225,,0.06328025460243225,37895057408.0,0.9978205187247403,62839052.0,0.0016546246331737692,19929826.0,0.0005247752788260881
Healthy-136-img-2_jpg.rf.a2a513d9986ba387f62ed694ffd45fb5.jpg,Healthy,6,42002006,w1_only,-3.325773078854885,0.9143136881815039,2.7056391805275553,-11.725237538993326,4.447023868560791,0.9257752299308777,0.8580644726753235,False,True,0.46394607424736023,0.0975027084350586,0.0041357421875,0.0032939917873591185,0.07112593948841095,,0.07112593948841095,37609373696.0,0.9974045904846137,73706448.0,0.0019547028402478895,24171392.0,0.0006410278866666471
Healthy-136-img-2_jpg.rf.a2a513d9986ba387f62ed694ffd45fb5.jpg,Healthy,6,42002006,strong_only,-3.325773078854885,0.9143136881815039,2.7056391805275553,-11.725237538993326,4.447023868560791,0.9257752299308777,0.8580644726753235,False,True,0.37517982721328735,0.07190345227718353,0.0,0.0008930176263675094,0.04636015370488167,,0.04636015370488167,24441133056.0,0.9982903630699016,35552632.0,0.0014521360292933632,6309682.5,0.0002577169896071779
Healthy-136-img-2_jpg.rf.a2a513d9986ba387f62ed694ffd45fb5.jpg,Healthy,6,42002006,w1_then_strong,-3.325773078854885,0.9143136881815039,2.7056391805275553,-11.725237538993326,4.447023868560791,0.9257752299308777,0.8580644726753235,False,True,0.37402933835983276,0.0725531131029129,0.0,0.0010743574239313602,0.05167961120605469,,0.05167961120605469,24305192960.0,0.9979906933125591,41277960.0,0.0016949061044989162,7662799.0,0.00031464066544587455
Healthy-136-img-2_jpg.rf.a2a513d9986ba387f62ed694ffd45fb5.jpg,Healthy,6,42002006,strong_then_w1,-3.325773078854885,0.9143136881815039,2.7056391805275553,-11.725237538993326,4.447023868560791,0.9257752299308777,0.8580644726753235,False,True,0.3734035789966583,0.07259896397590637,2.5227864583333333e-05,0.0010976821649819613,0.05241484194993973,,0.05241484194993973,24227012608.0,0.9979501252541886,41939612.0,0.0017275609554391195,7826208.0,0.0003223742596842641
Healthy-136-img-2_jpg.rf.a2a513d9986ba387f62ed694ffd45fb5.jpg,Healthy,7,42002007,original,-7.377631025870213,0.8722129127474139,57.872158286758406,-22.562542250969386,1.5771102905273438,0.6271520256996155,1.207534670829773,False,False,0.4658668041229248,0.09661068767309189,0.0025105794270833333,0.002726946724578738,0.06328025460243225,,0.06328025460243225,37895057408.0,0.9978205187247403,62839052.0,0.0016546246331737692,19929826.0,0.0005247752788260881
Healthy-136-img-2_jpg.rf.a2a513d9986ba387f62ed694ffd45fb5.jpg,Healthy,7,42002007,w1_only,-7.377631025870213,0.8722129127474139,57.872158286758406,-22.562542250969386,1.5771102905273438,0.6271520256996155,1.207534670829773,False,False,0.46394607424736023,0.0975027084350586,0.0041357421875,0.0032939917873591185,0.07112593948841095,,0.07112593948841095,37609373696.0,0.9974045904846137,73706448.0,0.0019547028402478895,24171392.0,0.0006410278866666471
Healthy-136-img-2_jpg.rf.a2a513d9986ba387f62ed694ffd45fb5.jpg,Healthy,7,42002007,strong_only,-7.377631025870213,0.8722129127474139,57.872158286758406,-22.562542250969386,1.5771102905273438,0.6271520256996155,1.207534670829773,False,False,0.6089125275611877,0.11595433950424194,0.003363444010416667,0.0018727853894233704,0.06583525985479355,,0.06583525985479355,64368726016.0,0.9985630623661051,79034416.0,0.0012260744208866198,13608474.0,0.00021111058603508404
Healthy-136-img-2_jpg.rf.a2a513d9986ba387f62ed694ffd45fb5.jpg,Healthy,7,42002007,w1_then_strong,-7.377631025870213,0.8722129127474139,57.872158286758406,-22.562542250969386,1.5771102905273438,0.6271520256996155,1.207534670829773,False,False,0.6074202656745911,0.11641702055931091,0.003330078125,0.0022385683842003345,0.07236503809690475,,0.07236503809690475,64068349952.0,0.998339195496878,90292776.0,0.0014069789126542952,16288973.0,0.00025382142996462054
Healthy-136-img-2_jpg.rf.a2a513d9986ba387f62ed694ffd45fb5.jpg,Healthy,7,42002007,strong_then_w1,-7.377631025870213,0.8722129127474139,57.872158286758406,-22.562542250969386,1.5771102905273438,0.6271520256996155,1.207534670829773,False,False,0.607357382774353,0.11671051383018494,0.00341552734375,0.0022729006595909595,0.07253345847129822,,0.07253345847129822,64064299008.0,0.9982968437228377,92654128.0,0.0014438045053570532,16641420.0,0.0002593187987429872
Healthy-136-img-2_jpg.rf.a2a513d9986ba387f62ed694ffd45fb5.jpg,Healthy,8,42002008,original,-4.2667385239533795,0.641478868936592,10.125676215512556,4.4208644458771005,2.8011531829833984,0.8028857707977295,1.1589775085449219,False,True,0.4658668041229248,0.09661068767309189,0.0025105794270833333,0.002726946724578738,0.06328025460243225,,0.06328025460243225,37895057408.0,0.9978205187247403,62839052.0,0.0016546246331737692,19929826.0,0.0005247752788260881
Healthy-136-img-2_jpg.rf.a2a513d9986ba387f62ed694ffd45fb5.jpg,Healthy,8,42002008,w1_only,-4.2667385239533795,0.641478868936592,10.125676215512556,4.4208644458771005,2.8011531829833984,0.8028857707977295,1.1589775085449219,False,True,0.46394607424736023,0.0975027084350586,0.0041357421875,0.0032939917873591185,0.07112593948841095,,0.07112593948841095,37609373696.0,0.9974045904846137,73706448.0,0.0019547028402478895,24171392.0,0.0006410278866666471
Healthy-136-img-2_jpg.rf.a2a513d9986ba387f62ed694ffd45fb5.jpg,Healthy,8,42002008,strong_only,-4.2667385239533795,0.641478868936592,10.125676215512556,4.4208644458771005,2.8011531829833984,0.8028857707977295,1.1589775085449219,False,True,0.5347038507461548,0.07356693595647812,0.00138427734375,0.0016573762986809015,0.04029223322868347,,0.04029223322868347,48805875712.0,0.9985766581149386,57793276.0,0.0011824604223914122,11769711.0,0.000240810322648691
Healthy-136-img-2_jpg.rf.a2a513d9986ba387f62ed694ffd45fb5.jpg,Healthy,8,42002008,w1_then_strong,-4.2667385239533795,0.641478868936592,10.125676215512556,4.4208644458771005,2.8011531829833984,0.8028857707977295,1.1589775085449219,False,True,0.5338523387908936,0.07388638705015182,0.0013704427083333333,0.001975439488887787,0.04413565993309021,,0.04413565993309021,48652267520.0,0.9983907897192098,64225956.0,0.0013179776853144958,14195760.0,0.00029131049300504155
Healthy-136-img-2_jpg.rf.a2a513d9986ba387f62ed694ffd45fb5.jpg,Healthy,8,42002008,strong_then_w1,-4.2667385239533795,0.641478868936592,10.125676215512556,4.4208644458771005,2.8011531829833984,0.8028857707977295,1.1589775085449219,False,True,0.5337313413619995,0.07423238456249237,0.0014054361979166667,0.002010533818975091,0.04474774748086929,,0.04474774748086929,48635498496.0,0.9983147727688332,67738944.0,0.0013904409449514018,14361480.0,0.000294790391508032
Healthy-136-img-2_jpg.rf.a2a513d9986ba387f62ed694ffd45fb5.jpg,Healthy,9,42002009,original,1.252595640549714,1.457288392316343,48.222273193264016,-51.03638017376505,2.9540116786956787,0.5697678923606873,0.7161695957183838,False,False,0.4658668041229248,0.09661068767309189,0.0025105794270833333,0.002726946724578738,0.06328025460243225,,0.06328025460243225,37895057408.0,0.9978205187247403,62839052.0,0.0016546246331737692,19929826.0,0.0005247752788260881
Healthy-136-img-2_jpg.rf.a2a513d9986ba387f62ed694ffd45fb5.jpg,Healthy,9,42002009,w1_only,1.252595640549714,1.457288392316343,48.222273193264016,-51.03638017376505,2.9540116786956787,0.5697678923606873,0.7161695957183838,False,False,0.46394607424736023,0.0975027084350586,0.0041357421875,0.0032939917873591185,0.07112593948841095,,0.07112593948841095,37609373696.0,0.9974045904846137,73706448.0,0.0019547028402478895,24171392.0,0.0006410278866666471
Healthy-136-img-2_jpg.rf.a2a513d9986ba387f62ed694ffd45fb5.jpg,Healthy,9,42002009,strong_only,1.252595640549714,1.457288392316343,48.222273193264016,-51.03638017376505,2.9540116786956787,0.5697678923606873,0.7161695957183838,False,False,0.36095619201660156,0.08767497539520264,0.0,0.00040890093077905476,0.05595840513706207,,0.05595840513706207,23114663936.0,0.998535434496171,29779916.0,0.0012864691195447833,4127870.0,0.00017832076102885328
Healthy-136-img-2_jpg.rf.a2a513d9986ba387f62ed694ffd45fb5.jpg,Healthy,9,42002009,w1_then_strong,1.252595640549714,1.457288392316343,48.222273193264016,-51.03638017376505,2.9540116786956787,0.5697678923606873,0.7161695957183838,False,False,0.359828382730484,0.08851341903209686,0.0,0.0004913209704682231,0.06107214838266373,,0.06107214838266373,22997274624.0,0.9982770176233867,35026848.0,0.001520462660462235,4671768.5,0.000202794426794374
Healthy-136-img-2_jpg.rf.a2a513d9986ba387f62ed694ffd45fb5.jpg,Healthy,9,42002009,strong_then_w1,1.252595640549714,1.457288392316343,48.222273193264016,-51.03638017376505,2.9540116786956787,0.5697678923606873,0.7161695957183838,False,False,0.35920172929763794,0.08841834217309952,0.0,0.0005117740947753191,0.06181161850690842,,0.06181161850690842,22918301696.0,0.9982459786766386,35094888.0,0.0015286181010620648,5168809.5,0.00022513637207337888
Healthy-136-img-2_jpg.rf.a2a513d9986ba387f62ed694ffd45fb5.jpg,Healthy,10,42002010,original,9.808628083287715,1.3860445952891798,61.3880026681764,-21.18144741297982,3.5379419326782227,0.7640137672424316,1.1890896558761597,False,True,0.4658668041229248,0.09661068767309189,0.0025105794270833333,0.002726946724578738,0.06328025460243225,,0.06328025460243225,37895057408.0,0.9978205187247403,62839052.0,0.0016546246331737692,19929826.0,0.0005247752788260881
Healthy-136-img-2_jpg.rf.a2a513d9986ba387f62ed694ffd45fb5.jpg,Healthy,10,42002010,w1_only,9.808628083287715,1.3860445952891798,61.3880026681764,-21.18144741297982,3.5379419326782227,0.7640137672424316,1.1890896558761597,False,True,0.46394607424736023,0.0975027084350586,0.0041357421875,0.0032939917873591185,0.07112593948841095,,0.07112593948841095,37609373696.0,0.9974045904846137,73706448.0,0.0019547028402478895,24171392.0,0.0006410278866666471
Healthy-136-img-2_jpg.rf.a2a513d9986ba387f62ed694ffd45fb5.jpg,Healthy,10,42002010,strong_only,9.808628083287715,1.3860445952891798,61.3880026681764,-21.18144741297982,3.5379419326782227,0.7640137672424316,1.1890896558761597,False,True,0.563084065914154,0.13251134753227234,0.0041748046875,0.0011678901500999928,0.08812445402145386,,0.08812445402145386,56057036800.0,0.9985151193420297,73707976.0,0.0013129222066211581,9643086.0,0.0001717673233865165
Healthy-136-img-2_jpg.rf.a2a513d9986ba387f62ed694ffd45fb5.jpg,Healthy,10,42002010,w1_then_strong,9.808628083287715,1.3860445952891798,61.3880026681764,-21.18144741297982,3.5379419326782227,0.7640137672424316,1.1890896558761597,False,True,0.5611783862113953,0.1338285654783249,0.004126790364583333,0.0014056669315323234,0.09653715044260025,,0.09653715044260025,55741231104.0,0.9982346941357825,87343640.0,0.0015641823840853268,11229435.0,0.00020110089767533403
Healthy-136-img-2_jpg.rf.a2a513d9986ba387f62ed694ffd45fb5.jpg,Healthy,10,42002010,strong_then_w1,9.808628083287715,1.3860445952891798,61.3880026681764,-21.18144741297982,3.5379419326782227,0.7640137672424316,1.1890896558761597,False,True,0.5612810254096985,0.13349243998527527,0.004242350260416666,0.0014210834633558989,0.0955173522233963,,0.0955173522233963,55745863680.0,0.9982410640722539,86436600.0,0.0015478200150255126,11785689.0,0.00021104630821973584
Healthy-136-img-2_jpg.rf.a2a513d9986ba387f62ed694ffd45fb5.jpg,Healthy,11,42002011,original,-2.9289046974516086,0.8538531075140642,-1.0333003753294747,28.745458529502457,3.024232864379883,0.9464826583862305,1.394580364227295,True,True,0.4658668041229248,0.09661068767309189,0.0025105794270833333,0.002726946724578738,0.06328025460243225,,0.06328025460243225,37895057408.0,0.9978205187247403,62839052.0,0.0016546246331737692,19929826.0,0.0005247752788260881
Healthy-136-img-2_jpg.rf.a2a513d9986ba387f62ed694ffd45fb5.jpg,Healthy,11,42002011,w1_only,-2.9289046974516086,0.8538531075140642,-1.0333003753294747,28.745458529502457,3.024232864379883,0.9464826583862305,1.394580364227295,True,True,0.46394607424736023,0.0975027084350586,0.0041357421875,0.0032939917873591185,0.07112593948841095,,0.07112593948841095,37609373696.0,0.9974045904846137,73706448.0,0.0019547028402478895,24171392.0,0.0006410278866666471
Healthy-136-img-2_jpg.rf.a2a513d9986ba387f62ed694ffd45fb5.jpg,Healthy,11,42002011,strong_only,-2.9289046974516086,0.8538531075140642,-1.0333003753294747,28.745458529502457,3.024232864379883,0.9464826583862305,1.394580364227295,True,True,0.6129833459854126,0.09773119539022446,0.07400472005208333,0.0020744914654642344,0.06436740607023239,,0.06436740607023239,64540512256.0,0.9984207842358999,87518992.0,0.0013538904104383228,14561670.0,0.00022526431032212314
Healthy-136-img-2_jpg.rf.a2a513d9986ba387f62ed694ffd45fb5.jpg,Healthy,11,42002011,w1_then_strong,-2.9289046974516086,0.8538531075140642,-1.0333003753294747,28.745458529502457,3.024232864379883,0.9464826583862305,1.394580364227295,True,True,0.6116111278533936,0.09899242222309113,0.06822509765625,0.00247888988815248,0.07127551734447479,,0.07127551734447479,64284692480.0,0.9981735931732059,100026688.0,0.0015531535537054682,17592532.0,0.0002731661333670987
Healthy-136-img-2_jpg.rf.a2a513d9986ba387f62ed694ffd45fb5.jpg,Healthy,11,42002011,strong_then_w1,-2.9289046974516086,0.8538531075140642,-1.0333003753294747,28.745458529502457,3.024232864379883,0.9464826583862305,1.394580364227295,True,True,0.6114984154701233,0.09894450008869171,0.07451009114583333,0.002505007665604353,0.07087501138448715,,0.07087501138448715,64257355776.0,0.99813242626669,102512232.0,0.001592359063215459,17713620.0,0.00027515197746698773
Healthy-78-img-2_jpg.rf.a3b2cf1f57a7640088ed8102fa91aac2.jpg,Healthy,0,42003000,original,-6.148716595348606,0.6694804210104479,24.57444912765743,-6.733238190690656,3.6817445755004883,0.8844707608222961,1.2598819732666016,True,True,0.37653884291648865,0.08494743704795837,7.649739583333334e-05,0.0016543189994990826,0.04793129861354828,,0.04793129861354828,24962893824.0,0.9986094413793476,21720688.0,0.0008689090400729615,13035882.0,0.0005214842050640568
Healthy-78-img-2_jpg.rf.a3b2cf1f57a7640088ed8102fa91aac2.jpg,Healthy,0,42003000,w1_only,-6.148716595348606,0.6694804210104479,24.57444912765743,-6.733238190690656,3.6817445755004883,0.8844707608222961,1.2598819732666016,True,True,0.3745497167110443,0.08539062738418579,0.00017333984375,0.0021109969820827246,0.05526874214410782,,0.05526874214410782,24716902400.0,0.9982733200023988,26133296.0,0.0010554790296265202,16617353.0,0.0006711464034005256
Healthy-78-img-2_jpg.rf.a3b2cf1f57a7640088ed8102fa91aac2.jpg,Healthy,0,42003000,strong_only,-6.148716595348606,0.6694804210104479,24.57444912765743,-6.733238190690656,3.6817445755004883,0.8844707608222961,1.2598819732666016,True,True,0.5229825377464294,0.08200386166572571,3.2552083333333335e-06,0.0010413028066977859,0.03149167448282242,,0.03149167448282242,46989053952.0,0.9994332854580787,18853402.0,0.0004010022743205263,7798564.0,0.0001658714910144164
Healthy-78-img-2_jpg.rf.a3b2cf1f57a7640088ed8102fa91aac2.jpg,Healthy,0,42003000,w1_then_strong,-6.148716595348606,0.6694804210104479,24.57444912765743,-6.733238190690656,3.6817445755004883,0.8844707608222961,1.2598819732666016,True,True,0.5218299031257629,0.0828855037689209,6.510416666666667e-06,0.0012882309965789318,0.03435840085148811,,0.03435840085148811,46807027712.0,0.9993381760401012,21343806.0,0.00045569396734681877,9671521.0,0.0002064886541213911
Healthy-78-img-2_jpg.rf.a3b2cf1f57a7640088ed8102fa91aac2.jpg,Healthy,0,42003000,strong_then_w1,-6.148716595348606,0.6694804210104479,24.57444912765743,-6.733238190690656,3.6817445755004883,0.8844707608222961,1.2598819732666016,True,True,0.5220198035240173,0.08281896263360977,2.2786458333333334e-05,0.0013227008748799562,0.03539658710360527,,0.03539658710360527,46837157888.0,0.9993108293390245,22404060.0,0.0004780097851517456,9908043.0,0.00021139657301865182
Healthy-78-img-2_jpg.rf.a3b2cf1f57a7640088ed8102fa91aac2.jpg,Healthy,1,42003001,original,5.431337495890325,0.6824668707750837,41.64753522112312,-21.559884219853473,-5.425303936004639,0.8758689165115356,1.2689378261566162,False,True,0.37653884291648865,0.08494743704795837,7.649739583333334e-05,0.0016543189994990826,0.04793129861354828,,0.04793129861354828,24962893824.0,0.9986094413793476,21720688.0,0.0008689090400729615,13035882.0,0.0005214842050640568
Healthy-78-img-2_jpg.rf.a3b2cf1f57a7640088ed8102fa91aac2.jpg,Healthy,1,42003001,w1_only,5.431337495890325,0.6824668707750837,41.64753522112312,-21.559884219853473,-5.425303936004639,0.8758689165115356,1.2689378261566162,False,True,0.3745497167110443,0.08539062738418579,0.00017333984375,0.0021109969820827246,0.05526874214410782,,0.05526874214410782,24716902400.0,0.9982733200023988,26133296.0,0.0010554790296265202,16617353.0,0.0006711464034005256
Healthy-78-img-2_jpg.rf.a3b2cf1f57a7640088ed8102fa91aac2.jpg,Healthy,1,42003001,strong_only,5.431337495890325,0.6824668707750837,41.64753522112312,-21.559884219853473,-5.425303936004639,0.8758689165115356,1.2689378261566162,False,True,0.5738770365715027,0.09528852254152298,4.069010416666667e-06,0.0010876852320507169,0.03440733253955841,,0.03440733253955841,56745955328.0,0.9994609516382287,22637042.0,0.0003987040029341235,7953613.5,0.00014008621533859788
Healthy-78-img-2_jpg.rf.a3b2cf1f57a7640088ed8102fa91aac2.jpg,Healthy,1,42003001,w1_then_strong,5.431337495890325,0.6824668707750837,41.64753522112312,-21.559884219853473,-5.425303936004639,0.8758689165115356,1.2689378261566162,False,True,0.5726759433746338,0.0953933522105217,7.32421875e-06,0.0013444668147712946,0.03737863153219223,,0.03737863153219223,56513392640.0,0.9993725136496209,25597770.0,0.00045266628941717795,9886494.0,0.0001748309541934783
Healthy-78-img-2_jpg.rf.a3b2cf1f57a7640088ed8102fa91aac2.jpg,Healthy,1,42003001,strong_then_w1,5.431337495890325,0.6824668707750837,41.64753522112312,-21.559884219853473,-5.425303936004639,0.8758689165115356,1.2689378261566162,False,True,0.5728446245193481,0.09560605138540268,1.3020833333333334e-05,0.0013774957042187452,0.03854689374566078,,0.03854689374566078,56551116800.0,0.9993467458533744,26886418.0,0.0004751250878206103,10079005.0,0.00017811179368591867
Healthy-78-img-2_jpg.rf.a3b2cf1f57a7640088ed8102fa91aac2.jpg,Healthy,2,42003002,original,4.96590723973725,1.0121455949173566,-58.602002981927285,4.873655163379567,-1.9992953538894653,0.8057660460472107,0.8414527177810669,True,False,0.37653884291648865,0.08494743704795837,7.649739583333334e-05,0.0016543189994990826,0.04793129861354828,,0.04793129861354828,24962893824.0,0.9986094413793476,21720688.0,0.0008689090400729615,13035882.0,0.0005214842050640568
Healthy-78-img-2_jpg.rf.a3b2cf1f57a7640088ed8102fa91aac2.jpg,Healthy,2,42003002,w1_only,4.96590723973725,1.0121455949173566,-58.602002981927285,4.873655163379567,-1.9992953538894653,0.8057660460472107,0.8414527177810669,True,False,0.3745497167110443,0.08539062738418579,0.00017333984375,0.0021109969820827246,0.05526874214410782,,0.05526874214410782,24716902400.0,0.9982733200023988,26133296.0,0.0010554790296265202,16617353.0,0.0006711464034005256
Healthy-78-img-2_jpg.rf.a3b2cf1f57a7640088ed8102fa91aac2.jpg,Healthy,2,42003002,strong_only,4.96590723973725,1.0121455949173566,-58.602002981927285,4.873655163379567,-1.9992953538894653,0.8057660460472107,0.8414527177810669,True,False,0.36715230345726013,0.0822908878326416,2.44140625e-06,0.00048542078002355993,0.0361621268093586,,0.0361621268093586,23734327296.0,0.9992583828348348,13526566.0,0.0005694930510521203,4083574.0,0.00017192589874304469
Healthy-78-img-2_jpg.rf.a3b2cf1f57a7640088ed8102fa91aac2.jpg,Healthy,2,42003002,w1_then_strong,4.96590723973725,1.0121455949173566,-58.602002981927285,4.873655163379567,-1.9992953538894653,0.8057660460472107,0.8414527177810669,True,False,0.36563563346862793,0.08252613991498947,7.32421875e-06,0.0006018446292728186,0.0404059924185276,,0.0404059924185276,23551033344.0,0.9991113625692847,15933904.0,0.0006759679842474506,5012892.0,0.00021266316782692874
Healthy-78-img-2_jpg.rf.a3b2cf1f57a7640088ed8102fa91aac2.jpg,Healthy,2,42003002,strong_then_w1,4.96590723973725,1.0121455949173566,-58.602002981927285,4.873655163379567,-1.9992953538894653,0.8057660460472107,0.8414527177810669,True,False,0.3653256297111511,0.08265632390975952,2.3600260416666666e-05,0.0006746221333742142,0.04360770806670189,,0.04360770806670189,23515389952.0,0.9990572488773344,16568045.0,0.0007038975535069993,5614855.0,0.00023854852505510112
Healthy-78-img-2_jpg.rf.a3b2cf1f57a7640088ed8102fa91aac2.jpg,Healthy,3,42003003,original,-2.848846224109134,1.4224213356627453,-28.46090633957084,-13.61154694620916,3.3803634643554688,1.2382395267486572,1.2521748542785645,False,False,0.37653884291648865,0.08494743704795837,7.649739583333334e-05,0.0016543189994990826,0.04793129861354828,,0.04793129861354828,24962893824.0,0.9986094413793476,21720688.0,0.0008689090400729615,13035882.0,0.0005214842050640568
Healthy-78-img-2_jpg.rf.a3b2cf1f57a7640088ed8102fa91aac2.jpg,Healthy,3,42003003,w1_only,-2.848846224109134,1.4224213356627453,-28.46090633957084,-13.61154694620916,3.3803634643554688,1.2382395267486572,1.2521748542785645,False,False,0.3745497167110443,0.08539062738418579,0.00017333984375,0.0021109969820827246,0.05526874214410782,,0.05526874214410782,24716902400.0,0.9982733200023988,26133296.0,0.0010554790296265202,16617353.0,0.0006711464034005256
Healthy-78-img-2_jpg.rf.a3b2cf1f57a7640088ed8102fa91aac2.jpg,Healthy,3,42003003,strong_only,-2.848846224109134,1.4224213356627453,-28.46090633957084,-13.61154694620916,3.3803634643554688,1.2382395267486572,1.2521748542785645,False,False,0.3826029598712921,0.09699739515781403,0.26449788411458336,0.0006096650613471866,0.04703036695718765,,0.04703036695718765,26107598848.0,0.9988443577327504,25185822.0,0.0009635783185587184,5023003.5,0.00019217388523767688
Healthy-78-img-2_jpg.rf.a3b2cf1f57a7640088ed8102fa91aac2.jpg,Healthy,3,42003003,w1_then_strong,-2.848846224109134,1.4224213356627453,-28.46090633957084,-13.61154694620916,3.3803634643554688,1.2382395267486572,1.2521748542785645,False,False,0.38113701343536377,0.09765216708183289,0.264970703125,0.0007386658107861876,0.052081502974033356,,0.052081502974033356,25935327232.0,0.9986129996057982,30045460.0,0.001156869418563426,5983566.0,0.0002303910314355608
Healthy-78-img-2_jpg.rf.a3b2cf1f57a7640088ed8102fa91aac2.jpg,Healthy,3,42003003,strong_then_w1,-2.848846224109134,1.4224213356627453,-28.46090633957084,-13.61154694620916,3.3803634643554688,1.2382395267486572,1.2521748542785645,False,False,0.38112872838974,0.09748274832963943,0.2650244140625,0.0007709708879701793,0.05365737900137901,,0.05365737900137901,25928306688.0,0.9985965561556193,30072136.0,0.0011581909997902683,6367623.5,0.00024524111715087374
Healthy-78-img-2_jpg.rf.a3b2cf1f57a7640088ed8102fa91aac2.jpg,Healthy,4,42003004,original,9.393264349081296,0.5811916739583012,53.56377901727086,-17.233767295916437,-5.5390496253967285,1.3075475692749023,1.1673078536987305,True,False,0.37653884291648865,0.08494743704795837,7.649739583333334e-05,0.0016543189994990826,0.04793129861354828,,0.04793129861354828,24962893824.0,0.9986094413793476,21720688.0,0.0008689090400729615,13035882.0,0.0005214842050640568
Healthy-78-img-2_jpg.rf.a3b2cf1f57a7640088ed8102fa91aac2.jpg,Healthy,4,42003004,w1_only,9.393264349081296,0.5811916739583012,53.56377901727086,-17.233767295916437,-5.5390496253967285,1.3075475692749023,1.1673078536987305,True,False,0.3745497167110443,0.08539062738418579,0.00017333984375,0.0021109969820827246,0.05526874214410782,,0.05526874214410782,24716902400.0,0.9982733200023988,26133296.0,0.0010554790296265202,16617353.0,0.0006711464034005256
Healthy-78-img-2_jpg.rf.a3b2cf1f57a7640088ed8102fa91aac2.jpg,Healthy,4,42003004,strong_only,9.393264349081296,0.5811916739583012,53.56377901727086,-17.233767295916437,-5.5390496253967285,1.3075475692749023,1.1673078536987305,True,False,0.5062635540962219,0.07046251744031906,0.09548828125,0.0007786828791722655,0.021937618032097816,,0.021937618032097816,43813613568.0,0.9995476345238304,14179320.0,0.0003234817813682425,5656608.0,0.00012904777043905148
Healthy-78-img-2_jpg.rf.a3b2cf1f57a7640088ed8102fa91aac2.jpg,Healthy,4,42003004,w1_then_strong,9.393264349081296,0.5811916739583012,53.56377901727086,-17.233767295916437,-5.5390496253967285,1.3075475692749023,1.1673078536987305,True,False,0.5057064890861511,0.07097292691469193,0.09564290364583333,0.0009408872574567795,0.02346760220825672,,0.02346760220825672,43728261120.0,0.9994809663799343,15842712.0,0.00036211110833759544,6872555.5,0.00015708350244684352
Healthy-78-img-2_jpg.rf.a3b2cf1f57a7640088ed8102fa91aac2.jpg,Healthy,4,42003004,strong_then_w1,9.393264349081296,0.5811916739583012,53.56377901727086,-17.233767295916437,-5.5390496253967285,1.3075475692749023,1.1673078536987305,True,False,0.5057201981544495,0.07103521376848221,0.09575520833333333,0.0009633097215555608,0.024383895099163055,,0.024383895099163055,43731009536.0,0.9994565787715984,16782888.0,0.0003835669013901567,6998609.0,0.00015995070503784946
Healthy-78-img-2_jpg.rf.a3b2cf1f57a7640088ed8102fa91aac2.jpg,Healthy,5,42003005,original,1.6173079396165857,1.254820420891531,-46.45696499903005,-6.040182207737473,6.337389945983887,1.3111357688903809,1.065843105316162,False,False,0.37653884291648865,0.08494743704795837,7.649739583333334e-05,0.0016543189994990826,0.04793129861354828,,0.04793129861354828,24962893824.0,0.9986094413793476,21720688.0,0.0008689090400729615,13035882.0,0.0005214842050640568
Healthy-78-img-2_jpg.rf.a3b2cf1f57a7640088ed8102fa91aac2.jpg,Healthy,5,42003005,w1_only,1.6173079396165857,1.254820420891531,-46.45696499903005,-6.040182207737473,6.337389945983887,1.3111357688903809,1.065843105316162,False,False,0.3745497167110443,0.08539062738418579,0.00017333984375,0.0021109969820827246,0.05526874214410782,,0.05526874214410782,24716902400.0,0.9982733200023988,26133296.0,0.0010554790296265202,16617353.0,0.0006711464034005256
Healthy-78-img-2_jpg.rf.a3b2cf1f57a7640088ed8102fa91aac2.jpg,Healthy,5,42003005,strong_only,1.6173079396165857,1.254820420891531,-46.45696499903005,-6.040182207737473,6.337389945983887,1.3111357688903809,1.065843105316162,False,False,0.2881998121738434,0.07010157406330109,0.27804361979166664,0.000511730439029634,0.03730837255716324,,0.03730837255716324,14737266688.0,0.9984953740400785,18053914.0,0.0012232084818683449,4157006.5,0.00028165004053868
Healthy-78-img-2_jpg.rf.a3b2cf1f57a7640088ed8102fa91aac2.jpg,Healthy,5,42003005,w1_then_strong,1.6173079396165857,1.254820420891531,-46.45696499903005,-6.040182207737473,6.337389945983887,1.3111357688903809,1.065843105316162,False,False,0.2871256172657013,0.0705670639872551,0.27838216145833333,0.0006225603283382952,0.04132040962576866,,0.04132040962576866,14640539648.0,0.9982107834872079,21240446.0,0.001448200869164965,5007202.0,0.00034139745881440304
Healthy-78-img-2_jpg.rf.a3b2cf1f57a7640088ed8102fa91aac2.jpg,Healthy,5,42003005,strong_then_w1,1.6173079396165857,1.254820420891531,-46.45696499903005,-6.040182207737473,6.337389945983887,1.3111357688903809,1.065843105316162,False,False,0.28674402832984924,0.07051631063222885,0.27851318359375,0.0006539312889799476,0.04357578605413437,,0.04357578605413437,14601945088.0,0.9981614838103128,21575586.0,0.0014748664514247084,5320307.0,0.000363686173139401
Healthy-78-img-2_jpg.rf.a3b2cf1f57a7640088ed8102fa91aac2.jpg,Healthy,6,42003006,original,-1.1014792688105768,0.752967947912279,-44.01887134812796,-52.657957162831394,6.690408229827881,1.4657350778579712,1.0130021572113037,False,True,0.37653884291648865,0.08494743704795837,7.649739583333334e-05,0.0016543189994990826,0.04793129861354828,,0.04793129861354828,24962893824.0,0.9986094413793476,21720688.0,0.0008689090400729615,13035882.0,0.0005214842050640568
Healthy-78-img-2_jpg.rf.a3b2cf1f57a7640088ed8102fa91aac2.jpg,Healthy,6,42003006,w1_only,-1.1014792688105768,0.752967947912279,-44.01887134812796,-52.657957162831394,6.690408229827881,1.4657350778579712,1.0130021572113037,False,True,0.3745497167110443,0.08539062738418579,0.00017333984375,0.0021109969820827246,0.05526874214410782,,0.05526874214410782,24716902400.0,0.9982733200023988,26133296.0,0.0010554790296265202,16617353.0,0.0006711464034005256
Healthy-78-img-2_jpg.rf.a3b2cf1f57a7640088ed8102fa91aac2.jpg,Healthy,6,42003006,strong_only,-1.1014792688105768,0.752967947912279,-44.01887134812796,-52.657957162831394,6.690408229827881,1.4657350778579712,1.0130021572113037,False,True,0.3490731120109558,0.09975890815258026,0.16477864583333332,0.0008725293446332216,0.029034361243247986,,0.029034361243247986,22085636096.0,0.9987619207269919,19995624.0,0.000904246893572231,7382821.0,0.0003338676980048151
Healthy-78-img-2_jpg.rf.a3b2cf1f57a7640088ed8102fa91aac2.jpg,Healthy,6,42003006,w1_then_strong,-1.1014792688105768,0.752967947912279,-44.01887134812796,-52.657957162831394,6.690408229827881,1.4657350778579712,1.0130021572113037,False,True,0.3485153913497925,0.1003236323595047,0.16502522786458335,0.000996225280687213,0.030883319675922394,,0.030883319675922394,22036879360.0,0.9986482297517532,21488722.0,0.0009738073088460903,8336347.5,0.00037777938234674136
Healthy-78-img-2_jpg.rf.a3b2cf1f57a7640088ed8102fa91aac2.jpg,Healthy,6,42003006,strong_then_w1,-1.1014792688105768,0.752967947912279,-44.01887134812796,-52.657957162831394,6.690408229827881,1.4657350778579712,1.0130021572113037,False,True,0.3483014702796936,0.10057664662599564,0.1653515625,0.0010635585058480501,0.03262070193886757,,0.03262070193886757,22018336768.0,0.9985541541574268,22891200.0,0.0010381393969261543,8992303.0,0.0004078101634426001
Healthy-78-img-2_jpg.rf.a3b2cf1f57a7640088ed8102fa91aac2.jpg,Healthy,7,42003007,original,2.335040689606469,0.5238770529772026,32.24849452011887,-34.74576433358908,-8.863112449645996,0.619868278503418,0.9137997031211853,False,False,0.37653884291648865,0.08494743704795837,7.649739583333334e-05,0.0016543189994990826,0.04793129861354828,,0.04793129861354828,24962893824.0,0.9986094413793476,21720688.0,0.0008689090400729615,13035882.0,0.0005214842050640568
Healthy-78-img-2_jpg.rf.a3b2cf1f57a7640088ed8102fa91aac2.jpg,Healthy,7,42003007,w1_only,2.335040689606469,0.5238770529772026,32.24849452011887,-34.74576433358908,-8.863112449645996,0.619868278503418,0.9137997031211853,False,False,0.3745497167110443,0.08539062738418579,0.00017333984375,0.0021109969820827246,0.05526874214410782,,0.05526874214410782,24716902400.0,0.9982733200023988,26133296.0,0.0010554790296265202,16617353.0,0.0006711464034005256
Healthy-78-img-2_jpg.rf.a3b2cf1f57a7640088ed8102fa91aac2.jpg,Healthy,7,42003007,strong_only,2.335040689606469,0.5238770529772026,32.24849452011887,-34.74576433358908,-8.863112449645996,0.619868278503418,0.9137997031211853,False,False,0.42780688405036926,0.06825783848762512,0.0,0.0005768869305029511,0.018520932644605637,,0.018520932644605637,31470374912.0,0.999467367667793,12481081.0,0.00039638654472978226,4289078.0,0.00013621679151802035
Healthy-78-img-2_jpg.rf.a3b2cf1f57a7640088ed8102fa91aac2.jpg,Healthy,7,42003007,w1_then_strong,2.335040689606469,0.5238770529772026,32.24849452011887,-34.74576433358908,-8.863112449645996,0.619868278503418,0.9137997031211853,False,False,0.42732247710227966,0.06799912452697754,1.6276041666666668e-06,0.0006932419491931796,0.019636180251836777,,0.019636180251836777,31393091584.0,0.9994065626271372,13480406.0,0.000429151942147191,5161485.5,0.00016431712269567885
Healthy-78-img-2_jpg.rf.a3b2cf1f57a7640088ed8102fa91aac2.jpg,Healthy,7,42003007,strong_then_w1,2.335040689606469,0.5238770529772026,32.24849452011887,-34.74576433358908,-8.863112449645996,0.619868278503418,0.9137997031211853,False,False,0.4271797239780426,0.06820504367351532,9.765625e-06,0.0007376060821115971,0.020942769944667816,,0.020942769944667816,31375716352.0,0.999355644716665,14751395.0,0.00046985030382439344,5475099.5,0.0001743887383900834
Healthy-78-img-2_jpg.rf.a3b2cf1f57a7640088ed8102fa91aac2.jpg,Healthy,8,42003008,original,-6.04946261713319,1.038102890332313,-13.917906174685925,-10.621751906414545,0.4809689521789551,0.7255927324295044,0.6038638353347778,False,False,0.37653884291648865,0.08494743704795837,7.649739583333334e-05,0.0016543189994990826,0.04793129861354828,,0.04793129861354828,24962893824.0,0.9986094413793476,21720688.0,0.0008689090400729615,13035882.0,0.0005214842050640568
Healthy-78-img-2_jpg.rf.a3b2cf1f57a7640088ed8102fa91aac2.jpg,Healthy,8,42003008,w1_only,-6.04946261713319,1.038102890332313,-13.917906174685925,-10.621751906414545,0.4809689521789551,0.7255927324295044,0.6038638353347778,False,False,0.3745497167110443,0.08539062738418579,0.00017333984375,0.0021109969820827246,0.05526874214410782,,0.05526874214410782,24716902400.0,0.9982733200023988,26133296.0,0.0010554790296265202,16617353.0,0.0006711464034005256
Healthy-78-img-2_jpg.rf.a3b2cf1f57a7640088ed8102fa91aac2.jpg,Healthy,8,42003008,strong_only,-6.04946261713319,1.038102890332313,-13.917906174685925,-10.621751906414545,0.4809689521789551,0.7255927324295044,0.6038638353347778,False,False,0.26578348875045776,0.06221245229244232,1.6276041666666668e-06,0.0002682047488633543,0.02822876162827015,,0.02822876162827015,12491258880.0,0.9992273872541997,7477426.0,0.0005981501878349207,2179252.25,0.00017432738788416945
Healthy-78-img-2_jpg.rf.a3b2cf1f57a7640088ed8102fa91aac2.jpg,Healthy,8,42003008,w1_then_strong,-6.04946261713319,1.038102890332313,-13.917906174685925,-10.621751906414545,0.4809689521789551,0.7255927324295044,0.6038638353347778,False,False,0.26462727785110474,0.06237369775772095,1.5462239583333335e-05,0.00033079623244702816,0.03159967437386513,,0.03159967437386513,12389885952.0,0.9990719805078749,8835567.0,0.0007124655913539778,2673329.5,0.00021556684286379516
Healthy-78-img-2_jpg.rf.a3b2cf1f57a7640088ed8102fa91aac2.jpg,Healthy,8,42003008,strong_then_w1,-6.04946261713319,1.038102890332313,-13.917906174685925,-10.621751906414545,0.4809689521789551,0.7255927324295044,0.6038638353347778,False,False,0.2638396918773651,0.06249697506427765,3.173828125e-05,0.00040544025250710547,0.035661693662405014,,0.035661693662405014,12321468416.0,0.9989716954737499,9434176.0,0.0007648824373789443,3248723.5,0.00026339253677801374
Healthy-78-img-2_jpg.rf.a3b2cf1f57a7640088ed8102fa91aac2.jpg,Healthy,9,42003009,original,-6.209516966655952,1.4133813852150623,-8.23041889230251,-1.2013555539272716,-4.456978797912598,1.261959433555603,1.3738131523132324,True,False,0.37653884291648865,0.08494743704795837,7.649739583333334e-05,0.0016543189994990826,0.04793129861354828,,0.04793129861354828,24962893824.0,0.9986094413793476,21720688.0,0.0008689090400729615,13035882.0,0.0005214842050640568
Healthy-78-img-2_jpg.rf.a3b2cf1f57a7640088ed8102fa91aac2.jpg,Healthy,9,42003009,w1_only,-6.209516966655952,1.4133813852150623,-8.23041889230251,-1.2013555539272716,-4.456978797912598,1.261959433555603,1.3738131523132324,True,False,0.3745497167110443,0.08539062738418579,0.00017333984375,0.0021109969820827246,0.05526874214410782,,0.05526874214410782,24716902400.0,0.9982733200023988,26133296.0,0.0010554790296265202,16617353.0,0.0006711464034005256
Healthy-78-img-2_jpg.rf.a3b2cf1f57a7640088ed8102fa91aac2.jpg,Healthy,9,42003009,strong_only,-6.209516966655952,1.4133813852150623,-8.23041889230251,-1.2013555539272716,-4.456978797912598,1.261959433555603,1.3738131523132324,True,False,0.5328951478004456,0.1509011685848236,0.3693058268229167,0.0007593434420414269,0.05201447010040283,,0.05201447010040283,51424563200.0,0.9992369718535177,32898324.0,0.0006392513539680568,6381056.5,0.0001239910886454784
Healthy-78-img-2_jpg.rf.a3b2cf1f57a7640088ed8102fa91aac2.jpg,Healthy,9,42003009,w1_then_strong,-6.209516966655952,1.4133813852150623,-8.23041889230251,-1.2013555539272716,-4.456978797912598,1.261959433555603,1.3738131523132324,True,False,0.5314173102378845,0.15192469954490662,0.36660970052083336,0.0009187614778056741,0.05750809982419014,,0.05750809982419014,51205185536.0,0.9990874061002895,39199632.0,0.0007648416511923699,7577110.0,0.00014784040124831322
Healthy-78-img-2_jpg.rf.a3b2cf1f57a7640088ed8102fa91aac2.jpg,Healthy,9,42003009,strong_then_w1,-6.209516966655952,1.4133813852150623,-8.23041889230251,-1.2013555539272716,-4.456978797912598,1.261959433555603,1.3738131523132324,True,False,0.5318028926849365,0.15168151259422302,0.3694759114583333,0.0009339665411971509,0.057157501578330994,,0.057157501578330994,51261489152.0,0.9990867326198991,38980676.0,0.0007597336102483368,7883544.0,0.00015365032008864121
Healthy-78-img-2_jpg.rf.a3b2cf1f57a7640088ed8102fa91aac2.jpg,Healthy,10,42003010,original,9.811907801829573,0.536501637534336,17.2304943672666,29.243187423213158,5.995847702026367,1.3460217714309692,0.8857973217964172,False,True,0.37653884291648865,0.08494743704795837,7.649739583333334e-05,0.0016543189994990826,0.04793129861354828,,0.04793129861354828,24962893824.0,0.9986094413793476,21720688.0,0.0008689090400729615,13035882.0,0.0005214842050640568
Healthy-78-img-2_jpg.rf.a3b2cf1f57a7640088ed8102fa91aac2.jpg,Healthy,10,42003010,w1_only,9.811907801829573,0.536501637534336,17.2304943672666,29.243187423213158,5.995847702026367,1.3460217714309692,0.8857973217964172,False,True,0.3745497167110443,0.08539062738418579,0.00017333984375,0.0021109969820827246,0.05526874214410782,,0.05526874214410782,24716902400.0,0.9982733200023988,26133296.0,0.0010554790296265202,16617353.0,0.0006711464034005256
Healthy-78-img-2_jpg.rf.a3b2cf1f57a7640088ed8102fa91aac2.jpg,Healthy,10,42003010,strong_only,9.811907801829573,0.536501637534336,17.2304943672666,29.243187423213158,5.995847702026367,1.3460217714309692,0.8857973217964172,False,True,0.3508116900920868,0.0712454542517662,0.08206705729166666,0.0005260045290924609,0.015537368133664131,,0.015537368133664131,21485441024.0,0.9993643315607713,9605901.0,0.00044680464418582954,4069674.5,0.00018929504550636568
Healthy-78-img-2_jpg.rf.a3b2cf1f57a7640088ed8102fa91aac2.jpg,Healthy,10,42003010,w1_then_strong,9.811907801829573,0.536501637534336,17.2304943672666,29.243187423213158,5.995847702026367,1.3460217714309692,0.8857973217964172,False,True,0.3505474925041199,0.07170264422893524,0.08218587239583333,0.0006019150605425239,0.0163305401802063,,0.0163305401802063,21464182784.0,0.9993103409478697,10190320.0,0.0004744318596261119,4627896.5,0.00021546149116535837
Healthy-78-img-2_jpg.rf.a3b2cf1f57a7640088ed8102fa91aac2.jpg,Healthy,10,42003010,strong_then_w1,9.811907801829573,0.536501637534336,17.2304943672666,29.243187423213158,5.995847702026367,1.3460217714309692,0.8857973217964172,False,True,0.35038480162620544,0.07200991362333298,0.08233235677083334,0.0006452512461692095,0.01740495301783085,,0.01740495301783085,21451272192.0,0.9992549177337593,11015096.0,0.0005131112387550772,4985078.5,0.00023221765878629676
Healthy-78-img-2_jpg.rf.a3b2cf1f57a7640088ed8102fa91aac2.jpg,Healthy,11,42003011,original,3.141364085825762,0.6818126982159436,30.64769857839542,26.1222275984656,4.152167320251465,0.8014277815818787,1.3817704916000366,False,True,0.37653884291648865,0.08494743704795837,7.649739583333334e-05,0.0016543189994990826,0.04793129861354828,,0.04793129861354828,24962893824.0,0.9986094413793476,21720688.0,0.0008689090400729615,13035882.0,0.0005214842050640568
Healthy-78-img-2_jpg.rf.a3b2cf1f57a7640088ed8102fa91aac2.jpg,Healthy,11,42003011,w1_only,3.141364085825762,0.6818126982159436,30.64769857839542,26.1222275984656,4.152167320251465,0.8014277815818787,1.3817704916000366,False,True,0.3745497167110443,0.08539062738418579,0.00017333984375,0.0021109969820827246,0.05526874214410782,,0.05526874214410782,24716902400.0,0.9982733200023988,26133296.0,0.0010554790296265202,16617353.0,0.0006711464034005256
Healthy-78-img-2_jpg.rf.a3b2cf1f57a7640088ed8102fa91aac2.jpg,Healthy,11,42003011,strong_only,3.141364085825762,0.6818126982159436,30.64769857839542,26.1222275984656,4.152167320251465,0.8014277815818787,1.3817704916000366,False,True,0.5805526375770569,0.08731648325920105,0.04212239583333333,0.0011864816769957542,0.03316478058695793,,0.03316478058695793,57793728512.0,0.999455002308838,22703088.0,0.00039261552167803754,8829034.0,0.00015268477089209762
Healthy-78-img-2_jpg.rf.a3b2cf1f57a7640088ed8102fa91aac2.jpg,Healthy,11,42003011,w1_then_strong,3.141364085825762,0.6818126982159436,30.64769857839542,26.1222275984656,4.152167320251465,0.8014277815818787,1.3817704916000366,False,True,0.5794554352760315,0.088271364569664,0.03997721354166667,0.0014558810507878661,0.036087919026613235,,0.036087919026613235,57603256320.0,0.9993647064592085,25729780.0,0.0004463885495312223,10882223.0,0.0001887967849179164
Healthy-78-img-2_jpg.rf.a3b2cf1f57a7640088ed8102fa91aac2.jpg,Healthy,11,42003011,strong_then_w1,3.141364085825762,0.6818126982159436,30.64769857839542,26.1222275984656,4.152167320251465,0.8014277815818787,1.3817704916000366,False,True,0.5795813798904419,0.08812861889600754,0.04236083984375,0.0014913486083969474,0.03715181723237038,,0.03715181723237038,57622130688.0,0.9993408481896447,26896256.0,0.0004664618778104879,11114379.0,0.00019275672045348814
Healthy-32-img-3_jpg.rf.b8c2755afeb873e00e74dbf953046f77.jpg,Healthy,0,42004000,original,-8.68892299510765,0.7811409977523167,44.13582407445995,31.99845063264354,6.452273845672607,1.3331942558288574,1.0733224153518677,True,True,0.4532385766506195,0.09565981477499008,8.138020833333334e-07,0.0013230633921921253,0.052637506276369095,,0.052637506276369095,35958874112.0,0.9988609668435652,30462058.0,0.0008461711179041255,10543493.0,0.000292875788576869
Healthy-32-img-3_jpg.rf.b8c2755afeb873e00e74dbf953046f77.jpg,Healthy,0,42004000,w1_only,-8.68892299510765,0.7811409977523167,44.13582407445995,31.99845063264354,6.452273845672607,1.3331942558288574,1.0733224153518677,True,True,0.45129409432411194,0.09617939591407776,5.696614583333334e-06,0.0016506201354786754,0.05994408205151558,,0.05994408205151558,35672121344.0,0.9986165702661334,36220076.0,0.0010139561850302584,13194586.0,0.00036937338518046336
Healthy-32-img-3_jpg.rf.b8c2755afeb873e00e74dbf953046f77.jpg,Healthy,0,42004000,strong_only,-8.68892299510765,0.7811409977523167,44.13582407445995,31.99845063264354,6.452273845672607,1.3331942558288574,1.0733224153518677,True,True,0.4198952913284302,0.08792515844106674,0.01069091796875,0.0008821256342343986,0.04534507915377617,,0.04534507915377617,30838185984.0,0.9987338160264534,32833950.0,0.001063369168203852,6257056.5,0.00020264272089740972
Healthy-32-img-3_jpg.rf.b8c2755afeb873e00e74dbf953046f77.jpg,Healthy,0,42004000,w1_then_strong,-8.68892299510765,0.7811409977523167,44.13582407445995,31.99845063264354,6.452273845672607,1.3331942558288574,1.0733224153518677,True,True,0.41860926151275635,0.08879375457763672,0.012130533854166667,0.0010684857843443751,0.049672096967697144,,0.049672096967697144,30677127168.0,0.9985362332598094,37354904.0,0.0012158969426853794,7620133.5,0.00024803428822904854
Healthy-32-img-3_jpg.rf.b8c2755afeb873e00e74dbf953046f77.jpg,Healthy,0,42004000,strong_then_w1,-8.68892299510765,0.7811409977523167,44.13582407445995,31.99845063264354,6.452273845672607,1.3331942558288574,1.0733224153518677,True,True,0.4186581075191498,0.08884629607200623,0.012459309895833333,0.0011006228160113096,0.05034937709569931,,0.05034937709569931,30684176384.0,0.9984912510353947,38492304.0,0.0012525748873036698,7873369.5,0.00025620666703044464
Healthy-32-img-3_jpg.rf.b8c2755afeb873e00e74dbf953046f77.jpg,Healthy,1,42004001,original,-0.37861791467414463,1.2777459543205862,21.14723055150432,-14.275182907936653,-2.9083430767059326,0.8834028244018555,1.25478994846344,False,True,0.4532385766506195,0.09565981477499008,8.138020833333334e-07,0.0013230633921921253,0.052637506276369095,,0.052637506276369095,35958874112.0,0.9988609668435652,30462058.0,0.0008461711179041255,10543493.0,0.000292875788576869
Healthy-32-img-3_jpg.rf.b8c2755afeb873e00e74dbf953046f77.jpg,Healthy,1,42004001,w1_only,-0.37861791467414463,1.2777459543205862,21.14723055150432,-14.275182907936653,-2.9083430767059326,0.8834028244018555,1.25478994846344,False,True,0.45129409432411194,0.09617939591407776,5.696614583333334e-06,0.0016506201354786754,0.05994408205151558,,0.05994408205151558,35672121344.0,0.9986165702661334,36220076.0,0.0010139561850302584,13194586.0,0.00036937338518046336
Healthy-32-img-3_jpg.rf.b8c2755afeb873e00e74dbf953046f77.jpg,Healthy,1,42004001,strong_only,-0.37861791467414463,1.2777459543205862,21.14723055150432,-14.275182907936653,-2.9083430767059326,0.8834028244018555,1.25478994846344,False,True,0.582702100276947,0.1374487727880478,0.00013590494791666666,0.0007671351195313036,0.07338777929544449,,0.07338777929544449,60088983552.0,0.999231002492124,39870796.0,0.0006630189612503927,6374149.5,0.00010599693019283361
Healthy-32-img-3_jpg.rf.b8c2755afeb873e00e74dbf953046f77.jpg,Healthy,1,42004001,w1_then_strong,-0.37861791467414463,1.2777459543205862,21.14723055150432,-14.275182907936653,-2.9083430767059326,0.8834028244018555,1.25478994846344,False,True,0.5803452730178833,0.13800711929798126,0.00023193359375,0.0009320639073848724,0.08100076764822006,,0.08100076764822006,59646414848.0,0.9990833916676324,47198944.0,0.0007905870147404478,7529383.0,0.00012611791545182616
Healthy-32-img-3_jpg.rf.b8c2755afeb873e00e74dbf953046f77.jpg,Healthy,1,42004001,strong_then_w1,-0.37861791467414463,1.2777459543205862,21.14723055150432,-14.275182907936653,-2.9083430767059326,0.8834028244018555,1.25478994846344,False,True,0.5807957649230957,0.13797885179519653,0.0002197265625,0.0009705640841275454,0.08106204122304916,,0.08106204122304916,59732201472.0,0.9990738923343319,47292368.0,0.0007910066766518858,8095107.0,0.00013539782328538544
Healthy-32-img-3_jpg.rf.b8c2755afeb873e00e74dbf953046f77.jpg,Healthy,2,42004002,original,-4.678618452807637,0.8844229523880123,54.185145971474014,22.71490247120596,-6.619876861572266,1.1744279861450195,1.3265336751937866,False,False,0.4532385766506195,0.09565981477499008,8.138020833333334e-07,0.0013230633921921253,0.052637506276369095,,0.052637506276369095,35958874112.0,0.9988609668435652,30462058.0,0.0008461711179041255,10543493.0,0.000292875788576869
Healthy-32-img-3_jpg.rf.b8c2755afeb873e00e74dbf953046f77.jpg,Healthy,2,42004002,w1_only,-4.678618452807637,0.8844229523880123,54.185145971474014,22.71490247120596,-6.619876861572266,1.1744279861450195,1.3265336751937866,False,False,0.45129409432411194,0.09617939591407776,5.696614583333334e-06,0.0016506201354786754,0.05994408205151558,,0.05994408205151558,35672121344.0,0.9986165702661334,36220076.0,0.0010139561850302584,13194586.0,0.00036937338518046336
Healthy-32-img-3_jpg.rf.b8c2755afeb873e00e74dbf953046f77.jpg,Healthy,2,42004002,strong_only,-4.678618452807637,0.8844229523880123,54.185145971474014,22.71490247120596,-6.619876861572266,1.1744279861450195,1.3265336751937866,False,False,0.6094701886177063,0.12649665772914886,0.0186083984375,0.0010511830914765596,0.056558042764663696,,0.056558042764663696,64958709760.0,0.999299692618367,37645076.0,0.0005791173041210827,7866799.5,0.00012101980398448608
Healthy-32-img-3_jpg.rf.b8c2755afeb873e00e74dbf953046f77.jpg,Healthy,2,42004002,w1_then_strong,-4.678618452807637,0.8844229523880123,54.185145971474014,22.71490247120596,-6.619876861572266,1.1744279861450195,1.3265336751937866,False,False,0.6074898838996887,0.1269242763519287,0.017847493489583335,0.0012833209475502372,0.06257583945989609,,0.06257583945989609,64565231616.0,0.9991821068327073,43273064.0,0.0006696742220918757,9580166.0,0.00014825828403463727
Healthy-32-img-3_jpg.rf.b8c2755afeb873e00e74dbf953046f77.jpg,Healthy,2,42004002,strong_then_w1,-4.678618452807637,0.8844229523880123,54.185145971474014,22.71490247120596,-6.619876861572266,1.1744279861450195,1.3265336751937866,False,False,0.6078664064407349,0.1269078403711319,0.019313151041666667,0.0013097816845402122,0.06265915185213089,,0.06265915185213089,64640045056.0,0.9991638844159794,44246424.0,0.0006839325194940101,9854357.0,0.00015232225797509502
Healthy-32-img-3_jpg.rf.b8c2755afeb873e00e74dbf953046f77.jpg,Healthy,3,42004003,original,-2.920460168457664,0.9489922380315597,-45.902436976919375,-33.192151468423845,-6.522283554077148,1.4378491640090942,1.0815482139587402,False,False,0.4532385766506195,0.09565981477499008,8.138020833333334e-07,0.0013230633921921253,0.052637506276369095,,0.052637506276369095,35958874112.0,0.9988609668435652,30462058.0,0.0008461711179041255,10543493.0,0.000292875788576869
Healthy-32-img-3_jpg.rf.b8c2755afeb873e00e74dbf953046f77.jpg,Healthy,3,42004003,w1_only,-2.920460168457664,0.9489922380315597,-45.902436976919375,-33.192151468423845,-6.522283554077148,1.4378491640090942,1.0815482139587402,False,False,0.45129409432411194,0.09617939591407776,5.696614583333334e-06,0.0016506201354786754,0.05994408205151558,,0.05994408205151558,35672121344.0,0.9986165702661334,36220076.0,0.0010139561850302584,13194586.0,0.00036937338518046336
Healthy-32-img-3_jpg.rf.b8c2755afeb873e00e74dbf953046f77.jpg,Healthy,3,42004003,strong_only,-2.920460168457664,0.9489922380315597,-45.902436976919375,-33.192151468423845,-6.522283554077148,1.4378491640090942,1.0815482139587402,False,False,0.46860766410827637,0.10939541459083557,0.05092854817708333,0.0006516003631986678,0.04724514111876488,,0.04724514111876488,38821081088.0,0.9992705110386999,23012768.0,0.0005923580641056216,5320962.5,0.0001369637518476095
Healthy-32-img-3_jpg.rf.b8c2755afeb873e00e74dbf953046f77.jpg,Healthy,3,42004003,w1_then_strong,-2.920460168457664,0.9489922380315597,-45.902436976919375,-33.192151468423845,-6.522283554077148,1.4378491640090942,1.0815482139587402,False,False,0.46684813499450684,0.10957958549261093,0.05441162109375,0.0008059649844653904,0.052741266787052155,,0.052741266787052155,38546890752.0,0.9991409873262984,26699136.0,0.000692045469384973,6439518.0,0.00016691323857532254
Healthy-32-img-3_jpg.rf.b8c2755afeb873e00e74dbf953046f77.jpg,Healthy,3,42004003,strong_then_w1,-2.920460168457664,0.9489922380315597,-45.902436976919375,-33.192151468423845,-6.522283554077148,1.4378491640090942,1.0815482139587402,False,False,0.466970831155777,0.10966750979423523,0.05444580078125,0.000825127528514713,0.05326433107256889,,0.05326433107256889,38568550400.0,0.99912100822182,27200440.0,0.0007046293095028306,6727521.0,0.000174276904230071
Healthy-32-img-3_jpg.rf.b8c2755afeb873e00e74dbf953046f77.jpg,Healthy,4,42004004,original,3.5362340949069715,1.4550382758768134,-14.317349946030902,38.803979657502396,2.206448554992676,1.257239580154419,0.7512959837913513,False,True,0.4532385766506195,0.09565981477499008,8.138020833333334e-07,0.0013230633921921253,0.052637506276369095,,0.052637506276369095,35958874112.0,0.9988609668435652,30462058.0,0.0008461711179041255,10543493.0,0.000292875788576869
Healthy-32-img-3_jpg.rf.b8c2755afeb873e00e74dbf953046f77.jpg,Healthy,4,42004004,w1_only,3.5362340949069715,1.4550382758768134,-14.317349946030902,38.803979657502396,2.206448554992676,1.257239580154419,0.7512959837913513,False,True,0.45129409432411194,0.09617939591407776,5.696614583333334e-06,0.0016506201354786754,0.05994408205151558,,0.05994408205151558,35672121344.0,0.9986165702661334,36220076.0,0.0010139561850302584,13194586.0,0.00036937338518046336
Healthy-32-img-3_jpg.rf.b8c2755afeb873e00e74dbf953046f77.jpg,Healthy,4,42004004,strong_only,3.5362340949069715,1.4550382758768134,-14.317349946030902,38.803979657502396,2.206448554992676,1.257239580154419,0.7512959837913513,False,True,0.29136547446250916,0.07397536933422089,0.00467529296875,0.0002638522128108889,0.046407684683799744,,0.046407684683799744,15142658048.0,0.9987946451065334,15451704.0,0.0010191790083386026,2823012.0,0.00018620306023775602
Healthy-32-img-3_jpg.rf.b8c2755afeb873e00e74dbf953046f77.jpg,Healthy,4,42004004,w1_then_strong,3.5362340949069715,1.4550382758768134,-14.317349946030902,38.803979657502396,2.206448554992676,1.257239580154419,0.7512959837913513,False,True,0.28987064957618713,0.07450948655605316,0.00639892578125,0.0003197710611857474,0.05146828666329384,,0.05146828666329384,15007157248.0,0.99858199355993,18107938.0,0.0012049091329211887,3203985.25,0.0002131944062029469
Healthy-32-img-3_jpg.rf.b8c2755afeb873e00e74dbf953046f77.jpg,Healthy,4,42004004,strong_then_w1,3.5362340949069715,1.4550382758768134,-14.317349946030902,38.803979657502396,2.206448554992676,1.257239580154419,0.7512959837913513,False,True,0.28941982984542847,0.07444121688604355,0.006952311197916667,0.00035511210444383323,0.05266337841749191,,0.05266337841749191,14960607232.0,0.9985084533733121,18658824.0,0.0012453367169585243,3691596.75,0.0002463864269784504
Healthy-32-img-3_jpg.rf.b8c2755afeb873e00e74dbf953046f77.jpg,Healthy,5,42004005,original,-0.5111378338563615,1.3119634079317803,-61.10045754159751,-30.364940754167208,-0.3785466253757477,0.6611518859863281,1.017085075378418,False,True,0.4532385766506195,0.09565981477499008,8.138020833333334e-07,0.0013230633921921253,0.052637506276369095,,0.052637506276369095,35958874112.0,0.9988609668435652,30462058.0,0.0008461711179041255,10543493.0,0.000292875788576869
Healthy-32-img-3_jpg.rf.b8c2755afeb873e00e74dbf953046f77.jpg,Healthy,5,42004005,w1_only,-0.5111378338563615,1.3119634079317803,-61.10045754159751,-30.364940754167208,-0.3785466253757477,0.6611518859863281,1.017085075378418,False,True,0.45129409432411194,0.09617939591407776,5.696614583333334e-06,0.0016506201354786754,0.05994408205151558,,0.05994408205151558,35672121344.0,0.9986165702661334,36220076.0,0.0010139561850302584,13194586.0,0.00036937338518046336
Healthy-32-img-3_jpg.rf.b8c2755afeb873e00e74dbf953046f77.jpg,Healthy,5,42004005,strong_only,-0.5111378338563615,1.3119634079317803,-61.10045754159751,-30.364940754167208,-0.3785466253757477,0.6611518859863281,1.017085075378418,False,True,0.4902082681655884,0.1054101213812828,0.0,0.0005016257637180388,0.05925808474421501,,0.05925808474421501,42149044224.0,0.9992540281701958,27376558.0,0.000649033361552673,4089797.0,9.695940209057829e-05
Healthy-32-img-3_jpg.rf.b8c2755afeb873e00e74dbf953046f77.jpg,Healthy,5,42004005,w1_then_strong,-0.5111378338563615,1.3119634079317803,-61.10045754159751,-30.364940754167208,-0.3785466253757477,0.6611518859863281,1.017085075378418,False,True,0.4883328378200531,0.10587962716817856,0.0,0.0006086805369704962,0.06549102067947388,,0.06549102067947388,41852063744.0,0.9991123381188002,32368446.0,0.000772714912271642,4824592.5,0.00011517496299896268
Healthy-32-img-3_jpg.rf.b8c2755afeb873e00e74dbf953046f77.jpg,Healthy,5,42004005,strong_then_w1,-0.5111378338563615,1.3119634079317803,-61.10045754159751,-30.364940754167208,-0.3785466253757477,0.6611518859863281,1.017085075378418,False,True,0.4882880449295044,0.10590661317110062,0.0,0.0006485190824605525,0.0667688176035881,,0.0667688176035881,41844883456.0,0.999092741708738,32714470.0,0.0007810940508465365,5300555.0,0.00012655659641390684
Healthy-32-img-3_jpg.rf.b8c2755afeb873e00e74dbf953046f77.jpg,Healthy,6,42004006,original,6.876672064555823,0.7595348615541724,30.184031490845882,-26.477394620666985,3.5788846015930176,1.3298388719558716,0.8564931154251099,False,False,0.4532385766506195,0.09565981477499008,8.138020833333334e-07,0.0013230633921921253,0.052637506276369095,,0.052637506276369095,35958874112.0,0.9988609668435652,30462058.0,0.0008461711179041255,10543493.0,0.000292875788576869
Healthy-32-img-3_jpg.rf.b8c2755afeb873e00e74dbf953046f77.jpg,Healthy,6,42004006,w1_only,6.876672064555823,0.7595348615541724,30.184031490845882,-26.477394620666985,3.5788846015930176,1.3298388719558716,0.8564931154251099,False,False,0.45129409432411194,0.09617939591407776,5.696614583333334e-06,0.0016506201354786754,0.05994408205151558,,0.05994408205151558,35672121344.0,0.9986165702661334,36220076.0,0.0010139561850302584,13194586.0,0.00036937338518046336
Healthy-32-img-3_jpg.rf.b8c2755afeb873e00e74dbf953046f77.jpg,Healthy,6,42004006,strong_only,6.876672064555823,0.7595348615541724,30.184031490845882,-26.477394620666985,3.5788846015930176,1.3298388719558716,0.8564931154251099,False,False,0.34726306796073914,0.06397031247615814,0.00970458984375,0.0005005734274163842,0.03288538008928299,,0.03288538008928299,20897492992.0,0.9989973658948738,17473332.0,0.0008353065436169332,3506668.75,0.00016763507688012864
Healthy-32-img-3_jpg.rf.b8c2755afeb873e00e74dbf953046f77.jpg,Healthy,6,42004006,w1_then_strong,6.876672064555823,0.7595348615541724,30.184031490845882,-26.477394620666985,3.5788846015930176,1.3298388719558716,0.8564931154251099,False,False,0.3462897837162018,0.06457032263278961,0.011063639322916667,0.0006098111625760794,0.03605327755212784,,0.03605327755212784,20793962496.0,0.9988373969023484,19895252.0,0.0009556678637955085,4309911.5,0.00020702647628452738
Healthy-32-img-3_jpg.rf.b8c2755afeb873e00e74dbf953046f77.jpg,Healthy,6,42004006,strong_then_w1,6.876672064555823,0.7595348615541724,30.184031490845882,-26.477394620666985,3.5788846015930176,1.3298388719558716,0.8564931154251099,False,False,0.34603065252304077,0.06470994651317596,0.012194010416666666,0.0006398146506398916,0.03725071996450424,,0.03725071996450424,20765972480.0,0.9987912614636109,20613686.0,0.0009914666632243737,4518683.0,0.00021733733385570652
Healthy-32-img-3_jpg.rf.b8c2755afeb873e00e74dbf953046f77.jpg,Healthy,7,42004007,original,-9.562265689211042,1.0581038568195043,42.158991745901915,-59.8876430436473,6.648929119110107,0.5783662796020508,1.3455908298492432,False,True,0.4532385766506195,0.09565981477499008,8.138020833333334e-07,0.0013230633921921253,0.052637506276369095,,0.052637506276369095,35958874112.0,0.9988609668435652,30462058.0,0.0008461711179041255,10543493.0,0.000292875788576869
Healthy-32-img-3_jpg.rf.b8c2755afeb873e00e74dbf953046f77.jpg,Healthy,7,42004007,w1_only,-9.562265689211042,1.0581038568195043,42.158991745901915,-59.8876430436473,6.648929119110107,0.5783662796020508,1.3455908298492432,False,True,0.45129409432411194,0.09617939591407776,5.696614583333334e-06,0.0016506201354786754,0.05994408205151558,,0.05994408205151558,35672121344.0,0.9986165702661334,36220076.0,0.0010139561850302584,13194586.0,0.00036937338518046336
Healthy-32-img-3_jpg.rf.b8c2755afeb873e00e74dbf953046f77.jpg,Healthy,7,42004007,strong_only,-9.562265689211042,1.0581038568195043,42.158991745901915,-59.8876430436473,6.648929119110107,0.5783662796020508,1.3455908298492432,False,True,0.6447271108627319,0.12287800014019012,0.01048095703125,0.0011995816603302956,0.07344959676265717,,0.07344959676265717,72202100736.0,0.9990387899271985,59529936.0,0.0008236978511655748,9912883.0,0.00013716158582726778
Healthy-32-img-3_jpg.rf.b8c2755afeb873e00e74dbf953046f77.jpg,Healthy,7,42004007,w1_then_strong,-9.562265689211042,1.0581038568195043,42.158991745901915,-59.8876430436473,6.648929119110107,0.5783662796020508,1.3455908298492432,False,True,0.642458438873291,0.12341941148042679,0.010320638020833333,0.0014542650897055864,0.08064902573823929,,0.08064902573823929,71723909120.0,0.9988849001053492,68301536.0,0.0009512221768372281,11753172.0,0.00016368413522328923
Healthy-32-img-3_jpg.rf.b8c2755afeb873e00e74dbf953046f77.jpg,Healthy,7,42004007,strong_then_w1,-9.562265689211042,1.0581038568195043,42.158991745901915,-59.8876430436473,6.648929119110107,0.5783662796020508,1.3455908298492432,False,True,0.642892599105835,0.12358510494232178,0.010725911458333333,0.0014986891765147448,0.08129525929689407,,0.08129525929689407,71822065664.0,0.9988537611865378,70015400.0,0.000973727850688011,12419224.0,0.00017271834900226183
Healthy-32-img-3_jpg.rf.b8c2755afeb873e00e74dbf953046f77.jpg,Healthy,8,42004008,original,8.018082565122768,0.5423977598808511,-34.83631803581909,-38.344856511865146,1.6199696063995361,0.8628121018409729,0.8651024103164673,True,False,0.4532385766506195,0.09565981477499008,8.138020833333334e-07,0.0013230633921921253,0.052637506276369095,,0.052637506276369095,35958874112.0,0.9988609668435652,30462058.0,0.0008461711179041255,10543493.0,0.000292875788576869
Healthy-32-img-3_jpg.rf.b8c2755afeb873e00e74dbf953046f77.jpg,Healthy,8,42004008,w1_only,8.018082565122768,0.5423977598808511,-34.83631803581909,-38.344856511865146,1.6199696063995361,0.8628121018409729,0.8651024103164673,True,False,0.45129409432411194,0.09617939591407776,5.696614583333334e-06,0.0016506201354786754,0.05994408205151558,,0.05994408205151558,35672121344.0,0.9986165702661334,36220076.0,0.0010139561850302584,13194586.0,0.00036937338518046336
Healthy-32-img-3_jpg.rf.b8c2755afeb873e00e74dbf953046f77.jpg,Healthy,8,42004008,strong_only,8.018082565122768,0.5423977598808511,-34.83631803581909,-38.344856511865146,1.6199696063995361,0.8628121018409729,0.8651024103164673,True,False,0.3901738226413727,0.0458199642598629,0.0,0.0004932258161716163,0.020821871235966682,,0.020821871235966682,25875456000.0,0.9993170997001218,14275263.0,0.0005513145128192701,3409781.25,0.0001316866728594795
Healthy-32-img-3_jpg.rf.b8c2755afeb873e00e74dbf953046f77.jpg,Healthy,8,42004008,w1_then_strong,8.018082565122768,0.5423977598808511,-34.83631803581909,-38.344856511865146,1.6199696063995361,0.8628121018409729,0.8651024103164673,True,False,0.389667809009552,0.045846015214920044,0.0,0.0005922415875829756,0.02218616008758545,,0.02218616008758545,25807554560.0,0.9992341608355815,15649312.0,0.0006059205302702727,4134279.5,0.00016007379921401772
Healthy-32-img-3_jpg.rf.b8c2755afeb873e00e74dbf953046f77.jpg,Healthy,8,42004008,strong_then_w1,8.018082565122768,0.5423977598808511,-34.83631803581909,-38.344856511865146,1.6199696063995361,0.8628121018409729,0.8651024103164673,True,False,0.38950520753860474,0.04607098549604416,0.0,0.00061981932958588,0.02338484302163124,,0.02338484302163124,25788348416.0,0.9991789603084005,16881576.0,0.0006540828161597941,4306897.0,0.00016687229430890628
Healthy-32-img-3_jpg.rf.b8c2755afeb873e00e74dbf953046f77.jpg,Healthy,9,42004009,original,-3.787382964161421,0.9736161779796595,-24.049294256036205,-33.826670292668325,-3.368265390396118,0.8391083478927612,1.0307400226593018,False,False,0.4532385766506195,0.09565981477499008,8.138020833333334e-07,0.0013230633921921253,0.052637506276369095,,0.052637506276369095,35958874112.0,0.9988609668435652,30462058.0,0.0008461711179041255,10543493.0,0.000292875788576869
Healthy-32-img-3_jpg.rf.b8c2755afeb873e00e74dbf953046f77.jpg,Healthy,9,42004009,w1_only,-3.787382964161421,0.9736161779796595,-24.049294256036205,-33.826670292668325,-3.368265390396118,0.8391083478927612,1.0307400226593018,False,False,0.45129409432411194,0.09617939591407776,5.696614583333334e-06,0.0016506201354786754,0.05994408205151558,,0.05994408205151558,35672121344.0,0.9986165702661334,36220076.0,0.0010139561850302584,13194586.0,0.00036937338518046336
Healthy-32-img-3_jpg.rf.b8c2755afeb873e00e74dbf953046f77.jpg,Healthy,9,42004009,strong_only,-3.787382964161421,0.9736161779796595,-24.049294256036205,-33.826670292668325,-3.368265390396118,0.8391083478927612,1.0307400226593018,False,False,0.49890977144241333,0.10131379216909409,0.0,0.0006410423666238785,0.04996960610151291,,0.04996960610151291,43448193024.0,0.999212779109228,28453426.0,0.0006543661517277365,5776518.0,0.00013284719576637277
Healthy-32-img-3_jpg.rf.b8c2755afeb873e00e74dbf953046f77.jpg,Healthy,9,42004009,w1_then_strong,-3.787382964161421,0.9736161779796595,-24.049294256036205,-33.826670292668325,-3.368265390396118,0.8391083478927612,1.0307400226593018,False,False,0.4971207082271576,0.10153622180223465,0.0,0.000784100906457752,0.055452242493629456,,0.055452242493629456,43151532032.0,0.9990854161043772,32697332.0,0.0007570398085170578,6808509.5,0.00015763710409664523
Healthy-32-img-3_jpg.rf.b8c2755afeb873e00e74dbf953046f77.jpg,Healthy,9,42004009,strong_then_w1,-3.787382964161421,0.9736161779796595,-24.049294256036205,-33.826670292668325,-3.368265390396118,0.8391083478927612,1.0307400226593018,False,False,0.49702027440071106,0.10172956436872482,0.0,0.0008281642221845686,0.05718708038330078,,0.05718708038330078,43139653632.0,0.9990448872632126,33768896.0,0.0007820332352482795,7453640.5,0.00017261430739674177
Healthy-32-img-3_jpg.rf.b8c2755afeb873e00e74dbf953046f77.jpg,Healthy,10,42004010,original,5.886297265603499,1.1894634649322304,5.107792594435011,62.49779203097205,5.272128105163574,0.9353657960891724,0.6025080680847168,False,False,0.4532385766506195,0.09565981477499008,8.138020833333334e-07,0.0013230633921921253,0.052637506276369095,,0.052637506276369095,35958874112.0,0.9988609668435652,30462058.0,0.0008461711179041255,10543493.0,0.000292875788576869
Healthy-32-img-3_jpg.rf.b8c2755afeb873e00e74dbf953046f77.jpg,Healthy,10,42004010,w1_only,5.886297265603499,1.1894634649322304,5.107792594435011,62.49779203097205,5.272128105163574,0.9353657960891724,0.6025080680847168,False,False,0.45129409432411194,0.09617939591407776,5.696614583333334e-06,0.0016506201354786754,0.05994408205151558,,0.05994408205151558,35672121344.0,0.9986165702661334,36220076.0,0.0010139561850302584,13194586.0,0.00036937338518046336
Healthy-32-img-3_jpg.rf.b8c2755afeb873e00e74dbf953046f77.jpg,Healthy,10,42004010,strong_only,5.886297265603499,1.1894634649322304,5.107792594435011,62.49779203097205,5.272128105163574,0.9353657960891724,0.6025080680847168,False,False,0.266514390707016,0.058135490864515305,0.0,0.00021476591064129025,0.03490857779979706,,0.03490857779979706,12472150016.0,0.9990613780656448,10117714.0,0.000810463094073328,1599827.5,0.00012815159092593418
Healthy-32-img-3_jpg.rf.b8c2755afeb873e00e74dbf953046f77.jpg,Healthy,10,42004010,w1_then_strong,5.886297265603499,1.1894634649322304,5.107792594435011,62.49779203097205,5.272128105163574,0.9353657960891724,0.6025080680847168,False,False,0.2653700113296509,0.05848732218146324,0.0,0.0002621202729642391,0.03881026804447174,,0.03881026804447174,12374699008.0,0.9988750464218996,12003527.0,0.0009689143616018628,1934287.875,0.00015613405139671438
Healthy-32-img-3_jpg.rf.b8c2755afeb873e00e74dbf953046f77.jpg,Healthy,10,42004010,strong_then_w1,5.886297265603499,1.1894634649322304,5.107792594435011,62.49779203097205,5.272128105163574,0.9353657960891724,0.6025080680847168,False,False,0.26455792784690857,0.058511409908533096,0.0,0.00030336150666698813,0.04132095351815224,,0.04132095351815224,12302283776.0,0.998813041923223,12353447.0,0.0010029669450788087,2268611.75,0.00018418685865308608
Healthy-32-img-3_jpg.rf.b8c2755afeb873e00e74dbf953046f77.jpg,Healthy,11,42004011,original,8.086043603355108,0.8670555357055012,-45.7681405840645,-42.56027591372168,-4.262164115905762,1.2314866781234741,1.1743067502975464,False,False,0.4532385766506195,0.09565981477499008,8.138020833333334e-07,0.0013230633921921253,0.052637506276369095,,0.052637506276369095,35958874112.0,0.9988609668435652,30462058.0,0.0008461711179041255,10543493.0,0.000292875788576869
Healthy-32-img-3_jpg.rf.b8c2755afeb873e00e74dbf953046f77.jpg,Healthy,11,42004011,w1_only,8.086043603355108,0.8670555357055012,-45.7681405840645,-42.56027591372168,-4.262164115905762,1.2314866781234741,1.1743067502975464,False,False,0.45129409432411194,0.09617939591407776,5.696614583333334e-06,0.0016506201354786754,0.05994408205151558,,0.05994408205151558,35672121344.0,0.9986165702661334,36220076.0,0.0010139561850302584,13194586.0,0.00036937338518046336
Healthy-32-img-3_jpg.rf.b8c2755afeb873e00e74dbf953046f77.jpg,Healthy,11,42004011,strong_only,8.086043603355108,0.8670555357055012,-45.7681405840645,-42.56027591372168,-4.262164115905762,1.2314866781234741,1.1743067502975464,False,False,0.5207197666168213,0.10390200465917587,0.0007722981770833334,0.0008264324860647321,0.048825278878211975,,0.048825278878211975,47267340288.0,0.9992573032496554,28890272.0,0.0006107560762456969,6248321.0,0.00013209290715863073
Healthy-32-img-3_jpg.rf.b8c2755afeb873e00e74dbf953046f77.jpg,Healthy,11,42004011,w1_then_strong,8.086043603355108,0.8670555357055012,-45.7681405840645,-42.56027591372168,-4.262164115905762,1.2314866781234741,1.1743067502975464,False,False,0.51900315284729,0.10427363216876984,0.0011116536458333334,0.0010190606117248535,0.054095033556222916,,0.054095033556222916,46974902272.0,0.9991256711014436,33466188.0,0.000711804089577374,7649432.0,0.00016269845195825803
Healthy-32-img-3_jpg.rf.b8c2755afeb873e00e74dbf953046f77.jpg,Healthy,11,42004011,strong_then_w1,8.086043603355108,0.8670555357055012,-45.7681405840645,-42.56027591372168,-4.262164115905762,1.2314866781234741,1.1743067502975464,False,False,0.5191938281059265,0.1043333113193512,0.0012068684895833333,0.0010439384495839477,0.05470602214336395,,0.05470602214336395,47009173504.0,0.9991043895445837,34203616.0,0.000726942856823245,7941245.5,0.00016877840315201583
Healthy-32-img-2_jpg.rf.2db3bf9a7f53ef014f94c089dddd7329.jpg,Healthy,0,42005000,original,3.256346578896423,0.9795697083981503,-25.41714198063147,-51.6343986205174,2.2686612606048584,1.1629376411437988,0.8752167224884033,False,True,0.4482060670852661,0.09600599855184555,8.138020833333334e-07,0.0010272335493937135,0.047536831349134445,,0.047536831349134445,35212935168.0,0.9989510727190015,28926874.0,0.00082062263980105,8055950.0,0.00022853817371020697
Healthy-32-img-2_jpg.rf.2db3bf9a7f53ef014f94c089dddd7329.jpg,Healthy,0,42005000,w1_only,3.256346578896423,0.9795697083981503,-25.41714198063147,-51.6343986205174,2.2686612606048584,1.1629376411437988,0.8752167224884033,False,True,0.44626349210739136,0.0964832454919815,2.44140625e-06,0.0012773324269801378,0.05469676852226257,,0.05469676852226257,34929446912.0,0.9987317483134677,34301476.0,0.0009807762825881773,10047575.0,0.00028728860698373174
Healthy-32-img-2_jpg.rf.2db3bf9a7f53ef014f94c089dddd7329.jpg,Healthy,0,42005000,strong_only,3.256346578896423,0.9795697083981503,-25.41714198063147,-51.6343986205174,2.2686612606048584,1.1629376411437988,0.8752167224884033,False,True,0.3575124442577362,0.07532241195440292,5.208333333333334e-05,0.00038998312084004283,0.03955981507897377,,0.03955981507897377,22374703104.0,0.9990634992500038,18187678.0,0.0008121066519387193,2787805.5,0.0001244796279580795
Healthy-32-img-2_jpg.rf.2db3bf9a7f53ef014f94c089dddd7329.jpg,Healthy,0,42005000,w1_then_strong,3.256346578896423,0.9795697083981503,-25.41714198063147,-51.6343986205174,2.2686612606048584,1.1629376411437988,0.8752167224884033,False,True,0.3559781312942505,0.07580344378948212,7.242838541666667e-05,0.00048198242438957095,0.044683024287223816,,0.044683024287223816,22199410688.0,0.9988843184680541,21372556.0,0.0009616791785162329,3426607.25,0.00015418356350441979
Healthy-32-img-2_jpg.rf.2db3bf9a7f53ef014f94c089dddd7329.jpg,Healthy,0,42005000,strong_then_w1,3.256346578896423,0.9795697083981503,-25.41714198063147,-51.6343986205174,2.2686612606048584,1.1629376411437988,0.8752167224884033,False,True,0.3557116389274597,0.07581977546215057,7.731119791666666e-05,0.0005100358393974602,0.045700088143348694,,0.045700088143348694,22167476224.0,0.9988587464575184,21631344.0,0.0009747008154513567,3692264.75,0.00016637216174303823
Healthy-32-img-2_jpg.rf.2db3bf9a7f53ef014f94c089dddd7329.jpg,Healthy,1,42005001,original,4.868947771978293,0.7317690693594173,40.05403765905845,26.89086670422637,-6.680422306060791,0.6214892268180847,0.8408238291740417,False,False,0.4482060670852661,0.09600599855184555,8.138020833333334e-07,0.0010272335493937135,0.047536831349134445,,0.047536831349134445,35212935168.0,0.9989510727190015,28926874.0,0.00082062263980105,8055950.0,0.00022853817371020697
Healthy-32-img-2_jpg.rf.2db3bf9a7f53ef014f94c089dddd7329.jpg,Healthy,1,42005001,w1_only,4.868947771978293,0.7317690693594173,40.05403765905845,26.89086670422637,-6.680422306060791,0.6214892268180847,0.8408238291740417,False,False,0.44626349210739136,0.0964832454919815,2.44140625e-06,0.0012773324269801378,0.05469676852226257,,0.05469676852226257,34929446912.0,0.9987317483134677,34301476.0,0.0009807762825881773,10047575.0,0.00028728860698373174
Healthy-32-img-2_jpg.rf.2db3bf9a7f53ef014f94c089dddd7329.jpg,Healthy,1,42005001,strong_only,4.868947771978293,0.7317690693594173,40.05403765905845,26.89086670422637,-6.680422306060791,0.6214892268180847,0.8408238291740417,False,False,0.40635979175567627,0.07476715743541718,0.0,0.00046793141518719494,0.02957766130566597,,0.02957766130566597,28620552192.0,0.999258647344591,17853102.0,0.0006233236324633737,3380105.25,0.00011801307596509111
Healthy-32-img-2_jpg.rf.2db3bf9a7f53ef014f94c089dddd7329.jpg,Healthy,1,42005001,w1_then_strong,4.868947771978293,0.7317690693594173,40.05403765905845,26.89086670422637,-6.680422306060791,0.6214892268180847,0.8408238291740417,False,False,0.4055095314979553,0.07461775094270706,0.0,0.0005545595195144415,0.03226673975586891,,0.03226673975586891,28498292736.0,0.9991605437918476,19918736.0,0.000698358153513714,4027790.5,0.0001412158048743695
Healthy-32-img-2_jpg.rf.2db3bf9a7f53ef014f94c089dddd7329.jpg,Healthy,1,42005001,strong_then_w1,4.868947771978293,0.7317690693594173,40.05403765905845,26.89086670422637,-6.680422306060791,0.6214892268180847,0.8408238291740417,False,False,0.4051451086997986,0.07476652413606644,0.0,0.0005957848043181002,0.034069422632455826,,0.034069422632455826,28450885632.0,0.9991035994251645,21197960.0,0.0007444041781479633,4324369.0,0.00015185793120911305
Healthy-32-img-2_jpg.rf.2db3bf9a7f53ef014f94c089dddd7329.jpg,Healthy,2,42005002,original,6.6567111246945565,1.2802359690501737,63.07406098963099,4.121649913667852,4.084591865539551,0.8893566131591797,0.8545836210250854,True,True,0.4482060670852661,0.09600599855184555,8.138020833333334e-07,0.0010272335493937135,0.047536831349134445,,0.047536831349134445,35212935168.0,0.9989510727190015,28926874.0,0.00082062263980105,8055950.0,0.00022853817371020697
Healthy-32-img-2_jpg.rf.2db3bf9a7f53ef014f94c089dddd7329.jpg,Healthy,2,42005002,w1_only,6.6567111246945565,1.2802359690501737,63.07406098963099,4.121649913667852,4.084591865539551,0.8893566131591797,0.8545836210250854,True,True,0.44626349210739136,0.0964832454919815,2.44140625e-06,0.0012773324269801378,0.05469676852226257,,0.05469676852226257,34929446912.0,0.9987317483134677,34301476.0,0.0009807762825881773,10047575.0,0.00028728860698373174
Healthy-32-img-2_jpg.rf.2db3bf9a7f53ef014f94c089dddd7329.jpg,Healthy,2,42005002,strong_only,6.6567111246945565,1.2802359690501737,63.07406098963099,4.121649913667852,4.084591865539551,0.8893566131591797,0.8545836210250854,True,True,0.3821254074573517,0.08113473653793335,0.0,0.0002952544891741127,0.043603915721178055,,0.043603915721178055,25580984320.0,0.9991601615651088,18479908.0,0.0007218013049072674,3014400.0,0.00011773856523054481
Healthy-32-img-2_jpg.rf.2db3bf9a7f53ef014f94c089dddd7329.jpg,Healthy,2,42005002,w1_then_strong,6.6567111246945565,1.2802359690501737,63.07406098963099,4.121649913667852,4.084591865539551,0.8893566131591797,0.8545836210250854,True,True,0.38053834438323975,0.08164599537849426,0.0,0.0003605277161113918,0.04880749061703682,,0.04880749061703682,25388214272.0,0.9990099021869429,21704318.0,0.0008540509533247374,3454915.25,0.00013594869292454494
Healthy-32-img-2_jpg.rf.2db3bf9a7f53ef014f94c089dddd7329.jpg,Healthy,2,42005002,strong_then_w1,6.6567111246945565,1.2802359690501737,63.07406098963099,4.121649913667852,4.084591865539551,0.8893566131591797,0.8545836210250854,True,True,0.38036370277404785,0.08169414848089218,0.0,0.0003949931706301868,0.05001116916537285,,0.05001116916537285,25366339584.0,0.9989739188926519,22089974.0,0.0008699445113845239,3967115.0,0.00015623241205631186
Healthy-32-img-2_jpg.rf.2db3bf9a7f53ef014f94c089dddd7329.jpg,Healthy,3,42005003,original,-4.879855955652667,1.0010918353085003,50.94626450073923,-30.12011982463997,-5.133162975311279,0.6557386517524719,0.9129793047904968,False,False,0.4482060670852661,0.09600599855184555,8.138020833333334e-07,0.0010272335493937135,0.047536831349134445,,0.047536831349134445,35212935168.0,0.9989510727190015,28926874.0,0.00082062263980105,8055950.0,0.00022853817371020697
Healthy-32-img-2_jpg.rf.2db3bf9a7f53ef014f94c089dddd7329.jpg,Healthy,3,42005003,w1_only,-4.879855955652667,1.0010918353085003,50.94626450073923,-30.12011982463997,-5.133162975311279,0.6557386517524719,0.9129793047904968,False,False,0.44626349210739136,0.0964832454919815,2.44140625e-06,0.0012773324269801378,0.05469676852226257,,0.05469676852226257,34929446912.0,0.9987317483134677,34301476.0,0.0009807762825881773,10047575.0,0.00028728860698373174
Healthy-32-img-2_jpg.rf.2db3bf9a7f53ef014f94c089dddd7329.jpg,Healthy,3,42005003,strong_only,-4.879855955652667,1.0010918353085003,50.94626450073923,-30.12011982463997,-5.133162975311279,0.6557386517524719,0.9129793047904968,False,False,0.4542144536972046,0.09677542746067047,0.0,0.0004405970103107393,0.04245321825146675,,0.04245321825146675,36156248064.0,0.999220180713413,24217766.0,0.0006692862731819084,4001271.75,0.00011057982216632006
Healthy-32-img-2_jpg.rf.2db3bf9a7f53ef014f94c089dddd7329.jpg,Healthy,3,42005003,w1_then_strong,-4.879855955652667,1.0010918353085003,50.94626450073923,-30.12011982463997,-5.133162975311279,0.6557386517524719,0.9129793047904968,False,False,0.45266959071159363,0.0969390869140625,0.0,0.0005324007361195982,0.04734506458044052,,0.04734506458044052,35922456576.0,0.9991019608763441,27660394.0,0.0007693113589140152,4618360.5,0.00012844926186553275
Healthy-32-img-2_jpg.rf.2db3bf9a7f53ef014f94c089dddd7329.jpg,Healthy,3,42005003,strong_then_w1,-4.879855955652667,1.0010918353085003,50.94626450073923,-30.12011982463997,-5.133162975311279,0.6557386517524719,0.9129793047904968,False,False,0.4522581994533539,0.09714041650295258,0.0,0.0005747282993979752,0.049282122403383255,,0.049282122403383255,35864965120.0,0.9990564062541896,28714522.0,0.0007998732763476019,5145805.0,0.00014334182212038464
Healthy-32-img-2_jpg.rf.2db3bf9a7f53ef014f94c089dddd7329.jpg,Healthy,4,42005004,original,-9.816196145521012,0.8382786612025412,53.53786233467588,51.24066729659518,7.998198509216309,0.5902841091156006,0.713171660900116,False,False,0.4482060670852661,0.09600599855184555,8.138020833333334e-07,0.0010272335493937135,0.047536831349134445,,0.047536831349134445,35212935168.0,0.9989510727190015,28926874.0,0.00082062263980105,8055950.0,0.00022853817371020697
Healthy-32-img-2_jpg.rf.2db3bf9a7f53ef014f94c089dddd7329.jpg,Healthy,4,42005004,w1_only,-9.816196145521012,0.8382786612025412,53.53786233467588,51.24066729659518,7.998198509216309,0.5902841091156006,0.713171660900116,False,False,0.44626349210739136,0.0964832454919815,2.44140625e-06,0.0012773324269801378,0.05469676852226257,,0.05469676852226257,34929446912.0,0.9987317483134677,34301476.0,0.0009807762825881773,10047575.0,0.00028728860698373174
Healthy-32-img-2_jpg.rf.2db3bf9a7f53ef014f94c089dddd7329.jpg,Healthy,4,42005004,strong_only,-9.816196145521012,0.8382786612025412,53.53786233467588,51.24066729659518,7.998198509216309,0.5902841091156006,0.713171660900116,False,False,0.3348897099494934,0.05857361853122711,0.0,0.00032728418591432273,0.029339676722884178,,0.029339676722884178,19374579712.0,0.9991303776594296,14604503.0,0.0007531416327385194,2258196.5,0.00011645324726588846
Healthy-32-img-2_jpg.rf.2db3bf9a7f53ef014f94c089dddd7329.jpg,Healthy,4,42005004,w1_then_strong,-9.816196145521012,0.8382786612025412,53.53786233467588,51.24066729659518,7.998198509216309,0.5902841091156006,0.713171660900116,False,False,0.33403030037879944,0.058716900646686554,0.0,0.00039486982859671116,0.03227262198925018,,0.03227262198925018,19278409728.0,0.9989945621028233,16662292.0,0.0008634290553537393,2741577.0,0.00014206672403109597
Healthy-32-img-2_jpg.rf.2db3bf9a7f53ef014f94c089dddd7329.jpg,Healthy,4,42005004,strong_then_w1,-9.816196145521012,0.8382786612025412,53.53786233467588,51.24066729659518,7.998198509216309,0.5902841091156006,0.713171660900116,False,False,0.3334960639476776,0.05885378643870354,0.0,0.00043297148658894,0.03440120443701744,,0.03440120443701744,19220256768.0,0.9989387815317331,17404438.0,0.0009045648192333554,3019485.25,0.00015693239444698143
Healthy-32-img-2_jpg.rf.2db3bf9a7f53ef014f94c089dddd7329.jpg,Healthy,5,42005005,original,-4.492799181617421,0.6415805047003884,27.704764457330157,51.20493374030059,5.396239757537842,0.7986246347427368,0.606937050819397,False,True,0.4482060670852661,0.09600599855184555,8.138020833333334e-07,0.0010272335493937135,0.047536831349134445,,0.047536831349134445,35212935168.0,0.9989510727190015,28926874.0,0.00082062263980105,8055950.0,0.00022853817371020697
Healthy-32-img-2_jpg.rf.2db3bf9a7f53ef014f94c089dddd7329.jpg,Healthy,5,42005005,w1_only,-4.492799181617421,0.6415805047003884,27.704764457330157,51.20493374030059,5.396239757537842,0.7986246347427368,0.606937050819397,False,True,0.44626349210739136,0.0964832454919815,2.44140625e-06,0.0012773324269801378,0.05469676852226257,,0.05469676852226257,34929446912.0,0.9987317483134677,34301476.0,0.0009807762825881773,10047575.0,0.00028728860698373174
Healthy-32-img-2_jpg.rf.2db3bf9a7f53ef014f94c089dddd7329.jpg,Healthy,5,42005005,strong_only,-4.492799181617421,0.6415805047003884,27.704764457330157,51.20493374030059,5.396239757537842,0.7986246347427368,0.606937050819397,False,True,0.2723231911659241,0.03675312176346779,0.0,0.00022283577709458768,0.017516320571303368,,0.017516320571303368,12658456576.0,0.9991995426327409,8570924.0,0.0006765487790175899,1571376.125,0.00012403710483795466
Healthy-32-img-2_jpg.rf.2db3bf9a7f53ef014f94c089dddd7329.jpg,Healthy,5,42005005,w1_then_strong,-4.492799181617421,0.6415805047003884,27.704764457330157,51.20493374030059,5.396239757537842,0.7986246347427368,0.606937050819397,False,True,0.2718266546726227,0.036886002868413925,0.0,0.00027032644720748067,0.019142134115099907,,0.019142134115099907,12613406720.0,0.9990889780949195,9570268.0,0.0007580465363931838,1931502.375,0.00015299139850670414
Healthy-32-img-2_jpg.rf.2db3bf9a7f53ef014f94c089dddd7329.jpg,Healthy,5,42005005,strong_then_w1,-4.492799181617421,0.6415805047003884,27.704764457330157,51.20493374030059,5.396239757537842,0.7986246347427368,0.606937050819397,False,True,0.2714133858680725,0.03704863414168358,0.0,0.00029302225448191166,0.02049914561212063,,0.02049914561212063,12576986112.0,0.9990244998334988,10197560.0,0.0008100201580728353,2079614.75,0.00016518950303068576
Healthy-32-img-2_jpg.rf.2db3bf9a7f53ef014f94c089dddd7329.jpg,Healthy,6,42005006,original,2.306700460668134,1.4421241800907934,44.35066999802814,-6.9327684245998284,-0.009090971201658249,1.2468369007110596,1.3356934785842896,True,False,0.4482060670852661,0.09600599855184555,8.138020833333334e-07,0.0010272335493937135,0.047536831349134445,,0.047536831349134445,35212935168.0,0.9989510727190015,28926874.0,0.00082062263980105,8055950.0,0.00022853817371020697
Healthy-32-img-2_jpg.rf.2db3bf9a7f53ef014f94c089dddd7329.jpg,Healthy,6,42005006,w1_only,2.306700460668134,1.4421241800907934,44.35066999802814,-6.9327684245998284,-0.009090971201658249,1.2468369007110596,1.3356934785842896,True,False,0.44626349210739136,0.0964832454919815,2.44140625e-06,0.0012773324269801378,0.05469676852226257,,0.05469676852226257,34929446912.0,0.9987317483134677,34301476.0,0.0009807762825881773,10047575.0,0.00028728860698373174
Healthy-32-img-2_jpg.rf.2db3bf9a7f53ef014f94c089dddd7329.jpg,Healthy,6,42005006,strong_only,2.306700460668134,1.4421241800907934,44.35066999802814,-6.9327684245998284,-0.009090971201658249,1.2468369007110596,1.3356934785842896,True,False,0.5383482575416565,0.13018012046813965,0.0007804361979166667,0.0006076843128539622,0.07019516825675964,,0.07019516825675964,51419377664.0,0.9990799927959297,40296172.0,0.0007829557855510561,7060741.5,0.00013719041123076014
Healthy-32-img-2_jpg.rf.2db3bf9a7f53ef014f94c089dddd7329.jpg,Healthy,6,42005006,w1_then_strong,2.306700460668134,1.4421241800907934,44.35066999802814,-6.9327684245998284,-0.009090971201658249,1.2468369007110596,1.3356934785842896,True,False,0.5356953144073486,0.13102219998836517,0.0010506184895833334,0.0007416539010591805,0.07855560630559921,,0.07855560630559921,50970337280.0,0.9989167905017924,47281144.0,0.0009266159718794993,7982782.0,0.00015644658050643134
Healthy-32-img-2_jpg.rf.2db3bf9a7f53ef014f94c089dddd7329.jpg,Healthy,6,42005006,strong_then_w1,2.306700460668134,1.4421241800907934,44.35066999802814,-6.9327684245998284,-0.009090971201658249,1.2468369007110596,1.3356934785842896,True,False,0.5364826917648315,0.1308409720659256,0.0009781901041666667,0.0007646643207408488,0.0770149976015091,,0.0770149976015091,51102871552.0,0.9988978429475039,47571212.0,0.0009298651838937353,8825859.0,0.0001725173409930186
Healthy-32-img-2_jpg.rf.2db3bf9a7f53ef014f94c089dddd7329.jpg,Healthy,7,42005007,original,-8.097386885722226,1.0741087336258635,3.911480437700334,16.793943515546857,-5.948342800140381,0.8312418460845947,0.7475444078445435,True,True,0.4482060670852661,0.09600599855184555,8.138020833333334e-07,0.0010272335493937135,0.047536831349134445,,0.047536831349134445,35212935168.0,0.9989510727190015,28926874.0,0.00082062263980105,8055950.0,0.00022853817371020697
Healthy-32-img-2_jpg.rf.2db3bf9a7f53ef014f94c089dddd7329.jpg,Healthy,7,42005007,w1_only,-8.097386885722226,1.0741087336258635,3.911480437700334,16.793943515546857,-5.948342800140381,0.8312418460845947,0.7475444078445435,True,True,0.44626349210739136,0.0964832454919815,2.44140625e-06,0.0012773324269801378,0.05469676852226257,,0.05469676852226257,34929446912.0,0.9987317483134677,34301476.0,0.0009807762825881773,10047575.0,0.00028728860698373174
Healthy-32-img-2_jpg.rf.2db3bf9a7f53ef014f94c089dddd7329.jpg,Healthy,7,42005007,strong_only,-8.097386885722226,1.0741087336258635,3.911480437700334,16.793943515546857,-5.948342800140381,0.8312418460845947,0.7475444078445435,True,True,0.36538803577423096,0.08328213542699814,0.0,0.00028053802088834345,0.03676781803369522,,0.03676781803369522,23545200640.0,0.9992594652852623,14986608.0,0.0006360323755779995,2457636.0,0.00010430219188931961
Healthy-32-img-2_jpg.rf.2db3bf9a7f53ef014f94c089dddd7329.jpg,Healthy,7,42005007,w1_then_strong,-8.097386885722226,1.0741087336258635,3.911480437700334,16.793943515546857,-5.948342800140381,0.8312418460845947,0.7475444078445435,True,True,0.3639979660511017,0.08354798704385757,0.0,0.0003409727942198515,0.041351933032274246,,0.041351933032274246,23379718144.0,0.9991340628887045,17382616.0,0.000742847438995807,2881486.75,0.0001231405590929381
Healthy-32-img-2_jpg.rf.2db3bf9a7f53ef014f94c089dddd7329.jpg,Healthy,7,42005007,strong_then_w1,-8.097386885722226,1.0741087336258635,3.911480437700334,16.793943515546857,-5.948342800140381,0.8312418460845947,0.7475444078445435,True,True,0.3634960949420929,0.08370921015739441,0.0,0.00038223119918257,0.043256163597106934,,0.043256163597106934,23321964544.0,0.9990877407730919,17966786.0,0.0007696776830197043,3323489.75,0.00014237470687966877
Healthy-32-img-2_jpg.rf.2db3bf9a7f53ef014f94c089dddd7329.jpg,Healthy,8,42005008,original,-0.7238206241627019,1.0082594144704593,-3.2417582403247707,-44.46211377945457,-3.130048990249634,0.6364423632621765,1.2239543199539185,False,False,0.4482060670852661,0.09600599855184555,8.138020833333334e-07,0.0010272335493937135,0.047536831349134445,,0.047536831349134445,35212935168.0,0.9989510727190015,28926874.0,0.00082062263980105,8055950.0,0.00022853817371020697
Healthy-32-img-2_jpg.rf.2db3bf9a7f53ef014f94c089dddd7329.jpg,Healthy,8,42005008,w1_only,-0.7238206241627019,1.0082594144704593,-3.2417582403247707,-44.46211377945457,-3.130048990249634,0.6364423632621765,1.2239543199539185,False,False,0.44626349210739136,0.0964832454919815,2.44140625e-06,0.0012773324269801378,0.05469676852226257,,0.05469676852226257,34929446912.0,0.9987317483134677,34301476.0,0.0009807762825881773,10047575.0,0.00028728860698373174
Healthy-32-img-2_jpg.rf.2db3bf9a7f53ef014f94c089dddd7329.jpg,Healthy,8,42005008,strong_only,-0.7238206241627019,1.0082594144704593,-3.2417582403247707,-44.46211377945457,-3.130048990249634,0.6364423632621765,1.2239543199539185,False,False,0.6076218485832214,0.1265474110841751,4.8828125e-06,0.0007624969584867358,0.05786530673503876,,0.05786530673503876,64578953216.0,0.9992263549135336,43295984.0,0.0006699162206921002,6705128.5,0.0001037480599580527
Healthy-32-img-2_jpg.rf.2db3bf9a7f53ef014f94c089dddd7329.jpg,Healthy,8,42005008,w1_then_strong,-0.7238206241627019,1.0082594144704593,-3.2417582403247707,-44.46211377945457,-3.130048990249634,0.6364423632621765,1.2239543199539185,False,False,0.6054222583770752,0.12686727941036224,7.32421875e-06,0.000930865528061986,0.0648791491985321,,0.0648791491985321,64137129984.0,0.9990997020339141,49919968.0,0.0007776310721540646,7859368.0,0.0001224297412268643
Healthy-32-img-2_jpg.rf.2db3bf9a7f53ef014f94c089dddd7329.jpg,Healthy,8,42005008,strong_then_w1,-0.7238206241627019,1.0082594144704593,-3.2417582403247707,-44.46211377945457,-3.130048990249634,0.6364423632621765,1.2239543199539185,False,False,0.6057542562484741,0.1271270215511322,7.32421875e-06,0.0009659507777541876,0.0655311569571495,,0.0655311569571495,64213729280.0,0.9990712319349385,51160380.0,0.0007959803058623975,8522243.0,0.00013259357318639298
Healthy-32-img-2_jpg.rf.2db3bf9a7f53ef014f94c089dddd7329.jpg,Healthy,9,42005009,original,-7.036572519622892,1.1983505111860864,-39.094278223437755,5.54484917687347,-6.437319755554199,1.0732336044311523,1.2420471906661987,False,False,0.4482060670852661,0.09600599855184555,8.138020833333334e-07,0.0010272335493937135,0.047536831349134445,,0.047536831349134445,35212935168.0,0.9989510727190015,28926874.0,0.00082062263980105,8055950.0,0.00022853817371020697
Healthy-32-img-2_jpg.rf.2db3bf9a7f53ef014f94c089dddd7329.jpg,Healthy,9,42005009,w1_only,-7.036572519622892,1.1983505111860864,-39.094278223437755,5.54484917687347,-6.437319755554199,1.0732336044311523,1.2420471906661987,False,False,0.44626349210739136,0.0964832454919815,2.44140625e-06,0.0012773324269801378,0.05469676852226257,,0.05469676852226257,34929446912.0,0.9987317483134677,34301476.0,0.0009807762825881773,10047575.0,0.00028728860698373174
Healthy-32-img-2_jpg.rf.2db3bf9a7f53ef014f94c089dddd7329.jpg,Healthy,9,42005009,strong_only,-7.036572519622892,1.1983505111860864,-39.094278223437755,5.54484917687347,-6.437319755554199,1.0732336044311523,1.2420471906661987,False,False,0.5661210417747498,0.13984182476997375,1.708984375e-05,0.0006308837910182774,0.05981139838695526,,0.05981139838695526,57003708416.0,0.9991759282599529,39381472.0,0.0006902887537541106,7635256.5,0.00013383277532078974
Healthy-32-img-2_jpg.rf.2db3bf9a7f53ef014f94c089dddd7329.jpg,Healthy,9,42005009,w1_then_strong,-7.036572519622892,1.1983505111860864,-39.094278223437755,5.54484917687347,-6.437319755554199,1.0732336044311523,1.2420471906661987,False,False,0.5635885000228882,0.1402868777513504,3.255208333333333e-05,0.0007753015379421413,0.06775414943695068,,0.06775414943695068,56537247744.0,0.9990391793353857,45709544.0,0.0008077086725609305,8666318.0,0.00015313782626601784
Healthy-32-img-2_jpg.rf.2db3bf9a7f53ef014f94c089dddd7329.jpg,Healthy,9,42005009,strong_then_w1,-7.036572519622892,1.1983505111860864,-39.094278223437755,5.54484917687347,-6.437319755554199,1.0732336044311523,1.2420471906661987,False,False,0.5641493201255798,0.14029085636138916,4.0690104166666664e-05,0.000801225658506155,0.06700532138347626,,0.06700532138347626,56641765376.0,0.9990095552274462,46607536.0,0.0008220325320110161,9546223.0,0.0001683698933114979
Healthy-32-img-2_jpg.rf.2db3bf9a7f53ef014f94c089dddd7329.jpg,Healthy,10,42005010,original,5.794717786364934,0.9429205578236591,-36.49796971888725,-59.653652153750215,6.374506950378418,0.7783892750740051,1.2527644634246826,False,True,0.4482060670852661,0.09600599855184555,8.138020833333334e-07,0.0010272335493937135,0.047536831349134445,,0.047536831349134445,35212935168.0,0.9989510727190015,28926874.0,0.00082062263980105,8055950.0,0.00022853817371020697
Healthy-32-img-2_jpg.rf.2db3bf9a7f53ef014f94c089dddd7329.jpg,Healthy,10,42005010,w1_only,5.794717786364934,0.9429205578236591,-36.49796971888725,-59.653652153750215,6.374506950378418,0.7783892750740051,1.2527644634246826,False,True,0.44626349210739136,0.0964832454919815,2.44140625e-06,0.0012773324269801378,0.05469676852226257,,0.05469676852226257,34929446912.0,0.9987317483134677,34301476.0,0.0009807762825881773,10047575.0,0.00028728860698373174
Healthy-32-img-2_jpg.rf.2db3bf9a7f53ef014f94c089dddd7329.jpg,Healthy,10,42005010,strong_only,5.794717786364934,0.9429205578236591,-36.49796971888725,-59.653652153750215,6.374506950378418,0.7783892750740051,1.2527644634246826,False,True,0.5588733553886414,0.10612493008375168,1.3834635416666666e-05,0.0008507653838023543,0.05561171844601631,,0.05561171844601631,54241546240.0,0.9990819882980668,43604120.0,0.0008031498717759913,6249368.0,0.00011510790970855467
Healthy-32-img-2_jpg.rf.2db3bf9a7f53ef014f94c089dddd7329.jpg,Healthy,10,42005010,w1_then_strong,5.794717786364934,0.9429205578236591,-36.49796971888725,-59.653652153750215,6.374506950378418,0.7783892750740051,1.2527644634246826,False,True,0.5569025278091431,0.10662863403558731,2.3600260416666666e-05,0.0010392332915216684,0.06191688030958176,,0.06191688030958176,53882449920.0,0.9989247520038453,50472064.0,0.0009356997332002942,7524157.5,0.0001394900784185682
Healthy-32-img-2_jpg.rf.2db3bf9a7f53ef014f94c089dddd7329.jpg,Healthy,10,42005010,strong_then_w1,5.794717786364934,0.9429205578236591,-36.49796971888725,-59.653652153750215,6.374506950378418,0.7783892750740051,1.2527644634246826,False,True,0.5572007894515991,0.1067771166563034,2.5227864583333333e-05,0.0010699998820200562,0.0623307004570961,,0.0623307004570961,53942124544.0,0.9989001032693883,51420744.0,0.0009522091857893281,7986563.5,0.00014789515934638688
Healthy-32-img-2_jpg.rf.2db3bf9a7f53ef014f94c089dddd7329.jpg,Healthy,11,42005011,original,-1.6145735282588891,0.7296231234131879,-29.722997472081488,1.2371045571606487,7.684573173522949,0.5980421304702759,0.8788955807685852,False,True,0.4482060670852661,0.09600599855184555,8.138020833333334e-07,0.0010272335493937135,0.047536831349134445,,0.047536831349134445,35212935168.0,0.9989510727190015,28926874.0,0.00082062263980105,8055950.0,0.00022853817371020697
Healthy-32-img-2_jpg.rf.2db3bf9a7f53ef014f94c089dddd7329.jpg,Healthy,11,42005011,w1_only,-1.6145735282588891,0.7296231234131879,-29.722997472081488,1.2371045571606487,7.684573173522949,0.5980421304702759,0.8788955807685852,False,True,0.44626349210739136,0.0964832454919815,2.44140625e-06,0.0012773324269801378,0.05469676852226257,,0.05469676852226257,34929446912.0,0.9987317483134677,34301476.0,0.0009807762825881773,10047575.0,0.00028728860698373174
Healthy-32-img-2_jpg.rf.2db3bf9a7f53ef014f94c089dddd7329.jpg,Healthy,11,42005011,strong_only,-1.6145735282588891,0.7296231234131879,-29.722997472081488,1.2371045571606487,7.684573173522949,0.5980421304702759,0.8788955807685852,False,True,0.40844833850860596,0.06406009942293167,0.0,0.0004984086845070124,0.030581850558519363,,0.030581850558519363,28653850624.0,0.9991603165516619,20623820.0,0.0007191529958784954,3452217.75,0.00012037889863940912
Healthy-32-img-2_jpg.rf.2db3bf9a7f53ef014f94c089dddd7329.jpg,Healthy,11,42005011,w1_then_strong,-1.6145735282588891,0.7296231234131879,-29.722997472081488,1.2371045571606487,7.684573173522949,0.5980421304702759,0.8788955807685852,False,True,0.40758347511291504,0.06412642449140549,0.0,0.0005987566546536982,0.03347485512495041,,0.03347485512495041,28533512192.0,0.999039780521262,23213606.0,0.0008127746660591348,4209597.0,0.00014739001755774333
Healthy-32-img-2_jpg.rf.2db3bf9a7f53ef014f94c089dddd7329.jpg,Healthy,11,42005011,strong_then_w1,-1.6145735282588891,0.7296231234131879,-29.722997472081488,1.2371045571606487,7.684573173522949,0.5980421304702759,0.8788955807685852,False,True,0.4073568284511566,0.06435464322566986,0.0,0.0006345044821500778,0.03505291789770126,,0.03505291789770126,28506021888.0,0.9989890219235684,24411738.0,0.0008555054915726587,4440987.5,0.00015563370351818183
BG-35-img-1_jpg.rf.d6ca09f61ee2b428d7f89f7c677bcf84.jpg,BG,0,42006000,original,-4.026299343949924,0.8170667073211104,2.4326905501857254,48.196404296404125,3.152886390686035,1.3574798107147217,1.1379197835922241,False,False,0.38843658566474915,0.11750979721546173,5.7779947916666666e-05,0.001988105708733201,0.05685485526919365,0.19223876297473907,0.056596871465444565,27571714048.0,0.9978665140771602,42006172.0,0.0015202737251080029,16936626.0,0.0006129648638247983
BG-35-img-1_jpg.rf.d6ca09f61ee2b428d7f89f7c677bcf84.jpg,BG,0,42006000,w1_only,-4.026299343949924,0.8170667073211104,2.4326905501857254,48.196404296404125,3.152886390686035,1.3574798107147217,1.1379197835922241,False,False,0.3864351511001587,0.11805380880832672,0.00012044270833333334,0.002453595632687211,0.06460573524236679,0.20412518084049225,0.06433988362550735,27321010176.0,0.9974094924218606,50043004.0,0.001826922463604632,20918978.0,0.0007636901818254375
BG-35-img-1_jpg.rf.d6ca09f61ee2b428d7f89f7c677bcf84.jpg,BG,0,42006000,strong_only,-4.026299343949924,0.8170667073211104,2.4326905501857254,48.196404296404125,3.152886390686035,1.3574798107147217,1.1379197835922241,False,False,0.41192322969436646,0.11399184167385101,0.17042399088541665,0.0013695256784558296,0.04703206568956375,0.24960742890834808,0.04677356779575348,30597691392.0,0.9983660914697425,39160196.0,0.0012777503806032586,10913992.0,0.00035611051159960787
BG-35-img-1_jpg.rf.d6ca09f61ee2b428d7f89f7c677bcf84.jpg,BG,0,42006000,w1_then_strong,-4.026299343949924,0.8170667073211104,2.4326905501857254,48.196404296404125,3.152886390686035,1.3574798107147217,1.1379197835922241,False,False,0.4110304117202759,0.11468463391065598,0.1710498046875,0.0016258226241916418,0.05102566257119179,0.2626228332519531,0.05075566843152046,30494052352.0,0.998133603476611,44094708.0,0.0014433112818933796,12924329.0,0.00042304010396444357
BG-35-img-1_jpg.rf.d6ca09f61ee2b428d7f89f7c677bcf84.jpg,BG,0,42006000,strong_then_w1,-4.026299343949924,0.8170667073211104,2.4326905501857254,48.196404296404125,3.152886390686035,1.3574798107147217,1.1379197835922241,False,False,0.41095444560050964,0.11477977782487869,0.17138427734375,0.0016665257280692458,0.05188312381505966,0.26504504680633545,0.05161111801862717,30485389312.0,0.9980725069163993,45549732.0,0.0014912696289141663,13320357.0,0.0004361001254715224
BG-35-img-1_jpg.rf.d6ca09f61ee2b428d7f89f7c677bcf84.jpg,BG,1,42006001,original,-5.086378373646896,0.992279496490596,-52.885651640143465,-59.89021200557164,7.229795932769775,1.3472542762756348,1.302817702293396,False,False,0.38843658566474915,0.11750979721546173,5.7779947916666666e-05,0.001988105708733201,0.05685485526919365,0.19223876297473907,0.056596871465444565,27571714048.0,0.9978665140771602,42006172.0,0.0015202737251080029,16936626.0,0.0006129648638247983
BG-35-img-1_jpg.rf.d6ca09f61ee2b428d7f89f7c677bcf84.jpg,BG,1,42006001,w1_only,-5.086378373646896,0.992279496490596,-52.885651640143465,-59.89021200557164,7.229795932769775,1.3472542762756348,1.302817702293396,False,False,0.3864351511001587,0.11805380880832672,0.00012044270833333334,0.002453595632687211,0.06460573524236679,0.20412518084049225,0.06433988362550735,27321010176.0,0.9974094924218606,50043004.0,0.001826922463604632,20918978.0,0.0007636901818254375
BG-35-img-1_jpg.rf.d6ca09f61ee2b428d7f89f7c677bcf84.jpg,BG,1,42006001,strong_only,-5.086378373646896,0.992279496490596,-52.885651640143465,-59.89021200557164,7.229795932769775,1.3472542762756348,1.302817702293396,False,False,0.40114253759384155,0.14042238891124725,0.3010693359375,0.0015817141393199563,0.058024778962135315,0.23848116397857666,0.05768667906522751,30219341824.0,0.9971627681986214,69014280.0,0.0022772987873408805,16964472.0,0.0005597851852323653
BG-35-img-1_jpg.rf.d6ca09f61ee2b428d7f89f7c677bcf84.jpg,BG,1,42006001,w1_then_strong,-5.086378373646896,0.992279496490596,-52.885651640143465,-59.89021200557164,7.229795932769775,1.3472542762756348,1.302817702293396,False,False,0.4003182351589203,0.14104777574539185,0.2971500651041667,0.0018828815082088113,0.0630517229437828,0.2517232298851013,0.06269821524620056,30128052224.0,0.996825005104074,76648192.0,0.0025360031180759164,19307288.0,0.000638806230022878
BG-35-img-1_jpg.rf.d6ca09f61ee2b428d7f89f7c677bcf84.jpg,BG,1,42006001,strong_then_w1,-5.086378373646896,0.992279496490596,-52.885651640143465,-59.89021200557164,7.229795932769775,1.3472542762756348,1.302817702293396,False,False,0.40031468868255615,0.1412193924188614,0.3026708984375,0.0019059404730796814,0.06254936754703522,0.2515992224216461,0.06219515949487686,30131728384.0,0.9966949936473452,79656096.0,0.0026348582160607174,20261020.0,0.0006701924610110256
BG-35-img-1_jpg.rf.d6ca09f61ee2b428d7f89f7c677bcf84.jpg,BG,2,42006002,original,7.677498184909361,1.3331553542013403,-38.306953648203375,-61.717049800225595,-6.590999603271484,0.7933118939399719,1.252840518951416,False,False,0.38843658566474915,0.11750979721546173,5.7779947916666666e-05,0.001988105708733201,0.05685485526919365,0.19223876297473907,0.056596871465444565,27571714048.0,0.9978665140771602,42006172.0,0.0015202737251080029,16936626.0,0.0006129648638247983
BG-35-img-1_jpg.rf.d6ca09f61ee2b428d7f89f7c677bcf84.jpg,BG,2,42006002,w1_only,7.677498184909361,1.3331553542013403,-38.306953648203375,-61.717049800225595,-6.590999603271484,0.7933118939399719,1.252840518951416,False,False,0.3864351511001587,0.11805380880832672,0.00012044270833333334,0.002453595632687211,0.06460573524236679,0.20412518084049225,0.06433988362550735,27321010176.0,0.9974094924218606,50043004.0,0.001826922463604632,20918978.0,0.0007636901818254375
BG-35-img-1_jpg.rf.d6ca09f61ee2b428d7f89f7c677bcf84.jpg,BG,2,42006002,strong_only,7.677498184909361,1.3331553542013403,-38.306953648203375,-61.717049800225595,-6.590999603271484,0.7933118939399719,1.252840518951416,False,False,0.6124367713928223,0.21566128730773926,0.06216552734375,0.0009054687689058483,0.06879280507564545,0.1801159679889679,0.06841430068016052,70660268032.0,0.9990026791343936,59649696.0,0.0008433339948068897,10904706.0,0.0001541719386662869
BG-35-img-1_jpg.rf.d6ca09f61ee2b428d7f89f7c677bcf84.jpg,BG,2,42006002,w1_then_strong,7.677498184909361,1.3331553542013403,-38.306953648203375,-61.717049800225595,-6.590999603271484,0.7933118939399719,1.252840518951416,False,False,0.6102192401885986,0.2162596583366394,0.05690755208333333,0.0011066263541579247,0.07604382932186127,0.1902841329574585,0.07565538585186005,70237978624.0,0.9988435325252546,69014664.0,0.000981446962687061,12295298.0,0.0001748495490383362
BG-35-img-1_jpg.rf.d6ca09f61ee2b428d7f89f7c677bcf84.jpg,BG,2,42006002,strong_then_w1,7.677498184909361,1.3331553542013403,-38.306953648203375,-61.717049800225595,-6.590999603271484,0.7933118939399719,1.252840518951416,False,False,0.6106008291244507,0.21620477735996246,0.06244710286458333,0.0011317345779389143,0.07600357383489609,0.18890969455242157,0.07561968266963959,70309437440.0,0.998805882399491,70557328.0,0.001002327380487576,13494061.0,0.00019169471403834287
BG-35-img-1_jpg.rf.d6ca09f61ee2b428d7f89f7c677bcf84.jpg,BG,3,42006003,original,8.91778363220762,1.1805822660598682,11.089096041728567,-30.940527675942008,5.096210479736328,1.4876258373260498,0.7931969165802002,False,False,0.38843658566474915,0.11750979721546173,5.7779947916666666e-05,0.001988105708733201,0.05685485526919365,0.19223876297473907,0.056596871465444565,27571714048.0,0.9978665140771602,42006172.0,0.0015202737251080029,16936626.0,0.0006129648638247983
BG-35-img-1_jpg.rf.d6ca09f61ee2b428d7f89f7c677bcf84.jpg,BG,3,42006003,w1_only,8.91778363220762,1.1805822660598682,11.089096041728567,-30.940527675942008,5.096210479736328,1.4876258373260498,0.7931969165802002,False,False,0.3864351511001587,0.11805380880832672,0.00012044270833333334,0.002453595632687211,0.06460573524236679,0.20412518084049225,0.06433988362550735,27321010176.0,0.9974094924218606,50043004.0,0.001826922463604632,20918978.0,0.0007636901818254375
BG-35-img-1_jpg.rf.d6ca09f61ee2b428d7f89f7c677bcf84.jpg,BG,3,42006003,strong_only,8.91778363220762,1.1805822660598682,11.089096041728567,-30.940527675942008,5.096210479736328,1.4876258373260498,0.7931969165802002,False,False,0.2334340214729309,0.08173762261867523,0.25923746744791665,0.0005329254781827331,0.04052871838212013,0.13079297542572021,0.04028897359967232,10235490304.0,0.9973155403027647,23240480.0,0.0022644828122242145,4311178.5,0.0004200683296420973
BG-35-img-1_jpg.rf.d6ca09f61ee2b428d7f89f7c677bcf84.jpg,BG,3,42006003,w1_then_strong,8.91778363220762,1.1805822660598682,11.089096041728567,-30.940527675942008,5.096210479736328,1.4876258373260498,0.7931969165802002,False,False,0.2325848937034607,0.08210299164056778,0.2604703776041667,0.0006445323815569282,0.04468156397342682,0.1384211778640747,0.04443259909749031,10174723072.0,0.9968671118477288,26833880.0,0.002629045750530726,5139322.5,0.0005035244243185088
BG-35-img-1_jpg.rf.d6ca09f61ee2b428d7f89f7c677bcf84.jpg,BG,3,42006003,strong_then_w1,8.91778363220762,1.1805822660598682,11.089096041728567,-30.940527675942008,5.096210479736328,1.4876258373260498,0.7931969165802002,False,False,0.23192574083805084,0.08214112371206284,0.26154215494791666,0.0006736095529049635,0.04638506844639778,0.1384091079235077,0.046140655875205994,10123416576.0,0.9967543964010106,27510796.0,0.002708720584165294,5451493.5,0.00053675555799597
BG-35-img-1_jpg.rf.d6ca09f61ee2b428d7f89f7c677bcf84.jpg,BG,4,42006004,original,-0.648170994033606,0.5306384608895018,-24.158817977784736,-60.81255847189726,7.079540252685547,1.4066169261932373,0.9811368584632874,True,True,0.38843658566474915,0.11750979721546173,5.7779947916666666e-05,0.001988105708733201,0.05685485526919365,0.19223876297473907,0.056596871465444565,27571714048.0,0.9978665140771602,42006172.0,0.0015202737251080029,16936626.0,0.0006129648638247983
BG-35-img-1_jpg.rf.d6ca09f61ee2b428d7f89f7c677bcf84.jpg,BG,4,42006004,w1_only,-0.648170994033606,0.5306384608895018,-24.158817977784736,-60.81255847189726,7.079540252685547,1.4066169261932373,0.9811368584632874,True,True,0.3864351511001587,0.11805380880832672,0.00012044270833333334,0.002453595632687211,0.06460573524236679,0.20412518084049225,0.06433988362550735,27321010176.0,0.9974094924218606,50043004.0,0.001826922463604632,20918978.0,0.0007636901818254375
BG-35-img-1_jpg.rf.d6ca09f61ee2b428d7f89f7c677bcf84.jpg,BG,4,42006004,strong_only,-0.648170994033606,0.5306384608895018,-24.158817977784736,-60.81255847189726,7.079540252685547,1.4066169261932373,0.9811368584632874,True,True,0.3884756565093994,0.08885905146598816,0.07318033854166667,0.0010312804952263832,0.023570287972688675,0.2646028399467468,0.02344193495810032,26614167552.0,0.9988885949192515,21446660.0,0.0008049406028294518,8173566.0,0.0003067720168691214
BG-35-img-1_jpg.rf.d6ca09f61ee2b428d7f89f7c677bcf84.jpg,BG,4,42006004,w1_then_strong,-0.648170994033606,0.5306384608895018,-24.158817977784736,-60.81255847189726,7.079540252685547,1.4066169261932373,0.9811368584632874,True,True,0.3881821930408478,0.08935786783695221,0.07361328125,0.0011888945009559393,0.024834686890244484,0.27759847044944763,0.02470008283853531,26588188672.0,0.998787377649159,22882280.0,0.0008595746298393725,9395556.0,0.0003529447926882765
BG-35-img-1_jpg.rf.d6ca09f61ee2b428d7f89f7c677bcf84.jpg,BG,4,42006004,strong_then_w1,-0.648170994033606,0.5306384608895018,-24.158817977784736,-60.81255847189726,7.079540252685547,1.4066169261932373,0.9811368584632874,True,True,0.3880612850189209,0.08965273201465607,0.07414794921875,0.0012407662579789758,0.025709882378578186,0.28410348296165466,0.025572285056114197,26579075072.0,0.9987044916624592,24642792.0,0.000925948965147786,9832149.0,0.00036944142497038644
BG-35-img-1_jpg.rf.d6ca09f61ee2b428d7f89f7c677bcf84.jpg,BG,5,42006005,original,3.1846825971482513,0.7458012918085868,-53.583559548521805,58.85148777401275,6.799771785736084,1.0746197700500488,1.0868332386016846,False,False,0.38843658566474915,0.11750979721546173,5.7779947916666666e-05,0.001988105708733201,0.05685485526919365,0.19223876297473907,0.056596871465444565,27571714048.0,0.9978665140771602,42006172.0,0.0015202737251080029,16936626.0,0.0006129648638247983
BG-35-img-1_jpg.rf.d6ca09f61ee2b428d7f89f7c677bcf84.jpg,BG,5,42006005,w1_only,3.1846825971482513,0.7458012918085868,-53.583559548521805,58.85148777401275,6.799771785736084,1.0746197700500488,1.0868332386016846,False,False,0.3864351511001587,0.11805380880832672,0.00012044270833333334,0.002453595632687211,0.06460573524236679,0.20412518084049225,0.06433988362550735,27321010176.0,0.9974094924218606,50043004.0,0.001826922463604632,20918978.0,0.0007636901818254375
BG-35-img-1_jpg.rf.d6ca09f61ee2b428d7f89f7c677bcf84.jpg,BG,5,42006005,strong_only,3.1846825971482513,0.7458012918085868,-53.583559548521805,58.85148777401275,6.799771785736084,1.0746197700500488,1.0868332386016846,False,False,0.39690548181533813,0.11215076595544815,0.048212076822916665,0.0012377153616398573,0.042466577142477036,0.23700064420700073,0.04226071015000343,28496846848.0,0.998487250993986,33733788.0,0.0011819819022572977,9441222.0,0.00033080641697260467
BG-35-img-1_jpg.rf.d6ca09f61ee2b428d7f89f7c677bcf84.jpg,BG,5,42006005,w1_then_strong,3.1846825971482513,0.7458012918085868,-53.583559548521805,58.85148777401275,6.799771785736084,1.0746197700500488,1.0868332386016846,False,False,0.39582252502441406,0.11306121200323105,0.05494710286458333,0.0014840279472991824,0.04601114243268967,0.2506495714187622,0.04579457640647888,28381028352.0,0.9982637980940247,38049088.0,0.0013383245536350385,11314206.0,0.0003979616987057581
BG-35-img-1_jpg.rf.d6ca09f61ee2b428d7f89f7c677bcf84.jpg,BG,5,42006005,strong_then_w1,3.1846825971482513,0.7458012918085868,-53.583559548521805,58.85148777401275,6.799771785736084,1.0746197700500488,1.0868332386016846,False,False,0.3958495855331421,0.1131170466542244,0.05604085286458333,0.0015210065757855773,0.04709064960479736,0.2530076205730438,0.04687274619936943,28384927744.0,0.9982001924692135,39545316.0,0.0013906726273347624,11637216.0,0.0004092408251228068
BG-35-img-1_jpg.rf.d6ca09f61ee2b428d7f89f7c677bcf84.jpg,BG,6,42006006,original,-8.674617353797892,1.0045917940633684,36.78728734180993,-27.148359516993366,-7.866820335388184,0.9333680272102356,1.0535788536071777,True,True,0.38843658566474915,0.11750979721546173,5.7779947916666666e-05,0.001988105708733201,0.05685485526919365,0.19223876297473907,0.056596871465444565,27571714048.0,0.9978665140771602,42006172.0,0.0015202737251080029,16936626.0,0.0006129648638247983
BG-35-img-1_jpg.rf.d6ca09f61ee2b428d7f89f7c677bcf84.jpg,BG,6,42006006,w1_only,-8.674617353797892,1.0045917940633684,36.78728734180993,-27.148359516993366,-7.866820335388184,0.9333680272102356,1.0535788536071777,True,True,0.3864351511001587,0.11805380880832672,0.00012044270833333334,0.002453595632687211,0.06460573524236679,0.20412518084049225,0.06433988362550735,27321010176.0,0.9974094924218606,50043004.0,0.001826922463604632,20918978.0,0.0007636901818254375
BG-35-img-1_jpg.rf.d6ca09f61ee2b428d7f89f7c677bcf84.jpg,BG,6,42006006,strong_only,-8.674617353797892,1.0045917940633684,36.78728734180993,-27.148359516993366,-7.866820335388184,0.9333680272102356,1.0535788536071777,True,True,0.4991101026535034,0.1541079729795456,8.138020833333334e-07,0.0010840344475582242,0.061500515788793564,0.19411374628543854,0.061245232820510864,45724016640.0,0.9988132086725241,45586800.0,0.000995815795003451,8727553.0,0.00019064806323606295
BG-35-img-1_jpg.rf.d6ca09f61ee2b428d7f89f7c677bcf84.jpg,BG,6,42006006,w1_then_strong,-8.674617353797892,1.0045917940633684,36.78728734180993,-27.148359516993366,-7.866820335388184,0.9333680272102356,1.0535788536071777,True,True,0.49715039134025574,0.154466912150383,1.6276041666666668e-06,0.0013248628238216043,0.06781414896249771,0.20460106432437897,0.06755083054304123,45405732864.0,0.9986003864003716,53102276.0,0.001167869121090268,10543204.0,0.00023187485201115295
BG-35-img-1_jpg.rf.d6ca09f61ee2b428d7f89f7c677bcf84.jpg,BG,6,42006006,strong_then_w1,-8.674617353797892,1.0045917940633684,36.78728734180993,-27.148359516993366,-7.866820335388184,0.9333680272102356,1.0535788536071777,True,True,0.4972057342529297,0.1545770764350891,2.44140625e-06,0.001358612789772451,0.06909055262804031,0.20490504801273346,0.06882909685373306,45419307008.0,0.9985706785584674,54025040.0,0.0011877728747038381,10982924.0,0.0002414661648030946
BG-35-img-1_jpg.rf.d6ca09f61ee2b428d7f89f7c677bcf84.jpg,BG,7,42006007,original,0.3087626008090645,1.420291748639009,-9.006075373982696,-13.777366429490996,1.1324657201766968,1.2685179710388184,1.3947882652282715,False,True,0.38843658566474915,0.11750979721546173,5.7779947916666666e-05,0.001988105708733201,0.05685485526919365,0.19223876297473907,0.056596871465444565,27571714048.0,0.9978665140771602,42006172.0,0.0015202737251080029,16936626.0,0.0006129648638247983
BG-35-img-1_jpg.rf.d6ca09f61ee2b428d7f89f7c677bcf84.jpg,BG,7,42006007,w1_only,0.3087626008090645,1.420291748639009,-9.006075373982696,-13.777366429490996,1.1324657201766968,1.2685179710388184,1.3947882652282715,False,True,0.3864351511001587,0.11805380880832672,0.00012044270833333334,0.002453595632687211,0.06460573524236679,0.20412518084049225,0.06433988362550735,27321010176.0,0.9974094924218606,50043004.0,0.001826922463604632,20918978.0,0.0007636901818254375
BG-35-img-1_jpg.rf.d6ca09f61ee2b428d7f89f7c677bcf84.jpg,BG,7,42006007,strong_only,0.3087626008090645,1.420291748639009,-9.006075373982696,-13.777366429490996,1.1324657201766968,1.2685179710388184,1.3947882652282715,False,True,0.44577527046203613,0.15672725439071655,0.44528889973958335,0.0008033330086618662,0.05549030005931854,0.19777798652648926,0.05494594946503639,37407121408.0,0.9985882688432104,45335124.0,0.0012102273922438324,7537511.0,0.00020121489645730763
BG-35-img-1_jpg.rf.d6ca09f61ee2b428d7f89f7c677bcf84.jpg,BG,7,42006007,w1_then_strong,0.3087626008090645,1.420291748639009,-9.006075373982696,-13.777366429490996,1.1324657201766968,1.2685179710388184,1.3947882652282715,False,True,0.44478079676628113,0.15769009292125702,0.44608723958333335,0.0009825536981225014,0.06092942878603935,0.21008086204528809,0.060358814895153046,37300486144.0,0.9983477742751162,52917444.0,0.0014163357612492168,8812680.0,0.00023587144224966247
BG-35-img-1_jpg.rf.d6ca09f61ee2b428d7f89f7c677bcf84.jpg,BG,7,42006007,strong_then_w1,0.3087626008090645,1.420291748639009,-9.006075373982696,-13.777366429490996,1.1324657201766968,1.2685179710388184,1.3947882652282715,False,True,0.44501763582229614,0.1574873924255371,0.446376953125,0.000963034457527101,0.05873994529247284,0.20678621530532837,0.05817358195781708,37324873728.0,0.9983418519525228,52924792.0,0.0014155984892145878,9053783.0,0.00024216479748237306
BG-35-img-1_jpg.rf.d6ca09f61ee2b428d7f89f7c677bcf84.jpg,BG,8,42006008,original,-9.013704349248632,1.4257893764744325,-21.897148611939087,5.864656454055989,3.4770517349243164,0.8391342163085938,0.8472473621368408,True,False,0.38843658566474915,0.11750979721546173,5.7779947916666666e-05,0.001988105708733201,0.05685485526919365,0.19223876297473907,0.056596871465444565,27571714048.0,0.9978665140771602,42006172.0,0.0015202737251080029,16936626.0,0.0006129648638247983
BG-35-img-1_jpg.rf.d6ca09f61ee2b428d7f89f7c677bcf84.jpg,BG,8,42006008,w1_only,-9.013704349248632,1.4257893764744325,-21.897148611939087,5.864656454055989,3.4770517349243164,0.8391342163085938,0.8472473621368408,True,False,0.3864351511001587,0.11805380880832672,0.00012044270833333334,0.002453595632687211,0.06460573524236679,0.20412518084049225,0.06433988362550735,27321010176.0,0.9974094924218606,50043004.0,0.001826922463604632,20918978.0,0.0007636901818254375
BG-35-img-1_jpg.rf.d6ca09f61ee2b428d7f89f7c677bcf84.jpg,BG,8,42006008,strong_only,-9.013704349248632,1.4257893764744325,-21.897148611939087,5.864656454055989,3.4770517349243164,0.8391342163085938,0.8472473621368408,True,False,0.3355299234390259,0.11643800139427185,0.0,0.00031607793061994016,0.04210544750094414,0.11392172425985336,0.0418269969522953,21141610496.0,0.9990142489701679,17847216.0,0.0008433427099520983,3009516.0,0.00014221004436121572
BG-35-img-1_jpg.rf.d6ca09f61ee2b428d7f89f7c677bcf84.jpg,BG,8,42006008,w1_then_strong,-9.013704349248632,1.4257893764744325,-21.897148611939087,5.864656454055989,3.4770517349243164,0.8391342163085938,0.8472473621368408,True,False,0.33385196328163147,0.11675728857517242,0.0,0.0003863208112306893,0.04713001102209091,0.12065452337265015,0.04684494808316231,20961832960.0,0.9988234979544908,21200544.0,0.001010197989699947,3487676.25,0.00016618646844506678
BG-35-img-1_jpg.rf.d6ca09f61ee2b428d7f89f7c677bcf84.jpg,BG,8,42006008,strong_then_w1,-9.013704349248632,1.4257893764744325,-21.897148611939087,5.864656454055989,3.4770517349243164,0.8391342163085938,0.8472473621368408,True,False,0.33362388610839844,0.11679022759199142,1.6276041666666668e-06,0.000430350104579702,0.049169234931468964,0.12052491307258606,0.048892565071582794,20936581120.0,0.9987748498360605,21701836.0,0.001035281160177637,3985859.25,0.00019014451075221315
BG-35-img-1_jpg.rf.d6ca09f61ee2b428d7f89f7c677bcf84.jpg,BG,9,42006009,original,-3.042294821084271,1.2920382292475732,9.86048309083833,-36.92521200035793,-6.296989440917969,0.5996387004852295,0.7510415315628052,False,True,0.38843658566474915,0.11750979721546173,5.7779947916666666e-05,0.001988105708733201,0.05685485526919365,0.19223876297473907,0.056596871465444565,27571714048.0,0.9978665140771602,42006172.0,0.0015202737251080029,16936626.0,0.0006129648638247983
BG-35-img-1_jpg.rf.d6ca09f61ee2b428d7f89f7c677bcf84.jpg,BG,9,42006009,w1_only,-3.042294821084271,1.2920382292475732,9.86048309083833,-36.92521200035793,-6.296989440917969,0.5996387004852295,0.7510415315628052,False,True,0.3864351511001587,0.11805380880832672,0.00012044270833333334,0.002453595632687211,0.06460573524236679,0.20412518084049225,0.06433988362550735,27321010176.0,0.9974094924218606,50043004.0,0.001826922463604632,20918978.0,0.0007636901818254375
BG-35-img-1_jpg.rf.d6ca09f61ee2b428d7f89f7c677bcf84.jpg,BG,9,42006009,strong_only,-3.042294821084271,1.2920382292475732,9.86048309083833,-36.92521200035793,-6.296989440917969,0.5996387004852295,0.7510415315628052,False,True,0.38840511441230774,0.1421729326248169,0.0,0.0003875064430758357,0.046687051653862,0.10707224905490875,0.04649478942155838,28673914880.0,0.9990540303714976,23094710.0,0.0008046638626891582,4056250.0,0.00014132750716648522
BG-35-img-1_jpg.rf.d6ca09f61ee2b428d7f89f7c677bcf84.jpg,BG,9,42006009,w1_then_strong,-3.042294821084271,1.2920382292475732,9.86048309083833,-36.92521200035793,-6.296989440917969,0.5996387004852295,0.7510415315628052,False,True,0.3869830369949341,0.14246182143688202,2.44140625e-06,0.00047213074867613614,0.05154300853610039,0.11363642662763596,0.051345307379961014,28498284544.0,0.9988932992452942,26902802.0,0.0009429700446436423,4665935.0,0.00016354567584649112
BG-35-img-1_jpg.rf.d6ca09f61ee2b428d7f89f7c677bcf84.jpg,BG,9,42006009,strong_then_w1,-3.042294821084271,1.2920382292475732,9.86048309083833,-36.92521200035793,-6.296989440917969,0.5996387004852295,0.7510415315628052,False,True,0.38642895221710205,0.14249815046787262,4.069010416666667e-06,0.0005169978248886764,0.05400753393769264,0.11384207010269165,0.0538170225918293,28426670080.0,0.9988392627123401,27766864.0,0.0009756553928948198,5267574.5,0.00018508886953889477
BG-35-img-1_jpg.rf.d6ca09f61ee2b428d7f89f7c677bcf84.jpg,BG,10,42006010,original,-4.151700653535027,1.1366296922293493,5.962263925649097,-41.72037012763781,-7.348624229431152,0.5995501279830933,0.8165576457977295,False,True,0.38843658566474915,0.11750979721546173,5.7779947916666666e-05,0.001988105708733201,0.05685485526919365,0.19223876297473907,0.056596871465444565,27571714048.0,0.9978665140771602,42006172.0,0.0015202737251080029,16936626.0,0.0006129648638247983
BG-35-img-1_jpg.rf.d6ca09f61ee2b428d7f89f7c677bcf84.jpg,BG,10,42006010,w1_only,-4.151700653535027,1.1366296922293493,5.962263925649097,-41.72037012763781,-7.348624229431152,0.5995501279830933,0.8165576457977295,False,True,0.3864351511001587,0.11805380880832672,0.00012044270833333334,0.002453595632687211,0.06460573524236679,0.20412518084049225,0.06433988362550735,27321010176.0,0.9974094924218606,50043004.0,0.001826922463604632,20918978.0,0.0007636901818254375
BG-35-img-1_jpg.rf.d6ca09f61ee2b428d7f89f7c677bcf84.jpg,BG,10,42006010,strong_only,-4.151700653535027,1.1366296922293493,5.962263925649097,-41.72037012763781,-7.348624229431152,0.5995501279830933,0.8165576457977295,False,True,0.4348505437374115,0.1481601744890213,0.0,0.0006107151275500655,0.053732991218566895,0.13002488017082214,0.053546108305454254,35369558016.0,0.9989224313696365,32498480.0,0.0009178361980868442,5657402.5,0.0001597788204755117
BG-35-img-1_jpg.rf.d6ca09f61ee2b428d7f89f7c677bcf84.jpg,BG,10,42006010,w1_then_strong,-4.151700653535027,1.1366296922293493,5.962263925649097,-41.72037012763781,-7.348624229431152,0.5995501279830933,0.8165576457977295,False,True,0.43327805399894714,0.14846645295619965,1.6276041666666668e-06,0.0007403950439766049,0.05904427915811539,0.1376475691795349,0.058851711452007294,35149574144.0,0.9987397970756728,37735148.0,0.0010722062777131461,6618730.5,0.00018806457026726038
BG-35-img-1_jpg.rf.d6ca09f61ee2b428d7f89f7c677bcf84.jpg,BG,10,42006010,strong_then_w1,-4.151700653535027,1.1366296922293493,5.962263925649097,-41.72037012763781,-7.348624229431152,0.5995501279830933,0.8165576457977295,False,True,0.43290674686431885,0.1485891491174698,1.6276041666666668e-06,0.000789307348895818,0.061431266367435455,0.13800929486751556,0.06124366819858551,35100106752.0,0.9986914652722015,38749784.0,0.0011025344975549467,7238118.0,0.0002059437232572294
BG-35-img-1_jpg.rf.d6ca09f61ee2b428d7f89f7c677bcf84.jpg,BG,11,42006011,original,4.710813413972126,0.6789843049771802,-28.366543492218568,8.538905022736003,-2.3754477500915527,0.5520776510238647,1.2554638385772705,True,True,0.38843658566474915,0.11750979721546173,5.7779947916666666e-05,0.001988105708733201,0.05685485526919365,0.19223876297473907,0.056596871465444565,27571714048.0,0.9978665140771602,42006172.0,0.0015202737251080029,16936626.0,0.0006129648638247983
BG-35-img-1_jpg.rf.d6ca09f61ee2b428d7f89f7c677bcf84.jpg,BG,11,42006011,w1_only,4.710813413972126,0.6789843049771802,-28.366543492218568,8.538905022736003,-2.3754477500915527,0.5520776510238647,1.2554638385772705,True,True,0.3864351511001587,0.11805380880832672,0.00012044270833333334,0.002453595632687211,0.06460573524236679,0.20412518084049225,0.06433988362550735,27321010176.0,0.9974094924218606,50043004.0,0.001826922463604632,20918978.0,0.0007636901818254375
BG-35-img-1_jpg.rf.d6ca09f61ee2b428d7f89f7c677bcf84.jpg,BG,11,42006011,strong_only,4.710813413972126,0.6789843049771802,-28.366543492218568,8.538905022736003,-2.3754477500915527,0.5520776510238647,1.2554638385772705,True,True,0.6041696071624756,0.1407693326473236,0.018033040364583332,0.0018750912277027965,0.04858749359846115,0.2798451781272888,0.048384636640548706,64495697920.0,0.9989275467592468,56307844.0,0.0008721117575933718,12930179.0,0.0002002662565749615
BG-35-img-1_jpg.rf.d6ca09f61ee2b428d7f89f7c677bcf84.jpg,BG,11,42006011,w1_then_strong,4.710813413972126,0.6789843049771802,-28.366543492218568,8.538905022736003,-2.3754477500915527,0.5520776510238647,1.2554638385772705,True,True,0.6031016707420349,0.1407526433467865,0.016455078125,0.002238811459392309,0.05174676328897476,0.2952732443809509,0.05153312906622887,64270311424.0,0.9987954106444095,61978128.0,0.0009631736401329403,15537795.0,0.00024146574045910837
BG-35-img-1_jpg.rf.d6ca09f61ee2b428d7f89f7c677bcf84.jpg,BG,11,42006011,strong_then_w1,4.710813413972126,0.6789843049771802,-28.366543492218568,8.538905022736003,-2.3754477500915527,0.5520776510238647,1.2554638385772705,True,True,0.60317063331604,0.1410803645849228,0.0183251953125,0.002296776743605733,0.05322615057229996,0.2997790575027466,0.053009871393442154,64295108608.0,0.9987232389659298,66282236.0,0.0010295901330134379,15916086.0,0.00024723132607948404
BG-25-img-2_jpg.rf.d0cd8eab6ea2f1cc30811a9f018894c7.jpg,BG,0,42007000,original,-6.56302254961669,1.033080287099812,-31.91216242286157,-20.978033453891044,1.1106648445129395,0.6589673161506653,1.064090371131897,True,False,0.45787185430526733,0.14073553681373596,0.016529134114583333,0.1289064735174179,0.32223570346832275,0.2130107432603836,0.32406085729599,37437599744.0,0.9725096941991428,284288128.0,0.007384900803370445,773962432.0,0.02010508080680507
BG-25-img-2_jpg.rf.d0cd8eab6ea2f1cc30811a9f018894c7.jpg,BG,0,42007000,w1_only,-6.56302254961669,1.033080287099812,-31.91216242286157,-20.978033453891044,1.1106648445129395,0.6589673161506653,1.064090371131897,True,False,0.4562176764011383,0.1451808512210846,0.023338216145833333,0.15396708250045776,0.3503047525882721,0.22817175090312958,0.35234564542770386,37194895360.0,0.9672219972430165,335450368.0,0.008723104925354597,925054592.0,0.024055267298729234
BG-25-img-2_jpg.rf.d0cd8eab6ea2f1cc30811a9f018894c7.jpg,BG,0,42007000,strong_only,-6.56302254961669,1.033080287099812,-31.91216242286157,-20.978033453891044,1.1106648445129395,0.6589673161506653,1.064090371131897,True,False,0.5751267075538635,0.1498255729675293,0.010350748697916667,0.036051105707883835,0.2621501386165619,0.1998513787984848,0.26326262950897217,58755432448.0,0.9914818583329756,242068544.0,0.004084840496433915,262707552.0,0.004433118113556376
BG-25-img-2_jpg.rf.d0cd8eab6ea2f1cc30811a9f018894c7.jpg,BG,0,42007000,w1_then_strong,-6.56302254961669,1.033080287099812,-31.91216242286157,-20.978033453891044,1.1106648445129395,0.6589673161506653,1.064090371131897,True,False,0.5731876492500305,0.15162773430347443,0.01158935546875,0.042773548513650894,0.28307801485061646,0.2127370536327362,0.2843341529369354,58383011840.0,0.9899153905944854,283063392.0,0.004799492171157574,311705472.0,0.005285134054250917
BG-25-img-2_jpg.rf.d0cd8eab6ea2f1cc30811a9f018894c7.jpg,BG,0,42007000,strong_then_w1,-6.56302254961669,1.033080287099812,-31.91216242286157,-20.978033453891044,1.1106648445129395,0.6589673161506653,1.064090371131897,True,False,0.5731361508369446,0.15214531123638153,0.0126416015625,0.04352083057165146,0.28507426381111145,0.21292395889759064,0.2863626480102539,58390446080.0,0.9897644925838205,286493856.0,0.004856298676391652,317329120.0,0.005378980921100548
BG-25-img-2_jpg.rf.d0cd8eab6ea2f1cc30811a9f018894c7.jpg,BG,1,42007001,original,4.147359578201282,0.779419844463003,-54.70755408010979,43.98043249812076,-5.540925979614258,1.1797497272491455,1.321610450744629,False,False,0.45787185430526733,0.14073553681373596,0.016529134114583333,0.1289064735174179,0.32223570346832275,0.2130107432603836,0.32406085729599,37437599744.0,0.9725096941991428,284288128.0,0.007384900803370445,773962432.0,0.02010508080680507
BG-25-img-2_jpg.rf.d0cd8eab6ea2f1cc30811a9f018894c7.jpg,BG,1,42007001,w1_only,4.147359578201282,0.779419844463003,-54.70755408010979,43.98043249812076,-5.540925979614258,1.1797497272491455,1.321610450744629,False,False,0.4562176764011383,0.1451808512210846,0.023338216145833333,0.15396708250045776,0.3503047525882721,0.22817175090312958,0.35234564542770386,37194895360.0,0.9672219972430165,335450368.0,0.008723104925354597,925054592.0,0.024055267298729234
BG-25-img-2_jpg.rf.d0cd8eab6ea2f1cc30811a9f018894c7.jpg,BG,1,42007001,strong_only,4.147359578201282,0.779419844463003,-54.70755408010979,43.98043249812076,-5.540925979614258,1.1797497272491455,1.321610450744629,False,False,0.5977330803871155,0.10643839836120605,0.23161865234375,0.014015601947903633,0.115604467689991,0.26850777864456177,0.11406417936086655,61637242880.0,0.9966700515656195,112886464.0,0.0018253664933550716,93042520.0,0.0015044912600444204
BG-25-img-2_jpg.rf.d0cd8eab6ea2f1cc30811a9f018894c7.jpg,BG,1,42007001,w1_then_strong,4.147359578201282,0.779419844463003,-54.70755408010979,43.98043249812076,-5.540925979614258,1.1797497272491455,1.321610450744629,False,False,0.5968704223632812,0.1080004870891571,0.22831949869791668,0.017656506970524788,0.12603703141212463,0.28188556432724,0.12446704506874084,61480300544.0,0.9960119942099297,129528728.0,0.002098430969614805,116626368.0,0.0018894062055862472
BG-25-img-2_jpg.rf.d0cd8eab6ea2f1cc30811a9f018894c7.jpg,BG,1,42007001,strong_then_w1,4.147359578201282,0.779419844463003,-54.70755408010979,43.98043249812076,-5.540925979614258,1.1797497272491455,1.321610450744629,False,False,0.5967837572097778,0.1078270897269249,0.23445638020833334,0.01671806536614895,0.12507200241088867,0.28481078147888184,0.12346285581588745,61459812352.0,0.9960617130827838,131815824.0,0.00213630160002573,111193536.0,0.0018020820388705274
BG-25-img-2_jpg.rf.d0cd8eab6ea2f1cc30811a9f018894c7.jpg,BG,2,42007002,original,5.944716288751415,1.009810518836533,-21.34255064387054,4.985074310162588,4.097450256347656,0.6802713871002197,1.0846364498138428,False,True,0.45787185430526733,0.14073553681373596,0.016529134114583333,0.1289064735174179,0.32223570346832275,0.2130107432603836,0.32406085729599,37437599744.0,0.9725096941991428,284288128.0,0.007384900803370445,773962432.0,0.02010508080680507
BG-25-img-2_jpg.rf.d0cd8eab6ea2f1cc30811a9f018894c7.jpg,BG,2,42007002,w1_only,5.944716288751415,1.009810518836533,-21.34255064387054,4.985074310162588,4.097450256347656,0.6802713871002197,1.0846364498138428,False,True,0.4562176764011383,0.1451808512210846,0.023338216145833333,0.15396708250045776,0.3503047525882721,0.22817175090312958,0.35234564542770386,37194895360.0,0.9672219972430165,335450368.0,0.008723104925354597,925054592.0,0.024055267298729234
BG-25-img-2_jpg.rf.d0cd8eab6ea2f1cc30811a9f018894c7.jpg,BG,2,42007002,strong_only,5.944716288751415,1.009810518836533,-21.34255064387054,4.985074310162588,4.097450256347656,0.6802713871002197,1.0846364498138428,False,True,0.5563266277313232,0.14105765521526337,0.0176171875,0.03708754479885101,0.2573779821395874,0.20660218596458435,0.25824353098869324,54760361984.0,0.9908945840819207,239200496.0,0.004328358458721709,264004880.0,0.004777196429775839
BG-25-img-2_jpg.rf.d0cd8eab6ea2f1cc30811a9f018894c7.jpg,BG,2,42007002,w1_then_strong,5.944716288751415,1.009810518836533,-21.34255064387054,4.985074310162588,4.097450256347656,0.6802713871002197,1.0846364498138428,False,True,0.5543751120567322,0.14294318854808807,0.018658040364583333,0.04395653307437897,0.2778109312057495,0.21957480907440186,0.27880361676216125,54397739008.0,0.9892341525271221,279170624.0,0.0050767756285329,312852128.0,0.005689280756004812
BG-25-img-2_jpg.rf.d0cd8eab6ea2f1cc30811a9f018894c7.jpg,BG,2,42007002,strong_then_w1,5.944716288751415,1.009810518836533,-21.34255064387054,4.985074310162588,4.097450256347656,0.6802713871002197,1.0846364498138428,False,True,0.5543166995048523,0.14351333677768707,0.01996337890625,0.044779516756534576,0.27996134757995605,0.22014200687408447,0.28098103404045105,54404255744.0,0.9890553966943989,283073632.0,0.005146205927508925,318951296.0,0.005798452644511424
BG-25-img-2_jpg.rf.d0cd8eab6ea2f1cc30811a9f018894c7.jpg,BG,3,42007003,original,-7.727137976588612,1.1290236628060422,-16.40345853055686,-29.011167659298167,-7.702184677124023,1.1176409721374512,0.8161188960075378,False,True,0.45787185430526733,0.14073553681373596,0.016529134114583333,0.1289064735174179,0.32223570346832275,0.2130107432603836,0.32406085729599,37437599744.0,0.9725096941991428,284288128.0,0.007384900803370445,773962432.0,0.02010508080680507
BG-25-img-2_jpg.rf.d0cd8eab6ea2f1cc30811a9f018894c7.jpg,BG,3,42007003,w1_only,-7.727137976588612,1.1290236628060422,-16.40345853055686,-29.011167659298167,-7.702184677124023,1.1176409721374512,0.8161188960075378,False,True,0.4562176764011383,0.1451808512210846,0.023338216145833333,0.15396708250045776,0.3503047525882721,0.22817175090312958,0.35234564542770386,37194895360.0,0.9672219972430165,335450368.0,0.008723104925354597,925054592.0,0.024055267298729234
BG-25-img-2_jpg.rf.d0cd8eab6ea2f1cc30811a9f018894c7.jpg,BG,3,42007003,strong_only,-7.727137976588612,1.1290236628060422,-16.40345853055686,-29.011167659298167,-7.702184677124023,1.1176409721374512,0.8161188960075378,False,True,0.4164690673351288,0.12352503836154938,0.10556803385416667,0.018876276910305023,0.2130991369485855,0.14075227081775665,0.21464642882347107,31359055872.0,0.9905124006182924,155036944.0,0.004897022927373282,145332272.0,0.004590489529200538
BG-25-img-2_jpg.rf.d0cd8eab6ea2f1cc30811a9f018894c7.jpg,BG,3,42007003,w1_then_strong,-7.727137976588612,1.1290236628060422,-16.40345853055686,-29.011167659298167,-7.702184677124023,1.1176409721374512,0.8161188960075378,False,True,0.41510695219039917,0.1251468062400818,0.10751708984375,0.02259814739227295,0.23127001523971558,0.14946196973323822,0.23301973938941956,31179755520.0,0.9886706561161638,183271472.0,0.005811306838290922,174025280.0,0.005518121771289601
BG-25-img-2_jpg.rf.d0cd8eab6ea2f1cc30811a9f018894c7.jpg,BG,3,42007003,strong_then_w1,-7.727137976588612,1.1290236628060422,-16.40345853055686,-29.011167659298167,-7.702184677124023,1.1176409721374512,0.8161188960075378,False,True,0.4147634208202362,0.12516508996486664,0.11231038411458333,0.02267717383801937,0.23116332292556763,0.15050242841243744,0.23288844525814056,31132385280.0,0.9886439041801003,182868224.0,0.005807186095759416,174736624.0,0.005548957993449649
BG-25-img-2_jpg.rf.d0cd8eab6ea2f1cc30811a9f018894c7.jpg,BG,4,42007004,original,-0.4205447534369018,0.809774617274814,52.31845257650218,-40.56963430980932,-5.887007713317871,0.9045554995536804,1.3117769956588745,True,True,0.45787185430526733,0.14073553681373596,0.016529134114583333,0.1289064735174179,0.32223570346832275,0.2130107432603836,0.32406085729599,37437599744.0,0.9725096941991428,284288128.0,0.007384900803370445,773962432.0,0.02010508080680507
BG-25-img-2_jpg.rf.d0cd8eab6ea2f1cc30811a9f018894c7.jpg,BG,4,42007004,w1_only,-0.4205447534369018,0.809774617274814,52.31845257650218,-40.56963430980932,-5.887007713317871,0.9045554995536804,1.3117769956588745,True,True,0.4562176764011383,0.1451808512210846,0.023338216145833333,0.15396708250045776,0.3503047525882721,0.22817175090312958,0.35234564542770386,37194895360.0,0.9672219972430165,335450368.0,0.008723104925354597,925054592.0,0.024055267298729234
BG-25-img-2_jpg.rf.d0cd8eab6ea2f1cc30811a9f018894c7.jpg,BG,4,42007004,strong_only,-0.4205447534369018,0.809774617274814,52.31845257650218,-40.56963430980932,-5.887007713317871,0.9045554995536804,1.3117769956588745,True,True,0.6346381306648254,0.12473475188016891,0.14108805338541666,0.016366180032491684,0.13047388195991516,0.27349168062210083,0.12891516089439392,69948456960.0,0.9966554161155391,126165160.0,0.0017976549520025834,108580320.0,0.001547098659709425
BG-25-img-2_jpg.rf.d0cd8eab6ea2f1cc30811a9f018894c7.jpg,BG,4,42007004,w1_then_strong,-0.4205447534369018,0.809774617274814,52.31845257650218,-40.56963430980932,-5.887007713317871,0.9045554995536804,1.3117769956588745,True,True,0.6333776116371155,0.12604987621307373,0.13677815755208333,0.020549286156892776,0.1424437016248703,0.2883206307888031,0.14085382223129272,69688803328.0,0.9959760242698305,145612336.0,0.0020810573373076287,135947840.0,0.0019429346283073405
BG-25-img-2_jpg.rf.d0cd8eab6ea2f1cc30811a9f018894c7.jpg,BG,4,42007004,strong_then_w1,-0.4205447534369018,0.809774617274814,52.31845257650218,-40.56963430980932,-5.887007713317871,0.9045554995536804,1.3117769956588745,True,True,0.6332259178161621,0.126026913523674,0.14175130208333334,0.01978958770632744,0.1417069286108017,0.2908599376678467,0.14008134603500366,69657149440.0,0.9959966021837482,148570928.0,0.0021243496275819796,131407560.0,0.0018789382613767925
BG-25-img-2_jpg.rf.d0cd8eab6ea2f1cc30811a9f018894c7.jpg,BG,5,42007005,original,-5.886284023170802,0.9213797009298905,-26.50905605176456,51.09522841344045,6.852749824523926,0.9901360869407654,1.3365241289138794,True,False,0.45787185430526733,0.14073553681373596,0.016529134114583333,0.1289064735174179,0.32223570346832275,0.2130107432603836,0.32406085729599,37437599744.0,0.9725096941991428,284288128.0,0.007384900803370445,773962432.0,0.02010508080680507
BG-25-img-2_jpg.rf.d0cd8eab6ea2f1cc30811a9f018894c7.jpg,BG,5,42007005,w1_only,-5.886284023170802,0.9213797009298905,-26.50905605176456,51.09522841344045,6.852749824523926,0.9901360869407654,1.3365241289138794,True,False,0.4562176764011383,0.1451808512210846,0.023338216145833333,0.15396708250045776,0.3503047525882721,0.22817175090312958,0.35234564542770386,37194895360.0,0.9672219972430165,335450368.0,0.008723104925354597,925054592.0,0.024055267298729234
BG-25-img-2_jpg.rf.d0cd8eab6ea2f1cc30811a9f018894c7.jpg,BG,5,42007005,strong_only,-5.886284023170802,0.9213797009298905,-26.50905605176456,51.09522841344045,6.852749824523926,0.9901360869407654,1.3365241289138794,True,False,0.5128698348999023,0.1242329329252243,0.1904638671875,0.02179858647286892,0.19308629631996155,0.2669498026371002,0.19203944504261017,46357905408.0,0.9922627366058513,208617264.0,0.0044653255029107235,152869408.0,0.0032720765916921645
BG-25-img-2_jpg.rf.d0cd8eab6ea2f1cc30811a9f018894c7.jpg,BG,5,42007005,w1_then_strong,-5.886284023170802,0.9213797009298905,-26.50905605176456,51.09522841344045,6.852749824523926,0.9901360869407654,1.3365241289138794,True,False,0.5116517543792725,0.1265203356742859,0.18598876953125,0.02690674550831318,0.20994703471660614,0.2829473316669464,0.2089124619960785,46174797824.0,0.9907428727713623,242944912.0,0.00521271237521176,188508864.0,0.004044713182591412
BG-25-img-2_jpg.rf.d0cd8eab6ea2f1cc30811a9f018894c7.jpg,BG,5,42007005,strong_then_w1,-5.886284023170802,0.9213797009298905,-26.50905605176456,51.09522841344045,6.852749824523926,0.9901360869407654,1.3365241289138794,True,False,0.5112972855567932,0.12650643289089203,0.19171956380208333,0.02634112350642681,0.20967231690883636,0.2841193377971649,0.2086172252893448,46114250752.0,0.9907494015258177,245585888.0,0.0052763314505035915,184980144.0,0.003974237117019864
BG-25-img-2_jpg.rf.d0cd8eab6ea2f1cc30811a9f018894c7.jpg,BG,6,42007006,original,-8.087305419727869,1.3823644660432706,-24.661220700497154,-16.13020949991494,-2.13071870803833,1.1539134979248047,0.9311128854751587,True,False,0.45787185430526733,0.14073553681373596,0.016529134114583333,0.1289064735174179,0.32223570346832275,0.2130107432603836,0.32406085729599,37437599744.0,0.9725096941991428,284288128.0,0.007384900803370445,773962432.0,0.02010508080680507
BG-25-img-2_jpg.rf.d0cd8eab6ea2f1cc30811a9f018894c7.jpg,BG,6,42007006,w1_only,-8.087305419727869,1.3823644660432706,-24.661220700497154,-16.13020949991494,-2.13071870803833,1.1539134979248047,0.9311128854751587,True,False,0.4562176764011383,0.1451808512210846,0.023338216145833333,0.15396708250045776,0.3503047525882721,0.22817175090312958,0.35234564542770386,37194895360.0,0.9672219972430165,335450368.0,0.008723104925354597,925054592.0,0.024055267298729234
BG-25-img-2_jpg.rf.d0cd8eab6ea2f1cc30811a9f018894c7.jpg,BG,6,42007006,strong_only,-8.087305419727869,1.3823644660432706,-24.661220700497154,-16.13020949991494,-2.13071870803833,1.1539134979248047,0.9311128854751587,True,False,0.40569305419921875,0.13544727861881256,0.11103759765625,0.01461742538958788,0.2507811486721039,0.14639170467853546,0.2541640102863312,30328944640.0,0.9882018783039479,237843648.0,0.00774961155048826,124254768.0,0.004048568012613224
BG-25-img-2_jpg.rf.d0cd8eab6ea2f1cc30811a9f018894c7.jpg,BG,6,42007006,w1_then_strong,-8.087305419727869,1.3823644660432706,-24.661220700497154,-16.13020949991494,-2.13071870803833,1.1539134979248047,0.9311128854751587,True,False,0.4043289124965668,0.13754409551620483,0.1128564453125,0.01754419505596161,0.2728506028652191,0.1562563180923462,0.2766290009021759,30169262080.0,0.9858693103953902,283369984.0,0.009259947093569507,149050640.0,0.004870667743915583
BG-25-img-2_jpg.rf.d0cd8eab6ea2f1cc30811a9f018894c7.jpg,BG,6,42007006,strong_then_w1,-8.087305419727869,1.3823644660432706,-24.661220700497154,-16.13020949991494,-2.13071870803833,1.1539134979248047,0.9311128854751587,True,False,0.4040001630783081,0.13727009296417236,0.11602376302083334,0.017535420134663582,0.27131566405296326,0.15660472214221954,0.27503305673599243,30115268608.0,0.98594857495041,279955840.0,0.009165518829997114,149243600.0,0.004886109988120117
BG-25-img-2_jpg.rf.d0cd8eab6ea2f1cc30811a9f018894c7.jpg,BG,7,42007007,original,0.7154609174816287,0.804532931360393,-5.664126787115151,-36.0455152191156,1.9882851839065552,0.9581167101860046,1.1213921308517456,False,True,0.45787185430526733,0.14073553681373596,0.016529134114583333,0.1289064735174179,0.32223570346832275,0.2130107432603836,0.32406085729599,37437599744.0,0.9725096941991428,284288128.0,0.007384900803370445,773962432.0,0.02010508080680507
BG-25-img-2_jpg.rf.d0cd8eab6ea2f1cc30811a9f018894c7.jpg,BG,7,42007007,w1_only,0.7154609174816287,0.804532931360393,-5.664126787115151,-36.0455152191156,1.9882851839065552,0.9581167101860046,1.1213921308517456,False,True,0.4562176764011383,0.1451808512210846,0.023338216145833333,0.15396708250045776,0.3503047525882721,0.22817175090312958,0.35234564542770386,37194895360.0,0.9672219972430165,335450368.0,0.008723104925354597,925054592.0,0.024055267298729234
BG-25-img-2_jpg.rf.d0cd8eab6ea2f1cc30811a9f018894c7.jpg,BG,7,42007007,strong_only,0.7154609174816287,0.804532931360393,-5.664126787115151,-36.0455152191156,1.9882851839065552,0.9581167101860046,1.1213921308517456,False,True,0.506187379360199,0.11075974255800247,0.025179850260416668,0.033485885709524155,0.17123855650424957,0.23704907298088074,0.17053231596946716,44678524928.0,0.991848322494649,152978608.0,0.0033960739743956144,214204016.0,0.004755257571363323
BG-25-img-2_jpg.rf.d0cd8eab6ea2f1cc30811a9f018894c7.jpg,BG,7,42007007,w1_then_strong,0.7154609174816287,0.804532931360393,-5.664126787115151,-36.0455152191156,1.9882851839065552,0.9581167101860046,1.1213921308517456,False,True,0.5048463940620422,0.11247280985116959,0.02557861328125,0.03992229327559471,0.18440677225589752,0.2501450479030609,0.183701291680336,44450336768.0,0.9903729120813884,176476080.0,0.003931964119293938,255597472.0,0.005694823280788178
BG-25-img-2_jpg.rf.d0cd8eab6ea2f1cc30811a9f018894c7.jpg,BG,7,42007007,strong_then_w1,0.7154609174816287,0.804532931360393,-5.664126787115151,-36.0455152191156,1.9882851839065552,0.9581167101860046,1.1213921308517456,False,True,0.5047243237495422,0.11295702308416367,0.026968587239583335,0.04042000323534012,0.18639862537384033,0.2522607445716858,0.18569180369377136,44440403968.0,0.9902038368921547,180988848.0,0.004032723281573636,258667056.0,0.005763518970557299
BG-25-img-2_jpg.rf.d0cd8eab6ea2f1cc30811a9f018894c7.jpg,BG,8,42007008,original,-4.768428023784841,0.5744742267207522,38.50969514018129,-11.48352321906549,6.186529636383057,1.0251128673553467,0.8035070896148682,False,False,0.45787185430526733,0.14073553681373596,0.016529134114583333,0.1289064735174179,0.32223570346832275,0.2130107432603836,0.32406085729599,37437599744.0,0.9725096941991428,284288128.0,0.007384900803370445,773962432.0,0.02010508080680507
BG-25-img-2_jpg.rf.d0cd8eab6ea2f1cc30811a9f018894c7.jpg,BG,8,42007008,w1_only,-4.768428023784841,0.5744742267207522,38.50969514018129,-11.48352321906549,6.186529636383057,1.0251128673553467,0.8035070896148682,False,False,0.4562176764011383,0.1451808512210846,0.023338216145833333,0.15396708250045776,0.3503047525882721,0.22817175090312958,0.35234564542770386,37194895360.0,0.9672219972430165,335450368.0,0.008723104925354597,925054592.0,0.024055267298729234
BG-25-img-2_jpg.rf.d0cd8eab6ea2f1cc30811a9f018894c7.jpg,BG,8,42007008,strong_only,-4.768428023784841,0.5744742267207522,38.50969514018129,-11.48352321906549,6.186529636383057,1.0251128673553467,0.8035070896148682,False,False,0.34107348322868347,0.06158620864152908,0.01283203125,0.012465052306652069,0.06984163075685501,0.20493516325950623,0.06910377740859985,20025098240.0,0.9936311506070847,49145832.0,0.002438581274980176,79212504.0,0.003930468182911062
BG-25-img-2_jpg.rf.d0cd8eab6ea2f1cc30811a9f018894c7.jpg,BG,8,42007008,w1_then_strong,-4.768428023784841,0.5744742267207522,38.50969514018129,-11.48352321906549,6.186529636383057,1.0251128673553467,0.8035070896148682,False,False,0.34071147441864014,0.06278731673955917,0.014111328125,0.014846757985651493,0.07464368641376495,0.21371038258075714,0.07388412207365036,19987582976.0,0.9925745783936717,55089008.0,0.0027356959045714687,94437168.0,0.0046897082215916425
BG-25-img-2_jpg.rf.d0cd8eab6ea2f1cc30811a9f018894c7.jpg,BG,8,42007008,strong_then_w1,-4.768428023784841,0.5744742267207522,38.50969514018129,-11.48352321906549,6.186529636383057,1.0251128673553467,0.8035070896148682,False,False,0.3404151201248169,0.06323429942131042,0.01801106770833333,0.015037286095321178,0.07590357959270477,0.21868398785591125,0.07512373477220535,19959050240.0,0.9923610954836081,58029972.0,0.0028852418272585652,95613744.0,0.004753901543319591
BG-25-img-2_jpg.rf.d0cd8eab6ea2f1cc30811a9f018894c7.jpg,BG,9,42007009,original,-0.27660785468292026,1.3353142544669903,-41.67173574296527,19.07323975545529,7.350318431854248,1.192218542098999,0.6072998046875,False,False,0.45787185430526733,0.14073553681373596,0.016529134114583333,0.1289064735174179,0.32223570346832275,0.2130107432603836,0.32406085729599,37437599744.0,0.9725096941991428,284288128.0,0.007384900803370445,773962432.0,0.02010508080680507
BG-25-img-2_jpg.rf.d0cd8eab6ea2f1cc30811a9f018894c7.jpg,BG,9,42007009,w1_only,-0.27660785468292026,1.3353142544669903,-41.67173574296527,19.07323975545529,7.350318431854248,1.192218542098999,0.6072998046875,False,False,0.4562176764011383,0.1451808512210846,0.023338216145833333,0.15396708250045776,0.3503047525882721,0.22817175090312958,0.35234564542770386,37194895360.0,0.9672219972430165,335450368.0,0.008723104925354597,925054592.0,0.024055267298729234
BG-25-img-2_jpg.rf.d0cd8eab6ea2f1cc30811a9f018894c7.jpg,BG,9,42007009,strong_only,-0.27660785468292026,1.3353142544669903,-41.67173574296527,19.07323975545529,7.350318431854248,1.192218542098999,0.6072998046875,False,False,0.2088128924369812,0.07520508021116257,0.12613688151041666,0.006546687334775925,0.16081827878952026,0.10139036178588867,0.1626138687133789,8102533632.0,0.9804343838150517,108080120.0,0.013078065536977069,53615884.0,0.006487706016378963
BG-25-img-2_jpg.rf.d0cd8eab6ea2f1cc30811a9f018894c7.jpg,BG,9,42007009,w1_then_strong,-0.27660785468292026,1.3353142544669903,-41.67173574296527,19.07323975545529,7.350318431854248,1.192218542098999,0.6072998046875,False,False,0.20821279287338257,0.07668348401784897,0.12767903645833334,0.007858523167669773,0.17479486763477325,0.10842060297727585,0.17680035531520844,8067477504.0,0.9767024535285384,128043664.0,0.015501817107711365,64393952.0,0.007795959874646702
BG-25-img-2_jpg.rf.d0cd8eab6ea2f1cc30811a9f018894c7.jpg,BG,9,42007009,strong_then_w1,-0.27660785468292026,1.3353142544669903,-41.67173574296527,19.07323975545529,7.350318431854248,1.192218542098999,0.6072998046875,False,False,0.20713716745376587,0.07655811309814453,0.13184814453125,0.007854515686631203,0.17425017058849335,0.10959222167730331,0.17620378732681274,7990329856.0,0.9766054439320456,127006528.0,0.015523172246333329,64401476.0,0.007871368665916936
BG-25-img-2_jpg.rf.d0cd8eab6ea2f1cc30811a9f018894c7.jpg,BG,10,42007010,original,5.990860219897661,1.0362542161435795,62.59594893248811,-12.412414124275074,-2.743757963180542,0.5658366680145264,0.9451949000358582,False,False,0.45787185430526733,0.14073553681373596,0.016529134114583333,0.1289064735174179,0.32223570346832275,0.2130107432603836,0.32406085729599,37437599744.0,0.9725096941991428,284288128.0,0.007384900803370445,773962432.0,0.02010508080680507
BG-25-img-2_jpg.rf.d0cd8eab6ea2f1cc30811a9f018894c7.jpg,BG,10,42007010,w1_only,5.990860219897661,1.0362542161435795,62.59594893248811,-12.412414124275074,-2.743757963180542,0.5658366680145264,0.9451949000358582,False,False,0.4562176764011383,0.1451808512210846,0.023338216145833333,0.15396708250045776,0.3503047525882721,0.22817175090312958,0.35234564542770386,37194895360.0,0.9672219972430165,335450368.0,0.008723104925354597,925054592.0,0.024055267298729234
BG-25-img-2_jpg.rf.d0cd8eab6ea2f1cc30811a9f018894c7.jpg,BG,10,42007010,strong_only,5.990860219897661,1.0362542161435795,62.59594893248811,-12.412414124275074,-2.743757963180542,0.5658366680145264,0.9451949000358582,False,False,0.5403993725776672,0.141991525888443,0.0,0.024223674088716507,0.21377220749855042,0.17709672451019287,0.21443095803260803,52022784000.0,0.9932310104772396,172674032.0,0.0032967325102504935,181864736.0,0.003472203554263002
BG-25-img-2_jpg.rf.d0cd8eab6ea2f1cc30811a9f018894c7.jpg,BG,10,42007010,w1_then_strong,5.990860219897661,1.0362542161435795,62.59594893248811,-12.412414124275074,-2.743757963180542,0.5658366680145264,0.9451949000358582,False,False,0.5387532114982605,0.14328041672706604,8.138020833333333e-06,0.02883188985288143,0.2310459017753601,0.18860070407390594,0.23180823028087616,51723538432.0,0.991994095711378,201352544.0,0.003861695097814329,216061472.0,0.004143794315551076
BG-25-img-2_jpg.rf.d0cd8eab6ea2f1cc30811a9f018894c7.jpg,BG,10,42007010,strong_then_w1,5.990860219897661,1.0362542161435795,62.59594893248811,-12.412414124275074,-2.743757963180542,0.5658366680145264,0.9451949000358582,False,False,0.5384829044342041,0.1437649130821228,2.0345052083333332e-05,0.029316537082195282,0.2327589988708496,0.1888931691646576,0.2335468828678131,51690553344.0,0.9918470533810749,204591392.0,0.003925734126927988,220300208.0,0.004227157537082177
BG-25-img-2_jpg.rf.d0cd8eab6ea2f1cc30811a9f018894c7.jpg,BG,11,42007011,original,1.0252914904556558,1.1189351499417515,36.31545490574132,2.2639703937313698,-2.138343572616577,1.2681193351745605,0.6668660640716553,True,False,0.45787185430526733,0.14073553681373596,0.016529134114583333,0.1289064735174179,0.32223570346832275,0.2130107432603836,0.32406085729599,37437599744.0,0.9725096941991428,284288128.0,0.007384900803370445,773962432.0,0.02010508080680507
BG-25-img-2_jpg.rf.d0cd8eab6ea2f1cc30811a9f018894c7.jpg,BG,11,42007011,w1_only,1.0252914904556558,1.1189351499417515,36.31545490574132,2.2639703937313698,-2.138343572616577,1.2681193351745605,0.6668660640716553,True,False,0.4562176764011383,0.1451808512210846,0.023338216145833333,0.15396708250045776,0.3503047525882721,0.22817175090312958,0.35234564542770386,37194895360.0,0.9672219972430165,335450368.0,0.008723104925354597,925054592.0,0.024055267298729234
BG-25-img-2_jpg.rf.d0cd8eab6ea2f1cc30811a9f018894c7.jpg,BG,11,42007011,strong_only,1.0252914904556558,1.1189351499417515,36.31545490574132,2.2639703937313698,-2.138343572616577,1.2681193351745605,0.6668660640716553,True,False,0.2922312915325165,0.0811435729265213,0.18383707682291667,0.00954696349799633,0.1545974761247635,0.11016499996185303,0.15552769601345062,15265937408.0,0.989222632226812,92617904.0,0.006001578831195623,73701688.0,0.0047758205640691725
BG-25-img-2_jpg.rf.d0cd8eab6ea2f1cc30811a9f018894c7.jpg,BG,11,42007011,w1_then_strong,1.0252914904556558,1.1189351499417515,36.31545490574132,2.2639703937313698,-2.138343572616577,1.2681193351745605,0.6668660640716553,True,False,0.29135239124298096,0.08257170021533966,0.18528889973958335,0.011501604691147804,0.1679352968931198,0.11700157821178436,0.16900159418582916,15187623936.0,0.9871432855763997,109075224.0,0.007089514162851983,88731808.0,0.0057672621374718685
BG-25-img-2_jpg.rf.d0cd8eab6ea2f1cc30811a9f018894c7.jpg,BG,11,42007011,strong_then_w1,1.0252914904556558,1.1189351499417515,36.31545490574132,2.2639703937313698,-2.138343572616577,1.2681193351745605,0.6668660640716553,True,False,0.2907237112522125,0.08249127119779587,0.18826253255208333,0.011417614296078682,0.16747112572193146,0.11837460100650787,0.1684989631175995,15125042176.0,0.9871578676097406,108572216.0,0.007086123528190296,88188968.0,0.005755781212678031
BG-21-img-1_jpg.rf.9bfc050bcfb821988aa4b65da8264bbb.jpg,BG,0,42008000,original,1.675541693147915,1.3482438587190984,29.34114198944627,-9.352393997815057,-1.2655298709869385,0.6924823522567749,0.8799956440925598,False,True,0.44640040397644043,0.13476766645908356,0.02839599609375,0.0492183119058609,0.25843071937561035,0.2819174528121948,0.25789910554885864,35903520768.0,0.9842068931135785,227514016.0,0.006236738292995728,348613344.0,0.00955637911984329
BG-21-img-1_jpg.rf.9bfc050bcfb821988aa4b65da8264bbb.jpg,BG,0,42008000,w1_only,1.675541693147915,1.3482438587190984,29.34114198944627,-9.352393997815057,-1.2655298709869385,0.6924823522567749,0.8799956440925598,False,True,0.44463348388671875,0.13747522234916687,0.03882568359375,0.05896627902984619,0.28057757019996643,0.30186137557029724,0.28009581565856934,35652526080.0,0.9811045430342291,268752832.0,0.00739567860736882,417898048.0,0.011499933342673718
BG-21-img-1_jpg.rf.9bfc050bcfb821988aa4b65da8264bbb.jpg,BG,0,42008000,strong_only,1.675541693147915,1.3482438587190984,29.34114198944627,-9.352393997815057,-1.2655298709869385,0.6924823522567749,0.8799956440925598,False,True,0.4694751799106598,0.13416868448257446,0.0,0.006576459854841232,0.19448363780975342,0.19033469259738922,0.1946576088666916,39789780992.0,0.9947881235780497,149998832.0,0.0037501351579235934,58477424.0,0.0014619996753521716
BG-21-img-1_jpg.rf.9bfc050bcfb821988aa4b65da8264bbb.jpg,BG,0,42008000,w1_then_strong,1.675541693147915,1.3482438587190984,29.34114198944627,-9.352393997815057,-1.2655298709869385,0.6924823522567749,0.8799956440925598,False,True,0.4678908586502075,0.13540054857730865,0.0,0.007869143038988113,0.21087674796581268,0.20430952310562134,0.2111520916223526,39557255168.0,0.9937810050639182,177928384.0,0.00447002319877744,69611560.0,0.0017488232125071608
BG-21-img-1_jpg.rf.9bfc050bcfb821988aa4b65da8264bbb.jpg,BG,0,42008000,strong_then_w1,1.675541693147915,1.3482438587190984,29.34114198944627,-9.352393997815057,-1.2655298709869385,0.6924823522567749,0.8799956440925598,False,True,0.46748730540275574,0.13539555668830872,4.069010416666667e-06,0.007959285750985146,0.21091441810131073,0.2038135975599289,0.21121203899383545,39492644864.0,0.9937442636940856,177709184.0,0.004471654983197551,70903768.0,0.0017841350703894014
BG-21-img-1_jpg.rf.9bfc050bcfb821988aa4b65da8264bbb.jpg,BG,1,42008001,original,5.796936787287599,1.226843146089617,-54.603310110668076,37.53734480119164,-5.2509870529174805,0.6639513969421387,0.9781770706176758,False,True,0.44640040397644043,0.13476766645908356,0.02839599609375,0.0492183119058609,0.25843071937561035,0.2819174528121948,0.25789910554885864,35903520768.0,0.9842068931135785,227514016.0,0.006236738292995728,348613344.0,0.00955637911984329
BG-21-img-1_jpg.rf.9bfc050bcfb821988aa4b65da8264bbb.jpg,BG,1,42008001,w1_only,5.796936787287599,1.226843146089617,-54.603310110668076,37.53734480119164,-5.2509870529174805,0.6639513969421387,0.9781770706176758,False,True,0.44463348388671875,0.13747522234916687,0.03882568359375,0.05896627902984619,0.28057757019996643,0.30186137557029724,0.28009581565856934,35652526080.0,0.9811045430342291,268752832.0,0.00739567860736882,417898048.0,0.011499933342673718
BG-21-img-1_jpg.rf.9bfc050bcfb821988aa4b65da8264bbb.jpg,BG,1,42008001,strong_only,5.796936787287599,1.226843146089617,-54.603310110668076,37.53734480119164,-5.2509870529174805,0.6639513969421387,0.9781770706176758,False,True,0.557173490524292,0.1588650941848755,0.0,0.011790475808084011,0.2249613255262375,0.2202284038066864,0.22512149810791016,56024068096.0,0.9947835822664925,190712416.0,0.0033863585208786895,103052432.0,0.0018298361927336275
BG-21-img-1_jpg.rf.9bfc050bcfb821988aa4b65da8264bbb.jpg,BG,1,42008001,w1_then_strong,5.796936787287599,1.226843146089617,-54.603310110668076,37.53734480119164,-5.2509870529174805,0.6639513969421387,0.9781770706176758,False,True,0.5553233623504639,0.16017359495162964,0.0,0.01409483328461647,0.243608757853508,0.23569901287555695,0.2438763827085495,55694573568.0,0.9937907210538606,225178336.0,0.004017988226912722,122794280.0,0.002191089871861494
BG-21-img-1_jpg.rf.9bfc050bcfb821988aa4b65da8264bbb.jpg,BG,1,42008001,strong_then_w1,5.796936787287599,1.226843146089617,-54.603310110668076,37.53734480119164,-5.2509870529174805,0.6639513969421387,0.9781770706176758,False,True,0.5551862716674805,0.16029322147369385,1.1393229166666667e-05,0.014255967922508717,0.24392269551753998,0.23530079424381256,0.24421446025371552,55672778752.0,0.9937404963238439,225884688.0,0.004031966195993274,124782248.0,0.002227321427807667
BG-21-img-1_jpg.rf.9bfc050bcfb821988aa4b65da8264bbb.jpg,BG,2,42008002,original,6.290055245273706,1.1654224223042338,-6.002094996734968,-42.01669710099213,3.717247724533081,1.1335835456848145,0.8120306730270386,True,True,0.44640040397644043,0.13476766645908356,0.02839599609375,0.0492183119058609,0.25843071937561035,0.2819174528121948,0.25789910554885864,35903520768.0,0.9842068931135785,227514016.0,0.006236738292995728,348613344.0,0.00955637911984329
BG-21-img-1_jpg.rf.9bfc050bcfb821988aa4b65da8264bbb.jpg,BG,2,42008002,w1_only,6.290055245273706,1.1654224223042338,-6.002094996734968,-42.01669710099213,3.717247724533081,1.1335835456848145,0.8120306730270386,True,True,0.44463348388671875,0.13747522234916687,0.03882568359375,0.05896627902984619,0.28057757019996643,0.30186137557029724,0.28009581565856934,35652526080.0,0.9811045430342291,268752832.0,0.00739567860736882,417898048.0,0.011499933342673718
BG-21-img-1_jpg.rf.9bfc050bcfb821988aa4b65da8264bbb.jpg,BG,2,42008002,strong_only,6.290055245273706,1.1654224223042338,-6.002094996734968,-42.01669710099213,3.717247724533081,1.1335835456848145,0.8120306730270386,True,True,0.3154831826686859,0.10718158632516861,0.14189371744791668,0.0069906460121273994,0.1587691456079483,0.18975012004375458,0.15780888497829437,18454992896.0,0.990837485634263,112370584.0,0.006033109171987065,58286456.0,0.003129364819321581
BG-21-img-1_jpg.rf.9bfc050bcfb821988aa4b65da8264bbb.jpg,BG,2,42008002,w1_then_strong,6.290055245273706,1.1654224223042338,-6.002094996734968,-42.01669710099213,3.717247724533081,1.1335835456848145,0.8120306730270386,True,True,0.31436797976493835,0.10827435553073883,0.14344645182291665,0.008371870964765549,0.17168740928173065,0.2021520882844925,0.1707431823015213,18344787968.0,0.9890810828836188,132743888.0,0.007157044753978473,69770288.0,0.0037617481394997803
BG-21-img-1_jpg.rf.9bfc050bcfb821988aa4b65da8264bbb.jpg,BG,2,42008002,strong_then_w1,6.290055245273706,1.1654224223042338,-6.002094996734968,-42.01669710099213,3.717247724533081,1.1335835456848145,0.8120306730270386,True,True,0.31377094984054565,0.10827519744634628,0.14559000651041668,0.008416377007961273,0.17221669852733612,0.20247270166873932,0.1712789088487625,18281787392.0,0.9890378406119309,132381024.0,0.0071617637437491645,70249992.0,0.0038004982172087512
BG-21-img-1_jpg.rf.9bfc050bcfb821988aa4b65da8264bbb.jpg,BG,3,42008003,original,-9.285097659035028,1.249742500171574,-12.566457289586026,-1.1688020607612657,-0.8088405728340149,0.9566011428833008,0.6316260695457458,False,True,0.44640040397644043,0.13476766645908356,0.02839599609375,0.0492183119058609,0.25843071937561035,0.2819174528121948,0.25789910554885864,35903520768.0,0.9842068931135785,227514016.0,0.006236738292995728,348613344.0,0.00955637911984329
BG-21-img-1_jpg.rf.9bfc050bcfb821988aa4b65da8264bbb.jpg,BG,3,42008003,w1_only,-9.285097659035028,1.249742500171574,-12.566457289586026,-1.1688020607612657,-0.8088405728340149,0.9566011428833008,0.6316260695457458,False,True,0.44463348388671875,0.13747522234916687,0.03882568359375,0.05896627902984619,0.28057757019996643,0.30186137557029724,0.28009581565856934,35652526080.0,0.9811045430342291,268752832.0,0.00739567860736882,417898048.0,0.011499933342673718
BG-21-img-1_jpg.rf.9bfc050bcfb821988aa4b65da8264bbb.jpg,BG,3,42008003,strong_only,-9.285097659035028,1.249742500171574,-12.566457289586026,-1.1688020607612657,-0.8088405728340149,0.9566011428833008,0.6316260695457458,False,True,0.29285964369773865,0.08948108553886414,1.3020833333333334e-05,0.004456456750631332,0.1436442732810974,0.14358916878700256,0.1436462700366974,15614659584.0,0.9925028038170314,79786352.0,0.005071399580652722,38162172.0,0.00242567329156241
BG-21-img-1_jpg.rf.9bfc050bcfb821988aa4b65da8264bbb.jpg,BG,3,42008003,w1_then_strong,-9.285097659035028,1.249742500171574,-12.566457289586026,-1.1688020607612657,-0.8088405728340149,0.9566011428833008,0.6316260695457458,False,True,0.29173514246940613,0.09049117565155029,3.3365885416666665e-05,0.005319109186530113,0.1556559056043625,0.1535387635231018,0.1557316780090332,15512523776.0,0.991036937298925,94771472.0,0.006054593740542791,45519308.0,0.0029080577886417065
BG-21-img-1_jpg.rf.9bfc050bcfb821988aa4b65da8264bbb.jpg,BG,3,42008003,strong_then_w1,-9.285097659035028,1.249742500171574,-12.566457289586026,-1.1688020607612657,-0.8088405728340149,0.9566011428833008,0.6316260695457458,False,True,0.29084470868110657,0.09051644057035446,0.00014567057291666667,0.005410805344581604,0.15658120810985565,0.1543579399585724,0.15666073560714722,15425315840.0,0.9909270075537555,94856424.0,0.006093605690576915,46378536.0,0.0029793713379942127
BG-21-img-1_jpg.rf.9bfc050bcfb821988aa4b65da8264bbb.jpg,BG,4,42008004,original,-6.941325699500909,0.7204295722241136,34.30938953944565,10.319247306533953,7.624375820159912,1.1883829832077026,0.8005082607269287,True,True,0.44640040397644043,0.13476766645908356,0.02839599609375,0.0492183119058609,0.25843071937561035,0.2819174528121948,0.25789910554885864,35903520768.0,0.9842068931135785,227514016.0,0.006236738292995728,348613344.0,0.00955637911984329
BG-21-img-1_jpg.rf.9bfc050bcfb821988aa4b65da8264bbb.jpg,BG,4,42008004,w1_only,-6.941325699500909,0.7204295722241136,34.30938953944565,10.319247306533953,7.624375820159912,1.1883829832077026,0.8005082607269287,True,True,0.44463348388671875,0.13747522234916687,0.03882568359375,0.05896627902984619,0.28057757019996643,0.30186137557029724,0.28009581565856934,35652526080.0,0.9811045430342291,268752832.0,0.00739567860736882,417898048.0,0.011499933342673718
BG-21-img-1_jpg.rf.9bfc050bcfb821988aa4b65da8264bbb.jpg,BG,4,42008004,strong_only,-6.941325699500909,0.7204295722241136,34.30938953944565,10.319247306533953,7.624375820159912,1.1883829832077026,0.8005082607269287,True,True,0.3145819902420044,0.08521541953086853,0.08715576171875,0.0072648609057068825,0.08539922535419464,0.23000295460224152,0.0837159976363182,17708290048.0,0.9936558186827785,59677424.0,0.003348647409821288,53382016.0,0.0029953965440840504
BG-21-img-1_jpg.rf.9bfc050bcfb821988aa4b65da8264bbb.jpg,BG,4,42008004,w1_then_strong,-6.941325699500909,0.7204295722241136,34.30938953944565,10.319247306533953,7.624375820159912,1.1883829832077026,0.8005082607269287,True,True,0.31411147117614746,0.08602308481931686,0.08801350911458333,0.008651194162666798,0.09100589901208878,0.24129506945610046,0.08925648778676987,17663805440.0,0.9926323426542442,67497488.0,0.003793077876921901,63615200.0,0.00357490945079263
BG-21-img-1_jpg.rf.9bfc050bcfb821988aa4b65da8264bbb.jpg,BG,4,42008004,strong_then_w1,-6.941325699500909,0.7204295722241136,34.30938953944565,10.319247306533953,7.624375820159912,1.1883829832077026,0.8005082607269287,True,True,0.3137422800064087,0.08639511466026306,0.08904541015625,0.008714955300092697,0.09233111143112183,0.24432715773582458,0.09056182950735092,17632901120.0,0.9924640275931677,69819584.0,0.003929780191583102,64068740.0,0.0036060951802819098
BG-21-img-1_jpg.rf.9bfc050bcfb821988aa4b65da8264bbb.jpg,BG,5,42008005,original,7.990661207055666,0.5727991084472519,25.88442668483208,47.583007029691544,3.279696226119995,0.7621133923530579,1.264792561531067,True,True,0.44640040397644043,0.13476766645908356,0.02839599609375,0.0492183119058609,0.25843071937561035,0.2819174528121948,0.25789910554885864,35903520768.0,0.9842068931135785,227514016.0,0.006236738292995728,348613344.0,0.00955637911984329
BG-21-img-1_jpg.rf.9bfc050bcfb821988aa4b65da8264bbb.jpg,BG,5,42008005,w1_only,7.990661207055666,0.5727991084472519,25.88442668483208,47.583007029691544,3.279696226119995,0.7621133923530579,1.264792561531067,True,True,0.44463348388671875,0.13747522234916687,0.03882568359375,0.05896627902984619,0.28057757019996643,0.30186137557029724,0.28009581565856934,35652526080.0,0.9811045430342291,268752832.0,0.00739567860736882,417898048.0,0.011499933342673718
BG-21-img-1_jpg.rf.9bfc050bcfb821988aa4b65da8264bbb.jpg,BG,5,42008005,strong_only,7.990661207055666,0.5727991084472519,25.88442668483208,47.583007029691544,3.279696226119995,0.7621133923530579,1.264792561531067,True,True,0.5747556090354919,0.0834030881524086,0.046184895833333336,0.008862635120749474,0.07151161879301071,0.3725811243057251,0.06930442154407501,56456617984.0,0.997651457197451,71658896.0,0.0012662926786691556,61257608.0,0.0010824903096914179
BG-21-img-1_jpg.rf.9bfc050bcfb821988aa4b65da8264bbb.jpg,BG,5,42008005,w1_then_strong,7.990661207055666,0.5727991084472519,25.88442668483208,47.583007029691544,3.279696226119995,0.7621133923530579,1.264792561531067,True,True,0.5740934610366821,0.08413529396057129,0.04514892578125,0.010655702091753483,0.07606139034032822,0.38781702518463135,0.07377584278583527,56329326592.0,0.9972883324981671,79394344.0,0.0014056452957630604,73779208.0,0.0013062315452889736
BG-21-img-1_jpg.rf.9bfc050bcfb821988aa4b65da8264bbb.jpg,BG,5,42008005,strong_then_w1,7.990661207055666,0.5727991084472519,25.88442668483208,47.583007029691544,3.279696226119995,0.7621133923530579,1.264792561531067,True,True,0.5739871859550476,0.08450756222009659,0.046710611979166664,0.01069526094943285,0.07737448066473007,0.3952334225177765,0.07504419982433319,56314224640.0,0.9971964663276044,84345304.0,0.0014935629432494227,73986256.0,0.0013101278320292171
BG-21-img-1_jpg.rf.9bfc050bcfb821988aa4b65da8264bbb.jpg,BG,6,42008006,original,4.495625587149641,0.7624811435488058,16.85819776049476,18.197797111498346,2.0073442459106445,1.3733291625976562,0.9974541068077087,False,False,0.44640040397644043,0.13476766645908356,0.02839599609375,0.0492183119058609,0.25843071937561035,0.2819174528121948,0.25789910554885864,35903520768.0,0.9842068931135785,227514016.0,0.006236738292995728,348613344.0,0.00955637911984329
BG-21-img-1_jpg.rf.9bfc050bcfb821988aa4b65da8264bbb.jpg,BG,6,42008006,w1_only,4.495625587149641,0.7624811435488058,16.85819776049476,18.197797111498346,2.0073442459106445,1.3733291625976562,0.9974541068077087,False,False,0.44463348388671875,0.13747522234916687,0.03882568359375,0.05896627902984619,0.28057757019996643,0.30186137557029724,0.28009581565856934,35652526080.0,0.9811045430342291,268752832.0,0.00739567860736882,417898048.0,0.011499933342673718
BG-21-img-1_jpg.rf.9bfc050bcfb821988aa4b65da8264bbb.jpg,BG,6,42008006,strong_only,4.495625587149641,0.7624811435488058,16.85819776049476,18.197797111498346,2.0073442459106445,1.3733291625976562,0.9974541068077087,False,False,0.4066082835197449,0.09058532118797302,0.12714274088541666,0.009355535730719566,0.10519764572381973,0.27132588624954224,0.10303321480751038,28961650688.0,0.9947498840572431,84103080.0,0.0028887003016551623,68753960.0,0.0023615019211185484
BG-21-img-1_jpg.rf.9bfc050bcfb821988aa4b65da8264bbb.jpg,BG,6,42008006,w1_then_strong,4.495625587149641,0.7624811435488058,16.85819776049476,18.197797111498346,2.0073442459106445,1.3733291625976562,0.9974541068077087,False,False,0.4059848487377167,0.09174928814172745,0.12778157552083333,0.011215430684387684,0.11251644790172577,0.2843935191631317,0.11027709394693375,28886736896.0,0.9938627188141561,95843592.0,0.003297547011591499,82530144.0,0.0028394911337777918
BG-21-img-1_jpg.rf.9bfc050bcfb821988aa4b65da8264bbb.jpg,BG,6,42008006,strong_then_w1,4.495625587149641,0.7624811435488058,16.85819776049476,18.197797111498346,2.0073442459106445,1.3733291625976562,0.9974541068077087,False,False,0.4057220220565796,0.0919286459684372,0.12835123697916667,0.01118175033479929,0.11348015815019608,0.2876335382461548,0.11121112108230591,28854435840.0,0.9937860685372037,98198832.0,0.003382101515668565,82222216.0,0.00283184510132695
BG-21-img-1_jpg.rf.9bfc050bcfb821988aa4b65da8264bbb.jpg,BG,7,42008007,original,3.455994091390602,0.5289308657303559,-15.415631649365821,18.829640422068564,-0.6276698708534241,0.9751708507537842,1.3910109996795654,True,True,0.44640040397644043,0.13476766645908356,0.02839599609375,0.0492183119058609,0.25843071937561035,0.2819174528121948,0.25789910554885864,35903520768.0,0.9842068931135785,227514016.0,0.006236738292995728,348613344.0,0.00955637911984329
BG-21-img-1_jpg.rf.9bfc050bcfb821988aa4b65da8264bbb.jpg,BG,7,42008007,w1_only,3.455994091390602,0.5289308657303559,-15.415631649365821,18.829640422068564,-0.6276698708534241,0.9751708507537842,1.3910109996795654,True,True,0.44463348388671875,0.13747522234916687,0.03882568359375,0.05896627902984619,0.28057757019996643,0.30186137557029724,0.28009581565856934,35652526080.0,0.9811045430342291,268752832.0,0.00739567860736882,417898048.0,0.011499933342673718
BG-21-img-1_jpg.rf.9bfc050bcfb821988aa4b65da8264bbb.jpg,BG,7,42008007,strong_only,3.455994091390602,0.5289308657303559,-15.415631649365821,18.829640422068564,-0.6276698708534241,0.9751708507537842,1.3910109996795654,True,True,0.6083065867424011,0.07732075452804565,0.06759114583333334,0.007632573135197163,0.0593557134270668,0.392234206199646,0.057280246168375015,62967480320.0,0.9981380502294664,64728624.0,0.0010260550720000011,52715324.0,0.0008356245231216932
BG-21-img-1_jpg.rf.9bfc050bcfb821988aa4b65da8264bbb.jpg,BG,7,42008007,w1_then_strong,3.455994091390602,0.5289308657303559,-15.415631649365821,18.829640422068564,-0.6276698708534241,0.9751708507537842,1.3910109996795654,True,True,0.607853353023529,0.07829329371452332,0.0669775390625,0.009113898500800133,0.06281683593988419,0.40717947483062744,0.06066976487636566,62883545088.0,0.9978694469304182,71192248.0,0.001129716351679571,63085960.0,0.0010010814741150378
BG-21-img-1_jpg.rf.9bfc050bcfb821988aa4b65da8264bbb.jpg,BG,7,42008007,strong_then_w1,3.455994091390602,0.5289308657303559,-15.415631649365821,18.829640422068564,-0.6276698708534241,0.9751708507537842,1.3910109996795654,True,True,0.6076682806015015,0.07867851108312607,0.06806884765625,0.009200970642268658,0.06428144127130508,0.4146842956542969,0.06209670379757881,62850506752.0,0.9977818994122498,76128760.0,0.0012085805298663267,63590212.0,0.001009525074535196
BG-21-img-1_jpg.rf.9bfc050bcfb821988aa4b65da8264bbb.jpg,BG,8,42008008,original,-9.107868509078935,0.7925598777228835,49.58301188751773,10.003060636408861,7.7246809005737305,0.5152629613876343,0.915452241897583,True,False,0.44640040397644043,0.13476766645908356,0.02839599609375,0.0492183119058609,0.25843071937561035,0.2819174528121948,0.25789910554885864,35903520768.0,0.9842068931135785,227514016.0,0.006236738292995728,348613344.0,0.00955637911984329
BG-21-img-1_jpg.rf.9bfc050bcfb821988aa4b65da8264bbb.jpg,BG,8,42008008,w1_only,-9.107868509078935,0.7925598777228835,49.58301188751773,10.003060636408861,7.7246809005737305,0.5152629613876343,0.915452241897583,True,False,0.44463348388671875,0.13747522234916687,0.03882568359375,0.05896627902984619,0.28057757019996643,0.30186137557029724,0.28009581565856934,35652526080.0,0.9811045430342291,268752832.0,0.00739567860736882,417898048.0,0.011499933342673718
BG-21-img-1_jpg.rf.9bfc050bcfb821988aa4b65da8264bbb.jpg,BG,8,42008008,strong_only,-9.107868509078935,0.7925598777228835,49.58301188751773,10.003060636408861,7.7246809005737305,0.5152629613876343,0.915452241897583,True,False,0.46462729573249817,0.10714748501777649,0.0,0.01168058067560196,0.12468153983354568,0.24043461680412292,0.12304795533418655,37963862016.0,0.99526320858988,94494976.0,0.002477286767340665,86186776.0,0.002259478426710792
BG-21-img-1_jpg.rf.9bfc050bcfb821988aa4b65da8264bbb.jpg,BG,8,42008008,w1_then_strong,-9.107868509078935,0.7925598777228835,49.58301188751773,10.003060636408861,7.7246809005737305,0.5152629613876343,0.915452241897583,True,False,0.4636192321777344,0.10776136815547943,4.069010416666667e-06,0.013909530825912952,0.1334276646375656,0.25373223423957825,0.1317298859357834,37798903808.0,0.9944548883827665,108006624.0,0.0028415563520068797,102762048.0,0.0027035763125013135
BG-21-img-1_jpg.rf.9bfc050bcfb821988aa4b65da8264bbb.jpg,BG,8,42008008,strong_then_w1,-9.107868509078935,0.7925598777228835,49.58301188751773,10.003060636408861,7.7246809005737305,0.5152629613876343,0.915452241897583,True,False,0.46322667598724365,0.10814026743173599,5.696614583333334e-06,0.014146063476800919,0.1355382651090622,0.25607818365097046,0.13383719325065613,37746057216.0,0.9943024240431102,111831952.0,0.002945864791195699,104461728.0,0.0027517191736281406
BG-21-img-1_jpg.rf.9bfc050bcfb821988aa4b65da8264bbb.jpg,BG,9,42008009,original,4.395376142831861,0.8704673859599555,47.283051365381766,57.47376916635511,-7.308239936828613,1.2578349113464355,0.9464691281318665,False,True,0.44640040397644043,0.13476766645908356,0.02839599609375,0.0492183119058609,0.25843071937561035,0.2819174528121948,0.25789910554885864,35903520768.0,0.9842068931135785,227514016.0,0.006236738292995728,348613344.0,0.00955637911984329
BG-21-img-1_jpg.rf.9bfc050bcfb821988aa4b65da8264bbb.jpg,BG,9,42008009,w1_only,4.395376142831861,0.8704673859599555,47.283051365381766,57.47376916635511,-7.308239936828613,1.2578349113464355,0.9464691281318665,False,True,0.44463348388671875,0.13747522234916687,0.03882568359375,0.05896627902984619,0.28057757019996643,0.30186137557029724,0.28009581565856934,35652526080.0,0.9811045430342291,268752832.0,0.00739567860736882,417898048.0,0.011499933342673718
BG-21-img-1_jpg.rf.9bfc050bcfb821988aa4b65da8264bbb.jpg,BG,9,42008009,strong_only,4.395376142831861,0.8704673859599555,47.283051365381766,57.47376916635511,-7.308239936828613,1.2578349113464355,0.9464691281318665,False,True,0.4536364674568176,0.1149708703160286,0.13394205729166667,0.011189866811037064,0.14189192652702332,0.25399163365364075,0.13997848331928253,36544471040.0,0.9946018099053177,112953392.0,0.003074162655006781,85412080.0,0.0023245926658178764
BG-21-img-1_jpg.rf.9bfc050bcfb821988aa4b65da8264bbb.jpg,BG,9,42008009,w1_then_strong,4.395376142831861,0.8704673859599555,47.283051365381766,57.47376916635511,-7.308239936828613,1.2578349113464355,0.9464691281318665,False,True,0.4525720179080963,0.11605004966259003,0.13516682942708333,0.013406970538198948,0.15237629413604736,0.2663229703903198,0.15043136477470398,36389441536.0,0.9936270861755382,130913648.0,0.003574645312271771,102491360.0,0.0027985642839343876
BG-21-img-1_jpg.rf.9bfc050bcfb821988aa4b65da8264bbb.jpg,BG,9,42008009,strong_then_w1,4.395376142831861,0.8704673859599555,47.283051365381766,57.47376916635511,-7.308239936828613,1.2578349113464355,0.9464691281318665,False,True,0.4524092972278595,0.11627346277236938,0.13559000651041667,0.013398665003478527,0.1533350646495819,0.2691214382648468,0.15135875344276428,36371681280.0,0.9935766321756718,132731896.0,0.0036258788587397277,102404512.0,0.002797416192264433
BG-21-img-1_jpg.rf.9bfc050bcfb821988aa4b65da8264bbb.jpg,BG,10,42008010,original,6.745761153837307,1.0061319587346822,19.146574167693927,26.225492663646776,-3.517357349395752,0.5780353546142578,0.9011126756668091,False,False,0.44640040397644043,0.13476766645908356,0.02839599609375,0.0492183119058609,0.25843071937561035,0.2819174528121948,0.25789910554885864,35903520768.0,0.9842068931135785,227514016.0,0.006236738292995728,348613344.0,0.00955637911984329
BG-21-img-1_jpg.rf.9bfc050bcfb821988aa4b65da8264bbb.jpg,BG,10,42008010,w1_only,6.745761153837307,1.0061319587346822,19.146574167693927,26.225492663646776,-3.517357349395752,0.5780353546142578,0.9011126756668091,False,False,0.44463348388671875,0.13747522234916687,0.03882568359375,0.05896627902984619,0.28057757019996643,0.30186137557029724,0.28009581565856934,35652526080.0,0.9811045430342291,268752832.0,0.00739567860736882,417898048.0,0.011499933342673718
BG-21-img-1_jpg.rf.9bfc050bcfb821988aa4b65da8264bbb.jpg,BG,10,42008010,strong_only,6.745761153837307,1.0061319587346822,19.146574167693927,26.225492663646776,-3.517357349395752,0.5780353546142578,0.9011126756668091,False,False,0.5168564319610596,0.13750405609607697,0.0,0.012046391144394875,0.18732555210590363,0.21613533794879913,0.18666493892669678,47743852544.0,0.9948523990814342,148612416.0,0.0030966796920008544,98419648.0,0.00205079853661401
BG-21-img-1_jpg.rf.9bfc050bcfb821988aa4b65da8264bbb.jpg,BG,10,42008010,w1_then_strong,6.745761153837307,1.0061319587346822,19.146574167693927,26.225492663646776,-3.517357349395752,0.5780353546142578,0.9011126756668091,False,False,0.5153084397315979,0.13854537904262543,2.44140625e-06,0.014383042231202126,0.20185400545597076,0.2299499660730362,0.20120981335639954,47480659968.0,0.9939214691159134,173009824.0,0.0036216467622282064,117376592.0,0.0024570659893751534
BG-21-img-1_jpg.rf.9bfc050bcfb821988aa4b65da8264bbb.jpg,BG,10,42008010,strong_then_w1,6.745761153837307,1.0061319587346822,19.146574167693927,26.225492663646776,-3.517357349395752,0.5780353546142578,0.9011126756668091,False,False,0.514890730381012,0.13890627026557922,5.696614583333334e-06,0.014577451162040234,0.2034088671207428,0.23052965104579926,0.20278695225715637,47420575744.0,0.9938161234550288,175811184.0,0.003684560691252808,119260216.0,0.002499394486211521
BG-21-img-1_jpg.rf.9bfc050bcfb821988aa4b65da8264bbb.jpg,BG,11,42008011,original,6.475872319909541,1.1039775344998635,-39.28390732260635,-38.0426596914956,-4.7682271003723145,0.6360665559768677,0.7736419439315796,True,False,0.44640040397644043,0.13476766645908356,0.02839599609375,0.0492183119058609,0.25843071937561035,0.2819174528121948,0.25789910554885864,35903520768.0,0.9842068931135785,227514016.0,0.006236738292995728,348613344.0,0.00955637911984329
BG-21-img-1_jpg.rf.9bfc050bcfb821988aa4b65da8264bbb.jpg,BG,11,42008011,w1_only,6.475872319909541,1.1039775344998635,-39.28390732260635,-38.0426596914956,-4.7682271003723145,0.6360665559768677,0.7736419439315796,True,False,0.44463348388671875,0.13747522234916687,0.03882568359375,0.05896627902984619,0.28057757019996643,0.30186137557029724,0.28009581565856934,35652526080.0,0.9811045430342291,268752832.0,0.00739567860736882,417898048.0,0.011499933342673718
BG-21-img-1_jpg.rf.9bfc050bcfb821988aa4b65da8264bbb.jpg,BG,11,42008011,strong_only,6.475872319909541,1.1039775344998635,-39.28390732260635,-38.0426596914956,-4.7682271003723145,0.6360665559768677,0.7736419439315796,True,False,0.4327510893344879,0.1158478856086731,0.0,0.008061590604484081,0.16007989645004272,0.18043626844882965,0.1595156192779541,33500706816.0,0.9949451589340785,102582080.0,0.003046608671571151,67616272.0,0.0020081511372601686
BG-21-img-1_jpg.rf.9bfc050bcfb821988aa4b65da8264bbb.jpg,BG,11,42008011,w1_then_strong,6.475872319909541,1.1039775344998635,-39.28390732260635,-38.0426596914956,-4.7682271003723145,0.6360665559768677,0.7736419439315796,True,False,0.43135952949523926,0.11680031567811966,0.0,0.009620250202715397,0.17284388840198517,0.1923392415046692,0.1723034381866455,33305593856.0,0.9940085645199541,120253496.0,0.003588976838373719,80499336.0,0.0024025102139938093
BG-21-img-1_jpg.rf.9bfc050bcfb821988aa4b65da8264bbb.jpg,BG,11,42008011,strong_then_w1,6.475872319909541,1.1039775344998635,-39.28390732260635,-38.0426596914956,-4.7682271003723145,0.6360665559768677,0.7736419439315796,True,False,0.4307485818862915,0.11701279878616333,8.951822916666667e-06,0.00977371446788311,0.1744358092546463,0.19309520721435547,0.17391857504844666,33222504448.0,0.9939027446226871,121755728.0,0.003642511431434796,82056168.0,0.0024548375248492136
BG-12-img-3_jpg.rf.ac2e62d7b1663a60c0a6e63544fc484a.jpg,BG,0,42009000,original,-4.612617470936744,1.1913068198534242,-23.926025644836272,52.2076915107462,-7.765938758850098,0.7976157069206238,1.2633183002471924,False,True,0.3808010518550873,0.09958042949438095,0.0389990234375,0.05130438879132271,0.23094122111797333,0.285906583070755,0.2302311360836029,25403396096.0,0.9773461997793329,201971904.0,0.007770475730513769,386848768.0,0.01488325308416735
BG-12-img-3_jpg.rf.ac2e62d7b1663a60c0a6e63544fc484a.jpg,BG,0,42009000,w1_only,-4.612617470936744,1.1913068198534242,-23.926025644836272,52.2076915107462,-7.765938758850098,0.7976157069206238,1.2633183002471924,False,True,0.37924182415008545,0.1031540259718895,0.05294677734375,0.06100478023290634,0.25082895159721375,0.30609437823295593,0.25011497735977173,25216829440.0,0.9730610248237977,237910992.0,0.009180452849680946,460208896.0,0.01775843156810393
BG-12-img-3_jpg.rf.ac2e62d7b1663a60c0a6e63544fc484a.jpg,BG,0,42009000,strong_only,-4.612617470936744,1.1913068198534242,-23.926025644836272,52.2076915107462,-7.765938758850098,0.7976157069206238,1.2633183002471924,False,True,0.6442974805831909,0.14633367955684662,0.09308430989583333,0.011635235510766506,0.1976872831583023,0.2953616976737976,0.19588550925254822,72926109696.0,0.9957406955018415,210733088.0,0.002877371526948191,101222896.0,0.0013821079622087535
BG-12-img-3_jpg.rf.ac2e62d7b1663a60c0a6e63544fc484a.jpg,BG,0,42009000,w1_then_strong,-4.612617470936744,1.1913068198534242,-23.926025644836272,52.2076915107462,-7.765938758850098,0.7976157069206238,1.2633183002471924,False,True,0.6418857574462891,0.14807388186454773,0.09035400390625,0.014072166755795479,0.21598149836063385,0.315714031457901,0.21414174139499664,72430936064.0,0.9948811538085456,250214432.0,0.0034368411667046804,122434544.0,0.0016817098745363958
BG-12-img-3_jpg.rf.ac2e62d7b1663a60c0a6e63544fc484a.jpg,BG,0,42009000,strong_then_w1,-4.612617470936744,1.1913068198534242,-23.926025644836272,52.2076915107462,-7.765938758850098,0.7976157069206238,1.2633183002471924,False,True,0.6423579454421997,0.14799806475639343,0.09346028645833333,0.014049711637198925,0.21487468481063843,0.3143593370914459,0.21303951740264893,72530485248.0,0.9949100556628384,248574960.0,0.0034097349058726627,122485408.0,0.001680148198023062
BG-12-img-3_jpg.rf.ac2e62d7b1663a60c0a6e63544fc484a.jpg,BG,1,42009001,original,8.110840571912401,1.4479032600640074,10.316455580477282,-41.88478790790691,1.915719985961914,1.3148292303085327,1.1887197494506836,False,True,0.3808010518550873,0.09958042949438095,0.0389990234375,0.05130438879132271,0.23094122111797333,0.285906583070755,0.2302311360836029,25403396096.0,0.9773461997793329,201971904.0,0.007770475730513769,386848768.0,0.01488325308416735
BG-12-img-3_jpg.rf.ac2e62d7b1663a60c0a6e63544fc484a.jpg,BG,1,42009001,w1_only,8.110840571912401,1.4479032600640074,10.316455580477282,-41.88478790790691,1.915719985961914,1.3148292303085327,1.1887197494506836,False,True,0.37924182415008545,0.1031540259718895,0.05294677734375,0.06100478023290634,0.25082895159721375,0.30609437823295593,0.25011497735977173,25216829440.0,0.9730610248237977,237910992.0,0.009180452849680946,460208896.0,0.01775843156810393
BG-12-img-3_jpg.rf.ac2e62d7b1663a60c0a6e63544fc484a.jpg,BG,1,42009001,strong_only,8.110840571912401,1.4479032600640074,10.316455580477282,-41.88478790790691,1.915719985961914,1.3148292303085327,1.1887197494506836,False,True,0.38259175419807434,0.09744910895824432,0.27428304036458334,0.005117794964462519,0.16838155686855316,0.25084900856018066,0.16611610352993011,25952221184.0,0.9923946847920949,156747872.0,0.005993928377936856,42136468.0,0.0016112688999773358
BG-12-img-3_jpg.rf.ac2e62d7b1663a60c0a6e63544fc484a.jpg,BG,1,42009001,w1_then_strong,8.110840571912401,1.4479032600640074,10.316455580477282,-41.88478790790691,1.915719985961914,1.3148292303085327,1.1887197494506836,False,True,0.3810686469078064,0.09962911158800125,0.27464925130208334,0.006194607820361853,0.18350954353809357,0.2691446840763092,0.18115711212158203,25789059072.0,0.9908174630370646,187801584.0,0.007215350063517904,51195560.0,0.0019669370152800986
BG-12-img-3_jpg.rf.ac2e62d7b1663a60c0a6e63544fc484a.jpg,BG,1,42009001,strong_then_w1,8.110840571912401,1.4479032600640074,10.316455580477282,-41.88478790790691,1.915719985961914,1.3148292303085327,1.1887197494506836,False,True,0.3811420202255249,0.09914205223321915,0.27626871744791665,0.006116602569818497,0.18153776228427887,0.2665853500366211,0.17920149862766266,25787058176.0,0.9910025110076961,183602944.0,0.007055902898677566,50523640.0,0.0019416349768756529
BG-12-img-3_jpg.rf.ac2e62d7b1663a60c0a6e63544fc484a.jpg,BG,2,42009002,original,-4.135952179018378,1.3081044867255536,5.675140347232514,42.55498188248424,2.7516446113586426,1.1233383417129517,1.0140016078948975,False,False,0.3808010518550873,0.09958042949438095,0.0389990234375,0.05130438879132271,0.23094122111797333,0.285906583070755,0.2302311360836029,25403396096.0,0.9773461997793329,201971904.0,0.007770475730513769,386848768.0,0.01488325308416735
BG-12-img-3_jpg.rf.ac2e62d7b1663a60c0a6e63544fc484a.jpg,BG,2,42009002,w1_only,-4.135952179018378,1.3081044867255536,5.675140347232514,42.55498188248424,2.7516446113586426,1.1233383417129517,1.0140016078948975,False,False,0.37924182415008545,0.1031540259718895,0.05294677734375,0.06100478023290634,0.25082895159721375,0.30609437823295593,0.25011497735977173,25216829440.0,0.9730610248237977,237910992.0,0.009180452849680946,460208896.0,0.01775843156810393
BG-12-img-3_jpg.rf.ac2e62d7b1663a60c0a6e63544fc484a.jpg,BG,2,42009002,strong_only,-4.135952179018378,1.3081044867255536,5.675140347232514,42.55498188248424,2.7516446113586426,1.1233383417129517,1.0140016078948975,False,False,0.3342134952545166,0.08349708467721939,0.23500162760416668,0.007626957260072231,0.16464926302433014,0.22733652591705322,0.16325049102306366,19685888000.0,0.988764056501685,155771024.0,0.007823918818173776,67929752.0,0.003411910966102898
BG-12-img-3_jpg.rf.ac2e62d7b1663a60c0a6e63544fc484a.jpg,BG,2,42009002,w1_then_strong,-4.135952179018378,1.3081044867255536,5.675140347232514,42.55498188248424,2.7516446113586426,1.1233383417129517,1.0140016078948975,False,False,0.333160400390625,0.08577924966812134,0.2353515625,0.00911877304315567,0.17912140488624573,0.2436530590057373,0.17768147587776184,19590412288.0,0.9866001413019375,184903216.0,0.009311980592900867,81173384.0,0.0040880034042679375
BG-12-img-3_jpg.rf.ac2e62d7b1663a60c0a6e63544fc484a.jpg,BG,2,42009002,strong_then_w1,-4.135952179018378,1.3081044867255536,5.675140347232514,42.55498188248424,2.7516446113586426,1.1233383417129517,1.0140016078948975,False,False,0.33283278346061707,0.08542339503765106,0.23757405598958334,0.009119284339249134,0.17821399867534637,0.24206936359405518,0.17678919434547424,19545688064.0,0.9866744369997706,182673728.0,0.00922144552490947,81302728.0,0.004104195417080073
BG-12-img-3_jpg.rf.ac2e62d7b1663a60c0a6e63544fc484a.jpg,BG,3,42009003,original,4.06913981205661,0.872135159765577,48.3258332533951,-42.84592855523772,3.8227720260620117,1.1227171421051025,0.6689890623092651,False,False,0.3808010518550873,0.09958042949438095,0.0389990234375,0.05130438879132271,0.23094122111797333,0.285906583070755,0.2302311360836029,25403396096.0,0.9773461997793329,201971904.0,0.007770475730513769,386848768.0,0.01488325308416735
BG-12-img-3_jpg.rf.ac2e62d7b1663a60c0a6e63544fc484a.jpg,BG,3,42009003,w1_only,4.06913981205661,0.872135159765577,48.3258332533951,-42.84592855523772,3.8227720260620117,1.1227171421051025,0.6689890623092651,False,False,0.37924182415008545,0.1031540259718895,0.05294677734375,0.06100478023290634,0.25082895159721375,0.30609437823295593,0.25011497735977173,25216829440.0,0.9730610248237977,237910992.0,0.009180452849680946,460208896.0,0.01775843156810393
BG-12-img-3_jpg.rf.ac2e62d7b1663a60c0a6e63544fc484a.jpg,BG,3,42009003,strong_only,4.06913981205661,0.872135159765577,48.3258332533951,-42.84592855523772,3.8227720260620117,1.1227171421051025,0.6689890623092651,False,False,0.23571257293224335,0.05772632732987404,0.17731608072916666,0.0054235756397247314,0.07924660295248032,0.18579426407814026,0.07820141315460205,9792097280.0,0.9910470348063661,45385032.0,0.004593367498509169,43076528.0,0.004359726432798817
BG-12-img-3_jpg.rf.ac2e62d7b1663a60c0a6e63544fc484a.jpg,BG,3,42009003,w1_then_strong,4.06913981205661,0.872135159765577,48.3258332533951,-42.84592855523772,3.8227720260620117,1.1227171421051025,0.6689890623092651,False,False,0.23523159325122833,0.05881926417350769,0.17763102213541668,0.006465638056397438,0.08563117682933807,0.19722077250480652,0.08453653007745743,9760068608.0,0.9894706015233042,52467776.0,0.005319155424456417,51389100.0,0.005209799821188023
BG-12-img-3_jpg.rf.ac2e62d7b1663a60c0a6e63544fc484a.jpg,BG,3,42009003,strong_then_w1,4.06913981205661,0.872135159765577,48.3258332533951,-42.84592855523772,3.8227720260620117,1.1227171421051025,0.6689890623092651,False,False,0.23454362154006958,0.05905761569738388,0.18033284505208333,0.006496502086520195,0.08680135756731033,0.19874544441699982,0.08570322394371033,9709625344.0,0.989322330726144,53176288.0,0.005418179107810143,51618344.0,0.005259438813039321
BG-12-img-3_jpg.rf.ac2e62d7b1663a60c0a6e63544fc484a.jpg,BG,4,42009004,original,0.6919217058860134,0.6263073102263756,-48.719706170176494,-56.625022787480475,5.6507768630981445,1.2243802547454834,1.0575892925262451,False,False,0.3808010518550873,0.09958042949438095,0.0389990234375,0.05130438879132271,0.23094122111797333,0.285906583070755,0.2302311360836029,25403396096.0,0.9773461997793329,201971904.0,0.007770475730513769,386848768.0,0.01488325308416735
BG-12-img-3_jpg.rf.ac2e62d7b1663a60c0a6e63544fc484a.jpg,BG,4,42009004,w1_only,0.6919217058860134,0.6263073102263756,-48.719706170176494,-56.625022787480475,5.6507768630981445,1.2243802547454834,1.0575892925262451,False,False,0.37924182415008545,0.1031540259718895,0.05294677734375,0.06100478023290634,0.25082895159721375,0.30609437823295593,0.25011497735977173,25216829440.0,0.9730610248237977,237910992.0,0.009180452849680946,460208896.0,0.01775843156810393
BG-12-img-3_jpg.rf.ac2e62d7b1663a60c0a6e63544fc484a.jpg,BG,4,42009004,strong_only,0.6919217058860134,0.6263073102263756,-48.719706170176494,-56.625022787480475,5.6507768630981445,1.2243802547454834,1.0575892925262451,False,False,0.40647175908088684,0.0920896828174591,0.10540120442708334,0.007767736911773682,0.06285035610198975,0.3459973633289337,0.06142610311508179,29024724992.0,0.9959763122823007,60707648.0,0.0020831680368732976,56545524.0,0.0019403457736503304
BG-12-img-3_jpg.rf.ac2e62d7b1663a60c0a6e63544fc484a.jpg,BG,4,42009004,w1_then_strong,0.6919217058860134,0.6263073102263756,-48.719706170176494,-56.625022787480475,5.6507768630981445,1.2243802547454834,1.0575892925262451,False,False,0.4061034023761749,0.09314177930355072,0.10554036458333334,0.009304651990532875,0.06734060496091843,0.3636241853237152,0.06585028022527695,28989050880.0,0.9953506550346082,67604200.0,0.002321217242731979,67801248.0,0.0023279829646138425
BG-12-img-3_jpg.rf.ac2e62d7b1663a60c0a6e63544fc484a.jpg,BG,4,42009004,strong_then_w1,0.6919217058860134,0.6263073102263756,-48.719706170176494,-56.625022787480475,5.6507768630981445,1.2243802547454834,1.0575892925262451,False,False,0.405887633562088,0.09346827864646912,0.1066845703125,0.0092677166685462,0.06815580278635025,0.3702051341533661,0.06663646548986435,28967237632.0,0.9952564712756619,70527592.0,0.0024231872998462098,67527824.0,0.0023201212584012523
BG-12-img-3_jpg.rf.ac2e62d7b1663a60c0a6e63544fc484a.jpg,BG,5,42009005,original,-9.73455470947475,0.8522719281109241,16.219292558724987,11.325633704284712,-7.069611549377441,0.6658898591995239,1.0721439123153687,False,True,0.3808010518550873,0.09958042949438095,0.0389990234375,0.05130438879132271,0.23094122111797333,0.285906583070755,0.2302311360836029,25403396096.0,0.9773461997793329,201971904.0,0.007770475730513769,386848768.0,0.01488325308416735
BG-12-img-3_jpg.rf.ac2e62d7b1663a60c0a6e63544fc484a.jpg,BG,5,42009005,w1_only,-9.73455470947475,0.8522719281109241,16.219292558724987,11.325633704284712,-7.069611549377441,0.6658898591995239,1.0721439123153687,False,True,0.37924182415008545,0.1031540259718895,0.05294677734375,0.06100478023290634,0.25082895159721375,0.30609437823295593,0.25011497735977173,25216829440.0,0.9730610248237977,237910992.0,0.009180452849680946,460208896.0,0.01775843156810393
BG-12-img-3_jpg.rf.ac2e62d7b1663a60c0a6e63544fc484a.jpg,BG,5,42009005,strong_only,-9.73455470947475,0.8522719281109241,16.219292558724987,11.325633704284712,-7.069611549377441,0.6658898591995239,1.0721439123153687,False,True,0.5617422461509705,0.12156930565834045,0.0035603841145833335,0.01823836751282215,0.15243041515350342,0.2989388108253479,0.1510602980852127,55136784384.0,0.9948760788437464,141056816.0,0.0025451983383526266,142923568.0,0.00257888160317633
BG-12-img-3_jpg.rf.ac2e62d7b1663a60c0a6e63544fc484a.jpg,BG,5,42009005,w1_then_strong,-9.73455470947475,0.8522719281109241,16.219292558724987,11.325633704284712,-7.069611549377441,0.6658898591995239,1.0721439123153687,False,True,0.5602442622184753,0.1224638968706131,0.004112955729166667,0.0216341782361269,0.1640262007713318,0.31653928756713867,0.16259995102882385,54843138048.0,0.9939779039607785,162675984.0,0.002948342114551445,169595552.0,0.003073752474748821
BG-12-img-3_jpg.rf.ac2e62d7b1663a60c0a6e63544fc484a.jpg,BG,5,42009005,strong_then_w1,-9.73455470947475,0.8522719281109241,16.219292558724987,11.325633704284712,-7.069611549377441,0.6658898591995239,1.0721439123153687,False,True,0.5600957870483398,0.12297475337982178,0.004500325520833333,0.022037798538804054,0.16626805067062378,0.3186417520046234,0.16484306752681732,54828814336.0,0.9938422492324714,166826880.0,0.0030239501557627773,172883456.0,0.0031337333270274386
BG-12-img-3_jpg.rf.ac2e62d7b1663a60c0a6e63544fc484a.jpg,BG,6,42009006,original,-8.110334268735013,0.6602206711144046,45.333873768248566,27.81480660381021,-4.791732311248779,0.6731790900230408,0.7395802736282349,True,True,0.3808010518550873,0.09958042949438095,0.0389990234375,0.05130438879132271,0.23094122111797333,0.285906583070755,0.2302311360836029,25403396096.0,0.9773461997793329,201971904.0,0.007770475730513769,386848768.0,0.01488325308416735
BG-12-img-3_jpg.rf.ac2e62d7b1663a60c0a6e63544fc484a.jpg,BG,6,42009006,w1_only,-8.110334268735013,0.6602206711144046,45.333873768248566,27.81480660381021,-4.791732311248779,0.6731790900230408,0.7395802736282349,True,True,0.37924182415008545,0.1031540259718895,0.05294677734375,0.06100478023290634,0.25082895159721375,0.30609437823295593,0.25011497735977173,25216829440.0,0.9730610248237977,237910992.0,0.009180452849680946,460208896.0,0.01775843156810393
BG-12-img-3_jpg.rf.ac2e62d7b1663a60c0a6e63544fc484a.jpg,BG,6,42009006,strong_only,-8.110334268735013,0.6602206711144046,45.333873768248566,27.81480660381021,-4.791732311248779,0.6731790900230408,0.7395802736282349,True,True,0.35554495453834534,0.06343473494052887,0.0,0.006704913452267647,0.06340022385120392,0.23172011971473694,0.06246011331677437,21793892352.0,0.9959029798526522,40860336.0,0.0018671713029933478,48792228.0,0.0022296304154402575
BG-12-img-3_jpg.rf.ac2e62d7b1663a60c0a6e63544fc484a.jpg,BG,6,42009006,w1_then_strong,-8.110334268735013,0.6602206711144046,45.333873768248566,27.81480660381021,-4.791732311248779,0.6731790900230408,0.7395802736282349,True,True,0.35495448112487793,0.06387519836425781,5.696614583333334e-06,0.007975688204169273,0.06795021891593933,0.24359364807605743,0.06696921586990356,21718065152.0,0.995210668011067,46360388.0,0.0021244227967740213,58147796.0,0.002664570093860415
BG-12-img-3_jpg.rf.ac2e62d7b1663a60c0a6e63544fc484a.jpg,BG,6,42009006,strong_then_w1,-8.110334268735013,0.6602206711144046,45.333873768248566,27.81480660381021,-4.791732311248779,0.6731790900230408,0.7395802736282349,True,True,0.35451602935791016,0.06403055042028427,3.0110677083333334e-05,0.008141686208546162,0.06949016451835632,0.2476496547460556,0.06849509477615356,21666023424.0,0.9950534735592219,48424016.0,0.0022239653480256175,59285460.0,0.002722797891892296
BG-12-img-3_jpg.rf.ac2e62d7b1663a60c0a6e63544fc484a.jpg,BG,7,42009007,original,1.749785700530726,1.412264281750779,-42.225019138156256,3.9017347092083696,-7.672296047210693,0.7640599012374878,1.0638023614883423,False,False,0.3808010518550873,0.09958042949438095,0.0389990234375,0.05130438879132271,0.23094122111797333,0.285906583070755,0.2302311360836029,25403396096.0,0.9773461997793329,201971904.0,0.007770475730513769,386848768.0,0.01488325308416735
BG-12-img-3_jpg.rf.ac2e62d7b1663a60c0a6e63544fc484a.jpg,BG,7,42009007,w1_only,1.749785700530726,1.412264281750779,-42.225019138156256,3.9017347092083696,-7.672296047210693,0.7640599012374878,1.0638023614883423,False,False,0.37924182415008545,0.1031540259718895,0.05294677734375,0.06100478023290634,0.25082895159721375,0.30609437823295593,0.25011497735977173,25216829440.0,0.9730610248237977,237910992.0,0.009180452849680946,460208896.0,0.01775843156810393
BG-12-img-3_jpg.rf.ac2e62d7b1663a60c0a6e63544fc484a.jpg,BG,7,42009007,strong_only,1.749785700530726,1.412264281750779,-42.225019138156256,3.9017347092083696,-7.672296047210693,0.7640599012374878,1.0638023614883423,False,False,0.5382224917411804,0.1494210809469223,0.0022412109375,0.010367998853325844,0.23805715143680573,0.2280106246471405,0.23831956088542938,51994083328.0,0.9932653809846935,257520176.0,0.004919518902031278,94997904.0,0.0018147859000428484
BG-12-img-3_jpg.rf.ac2e62d7b1663a60c0a6e63544fc484a.jpg,BG,7,42009007,w1_then_strong,1.749785700530726,1.412264281750779,-42.225019138156256,3.9017347092083696,-7.672296047210693,0.7640599012374878,1.0638023614883423,False,False,0.5362154841423035,0.15132668614387512,0.0028792317708333333,0.012319748289883137,0.2582319974899292,0.24467240273952484,0.25858622789382935,51662712832.0,0.9919691421524678,305694624.0,0.005869603381378647,112556224.0,0.0021611776626651188
BG-12-img-3_jpg.rf.ac2e62d7b1663a60c0a6e63544fc484a.jpg,BG,7,42009007,strong_then_w1,1.749785700530726,1.412264281750779,-42.225019138156256,3.9017347092083696,-7.672296047210693,0.7640599012374878,1.0638023614883423,False,False,0.5362455248832703,0.15118248760700226,0.003158365885416667,0.012520049698650837,0.2584902048110962,0.24281394481658936,0.2588997483253479,51659292672.0,0.9919398260930297,304793920.0,0.005852523570515,114982984.0,0.002207854487609691
BG-12-img-3_jpg.rf.ac2e62d7b1663a60c0a6e63544fc484a.jpg,BG,8,42009008,original,0.43182453922670305,0.8424253587190735,46.265293702012514,-3.701609398096025,1.1415635347366333,1.2184317111968994,1.2025067806243896,True,True,0.3808010518550873,0.09958042949438095,0.0389990234375,0.05130438879132271,0.23094122111797333,0.285906583070755,0.2302311360836029,25403396096.0,0.9773461997793329,201971904.0,0.007770475730513769,386848768.0,0.01488325308416735
BG-12-img-3_jpg.rf.ac2e62d7b1663a60c0a6e63544fc484a.jpg,BG,8,42009008,w1_only,0.43182453922670305,0.8424253587190735,46.265293702012514,-3.701609398096025,1.1415635347366333,1.2184317111968994,1.2025067806243896,True,True,0.37924182415008545,0.1031540259718895,0.05294677734375,0.06100478023290634,0.25082895159721375,0.30609437823295593,0.25011497735977173,25216829440.0,0.9730610248237977,237910992.0,0.009180452849680946,460208896.0,0.01775843156810393
BG-12-img-3_jpg.rf.ac2e62d7b1663a60c0a6e63544fc484a.jpg,BG,8,42009008,strong_only,0.43182453922670305,0.8424253587190735,46.265293702012514,-3.701609398096025,1.1415635347366333,1.2184317111968994,1.2025067806243896,True,True,0.4458651840686798,0.09175609797239304,0.22101236979166666,0.01099894568324089,0.11623670905828476,0.3340553343296051,0.11423929035663605,34569084928.0,0.9943678489867654,109849224.0,0.003159775180894987,85961224.0,0.0024726450695232447
BG-12-img-3_jpg.rf.ac2e62d7b1663a60c0a6e63544fc484a.jpg,BG,8,42009008,w1_then_strong,0.43182453922670305,0.8424253587190735,46.265293702012514,-3.701609398096025,1.1415635347366333,1.2184317111968994,1.2025067806243896,True,True,0.444868266582489,0.0934988483786583,0.22050211588541666,0.013288426212966442,0.12590079009532928,0.35343247652053833,0.12381424754858017,34439606272.0,0.9933521392064649,126558592.0,0.0036503683318925896,103931048.0,0.0029977151319730915
BG-12-img-3_jpg.rf.ac2e62d7b1663a60c0a6e63544fc484a.jpg,BG,8,42009008,strong_then_w1,0.43182453922670305,0.8424253587190735,46.265293702012514,-3.701609398096025,1.1415635347366333,1.2184317111968994,1.2025067806243896,True,True,0.4448315501213074,0.09348161518573761,0.22317220052083334,0.013077007606625557,0.12583433091640472,0.3563463091850281,0.12372045964002609,34433671168.0,0.9933528790090219,128110576.0,0.003695772340980268,102293728.0,0.0029510001625327074
BG-12-img-3_jpg.rf.ac2e62d7b1663a60c0a6e63544fc484a.jpg,BG,9,42009009,original,-7.506168020145516,0.7385593264491441,35.26937890823234,28.21733530419118,-1.5643564462661743,1.0760977268218994,1.1420456171035767,False,True,0.3808010518550873,0.09958042949438095,0.0389990234375,0.05130438879132271,0.23094122111797333,0.285906583070755,0.2302311360836029,25403396096.0,0.9773461997793329,201971904.0,0.007770475730513769,386848768.0,0.01488325308416735
BG-12-img-3_jpg.rf.ac2e62d7b1663a60c0a6e63544fc484a.jpg,BG,9,42009009,w1_only,-7.506168020145516,0.7385593264491441,35.26937890823234,28.21733530419118,-1.5643564462661743,1.0760977268218994,1.1420456171035767,False,True,0.37924182415008545,0.1031540259718895,0.05294677734375,0.06100478023290634,0.25082895159721375,0.30609437823295593,0.25011497735977173,25216829440.0,0.9730610248237977,237910992.0,0.009180452849680946,460208896.0,0.01775843156810393
BG-12-img-3_jpg.rf.ac2e62d7b1663a60c0a6e63544fc484a.jpg,BG,9,42009009,strong_only,-7.506168020145516,0.7385593264491441,35.26937890823234,28.21733530419118,-1.5643564462661743,1.0760977268218994,1.1420456171035767,False,True,0.47413530945777893,0.07984519749879837,0.12795166015625,0.01421915553510189,0.10349788516759872,0.336821973323822,0.10185550153255463,38581940224.0,0.9947518849176386,96740632.0,0.0024942479686457467,106819152.0,0.0027541008093523852
BG-12-img-3_jpg.rf.ac2e62d7b1663a60c0a6e63544fc484a.jpg,BG,9,42009009,w1_then_strong,-7.506168020145516,0.7385593264491441,35.26937890823234,28.21733530419118,-1.5643564462661743,1.0760977268218994,1.1420456171035767,False,True,0.4732879400253296,0.08147680759429932,0.12858561197916665,0.016861464828252792,0.11135749518871307,0.35568535327911377,0.10963767766952515,38457651200.0,0.9938668457708599,110490040.0,0.0028554106690711297,126827184.0,0.0032776139308289443
BG-12-img-3_jpg.rf.ac2e62d7b1663a60c0a6e63544fc484a.jpg,BG,9,42009009,strong_then_w1,-7.506168020145516,0.7385593264491441,35.26937890823234,28.21733530419118,-1.5643564462661743,1.0760977268218994,1.1420456171035767,False,True,0.4732118546962738,0.08166267722845078,0.13110758463541666,0.01697608083486557,0.1123286709189415,0.35972246527671814,0.11058733612298965,38446948352.0,0.9937700271436415,113467056.0,0.002932876708150059,127567080.0,0.0032973316735979757
BG-12-img-3_jpg.rf.ac2e62d7b1663a60c0a6e63544fc484a.jpg,BG,10,42009010,original,4.981658261444139,0.670928002163957,-47.27656333010941,-17.184972040761068,5.598758220672607,0.6589138507843018,1.2080682516098022,True,False,0.3808010518550873,0.09958042949438095,0.0389990234375,0.05130438879132271,0.23094122111797333,0.285906583070755,0.2302311360836029,25403396096.0,0.9773461997793329,201971904.0,0.007770475730513769,386848768.0,0.01488325308416735
BG-12-img-3_jpg.rf.ac2e62d7b1663a60c0a6e63544fc484a.jpg,BG,10,42009010,w1_only,4.981658261444139,0.670928002163957,-47.27656333010941,-17.184972040761068,5.598758220672607,0.6589138507843018,1.2080682516098022,True,False,0.37924182415008545,0.1031540259718895,0.05294677734375,0.06100478023290634,0.25082895159721375,0.30609437823295593,0.25011497735977173,25216829440.0,0.9730610248237977,237910992.0,0.009180452849680946,460208896.0,0.01775843156810393
BG-12-img-3_jpg.rf.ac2e62d7b1663a60c0a6e63544fc484a.jpg,BG,10,42009010,strong_only,4.981658261444139,0.670928002163957,-47.27656333010941,-17.184972040761068,5.598758220672607,0.6589138507843018,1.2080682516098022,True,False,0.5379809141159058,0.0725867822766304,0.021984049479166667,0.012893665581941605,0.08902056515216827,0.38899698853492737,0.08729477226734161,49260773376.0,0.9963514643353153,86545368.0,0.0017504719927976216,93842424.0,0.0018980627010360548
BG-12-img-3_jpg.rf.ac2e62d7b1663a60c0a6e63544fc484a.jpg,BG,10,42009010,w1_then_strong,4.981658261444139,0.670928002163957,-47.27656333010941,-17.184972040761068,5.598758220672607,0.6589138507843018,1.2080682516098022,True,False,0.5370097756385803,0.07388266921043396,0.021682942708333333,0.015296624973416328,0.09562944620847702,0.4103085994720459,0.0938190370798111,49088143360.0,0.9957453780724328,98270568.0,0.0019934032372935263,111459448.0,0.0022609376234616805
BG-12-img-3_jpg.rf.ac2e62d7b1663a60c0a6e63544fc484a.jpg,BG,10,42009010,strong_then_w1,4.981658261444139,0.670928002163957,-47.27656333010941,-17.184972040761068,5.598758220672607,0.6589138507843018,1.2080682516098022,True,False,0.5369910597801208,0.07426372915506363,0.022623697916666668,0.015571602620184422,0.09704320877790451,0.4159201383590698,0.09520864486694336,49088339968.0,0.9956266874911731,102228712.0,0.0020734380906219105,113399816.0,0.0023000142852618154
BG-12-img-3_jpg.rf.ac2e62d7b1663a60c0a6e63544fc484a.jpg,BG,11,42009011,original,-6.677790345796151,0.9803706540937381,34.546007190196974,-28.415430586659625,2.333143472671509,0.8729877471923828,1.203061819076538,False,True,0.3808010518550873,0.09958042949438095,0.0389990234375,0.05130438879132271,0.23094122111797333,0.285906583070755,0.2302311360836029,25403396096.0,0.9773461997793329,201971904.0,0.007770475730513769,386848768.0,0.01488325308416735
BG-12-img-3_jpg.rf.ac2e62d7b1663a60c0a6e63544fc484a.jpg,BG,11,42009011,w1_only,-6.677790345796151,0.9803706540937381,34.546007190196974,-28.415430586659625,2.333143472671509,0.8729877471923828,1.203061819076538,False,True,0.37924182415008545,0.1031540259718895,0.05294677734375,0.06100478023290634,0.25082895159721375,0.30609437823295593,0.25011497735977173,25216829440.0,0.9730610248237977,237910992.0,0.009180452849680946,460208896.0,0.01775843156810393
BG-12-img-3_jpg.rf.ac2e62d7b1663a60c0a6e63544fc484a.jpg,BG,11,42009011,strong_only,-6.677790345796151,0.9803706540937381,34.546007190196974,-28.415430586659625,2.333143472671509,0.8729877471923828,1.203061819076538,False,True,0.47662121057510376,0.09710479527711868,0.035128580729166664,0.0175192728638649,0.18245498836040497,0.3137851655483246,0.1808251440525055,39373869056.0,0.9919249952739734,174562144.0,0.004397651488502341,145981232.0,0.003677627734671989
BG-12-img-3_jpg.rf.ac2e62d7b1663a60c0a6e63544fc484a.jpg,BG,11,42009011,w1_then_strong,-6.677790345796151,0.9803706540937381,34.546007190196974,-28.415430586659625,2.333143472671509,0.8729877471923828,1.203061819076538,False,True,0.47476455569267273,0.0992731973528862,0.0348046875,0.020752564072608948,0.197174534201622,0.33371612429618835,0.19548000395298004,39092609024.0,0.9904505073310673,203869936.0,0.005165249559495664,173035184.0,0.004384020152599897
BG-12-img-3_jpg.rf.ac2e62d7b1663a60c0a6e63544fc484a.jpg,BG,11,42009011,strong_then_w1,-6.677790345796151,0.9803706540937381,34.546007190196974,-28.415430586659625,2.333143472671509,0.8729877471923828,1.203061819076538,False,True,0.4747450649738312,0.09941336512565613,0.035711263020833335,0.0211336687207222,0.19883763790130615,0.3341767191886902,0.19715800881385803,39088680960.0,0.9903124467843007,206103248.0,0.005221629556288602,176275168.0,0.004465934604138499
BG-21-img-2_jpg.rf.782a5eed29865423babedbe507fbad57.jpg,BG,0,42010000,original,-2.8530152043957617,0.9247471381243082,15.986795838531748,-12.833849698601966,2.2425894737243652,1.3688591718673706,1.2012555599212646,False,False,0.45840680599212646,0.13177521526813507,0.027916666666666666,0.03457842022180557,0.23802968859672546,0.2719218134880066,0.23733235895633698,37708759040.0,0.9879573435908233,206907680.0,0.005420914586038314,252740624.0,0.0066217229593702135
BG-21-img-2_jpg.rf.782a5eed29865423babedbe507fbad57.jpg,BG,0,42010000,w1_only,-2.8530152043957617,0.9247471381243082,15.986795838531748,-12.833849698601966,2.2425894737243652,1.3688591718673706,1.2012555599212646,False,False,0.45660102367401123,0.1340368241071701,0.03801513671875,0.04147059842944145,0.2582493722438812,0.2906064987182617,0.2575835585594177,37444460544.0,0.9855870366776635,244297696.0,0.006430233972389331,303297824.0,0.007983194289464606
BG-21-img-2_jpg.rf.782a5eed29865423babedbe507fbad57.jpg,BG,0,42010000,strong_only,-2.8530152043957617,0.9247471381243082,15.986795838531748,-12.833849698601966,2.2425894737243652,1.3688591718673706,1.2012555599212646,False,False,0.47014009952545166,0.11804104596376419,0.27043538411458334,0.007996500469744205,0.14536461234092712,0.27966004610061646,0.14301230013370514,39228039168.0,0.9951131471843345,131444976.0,0.0033344165684332915,61179812.0,0.0015519724297901954
BG-21-img-2_jpg.rf.782a5eed29865423babedbe507fbad57.jpg,BG,0,42010000,w1_then_strong,-2.8530152043957617,0.9247471381243082,15.986795838531748,-12.833849698601966,2.2425894737243652,1.3688591718673706,1.2012555599212646,False,False,0.46905651688575745,0.11917190253734589,0.26966959635416665,0.009614021517336369,0.15587478876113892,0.2933470606803894,0.1534668356180191,39069892608.0,0.994273820496041,151277248.0,0.0038497932111614948,73730456.0,0.0018763364135540152
BG-21-img-2_jpg.rf.782a5eed29865423babedbe507fbad57.jpg,BG,0,42010000,strong_then_w1,-2.8530152043957617,0.9247471381243082,15.986795838531748,-12.833849698601966,2.2425894737243652,1.3688591718673706,1.2012555599212646,False,False,0.4688742160797119,0.11926187574863434,0.2735904947916667,0.009561450220644474,0.1565297544002533,0.2956104874610901,0.15409362316131592,39043321856.0,0.9942319893868605,153287744.0,0.003903448052597581,73228096.0,0.001864741833023707
BG-21-img-2_jpg.rf.782a5eed29865423babedbe507fbad57.jpg,BG,1,42010001,original,7.3400343726863255,0.8885558843210747,21.198756066985766,-39.99186207468415,3.5816941261291504,1.401120901107788,0.7171789407730103,True,True,0.45840680599212646,0.13177521526813507,0.027916666666666666,0.03457842022180557,0.23802968859672546,0.2719218134880066,0.23733235895633698,37708759040.0,0.9879573435908233,206907680.0,0.005420914586038314,252740624.0,0.0066217229593702135
BG-21-img-2_jpg.rf.782a5eed29865423babedbe507fbad57.jpg,BG,1,42010001,w1_only,7.3400343726863255,0.8885558843210747,21.198756066985766,-39.99186207468415,3.5816941261291504,1.401120901107788,0.7171789407730103,True,True,0.45660102367401123,0.1340368241071701,0.03801513671875,0.04147059842944145,0.2582493722438812,0.2906064987182617,0.2575835585594177,37444460544.0,0.9855870366776635,244297696.0,0.006430233972389331,303297824.0,0.007983194289464606
BG-21-img-2_jpg.rf.782a5eed29865423babedbe507fbad57.jpg,BG,1,42010001,strong_only,7.3400343726863255,0.8885558843210747,21.198756066985766,-39.99186207468415,3.5816941261291504,1.401120901107788,0.7171789407730103,True,True,0.2810535728931427,0.07186362147331238,0.17176839192708335,0.0038300922606140375,0.09139853715896606,0.17541749775409698,0.09004054218530655,14036655104.0,0.9941717566489371,52575504.0,0.0037237561784565177,29714760.0,0.0021046021953751047
BG-21-img-2_jpg.rf.782a5eed29865423babedbe507fbad57.jpg,BG,1,42010001,w1_then_strong,7.3400343726863255,0.8885558843210747,21.198756066985766,-39.99186207468415,3.5816941261291504,1.401120901107788,0.7171789407730103,True,True,0.28047171235084534,0.07263943552970886,0.17284423828125,0.0045849294401705265,0.09785416722297668,0.18427295982837677,0.09645736962556839,13986948096.0,0.9931833899190693,60402308.0,0.004289039224756391,35588948.0,0.0025270953874778346
BG-21-img-2_jpg.rf.782a5eed29865423babedbe507fbad57.jpg,BG,1,42010001,strong_then_w1,7.3400343726863255,0.8885558843210747,21.198756066985766,-39.99186207468415,3.5816941261291504,1.401120901107788,0.7171789407730103,True,True,0.27982211112976074,0.07277707010507584,0.17465983072916666,0.004598620813339949,0.09918539971113205,0.18616172671318054,0.09777962416410446,13928065024.0,0.9930718157709865,61450932.0,0.004381454891035079,35718288.0,0.002546715933567933
BG-21-img-2_jpg.rf.782a5eed29865423babedbe507fbad57.jpg,BG,2,42010002,original,3.5714576039968904,0.507561428488699,21.075498890105337,-44.91097519692772,-2.5556890964508057,1.1237083673477173,0.9402077794075012,False,False,0.45840680599212646,0.13177521526813507,0.027916666666666666,0.03457842022180557,0.23802968859672546,0.2719218134880066,0.23733235895633698,37708759040.0,0.9879573435908233,206907680.0,0.005420914586038314,252740624.0,0.0066217229593702135
BG-21-img-2_jpg.rf.782a5eed29865423babedbe507fbad57.jpg,BG,2,42010002,w1_only,3.5714576039968904,0.507561428488699,21.075498890105337,-44.91097519692772,-2.5556890964508057,1.1237083673477173,0.9402077794075012,False,False,0.45660102367401123,0.1340368241071701,0.03801513671875,0.04147059842944145,0.2582493722438812,0.2906064987182617,0.2575835585594177,37444460544.0,0.9855870366776635,244297696.0,0.006430233972389331,303297824.0,0.007983194289464606
BG-21-img-2_jpg.rf.782a5eed29865423babedbe507fbad57.jpg,BG,2,42010002,strong_only,3.5714576039968904,0.507561428488699,21.075498890105337,-44.91097519692772,-2.5556890964508057,1.1237083673477173,0.9402077794075012,False,False,0.42426368594169617,0.05965687334537506,0.03613932291666667,0.005746528040617704,0.051390424370765686,0.33123350143432617,0.0499337837100029,30713638912.0,0.9973239581425556,41773940.0,0.0013564706971837186,40630756.0,0.0013193495734044134
BG-21-img-2_jpg.rf.782a5eed29865423babedbe507fbad57.jpg,BG,2,42010002,w1_then_strong,3.5714576039968904,0.507561428488699,21.075498890105337,-44.91097519692772,-2.5556890964508057,1.1237083673477173,0.9402077794075012,False,False,0.4238830804824829,0.06022529676556587,0.03650227864583333,0.006842650938779116,0.054321203380823135,0.3416711688041687,0.05282549187541008,30658807808.0,0.9969261359621782,46111980.0,0.001499413751860564,48417216.0,0.0015743726358573918
BG-21-img-2_jpg.rf.782a5eed29865423babedbe507fbad57.jpg,BG,2,42010002,strong_then_w1,3.5714576039968904,0.507561428488699,21.075498890105337,-44.91097519692772,-2.5556890964508057,1.1237083673477173,0.9402077794075012,False,False,0.42375218868255615,0.06057528778910637,0.037067057291666664,0.006912965793162584,0.05564325675368309,0.3504273295402527,0.05410885810852051,30643619840.0,0.9968071961798275,49244144.0,0.0016018641846235512,48903440.0,0.001590781414352268
BG-21-img-2_jpg.rf.782a5eed29865423babedbe507fbad57.jpg,BG,3,42010003,original,-8.173980748461943,1.0686221606200386,39.206854882550374,8.075141558370206,8.065581321716309,1.1704075336456299,1.0774524211883545,False,True,0.45840680599212646,0.13177521526813507,0.027916666666666666,0.03457842022180557,0.23802968859672546,0.2719218134880066,0.23733235895633698,37708759040.0,0.9879573435908233,206907680.0,0.005420914586038314,252740624.0,0.0066217229593702135
BG-21-img-2_jpg.rf.782a5eed29865423babedbe507fbad57.jpg,BG,3,42010003,w1_only,-8.173980748461943,1.0686221606200386,39.206854882550374,8.075141558370206,8.065581321716309,1.1704075336456299,1.0774524211883545,False,True,0.45660102367401123,0.1340368241071701,0.03801513671875,0.04147059842944145,0.2582493722438812,0.2906064987182617,0.2575835585594177,37444460544.0,0.9855870366776635,244297696.0,0.006430233972389331,303297824.0,0.007983194289464606
BG-21-img-2_jpg.rf.782a5eed29865423babedbe507fbad57.jpg,BG,3,42010003,strong_only,-8.173980748461943,1.0686221606200386,39.206854882550374,8.075141558370206,8.065581321716309,1.1704075336456299,1.0774524211883545,False,True,0.3789359927177429,0.1448344886302948,0.15723876953125,0.008498866111040115,0.18306495249271393,0.24809899926185608,0.18153341114521027,27372396544.0,0.9913873340879454,169505328.0,0.006139229897882586,68288464.0,0.0024733062070431125
BG-21-img-2_jpg.rf.782a5eed29865423babedbe507fbad57.jpg,BG,3,42010003,w1_then_strong,-8.173980748461943,1.0686221606200386,39.206854882550374,8.075141558370206,8.065581321716309,1.1704075336456299,1.0774524211883545,False,True,0.37762877345085144,0.14570103585720062,0.15945231119791667,0.010156367905437946,0.19690178334712982,0.26346877217292786,0.19533415138721466,27206715392.0,0.9898208386840318,198157408.0,0.007209261719100717,81627976.0,0.002969747376714133
BG-21-img-2_jpg.rf.782a5eed29865423babedbe507fbad57.jpg,BG,3,42010003,strong_then_w1,-8.173980748461943,1.0686221606200386,39.206854882550374,8.075141558370206,8.065581321716309,1.1704075336456299,1.0774524211883545,False,True,0.37734198570251465,0.14592713117599487,0.1612451171875,0.010195919312536716,0.19756890833377838,0.26322221755981445,0.19602279365062714,27180351488.0,0.989771720895337,198834816.0,0.00724056412931652,82048984.0,0.0029878114021905755
BG-21-img-2_jpg.rf.782a5eed29865423babedbe507fbad57.jpg,BG,4,42010004,original,9.980872853296063,0.7622777817405293,-29.91962567401407,-39.226828199173326,7.862152576446533,1.3842451572418213,1.3408323526382446,True,True,0.45840680599212646,0.13177521526813507,0.027916666666666666,0.03457842022180557,0.23802968859672546,0.2719218134880066,0.23733235895633698,37708759040.0,0.9879573435908233,206907680.0,0.005420914586038314,252740624.0,0.0066217229593702135
BG-21-img-2_jpg.rf.782a5eed29865423babedbe507fbad57.jpg,BG,4,42010004,w1_only,9.980872853296063,0.7622777817405293,-29.91962567401407,-39.226828199173326,7.862152576446533,1.3842451572418213,1.3408323526382446,True,True,0.45660102367401123,0.1340368241071701,0.03801513671875,0.04147059842944145,0.2582493722438812,0.2906064987182617,0.2575835585594177,37444460544.0,0.9855870366776635,244297696.0,0.006430233972389331,303297824.0,0.007983194289464606
BG-21-img-2_jpg.rf.782a5eed29865423babedbe507fbad57.jpg,BG,4,42010004,strong_only,9.980872853296063,0.7622777817405293,-29.91962567401407,-39.226828199173326,7.862152576446533,1.3842451572418213,1.3408323526382446,True,True,0.491968035697937,0.1457924097776413,0.2634733072916667,0.007790077477693558,0.1034693792462349,0.3000573217868805,0.10114125907421112,43996049408.0,0.9960074293323244,118462520.0,0.002681821472724651,57895372.0,0.0013106681488877794
BG-21-img-2_jpg.rf.782a5eed29865423babedbe507fbad57.jpg,BG,4,42010004,w1_then_strong,9.980872853296063,0.7622777817405293,-29.91962567401407,-39.226828199173326,7.862152576446533,1.3842451572418213,1.3408323526382446,True,True,0.4914938807487488,0.14631646871566772,0.2624178059895833,0.00920172967016697,0.10945402830839157,0.31371942162513733,0.10703497380018234,43920232448.0,0.9954758159188484,131235656.0,0.0029745271018071394,68369008.0,0.0015496205331550223
BG-21-img-2_jpg.rf.782a5eed29865423babedbe507fbad57.jpg,BG,4,42010004,strong_then_w1,9.980872853296063,0.7622777817405293,-29.91962567401407,-39.226828199173326,7.862152576446533,1.3842451572418213,1.3408323526382446,True,True,0.491068035364151,0.14704027771949768,0.2656477864583333,0.009284229949116707,0.11121650785207748,0.31718361377716064,0.10877731442451477,43878825984.0,0.9953175698859453,137344560.0,0.003115430976801916,69101952.0,0.001567461877035968
BG-21-img-2_jpg.rf.782a5eed29865423babedbe507fbad57.jpg,BG,5,42010005,original,5.7843794019944035,0.7630515860812768,-21.332231077475,-29.944862075671722,0.10569064319133759,0.9137536883354187,1.267828106880188,False,True,0.45840680599212646,0.13177521526813507,0.027916666666666666,0.03457842022180557,0.23802968859672546,0.2719218134880066,0.23733235895633698,37708759040.0,0.9879573435908233,206907680.0,0.005420914586038314,252740624.0,0.0066217229593702135
BG-21-img-2_jpg.rf.782a5eed29865423babedbe507fbad57.jpg,BG,5,42010005,w1_only,5.7843794019944035,0.7630515860812768,-21.332231077475,-29.944862075671722,0.10569064319133759,0.9137536883354187,1.267828106880188,False,True,0.45660102367401123,0.1340368241071701,0.03801513671875,0.04147059842944145,0.2582493722438812,0.2906064987182617,0.2575835585594177,37444460544.0,0.9855870366776635,244297696.0,0.006430233972389331,303297824.0,0.007983194289464606
BG-21-img-2_jpg.rf.782a5eed29865423babedbe507fbad57.jpg,BG,5,42010005,strong_only,5.7843794019944035,0.7630515860812768,-21.332231077475,-29.944862075671722,0.10569064319133759,0.9137536883354187,1.267828106880188,False,True,0.5746122002601624,0.10615145415067673,0.09324055989583334,0.009014634415507317,0.11262526363134384,0.3178693354129791,0.1101946085691452,57111715840.0,0.9969689000507805,107044752.0,0.0018686234004355311,66599204.0,0.0011625869434942464
BG-21-img-2_jpg.rf.782a5eed29865423babedbe507fbad57.jpg,BG,5,42010005,w1_then_strong,5.7843794019944035,0.7630515860812768,-21.332231077475,-29.944862075671722,0.10569064319133759,0.9137536883354187,1.267828106880188,False,True,0.5734942555427551,0.10723994672298431,0.09121012369791667,0.010889782570302486,0.12085308134555817,0.3335035443305969,0.11833472549915314,56906182656.0,0.9964493750670605,122105792.0,0.0021381198747064396,80668568.0,0.0014125379777636421
BG-21-img-2_jpg.rf.782a5eed29865423babedbe507fbad57.jpg,BG,5,42010005,strong_then_w1,5.7843794019944035,0.7630515860812768,-21.332231077475,-29.944862075671722,0.10569064319133759,0.9137536883354187,1.267828106880188,False,True,0.573321521282196,0.10740908980369568,0.09401448567708333,0.010890159755945206,0.12202072143554688,0.336556613445282,0.11948004364967346,56875270144.0,0.9963816705079201,125969920.0,0.0022068311764597403,80575552.0,0.001411580163058395
BG-21-img-2_jpg.rf.782a5eed29865423babedbe507fbad57.jpg,BG,6,42010006,original,3.726351279004165,1.3008363732421868,48.174358738345404,-42.859735853634845,6.50820779800415,1.0362070798873901,0.6599969863891602,False,False,0.45840680599212646,0.13177521526813507,0.027916666666666666,0.03457842022180557,0.23802968859672546,0.2719218134880066,0.23733235895633698,37708759040.0,0.9879573435908233,206907680.0,0.005420914586038314,252740624.0,0.0066217229593702135
BG-21-img-2_jpg.rf.782a5eed29865423babedbe507fbad57.jpg,BG,6,42010006,w1_only,3.726351279004165,1.3008363732421868,48.174358738345404,-42.859735853634845,6.50820779800415,1.0362070798873901,0.6599969863891602,False,False,0.45660102367401123,0.1340368241071701,0.03801513671875,0.04147059842944145,0.2582493722438812,0.2906064987182617,0.2575835585594177,37444460544.0,0.9855870366776635,244297696.0,0.006430233972389331,303297824.0,0.007983194289464606
BG-21-img-2_jpg.rf.782a5eed29865423babedbe507fbad57.jpg,BG,6,42010006,strong_only,3.726351279004165,1.3008363732421868,48.174358738345404,-42.859735853634845,6.50820779800415,1.0362070798873901,0.6599969863891602,False,False,0.26148223876953125,0.09658269584178925,0.07440592447916666,0.002541947178542614,0.12618093192577362,0.1397523581981659,0.12570245563983917,12944515072.0,0.9929750144534097,70297088.0,0.005392496480908931,21279356.0,0.0016323414754535542
BG-21-img-2_jpg.rf.782a5eed29865423babedbe507fbad57.jpg,BG,6,42010006,w1_then_strong,3.726351279004165,1.3008363732421868,48.174358738345404,-42.859735853634845,6.50820779800415,1.0362070798873901,0.6599969863891602,False,False,0.26042380928993225,0.09727049618959427,0.07699869791666666,0.0030348021537065506,0.13636018335819244,0.14943669736385345,0.13589908182621002,12857188352.0,0.9916245567311123,83307104.0,0.00642515049285269,25290256.0,0.0019505383454785645
BG-21-img-2_jpg.rf.782a5eed29865423babedbe507fbad57.jpg,BG,6,42010006,strong_then_w1,3.726351279004165,1.3008363732421868,48.174358738345404,-42.859735853634845,6.50820779800415,1.0362070798873901,0.6599969863891602,False,False,0.25966569781303406,0.09727643430233002,0.08042887369791667,0.003085475182160735,0.13689084351062775,0.14989179372787476,0.1364324688911438,12790886400.0,0.9915545094213991,83091376.0,0.006441275920238727,25853552.0,0.0020041774485746846
BG-21-img-2_jpg.rf.782a5eed29865423babedbe507fbad57.jpg,BG,7,42010007,original,8.79402074020146,0.6090404344304277,-8.696412763200954,-29.714526846139734,-3.7083652019500732,0.7016995549201965,1.2976940870285034,False,False,0.45840680599212646,0.13177521526813507,0.027916666666666666,0.03457842022180557,0.23802968859672546,0.2719218134880066,0.23733235895633698,37708759040.0,0.9879573435908233,206907680.0,0.005420914586038314,252740624.0,0.0066217229593702135
BG-21-img-2_jpg.rf.782a5eed29865423babedbe507fbad57.jpg,BG,7,42010007,w1_only,8.79402074020146,0.6090404344304277,-8.696412763200954,-29.714526846139734,-3.7083652019500732,0.7016995549201965,1.2976940870285034,False,False,0.45660102367401123,0.1340368241071701,0.03801513671875,0.04147059842944145,0.2582493722438812,0.2906064987182617,0.2575835585594177,37444460544.0,0.9855870366776635,244297696.0,0.006430233972389331,303297824.0,0.007983194289464606
BG-21-img-2_jpg.rf.782a5eed29865423babedbe507fbad57.jpg,BG,7,42010007,strong_only,8.79402074020146,0.6090404344304277,-8.696412763200954,-29.714526846139734,-3.7083652019500732,0.7016995549201965,1.2976940870285034,False,False,0.6201490163803101,0.10749495029449463,0.07376139322916667,0.0068785930052399635,0.0709943100810051,0.3505966365337372,0.06888629496097565,66329743360.0,0.9980215565411,82310736.0,0.0012384774115122336,49180464.0,0.0007399872326702387
BG-21-img-2_jpg.rf.782a5eed29865423babedbe507fbad57.jpg,BG,7,42010007,w1_then_strong,8.79402074020146,0.6090404344304277,-8.696412763200954,-29.714526846139734,-3.7083652019500732,0.7016995549201965,1.2976940870285034,False,False,0.6195236444473267,0.10785093158483505,0.07206705729166667,0.008220059797167778,0.07518063485622406,0.3655562698841095,0.07299137860536575,66194857984.0,0.9977517198885986,90340216.0,0.0013616934703734025,58822768.0,0.0008866325833767048
BG-21-img-2_jpg.rf.782a5eed29865423babedbe507fbad57.jpg,BG,7,42010007,strong_then_w1,8.79402074020146,0.6090404344304277,-8.696412763200954,-29.714526846139734,-3.7083652019500732,0.7016995549201965,1.2976940870285034,False,False,0.6193369030952454,0.108125239610672,0.0743115234375,0.008306300267577171,0.07682832330465317,0.37131741642951965,0.07460808008909225,66159091712.0,0.9976461731768991,96611992.0,0.0014568607519790792,59472604.0,0.0008968172665935094
BG-21-img-2_jpg.rf.782a5eed29865423babedbe507fbad57.jpg,BG,8,42010008,original,-9.980407659931569,1.3465797881089154,-9.688341116330037,-60.355321296928025,-1.4523847103118896,0.8647274971008301,0.9739435315132141,True,True,0.45840680599212646,0.13177521526813507,0.027916666666666666,0.03457842022180557,0.23802968859672546,0.2719218134880066,0.23733235895633698,37708759040.0,0.9879573435908233,206907680.0,0.005420914586038314,252740624.0,0.0066217229593702135
BG-21-img-2_jpg.rf.782a5eed29865423babedbe507fbad57.jpg,BG,8,42010008,w1_only,-9.980407659931569,1.3465797881089154,-9.688341116330037,-60.355321296928025,-1.4523847103118896,0.8647274971008301,0.9739435315132141,True,True,0.45660102367401123,0.1340368241071701,0.03801513671875,0.04147059842944145,0.2582493722438812,0.2906064987182617,0.2575835585594177,37444460544.0,0.9855870366776635,244297696.0,0.006430233972389331,303297824.0,0.007983194289464606
BG-21-img-2_jpg.rf.782a5eed29865423babedbe507fbad57.jpg,BG,8,42010008,strong_only,-9.980407659931569,1.3465797881089154,-9.688341116330037,-60.355321296928025,-1.4523847103118896,0.8647274971008301,0.9739435315132141,True,True,0.48250240087509155,0.14110857248306274,0.0,0.005999838933348656,0.19176776707172394,0.20401959121227264,0.19130267202854156,42195558400.0,0.9951922524230258,152587200.0,0.0035988053012452306,51259404.0,0.0012089652005795439
BG-21-img-2_jpg.rf.782a5eed29865423babedbe507fbad57.jpg,BG,8,42010008,w1_then_strong,-9.980407659931569,1.3465797881089154,-9.688341116330037,-60.355321296928025,-1.4523847103118896,0.8647274971008301,0.9739435315132141,True,True,0.48073601722717285,0.14237013459205627,1.6276041666666668e-06,0.007174668367952108,0.2077362984418869,0.21861062943935394,0.20732347667217255,41931468800.0,0.9942504036614828,181431904.0,0.004301989626203396,61050512.0,0.0014475881226402496
BG-21-img-2_jpg.rf.782a5eed29865423babedbe507fbad57.jpg,BG,8,42010008,strong_then_w1,-9.980407659931569,1.3465797881089154,-9.688341116330037,-60.355321296928025,-1.4523847103118896,0.8647274971008301,0.9739435315132141,True,True,0.4805107116699219,0.14228951930999756,6.510416666666667e-06,0.00726222712546587,0.20771169662475586,0.2175123542547226,0.20733965933322906,41890877440.0,0.9942349090581037,180709824.0,0.004288953261670948,62182656.0,0.0014758384429092385
BG-21-img-2_jpg.rf.782a5eed29865423babedbe507fbad57.jpg,BG,9,42010009,original,-3.4377318269398183,0.5596529543769219,-8.361264174281189,-20.792042382936415,-2.201871395111084,1.3339829444885254,1.1158379316329956,True,True,0.45840680599212646,0.13177521526813507,0.027916666666666666,0.03457842022180557,0.23802968859672546,0.2719218134880066,0.23733235895633698,37708759040.0,0.9879573435908233,206907680.0,0.005420914586038314,252740624.0,0.0066217229593702135
BG-21-img-2_jpg.rf.782a5eed29865423babedbe507fbad57.jpg,BG,9,42010009,w1_only,-3.4377318269398183,0.5596529543769219,-8.361264174281189,-20.792042382936415,-2.201871395111084,1.3339829444885254,1.1158379316329956,True,True,0.45660102367401123,0.1340368241071701,0.03801513671875,0.04147059842944145,0.2582493722438812,0.2906064987182617,0.2575835585594177,37444460544.0,0.9855870366776635,244297696.0,0.006430233972389331,303297824.0,0.007983194289464606
BG-21-img-2_jpg.rf.782a5eed29865423babedbe507fbad57.jpg,BG,9,42010009,strong_only,-3.4377318269398183,0.5596529543769219,-8.361264174281189,-20.792042382936415,-2.201871395111084,1.3339829444885254,1.1158379316329956,True,True,0.49769970774650574,0.07025448977947235,0.07691975911458333,0.006380137987434864,0.0629970133304596,0.3627694547176361,0.061095353215932846,42282668032.0,0.997561014735379,57932344.0,0.0013667786484736991,45455684.0,0.0010724209319575874
BG-21-img-2_jpg.rf.782a5eed29865423babedbe507fbad57.jpg,BG,9,42010009,w1_then_strong,-3.4377318269398183,0.5596529543769219,-8.361264174281189,-20.792042382936415,-2.201871395111084,1.3339829444885254,1.1158379316329956,True,True,0.4972117245197296,0.07102131843566895,0.07723795572916667,0.0076126111671328545,0.06659382581710815,0.37413567304611206,0.06464286893606186,42204352512.0,0.9972018954564578,64134728.0,0.001515371484682768,54298416.0,0.001282959698056918
BG-21-img-2_jpg.rf.782a5eed29865423babedbe507fbad57.jpg,BG,9,42010009,strong_then_w1,-3.4377318269398183,0.5596529543769219,-8.361264174281189,-20.792042382936415,-2.201871395111084,1.3339829444885254,1.1158379316329956,True,True,0.49713757634162903,0.07135716825723648,0.07850016276041667,0.0076219006441533566,0.06793335825204849,0.3835783004760742,0.06593099236488342,42196242432.0,0.9971118860325973,67875600.0,0.0016039240375647428,54338648.0,0.0012840411531679916
BG-21-img-2_jpg.rf.782a5eed29865423babedbe507fbad57.jpg,BG,10,42010010,original,-9.776878134707832,0.5355167936206315,4.318975885326438,35.39917371416675,4.016116619110107,1.3189730644226074,1.2201507091522217,False,False,0.45840680599212646,0.13177521526813507,0.027916666666666666,0.03457842022180557,0.23802968859672546,0.2719218134880066,0.23733235895633698,37708759040.0,0.9879573435908233,206907680.0,0.005420914586038314,252740624.0,0.0066217229593702135
BG-21-img-2_jpg.rf.782a5eed29865423babedbe507fbad57.jpg,BG,10,42010010,w1_only,-9.776878134707832,0.5355167936206315,4.318975885326438,35.39917371416675,4.016116619110107,1.3189730644226074,1.2201507091522217,False,False,0.45660102367401123,0.1340368241071701,0.03801513671875,0.04147059842944145,0.2582493722438812,0.2906064987182617,0.2575835585594177,37444460544.0,0.9855870366776635,244297696.0,0.006430233972389331,303297824.0,0.007983194289464606
BG-21-img-2_jpg.rf.782a5eed29865423babedbe507fbad57.jpg,BG,10,42010010,strong_only,-9.776878134707832,0.5355167936206315,4.318975885326438,35.39917371416675,4.016116619110107,1.3189730644226074,1.2201507091522217,False,False,0.5155556201934814,0.08447542041540146,0.09267578125,0.006025436334311962,0.05812642723321915,0.38290518522262573,0.05624188855290413,45690335232.0,0.997808462679506,57682992.0,0.0012597101176435124,42660916.0,0.0009316504856949861
BG-21-img-2_jpg.rf.782a5eed29865423babedbe507fbad57.jpg,BG,10,42010010,w1_then_strong,-9.776878134707832,0.5355167936206315,4.318975885326438,35.39917371416675,4.016116619110107,1.3189730644226074,1.2201507091522217,False,False,0.5152038335800171,0.08522704988718033,0.0924560546875,0.007146735209971666,0.06106292083859444,0.395150750875473,0.05912437289953232,45637746688.0,0.9975195470187562,62900676.0,0.0013748411870472923,50587996.0,0.0011057188077117593
BG-21-img-2_jpg.rf.782a5eed29865423babedbe507fbad57.jpg,BG,10,42010010,strong_then_w1,-9.776878134707832,0.5355167936206315,4.318975885326438,35.39917371416675,4.016116619110107,1.3189730644226074,1.2201507091522217,False,False,0.5151636600494385,0.08558536320924759,0.093896484375,0.007190071977674961,0.0623389296233654,0.40457114577293396,0.06035313010215759,45636526080.0,0.997420180281218,67124512.0,0.00146705607571804,50915532.0,0.0011127967763701029
BG-21-img-2_jpg.rf.782a5eed29865423babedbe507fbad57.jpg,BG,11,42010011,original,-2.68711504213345,0.7675502847862594,51.051896221091,52.09048922818977,-4.617066860198975,1.1236622333526611,1.0325210094451904,False,True,0.45840680599212646,0.13177521526813507,0.027916666666666666,0.03457842022180557,0.23802968859672546,0.2719218134880066,0.23733235895633698,37708759040.0,0.9879573435908233,206907680.0,0.005420914586038314,252740624.0,0.0066217229593702135
BG-21-img-2_jpg.rf.782a5eed29865423babedbe507fbad57.jpg,BG,11,42010011,w1_only,-2.68711504213345,0.7675502847862594,51.051896221091,52.09048922818977,-4.617066860198975,1.1236622333526611,1.0325210094451904,False,True,0.45660102367401123,0.1340368241071701,0.03801513671875,0.04147059842944145,0.2582493722438812,0.2906064987182617,0.2575835585594177,37444460544.0,0.9855870366776635,244297696.0,0.006430233972389331,303297824.0,0.007983194289464606
BG-21-img-2_jpg.rf.782a5eed29865423babedbe507fbad57.jpg,BG,11,42010011,strong_only,-2.68711504213345,0.7675502847862594,51.051896221091,52.09048922818977,-4.617066860198975,1.1236622333526611,1.0325210094451904,False,True,0.48451220989227295,0.10405349731445312,0.08415364583333333,0.010327734984457493,0.12122955173254013,0.2954588830471039,0.11913572996854782,41018413056.0,0.9955602589542416,105069192.0,0.002550140393116259,77852136.0,0.0018895536638749487
BG-21-img-2_jpg.rf.782a5eed29865423babedbe507fbad57.jpg,BG,11,42010011,w1_then_strong,-2.68711504213345,0.7675502847862594,51.051896221091,52.09048922818977,-4.617066860198975,1.1236622333526611,1.0325210094451904,False,True,0.483535498380661,0.10493355244398117,0.08529296875,0.012351220473647118,0.12975017726421356,0.3093605935573578,0.12759168446063995,40859815936.0,0.9947958296032591,120445840.0,0.00293244148511921,93301296.0,0.0022715653027600372
BG-21-img-2_jpg.rf.782a5eed29865423babedbe507fbad57.jpg,BG,11,42010011,strong_then_w1,-2.68711504213345,0.7675502847862594,51.051896221091,52.09048922818977,-4.617066860198975,1.1236622333526611,1.0325210094451904,False,True,0.483410120010376,0.10521230846643448,0.08634440104166667,0.012404181063175201,0.1312013566493988,0.3126683533191681,0.12902052700519562,40845742080.0,0.9947074182527089,123734080.0,0.0030132689724577076,93597360.0,0.002279356025372752
BG-41-img-2_jpg.rf.698ab1840c3193a59221e2eeb28f7b3c.jpg,BG,0,42011000,original,8.787247045026753,1.1949284692340765,18.510206159700942,-47.936469332167064,5.211174488067627,1.1226263046264648,0.8566731214523315,True,False,0.38739895820617676,0.08804202824831009,9.033203125e-05,0.001959671266376972,0.05425715819001198,0.09313500672578812,0.05366786569356918,26434920448.0,0.9983214969815253,29373378.0,0.0011092930941119133,15073429.0,0.000569251881560447
BG-41-img-2_jpg.rf.698ab1840c3193a59221e2eeb28f7b3c.jpg,BG,0,42011000,w1_only,8.787247045026753,1.1949284692340765,18.510206159700942,-47.936469332167064,5.211174488067627,1.1226263046264648,0.8566731214523315,True,False,0.3854036033153534,0.08856703341007233,0.00021321614583333332,0.0024750640150159597,0.06190270557999611,0.09933094680309296,0.06133535876870155,26182014976.0,0.9979341410569892,35171520.0,0.001340571404952691,19028060.0,0.0007252593327704944
BG-41-img-2_jpg.rf.698ab1840c3193a59221e2eeb28f7b3c.jpg,BG,0,42011000,strong_only,8.787247045026753,1.1949284692340765,18.510206159700942,-47.936469332167064,5.211174488067627,1.1226263046264648,0.8566731214523315,True,False,0.26083099842071533,0.06912640482187271,0.22937744140625,0.0004965981934219599,0.03926333785057068,0.0674099549651146,0.038649722933769226,12192662528.0,0.9981140703279588,18858630.0,0.0015438025867510466,4177943.5,0.00034201423871191706
BG-41-img-2_jpg.rf.698ab1840c3193a59221e2eeb28f7b3c.jpg,BG,0,42011000,w1_then_strong,8.787247045026753,1.1949284692340765,18.510206159700942,-47.936469332167064,5.211174488067627,1.1226263046264648,0.8566731214523315,True,False,0.2597504258155823,0.06949117034673691,0.23134602864583334,0.0006065353518351912,0.04339475929737091,0.07178002595901489,0.0427759513258934,12102679552.0,0.9977633732660213,22138336.0,0.0018251182071664749,4989920.0,0.0004113766203703899
BG-41-img-2_jpg.rf.698ab1840c3193a59221e2eeb28f7b3c.jpg,BG,0,42011000,strong_then_w1,8.787247045026753,1.1949284692340765,18.510206159700942,-47.936469332167064,5.211174488067627,1.1226263046264648,0.8566731214523315,True,False,0.2592604458332062,0.06957774609327316,0.23249104817708333,0.0006456142873503268,0.045765265822410583,0.0734071135520935,0.045162659138441086,12061241344.0,0.9976902925200308,22527182.0,0.0018634193743592145,5396046.5,0.00044635399106036564
BG-41-img-2_jpg.rf.698ab1840c3193a59221e2eeb28f7b3c.jpg,BG,1,42011001,original,-4.510528093412183,1.1854790736608294,-49.12346751595226,33.674658420013884,-1.2688254117965698,1.1185358762741089,0.6612287759780884,False,True,0.38739895820617676,0.08804202824831009,9.033203125e-05,0.001959671266376972,0.05425715819001198,0.09313500672578812,0.05366786569356918,26434920448.0,0.9983214969815253,29373378.0,0.0011092930941119133,15073429.0,0.000569251881560447
BG-41-img-2_jpg.rf.698ab1840c3193a59221e2eeb28f7b3c.jpg,BG,1,42011001,w1_only,-4.510528093412183,1.1854790736608294,-49.12346751595226,33.674658420013884,-1.2688254117965698,1.1185358762741089,0.6612287759780884,False,True,0.3854036033153534,0.08856703341007233,0.00021321614583333332,0.0024750640150159597,0.06190270557999611,0.09933094680309296,0.06133535876870155,26182014976.0,0.9979341410569892,35171520.0,0.001340571404952691,19028060.0,0.0007252593327704944
BG-41-img-2_jpg.rf.698ab1840c3193a59221e2eeb28f7b3c.jpg,BG,1,42011001,strong_only,-4.510528093412183,1.1854790736608294,-49.12346751595226,33.674658420013884,-1.2688254117965698,1.1185358762741089,0.6612287759780884,False,True,0.25503435730934143,0.06454316526651382,0.2573681640625,0.00030498660635203123,0.031679295003414154,0.05041859298944473,0.031277697533369064,11597889536.0,0.998850613942186,10923476.0,0.0009407677728879117,2422682.5,0.00020864984918166323
BG-41-img-2_jpg.rf.698ab1840c3193a59221e2eeb28f7b3c.jpg,BG,1,42011001,w1_then_strong,-4.510528093412183,1.1854790736608294,-49.12346751595226,33.674658420013884,-1.2688254117965698,1.1185358762741089,0.6612287759780884,False,True,0.25415778160095215,0.06489358842372894,0.25927327473958334,0.0003723950358107686,0.035018425434827805,0.0537385568022728,0.03461722657084465,11528082432.0,0.9986249040329023,12956968.0,0.001122402706771119,2917751.75,0.0002527514509479509
BG-41-img-2_jpg.rf.698ab1840c3193a59221e2eeb28f7b3c.jpg,BG,1,42011001,strong_then_w1,-4.510528093412183,1.1854790736608294,-49.12346751595226,33.674658420013884,-1.2688254117965698,1.1185358762741089,0.6612287759780884,False,True,0.25360220670700073,0.06498504430055618,0.2603401692708333,0.00040899819578044116,0.03785613924264908,0.056440241634845734,0.03745785728096962,11482104832.0,0.9985638233450173,13274381.0,0.0011544326443490229,3241255.25,0.0002818821359178747
BG-41-img-2_jpg.rf.698ab1840c3193a59221e2eeb28f7b3c.jpg,BG,2,42011002,original,-8.504734798712363,1.0934278434763287,61.47724473651152,-30.949163376785464,1.8579773902893066,0.7650720477104187,1.078797698020935,False,True,0.38739895820617676,0.08804202824831009,9.033203125e-05,0.001959671266376972,0.05425715819001198,0.09313500672578812,0.05366786569356918,26434920448.0,0.9983214969815253,29373378.0,0.0011092930941119133,15073429.0,0.000569251881560447
BG-41-img-2_jpg.rf.698ab1840c3193a59221e2eeb28f7b3c.jpg,BG,2,42011002,w1_only,-8.504734798712363,1.0934278434763287,61.47724473651152,-30.949163376785464,1.8579773902893066,0.7650720477104187,1.078797698020935,False,True,0.3854036033153534,0.08856703341007233,0.00021321614583333332,0.0024750640150159597,0.06190270557999611,0.09933094680309296,0.06133535876870155,26182014976.0,0.9979341410569892,35171520.0,0.001340571404952691,19028060.0,0.0007252593327704944
BG-41-img-2_jpg.rf.698ab1840c3193a59221e2eeb28f7b3c.jpg,BG,2,42011002,strong_only,-8.504734798712363,1.0934278434763287,61.47724473651152,-30.949163376785464,1.8579773902893066,0.7650720477104187,1.078797698020935,False,True,0.47654643654823303,0.108297199010849,0.0,0.0008384848479181528,0.05359872430562973,0.09189770370721817,0.052902497351169586,40032854016.0,0.9991194263902207,28199064.0,0.0007037777680592215,7083824.0,0.00017679444410085196
BG-41-img-2_jpg.rf.698ab1840c3193a59221e2eeb28f7b3c.jpg,BG,2,42011002,w1_then_strong,-8.504734798712363,1.0934278434763287,61.47724473651152,-30.949163376785464,1.8579773902893066,0.7650720477104187,1.078797698020935,False,True,0.47452446818351746,0.10864817351102829,8.138020833333334e-07,0.0010391173418611288,0.05978865921497345,0.09718892723321915,0.05910876765847206,39716286464.0,0.998943400969339,33392276.0,0.0008398819910764463,8621126.0,0.00021683842305930028
BG-41-img-2_jpg.rf.698ab1840c3193a59221e2eeb28f7b3c.jpg,BG,2,42011002,strong_then_w1,-8.504734798712363,1.0934278434763287,61.47724473651152,-30.949163376785464,1.8579773902893066,0.7650720477104187,1.078797698020935,False,True,0.4746619462966919,0.10872897505760193,8.138020833333334e-07,0.0010973581811413169,0.061696115881204605,0.09790251404047012,0.061037927865982056,39739969536.0,0.9989147178915154,33955236.0,0.0008535080772810743,9222494.0,0.00023181912567700146
BG-41-img-2_jpg.rf.698ab1840c3193a59221e2eeb28f7b3c.jpg,BG,3,42011003,original,8.581352104290872,0.7228847038571566,-45.85998591474123,54.283492552347525,-7.420897006988525,1.2644016742706299,1.1752119064331055,True,False,0.38739895820617676,0.08804202824831009,9.033203125e-05,0.001959671266376972,0.05425715819001198,0.09313500672578812,0.05366786569356918,26434920448.0,0.9983214969815253,29373378.0,0.0011092930941119133,15073429.0,0.000569251881560447
BG-41-img-2_jpg.rf.698ab1840c3193a59221e2eeb28f7b3c.jpg,BG,3,42011003,w1_only,8.581352104290872,0.7228847038571566,-45.85998591474123,54.283492552347525,-7.420897006988525,1.2644016742706299,1.1752119064331055,True,False,0.3854036033153534,0.08856703341007233,0.00021321614583333332,0.0024750640150159597,0.06190270557999611,0.09933094680309296,0.06133535876870155,26182014976.0,0.9979341410569892,35171520.0,0.001340571404952691,19028060.0,0.0007252593327704944
BG-41-img-2_jpg.rf.698ab1840c3193a59221e2eeb28f7b3c.jpg,BG,3,42011003,strong_only,8.581352104290872,0.7228847038571566,-45.85998591474123,54.283492552347525,-7.420897006988525,1.2644016742706299,1.1752119064331055,True,False,0.5300086140632629,0.09344599395990372,0.1431298828125,0.001144338515587151,0.03698938712477684,0.11797121912240982,0.03635174036026001,48559882240.0,0.9993033373638336,25649424.0,0.00052783396133417,8218296.5,0.00016912255015994688
BG-41-img-2_jpg.rf.698ab1840c3193a59221e2eeb28f7b3c.jpg,BG,3,42011003,w1_then_strong,8.581352104290872,0.7228847038571566,-45.85998591474123,54.283492552347525,-7.420897006988525,1.2644016742706299,1.1752119064331055,True,False,0.5290977954864502,0.09373164176940918,0.14337972005208333,0.0013953291345387697,0.03987225145101547,0.12398917973041534,0.039209913462400436,48401612800.0,0.99918918614972,29190446.0,0.0006025992997920794,10078659.0,0.00020806098187890445
BG-41-img-2_jpg.rf.698ab1840c3193a59221e2eeb28f7b3c.jpg,BG,3,42011003,strong_then_w1,8.581352104290872,0.7228847038571566,-45.85998591474123,54.283492552347525,-7.420897006988525,1.2644016742706299,1.1752119064331055,True,False,0.5291280150413513,0.09384197741746902,0.1433984375,0.001419643172994256,0.041131649166345596,0.12470872700214386,0.040473561733961105,48409059328.0,0.9991601677026909,30453036.0,0.0006285488910381846,10226841.0,0.00021108140316038895
BG-41-img-2_jpg.rf.698ab1840c3193a59221e2eeb28f7b3c.jpg,BG,4,42011004,original,-2.157543137983147,1.3157553604805807,-50.96212272373259,19.163882556975295,6.6140522956848145,0.5075982213020325,1.3189170360565186,False,True,0.38739895820617676,0.08804202824831009,9.033203125e-05,0.001959671266376972,0.05425715819001198,0.09313500672578812,0.05366786569356918,26434920448.0,0.9983214969815253,29373378.0,0.0011092930941119133,15073429.0,0.000569251881560447
BG-41-img-2_jpg.rf.698ab1840c3193a59221e2eeb28f7b3c.jpg,BG,4,42011004,w1_only,-2.157543137983147,1.3157553604805807,-50.96212272373259,19.163882556975295,6.6140522956848145,0.5075982213020325,1.3189170360565186,False,True,0.3854036033153534,0.08856703341007233,0.00021321614583333332,0.0024750640150159597,0.06190270557999611,0.09933094680309296,0.06133535876870155,26182014976.0,0.9979341410569892,35171520.0,0.001340571404952691,19028060.0,0.0007252593327704944
BG-41-img-2_jpg.rf.698ab1840c3193a59221e2eeb28f7b3c.jpg,BG,4,42011004,strong_only,-2.157543137983147,1.3157553604805807,-50.96212272373259,19.163882556975295,6.6140522956848145,0.5075982213020325,1.3189170360565186,False,True,0.620988130569458,0.16399970650672913,0.12370768229166666,0.0009910904336720705,0.0677054151892662,0.10361194610595703,0.06675316393375397,69154373632.0,0.9992004451466902,47375204.0,0.0006845167187489458,7980292.5,0.0001153059654741924
BG-41-img-2_jpg.rf.698ab1840c3193a59221e2eeb28f7b3c.jpg,BG,4,42011004,w1_then_strong,-2.157543137983147,1.3157553604805807,-50.96212272373259,19.163882556975295,6.6140522956848145,0.5075982213020325,1.3189170360565186,False,True,0.6190633177757263,0.16485317051410675,0.12105387369791666,0.0012046886840835214,0.07427193224430084,0.10997647047042847,0.0733250305056572,68790378496.0,0.9990415592793087,56438572.0,0.0008196564724186851,9548573.0,0.0001386737719340649
BG-41-img-2_jpg.rf.698ab1840c3193a59221e2eeb28f7b3c.jpg,BG,4,42011004,strong_then_w1,-2.157543137983147,1.3157553604805807,-50.96212272373259,19.163882556975295,6.6140522956848145,0.5075982213020325,1.3189170360565186,False,True,0.6191478967666626,0.16450819373130798,0.12377360026041667,0.0012544725323095918,0.07634062319993973,0.10979321599006653,0.07545344531536102,68788412416.0,0.9990347568439106,56343516.0,0.0008182937914947182,10124926.0,0.00014704733877707332
BG-41-img-2_jpg.rf.698ab1840c3193a59221e2eeb28f7b3c.jpg,BG,5,42011005,original,1.357106301717403,1.3450101767747769,3.2623990936401697,-36.55717828959115,-7.276467800140381,1.357161045074463,1.2360806465148926,False,True,0.38739895820617676,0.08804202824831009,9.033203125e-05,0.001959671266376972,0.05425715819001198,0.09313500672578812,0.05366786569356918,26434920448.0,0.9983214969815253,29373378.0,0.0011092930941119133,15073429.0,0.000569251881560447
BG-41-img-2_jpg.rf.698ab1840c3193a59221e2eeb28f7b3c.jpg,BG,5,42011005,w1_only,1.357106301717403,1.3450101767747769,3.2623990936401697,-36.55717828959115,-7.276467800140381,1.357161045074463,1.2360806465148926,False,True,0.3854036033153534,0.08856703341007233,0.00021321614583333332,0.0024750640150159597,0.06190270557999611,0.09933094680309296,0.06133535876870155,26182014976.0,0.9979341410569892,35171520.0,0.001340571404952691,19028060.0,0.0007252593327704944
BG-41-img-2_jpg.rf.698ab1840c3193a59221e2eeb28f7b3c.jpg,BG,5,42011005,strong_only,1.357106301717403,1.3450101767747769,3.2623990936401697,-36.55717828959115,-7.276467800140381,1.357161045074463,1.2360806465148926,False,True,0.5474913716316223,0.15836790204048157,0.2979044596354167,0.0008769948035478592,0.06252381950616837,0.08291376382112503,0.06195766106247902,54445965312.0,0.9990642560700469,42890672.0,0.0007870287002622037,8095415.0,0.00014854800935581395
BG-41-img-2_jpg.rf.698ab1840c3193a59221e2eeb28f7b3c.jpg,BG,5,42011005,w1_then_strong,1.357106301717403,1.3450101767747769,3.2623990936401697,-36.55717828959115,-7.276467800140381,1.357161045074463,1.2360806465148926,False,True,0.5457422137260437,0.15911611914634705,0.29476318359375,0.0010760100558400154,0.06921178102493286,0.08915349841117859,0.06865806132555008,54155878400.0,0.9988910821792872,50576820.0,0.0009328762814968396,9543385.0,0.00017602525251078887
BG-41-img-2_jpg.rf.698ab1840c3193a59221e2eeb28f7b3c.jpg,BG,5,42011005,strong_then_w1,1.357106301717403,1.3450101767747769,3.2623990936401697,-36.55717828959115,-7.276467800140381,1.357161045074463,1.2360806465148926,False,True,0.5461666584014893,0.15904569625854492,0.29855794270833336,0.001085620722733438,0.06900902092456818,0.08934660255908966,0.06844431161880493,54229188608.0,0.998879541803442,50801580.0,0.0009357443888770438,10018342.0,0.00018453377458636563
BG-41-img-2_jpg.rf.698ab1840c3193a59221e2eeb28f7b3c.jpg,BG,6,42011006,original,-8.251807818938154,1.0046933792733213,-19.099098770700493,-49.13569861003913,7.602425575256348,0.9793602228164673,1.180122971534729,False,True,0.38739895820617676,0.08804202824831009,9.033203125e-05,0.001959671266376972,0.05425715819001198,0.09313500672578812,0.05366786569356918,26434920448.0,0.9983214969815253,29373378.0,0.0011092930941119133,15073429.0,0.000569251881560447
BG-41-img-2_jpg.rf.698ab1840c3193a59221e2eeb28f7b3c.jpg,BG,6,42011006,w1_only,-8.251807818938154,1.0046933792733213,-19.099098770700493,-49.13569861003913,7.602425575256348,0.9793602228164673,1.180122971534729,False,True,0.3854036033153534,0.08856703341007233,0.00021321614583333332,0.0024750640150159597,0.06190270557999611,0.09933094680309296,0.06133535876870155,26182014976.0,0.9979341410569892,35171520.0,0.001340571404952691,19028060.0,0.0007252593327704944
BG-41-img-2_jpg.rf.698ab1840c3193a59221e2eeb28f7b3c.jpg,BG,6,42011006,strong_only,-8.251807818938154,1.0046933792733213,-19.099098770700493,-49.13569861003913,7.602425575256348,0.9793602228164673,1.180122971534729,False,True,0.38186535239219666,0.10029119998216629,8.951822916666667e-06,0.0012367523740977049,0.05758588761091232,0.10706621408462524,0.05682852864265442,26104690688.0,0.9981824859588837,37338060.0,0.0014277203280104215,10201124.0,0.000390067188904699
BG-41-img-2_jpg.rf.698ab1840c3193a59221e2eeb28f7b3c.jpg,BG,6,42011006,w1_then_strong,-8.251807818938154,1.0046933792733213,-19.099098770700493,-49.13569861003913,7.602425575256348,0.9793602228164673,1.180122971534729,False,True,0.37975966930389404,0.10100920498371124,1.3020833333333334e-05,0.0015176706947386265,0.06397156417369843,0.11292986571788788,0.06322219222784042,25851715584.0,0.9978497418480742,43353860.0,0.0016734145890067035,12358698.0,0.0004770330838898305
BG-41-img-2_jpg.rf.698ab1840c3193a59221e2eeb28f7b3c.jpg,BG,6,42011006,strong_then_w1,-8.251807818938154,1.0046933792733213,-19.099098770700493,-49.13569861003913,7.602425575256348,0.9793602228164673,1.180122971534729,False,True,0.38006076216697693,0.10105829685926437,2.8483072916666667e-05,0.0015784421702846885,0.0655856728553772,0.11321389675140381,0.0648566484451294,25889955840.0,0.9977832091232712,44481188.0,0.0017142780305435834,13036930.0,0.0005024353820031641
BG-41-img-2_jpg.rf.698ab1840c3193a59221e2eeb28f7b3c.jpg,BG,7,42011007,original,-1.551936377134087,1.1447217234009281,-53.9607409364848,38.02922733219293,2.264185905456543,0.6671608686447144,1.0914560556411743,False,False,0.38739895820617676,0.08804202824831009,9.033203125e-05,0.001959671266376972,0.05425715819001198,0.09313500672578812,0.05366786569356918,26434920448.0,0.9983214969815253,29373378.0,0.0011092930941119133,15073429.0,0.000569251881560447
BG-41-img-2_jpg.rf.698ab1840c3193a59221e2eeb28f7b3c.jpg,BG,7,42011007,w1_only,-1.551936377134087,1.1447217234009281,-53.9607409364848,38.02922733219293,2.264185905456543,0.6671608686447144,1.0914560556411743,False,False,0.3854036033153534,0.08856703341007233,0.00021321614583333332,0.0024750640150159597,0.06190270557999611,0.09933094680309296,0.06133535876870155,26182014976.0,0.9979341410569892,35171520.0,0.001340571404952691,19028060.0,0.0007252593327704944
BG-41-img-2_jpg.rf.698ab1840c3193a59221e2eeb28f7b3c.jpg,BG,7,42011007,strong_only,-1.551936377134087,1.1447217234009281,-53.9607409364848,38.02922733219293,2.264185905456543,0.6671608686447144,1.0914560556411743,False,False,0.5043752193450928,0.12402952462434769,8.138020833333334e-07,0.0008901120163500309,0.05989648401737213,0.09137562662363052,0.05926941707730293,45220278272.0,0.9990962067833993,33877608.0,0.0007484914056500334,7041036.5,0.00015556456368224673
BG-41-img-2_jpg.rf.698ab1840c3193a59221e2eeb28f7b3c.jpg,BG,7,42011007,w1_then_strong,-1.551936377134087,1.1447217234009281,-53.9607409364848,38.02922733219293,2.264185905456543,0.6671608686447144,1.0914560556411743,False,False,0.5022344589233398,0.12439922988414764,8.138020833333334e-07,0.0011021079262718558,0.066673144698143,0.09667480736970901,0.06607549637556076,44866134016.0,0.9989111389031101,40278052.0,0.0008967609017030645,8641829.0,0.00019240390191669875
BG-41-img-2_jpg.rf.698ab1840c3193a59221e2eeb28f7b3c.jpg,BG,7,42011007,strong_then_w1,-1.551936377134087,1.1447217234009281,-53.9607409364848,38.02922733219293,2.264185905456543,0.6671608686447144,1.0914560556411743,False,False,0.5024230480194092,0.12446039915084839,1.6276041666666668e-06,0.0011593159288167953,0.06861390173435211,0.09743698686361313,0.06803973019123077,44899520512.0,0.9988898284851986,40693044.0,0.000905307390328076,9201757.0,0.00020471357748766856
BG-41-img-2_jpg.rf.698ab1840c3193a59221e2eeb28f7b3c.jpg,BG,8,42011008,original,0.35770045296084163,1.034957865077129,44.250499179880194,54.989340315781874,-8.462428092956543,0.8250222206115723,1.112549066543579,False,True,0.38739895820617676,0.08804202824831009,9.033203125e-05,0.001959671266376972,0.05425715819001198,0.09313500672578812,0.05366786569356918,26434920448.0,0.9983214969815253,29373378.0,0.0011092930941119133,15073429.0,0.000569251881560447
BG-41-img-2_jpg.rf.698ab1840c3193a59221e2eeb28f7b3c.jpg,BG,8,42011008,w1_only,0.35770045296084163,1.034957865077129,44.250499179880194,54.989340315781874,-8.462428092956543,0.8250222206115723,1.112549066543579,False,True,0.3854036033153534,0.08856703341007233,0.00021321614583333332,0.0024750640150159597,0.06190270557999611,0.09933094680309296,0.06133535876870155,26182014976.0,0.9979341410569892,35171520.0,0.001340571404952691,19028060.0,0.0007252593327704944
BG-41-img-2_jpg.rf.698ab1840c3193a59221e2eeb28f7b3c.jpg,BG,8,42011008,strong_only,0.35770045296084163,1.034957865077129,44.250499179880194,54.989340315781874,-8.462428092956543,0.8250222206115723,1.112549066543579,False,True,0.5732170343399048,0.13671064376831055,8.138020833333334e-07,0.0010009323013946414,0.05700763314962387,0.09407000243663788,0.05640655383467674,58219323392.0,0.999270883944423,34256156.0,0.0005879693766994517,8233357.5,0.00014131655861850803
BG-41-img-2_jpg.rf.698ab1840c3193a59221e2eeb28f7b3c.jpg,BG,8,42011008,w1_then_strong,0.35770045296084163,1.034957865077129,44.250499179880194,54.989340315781874,-8.462428092956543,0.8250222206115723,1.112549066543579,False,True,0.5713147521018982,0.13690593838691711,8.138020833333334e-07,0.0012232939479872584,0.0629660114645958,0.09951338917016983,0.06237326189875603,57855696896.0,0.9991395683270037,39868212.0,0.0006885045080219834,9948081.0,0.00017179848985120877
BG-41-img-2_jpg.rf.698ab1840c3193a59221e2eeb28f7b3c.jpg,BG,8,42011008,strong_then_w1,0.35770045296084163,1.034957865077129,44.250499179880194,54.989340315781874,-8.462428092956543,0.8250222206115723,1.112549066543579,False,True,0.5713558197021484,0.13713334500789642,1.6276041666666668e-06,0.001290325541049242,0.06506531685590744,0.10016625374555588,0.06449605524539948,57872228352.0,0.999109009315944,40994284.0,0.0007077273442062129,10611159.0,0.0001831915731963962
BG-41-img-2_jpg.rf.698ab1840c3193a59221e2eeb28f7b3c.jpg,BG,9,42011009,original,-2.4951663676539564,1.303479778275259,-23.574262387761678,-33.24888469217723,-8.349531173706055,0.5966913104057312,1.1660234928131104,False,False,0.38739895820617676,0.08804202824831009,9.033203125e-05,0.001959671266376972,0.05425715819001198,0.09313500672578812,0.05366786569356918,26434920448.0,0.9983214969815253,29373378.0,0.0011092930941119133,15073429.0,0.000569251881560447
BG-41-img-2_jpg.rf.698ab1840c3193a59221e2eeb28f7b3c.jpg,BG,9,42011009,w1_only,-2.4951663676539564,1.303479778275259,-23.574262387761678,-33.24888469217723,-8.349531173706055,0.5966913104057312,1.1660234928131104,False,False,0.3854036033153534,0.08856703341007233,0.00021321614583333332,0.0024750640150159597,0.06190270557999611,0.09933094680309296,0.06133535876870155,26182014976.0,0.9979341410569892,35171520.0,0.001340571404952691,19028060.0,0.0007252593327704944
BG-41-img-2_jpg.rf.698ab1840c3193a59221e2eeb28f7b3c.jpg,BG,9,42011009,strong_only,-2.4951663676539564,1.303479778275259,-23.574262387761678,-33.24888469217723,-8.349531173706055,0.5966913104057312,1.1660234928131104,False,False,0.6256055235862732,0.18034452199935913,6.510416666666667e-06,0.0008651402313262224,0.06889680027961731,0.08784479647874832,0.06840365380048752,71066607616.0,0.99925359406552,44523716.0,0.0006260392148525163,8566049.0,0.00012044553043030331
BG-41-img-2_jpg.rf.698ab1840c3193a59221e2eeb28f7b3c.jpg,BG,9,42011009,w1_then_strong,-2.4951663676539564,1.303479778275259,-23.574262387761678,-33.24888469217723,-8.349531173706055,0.5966913104057312,1.1660234928131104,False,False,0.6233155131340027,0.18072837591171265,1.1393229166666667e-05,0.0010584390256553888,0.07631473243236542,0.0933375209569931,0.07587169855833054,70600581120.0,0.9991149877189185,52519068.0,0.0007432316724226567,10005310.0,0.0001415916840795258
BG-41-img-2_jpg.rf.698ab1840c3193a59221e2eeb28f7b3c.jpg,BG,9,42011009,strong_then_w1,-2.4951663676539564,1.303479778275259,-23.574262387761678,-33.24888469217723,-8.349531173706055,0.5966913104057312,1.1660234928131104,False,False,0.6236459016799927,0.18075521290302277,1.3834635416666666e-05,0.001117190346121788,0.07780000567436218,0.09403771907091141,0.07737740874290466,70669631488.0,0.999092246431815,53258624.0,0.000752944046454561,10960924.0,0.00015496011443031109
BG-41-img-2_jpg.rf.698ab1840c3193a59221e2eeb28f7b3c.jpg,BG,10,42011010,original,3.954917066954657,0.5336488941588121,-4.00703274724367,-60.87261619791934,2.817257881164551,0.5298728942871094,0.6561849117279053,False,False,0.38739895820617676,0.08804202824831009,9.033203125e-05,0.001959671266376972,0.05425715819001198,0.09313500672578812,0.05366786569356918,26434920448.0,0.9983214969815253,29373378.0,0.0011092930941119133,15073429.0,0.000569251881560447
BG-41-img-2_jpg.rf.698ab1840c3193a59221e2eeb28f7b3c.jpg,BG,10,42011010,w1_only,3.954917066954657,0.5336488941588121,-4.00703274724367,-60.87261619791934,2.817257881164551,0.5298728942871094,0.6561849117279053,False,False,0.3854036033153534,0.08856703341007233,0.00021321614583333332,0.0024750640150159597,0.06190270557999611,0.09933094680309296,0.06133535876870155,26182014976.0,0.9979341410569892,35171520.0,0.001340571404952691,19028060.0,0.0007252593327704944
BG-41-img-2_jpg.rf.698ab1840c3193a59221e2eeb28f7b3c.jpg,BG,10,42011010,strong_only,3.954917066954657,0.5336488941588121,-4.00703274724367,-60.87261619791934,2.817257881164551,0.5298728942871094,0.6561849117279053,False,False,0.30173173546791077,0.04418843612074852,0.0,0.0003653874737210572,0.014554491266608238,0.09868352115154266,0.014195997267961502,15592397824.0,0.9993905319272731,6885536.0,0.0004413265723025968,2620980.5,0.0001679910380451059
BG-41-img-2_jpg.rf.698ab1840c3193a59221e2eeb28f7b3c.jpg,BG,10,42011010,w1_then_strong,3.954917066954657,0.5336488941588121,-4.00703274724367,-60.87261619791934,2.817257881164551,0.5298728942871094,0.6561849117279053,False,False,0.3013635575771332,0.04405446723103523,0.0,0.0004410598485264927,0.015446670353412628,0.10197518020868301,0.01507794950157404,15552000000.0,0.9993147086294403,7498615.5,0.00048183363962877473,3168539.25,0.00020359875754852723
BG-41-img-2_jpg.rf.698ab1840c3193a59221e2eeb28f7b3c.jpg,BG,10,42011010,strong_then_w1,3.954917066954657,0.5336488941588121,-4.00703274724367,-60.87261619791934,2.817257881164551,0.5298728942871094,0.6561849117279053,False,False,0.30109703540802,0.04414121434092522,0.0,0.00047981017269194126,0.01694205030798912,0.10518074035644531,0.016566041857004166,15525360640.0,0.9992499768501203,8216105.0,0.0005288085038035005,3439773.25,0.0002213921737557887
BG-41-img-2_jpg.rf.698ab1840c3193a59221e2eeb28f7b3c.jpg,BG,11,42011011,original,2.8051307624233885,0.5652669736583266,2.1219676624915564,15.956959670423998,-4.0948100090026855,0.9935746192932129,0.7261006832122803,True,False,0.38739895820617676,0.08804202824831009,9.033203125e-05,0.001959671266376972,0.05425715819001198,0.09313500672578812,0.05366786569356918,26434920448.0,0.9983214969815253,29373378.0,0.0011092930941119133,15073429.0,0.000569251881560447
BG-41-img-2_jpg.rf.698ab1840c3193a59221e2eeb28f7b3c.jpg,BG,11,42011011,w1_only,2.8051307624233885,0.5652669736583266,2.1219676624915564,15.956959670423998,-4.0948100090026855,0.9935746192932129,0.7261006832122803,True,False,0.3854036033153534,0.08856703341007233,0.00021321614583333332,0.0024750640150159597,0.06190270557999611,0.09933094680309296,0.06133535876870155,26182014976.0,0.9979341410569892,35171520.0,0.001340571404952691,19028060.0,0.0007252593327704944
BG-41-img-2_jpg.rf.698ab1840c3193a59221e2eeb28f7b3c.jpg,BG,11,42011011,strong_only,2.8051307624233885,0.5652669736583266,2.1219676624915564,15.956959670423998,-4.0948100090026855,0.9935746192932129,0.7261006832122803,True,False,0.32126232981681824,0.042169541120529175,2.44140625e-06,0.0004088061396032572,0.01658504642546177,0.09335960447788239,0.016216658055782318,17603809280.0,0.9994203889382072,7269436.5,0.0004127074395452437,2947647.75,0.00016734669263343844
BG-41-img-2_jpg.rf.698ab1840c3193a59221e2eeb28f7b3c.jpg,BG,11,42011011,w1_then_strong,2.8051307624233885,0.5652669736583266,2.1219676624915564,15.956959670423998,-4.0948100090026855,0.9935746192932129,0.7261006832122803,True,False,0.32079872488975525,0.04233117774128914,8.951822916666667e-06,0.0004991792375221848,0.01773638091981411,0.09718497842550278,0.017355160787701607,17554694144.0,0.999335107855812,8068247.0,0.0004593006531365934,3615771.75,0.00020583483950947998
BG-41-img-2_jpg.rf.698ab1840c3193a59221e2eeb28f7b3c.jpg,BG,11,42011011,strong_then_w1,2.8051307624233885,0.5652669736583266,2.1219676624915564,15.956959670423998,-4.0948100090026855,0.9935746192932129,0.7261006832122803,True,False,0.32052081823349,0.04245852306485176,6.184895833333334e-05,0.0005334614543244243,0.019169623032212257,0.09967274218797684,0.018783345818519592,17525727232.0,0.9992835972735359,8722328.0,0.0004973305349934414,3834728.75,0.00021864893188976967
WSSV-18-img-3_jpg.rf.fd00f14466ebaa2e151291c345293465.jpg,WSSV,0,42012000,original,9.112759421725315,0.8630017383992875,12.269803261270908,-5.053041784907123,-8.954090118408203,0.5085093379020691,1.385401964187622,False,False,0.43723833560943604,0.10560248792171478,8.138020833333334e-07,0.0011524242581799626,0.054760199040174484,0.11031049489974976,0.05414007604122162,33902809088.0,0.9987503935186498,33490846.0,0.0009866142812812485,8925133.0,0.00026292747815730166
WSSV-18-img-3_jpg.rf.fd00f14466ebaa2e151291c345293465.jpg,WSSV,0,42012000,w1_only,9.112759421725315,0.8630017383992875,12.269803261270908,-5.053041784907123,-8.954090118408203,0.5085093379020691,1.385401964187622,False,False,0.43528926372528076,0.1061108410358429,2.44140625e-06,0.0014288233360275626,0.062214624136686325,0.1172526404261589,0.061600200831890106,33627041792.0,0.9984884741287412,39778872.0,0.0011811549006160793,11127423.0,0.0003304068101196554
WSSV-18-img-3_jpg.rf.fd00f14466ebaa2e151291c345293465.jpg,WSSV,0,42012000,strong_only,9.112759421725315,0.8630017383992875,12.269803261270908,-5.053041784907123,-8.954090118408203,0.5085093379020691,1.385401964187622,False,False,0.6912579536437988,0.15188893675804138,0.015076497395833333,0.0014262960758060217,0.06865572929382324,0.15888139605522156,0.06790812313556671,83970015232.0,0.9991866328608513,58230824.0,0.0006929075908884652,10133898.0,0.00012058656167203534
WSSV-18-img-3_jpg.rf.fd00f14466ebaa2e151291c345293465.jpg,WSSV,0,42012000,w1_then_strong,9.112759421725315,0.8630017383992875,12.269803261270908,-5.053041784907123,-8.954090118408203,0.5085093379020691,1.385401964187622,False,False,0.6894184947013855,0.15206506848335266,0.01424560546875,0.0016834379639476538,0.07509925216436386,0.1665123552083969,0.07434181869029999,83543367680.0,0.9990686417040046,65896480.0,0.0007880351079315636,11999324.0,0.00014349611061843974
WSSV-18-img-3_jpg.rf.fd00f14466ebaa2e151291c345293465.jpg,WSSV,0,42012000,strong_then_w1,9.112759421725315,0.8630017383992875,12.269803261270908,-5.053041784907123,-8.954090118408203,0.5085093379020691,1.385401964187622,False,False,0.6897138357162476,0.15238210558891296,0.015464680989583333,0.0017536776140332222,0.07567513734102249,0.1668921262025833,0.07491932809352875,83624730624.0,0.9990313168092174,68564024.0,0.0008191070592555095,12527280.0,0.00014965841971688182
WSSV-18-img-3_jpg.rf.fd00f14466ebaa2e151291c345293465.jpg,WSSV,1,42012001,original,-7.187798909274856,0.8826443680756304,13.61407832590021,58.36639808795053,-6.314823150634766,0.8400906324386597,0.9951805472373962,False,False,0.43723833560943604,0.10560248792171478,8.138020833333334e-07,0.0011524242581799626,0.054760199040174484,0.11031049489974976,0.05414007604122162,33902809088.0,0.9987503935186498,33490846.0,0.0009866142812812485,8925133.0,0.00026292747815730166
WSSV-18-img-3_jpg.rf.fd00f14466ebaa2e151291c345293465.jpg,WSSV,1,42012001,w1_only,-7.187798909274856,0.8826443680756304,13.61407832590021,58.36639808795053,-6.314823150634766,0.8400906324386597,0.9951805472373962,False,False,0.43528926372528076,0.1061108410358429,2.44140625e-06,0.0014288233360275626,0.062214624136686325,0.1172526404261589,0.061600200831890106,33627041792.0,0.9984884741287412,39778872.0,0.0011811549006160793,11127423.0,0.0003304068101196554
WSSV-18-img-3_jpg.rf.fd00f14466ebaa2e151291c345293465.jpg,WSSV,1,42012001,strong_only,-7.187798909274856,0.8826443680756304,13.61407832590021,58.36639808795053,-6.314823150634766,0.8400906324386597,0.9951805472373962,False,False,0.4718656539916992,0.10540090501308441,0.0,0.0006261926610022783,0.04712960124015808,0.10956356674432755,0.046586863696575165,39188488192.0,0.999209092356979,26597088.0,0.0006781596684621269,4438857.5,0.00011317983873086503
WSSV-18-img-3_jpg.rf.fd00f14466ebaa2e151291c345293465.jpg,WSSV,1,42012001,w1_then_strong,-7.187798909274856,0.8826443680756304,13.61407832590021,58.36639808795053,-6.314823150634766,0.8400906324386597,0.9951805472373962,False,False,0.4704885184764862,0.10559997707605362,0.0,0.0007528007845394313,0.05182138830423355,0.11491809785366058,0.051272887736558914,38972944384.0,0.9990796590044735,30561378.0,0.0007834473785224699,5350393.5,0.00013715846718818318
WSSV-18-img-3_jpg.rf.fd00f14466ebaa2e151291c345293465.jpg,WSSV,1,42012001,strong_then_w1,-7.187798909274856,0.8826443680756304,13.61407832590021,58.36639808795053,-6.314823150634766,0.8400906324386597,0.9951805472373962,False,False,0.47033244371414185,0.10576050728559494,0.0,0.0007951997686177492,0.053353287279605865,0.11605808138847351,0.052808187901973724,38952697856.0,0.9990461198930646,31529854.0,0.0008086674359743433,5687237.0,0.0001458644040206598
WSSV-18-img-3_jpg.rf.fd00f14466ebaa2e151291c345293465.jpg,WSSV,2,42012002,original,6.669782808324165,0.9053579821576159,49.23020441297973,-14.244447288247898,-4.121786594390869,1.2349963188171387,1.0314204692840576,True,False,0.43723833560943604,0.10560248792171478,8.138020833333334e-07,0.0011524242581799626,0.054760199040174484,0.11031049489974976,0.05414007604122162,33902809088.0,0.9987503935186498,33490846.0,0.0009866142812812485,8925133.0,0.00026292747815730166
WSSV-18-img-3_jpg.rf.fd00f14466ebaa2e151291c345293465.jpg,WSSV,2,42012002,w1_only,6.669782808324165,0.9053579821576159,49.23020441297973,-14.244447288247898,-4.121786594390869,1.2349963188171387,1.0314204692840576,True,False,0.43528926372528076,0.1061108410358429,2.44140625e-06,0.0014288233360275626,0.062214624136686325,0.1172526404261589,0.061600200831890106,33627041792.0,0.9984884741287412,39778872.0,0.0011811549006160793,11127423.0,0.0003304068101196554
WSSV-18-img-3_jpg.rf.fd00f14466ebaa2e151291c345293465.jpg,WSSV,2,42012002,strong_only,6.669782808324165,0.9053579821576159,49.23020441297973,-14.244447288247898,-4.121786594390869,1.2349963188171387,1.0314204692840576,True,False,0.4485594630241394,0.10365356504917145,0.00036051432291666664,0.0006183683290146291,0.04772920906543732,0.10755851119756699,0.04718264564871788,35529302016.0,0.999157975344228,25567684.0,0.0007190165280527253,4373455.5,0.0001229906779668857
WSSV-18-img-3_jpg.rf.fd00f14466ebaa2e151291c345293465.jpg,WSSV,2,42012002,w1_then_strong,6.669782808324165,0.9053579821576159,49.23020441297973,-14.244447288247898,-4.121786594390869,1.2349963188171387,1.0314204692840576,True,False,0.44695013761520386,0.10408367961645126,0.0005021158854166667,0.0007584081613458693,0.053275540471076965,0.11362911015748978,0.0527241975069046,35297189888.0,0.999001865040097,29883052.0,0.0008457677445659608,5378507.0,0.0001522256740885179
WSSV-18-img-3_jpg.rf.fd00f14466ebaa2e151291c345293465.jpg,WSSV,2,42012002,strong_then_w1,6.669782808324165,0.9053579821576159,49.23020441297973,-14.244447288247898,-4.121786594390869,1.2349963188171387,1.0314204692840576,True,False,0.44685298204421997,0.10408718883991241,0.00054443359375,0.0007853724528104067,0.05401422083377838,0.11417047679424286,0.05346466600894928,35281965056.0,0.9989802325389902,30418258.0,0.0008612683109356288,5604053.0,0.00015867421670576085
WSSV-18-img-3_jpg.rf.fd00f14466ebaa2e151291c345293465.jpg,WSSV,3,42012003,original,9.882622793372384,1.305396890645268,-28.42023103146755,-52.162106789118525,6.323349475860596,0.7189074754714966,1.0977072715759277,True,True,0.43723833560943604,0.10560248792171478,8.138020833333334e-07,0.0011524242581799626,0.054760199040174484,0.11031049489974976,0.05414007604122162,33902809088.0,0.9987503935186498,33490846.0,0.0009866142812812485,8925133.0,0.00026292747815730166
WSSV-18-img-3_jpg.rf.fd00f14466ebaa2e151291c345293465.jpg,WSSV,3,42012003,w1_only,9.882622793372384,1.305396890645268,-28.42023103146755,-52.162106789118525,6.323349475860596,0.7189074754714966,1.0977072715759277,True,True,0.43528926372528076,0.1061108410358429,2.44140625e-06,0.0014288233360275626,0.062214624136686325,0.1172526404261589,0.061600200831890106,33627041792.0,0.9984884741287412,39778872.0,0.0011811549006160793,11127423.0,0.0003304068101196554
WSSV-18-img-3_jpg.rf.fd00f14466ebaa2e151291c345293465.jpg,WSSV,3,42012003,strong_only,9.882622793372384,1.305396890645268,-28.42023103146755,-52.162106789118525,6.323349475860596,0.7189074754714966,1.0977072715759277,True,True,0.4706082046031952,0.12256509065628052,0.0,0.0005167941562831402,0.06586716324090958,0.09750895947217941,0.06526052206754684,39637385216.0,0.9989978118685998,35327084.0,0.0008903634642744398,4454785.5,0.00011227584621418349
WSSV-18-img-3_jpg.rf.fd00f14466ebaa2e151291c345293465.jpg,WSSV,3,42012003,w1_then_strong,9.882622793372384,1.305396890645268,-28.42023103146755,-52.162106789118525,6.323349475860596,0.7189074754714966,1.0977072715759277,True,True,0.46861621737480164,0.12317877262830734,0.0,0.0006243686657398939,0.07240051031112671,0.10349484533071518,0.07180438935756683,39341637632.0,0.9988082798965762,41785968.0,0.0010608651122327884,5150258.5,0.00013075512721472368
WSSV-18-img-3_jpg.rf.fd00f14466ebaa2e151291c345293465.jpg,WSSV,3,42012003,strong_then_w1,9.882622793372384,1.305396890645268,-28.42023103146755,-52.162106789118525,6.323349475860596,0.7189074754714966,1.0977072715759277,True,True,0.4686832129955292,0.12309002131223679,0.0,0.0006628650589846075,0.07311434298753738,0.10387147963047028,0.07252466678619385,39347859456.0,0.998791956356967,41862012.0,0.0010626103030909136,5723746.0,0.00014528951622954492
WSSV-18-img-3_jpg.rf.fd00f14466ebaa2e151291c345293465.jpg,WSSV,4,42012004,original,-2.4930843479920046,0.520047594676175,22.545913266790762,-62.149280709206664,2.715160369873047,0.8744810819625854,1.1575796604156494,False,True,0.43723833560943604,0.10560248792171478,8.138020833333334e-07,0.0011524242581799626,0.054760199040174484,0.11031049489974976,0.05414007604122162,33902809088.0,0.9987503935186498,33490846.0,0.0009866142812812485,8925133.0,0.00026292747815730166
WSSV-18-img-3_jpg.rf.fd00f14466ebaa2e151291c345293465.jpg,WSSV,4,42012004,w1_only,-2.4930843479920046,0.520047594676175,22.545913266790762,-62.149280709206664,2.715160369873047,0.8744810819625854,1.1575796604156494,False,True,0.43528926372528076,0.1061108410358429,2.44140625e-06,0.0014288233360275626,0.062214624136686325,0.1172526404261589,0.061600200831890106,33627041792.0,0.9984884741287412,39778872.0,0.0011811549006160793,11127423.0,0.0003304068101196554
WSSV-18-img-3_jpg.rf.fd00f14466ebaa2e151291c345293465.jpg,WSSV,4,42012004,strong_only,-2.4930843479920046,0.520047594676175,22.545913266790762,-62.149280709206664,2.715160369873047,0.8744810819625854,1.1575796604156494,False,True,0.5136925578117371,0.06294336915016174,8.138020833333334e-07,0.0008680794853717089,0.02705215848982334,0.18860624730587006,0.026568736881017685,44906000384.0,0.9993229303915382,24025858.0,0.0005346633103910451,6399579.5,0.00014241407572544002
WSSV-18-img-3_jpg.rf.fd00f14466ebaa2e151291c345293465.jpg,WSSV,4,42012004,w1_then_strong,-2.4930843479920046,0.520047594676175,22.545913266790762,-62.149280709206664,2.715160369873047,0.8744810819625854,1.1575796604156494,False,True,0.5131044983863831,0.06322948634624481,8.138020833333334e-07,0.0010404451750218868,0.028796076774597168,0.19415387511253357,0.028301270678639412,44807192576.0,0.9992419311892016,26237164.0,0.0005851130793302705,7752014.5,0.0001728771095499463
WSSV-18-img-3_jpg.rf.fd00f14466ebaa2e151291c345293465.jpg,WSSV,4,42012004,strong_then_w1,-2.4930843479920046,0.520047594676175,22.545913266790762,-62.149280709206664,2.715160369873047,0.8744810819625854,1.1575796604156494,False,True,0.5131151676177979,0.06346556544303894,8.138020833333334e-07,0.0010653415229171515,0.029659822583198547,0.19705849885940552,0.02915891259908676,44811890688.0,0.9991938245885784,28273366.0,0.0006304258149745462,7881834.5,0.00017574532647287184
WSSV-18-img-3_jpg.rf.fd00f14466ebaa2e151291c345293465.jpg,WSSV,5,42012005,original,-5.021410825401668,0.549330423633029,-22.33972644566029,15.85911578167736,-7.234787464141846,0.8453966379165649,0.7265328168869019,False,False,0.43723833560943604,0.10560248792171478,8.138020833333334e-07,0.0011524242581799626,0.054760199040174484,0.11031049489974976,0.05414007604122162,33902809088.0,0.9987503935186498,33490846.0,0.0009866142812812485,8925133.0,0.00026292747815730166
WSSV-18-img-3_jpg.rf.fd00f14466ebaa2e151291c345293465.jpg,WSSV,5,42012005,w1_only,-5.021410825401668,0.549330423633029,-22.33972644566029,15.85911578167736,-7.234787464141846,0.8453966379165649,0.7265328168869019,False,False,0.43528926372528076,0.1061108410358429,2.44140625e-06,0.0014288233360275626,0.062214624136686325,0.1172526404261589,0.061600200831890106,33627041792.0,0.9984884741287412,39778872.0,0.0011811549006160793,11127423.0,0.0003304068101196554
WSSV-18-img-3_jpg.rf.fd00f14466ebaa2e151291c345293465.jpg,WSSV,5,42012005,strong_only,-5.021410825401668,0.549330423633029,-22.33972644566029,15.85911578167736,-7.234787464141846,0.8453966379165649,0.7265328168869019,False,False,0.3302119970321655,0.04979778826236725,0.0,0.0003511357062961906,0.018692946061491966,0.10844207555055618,0.018393075093626976,18697367552.0,0.9993298813795906,9939147.0,0.0005312237974089495,2599794.0,0.00013895281367314543
WSSV-18-img-3_jpg.rf.fd00f14466ebaa2e151291c345293465.jpg,WSSV,5,42012005,w1_then_strong,-5.021410825401668,0.549330423633029,-22.33972644566029,15.85911578167736,-7.234787464141846,0.8453966379165649,0.7265328168869019,False,False,0.32979628443717957,0.04977899417281151,0.0,0.00041840289486572146,0.01990431547164917,0.11184804141521454,0.019597113132476807,18649606144.0,0.9992523921147943,10843442.0,0.000580995398701436,3118588.25,0.00016709504451578784
WSSV-18-img-3_jpg.rf.fd00f14466ebaa2e151291c345293465.jpg,WSSV,5,42012005,strong_then_w1,-5.021410825401668,0.549330423633029,-22.33972644566029,15.85911578167736,-7.234787464141846,0.8453966379165649,0.7265328168869019,False,False,0.32954880595207214,0.049927741289138794,0.0,0.00044245616300031543,0.021065641194581985,0.11484003812074661,0.020752321928739548,18623676416.0,0.9991952458411879,11723755.0,0.000629001492387552,3281086.0,0.00017603643121609958
WSSV-18-img-3_jpg.rf.fd00f14466ebaa2e151291c345293465.jpg,WSSV,6,42012006,original,-3.405779700531313,1.2775965678573469,33.91704923477221,11.207618123247073,4.944301605224609,1.0899560451507568,1.1020970344543457,True,False,0.43723833560943604,0.10560248792171478,8.138020833333334e-07,0.0011524242581799626,0.054760199040174484,0.11031049489974976,0.05414007604122162,33902809088.0,0.9987503935186498,33490846.0,0.0009866142812812485,8925133.0,0.00026292747815730166
WSSV-18-img-3_jpg.rf.fd00f14466ebaa2e151291c345293465.jpg,WSSV,6,42012006,w1_only,-3.405779700531313,1.2775965678573469,33.91704923477221,11.207618123247073,4.944301605224609,1.0899560451507568,1.1020970344543457,True,False,0.43528926372528076,0.1061108410358429,2.44140625e-06,0.0014288233360275626,0.062214624136686325,0.1172526404261589,0.061600200831890106,33627041792.0,0.9984884741287412,39778872.0,0.0011811549006160793,11127423.0,0.0003304068101196554
WSSV-18-img-3_jpg.rf.fd00f14466ebaa2e151291c345293465.jpg,WSSV,6,42012006,strong_only,-3.405779700531313,1.2775965678573469,33.91704923477221,11.207618123247073,4.944301605224609,1.0899560451507568,1.1020970344543457,True,False,0.4374144673347473,0.12185801565647125,8.219401041666667e-05,0.0005610359949059784,0.06869737803936005,0.09756642580032349,0.06816726177930832,34549149696.0,0.9987787094745929,37602184.0,0.001087038643191104,4636864.5,0.0001340467589526448
WSSV-18-img-3_jpg.rf.fd00f14466ebaa2e151291c345293465.jpg,WSSV,6,42012006,w1_then_strong,-3.405779700531313,1.2775965678573469,33.91704923477221,11.207618123247073,4.944301605224609,1.0899560451507568,1.1020970344543457,True,False,0.4352952241897583,0.12257380783557892,0.0001123046875,0.0006846767500974238,0.07608471065759659,0.1035132184624672,0.07558099925518036,34260299776.0,0.9985378279128031,44711388.0,0.0013031413194977927,5452221.5,0.00015890839979524308
WSSV-18-img-3_jpg.rf.fd00f14466ebaa2e151291c345293465.jpg,WSSV,6,42012006,strong_then_w1,-3.405779700531313,1.2775965678573469,33.91704923477221,11.207618123247073,4.944301605224609,1.0899560451507568,1.1020970344543457,True,False,0.4354897737503052,0.1224253848195076,0.0001123046875,0.0007112931925803423,0.07586295157670975,0.10394619405269623,0.07534725219011307,34282393600.0,0.9985323359134968,44462108.0,0.0012950336280159321,5923664.5,0.00017253668513836958
WSSV-18-img-3_jpg.rf.fd00f14466ebaa2e151291c345293465.jpg,WSSV,7,42012007,original,6.366971462428378,0.7401266305962211,-42.08488234636377,47.99486983096483,-3.449875593185425,1.453861117362976,0.7394450902938843,False,False,0.43723833560943604,0.10560248792171478,8.138020833333334e-07,0.0011524242581799626,0.054760199040174484,0.11031049489974976,0.05414007604122162,33902809088.0,0.9987503935186498,33490846.0,0.0009866142812812485,8925133.0,0.00026292747815730166
WSSV-18-img-3_jpg.rf.fd00f14466ebaa2e151291c345293465.jpg,WSSV,7,42012007,w1_only,6.366971462428378,0.7401266305962211,-42.08488234636377,47.99486983096483,-3.449875593185425,1.453861117362976,0.7394450902938843,False,False,0.43528926372528076,0.1061108410358429,2.44140625e-06,0.0014288233360275626,0.062214624136686325,0.1172526404261589,0.061600200831890106,33627041792.0,0.9984884741287412,39778872.0,0.0011811549006160793,11127423.0,0.0003304068101196554
WSSV-18-img-3_jpg.rf.fd00f14466ebaa2e151291c345293465.jpg,WSSV,7,42012007,strong_only,6.366971462428378,0.7401266305962211,-42.08488234636377,47.99486983096483,-3.449875593185425,1.453861117362976,0.7394450902938843,False,False,0.3107028007507324,0.060936883091926575,0.009131673177083334,0.00035341523471288383,0.026937685906887054,0.08268627524375916,0.026598919183015823,16805025792.0,0.9991645601063752,11574095.0,0.0006881527991947278,2475703.75,0.00014719617089192585
WSSV-18-img-3_jpg.rf.fd00f14466ebaa2e151291c345293465.jpg,WSSV,7,42012007,w1_then_strong,6.366971462428378,0.7401266305962211,-42.08488234636377,47.99486983096483,-3.449875593185425,1.453861117362976,0.7394450902938843,False,False,0.3099325895309448,0.06133921816945076,0.010257975260416666,0.00043302791891619563,0.02981540746986866,0.08581829071044922,0.02947508916258812,16730838016.0,0.9990265752894792,13244024.0,0.0007908230255483019,3057939.75,0.000182594743488793
WSSV-18-img-3_jpg.rf.fd00f14466ebaa2e151291c345293465.jpg,WSSV,7,42012007,strong_then_w1,6.366971462428378,0.7401266305962211,-42.08488234636377,47.99486983096483,-3.449875593185425,1.453861117362976,0.7394450902938843,False,False,0.30955827236175537,0.06142359599471092,0.01169921875,0.0004552686295937747,0.030920477584004402,0.08825448155403137,0.0305720716714859,16692935680.0,0.9989808390885192,13820673.0,0.0008270916377428972,3207810.75,0.00019196991686199155
WSSV-18-img-3_jpg.rf.fd00f14466ebaa2e151291c345293465.jpg,WSSV,8,42012008,original,3.890252211721892,1.3954241842093764,60.83665953975742,-56.17594848449539,1.4351364374160767,0.6861104965209961,1.0799930095672607,False,True,0.43723833560943604,0.10560248792171478,8.138020833333334e-07,0.0011524242581799626,0.054760199040174484,0.11031049489974976,0.05414007604122162,33902809088.0,0.9987503935186498,33490846.0,0.0009866142812812485,8925133.0,0.00026292747815730166
WSSV-18-img-3_jpg.rf.fd00f14466ebaa2e151291c345293465.jpg,WSSV,8,42012008,w1_only,3.890252211721892,1.3954241842093764,60.83665953975742,-56.17594848449539,1.4351364374160767,0.6861104965209961,1.0799930095672607,False,True,0.43528926372528076,0.1061108410358429,2.44140625e-06,0.0014288233360275626,0.062214624136686325,0.1172526404261589,0.061600200831890106,33627041792.0,0.9984884741287412,39778872.0,0.0011811549006160793,11127423.0,0.0003304068101196554
WSSV-18-img-3_jpg.rf.fd00f14466ebaa2e151291c345293465.jpg,WSSV,8,42012008,strong_only,3.890252211721892,1.3954241842093764,60.83665953975742,-56.17594848449539,1.4351364374160767,0.6861104965209961,1.0799930095672607,False,True,0.4808271527290344,0.13218146562576294,0.0,0.0004986207350157201,0.07186272740364075,0.0901731476187706,0.07146066427230835,41677049856.0,0.9989860965532191,37463120.0,0.0008979794909383913,4839010.5,0.00011598959684712674
WSSV-18-img-3_jpg.rf.fd00f14466ebaa2e151291c345293465.jpg,WSSV,8,42012008,w1_then_strong,3.890252211721892,1.3954241842093764,60.83665953975742,-56.17594848449539,1.4351364374160767,0.6861104965209961,1.0799930095672607,False,True,0.47885599732398987,0.13283400237560272,8.138020833333334e-07,0.0005998056149110198,0.07843238115310669,0.09608492255210876,0.07804475724697113,41381367808.0,0.9988025686642146,44151320.0,0.001065659599037962,5475370.5,0.00013215643680900788
WSSV-18-img-3_jpg.rf.fd00f14466ebaa2e151291c345293465.jpg,WSSV,8,42012008,strong_then_w1,3.890252211721892,1.3954241842093764,60.83665953975742,-56.17594848449539,1.4351364374160767,0.6861104965209961,1.0799930095672607,False,True,0.4789351224899292,0.13277429342269897,8.138020833333334e-07,0.000636664277408272,0.07909518480300903,0.0965912938117981,0.07871099561452866,41390510080.0,0.9987804231977958,44387568.0,0.0010711014159060332,6163505.5,0.00014872947010736483
WSSV-18-img-3_jpg.rf.fd00f14466ebaa2e151291c345293465.jpg,WSSV,9,42012009,original,8.574921979034691,0.9466897744034117,-0.33687709274209965,56.67230657703777,-2.4625580310821533,0.7298609018325806,0.9917685985565186,False,True,0.43723833560943604,0.10560248792171478,8.138020833333334e-07,0.0011524242581799626,0.054760199040174484,0.11031049489974976,0.05414007604122162,33902809088.0,0.9987503935186498,33490846.0,0.0009866142812812485,8925133.0,0.00026292747815730166
WSSV-18-img-3_jpg.rf.fd00f14466ebaa2e151291c345293465.jpg,WSSV,9,42012009,w1_only,8.574921979034691,0.9466897744034117,-0.33687709274209965,56.67230657703777,-2.4625580310821533,0.7298609018325806,0.9917685985565186,False,True,0.43528926372528076,0.1061108410358429,2.44140625e-06,0.0014288233360275626,0.062214624136686325,0.1172526404261589,0.061600200831890106,33627041792.0,0.9984884741287412,39778872.0,0.0011811549006160793,11127423.0,0.0003304068101196554
WSSV-18-img-3_jpg.rf.fd00f14466ebaa2e151291c345293465.jpg,WSSV,9,42012009,strong_only,8.574921979034691,0.9466897744034117,-0.33687709274209965,56.67230657703777,-2.4625580310821533,0.7298609018325806,0.9917685985565186,False,True,0.4712389409542084,0.10663340240716934,0.0,0.0006074351258575916,0.05088484659790993,0.10652633756399155,0.05032876506447792,39131770880.0,0.9991722070747796,28092178.0,0.0007172924419871685,4321911.5,0.00011035365267468496
WSSV-18-img-3_jpg.rf.fd00f14466ebaa2e151291c345293465.jpg,WSSV,9,42012009,w1_then_strong,8.574921979034691,0.9466897744034117,-0.33687709274209965,56.67230657703777,-2.4625580310821533,0.7298609018325806,0.9917685985565186,False,True,0.4697490334510803,0.10689986497163773,0.0,0.0007330820662900805,0.05599220097064972,0.1119312047958374,0.055433161556720734,38900764672.0,0.9990307654649133,32549662.0,0.0008359247952493359,5207453.0,0.00013373530830506136
WSSV-18-img-3_jpg.rf.fd00f14466ebaa2e151291c345293465.jpg,WSSV,9,42012009,strong_then_w1,8.574921979034691,0.9466897744034117,-0.33687709274209965,56.67230657703777,-2.4625580310821533,0.7298609018325806,0.9917685985565186,False,True,0.4694858491420746,0.10701873153448105,0.0,0.0007752050296403468,0.05765703693032265,0.11288996785879135,0.05710504576563835,38862385152.0,0.9989987781914116,33361800.0,0.0008576004099571082,5571988.0,0.00014323385408089755
WSSV-18-img-3_jpg.rf.fd00f14466ebaa2e151291c345293465.jpg,WSSV,10,42012010,original,2.75092521521052,1.4413260416007514,-25.199231944330677,-38.34142140435483,5.088556289672852,1.088596224784851,0.9974948763847351,False,False,0.43723833560943604,0.10560248792171478,8.138020833333334e-07,0.0011524242581799626,0.054760199040174484,0.11031049489974976,0.05414007604122162,33902809088.0,0.9987503935186498,33490846.0,0.0009866142812812485,8925133.0,0.00026292747815730166
WSSV-18-img-3_jpg.rf.fd00f14466ebaa2e151291c345293465.jpg,WSSV,10,42012010,w1_only,2.75092521521052,1.4413260416007514,-25.199231944330677,-38.34142140435483,5.088556289672852,1.088596224784851,0.9974948763847351,False,False,0.43528926372528076,0.1061108410358429,2.44140625e-06,0.0014288233360275626,0.062214624136686325,0.1172526404261589,0.061600200831890106,33627041792.0,0.9984884741287412,39778872.0,0.0011811549006160793,11127423.0,0.0003304068101196554
WSSV-18-img-3_jpg.rf.fd00f14466ebaa2e151291c345293465.jpg,WSSV,10,42012010,strong_only,2.75092521521052,1.4413260416007514,-25.199231944330677,-38.34142140435483,5.088556289672852,1.088596224784851,0.9974948763847351,False,False,0.3761824071407318,0.11007782071828842,0.0001123046875,0.00035018782364204526,0.05801215022802353,0.08117176592350006,0.057468708604574203,25743036416.0,0.998763726320679,27905590.0,0.0010826652537481722,3958020.75,0.00015356104420796265
WSSV-18-img-3_jpg.rf.fd00f14466ebaa2e151291c345293465.jpg,WSSV,10,42012010,w1_then_strong,2.75092521521052,1.4413260416007514,-25.199231944330677,-38.34142140435483,5.088556289672852,1.088596224784851,0.9974948763847351,False,False,0.3742186725139618,0.11070899665355682,0.0001513671875,0.00042625266360118985,0.06427263468503952,0.08659518510103226,0.06374882161617279,25513684992.0,0.9985375237454012,32913458.0,0.0012881448861473137,4446500.0,0.00017402414040645716
WSSV-18-img-3_jpg.rf.fd00f14466ebaa2e151291c345293465.jpg,WSSV,10,42012010,strong_then_w1,2.75092521521052,1.4413260416007514,-25.199231944330677,-38.34142140435483,5.088556289672852,1.088596224784851,0.9974948763847351,False,False,0.37425696849823,0.1105978786945343,0.0001416015625,0.00045787671115249395,0.06473930180072784,0.08732394874095917,0.06420934945344925,25513457664.0,0.9985024558713805,33186470.0,0.0012987958054567626,5077955.0,0.00019873239468669597
WSSV-18-img-3_jpg.rf.fd00f14466ebaa2e151291c345293465.jpg,WSSV,11,42012011,original,-5.736679241909273,0.7788208200638645,3.653868243554257,-35.18426326665025,-3.5880239009857178,1.173982858657837,0.8839922547340393,True,False,0.43723833560943604,0.10560248792171478,8.138020833333334e-07,0.0011524242581799626,0.054760199040174484,0.11031049489974976,0.05414007604122162,33902809088.0,0.9987503935186498,33490846.0,0.0009866142812812485,8925133.0,0.00026292747815730166
WSSV-18-img-3_jpg.rf.fd00f14466ebaa2e151291c345293465.jpg,WSSV,11,42012011,w1_only,-5.736679241909273,0.7788208200638645,3.653868243554257,-35.18426326665025,-3.5880239009857178,1.173982858657837,0.8839922547340393,True,False,0.43528926372528076,0.1061108410358429,2.44140625e-06,0.0014288233360275626,0.062214624136686325,0.1172526404261589,0.061600200831890106,33627041792.0,0.9984884741287412,39778872.0,0.0011811549006160793,11127423.0,0.0003304068101196554
WSSV-18-img-3_jpg.rf.fd00f14466ebaa2e151291c345293465.jpg,WSSV,11,42012011,strong_only,-5.736679241909273,0.7788208200638645,3.653868243554257,-35.18426326665025,-3.5880239009857178,1.173982858657837,0.8839922547340393,True,False,0.3856329619884491,0.07594353705644608,0.00010498046875,0.00047934852773323655,0.03504938259720802,0.10406385362148285,0.03458443284034729,25896656896.0,0.9991962085571706,17522964.0,0.0006761057715595798,3314043.5,0.0001278690030721692
WSSV-18-img-3_jpg.rf.fd00f14466ebaa2e151291c345293465.jpg,WSSV,11,42012011,w1_then_strong,-5.736679241909273,0.7788208200638645,3.653868243554257,-35.18426326665025,-3.5880239009857178,1.173982858657837,0.8839922547340393,True,False,0.38460472226142883,0.07631778717041016,0.00013834635416666666,0.000584687979426235,0.0384545773267746,0.10867130011320114,0.037981532514095306,25769957376.0,0.99906128000343,20127198.0,0.000780300250534744,4085512.75,0.00015838899296304886
WSSV-18-img-3_jpg.rf.fd00f14466ebaa2e151291c345293465.jpg,WSSV,11,42012011,strong_then_w1,-5.736679241909273,0.7788208200638645,3.653868243554257,-35.18426326665025,-3.5880239009857178,1.173982858657837,0.8839922547340393,True,False,0.38435855507850647,0.0763998031616211,0.00014404296875,0.0006118289893493056,0.03972479701042175,0.11023321002721786,0.03924977779388428,25739384832.0,0.9990249060318469,20863462.0,0.0008097753034927315,4260701.5,0.0001653709652911121
WSSV-106-img-2_jpg.rf.512b1a953e19dc4b8f39b731b5ff16cf.jpg,WSSV,0,42013000,original,5.694004708594974,1.1370976101168,-57.79366792934144,27.73808334691705,6.611104965209961,1.4923830032348633,1.1772085428237915,False,False,0.344714879989624,0.0954400971531868,7.161458333333333e-05,0.0029441628139466047,0.06197035685181618,0.09744182974100113,0.061706628650426865,21389596672.0,0.9965200502146296,51093032.0,0.0023803735804382017,23601362.0,0.0010995639986125332
WSSV-106-img-2_jpg.rf.512b1a953e19dc4b8f39b731b5ff16cf.jpg,WSSV,0,42013000,w1_only,5.694004708594974,1.1370976101168,-57.79366792934144,27.73808334691705,6.611104965209961,1.4923830032348633,1.1772085428237915,False,False,0.3427272140979767,0.09619370847940445,0.00018473307291666668,0.003614936489611864,0.07051797956228256,0.10517425835132599,0.07026029378175735,21169424384.0,0.9957736160234979,60842020.0,0.002861904847415901,29010464.0,0.0013646027457238352
WSSV-106-img-2_jpg.rf.512b1a953e19dc4b8f39b731b5ff16cf.jpg,WSSV,0,42013000,strong_only,5.694004708594974,1.1370976101168,-57.79366792934144,27.73808334691705,6.611104965209961,1.4923830032348633,1.1772085428237915,False,False,0.2641128897666931,0.08916351199150085,0.28552408854166667,0.0016452217241749167,0.05888126790523529,0.09173554182052612,0.05856470391154289,12959754240.0,0.9940853695271445,61871704.0,0.004745904482067872,15233972.0,0.0011685305449886504
WSSV-106-img-2_jpg.rf.512b1a953e19dc4b8f39b731b5ff16cf.jpg,WSSV,0,42013000,w1_then_strong,5.694004708594974,1.1370976101168,-57.79366792934144,27.73808334691705,6.611104965209961,1.4923830032348633,1.1772085428237915,False,False,0.26322248578071594,0.08977996557950974,0.28450358072916665,0.001941996393725276,0.06438552588224411,0.09766924381256104,0.06406483799219131,12888647680.0,0.9932226239333559,70422880.0,0.005426915173349191,17521226.0,0.001350217532073104
WSSV-106-img-2_jpg.rf.512b1a953e19dc4b8f39b731b5ff16cf.jpg,WSSV,0,42013000,strong_then_w1,5.694004708594974,1.1370976101168,-57.79366792934144,27.73808334691705,6.611104965209961,1.4923830032348633,1.1772085428237915,False,False,0.26258718967437744,0.09003423154354095,0.28621988932291664,0.0020071074832230806,0.06653373688459396,0.09891611337661743,0.06622172892093658,12837368832.0,0.9929724772255399,72370904.0,0.005597900688558462,18480224.0,0.0014294482027516833
WSSV-106-img-2_jpg.rf.512b1a953e19dc4b8f39b731b5ff16cf.jpg,WSSV,1,42013001,original,6.429059151698173,0.6046905160271902,-48.599824896978646,-20.47044958409117,8.921613693237305,0.8860436677932739,1.2767192125320435,False,False,0.344714879989624,0.0954400971531868,7.161458333333333e-05,0.0029441628139466047,0.06197035685181618,0.09744182974100113,0.061706628650426865,21389596672.0,0.9965200502146296,51093032.0,0.0023803735804382017,23601362.0,0.0010995639986125332
WSSV-106-img-2_jpg.rf.512b1a953e19dc4b8f39b731b5ff16cf.jpg,WSSV,1,42013001,w1_only,6.429059151698173,0.6046905160271902,-48.599824896978646,-20.47044958409117,8.921613693237305,0.8860436677932739,1.2767192125320435,False,False,0.3427272140979767,0.09619370847940445,0.00018473307291666668,0.003614936489611864,0.07051797956228256,0.10517425835132599,0.07026029378175735,21169424384.0,0.9957736160234979,60842020.0,0.002861904847415901,29010464.0,0.0013646027457238352
WSSV-106-img-2_jpg.rf.512b1a953e19dc4b8f39b731b5ff16cf.jpg,WSSV,1,42013001,strong_only,6.429059151698173,0.6046905160271902,-48.599824896978646,-20.47044958409117,8.921613693237305,0.8860436677932739,1.2767192125320435,False,False,0.4993833601474762,0.1101016253232956,0.04720296223958333,0.0021545293275266886,0.03704926744103432,0.1440192461013794,0.036759115755558014,43814739968.0,0.9986624387270061,41869356.0,0.0009543216096096314,16816662.0,0.00038329951738691947
WSSV-106-img-2_jpg.rf.512b1a953e19dc4b8f39b731b5ff16cf.jpg,WSSV,1,42013001,w1_then_strong,6.429059151698173,0.6046905160271902,-48.599824896978646,-20.47044958409117,8.921613693237305,0.8860436677932739,1.2767192125320435,False,False,0.49860072135925293,0.11128600686788559,0.04527750651041667,0.002535110805183649,0.03963635861873627,0.15037396550178528,0.03933598846197128,43720945664.0,0.9985058976910357,45685676.0,0.0010433767210017912,19740470.0,0.00045083598762190214
WSSV-106-img-2_jpg.rf.512b1a953e19dc4b8f39b731b5ff16cf.jpg,WSSV,1,42013001,strong_then_w1,6.429059151698173,0.6046905160271902,-48.599824896978646,-20.47044958409117,8.921613693237305,0.8860436677932739,1.2767192125320435,False,False,0.49862661957740784,0.11136844754219055,0.04767822265625,0.0026304542552679777,0.04108899086713791,0.1532047986984253,0.04078487306833267,43723874304.0,0.9984033625627756,49352456.0,0.0011269279954137944,20571098.0,0.0004697262935121347
WSSV-106-img-2_jpg.rf.512b1a953e19dc4b8f39b731b5ff16cf.jpg,WSSV,2,42013002,original,-6.634135903721345,0.9021370581849019,15.656382267866434,-2.7543715055816165,8.828694343566895,1.3487831354141235,1.3723022937774658,False,False,0.344714879989624,0.0954400971531868,7.161458333333333e-05,0.0029441628139466047,0.06197035685181618,0.09744182974100113,0.061706628650426865,21389596672.0,0.9965200502146296,51093032.0,0.0023803735804382017,23601362.0,0.0010995639986125332
WSSV-106-img-2_jpg.rf.512b1a953e19dc4b8f39b731b5ff16cf.jpg,WSSV,2,42013002,w1_only,-6.634135903721345,0.9021370581849019,15.656382267866434,-2.7543715055816165,8.828694343566895,1.3487831354141235,1.3723022937774658,False,False,0.3427272140979767,0.09619370847940445,0.00018473307291666668,0.003614936489611864,0.07051797956228256,0.10517425835132599,0.07026029378175735,21169424384.0,0.9957736160234979,60842020.0,0.002861904847415901,29010464.0,0.0013646027457238352
WSSV-106-img-2_jpg.rf.512b1a953e19dc4b8f39b731b5ff16cf.jpg,WSSV,2,42013002,strong_only,-6.634135903721345,0.9021370581849019,15.656382267866434,-2.7543715055816165,8.828694343566895,1.3487831354141235,1.3723022937774658,False,False,0.321852445602417,0.15506215393543243,0.40116536458333335,0.003012903733178973,0.06062518432736397,0.12417011708021164,0.06024061515927315,21294946304.0,0.994472307452027,90582480.0,0.004230194648737213,27777896.0,0.0012972255452972674
WSSV-106-img-2_jpg.rf.512b1a953e19dc4b8f39b731b5ff16cf.jpg,WSSV,2,42013002,w1_then_strong,-6.634135903721345,0.9021370581849019,15.656382267866434,-2.7543715055816165,8.828694343566895,1.3487831354141235,1.3723022937774658,False,False,0.3214207887649536,0.15548734366893768,0.40063151041666667,0.003418735461309552,0.0650382861495018,0.13180775940418243,0.06463418900966644,21260093440.0,0.9939793846731592,97835616.0,0.004574137252277264,30942990.0,0.0014466866877584014
WSSV-106-img-2_jpg.rf.512b1a953e19dc4b8f39b731b5ff16cf.jpg,WSSV,2,42013002,strong_then_w1,-6.634135903721345,0.9021370581849019,15.656382267866434,-2.7543715055816165,8.828694343566895,1.3487831354141235,1.3723022937774658,False,False,0.3210754096508026,0.15606236457824707,0.40208089192708335,0.00358759518712759,0.06562124937772751,0.1322879046201706,0.0652177631855011,21244211200.0,0.9935697151533426,104405744.0,0.0048829483170668535,33086794.0,0.0015474350250254208
WSSV-106-img-2_jpg.rf.512b1a953e19dc4b8f39b731b5ff16cf.jpg,WSSV,3,42013003,original,-5.853588162638294,1.0517788994260724,29.858837820923554,-23.645560546591923,0.9404749274253845,1.3951689004898071,0.6826207637786865,True,True,0.344714879989624,0.0954400971531868,7.161458333333333e-05,0.0029441628139466047,0.06197035685181618,0.09744182974100113,0.061706628650426865,21389596672.0,0.9965200502146296,51093032.0,0.0023803735804382017,23601362.0,0.0010995639986125332
WSSV-106-img-2_jpg.rf.512b1a953e19dc4b8f39b731b5ff16cf.jpg,WSSV,3,42013003,w1_only,-5.853588162638294,1.0517788994260724,29.858837820923554,-23.645560546591923,0.9404749274253845,1.3951689004898071,0.6826207637786865,True,True,0.3427272140979767,0.09619370847940445,0.00018473307291666668,0.003614936489611864,0.07051797956228256,0.10517425835132599,0.07026029378175735,21169424384.0,0.9957736160234979,60842020.0,0.002861904847415901,29010464.0,0.0013646027457238352
WSSV-106-img-2_jpg.rf.512b1a953e19dc4b8f39b731b5ff16cf.jpg,WSSV,3,42013003,strong_only,-5.853588162638294,1.0517788994260724,29.858837820923554,-23.645560546591923,0.9404749274253845,1.3951689004898071,0.6826207637786865,True,True,0.21136081218719482,0.052765876054763794,0.268203125,0.0005649051163345575,0.035835884511470795,0.055792100727558136,0.035671815276145935,7936525312.0,0.9967916365585854,20367438.0,0.0025580579735351976,5176695.0,0.0006501694479840709
WSSV-106-img-2_jpg.rf.512b1a953e19dc4b8f39b731b5ff16cf.jpg,WSSV,3,42013003,w1_then_strong,-5.853588162638294,1.0517788994260724,29.858837820923554,-23.645560546591923,0.9404749274253845,1.3951689004898071,0.6826207637786865,True,True,0.21074426174163818,0.05325938016176224,0.26881754557291665,0.0006786065641790628,0.039464812725782394,0.059297382831573486,0.03930176421999931,7897710592.0,0.9962819986926121,23429364.0,0.0029555721651362246,6044087.5,0.0007624507766684486
WSSV-106-img-2_jpg.rf.512b1a953e19dc4b8f39b731b5ff16cf.jpg,WSSV,3,42013003,strong_then_w1,-5.853588162638294,1.0517788994260724,29.858837820923554,-23.645560546591923,0.9404749274253845,1.3951689004898071,0.6826207637786865,True,True,0.21005181968212128,0.05342288687825203,0.26977620442708333,0.0007060598582029343,0.04134964570403099,0.06239736080169678,0.041176605969667435,7850797568.0,0.9961391589265237,24014692.0,0.003047075775876064,6413771.0,0.0008138037433966008
WSSV-106-img-2_jpg.rf.512b1a953e19dc4b8f39b731b5ff16cf.jpg,WSSV,4,42013004,original,-7.578604076672746,0.7533006070653055,-40.650181274010095,-47.15775434516678,3.7824320793151855,1.0027060508728027,1.0157444477081299,True,True,0.344714879989624,0.0954400971531868,7.161458333333333e-05,0.0029441628139466047,0.06197035685181618,0.09744182974100113,0.061706628650426865,21389596672.0,0.9965200502146296,51093032.0,0.0023803735804382017,23601362.0,0.0010995639986125332
WSSV-106-img-2_jpg.rf.512b1a953e19dc4b8f39b731b5ff16cf.jpg,WSSV,4,42013004,w1_only,-7.578604076672746,0.7533006070653055,-40.650181274010095,-47.15775434516678,3.7824320793151855,1.0027060508728027,1.0157444477081299,True,True,0.3427272140979767,0.09619370847940445,0.00018473307291666668,0.003614936489611864,0.07051797956228256,0.10517425835132599,0.07026029378175735,21169424384.0,0.9957736160234979,60842020.0,0.002861904847415901,29010464.0,0.0013646027457238352
WSSV-106-img-2_jpg.rf.512b1a953e19dc4b8f39b731b5ff16cf.jpg,WSSV,4,42013004,strong_only,-7.578604076672746,0.7533006070653055,-40.650181274010095,-47.15775434516678,3.7824320793151855,1.0027060508728027,1.0157444477081299,True,True,0.3727615475654602,0.095381960272789,4.8828125e-06,0.0014835229376330972,0.04357967898249626,0.09971661120653152,0.0433429554104805,24790794240.0,0.9980801710794808,36110896.0,0.0014538287441940923,11572771.0,0.00046592106520358315
WSSV-106-img-2_jpg.rf.512b1a953e19dc4b8f39b731b5ff16cf.jpg,WSSV,4,42013004,w1_then_strong,-7.578604076672746,0.7533006070653055,-40.650181274010095,-47.15775434516678,3.7824320793151855,1.0027060508728027,1.0157444477081299,True,True,0.37161436676979065,0.09642892330884933,2.44140625e-05,0.0017725699581205845,0.0474378764629364,0.10538887232542038,0.0471934974193573,24674387968.0,0.9977946395222396,40686748.0,0.0016453100723974236,13841109.0,0.000559713350667658
WSSV-106-img-2_jpg.rf.512b1a953e19dc4b8f39b731b5ff16cf.jpg,WSSV,4,42013004,strong_then_w1,-7.578604076672746,0.7533006070653055,-40.650181274010095,-47.15775434516678,3.7824320793151855,1.0027060508728027,1.0157444477081299,True,True,0.37159091234207153,0.0965733602643013,7.649739583333334e-05,0.0018397975945845246,0.04903358593583107,0.10714927315711975,0.048788510262966156,24673558528.0,0.9976909481074893,42722100.0,0.0017274951404262625,14384113.0,0.0005816307088565924
WSSV-106-img-2_jpg.rf.512b1a953e19dc4b8f39b731b5ff16cf.jpg,WSSV,5,42013005,original,6.2451482735255865,1.4392609872012452,-28.205286317645744,-26.214195185108963,-5.409937858581543,0.6646395921707153,1.1306322813034058,False,True,0.344714879989624,0.0954400971531868,7.161458333333333e-05,0.0029441628139466047,0.06197035685181618,0.09744182974100113,0.061706628650426865,21389596672.0,0.9965200502146296,51093032.0,0.0023803735804382017,23601362.0,0.0010995639986125332
WSSV-106-img-2_jpg.rf.512b1a953e19dc4b8f39b731b5ff16cf.jpg,WSSV,5,42013005,w1_only,6.2451482735255865,1.4392609872012452,-28.205286317645744,-26.214195185108963,-5.409937858581543,0.6646395921707153,1.1306322813034058,False,True,0.3427272140979767,0.09619370847940445,0.00018473307291666668,0.003614936489611864,0.07051797956228256,0.10517425835132599,0.07026029378175735,21169424384.0,0.9957736160234979,60842020.0,0.002861904847415901,29010464.0,0.0013646027457238352
WSSV-106-img-2_jpg.rf.512b1a953e19dc4b8f39b731b5ff16cf.jpg,WSSV,5,42013005,strong_only,6.2451482735255865,1.4392609872012452,-28.205286317645744,-26.214195185108963,-5.409937858581543,0.6646395921707153,1.1306322813034058,False,True,0.558499276638031,0.18301188945770264,1.6276041666666666e-05,0.0012629000702872872,0.08884339034557343,0.08365101367235184,0.08892405778169632,57862066176.0,0.9984655282078112,79055488.0,0.0013641783779989964,9864014.0,0.00017021303592584734
WSSV-106-img-2_jpg.rf.512b1a953e19dc4b8f39b731b5ff16cf.jpg,WSSV,5,42013005,w1_then_strong,6.2451482735255865,1.4392609872012452,-28.205286317645744,-26.214195185108963,-5.409937858581543,0.6646395921707153,1.1306322813034058,False,True,0.5562909841537476,0.18380342423915863,3.4993489583333335e-05,0.0015235502505674958,0.09757310897111893,0.09039890766143799,0.0976845771074295,57480749056.0,0.998160499053719,94304168.0,0.001637603840235623,11618950.0,0.00020176454066702217
WSSV-106-img-2_jpg.rf.512b1a953e19dc4b8f39b731b5ff16cf.jpg,WSSV,5,42013005,strong_then_w1,6.2451482735255865,1.4392609872012452,-28.205286317645744,-26.214195185108963,-5.409937858581543,0.6646395921707153,1.1306322813034058,False,True,0.5565544962882996,0.1836370825767517,3.255208333333333e-05,0.0015667774714529514,0.09818029403686523,0.09171915054321289,0.09828068315982819,57519919104.0,0.9981655097059741,93406400.0,0.0016209175589629162,12303574.0,0.00021350870105902382
WSSV-106-img-2_jpg.rf.512b1a953e19dc4b8f39b731b5ff16cf.jpg,WSSV,6,42013006,original,5.146445350276991,0.506272516788994,8.38549290631903,-38.42869833810971,-0.6236363649368286,0.9545862078666687,1.3365801572799683,True,False,0.344714879989624,0.0954400971531868,7.161458333333333e-05,0.0029441628139466047,0.06197035685181618,0.09744182974100113,0.061706628650426865,21389596672.0,0.9965200502146296,51093032.0,0.0023803735804382017,23601362.0,0.0010995639986125332
WSSV-106-img-2_jpg.rf.512b1a953e19dc4b8f39b731b5ff16cf.jpg,WSSV,6,42013006,w1_only,5.146445350276991,0.506272516788994,8.38549290631903,-38.42869833810971,-0.6236363649368286,0.9545862078666687,1.3365801572799683,True,False,0.3427272140979767,0.09619370847940445,0.00018473307291666668,0.003614936489611864,0.07051797956228256,0.10517425835132599,0.07026029378175735,21169424384.0,0.9957736160234979,60842020.0,0.002861904847415901,29010464.0,0.0013646027457238352
WSSV-106-img-2_jpg.rf.512b1a953e19dc4b8f39b731b5ff16cf.jpg,WSSV,6,42013006,strong_only,5.146445350276991,0.506272516788994,8.38549290631903,-38.42869833810971,-0.6236363649368286,0.9545862078666687,1.3365801572799683,True,False,0.5642901659011841,0.08070609718561172,0.05052652994791667,0.002084480132907629,0.02800430729985237,0.16365939378738403,0.027746150270104408,54464737280.0,0.9990717094146172,34779172.0,0.0006379703374576709,15819742.0,0.000290188798693462
WSSV-106-img-2_jpg.rf.512b1a953e19dc4b8f39b731b5ff16cf.jpg,WSSV,6,42013006,w1_then_strong,5.146445350276991,0.506272516788994,8.38549290631903,-38.42869833810971,-0.6236363649368286,0.9545862078666687,1.3365801572799683,True,False,0.5638026595115662,0.08172306418418884,0.050074869791666664,0.002452146029099822,0.029664576053619385,0.17028199136257172,0.02939697727560997,54394474496.0,0.9989658970961168,37686436.0,0.0006921192767449913,18617300.0,0.00034191060706681117
WSSV-106-img-2_jpg.rf.512b1a953e19dc4b8f39b731b5ff16cf.jpg,WSSV,6,42013006,strong_then_w1,5.146445350276991,0.506272516788994,8.38549290631903,-38.42869833810971,-0.6236363649368286,0.9545862078666687,1.3365801572799683,True,False,0.5637267231941223,0.08181215077638626,0.05069091796875,0.0025258774403482676,0.030862972140312195,0.173910990357399,0.03059075027704239,54378782720.0,0.9988965246168459,40886188.0,0.0007510479097762155,19195644.0,0.00035260925530666625
WSSV-106-img-2_jpg.rf.512b1a953e19dc4b8f39b731b5ff16cf.jpg,WSSV,7,42013007,original,-9.384314591679212,0.5252150123129596,55.43795131202245,-8.03868176708437,3.304082155227661,0.6189367771148682,1.1893144845962524,False,False,0.344714879989624,0.0954400971531868,7.161458333333333e-05,0.0029441628139466047,0.06197035685181618,0.09744182974100113,0.061706628650426865,21389596672.0,0.9965200502146296,51093032.0,0.0023803735804382017,23601362.0,0.0010995639986125332
WSSV-106-img-2_jpg.rf.512b1a953e19dc4b8f39b731b5ff16cf.jpg,WSSV,7,42013007,w1_only,-9.384314591679212,0.5252150123129596,55.43795131202245,-8.03868176708437,3.304082155227661,0.6189367771148682,1.1893144845962524,False,False,0.3427272140979767,0.09619370847940445,0.00018473307291666668,0.003614936489611864,0.07051797956228256,0.10517425835132599,0.07026029378175735,21169424384.0,0.9957736160234979,60842020.0,0.002861904847415901,29010464.0,0.0013646027457238352
WSSV-106-img-2_jpg.rf.512b1a953e19dc4b8f39b731b5ff16cf.jpg,WSSV,7,42013007,strong_only,-9.384314591679212,0.5252150123129596,55.43795131202245,-8.03868176708437,3.304082155227661,0.6189367771148682,1.1893144845962524,False,False,0.5312555432319641,0.0735897496342659,0.0038728841145833333,0.0018757368670776486,0.030164090916514397,0.14367535710334778,0.029933610931038857,48208830464.0,0.9989537484146449,35962772.0,0.0007451984532088656,14534995.0,0.00030118523097715037
WSSV-106-img-2_jpg.rf.512b1a953e19dc4b8f39b731b5ff16cf.jpg,WSSV,7,42013007,w1_then_strong,-9.384314591679212,0.5252150123129596,55.43795131202245,-8.03868176708437,3.304082155227661,0.6189367771148682,1.1893144845962524,False,False,0.5306146740913391,0.07392431050539017,0.0035074869791666668,0.002246060874313116,0.03206567093729973,0.14959238469600677,0.03182703256607056,48096485376.0,0.9988170510350569,39447680.0,0.0008192077882563033,17508276.0,0.00036359339910841185
WSSV-106-img-2_jpg.rf.512b1a953e19dc4b8f39b731b5ff16cf.jpg,WSSV,7,42013007,strong_then_w1,-9.384314591679212,0.5252150123129596,55.43795131202245,-8.03868176708437,3.304082155227661,0.6189367771148682,1.1893144845962524,False,False,0.5306652188301086,0.07421618700027466,0.004138997395833333,0.002293636091053486,0.033185068517923355,0.1530338078737259,0.032941728830337524,48109465600.0,0.9987501884538603,42408088.0,0.0008803898641095671,17802366.0,0.00036957626063143374
WSSV-106-img-2_jpg.rf.512b1a953e19dc4b8f39b731b5ff16cf.jpg,WSSV,8,42013008,original,9.614874662560396,0.582704281708404,-38.56364566821418,44.094185612988895,3.4986140727996826,0.5255274176597595,1.2358030080795288,False,True,0.344714879989624,0.0954400971531868,7.161458333333333e-05,0.0029441628139466047,0.06197035685181618,0.09744182974100113,0.061706628650426865,21389596672.0,0.9965200502146296,51093032.0,0.0023803735804382017,23601362.0,0.0010995639986125332
WSSV-106-img-2_jpg.rf.512b1a953e19dc4b8f39b731b5ff16cf.jpg,WSSV,8,42013008,w1_only,9.614874662560396,0.582704281708404,-38.56364566821418,44.094185612988895,3.4986140727996826,0.5255274176597595,1.2358030080795288,False,True,0.3427272140979767,0.09619370847940445,0.00018473307291666668,0.003614936489611864,0.07051797956228256,0.10517425835132599,0.07026029378175735,21169424384.0,0.9957736160234979,60842020.0,0.002861904847415901,29010464.0,0.0013646027457238352
WSSV-106-img-2_jpg.rf.512b1a953e19dc4b8f39b731b5ff16cf.jpg,WSSV,8,42013008,strong_only,9.614874662560396,0.582704281708404,-38.56364566821418,44.094185612988895,3.4986140727996826,0.5255274176597595,1.2358030080795288,False,True,0.5652259588241577,0.09264403581619263,0.022146809895833335,0.0022546551190316677,0.03688542917370796,0.14159803092479706,0.03662196546792984,54974484480.0,0.9988113840120433,48486556.0,0.0008809345746926674,16934132.0,0.00030767007603529293
WSSV-106-img-2_jpg.rf.512b1a953e19dc4b8f39b731b5ff16cf.jpg,WSSV,8,42013008,w1_then_strong,9.614874662560396,0.582704281708404,-38.56364566821418,44.094185612988895,3.4986140727996826,0.5255274176597595,1.2358030080795288,False,True,0.5644887685775757,0.09290497750043869,0.02113037109375,0.0026789545081555843,0.039235878735780716,0.147499680519104,0.038963478058576584,54834728960.0,0.9986601614012798,53312548.0,0.0009709379220098086,20264946.0,0.00036906892086420223
WSSV-106-img-2_jpg.rf.512b1a953e19dc4b8f39b731b5ff16cf.jpg,WSSV,8,42013008,strong_then_w1,9.614874662560396,0.582704281708404,-38.56364566821418,44.094185612988895,3.4986140727996826,0.5255274176597595,1.2358030080795288,False,True,0.5645240545272827,0.09315237402915955,0.022412109375,0.0027483636513352394,0.040563102811574936,0.1505998969078064,0.04028624668717384,54845014016.0,0.9985857112386884,56953880.0,0.0010369827009436298,20710798.0,0.0003770900112290493
WSSV-106-img-2_jpg.rf.512b1a953e19dc4b8f39b731b5ff16cf.jpg,WSSV,9,42013009,original,9.055781181126925,0.7272517999193305,54.085890532359144,22.89120026908347,-6.39503288269043,0.5986813902854919,1.0744777917861938,True,True,0.344714879989624,0.0954400971531868,7.161458333333333e-05,0.0029441628139466047,0.06197035685181618,0.09744182974100113,0.061706628650426865,21389596672.0,0.9965200502146296,51093032.0,0.0023803735804382017,23601362.0,0.0010995639986125332
WSSV-106-img-2_jpg.rf.512b1a953e19dc4b8f39b731b5ff16cf.jpg,WSSV,9,42013009,w1_only,9.055781181126925,0.7272517999193305,54.085890532359144,22.89120026908347,-6.39503288269043,0.5986813902854919,1.0744777917861938,True,True,0.3427272140979767,0.09619370847940445,0.00018473307291666668,0.003614936489611864,0.07051797956228256,0.10517425835132599,0.07026029378175735,21169424384.0,0.9957736160234979,60842020.0,0.002861904847415901,29010464.0,0.0013646027457238352
WSSV-106-img-2_jpg.rf.512b1a953e19dc4b8f39b731b5ff16cf.jpg,WSSV,9,42013009,strong_only,9.055781181126925,0.7272517999193305,54.085890532359144,22.89120026908347,-6.39503288269043,0.5986813902854919,1.0744777917861938,True,True,0.5239960551261902,0.11880191415548325,8.138020833333334e-07,0.0018910126527771354,0.048899270594120026,0.10577923059463501,0.04867564141750336,48364171264.0,0.9985705178762647,55303680.0,0.0011418499053072748,13939425.0,0.0002878060034393346
WSSV-106-img-2_jpg.rf.512b1a953e19dc4b8f39b731b5ff16cf.jpg,WSSV,9,42013009,w1_then_strong,9.055781181126925,0.7272517999193305,54.085890532359144,22.89120026908347,-6.39503288269043,0.5986813902854919,1.0744777917861938,True,True,0.5228725671768188,0.11885444074869156,2.44140625e-06,0.002269088989123702,0.05287709832191467,0.11185760796070099,0.05264522135257721,48158617600.0,0.9983507541629383,62713772.0,0.0013000859387750068,16857668.0,0.000349467372610555
WSSV-106-img-2_jpg.rf.512b1a953e19dc4b8f39b731b5ff16cf.jpg,WSSV,9,42013009,strong_then_w1,9.055781181126925,0.7272517999193305,54.085890532359144,22.89120026908347,-6.39503288269043,0.5986813902854919,1.0744777917861938,True,True,0.5228328704833984,0.11912569403648376,6.510416666666667e-06,0.0023292365949600935,0.05447293445467949,0.1135205551981926,0.05424078553915024,48159576064.0,0.9982900103405978,65269524.0,0.0013529586245173036,17232902.0,0.0003572173038424716
WSSV-106-img-2_jpg.rf.512b1a953e19dc4b8f39b731b5ff16cf.jpg,WSSV,10,42013010,original,0.12035213597076577,0.9607871193923009,0.28570509626553076,-21.28364567962319,5.6346282958984375,1.3923892974853516,1.2214303016662598,False,False,0.344714879989624,0.0954400971531868,7.161458333333333e-05,0.0029441628139466047,0.06197035685181618,0.09744182974100113,0.061706628650426865,21389596672.0,0.9965200502146296,51093032.0,0.0023803735804382017,23601362.0,0.0010995639986125332
WSSV-106-img-2_jpg.rf.512b1a953e19dc4b8f39b731b5ff16cf.jpg,WSSV,10,42013010,w1_only,0.12035213597076577,0.9607871193923009,0.28570509626553076,-21.28364567962319,5.6346282958984375,1.3923892974853516,1.2214303016662598,False,False,0.3427272140979767,0.09619370847940445,0.00018473307291666668,0.003614936489611864,0.07051797956228256,0.10517425835132599,0.07026029378175735,21169424384.0,0.9957736160234979,60842020.0,0.002861904847415901,29010464.0,0.0013646027457238352
WSSV-106-img-2_jpg.rf.512b1a953e19dc4b8f39b731b5ff16cf.jpg,WSSV,10,42013010,strong_only,0.12035213597076577,0.9607871193923009,0.28570509626553076,-21.28364567962319,5.6346282958984375,1.3923892974853516,1.2214303016662598,False,False,0.3084227740764618,0.10393468290567398,0.3071134440104167,0.0021334399934858084,0.05998729169368744,0.10391697287559509,0.0596885122358799,17679644672.0,0.9948252633262664,70784096.0,0.003982987681536121,21183220.0,0.001191969793825856
WSSV-106-img-2_jpg.rf.512b1a953e19dc4b8f39b731b5ff16cf.jpg,WSSV,10,42013010,w1_then_strong,0.12035213597076577,0.9607871193923009,0.28570509626553076,-21.28364567962319,5.6346282958984375,1.3923892974853516,1.2214303016662598,False,False,0.30764099955558777,0.10457940399646759,0.30487711588541666,0.002469261409714818,0.06511672586202621,0.11098892241716385,0.06480472534894943,17611579392.0,0.9942543148136008,77994536.0,0.004403148759338979,23779508.0,0.0013424621328331425
WSSV-106-img-2_jpg.rf.512b1a953e19dc4b8f39b731b5ff16cf.jpg,WSSV,10,42013010,strong_then_w1,0.12035213597076577,0.9607871193923009,0.28570509626553076,-21.28364567962319,5.6346282958984375,1.3923892974853516,1.2214303016662598,False,False,0.30721455812454224,0.10500326007604599,0.30828369140625,0.002575874561443925,0.06674071401357651,0.1115373894572258,0.06643601506948471,17576790016.0,0.9939224514111114,82054376.0,0.004639964775632503,25423184.0,0.0014376159322011522
WSSV-106-img-2_jpg.rf.512b1a953e19dc4b8f39b731b5ff16cf.jpg,WSSV,11,42013011,original,4.481769982384819,0.876089102409096,-12.519976585496977,29.606872472963914,-2.8536064624786377,1.0560903549194336,1.2868705987930298,False,True,0.344714879989624,0.0954400971531868,7.161458333333333e-05,0.0029441628139466047,0.06197035685181618,0.09744182974100113,0.061706628650426865,21389596672.0,0.9965200502146296,51093032.0,0.0023803735804382017,23601362.0,0.0010995639986125332
WSSV-106-img-2_jpg.rf.512b1a953e19dc4b8f39b731b5ff16cf.jpg,WSSV,11,42013011,w1_only,4.481769982384819,0.876089102409096,-12.519976585496977,29.606872472963914,-2.8536064624786377,1.0560903549194336,1.2868705987930298,False,True,0.3427272140979767,0.09619370847940445,0.00018473307291666668,0.003614936489611864,0.07051797956228256,0.10517425835132599,0.07026029378175735,21169424384.0,0.9957736160234979,60842020.0,0.002861904847415901,29010464.0,0.0013646027457238352
WSSV-106-img-2_jpg.rf.512b1a953e19dc4b8f39b731b5ff16cf.jpg,WSSV,11,42013011,strong_only,4.481769982384819,0.876089102409096,-12.519976585496977,29.606872472963914,-2.8536064624786377,1.0560903549194336,1.2868705987930298,False,True,0.481021523475647,0.11635030061006546,0.13443196614583333,0.0022909522522240877,0.06278476119041443,0.1193723976612091,0.06246241182088852,41008189440.0,0.997994792801071,64641904.0,0.001573156105395389,17759238.0,0.0004321972584048545
WSSV-106-img-2_jpg.rf.512b1a953e19dc4b8f39b731b5ff16cf.jpg,WSSV,11,42013011,w1_then_strong,4.481769982384819,0.876089102409096,-12.519976585496977,29.606872472963914,-2.8536064624786377,1.0560903549194336,1.2868705987930298,False,True,0.47955045104026794,0.11747094243764877,0.13580159505208333,0.0027392201591283083,0.06857193261384964,0.1265316605567932,0.06824177503585815,40802598912.0,0.997679659159878,73636336.0,0.0018005096871576026,21259960.0,0.0005198352607954739
WSSV-106-img-2_jpg.rf.512b1a953e19dc4b8f39b731b5ff16cf.jpg,WSSV,11,42013011,strong_then_w1,4.481769982384819,0.876089102409096,-12.519976585496977,29.606872472963914,-2.8536064624786377,1.0560903549194336,1.2868705987930298,False,True,0.47956615686416626,0.11725641787052155,0.14189046223958332,0.002789907855913043,0.0697239562869072,0.12730605900287628,0.06939594447612762,40793993216.0,0.9976134136848779,75916864.0,0.0018565400413310352,21675738.0,0.0005300782119029665
WSSV-1-img-2_jpg.rf.40688fc7481929d84ec37db2c3cac016.jpg,WSSV,0,42014000,original,-9.116579802095497,1.2509578081188737,54.33856761496895,60.0324826206089,6.040866374969482,0.8214671611785889,0.8567546010017395,True,True,0.7263933420181274,0.16412359476089478,2.0345052083333332e-05,0.004665250424295664,0.081346794962883,0.14351938664913177,0.0810406506061554,92911788032.0,0.9985820412196788,95736792.0,0.0010289441544517213,36207512.0,0.0003891451451563215
WSSV-1-img-2_jpg.rf.40688fc7481929d84ec37db2c3cac016.jpg,WSSV,0,42014000,w1_only,-9.116579802095497,1.2509578081188737,54.33856761496895,60.0324826206089,6.040866374969482,0.8214671611785889,0.8567546010017395,True,True,0.7244848012924194,0.16492629051208496,5.859375e-05,0.00567780202254653,0.09010495990514755,0.15344998240470886,0.08979304879903793,92466044928.0,0.9983001930380704,113266696.0,0.0012228722940364892,44195060.0,0.00047714744329860456
WSSV-1-img-2_jpg.rf.40688fc7481929d84ec37db2c3cac016.jpg,WSSV,0,42014000,strong_only,-9.116579802095497,1.2509578081188737,54.33856761496895,60.0324826206089,6.040866374969482,0.8214671611785889,0.8567546010017395,True,True,0.6007535457611084,0.1534305065870285,0.0,0.0010509645799174905,0.061545196920633316,0.09803804010152817,0.06126311793923378,64431243264.0,0.9989451253723353,57508420.0,0.0008916133372047315,10530343.0,0.00016326294939315815
WSSV-1-img-2_jpg.rf.40688fc7481929d84ec37db2c3cac016.jpg,WSSV,0,42014000,w1_then_strong,-9.116579802095497,1.2509578081188737,54.33856761496895,60.0324826206089,6.040866374969482,0.8214671611785889,0.8567546010017395,True,True,0.5991834402084351,0.1539345234632492,0.0,0.0012630200944840908,0.06786134093999863,0.10486140102148056,0.06757533550262451,64130379776.0,0.9987727153553154,66812840.0,0.0010405496094126271,11998627.0,0.00018686777329533964
WSSV-1-img-2_jpg.rf.40688fc7481929d84ec37db2c3cac016.jpg,WSSV,0,42014000,strong_then_w1,-9.116579802095497,1.2509578081188737,54.33856761496895,60.0324826206089,6.040866374969482,0.8214671611785889,0.8567546010017395,True,True,0.5988910794258118,0.15398970246315002,0.0,0.0013195985229685903,0.070028156042099,0.10620133578777313,0.06974854320287704,64071966720.0,0.998732571420472,68136184.0,0.0010620842427154142,13175505.0,0.00020537540303575195
WSSV-1-img-2_jpg.rf.40688fc7481929d84ec37db2c3cac016.jpg,WSSV,1,42014001,original,-6.419590304916472,1.108794123634585,-34.77648757111268,-20.733108390663915,-3.2449820041656494,1.4556751251220703,0.6190977096557617,False,False,0.7263933420181274,0.16412359476089478,2.0345052083333332e-05,0.004665250424295664,0.081346794962883,0.14351938664913177,0.0810406506061554,92911788032.0,0.9985820412196788,95736792.0,0.0010289441544517213,36207512.0,0.0003891451451563215
WSSV-1-img-2_jpg.rf.40688fc7481929d84ec37db2c3cac016.jpg,WSSV,1,42014001,w1_only,-6.419590304916472,1.108794123634585,-34.77648757111268,-20.733108390663915,-3.2449820041656494,1.4556751251220703,0.6190977096557617,False,False,0.7244848012924194,0.16492629051208496,5.859375e-05,0.00567780202254653,0.09010495990514755,0.15344998240470886,0.08979304879903793,92466044928.0,0.9983001930380704,113266696.0,0.0012228722940364892,44195060.0,0.00047714744329860456
WSSV-1-img-2_jpg.rf.40688fc7481929d84ec37db2c3cac016.jpg,WSSV,1,42014001,strong_only,-6.419590304916472,1.108794123634585,-34.77648757111268,-20.733108390663915,-3.2449820041656494,1.4556751251220703,0.6190977096557617,False,False,0.4365437626838684,0.10981246829032898,0.00183837890625,0.0007644034340046346,0.049180254340171814,0.07688579708337784,0.049012310802936554,33951928320.0,0.9987166999851561,36956768.0,0.0010871058936977932,6660388.0,0.0001959193793438338
WSSV-1-img-2_jpg.rf.40688fc7481929d84ec37db2c3cac016.jpg,WSSV,1,42014001,w1_then_strong,-6.419590304916472,1.108794123634585,-34.77648757111268,-20.733108390663915,-3.2449820041656494,1.4556751251220703,0.6190977096557617,False,False,0.43533074855804443,0.11015056073665619,0.0022281901041666667,0.0009127773228101432,0.053885892033576965,0.08157365024089813,0.05371806025505066,33780187136.0,0.9985103674658976,42657788.0,0.001260923848635791,7730411.5,0.00022850364909025235
WSSV-1-img-2_jpg.rf.40688fc7481929d84ec37db2c3cac016.jpg,WSSV,1,42014001,strong_then_w1,-6.419590304916472,1.108794123634585,-34.77648757111268,-20.733108390663915,-3.2449820041656494,1.4556751251220703,0.6190977096557617,False,False,0.43459832668304443,0.11029171198606491,0.0025040690104166665,0.0009727400611154735,0.057078681886196136,0.08375126123428345,0.056916993111371994,33676484608.0,0.9984457647681948,43961372.0,0.0013033737397986046,8462853.0,0.0002509080099678381
WSSV-1-img-2_jpg.rf.40688fc7481929d84ec37db2c3cac016.jpg,WSSV,2,42014002,original,2.7049731115544837,1.249917507871381,55.642308648376,7.513965534574481,8.755102157592773,1.330269694328308,0.8052621483802795,True,False,0.7263933420181274,0.16412359476089478,2.0345052083333332e-05,0.004665250424295664,0.081346794962883,0.14351938664913177,0.0810406506061554,92911788032.0,0.9985820412196788,95736792.0,0.0010289441544517213,36207512.0,0.0003891451451563215
WSSV-1-img-2_jpg.rf.40688fc7481929d84ec37db2c3cac016.jpg,WSSV,2,42014002,w1_only,2.7049731115544837,1.249917507871381,55.642308648376,7.513965534574481,8.755102157592773,1.330269694328308,0.8052621483802795,True,False,0.7244848012924194,0.16492629051208496,5.859375e-05,0.00567780202254653,0.09010495990514755,0.15344998240470886,0.08979304879903793,92466044928.0,0.9983001930380704,113266696.0,0.0012228722940364892,44195060.0,0.00047714744329860456
WSSV-1-img-2_jpg.rf.40688fc7481929d84ec37db2c3cac016.jpg,WSSV,2,42014002,strong_only,2.7049731115544837,1.249917507871381,55.642308648376,7.513965534574481,8.755102157592773,1.330269694328308,0.8052621483802795,True,False,0.5484225749969482,0.14224514365196228,0.0010856119791666666,0.0009536655270494521,0.05866914615035057,0.09424322098493576,0.05839458107948303,53799419904.0,0.9989676911594799,47185192.0,0.0008761522409213218,8408553.0,0.00015613314774380282
WSSV-1-img-2_jpg.rf.40688fc7481929d84ec37db2c3cac016.jpg,WSSV,2,42014002,w1_then_strong,2.7049731115544837,1.249917507871381,55.642308648376,7.513965534574481,8.755102157592773,1.330269694328308,0.8052621483802795,True,False,0.546897292137146,0.14276538789272308,0.001337890625,0.001152924494817853,0.06483281403779984,0.1005992442369461,0.06455677002668381,53534322688.0,0.9987816607348122,55443656.0,0.0010344037999625703,9851262.0,0.00018379348662048674
WSSV-1-img-2_jpg.rf.40688fc7481929d84ec37db2c3cac016.jpg,WSSV,2,42014002,strong_then_w1,2.7049731115544837,1.249917507871381,55.642308648376,7.513965534574481,8.755102157592773,1.330269694328308,0.8052621483802795,True,False,0.5466240048408508,0.14275792241096497,0.00139404296875,0.0012003586161881685,0.06700216978788376,0.10187414288520813,0.06673303246498108,53482512384.0,0.9987559584191493,56050168.0,0.001046705488673745,10574264.0,0.00019746845660632433
WSSV-1-img-2_jpg.rf.40688fc7481929d84ec37db2c3cac016.jpg,WSSV,3,42014003,original,8.522335397761289,1.1701020317067883,-29.23905267307748,-47.510386504467306,-3.03425931930542,0.9617980718612671,1.320600986480713,False,False,0.7263933420181274,0.16412359476089478,2.0345052083333332e-05,0.004665250424295664,0.081346794962883,0.14351938664913177,0.0810406506061554,92911788032.0,0.9985820412196788,95736792.0,0.0010289441544517213,36207512.0,0.0003891451451563215
WSSV-1-img-2_jpg.rf.40688fc7481929d84ec37db2c3cac016.jpg,WSSV,3,42014003,w1_only,8.522335397761289,1.1701020317067883,-29.23905267307748,-47.510386504467306,-3.03425931930542,0.9617980718612671,1.320600986480713,False,False,0.7244848012924194,0.16492629051208496,5.859375e-05,0.00567780202254653,0.09010495990514755,0.15344998240470886,0.08979304879903793,92466044928.0,0.9983001930380704,113266696.0,0.0012228722940364892,44195060.0,0.00047714744329860456
WSSV-1-img-2_jpg.rf.40688fc7481929d84ec37db2c3cac016.jpg,WSSV,3,42014003,strong_only,8.522335397761289,1.1701020317067883,-29.23905267307748,-47.510386504467306,-3.03425931930542,0.9617980718612671,1.320600986480713,False,False,0.8772020936012268,0.19592198729515076,0.21319742838541667,0.0028597465716302395,0.07601788640022278,0.15691277384757996,0.07547151297330856,135376297984.0,0.9988076267644516,136465792.0,0.0010068459240786805,25156556.0,0.00018560531178727247
WSSV-1-img-2_jpg.rf.40688fc7481929d84ec37db2c3cac016.jpg,WSSV,3,42014003,w1_then_strong,8.522335397761289,1.1701020317067883,-29.23905267307748,-47.510386504467306,-3.03425931930542,0.9617980718612671,1.320600986480713,False,False,0.8759429454803467,0.19725723564624786,0.21102783203125,0.0034190802834928036,0.08288988471031189,0.16784334182739258,0.08231610059738159,135069949952.0,0.9986273139925363,156370224.0,0.0011561089408637856,29308766.0,0.00021669167921819008
WSSV-1-img-2_jpg.rf.40688fc7481929d84ec37db2c3cac016.jpg,WSSV,3,42014003,strong_then_w1,8.522335397761289,1.1701020317067883,-29.23905267307748,-47.510386504467306,-3.03425931930542,0.9617980718612671,1.320600986480713,False,False,0.8752920627593994,0.19677504897117615,0.21398681640625,0.0034667369909584522,0.08474615216255188,0.16735351085662842,0.08418820053339005,134841991168.0,0.9985886465154056,159984448.0,0.0011847841463034357,30598468.0,0.00022660064925543883
WSSV-1-img-2_jpg.rf.40688fc7481929d84ec37db2c3cac016.jpg,WSSV,4,42014004,original,9.146179293328267,1.3620620406861301,24.45683281599628,-49.09490683635943,7.929579257965088,1.1733975410461426,1.2470965385437012,False,True,0.7263933420181274,0.16412359476089478,2.0345052083333332e-05,0.004665250424295664,0.081346794962883,0.14351938664913177,0.0810406506061554,92911788032.0,0.9985820412196788,95736792.0,0.0010289441544517213,36207512.0,0.0003891451451563215
WSSV-1-img-2_jpg.rf.40688fc7481929d84ec37db2c3cac016.jpg,WSSV,4,42014004,w1_only,9.146179293328267,1.3620620406861301,24.45683281599628,-49.09490683635943,7.929579257965088,1.1733975410461426,1.2470965385437012,False,True,0.7244848012924194,0.16492629051208496,5.859375e-05,0.00567780202254653,0.09010495990514755,0.15344998240470886,0.08979304879903793,92466044928.0,0.9983001930380704,113266696.0,0.0012228722940364892,44195060.0,0.00047714744329860456
WSSV-1-img-2_jpg.rf.40688fc7481929d84ec37db2c3cac016.jpg,WSSV,4,42014004,strong_only,9.146179293328267,1.3620620406861301,24.45683281599628,-49.09490683635943,7.929579257965088,1.1733975410461426,1.2470965385437012,False,True,0.8208485245704651,0.2064124494791031,0.14085286458333332,0.002065455075353384,0.08272453397512436,0.13968929648399353,0.08220245689153671,120065327104.0,0.9989485979875187,109819928.0,0.0009137064442565069,16582450.0,0.00013796668512258825
WSSV-1-img-2_jpg.rf.40688fc7481929d84ec37db2c3cac016.jpg,WSSV,4,42014004,w1_then_strong,9.146179293328267,1.3620620406861301,24.45683281599628,-49.09490683635943,7.929579257965088,1.1733975410461426,1.2470965385437012,False,True,0.8191533088684082,0.20773504674434662,0.13938395182291666,0.002496384782716632,0.0907435342669487,0.14978685975074768,0.09020237624645233,119668219904.0,0.998756608295992,129330176.0,0.0010793957496460272,19646274.0,0.000163968729556057
WSSV-1-img-2_jpg.rf.40688fc7481929d84ec37db2c3cac016.jpg,WSSV,4,42014004,strong_then_w1,9.146179293328267,1.3620620406861301,24.45683281599628,-49.09490683635943,7.929579257965088,1.1733975410461426,1.2470965385437012,False,True,0.8190087676048279,0.20713160932064056,0.14143229166666665,0.002522706985473633,0.09116987884044647,0.14929504692554474,0.09063715487718582,119586021376.0,0.9987521330868296,129077392.0,0.0010780216542864048,20337270.0,0.00016985172313575464
WSSV-1-img-2_jpg.rf.40688fc7481929d84ec37db2c3cac016.jpg,WSSV,5,42014005,original,0.6549165048080638,0.7878909451632449,-10.316078066678358,37.84278266085806,6.227179527282715,1.2145038843154907,0.8145997524261475,False,True,0.7263933420181274,0.16412359476089478,2.0345052083333332e-05,0.004665250424295664,0.081346794962883,0.14351938664913177,0.0810406506061554,92911788032.0,0.9985820412196788,95736792.0,0.0010289441544517213,36207512.0,0.0003891451451563215
WSSV-1-img-2_jpg.rf.40688fc7481929d84ec37db2c3cac016.jpg,WSSV,5,42014005,w1_only,0.6549165048080638,0.7878909451632449,-10.316078066678358,37.84278266085806,6.227179527282715,1.2145038843154907,0.8145997524261475,False,True,0.7244848012924194,0.16492629051208496,5.859375e-05,0.00567780202254653,0.09010495990514755,0.15344998240470886,0.08979304879903793,92466044928.0,0.9983001930380704,113266696.0,0.0012228722940364892,44195060.0,0.00047714744329860456
WSSV-1-img-2_jpg.rf.40688fc7481929d84ec37db2c3cac016.jpg,WSSV,5,42014005,strong_only,0.6549165048080638,0.7878909451632449,-10.316078066678358,37.84278266085806,6.227179527282715,1.2145038843154907,0.8145997524261475,False,True,0.4975632429122925,0.147685706615448,0.00023518880208333334,0.0016397170256823301,0.05359215289354324,0.11555305123329163,0.05340385064482689,45130919936.0,0.9985936858788915,50524184.0,0.001117928267319406,13039192.0,0.00028851294896331347
WSSV-1-img-2_jpg.rf.40688fc7481929d84ec37db2c3cac016.jpg,WSSV,5,42014005,w1_then_strong,0.6549165048080638,0.7878909451632449,-10.316078066678358,37.84278266085806,6.227179527282715,1.2145038843154907,0.8145997524261475,False,True,0.4966026246547699,0.1474296748638153,0.00029052734375,0.0019079095218330622,0.05728280171751976,0.12166745960712433,0.05708713084459305,44950364160.0,0.9984179735814598,56094968.0,0.0012459570756606932,15126459.0,0.0003359823401760631
WSSV-1-img-2_jpg.rf.40688fc7481929d84ec37db2c3cac016.jpg,WSSV,5,42014005,strong_then_w1,0.6549165048080638,0.7878909451632449,-10.316078066678358,37.84278266085806,6.227179527282715,1.2145038843154907,0.8145997524261475,False,True,0.49627000093460083,0.14768989384174347,0.0003157552083333333,0.0020159794948995113,0.05968676507472992,0.12315678596496582,0.059493884444236755,44903280640.0,0.9983147593514419,59686992.0,0.0013269944691259741,16103896.0,0.000358030790417113
WSSV-1-img-2_jpg.rf.40688fc7481929d84ec37db2c3cac016.jpg,WSSV,6,42014006,original,1.6956362867935049,0.9412192038815497,17.095200775719036,12.613396418606612,-5.7932891845703125,1.180860996246338,0.6726517677307129,True,False,0.7263933420181274,0.16412359476089478,2.0345052083333332e-05,0.004665250424295664,0.081346794962883,0.14351938664913177,0.0810406506061554,92911788032.0,0.9985820412196788,95736792.0,0.0010289441544517213,36207512.0,0.0003891451451563215
WSSV-1-img-2_jpg.rf.40688fc7481929d84ec37db2c3cac016.jpg,WSSV,6,42014006,w1_only,1.6956362867935049,0.9412192038815497,17.095200775719036,12.613396418606612,-5.7932891845703125,1.180860996246338,0.6726517677307129,True,False,0.7244848012924194,0.16492629051208496,5.859375e-05,0.00567780202254653,0.09010495990514755,0.15344998240470886,0.08979304879903793,92466044928.0,0.9983001930380704,113266696.0,0.0012228722940364892,44195060.0,0.00047714744329860456
WSSV-1-img-2_jpg.rf.40688fc7481929d84ec37db2c3cac016.jpg,WSSV,6,42014006,strong_only,1.6956362867935049,0.9412192038815497,17.095200775719036,12.613396418606612,-5.7932891845703125,1.180860996246338,0.6726517677307129,True,False,0.4615517854690552,0.12241444736719131,0.000263671875,0.0011815843172371387,0.05568517744541168,0.08995223790407181,0.05553527921438217,38198300672.0,0.9985277595487642,46391196.0,0.001212695229623737,9944465.0,0.0002599546100656732
WSSV-1-img-2_jpg.rf.40688fc7481929d84ec37db2c3cac016.jpg,WSSV,6,42014006,w1_then_strong,1.6956362867935049,0.9412192038815497,17.095200775719036,12.613396418606612,-5.7932891845703125,1.180860996246338,0.6726517677307129,True,False,0.46040645241737366,0.12258010357618332,0.00035807291666666664,0.0013778801076114178,0.06009843200445175,0.09528528898954391,0.059944525361061096,38020472832.0,0.9983245715170704,52377172.0,0.0013752963574447297,11424130.0,0.0002999696962633847
WSSV-1-img-2_jpg.rf.40688fc7481929d84ec37db2c3cac016.jpg,WSSV,6,42014006,strong_then_w1,1.6956362867935049,0.9412192038815497,17.095200775719036,12.613396418606612,-5.7932891845703125,1.180860996246338,0.6726517677307129,True,False,0.4597827196121216,0.1229843720793724,0.0003987630208333333,0.0014718297170475125,0.06328564882278442,0.0969969779253006,0.06313817948102951,37937238016.0,0.9982265406517191,54974152.0,0.0014465116715422879,12419697.0,0.00032679424809533647
WSSV-1-img-2_jpg.rf.40688fc7481929d84ec37db2c3cac016.jpg,WSSV,7,42014007,original,-0.0520441389248294,0.8034130429158122,52.59685048112442,11.813954601036926,-1.7507150173187256,0.8556228280067444,1.214637279510498,True,False,0.7263933420181274,0.16412359476089478,2.0345052083333332e-05,0.004665250424295664,0.081346794962883,0.14351938664913177,0.0810406506061554,92911788032.0,0.9985820412196788,95736792.0,0.0010289441544517213,36207512.0,0.0003891451451563215
WSSV-1-img-2_jpg.rf.40688fc7481929d84ec37db2c3cac016.jpg,WSSV,7,42014007,w1_only,-0.0520441389248294,0.8034130429158122,52.59685048112442,11.813954601036926,-1.7507150173187256,0.8556228280067444,1.214637279510498,True,False,0.7244848012924194,0.16492629051208496,5.859375e-05,0.00567780202254653,0.09010495990514755,0.15344998240470886,0.08979304879903793,92466044928.0,0.9983001930380704,113266696.0,0.0012228722940364892,44195060.0,0.00047714744329860456
WSSV-1-img-2_jpg.rf.40688fc7481929d84ec37db2c3cac016.jpg,WSSV,7,42014007,strong_only,-0.0520441389248294,0.8034130429158122,52.59685048112442,11.813954601036926,-1.7507150173187256,0.8556228280067444,1.214637279510498,True,False,0.7517621517181396,0.21633881330490112,0.10093912760416666,0.003797226818278432,0.07219576090574265,0.1670912355184555,0.07189781218767166,102518677504.0,0.9985457258935077,118289392.0,0.0011521546090519268,31021242.0,0.00030215107495704444
WSSV-1-img-2_jpg.rf.40688fc7481929d84ec37db2c3cac016.jpg,WSSV,7,42014007,w1_then_strong,-0.0520441389248294,0.8034130429158122,52.59685048112442,11.813954601036926,-1.7507150173187256,0.8556228280067444,1.214637279510498,True,False,0.7507912516593933,0.21649710834026337,0.09974039713541667,0.004385705571621656,0.0766155943274498,0.17657466232776642,0.07630174607038498,102268174336.0,0.9983738318564213,130898080.0,0.0012778679052476752,35664196.0,0.0003481650107844402
WSSV-1-img-2_jpg.rf.40688fc7481929d84ec37db2c3cac016.jpg,WSSV,7,42014007,strong_then_w1,-0.0520441389248294,0.8034130429158122,52.59685048112442,11.813954601036926,-1.7507150173187256,0.8556228280067444,1.214637279510498,True,False,0.7504575848579407,0.21662281453609467,0.10125081380208334,0.004597330465912819,0.07899952679872513,0.17711907625198364,0.07869146764278412,102183206912.0,0.9982742833810281,139008096.0,0.0013580333952336033,37660788.0,0.0003679253889990187
WSSV-1-img-2_jpg.rf.40688fc7481929d84ec37db2c3cac016.jpg,WSSV,8,42014008,original,2.295830035936305,0.5347866520603459,42.4117757774431,12.080154742971104,0.3837721347808838,0.5985224843025208,0.7472164630889893,False,False,0.7263933420181274,0.16412359476089478,2.0345052083333332e-05,0.004665250424295664,0.081346794962883,0.14351938664913177,0.0810406506061554,92911788032.0,0.9985820412196788,95736792.0,0.0010289441544517213,36207512.0,0.0003891451451563215
WSSV-1-img-2_jpg.rf.40688fc7481929d84ec37db2c3cac016.jpg,WSSV,8,42014008,w1_only,2.295830035936305,0.5347866520603459,42.4117757774431,12.080154742971104,0.3837721347808838,0.5985224843025208,0.7472164630889893,False,False,0.7244848012924194,0.16492629051208496,5.859375e-05,0.00567780202254653,0.09010495990514755,0.15344998240470886,0.08979304879903793,92466044928.0,0.9983001930380704,113266696.0,0.0012228722940364892,44195060.0,0.00047714744329860456
WSSV-1-img-2_jpg.rf.40688fc7481929d84ec37db2c3cac016.jpg,WSSV,8,42014008,strong_only,2.295830035936305,0.5347866520603459,42.4117757774431,12.080154742971104,0.3837721347808838,0.5985224843025208,0.7472164630889893,False,False,0.39545562863349915,0.11735762655735016,0.0,0.0012870831415057182,0.02942034974694252,0.12597282230854034,0.029285326600074768,28508223488.0,0.9986152136106359,28982006.0,0.001015211352076613,10553799.0,0.00036968926693117115
WSSV-1-img-2_jpg.rf.40688fc7481929d84ec37db2c3cac016.jpg,WSSV,8,42014008,w1_then_strong,2.295830035936305,0.5347866520603459,42.4117757774431,12.080154742971104,0.3837721347808838,0.5985224843025208,0.7472164630889893,False,False,0.3950647711753845,0.11698374897241592,0.0,0.0014917579246684909,0.03082350268959999,0.13067834079265594,0.030683863908052444,28437927936.0,0.9984798854837477,31099230.0,0.001091920468991821,12193135.0,0.00042811136120349567
WSSV-1-img-2_jpg.rf.40688fc7481929d84ec37db2c3cac016.jpg,WSSV,8,42014008,strong_then_w1,2.295830035936305,0.5347866520603459,42.4117757774431,12.080154742971104,0.3837721347808838,0.5985224843025208,0.7472164630889893,False,False,0.3948250114917755,0.11709249764680862,1.6276041666666668e-06,0.0015734712360426784,0.03252575546503067,0.13389572501182556,0.0323839969933033,28406609920.0,0.9983436053362784,34194396.0,0.0012017539819456364,12929231.0,0.00045439477386133574
WSSV-1-img-2_jpg.rf.40688fc7481929d84ec37db2c3cac016.jpg,WSSV,9,42014009,original,9.44667566210892,1.0528253808735015,-61.48578826922744,-17.642625268442714,-6.123577117919922,1.3238734006881714,0.691211998462677,True,True,0.7263933420181274,0.16412359476089478,2.0345052083333332e-05,0.004665250424295664,0.081346794962883,0.14351938664913177,0.0810406506061554,92911788032.0,0.9985820412196788,95736792.0,0.0010289441544517213,36207512.0,0.0003891451451563215
WSSV-1-img-2_jpg.rf.40688fc7481929d84ec37db2c3cac016.jpg,WSSV,9,42014009,w1_only,9.44667566210892,1.0528253808735015,-61.48578826922744,-17.642625268442714,-6.123577117919922,1.3238734006881714,0.691211998462677,True,True,0.7244848012924194,0.16492629051208496,5.859375e-05,0.00567780202254653,0.09010495990514755,0.15344998240470886,0.08979304879903793,92466044928.0,0.9983001930380704,113266696.0,0.0012228722940364892,44195060.0,0.00047714744329860456
WSSV-1-img-2_jpg.rf.40688fc7481929d84ec37db2c3cac016.jpg,WSSV,9,42014009,strong_only,9.44667566210892,1.0528253808735015,-61.48578826922744,-17.642625268442714,-6.123577117919922,1.3238734006881714,0.691211998462677,True,True,0.48142552375793457,0.12699753046035767,0.0007454427083333333,0.0010616625659167767,0.05406985804438591,0.08813190460205078,0.053883567452430725,41530863616.0,0.9985653841888733,49798848.0,0.0011973602630821658,9877231.0,0.00023748749988520464
WSSV-1-img-2_jpg.rf.40688fc7481929d84ec37db2c3cac016.jpg,WSSV,9,42014009,w1_then_strong,9.44667566210892,1.0528253808735015,-61.48578826922744,-17.642625268442714,-6.123577117919922,1.3238734006881714,0.691211998462677,True,True,0.480244517326355,0.1272384524345398,0.0009098307291666666,0.001254806644283235,0.05896921083331108,0.0940166786313057,0.058777522295713425,41342353408.0,0.9983599291350117,56668676.0,0.0013684691531031029,11250110.0,0.00027167439916924737
WSSV-1-img-2_jpg.rf.40688fc7481929d84ec37db2c3cac016.jpg,WSSV,9,42014009,strong_then_w1,9.44667566210892,1.0528253808735015,-61.48578826922744,-17.642625268442714,-6.123577117919922,1.3238734006881714,0.691211998462677,True,True,0.479646772146225,0.12752272188663483,0.00099365234375,0.001329724327661097,0.06192948669195175,0.09538552910089493,0.0617465041577816,41254825984.0,0.9982741279157357,59013024.0,0.0014279826338891382,12310412.0,0.0002978843204513711
WSSV-1-img-2_jpg.rf.40688fc7481929d84ec37db2c3cac016.jpg,WSSV,10,42014010,original,-3.212323220331424,0.8154144248558256,39.83824276714108,35.87741073024131,0.574644148349762,1.3426456451416016,1.1087501049041748,False,True,0.7263933420181274,0.16412359476089478,2.0345052083333332e-05,0.004665250424295664,0.081346794962883,0.14351938664913177,0.0810406506061554,92911788032.0,0.9985820412196788,95736792.0,0.0010289441544517213,36207512.0,0.0003891451451563215
WSSV-1-img-2_jpg.rf.40688fc7481929d84ec37db2c3cac016.jpg,WSSV,10,42014010,w1_only,-3.212323220331424,0.8154144248558256,39.83824276714108,35.87741073024131,0.574644148349762,1.3426456451416016,1.1087501049041748,False,True,0.7244848012924194,0.16492629051208496,5.859375e-05,0.00567780202254653,0.09010495990514755,0.15344998240470886,0.08979304879903793,92466044928.0,0.9983001930380704,113266696.0,0.0012228722940364892,44195060.0,0.00047714744329860456
WSSV-1-img-2_jpg.rf.40688fc7481929d84ec37db2c3cac016.jpg,WSSV,10,42014010,strong_only,-3.212323220331424,0.8154144248558256,39.83824276714108,35.87741073024131,0.574644148349762,1.3426456451416016,1.1087501049041748,False,True,0.6901872158050537,0.2039288878440857,0.00175537109375,0.0031514628790318966,0.07691819220781326,0.15712995827198029,0.07665551453828812,86768967680.0,0.9985284973194498,102724064.0,0.001182138130797536,25115812.0,0.00028903022227724865
WSSV-1-img-2_jpg.rf.40688fc7481929d84ec37db2c3cac016.jpg,WSSV,10,42014010,w1_then_strong,-3.212323220331424,0.8154144248558256,39.83824276714108,35.87741073024131,0.574644148349762,1.3426456451416016,1.1087501049041748,False,True,0.6887550950050354,0.2036680430173874,0.001796875,0.003663168288767338,0.0823737308382988,0.1652214676141739,0.08210241794586182,86403891200.0,0.9983395004568433,114611840.0,0.0013242635893236212,29116214.0,0.00033641848921677435
WSSV-1-img-2_jpg.rf.40688fc7481929d84ec37db2c3cac016.jpg,WSSV,10,42014010,strong_then_w1,-3.212323220331424,0.8154144248558256,39.83824276714108,35.87741073024131,0.574644148349762,1.3426456451416016,1.1087501049041748,False,True,0.6888005137443542,0.20418459177017212,0.00197998046875,0.003834727918729186,0.08430184423923492,0.16702190041542053,0.08403094857931137,86441787392.0,0.9982479535491996,121038560.0,0.0013977787649463184,30668952.0,0.00035417151235736717
WSSV-1-img-2_jpg.rf.40688fc7481929d84ec37db2c3cac016.jpg,WSSV,11,42014011,original,9.257134528717621,1.2371215913254643,37.789190314295865,-12.432174531695694,1.5976791381835938,0.7628071308135986,0.8289760947227478,False,True,0.7263933420181274,0.16412359476089478,2.0345052083333332e-05,0.004665250424295664,0.081346794962883,0.14351938664913177,0.0810406506061554,92911788032.0,0.9985820412196788,95736792.0,0.0010289441544517213,36207512.0,0.0003891451451563215
WSSV-1-img-2_jpg.rf.40688fc7481929d84ec37db2c3cac016.jpg,WSSV,11,42014011,w1_only,9.257134528717621,1.2371215913254643,37.789190314295865,-12.432174531695694,1.5976791381835938,0.7628071308135986,0.8289760947227478,False,True,0.7244848012924194,0.16492629051208496,5.859375e-05,0.00567780202254653,0.09010495990514755,0.15344998240470886,0.08979304879903793,92466044928.0,0.9983001930380704,113266696.0,0.0012228722940364892,44195060.0,0.00047714744329860456
WSSV-1-img-2_jpg.rf.40688fc7481929d84ec37db2c3cac016.jpg,WSSV,11,42014011,strong_only,9.257134528717621,1.2371215913254643,37.789190314295865,-12.432174531695694,1.5976791381835938,0.7628071308135986,0.8289760947227478,False,True,0.5843710899353027,0.15029925107955933,0.0,0.0010534122120589018,0.06234311684966087,0.09527898579835892,0.06209472939372063,61018562560.0,0.9989545153490303,54378904.0,0.0008902545293019018,9462836.0,0.00015491913204137198
WSSV-1-img-2_jpg.rf.40688fc7481929d84ec37db2c3cac016.jpg,WSSV,11,42014011,w1_then_strong,9.257134528717621,1.2371215913254643,37.789190314295865,-12.432174531695694,1.5976791381835938,0.7628071308135986,0.8289760947227478,False,True,0.5827964544296265,0.15079249441623688,8.138020833333334e-07,0.0012717458885163069,0.06855324655771255,0.10185911506414413,0.06830205768346786,60723982336.0,0.9987670018101534,63961704.0,0.001052019924867078,11002738.0,0.0001809692187702214
WSSV-1-img-2_jpg.rf.40688fc7481929d84ec37db2c3cac016.jpg,WSSV,11,42014011,strong_then_w1,9.257134528717621,1.2371215913254643,37.789190314295865,-12.432174531695694,1.5976791381835938,0.7628071308135986,0.8289760947227478,False,True,0.5825319290161133,0.15087297558784485,8.138020833333333e-06,0.0013212631456553936,0.07070775330066681,0.10319972038269043,0.07046271860599518,60674998272.0,0.9987432469751627,64479168.0,0.0010613619356342882,11865314.0,0.00019530947784482297
WSSV-19-img-2_jpg.rf.62a78b5e0e48205859a5f80cd218115b.jpg,WSSV,0,42015000,original,7.737482339792152,0.6188376219600702,19.720541945734794,-45.38057070259953,5.326336860656738,1.1276521682739258,0.9075410962104797,True,False,0.42966151237487793,0.09387579560279846,1.6276041666666668e-06,0.00111919897608459,0.04798007383942604,0.06477236747741699,0.04777977615594864,32413652992.0,0.9988566178456729,28672346.0,0.0008835647916120231,8436872.0,0.00025998999351281934
WSSV-19-img-2_jpg.rf.62a78b5e0e48205859a5f80cd218115b.jpg,WSSV,0,42015000,w1_only,7.737482339792152,0.6188376219600702,19.720541945734794,-45.38057070259953,5.326336860656738,1.1276521682739258,0.9075410962104797,True,False,0.4276948869228363,0.09436570107936859,2.44140625e-06,0.001389023964293301,0.05544783174991608,0.07147902250289917,0.05525660887360573,32138723328.0,0.998613194197548,34106512.0,0.0010597562492964314,10533953.0,0.0003273105887094198
WSSV-19-img-2_jpg.rf.62a78b5e0e48205859a5f80cd218115b.jpg,WSSV,0,42015000,strong_only,7.737482339792152,0.6188376219600702,19.720541945734794,-45.38057070259953,5.326336860656738,1.1276521682739258,0.9075410962104797,True,False,0.38056132197380066,0.05486632511019707,1.3020833333333334e-05,0.0005155110848136246,0.023460958153009415,0.07740620523691177,0.023216741159558296,24783734784.0,0.9992245779477928,15594104.0,0.000628719283985136,3646931.75,0.00014703610535126986
WSSV-19-img-2_jpg.rf.62a78b5e0e48205859a5f80cd218115b.jpg,WSSV,0,42015000,w1_then_strong,7.737482339792152,0.6188376219600702,19.720541945734794,-45.38057070259953,5.326336860656738,1.1276521682739258,0.9075410962104797,True,False,0.3799070119857788,0.055553633719682693,2.1158854166666667e-05,0.0006265781703405082,0.025646481662988663,0.08246535807847977,0.025389250367879868,24710299648.0,0.9991134688640096,17459146.0,0.0007059270090589554,4473760.5,0.00018088790648815794
WSSV-19-img-2_jpg.rf.62a78b5e0e48205859a5f80cd218115b.jpg,WSSV,0,42015000,strong_then_w1,7.737482339792152,0.6188376219600702,19.720541945734794,-45.38057070259953,5.326336860656738,1.1276521682739258,0.9075410962104797,True,False,0.37972891330718994,0.055742740631103516,2.3600260416666666e-05,0.0006466790800914168,0.026626592501997948,0.08432276546955109,0.02636539563536644,24690032640.0,0.999068196667187,18436610.0,0.0007460269888633176,4597543.5,0.00018603699560131273
WSSV-19-img-2_jpg.rf.62a78b5e0e48205859a5f80cd218115b.jpg,WSSV,1,42015001,original,6.087798969686755,0.6184812207603464,-44.920676980734925,-23.794742285709958,7.733306884765625,0.6942912936210632,0.7610461115837097,False,False,0.42966151237487793,0.09387579560279846,1.6276041666666668e-06,0.00111919897608459,0.04798007383942604,0.06477236747741699,0.04777977615594864,32413652992.0,0.9988566178456729,28672346.0,0.0008835647916120231,8436872.0,0.00025998999351281934
WSSV-19-img-2_jpg.rf.62a78b5e0e48205859a5f80cd218115b.jpg,WSSV,1,42015001,w1_only,6.087798969686755,0.6184812207603464,-44.920676980734925,-23.794742285709958,7.733306884765625,0.6942912936210632,0.7610461115837097,False,False,0.4276948869228363,0.09436570107936859,2.44140625e-06,0.001389023964293301,0.05544783174991608,0.07147902250289917,0.05525660887360573,32138723328.0,0.998613194197548,34106512.0,0.0010597562492964314,10533953.0,0.0003273105887094198
WSSV-19-img-2_jpg.rf.62a78b5e0e48205859a5f80cd218115b.jpg,WSSV,1,42015001,strong_only,6.087798969686755,0.6184812207603464,-44.920676980734925,-23.794742285709958,7.733306884765625,0.6942912936210632,0.7610461115837097,False,False,0.33780643343925476,0.04280530661344528,0.0,0.00038176585803739727,0.019971616566181183,0.06763343513011932,0.019755253568291664,19438594048.0,0.9992893428484886,11179269.0,0.0005746981672106002,2651187.25,0.0001362908839126343
WSSV-19-img-2_jpg.rf.62a78b5e0e48205859a5f80cd218115b.jpg,WSSV,1,42015001,w1_then_strong,6.087798969686755,0.6184812207603464,-44.920676980734925,-23.794742285709958,7.733306884765625,0.6942912936210632,0.7610461115837097,False,False,0.3372288644313812,0.042988911271095276,0.0,0.00046335477964021266,0.02176675572991371,0.07171386480331421,0.021540017798542976,19373922304.0,0.9991888126276525,12477797.0,0.0006435287069394703,3254674.0,0.00016785624503504214
WSSV-19-img-2_jpg.rf.62a78b5e0e48205859a5f80cd218115b.jpg,WSSV,1,42015001,strong_then_w1,6.087798969686755,0.6184812207603464,-44.920676980734925,-23.794742285709958,7.733306884765625,0.6942912936210632,0.7610461115837097,False,False,0.33695197105407715,0.04313979297876358,0.0,0.00048589822836220264,0.02306876704096794,0.07461439073085785,0.022834772244095802,19343861760.0,0.9991397783035628,13257642.0,0.0006847773031597597,3398113.0,0.00017551768677809528
WSSV-19-img-2_jpg.rf.62a78b5e0e48205859a5f80cd218115b.jpg,WSSV,2,42015002,original,7.471654707878294,0.7014841478148054,3.8185746472357778,37.83926415086614,2.6063172817230225,0.8595370650291443,1.1446707248687744,False,True,0.42966151237487793,0.09387579560279846,1.6276041666666668e-06,0.00111919897608459,0.04798007383942604,0.06477236747741699,0.04777977615594864,32413652992.0,0.9988566178456729,28672346.0,0.0008835647916120231,8436872.0,0.00025998999351281934
WSSV-19-img-2_jpg.rf.62a78b5e0e48205859a5f80cd218115b.jpg,WSSV,2,42015002,w1_only,7.471654707878294,0.7014841478148054,3.8185746472357778,37.83926415086614,2.6063172817230225,0.8595370650291443,1.1446707248687744,False,True,0.4276948869228363,0.09436570107936859,2.44140625e-06,0.001389023964293301,0.05544783174991608,0.07147902250289917,0.05525660887360573,32138723328.0,0.998613194197548,34106512.0,0.0010597562492964314,10533953.0,0.0003273105887094198
WSSV-19-img-2_jpg.rf.62a78b5e0e48205859a5f80cd218115b.jpg,WSSV,2,42015002,strong_only,7.471654707878294,0.7014841478148054,3.8185746472357778,37.83926415086614,2.6063172817230225,0.8595370650291443,1.1446707248687744,False,True,0.5058859586715698,0.07468809932470322,0.0,0.0007884374936111271,0.03459576517343521,0.090354785323143,0.0342700220644474,43840843776.0,0.9992842869809412,25881316.0,0.0005899246040366271,5522644.5,0.00012588014728066982
WSSV-19-img-2_jpg.rf.62a78b5e0e48205859a5f80cd218115b.jpg,WSSV,2,42015002,w1_then_strong,7.471654707878294,0.7014841478148054,3.8185746472357778,37.83926415086614,2.6063172817230225,0.8595370650291443,1.1446707248687744,False,True,0.504810094833374,0.07509300112724304,0.0,0.0009598616743460298,0.038064491003751755,0.09700238704681396,0.03772016614675522,43663798272.0,0.9991724573097074,29363870.0,0.0006719426917753326,6815084.5,0.00015595172651310425
WSSV-19-img-2_jpg.rf.62a78b5e0e48205859a5f80cd218115b.jpg,WSSV,2,42015002,strong_then_w1,7.471654707878294,0.7014841478148054,3.8185746472357778,37.83926415086614,2.6063172817230225,0.8595370650291443,1.1446707248687744,False,True,0.5047745704650879,0.07520997524261475,0.0,0.000986373401246965,0.039023879915475845,0.0975213497877121,0.03868214040994644,43659366400.0,0.9991403420034652,30610286.0,0.0007005134097150775,6954643.5,0.0001591563382170882
WSSV-19-img-2_jpg.rf.62a78b5e0e48205859a5f80cd218115b.jpg,WSSV,3,42015003,original,0.2563686980470301,0.5491477811675421,-7.92480406658234,-21.854627985354455,-0.9328173398971558,1.3766461610794067,1.16874098777771,False,False,0.42966151237487793,0.09387579560279846,1.6276041666666668e-06,0.00111919897608459,0.04798007383942604,0.06477236747741699,0.04777977615594864,32413652992.0,0.9988566178456729,28672346.0,0.0008835647916120231,8436872.0,0.00025998999351281934
WSSV-19-img-2_jpg.rf.62a78b5e0e48205859a5f80cd218115b.jpg,WSSV,3,42015003,w1_only,0.2563686980470301,0.5491477811675421,-7.92480406658234,-21.854627985354455,-0.9328173398971558,1.3766461610794067,1.16874098777771,False,False,0.4276948869228363,0.09436570107936859,2.44140625e-06,0.001389023964293301,0.05544783174991608,0.07147902250289917,0.05525660887360573,32138723328.0,0.998613194197548,34106512.0,0.0010597562492964314,10533953.0,0.0003273105887094198
WSSV-19-img-2_jpg.rf.62a78b5e0e48205859a5f80cd218115b.jpg,WSSV,3,42015003,strong_only,0.2563686980470301,0.5491477811675421,-7.92480406658234,-21.854627985354455,-0.9328173398971558,1.3766461610794067,1.16874098777771,False,False,0.497898131608963,0.0673677921295166,0.00279541015625,0.0007608711021021008,0.024395890533924103,0.0985160619020462,0.024131659418344498,42327683072.0,0.999412378144142,19340260.0,0.0004566490258313287,5560486.0,0.00013129040225150757
WSSV-19-img-2_jpg.rf.62a78b5e0e48205859a5f80cd218115b.jpg,WSSV,3,42015003,w1_then_strong,0.2563686980470301,0.5491477811675421,-7.92480406658234,-21.854627985354455,-0.9328173398971558,1.3766461610794067,1.16874098777771,False,False,0.4972282350063324,0.06812707334756851,0.0037931315104166668,0.000926037086173892,0.026592805981636047,0.10508900880813599,0.026312969624996185,42229735424.0,0.999331872104444,21412220.0,0.0005067025327928376,6828002.0,0.0001615790379192144
WSSV-19-img-2_jpg.rf.62a78b5e0e48205859a5f80cd218115b.jpg,WSSV,3,42015003,strong_then_w1,0.2563686980470301,0.5491477811675421,-7.92480406658234,-21.854627985354455,-0.9328173398971558,1.3766461610794067,1.16874098777771,False,False,0.49720460176467896,0.06817223131656647,0.0038956705729166667,0.000938034791033715,0.027147548273205757,0.10566921532154083,0.02686762996017933,42225360896.0,0.9992961546742027,22842072.0,0.0005405754795231028,6874192.5,0.00016268313605795557
WSSV-19-img-2_jpg.rf.62a78b5e0e48205859a5f80cd218115b.jpg,WSSV,4,42015004,original,-9.568180415144045,0.9635255159526378,7.897921163762817,-63.59765607238785,2.3205199241638184,1.4838913679122925,0.8921029567718506,False,False,0.42966151237487793,0.09387579560279846,1.6276041666666668e-06,0.00111919897608459,0.04798007383942604,0.06477236747741699,0.04777977615594864,32413652992.0,0.9988566178456729,28672346.0,0.0008835647916120231,8436872.0,0.00025998999351281934
WSSV-19-img-2_jpg.rf.62a78b5e0e48205859a5f80cd218115b.jpg,WSSV,4,42015004,w1_only,-9.568180415144045,0.9635255159526378,7.897921163762817,-63.59765607238785,2.3205199241638184,1.4838913679122925,0.8921029567718506,False,False,0.4276948869228363,0.09436570107936859,2.44140625e-06,0.001389023964293301,0.05544783174991608,0.07147902250289917,0.05525660887360573,32138723328.0,0.998613194197548,34106512.0,0.0010597562492964314,10533953.0,0.0003273105887094198
WSSV-19-img-2_jpg.rf.62a78b5e0e48205859a5f80cd218115b.jpg,WSSV,4,42015004,strong_only,-9.568180415144045,0.9635255159526378,7.897921163762817,-63.59765607238785,2.3205199241638184,1.4838913679122925,0.8921029567718506,False,False,0.3158681392669678,0.07435686141252518,0.060265299479166666,0.00047950775478966534,0.040521927177906036,0.054639000445604324,0.040365707129240036,17642543104.0,0.9986340619032064,20644714.0,0.0011685681864070786,3492085.25,0.00019766511308276827
WSSV-19-img-2_jpg.rf.62a78b5e0e48205859a5f80cd218115b.jpg,WSSV,4,42015004,w1_then_strong,-9.568180415144045,0.9635255159526378,7.897921163762817,-63.59765607238785,2.3205199241638184,1.4838913679122925,0.8921029567718506,False,False,0.31455206871032715,0.07480635493993759,0.062401529947916666,0.0005868219886906445,0.045536112040281296,0.05948421359062195,0.04538176208734512,17510543360.0,0.9983924261986771,23917196.0,0.0013636782623694262,4278688.0,0.00024395643272986163
WSSV-19-img-2_jpg.rf.62a78b5e0e48205859a5f80cd218115b.jpg,WSSV,4,42015004,strong_then_w1,-9.568180415144045,0.9635255159526378,7.897921163762817,-63.59765607238785,2.3205199241638184,1.4838913679122925,0.8921029567718506,False,False,0.31418344378471375,0.07486916333436966,0.06284261067708333,0.0006127816159278154,0.04646814242005348,0.06140975281596184,0.04630278795957565,17472518144.0,0.9983478089716582,24404630.0,0.0013944360331158458,4502259.0,0.00025725086510306096
WSSV-19-img-2_jpg.rf.62a78b5e0e48205859a5f80cd218115b.jpg,WSSV,5,42015005,original,-5.029470175155232,1.1969662051253733,49.45463883132106,62.40962097368504,7.817140102386475,1.296133041381836,0.6946422457695007,True,False,0.42966151237487793,0.09387579560279846,1.6276041666666668e-06,0.00111919897608459,0.04798007383942604,0.06477236747741699,0.04777977615594864,32413652992.0,0.9988566178456729,28672346.0,0.0008835647916120231,8436872.0,0.00025998999351281934
WSSV-19-img-2_jpg.rf.62a78b5e0e48205859a5f80cd218115b.jpg,WSSV,5,42015005,w1_only,-5.029470175155232,1.1969662051253733,49.45463883132106,62.40962097368504,7.817140102386475,1.296133041381836,0.6946422457695007,True,False,0.4276948869228363,0.09436570107936859,2.44140625e-06,0.001389023964293301,0.05544783174991608,0.07147902250289917,0.05525660887360573,32138723328.0,0.998613194197548,34106512.0,0.0010597562492964314,10533953.0,0.0003273105887094198
WSSV-19-img-2_jpg.rf.62a78b5e0e48205859a5f80cd218115b.jpg,WSSV,5,42015005,strong_only,-5.029470175155232,1.1969662051253733,49.45463883132106,62.40962097368504,7.817140102386475,1.296133041381836,0.6946422457695007,True,False,0.2421906292438507,0.056610457599163055,0.0039274088541666665,0.00021950183145236224,0.03546246886253357,0.03889661282300949,0.03540344536304474,10362957824.0,0.9984966423829239,13518064.0,0.0013024989336787131,2085315.25,0.0002009252870462042
WSSV-19-img-2_jpg.rf.62a78b5e0e48205859a5f80cd218115b.jpg,WSSV,5,42015005,w1_then_strong,-5.029470175155232,1.1969662051253733,49.45463883132106,62.40962097368504,7.817140102386475,1.296133041381836,0.6946422457695007,True,False,0.24089397490024567,0.05701693892478943,0.004755859375,0.0002704682992771268,0.040207915008068085,0.042751699686050415,0.04016418755054474,10262916096.0,0.998219567132508,15879327.0,0.001544498150040761,2423305.5,0.0002357021088950181
WSSV-19-img-2_jpg.rf.62a78b5e0e48205859a5f80cd218115b.jpg,WSSV,5,42015005,strong_then_w1,-5.029470175155232,1.1969662051253733,49.45463883132106,62.40962097368504,7.817140102386475,1.296133041381836,0.6946422457695007,True,False,0.2402288317680359,0.057100553065538406,0.004994303385416667,0.00030323700048029423,0.041847843676805496,0.04517682269215584,0.04179063066840172,10209958912.0,0.9981263101413701,16327035.0,0.001596132104013212,2838672.0,0.0002775087768209839
WSSV-19-img-2_jpg.rf.62a78b5e0e48205859a5f80cd218115b.jpg,WSSV,6,42015006,original,-8.735750577616594,0.5949233616758427,52.19864065534574,-57.049905978875586,-6.55490779876709,0.6161863803863525,1.3887890577316284,False,True,0.42966151237487793,0.09387579560279846,1.6276041666666668e-06,0.00111919897608459,0.04798007383942604,0.06477236747741699,0.04777977615594864,32413652992.0,0.9988566178456729,28672346.0,0.0008835647916120231,8436872.0,0.00025998999351281934
WSSV-19-img-2_jpg.rf.62a78b5e0e48205859a5f80cd218115b.jpg,WSSV,6,42015006,w1_only,-8.735750577616594,0.5949233616758427,52.19864065534574,-57.049905978875586,-6.55490779876709,0.6161863803863525,1.3887890577316284,False,True,0.4276948869228363,0.09436570107936859,2.44140625e-06,0.001389023964293301,0.05544783174991608,0.07147902250289917,0.05525660887360573,32138723328.0,0.998613194197548,34106512.0,0.0010597562492964314,10533953.0,0.0003273105887094198
WSSV-19-img-2_jpg.rf.62a78b5e0e48205859a5f80cd218115b.jpg,WSSV,6,42015006,strong_only,-8.735750577616594,0.5949233616758427,52.19864065534574,-57.049905978875586,-6.55490779876709,0.6161863803863525,1.3887890577316284,False,True,0.6491023898124695,0.10158345848321915,0.00018717447916666668,0.0012994275894016027,0.03602911904454231,0.11822293698787689,0.03568453714251518,72372224000.0,0.999349000679279,37468372.0,0.0005173805369761675,9684235.0,0.00013372437704268006
WSSV-19-img-2_jpg.rf.62a78b5e0e48205859a5f80cd218115b.jpg,WSSV,6,42015006,w1_then_strong,-8.735750577616594,0.5949233616758427,52.19864065534574,-57.049905978875586,-6.55490779876709,0.6161863803863525,1.3887890577316284,False,True,0.6481713056564331,0.10133933275938034,0.00018880208333333333,0.0015406913589686155,0.038826834410429,0.12597276270389557,0.038461484014987946,72155881472.0,0.999271882302236,40999772.0,0.0005677973646029235,11541927.0,0.00015984176041367563
WSSV-19-img-2_jpg.rf.62a78b5e0e48205859a5f80cd218115b.jpg,WSSV,6,42015006,strong_then_w1,-8.735750577616594,0.5949233616758427,52.19864065534574,-57.049905978875586,-6.55490779876709,0.6161863803863525,1.3887890577316284,False,True,0.6483121514320374,0.10180629044771194,0.00023518880208333334,0.0015950578963384032,0.03973554074764252,0.12599532306194305,0.03937390446662903,72199028736.0,0.9992256400883972,44025876.0,0.000609312686011483,11933491.0,0.00016515804148232866
WSSV-19-img-2_jpg.rf.62a78b5e0e48205859a5f80cd218115b.jpg,WSSV,7,42015007,original,7.765384245808541,1.3162103786194552,16.212504673644162,54.94521986519533,1.1296613216400146,0.8965586423873901,1.2871416807174683,False,False,0.42966151237487793,0.09387579560279846,1.6276041666666668e-06,0.00111919897608459,0.04798007383942604,0.06477236747741699,0.04777977615594864,32413652992.0,0.9988566178456729,28672346.0,0.0008835647916120231,8436872.0,0.00025998999351281934
WSSV-19-img-2_jpg.rf.62a78b5e0e48205859a5f80cd218115b.jpg,WSSV,7,42015007,w1_only,7.765384245808541,1.3162103786194552,16.212504673644162,54.94521986519533,1.1296613216400146,0.8965586423873901,1.2871416807174683,False,False,0.4276948869228363,0.09436570107936859,2.44140625e-06,0.001389023964293301,0.05544783174991608,0.07147902250289917,0.05525660887360573,32138723328.0,0.998613194197548,34106512.0,0.0010597562492964314,10533953.0,0.0003273105887094198
WSSV-19-img-2_jpg.rf.62a78b5e0e48205859a5f80cd218115b.jpg,WSSV,7,42015007,strong_only,7.765384245808541,1.3162103786194552,16.212504673644162,54.94521986519533,1.1296613216400146,0.8965586423873901,1.2871416807174683,False,False,0.561001718044281,0.13346710801124573,7.32421875e-06,0.0005980526912026107,0.06281951069831848,0.0660482794046402,0.06275222450494766,55741333504.0,0.9991209700942617,42830636.0,0.00076770654557454,6200669.0,0.00011114227157965007
WSSV-19-img-2_jpg.rf.62a78b5e0e48205859a5f80cd218115b.jpg,WSSV,7,42015007,w1_then_strong,7.765384245808541,1.3162103786194552,16.212504673644162,54.94521986519533,1.1296613216400146,0.8965586423873901,1.2871416807174683,False,False,0.5585857033729553,0.13408160209655762,1.220703125e-05,0.0007306959014385939,0.07077427208423615,0.07249163091182709,0.07073847949504852,55306772480.0,0.9989642388672324,50319916.0,0.0009088904366093842,7028576.5,0.00012695184077468366
WSSV-19-img-2_jpg.rf.62a78b5e0e48205859a5f80cd218115b.jpg,WSSV,7,42015007,strong_then_w1,7.765384245808541,1.3162103786194552,16.212504673644162,54.94521986519533,1.1296613216400146,0.8965586423873901,1.2871416807174683,False,False,0.5590492486953735,0.13398689031600952,1.0579427083333334e-05,0.0007619227399118245,0.0704408586025238,0.07254969328641891,0.07039690017700195,55388254208.0,0.9989444338888654,50681892.0,0.0009140637240926815,7839881.0,0.00014139469819523422
WSSV-19-img-2_jpg.rf.62a78b5e0e48205859a5f80cd218115b.jpg,WSSV,8,42015008,original,5.806562473348482,0.7955038579433352,55.71240165902975,-61.457391273705355,-6.177609443664551,0.7623066902160645,1.2173367738723755,True,True,0.42966151237487793,0.09387579560279846,1.6276041666666668e-06,0.00111919897608459,0.04798007383942604,0.06477236747741699,0.04777977615594864,32413652992.0,0.9988566178456729,28672346.0,0.0008835647916120231,8436872.0,0.00025998999351281934
WSSV-19-img-2_jpg.rf.62a78b5e0e48205859a5f80cd218115b.jpg,WSSV,8,42015008,w1_only,5.806562473348482,0.7955038579433352,55.71240165902975,-61.457391273705355,-6.177609443664551,0.7623066902160645,1.2173367738723755,True,True,0.4276948869228363,0.09436570107936859,2.44140625e-06,0.001389023964293301,0.05544783174991608,0.07147902250289917,0.05525660887360573,32138723328.0,0.998613194197548,34106512.0,0.0010597562492964314,10533953.0,0.0003273105887094198
WSSV-19-img-2_jpg.rf.62a78b5e0e48205859a5f80cd218115b.jpg,WSSV,8,42015008,strong_only,5.806562473348482,0.7955038579433352,55.71240165902975,-61.457391273705355,-6.177609443664551,0.7623066902160645,1.2173367738723755,True,True,0.5748794674873352,0.11120600253343582,3.2552083333333335e-06,0.0009510566014796495,0.04444919154047966,0.08575651794672012,0.044138360768556595,57479811072.0,0.9992802243637786,34332168.0,0.0005968609830495258,7083715.5,0.00012314961866006144
WSSV-19-img-2_jpg.rf.62a78b5e0e48205859a5f80cd218115b.jpg,WSSV,8,42015008,w1_then_strong,5.806562473348482,0.7955038579433352,55.71240165902975,-61.457391273705355,-6.177609443664551,0.7623066902160645,1.2173367738723755,True,True,0.5734062790870667,0.11123896390199661,4.069010416666667e-06,0.0011453054612502456,0.049099162220954895,0.09285339713096619,0.04876993969082832,57191215104.0,0.999171191705677,38909152.0,0.0006797705504490714,8527177.0,0.00014897584514477882
WSSV-19-img-2_jpg.rf.62a78b5e0e48205859a5f80cd218115b.jpg,WSSV,8,42015008,strong_then_w1,5.806562473348482,0.7955038579433352,55.71240165902975,-61.457391273705355,-6.177609443664551,0.7623066902160645,1.2173367738723755,True,True,0.5735155344009399,0.11150763928890228,4.069010416666667e-06,0.001184819731861353,0.0500909797847271,0.09307258576154709,0.049767572432756424,57220366336.0,0.9991386696146771,40461108.0,0.0007065012024018051,8869010.0,0.00015486393079284022
WSSV-19-img-2_jpg.rf.62a78b5e0e48205859a5f80cd218115b.jpg,WSSV,9,42015009,original,5.326358473074119,0.8328800583127153,-47.481838455638126,44.182632956962834,-3.098991870880127,1.4002522230148315,0.822187066078186,True,False,0.42966151237487793,0.09387579560279846,1.6276041666666668e-06,0.00111919897608459,0.04798007383942604,0.06477236747741699,0.04777977615594864,32413652992.0,0.9988566178456729,28672346.0,0.0008835647916120231,8436872.0,0.00025998999351281934
WSSV-19-img-2_jpg.rf.62a78b5e0e48205859a5f80cd218115b.jpg,WSSV,9,42015009,w1_only,5.326358473074119,0.8328800583127153,-47.481838455638126,44.182632956962834,-3.098991870880127,1.4002522230148315,0.822187066078186,True,False,0.4276948869228363,0.09436570107936859,2.44140625e-06,0.001389023964293301,0.05544783174991608,0.07147902250289917,0.05525660887360573,32138723328.0,0.998613194197548,34106512.0,0.0010597562492964314,10533953.0,0.0003273105887094198
WSSV-19-img-2_jpg.rf.62a78b5e0e48205859a5f80cd218115b.jpg,WSSV,9,42015009,strong_only,5.326358473074119,0.8328800583127153,-47.481838455638126,44.182632956962834,-3.098991870880127,1.4002522230148315,0.822187066078186,True,False,0.33804944157600403,0.06879733502864838,0.019796549479166668,0.000367957167327404,0.02961507812142372,0.05429650843143463,0.029411183670163155,19951030272.0,0.999217588222877,12976315.0,0.0006498993787061475,2644801.75,0.00013246095013306412
WSSV-19-img-2_jpg.rf.62a78b5e0e48205859a5f80cd218115b.jpg,WSSV,9,42015009,w1_then_strong,5.326358473074119,0.8328800583127153,-47.481838455638126,44.182632956962834,-3.098991870880127,1.4002522230148315,0.822187066078186,True,False,0.3369629681110382,0.0691947266459465,0.02289388020833333,0.00045640498865395784,0.033318668603897095,0.05925977602601051,0.03310437500476837,19834417152.0,0.9990736302984375,15080739.0,0.0007596274972362358,3309029.75,0.00016667817056397217
WSSV-19-img-2_jpg.rf.62a78b5e0e48205859a5f80cd218115b.jpg,WSSV,9,42015009,strong_then_w1,5.326358473074119,0.8328800583127153,-47.481838455638126,44.182632956962834,-3.098991870880127,1.4002522230148315,0.822187066078186,True,False,0.3364979922771454,0.06917930394411087,0.022129720052083333,0.00047747071948833764,0.03448867052793503,0.06115182861685753,0.03426840156316757,19780945920.0,0.9990419869740431,15513935.0,0.0007835354543139134,3450484.5,0.0001742676464939821
WSSV-19-img-2_jpg.rf.62a78b5e0e48205859a5f80cd218115b.jpg,WSSV,10,42015010,original,-8.361217432374804,0.886467329496913,-18.089387780741276,-58.92991826885839,-7.020943641662598,1.441750407218933,1.248573660850525,False,False,0.42966151237487793,0.09387579560279846,1.6276041666666668e-06,0.00111919897608459,0.04798007383942604,0.06477236747741699,0.04777977615594864,32413652992.0,0.9988566178456729,28672346.0,0.0008835647916120231,8436872.0,0.00025998999351281934
WSSV-19-img-2_jpg.rf.62a78b5e0e48205859a5f80cd218115b.jpg,WSSV,10,42015010,w1_only,-8.361217432374804,0.886467329496913,-18.089387780741276,-58.92991826885839,-7.020943641662598,1.441750407218933,1.248573660850525,False,False,0.4276948869228363,0.09436570107936859,2.44140625e-06,0.001389023964293301,0.05544783174991608,0.07147902250289917,0.05525660887360573,32138723328.0,0.998613194197548,34106512.0,0.0010597562492964314,10533953.0,0.0003273105887094198
WSSV-19-img-2_jpg.rf.62a78b5e0e48205859a5f80cd218115b.jpg,WSSV,10,42015010,strong_only,-8.361217432374804,0.886467329496913,-18.089387780741276,-58.92991826885839,-7.020943641662598,1.441750407218933,1.248573660850525,False,False,0.5293952822685242,0.12118277698755264,0.036490071614583335,0.0008213567198254168,0.04699460417032242,0.07669556885957718,0.04671720787882805,49447505920.0,0.9992720764503488,30010116.0,0.0006064668049861439,5991785.0,0.00012108645981621337
WSSV-19-img-2_jpg.rf.62a78b5e0e48205859a5f80cd218115b.jpg,WSSV,10,42015010,w1_then_strong,-8.361217432374804,0.886467329496913,-18.089387780741276,-58.92991826885839,-7.020943641662598,1.441750407218933,1.248573660850525,False,False,0.5274375677108765,0.1215764582157135,0.038299967447916666,0.0010069864802062511,0.05282822996377945,0.08375222980976105,0.05253941938281059,49109954560.0,0.999135924155324,35102816.0,0.0007141624303839367,7362679.5,0.00014979279969612658
WSSV-19-img-2_jpg.rf.62a78b5e0e48205859a5f80cd218115b.jpg,WSSV,10,42015010,strong_then_w1,-8.361217432374804,0.886467329496913,-18.089387780741276,-58.92991826885839,-7.020943641662598,1.441750407218933,1.248573660850525,False,False,0.5279015898704529,0.12157341837882996,0.03865478515625,0.0010263543808832765,0.05303081497550011,0.0836385190486908,0.052744969725608826,49191370752.0,0.9991251341083889,35522124.0,0.0007214892848634806,7542365.0,0.00015319285327728
WSSV-19-img-2_jpg.rf.62a78b5e0e48205859a5f80cd218115b.jpg,WSSV,11,42015011,original,-6.668949870651963,0.5451745174595339,18.790111416308832,-57.059370493544236,7.300487518310547,0.6896042823791504,0.6287093162536621,False,True,0.42966151237487793,0.09387579560279846,1.6276041666666668e-06,0.00111919897608459,0.04798007383942604,0.06477236747741699,0.04777977615594864,32413652992.0,0.9988566178456729,28672346.0,0.0008835647916120231,8436872.0,0.00025998999351281934
WSSV-19-img-2_jpg.rf.62a78b5e0e48205859a5f80cd218115b.jpg,WSSV,11,42015011,w1_only,-6.668949870651963,0.5451745174595339,18.790111416308832,-57.059370493544236,7.300487518310547,0.6896042823791504,0.6287093162536621,False,True,0.4276948869228363,0.09436570107936859,2.44140625e-06,0.001389023964293301,0.05544783174991608,0.07147902250289917,0.05525660887360573,32138723328.0,0.998613194197548,34106512.0,0.0010597562492964314,10533953.0,0.0003273105887094198
WSSV-19-img-2_jpg.rf.62a78b5e0e48205859a5f80cd218115b.jpg,WSSV,11,42015011,strong_only,-6.668949870651963,0.5451745174595339,18.790111416308832,-57.059370493544236,7.300487518310547,0.6896042823791504,0.6287093162536621,False,True,0.2787979245185852,0.03116718865931034,0.0,0.00025634828489273787,0.014026257209479809,0.05994569510221481,0.013865605928003788,13195017216.0,0.9993482322194934,6763789.0,0.0005122676590417308,1843109.625,0.00013959120442048564
WSSV-19-img-2_jpg.rf.62a78b5e0e48205859a5f80cd218115b.jpg,WSSV,11,42015011,w1_then_strong,-6.668949870651963,0.5451745174595339,18.790111416308832,-57.059370493544236,7.300487518310547,0.6896042823791504,0.6287093162536621,False,True,0.27843835949897766,0.031310293823480606,0.0,0.0003077462606597692,0.015095829032361507,0.0632324069738388,0.014927421696484089,13161832448.0,0.9992650903127273,7444204.0,0.0005651745842955717,2233777.25,0.00016959155454064062
WSSV-19-img-2_jpg.rf.62a78b5e0e48205859a5f80cd218115b.jpg,WSSV,11,42015011,strong_then_w1,-6.668949870651963,0.5451745174595339,18.790111416308832,-57.059370493544236,7.300487518310547,0.6896042823791504,0.6287093162536621,False,True,0.278133749961853,0.031474947929382324,0.0,0.0003281006356701255,0.016338558867573738,0.06675441563129425,0.016162175685167313,13134384128.0,0.9992075856766827,8048613.0,0.0006123039409690669,2367041.5,0.0001800743605000429
WSSV-65-img-3_jpg.rf.f4a72a362d654ab8bd44a97d89138d80.jpg,WSSV,0,42016000,original,9.754433881736155,0.6479562393167836,-30.92607118199328,-35.08807970706624,-5.92398738861084,0.8636723756790161,0.8613131046295166,True,True,0.42267823219299316,0.09330804646015167,0.0,0.0012594566214829683,0.04076586291193962,0.13380825519561768,0.040415871888399124,31398643712.0,0.9988647967302706,26066164.0,0.0008292260597054765,9614060.0,0.00030584588862296857
WSSV-65-img-3_jpg.rf.f4a72a362d654ab8bd44a97d89138d80.jpg,WSSV,0,42016000,w1_only,9.754433881736155,0.6479562393167836,-30.92607118199328,-35.08807970706624,-5.92398738861084,0.8636723756790161,0.8613131046295166,True,True,0.420669287443161,0.09373365342617035,4.8828125e-06,0.0015642344951629639,0.0482715480029583,0.14195719361305237,0.0479191429913044,31120158720.0,0.9986111807539738,31293346.0,0.0010041685673897053,11992070.0,0.0003848121499035949
WSSV-65-img-3_jpg.rf.f4a72a362d654ab8bd44a97d89138d80.jpg,WSSV,0,42016000,strong_only,9.754433881736155,0.6479562393167836,-30.92607118199328,-35.08807970706624,-5.92398738861084,0.8636723756790161,0.8613131046295166,True,True,0.40244632959365845,0.06508167833089828,0.0,0.0005466914735734463,0.022096524015069008,0.1434328854084015,0.021904265508055687,27866050560.0,0.9993738521387632,13520568.0,0.00048489476813983406,3932056.25,0.00014101726374635557
WSSV-65-img-3_jpg.rf.f4a72a362d654ab8bd44a97d89138d80.jpg,WSSV,0,42016000,w1_then_strong,9.754433881736155,0.6479562393167836,-30.92607118199328,-35.08807970706624,-5.92398738861084,0.8636723756790161,0.8613131046295166,True,True,0.401774138212204,0.0650450736284256,0.0,0.0006593613070435822,0.024197997525334358,0.14886169135570526,0.024000460281968117,27772149760.0,0.9992847629452675,15112243.0,0.0005437618007366772,4766289.0,0.00017149842610864692
WSSV-65-img-3_jpg.rf.f4a72a362d654ab8bd44a97d89138d80.jpg,WSSV,0,42016000,strong_then_w1,9.754433881736155,0.6479562393167836,-30.92607118199328,-35.08807970706624,-5.92398738861084,0.8636723756790161,0.8613131046295166,True,True,0.40150928497314453,0.06514845043420792,0.0,0.0006917375139892101,0.025637097656726837,0.151371031999588,0.025437865406274796,27737518080.0,0.9992412568575727,16065299.0,0.0005787507562231288,4997576.0,0.00018003716515220533
WSSV-65-img-3_jpg.rf.f4a72a362d654ab8bd44a97d89138d80.jpg,WSSV,1,42016001,original,4.149256418190593,1.0019979966913897,-8.546884420397475,-15.989246372474668,-2.1447649002075195,0.8044924736022949,1.0453259944915771,True,True,0.42267823219299316,0.09330804646015167,0.0,0.0012594566214829683,0.04076586291193962,0.13380825519561768,0.040415871888399124,31398643712.0,0.9988647967302706,26066164.0,0.0008292260597054765,9614060.0,0.00030584588862296857
WSSV-65-img-3_jpg.rf.f4a72a362d654ab8bd44a97d89138d80.jpg,WSSV,1,42016001,w1_only,4.149256418190593,1.0019979966913897,-8.546884420397475,-15.989246372474668,-2.1447649002075195,0.8044924736022949,1.0453259944915771,True,True,0.420669287443161,0.09373365342617035,4.8828125e-06,0.0015642344951629639,0.0482715480029583,0.14195719361305237,0.0479191429913044,31120158720.0,0.9986111807539738,31293346.0,0.0010041685673897053,11992070.0,0.0003848121499035949
WSSV-65-img-3_jpg.rf.f4a72a362d654ab8bd44a97d89138d80.jpg,WSSV,1,42016001,strong_only,4.149256418190593,1.0019979966913897,-8.546884420397475,-15.989246372474668,-2.1447649002075195,0.8044924736022949,1.0453259944915771,True,True,0.5015596747398376,0.10913794487714767,0.0,0.0006478428840637207,0.0440828911960125,0.13278238475322723,0.043747711926698685,44169621504.0,0.9992344230527062,28433410.0,0.0006432394272203144,5402534.0,0.00012221970124927945
WSSV-65-img-3_jpg.rf.f4a72a362d654ab8bd44a97d89138d80.jpg,WSSV,1,42016001,w1_then_strong,4.149256418190593,1.0019979966913897,-8.546884420397475,-15.989246372474668,-2.1447649002075195,0.8044924736022949,1.0453259944915771,True,True,0.4996354579925537,0.10947322100400925,0.0,0.0008015830535441637,0.05042438954114914,0.1394622027873993,0.050087928771972656,43852914688.0,0.9990973269661274,33158370.0,0.0007554444002012748,6455283.0,0.00014707017848176752
WSSV-65-img-3_jpg.rf.f4a72a362d654ab8bd44a97d89138d80.jpg,WSSV,1,42016001,strong_then_w1,4.149256418190593,1.0019979966913897,-8.546884420397475,-15.989246372474668,-2.1447649002075195,0.8044924736022949,1.0453259944915771,True,True,0.49968278408050537,0.10958973318338394,0.0,0.0008365518879145384,0.051835089921951294,0.14040233194828033,0.05150039494037628,43863760896.0,0.9990659522426569,34024376.0,0.0007749585287157179,6989636.5,0.0001591999341383272
WSSV-65-img-3_jpg.rf.f4a72a362d654ab8bd44a97d89138d80.jpg,WSSV,2,42016002,original,1.3920198989301973,0.7825341374481259,45.271573604351374,-13.913317611385594,2.5878233909606934,1.3231942653656006,0.8687942028045654,False,True,0.42267823219299316,0.09330804646015167,0.0,0.0012594566214829683,0.04076586291193962,0.13380825519561768,0.040415871888399124,31398643712.0,0.9988647967302706,26066164.0,0.0008292260597054765,9614060.0,0.00030584588862296857
WSSV-65-img-3_jpg.rf.f4a72a362d654ab8bd44a97d89138d80.jpg,WSSV,2,42016002,w1_only,1.3920198989301973,0.7825341374481259,45.271573604351374,-13.913317611385594,2.5878233909606934,1.3231942653656006,0.8687942028045654,False,True,0.420669287443161,0.09373365342617035,4.8828125e-06,0.0015642344951629639,0.0482715480029583,0.14195719361305237,0.0479191429913044,31120158720.0,0.9986111807539738,31293346.0,0.0010041685673897053,11992070.0,0.0003848121499035949
WSSV-65-img-3_jpg.rf.f4a72a362d654ab8bd44a97d89138d80.jpg,WSSV,2,42016002,strong_only,1.3920198989301973,0.7825341374481259,45.271573604351374,-13.913317611385594,2.5878233909606934,1.3231942653656006,0.8687942028045654,False,True,0.32923567295074463,0.06717267632484436,0.07534342447916667,0.00047589611494913697,0.026056913658976555,0.12056617438793182,0.02584068290889263,18926974976.0,0.9991603827815547,12281857.0,0.0006483627181284396,3616794.5,0.0001909316085451891
WSSV-65-img-3_jpg.rf.f4a72a362d654ab8bd44a97d89138d80.jpg,WSSV,2,42016002,w1_then_strong,1.3920198989301973,0.7825341374481259,45.271573604351374,-13.913317611385594,2.5878233909606934,1.3231942653656006,0.8687942028045654,False,True,0.328434020280838,0.06775108724832535,0.07718343098958333,0.0005830019945278764,0.029114611446857452,0.1257954090833664,0.02889341488480568,18849163264.0,0.9990272076833443,13926138.0,0.000738101239036141,4429788.0,0.00023478382962077707
WSSV-65-img-3_jpg.rf.f4a72a362d654ab8bd44a97d89138d80.jpg,WSSV,2,42016002,strong_then_w1,1.3920198989301973,0.7825341374481259,45.271573604351374,-13.913317611385594,2.5878233909606934,1.3231942653656006,0.8687942028045654,False,True,0.3280807137489319,0.06788565218448639,0.07761881510416667,0.000600556202698499,0.030277658253908157,0.12775132060050964,0.030054641887545586,18812579840.0,0.9989869654040258,14508059.0,0.0007704079906944099,4570447.0,0.00024270020475139327
WSSV-65-img-3_jpg.rf.f4a72a362d654ab8bd44a97d89138d80.jpg,WSSV,3,42016003,original,-1.9825942902540916,0.6379102608497061,19.166315415669715,49.58721319459755,5.35523796081543,1.0442909002304077,1.1491854190826416,False,True,0.42267823219299316,0.09330804646015167,0.0,0.0012594566214829683,0.04076586291193962,0.13380825519561768,0.040415871888399124,31398643712.0,0.9988647967302706,26066164.0,0.0008292260597054765,9614060.0,0.00030584588862296857
WSSV-65-img-3_jpg.rf.f4a72a362d654ab8bd44a97d89138d80.jpg,WSSV,3,42016003,w1_only,-1.9825942902540916,0.6379102608497061,19.166315415669715,49.58721319459755,5.35523796081543,1.0442909002304077,1.1491854190826416,False,True,0.420669287443161,0.09373365342617035,4.8828125e-06,0.0015642344951629639,0.0482715480029583,0.14195719361305237,0.0479191429913044,31120158720.0,0.9986111807539738,31293346.0,0.0010041685673897053,11992070.0,0.0003848121499035949
WSSV-65-img-3_jpg.rf.f4a72a362d654ab8bd44a97d89138d80.jpg,WSSV,3,42016003,strong_only,-1.9825942902540916,0.6379102608497061,19.166315415669715,49.58721319459755,5.35523796081543,1.0442909002304077,1.1491854190826416,False,True,0.47457054257392883,0.0764288380742073,0.0,0.0007924850797280669,0.02596978098154068,0.19694283604621887,0.025707239285111427,38742360064.0,0.9994107243103747,16887602.0,0.00043563816243523856,5952811.5,0.00015356069281970028
WSSV-65-img-3_jpg.rf.f4a72a362d654ab8bd44a97d89138d80.jpg,WSSV,3,42016003,w1_then_strong,-1.9825942902540916,0.6379102608497061,19.166315415669715,49.58721319459755,5.35523796081543,1.0442909002304077,1.1491854190826416,False,True,0.47370487451553345,0.07732905447483063,0.0,0.0009668940911069512,0.028716666623950005,0.20439541339874268,0.028446903452277184,38624370688.0,0.9993184763075934,19050156.0,0.0004928798198712533,7288410.5,0.00018857118305948528
WSSV-65-img-3_jpg.rf.f4a72a362d654ab8bd44a97d89138d80.jpg,WSSV,3,42016003,strong_then_w1,-1.9825942902540916,0.6379102608497061,19.166315415669715,49.58721319459755,5.35523796081543,1.0442909002304077,1.1491854190826416,False,True,0.47371044754981995,0.07730915397405624,2.44140625e-06,0.000989375403150916,0.029510872438549995,0.20621101558208466,0.029239537194371223,38623543296.0,0.9992876443707055,20070240.0,0.0005192672950239596,7465712.5,0.00019315665060814236
WSSV-65-img-3_jpg.rf.f4a72a362d654ab8bd44a97d89138d80.jpg,WSSV,4,42016004,original,0.4636348680692244,1.398156185740849,-52.64065335598906,-63.61299769061236,2.0871405601501465,1.4769834280014038,1.0233173370361328,False,False,0.42267823219299316,0.09330804646015167,0.0,0.0012594566214829683,0.04076586291193962,0.13380825519561768,0.040415871888399124,31398643712.0,0.9988647967302706,26066164.0,0.0008292260597054765,9614060.0,0.00030584588862296857
WSSV-65-img-3_jpg.rf.f4a72a362d654ab8bd44a97d89138d80.jpg,WSSV,4,42016004,w1_only,0.4636348680692244,1.398156185740849,-52.64065335598906,-63.61299769061236,2.0871405601501465,1.4769834280014038,1.0233173370361328,False,False,0.420669287443161,0.09373365342617035,4.8828125e-06,0.0015642344951629639,0.0482715480029583,0.14195719361305237,0.0479191429913044,31120158720.0,0.9986111807539738,31293346.0,0.0010041685673897053,11992070.0,0.0003848121499035949
WSSV-65-img-3_jpg.rf.f4a72a362d654ab8bd44a97d89138d80.jpg,WSSV,4,42016004,strong_only,0.4636348680692244,1.398156185740849,-52.64065335598906,-63.61299769061236,2.0871405601501465,1.4769834280014038,1.0233173370361328,False,False,0.30713340640068054,0.07463426142930984,0.24874186197916667,0.00043882630416192114,0.042847808450460434,0.09821323305368423,0.04243822023272514,16735504384.0,0.9985005323559188,21947166.0,0.0013094470553068527,3187178.0,0.00019015853103032912
WSSV-65-img-3_jpg.rf.f4a72a362d654ab8bd44a97d89138d80.jpg,WSSV,4,42016004,w1_then_strong,0.4636348680692244,1.398156185740849,-52.64065335598906,-63.61299769061236,2.0871405601501465,1.4769834280014038,1.0233173370361328,False,False,0.3060310482978821,0.07536126673221588,0.25122151692708333,0.0005387789569795132,0.04806232824921608,0.10388480126857758,0.04764935374259949,16635451392.0,0.9981948930551862,26206008.0,0.001572467301100293,3873828.75,0.000232445515525952
WSSV-65-img-3_jpg.rf.f4a72a362d654ab8bd44a97d89138d80.jpg,WSSV,4,42016004,strong_then_w1,0.4636348680692244,1.398156185740849,-52.64065335598906,-63.61299769061236,2.0871405601501465,1.4769834280014038,1.0233173370361328,False,False,0.3056377172470093,0.07517033815383911,0.2505721028645833,0.0005536306998692453,0.04871642217040062,0.10523279011249542,0.04829832538962364,16590252032.0,0.9981890000327772,26040076.0,0.001566758441829651,4058065.5,0.0002441624356097372
WSSV-65-img-3_jpg.rf.f4a72a362d654ab8bd44a97d89138d80.jpg,WSSV,5,42016005,original,8.369542138346958,1.366589514005526,-17.56330359465926,18.035653589252888,-4.917022705078125,1.3789796829223633,1.1185295581817627,False,False,0.42267823219299316,0.09330804646015167,0.0,0.0012594566214829683,0.04076586291193962,0.13380825519561768,0.040415871888399124,31398643712.0,0.9988647967302706,26066164.0,0.0008292260597054765,9614060.0,0.00030584588862296857
WSSV-65-img-3_jpg.rf.f4a72a362d654ab8bd44a97d89138d80.jpg,WSSV,5,42016005,w1_only,8.369542138346958,1.366589514005526,-17.56330359465926,18.035653589252888,-4.917022705078125,1.3789796829223633,1.1185295581817627,False,False,0.420669287443161,0.09373365342617035,4.8828125e-06,0.0015642344951629639,0.0482715480029583,0.14195719361305237,0.0479191429913044,31120158720.0,0.9986111807539738,31293346.0,0.0010041685673897053,11992070.0,0.0003848121499035949
WSSV-65-img-3_jpg.rf.f4a72a362d654ab8bd44a97d89138d80.jpg,WSSV,5,42016005,strong_only,8.369542138346958,1.366589514005526,-17.56330359465926,18.035653589252888,-4.917022705078125,1.3789796829223633,1.1185295581817627,False,False,0.44027942419052124,0.11652910709381104,0.11549641927083333,0.0005498710088431835,0.05117303505539894,0.10602753609418869,0.050787877291440964,34768076800.0,0.9990785215243319,27930680.0,0.0008026024171566839,4127349.25,0.00011860149786900378
WSSV-65-img-3_jpg.rf.f4a72a362d654ab8bd44a97d89138d80.jpg,WSSV,5,42016005,w1_then_strong,8.369542138346958,1.366589514005526,-17.56330359465926,18.035653589252888,-4.917022705078125,1.3789796829223633,1.1185295581817627,False,False,0.4384436011314392,0.11704472452402115,0.12060221354166667,0.0006828713230788708,0.05816078186035156,0.11306750029325485,0.05777524411678314,34511081472.0,0.9988828663494164,33573516.0,0.0009717461309555565,5031700.0,0.0001456366681145065
WSSV-65-img-3_jpg.rf.f4a72a362d654ab8bd44a97d89138d80.jpg,WSSV,5,42016005,strong_then_w1,8.369542138346958,1.366589514005526,-17.56330359465926,18.035653589252888,-4.917022705078125,1.3789796829223633,1.1185295581817627,False,False,0.4384746253490448,0.11687222123146057,0.12145751953125,0.0006978295277804136,0.05793438479304314,0.11369617283344269,0.05754285305738449,34509000704.0,0.9988857597895867,33236966.0,0.0009620658772701696,5263514.5,0.0001523558947879526
WSSV-65-img-3_jpg.rf.f4a72a362d654ab8bd44a97d89138d80.jpg,WSSV,6,42016006,original,-2.3283805916133726,0.9031226333016316,36.984575064363696,17.718575642179474,2.268604278564453,1.448913335800171,1.0238734483718872,False,True,0.42267823219299316,0.09330804646015167,0.0,0.0012594566214829683,0.04076586291193962,0.13380825519561768,0.040415871888399124,31398643712.0,0.9988647967302706,26066164.0,0.0008292260597054765,9614060.0,0.00030584588862296857
WSSV-65-img-3_jpg.rf.f4a72a362d654ab8bd44a97d89138d80.jpg,WSSV,6,42016006,w1_only,-2.3283805916133726,0.9031226333016316,36.984575064363696,17.718575642179474,2.268604278564453,1.448913335800171,1.0238734483718872,False,True,0.420669287443161,0.09373365342617035,4.8828125e-06,0.0015642344951629639,0.0482715480029583,0.14195719361305237,0.0479191429913044,31120158720.0,0.9986111807539738,31293346.0,0.0010041685673897053,11992070.0,0.0003848121499035949
WSSV-65-img-3_jpg.rf.f4a72a362d654ab8bd44a97d89138d80.jpg,WSSV,6,42016006,strong_only,-2.3283805916133726,0.9031226333016316,36.984575064363696,17.718575642179474,2.268604278564453,1.448913335800171,1.0238734483718872,False,True,0.35520705580711365,0.07752040028572083,0.20844401041666666,0.0006467093480750918,0.0334056131541729,0.12958365678787231,0.033108603209257126,22151723008.0,0.9988888378908496,19512348.0,0.0008798713585937704,5135488.5,0.00023157485934228336
WSSV-65-img-3_jpg.rf.f4a72a362d654ab8bd44a97d89138d80.jpg,WSSV,6,42016006,w1_then_strong,-2.3283805916133726,0.9031226333016316,36.984575064363696,17.718575642179474,2.268604278564453,1.448913335800171,1.0238734483718872,False,True,0.3543767035007477,0.07815875113010406,0.21093831380208333,0.000784847536124289,0.03774470463395119,0.13609980046749115,0.03744097054004669,22065768448.0,0.9987135919787761,22270246.0,0.001007968402701466,6155596.0,0.0002786069928367892
WSSV-65-img-3_jpg.rf.f4a72a362d654ab8bd44a97d89138d80.jpg,WSSV,6,42016006,strong_then_w1,-2.3283805916133726,0.9031226333016316,36.984575064363696,17.718575642179474,2.268604278564453,1.448913335800171,1.0238734483718872,False,True,0.35392940044403076,0.07814943790435791,0.21206136067708334,0.0008029825403355062,0.03865644335746765,0.13717596232891083,0.038352202624082565,22011607040.0,0.9986758167964523,22828522.0,0.0010357395901705948,6353173.0,0.00028824611594666045
WSSV-65-img-3_jpg.rf.f4a72a362d654ab8bd44a97d89138d80.jpg,WSSV,7,42016007,original,-6.099084841438178,0.9670260075606061,32.62678397271702,-55.13071312530525,2.8119313716888428,1.3598549365997314,0.7468518018722534,True,False,0.42267823219299316,0.09330804646015167,0.0,0.0012594566214829683,0.04076586291193962,0.13380825519561768,0.040415871888399124,31398643712.0,0.9988647967302706,26066164.0,0.0008292260597054765,9614060.0,0.00030584588862296857
WSSV-65-img-3_jpg.rf.f4a72a362d654ab8bd44a97d89138d80.jpg,WSSV,7,42016007,w1_only,-6.099084841438178,0.9670260075606061,32.62678397271702,-55.13071312530525,2.8119313716888428,1.3598549365997314,0.7468518018722534,True,False,0.420669287443161,0.09373365342617035,4.8828125e-06,0.0015642344951629639,0.0482715480029583,0.14195719361305237,0.0479191429913044,31120158720.0,0.9986111807539738,31293346.0,0.0010041685673897053,11992070.0,0.0003848121499035949
WSSV-65-img-3_jpg.rf.f4a72a362d654ab8bd44a97d89138d80.jpg,WSSV,7,42016007,strong_only,-6.099084841438178,0.9670260075606061,32.62678397271702,-55.13071312530525,2.8119313716888428,1.3598549365997314,0.7468518018722534,True,False,0.2567059397697449,0.057819243520498276,0.12540283203125,0.000337725505232811,0.026925764977931976,0.09205921739339828,0.02669661119580269,11602841600.0,0.9988060235648373,11148919.0,0.0009597310587637826,2723515.25,0.00023444803701971537
WSSV-65-img-3_jpg.rf.f4a72a362d654ab8bd44a97d89138d80.jpg,WSSV,7,42016007,w1_then_strong,-6.099084841438178,0.9670260075606061,32.62678397271702,-55.13071312530525,2.8119313716888428,1.3598549365997314,0.7468518018722534,True,False,0.25584349036216736,0.05820827931165695,0.12808675130208333,0.00041500822408124804,0.0305969025939703,0.09698314219713211,0.03036334738135338,11533968384.0,0.9986011690850388,12861801.0,0.0011135637872006084,3295892.25,0.0002853555467166017
WSSV-65-img-3_jpg.rf.f4a72a362d654ab8bd44a97d89138d80.jpg,WSSV,7,42016007,strong_then_w1,-6.099084841438178,0.9670260075606061,32.62678397271702,-55.13071312530525,2.8119313716888428,1.3598549365997314,0.7468518018722534,True,False,0.25525015592575073,0.058299317955970764,0.1295068359375,0.00043702992843464017,0.03217241168022156,0.09894967824220657,0.03193748742341995,11484304384.0,0.9985461386621698,13209284.0,0.001148530994273234,3509703.75,0.0003051644235669396
WSSV-65-img-3_jpg.rf.f4a72a362d654ab8bd44a97d89138d80.jpg,WSSV,8,42016008,original,-5.383434118299322,1.1224062369596766,17.932053455801338,52.77103261980926,5.330751419067383,1.1239676475524902,1.2428910732269287,True,False,0.42267823219299316,0.09330804646015167,0.0,0.0012594566214829683,0.04076586291193962,0.13380825519561768,0.040415871888399124,31398643712.0,0.9988647967302706,26066164.0,0.0008292260597054765,9614060.0,0.00030584588862296857
WSSV-65-img-3_jpg.rf.f4a72a362d654ab8bd44a97d89138d80.jpg,WSSV,8,42016008,w1_only,-5.383434118299322,1.1224062369596766,17.932053455801338,52.77103261980926,5.330751419067383,1.1239676475524902,1.2428910732269287,True,False,0.420669287443161,0.09373365342617035,4.8828125e-06,0.0015642344951629639,0.0482715480029583,0.14195719361305237,0.0479191429913044,31120158720.0,0.9986111807539738,31293346.0,0.0010041685673897053,11992070.0,0.0003848121499035949
WSSV-65-img-3_jpg.rf.f4a72a362d654ab8bd44a97d89138d80.jpg,WSSV,8,42016008,strong_only,-5.383434118299322,1.1224062369596766,17.932053455801338,52.77103261980926,5.330751419067383,1.1239676475524902,1.2428910732269287,True,False,0.4355580508708954,0.1037619411945343,0.00832275390625,0.0007458105101250112,0.04929813742637634,0.14422506093978882,0.048847801983356476,33596420096.0,0.9988672057526755,31696334.0,0.0009423750651026365,6404360.5,0.00019041033714271984
WSSV-65-img-3_jpg.rf.f4a72a362d654ab8bd44a97d89138d80.jpg,WSSV,8,42016008,w1_then_strong,-5.383434118299322,1.1224062369596766,17.932053455801338,52.77103261980926,5.330751419067383,1.1239676475524902,1.2428910732269287,True,False,0.43329405784606934,0.10440914332866669,0.008897298177083334,0.0009339583921246231,0.05731792375445366,0.15274392068386078,0.05686522275209427,33281572864.0,0.998633503768972,37791048.0,0.0011339430029210953,7748113.5,0.00023248678070963999
WSSV-65-img-3_jpg.rf.f4a72a362d654ab8bd44a97d89138d80.jpg,WSSV,8,42016008,strong_then_w1,-5.383434118299322,1.1224062369596766,17.932053455801338,52.77103261980926,5.330751419067383,1.1239676475524902,1.2428910732269287,True,False,0.4336102306842804,0.10421229153871536,0.008844401041666667,0.0009504928602837026,0.0570516474545002,0.15207073092460632,0.056600894778966904,33320179712.0,0.9986206804270857,37889080.0,0.001135552664403237,8127058.5,0.00024357157612261832
WSSV-65-img-3_jpg.rf.f4a72a362d654ab8bd44a97d89138d80.jpg,WSSV,9,42016009,original,-3.360941625801644,1.4811508711930057,39.97326410635526,-1.5782555366255906,-6.666256904602051,1.1765450239181519,0.7513779401779175,True,True,0.42267823219299316,0.09330804646015167,0.0,0.0012594566214829683,0.04076586291193962,0.13380825519561768,0.040415871888399124,31398643712.0,0.9988647967302706,26066164.0,0.0008292260597054765,9614060.0,0.00030584588862296857
WSSV-65-img-3_jpg.rf.f4a72a362d654ab8bd44a97d89138d80.jpg,WSSV,9,42016009,w1_only,-3.360941625801644,1.4811508711930057,39.97326410635526,-1.5782555366255906,-6.666256904602051,1.1765450239181519,0.7513779401779175,True,True,0.420669287443161,0.09373365342617035,4.8828125e-06,0.0015642344951629639,0.0482715480029583,0.14195719361305237,0.0479191429913044,31120158720.0,0.9986111807539738,31293346.0,0.0010041685673897053,11992070.0,0.0003848121499035949
WSSV-65-img-3_jpg.rf.f4a72a362d654ab8bd44a97d89138d80.jpg,WSSV,9,42016009,strong_only,-3.360941625801644,1.4811508711930057,39.97326410635526,-1.5782555366255906,-6.666256904602051,1.1765450239181519,0.7513779401779175,True,True,0.3211144208908081,0.09522338211536407,0.0477001953125,0.00022980273934081197,0.036268480122089386,0.06919627636671066,0.03599613532423973,18805587968.0,0.999180191404741,13296834.0,0.0007064885800861267,2127824.0,0.00011305573615743284
WSSV-65-img-3_jpg.rf.f4a72a362d654ab8bd44a97d89138d80.jpg,WSSV,9,42016009,w1_then_strong,-3.360941625801644,1.4811508711930057,39.97326410635526,-1.5782555366255906,-6.666256904602051,1.1765450239181519,0.7513779401779175,True,True,0.31976795196533203,0.09554428607225418,0.052779134114583334,0.00028147047851234674,0.04079880565404892,0.07381199300289154,0.040525760501623154,18668197888.0,0.9990200862052336,15832568.0,0.0008472726474780673,2471629.0,0.0001322680974061547
WSSV-65-img-3_jpg.rf.f4a72a362d654ab8bd44a97d89138d80.jpg,WSSV,9,42016009,strong_then_w1,-3.360941625801644,1.4811508711930057,39.97326410635526,-1.5782555366255906,-6.666256904602051,1.1765450239181519,0.7513779401779175,True,True,0.3192509412765503,0.09549803286790848,0.05631429036458333,0.00031166698317974806,0.04252488911151886,0.07623959332704544,0.04224604368209839,18610669568.0,0.9989844422220949,16089579.0,0.0008636572179294593,2828952.5,0.000151852652316421
WSSV-65-img-3_jpg.rf.f4a72a362d654ab8bd44a97d89138d80.jpg,WSSV,10,42016010,original,-7.002015941949169,1.0869625293893916,33.99887584835767,-0.155910707281123,-0.7844508290290833,1.2206435203552246,0.8535725474357605,False,False,0.42267823219299316,0.09330804646015167,0.0,0.0012594566214829683,0.04076586291193962,0.13380825519561768,0.040415871888399124,31398643712.0,0.9988647967302706,26066164.0,0.0008292260597054765,9614060.0,0.00030584588862296857
WSSV-65-img-3_jpg.rf.f4a72a362d654ab8bd44a97d89138d80.jpg,WSSV,10,42016010,w1_only,-7.002015941949169,1.0869625293893916,33.99887584835767,-0.155910707281123,-0.7844508290290833,1.2206435203552246,0.8535725474357605,False,False,0.420669287443161,0.09373365342617035,4.8828125e-06,0.0015642344951629639,0.0482715480029583,0.14195719361305237,0.0479191429913044,31120158720.0,0.9986111807539738,31293346.0,0.0010041685673897053,11992070.0,0.0003848121499035949
WSSV-65-img-3_jpg.rf.f4a72a362d654ab8bd44a97d89138d80.jpg,WSSV,10,42016010,strong_only,-7.002015941949169,1.0869625293893916,33.99887584835767,-0.155910707281123,-0.7844508290290833,1.2206435203552246,0.8535725474357605,False,False,0.326277494430542,0.07499989122152328,0.08945556640625,0.0003732626501005143,0.033521585166454315,0.09680714458227158,0.03324006870388985,18786947072.0,0.9990807856538086,14294825.0,0.00076019190010223,2990435.5,0.00015902991781138712
WSSV-65-img-3_jpg.rf.f4a72a362d654ab8bd44a97d89138d80.jpg,WSSV,10,42016010,w1_then_strong,-7.002015941949169,1.0869625293893916,33.99887584835767,-0.155910707281123,-0.7844508290290833,1.2206435203552246,0.8535725474357605,False,False,0.3249629735946655,0.07528255134820938,0.09068440755208333,0.0004684535670094192,0.03856640309095383,0.10218752175569534,0.03828338906168938,18647083008.0,0.9988941428076332,16980088.0,0.0009095959105390055,3670999.0,0.00019664949192211363
WSSV-65-img-3_jpg.rf.f4a72a362d654ab8bd44a97d89138d80.jpg,WSSV,10,42016010,strong_then_w1,-7.002015941949169,1.0869625293893916,33.99887584835767,-0.155910707281123,-0.7844508290290833,1.2206435203552246,0.8535725474357605,False,False,0.3244832754135132,0.07526590675115585,0.09119059244791666,0.0004935702309012413,0.04025990515947342,0.1038517877459526,0.039977021515369415,18593777664.0,0.9988571278946278,17323152.0,0.0009305991587876006,3947330.25,0.00021205045191007095
WSSV-65-img-3_jpg.rf.f4a72a362d654ab8bd44a97d89138d80.jpg,WSSV,11,42016011,original,1.0372000058220472,1.0412307068537912,-32.20135818099999,55.69255939846073,3.8146650791168213,0.923600435256958,0.8481967449188232,False,True,0.42267823219299316,0.09330804646015167,0.0,0.0012594566214829683,0.04076586291193962,0.13380825519561768,0.040415871888399124,31398643712.0,0.9988647967302706,26066164.0,0.0008292260597054765,9614060.0,0.00030584588862296857
WSSV-65-img-3_jpg.rf.f4a72a362d654ab8bd44a97d89138d80.jpg,WSSV,11,42016011,w1_only,1.0372000058220472,1.0412307068537912,-32.20135818099999,55.69255939846073,3.8146650791168213,0.923600435256958,0.8481967449188232,False,True,0.420669287443161,0.09373365342617035,4.8828125e-06,0.0015642344951629639,0.0482715480029583,0.14195719361305237,0.0479191429913044,31120158720.0,0.9986111807539738,31293346.0,0.0010041685673897053,11992070.0,0.0003848121499035949
WSSV-65-img-3_jpg.rf.f4a72a362d654ab8bd44a97d89138d80.jpg,WSSV,11,42016011,strong_only,1.0372000058220472,1.0412307068537912,-32.20135818099999,55.69255939846073,3.8146650791168213,0.923600435256958,0.8481967449188232,False,True,0.3535322844982147,0.07605614513158798,0.0,0.0003984735521953553,0.033602114766836166,0.1050993949174881,0.03330940753221512,21921161216.0,0.9991641654172088,15337140.0,0.0006990651880613809,2993394.75,0.00013643861005707063
WSSV-65-img-3_jpg.rf.f4a72a362d654ab8bd44a97d89138d80.jpg,WSSV,11,42016011,w1_then_strong,1.0372000058220472,1.0412307068537912,-32.20135818099999,55.69255939846073,3.8146650791168213,0.923600435256958,0.8481967449188232,False,True,0.35214683413505554,0.07645579427480698,0.0,0.0004922059015370905,0.03836581110954285,0.11061526834964752,0.03807003051042557,21763809280.0,0.9989954450020709,18232052.0,0.000836881846680146,3658143.0,0.00016791491540612375
WSSV-65-img-3_jpg.rf.f4a72a362d654ab8bd44a97d89138d80.jpg,WSSV,11,42016011,strong_then_w1,1.0372000058220472,1.0412307068537912,-32.20135818099999,55.69255939846073,3.8146650791168213,0.923600435256958,0.8481967449188232,False,True,0.35153400897979736,0.0763850137591362,8.138020833333334e-07,0.0005254388088360429,0.0403984934091568,0.1120249330997467,0.04010526463389397,21689042944.0,0.9989639042698105,18550640.0,0.0008544138996336028,3942373.0,0.00018157962683445022
WSSV-18-img-2_jpg.rf.73a4abd889d17222e3d6dd795be929c1.jpg,WSSV,0,42017000,original,-9.14305638612011,0.8256074810772781,25.66303625911638,27.491888209527247,2.8696846961975098,0.5617525577545166,0.6371099948883057,False,True,0.42579445242881775,0.10357019305229187,0.0,0.0009438012493774295,0.05555235221982002,0.07736959308385849,0.05534333735704422,32176754688.0,0.9987541085525594,32383302.0,0.00100516525779588,7758541.0,0.00024082213309763488
WSSV-18-img-2_jpg.rf.73a4abd889d17222e3d6dd795be929c1.jpg,WSSV,0,42017000,w1_only,-9.14305638612011,0.8256074810772781,25.66303625911638,27.491888209527247,2.8696846961975098,0.5617525577545166,0.6371099948883057,False,True,0.42381417751312256,0.10408158600330353,1.6276041666666668e-06,0.0011829144787043333,0.06313462555408478,0.08454694598913193,0.06292950361967087,31904176128.0,0.998489339036956,38508440.0,0.0012051797435132401,9762604.0,0.0003055354250845096
WSSV-18-img-2_jpg.rf.73a4abd889d17222e3d6dd795be929c1.jpg,WSSV,0,42017000,strong_only,-9.14305638612011,0.8256074810772781,25.66303625911638,27.491888209527247,2.8696846961975098,0.5617525577545166,0.6371099948883057,False,True,0.2987727224826813,0.06033508479595184,0.0,0.00027911411598324776,0.02997777611017227,0.053527601063251495,0.029824476689100266,15572995072.0,0.9991045638795785,12006314.0,0.000770279773242792,1946771.0,0.00012489747681392003
WSSV-18-img-2_jpg.rf.73a4abd889d17222e3d6dd795be929c1.jpg,WSSV,0,42017000,w1_then_strong,-9.14305638612011,0.8256074810772781,25.66303625911638,27.491888209527247,2.8696846961975098,0.5617525577545166,0.6371099948883057,False,True,0.29794713854789734,0.0604231171309948,0.0,0.00033523066667839885,0.032692842185497284,0.05784394219517708,0.03252912312746048,15490093056.0,0.9989686093501922,13623354.0,0.000878581100246773,2365405.25,0.0001525468946248107
WSSV-18-img-2_jpg.rf.73a4abd889d17222e3d6dd795be929c1.jpg,WSSV,0,42017000,strong_then_w1,-9.14305638612011,0.8256074810772781,25.66303625911638,27.491888209527247,2.8696846961975098,0.5617525577545166,0.6371099948883057,False,True,0.297348290681839,0.06058543175458908,0.0,0.0003790123446378857,0.035312917083501816,0.061218053102493286,0.03514428809285164,15432474624.0,0.9988934527198097,14416949.0,0.0009331618107376975,2679272.25,0.00017342050278940885
WSSV-18-img-2_jpg.rf.73a4abd889d17222e3d6dd795be929c1.jpg,WSSV,1,42017001,original,0.7987011108970687,1.0752525873005694,-21.30577300288411,-23.8984529468417,3.38847279548645,1.031967282295227,0.8990456461906433,True,False,0.42579445242881775,0.10357019305229187,0.0,0.0009438012493774295,0.05555235221982002,0.07736959308385849,0.05534333735704422,32176754688.0,0.9987541085525594,32383302.0,0.00100516525779588,7758541.0,0.00024082213309763488
WSSV-18-img-2_jpg.rf.73a4abd889d17222e3d6dd795be929c1.jpg,WSSV,1,42017001,w1_only,0.7987011108970687,1.0752525873005694,-21.30577300288411,-23.8984529468417,3.38847279548645,1.031967282295227,0.8990456461906433,True,False,0.42381417751312256,0.10408158600330353,1.6276041666666668e-06,0.0011829144787043333,0.06313462555408478,0.08454694598913193,0.06292950361967087,31904176128.0,0.998489339036956,38508440.0,0.0012051797435132401,9762604.0,0.0003055354250845096
WSSV-18-img-2_jpg.rf.73a4abd889d17222e3d6dd795be929c1.jpg,WSSV,1,42017001,strong_only,0.7987011108970687,1.0752525873005694,-21.30577300288411,-23.8984529468417,3.38847279548645,1.031967282295227,0.8990456461906433,True,False,0.352192223072052,0.08732461929321289,8.138020833333334e-07,0.00037120337947271764,0.05073019862174988,0.06346098333597183,0.05058929696679115,22063835136.0,0.9988282953960205,22913142.0,0.0010372763585730848,2968693.5,0.00013439255006579133
WSSV-18-img-2_jpg.rf.73a4abd889d17222e3d6dd795be929c1.jpg,WSSV,1,42017001,w1_then_strong,0.7987011108970687,1.0752525873005694,-21.30577300288411,-23.8984529468417,3.38847279548645,1.031967282295227,0.8990456461906433,True,False,0.35036227107048035,0.08777382969856262,5.696614583333334e-06,0.0004602058616001159,0.056647613644599915,0.06841713935136795,0.05651736631989479,21856636928.0,0.9986029907413749,26994114.0,0.001233328030365021,3581579.25,0.0001636379724112719
WSSV-18-img-2_jpg.rf.73a4abd889d17222e3d6dd795be929c1.jpg,WSSV,1,42017001,strong_then_w1,0.7987011108970687,1.0752525873005694,-21.30577300288411,-23.8984529468417,3.38847279548645,1.031967282295227,0.8990456461906433,True,False,0.3501858115196228,0.08777358382940292,7.32421875e-06,0.0004956628545187414,0.058088965713977814,0.07045411318540573,0.05795212462544441,21835106304.0,0.9985661678552984,27382390.0,0.0012522553299413168,3979990.5,0.0001820134881119145
WSSV-18-img-2_jpg.rf.73a4abd889d17222e3d6dd795be929c1.jpg,WSSV,2,42017002,original,-6.975574521474823,1.4830908512964078,-61.21952932774752,42.97484086781509,-4.867824077606201,0.6333125829696655,1.1555662155151367,False,False,0.42579445242881775,0.10357019305229187,0.0,0.0009438012493774295,0.05555235221982002,0.07736959308385849,0.05534333735704422,32176754688.0,0.9987541085525594,32383302.0,0.00100516525779588,7758541.0,0.00024082213309763488
WSSV-18-img-2_jpg.rf.73a4abd889d17222e3d6dd795be929c1.jpg,WSSV,2,42017002,w1_only,-6.975574521474823,1.4830908512964078,-61.21952932774752,42.97484086781509,-4.867824077606201,0.6333125829696655,1.1555662155151367,False,False,0.42381417751312256,0.10408158600330353,1.6276041666666668e-06,0.0011829144787043333,0.06313462555408478,0.08454694598913193,0.06292950361967087,31904176128.0,0.998489339036956,38508440.0,0.0012051797435132401,9762604.0,0.0003055354250845096
WSSV-18-img-2_jpg.rf.73a4abd889d17222e3d6dd795be929c1.jpg,WSSV,2,42017002,strong_only,-6.975574521474823,1.4830908512964078,-61.21952932774752,42.97484086781509,-4.867824077606201,0.6333125829696655,1.1555662155151367,False,False,0.5453029274940491,0.142702117562294,0.0,0.00033984772744588554,0.06431914120912552,0.06362728029489517,0.06433387845754623,53269491712.0,0.9993450015372177,30685092.0,0.0005756577043704319,4236870.0,7.948442383408698e-05
WSSV-18-img-2_jpg.rf.73a4abd889d17222e3d6dd795be929c1.jpg,WSSV,2,42017002,w1_then_strong,-6.975574521474823,1.4830908512964078,-61.21952932774752,42.97484086781509,-4.867824077606201,0.6333125829696655,1.1555662155151367,False,False,0.5430712699890137,0.1431780457496643,0.0,0.0004125980194658041,0.07120315730571747,0.06945420801639557,0.07124046236276627,52879118336.0,0.999232189881919,35965296.0,0.0006796195287046819,4670327.0,8.825300463637921e-05
WSSV-18-img-2_jpg.rf.73a4abd889d17222e3d6dd795be929c1.jpg,WSSV,2,42017002,strong_then_w1,-6.975574521474823,1.4830908512964078,-61.21952932774752,42.97484086781509,-4.867824077606201,0.6333125829696655,1.1555662155151367,False,False,0.5433576107025146,0.14316220581531525,0.0,0.00044608887401409447,0.07151920348405838,0.07025549560785294,0.07154615968465805,52929286144.0,0.9992088101678719,36460912.0,0.0006883158106088566,5440494.0,0.00010270664753867431
WSSV-18-img-2_jpg.rf.73a4abd889d17222e3d6dd795be929c1.jpg,WSSV,3,42017003,original,-9.399701461845734,0.5143596976942265,1.8262271490456214,-7.466097986019577,6.427387714385986,1.0646123886108398,0.6074962615966797,False,False,0.42579445242881775,0.10357019305229187,0.0,0.0009438012493774295,0.05555235221982002,0.07736959308385849,0.05534333735704422,32176754688.0,0.9987541085525594,32383302.0,0.00100516525779588,7758541.0,0.00024082213309763488
WSSV-18-img-2_jpg.rf.73a4abd889d17222e3d6dd795be929c1.jpg,WSSV,3,42017003,w1_only,-9.399701461845734,0.5143596976942265,1.8262271490456214,-7.466097986019577,6.427387714385986,1.0646123886108398,0.6074962615966797,False,False,0.42381417751312256,0.10408158600330353,1.6276041666666668e-06,0.0011829144787043333,0.06313462555408478,0.08454694598913193,0.06292950361967087,31904176128.0,0.998489339036956,38508440.0,0.0012051797435132401,9762604.0,0.0003055354250845096
WSSV-18-img-2_jpg.rf.73a4abd889d17222e3d6dd795be929c1.jpg,WSSV,3,42017003,strong_only,-9.399701461845734,0.5143596976942265,1.8262271490456214,-7.466097986019577,6.427387714385986,1.0646123886108398,0.6074962615966797,False,False,0.25983327627182007,0.033758971840143204,6.510416666666667e-06,0.00024025184393394738,0.014523268677294254,0.06555189192295074,0.014395628124475479,11508866048.0,0.9992014657752695,7462642.5,0.000647907734216147,1737310.375,0.00015083354571741238
WSSV-18-img-2_jpg.rf.73a4abd889d17222e3d6dd795be929c1.jpg,WSSV,3,42017003,w1_then_strong,-9.399701461845734,0.5143596976942265,1.8262271490456214,-7.466097986019577,6.427387714385986,1.0646123886108398,0.6074962615966797,False,False,0.2595064043998718,0.034203339368104935,1.3834635416666666e-05,0.00028869128436781466,0.015474562533199787,0.06898428499698639,0.0153407147154212,11484397568.0,0.9991074587107228,8151446.5,0.0007091509109824137,2108880.5,0.00018346615263046233
WSSV-18-img-2_jpg.rf.73a4abd889d17222e3d6dd795be929c1.jpg,WSSV,3,42017003,strong_then_w1,-9.399701461845734,0.5143596976942265,1.8262271490456214,-7.466097986019577,6.427387714385986,1.0646123886108398,0.6074962615966797,False,False,0.25925612449645996,0.034512631595134735,1.953125e-05,0.00030677622999064624,0.016560779884457588,0.07348122447729111,0.016418401151895523,11465365504.0,0.9990351069733909,8850383.0,0.0007711784961478783,2220846.25,0.00019351353170260033
WSSV-18-img-2_jpg.rf.73a4abd889d17222e3d6dd795be929c1.jpg,WSSV,4,42017004,original,-8.968296067078448,0.9666865789599759,62.83022388323076,61.9403244112641,1.1820919513702393,0.5806347131729126,1.3918631076812744,False,True,0.42579445242881775,0.10357019305229187,0.0,0.0009438012493774295,0.05555235221982002,0.07736959308385849,0.05534333735704422,32176754688.0,0.9987541085525594,32383302.0,0.00100516525779588,7758541.0,0.00024082213309763488
WSSV-18-img-2_jpg.rf.73a4abd889d17222e3d6dd795be929c1.jpg,WSSV,4,42017004,w1_only,-8.968296067078448,0.9666865789599759,62.83022388323076,61.9403244112641,1.1820919513702393,0.5806347131729126,1.3918631076812744,False,True,0.42381417751312256,0.10408158600330353,1.6276041666666668e-06,0.0011829144787043333,0.06313462555408478,0.08454694598913193,0.06292950361967087,31904176128.0,0.998489339036956,38508440.0,0.0012051797435132401,9762604.0,0.0003055354250845096
WSSV-18-img-2_jpg.rf.73a4abd889d17222e3d6dd795be929c1.jpg,WSSV,4,42017004,strong_only,-8.968296067078448,0.9666865789599759,62.83022388323076,61.9403244112641,1.1820919513702393,0.5806347131729126,1.3918631076812744,False,True,0.6624824404716492,0.14221824705600739,0.037333170572916664,0.0011283401399850845,0.07156075537204742,0.10393023490905762,0.07127076387405396,76955893760.0,0.9990934378042391,60886000.0,0.0007904632131732506,8937762.0,0.00011603606853952926
WSSV-18-img-2_jpg.rf.73a4abd889d17222e3d6dd795be929c1.jpg,WSSV,4,42017004,w1_then_strong,-8.968296067078448,0.9666865789599759,62.83022388323076,61.9403244112641,1.1820919513702393,0.5806347131729126,1.3918631076812744,False,True,0.660645067691803,0.14285698533058167,0.03656656901041667,0.0013522912049666047,0.07807733863592148,0.11232935637235641,0.07777048647403717,76568109056.0,0.9989528125447884,69728592.0,0.0009097204299801069,10562685.0,0.00013780703244293854
WSSV-18-img-2_jpg.rf.73a4abd889d17222e3d6dd795be929c1.jpg,WSSV,4,42017004,strong_then_w1,-8.968296067078448,0.9666865789599759,62.83022388323076,61.9403244112641,1.1820919513702393,0.5806347131729126,1.3918631076812744,False,True,0.6608417630195618,0.1428724080324173,0.0374609375,0.001398896099999547,0.07880871742963791,0.11220543831586838,0.07850951701402664,76609937408.0,0.9989204121468428,71666304.0,0.0009344601542677314,11143421.0,0.00014529956654008944
WSSV-18-img-2_jpg.rf.73a4abd889d17222e3d6dd795be929c1.jpg,WSSV,5,42017005,original,4.38979705791979,0.8978989254933512,-56.202761848262526,-13.185525553332411,-5.29068660736084,1.3308751583099365,1.0211354494094849,False,False,0.42579445242881775,0.10357019305229187,0.0,0.0009438012493774295,0.05555235221982002,0.07736959308385849,0.05534333735704422,32176754688.0,0.9987541085525594,32383302.0,0.00100516525779588,7758541.0,0.00024082213309763488
WSSV-18-img-2_jpg.rf.73a4abd889d17222e3d6dd795be929c1.jpg,WSSV,5,42017005,w1_only,4.38979705791979,0.8978989254933512,-56.202761848262526,-13.185525553332411,-5.29068660736084,1.3308751583099365,1.0211354494094849,False,False,0.42381417751312256,0.10408158600330353,1.6276041666666668e-06,0.0011829144787043333,0.06313462555408478,0.08454694598913193,0.06292950361967087,31904176128.0,0.998489339036956,38508440.0,0.0012051797435132401,9762604.0,0.0003055354250845096
WSSV-18-img-2_jpg.rf.73a4abd889d17222e3d6dd795be929c1.jpg,WSSV,5,42017005,strong_only,4.38979705791979,0.8978989254933512,-56.202761848262526,-13.185525553332411,-5.29068660736084,1.3308751583099365,1.0211354494094849,False,False,0.4277620315551758,0.10264411568641663,0.00082275390625,0.0005368489655666053,0.04726311191916466,0.07862034440040588,0.04702170938253403,32438380544.0,0.999129998432458,24395386.0,0.0007513988542947654,3845357.0,0.00011844030031557427
WSSV-18-img-2_jpg.rf.73a4abd889d17222e3d6dd795be929c1.jpg,WSSV,5,42017005,w1_then_strong,4.38979705791979,0.8978989254933512,-56.202761848262526,-13.185525553332411,-5.29068660736084,1.3308751583099365,1.0211354494094849,False,False,0.42611220479011536,0.10313891619443893,0.0013590494791666666,0.00066928326850757,0.052692197263240814,0.08481700718402863,0.05244491249322891,32214112256.0,0.9989688667753137,28455364.0,0.0008824090045649048,4795864.0,0.0001487211190926485
WSSV-18-img-2_jpg.rf.73a4abd889d17222e3d6dd795be929c1.jpg,WSSV,5,42017005,strong_then_w1,4.38979705791979,0.8978989254933512,-56.202761848262526,-13.185525553332411,-5.29068660736084,1.3308751583099365,1.0211354494094849,False,False,0.4260820746421814,0.10308067500591278,0.0014754231770833333,0.0006880604196339846,0.05343646928668022,0.08592657744884491,0.053186360746622086,32207077376.0,0.9989470032724397,28986868.0,0.000899067760318774,4967101.5,0.00015406151574847695
WSSV-18-img-2_jpg.rf.73a4abd889d17222e3d6dd795be929c1.jpg,WSSV,6,42017006,original,8.918379342678545,0.5524353374394165,44.91002846448055,43.40002955426718,-1.8872628211975098,1.0646759271621704,1.2069772481918335,False,True,0.42579445242881775,0.10357019305229187,0.0,0.0009438012493774295,0.05555235221982002,0.07736959308385849,0.05534333735704422,32176754688.0,0.9987541085525594,32383302.0,0.00100516525779588,7758541.0,0.00024082213309763488
WSSV-18-img-2_jpg.rf.73a4abd889d17222e3d6dd795be929c1.jpg,WSSV,6,42017006,w1_only,8.918379342678545,0.5524353374394165,44.91002846448055,43.40002955426718,-1.8872628211975098,1.0646759271621704,1.2069772481918335,False,True,0.42381417751312256,0.10408158600330353,1.6276041666666668e-06,0.0011829144787043333,0.06313462555408478,0.08454694598913193,0.06292950361967087,31904176128.0,0.998489339036956,38508440.0,0.0012051797435132401,9762604.0,0.0003055354250845096
WSSV-18-img-2_jpg.rf.73a4abd889d17222e3d6dd795be929c1.jpg,WSSV,6,42017006,strong_only,8.918379342678545,0.5524353374394165,44.91002846448055,43.40002955426718,-1.8872628211975098,1.0646759271621704,1.2069772481918335,False,True,0.5299500226974487,0.07159582525491714,5.696614583333334e-06,0.0008612530655227602,0.030398545786738396,0.12309277802705765,0.03012937307357788,47945707520.0,0.9993204396141019,26325484.0,0.000548695505910724,6290080.0,0.00013110257071888696
WSSV-18-img-2_jpg.rf.73a4abd889d17222e3d6dd795be929c1.jpg,WSSV,6,42017006,w1_then_strong,8.918379342678545,0.5524353374394165,44.91002846448055,43.40002955426718,-1.8872628211975098,1.0646759271621704,1.2069772481918335,False,True,0.5292031764984131,0.07207538932561874,1.1393229166666667e-05,0.0010432145791128278,0.03255704417824745,0.13049638271331787,0.03227262943983078,47820427264.0,0.9992323610362929,29041194.0,0.0006068306476587868,7697077.0,0.000160834372753047
WSSV-18-img-2_jpg.rf.73a4abd889d17222e3d6dd795be929c1.jpg,WSSV,6,42017006,strong_then_w1,8.918379342678545,0.5524353374394165,44.91002846448055,43.40002955426718,-1.8872628211975098,1.0646759271621704,1.2069772481918335,False,True,0.5292524099349976,0.0722460076212883,1.708984375e-05,0.0010626293951645494,0.033386699855327606,0.13297218084335327,0.033097513020038605,47831220224.0,0.9991893569428917,31027148.0,0.0006481539863023656,7788279.0,0.0001626963612731986
WSSV-18-img-2_jpg.rf.73a4abd889d17222e3d6dd795be929c1.jpg,WSSV,7,42017007,original,-6.893892288576788,1.2487608642507857,29.856474995210647,40.86464377751349,-6.569399833679199,0.8634682893753052,1.186198115348816,True,True,0.42579445242881775,0.10357019305229187,0.0,0.0009438012493774295,0.05555235221982002,0.07736959308385849,0.05534333735704422,32176754688.0,0.9987541085525594,32383302.0,0.00100516525779588,7758541.0,0.00024082213309763488
WSSV-18-img-2_jpg.rf.73a4abd889d17222e3d6dd795be929c1.jpg,WSSV,7,42017007,w1_only,-6.893892288576788,1.2487608642507857,29.856474995210647,40.86464377751349,-6.569399833679199,0.8634682893753052,1.186198115348816,True,True,0.42381417751312256,0.10408158600330353,1.6276041666666668e-06,0.0011829144787043333,0.06313462555408478,0.08454694598913193,0.06292950361967087,31904176128.0,0.998489339036956,38508440.0,0.0012051797435132401,9762604.0,0.0003055354250845096
WSSV-18-img-2_jpg.rf.73a4abd889d17222e3d6dd795be929c1.jpg,WSSV,7,42017007,strong_only,-6.893892288576788,1.2487608642507857,29.856474995210647,40.86464377751349,-6.569399833679199,0.8634682893753052,1.186198115348816,True,True,0.5585395693778992,0.15388266742229462,0.0,0.0005278624594211578,0.06833849102258682,0.07361122965812683,0.06825900822877884,56261279744.0,0.9990970374186122,43778692.0,0.0007774291960347112,7071391.0,0.00012557492169882765
WSSV-18-img-2_jpg.rf.73a4abd889d17222e3d6dd795be929c1.jpg,WSSV,7,42017007,w1_then_strong,-6.893892288576788,1.2487608642507857,29.856474995210647,40.86464377751349,-6.569399833679199,0.8634682893753052,1.186198115348816,True,True,0.5562061667442322,0.15438106656074524,0.0,0.0006464840262196958,0.0761558935046196,0.08040830492973328,0.07609175145626068,55843045376.0,0.9989541194460951,50612592.0,0.0009053886107718224,7839678.0,0.0001402408944659151
WSSV-18-img-2_jpg.rf.73a4abd889d17222e3d6dd795be929c1.jpg,WSSV,7,42017007,strong_then_w1,-6.893892288576788,1.2487608642507857,29.856474995210647,40.86464377751349,-6.569399833679199,0.8634682893753052,1.186198115348816,True,True,0.5566397309303284,0.15443259477615356,0.0,0.0006775931105948985,0.07607382535934448,0.0804697573184967,0.07600753009319305,55924412416.0,0.9989158077411576,51802580.0,0.000925292082800163,8894029.0,0.00015886418433010577
WSSV-18-img-2_jpg.rf.73a4abd889d17222e3d6dd795be929c1.jpg,WSSV,8,42017008,original,-8.54065994693497,0.687876704162774,-48.80411727205882,-57.91655894470489,2.0134646892547607,1.2261537313461304,1.0118263959884644,False,False,0.42579445242881775,0.10357019305229187,0.0,0.0009438012493774295,0.05555235221982002,0.07736959308385849,0.05534333735704422,32176754688.0,0.9987541085525594,32383302.0,0.00100516525779588,7758541.0,0.00024082213309763488
WSSV-18-img-2_jpg.rf.73a4abd889d17222e3d6dd795be929c1.jpg,WSSV,8,42017008,w1_only,-8.54065994693497,0.687876704162774,-48.80411727205882,-57.91655894470489,2.0134646892547607,1.2261537313461304,1.0118263959884644,False,False,0.42381417751312256,0.10408158600330353,1.6276041666666668e-06,0.0011829144787043333,0.06313462555408478,0.08454694598913193,0.06292950361967087,31904176128.0,0.998489339036956,38508440.0,0.0012051797435132401,9762604.0,0.0003055354250845096
WSSV-18-img-2_jpg.rf.73a4abd889d17222e3d6dd795be929c1.jpg,WSSV,8,42017008,strong_only,-8.54065994693497,0.687876704162774,-48.80411727205882,-57.91655894470489,2.0134646892547607,1.2261537313461304,1.0118263959884644,False,False,0.4179152250289917,0.07410571724176407,0.00011474609375,0.0006119630998000503,0.03490240499377251,0.09251618385314941,0.03464299067854881,30195681280.0,0.9990871055900756,23328288.0,0.0007718650730271483,4263650.0,0.0001410717545416192
WSSV-18-img-2_jpg.rf.73a4abd889d17222e3d6dd795be929c1.jpg,WSSV,8,42017008,w1_then_strong,-8.54065994693497,0.687876704162774,-48.80411727205882,-57.91655894470489,2.0134646892547607,1.2261537313461304,1.0118263959884644,False,False,0.41692912578582764,0.07491149753332138,0.00013997395833333334,0.0007486045360565186,0.03815425559878349,0.09883110970258713,0.03788105025887489,30073577472.0,0.9989465198624475,26447106.0,0.0008784869217415484,5276886.0,0.00017528100573730343
WSSV-18-img-2_jpg.rf.73a4abd889d17222e3d6dd795be929c1.jpg,WSSV,8,42017008,strong_then_w1,-8.54065994693497,0.687876704162774,-48.80411727205882,-57.91655894470489,2.0134646892547607,1.2261537313461304,1.0118263959884644,False,False,0.4169260859489441,0.07493840157985687,0.00015462239583333333,0.0007703382289037108,0.0390048585832119,0.10090738534927368,0.038726139813661575,30072633344.0,0.9989063250426191,27519416.0,0.0009140974915442062,5406790.0,0.00017959440622963434
WSSV-18-img-2_jpg.rf.73a4abd889d17222e3d6dd795be929c1.jpg,WSSV,9,42017009,original,5.663644537135715,0.8942388997613632,16.617232158542436,-3.261796097012791,4.8304009437561035,0.682792603969574,0.6213034391403198,False,True,0.42579445242881775,0.10357019305229187,0.0,0.0009438012493774295,0.05555235221982002,0.07736959308385849,0.05534333735704422,32176754688.0,0.9987541085525594,32383302.0,0.00100516525779588,7758541.0,0.00024082213309763488
WSSV-18-img-2_jpg.rf.73a4abd889d17222e3d6dd795be929c1.jpg,WSSV,9,42017009,w1_only,5.663644537135715,0.8942388997613632,16.617232158542436,-3.261796097012791,4.8304009437561035,0.682792603969574,0.6213034391403198,False,True,0.42381417751312256,0.10408158600330353,1.6276041666666668e-06,0.0011829144787043333,0.06313462555408478,0.08454694598913193,0.06292950361967087,31904176128.0,0.998489339036956,38508440.0,0.0012051797435132401,9762604.0,0.0003055354250845096
WSSV-18-img-2_jpg.rf.73a4abd889d17222e3d6dd795be929c1.jpg,WSSV,9,42017009,strong_only,5.663644537135715,0.8942388997613632,16.617232158542436,-3.261796097012791,4.8304009437561035,0.682792603969574,0.6213034391403198,False,True,0.28085291385650635,0.05888775363564491,0.0,0.0002459461393300444,0.03188060596585274,0.04938950762152672,0.031746648252010345,13802481664.0,0.9990659364931689,11231762.0,0.0008129893662721542,1671648.0,0.00012099900693676682
WSSV-18-img-2_jpg.rf.73a4abd889d17222e3d6dd795be929c1.jpg,WSSV,9,42017009,w1_then_strong,5.663644537135715,0.8942388997613632,16.617232158542436,-3.261796097012791,4.8304009437561035,0.682792603969574,0.6213034391403198,False,True,0.2798909842967987,0.059091538190841675,0.0,0.000298836239380762,0.035122305154800415,0.05326548218727112,0.034983500838279724,13713894400.0,0.9989051367650434,12976104.0,0.0009451652873160106,2054404.625,0.00014964059610276444
WSSV-18-img-2_jpg.rf.73a4abd889d17222e3d6dd795be929c1.jpg,WSSV,9,42017009,strong_then_w1,5.663644537135715,0.8942388997613632,16.617232158542436,-3.261796097012791,4.8304009437561035,0.682792603969574,0.6213034391403198,False,True,0.27917325496673584,0.0592351071536541,0.0,0.00034074613358825445,0.03780462592840195,0.05661395937204361,0.037660714238882065,13648551936.0,0.9988357488646753,13548191.0,0.0009914910802773865,2354983.75,0.00017234370126042588
WSSV-18-img-2_jpg.rf.73a4abd889d17222e3d6dd795be929c1.jpg,WSSV,10,42017010,original,0.5706553180142748,1.268200607997569,-34.67982404036076,-55.66792308205595,-8.704075813293457,0.9201563000679016,0.967856764793396,False,False,0.42579445242881775,0.10357019305229187,0.0,0.0009438012493774295,0.05555235221982002,0.07736959308385849,0.05534333735704422,32176754688.0,0.9987541085525594,32383302.0,0.00100516525779588,7758541.0,0.00024082213309763488
WSSV-18-img-2_jpg.rf.73a4abd889d17222e3d6dd795be929c1.jpg,WSSV,10,42017010,w1_only,0.5706553180142748,1.268200607997569,-34.67982404036076,-55.66792308205595,-8.704075813293457,0.9201563000679016,0.967856764793396,False,False,0.42381417751312256,0.10408158600330353,1.6276041666666668e-06,0.0011829144787043333,0.06313462555408478,0.08454694598913193,0.06292950361967087,31904176128.0,0.998489339036956,38508440.0,0.0012051797435132401,9762604.0,0.0003055354250845096
WSSV-18-img-2_jpg.rf.73a4abd889d17222e3d6dd795be929c1.jpg,WSSV,10,42017010,strong_only,0.5706553180142748,1.268200607997569,-34.67982404036076,-55.66792308205595,-8.704075813293457,0.9201563000679016,0.967856764793396,False,False,0.4183582663536072,0.1213713213801384,0.0,0.00032048908178694546,0.056142427027225494,0.05809285491704941,0.0561121329665184,31807082496.0,0.9991058689388751,24946578.0,0.0007836076286743952,3520697.5,0.00011059013461705536
WSSV-18-img-2_jpg.rf.73a4abd889d17222e3d6dd795be929c1.jpg,WSSV,10,42017010,w1_then_strong,0.5706553180142748,1.268200607997569,-34.67982404036076,-55.66792308205595,-8.704075813293457,0.9201563000679016,0.967856764793396,False,False,0.4164136052131653,0.12175428122282028,0.0,0.00038983955164439976,0.062285736203193665,0.0635131299495697,0.062266670167446136,31545608192.0,0.9989485284132098,29247462.0,0.0009261735879966538,3954694.25,0.00012523251976367166
WSSV-18-img-2_jpg.rf.73a4abd889d17222e3d6dd795be929c1.jpg,WSSV,10,42017010,strong_then_w1,0.5706553180142748,1.268200607997569,-34.67982404036076,-55.66792308205595,-8.704075813293457,0.9201563000679016,0.967856764793396,False,False,0.41642075777053833,0.12178953737020493,0.0,0.00042500629206188023,0.0633925348520279,0.06489686667919159,0.06336914747953415,31546918912.0,0.9989124893753714,29764170.0,0.000942462914740691,4574576.0,0.00014485094765494255
WSSV-18-img-2_jpg.rf.73a4abd889d17222e3d6dd795be929c1.jpg,WSSV,11,42017011,original,-3.6826452502567886,0.7364002202597786,-45.24589310948011,-42.06887003313528,6.229794502258301,1.3656790256500244,0.8731358051300049,True,True,0.42579445242881775,0.10357019305229187,0.0,0.0009438012493774295,0.05555235221982002,0.07736959308385849,0.05534333735704422,32176754688.0,0.9987541085525594,32383302.0,0.00100516525779588,7758541.0,0.00024082213309763488
WSSV-18-img-2_jpg.rf.73a4abd889d17222e3d6dd795be929c1.jpg,WSSV,11,42017011,w1_only,-3.6826452502567886,0.7364002202597786,-45.24589310948011,-42.06887003313528,6.229794502258301,1.3656790256500244,0.8731358051300049,True,True,0.42381417751312256,0.10408158600330353,1.6276041666666668e-06,0.0011829144787043333,0.06313462555408478,0.08454694598913193,0.06292950361967087,31904176128.0,0.998489339036956,38508440.0,0.0012051797435132401,9762604.0,0.0003055354250845096
WSSV-18-img-2_jpg.rf.73a4abd889d17222e3d6dd795be929c1.jpg,WSSV,11,42017011,strong_only,-3.6826452502567886,0.7364002202597786,-45.24589310948011,-42.06887003313528,6.229794502258301,1.3656790256500244,0.8731358051300049,True,True,0.3319256901741028,0.07611989229917526,0.00417724609375,0.0005274259019643068,0.03600047901272774,0.07873915880918503,0.03577917441725731,19430311936.0,0.998661182698089,22261270.0,0.0011441641441366456,3786383.25,0.00019460902053699452
WSSV-18-img-2_jpg.rf.73a4abd889d17222e3d6dd795be929c1.jpg,WSSV,11,42017011,w1_then_strong,-3.6826452502567886,0.7364002202597786,-45.24589310948011,-42.06887003313528,6.229794502258301,1.3656790256500244,0.8731358051300049,True,True,0.33093997836112976,0.07701031118631363,0.006004231770833333,0.000637155375443399,0.03935440257191658,0.08439476042985916,0.03912118077278137,19339882496.0,0.9984644461067952,25121930.0,0.0012969755078797187,4611802.0,0.00023809453498161576
WSSV-18-img-2_jpg.rf.73a4abd889d17222e3d6dd795be929c1.jpg,WSSV,11,42017011,strong_then_w1,-3.6826452502567886,0.7364002202597786,-45.24589310948011,-42.06887003313528,6.229794502258301,1.3656790256500244,0.8731358051300049,True,True,0.33084389567375183,0.07710579037666321,0.007483723958333333,0.000667057407554239,0.040425315499305725,0.08680196851491928,0.04018517583608627,19330371584.0,0.9983967319013541,26212162.0,0.001353835168824702,4831522.5,0.0002495438979611009
WSSV_BG-46-img-1_jpg.rf.a3f23f96783ebde9b37e9936ae3325f6.jpg,WSSV_BG,0,42018000,original,3.1045994693071357,0.7355083688161373,-15.885799992495436,51.99302405518165,6.504525184631348,0.8357921838760376,0.826447606086731,True,False,0.3549267053604126,0.09832549095153809,0.00022054036458333333,0.003153878962621093,0.06716208159923553,0.1493733674287796,0.06637097895145416,22682097664.0,0.9967187747908669,51047732.0,0.002243189040476064,23618454.0,0.0010378650547254098
WSSV_BG-46-img-1_jpg.rf.a3f23f96783ebde9b37e9936ae3325f6.jpg,WSSV_BG,0,42018000,w1_only,3.1045994693071357,0.7355083688161373,-15.885799992495436,51.99302405518165,6.504525184631348,0.8357921838760376,0.826447606086731,True,False,0.352964848279953,0.09907083213329315,0.00042073567708333335,0.0038823920767754316,0.07565093040466309,0.1583930253982544,0.07485467940568924,22458740736.0,0.996021610930588,60583444.0,0.002686812239293445,29125022.0,0.001291664197553557
WSSV_BG-46-img-1_jpg.rf.a3f23f96783ebde9b37e9936ae3325f6.jpg,WSSV_BG,0,42018000,strong_only,3.1045994693071357,0.7355083688161373,-15.885799992495436,51.99302405518165,6.504525184631348,0.8357921838760376,0.826447606086731,True,False,0.3261415958404541,0.06943902373313904,0.0,0.0009281951352022588,0.0349193699657917,0.13815785944461823,0.03438836708664894,18625404928.0,0.998435011133872,22474576.0,0.0012047739968893444,6722779.5,0.0003603818789916548
WSSV_BG-46-img-1_jpg.rf.a3f23f96783ebde9b37e9936ae3325f6.jpg,WSSV_BG,0,42018000,w1_then_strong,3.1045994693071357,0.7355083688161373,-15.885799992495436,51.99302405518165,6.504525184631348,0.8357921838760376,0.826447606086731,True,False,0.32524800300598145,0.0701630711555481,0.0,0.0011182987364009023,0.03771616518497467,0.144452765583992,0.03716716915369034,18540296192.0,0.9981907069220869,25467050.0,0.0013711200931994332,8139230.5,0.0004382078992946442
WSSV_BG-46-img-1_jpg.rf.a3f23f96783ebde9b37e9936ae3325f6.jpg,WSSV_BG,0,42018000,strong_then_w1,3.1045994693071357,0.7355083688161373,-15.885799992495436,51.99302405518165,6.504525184631348,0.8357921838760376,0.826447606086731,True,False,0.3250426948070526,0.07046011090278625,4.8828125e-06,0.001178586739115417,0.039834875613451004,0.1460351198911667,0.03928862884640694,18523205632.0,0.998097502762704,26752596.0,0.0014415269036311212,8560957.0,0.00046129541358637394
WSSV_BG-46-img-1_jpg.rf.a3f23f96783ebde9b37e9936ae3325f6.jpg,WSSV_BG,1,42018001,original,6.72848427186247,1.170142135436902,48.07203589211554,53.886747332992684,8.887988090515137,1.0616376399993896,1.0169118642807007,False,True,0.3549267053604126,0.09832549095153809,0.00022054036458333333,0.003153878962621093,0.06716208159923553,0.1493733674287796,0.06637097895145416,22682097664.0,0.9967187747908669,51047732.0,0.002243189040476064,23618454.0,0.0010378650547254098
WSSV_BG-46-img-1_jpg.rf.a3f23f96783ebde9b37e9936ae3325f6.jpg,WSSV_BG,1,42018001,w1_only,6.72848427186247,1.170142135436902,48.07203589211554,53.886747332992684,8.887988090515137,1.0616376399993896,1.0169118642807007,False,True,0.352964848279953,0.09907083213329315,0.00042073567708333335,0.0038823920767754316,0.07565093040466309,0.1583930253982544,0.07485467940568924,22458740736.0,0.996021610930588,60583444.0,0.002686812239293445,29125022.0,0.001291664197553557
WSSV_BG-46-img-1_jpg.rf.a3f23f96783ebde9b37e9936ae3325f6.jpg,WSSV_BG,1,42018001,strong_only,6.72848427186247,1.170142135436902,48.07203589211554,53.886747332992684,8.887988090515137,1.0616376399993896,1.0169118642807007,False,True,0.24640294909477234,0.07200407236814499,0.12561686197916666,0.0011131870560348034,0.058350637555122375,0.12762762606143951,0.05743641406297684,11001856000.0,0.9951010906563583,43565236.0,0.003940409132631953,10597130.0,0.0009584942414104687
WSSV_BG-46-img-1_jpg.rf.a3f23f96783ebde9b37e9936ae3325f6.jpg,WSSV_BG,1,42018001,w1_then_strong,6.72848427186247,1.170142135436902,48.07203589211554,53.886747332992684,8.887988090515137,1.0616376399993896,1.0169118642807007,False,True,0.244882732629776,0.07268106937408447,0.13586507161458333,0.0013401396572589874,0.06403926014900208,0.1349976360797882,0.0631028339266777,10884517888.0,0.9942786062903808,50288608.0,0.004593762221627514,12343458.0,0.0011275498229071266
WSSV_BG-46-img-1_jpg.rf.a3f23f96783ebde9b37e9936ae3325f6.jpg,WSSV_BG,1,42018001,strong_then_w1,6.72848427186247,1.170142135436902,48.07203589211554,53.886747332992684,8.887988090515137,1.0616376399993896,1.0169118642807007,False,True,0.24471469223499298,0.07283106446266174,0.13421875,0.0013978773495182395,0.06639041751623154,0.1350945681333542,0.06548373401165009,10872177664.0,0.9940726559356909,51624632.0,0.004720179951976791,13206383.0,0.001207495373036792
WSSV_BG-46-img-1_jpg.rf.a3f23f96783ebde9b37e9936ae3325f6.jpg,WSSV_BG,2,42018002,original,9.790833925142174,0.6908790941045108,59.73785445969219,-55.624843162062746,8.974051475524902,1.2603943347930908,0.9955679178237915,True,False,0.3549267053604126,0.09832549095153809,0.00022054036458333333,0.003153878962621093,0.06716208159923553,0.1493733674287796,0.06637097895145416,22682097664.0,0.9967187747908669,51047732.0,0.002243189040476064,23618454.0,0.0010378650547254098
WSSV_BG-46-img-1_jpg.rf.a3f23f96783ebde9b37e9936ae3325f6.jpg,WSSV_BG,2,42018002,w1_only,9.790833925142174,0.6908790941045108,59.73785445969219,-55.624843162062746,8.974051475524902,1.2603943347930908,0.9955679178237915,True,False,0.352964848279953,0.09907083213329315,0.00042073567708333335,0.0038823920767754316,0.07565093040466309,0.1583930253982544,0.07485467940568924,22458740736.0,0.996021610930588,60583444.0,0.002686812239293445,29125022.0,0.001291664197553557
WSSV_BG-46-img-1_jpg.rf.a3f23f96783ebde9b37e9936ae3325f6.jpg,WSSV_BG,2,42018002,strong_only,9.790833925142174,0.6908790941045108,59.73785445969219,-55.624843162062746,8.974051475524902,1.2603943347930908,0.9955679178237915,True,False,0.3317715525627136,0.12461002916097641,0.1366552734375,0.001443388289771974,0.033961035311222076,0.1769474744796753,0.03330806642770767,21026764800.0,0.9978447201328856,33884232.0,0.0016080078090262258,11533290.0,0.0005473230257591224
WSSV_BG-46-img-1_jpg.rf.a3f23f96783ebde9b37e9936ae3325f6.jpg,WSSV_BG,2,42018002,w1_then_strong,9.790833925142174,0.6908790941045108,59.73785445969219,-55.624843162062746,8.974051475524902,1.2603943347930908,0.9955679178237915,True,False,0.3314167857170105,0.12505589425563812,0.13688557942708332,0.0016399635933339596,0.035926565527915955,0.18402200937271118,0.03525026515126228,21001984000.0,0.9976535641522896,36395108.0,0.0017288704349983082,13008739.0,0.0006179518481909562
WSSV_BG-46-img-1_jpg.rf.a3f23f96783ebde9b37e9936ae3325f6.jpg,WSSV_BG,2,42018002,strong_then_w1,9.790833925142174,0.6908790941045108,59.73785445969219,-55.624843162062746,8.974051475524902,1.2603943347930908,0.9955679178237915,True,False,0.3311901390552521,0.12548616528511047,0.13742268880208333,0.00173672242090106,0.037659335881471634,0.1863008290529251,0.036980532109737396,20991219712.0,0.9974782811710655,39180748.0,0.001861823453150499,13888657.0,0.0006599727839642788
WSSV_BG-46-img-1_jpg.rf.a3f23f96783ebde9b37e9936ae3325f6.jpg,WSSV_BG,3,42018003,original,-1.8822016629454943,0.6218466170236597,48.60935632643111,6.798529865634464,-6.717567443847656,1.220805048942566,0.7244337797164917,False,False,0.3549267053604126,0.09832549095153809,0.00022054036458333333,0.003153878962621093,0.06716208159923553,0.1493733674287796,0.06637097895145416,22682097664.0,0.9967187747908669,51047732.0,0.002243189040476064,23618454.0,0.0010378650547254098
WSSV_BG-46-img-1_jpg.rf.a3f23f96783ebde9b37e9936ae3325f6.jpg,WSSV_BG,3,42018003,w1_only,-1.8822016629454943,0.6218466170236597,48.60935632643111,6.798529865634464,-6.717567443847656,1.220805048942566,0.7244337797164917,False,False,0.352964848279953,0.09907083213329315,0.00042073567708333335,0.0038823920767754316,0.07565093040466309,0.1583930253982544,0.07485467940568924,22458740736.0,0.996021610930588,60583444.0,0.002686812239293445,29125022.0,0.001291664197553557
WSSV_BG-46-img-1_jpg.rf.a3f23f96783ebde9b37e9936ae3325f6.jpg,WSSV_BG,3,42018003,strong_only,-1.8822016629454943,0.6218466170236597,48.60935632643111,6.798529865634464,-6.717567443847656,1.220805048942566,0.7244337797164917,False,False,0.3129340410232544,0.05422365665435791,0.10912516276041667,0.0006310964236035943,0.02251473255455494,0.14082206785678864,0.022076686844229698,16903378944.0,0.9988501899528313,14780165.0,0.000873385769004753,4678372.5,0.0002764532035740595
WSSV_BG-46-img-1_jpg.rf.a3f23f96783ebde9b37e9936ae3325f6.jpg,WSSV_BG,3,42018003,w1_then_strong,-1.8822016629454943,0.6218466170236597,48.60935632643111,6.798529865634464,-6.717567443847656,1.220805048942566,0.7244337797164917,False,False,0.312570184469223,0.054575562477111816,0.10934733072916666,0.0007547776913270354,0.02392735704779625,0.14599303901195526,0.023475391790270805,16868912128.0,0.9986880416276553,16519835.0,0.000978021673180536,5637842.5,0.0003337764665917266
WSSV_BG-46-img-1_jpg.rf.a3f23f96783ebde9b37e9936ae3325f6.jpg,WSSV_BG,3,42018003,strong_then_w1,-1.8822016629454943,0.6218466170236597,48.60935632643111,6.798529865634464,-6.717567443847656,1.220805048942566,0.7244337797164917,False,False,0.31229403614997864,0.05482513830065727,0.10973470052083334,0.0007818493177182972,0.025384806096553802,0.14847101271152496,0.024929063394665718,16843435008.0,0.9986210020884102,17455368.0,0.001034901555158004,5806144.0,0.00034423722576752973
WSSV_BG-46-img-1_jpg.rf.a3f23f96783ebde9b37e9936ae3325f6.jpg,WSSV_BG,4,42018004,original,-6.373465040220139,1.477565039352617,-59.116200475231494,-26.16401412751094,-6.399397850036621,1.3377349376678467,1.1463431119918823,False,False,0.3549267053604126,0.09832549095153809,0.00022054036458333333,0.003153878962621093,0.06716208159923553,0.1493733674287796,0.06637097895145416,22682097664.0,0.9967187747908669,51047732.0,0.002243189040476064,23618454.0,0.0010378650547254098
WSSV_BG-46-img-1_jpg.rf.a3f23f96783ebde9b37e9936ae3325f6.jpg,WSSV_BG,4,42018004,w1_only,-6.373465040220139,1.477565039352617,-59.116200475231494,-26.16401412751094,-6.399397850036621,1.3377349376678467,1.1463431119918823,False,False,0.352964848279953,0.09907083213329315,0.00042073567708333335,0.0038823920767754316,0.07565093040466309,0.1583930253982544,0.07485467940568924,22458740736.0,0.996021610930588,60583444.0,0.002686812239293445,29125022.0,0.001291664197553557
WSSV_BG-46-img-1_jpg.rf.a3f23f96783ebde9b37e9936ae3325f6.jpg,WSSV_BG,4,42018004,strong_only,-6.373465040220139,1.477565039352617,-59.116200475231494,-26.16401412751094,-6.399397850036621,1.3377349376678467,1.1463431119918823,False,False,0.470784068107605,0.14770549535751343,0.3134716796875,0.0010776851559057832,0.07501338422298431,0.12784074246883392,0.07389185577630997,40774148096.0,0.9982682328684769,61412792.0,0.001503561501788276,9326556.0,0.00022834087311764714
WSSV_BG-46-img-1_jpg.rf.a3f23f96783ebde9b37e9936ae3325f6.jpg,WSSV_BG,4,42018004,w1_then_strong,-6.373465040220139,1.477565039352617,-59.116200475231494,-26.16401412751094,-6.399397850036621,1.3377349376678467,1.1463431119918823,False,False,0.46942439675331116,0.14873361587524414,0.31054606119791667,0.0013071432476863265,0.0823839008808136,0.13587766885757446,0.0812482237815857,40598183936.0,0.997950769123579,72421720.0,0.0017802104470777795,10943726.0,0.00026900956446707867
WSSV_BG-46-img-1_jpg.rf.a3f23f96783ebde9b37e9936ae3325f6.jpg,WSSV_BG,4,42018004,strong_then_w1,-6.373465040220139,1.477565039352617,-59.116200475231494,-26.16401412751094,-6.399397850036621,1.3377349376678467,1.1463431119918823,False,False,0.4695647954940796,0.1486179232597351,0.31418294270833336,0.0013087920378893614,0.08169330656528473,0.1351660192012787,0.08055807650089264,40614514688.0,0.9979508883492806,71983984.0,0.0017687391153524054,11406263.0,0.00028026655940711583
WSSV_BG-46-img-1_jpg.rf.a3f23f96783ebde9b37e9936ae3325f6.jpg,WSSV_BG,5,42018005,original,-8.900113687253445,1.300501938096697,37.42140619708823,-45.43585316279723,-5.853702068328857,1.2695112228393555,1.0692458152770996,False,False,0.3549267053604126,0.09832549095153809,0.00022054036458333333,0.003153878962621093,0.06716208159923553,0.1493733674287796,0.06637097895145416,22682097664.0,0.9967187747908669,51047732.0,0.002243189040476064,23618454.0,0.0010378650547254098
WSSV_BG-46-img-1_jpg.rf.a3f23f96783ebde9b37e9936ae3325f6.jpg,WSSV_BG,5,42018005,w1_only,-8.900113687253445,1.300501938096697,37.42140619708823,-45.43585316279723,-5.853702068328857,1.2695112228393555,1.0692458152770996,False,False,0.352964848279953,0.09907083213329315,0.00042073567708333335,0.0038823920767754316,0.07565093040466309,0.1583930253982544,0.07485467940568924,22458740736.0,0.996021610930588,60583444.0,0.002686812239293445,29125022.0,0.001291664197553557
WSSV_BG-46-img-1_jpg.rf.a3f23f96783ebde9b37e9936ae3325f6.jpg,WSSV_BG,5,42018005,strong_only,-8.900113687253445,1.300501938096697,37.42140619708823,-45.43585316279723,-5.853702068328857,1.2695112228393555,1.0692458152770996,False,False,0.4196983277797699,0.13895756006240845,0.25867431640625,0.0010897036409005523,0.07039167732000351,0.12795375287532806,0.06944926828145981,32728539136.0,0.9980626729667059,54005432.0,0.0016469053382634205,9519741.0,0.0002903062097861777
WSSV_BG-46-img-1_jpg.rf.a3f23f96783ebde9b37e9936ae3325f6.jpg,WSSV_BG,5,42018005,w1_then_strong,-8.900113687253445,1.300501938096697,37.42140619708823,-45.43585316279723,-5.853702068328857,1.2695112228393555,1.0692458152770996,False,False,0.41834452748298645,0.1397959291934967,0.2591935221354167,0.0013139800867065787,0.07691692560911179,0.13560239970684052,0.07595612853765488,32566329344.0,0.9977148251635138,63451048.0,0.0019439111664399228,11140505.0,0.00034130487599321905
WSSV_BG-46-img-1_jpg.rf.a3f23f96783ebde9b37e9936ae3325f6.jpg,WSSV_BG,5,42018005,strong_then_w1,-8.900113687253445,1.300501938096697,37.42140619708823,-45.43585316279723,-5.853702068328857,1.2695112228393555,1.0692458152770996,False,False,0.4182076156139374,0.13968203961849213,0.2595369466145833,0.0013396888971328735,0.07787218689918518,0.13535085320472717,0.07693112641572952,32540987392.0,0.997689181107872,63635088.0,0.0019510175911888743,11736572.0,0.0003598369885534658
WSSV_BG-46-img-1_jpg.rf.a3f23f96783ebde9b37e9936ae3325f6.jpg,WSSV_BG,6,42018006,original,4.12165298849089,1.479813006644616,30.158123550525318,-43.577280367330104,-4.934521675109863,1.1762752532958984,1.361496090888977,True,False,0.3549267053604126,0.09832549095153809,0.00022054036458333333,0.003153878962621093,0.06716208159923553,0.1493733674287796,0.06637097895145416,22682097664.0,0.9967187747908669,51047732.0,0.002243189040476064,23618454.0,0.0010378650547254098
WSSV_BG-46-img-1_jpg.rf.a3f23f96783ebde9b37e9936ae3325f6.jpg,WSSV_BG,6,42018006,w1_only,4.12165298849089,1.479813006644616,30.158123550525318,-43.577280367330104,-4.934521675109863,1.1762752532958984,1.361496090888977,True,False,0.352964848279953,0.09907083213329315,0.00042073567708333335,0.0038823920767754316,0.07565093040466309,0.1583930253982544,0.07485467940568924,22458740736.0,0.996021610930588,60583444.0,0.002686812239293445,29125022.0,0.001291664197553557
WSSV_BG-46-img-1_jpg.rf.a3f23f96783ebde9b37e9936ae3325f6.jpg,WSSV_BG,6,42018006,strong_only,4.12165298849089,1.479813006644616,30.158123550525318,-43.577280367330104,-4.934521675109863,1.1762752532958984,1.361496090888977,True,False,0.46553024649620056,0.14414675533771515,0.46842529296875,0.0013964729150757194,0.07683509588241577,0.1481018215417862,0.0753188505768776,39756673024.0,0.9977747431965037,76740552.0,0.0019259605681374518,11922097.0,0.00029920932431538687
WSSV_BG-46-img-1_jpg.rf.a3f23f96783ebde9b37e9936ae3325f6.jpg,WSSV_BG,6,42018006,w1_then_strong,4.12165298849089,1.479813006644616,30.158123550525318,-43.577280367330104,-4.934521675109863,1.1762752532958984,1.361496090888977,True,False,0.46460574865341187,0.1459694504737854,0.46909505208333335,0.001673129852861166,0.08327716588973999,0.1573309302330017,0.0817016065120697,39685763072.0,0.9973858132061367,90097112.0,0.00226432791922415,13932905.0,0.00035016289742336864
WSSV_BG-46-img-1_jpg.rf.a3f23f96783ebde9b37e9936ae3325f6.jpg,WSSV_BG,6,42018006,strong_then_w1,4.12165298849089,1.479813006644616,30.158123550525318,-43.577280367330104,-4.934521675109863,1.1762752532958984,1.361496090888977,True,False,0.4646913409233093,0.14542479813098907,0.46881754557291666,0.0016661800909787416,0.08152364939451218,0.15624845027923584,0.07993385195732117,39672553472.0,0.9973866910512343,89618664.0,0.002253055448182279,14329936.0,0.00036026134441039393
WSSV_BG-46-img-1_jpg.rf.a3f23f96783ebde9b37e9936ae3325f6.jpg,WSSV_BG,7,42018007,original,7.35673998933169,0.9735562363249396,30.459538501855548,-27.9762250451422,6.910568714141846,1.0179026126861572,1.343955397605896,False,False,0.3549267053604126,0.09832549095153809,0.00022054036458333333,0.003153878962621093,0.06716208159923553,0.1493733674287796,0.06637097895145416,22682097664.0,0.9967187747908669,51047732.0,0.002243189040476064,23618454.0,0.0010378650547254098
WSSV_BG-46-img-1_jpg.rf.a3f23f96783ebde9b37e9936ae3325f6.jpg,WSSV_BG,7,42018007,w1_only,7.35673998933169,0.9735562363249396,30.459538501855548,-27.9762250451422,6.910568714141846,1.0179026126861572,1.343955397605896,False,False,0.352964848279953,0.09907083213329315,0.00042073567708333335,0.0038823920767754316,0.07565093040466309,0.1583930253982544,0.07485467940568924,22458740736.0,0.996021610930588,60583444.0,0.002686812239293445,29125022.0,0.001291664197553557
WSSV_BG-46-img-1_jpg.rf.a3f23f96783ebde9b37e9936ae3325f6.jpg,WSSV_BG,7,42018007,strong_only,7.35673998933169,0.9735562363249396,30.459538501855548,-27.9762250451422,6.910568714141846,1.0179026126861572,1.343955397605896,False,False,0.36988556385040283,0.11799949407577515,0.21159912109375,0.002278247382491827,0.07081025838851929,0.18779535591602325,0.06974415481090546,25192562688.0,0.9961528317100541,76154200.0,0.0030112546673446944,21140946.0,0.0008359456512520931
WSSV_BG-46-img-1_jpg.rf.a3f23f96783ebde9b37e9936ae3325f6.jpg,WSSV_BG,7,42018007,w1_then_strong,7.35673998933169,0.9735562363249396,30.459538501855548,-27.9762250451422,6.910568714141846,1.0179026126861572,1.343955397605896,False,False,0.3681463599205017,0.11913996189832687,0.21161051432291667,0.002704806625843048,0.07723096013069153,0.19754883646965027,0.07613449543714523,25009973248.0,0.9956250679748714,85511976.0,0.0034041566567638726,24388346.0,0.0009708786332263047
WSSV_BG-46-img-1_jpg.rf.a3f23f96783ebde9b37e9936ae3325f6.jpg,WSSV_BG,7,42018007,strong_then_w1,7.35673998933169,0.9735562363249396,30.459538501855548,-27.9762250451422,6.910568714141846,1.0179026126861572,1.343955397605896,False,False,0.368074506521225,0.11922162771224976,0.21237548828125,0.002801270689815283,0.07945455610752106,0.1975613534450531,0.07837821543216705,24998367232.0,0.9953855638425746,89850584.0,0.0035776726290323107,26039062.0,0.0010368239721522047
WSSV_BG-46-img-1_jpg.rf.a3f23f96783ebde9b37e9936ae3325f6.jpg,WSSV_BG,8,42018008,original,-3.29811987008285,0.7976994064593789,-8.224822004166924,-6.853206957223449,-4.74675178527832,0.7663493752479553,0.6892964243888855,False,True,0.3549267053604126,0.09832549095153809,0.00022054036458333333,0.003153878962621093,0.06716208159923553,0.1493733674287796,0.06637097895145416,22682097664.0,0.9967187747908669,51047732.0,0.002243189040476064,23618454.0,0.0010378650547254098
WSSV_BG-46-img-1_jpg.rf.a3f23f96783ebde9b37e9936ae3325f6.jpg,WSSV_BG,8,42018008,w1_only,-3.29811987008285,0.7976994064593789,-8.224822004166924,-6.853206957223449,-4.74675178527832,0.7663493752479553,0.6892964243888855,False,True,0.352964848279953,0.09907083213329315,0.00042073567708333335,0.0038823920767754316,0.07565093040466309,0.1583930253982544,0.07485467940568924,22458740736.0,0.996021610930588,60583444.0,0.002686812239293445,29125022.0,0.001291664197553557
WSSV_BG-46-img-1_jpg.rf.a3f23f96783ebde9b37e9936ae3325f6.jpg,WSSV_BG,8,42018008,strong_only,-3.29811987008285,0.7976994064593789,-8.224822004166924,-6.853206957223449,-4.74675178527832,0.7663493752479553,0.6892964243888855,False,True,0.32369711995124817,0.07536949962377548,0.0,0.0007103189709596336,0.03635920584201813,0.1133338063955307,0.035890307277441025,18505738240.0,0.9985734199706174,21434986.0,0.0011566362281498642,5007282.5,0.0002701939877208608
WSSV_BG-46-img-1_jpg.rf.a3f23f96783ebde9b37e9936ae3325f6.jpg,WSSV_BG,8,42018008,w1_then_strong,-3.29811987008285,0.7976994064593789,-8.224822004166924,-6.853206957223449,-4.74675178527832,0.7663493752479553,0.6892964243888855,False,True,0.3228141665458679,0.07551834732294083,0.0,0.0008581746951676905,0.039206210523843765,0.11835857480764389,0.03872404992580414,18409547776.0,0.9983390700480409,24524250.0,0.0013299358157262357,6101566.0,0.00033088437588988306
WSSV_BG-46-img-1_jpg.rf.a3f23f96783ebde9b37e9936ae3325f6.jpg,WSSV_BG,8,42018008,strong_then_w1,-3.29811987008285,0.7976994064593789,-8.224822004166924,-6.853206957223449,-4.74675178527832,0.7663493752479553,0.6892964243888855,False,True,0.32234808802604675,0.07571118324995041,7.32421875e-06,0.0009172341087833047,0.04193223640322685,0.1204003393650055,0.04145423322916031,18362560512.0,0.9982572432734967,25554876.0,0.001389258325454391,6506968.5,0.00035374306500624264
WSSV_BG-46-img-1_jpg.rf.a3f23f96783ebde9b37e9936ae3325f6.jpg,WSSV_BG,9,42018009,original,-0.26161132591593095,1.0185277075292614,-61.63634568187467,31.62652910232896,4.726109504699707,0.6531590223312378,1.3925645351409912,False,False,0.3549267053604126,0.09832549095153809,0.00022054036458333333,0.003153878962621093,0.06716208159923553,0.1493733674287796,0.06637097895145416,22682097664.0,0.9967187747908669,51047732.0,0.002243189040476064,23618454.0,0.0010378650547254098
WSSV_BG-46-img-1_jpg.rf.a3f23f96783ebde9b37e9936ae3325f6.jpg,WSSV_BG,9,42018009,w1_only,-0.26161132591593095,1.0185277075292614,-61.63634568187467,31.62652910232896,4.726109504699707,0.6531590223312378,1.3925645351409912,False,False,0.352964848279953,0.09907083213329315,0.00042073567708333335,0.0038823920767754316,0.07565093040466309,0.1583930253982544,0.07485467940568924,22458740736.0,0.996021610930588,60583444.0,0.002686812239293445,29125022.0,0.001291664197553557
WSSV_BG-46-img-1_jpg.rf.a3f23f96783ebde9b37e9936ae3325f6.jpg,WSSV_BG,9,42018009,strong_only,-0.26161132591593095,1.0185277075292614,-61.63634568187467,31.62652910232896,4.726109504699707,0.6531590223312378,1.3925645351409912,False,False,0.5623431205749512,0.12905219197273254,0.21477864583333334,0.00213912152685225,0.0693463534116745,0.1935315579175949,0.068102166056633,55750131712.0,0.9982349022610222,81722392.0,0.001463281636931049,16852146.0,0.00030174637796555234
WSSV_BG-46-img-1_jpg.rf.a3f23f96783ebde9b37e9936ae3325f6.jpg,WSSV_BG,9,42018009,w1_then_strong,-0.26161132591593095,1.0185277075292614,-61.63634568187467,31.62652910232896,4.726109504699707,0.6531590223312378,1.3925645351409912,False,False,0.5609118342399597,0.13038235902786255,0.21462239583333334,0.0025473095010966063,0.07508990168571472,0.2038993388414383,0.07379940152168274,55522947072.0,0.9979522531546638,94007776.0,0.0016896666481266375,19917678.0,0.00035799417512787096
WSSV_BG-46-img-1_jpg.rf.a3f23f96783ebde9b37e9936ae3325f6.jpg,WSSV_BG,9,42018009,strong_then_w1,-0.26161132591593095,1.0185277075292614,-61.63634568187467,31.62652910232896,4.726109504699707,0.6531590223312378,1.3925645351409912,False,False,0.5604391098022461,0.12995217740535736,0.21495849609375,0.0026227026246488094,0.07776349782943726,0.2037631720304489,0.07650113850831985,55412301824.0,0.9978958347471254,96065280.0,0.001729997484679411,20782928.0,0.00037427063309734067
WSSV_BG-46-img-1_jpg.rf.a3f23f96783ebde9b37e9936ae3325f6.jpg,WSSV_BG,10,42018010,original,1.9396482124476613,1.1022567663629836,-46.194564496583666,-31.372750429608914,0.2865343689918518,1.2179651260375977,1.375211477279663,False,False,0.3549267053604126,0.09832549095153809,0.00022054036458333333,0.003153878962621093,0.06716208159923553,0.1493733674287796,0.06637097895145416,22682097664.0,0.9967187747908669,51047732.0,0.002243189040476064,23618454.0,0.0010378650547254098
WSSV_BG-46-img-1_jpg.rf.a3f23f96783ebde9b37e9936ae3325f6.jpg,WSSV_BG,10,42018010,w1_only,1.9396482124476613,1.1022567663629836,-46.194564496583666,-31.372750429608914,0.2865343689918518,1.2179651260375977,1.375211477279663,False,False,0.352964848279953,0.09907083213329315,0.00042073567708333335,0.0038823920767754316,0.07565093040466309,0.1583930253982544,0.07485467940568924,22458740736.0,0.996021610930588,60583444.0,0.002686812239293445,29125022.0,0.001291664197553557
WSSV_BG-46-img-1_jpg.rf.a3f23f96783ebde9b37e9936ae3325f6.jpg,WSSV_BG,10,42018010,strong_only,1.9396482124476613,1.1022567663629836,-46.194564496583666,-31.372750429608914,0.2865343689918518,1.2179651260375977,1.375211477279663,False,False,0.39346304535865784,0.1124769076704979,0.486708984375,0.0020516393706202507,0.06695255637168884,0.17781445384025574,0.06565847992897034,27998949376.0,0.9965515607562541,79621768.0,0.002833934806089074,17268508.0,0.0006146287265365374
WSSV_BG-46-img-1_jpg.rf.a3f23f96783ebde9b37e9936ae3325f6.jpg,WSSV_BG,10,42018010,w1_then_strong,1.9396482124476613,1.1022567663629836,-46.194564496583666,-31.372750429608914,0.2865343689918518,1.2179651260375977,1.375211477279663,False,False,0.3927450478076935,0.11370344460010529,0.48585205078125,0.0024245595559477806,0.07241034507751465,0.187727153301239,0.07106427103281021,27936628736.0,0.9960403529422073,90971136.0,0.00324344512952021,20080670.0,0.0007159474331397004
WSSV_BG-46-img-1_jpg.rf.a3f23f96783ebde9b37e9936ae3325f6.jpg,WSSV_BG,10,42018010,strong_then_w1,1.9396482124476613,1.1022567663629836,-46.194564496583666,-31.372750429608914,0.2865343689918518,1.2179651260375977,1.375211477279663,False,False,0.39246928691864014,0.11365770548582077,0.48736002604166667,0.002459670417010784,0.07227945327758789,0.1870284378528595,0.07094001770019531,27896522752.0,0.9959628745906409,92435704.0,0.0033001435443795347,20644988.0,0.0007370682639253006
WSSV_BG-46-img-1_jpg.rf.a3f23f96783ebde9b37e9936ae3325f6.jpg,WSSV_BG,11,42018011,original,7.383137423565859,0.9007264915743826,-13.21005408607516,35.995181674201206,-7.9796295166015625,0.9633010625839233,0.7525495290756226,False,False,0.3549267053604126,0.09832549095153809,0.00022054036458333333,0.003153878962621093,0.06716208159923553,0.1493733674287796,0.06637097895145416,22682097664.0,0.9967187747908669,51047732.0,0.002243189040476064,23618454.0,0.0010378650547254098
WSSV_BG-46-img-1_jpg.rf.a3f23f96783ebde9b37e9936ae3325f6.jpg,WSSV_BG,11,42018011,w1_only,7.383137423565859,0.9007264915743826,-13.21005408607516,35.995181674201206,-7.9796295166015625,0.9633010625839233,0.7525495290756226,False,False,0.352964848279953,0.09907083213329315,0.00042073567708333335,0.0038823920767754316,0.07565093040466309,0.1583930253982544,0.07485467940568924,22458740736.0,0.996021610930588,60583444.0,0.002686812239293445,29125022.0,0.001291664197553557
WSSV_BG-46-img-1_jpg.rf.a3f23f96783ebde9b37e9936ae3325f6.jpg,WSSV_BG,11,42018011,strong_only,7.383137423565859,0.9007264915743826,-13.21005408607516,35.995181674201206,-7.9796295166015625,0.9633010625839233,0.7525495290756226,False,False,0.3435432016849518,0.08832871168851852,0.0,0.00081456737825647,0.04502684623003006,0.11328846216201782,0.044494614005088806,21078185984.0,0.9985050679641566,25651446.0,0.0012151472072146649,5902099.5,0.00027959124503655933
WSSV_BG-46-img-1_jpg.rf.a3f23f96783ebde9b37e9936ae3325f6.jpg,WSSV_BG,11,42018011,w1_then_strong,7.383137423565859,0.9007264915743826,-13.21005408607516,35.995181674201206,-7.9796295166015625,0.9633010625839233,0.7525495290756226,False,False,0.3423689901828766,0.08863911032676697,4.8828125e-06,0.000990728847682476,0.04898396134376526,0.11874635517597198,0.048440009355545044,20946780160.0,0.9982339475396044,29840528.0,0.001422071928696181,7213718.5,0.00034377496873937087
WSSV_BG-46-img-1_jpg.rf.a3f23f96783ebde9b37e9936ae3325f6.jpg,WSSV_BG,11,42018011,strong_then_w1,7.383137423565859,0.9007264915743826,-13.21005408607516,35.995181674201206,-7.9796295166015625,0.9633010625839233,0.7525495290756226,False,False,0.3418358564376831,0.08877576887607574,3.987630208333333e-05,0.0010512080043554306,0.05194127932190895,0.12028778344392776,0.05140838027000427,20888397824.0,0.998169818813922,30639754.0,0.0014641466500385982,7661686.0,0.0003661201682803206
WSSV_BG-4-img-2_jpg.rf.31ae5fc52e438d7b99a716254264916e.jpg,WSSV_BG,0,42019000,original,-1.4255790970225881,1.1140574653959732,-5.45396883860974,49.51804571376664,-2.6941609382629395,1.483497977256775,1.2672107219696045,True,True,0.41189536452293396,0.11832985281944275,0.03431722005208333,0.07375819981098175,0.2768339514732361,0.27938202023506165,0.27678340673446655,30061686784.0,0.975617274801358,245614992.0,0.007971150483576182,505691264.0,0.016411625083430782
WSSV_BG-4-img-2_jpg.rf.31ae5fc52e438d7b99a716254264916e.jpg,WSSV_BG,0,42019000,w1_only,-1.4255790970225881,1.1140574653959732,-5.45396883860974,49.51804571376664,-2.6941609382629395,1.483497977256775,1.2672107219696045,True,True,0.41033345460891724,0.12216966599225998,0.045633951822916664,0.08781589567661285,0.30062663555145264,0.297218918800354,0.3006943464279175,29860657152.0,0.9710005113929274,289430176.0,0.009411609646699345,602372672.0,0.01958778634990451
WSSV_BG-4-img-2_jpg.rf.31ae5fc52e438d7b99a716254264916e.jpg,WSSV_BG,0,42019000,strong_only,-1.4255790970225881,1.1140574653959732,-5.45396883860974,49.51804571376664,-2.6941609382629395,1.483497977256775,1.2672107219696045,True,True,0.5019476413726807,0.12073570489883423,0.39471923828125,0.00952409952878952,0.17077426612377167,0.2891314923763275,0.16784481704235077,44454625280.0,0.9941534341784337,187898656.0,0.004202039561988007,73537448.0,0.001644542182268913
WSSV_BG-4-img-2_jpg.rf.31ae5fc52e438d7b99a716254264916e.jpg,WSSV_BG,0,42019000,w1_then_strong,-1.4255790970225881,1.1140574653959732,-5.45396883860974,49.51804571376664,-2.6941609382629395,1.483497977256775,1.2672107219696045,True,True,0.5001499652862549,0.12268563359975815,0.39075358072916666,0.01171477884054184,0.18737268447875977,0.30594170093536377,0.18443797528743744,44181090304.0,0.9929790709738356,221442768.0,0.00497697165301977,90942184.0,0.0020439442476247772
WSSV_BG-4-img-2_jpg.rf.31ae5fc52e438d7b99a716254264916e.jpg,WSSV_BG,0,42019000,strong_then_w1,-1.4255790970225881,1.1140574653959732,-5.45396883860974,49.51804571376664,-2.6941609382629395,1.483497977256775,1.2672107219696045,True,True,0.5006920695304871,0.12249875068664551,0.3971940104166667,0.01137729175388813,0.18334327638149261,0.3056226968765259,0.18031679093837738,44269248512.0,0.9931002557012709,219595712.0,0.004926231302051307,87981312.0,0.0019737010765034533
WSSV_BG-4-img-2_jpg.rf.31ae5fc52e438d7b99a716254264916e.jpg,WSSV_BG,1,42019001,original,-0.5900370467240243,0.7129628173399416,-53.30790200722686,-59.21108607935338,3.7604198455810547,0.9193693399429321,1.0615837574005127,False,True,0.41189536452293396,0.11832985281944275,0.03431722005208333,0.07375819981098175,0.2768339514732361,0.27938202023506165,0.27678340673446655,30061686784.0,0.975617274801358,245614992.0,0.007971150483576182,505691264.0,0.016411625083430782
WSSV_BG-4-img-2_jpg.rf.31ae5fc52e438d7b99a716254264916e.jpg,WSSV_BG,1,42019001,w1_only,-0.5900370467240243,0.7129628173399416,-53.30790200722686,-59.21108607935338,3.7604198455810547,0.9193693399429321,1.0615837574005127,False,True,0.41033345460891724,0.12216966599225998,0.045633951822916664,0.08781589567661285,0.30062663555145264,0.297218918800354,0.3006943464279175,29860657152.0,0.9710005113929274,289430176.0,0.009411609646699345,602372672.0,0.01958778634990451
WSSV_BG-4-img-2_jpg.rf.31ae5fc52e438d7b99a716254264916e.jpg,WSSV_BG,1,42019001,strong_only,-0.5900370467240243,0.7129628173399416,-53.30790200722686,-59.21108607935338,3.7604198455810547,0.9193693399429321,1.0615837574005127,False,True,0.45082923769950867,0.08355521410703659,0.0025927734375,0.019171210005879402,0.11866118758916855,0.3302305042743683,0.11654835194349289,35030208512.0,0.9931876337104419,103678936.0,0.0029395382295878112,136596128.0,0.0038728169458613084
WSSV_BG-4-img-2_jpg.rf.31ae5fc52e438d7b99a716254264916e.jpg,WSSV_BG,1,42019001,w1_then_strong,-0.5900370467240243,0.7129628173399416,-53.30790200722686,-59.21108607935338,3.7604198455810547,0.9193693399429321,1.0615837574005127,False,True,0.4499668478965759,0.08534932881593704,0.0029801432291666667,0.022717619314789772,0.12729257345199585,0.34530317783355713,0.12511543929576874,34910535680.0,0.9920303107052136,118352176.0,0.003363137907883232,162104288.0,0.00460641362439522
WSSV_BG-4-img-2_jpg.rf.31ae5fc52e438d7b99a716254264916e.jpg,WSSV_BG,1,42019001,strong_then_w1,-0.5900370467240243,0.7129628173399416,-53.30790200722686,-59.21108607935338,3.7604198455810547,0.9193693399429321,1.0615837574005127,False,True,0.44970884919166565,0.08578271418809891,0.00345458984375,0.023177271708846092,0.12925013899803162,0.3503134846687317,0.1270425021648407,34876628992.0,0.9918135910858404,122640904.0,0.0034876339521848535,165232656.0,0.004698848445175196
WSSV_BG-4-img-2_jpg.rf.31ae5fc52e438d7b99a716254264916e.jpg,WSSV_BG,2,42019002,original,4.14294149460228,1.3917929045479478,-50.387853673581446,7.310002671137511,-7.6135993003845215,0.6559692025184631,1.2648417949676514,False,False,0.41189536452293396,0.11832985281944275,0.03431722005208333,0.07375819981098175,0.2768339514732361,0.27938202023506165,0.27678340673446655,30061686784.0,0.975617274801358,245614992.0,0.007971150483576182,505691264.0,0.016411625083430782
WSSV_BG-4-img-2_jpg.rf.31ae5fc52e438d7b99a716254264916e.jpg,WSSV_BG,2,42019002,w1_only,4.14294149460228,1.3917929045479478,-50.387853673581446,7.310002671137511,-7.6135993003845215,0.6559692025184631,1.2648417949676514,False,False,0.41033345460891724,0.12216966599225998,0.045633951822916664,0.08781589567661285,0.30062663555145264,0.297218918800354,0.3006943464279175,29860657152.0,0.9710005113929274,289430176.0,0.009411609646699345,602372672.0,0.01958778634990451
WSSV_BG-4-img-2_jpg.rf.31ae5fc52e438d7b99a716254264916e.jpg,WSSV_BG,2,42019002,strong_only,4.14294149460228,1.3917929045479478,-50.387853673581446,7.310002671137511,-7.6135993003845215,0.6559692025184631,1.2648417949676514,False,False,0.6695488691329956,0.19946837425231934,0.12102132161458333,0.01083279401063919,0.2383996993303299,0.2670697569847107,0.23727500438690186,81509179392.0,0.9953887301300678,288400832.0,0.0035219461179008087,89183248.0,0.001089104327117146
WSSV_BG-4-img-2_jpg.rf.31ae5fc52e438d7b99a716254264916e.jpg,WSSV_BG,2,42019002,w1_then_strong,4.14294149460228,1.3917929045479478,-50.387853673581446,7.310002671137511,-7.6135993003845215,0.6559692025184631,1.2648417949676514,False,False,0.6670007109642029,0.2013172209262848,0.11696695963541667,0.013227902352809906,0.26119959354400635,0.28436312079429626,0.26029080152511597,80986636288.0,0.9944363827374365,344104576.0,0.004225266359056605,108994608.0,0.001338346777756777
WSSV_BG-4-img-2_jpg.rf.31ae5fc52e438d7b99a716254264916e.jpg,WSSV_BG,2,42019002,strong_then_w1,4.14294149460228,1.3917929045479478,-50.387853673581446,7.310002671137511,-7.6135993003845215,0.6559692025184631,1.2648417949676514,False,False,0.6676406860351562,0.20112675428390503,0.12177571614583334,0.013069846667349339,0.2574772536754608,0.2820606529712677,0.25651293992996216,81122631680.0,0.9945133704458148,339629632.0,0.0041636495639830766,107923840.0,0.0013230796344630476
WSSV_BG-4-img-2_jpg.rf.31ae5fc52e438d7b99a716254264916e.jpg,WSSV_BG,3,42019003,original,-8.962046286988254,0.5240003100695526,-61.10857786083079,23.107662646105723,-7.993319988250732,1.1773126125335693,0.9398539662361145,False,True,0.41189536452293396,0.11832985281944275,0.03431722005208333,0.07375819981098175,0.2768339514732361,0.27938202023506165,0.27678340673446655,30061686784.0,0.975617274801358,245614992.0,0.007971150483576182,505691264.0,0.016411625083430782
WSSV_BG-4-img-2_jpg.rf.31ae5fc52e438d7b99a716254264916e.jpg,WSSV_BG,3,42019003,w1_only,-8.962046286988254,0.5240003100695526,-61.10857786083079,23.107662646105723,-7.993319988250732,1.1773126125335693,0.9398539662361145,False,True,0.41033345460891724,0.12216966599225998,0.045633951822916664,0.08781589567661285,0.30062663555145264,0.297218918800354,0.3006943464279175,29860657152.0,0.9710005113929274,289430176.0,0.009411609646699345,602372672.0,0.01958778634990451
WSSV_BG-4-img-2_jpg.rf.31ae5fc52e438d7b99a716254264916e.jpg,WSSV_BG,3,42019003,strong_only,-8.962046286988254,0.5240003100695526,-61.10857786083079,23.107662646105723,-7.993319988250732,1.1773126125335693,0.9398539662361145,False,True,0.42935362458229065,0.06122471019625664,0.058878580729166664,0.008708678185939789,0.05712045729160309,0.3349469304084778,0.05562906339764595,31444672512.0,0.9964467234033992,52814640.0,0.0016736372419094668,59312268.0,0.0018795398515812117
WSSV_BG-4-img-2_jpg.rf.31ae5fc52e438d7b99a716254264916e.jpg,WSSV_BG,3,42019003,w1_then_strong,-8.962046286988254,0.5240003100695526,-61.10857786083079,23.107662646105723,-7.993319988250732,1.1773126125335693,0.9398539662361145,False,True,0.4289523661136627,0.06202026456594467,0.05899251302083333,0.01039497833698988,0.061012472957372665,0.34770920872688293,0.05947348475456238,31385802752.0,0.9958859292007335,58783900.0,0.0018652401321744914,70873080.0,0.002248835363200014
WSSV_BG-4-img-2_jpg.rf.31ae5fc52e438d7b99a716254264916e.jpg,WSSV_BG,3,42019003,strong_then_w1,-8.962046286988254,0.5240003100695526,-61.10857786083079,23.107662646105723,-7.993319988250732,1.1773126125335693,0.9398539662361145,False,True,0.42887240648269653,0.062362007796764374,0.05975992838541667,0.010419866070151329,0.06212382763624191,0.3567294478416443,0.060542378574609756,31377702912.0,0.9957677829741882,62325740.0,0.001977900170579118,71034112.0,0.0022542593516215958
WSSV_BG-4-img-2_jpg.rf.31ae5fc52e438d7b99a716254264916e.jpg,WSSV_BG,4,42019004,original,-5.511811872753749,0.7524946701430884,8.660634081260469,-60.041211235451556,2.513145923614502,0.8737600445747375,0.8234043121337891,False,False,0.41189536452293396,0.11832985281944275,0.03431722005208333,0.07375819981098175,0.2768339514732361,0.27938202023506165,0.27678340673446655,30061686784.0,0.975617274801358,245614992.0,0.007971150483576182,505691264.0,0.016411625083430782
WSSV_BG-4-img-2_jpg.rf.31ae5fc52e438d7b99a716254264916e.jpg,WSSV_BG,4,42019004,w1_only,-5.511811872753749,0.7524946701430884,8.660634081260469,-60.041211235451556,2.513145923614502,0.8737600445747375,0.8234043121337891,False,False,0.41033345460891724,0.12216966599225998,0.045633951822916664,0.08781589567661285,0.30062663555145264,0.297218918800354,0.3006943464279175,29860657152.0,0.9710005113929274,289430176.0,0.009411609646699345,602372672.0,0.01958778634990451
WSSV_BG-4-img-2_jpg.rf.31ae5fc52e438d7b99a716254264916e.jpg,WSSV_BG,4,42019004,strong_only,-5.511811872753749,0.7524946701430884,8.660634081260469,-60.041211235451556,2.513145923614502,0.8737600445747375,0.8234043121337891,False,False,0.3580487072467804,0.06816001236438751,0.0,0.012521044351160526,0.10283218324184418,0.24967844784259796,0.1011943519115448,22127345664.0,0.992808448618721,71318560.0,0.0031999169709052895,88970120.0,0.003991906130626868
WSSV_BG-4-img-2_jpg.rf.31ae5fc52e438d7b99a716254264916e.jpg,WSSV_BG,4,42019004,w1_then_strong,-5.511811872753749,0.7524946701430884,8.660634081260469,-60.041211235451556,2.513145923614502,0.8737600445747375,0.8234043121337891,False,False,0.3572950065135956,0.06956428289413452,9.765625e-06,0.014873981475830078,0.1105872318148613,0.2618388831615448,0.1089002788066864,22041802752.0,0.9915508209688889,81974480.0,0.0036876231884037944,105844208.0,0.004761403253537374
WSSV_BG-4-img-2_jpg.rf.31ae5fc52e438d7b99a716254264916e.jpg,WSSV_BG,4,42019004,strong_then_w1,-5.511811872753749,0.7524946701430884,8.660634081260469,-60.041211235451556,2.513145923614502,0.8737600445747375,0.8234043121337891,False,False,0.35677963495254517,0.06988324224948883,7.568359375e-05,0.01515982486307621,0.11226093024015427,0.26493483781814575,0.11055812984704971,21983035392.0,0.9913278814429962,84519760.0,0.0038114297287335456,107794360.0,0.0048610008865832815
WSSV_BG-4-img-2_jpg.rf.31ae5fc52e438d7b99a716254264916e.jpg,WSSV_BG,5,42019005,original,5.024441160135456,1.2400500863788813,-56.2505177088554,-29.767975060693402,8.77717113494873,1.0504533052444458,0.8618568181991577,False,False,0.41189536452293396,0.11832985281944275,0.03431722005208333,0.07375819981098175,0.2768339514732361,0.27938202023506165,0.27678340673446655,30061686784.0,0.975617274801358,245614992.0,0.007971150483576182,505691264.0,0.016411625083430782
WSSV_BG-4-img-2_jpg.rf.31ae5fc52e438d7b99a716254264916e.jpg,WSSV_BG,5,42019005,w1_only,5.024441160135456,1.2400500863788813,-56.2505177088554,-29.767975060693402,8.77717113494873,1.0504533052444458,0.8618568181991577,False,False,0.41033345460891724,0.12216966599225998,0.045633951822916664,0.08781589567661285,0.30062663555145264,0.297218918800354,0.3006943464279175,29860657152.0,0.9710005113929274,289430176.0,0.009411609646699345,602372672.0,0.01958778634990451
WSSV_BG-4-img-2_jpg.rf.31ae5fc52e438d7b99a716254264916e.jpg,WSSV_BG,5,42019005,strong_only,5.024441160135456,1.2400500863788813,-56.2505177088554,-29.767975060693402,8.77717113494873,1.0504533052444458,0.8618568181991577,False,False,0.2566165626049042,0.08988096565008163,0.1192333984375,0.010324543341994286,0.1911928504705429,0.19737079739570618,0.19100192189216614,12157788160.0,0.9801898752360727,157307184.0,0.012682480318747216,88409648.0,0.007127796660242606
WSSV_BG-4-img-2_jpg.rf.31ae5fc52e438d7b99a716254264916e.jpg,WSSV_BG,5,42019005,w1_then_strong,5.024441160135456,1.2400500863788813,-56.2505177088554,-29.767975060693402,8.77717113494873,1.0504533052444458,0.8618568181991577,False,False,0.2557377517223358,0.09172800928354263,0.12185953776041666,0.012224611826241016,0.20665273070335388,0.20968693494796753,0.206558957695961,12094462976.0,0.9766012570052397,185312592.0,0.014963583802375115,104463896.0,0.008435229604465294
WSSV_BG-4-img-2_jpg.rf.31ae5fc52e438d7b99a716254264916e.jpg,WSSV_BG,5,42019005,strong_then_w1,5.024441160135456,1.2400500863788813,-56.2505177088554,-29.767975060693402,8.77717113494873,1.0504533052444458,0.8618568181991577,False,False,0.25492241978645325,0.09170740097761154,0.12726481119791666,0.01241162046790123,0.2073829025030136,0.20883776247501373,0.20733793079853058,12022009856.0,0.9763077324543309,185410096.0,0.015057158708745931,106330736.0,0.008635121830527311
WSSV_BG-4-img-2_jpg.rf.31ae5fc52e438d7b99a716254264916e.jpg,WSSV_BG,6,42019006,original,2.3469203732002004,1.0203464023005275,25.522040545917093,-29.72663431202227,7.6324920654296875,0.8729597330093384,1.0944644212722778,False,True,0.41189536452293396,0.11832985281944275,0.03431722005208333,0.07375819981098175,0.2768339514732361,0.27938202023506165,0.27678340673446655,30061686784.0,0.975617274801358,245614992.0,0.007971150483576182,505691264.0,0.016411625083430782
WSSV_BG-4-img-2_jpg.rf.31ae5fc52e438d7b99a716254264916e.jpg,WSSV_BG,6,42019006,w1_only,2.3469203732002004,1.0203464023005275,25.522040545917093,-29.72663431202227,7.6324920654296875,0.8729597330093384,1.0944644212722778,False,True,0.41033345460891724,0.12216966599225998,0.045633951822916664,0.08781589567661285,0.30062663555145264,0.297218918800354,0.3006943464279175,29860657152.0,0.9710005113929274,289430176.0,0.009411609646699345,602372672.0,0.01958778634990451
WSSV_BG-4-img-2_jpg.rf.31ae5fc52e438d7b99a716254264916e.jpg,WSSV_BG,6,42019006,strong_only,2.3469203732002004,1.0203464023005275,25.522040545917093,-29.72663431202227,7.6324920654296875,0.8729597330093384,1.0944644212722778,False,True,0.4142500162124634,0.10967079550027847,0.011009114583333333,0.023271678015589714,0.22640091180801392,0.2843163013458252,0.22520264983177185,30407960576.0,0.9870110609365268,213642144.0,0.0069346038082088515,186522928.0,0.006054342006730027
WSSV_BG-4-img-2_jpg.rf.31ae5fc52e438d7b99a716254264916e.jpg,WSSV_BG,6,42019006,w1_then_strong,2.3469203732002004,1.0203464023005275,25.522040545917093,-29.72663431202227,7.6324920654296875,0.8729597330093384,1.0944644212722778,False,True,0.4126638174057007,0.11196205019950867,0.011848958333333333,0.027469992637634277,0.24409955739974976,0.30066636204719543,0.24292919039726257,30203613184.0,0.9846885728822115,249523152.0,0.008134874292924301,220128112.0,0.007176546565341406
WSSV_BG-4-img-2_jpg.rf.31ae5fc52e438d7b99a716254264916e.jpg,WSSV_BG,6,42019006,strong_then_w1,2.3469203732002004,1.0203464023005275,25.522040545917093,-29.72663431202227,7.6324920654296875,0.8729597330093384,1.0944644212722778,False,True,0.41230377554893494,0.112217016518116,0.011783854166666666,0.028100037947297096,0.24649196863174438,0.3005671203136444,0.24537312984466553,30154821632.0,0.9843895328158503,252818176.0,0.00825312678672572,225375776.0,0.007357282943077225
WSSV_BG-4-img-2_jpg.rf.31ae5fc52e438d7b99a716254264916e.jpg,WSSV_BG,7,42019007,original,8.432286883922817,0.9653925407023786,3.04940054804257,-6.437456893897206,-6.346773624420166,0.7744772434234619,1.2407010793685913,False,False,0.41189536452293396,0.11832985281944275,0.03431722005208333,0.07375819981098175,0.2768339514732361,0.27938202023506165,0.27678340673446655,30061686784.0,0.975617274801358,245614992.0,0.007971150483576182,505691264.0,0.016411625083430782
WSSV_BG-4-img-2_jpg.rf.31ae5fc52e438d7b99a716254264916e.jpg,WSSV_BG,7,42019007,w1_only,8.432286883922817,0.9653925407023786,3.04940054804257,-6.437456893897206,-6.346773624420166,0.7744772434234619,1.2407010793685913,False,False,0.41033345460891724,0.12216966599225998,0.045633951822916664,0.08781589567661285,0.30062663555145264,0.297218918800354,0.3006943464279175,29860657152.0,0.9710005113929274,289430176.0,0.009411609646699345,602372672.0,0.01958778634990451
WSSV_BG-4-img-2_jpg.rf.31ae5fc52e438d7b99a716254264916e.jpg,WSSV_BG,7,42019007,strong_only,8.432286883922817,0.9653925407023786,3.04940054804257,-6.437456893897206,-6.346773624420166,0.7744772434234619,1.2407010793685913,False,False,0.6476039290428162,0.14753997325897217,0.08832763671875,0.019070304930210114,0.2012336552143097,0.32449841499328613,0.19895599782466888,73643982848.0,0.9949980829969355,224064080.0,0.0030273122317219514,146174384.0,0.001974950650937096
WSSV_BG-4-img-2_jpg.rf.31ae5fc52e438d7b99a716254264916e.jpg,WSSV_BG,7,42019007,w1_then_strong,8.432286883922817,0.9653925407023786,3.04940054804257,-6.437456893897206,-6.346773624420166,0.7744772434234619,1.2407010793685913,False,False,0.6453222632408142,0.14911654591560364,0.08662516276041667,0.023129133507609367,0.21863330900669098,0.3425308167934418,0.21634405851364136,73159409664.0,0.9940449191699151,260863600.0,0.003544453643998899,177442096.0,0.002410973718702044
WSSV_BG-4-img-2_jpg.rf.31ae5fc52e438d7b99a716254264916e.jpg,WSSV_BG,7,42019007,strong_then_w1,8.432286883922817,0.9653925407023786,3.04940054804257,-6.437456893897206,-6.346773624420166,0.7744772434234619,1.2407010793685913,False,False,0.6456568241119385,0.14943985641002655,0.0896435546875,0.023018699139356613,0.21845002472400665,0.3432965874671936,0.2161431759595871,73245687808.0,0.9940195119066122,263998432.0,0.003582730948047553,176687824.0,0.0023978359658892944
WSSV_BG-4-img-2_jpg.rf.31ae5fc52e438d7b99a716254264916e.jpg,WSSV_BG,8,42019008,original,2.407787128060452,1.0489005127018531,-25.133467344508745,-17.414210916949628,1.5881705284118652,1.3050153255462646,0.9914979934692383,True,False,0.41189536452293396,0.11832985281944275,0.03431722005208333,0.07375819981098175,0.2768339514732361,0.27938202023506165,0.27678340673446655,30061686784.0,0.975617274801358,245614992.0,0.007971150483576182,505691264.0,0.016411625083430782
WSSV_BG-4-img-2_jpg.rf.31ae5fc52e438d7b99a716254264916e.jpg,WSSV_BG,8,42019008,w1_only,2.407787128060452,1.0489005127018531,-25.133467344508745,-17.414210916949628,1.5881705284118652,1.3050153255462646,0.9914979934692383,True,False,0.41033345460891724,0.12216966599225998,0.045633951822916664,0.08781589567661285,0.30062663555145264,0.297218918800354,0.3006943464279175,29860657152.0,0.9710005113929274,289430176.0,0.009411609646699345,602372672.0,0.01958778634990451
WSSV_BG-4-img-2_jpg.rf.31ae5fc52e438d7b99a716254264916e.jpg,WSSV_BG,8,42019008,strong_only,2.407787128060452,1.0489005127018531,-25.133467344508745,-17.414210916949628,1.5881705284118652,1.3050153255462646,0.9914979934692383,True,False,0.3590652048587799,0.08886518329381943,0.24395100911458334,0.011331271380186081,0.16984939575195312,0.24127134680747986,0.16829104721546173,22726182912.0,0.9900148010159974,138221664.0,0.006021314433265618,90988936.0,0.003963727376370477
WSSV_BG-4-img-2_jpg.rf.31ae5fc52e438d7b99a716254264916e.jpg,WSSV_BG,8,42019008,w1_then_strong,2.407787128060452,1.0489005127018531,-25.133467344508745,-17.414210916949628,1.5881705284118652,1.3050153255462646,0.9914979934692383,True,False,0.35797423124313354,0.0909167006611824,0.24412516276041665,0.013782773166894913,0.1850118190050125,0.2551942467689514,0.18348050117492676,22611668992.0,0.9880115327106299,163549888.0,0.007146273703843005,110820928.0,0.004842294258262525
WSSV_BG-4-img-2_jpg.rf.31ae5fc52e438d7b99a716254264916e.jpg,WSSV_BG,8,42019008,strong_then_w1,2.407787128060452,1.0489005127018531,-25.133467344508745,-17.414210916949628,1.5881705284118652,1.3050153255462646,0.9914979934692383,True,False,0.3576261103153229,0.09070038050413132,0.24615315755208333,0.013571929186582565,0.1841895431280136,0.25537899136543274,0.18263627588748932,22566254592.0,0.9881162533493041,162362176.0,0.007109407738918073,109036880.0,0.004774434893626218
WSSV_BG-4-img-2_jpg.rf.31ae5fc52e438d7b99a716254264916e.jpg,WSSV_BG,9,42019009,original,-6.120550638460465,1.2322361939401503,31.677230635287174,62.54856358224515,4.836965084075928,1.022267460823059,1.2382620573043823,False,True,0.41189536452293396,0.11832985281944275,0.03431722005208333,0.07375819981098175,0.2768339514732361,0.27938202023506165,0.27678340673446655,30061686784.0,0.975617274801358,245614992.0,0.007971150483576182,505691264.0,0.016411625083430782
WSSV_BG-4-img-2_jpg.rf.31ae5fc52e438d7b99a716254264916e.jpg,WSSV_BG,9,42019009,w1_only,-6.120550638460465,1.2322361939401503,31.677230635287174,62.54856358224515,4.836965084075928,1.022267460823059,1.2382620573043823,False,True,0.41033345460891724,0.12216966599225998,0.045633951822916664,0.08781589567661285,0.30062663555145264,0.297218918800354,0.3006943464279175,29860657152.0,0.9710005113929274,289430176.0,0.009411609646699345,602372672.0,0.01958778634990451
WSSV_BG-4-img-2_jpg.rf.31ae5fc52e438d7b99a716254264916e.jpg,WSSV_BG,9,42019009,strong_only,-6.120550638460465,1.2322361939401503,31.677230635287174,62.54856358224515,4.836965084075928,1.022267460823059,1.2382620573043823,False,True,0.4295656979084015,0.12256675958633423,0.13993570963541666,0.017245300114154816,0.2623184025287628,0.2804078459739685,0.2617674469947815,33047595008.0,0.9871195940950426,285890240.0,0.008539437063308807,145324112.0,0.004340778153900043
WSSV_BG-4-img-2_jpg.rf.31ae5fc52e438d7b99a716254264916e.jpg,WSSV_BG,9,42019009,w1_then_strong,-6.120550638460465,1.2322361939401503,31.677230635287174,62.54856358224515,4.836965084075928,1.022267460823059,1.2382620573043823,False,True,0.42767247557640076,0.12519927322864532,0.14277506510416665,0.020558934658765793,0.2842698395252228,0.29803624749183655,0.2838505208492279,32804816896.0,0.9846570806000577,337918016.0,0.010142820433096058,173242464.0,0.00519998082534643
WSSV_BG-4-img-2_jpg.rf.31ae5fc52e438d7b99a716254264916e.jpg,WSSV_BG,9,42019009,strong_then_w1,-6.120550638460465,1.2322361939401503,31.677230635287174,62.54856358224515,4.836965084075928,1.022267460823059,1.2382620573043823,False,True,0.4277620017528534,0.1250094473361969,0.15043050130208332,0.02068343013525009,0.28359976410865784,0.2962593734264374,0.28321412205696106,32809984000.0,0.9846687799302001,336327872.0,0.010093621361679435,174518768.0,0.0052375271612897355
WSSV_BG-4-img-2_jpg.rf.31ae5fc52e438d7b99a716254264916e.jpg,WSSV_BG,10,42019010,original,-1.9334497830233026,0.7142603253726606,57.728549723414346,-5.04638127589601,-5.689138412475586,1.1908349990844727,1.1062482595443726,False,True,0.41189536452293396,0.11832985281944275,0.03431722005208333,0.07375819981098175,0.2768339514732361,0.27938202023506165,0.27678340673446655,30061686784.0,0.975617274801358,245614992.0,0.007971150483576182,505691264.0,0.016411625083430782
WSSV_BG-4-img-2_jpg.rf.31ae5fc52e438d7b99a716254264916e.jpg,WSSV_BG,10,42019010,w1_only,-1.9334497830233026,0.7142603253726606,57.728549723414346,-5.04638127589601,-5.689138412475586,1.1908349990844727,1.1062482595443726,False,True,0.41033345460891724,0.12216966599225998,0.045633951822916664,0.08781589567661285,0.30062663555145264,0.297218918800354,0.3006943464279175,29860657152.0,0.9710005113929274,289430176.0,0.009411609646699345,602372672.0,0.01958778634990451
WSSV_BG-4-img-2_jpg.rf.31ae5fc52e438d7b99a716254264916e.jpg,WSSV_BG,10,42019010,strong_only,-1.9334497830233026,0.7142603253726606,57.728549723414346,-5.04638127589601,-5.689138412475586,1.1908349990844727,1.1062482595443726,False,True,0.5002685785293579,0.08759482204914093,0.121337890625,0.015826845541596413,0.11112099885940552,0.32949212193489075,0.108929343521595,43054878720.0,0.9949045363681795,107517824.0,0.0024845028953326366,112997288.0,0.002611121382076481
WSSV_BG-4-img-2_jpg.rf.31ae5fc52e438d7b99a716254264916e.jpg,WSSV_BG,10,42019010,w1_then_strong,-1.9334497830233026,0.7142603253726606,57.728549723414346,-5.04638127589601,-5.689138412475586,1.1908349990844727,1.1062482595443726,False,True,0.4993574023246765,0.08900286257266998,0.12194091796875,0.01895873248577118,0.11948121339082718,0.34499529004096985,0.11721788346767426,42906136576.0,0.9940190691751757,122709224.0,0.0028428406366448828,135455840.0,0.003138145233669372
WSSV_BG-4-img-2_jpg.rf.31ae5fc52e438d7b99a716254264916e.jpg,WSSV_BG,10,42019010,strong_then_w1,-1.9334497830233026,0.7142603253726606,57.728549723414346,-5.04638127589601,-5.689138412475586,1.1908349990844727,1.1062482595443726,False,True,0.499395489692688,0.08928818255662918,0.12414388020833333,0.01887766271829605,0.12046724557876587,0.34967994689941406,0.11816679686307907,42917896192.0,0.9939480923561441,126433704.0,0.00292811507670654,134885312.0,0.0031238483347246202
WSSV_BG-4-img-2_jpg.rf.31ae5fc52e438d7b99a716254264916e.jpg,WSSV_BG,11,42019011,original,8.189022627708287,1.0485601554648691,-38.747194822433244,11.944220444407222,0.05484876409173012,1.0459846258163452,1.1935194730758667,False,True,0.41189536452293396,0.11832985281944275,0.03431722005208333,0.07375819981098175,0.2768339514732361,0.27938202023506165,0.27678340673446655,30061686784.0,0.975617274801358,245614992.0,0.007971150483576182,505691264.0,0.016411625083430782
WSSV_BG-4-img-2_jpg.rf.31ae5fc52e438d7b99a716254264916e.jpg,WSSV_BG,11,42019011,w1_only,8.189022627708287,1.0485601554648691,-38.747194822433244,11.944220444407222,0.05484876409173012,1.0459846258163452,1.1935194730758667,False,True,0.41033345460891724,0.12216966599225998,0.045633951822916664,0.08781589567661285,0.30062663555145264,0.297218918800354,0.3006943464279175,29860657152.0,0.9710005113929274,289430176.0,0.009411609646699345,602372672.0,0.01958778634990451
WSSV_BG-4-img-2_jpg.rf.31ae5fc52e438d7b99a716254264916e.jpg,WSSV_BG,11,42019011,strong_only,8.189022627708287,1.0485601554648691,-38.747194822433244,11.944220444407222,0.05484876409173012,1.0459846258163452,1.1935194730758667,False,True,0.47094565629959106,0.11672350019216537,0.16779622395833332,0.020490961149334908,0.22399520874023438,0.2945720851421356,0.22245101630687714,39110144000.0,0.9902319549032809,222502592.0,0.005633555750835566,163304672.0,0.004134720255680958
WSSV_BG-4-img-2_jpg.rf.31ae5fc52e438d7b99a716254264916e.jpg,WSSV_BG,11,42019011,w1_then_strong,8.189022627708287,1.0485601554648691,-38.747194822433244,11.944220444407222,0.05484876409173012,1.0459846258163452,1.1935194730758667,False,True,0.46921393275260925,0.11899349838495255,0.17045003255208332,0.024415545165538788,0.24242587387561798,0.3117891848087311,0.2409081757068634,38856859648.0,0.9884077576960882,261047792.0,0.006640311777112834,194656560.0,0.004951508066615905
WSSV_BG-4-img-2_jpg.rf.31ae5fc52e438d7b99a716254264916e.jpg,WSSV_BG,11,42019011,strong_then_w1,8.189022627708287,1.0485601554648691,-38.747194822433244,11.944220444407222,0.05484876409173012,1.0459846258163452,1.1935194730758667,False,True,0.4692751169204712,0.11894150078296661,0.17682454427083333,0.024478787556290627,0.2423354983329773,0.3114171624183655,0.24082401394844055,38863544320.0,0.9883874884553034,261394176.0,0.006647842795453082,195193488.0,0.004964210154858835
WSSV_BG-33-img-1_jpg.rf.90d11fdfacbbb40f5dcb57837e5e0a1e.jpg,WSSV_BG,0,42020000,original,-6.746128762768892,1.320784624912968,-45.03767380100055,-30.291232846358866,-0.7311627268791199,0.6865965723991394,0.603949785232544,False,False,0.329674631357193,0.11484929919242859,5.452473958333333e-05,0.002114733448252082,0.061966218054294586,0.1525009572505951,0.06014249473810196,20387796992.0,0.9970871572198928,42381448.0,0.002072710333625766,17179048.0,0.0008401598338842281
WSSV_BG-33-img-1_jpg.rf.90d11fdfacbbb40f5dcb57837e5e0a1e.jpg,WSSV_BG,0,42020000,w1_only,-6.746128762768892,1.320784624912968,-45.03767380100055,-30.291232846358866,-0.7311627268791199,0.6865965723991394,0.603949785232544,False,False,0.32765549421310425,0.11537060886621475,0.000166015625,0.0026175298262387514,0.07029687613248825,0.16411134600639343,0.0684070810675621,20173109248.0,0.9964582269870742,50435904.0,0.0024913002184486204,21265992.0,0.0010504415766023865
WSSV_BG-33-img-1_jpg.rf.90d11fdfacbbb40f5dcb57837e5e0a1e.jpg,WSSV_BG,0,42020000,strong_only,-6.746128762768892,1.320784624912968,-45.03767380100055,-30.291232846358866,-0.7311627268791199,0.6865965723991394,0.603949785232544,False,False,0.2318708300590515,0.09383295476436615,0.0,0.0002967118052765727,0.0450742207467556,0.07268844544887543,0.04408886656165123,10476774400.0,0.9980458981761944,17463032.0,0.0016635757144221434,3048331.75,0.00029039233672605957
WSSV_BG-33-img-1_jpg.rf.90d11fdfacbbb40f5dcb57837e5e0a1e.jpg,WSSV_BG,0,42020000,w1_then_strong,-6.746128762768892,1.320784624912968,-45.03767380100055,-30.291232846358866,-0.7311627268791199,0.6865965723991394,0.603949785232544,False,False,0.23067772388458252,0.09414377063512802,8.138020833333334e-07,0.0003570622066035867,0.04948011413216591,0.07797073572874069,0.04846348986029625,10390637568.0,0.9977086471726658,20405954.0,0.0019593789723075104,3457320.5,0.00033197179059737606
WSSV_BG-33-img-1_jpg.rf.90d11fdfacbbb40f5dcb57837e5e0a1e.jpg,WSSV_BG,0,42020000,strong_then_w1,-6.746128762768892,1.320784624912968,-45.03767380100055,-30.291232846358866,-0.7311627268791199,0.6865965723991394,0.603949785232544,False,False,0.22993631660938263,0.09429874271154404,3.662109375e-05,0.00041279278229922056,0.05278712883591652,0.08057897537946701,0.05179544910788536,10336760832.0,0.9975545591916546,21229380.0,0.0020487525204464486,4111917.5,0.00039682276835182467
WSSV_BG-33-img-1_jpg.rf.90d11fdfacbbb40f5dcb57837e5e0a1e.jpg,WSSV_BG,1,42020001,original,-5.605650380445346,0.5203526634773376,-12.865661493100447,-49.72223197213111,4.696165561676025,0.8814743161201477,1.2296605110168457,False,False,0.329674631357193,0.11484929919242859,5.452473958333333e-05,0.002114733448252082,0.061966218054294586,0.1525009572505951,0.06014249473810196,20387796992.0,0.9970871572198928,42381448.0,0.002072710333625766,17179048.0,0.0008401598338842281
WSSV_BG-33-img-1_jpg.rf.90d11fdfacbbb40f5dcb57837e5e0a1e.jpg,WSSV_BG,1,42020001,w1_only,-5.605650380445346,0.5203526634773376,-12.865661493100447,-49.72223197213111,4.696165561676025,0.8814743161201477,1.2296605110168457,False,False,0.32765549421310425,0.11537060886621475,0.000166015625,0.0026175298262387514,0.07029687613248825,0.16411134600639343,0.0684070810675621,20173109248.0,0.9964582269870742,50435904.0,0.0024913002184486204,21265992.0,0.0010504415766023865
WSSV_BG-33-img-1_jpg.rf.90d11fdfacbbb40f5dcb57837e5e0a1e.jpg,WSSV_BG,1,42020001,strong_only,-5.605650380445346,0.5203526634773376,-12.865661493100447,-49.72223197213111,4.696165561676025,0.8814743161201477,1.2296605110168457,False,False,0.5071580410003662,0.09576883167028427,0.029522298177083333,0.0013811943354085088,0.028391577303409576,0.2369864284992218,0.027273379266262054,44653518848.0,0.9991539706510026,27682444.0,0.000619414204154324,10132861.0,0.00022672990983460084
WSSV_BG-33-img-1_jpg.rf.90d11fdfacbbb40f5dcb57837e5e0a1e.jpg,WSSV_BG,1,42020001,w1_then_strong,-5.605650380445346,0.5203526634773376,-12.865661493100447,-49.72223197213111,4.696165561676025,0.8814743161201477,1.2296605110168457,False,False,0.5065877437591553,0.09675455838441849,0.02909912109375,0.0016445820219814777,0.030113792046904564,0.24847808480262756,0.028943222016096115,44583931904.0,0.9990531492928221,30152896.0,0.0006756771873320627,12102134.0,0.0002711890712532463
WSSV_BG-33-img-1_jpg.rf.90d11fdfacbbb40f5dcb57837e5e0a1e.jpg,WSSV_BG,1,42020001,strong_then_w1,-5.605650380445346,0.5203526634773376,-12.865661493100447,-49.72223197213111,4.696165561676025,0.8814743161201477,1.2296605110168457,False,False,0.5065734386444092,0.09676209092140198,0.029690755208333332,0.0016888099489733577,0.03120439313352108,0.255323201417923,0.030002977699041367,44579037184.0,0.9989925219353198,32540960.0,0.0007292256125321606,12415348.0,0.00027822134780596317
WSSV_BG-33-img-1_jpg.rf.90d11fdfacbbb40f5dcb57837e5e0a1e.jpg,WSSV_BG,2,42020002,original,7.8952788375899665,1.3285066589301473,-2.9906255416233876,51.47629573313566,-5.054325103759766,1.4689830541610718,1.2351809740066528,False,True,0.329674631357193,0.11484929919242859,5.452473958333333e-05,0.002114733448252082,0.061966218054294586,0.1525009572505951,0.06014249473810196,20387796992.0,0.9970871572198928,42381448.0,0.002072710333625766,17179048.0,0.0008401598338842281
WSSV_BG-33-img-1_jpg.rf.90d11fdfacbbb40f5dcb57837e5e0a1e.jpg,WSSV_BG,2,42020002,w1_only,7.8952788375899665,1.3285066589301473,-2.9906255416233876,51.47629573313566,-5.054325103759766,1.4689830541610718,1.2351809740066528,False,True,0.32765549421310425,0.11537060886621475,0.000166015625,0.0026175298262387514,0.07029687613248825,0.16411134600639343,0.0684070810675621,20173109248.0,0.9964582269870742,50435904.0,0.0024913002184486204,21265992.0,0.0010504415766023865
WSSV_BG-33-img-1_jpg.rf.90d11fdfacbbb40f5dcb57837e5e0a1e.jpg,WSSV_BG,2,42020002,strong_only,7.8952788375899665,1.3285066589301473,-2.9906255416233876,51.47629573313566,-5.054325103759766,1.4689830541610718,1.2351809740066528,False,True,0.43123775720596313,0.1598626673221588,0.36138509114583334,0.0009947516955435276,0.072852224111557,0.13982756435871124,0.0704374611377716,35420774400.0,0.9981193322579186,56839624.0,0.0016016794808605642,9906797.0,0.00027916288601682155
WSSV_BG-33-img-1_jpg.rf.90d11fdfacbbb40f5dcb57837e5e0a1e.jpg,WSSV_BG,2,42020002,w1_then_strong,7.8952788375899665,1.3285066589301473,-2.9906255416233876,51.47629573313566,-5.054325103759766,1.4689830541610718,1.2351809740066528,False,True,0.4301142990589142,0.16113503277301788,0.36043212890625,0.0011994295055046678,0.07926711440086365,0.1506669968366623,0.07669282704591751,35316174848.0,0.9978104469685511,66147468.0,0.001868906666562609,11352808.0,0.00032075813628127563
WSSV_BG-33-img-1_jpg.rf.90d11fdfacbbb40f5dcb57837e5e0a1e.jpg,WSSV_BG,2,42020002,strong_then_w1,7.8952788375899665,1.3285066589301473,-2.9906255416233876,51.47629573313566,-5.054325103759766,1.4689830541610718,1.2351809740066528,False,True,0.4300607740879059,0.16086886823177338,0.3619026692708333,0.001213769894093275,0.07887087017297745,0.15018050372600555,0.07629984617233276,35292708864.0,0.9977699399766687,66811900.0,0.00188885771589854,12055962.0,0.0003408374383347816
WSSV_BG-33-img-1_jpg.rf.90d11fdfacbbb40f5dcb57837e5e0a1e.jpg,WSSV_BG,3,42020003,original,-5.3088395645154085,0.6907955075914879,60.91235393439172,58.404400678041156,-7.78261661529541,1.3716728687286377,1.255427360534668,False,True,0.329674631357193,0.11484929919242859,5.452473958333333e-05,0.002114733448252082,0.061966218054294586,0.1525009572505951,0.06014249473810196,20387796992.0,0.9970871572198928,42381448.0,0.002072710333625766,17179048.0,0.0008401598338842281
WSSV_BG-33-img-1_jpg.rf.90d11fdfacbbb40f5dcb57837e5e0a1e.jpg,WSSV_BG,3,42020003,w1_only,-5.3088395645154085,0.6907955075914879,60.91235393439172,58.404400678041156,-7.78261661529541,1.3716728687286377,1.255427360534668,False,True,0.32765549421310425,0.11537060886621475,0.000166015625,0.0026175298262387514,0.07029687613248825,0.16411134600639343,0.0684070810675621,20173109248.0,0.9964582269870742,50435904.0,0.0024913002184486204,21265992.0,0.0010504415766023865
WSSV_BG-33-img-1_jpg.rf.90d11fdfacbbb40f5dcb57837e5e0a1e.jpg,WSSV_BG,3,42020003,strong_only,-5.3088395645154085,0.6907955075914879,60.91235393439172,58.404400678041156,-7.78261661529541,1.3716728687286377,1.255427360534668,False,True,0.5185012817382812,0.11571362614631653,0.19041341145833332,0.0014561946736648679,0.04059828445315361,0.19422802329063416,0.03913749009370804,47303598080.0,0.9990014077521,36646820.0,0.0007739416504368755,10642980.0,0.00022476835662048323
WSSV_BG-33-img-1_jpg.rf.90d11fdfacbbb40f5dcb57837e5e0a1e.jpg,WSSV_BG,3,42020003,w1_then_strong,-5.3088395645154085,0.6907955075914879,60.91235393439172,58.404400678041156,-7.78261661529541,1.3716728687286377,1.255427360534668,False,True,0.5179728865623474,0.11666030436754227,0.190048828125,0.0017403173260390759,0.043365005403757095,0.20622752606868744,0.04181642457842827,47241834496.0,0.9988568311828048,41265436.0,0.0008724949629935902,12798322.0,0.00027060107833999506
WSSV_BG-33-img-1_jpg.rf.90d11fdfacbbb40f5dcb57837e5e0a1e.jpg,WSSV_BG,3,42020003,strong_then_w1,-5.3088395645154085,0.6907955075914879,60.91235393439172,58.404400678041156,-7.78261661529541,1.3716728687286377,1.255427360534668,False,True,0.5178695917129517,0.11661237478256226,0.19078287760416668,0.001763290143571794,0.04416797682642937,0.20895935595035553,0.04260106012225151,47220051968.0,0.9988151109568534,43094672.0,0.0009115536260845057,12910003.0,0.00027307691418122055
WSSV_BG-33-img-1_jpg.rf.90d11fdfacbbb40f5dcb57837e5e0a1e.jpg,WSSV_BG,4,42020004,original,3.1446244278814355,0.5380753544710102,-19.445956336713778,-57.83980652626474,0.8835970759391785,0.5572941303253174,0.7636644244194031,False,True,0.329674631357193,0.11484929919242859,5.452473958333333e-05,0.002114733448252082,0.061966218054294586,0.1525009572505951,0.06014249473810196,20387796992.0,0.9970871572198928,42381448.0,0.002072710333625766,17179048.0,0.0008401598338842281
WSSV_BG-33-img-1_jpg.rf.90d11fdfacbbb40f5dcb57837e5e0a1e.jpg,WSSV_BG,4,42020004,w1_only,3.1446244278814355,0.5380753544710102,-19.445956336713778,-57.83980652626474,0.8835970759391785,0.5572941303253174,0.7636644244194031,False,True,0.32765549421310425,0.11537060886621475,0.000166015625,0.0026175298262387514,0.07029687613248825,0.16411134600639343,0.0684070810675621,20173109248.0,0.9964582269870742,50435904.0,0.0024913002184486204,21265992.0,0.0010504415766023865
WSSV_BG-33-img-1_jpg.rf.90d11fdfacbbb40f5dcb57837e5e0a1e.jpg,WSSV_BG,4,42020004,strong_only,3.1446244278814355,0.5380753544710102,-19.445956336713778,-57.83980652626474,0.8835970759391785,0.5572941303253174,0.7636644244194031,False,True,0.34607556462287903,0.06553183495998383,0.0,0.0006756088114343584,0.021897723898291588,0.14571532607078552,0.021185385063290596,20793643008.0,0.9990081889352849,15806979.0,0.0007594292860203788,4832779.5,0.00023218568742192438
WSSV_BG-33-img-1_jpg.rf.90d11fdfacbbb40f5dcb57837e5e0a1e.jpg,WSSV_BG,4,42020004,w1_then_strong,3.1446244278814355,0.5380753544710102,-19.445956336713778,-57.83980652626474,0.8835970759391785,0.5572941303253174,0.7636644244194031,False,True,0.3456385135650635,0.0656227096915245,0.0,0.000804921321105212,0.023204457014799118,0.15268194675445557,0.02245955355465412,20742481920.0,0.9988887937706964,17278664.0,0.0008320828677829291,5794738.0,0.0002790552679935622
WSSV_BG-33-img-1_jpg.rf.90d11fdfacbbb40f5dcb57837e5e0a1e.jpg,WSSV_BG,4,42020004,strong_then_w1,3.1446244278814355,0.5380753544710102,-19.445956336713778,-57.83980652626474,0.8835970759391785,0.5572941303253174,0.7636644244194031,False,True,0.3454359769821167,0.06579338014125824,0.0,0.0008456077193841338,0.02454270049929619,0.15753208100795746,0.023777605965733528,20721166336.0,0.9988104413045579,18610000.0,0.0008970471068698544,6071530.5,0.00029266248625991836
WSSV_BG-33-img-1_jpg.rf.90d11fdfacbbb40f5dcb57837e5e0a1e.jpg,WSSV_BG,5,42020005,original,-7.482851380909448,0.9981842157935839,-53.08844538686901,6.242184956593121,2.95322847366333,0.91242516040802,1.3836466073989868,False,False,0.329674631357193,0.11484929919242859,5.452473958333333e-05,0.002114733448252082,0.061966218054294586,0.1525009572505951,0.06014249473810196,20387796992.0,0.9970871572198928,42381448.0,0.002072710333625766,17179048.0,0.0008401598338842281
WSSV_BG-33-img-1_jpg.rf.90d11fdfacbbb40f5dcb57837e5e0a1e.jpg,WSSV_BG,5,42020005,w1_only,-7.482851380909448,0.9981842157935839,-53.08844538686901,6.242184956593121,2.95322847366333,0.91242516040802,1.3836466073989868,False,False,0.32765549421310425,0.11537060886621475,0.000166015625,0.0026175298262387514,0.07029687613248825,0.16411134600639343,0.0684070810675621,20173109248.0,0.9964582269870742,50435904.0,0.0024913002184486204,21265992.0,0.0010504415766023865
WSSV_BG-33-img-1_jpg.rf.90d11fdfacbbb40f5dcb57837e5e0a1e.jpg,WSSV_BG,5,42020005,strong_only,-7.482851380909448,0.9981842157935839,-53.08844538686901,6.242184956593121,2.95322847366333,0.91242516040802,1.3836466073989868,False,False,0.4441849887371063,0.1346415877342224,0.13014485677083334,0.0017529006581753492,0.07317332923412323,0.19316186010837555,0.07076331228017807,36061974528.0,0.9977605277634041,66478752.0,0.0018393300851863009,14472001.0,0.00040041044741854104
WSSV_BG-33-img-1_jpg.rf.90d11fdfacbbb40f5dcb57837e5e0a1e.jpg,WSSV_BG,5,42020005,w1_then_strong,-7.482851380909448,0.9981842157935839,-53.08844538686901,6.242184956593121,2.95322847366333,0.91242516040802,1.3836466073989868,False,False,0.44226330518722534,0.13597248494625092,0.12949788411458332,0.002119341166689992,0.08032949268817902,0.20690928399562836,0.07778705656528473,35823292416.0,0.99737539423255,77040240.0,0.002144918419264321,17233198.0,0.00047979865863643546
WSSV_BG-33-img-1_jpg.rf.90d11fdfacbbb40f5dcb57837e5e0a1e.jpg,WSSV_BG,5,42020005,strong_then_w1,-7.482851380909448,0.9981842157935839,-53.08844538686901,6.242184956593121,2.95322847366333,0.91242516040802,1.3836466073989868,False,False,0.44245994091033936,0.13552701473236084,0.13027018229166668,0.0021660332567989826,0.08158881962299347,0.20667916536331177,0.07907631993293762,35830071296.0,0.9973174417590486,78413888.0,0.00218262301329194,17966878.0,0.0005001017345270351
WSSV_BG-33-img-1_jpg.rf.90d11fdfacbbb40f5dcb57837e5e0a1e.jpg,WSSV_BG,6,42020006,original,0.8105325335968949,0.9892183621391913,-51.77010304786694,-52.355278133173215,-3.114262580871582,0.9774123430252075,0.7911019325256348,False,False,0.329674631357193,0.11484929919242859,5.452473958333333e-05,0.002114733448252082,0.061966218054294586,0.1525009572505951,0.06014249473810196,20387796992.0,0.9970871572198928,42381448.0,0.002072710333625766,17179048.0,0.0008401598338842281
WSSV_BG-33-img-1_jpg.rf.90d11fdfacbbb40f5dcb57837e5e0a1e.jpg,WSSV_BG,6,42020006,w1_only,0.8105325335968949,0.9892183621391913,-51.77010304786694,-52.355278133173215,-3.114262580871582,0.9774123430252075,0.7911019325256348,False,False,0.32765549421310425,0.11537060886621475,0.000166015625,0.0026175298262387514,0.07029687613248825,0.16411134600639343,0.0684070810675621,20173109248.0,0.9964582269870742,50435904.0,0.0024913002184486204,21265992.0,0.0010504415766023865
WSSV_BG-33-img-1_jpg.rf.90d11fdfacbbb40f5dcb57837e5e0a1e.jpg,WSSV_BG,6,42020006,strong_only,0.8105325335968949,0.9892183621391913,-51.77010304786694,-52.355278133173215,-3.114262580871582,0.9774123430252075,0.7911019325256348,False,False,0.29439812898635864,0.09810912609100342,8.138020833333334e-07,0.0006142040947452188,0.04619431868195534,0.10856490582227707,0.044962480664253235,16127928320.0,0.9982790226988743,23106776.0,0.0014302524977369072,4697124.0,0.00029074040156791987
WSSV_BG-33-img-1_jpg.rf.90d11fdfacbbb40f5dcb57837e5e0a1e.jpg,WSSV_BG,6,42020006,w1_then_strong,0.8105325335968949,0.9892183621391913,-51.77010304786694,-52.355278133173215,-3.114262580871582,0.9774123430252075,0.7911019325256348,False,False,0.2930538058280945,0.09857504814863205,7.32421875e-06,0.000748421298339963,0.05083133652806282,0.1161670833826065,0.049540936946868896,16005827584.0,0.9979563549068807,27080526.0,0.0016884589612183724,5694057.0,0.00035502196550163764
WSSV_BG-33-img-1_jpg.rf.90d11fdfacbbb40f5dcb57837e5e0a1e.jpg,WSSV_BG,6,42020006,strong_then_w1,0.8105325335968949,0.9892183621391913,-51.77010304786694,-52.355278133173215,-3.114262580871582,0.9774123430252075,0.7911019325256348,False,False,0.29266634583473206,0.09859585016965866,2.604166666666667e-05,0.0007961340015754104,0.05309784784913063,0.11788801848888397,0.05181823670864105,15967498240.0,0.9978923850555036,27604646.0,0.0017251585452846036,6120029.5,0.0003824726167225205
WSSV_BG-33-img-1_jpg.rf.90d11fdfacbbb40f5dcb57837e5e0a1e.jpg,WSSV_BG,7,42020007,original,3.504107854674727,1.3450306882878236,-25.794922216525947,-33.77702511072397,-1.148361086845398,1.0871371030807495,1.0253779888153076,False,False,0.329674631357193,0.11484929919242859,5.452473958333333e-05,0.002114733448252082,0.061966218054294586,0.1525009572505951,0.06014249473810196,20387796992.0,0.9970871572198928,42381448.0,0.002072710333625766,17179048.0,0.0008401598338842281
WSSV_BG-33-img-1_jpg.rf.90d11fdfacbbb40f5dcb57837e5e0a1e.jpg,WSSV_BG,7,42020007,w1_only,3.504107854674727,1.3450306882878236,-25.794922216525947,-33.77702511072397,-1.148361086845398,1.0871371030807495,1.0253779888153076,False,False,0.32765549421310425,0.11537060886621475,0.000166015625,0.0026175298262387514,0.07029687613248825,0.16411134600639343,0.0684070810675621,20173109248.0,0.9964582269870742,50435904.0,0.0024913002184486204,21265992.0,0.0010504415766023865
WSSV_BG-33-img-1_jpg.rf.90d11fdfacbbb40f5dcb57837e5e0a1e.jpg,WSSV_BG,7,42020007,strong_only,3.504107854674727,1.3450306882878236,-25.794922216525947,-33.77702511072397,-1.148361086845398,1.0871371030807495,1.0253779888153076,False,False,0.301779180765152,0.11911145597696304,0.12206136067708333,0.0007291187066584826,0.06809811294078827,0.11807738989591599,0.06624671071767807,17611829248.0,0.9973070066882398,40322512.0,0.0022833473558368346,7237444.0,0.00040983554349037493
WSSV_BG-33-img-1_jpg.rf.90d11fdfacbbb40f5dcb57837e5e0a1e.jpg,WSSV_BG,7,42020007,w1_then_strong,3.504107854674727,1.3450306882878236,-25.794922216525947,-33.77702511072397,-1.148361086845398,1.0871371030807495,1.0253779888153076,False,False,0.3001580834388733,0.11957508325576782,0.12529703776041667,0.0008841886883601546,0.07476769387722015,0.1272454559803009,0.07282374799251556,17458683904.0,0.9968274808378369,47278164.0,0.0026994115580476524,8290573.0,0.0004733616258668124
WSSV_BG-33-img-1_jpg.rf.90d11fdfacbbb40f5dcb57837e5e0a1e.jpg,WSSV_BG,7,42020007,strong_then_w1,3.504107854674727,1.3450306882878236,-25.794922216525947,-33.77702511072397,-1.148361086845398,1.0871371030807495,1.0253779888153076,False,False,0.30004286766052246,0.11962191760540009,0.12533284505208334,0.0009170860867016017,0.07580176740884781,0.12734626233577728,0.07389238476753235,17447651328.0,0.9967506066945949,47839516.0,0.0027329791099419995,9038915.0,0.0005163757482734856
WSSV_BG-33-img-1_jpg.rf.90d11fdfacbbb40f5dcb57837e5e0a1e.jpg,WSSV_BG,8,42020008,original,-1.836791108071857,1.204996089843505,56.37678668323019,-55.78172895874985,-6.615386009216309,0.5306498408317566,1.365791916847229,False,True,0.329674631357193,0.11484929919242859,5.452473958333333e-05,0.002114733448252082,0.061966218054294586,0.1525009572505951,0.06014249473810196,20387796992.0,0.9970871572198928,42381448.0,0.002072710333625766,17179048.0,0.0008401598338842281
WSSV_BG-33-img-1_jpg.rf.90d11fdfacbbb40f5dcb57837e5e0a1e.jpg,WSSV_BG,8,42020008,w1_only,-1.836791108071857,1.204996089843505,56.37678668323019,-55.78172895874985,-6.615386009216309,0.5306498408317566,1.365791916847229,False,True,0.32765549421310425,0.11537060886621475,0.000166015625,0.0026175298262387514,0.07029687613248825,0.16411134600639343,0.0684070810675621,20173109248.0,0.9964582269870742,50435904.0,0.0024913002184486204,21265992.0,0.0010504415766023865
WSSV_BG-33-img-1_jpg.rf.90d11fdfacbbb40f5dcb57837e5e0a1e.jpg,WSSV_BG,8,42020008,strong_only,-1.836791108071857,1.204996089843505,56.37678668323019,-55.78172895874985,-6.615386009216309,0.5306498408317566,1.365791916847229,False,True,0.6235067844390869,0.21762393414974213,0.12262858072916667,0.0013782300520688295,0.08457940816879272,0.1726076304912567,0.08198144286870956,73080987648.0,0.9987977729353811,75281448.0,0.001028871461999302,12686825.0,0.00017339082247566883
WSSV_BG-33-img-1_jpg.rf.90d11fdfacbbb40f5dcb57837e5e0a1e.jpg,WSSV_BG,8,42020008,w1_then_strong,-1.836791108071857,1.204996089843505,56.37678668323019,-55.78172895874985,-6.615386009216309,0.5306498408317566,1.365791916847229,False,True,0.6214905381202698,0.21881069242954254,0.12135009765625,0.0016640754183754325,0.09201277792453766,0.1853291541337967,0.08925873041152954,72732123136.0,0.9985920516264233,87726320.0,0.0012044582516397852,14822100.0,0.0002035033573918302
WSSV_BG-33-img-1_jpg.rf.90d11fdfacbbb40f5dcb57837e5e0a1e.jpg,WSSV_BG,8,42020008,strong_then_w1,-1.836791108071857,1.204996089843505,56.37678668323019,-55.78172895874985,-6.615386009216309,0.5306498408317566,1.365791916847229,False,True,0.6218153834342957,0.21841830015182495,0.12247884114583334,0.0016988208517432213,0.09271662682294846,0.18440815806388855,0.09001053869724274,72769470464.0,0.9985702098460708,88519256.0,0.0012146947267270148,15671008.0,0.00021504350172234688
WSSV_BG-33-img-1_jpg.rf.90d11fdfacbbb40f5dcb57837e5e0a1e.jpg,WSSV_BG,9,42020009,original,5.1061618926997525,1.3107517977505183,-3.428996708121815,-25.967903809188385,8.954325675964355,1.4492741823196411,1.249328374862671,False,True,0.329674631357193,0.11484929919242859,5.452473958333333e-05,0.002114733448252082,0.061966218054294586,0.1525009572505951,0.06014249473810196,20387796992.0,0.9970871572198928,42381448.0,0.002072710333625766,17179048.0,0.0008401598338842281
WSSV_BG-33-img-1_jpg.rf.90d11fdfacbbb40f5dcb57837e5e0a1e.jpg,WSSV_BG,9,42020009,w1_only,5.1061618926997525,1.3107517977505183,-3.428996708121815,-25.967903809188385,8.954325675964355,1.4492741823196411,1.249328374862671,False,True,0.32765549421310425,0.11537060886621475,0.000166015625,0.0026175298262387514,0.07029687613248825,0.16411134600639343,0.0684070810675621,20173109248.0,0.9964582269870742,50435904.0,0.0024913002184486204,21265992.0,0.0010504415766023865
WSSV_BG-33-img-1_jpg.rf.90d11fdfacbbb40f5dcb57837e5e0a1e.jpg,WSSV_BG,9,42020009,strong_only,5.1061618926997525,1.3107517977505183,-3.428996708121815,-25.967903809188385,8.954325675964355,1.4492741823196411,1.249328374862671,False,True,0.23113155364990234,0.0928606390953064,0.3249658203125,0.000960501900408417,0.06553063541650772,0.15109336376190186,0.06252727657556534,10356329472.0,0.9949011527790006,45415360.0,0.004362915851608908,7658669.5,0.0007357451435766152
WSSV_BG-33-img-1_jpg.rf.90d11fdfacbbb40f5dcb57837e5e0a1e.jpg,WSSV_BG,9,42020009,w1_then_strong,5.1061618926997525,1.3107517977505183,-3.428996708121815,-25.967903809188385,8.954325675964355,1.4492741823196411,1.249328374862671,False,True,0.23024921119213104,0.09359930455684662,0.324609375,0.001158826402388513,0.07141301035881042,0.1623350977897644,0.06822150200605392,10301920256.0,0.9939899018890757,53229468.0,0.005135892373473998,9063263.0,0.0008744769592754349
WSSV_BG-33-img-1_jpg.rf.90d11fdfacbbb40f5dcb57837e5e0a1e.jpg,WSSV_BG,9,42020009,strong_then_w1,5.1061618926997525,1.3107517977505183,-3.428996708121815,-25.967903809188385,8.954325675964355,1.4492741823196411,1.249328374862671,False,True,0.22981151938438416,0.09366033971309662,0.32585042317708335,0.0011731375707313418,0.07198364287614822,0.16160885989665985,0.06883767247200012,10269573120.0,0.9939242937567547,53395052.0,0.005167755147081049,9379807.0,0.0009078096956039458
WSSV_BG-33-img-1_jpg.rf.90d11fdfacbbb40f5dcb57837e5e0a1e.jpg,WSSV_BG,10,42020010,original,1.4584540348954675,0.5470730294480995,51.992133318792696,2.164196212384468,7.16178560256958,0.7762049436569214,1.0711559057235718,False,False,0.329674631357193,0.11484929919242859,5.452473958333333e-05,0.002114733448252082,0.061966218054294586,0.1525009572505951,0.06014249473810196,20387796992.0,0.9970871572198928,42381448.0,0.002072710333625766,17179048.0,0.0008401598338842281
WSSV_BG-33-img-1_jpg.rf.90d11fdfacbbb40f5dcb57837e5e0a1e.jpg,WSSV_BG,10,42020010,w1_only,1.4584540348954675,0.5470730294480995,51.992133318792696,2.164196212384468,7.16178560256958,0.7762049436569214,1.0711559057235718,False,False,0.32765549421310425,0.11537060886621475,0.000166015625,0.0026175298262387514,0.07029687613248825,0.16411134600639343,0.0684070810675621,20173109248.0,0.9964582269870742,50435904.0,0.0024913002184486204,21265992.0,0.0010504415766023865
WSSV_BG-33-img-1_jpg.rf.90d11fdfacbbb40f5dcb57837e5e0a1e.jpg,WSSV_BG,10,42020010,strong_only,1.4584540348954675,0.5470730294480995,51.992133318792696,2.164196212384468,7.16178560256958,0.7762049436569214,1.0711559057235718,False,False,0.4445747137069702,0.08450646698474884,8.138020833333334e-07,0.0010799489682540298,0.027240073308348656,0.2051129788160324,0.026178959757089615,34327810048.0,0.9991292443822613,22084008.0,0.0006427668469127219,7828261.0,0.00022784571712615895
WSSV_BG-33-img-1_jpg.rf.90d11fdfacbbb40f5dcb57837e5e0a1e.jpg,WSSV_BG,10,42020010,w1_then_strong,1.4584540348954675,0.5470730294480995,51.992133318792696,2.164196212384468,7.16178560256958,0.7762049436569214,1.0711559057235718,False,False,0.44394025206565857,0.08530279248952866,8.138020833333334e-07,0.0012986712390556931,0.029098765924572945,0.21498225629329681,0.02798987179994583,34252062720.0,0.9990152394767233,24302752.0,0.0007088279560765506,9465652.0,0.00027608061671747765
WSSV_BG-33-img-1_jpg.rf.90d11fdfacbbb40f5dcb57837e5e0a1e.jpg,WSSV_BG,10,42020010,strong_then_w1,1.4584540348954675,0.5470730294480995,51.992133318792696,2.164196212384468,7.16178560256958,0.7762049436569214,1.0711559057235718,False,False,0.4439239203929901,0.08538497239351273,1.6276041666666668e-06,0.0013368204236030579,0.030236821621656418,0.22070232033729553,0.029100589454174042,34249957376.0,0.9989556836037308,26069222.0,0.0007603512377587906,9728970.0,0.00028376122546419456
WSSV_BG-33-img-1_jpg.rf.90d11fdfacbbb40f5dcb57837e5e0a1e.jpg,WSSV_BG,11,42020011,original,-5.217635359841659,0.8174049824559371,36.31743601816015,-40.48488892550955,6.757521629333496,1.2023952007293701,0.7253103256225586,False,False,0.329674631357193,0.11484929919242859,5.452473958333333e-05,0.002114733448252082,0.061966218054294586,0.1525009572505951,0.06014249473810196,20387796992.0,0.9970871572198928,42381448.0,0.002072710333625766,17179048.0,0.0008401598338842281
WSSV_BG-33-img-1_jpg.rf.90d11fdfacbbb40f5dcb57837e5e0a1e.jpg,WSSV_BG,11,42020011,w1_only,-5.217635359841659,0.8174049824559371,36.31743601816015,-40.48488892550955,6.757521629333496,1.2023952007293701,0.7253103256225586,False,False,0.32765549421310425,0.11537060886621475,0.000166015625,0.0026175298262387514,0.07029687613248825,0.16411134600639343,0.0684070810675621,20173109248.0,0.9964582269870742,50435904.0,0.0024913002184486204,21265992.0,0.0010504415766023865
WSSV_BG-33-img-1_jpg.rf.90d11fdfacbbb40f5dcb57837e5e0a1e.jpg,WSSV_BG,11,42020011,strong_only,-5.217635359841659,0.8174049824559371,36.31743601816015,-40.48488892550955,6.757521629333496,1.2023952007293701,0.7253103256225586,False,False,0.2140996903181076,0.08884848654270172,0.17634847005208334,0.000606697634793818,0.030651388689875603,0.11215746402740479,0.02956208400428295,8993076224.0,0.9975835950262927,16844990.0,0.0018685803682544158,4938411.0,0.0005478078553309713
WSSV_BG-33-img-1_jpg.rf.90d11fdfacbbb40f5dcb57837e5e0a1e.jpg,WSSV_BG,11,42020011,w1_then_strong,-5.217635359841659,0.8174049824559371,36.31743601816015,-40.48488892550955,6.757521629333496,1.2023952007293701,0.7253103256225586,False,False,0.21367640793323517,0.08923749625682831,0.1769482421875,0.0006986997905187309,0.032986629754304886,0.11906631290912628,0.03183619678020477,8971934720.0,0.9973135671857485,18536428.0,0.0020604955016393376,5634048.0,0.0006262765706542871
WSSV_BG-33-img-1_jpg.rf.90d11fdfacbbb40f5dcb57837e5e0a1e.jpg,WSSV_BG,11,42020011,strong_then_w1,-5.217635359841659,0.8174049824559371,36.31743601816015,-40.48488892550955,6.757521629333496,1.2023952007293701,0.7253103256225586,False,False,0.21306543052196503,0.08973977714776993,0.177666015625,0.0007463602814823389,0.034968774765729904,0.12150601297616959,0.03381223976612091,8941791232.0,0.9971392911261158,19580440.0,0.002183502785400016,6069840.0,0.0006768751134771453
WSSV_BG-58-img-2_jpg.rf.309de253f103119506669b53fe80ffa2.jpg,WSSV_BG,0,42021000,original,-2.1477191735119057,1.381211601502645,-30.391394289385005,27.62378030352062,8.670888900756836,0.9950832724571228,0.7804590463638306,False,True,0.3703514337539673,0.0961664691567421,3.2552083333333335e-06,0.002022776287049055,0.04574136435985565,0.23069873452186584,0.044455479830503464,24514955264.0,0.9980353944168949,32579524.0,0.0013263543716517995,15682071.0,0.0006384373027489262
WSSV_BG-58-img-2_jpg.rf.309de253f103119506669b53fe80ffa2.jpg,WSSV_BG,0,42021000,w1_only,-2.1477191735119057,1.381211601502645,-30.391394289385005,27.62378030352062,8.670888900756836,0.9950832724571228,0.7804590463638306,False,True,0.3684099316596985,0.09671342372894287,1.3834635416666666e-05,0.0024817315861582756,0.05341459810733795,0.24866941571235657,0.05205712467432022,24282132480.0,0.9976110867384519,38864184.0,0.00159670246702497,19288880.0,0.0007924674883730636
WSSV_BG-58-img-2_jpg.rf.309de253f103119506669b53fe80ffa2.jpg,WSSV_BG,0,42021000,strong_only,-2.1477191735119057,1.381211601502645,-30.391394289385005,27.62378030352062,8.670888900756836,0.9950832724571228,0.7804590463638306,False,True,0.22228068113327026,0.06771734356880188,8.138020833333334e-07,0.0003652874147519469,0.03564395383000374,0.14310258626937866,0.03420914709568024,9039620096.0,0.9978886403015362,15586812.0,0.0017206367599671823,3537185.0,0.0003904717999937715
WSSV_BG-58-img-2_jpg.rf.309de253f103119506669b53fe80ffa2.jpg,WSSV_BG,0,42021000,w1_then_strong,-2.1477191735119057,1.381211601502645,-30.391394289385005,27.62378030352062,8.670888900756836,0.9950832724571228,0.7804590463638306,False,True,0.2207486480474472,0.0681028664112091,3.2552083333333335e-06,0.00044600118417292833,0.04081961140036583,0.15425308048725128,0.039305031299591064,8930991104.0,0.9974684936971383,18518718.0,0.0020682853149846876,4148246.75,0.00046330193245331324
WSSV_BG-58-img-2_jpg.rf.309de253f103119506669b53fe80ffa2.jpg,WSSV_BG,0,42021000,strong_then_w1,-2.1477191735119057,1.381211601502645,-30.391394289385005,27.62378030352062,8.670888900756836,0.9950832724571228,0.7804590463638306,False,True,0.220323383808136,0.06811552494764328,4.069010416666667e-06,0.0004811546241398901,0.042587317526340485,0.15406635403633118,0.041098836809396744,8898965504.0,0.9973646213819493,18914670.0,0.002119889404519543,4601333.0,0.0005157011501319411
WSSV_BG-58-img-2_jpg.rf.309de253f103119506669b53fe80ffa2.jpg,WSSV_BG,1,42021001,original,1.23604302368223,1.2584299767071807,-22.57431417432133,-37.15555284790389,-3.3229126930236816,0.6702152490615845,1.2290147542953491,True,True,0.3703514337539673,0.0961664691567421,3.2552083333333335e-06,0.002022776287049055,0.04574136435985565,0.23069873452186584,0.044455479830503464,24514955264.0,0.9980353944168949,32579524.0,0.0013263543716517995,15682071.0,0.0006384373027489262
WSSV_BG-58-img-2_jpg.rf.309de253f103119506669b53fe80ffa2.jpg,WSSV_BG,1,42021001,w1_only,1.23604302368223,1.2584299767071807,-22.57431417432133,-37.15555284790389,-3.3229126930236816,0.6702152490615845,1.2290147542953491,True,True,0.3684099316596985,0.09671342372894287,1.3834635416666666e-05,0.0024817315861582756,0.05341459810733795,0.24866941571235657,0.05205712467432022,24282132480.0,0.9976110867384519,38864184.0,0.00159670246702497,19288880.0,0.0007924674883730636
WSSV_BG-58-img-2_jpg.rf.309de253f103119506669b53fe80ffa2.jpg,WSSV_BG,1,42021001,strong_only,1.23604302368223,1.2584299767071807,-22.57431417432133,-37.15555284790389,-3.3229126930236816,0.6702152490615845,1.2290147542953491,True,True,0.5974097847938538,0.16480907797813416,0.0005078125,0.0010932950535789132,0.06289598345756531,0.228929802775383,0.0610644593834877,64360833024.0,0.9988543724424891,61758032.0,0.0009584599421458719,12068439.0,0.00018729734369986052
WSSV_BG-58-img-2_jpg.rf.309de253f103119506669b53fe80ffa2.jpg,WSSV_BG,1,42021001,w1_then_strong,1.23604302368223,1.2584299767071807,-22.57431417432133,-37.15555284790389,-3.3229126930236816,0.6702152490615845,1.2290147542953491,True,True,0.5949821472167969,0.16534148156642914,0.0004899088541666667,0.0013266605092212558,0.0709412693977356,0.24665173888206482,0.06900301575660706,63892836352.0,0.998661373878935,71907120.0,0.0011239266770887311,13745076.0,0.00021483905342074705
WSSV_BG-58-img-2_jpg.rf.309de253f103119506669b53fe80ffa2.jpg,WSSV_BG,1,42021001,strong_then_w1,1.23604302368223,1.2584299767071807,-22.57431417432133,-37.15555284790389,-3.3229126930236816,0.6702152490615845,1.2290147542953491,True,True,0.5955336093902588,0.16540296375751495,0.0005916341145833333,0.0013619113015010953,0.07116252183914185,0.245335653424263,0.06924121081829071,64004177920.0,0.9986287884384677,72935096.0,0.0011379739404537193,14944099.0,0.00023316614576829355
WSSV_BG-58-img-2_jpg.rf.309de253f103119506669b53fe80ffa2.jpg,WSSV_BG,2,42021002,original,-0.12001588888867687,0.6361540030516121,-31.79919651563648,-21.529981743309804,4.965732574462891,1.273775339126587,0.6728406548500061,False,True,0.3703514337539673,0.0961664691567421,3.2552083333333335e-06,0.002022776287049055,0.04574136435985565,0.23069873452186584,0.044455479830503464,24514955264.0,0.9980353944168949,32579524.0,0.0013263543716517995,15682071.0,0.0006384373027489262
WSSV_BG-58-img-2_jpg.rf.309de253f103119506669b53fe80ffa2.jpg,WSSV_BG,2,42021002,w1_only,-0.12001588888867687,0.6361540030516121,-31.79919651563648,-21.529981743309804,4.965732574462891,1.273775339126587,0.6728406548500061,False,True,0.3684099316596985,0.09671342372894287,1.3834635416666666e-05,0.0024817315861582756,0.05341459810733795,0.24866941571235657,0.05205712467432022,24282132480.0,0.9976110867384519,38864184.0,0.00159670246702497,19288880.0,0.0007924674883730636
WSSV_BG-58-img-2_jpg.rf.309de253f103119506669b53fe80ffa2.jpg,WSSV_BG,2,42021002,strong_only,-0.12001588888867687,0.6361540030516121,-31.79919651563648,-21.529981743309804,4.965732574462891,1.273775339126587,0.6728406548500061,False,True,0.2435990571975708,0.07304354012012482,0.02030029296875,0.0004183742275927216,0.018333066254854202,0.15450474619865417,0.017954351380467415,10837364736.0,0.9987615706979115,10050498.0,0.0009262446557170315,3385203.25,0.00031197721932071687
WSSV_BG-58-img-2_jpg.rf.309de253f103119506669b53fe80ffa2.jpg,WSSV_BG,2,42021002,w1_then_strong,-0.12001588888867687,0.6361540030516121,-31.79919651563648,-21.529981743309804,4.965732574462891,1.273775339126587,0.6728406548500061,False,True,0.24311567842960358,0.07360075414180756,0.021117350260416667,0.00049067591316998,0.020032096654176712,0.16382311284542084,0.019632188603281975,10810159104.0,0.9986248659464232,10951167.0,0.0010116509453857428,3932495.0,0.0003632774739417914
WSSV_BG-58-img-2_jpg.rf.309de253f103119506669b53fe80ffa2.jpg,WSSV_BG,2,42021002,strong_then_w1,-0.12001588888867687,0.6361540030516121,-31.79919651563648,-21.529981743309804,4.965732574462891,1.273775339126587,0.6728406548500061,False,True,0.24280233681201935,0.07405667752027512,0.021258951822916667,0.0005277850432321429,0.02146853506565094,0.16574914753437042,0.021067263558506966,10794609664.0,0.9985028534915311,11898027.0,0.0011005691062678969,4284859.0,0.0003963500368686299
WSSV_BG-58-img-2_jpg.rf.309de253f103119506669b53fe80ffa2.jpg,WSSV_BG,3,42021003,original,1.2380595081936452,0.5341763590703715,-63.21630210176022,29.62304183777377,0.806379497051239,0.5942118167877197,0.9429164528846741,False,False,0.3703514337539673,0.0961664691567421,3.2552083333333335e-06,0.002022776287049055,0.04574136435985565,0.23069873452186584,0.044455479830503464,24514955264.0,0.9980353944168949,32579524.0,0.0013263543716517995,15682071.0,0.0006384373027489262
WSSV_BG-58-img-2_jpg.rf.309de253f103119506669b53fe80ffa2.jpg,WSSV_BG,3,42021003,w1_only,1.2380595081936452,0.5341763590703715,-63.21630210176022,29.62304183777377,0.806379497051239,0.5942118167877197,0.9429164528846741,False,False,0.3684099316596985,0.09671342372894287,1.3834635416666666e-05,0.0024817315861582756,0.05341459810733795,0.24866941571235657,0.05205712467432022,24282132480.0,0.9976110867384519,38864184.0,0.00159670246702497,19288880.0,0.0007924674883730636
WSSV_BG-58-img-2_jpg.rf.309de253f103119506669b53fe80ffa2.jpg,WSSV_BG,3,42021003,strong_only,1.2380595081936452,0.5341763590703715,-63.21630210176022,29.62304183777377,0.806379497051239,0.5942118167877197,0.9429164528846741,False,False,0.43132513761520386,0.06469772011041641,0.0,0.0007476433529518545,0.020568346604704857,0.23710204660892487,0.020139822736382484,31892244480.0,0.9992912984683923,17037772.0,0.0005338507082988603,5574107.5,0.0001746555381190093
WSSV_BG-58-img-2_jpg.rf.309de253f103119506669b53fe80ffa2.jpg,WSSV_BG,3,42021003,w1_then_strong,1.2380595081936452,0.5341763590703715,-63.21630210176022,29.62304183777377,0.806379497051239,0.5942118167877197,0.9429164528846741,False,False,0.4307970702648163,0.06466023623943329,0.0,0.0008971653878688812,0.0220910906791687,0.2487969845533371,0.02164243720471859,31812233216.0,0.9992015170725338,18693308.0,0.0005871446240784447,6727876.5,0.00021131821710949726
WSSV_BG-58-img-2_jpg.rf.309de253f103119506669b53fe80ffa2.jpg,WSSV_BG,3,42021003,strong_then_w1,1.2380595081936452,0.5341763590703715,-63.21630210176022,29.62304183777377,0.806379497051239,0.5942118167877197,0.9429164528846741,False,False,0.43065112829208374,0.06483405828475952,0.0,0.0009276369237340987,0.023109426721930504,0.2548457980155945,0.022650819271802902,31793264640.0,0.999149464481212,20123654.0,0.0006324150207653919,6941516.5,0.00021814722621899633
WSSV_BG-58-img-2_jpg.rf.309de253f103119506669b53fe80ffa2.jpg,WSSV_BG,4,42021004,original,-4.350213873068267,0.9562530863334047,0.6727221191604826,-12.932974240603016,0.4559243619441986,0.6661412119865417,1.3197784423828125,False,False,0.3703514337539673,0.0961664691567421,3.2552083333333335e-06,0.002022776287049055,0.04574136435985565,0.23069873452186584,0.044455479830503464,24514955264.0,0.9980353944168949,32579524.0,0.0013263543716517995,15682071.0,0.0006384373027489262
WSSV_BG-58-img-2_jpg.rf.309de253f103119506669b53fe80ffa2.jpg,WSSV_BG,4,42021004,w1_only,-4.350213873068267,0.9562530863334047,0.6727221191604826,-12.932974240603016,0.4559243619441986,0.6661412119865417,1.3197784423828125,False,False,0.3684099316596985,0.09671342372894287,1.3834635416666666e-05,0.0024817315861582756,0.05341459810733795,0.24866941571235657,0.05205712467432022,24282132480.0,0.9976110867384519,38864184.0,0.00159670246702497,19288880.0,0.0007924674883730636
WSSV_BG-58-img-2_jpg.rf.309de253f103119506669b53fe80ffa2.jpg,WSSV_BG,4,42021004,strong_only,-4.350213873068267,0.9562530863334047,0.6727221191604826,-12.932974240603016,0.4559243619441986,0.6661412119865417,1.3197784423828125,False,False,0.6076459884643555,0.1435498148202896,0.118125,0.0014980128034949303,0.056939419358968735,0.26505088806152344,0.05561613291501999,65340600320.0,0.9990249166059457,52643608.0,0.0008048942898361803,11116218.0,0.0001699613824488277
WSSV_BG-58-img-2_jpg.rf.309de253f103119506669b53fe80ffa2.jpg,WSSV_BG,4,42021004,w1_then_strong,-4.350213873068267,0.9562530863334047,0.6727221191604826,-12.932974240603016,0.4559243619441986,0.6661412119865417,1.3197784423828125,False,False,0.6058644652366638,0.14439569413661957,0.11288004557291667,0.001806482207030058,0.06303270161151886,0.28332579135894775,0.0616319514811039,65008103424.0,0.9988571538618684,60954888.0,0.0009365790222264977,13429430.0,0.00020634477120947534
WSSV_BG-58-img-2_jpg.rf.309de253f103119506669b53fe80ffa2.jpg,WSSV_BG,4,42021004,strong_then_w1,-4.350213873068267,0.9562530863334047,0.6727221191604826,-12.932974240603016,0.4559243619441986,0.6661412119865417,1.3197784423828125,False,False,0.6058961749076843,0.14418382942676544,0.11845784505208333,0.0018495380645617843,0.06439191102981567,0.28378140926361084,0.06299692392349243,65002831872.0,0.9988348062683684,62019608.0,0.0009529945289691909,13796231.0,0.00021199315970193088
WSSV_BG-58-img-2_jpg.rf.309de253f103119506669b53fe80ffa2.jpg,WSSV_BG,5,42021005,original,5.301665746783478,0.5057733487006243,58.83901123259341,40.69149229637026,1.2607917785644531,0.7221828699111938,0.790332019329071,False,False,0.3703514337539673,0.0961664691567421,3.2552083333333335e-06,0.002022776287049055,0.04574136435985565,0.23069873452186584,0.044455479830503464,24514955264.0,0.9980353944168949,32579524.0,0.0013263543716517995,15682071.0,0.0006384373027489262
WSSV_BG-58-img-2_jpg.rf.309de253f103119506669b53fe80ffa2.jpg,WSSV_BG,5,42021005,w1_only,5.301665746783478,0.5057733487006243,58.83901123259341,40.69149229637026,1.2607917785644531,0.7221828699111938,0.790332019329071,False,False,0.3684099316596985,0.09671342372894287,1.3834635416666666e-05,0.0024817315861582756,0.05341459810733795,0.24866941571235657,0.05205712467432022,24282132480.0,0.9976110867384519,38864184.0,0.00159670246702497,19288880.0,0.0007924674883730636
WSSV_BG-58-img-2_jpg.rf.309de253f103119506669b53fe80ffa2.jpg,WSSV_BG,5,42021005,strong_only,5.301665746783478,0.5057733487006243,58.83901123259341,40.69149229637026,1.2607917785644531,0.7221828699111938,0.790332019329071,False,False,0.3523729741573334,0.044947654008865356,0.0,0.00048435767530463636,0.015095710754394531,0.2045956403017044,0.014760625548660755,21157330944.0,0.9993705279990249,9779871.0,0.00046195405606225937,3547920.5,0.00016758669573059188
WSSV_BG-58-img-2_jpg.rf.309de253f103119506669b53fe80ffa2.jpg,WSSV_BG,5,42021005,w1_then_strong,5.301665746783478,0.5057733487006243,58.83901123259341,40.69149229637026,1.2607917785644531,0.7221828699111938,0.790332019329071,False,False,0.35197189450263977,0.045115381479263306,0.0,0.0005838309298269451,0.016222696751356125,0.21505051851272583,0.015871116891503334,21110767616.0,0.9992888253286759,10723560.0,0.0005076051174766329,4302763.5,0.0002036734789465129
WSSV_BG-58-img-2_jpg.rf.309de253f103119506669b53fe80ffa2.jpg,WSSV_BG,5,42021005,strong_then_w1,5.301665746783478,0.5057733487006243,58.83901123259341,40.69149229637026,1.2607917785644531,0.7221828699111938,0.790332019329071,False,False,0.3518040180206299,0.04529726877808571,8.138020833333334e-07,0.0006063281325623393,0.017203859984874725,0.21990267932415009,0.01684543304145336,21092671488.0,0.9992393516015724,11610005.0,0.0005500096976758553,4449174.5,0.00021077416604490048
WSSV_BG-58-img-2_jpg.rf.309de253f103119506669b53fe80ffa2.jpg,WSSV_BG,6,42021006,original,-3.906467395409738,1.0764458883597963,-42.057135378463215,-39.53946921097338,-0.871631920337677,0.9931252002716064,0.9792397618293762,False,True,0.3703514337539673,0.0961664691567421,3.2552083333333335e-06,0.002022776287049055,0.04574136435985565,0.23069873452186584,0.044455479830503464,24514955264.0,0.9980353944168949,32579524.0,0.0013263543716517995,15682071.0,0.0006384373027489262
WSSV_BG-58-img-2_jpg.rf.309de253f103119506669b53fe80ffa2.jpg,WSSV_BG,6,42021006,w1_only,-3.906467395409738,1.0764458883597963,-42.057135378463215,-39.53946921097338,-0.871631920337677,0.9931252002716064,0.9792397618293762,False,True,0.3684099316596985,0.09671342372894287,1.3834635416666666e-05,0.0024817315861582756,0.05341459810733795,0.24866941571235657,0.05205712467432022,24282132480.0,0.9976110867384519,38864184.0,0.00159670246702497,19288880.0,0.0007924674883730636
WSSV_BG-58-img-2_jpg.rf.309de253f103119506669b53fe80ffa2.jpg,WSSV_BG,6,42021006,strong_only,-3.906467395409738,1.0764458883597963,-42.057135378463215,-39.53946921097338,-0.871631920337677,0.9931252002716064,0.9792397618293762,False,True,0.3684554696083069,0.10022333264350891,0.0,0.0007595156203024089,0.046832915395498276,0.19025985896587372,0.04567723721265793,24427124736.0,0.9985794031031603,28554286.0,0.0011672975095547867,6198195.0,0.00025338184212467897
WSSV_BG-58-img-2_jpg.rf.309de253f103119506669b53fe80ffa2.jpg,WSSV_BG,6,42021006,w1_then_strong,-3.906467395409738,1.0764458883597963,-42.057135378463215,-39.53946921097338,-0.871631920337677,0.9931252002716064,0.9792397618293762,False,True,0.36665821075439453,0.10074034333229065,1.6276041666666668e-06,0.0009273038012906909,0.05285191908478737,0.20452135801315308,0.05162983015179634,24216567808.0,0.9983063106539147,33616968.0,0.0013858293861264714,7465784.0,0.00030777025630844616
WSSV_BG-58-img-2_jpg.rf.309de253f103119506669b53fe80ffa2.jpg,WSSV_BG,6,42021006,strong_then_w1,-3.906467395409738,1.0764458883597963,-42.057135378463215,-39.53946921097338,-0.871631920337677,0.9931252002716064,0.9792397618293762,False,True,0.36658018827438354,0.100736103951931,6.510416666666667e-06,0.0009659589850343764,0.054392460733652115,0.20398715138435364,0.05318709462881088,24205938688.0,0.9982690585989629,34085936.0,0.0014057267384161895,7886897.0,0.000325260893408778
WSSV_BG-58-img-2_jpg.rf.309de253f103119506669b53fe80ffa2.jpg,WSSV_BG,7,42021007,original,0.6096332688910859,1.1624550343143287,-0.6864400638351071,-15.584792268220212,6.110898971557617,0.9425621032714844,1.212697982788086,False,False,0.3703514337539673,0.0961664691567421,3.2552083333333335e-06,0.002022776287049055,0.04574136435985565,0.23069873452186584,0.044455479830503464,24514955264.0,0.9980353944168949,32579524.0,0.0013263543716517995,15682071.0,0.0006384373027489262
WSSV_BG-58-img-2_jpg.rf.309de253f103119506669b53fe80ffa2.jpg,WSSV_BG,7,42021007,w1_only,0.6096332688910859,1.1624550343143287,-0.6864400638351071,-15.584792268220212,6.110898971557617,0.9425621032714844,1.212697982788086,False,False,0.3684099316596985,0.09671342372894287,1.3834635416666666e-05,0.0024817315861582756,0.05341459810733795,0.24866941571235657,0.05205712467432022,24282132480.0,0.9976110867384519,38864184.0,0.00159670246702497,19288880.0,0.0007924674883730636
WSSV_BG-58-img-2_jpg.rf.309de253f103119506669b53fe80ffa2.jpg,WSSV_BG,7,42021007,strong_only,0.6096332688910859,1.1624550343143287,-0.6864400638351071,-15.584792268220212,6.110898971557617,0.9425621032714844,1.212697982788086,False,False,0.40809139609336853,0.11000721156597137,4.8828125e-05,0.0010030269622802734,0.054409947246313095,0.23014408349990845,0.05275166779756546,29921986560.0,0.9983693685370606,39875420.0,0.0013304730889348436,8989288.0,0.0002999342896622762
WSSV_BG-58-img-2_jpg.rf.309de253f103119506669b53fe80ffa2.jpg,WSSV_BG,7,42021007,w1_then_strong,0.6096332688910859,1.1624550343143287,-0.6864400638351071,-15.584792268220212,6.110898971557617,0.9425621032714844,1.212697982788086,False,False,0.4056801497936249,0.11049485206604004,6.429036458333333e-05,0.0012310787569731474,0.062479354441165924,0.24781495332717896,0.0607304647564888,29601931264.0,0.9980527911788403,47059284.0,0.001586641402826201,10694945.0,0.0003605886255717164
WSSV_BG-58-img-2_jpg.rf.309de253f103119506669b53fe80ffa2.jpg,WSSV_BG,7,42021007,strong_then_w1,0.6096332688910859,1.1624550343143287,-0.6864400638351071,-15.584792268220212,6.110898971557617,0.9425621032714844,1.212697982788086,False,False,0.4060054123401642,0.11049096286296844,8.7890625e-05,0.0012589867692440748,0.062402695417404175,0.24640217423439026,0.060666415840387344,29645189120.0,0.9980256244111037,47360592.0,0.0015944268127940863,11279157.0,0.00037972055641775145
WSSV_BG-58-img-2_jpg.rf.309de253f103119506669b53fe80ffa2.jpg,WSSV_BG,8,42021008,original,6.775746061658076,1.4361887275544896,-53.197599966700295,11.306345857828887,1.725640892982483,0.9198353290557861,0.9804040789604187,True,False,0.3703514337539673,0.0961664691567421,3.2552083333333335e-06,0.002022776287049055,0.04574136435985565,0.23069873452186584,0.044455479830503464,24514955264.0,0.9980353944168949,32579524.0,0.0013263543716517995,15682071.0,0.0006384373027489262
WSSV_BG-58-img-2_jpg.rf.309de253f103119506669b53fe80ffa2.jpg,WSSV_BG,8,42021008,w1_only,6.775746061658076,1.4361887275544896,-53.197599966700295,11.306345857828887,1.725640892982483,0.9198353290557861,0.9804040789604187,True,False,0.3684099316596985,0.09671342372894287,1.3834635416666666e-05,0.0024817315861582756,0.05341459810733795,0.24866941571235657,0.05205712467432022,24282132480.0,0.9976110867384519,38864184.0,0.00159670246702497,19288880.0,0.0007924674883730636
WSSV_BG-58-img-2_jpg.rf.309de253f103119506669b53fe80ffa2.jpg,WSSV_BG,8,42021008,strong_only,6.775746061658076,1.4361887275544896,-53.197599966700295,11.306345857828887,1.725640892982483,0.9198353290557861,0.9804040789604187,True,False,0.3604225218296051,0.10595063865184784,0.0,0.0005697442102245986,0.047856226563453674,0.1764085441827774,0.04600006341934204,23642212352.0,0.998502080247085,29393410.0,0.0012413974036601814,6078359.5,0.0002567126339479903
WSSV_BG-58-img-2_jpg.rf.309de253f103119506669b53fe80ffa2.jpg,WSSV_BG,8,42021008,w1_then_strong,6.775746061658076,1.4361887275544896,-53.197599966700295,11.306345857828887,1.725640892982483,0.9198353290557861,0.9804040789604187,True,False,0.3584960997104645,0.10645949095487595,8.138020833333334e-07,0.000695618218742311,0.05422688648104668,0.1907525509595871,0.05225561559200287,23421739008.0,0.9982220113424678,34689764.0,0.0014784592203528465,7023520.0,0.00029933867244910124
WSSV_BG-58-img-2_jpg.rf.309de253f103119506669b53fe80ffa2.jpg,WSSV_BG,8,42021008,strong_then_w1,6.775746061658076,1.4361887275544896,-53.197599966700295,11.306345857828887,1.725640892982483,0.9198353290557861,0.9804040789604187,True,False,0.3584803342819214,0.10642222315073013,3.2552083333333335e-06,0.0007284278981387615,0.05539798364043236,0.1893215924501419,0.05346427857875824,23417442304.0,0.998176197863152,35118972.0,0.0014969577586120353,7672106.0,0.00032702604739096426
WSSV_BG-58-img-2_jpg.rf.309de253f103119506669b53fe80ffa2.jpg,WSSV_BG,9,42021009,original,0.10389584770291194,1.381893607555427,-27.87468681846474,2.608381795005755,-7.585606098175049,1.4792191982269287,0.6798360347747803,False,True,0.3703514337539673,0.0961664691567421,3.2552083333333335e-06,0.002022776287049055,0.04574136435985565,0.23069873452186584,0.044455479830503464,24514955264.0,0.9980353944168949,32579524.0,0.0013263543716517995,15682071.0,0.0006384373027489262
WSSV_BG-58-img-2_jpg.rf.309de253f103119506669b53fe80ffa2.jpg,WSSV_BG,9,42021009,w1_only,0.10389584770291194,1.381893607555427,-27.87468681846474,2.608381795005755,-7.585606098175049,1.4792191982269287,0.6798360347747803,False,True,0.3684099316596985,0.09671342372894287,1.3834635416666666e-05,0.0024817315861582756,0.05341459810733795,0.24866941571235657,0.05205712467432022,24282132480.0,0.9976110867384519,38864184.0,0.00159670246702497,19288880.0,0.0007924674883730636
WSSV_BG-58-img-2_jpg.rf.309de253f103119506669b53fe80ffa2.jpg,WSSV_BG,9,42021009,strong_only,0.10389584770291194,1.381893607555427,-27.87468681846474,2.608381795005755,-7.585606098175049,1.4792191982269287,0.6798360347747803,False,True,0.233838751912117,0.0687061995267868,0.23395751953125,0.0002920939296018332,0.03088175505399704,0.12400873750448227,0.02963714674115181,9949530112.0,0.9983620486013605,13356527.0,0.0013402290869833776,2968265.5,0.000297843575728126
WSSV_BG-58-img-2_jpg.rf.309de253f103119506669b53fe80ffa2.jpg,WSSV_BG,9,42021009,w1_then_strong,0.10389584770291194,1.381893607555427,-27.87468681846474,2.608381795005755,-7.585606098175049,1.4792191982269287,0.6798360347747803,False,True,0.23298229277133942,0.06913495808839798,0.23582763671875,0.0003584344231057912,0.035024289041757584,0.13390366733074188,0.0337027981877327,9889506304.0,0.9980641666941389,15715415.0,0.0015860238210155622,3467917.5,0.0003499875608958934
WSSV_BG-58-img-2_jpg.rf.309de253f103119506669b53fe80ffa2.jpg,WSSV_BG,9,42021009,strong_then_w1,0.10389584770291194,1.381893607555427,-27.87468681846474,2.608381795005755,-7.585606098175049,1.4792191982269287,0.6798360347747803,False,True,0.2323586642742157,0.06921900063753128,0.23680094401041665,0.00037811711081303656,0.03621619567275047,0.13418108224868774,0.03490692004561424,9842118656.0,0.9979885401195496,16026081.0,0.001625040881952526,3808323.0,0.00038616306548557255
WSSV_BG-58-img-2_jpg.rf.309de253f103119506669b53fe80ffa2.jpg,WSSV_BG,10,42021010,original,-5.775280774002924,1.423007219370275,-18.774912938432692,-55.301016412934246,5.821619510650635,0.6170920133590698,0.9854598045349121,False,True,0.3703514337539673,0.0961664691567421,3.2552083333333335e-06,0.002022776287049055,0.04574136435985565,0.23069873452186584,0.044455479830503464,24514955264.0,0.9980353944168949,32579524.0,0.0013263543716517995,15682071.0,0.0006384373027489262
WSSV_BG-58-img-2_jpg.rf.309de253f103119506669b53fe80ffa2.jpg,WSSV_BG,10,42021010,w1_only,-5.775280774002924,1.423007219370275,-18.774912938432692,-55.301016412934246,5.821619510650635,0.6170920133590698,0.9854598045349121,False,True,0.3684099316596985,0.09671342372894287,1.3834635416666666e-05,0.0024817315861582756,0.05341459810733795,0.24866941571235657,0.05205712467432022,24282132480.0,0.9976110867384519,38864184.0,0.00159670246702497,19288880.0,0.0007924674883730636
WSSV_BG-58-img-2_jpg.rf.309de253f103119506669b53fe80ffa2.jpg,WSSV_BG,10,42021010,strong_only,-5.775280774002924,1.423007219370275,-18.774912938432692,-55.301016412934246,5.821619510650635,0.6170920133590698,0.9854598045349121,False,True,0.4439447820186615,0.12305021286010742,0.0,0.0006176244933158159,0.05082284286618233,0.1786567121744156,0.04900950565934181,35563028480.0,0.9987930341088653,35955348.0,0.0010098113871701436,7020717.0,0.00019717789889556927
WSSV_BG-58-img-2_jpg.rf.309de253f103119506669b53fe80ffa2.jpg,WSSV_BG,10,42021010,w1_then_strong,-5.775280774002924,1.423007219370275,-18.774912938432692,-55.301016412934246,5.821619510650635,0.6170920133590698,0.9854598045349121,False,True,0.44205519556999207,0.12357116490602493,0.0,0.0007487828843295574,0.057203833013772964,0.1930353343486786,0.0552770234644413,35296559104.0,0.998582082979897,42123952.0,0.0011917372344302606,7996612.5,0.00022623377943172218
WSSV_BG-58-img-2_jpg.rf.309de253f103119506669b53fe80ffa2.jpg,WSSV_BG,10,42021010,strong_then_w1,-5.775280774002924,1.423007219370275,-18.774912938432692,-55.301016412934246,5.821619510650635,0.6170920133590698,0.9854598045349121,False,True,0.4422581195831299,0.12365175038576126,1.5462239583333335e-05,0.0007856974261812866,0.058214426040649414,0.19181914627552032,0.05631919950246811,35328573440.0,0.9985429035373431,42750032.0,0.0012083063912018048,8810157.0,0.0002490142933832498
WSSV_BG-58-img-2_jpg.rf.309de253f103119506669b53fe80ffa2.jpg,WSSV_BG,11,42021011,original,7.437260178420221,1.0447414263415444,-38.65633284479418,12.968755899938458,-5.6562418937683105,0.620612382888794,0.968860924243927,False,False,0.3703514337539673,0.0961664691567421,3.2552083333333335e-06,0.002022776287049055,0.04574136435985565,0.23069873452186584,0.044455479830503464,24514955264.0,0.9980353944168949,32579524.0,0.0013263543716517995,15682071.0,0.0006384373027489262
WSSV_BG-58-img-2_jpg.rf.309de253f103119506669b53fe80ffa2.jpg,WSSV_BG,11,42021011,w1_only,7.437260178420221,1.0447414263415444,-38.65633284479418,12.968755899938458,-5.6562418937683105,0.620612382888794,0.968860924243927,False,False,0.3684099316596985,0.09671342372894287,1.3834635416666666e-05,0.0024817315861582756,0.05341459810733795,0.24866941571235657,0.05205712467432022,24282132480.0,0.9976110867384519,38864184.0,0.00159670246702497,19288880.0,0.0007924674883730636
WSSV_BG-58-img-2_jpg.rf.309de253f103119506669b53fe80ffa2.jpg,WSSV_BG,11,42021011,strong_only,7.437260178420221,1.0447414263415444,-38.65633284479418,12.968755899938458,-5.6562418937683105,0.620612382888794,0.968860924243927,False,False,0.484745055437088,0.12826323509216309,0.0,0.0008356642792932689,0.048456307500600815,0.1900235414505005,0.04738127440214157,42138705920.0,0.9989542206953607,36653016.0,0.0008689086253366982,7459677.5,0.0001768416034844199
WSSV_BG-58-img-2_jpg.rf.309de253f103119506669b53fe80ffa2.jpg,WSSV_BG,11,42021011,w1_then_strong,7.437260178420221,1.0447414263415444,-38.65633284479418,12.968755899938458,-5.6562418937683105,0.620612382888794,0.968860924243927,False,False,0.48297297954559326,0.12864455580711365,0.0,0.0010135495103895664,0.054257746785879135,0.20405015349388123,0.05312023684382439,41860337664.0,0.9987775984657239,42495704.0,0.0010139372865769307,8723651.0,0.00020814421674210005
WSSV_BG-58-img-2_jpg.rf.309de253f103119506669b53fe80ffa2.jpg,WSSV_BG,11,42021011,strong_then_w1,7.437260178420221,1.0447414263415444,-38.65633284479418,12.968755899938458,-5.6562418937683105,0.620612382888794,0.968860924243927,False,False,0.48287925124168396,0.12878212332725525,0.0,0.0010612158803269267,0.05612923949956894,0.20357081294059753,0.05500959977507591,41849192448.0,0.9987324603826666,43624540.0,0.0010411011926072244,9492105.0,0.0002265294221062961
WSSV_BG-37-img-3_jpg.rf.a8f25c6708ad231f5834feaf7266b498.jpg,WSSV_BG,0,42022000,original,-3.2666668302113315,0.7533258136841893,45.512938754924676,39.776021740855754,-0.6584418416023254,0.6326974630355835,1.2871909141540527,True,True,0.3454452157020569,0.11078177392482758,0.000126953125,0.002530530095100403,0.062380824238061905,0.14803491532802582,0.06126462295651436,22019651584.0,0.9972823692464263,41144792.0,0.0018634707044014691,18856052.0,0.0008540011698848965
WSSV_BG-37-img-3_jpg.rf.a8f25c6708ad231f5834feaf7266b498.jpg,WSSV_BG,0,42022000,w1_only,-3.2666668302113315,0.7533258136841893,45.512938754924676,39.776021740855754,-0.6584418416023254,0.6326974630355835,1.2871909141540527,True,True,0.3434748947620392,0.11134276539087296,0.00024332682291666667,0.003120163455605507,0.07063648104667664,0.15830986201763153,0.06949397176504135,21800488960.0,0.996692631796371,49023664.0,0.0022413040726798916,23316416.0,0.0010659990273492936
WSSV_BG-37-img-3_jpg.rf.a8f25c6708ad231f5834feaf7266b498.jpg,WSSV_BG,0,42022000,strong_only,-3.2666668302113315,0.7533258136841893,45.512938754924676,39.776021740855754,-0.6584418416023254,0.6326974630355835,1.2871909141540527,True,True,0.5784843564033508,0.12676948308944702,0.08642333984375,0.002006637630984187,0.05118151009082794,0.20710061490535736,0.05003843829035759,58771906560.0,0.9988405366110171,53796352.0,0.0009142799722608686,14436597.0,0.0002453529098906435
WSSV_BG-37-img-3_jpg.rf.a8f25c6708ad231f5834feaf7266b498.jpg,WSSV_BG,0,42022000,w1_then_strong,-3.2666668302113315,0.7533258136841893,45.512938754924676,39.776021740855754,-0.6584418416023254,0.6326974630355835,1.2871909141540527,True,True,0.5774780511856079,0.12758482992649078,0.08614420572916667,0.00240340712480247,0.05477973818778992,0.2176453024148941,0.05358574166893959,58601590784.0,0.998667887095404,60779920.0,0.001035790214432205,17398068.0,0.0002964918115131788
WSSV_BG-37-img-3_jpg.rf.a8f25c6708ad231f5834feaf7266b498.jpg,WSSV_BG,0,42022000,strong_then_w1,-3.2666668302113315,0.7533258136841893,45.512938754924676,39.776021740855754,-0.6584418416023254,0.6326974630355835,1.2871909141540527,True,True,0.5773302316665649,0.12738388776779175,0.08667073567708333,0.0024553469847887754,0.05655227228999138,0.21979284286499023,0.05535551905632019,58561425408.0,0.9986171704295188,63407268.0,0.001081250774100457,17706512.0,0.00030193983135527985
WSSV_BG-37-img-3_jpg.rf.a8f25c6708ad231f5834feaf7266b498.jpg,WSSV_BG,1,42022001,original,-1.0783376637112756,0.8123303981346236,-6.021291802201745,50.16414877226612,-7.220630645751953,0.8614962100982666,1.0365976095199585,True,False,0.3454452157020569,0.11078177392482758,0.000126953125,0.002530530095100403,0.062380824238061905,0.14803491532802582,0.06126462295651436,22019651584.0,0.9972823692464263,41144792.0,0.0018634707044014691,18856052.0,0.0008540011698848965
WSSV_BG-37-img-3_jpg.rf.a8f25c6708ad231f5834feaf7266b498.jpg,WSSV_BG,1,42022001,w1_only,-1.0783376637112756,0.8123303981346236,-6.021291802201745,50.16414877226612,-7.220630645751953,0.8614962100982666,1.0365976095199585,True,False,0.3434748947620392,0.11134276539087296,0.00024332682291666667,0.003120163455605507,0.07063648104667664,0.15830986201763153,0.06949397176504135,21800488960.0,0.996692631796371,49023664.0,0.0022413040726798916,23316416.0,0.0010659990273492936
WSSV_BG-37-img-3_jpg.rf.a8f25c6708ad231f5834feaf7266b498.jpg,WSSV_BG,1,42022001,strong_only,-1.0783376637112756,0.8123303981346236,-6.021291802201745,50.16414877226612,-7.220630645751953,0.8614962100982666,1.0365976095199585,True,False,0.47646069526672363,0.12506727874279022,0.0,0.0013794489204883575,0.053070370107889175,0.15925295650959015,0.05215761065483093,40660758528.0,0.9987658977691283,40292216.0,0.000989713245478086,9952261.0,0.0002444612263111808
WSSV_BG-37-img-3_jpg.rf.a8f25c6708ad231f5834feaf7266b498.jpg,WSSV_BG,1,42022001,w1_then_strong,-1.0783376637112756,0.8123303981346236,-6.021291802201745,50.16414877226612,-7.220630645751953,0.8614962100982666,1.0365976095199585,True,False,0.4751069247722626,0.12536107003688812,0.0,0.0016721428837627172,0.057636190205812454,0.16787762939929962,0.05668853595852852,40448708608.0,0.9985550277097958,46369904.0,0.0011447312501952835,12142914.0,0.00029977144494915955
WSSV_BG-37-img-3_jpg.rf.a8f25c6708ad231f5834feaf7266b498.jpg,WSSV_BG,1,42022001,strong_then_w1,-1.0783376637112756,0.8123303981346236,-6.021291802201745,50.16414877226612,-7.220630645751953,0.8614962100982666,1.0365976095199585,True,False,0.4750111699104309,0.12548872828483582,1.6276041666666668e-06,0.0017204463947564363,0.05925054848194122,0.1694038361310959,0.05830364301800728,40437088256.0,0.9985114877001267,47778132.0,0.001179783602637965,12485379.0,0.00030830099043889774
WSSV_BG-37-img-3_jpg.rf.a8f25c6708ad231f5834feaf7266b498.jpg,WSSV_BG,2,42022002,original,0.7343048062310924,1.283881707279277,3.944789403130983,-59.78630447454657,-7.240772724151611,0.5521852970123291,1.330417513847351,False,False,0.3454452157020569,0.11078177392482758,0.000126953125,0.002530530095100403,0.062380824238061905,0.14803491532802582,0.06126462295651436,22019651584.0,0.9972823692464263,41144792.0,0.0018634707044014691,18856052.0,0.0008540011698848965
WSSV_BG-37-img-3_jpg.rf.a8f25c6708ad231f5834feaf7266b498.jpg,WSSV_BG,2,42022002,w1_only,0.7343048062310924,1.283881707279277,3.944789403130983,-59.78630447454657,-7.240772724151611,0.5521852970123291,1.330417513847351,False,False,0.3434748947620392,0.11134276539087296,0.00024332682291666667,0.003120163455605507,0.07063648104667664,0.15830986201763153,0.06949397176504135,21800488960.0,0.996692631796371,49023664.0,0.0022413040726798916,23316416.0,0.0010659990273492936
WSSV_BG-37-img-3_jpg.rf.a8f25c6708ad231f5834feaf7266b498.jpg,WSSV_BG,2,42022002,strong_only,0.7343048062310924,1.283881707279277,3.944789403130983,-59.78630447454657,-7.240772724151611,0.5521852970123291,1.330417513847351,False,False,0.626709520816803,0.22527821362018585,0.13389078776041666,0.0017178261186927557,0.09229665994644165,0.15823154151439667,0.09086816012859344,74296008704.0,0.9984753147188663,100988160.0,0.0013571951790924462,12479823.0,0.00016771823163752095
WSSV_BG-37-img-3_jpg.rf.a8f25c6708ad231f5834feaf7266b498.jpg,WSSV_BG,2,42022002,w1_then_strong,0.7343048062310924,1.283881707279277,3.944789403130983,-59.78630447454657,-7.240772724151611,0.5521852970123291,1.330417513847351,False,False,0.6248493790626526,0.22664983570575714,0.1335546875,0.0020679894369095564,0.09989051520824432,0.1689542979001999,0.0983942300081253,73989406720.0,0.9981989799966977,118591880.0,0.0015999357056594977,14892093.0,0.0002009108155018865
WSSV_BG-37-img-3_jpg.rf.a8f25c6708ad231f5834feaf7266b498.jpg,WSSV_BG,2,42022002,strong_then_w1,0.7343048062310924,1.283881707279277,3.944789403130983,-59.78630447454657,-7.240772724151611,0.5521852970123291,1.330417513847351,False,False,0.6249658465385437,0.22606536746025085,0.13409993489583333,0.0021028814371675253,0.10060498863458633,0.1681118756532669,0.09914242476224899,73969041408.0,0.9981928571926042,118476528.0,0.0015988097417981286,15430337.0,0.00020822835992314115
WSSV_BG-37-img-3_jpg.rf.a8f25c6708ad231f5834feaf7266b498.jpg,WSSV_BG,3,42022003,original,-3.7211158080920974,1.3688756273610827,21.868839422574524,-25.240200282811372,5.594338893890381,0.8665549755096436,1.3613873720169067,False,True,0.3454452157020569,0.11078177392482758,0.000126953125,0.002530530095100403,0.062380824238061905,0.14803491532802582,0.06126462295651436,22019651584.0,0.9972823692464263,41144792.0,0.0018634707044014691,18856052.0,0.0008540011698848965
WSSV_BG-37-img-3_jpg.rf.a8f25c6708ad231f5834feaf7266b498.jpg,WSSV_BG,3,42022003,w1_only,-3.7211158080920974,1.3688756273610827,21.868839422574524,-25.240200282811372,5.594338893890381,0.8665549755096436,1.3613873720169067,False,True,0.3434748947620392,0.11134276539087296,0.00024332682291666667,0.003120163455605507,0.07063648104667664,0.15830986201763153,0.06949397176504135,21800488960.0,0.996692631796371,49023664.0,0.0022413040726798916,23316416.0,0.0010659990273492936
WSSV_BG-37-img-3_jpg.rf.a8f25c6708ad231f5834feaf7266b498.jpg,WSSV_BG,3,42022003,strong_only,-3.7211158080920974,1.3688756273610827,21.868839422574524,-25.240200282811372,5.594338893890381,0.8665549755096436,1.3613873720169067,False,True,0.3977103531360626,0.1352434754371643,0.1408642578125,0.0014094189973548055,0.0834612101316452,0.15274740755558014,0.08175220340490341,29527939072.0,0.9973700807217398,66907372.0,0.0022599413677264675,10956926.0,0.0003700939013195391
WSSV_BG-37-img-3_jpg.rf.a8f25c6708ad231f5834feaf7266b498.jpg,WSSV_BG,3,42022003,w1_then_strong,-3.7211158080920974,1.3688756273610827,21.868839422574524,-25.240200282811372,5.594338893890381,0.8665549755096436,1.3613873720169067,False,True,0.3955647647380829,0.1365003138780594,0.14028483072916667,0.0016978211933746934,0.09147106856107712,0.16349829733371735,0.08969443291425705,29285298176.0,0.9968601210414972,79202144.0,0.0026960100723608252,13041573.0,0.00044393005532058556
WSSV_BG-37-img-3_jpg.rf.a8f25c6708ad231f5834feaf7266b498.jpg,WSSV_BG,3,42022003,strong_then_w1,-3.7211158080920974,1.3688756273610827,21.868839422574524,-25.240200282811372,5.594338893890381,0.8665549755096436,1.3613873720169067,False,True,0.39589065313339233,0.13603107631206512,0.14106608072916665,0.0017408011481165886,0.0921989157795906,0.16251899302005768,0.09046439081430435,29306765312.0,0.9968504001732618,79002152.0,0.002687206383827777,13598436.0,0.00046254188150815766
WSSV_BG-37-img-3_jpg.rf.a8f25c6708ad231f5834feaf7266b498.jpg,WSSV_BG,4,42022004,original,9.544281391233888,0.5769733783751286,41.8408038891601,21.284796864355144,8.566123008728027,0.9841903448104858,1.3769198656082153,True,True,0.3454452157020569,0.11078177392482758,0.000126953125,0.002530530095100403,0.062380824238061905,0.14803491532802582,0.06126462295651436,22019651584.0,0.9972823692464263,41144792.0,0.0018634707044014691,18856052.0,0.0008540011698848965
WSSV_BG-37-img-3_jpg.rf.a8f25c6708ad231f5834feaf7266b498.jpg,WSSV_BG,4,42022004,w1_only,9.544281391233888,0.5769733783751286,41.8408038891601,21.284796864355144,8.566123008728027,0.9841903448104858,1.3769198656082153,True,True,0.3434748947620392,0.11134276539087296,0.00024332682291666667,0.003120163455605507,0.07063648104667664,0.15830986201763153,0.06949397176504135,21800488960.0,0.996692631796371,49023664.0,0.0022413040726798916,23316416.0,0.0010659990273492936
WSSV_BG-37-img-3_jpg.rf.a8f25c6708ad231f5834feaf7266b498.jpg,WSSV_BG,4,42022004,strong_only,9.544281391233888,0.5769733783751286,41.8408038891601,21.284796864355144,8.566123008728027,0.9841903448104858,1.3769198656082153,True,True,0.5180385708808899,0.1447659581899643,0.06010579427083333,0.0019711842760443687,0.03688475489616394,0.24777592718601227,0.03597623482346535,48486203392.0,0.9988910260532088,38599644.0,0.0007952125615760273,15225249.0,0.00031366375446164344
WSSV_BG-37-img-3_jpg.rf.a8f25c6708ad231f5834feaf7266b498.jpg,WSSV_BG,4,42022004,w1_then_strong,9.544281391233888,0.5769733783751286,41.8408038891601,21.284796864355144,8.566123008728027,0.9841903448104858,1.3769198656082153,True,True,0.5173307657241821,0.1459280252456665,0.05965576171875,0.002294715493917465,0.039134398102760315,0.2580379843711853,0.038191355764865875,48414420992.0,0.9987756050847287,41708348.0,0.0008604312446010226,17635942.0,0.00036382442010821065
WSSV_BG-37-img-3_jpg.rf.a8f25c6708ad231f5834feaf7266b498.jpg,WSSV_BG,4,42022004,strong_then_w1,9.544281391233888,0.5769733783751286,41.8408038891601,21.284796864355144,8.566123008728027,0.9841903448104858,1.3769198656082153,True,True,0.5173302888870239,0.14598603546619415,0.06027750651041667,0.002413996262475848,0.04064362123608589,0.26195773482322693,0.03969019278883934,48412180480.0,0.9986725914209356,45650012.0,0.0009416930890206581,18685428.0,0.0003854530950176551
WSSV_BG-37-img-3_jpg.rf.a8f25c6708ad231f5834feaf7266b498.jpg,WSSV_BG,5,42022005,original,-6.565972584297983,1.1224189535676152,-58.20168037076962,27.218842783973514,5.949060916900635,1.3047593832015991,1.0785884857177734,False,True,0.3454452157020569,0.11078177392482758,0.000126953125,0.002530530095100403,0.062380824238061905,0.14803491532802582,0.06126462295651436,22019651584.0,0.9972823692464263,41144792.0,0.0018634707044014691,18856052.0,0.0008540011698848965
WSSV_BG-37-img-3_jpg.rf.a8f25c6708ad231f5834feaf7266b498.jpg,WSSV_BG,5,42022005,w1_only,-6.565972584297983,1.1224189535676152,-58.20168037076962,27.218842783973514,5.949060916900635,1.3047593832015991,1.0785884857177734,False,True,0.3434748947620392,0.11134276539087296,0.00024332682291666667,0.003120163455605507,0.07063648104667664,0.15830986201763153,0.06949397176504135,21800488960.0,0.996692631796371,49023664.0,0.0022413040726798916,23316416.0,0.0010659990273492936
WSSV_BG-37-img-3_jpg.rf.a8f25c6708ad231f5834feaf7266b498.jpg,WSSV_BG,5,42022005,strong_only,-6.565972584297983,1.1224189535676152,-58.20168037076962,27.218842783973514,5.949060916900635,1.3047593832015991,1.0785884857177734,False,True,0.2706241011619568,0.09286680817604065,0.24413330078125,0.0009902509627863765,0.05521198734641075,0.13490964472293854,0.05389771983027458,13680105472.0,0.99606813581025,43640712.0,0.003177542946305729,10360402.0,0.000754355756065386
WSSV_BG-37-img-3_jpg.rf.a8f25c6708ad231f5834feaf7266b498.jpg,WSSV_BG,5,42022005,w1_then_strong,-6.565972584297983,1.1224189535676152,-58.20168037076962,27.218842783973514,5.949060916900635,1.3047593832015991,1.0785884857177734,False,True,0.26978224515914917,0.0934910774230957,0.24449462890625,0.0011805894318968058,0.0602787546813488,0.14380398392677307,0.058901380747556686,13616285696.0,0.995539254166531,49283184.0,0.0036032839893132564,11728457.0,0.0008575128045186567
WSSV_BG-37-img-3_jpg.rf.a8f25c6708ad231f5834feaf7266b498.jpg,WSSV_BG,5,42022005,strong_then_w1,-6.565972584297983,1.1224189535676152,-58.20168037076962,27.218842783973514,5.949060916900635,1.3047593832015991,1.0785884857177734,False,True,0.2691195607185364,0.0936090499162674,0.24495035807291668,0.0012171429116278887,0.06184718757867813,0.14402727782726288,0.06049197167158127,13557676032.0,0.9953446300636686,50876684.0,0.0037351411919949737,12534552.0,0.000920231387297234
WSSV_BG-37-img-3_jpg.rf.a8f25c6708ad231f5834feaf7266b498.jpg,WSSV_BG,6,42022006,original,-5.750520964455377,1.1942906651785197,-7.165556524645808,-23.725332367824763,-1.8737069368362427,0.748832106590271,1.2052063941955566,True,False,0.3454452157020569,0.11078177392482758,0.000126953125,0.002530530095100403,0.062380824238061905,0.14803491532802582,0.06126462295651436,22019651584.0,0.9972823692464263,41144792.0,0.0018634707044014691,18856052.0,0.0008540011698848965
WSSV_BG-37-img-3_jpg.rf.a8f25c6708ad231f5834feaf7266b498.jpg,WSSV_BG,6,42022006,w1_only,-5.750520964455377,1.1942906651785197,-7.165556524645808,-23.725332367824763,-1.8737069368362427,0.748832106590271,1.2052063941955566,True,False,0.3434748947620392,0.11134276539087296,0.00024332682291666667,0.003120163455605507,0.07063648104667664,0.15830986201763153,0.06949397176504135,21800488960.0,0.996692631796371,49023664.0,0.0022413040726798916,23316416.0,0.0010659990273492936
WSSV_BG-37-img-3_jpg.rf.a8f25c6708ad231f5834feaf7266b498.jpg,WSSV_BG,6,42022006,strong_only,-5.750520964455377,1.1942906651785197,-7.165556524645808,-23.725332367824763,-1.8737069368362427,0.748832106590271,1.2052063941955566,True,False,0.507503867149353,0.1768636703491211,0.10548177083333334,0.0013882772764191031,0.07762233912944794,0.14774632453918457,0.07631026953458786,48381509632.0,0.9983915032150495,67078608.0,0.0013842212197198156,10875496.0,0.00022442463830164717
WSSV_BG-37-img-3_jpg.rf.a8f25c6708ad231f5834feaf7266b498.jpg,WSSV_BG,6,42022006,w1_then_strong,-5.750520964455377,1.1942906651785197,-7.165556524645808,-23.725332367824763,-1.8737069368362427,0.748832106590271,1.2052063941955566,True,False,0.5056112408638,0.17782823741436005,0.10300130208333333,0.0016832905821502209,0.08498885482549667,0.15754373371601105,0.08363133668899536,48103088128.0,0.9980892203146909,79143144.0,0.0016421382069695739,12943694.0,0.00026856823449827606
WSSV_BG-37-img-3_jpg.rf.a8f25c6708ad231f5834feaf7266b498.jpg,WSSV_BG,6,42022006,strong_then_w1,-5.750520964455377,1.1942906651785197,-7.165556524645808,-23.725332367824763,-1.8737069368362427,0.748832106590271,1.2052063941955566,True,False,0.5056244730949402,0.1774587631225586,0.10554850260416666,0.0017251035897061229,0.08611715584993362,0.15718653798103333,0.08478741347789764,48082550784.0,0.9980727066075862,79272184.0,0.0016454909723695949,13569816.0,0.00028167521819149683
WSSV_BG-37-img-3_jpg.rf.a8f25c6708ad231f5834feaf7266b498.jpg,WSSV_BG,7,42022007,original,0.35760720197777474,0.8924949580372792,61.96490094929334,-53.043537056475884,8.479153633117676,1.4727782011032104,0.8384186029434204,True,True,0.3454452157020569,0.11078177392482758,0.000126953125,0.002530530095100403,0.062380824238061905,0.14803491532802582,0.06126462295651436,22019651584.0,0.9972823692464263,41144792.0,0.0018634707044014691,18856052.0,0.0008540011698848965
WSSV_BG-37-img-3_jpg.rf.a8f25c6708ad231f5834feaf7266b498.jpg,WSSV_BG,7,42022007,w1_only,0.35760720197777474,0.8924949580372792,61.96490094929334,-53.043537056475884,8.479153633117676,1.4727782011032104,0.8384186029434204,True,True,0.3434748947620392,0.11134276539087296,0.00024332682291666667,0.003120163455605507,0.07063648104667664,0.15830986201763153,0.06949397176504135,21800488960.0,0.996692631796371,49023664.0,0.0022413040726798916,23316416.0,0.0010659990273492936
WSSV_BG-37-img-3_jpg.rf.a8f25c6708ad231f5834feaf7266b498.jpg,WSSV_BG,7,42022007,strong_only,0.35760720197777474,0.8924949580372792,61.96490094929334,-53.043537056475884,8.479153633117676,1.4727782011032104,0.8384186029434204,True,True,0.21695150434970856,0.10499004274606705,0.20298909505208335,0.0008068361785262823,0.03505607694387436,0.11884978413581848,0.034188590943813324,9709464576.0,0.9962484259432914,28041142.0,0.002877186827397754,8523134.0,0.000874523900379875
WSSV_BG-37-img-3_jpg.rf.a8f25c6708ad231f5834feaf7266b498.jpg,WSSV_BG,7,42022007,w1_then_strong,0.35760720197777474,0.8924949580372792,61.96490094929334,-53.043537056475884,8.479153633117676,1.4727782011032104,0.8384186029434204,True,True,0.2165399044752121,0.1053471565246582,0.20318603515625,0.0009305455605499446,0.03775744140148163,0.1254560500383377,0.036849528551101685,9688901632.0,0.9959091366474245,30344972.0,0.0031191187622649063,9446875.0,0.0009710315454326763
WSSV_BG-37-img-3_jpg.rf.a8f25c6708ad231f5834feaf7266b498.jpg,WSSV_BG,7,42022007,strong_then_w1,0.35760720197777474,0.8924949580372792,61.96490094929334,-53.043537056475884,8.479153633117676,1.4727782011032104,0.8384186029434204,True,True,0.2158040851354599,0.10590469837188721,0.20388753255208333,0.0009835705859586596,0.03955577313899994,0.12739327549934387,0.03864641860127449,9652668416.0,0.9956253017447567,32181114.0,0.0033193237305886563,10231832.0,0.0010553631786953178
WSSV_BG-37-img-3_jpg.rf.a8f25c6708ad231f5834feaf7266b498.jpg,WSSV_BG,8,42022008,original,-9.837922455135056,0.5357184623643833,45.60349102436601,38.05554236770581,-2.292041540145874,1.267165184020996,0.7679687738418579,False,True,0.3454452157020569,0.11078177392482758,0.000126953125,0.002530530095100403,0.062380824238061905,0.14803491532802582,0.06126462295651436,22019651584.0,0.9972823692464263,41144792.0,0.0018634707044014691,18856052.0,0.0008540011698848965
WSSV_BG-37-img-3_jpg.rf.a8f25c6708ad231f5834feaf7266b498.jpg,WSSV_BG,8,42022008,w1_only,-9.837922455135056,0.5357184623643833,45.60349102436601,38.05554236770581,-2.292041540145874,1.267165184020996,0.7679687738418579,False,True,0.3434748947620392,0.11134276539087296,0.00024332682291666667,0.003120163455605507,0.07063648104667664,0.15830986201763153,0.06949397176504135,21800488960.0,0.996692631796371,49023664.0,0.0022413040726798916,23316416.0,0.0010659990273492936
WSSV_BG-37-img-3_jpg.rf.a8f25c6708ad231f5834feaf7266b498.jpg,WSSV_BG,8,42022008,strong_only,-9.837922455135056,0.5357184623643833,45.60349102436601,38.05554236770581,-2.292041540145874,1.267165184020996,0.7679687738418579,False,True,0.31756526231765747,0.05660969391465187,0.07648844401041667,0.000589862815104425,0.017898838967084885,0.1446928083896637,0.017429057508707047,17442848768.0,0.9991844173980944,9980445.0,0.0005717130988943471,4258263.5,0.0002439275023802735
WSSV_BG-37-img-3_jpg.rf.a8f25c6708ad231f5834feaf7266b498.jpg,WSSV_BG,8,42022008,w1_then_strong,-9.837922455135056,0.5357184623643833,45.60349102436601,38.05554236770581,-2.292041540145874,1.267165184020996,0.7679687738418579,False,True,0.31731799244880676,0.05702859163284302,0.07655924479166666,0.0007004259387031198,0.018963946029543877,0.15021353960037231,0.018477652221918106,17422735360.0,0.9990824436101527,10932645.0,0.0006269172696498054,5071945.0,0.0002908436074905919
WSSV_BG-37-img-3_jpg.rf.a8f25c6708ad231f5834feaf7266b498.jpg,WSSV_BG,8,42022008,strong_then_w1,-9.837922455135056,0.5357184623643833,45.60349102436601,38.05554236770581,-2.292041540145874,1.267165184020996,0.7679687738418579,False,True,0.317110151052475,0.05732396990060806,0.07679117838541667,0.0007220200495794415,0.019937457516789436,0.15373538434505463,0.019441723823547363,17405362176.0,0.9990284445344099,11711030.0,0.0006721866495216221,5216739.0,0.0002994290262973263
WSSV_BG-37-img-3_jpg.rf.a8f25c6708ad231f5834feaf7266b498.jpg,WSSV_BG,9,42022009,original,-5.03544125800363,0.7025113779777858,-56.60735971667043,-58.14669681239536,4.854491710662842,0.8595378994941711,1.3535774946212769,True,True,0.3454452157020569,0.11078177392482758,0.000126953125,0.002530530095100403,0.062380824238061905,0.14803491532802582,0.06126462295651436,22019651584.0,0.9972823692464263,41144792.0,0.0018634707044014691,18856052.0,0.0008540011698848965
WSSV_BG-37-img-3_jpg.rf.a8f25c6708ad231f5834feaf7266b498.jpg,WSSV_BG,9,42022009,w1_only,-5.03544125800363,0.7025113779777858,-56.60735971667043,-58.14669681239536,4.854491710662842,0.8595378994941711,1.3535774946212769,True,True,0.3434748947620392,0.11134276539087296,0.00024332682291666667,0.003120163455605507,0.07063648104667664,0.15830986201763153,0.06949397176504135,21800488960.0,0.996692631796371,49023664.0,0.0022413040726798916,23316416.0,0.0010659990273492936
WSSV_BG-37-img-3_jpg.rf.a8f25c6708ad231f5834feaf7266b498.jpg,WSSV_BG,9,42022009,strong_only,-5.03544125800363,0.7025113779777858,-56.60735971667043,-58.14669681239536,4.854491710662842,0.8595378994941711,1.3535774946212769,True,True,0.5244690775871277,0.11766384541988373,0.08405680338541667,0.001932751969434321,0.04493655636906624,0.22482812404632568,0.04378825053572655,48417275904.0,0.9988814301604523,40289600.0,0.0008312019318969523,13927941.0,0.0002873429238946718
WSSV_BG-37-img-3_jpg.rf.a8f25c6708ad231f5834feaf7266b498.jpg,WSSV_BG,9,42022009,w1_then_strong,-5.03544125800363,0.7025113779777858,-56.60735971667043,-58.14669681239536,4.854491710662842,0.8595378994941711,1.3535774946212769,True,True,0.5234990119934082,0.11890362948179245,0.08340413411458333,0.00230987835675478,0.048366203904151917,0.23590651154518127,0.04716908559203148,48288223232.0,0.9987196962444819,45230544.0,0.0009354793392919318,16673568.0,0.0003448505588674568
WSSV_BG-37-img-3_jpg.rf.a8f25c6708ad231f5834feaf7266b498.jpg,WSSV_BG,9,42022009,strong_then_w1,-5.03544125800363,0.7025113779777858,-56.60735971667043,-58.14669681239536,4.854491710662842,0.8595378994941711,1.3535774946212769,True,True,0.5235042572021484,0.11876191198825836,0.08428792317708333,0.002362899947911501,0.04964770749211311,0.2381661832332611,0.048444341868162155,48280870912.0,0.9986647555274123,47465256.0,0.0009817941844024298,17083344.0,0.00035336010384829996
WSSV_BG-37-img-3_jpg.rf.a8f25c6708ad231f5834feaf7266b498.jpg,WSSV_BG,10,42022010,original,-2.766665138144633,1.4400180849841875,-44.25874795053289,-57.79718594044414,7.849827289581299,1.3324912786483765,1.1918318271636963,True,False,0.3454452157020569,0.11078177392482758,0.000126953125,0.002530530095100403,0.062380824238061905,0.14803491532802582,0.06126462295651436,22019651584.0,0.9972823692464263,41144792.0,0.0018634707044014691,18856052.0,0.0008540011698848965
WSSV_BG-37-img-3_jpg.rf.a8f25c6708ad231f5834feaf7266b498.jpg,WSSV_BG,10,42022010,w1_only,-2.766665138144633,1.4400180849841875,-44.25874795053289,-57.79718594044414,7.849827289581299,1.3324912786483765,1.1918318271636963,True,False,0.3434748947620392,0.11134276539087296,0.00024332682291666667,0.003120163455605507,0.07063648104667664,0.15830986201763153,0.06949397176504135,21800488960.0,0.996692631796371,49023664.0,0.0022413040726798916,23316416.0,0.0010659990273492936
WSSV_BG-37-img-3_jpg.rf.a8f25c6708ad231f5834feaf7266b498.jpg,WSSV_BG,10,42022010,strong_only,-2.766665138144633,1.4400180849841875,-44.25874795053289,-57.79718594044414,7.849827289581299,1.3324912786483765,1.1918318271636963,True,False,0.2505430281162262,0.08859655261039734,0.34047281901041665,0.000901673745829612,0.06599016487598419,0.129136323928833,0.06426317244768143,11793543168.0,0.9953819886928599,47470108.0,0.004006505070733365,7244567.5,0.000611445763384826
WSSV_BG-37-img-3_jpg.rf.a8f25c6708ad231f5834feaf7266b498.jpg,WSSV_BG,10,42022010,w1_then_strong,-2.766665138144633,1.4400180849841875,-44.25874795053289,-57.79718594044414,7.849827289581299,1.3324912786483765,1.1918318271636963,True,False,0.24976205825805664,0.0895916000008583,0.33792561848958336,0.0010887805838137865,0.07189609855413437,0.13856570422649384,0.07007274776697159,11748135936.0,0.9945551158635109,55740156.0,0.0047187619900579065,8578794.0,0.0007262499776236154
WSSV_BG-37-img-3_jpg.rf.a8f25c6708ad231f5834feaf7266b498.jpg,WSSV_BG,10,42022010,strong_then_w1,-2.766665138144633,1.4400180849841875,-44.25874795053289,-57.79718594044414,7.849827289581299,1.3324912786483765,1.1918318271636963,True,False,0.24928788840770721,0.0895582064986229,0.341298828125,0.001096957130357623,0.07182839512825012,0.13809078931808472,0.07001617550849915,11707204608.0,0.9945168043670712,55657816.0,0.0047280828481075475,8891034.0,0.000755285571344392
WSSV_BG-37-img-3_jpg.rf.a8f25c6708ad231f5834feaf7266b498.jpg,WSSV_BG,11,42022011,original,-4.400922066464961,0.723557248347022,-39.07719048387179,4.545447108103474,2.294114351272583,1.3859626054763794,0.9796290993690491,False,True,0.3454452157020569,0.11078177392482758,0.000126953125,0.002530530095100403,0.062380824238061905,0.14803491532802582,0.06126462295651436,22019651584.0,0.9972823692464263,41144792.0,0.0018634707044014691,18856052.0,0.0008540011698848965
WSSV_BG-37-img-3_jpg.rf.a8f25c6708ad231f5834feaf7266b498.jpg,WSSV_BG,11,42022011,w1_only,-4.400922066464961,0.723557248347022,-39.07719048387179,4.545447108103474,2.294114351272583,1.3859626054763794,0.9796290993690491,False,True,0.3434748947620392,0.11134276539087296,0.00024332682291666667,0.003120163455605507,0.07063648104667664,0.15830986201763153,0.06949397176504135,21800488960.0,0.996692631796371,49023664.0,0.0022413040726798916,23316416.0,0.0010659990273492936
WSSV_BG-37-img-3_jpg.rf.a8f25c6708ad231f5834feaf7266b498.jpg,WSSV_BG,11,42022011,strong_only,-4.400922066464961,0.723557248347022,-39.07719048387179,4.545447108103474,2.294114351272583,1.3859626054763794,0.9796290993690491,False,True,0.34685078263282776,0.1030052974820137,0.14377115885416666,0.0010586596326902509,0.03520366549491882,0.15563789010047913,0.03438515216112137,21930504192.0,0.998474816475861,25182142.0,0.0011465187663624815,8315062.5,0.00037857681843454506
WSSV_BG-37-img-3_jpg.rf.a8f25c6708ad231f5834feaf7266b498.jpg,WSSV_BG,11,42022011,w1_then_strong,-4.400922066464961,0.723557248347022,-39.07719048387179,4.545447108103474,2.294114351272583,1.3859626054763794,0.9796290993690491,False,True,0.34639251232147217,0.10356754809617996,0.1439013671875,0.0012323219561949372,0.037531737238168716,0.1633904129266739,0.03667634725570679,21892843520.0,0.9982974564292288,27708606.0,0.0012634919198929017,9628617.0,0.00043905780677827783
WSSV_BG-37-img-3_jpg.rf.a8f25c6708ad231f5834feaf7266b498.jpg,WSSV_BG,11,42022011,strong_then_w1,-4.400922066464961,0.723557248347022,-39.07719048387179,4.545447108103474,2.294114351272583,1.3859626054763794,0.9796290993690491,False,True,0.3460933268070221,0.1039065346121788,0.14414632161458332,0.0012835414381697774,0.03901425376534462,0.16555358469486237,0.0381542444229126,21867962368.0,0.9982084495666026,29160120.0,0.0013310740929831876,10093287.0,0.0004607289969569398
WSSV_BG-33-img-2_jpg.rf.bb7f66f7b91d78ebf1dfb74cd627beae.jpg,WSSV_BG,0,42023000,original,-5.525845412454544,0.6706026838486485,20.297812117196884,-6.8119345060285355,-0.5660698413848877,1.4764997959136963,1.0569031238555908,False,True,0.3302631080150604,0.11046797037124634,9.358723958333334e-05,0.002932712435722351,0.06362967938184738,0.16041797399520874,0.061879754066467285,20280588288.0,0.9967420228225489,44149912.0,0.002169861740172294,22141254.0,0.001088189256957902
WSSV_BG-33-img-2_jpg.rf.bb7f66f7b91d78ebf1dfb74cd627beae.jpg,WSSV_BG,0,42023000,w1_only,-5.525845412454544,0.6706026838486485,20.297812117196884,-6.8119345060285355,-0.5660698413848877,1.4764997959136963,1.0569031238555908,False,True,0.32825663685798645,0.11103861778974533,0.00021891276041666665,0.003606072859838605,0.07214056700468063,0.17287732660770416,0.0703192800283432,20066619392.0,0.9960389825517003,52515252.0,0.0026066791395554937,27281316.0,0.0013541520721793647
WSSV_BG-33-img-2_jpg.rf.bb7f66f7b91d78ebf1dfb74cd627beae.jpg,WSSV_BG,0,42023000,strong_only,-5.525845412454544,0.6706026838486485,20.297812117196884,-6.8119345060285355,-0.5660698413848877,1.4764997959136963,1.0569031238555908,False,True,0.4029197692871094,0.10284243524074554,0.12864664713541665,0.0012238563504070044,0.03346826881170273,0.17618626356124878,0.03231866657733917,28975568896.0,0.9987684312633788,26504252.0,0.0009135837949157092,9230236.0,0.00031816004589933707
WSSV_BG-33-img-2_jpg.rf.bb7f66f7b91d78ebf1dfb74cd627beae.jpg,WSSV_BG,0,42023000,w1_then_strong,-5.525845412454544,0.6706026838486485,20.297812117196884,-6.8119345060285355,-0.5660698413848877,1.4764997959136963,1.0569031238555908,False,True,0.40245094895362854,0.10345414280891418,0.12874104817708334,0.0014411989832296968,0.03572361543774605,0.1874755173921585,0.03450123965740204,28928960512.0,0.9986126637696903,29336998.0,0.0010126979055342725,10846646.0,0.0003744205758977689
WSSV_BG-33-img-2_jpg.rf.bb7f66f7b91d78ebf1dfb74cd627beae.jpg,WSSV_BG,0,42023000,strong_then_w1,-5.525845412454544,0.6706026838486485,20.297812117196884,-6.8119345060285355,-0.5660698413848877,1.4764997959136963,1.0569031238555908,False,True,0.40224337577819824,0.10365459322929382,0.12889078776041665,0.0014814792666584253,0.037049442529678345,0.19009864330291748,0.03581661731004715,28905981952.0,0.998545788112803,30925016.0,0.0010682925259345654,11180176.0,0.00038621478674200223
WSSV_BG-33-img-2_jpg.rf.bb7f66f7b91d78ebf1dfb74cd627beae.jpg,WSSV_BG,1,42023001,original,-0.2860982023605647,0.8863587307213533,-6.900659427006929,60.52731723008446,1.2294436693191528,0.7819741368293762,0.9099717140197754,True,False,0.3302631080150604,0.11046797037124634,9.358723958333334e-05,0.002932712435722351,0.06362967938184738,0.16041797399520874,0.061879754066467285,20280588288.0,0.9967420228225489,44149912.0,0.002169861740172294,22141254.0,0.001088189256957902
WSSV_BG-33-img-2_jpg.rf.bb7f66f7b91d78ebf1dfb74cd627beae.jpg,WSSV_BG,1,42023001,w1_only,-0.2860982023605647,0.8863587307213533,-6.900659427006929,60.52731723008446,1.2294436693191528,0.7819741368293762,0.9099717140197754,True,False,0.32825663685798645,0.11103861778974533,0.00021891276041666665,0.003606072859838605,0.07214056700468063,0.17287732660770416,0.0703192800283432,20066619392.0,0.9960389825517003,52515252.0,0.0026066791395554937,27281316.0,0.0013541520721793647
WSSV_BG-33-img-2_jpg.rf.bb7f66f7b91d78ebf1dfb74cd627beae.jpg,WSSV_BG,1,42023001,strong_only,-0.2860982023605647,0.8863587307213533,-6.900659427006929,60.52731723008446,1.2294436693191528,0.7819741368293762,0.9099717140197754,True,False,0.3691406548023224,0.10261646658182144,0.0,0.001033669919706881,0.04800627380609512,0.1406080722808838,0.0467001274228096,24590870528.0,0.998487873005947,29509294.0,0.0011981955728821263,7730078.0,0.00031387213932103966
WSSV_BG-33-img-2_jpg.rf.bb7f66f7b91d78ebf1dfb74cd627beae.jpg,WSSV_BG,1,42023001,w1_then_strong,-0.2860982023605647,0.8863587307213533,-6.900659427006929,60.52731723008446,1.2294436693191528,0.7819741368293762,0.9099717140197754,True,False,0.3677838146686554,0.10311251878738403,1.6276041666666668e-06,0.0012580807087942958,0.05281654745340347,0.14983372390270233,0.05144813656806946,24433745920.0,0.9982128364527816,34339336.0,0.0014028944273504632,9398595.0,0.0003839688848504213
WSSV_BG-33-img-2_jpg.rf.bb7f66f7b91d78ebf1dfb74cd627beae.jpg,WSSV_BG,1,42023001,strong_then_w1,-0.2860982023605647,0.8863587307213533,-6.900659427006929,60.52731723008446,1.2294436693191528,0.7819741368293762,0.9099717140197754,True,False,0.36753594875335693,0.10318989306688309,8.138020833333334e-07,0.0013074444141238928,0.05477144196629524,0.15134185552597046,0.053409330546855927,24404572160.0,0.9981597826953734,35161212.0,0.001438111985702025,9835403.0,0.0004022731337733652
WSSV_BG-33-img-2_jpg.rf.bb7f66f7b91d78ebf1dfb74cd627beae.jpg,WSSV_BG,2,42023002,original,-8.451137730308622,1.4333420918268462,-59.23658021872018,-4.0532965369628755,-4.604625701904297,1.2826836109161377,0.9468908309936523,False,True,0.3302631080150604,0.11046797037124634,9.358723958333334e-05,0.002932712435722351,0.06362967938184738,0.16041797399520874,0.061879754066467285,20280588288.0,0.9967420228225489,44149912.0,0.002169861740172294,22141254.0,0.001088189256957902
WSSV_BG-33-img-2_jpg.rf.bb7f66f7b91d78ebf1dfb74cd627beae.jpg,WSSV_BG,2,42023002,w1_only,-8.451137730308622,1.4333420918268462,-59.23658021872018,-4.0532965369628755,-4.604625701904297,1.2826836109161377,0.9468908309936523,False,True,0.32825663685798645,0.11103861778974533,0.00021891276041666665,0.003606072859838605,0.07214056700468063,0.17287732660770416,0.0703192800283432,20066619392.0,0.9960389825517003,52515252.0,0.0026066791395554937,27281316.0,0.0013541520721793647
WSSV_BG-33-img-2_jpg.rf.bb7f66f7b91d78ebf1dfb74cd627beae.jpg,WSSV_BG,2,42023002,strong_only,-8.451137730308622,1.4333420918268462,-59.23658021872018,-4.0532965369628755,-4.604625701904297,1.2826836109161377,0.9468908309936523,False,True,0.2963462173938751,0.11800170689821243,0.23601155598958334,0.0007647124002687633,0.06665794551372528,0.10979343205690384,0.06502421945333481,17022058496.0,0.9971878793870323,40506108.0,0.0023729327418439924,7495833.0,0.0004391216147721395
WSSV_BG-33-img-2_jpg.rf.bb7f66f7b91d78ebf1dfb74cd627beae.jpg,WSSV_BG,2,42023002,w1_then_strong,-8.451137730308622,1.4333420918268462,-59.23658021872018,-4.0532965369628755,-4.604625701904297,1.2826836109161377,0.9468908309936523,False,True,0.29513606429100037,0.11875884234905243,0.23642578125,0.0009205384412780404,0.07278543710708618,0.11885641515254974,0.0710405483841896,16923902976.0,0.9966935985578645,47540608.0,0.002799792679758554,8603274.0,0.0005066696573833698
WSSV_BG-33-img-2_jpg.rf.bb7f66f7b91d78ebf1dfb74cd627beae.jpg,WSSV_BG,2,42023002,strong_then_w1,-8.451137730308622,1.4333420918268462,-59.23658021872018,-4.0532965369628755,-4.604625701904297,1.2826836109161377,0.9468908309936523,False,True,0.2948116362094879,0.11867078393697739,0.23677571614583334,0.0009455282124690711,0.07374762743711472,0.11887245625257492,0.07203859090805054,16887393280.0,0.9966338306875032,47801000.0,0.002821044843973299,9236038.0,0.0005450780816016708
WSSV_BG-33-img-2_jpg.rf.bb7f66f7b91d78ebf1dfb74cd627beae.jpg,WSSV_BG,3,42023003,original,3.7308473088944876,1.416729210895328,-23.478192031949504,0.49410874648145864,5.371617317199707,1.1233839988708496,0.6039301156997681,False,False,0.3302631080150604,0.11046797037124634,9.358723958333334e-05,0.002932712435722351,0.06362967938184738,0.16041797399520874,0.061879754066467285,20280588288.0,0.9967420228225489,44149912.0,0.002169861740172294,22141254.0,0.001088189256957902
WSSV_BG-33-img-2_jpg.rf.bb7f66f7b91d78ebf1dfb74cd627beae.jpg,WSSV_BG,3,42023003,w1_only,3.7308473088944876,1.416729210895328,-23.478192031949504,0.49410874648145864,5.371617317199707,1.1233839988708496,0.6039301156997681,False,False,0.32825663685798645,0.11103861778974533,0.00021891276041666665,0.003606072859838605,0.07214056700468063,0.17287732660770416,0.0703192800283432,20066619392.0,0.9960389825517003,52515252.0,0.0026066791395554937,27281316.0,0.0013541520721793647
WSSV_BG-33-img-2_jpg.rf.bb7f66f7b91d78ebf1dfb74cd627beae.jpg,WSSV_BG,3,42023003,strong_only,3.7308473088944876,1.416729210895328,-23.478192031949504,0.49410874648145864,5.371617317199707,1.1233839988708496,0.6039301156997681,False,False,0.13627611100673676,0.05138079822063446,0.15298665364583333,0.00031979233608581126,0.039435651153326035,0.07309217751026154,0.038191892206668854,3541934336.0,0.9953046377906087,13886380.0,0.0039021554622413962,2822962.0,0.000793269130471721
WSSV_BG-33-img-2_jpg.rf.bb7f66f7b91d78ebf1dfb74cd627beae.jpg,WSSV_BG,3,42023003,w1_then_strong,3.7308473088944876,1.416729210895328,-23.478192031949504,0.49410874648145864,5.371617317199707,1.1233839988708496,0.6039301156997681,False,False,0.1354960948228836,0.05176248028874397,0.15678466796875,0.00038299497100524604,0.04313427582383156,0.0789596438407898,0.04181037098169327,3510003200.0,0.9944247894155857,16389883.0,0.004643444755497969,3289328.75,0.0009319051474190627
WSSV_BG-33-img-2_jpg.rf.bb7f66f7b91d78ebf1dfb74cd627beae.jpg,WSSV_BG,3,42023003,strong_then_w1,3.7308473088944876,1.416729210895328,-23.478192031949504,0.49410874648145864,5.371617317199707,1.1233839988708496,0.6039301156997681,False,False,0.1346846967935562,0.05180906876921654,0.15988932291666666,0.0004192096821498126,0.045456960797309875,0.08073700219392776,0.04415322095155716,3473264640.0,0.9941474189202972,16782468.0,0.004803621081206321,3665385.0,0.0010491377464111615
WSSV_BG-33-img-2_jpg.rf.bb7f66f7b91d78ebf1dfb74cd627beae.jpg,WSSV_BG,4,42023004,original,8.721971160604113,1.2808933762151993,60.14057877940843,-25.807424513299964,-8.070635795593262,0.9564340114593506,1.1937559843063354,True,False,0.3302631080150604,0.11046797037124634,9.358723958333334e-05,0.002932712435722351,0.06362967938184738,0.16041797399520874,0.061879754066467285,20280588288.0,0.9967420228225489,44149912.0,0.002169861740172294,22141254.0,0.001088189256957902
WSSV_BG-33-img-2_jpg.rf.bb7f66f7b91d78ebf1dfb74cd627beae.jpg,WSSV_BG,4,42023004,w1_only,8.721971160604113,1.2808933762151993,60.14057877940843,-25.807424513299964,-8.070635795593262,0.9564340114593506,1.1937559843063354,True,False,0.32825663685798645,0.11103861778974533,0.00021891276041666665,0.003606072859838605,0.07214056700468063,0.17287732660770416,0.0703192800283432,20066619392.0,0.9960389825517003,52515252.0,0.0026066791395554937,27281316.0,0.0013541520721793647
WSSV_BG-33-img-2_jpg.rf.bb7f66f7b91d78ebf1dfb74cd627beae.jpg,WSSV_BG,4,42023004,strong_only,8.721971160604113,1.2808933762151993,60.14057877940843,-25.807424513299964,-8.070635795593262,0.9564340114593506,1.1937559843063354,True,False,0.4979221820831299,0.18686966598033905,0.07199381510416666,0.0013948127161711454,0.0841800794005394,0.14746281504631042,0.08227982372045517,47374192640.0,0.9983221990637702,66088672.0,0.001392694728659849,13531782.0,0.00028515690950446437
WSSV_BG-33-img-2_jpg.rf.bb7f66f7b91d78ebf1dfb74cd627beae.jpg,WSSV_BG,4,42023004,w1_then_strong,8.721971160604113,1.2808933762151993,60.14057877940843,-25.807424513299964,-8.070635795593262,0.9564340114593506,1.1937559843063354,True,False,0.4958583414554596,0.18779540061950684,0.06989501953125,0.0016926286043599248,0.09211963415145874,0.15944018959999084,0.09009812027215958,47074844672.0,0.9980271112206823,77263528.0,0.001638053108615434,15788966.0,0.00033473963081421024
WSSV_BG-33-img-2_jpg.rf.bb7f66f7b91d78ebf1dfb74cd627beae.jpg,WSSV_BG,4,42023004,strong_then_w1,8.721971160604113,1.2808933762151993,60.14057877940843,-25.807424513299964,-8.070635795593262,0.9564340114593506,1.1937559843063354,True,False,0.49613189697265625,0.18758843839168549,0.07202718098958333,0.0017230544472113252,0.0925053060054779,0.15841279923915863,0.09052623808383942,47105658880.0,0.9979932364475121,78033688.0,0.001653242830918564,16686662.0,0.0003535281367639734
WSSV_BG-33-img-2_jpg.rf.bb7f66f7b91d78ebf1dfb74cd627beae.jpg,WSSV_BG,5,42023005,original,8.713030362738749,1.4553505601523904,-51.479545758644804,44.29085490772832,-4.780609607696533,1.0463972091674805,0.6589900255203247,False,False,0.3302631080150604,0.11046797037124634,9.358723958333334e-05,0.002932712435722351,0.06362967938184738,0.16041797399520874,0.061879754066467285,20280588288.0,0.9967420228225489,44149912.0,0.002169861740172294,22141254.0,0.001088189256957902
WSSV_BG-33-img-2_jpg.rf.bb7f66f7b91d78ebf1dfb74cd627beae.jpg,WSSV_BG,5,42023005,w1_only,8.713030362738749,1.4553505601523904,-51.479545758644804,44.29085490772832,-4.780609607696533,1.0463972091674805,0.6589900255203247,False,False,0.32825663685798645,0.11103861778974533,0.00021891276041666665,0.003606072859838605,0.07214056700468063,0.17287732660770416,0.0703192800283432,20066619392.0,0.9960389825517003,52515252.0,0.0026066791395554937,27281316.0,0.0013541520721793647
WSSV_BG-33-img-2_jpg.rf.bb7f66f7b91d78ebf1dfb74cd627beae.jpg,WSSV_BG,5,42023005,strong_only,8.713030362738749,1.4553505601523904,-51.479545758644804,44.29085490772832,-4.780609607696533,1.0463972091674805,0.6589900255203247,False,False,0.22555364668369293,0.08726037293672562,0.03332194010416667,0.00040779466507956386,0.050601087510585785,0.07701671123504639,0.04956822097301483,9786878976.0,0.9973590201701861,21732572.0,0.0022147179676842077,4182711.25,0.0004262507796596681
WSSV_BG-33-img-2_jpg.rf.bb7f66f7b91d78ebf1dfb74cd627beae.jpg,WSSV_BG,5,42023005,w1_then_strong,8.713030362738749,1.4553505601523904,-51.479545758644804,44.29085490772832,-4.780609607696533,1.0463972091674805,0.6589900255203247,False,False,0.22430351376533508,0.08766505122184753,0.04143961588541667,0.0004905905807390809,0.05542760342359543,0.08320832997560501,0.05434134602546692,9700060160.0,0.9968900053008403,25489312.0,0.0026195755444463936,4769570.5,0.0004901760486635716
WSSV_BG-33-img-2_jpg.rf.bb7f66f7b91d78ebf1dfb74cd627beae.jpg,WSSV_BG,5,42023005,strong_then_w1,8.713030362738749,1.4553505601523904,-51.479545758644804,44.29085490772832,-4.780609607696533,1.0463972091674805,0.6589900255203247,False,False,0.2237013280391693,0.08771391212940216,0.044776204427083334,0.0005348943523131311,0.05785691738128662,0.08491292595863342,0.056799016892910004,9654976512.0,0.9967461172235056,26126390.0,0.0026971974253071104,5391989.5,0.0005566501991543023
WSSV_BG-33-img-2_jpg.rf.bb7f66f7b91d78ebf1dfb74cd627beae.jpg,WSSV_BG,6,42023006,original,-6.943102412073177,0.8552163423940866,-0.24659345306463365,24.601884490888438,5.159606456756592,1.0549824237823486,0.7879058122634888,False,False,0.3302631080150604,0.11046797037124634,9.358723958333334e-05,0.002932712435722351,0.06362967938184738,0.16041797399520874,0.061879754066467285,20280588288.0,0.9967420228225489,44149912.0,0.002169861740172294,22141254.0,0.001088189256957902
WSSV_BG-33-img-2_jpg.rf.bb7f66f7b91d78ebf1dfb74cd627beae.jpg,WSSV_BG,6,42023006,w1_only,-6.943102412073177,0.8552163423940866,-0.24659345306463365,24.601884490888438,5.159606456756592,1.0549824237823486,0.7879058122634888,False,False,0.32825663685798645,0.11103861778974533,0.00021891276041666665,0.003606072859838605,0.07214056700468063,0.17287732660770416,0.0703192800283432,20066619392.0,0.9960389825517003,52515252.0,0.0026066791395554937,27281316.0,0.0013541520721793647
WSSV_BG-33-img-2_jpg.rf.bb7f66f7b91d78ebf1dfb74cd627beae.jpg,WSSV_BG,6,42023006,strong_only,-6.943102412073177,0.8552163423940866,-0.24659345306463365,24.601884490888438,5.159606456756592,1.0549824237823486,0.7879058122634888,False,False,0.23933517932891846,0.09008781611919403,0.0623193359375,0.0008475548820570111,0.03968094661831856,0.12467601895332336,0.03856205567717552,10944428032.0,0.9975037017022931,20884284.0,0.0019034480866877313,6508347.0,0.000593187712092492
WSSV_BG-33-img-2_jpg.rf.bb7f66f7b91d78ebf1dfb74cd627beae.jpg,WSSV_BG,6,42023006,w1_then_strong,-6.943102412073177,0.8552163423940866,-0.24659345306463365,24.601884490888438,5.159606456756592,1.0549824237823486,0.7879058122634888,False,False,0.23839019238948822,0.0905812531709671,0.06769205729166666,0.001004495657980442,0.04313318431377411,0.13297539949417114,0.04195048660039902,10879849472.0,0.9971414257977618,23502524.0,0.002154013284054939,7686173.5,0.0007044400772679158
WSSV_BG-33-img-2_jpg.rf.bb7f66f7b91d78ebf1dfb74cd627beae.jpg,WSSV_BG,6,42023006,strong_then_w1,-6.943102412073177,0.8552163423940866,-0.24659345306463365,24.601884490888438,5.159606456756592,1.0549824237823486,0.7879058122634888,False,False,0.23793327808380127,0.09099344164133072,0.06949544270833333,0.0010696102399379015,0.04570675268769264,0.13455969095230103,0.044537074863910675,10854133760.0,0.9969739218144468,24723060.0,0.0022708625701931533,8221900.0,0.0007551979797756058
WSSV_BG-33-img-2_jpg.rf.bb7f66f7b91d78ebf1dfb74cd627beae.jpg,WSSV_BG,7,42023007,original,8.700869571224075,1.014188411805848,16.357708432204618,33.843798428563446,0.549656867980957,1.3239485025405884,0.9779728055000305,True,False,0.3302631080150604,0.11046797037124634,9.358723958333334e-05,0.002932712435722351,0.06362967938184738,0.16041797399520874,0.061879754066467285,20280588288.0,0.9967420228225489,44149912.0,0.002169861740172294,22141254.0,0.001088189256957902
WSSV_BG-33-img-2_jpg.rf.bb7f66f7b91d78ebf1dfb74cd627beae.jpg,WSSV_BG,7,42023007,w1_only,8.700869571224075,1.014188411805848,16.357708432204618,33.843798428563446,0.549656867980957,1.3239485025405884,0.9779728055000305,True,False,0.32825663685798645,0.11103861778974533,0.00021891276041666665,0.003606072859838605,0.07214056700468063,0.17287732660770416,0.0703192800283432,20066619392.0,0.9960389825517003,52515252.0,0.0026066791395554937,27281316.0,0.0013541520721793647
WSSV_BG-33-img-2_jpg.rf.bb7f66f7b91d78ebf1dfb74cd627beae.jpg,WSSV_BG,7,42023007,strong_only,8.700869571224075,1.014188411805848,16.357708432204618,33.843798428563446,0.549656867980957,1.3239485025405884,0.9779728055000305,True,False,0.3026852309703827,0.09826818853616714,0.25348795572916666,0.0009981684852391481,0.04865366593003273,0.13760924339294434,0.04699895903468132,16947557376.0,0.9974358904820406,34055056.0,0.002004285004214153,9508631.0,0.0005596234087504019
WSSV_BG-33-img-2_jpg.rf.bb7f66f7b91d78ebf1dfb74cd627beae.jpg,WSSV_BG,7,42023007,w1_then_strong,8.700869571224075,1.014188411805848,16.357708432204618,33.843798428563446,0.549656867980957,1.3239485025405884,0.9779728055000305,True,False,0.30180615186691284,0.0988137274980545,0.25373209635416666,0.0012017590925097466,0.05334881320595741,0.14769190549850464,0.051593877375125885,16870056960.0,0.9970475897616775,38940168.0,0.0023014267670448223,11012213.0,0.000650839558848307
WSSV_BG-33-img-2_jpg.rf.bb7f66f7b91d78ebf1dfb74cd627beae.jpg,WSSV_BG,7,42023007,strong_then_w1,8.700869571224075,1.014188411805848,16.357708432204618,33.843798428563446,0.549656867980957,1.3239485025405884,0.9779728055000305,True,False,0.30134397745132446,0.09884902089834213,0.25388997395833335,0.0012294423067942262,0.05494321882724762,0.14829730987548828,0.05320669710636139,16822995968.0,0.9969529554699553,39833480.0,0.0023605846240581678,11581628.0,0.000686342568572004
WSSV_BG-33-img-2_jpg.rf.bb7f66f7b91d78ebf1dfb74cd627beae.jpg,WSSV_BG,8,42023008,original,5.698326711469306,0.8713905028479224,-43.427037286702046,5.519740248124037,-4.049692153930664,0.9322119951248169,1.281137466430664,False,False,0.3302631080150604,0.11046797037124634,9.358723958333334e-05,0.002932712435722351,0.06362967938184738,0.16041797399520874,0.061879754066467285,20280588288.0,0.9967420228225489,44149912.0,0.002169861740172294,22141254.0,0.001088189256957902
WSSV_BG-33-img-2_jpg.rf.bb7f66f7b91d78ebf1dfb74cd627beae.jpg,WSSV_BG,8,42023008,w1_only,5.698326711469306,0.8713905028479224,-43.427037286702046,5.519740248124037,-4.049692153930664,0.9322119951248169,1.281137466430664,False,False,0.32825663685798645,0.11103861778974533,0.00021891276041666665,0.003606072859838605,0.07214056700468063,0.17287732660770416,0.0703192800283432,20066619392.0,0.9960389825517003,52515252.0,0.0026066791395554937,27281316.0,0.0013541520721793647
WSSV_BG-33-img-2_jpg.rf.bb7f66f7b91d78ebf1dfb74cd627beae.jpg,WSSV_BG,8,42023008,strong_only,5.698326711469306,0.8713905028479224,-43.427037286702046,5.519740248124037,-4.049692153930664,0.9322119951248169,1.281137466430664,False,False,0.5134397745132446,0.13468599319458008,0.09109619140625,0.0020226275082677603,0.06329019367694855,0.19382989406585693,0.061504628509283066,47202267136.0,0.9985333921039377,55062888.0,0.0011648197357822607,14271347.0,0.0003019011033674252
WSSV_BG-33-img-2_jpg.rf.bb7f66f7b91d78ebf1dfb74cd627beae.jpg,WSSV_BG,8,42023008,w1_then_strong,5.698326711469306,0.8713905028479224,-43.427037286702046,5.519740248124037,-4.049692153930664,0.9322119951248169,1.281137466430664,False,False,0.5119088888168335,0.1358458697795868,0.09047607421875,0.0024522915482521057,0.06898852437734604,0.20750074088573456,0.06709391623735428,46979665920.0,0.9982739856891646,63843916.0,0.0013566235357197751,17390940.0,0.0003695412184974754
WSSV_BG-33-img-2_jpg.rf.bb7f66f7b91d78ebf1dfb74cd627beae.jpg,WSSV_BG,8,42023008,strong_then_w1,5.698326711469306,0.8713905028479224,-43.427037286702046,5.519740248124037,-4.049692153930664,0.9322119951248169,1.281137466430664,False,False,0.5118808746337891,0.13547758758068085,0.0911767578125,0.002483030315488577,0.07009364664554596,0.20833100378513336,0.06820283085107803,46956625920.0,0.9982416731560099,65098420.0,0.001383914504660659,17608028.0,0.00037432560341204923
WSSV_BG-33-img-2_jpg.rf.bb7f66f7b91d78ebf1dfb74cd627beae.jpg,WSSV_BG,9,42023009,original,-5.631973070381688,1.3884635644870222,32.08704727884191,-27.261609369926475,-4.875331401824951,0.6231414079666138,0.6837099194526672,True,True,0.3302631080150604,0.11046797037124634,9.358723958333334e-05,0.002932712435722351,0.06362967938184738,0.16041797399520874,0.061879754066467285,20280588288.0,0.9967420228225489,44149912.0,0.002169861740172294,22141254.0,0.001088189256957902
WSSV_BG-33-img-2_jpg.rf.bb7f66f7b91d78ebf1dfb74cd627beae.jpg,WSSV_BG,9,42023009,w1_only,-5.631973070381688,1.3884635644870222,32.08704727884191,-27.261609369926475,-4.875331401824951,0.6231414079666138,0.6837099194526672,True,True,0.32825663685798645,0.11103861778974533,0.00021891276041666665,0.003606072859838605,0.07214056700468063,0.17287732660770416,0.0703192800283432,20066619392.0,0.9960389825517003,52515252.0,0.0026066791395554937,27281316.0,0.0013541520721793647
WSSV_BG-33-img-2_jpg.rf.bb7f66f7b91d78ebf1dfb74cd627beae.jpg,WSSV_BG,9,42023009,strong_only,-5.631973070381688,1.3884635644870222,32.08704727884191,-27.261609369926475,-4.875331401824951,0.6231414079666138,0.6837099194526672,True,True,0.29845574498176575,0.11982450634241104,0.0,0.0004320574807934463,0.05282566696405411,0.08378053456544876,0.05172768980264664,17324730368.0,0.9983530611936606,24019416.0,0.0013841403001559251,4553094.0,0.0002623761083865712
WSSV_BG-33-img-2_jpg.rf.bb7f66f7b91d78ebf1dfb74cd627beae.jpg,WSSV_BG,9,42023009,w1_then_strong,-5.631973070381688,1.3884635644870222,32.08704727884191,-27.261609369926475,-4.875331401824951,0.6231414079666138,0.6837099194526672,True,True,0.2971131503582001,0.12018042057752609,0.0,0.0005204538465477526,0.05784530192613602,0.09029494971036911,0.056694284081459045,17200150528.0,0.9980661416858709,28130264.0,0.0016323033923092976,5197369.0,0.00030158561788766654
WSSV_BG-33-img-2_jpg.rf.bb7f66f7b91d78ebf1dfb74cd627beae.jpg,WSSV_BG,9,42023009,strong_then_w1,-5.631973070381688,1.3884635644870222,32.08704727884191,-27.261609369926475,-4.875331401824951,0.6231414079666138,0.6837099194526672,True,True,0.2965013384819031,0.12022168934345245,0.0,0.0005752966389991343,0.0608256570994854,0.09191455692052841,0.05972292274236679,17139409920.0,0.9979731331930056,28874358.0,0.0016812617036816007,5933988.0,0.0003455171808324249
WSSV_BG-33-img-2_jpg.rf.bb7f66f7b91d78ebf1dfb74cd627beae.jpg,WSSV_BG,10,42023010,original,0.49637341453513883,0.5691811289681981,-57.195194352796875,9.208706755851495,8.190682411193848,0.5263524055480957,1.3593494892120361,False,True,0.3302631080150604,0.11046797037124634,9.358723958333334e-05,0.002932712435722351,0.06362967938184738,0.16041797399520874,0.061879754066467285,20280588288.0,0.9967420228225489,44149912.0,0.002169861740172294,22141254.0,0.001088189256957902
WSSV_BG-33-img-2_jpg.rf.bb7f66f7b91d78ebf1dfb74cd627beae.jpg,WSSV_BG,10,42023010,w1_only,0.49637341453513883,0.5691811289681981,-57.195194352796875,9.208706755851495,8.190682411193848,0.5263524055480957,1.3593494892120361,False,True,0.32825663685798645,0.11103861778974533,0.00021891276041666665,0.003606072859838605,0.07214056700468063,0.17287732660770416,0.0703192800283432,20066619392.0,0.9960389825517003,52515252.0,0.0026066791395554937,27281316.0,0.0013541520721793647
WSSV_BG-33-img-2_jpg.rf.bb7f66f7b91d78ebf1dfb74cd627beae.jpg,WSSV_BG,10,42023010,strong_only,0.49637341453513883,0.5691811289681981,-57.195194352796875,9.208706755851495,8.190682411193848,0.5263524055480957,1.3593494892120361,False,True,0.5882739424705505,0.08870439231395721,0.046302083333333334,0.0021054379176348448,0.03511609137058258,0.2695741653442383,0.033753909170627594,59321868288.0,0.9990148415275819,43179340.0,0.0007271652554491707,15309238.0,0.00025781649189177396
WSSV_BG-33-img-2_jpg.rf.bb7f66f7b91d78ebf1dfb74cd627beae.jpg,WSSV_BG,10,42023010,w1_then_strong,0.49637341453513883,0.5691811289681981,-57.195194352796875,9.208706755851495,8.190682411193848,0.5263524055480957,1.3593494892120361,False,True,0.5876399874687195,0.08963002264499664,0.04599772135416667,0.0025089499540627003,0.03724713250994682,0.28330227732658386,0.035817570984363556,59217154048.0,0.9988894789374096,47475448.0,0.0008008275013790829,18369008.0,0.00030985293239259976
WSSV_BG-33-img-2_jpg.rf.bb7f66f7b91d78ebf1dfb74cd627beae.jpg,WSSV_BG,10,42023010,strong_then_w1,0.49637341453513883,0.5691811289681981,-57.195194352796875,9.208706755851495,8.190682411193848,0.5263524055480957,1.3593494892120361,False,True,0.5875987410545349,0.08955998718738556,0.04635416666666667,0.002565256552770734,0.03871527314186096,0.2893522381782532,0.037259094417095184,59203416064.0,0.9988299959435806,50650680.0,0.0008545354620120117,18697184.0,0.0003154430852214342
WSSV_BG-33-img-2_jpg.rf.bb7f66f7b91d78ebf1dfb74cd627beae.jpg,WSSV_BG,11,42023011,original,2.8885401299009406,1.4968458519138017,-10.481436776730334,24.41869659617504,-8.630213737487793,1.2371015548706055,1.0898641347885132,True,False,0.3302631080150604,0.11046797037124634,9.358723958333334e-05,0.002932712435722351,0.06362967938184738,0.16041797399520874,0.061879754066467285,20280588288.0,0.9967420228225489,44149912.0,0.002169861740172294,22141254.0,0.001088189256957902
WSSV_BG-33-img-2_jpg.rf.bb7f66f7b91d78ebf1dfb74cd627beae.jpg,WSSV_BG,11,42023011,w1_only,2.8885401299009406,1.4968458519138017,-10.481436776730334,24.41869659617504,-8.630213737487793,1.2371015548706055,1.0898641347885132,True,False,0.32825663685798645,0.11103861778974533,0.00021891276041666665,0.003606072859838605,0.07214056700468063,0.17287732660770416,0.0703192800283432,20066619392.0,0.9960389825517003,52515252.0,0.0026066791395554937,27281316.0,0.0013541520721793647
WSSV_BG-33-img-2_jpg.rf.bb7f66f7b91d78ebf1dfb74cd627beae.jpg,WSSV_BG,11,42023011,strong_only,2.8885401299009406,1.4968458519138017,-10.481436776730334,24.41869659617504,-8.630213737487793,1.2371015548706055,1.0898641347885132,True,False,0.3997837007045746,0.16350916028022766,0.2280078125,0.0009579447796568274,0.08015535026788712,0.12210904061794281,0.07841815799474716,31232798720.0,0.9978546999750117,56728836.0,0.0018124259735475812,10420344.0,0.00033291890774738786
WSSV_BG-33-img-2_jpg.rf.bb7f66f7b91d78ebf1dfb74cd627beae.jpg,WSSV_BG,11,42023011,w1_then_strong,2.8885401299009406,1.4968458519138017,-10.481436776730334,24.41869659617504,-8.630213737487793,1.2371015548706055,1.0898641347885132,True,False,0.3982223868370056,0.16440248489379883,0.22854329427083334,0.0011552793439477682,0.08746088296175003,0.1323743462562561,0.08560112863779068,31061911552.0,0.9974905140417962,66340264.0,0.0021303835061228776,11810228.0,0.00037926160400493096
WSSV_BG-33-img-2_jpg.rf.bb7f66f7b91d78ebf1dfb74cd627beae.jpg,WSSV_BG,11,42023011,strong_then_w1,2.8885401299009406,1.4968458519138017,-10.481436776730334,24.41869659617504,-8.630213737487793,1.2371015548706055,1.0898641347885132,True,False,0.3983190059661865,0.16426357626914978,0.22877522786458335,0.0011706362711265683,0.08738398551940918,0.13173232972621918,0.08554764091968536,31065720832.0,0.9974444479441398,66849764.0,0.0021463827061592527,12742512.0,0.0004091309490610431
