split,src_image,src_label,source_group,image_level,stem,n_boxes
train,/home/drnguyenvinh/notebooks/shrimp_od_yolo_ultralytics_under12M_17models_rtx4090_v3_FIXED_OD_ONLY/kaggle_raw/shrimpdiseaseimagebd/ShrimpDiseaseImageBD An Image Dataset for Computer Vision-Based Detection of Shrimp Diseases in Bangladesh/Root/Annotated Diseased Shrimp Images/Annotated Diseased Shrimp Images/2. WSSV/images/WSSV-1-img-3.jpg,/home/drnguyenvinh/notebooks/shrimp_od_yolo_ultralytics_under12M_17models_rtx4090_v3_FIXED_OD_ONLY/kaggle_raw/shrimpdiseaseimagebd/ShrimpDiseaseImageBD An Image Dataset for Computer Vision-Based Detection of Shrimp Diseases in Bangladesh/Root/Annotated Diseased Shrimp Images/Annotated Diseased Shrimp Images/2. WSSV/labels/WSSV-1-img-3.txt,WSSV,WSSV,WSSV-1-img-3,5
train,/home/drnguyenvinh/notebooks/shrimp_od_yolo_ultralytics_under12M_17models_rtx4090_v3_FIXED_OD_ONLY/kaggle_raw/shrimpdiseaseimagebd/ShrimpDiseaseImageBD An Image Dataset for Computer Vision-Based Detection of Shrimp Diseases in Bangladesh/Root/Annotated Diseased Shrimp Images/Annotated Diseased Shrimp Images/2. WSSV/images/WSSV-1-img-2.jpg,/home/drnguyenvinh/notebooks/shrimp_od_yolo_ultralytics_under12M_17models_rtx4090_v3_FIXED_OD_ONLY/kaggle_raw/shrimpdiseaseimagebd/ShrimpDiseaseImageBD An Image Dataset for Computer Vision-Based Detection of Shrimp Diseases in Bangladesh/Root/Annotated Diseased Shrimp Images/Annotated Diseased Shrimp Images/2. WSSV/labels/WSSV-1-img-2.txt,WSSV,WSSV,WSSV-1-img-2,4
train,/home/drnguyenvinh/notebooks/shrimp_od_yolo_ultralytics_under12M_17models_rtx4090_v3_FIXED_OD_ONLY/kaggle_raw/shrimpdiseaseimagebd/ShrimpDiseaseImageBD An Image Dataset for Computer Vision-Based Detection of Shrimp Diseases in Bangladesh/Root/Annotated Diseased Shrimp Images/Annotated Diseased Shrimp Images/1. BG/images/BG-53-img-2.jpg,/home/drnguyenvinh/notebooks/shrimp_od_yolo_ultralytics_under12M_17models_rtx4090_v3_FIXED_OD_ONLY/kaggle_raw/shrimpdiseaseimagebd/ShrimpDiseaseImageBD An Image Dataset for Computer Vision-Based Detection of Shrimp Diseases in Bangladesh/Root/Annotated Diseased Shrimp Images/Annotated Diseased Shrimp Images/1. BG/labels/BG-53-img-2.txt,BG,BG,BG-53-img-2,9
train,/home/drnguyenvinh/notebooks/shrimp_od_yolo_ultralytics_under12M_17models_rtx4090_v3_FIXED_OD_ONLY/kaggle_raw/shrimpdiseaseimagebd/ShrimpDiseaseImageBD An Image Dataset for Computer Vision-Based Detection of Shrimp Diseases in Bangladesh/Root/Annotated Diseased Shrimp Images/Annotated Diseased Shrimp Images/1. BG/images/BG-71-img-1.jpg,/home/drnguyenvinh/notebooks/shrimp_od_yolo_ultralytics_under12M_17models_rtx4090_v3_FIXED_OD_ONLY/kaggle_raw/shrimpdiseaseimagebd/ShrimpDiseaseImageBD An Image Dataset for Computer Vision-Based Detection of Shrimp Diseases in Bangladesh/Root/Annotated Diseased Shrimp Images/Annotated Diseased Shrimp Images/1. BG/labels/BG-71-img-1.txt,BG,BG,BG-71-img-1,2
train,/home/drnguyenvinh/notebooks/shrimp_od_yolo_ultralytics_under12M_17models_rtx4090_v3_FIXED_OD_ONLY/kaggle_raw/shrimpdiseaseimagebd/ShrimpDiseaseImageBD An Image Dataset for Computer Vision-Based Detection of Shrimp Diseases in Bangladesh/Root/Annotated Diseased Shrimp Images/Annotated Diseased Shrimp Images/1. BG/images/BG-62-img-3.jpg,/home/drnguyenvinh/notebooks/shrimp_od_yolo_ultralytics_under12M_17models_rtx4090_v3_FIXED_OD_ONLY/kaggle_raw/shrimpdiseaseimagebd/ShrimpDiseaseImageBD An Image Dataset for Computer Vision-Based Detection of Shrimp Diseases in Bangladesh/Root/Annotated Diseased Shrimp Images/Annotated Diseased Shrimp Images/1. BG/labels/BG-62-img-3.txt,BG,BG,BG-62-img-3,2
train,/home/drnguyenvinh/notebooks/shrimp_od_yolo_ultralytics_under12M_17models_rtx4090_v3_FIXED_OD_ONLY/kaggle_raw/shrimpdiseaseimagebd/ShrimpDiseaseImageBD An Image Dataset for Computer Vision-Based Detection of Shrimp Diseases in Bangladesh/Root/Annotated Diseased Shrimp Images/Annotated Diseased Shrimp Images/1. BG/images/BG-54-img-2.jpg,/home/drnguyenvinh/notebooks/shrimp_od_yolo_ultralytics_under12M_17models_rtx4090_v3_FIXED_OD_ONLY/kaggle_raw/shrimpdiseaseimagebd/ShrimpDiseaseImageBD An Image Dataset for Computer Vision-Based Detection of Shrimp Diseases in Bangladesh/Root/Annotated Diseased Shrimp Images/Annotated Diseased Shrimp Images/1. BG/labels/BG-54-img-2.txt,BG,BG,BG-54-img-2,5
train,/home/drnguyenvinh/notebooks/shrimp_od_yolo_ultralytics_under12M_17models_rtx4090_v3_FIXED_OD_ONLY/kaggle_raw/shrimpdiseaseimagebd/ShrimpDiseaseImageBD An Image Dataset for Computer Vision-Based Detection of Shrimp Diseases in Bangladesh/Root/Annotated Diseased Shrimp Images/Annotated Diseased Shrimp Images/2. WSSV/images/WSSV-54-img-2.jpg,/home/drnguyenvinh/notebooks/shrimp_od_yolo_ultralytics_under12M_17models_rtx4090_v3_FIXED_OD_ONLY/kaggle_raw/shrimpdiseaseimagebd/ShrimpDiseaseImageBD An Image Dataset for Computer Vision-Based Detection of Shrimp Diseases in Bangladesh/Root/Annotated Diseased Shrimp Images/Annotated Diseased Shrimp Images/2. WSSV/labels/WSSV-54-img-2.txt,WSSV,WSSV,WSSV-54-img-2,16
train,/home/drnguyenvinh/notebooks/shrimp_od_yolo_ultralytics_under12M_17models_rtx4090_v3_FIXED_OD_ONLY/kaggle_raw/shrimpdiseaseimagebd/ShrimpDiseaseImageBD An Image Dataset for Computer Vision-Based Detection of Shrimp Diseases in Bangladesh/Root/Annotated Diseased Shrimp Images/Annotated Diseased Shrimp Images/1. BG/images/BG-47-img-2.jpg,/home/drnguyenvinh/notebooks/shrimp_od_yolo_ultralytics_under12M_17models_rtx4090_v3_FIXED_OD_ONLY/kaggle_raw/shrimpdiseaseimagebd/ShrimpDiseaseImageBD An Image Dataset for Computer Vision-Based Detection of Shrimp Diseases in Bangladesh/Root/Annotated Diseased Shrimp Images/Annotated Diseased Shrimp Images/1. BG/labels/BG-47-img-2.txt,BG,BG,BG-47-img-2,2
train,/home/drnguyenvinh/notebooks/shrimp_od_yolo_ultralytics_under12M_17models_rtx4090_v3_FIXED_OD_ONLY/kaggle_raw/shrimpdiseaseimagebd/ShrimpDiseaseImageBD An Image Dataset for Computer Vision-Based Detection of Shrimp Diseases in Bangladesh/Root/Annotated Diseased Shrimp Images/Annotated Diseased Shrimp Images/1. BG/images/BG-34-img-3.jpg,/home/drnguyenvinh/notebooks/shrimp_od_yolo_ultralytics_under12M_17models_rtx4090_v3_FIXED_OD_ONLY/kaggle_raw/shrimpdiseaseimagebd/ShrimpDiseaseImageBD An Image Dataset for Computer Vision-Based Detection of Shrimp Diseases in Bangladesh/Root/Annotated Diseased Shrimp Images/Annotated Diseased Shrimp Images/1. BG/labels/BG-34-img-3.txt,BG,BG,BG-34-img-3,3
train,/home/drnguyenvinh/notebooks/shrimp_od_yolo_ultralytics_under12M_17models_rtx4090_v3_FIXED_OD_ONLY/kaggle_raw/shrimpdiseaseimagebd/ShrimpDiseaseImageBD An Image Dataset for Computer Vision-Based Detection of Shrimp Diseases in Bangladesh/Root/Annotated Diseased Shrimp Images/Annotated Diseased Shrimp Images/1. BG/images/BG-56-img-2.jpg,/home/drnguyenvinh/notebooks/shrimp_od_yolo_ultralytics_under12M_17models_rtx4090_v3_FIXED_OD_ONLY/kaggle_raw/shrimpdiseaseimagebd/ShrimpDiseaseImageBD An Image Dataset for Computer Vision-Based Detection of Shrimp Diseases in Bangladesh/Root/Annotated Diseased Shrimp Images/Annotated Diseased Shrimp Images/1. BG/labels/BG-56-img-2.txt,BG,BG,BG-56-img-2,2
train,/home/drnguyenvinh/notebooks/shrimp_od_yolo_ultralytics_under12M_17models_rtx4090_v3_FIXED_OD_ONLY/kaggle_raw/shrimpdiseaseimagebd/ShrimpDiseaseImageBD An Image Dataset for Computer Vision-Based Detection of Shrimp Diseases in Bangladesh/Root/Annotated Diseased Shrimp Images/Annotated Diseased Shrimp Images/2. WSSV/images/WSSV-90-img-2.jpg,/home/drnguyenvinh/notebooks/shrimp_od_yolo_ultralytics_under12M_17models_rtx4090_v3_FIXED_OD_ONLY/kaggle_raw/shrimpdiseaseimagebd/ShrimpDiseaseImageBD An Image Dataset for Computer Vision-Based Detection of Shrimp Diseases in Bangladesh/Root/Annotated Diseased Shrimp Images/Annotated Diseased Shrimp Images/2. WSSV/labels/WSSV-90-img-2.txt,WSSV,WSSV,WSSV-90-img-2,5
train,/home/drnguyenvinh/notebooks/shrimp_od_yolo_ultralytics_under12M_17models_rtx4090_v3_FIXED_OD_ONLY/kaggle_raw/shrimpdiseaseimagebd/ShrimpDiseaseImageBD An Image Dataset for Computer Vision-Based Detection of Shrimp Diseases in Bangladesh/Root/Annotated Diseased Shrimp Images/Annotated Diseased Shrimp Images/4. WSSV_BG/images/WSSV_BG-7-img-1.jpg,/home/drnguyenvinh/notebooks/shrimp_od_yolo_ultralytics_under12M_17models_rtx4090_v3_FIXED_OD_ONLY/kaggle_raw/shrimpdiseaseimagebd/ShrimpDiseaseImageBD An Image Dataset for Computer Vision-Based Detection of Shrimp Diseases in Bangladesh/Root/Annotated Diseased Shrimp Images/Annotated Diseased Shrimp Images/4. WSSV_BG/labels/WSSV_BG-7-img-1.txt,WSSV_BG,WSSV_BG,WSSV_BG-7-img-1,7
train,/home/drnguyenvinh/notebooks/shrimp_od_yolo_ultralytics_under12M_17models_rtx4090_v3_FIXED_OD_ONLY/kaggle_raw/shrimpdiseaseimagebd/ShrimpDiseaseImageBD An Image Dataset for Computer Vision-Based Detection of Shrimp Diseases in Bangladesh/Root/Annotated Diseased Shrimp Images/Annotated Diseased Shrimp Images/4. WSSV_BG/images/WSSV_BG-21-img-1.jpg,/home/drnguyenvinh/notebooks/shrimp_od_yolo_ultralytics_under12M_17models_rtx4090_v3_FIXED_OD_ONLY/kaggle_raw/shrimpdiseaseimagebd/ShrimpDiseaseImageBD An Image Dataset for Computer Vision-Based Detection of Shrimp Diseases in Bangladesh/Root/Annotated Diseased Shrimp Images/Annotated Diseased Shrimp Images/4. WSSV_BG/labels/WSSV_BG-21-img-1.txt,WSSV_BG,WSSV_BG,WSSV_BG-21-img-1,10
train,/home/drnguyenvinh/notebooks/shrimp_od_yolo_ultralytics_under12M_17models_rtx4090_v3_FIXED_OD_ONLY/kaggle_raw/shrimpdiseaseimagebd/ShrimpDiseaseImageBD An Image Dataset for Computer Vision-Based Detection of Shrimp Diseases in Bangladesh/Root/Annotated Diseased Shrimp Images/Annotated Diseased Shrimp Images/2. WSSV/images/WSSV-91-img-3.jpg,/home/drnguyenvinh/notebooks/shrimp_od_yolo_ultralytics_under12M_17models_rtx4090_v3_FIXED_OD_ONLY/kaggle_raw/shrimpdiseaseimagebd/ShrimpDiseaseImageBD An Image Dataset for Computer Vision-Based Detection of Shrimp Diseases in Bangladesh/Root/Annotated Diseased Shrimp Images/Annotated Diseased Shrimp Images/2. WSSV/labels/WSSV-91-img-3.txt,WSSV,WSSV,WSSV-91-img-3,8
train,/home/drnguyenvinh/notebooks/shrimp_od_yolo_ultralytics_under12M_17models_rtx4090_v3_FIXED_OD_ONLY/kaggle_raw/shrimpdiseaseimagebd/ShrimpDiseaseImageBD An Image Dataset for Computer Vision-Based Detection of Shrimp Diseases in Bangladesh/Root/Annotated Diseased Shrimp Images/Annotated Diseased Shrimp Images/4. WSSV_BG/images/WSSV_BG-48-img-3.jpg,/home/drnguyenvinh/notebooks/shrimp_od_yolo_ultralytics_under12M_17models_rtx4090_v3_FIXED_OD_ONLY/kaggle_raw/shrimpdiseaseimagebd/ShrimpDiseaseImageBD An Image Dataset for Computer Vision-Based Detection of Shrimp Diseases in Bangladesh/Root/Annotated Diseased Shrimp Images/Annotated Diseased Shrimp Images/4. WSSV_BG/labels/WSSV_BG-48-img-3.txt,WSSV_BG,WSSV_BG,WSSV_BG-48-img-3,11
train,/home/drnguyenvinh/notebooks/shrimp_od_yolo_ultralytics_under12M_17models_rtx4090_v3_FIXED_OD_ONLY/kaggle_raw/shrimpdiseaseimagebd/ShrimpDiseaseImageBD An Image Dataset for Computer Vision-Based Detection of Shrimp Diseases in Bangladesh/Root/Annotated Diseased Shrimp Images/Annotated Diseased Shrimp Images/2. WSSV/images/WSSV-109-img-3.jpg,/home/drnguyenvinh/notebooks/shrimp_od_yolo_ultralytics_under12M_17models_rtx4090_v3_FIXED_OD_ONLY/kaggle_raw/shrimpdiseaseimagebd/ShrimpDiseaseImageBD An Image Dataset for Computer Vision-Based Detection of Shrimp Diseases in Bangladesh/Root/Annotated Diseased Shrimp Images/Annotated Diseased Shrimp Images/2. WSSV/labels/WSSV-109-img-3.txt,WSSV,WSSV,WSSV-109-img-3,5
train,/home/drnguyenvinh/notebooks/shrimp_od_yolo_ultralytics_under12M_17models_rtx4090_v3_FIXED_OD_ONLY/kaggle_raw/shrimpdiseaseimagebd/ShrimpDiseaseImageBD An Image Dataset for Computer Vision-Based Detection of Shrimp Diseases in Bangladesh/Root/Annotated Diseased Shrimp Images/Annotated Diseased Shrimp Images/4. WSSV_BG/images/WSSV_BG-30-img-2.jpg,/home/drnguyenvinh/notebooks/shrimp_od_yolo_ultralytics_under12M_17models_rtx4090_v3_FIXED_OD_ONLY/kaggle_raw/shrimpdiseaseimagebd/ShrimpDiseaseImageBD An Image Dataset for Computer Vision-Based Detection of Shrimp Diseases in Bangladesh/Root/Annotated Diseased Shrimp Images/Annotated Diseased Shrimp Images/4. WSSV_BG/labels/WSSV_BG-30-img-2.txt,WSSV_BG,WSSV_BG,WSSV_BG-30-img-2,9
train,/home/drnguyenvinh/notebooks/shrimp_od_yolo_ultralytics_under12M_17models_rtx4090_v3_FIXED_OD_ONLY/kaggle_raw/shrimpdiseaseimagebd/ShrimpDiseaseImageBD An Image Dataset for Computer Vision-Based Detection of Shrimp Diseases in Bangladesh/Root/Annotated Diseased Shrimp Images/Annotated Diseased Shrimp Images/1. BG/images/BG-70-img-3.jpg,/home/drnguyenvinh/notebooks/shrimp_od_yolo_ultralytics_under12M_17models_rtx4090_v3_FIXED_OD_ONLY/kaggle_raw/shrimpdiseaseimagebd/ShrimpDiseaseImageBD An Image Dataset for Computer Vision-Based Detection of Shrimp Diseases in Bangladesh/Root/Annotated Diseased Shrimp Images/Annotated Diseased Shrimp Images/1. BG/labels/BG-70-img-3.txt,BG,BG,BG-70-img-3,2
train,/home/drnguyenvinh/notebooks/shrimp_od_yolo_ultralytics_under12M_17models_rtx4090_v3_FIXED_OD_ONLY/kaggle_raw/shrimpdiseaseimagebd/ShrimpDiseaseImageBD An Image Dataset for Computer Vision-Based Detection of Shrimp Diseases in Bangladesh/Root/Annotated Diseased Shrimp Images/Annotated Diseased Shrimp Images/2. WSSV/images/WSSV-61-img-2.jpg,/home/drnguyenvinh/notebooks/shrimp_od_yolo_ultralytics_under12M_17models_rtx4090_v3_FIXED_OD_ONLY/kaggle_raw/shrimpdiseaseimagebd/ShrimpDiseaseImageBD An Image Dataset for Computer Vision-Based Detection of Shrimp Diseases in Bangladesh/Root/Annotated Diseased Shrimp Images/Annotated Diseased Shrimp Images/2. WSSV/labels/WSSV-61-img-2.txt,WSSV,WSSV,WSSV-61-img-2,14
train,/home/drnguyenvinh/notebooks/shrimp_od_yolo_ultralytics_under12M_17models_rtx4090_v3_FIXED_OD_ONLY/kaggle_raw/shrimpdiseaseimagebd/ShrimpDiseaseImageBD An Image Dataset for Computer Vision-Based Detection of Shrimp Diseases in Bangladesh/Root/Annotated Diseased Shrimp Images/Annotated Diseased Shrimp Images/2. WSSV/images/WSSV-106-img-3.jpg,/home/drnguyenvinh/notebooks/shrimp_od_yolo_ultralytics_under12M_17models_rtx4090_v3_FIXED_OD_ONLY/kaggle_raw/shrimpdiseaseimagebd/ShrimpDiseaseImageBD An Image Dataset for Computer Vision-Based Detection of Shrimp Diseases in Bangladesh/Root/Annotated Diseased Shrimp Images/Annotated Diseased Shrimp Images/2. WSSV/labels/WSSV-106-img-3.txt,WSSV,WSSV,WSSV-106-img-3,7
train,/home/drnguyenvinh/notebooks/shrimp_od_yolo_ultralytics_under12M_17models_rtx4090_v3_FIXED_OD_ONLY/kaggle_raw/shrimpdiseaseimagebd/ShrimpDiseaseImageBD An Image Dataset for Computer Vision-Based Detection of Shrimp Diseases in Bangladesh/Root/Annotated Diseased Shrimp Images/Annotated Diseased Shrimp Images/2. WSSV/images/WSSV-70-img-2.jpg,/home/drnguyenvinh/notebooks/shrimp_od_yolo_ultralytics_under12M_17models_rtx4090_v3_FIXED_OD_ONLY/kaggle_raw/shrimpdiseaseimagebd/ShrimpDiseaseImageBD An Image Dataset for Computer Vision-Based Detection of Shrimp Diseases in Bangladesh/Root/Annotated Diseased Shrimp Images/Annotated Diseased Shrimp Images/2. WSSV/labels/WSSV-70-img-2.txt,WSSV,WSSV,WSSV-70-img-2,29
train,/home/drnguyenvinh/notebooks/shrimp_od_yolo_ultralytics_under12M_17models_rtx4090_v3_FIXED_OD_ONLY/kaggle_raw/shrimpdiseaseimagebd/ShrimpDiseaseImageBD An Image Dataset for Computer Vision-Based Detection of Shrimp Diseases in Bangladesh/Root/Annotated Diseased Shrimp Images/Annotated Diseased Shrimp Images/2. WSSV/images/WSSV-113-img-2.jpg,/home/drnguyenvinh/notebooks/shrimp_od_yolo_ultralytics_under12M_17models_rtx4090_v3_FIXED_OD_ONLY/kaggle_raw/shrimpdiseaseimagebd/ShrimpDiseaseImageBD An Image Dataset for Computer Vision-Based Detection of Shrimp Diseases in Bangladesh/Root/Annotated Diseased Shrimp Images/Annotated Diseased Shrimp Images/2. WSSV/labels/WSSV-113-img-2.txt,WSSV,WSSV,WSSV-113-img-2,7
train,/home/drnguyenvinh/notebooks/shrimp_od_yolo_ultralytics_under12M_17models_rtx4090_v3_FIXED_OD_ONLY/kaggle_raw/shrimpdiseaseimagebd/ShrimpDiseaseImageBD An Image Dataset for Computer Vision-Based Detection of Shrimp Diseases in Bangladesh/Root/Annotated Diseased Shrimp Images/Annotated Diseased Shrimp Images/1. BG/images/BG-14-img-1.jpg,/home/drnguyenvinh/notebooks/shrimp_od_yolo_ultralytics_under12M_17models_rtx4090_v3_FIXED_OD_ONLY/kaggle_raw/shrimpdiseaseimagebd/ShrimpDiseaseImageBD An Image Dataset for Computer Vision-Based Detection of Shrimp Diseases in Bangladesh/Root/Annotated Diseased Shrimp Images/Annotated Diseased Shrimp Images/1. BG/labels/BG-14-img-1.txt,BG,BG,BG-14-img-1,1
train,/home/drnguyenvinh/notebooks/shrimp_od_yolo_ultralytics_under12M_17models_rtx4090_v3_FIXED_OD_ONLY/kaggle_raw/shrimpdiseaseimagebd/ShrimpDiseaseImageBD An Image Dataset for Computer Vision-Based Detection of Shrimp Diseases in Bangladesh/Root/Annotated Diseased Shrimp Images/Annotated Diseased Shrimp Images/2. WSSV/images/WSSV-36-img-2.jpg,/home/drnguyenvinh/notebooks/shrimp_od_yolo_ultralytics_under12M_17models_rtx4090_v3_FIXED_OD_ONLY/kaggle_raw/shrimpdiseaseimagebd/ShrimpDiseaseImageBD An Image Dataset for Computer Vision-Based Detection of Shrimp Diseases in Bangladesh/Root/Annotated Diseased Shrimp Images/Annotated Diseased Shrimp Images/2. WSSV/labels/WSSV-36-img-2.txt,WSSV,WSSV,WSSV-36-img-2,21
train,/home/drnguyenvinh/notebooks/shrimp_od_yolo_ultralytics_under12M_17models_rtx4090_v3_FIXED_OD_ONLY/kaggle_raw/shrimpdiseaseimagebd/ShrimpDiseaseImageBD An Image Dataset for Computer Vision-Based Detection of Shrimp Diseases in Bangladesh/Root/Annotated Diseased Shrimp Images/Annotated Diseased Shrimp Images/4. WSSV_BG/images/WSSV_BG-38-img-3.jpg,/home/drnguyenvinh/notebooks/shrimp_od_yolo_ultralytics_under12M_17models_rtx4090_v3_FIXED_OD_ONLY/kaggle_raw/shrimpdiseaseimagebd/ShrimpDiseaseImageBD An Image Dataset for Computer Vision-Based Detection of Shrimp Diseases in Bangladesh/Root/Annotated Diseased Shrimp Images/Annotated Diseased Shrimp Images/4. WSSV_BG/labels/WSSV_BG-38-img-3.txt,WSSV_BG,WSSV_BG,WSSV_BG-38-img-3,10
train,/home/drnguyenvinh/notebooks/shrimp_od_yolo_ultralytics_under12M_17models_rtx4090_v3_FIXED_OD_ONLY/kaggle_raw/shrimpdiseaseimagebd/ShrimpDiseaseImageBD An Image Dataset for Computer Vision-Based Detection of Shrimp Diseases in Bangladesh/Root/Annotated Diseased Shrimp Images/Annotated Diseased Shrimp Images/2. WSSV/images/WSSV-87-img-1.jpg,/home/drnguyenvinh/notebooks/shrimp_od_yolo_ultralytics_under12M_17models_rtx4090_v3_FIXED_OD_ONLY/kaggle_raw/shrimpdiseaseimagebd/ShrimpDiseaseImageBD An Image Dataset for Computer Vision-Based Detection of Shrimp Diseases in Bangladesh/Root/Annotated Diseased Shrimp Images/Annotated Diseased Shrimp Images/2. WSSV/labels/WSSV-87-img-1.txt,WSSV,WSSV,WSSV-87-img-1,7
train,/home/drnguyenvinh/notebooks/shrimp_od_yolo_ultralytics_under12M_17models_rtx4090_v3_FIXED_OD_ONLY/kaggle_raw/shrimpdiseaseimagebd/ShrimpDiseaseImageBD An Image Dataset for Computer Vision-Based Detection of Shrimp Diseases in Bangladesh/Root/Annotated Diseased Shrimp Images/Annotated Diseased Shrimp Images/2. WSSV/images/WSSV-50-img-1.jpg,/home/drnguyenvinh/notebooks/shrimp_od_yolo_ultralytics_under12M_17models_rtx4090_v3_FIXED_OD_ONLY/kaggle_raw/shrimpdiseaseimagebd/ShrimpDiseaseImageBD An Image Dataset for Computer Vision-Based Detection of Shrimp Diseases in Bangladesh/Root/Annotated Diseased Shrimp Images/Annotated Diseased Shrimp Images/2. WSSV/labels/WSSV-50-img-1.txt,WSSV,WSSV,WSSV-50-img-1,32
train,/home/drnguyenvinh/notebooks/shrimp_od_yolo_ultralytics_under12M_17models_rtx4090_v3_FIXED_OD_ONLY/kaggle_raw/shrimpdiseaseimagebd/ShrimpDiseaseImageBD An Image Dataset for Computer Vision-Based Detection of Shrimp Diseases in Bangladesh/Root/Annotated Diseased Shrimp Images/Annotated Diseased Shrimp Images/2. WSSV/images/WSSV-38-img-3.jpg,/home/drnguyenvinh/notebooks/shrimp_od_yolo_ultralytics_under12M_17models_rtx4090_v3_FIXED_OD_ONLY/kaggle_raw/shrimpdiseaseimagebd/ShrimpDiseaseImageBD An Image Dataset for Computer Vision-Based Detection of Shrimp Diseases in Bangladesh/Root/Annotated Diseased Shrimp Images/Annotated Diseased Shrimp Images/2. WSSV/labels/WSSV-38-img-3.txt,WSSV,WSSV,WSSV-38-img-3,6
train,/home/drnguyenvinh/notebooks/shrimp_od_yolo_ultralytics_under12M_17models_rtx4090_v3_FIXED_OD_ONLY/kaggle_raw/shrimpdiseaseimagebd/ShrimpDiseaseImageBD An Image Dataset for Computer Vision-Based Detection of Shrimp Diseases in Bangladesh/Root/Annotated Diseased Shrimp Images/Annotated Diseased Shrimp Images/4. WSSV_BG/images/WSSV_BG-74-img-1.jpg,/home/drnguyenvinh/notebooks/shrimp_od_yolo_ultralytics_under12M_17models_rtx4090_v3_FIXED_OD_ONLY/kaggle_raw/shrimpdiseaseimagebd/ShrimpDiseaseImageBD An Image Dataset for Computer Vision-Based Detection of Shrimp Diseases in Bangladesh/Root/Annotated Diseased Shrimp Images/Annotated Diseased Shrimp Images/4. WSSV_BG/labels/WSSV_BG-74-img-1.txt,WSSV_BG,WSSV_BG,WSSV_BG-74-img-1,10
train,/home/drnguyenvinh/notebooks/shrimp_od_yolo_ultralytics_under12M_17models_rtx4090_v3_FIXED_OD_ONLY/kaggle_raw/shrimpdiseaseimagebd/ShrimpDiseaseImageBD An Image Dataset for Computer Vision-Based Detection of Shrimp Diseases in Bangladesh/Root/Annotated Diseased Shrimp Images/Annotated Diseased Shrimp Images/1. BG/images/BG-42-img-1.jpg,/home/drnguyenvinh/notebooks/shrimp_od_yolo_ultralytics_under12M_17models_rtx4090_v3_FIXED_OD_ONLY/kaggle_raw/shrimpdiseaseimagebd/ShrimpDiseaseImageBD An Image Dataset for Computer Vision-Based Detection of Shrimp Diseases in Bangladesh/Root/Annotated Diseased Shrimp Images/Annotated Diseased Shrimp Images/1. BG/labels/BG-42-img-1.txt,BG,BG,BG-42-img-1,1
train,/home/drnguyenvinh/notebooks/shrimp_od_yolo_ultralytics_under12M_17models_rtx4090_v3_FIXED_OD_ONLY/kaggle_raw/shrimpdiseaseimagebd/ShrimpDiseaseImageBD An Image Dataset for Computer Vision-Based Detection of Shrimp Diseases in Bangladesh/Root/Annotated Diseased Shrimp Images/Annotated Diseased Shrimp Images/1. BG/images/BG-37-img-3.jpg,/home/drnguyenvinh/notebooks/shrimp_od_yolo_ultralytics_under12M_17models_rtx4090_v3_FIXED_OD_ONLY/kaggle_raw/shrimpdiseaseimagebd/ShrimpDiseaseImageBD An Image Dataset for Computer Vision-Based Detection of Shrimp Diseases in Bangladesh/Root/Annotated Diseased Shrimp Images/Annotated Diseased Shrimp Images/1. BG/labels/BG-37-img-3.txt,BG,BG,BG-37-img-3,5
train,/home/drnguyenvinh/notebooks/shrimp_od_yolo_ultralytics_under12M_17models_rtx4090_v3_FIXED_OD_ONLY/kaggle_raw/shrimpdiseaseimagebd/ShrimpDiseaseImageBD An Image Dataset for Computer Vision-Based Detection of Shrimp Diseases in Bangladesh/Root/Annotated Diseased Shrimp Images/Annotated Diseased Shrimp Images/1. BG/images/BG-20-img-2.jpg,/home/drnguyenvinh/notebooks/shrimp_od_yolo_ultralytics_under12M_17models_rtx4090_v3_FIXED_OD_ONLY/kaggle_raw/shrimpdiseaseimagebd/ShrimpDiseaseImageBD An Image Dataset for Computer Vision-Based Detection of Shrimp Diseases in Bangladesh/Root/Annotated Diseased Shrimp Images/Annotated Diseased Shrimp Images/1. BG/labels/BG-20-img-2.txt,BG,BG,BG-20-img-2,2
train,/home/drnguyenvinh/notebooks/shrimp_od_yolo_ultralytics_under12M_17models_rtx4090_v3_FIXED_OD_ONLY/kaggle_raw/shrimpdiseaseimagebd/ShrimpDiseaseImageBD An Image Dataset for Computer Vision-Based Detection of Shrimp Diseases in Bangladesh/Root/Annotated Diseased Shrimp Images/Annotated Diseased Shrimp Images/1. BG/images/BG-69-img-3.jpg,/home/drnguyenvinh/notebooks/shrimp_od_yolo_ultralytics_under12M_17models_rtx4090_v3_FIXED_OD_ONLY/kaggle_raw/shrimpdiseaseimagebd/ShrimpDiseaseImageBD An Image Dataset for Computer Vision-Based Detection of Shrimp Diseases in Bangladesh/Root/Annotated Diseased Shrimp Images/Annotated Diseased Shrimp Images/1. BG/labels/BG-69-img-3.txt,BG,BG,BG-69-img-3,4
train,/home/drnguyenvinh/notebooks/shrimp_od_yolo_ultralytics_under12M_17models_rtx4090_v3_FIXED_OD_ONLY/kaggle_raw/shrimpdiseaseimagebd/ShrimpDiseaseImageBD An Image Dataset for Computer Vision-Based Detection of Shrimp Diseases in Bangladesh/Root/Annotated Diseased Shrimp Images/Annotated Diseased Shrimp Images/1. BG/images/BG-47-img-1.jpg,/home/drnguyenvinh/notebooks/shrimp_od_yolo_ultralytics_under12M_17models_rtx4090_v3_FIXED_OD_ONLY/kaggle_raw/shrimpdiseaseimagebd/ShrimpDiseaseImageBD An Image Dataset for Computer Vision-Based Detection of Shrimp Diseases in Bangladesh/Root/Annotated Diseased Shrimp Images/Annotated Diseased Shrimp Images/1. BG/labels/BG-47-img-1.txt,BG,BG,BG-47-img-1,1
train,/home/drnguyenvinh/notebooks/shrimp_od_yolo_ultralytics_under12M_17models_rtx4090_v3_FIXED_OD_ONLY/kaggle_raw/shrimpdiseaseimagebd/ShrimpDiseaseImageBD An Image Dataset for Computer Vision-Based Detection of Shrimp Diseases in Bangladesh/Root/Annotated Diseased Shrimp Images/Annotated Diseased Shrimp Images/4. WSSV_BG/images/WSSV_BG-80-img-3.jpg,/home/drnguyenvinh/notebooks/shrimp_od_yolo_ultralytics_under12M_17models_rtx4090_v3_FIXED_OD_ONLY/kaggle_raw/shrimpdiseaseimagebd/ShrimpDiseaseImageBD An Image Dataset for Computer Vision-Based Detection of Shrimp Diseases in Bangladesh/Root/Annotated Diseased Shrimp Images/Annotated Diseased Shrimp Images/4. WSSV_BG/labels/WSSV_BG-80-img-3.txt,WSSV_BG,WSSV_BG,WSSV_BG-80-img-3,14
train,/home/drnguyenvinh/notebooks/shrimp_od_yolo_ultralytics_under12M_17models_rtx4090_v3_FIXED_OD_ONLY/kaggle_raw/shrimpdiseaseimagebd/ShrimpDiseaseImageBD An Image Dataset for Computer Vision-Based Detection of Shrimp Diseases in Bangladesh/Root/Annotated Diseased Shrimp Images/Annotated Diseased Shrimp Images/4. WSSV_BG/images/WSSV_BG-79-img-1.jpg,/home/drnguyenvinh/notebooks/shrimp_od_yolo_ultralytics_under12M_17models_rtx4090_v3_FIXED_OD_ONLY/kaggle_raw/shrimpdiseaseimagebd/ShrimpDiseaseImageBD An Image Dataset for Computer Vision-Based Detection of Shrimp Diseases in Bangladesh/Root/Annotated Diseased Shrimp Images/Annotated Diseased Shrimp Images/4. WSSV_BG/labels/WSSV_BG-79-img-1.txt,WSSV_BG,WSSV_BG,WSSV_BG-79-img-1,12
train,/home/drnguyenvinh/notebooks/shrimp_od_yolo_ultralytics_under12M_17models_rtx4090_v3_FIXED_OD_ONLY/kaggle_raw/shrimpdiseaseimagebd/ShrimpDiseaseImageBD An Image Dataset for Computer Vision-Based Detection of Shrimp Diseases in Bangladesh/Root/Annotated Diseased Shrimp Images/Annotated Diseased Shrimp Images/1. BG/images/BG-49-img-1.jpg,/home/drnguyenvinh/notebooks/shrimp_od_yolo_ultralytics_under12M_17models_rtx4090_v3_FIXED_OD_ONLY/kaggle_raw/shrimpdiseaseimagebd/ShrimpDiseaseImageBD An Image Dataset for Computer Vision-Based Detection of Shrimp Diseases in Bangladesh/Root/Annotated Diseased Shrimp Images/Annotated Diseased Shrimp Images/1. BG/labels/BG-49-img-1.txt,BG,BG,BG-49-img-1,4
train,/home/drnguyenvinh/notebooks/shrimp_od_yolo_ultralytics_under12M_17models_rtx4090_v3_FIXED_OD_ONLY/kaggle_raw/shrimpdiseaseimagebd/ShrimpDiseaseImageBD An Image Dataset for Computer Vision-Based Detection of Shrimp Diseases in Bangladesh/Root/Annotated Diseased Shrimp Images/Annotated Diseased Shrimp Images/2. WSSV/images/WSSV-21-img-1.jpg,/home/drnguyenvinh/notebooks/shrimp_od_yolo_ultralytics_under12M_17models_rtx4090_v3_FIXED_OD_ONLY/kaggle_raw/shrimpdiseaseimagebd/ShrimpDiseaseImageBD An Image Dataset for Computer Vision-Based Detection of Shrimp Diseases in Bangladesh/Root/Annotated Diseased Shrimp Images/Annotated Diseased Shrimp Images/2. WSSV/labels/WSSV-21-img-1.txt,WSSV,WSSV,WSSV-21-img-1,6
train,/home/drnguyenvinh/notebooks/shrimp_od_yolo_ultralytics_under12M_17models_rtx4090_v3_FIXED_OD_ONLY/kaggle_raw/shrimpdiseaseimagebd/ShrimpDiseaseImageBD An Image Dataset for Computer Vision-Based Detection of Shrimp Diseases in Bangladesh/Root/Annotated Diseased Shrimp Images/Annotated Diseased Shrimp Images/4. WSSV_BG/images/WSSV_BG-21-img-2.jpg,/home/drnguyenvinh/notebooks/shrimp_od_yolo_ultralytics_under12M_17models_rtx4090_v3_FIXED_OD_ONLY/kaggle_raw/shrimpdiseaseimagebd/ShrimpDiseaseImageBD An Image Dataset for Computer Vision-Based Detection of Shrimp Diseases in Bangladesh/Root/Annotated Diseased Shrimp Images/Annotated Diseased Shrimp Images/4. WSSV_BG/labels/WSSV_BG-21-img-2.txt,WSSV_BG,WSSV_BG,WSSV_BG-21-img-2,9
train,/home/drnguyenvinh/notebooks/shrimp_od_yolo_ultralytics_under12M_17models_rtx4090_v3_FIXED_OD_ONLY/kaggle_raw/shrimpdiseaseimagebd/ShrimpDiseaseImageBD An Image Dataset for Computer Vision-Based Detection of Shrimp Diseases in Bangladesh/Root/Annotated Diseased Shrimp Images/Annotated Diseased Shrimp Images/2. WSSV/images/WSSV-64-img-1.jpg,/home/drnguyenvinh/notebooks/shrimp_od_yolo_ultralytics_under12M_17models_rtx4090_v3_FIXED_OD_ONLY/kaggle_raw/shrimpdiseaseimagebd/ShrimpDiseaseImageBD An Image Dataset for Computer Vision-Based Detection of Shrimp Diseases in Bangladesh/Root/Annotated Diseased Shrimp Images/Annotated Diseased Shrimp Images/2. WSSV/labels/WSSV-64-img-1.txt,WSSV,WSSV,WSSV-64-img-1,5
train,/home/drnguyenvinh/notebooks/shrimp_od_yolo_ultralytics_under12M_17models_rtx4090_v3_FIXED_OD_ONLY/kaggle_raw/shrimpdiseaseimagebd/ShrimpDiseaseImageBD An Image Dataset for Computer Vision-Based Detection of Shrimp Diseases in Bangladesh/Root/Annotated Diseased Shrimp Images/Annotated Diseased Shrimp Images/2. WSSV/images/WSSV-23-img-2.jpg,/home/drnguyenvinh/notebooks/shrimp_od_yolo_ultralytics_under12M_17models_rtx4090_v3_FIXED_OD_ONLY/kaggle_raw/shrimpdiseaseimagebd/ShrimpDiseaseImageBD An Image Dataset for Computer Vision-Based Detection of Shrimp Diseases in Bangladesh/Root/Annotated Diseased Shrimp Images/Annotated Diseased Shrimp Images/2. WSSV/labels/WSSV-23-img-2.txt,WSSV,WSSV,WSSV-23-img-2,15
train,/home/drnguyenvinh/notebooks/shrimp_od_yolo_ultralytics_under12M_17models_rtx4090_v3_FIXED_OD_ONLY/kaggle_raw/shrimpdiseaseimagebd/ShrimpDiseaseImageBD An Image Dataset for Computer Vision-Based Detection of Shrimp Diseases in Bangladesh/Root/Annotated Diseased Shrimp Images/Annotated Diseased Shrimp Images/4. WSSV_BG/images/WSSV_BG-45-img-2.jpg,/home/drnguyenvinh/notebooks/shrimp_od_yolo_ultralytics_under12M_17models_rtx4090_v3_FIXED_OD_ONLY/kaggle_raw/shrimpdiseaseimagebd/ShrimpDiseaseImageBD An Image Dataset for Computer Vision-Based Detection of Shrimp Diseases in Bangladesh/Root/Annotated Diseased Shrimp Images/Annotated Diseased Shrimp Images/4. WSSV_BG/labels/WSSV_BG-45-img-2.txt,WSSV_BG,WSSV_BG,WSSV_BG-45-img-2,5
train,/home/drnguyenvinh/notebooks/shrimp_od_yolo_ultralytics_under12M_17models_rtx4090_v3_FIXED_OD_ONLY/kaggle_raw/shrimpdiseaseimagebd/ShrimpDiseaseImageBD An Image Dataset for Computer Vision-Based Detection of Shrimp Diseases in Bangladesh/Root/Annotated Diseased Shrimp Images/Annotated Diseased Shrimp Images/4. WSSV_BG/images/WSSV_BG-47-img-1.jpg,/home/drnguyenvinh/notebooks/shrimp_od_yolo_ultralytics_under12M_17models_rtx4090_v3_FIXED_OD_ONLY/kaggle_raw/shrimpdiseaseimagebd/ShrimpDiseaseImageBD An Image Dataset for Computer Vision-Based Detection of Shrimp Diseases in Bangladesh/Root/Annotated Diseased Shrimp Images/Annotated Diseased Shrimp Images/4. WSSV_BG/labels/WSSV_BG-47-img-1.txt,WSSV_BG,WSSV_BG,WSSV_BG-47-img-1,11
train,/home/drnguyenvinh/notebooks/shrimp_od_yolo_ultralytics_under12M_17models_rtx4090_v3_FIXED_OD_ONLY/kaggle_raw/shrimpdiseaseimagebd/ShrimpDiseaseImageBD An Image Dataset for Computer Vision-Based Detection of Shrimp Diseases in Bangladesh/Root/Annotated Diseased Shrimp Images/Annotated Diseased Shrimp Images/2. WSSV/images/WSSV-41-img-2.jpg,/home/drnguyenvinh/notebooks/shrimp_od_yolo_ultralytics_under12M_17models_rtx4090_v3_FIXED_OD_ONLY/kaggle_raw/shrimpdiseaseimagebd/ShrimpDiseaseImageBD An Image Dataset for Computer Vision-Based Detection of Shrimp Diseases in Bangladesh/Root/Annotated Diseased Shrimp Images/Annotated Diseased Shrimp Images/2. WSSV/labels/WSSV-41-img-2.txt,WSSV,WSSV,WSSV-41-img-2,3
train,/home/drnguyenvinh/notebooks/shrimp_od_yolo_ultralytics_under12M_17models_rtx4090_v3_FIXED_OD_ONLY/kaggle_raw/shrimpdiseaseimagebd/ShrimpDiseaseImageBD An Image Dataset for Computer Vision-Based Detection of Shrimp Diseases in Bangladesh/Root/Annotated Diseased Shrimp Images/Annotated Diseased Shrimp Images/1. BG/images/BG-50-img-2.jpg,/home/drnguyenvinh/notebooks/shrimp_od_yolo_ultralytics_under12M_17models_rtx4090_v3_FIXED_OD_ONLY/kaggle_raw/shrimpdiseaseimagebd/ShrimpDiseaseImageBD An Image Dataset for Computer Vision-Based Detection of Shrimp Diseases in Bangladesh/Root/Annotated Diseased Shrimp Images/Annotated Diseased Shrimp Images/1. BG/labels/BG-50-img-2.txt,BG,BG,BG-50-img-2,3
train,/home/drnguyenvinh/notebooks/shrimp_od_yolo_ultralytics_under12M_17models_rtx4090_v3_FIXED_OD_ONLY/kaggle_raw/shrimpdiseaseimagebd/ShrimpDiseaseImageBD An Image Dataset for Computer Vision-Based Detection of Shrimp Diseases in Bangladesh/Root/Annotated Diseased Shrimp Images/Annotated Diseased Shrimp Images/2. WSSV/images/WSSV-45-img-1.jpg,/home/drnguyenvinh/notebooks/shrimp_od_yolo_ultralytics_under12M_17models_rtx4090_v3_FIXED_OD_ONLY/kaggle_raw/shrimpdiseaseimagebd/ShrimpDiseaseImageBD An Image Dataset for Computer Vision-Based Detection of Shrimp Diseases in Bangladesh/Root/Annotated Diseased Shrimp Images/Annotated Diseased Shrimp Images/2. WSSV/labels/WSSV-45-img-1.txt,WSSV,WSSV,WSSV-45-img-1,6
train,/home/drnguyenvinh/notebooks/shrimp_od_yolo_ultralytics_under12M_17models_rtx4090_v3_FIXED_OD_ONLY/kaggle_raw/shrimpdiseaseimagebd/ShrimpDiseaseImageBD An Image Dataset for Computer Vision-Based Detection of Shrimp Diseases in Bangladesh/Root/Annotated Diseased Shrimp Images/Annotated Diseased Shrimp Images/2. WSSV/images/WSSV-66-img-3.jpg,/home/drnguyenvinh/notebooks/shrimp_od_yolo_ultralytics_under12M_17models_rtx4090_v3_FIXED_OD_ONLY/kaggle_raw/shrimpdiseaseimagebd/ShrimpDiseaseImageBD An Image Dataset for Computer Vision-Based Detection of Shrimp Diseases in Bangladesh/Root/Annotated Diseased Shrimp Images/Annotated Diseased Shrimp Images/2. WSSV/labels/WSSV-66-img-3.txt,WSSV,WSSV,WSSV-66-img-3,3
train,/home/drnguyenvinh/notebooks/shrimp_od_yolo_ultralytics_under12M_17models_rtx4090_v3_FIXED_OD_ONLY/kaggle_raw/shrimpdiseaseimagebd/ShrimpDiseaseImageBD An Image Dataset for Computer Vision-Based Detection of Shrimp Diseases in Bangladesh/Root/Annotated Diseased Shrimp Images/Annotated Diseased Shrimp Images/2. WSSV/images/WSSV-86-img-3.jpg,/home/drnguyenvinh/notebooks/shrimp_od_yolo_ultralytics_under12M_17models_rtx4090_v3_FIXED_OD_ONLY/kaggle_raw/shrimpdiseaseimagebd/ShrimpDiseaseImageBD An Image Dataset for Computer Vision-Based Detection of Shrimp Diseases in Bangladesh/Root/Annotated Diseased Shrimp Images/Annotated Diseased Shrimp Images/2. WSSV/labels/WSSV-86-img-3.txt,WSSV,WSSV,WSSV-86-img-3,9
train,/home/drnguyenvinh/notebooks/shrimp_od_yolo_ultralytics_under12M_17models_rtx4090_v3_FIXED_OD_ONLY/kaggle_raw/shrimpdiseaseimagebd/ShrimpDiseaseImageBD An Image Dataset for Computer Vision-Based Detection of Shrimp Diseases in Bangladesh/Root/Annotated Diseased Shrimp Images/Annotated Diseased Shrimp Images/1. BG/images/BG-3-img-2.jpg,/home/drnguyenvinh/notebooks/shrimp_od_yolo_ultralytics_under12M_17models_rtx4090_v3_FIXED_OD_ONLY/kaggle_raw/shrimpdiseaseimagebd/ShrimpDiseaseImageBD An Image Dataset for Computer Vision-Based Detection of Shrimp Diseases in Bangladesh/Root/Annotated Diseased Shrimp Images/Annotated Diseased Shrimp Images/1. BG/labels/BG-3-img-2.txt,BG,BG,BG-3-img-2,1
train,/home/drnguyenvinh/notebooks/shrimp_od_yolo_ultralytics_under12M_17models_rtx4090_v3_FIXED_OD_ONLY/kaggle_raw/shrimpdiseaseimagebd/ShrimpDiseaseImageBD An Image Dataset for Computer Vision-Based Detection of Shrimp Diseases in Bangladesh/Root/Annotated Diseased Shrimp Images/Annotated Diseased Shrimp Images/4. WSSV_BG/images/WSSV_BG-22-img-1.jpg,/home/drnguyenvinh/notebooks/shrimp_od_yolo_ultralytics_under12M_17models_rtx4090_v3_FIXED_OD_ONLY/kaggle_raw/shrimpdiseaseimagebd/ShrimpDiseaseImageBD An Image Dataset for Computer Vision-Based Detection of Shrimp Diseases in Bangladesh/Root/Annotated Diseased Shrimp Images/Annotated Diseased Shrimp Images/4. WSSV_BG/labels/WSSV_BG-22-img-1.txt,WSSV_BG,WSSV_BG,WSSV_BG-22-img-1,13
train,/home/drnguyenvinh/notebooks/shrimp_od_yolo_ultralytics_under12M_17models_rtx4090_v3_FIXED_OD_ONLY/kaggle_raw/shrimpdiseaseimagebd/ShrimpDiseaseImageBD An Image Dataset for Computer Vision-Based Detection of Shrimp Diseases in Bangladesh/Root/Annotated Diseased Shrimp Images/Annotated Diseased Shrimp Images/2. WSSV/images/WSSV-53-img-1.jpg,/home/drnguyenvinh/notebooks/shrimp_od_yolo_ultralytics_under12M_17models_rtx4090_v3_FIXED_OD_ONLY/kaggle_raw/shrimpdiseaseimagebd/ShrimpDiseaseImageBD An Image Dataset for Computer Vision-Based Detection of Shrimp Diseases in Bangladesh/Root/Annotated Diseased Shrimp Images/Annotated Diseased Shrimp Images/2. WSSV/labels/WSSV-53-img-1.txt,WSSV,WSSV,WSSV-53-img-1,16
train,/home/drnguyenvinh/notebooks/shrimp_od_yolo_ultralytics_under12M_17models_rtx4090_v3_FIXED_OD_ONLY/kaggle_raw/shrimpdiseaseimagebd/ShrimpDiseaseImageBD An Image Dataset for Computer Vision-Based Detection of Shrimp Diseases in Bangladesh/Root/Annotated Diseased Shrimp Images/Annotated Diseased Shrimp Images/2. WSSV/images/WSSV-76-img-3.jpg,/home/drnguyenvinh/notebooks/shrimp_od_yolo_ultralytics_under12M_17models_rtx4090_v3_FIXED_OD_ONLY/kaggle_raw/shrimpdiseaseimagebd/ShrimpDiseaseImageBD An Image Dataset for Computer Vision-Based Detection of Shrimp Diseases in Bangladesh/Root/Annotated Diseased Shrimp Images/Annotated Diseased Shrimp Images/2. WSSV/labels/WSSV-76-img-3.txt,WSSV,WSSV,WSSV-76-img-3,9
train,/home/drnguyenvinh/notebooks/shrimp_od_yolo_ultralytics_under12M_17models_rtx4090_v3_FIXED_OD_ONLY/kaggle_raw/shrimpdiseaseimagebd/ShrimpDiseaseImageBD An Image Dataset for Computer Vision-Based Detection of Shrimp Diseases in Bangladesh/Root/Annotated Diseased Shrimp Images/Annotated Diseased Shrimp Images/4. WSSV_BG/images/WSSV_BG-17-img-2.jpg,/home/drnguyenvinh/notebooks/shrimp_od_yolo_ultralytics_under12M_17models_rtx4090_v3_FIXED_OD_ONLY/kaggle_raw/shrimpdiseaseimagebd/ShrimpDiseaseImageBD An Image Dataset for Computer Vision-Based Detection of Shrimp Diseases in Bangladesh/Root/Annotated Diseased Shrimp Images/Annotated Diseased Shrimp Images/4. WSSV_BG/labels/WSSV_BG-17-img-2.txt,WSSV_BG,WSSV_BG,WSSV_BG-17-img-2,12
train,/home/drnguyenvinh/notebooks/shrimp_od_yolo_ultralytics_under12M_17models_rtx4090_v3_FIXED_OD_ONLY/kaggle_raw/shrimpdiseaseimagebd/ShrimpDiseaseImageBD An Image Dataset for Computer Vision-Based Detection of Shrimp Diseases in Bangladesh/Root/Annotated Diseased Shrimp Images/Annotated Diseased Shrimp Images/2. WSSV/images/WSSV-4-img-3.jpg,/home/drnguyenvinh/notebooks/shrimp_od_yolo_ultralytics_under12M_17models_rtx4090_v3_FIXED_OD_ONLY/kaggle_raw/shrimpdiseaseimagebd/ShrimpDiseaseImageBD An Image Dataset for Computer Vision-Based Detection of Shrimp Diseases in Bangladesh/Root/Annotated Diseased Shrimp Images/Annotated Diseased Shrimp Images/2. WSSV/labels/WSSV-4-img-3.txt,WSSV,WSSV,WSSV-4-img-3,3
train,/home/drnguyenvinh/notebooks/shrimp_od_yolo_ultralytics_under12M_17models_rtx4090_v3_FIXED_OD_ONLY/kaggle_raw/shrimpdiseaseimagebd/ShrimpDiseaseImageBD An Image Dataset for Computer Vision-Based Detection of Shrimp Diseases in Bangladesh/Root/Annotated Diseased Shrimp Images/Annotated Diseased Shrimp Images/2. WSSV/images/WSSV-47-img-1.jpg,/home/drnguyenvinh/notebooks/shrimp_od_yolo_ultralytics_under12M_17models_rtx4090_v3_FIXED_OD_ONLY/kaggle_raw/shrimpdiseaseimagebd/ShrimpDiseaseImageBD An Image Dataset for Computer Vision-Based Detection of Shrimp Diseases in Bangladesh/Root/Annotated Diseased Shrimp Images/Annotated Diseased Shrimp Images/2. WSSV/labels/WSSV-47-img-1.txt,WSSV,WSSV,WSSV-47-img-1,17
train,/home/drnguyenvinh/notebooks/shrimp_od_yolo_ultralytics_under12M_17models_rtx4090_v3_FIXED_OD_ONLY/kaggle_raw/shrimpdiseaseimagebd/ShrimpDiseaseImageBD An Image Dataset for Computer Vision-Based Detection of Shrimp Diseases in Bangladesh/Root/Annotated Diseased Shrimp Images/Annotated Diseased Shrimp Images/1. BG/images/BG-70-img-2.jpg,/home/drnguyenvinh/notebooks/shrimp_od_yolo_ultralytics_under12M_17models_rtx4090_v3_FIXED_OD_ONLY/kaggle_raw/shrimpdiseaseimagebd/ShrimpDiseaseImageBD An Image Dataset for Computer Vision-Based Detection of Shrimp Diseases in Bangladesh/Root/Annotated Diseased Shrimp Images/Annotated Diseased Shrimp Images/1. BG/labels/BG-70-img-2.txt,BG,BG,BG-70-img-2,1
train,/home/drnguyenvinh/notebooks/shrimp_od_yolo_ultralytics_under12M_17models_rtx4090_v3_FIXED_OD_ONLY/kaggle_raw/shrimpdiseaseimagebd/ShrimpDiseaseImageBD An Image Dataset for Computer Vision-Based Detection of Shrimp Diseases in Bangladesh/Root/Annotated Diseased Shrimp Images/Annotated Diseased Shrimp Images/2. WSSV/images/WSSV-41-img-1.jpg,/home/drnguyenvinh/notebooks/shrimp_od_yolo_ultralytics_under12M_17models_rtx4090_v3_FIXED_OD_ONLY/kaggle_raw/shrimpdiseaseimagebd/ShrimpDiseaseImageBD An Image Dataset for Computer Vision-Based Detection of Shrimp Diseases in Bangladesh/Root/Annotated Diseased Shrimp Images/Annotated Diseased Shrimp Images/2. WSSV/labels/WSSV-41-img-1.txt,WSSV,WSSV,WSSV-41-img-1,2
train,/home/drnguyenvinh/notebooks/shrimp_od_yolo_ultralytics_under12M_17models_rtx4090_v3_FIXED_OD_ONLY/kaggle_raw/shrimpdiseaseimagebd/ShrimpDiseaseImageBD An Image Dataset for Computer Vision-Based Detection of Shrimp Diseases in Bangladesh/Root/Annotated Diseased Shrimp Images/Annotated Diseased Shrimp Images/4. WSSV_BG/images/WSSV_BG-69-img-1.jpg,/home/drnguyenvinh/notebooks/shrimp_od_yolo_ultralytics_under12M_17models_rtx4090_v3_FIXED_OD_ONLY/kaggle_raw/shrimpdiseaseimagebd/ShrimpDiseaseImageBD An Image Dataset for Computer Vision-Based Detection of Shrimp Diseases in Bangladesh/Root/Annotated Diseased Shrimp Images/Annotated Diseased Shrimp Images/4. WSSV_BG/labels/WSSV_BG-69-img-1.txt,WSSV_BG,WSSV_BG,WSSV_BG-69-img-1,16
train,/home/drnguyenvinh/notebooks/shrimp_od_yolo_ultralytics_under12M_17models_rtx4090_v3_FIXED_OD_ONLY/kaggle_raw/shrimpdiseaseimagebd/ShrimpDiseaseImageBD An Image Dataset for Computer Vision-Based Detection of Shrimp Diseases in Bangladesh/Root/Annotated Diseased Shrimp Images/Annotated Diseased Shrimp Images/4. WSSV_BG/images/WSSV_BG-46-img-1.jpg,/home/drnguyenvinh/notebooks/shrimp_od_yolo_ultralytics_under12M_17models_rtx4090_v3_FIXED_OD_ONLY/kaggle_raw/shrimpdiseaseimagebd/ShrimpDiseaseImageBD An Image Dataset for Computer Vision-Based Detection of Shrimp Diseases in Bangladesh/Root/Annotated Diseased Shrimp Images/Annotated Diseased Shrimp Images/4. WSSV_BG/labels/WSSV_BG-46-img-1.txt,WSSV_BG,WSSV_BG,WSSV_BG-46-img-1,8
train,/home/drnguyenvinh/notebooks/shrimp_od_yolo_ultralytics_under12M_17models_rtx4090_v3_FIXED_OD_ONLY/kaggle_raw/shrimpdiseaseimagebd/ShrimpDiseaseImageBD An Image Dataset for Computer Vision-Based Detection of Shrimp Diseases in Bangladesh/Root/Annotated Diseased Shrimp Images/Annotated Diseased Shrimp Images/2. WSSV/images/WSSV-74-img-3.jpg,/home/drnguyenvinh/notebooks/shrimp_od_yolo_ultralytics_under12M_17models_rtx4090_v3_FIXED_OD_ONLY/kaggle_raw/shrimpdiseaseimagebd/ShrimpDiseaseImageBD An Image Dataset for Computer Vision-Based Detection of Shrimp Diseases in Bangladesh/Root/Annotated Diseased Shrimp Images/Annotated Diseased Shrimp Images/2. WSSV/labels/WSSV-74-img-3.txt,WSSV,WSSV,WSSV-74-img-3,23
train,/home/drnguyenvinh/notebooks/shrimp_od_yolo_ultralytics_under12M_17models_rtx4090_v3_FIXED_OD_ONLY/kaggle_raw/shrimpdiseaseimagebd/ShrimpDiseaseImageBD An Image Dataset for Computer Vision-Based Detection of Shrimp Diseases in Bangladesh/Root/Annotated Diseased Shrimp Images/Annotated Diseased Shrimp Images/2. WSSV/images/WSSV-13-img-1.jpg,/home/drnguyenvinh/notebooks/shrimp_od_yolo_ultralytics_under12M_17models_rtx4090_v3_FIXED_OD_ONLY/kaggle_raw/shrimpdiseaseimagebd/ShrimpDiseaseImageBD An Image Dataset for Computer Vision-Based Detection of Shrimp Diseases in Bangladesh/Root/Annotated Diseased Shrimp Images/Annotated Diseased Shrimp Images/2. WSSV/labels/WSSV-13-img-1.txt,WSSV,WSSV,WSSV-13-img-1,10
train,/home/drnguyenvinh/notebooks/shrimp_od_yolo_ultralytics_under12M_17models_rtx4090_v3_FIXED_OD_ONLY/kaggle_raw/shrimpdiseaseimagebd/ShrimpDiseaseImageBD An Image Dataset for Computer Vision-Based Detection of Shrimp Diseases in Bangladesh/Root/Annotated Diseased Shrimp Images/Annotated Diseased Shrimp Images/1. BG/images/BG-22-img-2.jpg,/home/drnguyenvinh/notebooks/shrimp_od_yolo_ultralytics_under12M_17models_rtx4090_v3_FIXED_OD_ONLY/kaggle_raw/shrimpdiseaseimagebd/ShrimpDiseaseImageBD An Image Dataset for Computer Vision-Based Detection of Shrimp Diseases in Bangladesh/Root/Annotated Diseased Shrimp Images/Annotated Diseased Shrimp Images/1. BG/labels/BG-22-img-2.txt,BG,BG,BG-22-img-2,1
train,/home/drnguyenvinh/notebooks/shrimp_od_yolo_ultralytics_under12M_17models_rtx4090_v3_FIXED_OD_ONLY/kaggle_raw/shrimpdiseaseimagebd/ShrimpDiseaseImageBD An Image Dataset for Computer Vision-Based Detection of Shrimp Diseases in Bangladesh/Root/Annotated Diseased Shrimp Images/Annotated Diseased Shrimp Images/2. WSSV/images/WSSV-74-img-1.jpg,/home/drnguyenvinh/notebooks/shrimp_od_yolo_ultralytics_under12M_17models_rtx4090_v3_FIXED_OD_ONLY/kaggle_raw/shrimpdiseaseimagebd/ShrimpDiseaseImageBD An Image Dataset for Computer Vision-Based Detection of Shrimp Diseases in Bangladesh/Root/Annotated Diseased Shrimp Images/Annotated Diseased Shrimp Images/2. WSSV/labels/WSSV-74-img-1.txt,WSSV,WSSV,WSSV-74-img-1,9
train,/home/drnguyenvinh/notebooks/shrimp_od_yolo_ultralytics_under12M_17models_rtx4090_v3_FIXED_OD_ONLY/kaggle_raw/shrimpdiseaseimagebd/ShrimpDiseaseImageBD An Image Dataset for Computer Vision-Based Detection of Shrimp Diseases in Bangladesh/Root/Annotated Diseased Shrimp Images/Annotated Diseased Shrimp Images/4. WSSV_BG/images/WSSV_BG-51-img-1.jpg,/home/drnguyenvinh/notebooks/shrimp_od_yolo_ultralytics_under12M_17models_rtx4090_v3_FIXED_OD_ONLY/kaggle_raw/shrimpdiseaseimagebd/ShrimpDiseaseImageBD An Image Dataset for Computer Vision-Based Detection of Shrimp Diseases in Bangladesh/Root/Annotated Diseased Shrimp Images/Annotated Diseased Shrimp Images/4. WSSV_BG/labels/WSSV_BG-51-img-1.txt,WSSV_BG,WSSV_BG,WSSV_BG-51-img-1,21
train,/home/drnguyenvinh/notebooks/shrimp_od_yolo_ultralytics_under12M_17models_rtx4090_v3_FIXED_OD_ONLY/kaggle_raw/shrimpdiseaseimagebd/ShrimpDiseaseImageBD An Image Dataset for Computer Vision-Based Detection of Shrimp Diseases in Bangladesh/Root/Annotated Diseased Shrimp Images/Annotated Diseased Shrimp Images/4. WSSV_BG/images/WSSV_BG-42-img-3.jpg,/home/drnguyenvinh/notebooks/shrimp_od_yolo_ultralytics_under12M_17models_rtx4090_v3_FIXED_OD_ONLY/kaggle_raw/shrimpdiseaseimagebd/ShrimpDiseaseImageBD An Image Dataset for Computer Vision-Based Detection of Shrimp Diseases in Bangladesh/Root/Annotated Diseased Shrimp Images/Annotated Diseased Shrimp Images/4. WSSV_BG/labels/WSSV_BG-42-img-3.txt,WSSV_BG,WSSV_BG,WSSV_BG-42-img-3,7
train,/home/drnguyenvinh/notebooks/shrimp_od_yolo_ultralytics_under12M_17models_rtx4090_v3_FIXED_OD_ONLY/kaggle_raw/shrimpdiseaseimagebd/ShrimpDiseaseImageBD An Image Dataset for Computer Vision-Based Detection of Shrimp Diseases in Bangladesh/Root/Annotated Diseased Shrimp Images/Annotated Diseased Shrimp Images/1. BG/images/BG-4-img-3.jpg,/home/drnguyenvinh/notebooks/shrimp_od_yolo_ultralytics_under12M_17models_rtx4090_v3_FIXED_OD_ONLY/kaggle_raw/shrimpdiseaseimagebd/ShrimpDiseaseImageBD An Image Dataset for Computer Vision-Based Detection of Shrimp Diseases in Bangladesh/Root/Annotated Diseased Shrimp Images/Annotated Diseased Shrimp Images/1. BG/labels/BG-4-img-3.txt,BG,BG,BG-4-img-3,1
train,/home/drnguyenvinh/notebooks/shrimp_od_yolo_ultralytics_under12M_17models_rtx4090_v3_FIXED_OD_ONLY/kaggle_raw/shrimpdiseaseimagebd/ShrimpDiseaseImageBD An Image Dataset for Computer Vision-Based Detection of Shrimp Diseases in Bangladesh/Root/Annotated Diseased Shrimp Images/Annotated Diseased Shrimp Images/2. WSSV/images/WSSV-72-img-2.jpg,/home/drnguyenvinh/notebooks/shrimp_od_yolo_ultralytics_under12M_17models_rtx4090_v3_FIXED_OD_ONLY/kaggle_raw/shrimpdiseaseimagebd/ShrimpDiseaseImageBD An Image Dataset for Computer Vision-Based Detection of Shrimp Diseases in Bangladesh/Root/Annotated Diseased Shrimp Images/Annotated Diseased Shrimp Images/2. WSSV/labels/WSSV-72-img-2.txt,WSSV,WSSV,WSSV-72-img-2,11
train,/home/drnguyenvinh/notebooks/shrimp_od_yolo_ultralytics_under12M_17models_rtx4090_v3_FIXED_OD_ONLY/kaggle_raw/shrimpdiseaseimagebd/ShrimpDiseaseImageBD An Image Dataset for Computer Vision-Based Detection of Shrimp Diseases in Bangladesh/Root/Annotated Diseased Shrimp Images/Annotated Diseased Shrimp Images/2. WSSV/images/WSSV-48-img-2.jpg,/home/drnguyenvinh/notebooks/shrimp_od_yolo_ultralytics_under12M_17models_rtx4090_v3_FIXED_OD_ONLY/kaggle_raw/shrimpdiseaseimagebd/ShrimpDiseaseImageBD An Image Dataset for Computer Vision-Based Detection of Shrimp Diseases in Bangladesh/Root/Annotated Diseased Shrimp Images/Annotated Diseased Shrimp Images/2. WSSV/labels/WSSV-48-img-2.txt,WSSV,WSSV,WSSV-48-img-2,17
train,/home/drnguyenvinh/notebooks/shrimp_od_yolo_ultralytics_under12M_17models_rtx4090_v3_FIXED_OD_ONLY/kaggle_raw/shrimpdiseaseimagebd/ShrimpDiseaseImageBD An Image Dataset for Computer Vision-Based Detection of Shrimp Diseases in Bangladesh/Root/Annotated Diseased Shrimp Images/Annotated Diseased Shrimp Images/2. WSSV/images/WSSV-65-img-3.jpg,/home/drnguyenvinh/notebooks/shrimp_od_yolo_ultralytics_under12M_17models_rtx4090_v3_FIXED_OD_ONLY/kaggle_raw/shrimpdiseaseimagebd/ShrimpDiseaseImageBD An Image Dataset for Computer Vision-Based Detection of Shrimp Diseases in Bangladesh/Root/Annotated Diseased Shrimp Images/Annotated Diseased Shrimp Images/2. WSSV/labels/WSSV-65-img-3.txt,WSSV,WSSV,WSSV-65-img-3,22
train,/home/drnguyenvinh/notebooks/shrimp_od_yolo_ultralytics_under12M_17models_rtx4090_v3_FIXED_OD_ONLY/kaggle_raw/shrimpdiseaseimagebd/ShrimpDiseaseImageBD An Image Dataset for Computer Vision-Based Detection of Shrimp Diseases in Bangladesh/Root/Annotated Diseased Shrimp Images/Annotated Diseased Shrimp Images/2. WSSV/images/WSSV-55-img-1.jpg,/home/drnguyenvinh/notebooks/shrimp_od_yolo_ultralytics_under12M_17models_rtx4090_v3_FIXED_OD_ONLY/kaggle_raw/shrimpdiseaseimagebd/ShrimpDiseaseImageBD An Image Dataset for Computer Vision-Based Detection of Shrimp Diseases in Bangladesh/Root/Annotated Diseased Shrimp Images/Annotated Diseased Shrimp Images/2. WSSV/labels/WSSV-55-img-1.txt,WSSV,WSSV,WSSV-55-img-1,6
train,/home/drnguyenvinh/notebooks/shrimp_od_yolo_ultralytics_under12M_17models_rtx4090_v3_FIXED_OD_ONLY/kaggle_raw/shrimpdiseaseimagebd/ShrimpDiseaseImageBD An Image Dataset for Computer Vision-Based Detection of Shrimp Diseases in Bangladesh/Root/Annotated Diseased Shrimp Images/Annotated Diseased Shrimp Images/2. WSSV/images/WSSV-94-img-3.jpg,/home/drnguyenvinh/notebooks/shrimp_od_yolo_ultralytics_under12M_17models_rtx4090_v3_FIXED_OD_ONLY/kaggle_raw/shrimpdiseaseimagebd/ShrimpDiseaseImageBD An Image Dataset for Computer Vision-Based Detection of Shrimp Diseases in Bangladesh/Root/Annotated Diseased Shrimp Images/Annotated Diseased Shrimp Images/2. WSSV/labels/WSSV-94-img-3.txt,WSSV,WSSV,WSSV-94-img-3,5
train,/home/drnguyenvinh/notebooks/shrimp_od_yolo_ultralytics_under12M_17models_rtx4090_v3_FIXED_OD_ONLY/kaggle_raw/shrimpdiseaseimagebd/ShrimpDiseaseImageBD An Image Dataset for Computer Vision-Based Detection of Shrimp Diseases in Bangladesh/Root/Annotated Diseased Shrimp Images/Annotated Diseased Shrimp Images/4. WSSV_BG/images/WSSV_BG-46-img-3.jpg,/home/drnguyenvinh/notebooks/shrimp_od_yolo_ultralytics_under12M_17models_rtx4090_v3_FIXED_OD_ONLY/kaggle_raw/shrimpdiseaseimagebd/ShrimpDiseaseImageBD An Image Dataset for Computer Vision-Based Detection of Shrimp Diseases in Bangladesh/Root/Annotated Diseased Shrimp Images/Annotated Diseased Shrimp Images/4. WSSV_BG/labels/WSSV_BG-46-img-3.txt,WSSV_BG,WSSV_BG,WSSV_BG-46-img-3,6
train,/home/drnguyenvinh/notebooks/shrimp_od_yolo_ultralytics_under12M_17models_rtx4090_v3_FIXED_OD_ONLY/kaggle_raw/shrimpdiseaseimagebd/ShrimpDiseaseImageBD An Image Dataset for Computer Vision-Based Detection of Shrimp Diseases in Bangladesh/Root/Annotated Diseased Shrimp Images/Annotated Diseased Shrimp Images/1. BG/images/BG-54-img-3.jpg,/home/drnguyenvinh/notebooks/shrimp_od_yolo_ultralytics_under12M_17models_rtx4090_v3_FIXED_OD_ONLY/kaggle_raw/shrimpdiseaseimagebd/ShrimpDiseaseImageBD An Image Dataset for Computer Vision-Based Detection of Shrimp Diseases in Bangladesh/Root/Annotated Diseased Shrimp Images/Annotated Diseased Shrimp Images/1. BG/labels/BG-54-img-3.txt,BG,BG,BG-54-img-3,1
train,/home/drnguyenvinh/notebooks/shrimp_od_yolo_ultralytics_under12M_17models_rtx4090_v3_FIXED_OD_ONLY/kaggle_raw/shrimpdiseaseimagebd/ShrimpDiseaseImageBD An Image Dataset for Computer Vision-Based Detection of Shrimp Diseases in Bangladesh/Root/Annotated Diseased Shrimp Images/Annotated Diseased Shrimp Images/4. WSSV_BG/images/WSSV_BG-78-img-3.jpg,/home/drnguyenvinh/notebooks/shrimp_od_yolo_ultralytics_under12M_17models_rtx4090_v3_FIXED_OD_ONLY/kaggle_raw/shrimpdiseaseimagebd/ShrimpDiseaseImageBD An Image Dataset for Computer Vision-Based Detection of Shrimp Diseases in Bangladesh/Root/Annotated Diseased Shrimp Images/Annotated Diseased Shrimp Images/4. WSSV_BG/labels/WSSV_BG-78-img-3.txt,WSSV_BG,WSSV_BG,WSSV_BG-78-img-3,15
train,/home/drnguyenvinh/notebooks/shrimp_od_yolo_ultralytics_under12M_17models_rtx4090_v3_FIXED_OD_ONLY/kaggle_raw/shrimpdiseaseimagebd/ShrimpDiseaseImageBD An Image Dataset for Computer Vision-Based Detection of Shrimp Diseases in Bangladesh/Root/Annotated Diseased Shrimp Images/Annotated Diseased Shrimp Images/2. WSSV/images/WSSV-75-img-1.jpg,/home/drnguyenvinh/notebooks/shrimp_od_yolo_ultralytics_under12M_17models_rtx4090_v3_FIXED_OD_ONLY/kaggle_raw/shrimpdiseaseimagebd/ShrimpDiseaseImageBD An Image Dataset for Computer Vision-Based Detection of Shrimp Diseases in Bangladesh/Root/Annotated Diseased Shrimp Images/Annotated Diseased Shrimp Images/2. WSSV/labels/WSSV-75-img-1.txt,WSSV,WSSV,WSSV-75-img-1,6
train,/home/drnguyenvinh/notebooks/shrimp_od_yolo_ultralytics_under12M_17models_rtx4090_v3_FIXED_OD_ONLY/kaggle_raw/shrimpdiseaseimagebd/ShrimpDiseaseImageBD An Image Dataset for Computer Vision-Based Detection of Shrimp Diseases in Bangladesh/Root/Annotated Diseased Shrimp Images/Annotated Diseased Shrimp Images/1. BG/images/BG-13-img-1.jpg,/home/drnguyenvinh/notebooks/shrimp_od_yolo_ultralytics_under12M_17models_rtx4090_v3_FIXED_OD_ONLY/kaggle_raw/shrimpdiseaseimagebd/ShrimpDiseaseImageBD An Image Dataset for Computer Vision-Based Detection of Shrimp Diseases in Bangladesh/Root/Annotated Diseased Shrimp Images/Annotated Diseased Shrimp Images/1. BG/labels/BG-13-img-1.txt,BG,BG,BG-13-img-1,1
train,/home/drnguyenvinh/notebooks/shrimp_od_yolo_ultralytics_under12M_17models_rtx4090_v3_FIXED_OD_ONLY/kaggle_raw/shrimpdiseaseimagebd/ShrimpDiseaseImageBD An Image Dataset for Computer Vision-Based Detection of Shrimp Diseases in Bangladesh/Root/Annotated Diseased Shrimp Images/Annotated Diseased Shrimp Images/4. WSSV_BG/images/WSSV_BG-50-img-3.jpg,/home/drnguyenvinh/notebooks/shrimp_od_yolo_ultralytics_under12M_17models_rtx4090_v3_FIXED_OD_ONLY/kaggle_raw/shrimpdiseaseimagebd/ShrimpDiseaseImageBD An Image Dataset for Computer Vision-Based Detection of Shrimp Diseases in Bangladesh/Root/Annotated Diseased Shrimp Images/Annotated Diseased Shrimp Images/4. WSSV_BG/labels/WSSV_BG-50-img-3.txt,WSSV_BG,WSSV_BG,WSSV_BG-50-img-3,16
train,/home/drnguyenvinh/notebooks/shrimp_od_yolo_ultralytics_under12M_17models_rtx4090_v3_FIXED_OD_ONLY/kaggle_raw/shrimpdiseaseimagebd/ShrimpDiseaseImageBD An Image Dataset for Computer Vision-Based Detection of Shrimp Diseases in Bangladesh/Root/Annotated Diseased Shrimp Images/Annotated Diseased Shrimp Images/4. WSSV_BG/images/WSSV_BG-72-img-1.jpg,/home/drnguyenvinh/notebooks/shrimp_od_yolo_ultralytics_under12M_17models_rtx4090_v3_FIXED_OD_ONLY/kaggle_raw/shrimpdiseaseimagebd/ShrimpDiseaseImageBD An Image Dataset for Computer Vision-Based Detection of Shrimp Diseases in Bangladesh/Root/Annotated Diseased Shrimp Images/Annotated Diseased Shrimp Images/4. WSSV_BG/labels/WSSV_BG-72-img-1.txt,WSSV_BG,WSSV_BG,WSSV_BG-72-img-1,11
train,/home/drnguyenvinh/notebooks/shrimp_od_yolo_ultralytics_under12M_17models_rtx4090_v3_FIXED_OD_ONLY/kaggle_raw/shrimpdiseaseimagebd/ShrimpDiseaseImageBD An Image Dataset for Computer Vision-Based Detection of Shrimp Diseases in Bangladesh/Root/Annotated Diseased Shrimp Images/Annotated Diseased Shrimp Images/4. WSSV_BG/images/WSSV_BG-32-img-1.jpg,/home/drnguyenvinh/notebooks/shrimp_od_yolo_ultralytics_under12M_17models_rtx4090_v3_FIXED_OD_ONLY/kaggle_raw/shrimpdiseaseimagebd/ShrimpDiseaseImageBD An Image Dataset for Computer Vision-Based Detection of Shrimp Diseases in Bangladesh/Root/Annotated Diseased Shrimp Images/Annotated Diseased Shrimp Images/4. WSSV_BG/labels/WSSV_BG-32-img-1.txt,WSSV_BG,WSSV_BG,WSSV_BG-32-img-1,14
train,/home/drnguyenvinh/notebooks/shrimp_od_yolo_ultralytics_under12M_17models_rtx4090_v3_FIXED_OD_ONLY/kaggle_raw/shrimpdiseaseimagebd/ShrimpDiseaseImageBD An Image Dataset for Computer Vision-Based Detection of Shrimp Diseases in Bangladesh/Root/Annotated Diseased Shrimp Images/Annotated Diseased Shrimp Images/1. BG/images/BG-34-img-1.jpg,/home/drnguyenvinh/notebooks/shrimp_od_yolo_ultralytics_under12M_17models_rtx4090_v3_FIXED_OD_ONLY/kaggle_raw/shrimpdiseaseimagebd/ShrimpDiseaseImageBD An Image Dataset for Computer Vision-Based Detection of Shrimp Diseases in Bangladesh/Root/Annotated Diseased Shrimp Images/Annotated Diseased Shrimp Images/1. BG/labels/BG-34-img-1.txt,BG,BG,BG-34-img-1,3
train,/home/drnguyenvinh/notebooks/shrimp_od_yolo_ultralytics_under12M_17models_rtx4090_v3_FIXED_OD_ONLY/kaggle_raw/shrimpdiseaseimagebd/ShrimpDiseaseImageBD An Image Dataset for Computer Vision-Based Detection of Shrimp Diseases in Bangladesh/Root/Annotated Diseased Shrimp Images/Annotated Diseased Shrimp Images/1. BG/images/BG-52-img-3.jpg,/home/drnguyenvinh/notebooks/shrimp_od_yolo_ultralytics_under12M_17models_rtx4090_v3_FIXED_OD_ONLY/kaggle_raw/shrimpdiseaseimagebd/ShrimpDiseaseImageBD An Image Dataset for Computer Vision-Based Detection of Shrimp Diseases in Bangladesh/Root/Annotated Diseased Shrimp Images/Annotated Diseased Shrimp Images/1. BG/labels/BG-52-img-3.txt,BG,BG,BG-52-img-3,2
train,/home/drnguyenvinh/notebooks/shrimp_od_yolo_ultralytics_under12M_17models_rtx4090_v3_FIXED_OD_ONLY/kaggle_raw/shrimpdiseaseimagebd/ShrimpDiseaseImageBD An Image Dataset for Computer Vision-Based Detection of Shrimp Diseases in Bangladesh/Root/Annotated Diseased Shrimp Images/Annotated Diseased Shrimp Images/4. WSSV_BG/images/WSSV_BG-69-img-2.jpg,/home/drnguyenvinh/notebooks/shrimp_od_yolo_ultralytics_under12M_17models_rtx4090_v3_FIXED_OD_ONLY/kaggle_raw/shrimpdiseaseimagebd/ShrimpDiseaseImageBD An Image Dataset for Computer Vision-Based Detection of Shrimp Diseases in Bangladesh/Root/Annotated Diseased Shrimp Images/Annotated Diseased Shrimp Images/4. WSSV_BG/labels/WSSV_BG-69-img-2.txt,WSSV_BG,WSSV_BG,WSSV_BG-69-img-2,14
train,/home/drnguyenvinh/notebooks/shrimp_od_yolo_ultralytics_under12M_17models_rtx4090_v3_FIXED_OD_ONLY/kaggle_raw/shrimpdiseaseimagebd/ShrimpDiseaseImageBD An Image Dataset for Computer Vision-Based Detection of Shrimp Diseases in Bangladesh/Root/Annotated Diseased Shrimp Images/Annotated Diseased Shrimp Images/4. WSSV_BG/images/WSSV_BG-78-img-1.jpg,/home/drnguyenvinh/notebooks/shrimp_od_yolo_ultralytics_under12M_17models_rtx4090_v3_FIXED_OD_ONLY/kaggle_raw/shrimpdiseaseimagebd/ShrimpDiseaseImageBD An Image Dataset for Computer Vision-Based Detection of Shrimp Diseases in Bangladesh/Root/Annotated Diseased Shrimp Images/Annotated Diseased Shrimp Images/4. WSSV_BG/labels/WSSV_BG-78-img-1.txt,WSSV_BG,WSSV_BG,WSSV_BG-78-img-1,7
train,/home/drnguyenvinh/notebooks/shrimp_od_yolo_ultralytics_under12M_17models_rtx4090_v3_FIXED_OD_ONLY/kaggle_raw/shrimpdiseaseimagebd/ShrimpDiseaseImageBD An Image Dataset for Computer Vision-Based Detection of Shrimp Diseases in Bangladesh/Root/Annotated Diseased Shrimp Images/Annotated Diseased Shrimp Images/4. WSSV_BG/images/WSSV_BG-31-img-1.jpg,/home/drnguyenvinh/notebooks/shrimp_od_yolo_ultralytics_under12M_17models_rtx4090_v3_FIXED_OD_ONLY/kaggle_raw/shrimpdiseaseimagebd/ShrimpDiseaseImageBD An Image Dataset for Computer Vision-Based Detection of Shrimp Diseases in Bangladesh/Root/Annotated Diseased Shrimp Images/Annotated Diseased Shrimp Images/4. WSSV_BG/labels/WSSV_BG-31-img-1.txt,WSSV_BG,WSSV_BG,WSSV_BG-31-img-1,8
train,/home/drnguyenvinh/notebooks/shrimp_od_yolo_ultralytics_under12M_17models_rtx4090_v3_FIXED_OD_ONLY/kaggle_raw/shrimpdiseaseimagebd/ShrimpDiseaseImageBD An Image Dataset for Computer Vision-Based Detection of Shrimp Diseases in Bangladesh/Root/Annotated Diseased Shrimp Images/Annotated Diseased Shrimp Images/4. WSSV_BG/images/WSSV_BG-80-img-2.jpg,/home/drnguyenvinh/notebooks/shrimp_od_yolo_ultralytics_under12M_17models_rtx4090_v3_FIXED_OD_ONLY/kaggle_raw/shrimpdiseaseimagebd/ShrimpDiseaseImageBD An Image Dataset for Computer Vision-Based Detection of Shrimp Diseases in Bangladesh/Root/Annotated Diseased Shrimp Images/Annotated Diseased Shrimp Images/4. WSSV_BG/labels/WSSV_BG-80-img-2.txt,WSSV_BG,WSSV_BG,WSSV_BG-80-img-2,14
train,/home/drnguyenvinh/notebooks/shrimp_od_yolo_ultralytics_under12M_17models_rtx4090_v3_FIXED_OD_ONLY/kaggle_raw/shrimpdiseaseimagebd/ShrimpDiseaseImageBD An Image Dataset for Computer Vision-Based Detection of Shrimp Diseases in Bangladesh/Root/Annotated Diseased Shrimp Images/Annotated Diseased Shrimp Images/2. WSSV/images/WSSV-34-img-1.jpg,/home/drnguyenvinh/notebooks/shrimp_od_yolo_ultralytics_under12M_17models_rtx4090_v3_FIXED_OD_ONLY/kaggle_raw/shrimpdiseaseimagebd/ShrimpDiseaseImageBD An Image Dataset for Computer Vision-Based Detection of Shrimp Diseases in Bangladesh/Root/Annotated Diseased Shrimp Images/Annotated Diseased Shrimp Images/2. WSSV/labels/WSSV-34-img-1.txt,WSSV,WSSV,WSSV-34-img-1,8
train,/home/drnguyenvinh/notebooks/shrimp_od_yolo_ultralytics_under12M_17models_rtx4090_v3_FIXED_OD_ONLY/kaggle_raw/shrimpdiseaseimagebd/ShrimpDiseaseImageBD An Image Dataset for Computer Vision-Based Detection of Shrimp Diseases in Bangladesh/Root/Annotated Diseased Shrimp Images/Annotated Diseased Shrimp Images/4. WSSV_BG/images/WSSV_BG-48-img-2.jpg,/home/drnguyenvinh/notebooks/shrimp_od_yolo_ultralytics_under12M_17models_rtx4090_v3_FIXED_OD_ONLY/kaggle_raw/shrimpdiseaseimagebd/ShrimpDiseaseImageBD An Image Dataset for Computer Vision-Based Detection of Shrimp Diseases in Bangladesh/Root/Annotated Diseased Shrimp Images/Annotated Diseased Shrimp Images/4. WSSV_BG/labels/WSSV_BG-48-img-2.txt,WSSV_BG,WSSV_BG,WSSV_BG-48-img-2,20
train,/home/drnguyenvinh/notebooks/shrimp_od_yolo_ultralytics_under12M_17models_rtx4090_v3_FIXED_OD_ONLY/kaggle_raw/shrimpdiseaseimagebd/ShrimpDiseaseImageBD An Image Dataset for Computer Vision-Based Detection of Shrimp Diseases in Bangladesh/Root/Annotated Diseased Shrimp Images/Annotated Diseased Shrimp Images/4. WSSV_BG/images/WSSV_BG-13-img-2.jpg,/home/drnguyenvinh/notebooks/shrimp_od_yolo_ultralytics_under12M_17models_rtx4090_v3_FIXED_OD_ONLY/kaggle_raw/shrimpdiseaseimagebd/ShrimpDiseaseImageBD An Image Dataset for Computer Vision-Based Detection of Shrimp Diseases in Bangladesh/Root/Annotated Diseased Shrimp Images/Annotated Diseased Shrimp Images/4. WSSV_BG/labels/WSSV_BG-13-img-2.txt,WSSV_BG,WSSV_BG,WSSV_BG-13-img-2,8
train,/home/drnguyenvinh/notebooks/shrimp_od_yolo_ultralytics_under12M_17models_rtx4090_v3_FIXED_OD_ONLY/kaggle_raw/shrimpdiseaseimagebd/ShrimpDiseaseImageBD An Image Dataset for Computer Vision-Based Detection of Shrimp Diseases in Bangladesh/Root/Annotated Diseased Shrimp Images/Annotated Diseased Shrimp Images/2. WSSV/images/WSSV-15-img-2.jpg,/home/drnguyenvinh/notebooks/shrimp_od_yolo_ultralytics_under12M_17models_rtx4090_v3_FIXED_OD_ONLY/kaggle_raw/shrimpdiseaseimagebd/ShrimpDiseaseImageBD An Image Dataset for Computer Vision-Based Detection of Shrimp Diseases in Bangladesh/Root/Annotated Diseased Shrimp Images/Annotated Diseased Shrimp Images/2. WSSV/labels/WSSV-15-img-2.txt,WSSV,WSSV,WSSV-15-img-2,2
train,/home/drnguyenvinh/notebooks/shrimp_od_yolo_ultralytics_under12M_17models_rtx4090_v3_FIXED_OD_ONLY/kaggle_raw/shrimpdiseaseimagebd/ShrimpDiseaseImageBD An Image Dataset for Computer Vision-Based Detection of Shrimp Diseases in Bangladesh/Root/Annotated Diseased Shrimp Images/Annotated Diseased Shrimp Images/2. WSSV/images/WSSV-95-img-1.jpg,/home/drnguyenvinh/notebooks/shrimp_od_yolo_ultralytics_under12M_17models_rtx4090_v3_FIXED_OD_ONLY/kaggle_raw/shrimpdiseaseimagebd/ShrimpDiseaseImageBD An Image Dataset for Computer Vision-Based Detection of Shrimp Diseases in Bangladesh/Root/Annotated Diseased Shrimp Images/Annotated Diseased Shrimp Images/2. WSSV/labels/WSSV-95-img-1.txt,WSSV,WSSV,WSSV-95-img-1,3
train,/home/drnguyenvinh/notebooks/shrimp_od_yolo_ultralytics_under12M_17models_rtx4090_v3_FIXED_OD_ONLY/kaggle_raw/shrimpdiseaseimagebd/ShrimpDiseaseImageBD An Image Dataset for Computer Vision-Based Detection of Shrimp Diseases in Bangladesh/Root/Annotated Diseased Shrimp Images/Annotated Diseased Shrimp Images/2. WSSV/images/WSSV-32-img-2.jpg,/home/drnguyenvinh/notebooks/shrimp_od_yolo_ultralytics_under12M_17models_rtx4090_v3_FIXED_OD_ONLY/kaggle_raw/shrimpdiseaseimagebd/ShrimpDiseaseImageBD An Image Dataset for Computer Vision-Based Detection of Shrimp Diseases in Bangladesh/Root/Annotated Diseased Shrimp Images/Annotated Diseased Shrimp Images/2. WSSV/labels/WSSV-32-img-2.txt,WSSV,WSSV,WSSV-32-img-2,2
train,/home/drnguyenvinh/notebooks/shrimp_od_yolo_ultralytics_under12M_17models_rtx4090_v3_FIXED_OD_ONLY/kaggle_raw/shrimpdiseaseimagebd/ShrimpDiseaseImageBD An Image Dataset for Computer Vision-Based Detection of Shrimp Diseases in Bangladesh/Root/Annotated Diseased Shrimp Images/Annotated Diseased Shrimp Images/1. BG/images/BG-3-img-1.jpg,/home/drnguyenvinh/notebooks/shrimp_od_yolo_ultralytics_under12M_17models_rtx4090_v3_FIXED_OD_ONLY/kaggle_raw/shrimpdiseaseimagebd/ShrimpDiseaseImageBD An Image Dataset for Computer Vision-Based Detection of Shrimp Diseases in Bangladesh/Root/Annotated Diseased Shrimp Images/Annotated Diseased Shrimp Images/1. BG/labels/BG-3-img-1.txt,BG,BG,BG-3-img-1,2
train,/home/drnguyenvinh/notebooks/shrimp_od_yolo_ultralytics_under12M_17models_rtx4090_v3_FIXED_OD_ONLY/kaggle_raw/shrimpdiseaseimagebd/ShrimpDiseaseImageBD An Image Dataset for Computer Vision-Based Detection of Shrimp Diseases in Bangladesh/Root/Annotated Diseased Shrimp Images/Annotated Diseased Shrimp Images/2. WSSV/images/WSSV-107-img-1.jpg,/home/drnguyenvinh/notebooks/shrimp_od_yolo_ultralytics_under12M_17models_rtx4090_v3_FIXED_OD_ONLY/kaggle_raw/shrimpdiseaseimagebd/ShrimpDiseaseImageBD An Image Dataset for Computer Vision-Based Detection of Shrimp Diseases in Bangladesh/Root/Annotated Diseased Shrimp Images/Annotated Diseased Shrimp Images/2. WSSV/labels/WSSV-107-img-1.txt,WSSV,WSSV,WSSV-107-img-1,3
train,/home/drnguyenvinh/notebooks/shrimp_od_yolo_ultralytics_under12M_17models_rtx4090_v3_FIXED_OD_ONLY/kaggle_raw/shrimpdiseaseimagebd/ShrimpDiseaseImageBD An Image Dataset for Computer Vision-Based Detection of Shrimp Diseases in Bangladesh/Root/Annotated Diseased Shrimp Images/Annotated Diseased Shrimp Images/4. WSSV_BG/images/WSSV_BG-42-img-1.jpg,/home/drnguyenvinh/notebooks/shrimp_od_yolo_ultralytics_under12M_17models_rtx4090_v3_FIXED_OD_ONLY/kaggle_raw/shrimpdiseaseimagebd/ShrimpDiseaseImageBD An Image Dataset for Computer Vision-Based Detection of Shrimp Diseases in Bangladesh/Root/Annotated Diseased Shrimp Images/Annotated Diseased Shrimp Images/4. WSSV_BG/labels/WSSV_BG-42-img-1.txt,WSSV_BG,WSSV_BG,WSSV_BG-42-img-1,2
train,/home/drnguyenvinh/notebooks/shrimp_od_yolo_ultralytics_under12M_17models_rtx4090_v3_FIXED_OD_ONLY/kaggle_raw/shrimpdiseaseimagebd/ShrimpDiseaseImageBD An Image Dataset for Computer Vision-Based Detection of Shrimp Diseases in Bangladesh/Root/Annotated Diseased Shrimp Images/Annotated Diseased Shrimp Images/2. WSSV/images/WSSV-87-img-2.jpg,/home/drnguyenvinh/notebooks/shrimp_od_yolo_ultralytics_under12M_17models_rtx4090_v3_FIXED_OD_ONLY/kaggle_raw/shrimpdiseaseimagebd/ShrimpDiseaseImageBD An Image Dataset for Computer Vision-Based Detection of Shrimp Diseases in Bangladesh/Root/Annotated Diseased Shrimp Images/Annotated Diseased Shrimp Images/2. WSSV/labels/WSSV-87-img-2.txt,WSSV,WSSV,WSSV-87-img-2,10
train,/home/drnguyenvinh/notebooks/shrimp_od_yolo_ultralytics_under12M_17models_rtx4090_v3_FIXED_OD_ONLY/kaggle_raw/shrimpdiseaseimagebd/ShrimpDiseaseImageBD An Image Dataset for Computer Vision-Based Detection of Shrimp Diseases in Bangladesh/Root/Annotated Diseased Shrimp Images/Annotated Diseased Shrimp Images/2. WSSV/images/WSSV-118-img-2.jpg,/home/drnguyenvinh/notebooks/shrimp_od_yolo_ultralytics_under12M_17models_rtx4090_v3_FIXED_OD_ONLY/kaggle_raw/shrimpdiseaseimagebd/ShrimpDiseaseImageBD An Image Dataset for Computer Vision-Based Detection of Shrimp Diseases in Bangladesh/Root/Annotated Diseased Shrimp Images/Annotated Diseased Shrimp Images/2. WSSV/labels/WSSV-118-img-2.txt,WSSV,WSSV,WSSV-118-img-2,5
train,/home/drnguyenvinh/notebooks/shrimp_od_yolo_ultralytics_under12M_17models_rtx4090_v3_FIXED_OD_ONLY/kaggle_raw/shrimpdiseaseimagebd/ShrimpDiseaseImageBD An Image Dataset for Computer Vision-Based Detection of Shrimp Diseases in Bangladesh/Root/Annotated Diseased Shrimp Images/Annotated Diseased Shrimp Images/4. WSSV_BG/images/WSSV_BG-54-img-2.jpg,/home/drnguyenvinh/notebooks/shrimp_od_yolo_ultralytics_under12M_17models_rtx4090_v3_FIXED_OD_ONLY/kaggle_raw/shrimpdiseaseimagebd/ShrimpDiseaseImageBD An Image Dataset for Computer Vision-Based Detection of Shrimp Diseases in Bangladesh/Root/Annotated Diseased Shrimp Images/Annotated Diseased Shrimp Images/4. WSSV_BG/labels/WSSV_BG-54-img-2.txt,WSSV_BG,WSSV_BG,WSSV_BG-54-img-2,15
train,/home/drnguyenvinh/notebooks/shrimp_od_yolo_ultralytics_under12M_17models_rtx4090_v3_FIXED_OD_ONLY/kaggle_raw/shrimpdiseaseimagebd/ShrimpDiseaseImageBD An Image Dataset for Computer Vision-Based Detection of Shrimp Diseases in Bangladesh/Root/Annotated Diseased Shrimp Images/Annotated Diseased Shrimp Images/2. WSSV/images/WSSV-56-img-3.jpg,/home/drnguyenvinh/notebooks/shrimp_od_yolo_ultralytics_under12M_17models_rtx4090_v3_FIXED_OD_ONLY/kaggle_raw/shrimpdiseaseimagebd/ShrimpDiseaseImageBD An Image Dataset for Computer Vision-Based Detection of Shrimp Diseases in Bangladesh/Root/Annotated Diseased Shrimp Images/Annotated Diseased Shrimp Images/2. WSSV/labels/WSSV-56-img-3.txt,WSSV,WSSV,WSSV-56-img-3,5
train,/home/drnguyenvinh/notebooks/shrimp_od_yolo_ultralytics_under12M_17models_rtx4090_v3_FIXED_OD_ONLY/kaggle_raw/shrimpdiseaseimagebd/ShrimpDiseaseImageBD An Image Dataset for Computer Vision-Based Detection of Shrimp Diseases in Bangladesh/Root/Annotated Diseased Shrimp Images/Annotated Diseased Shrimp Images/1. BG/images/BG-72-img-2.jpg,/home/drnguyenvinh/notebooks/shrimp_od_yolo_ultralytics_under12M_17models_rtx4090_v3_FIXED_OD_ONLY/kaggle_raw/shrimpdiseaseimagebd/ShrimpDiseaseImageBD An Image Dataset for Computer Vision-Based Detection of Shrimp Diseases in Bangladesh/Root/Annotated Diseased Shrimp Images/Annotated Diseased Shrimp Images/1. BG/labels/BG-72-img-2.txt,BG,BG,BG-72-img-2,16
train,/home/drnguyenvinh/notebooks/shrimp_od_yolo_ultralytics_under12M_17models_rtx4090_v3_FIXED_OD_ONLY/kaggle_raw/shrimpdiseaseimagebd/ShrimpDiseaseImageBD An Image Dataset for Computer Vision-Based Detection of Shrimp Diseases in Bangladesh/Root/Annotated Diseased Shrimp Images/Annotated Diseased Shrimp Images/4. WSSV_BG/images/WSSV_BG-72-img-3.jpg,/home/drnguyenvinh/notebooks/shrimp_od_yolo_ultralytics_under12M_17models_rtx4090_v3_FIXED_OD_ONLY/kaggle_raw/shrimpdiseaseimagebd/ShrimpDiseaseImageBD An Image Dataset for Computer Vision-Based Detection of Shrimp Diseases in Bangladesh/Root/Annotated Diseased Shrimp Images/Annotated Diseased Shrimp Images/4. WSSV_BG/labels/WSSV_BG-72-img-3.txt,WSSV_BG,WSSV_BG,WSSV_BG-72-img-3,8
train,/home/drnguyenvinh/notebooks/shrimp_od_yolo_ultralytics_under12M_17models_rtx4090_v3_FIXED_OD_ONLY/kaggle_raw/shrimpdiseaseimagebd/ShrimpDiseaseImageBD An Image Dataset for Computer Vision-Based Detection of Shrimp Diseases in Bangladesh/Root/Annotated Diseased Shrimp Images/Annotated Diseased Shrimp Images/2. WSSV/images/WSSV-49-img-3.jpg,/home/drnguyenvinh/notebooks/shrimp_od_yolo_ultralytics_under12M_17models_rtx4090_v3_FIXED_OD_ONLY/kaggle_raw/shrimpdiseaseimagebd/ShrimpDiseaseImageBD An Image Dataset for Computer Vision-Based Detection of Shrimp Diseases in Bangladesh/Root/Annotated Diseased Shrimp Images/Annotated Diseased Shrimp Images/2. WSSV/labels/WSSV-49-img-3.txt,WSSV,WSSV,WSSV-49-img-3,13
train,/home/drnguyenvinh/notebooks/shrimp_od_yolo_ultralytics_under12M_17models_rtx4090_v3_FIXED_OD_ONLY/kaggle_raw/shrimpdiseaseimagebd/ShrimpDiseaseImageBD An Image Dataset for Computer Vision-Based Detection of Shrimp Diseases in Bangladesh/Root/Annotated Diseased Shrimp Images/Annotated Diseased Shrimp Images/4. WSSV_BG/images/WSSV_BG-10-img-2.jpg,/home/drnguyenvinh/notebooks/shrimp_od_yolo_ultralytics_under12M_17models_rtx4090_v3_FIXED_OD_ONLY/kaggle_raw/shrimpdiseaseimagebd/ShrimpDiseaseImageBD An Image Dataset for Computer Vision-Based Detection of Shrimp Diseases in Bangladesh/Root/Annotated Diseased Shrimp Images/Annotated Diseased Shrimp Images/4. WSSV_BG/labels/WSSV_BG-10-img-2.txt,WSSV_BG,WSSV_BG,WSSV_BG-10-img-2,7
train,/home/drnguyenvinh/notebooks/shrimp_od_yolo_ultralytics_under12M_17models_rtx4090_v3_FIXED_OD_ONLY/kaggle_raw/shrimpdiseaseimagebd/ShrimpDiseaseImageBD An Image Dataset for Computer Vision-Based Detection of Shrimp Diseases in Bangladesh/Root/Annotated Diseased Shrimp Images/Annotated Diseased Shrimp Images/4. WSSV_BG/images/WSSV_BG-61-img-3.jpg,/home/drnguyenvinh/notebooks/shrimp_od_yolo_ultralytics_under12M_17models_rtx4090_v3_FIXED_OD_ONLY/kaggle_raw/shrimpdiseaseimagebd/ShrimpDiseaseImageBD An Image Dataset for Computer Vision-Based Detection of Shrimp Diseases in Bangladesh/Root/Annotated Diseased Shrimp Images/Annotated Diseased Shrimp Images/4. WSSV_BG/labels/WSSV_BG-61-img-3.txt,WSSV_BG,WSSV_BG,WSSV_BG-61-img-3,7
train,/home/drnguyenvinh/notebooks/shrimp_od_yolo_ultralytics_under12M_17models_rtx4090_v3_FIXED_OD_ONLY/kaggle_raw/shrimpdiseaseimagebd/ShrimpDiseaseImageBD An Image Dataset for Computer Vision-Based Detection of Shrimp Diseases in Bangladesh/Root/Annotated Diseased Shrimp Images/Annotated Diseased Shrimp Images/2. WSSV/images/WSSV-53-img-2.jpg,/home/drnguyenvinh/notebooks/shrimp_od_yolo_ultralytics_under12M_17models_rtx4090_v3_FIXED_OD_ONLY/kaggle_raw/shrimpdiseaseimagebd/ShrimpDiseaseImageBD An Image Dataset for Computer Vision-Based Detection of Shrimp Diseases in Bangladesh/Root/Annotated Diseased Shrimp Images/Annotated Diseased Shrimp Images/2. WSSV/labels/WSSV-53-img-2.txt,WSSV,WSSV,WSSV-53-img-2,20
train,/home/drnguyenvinh/notebooks/shrimp_od_yolo_ultralytics_under12M_17models_rtx4090_v3_FIXED_OD_ONLY/kaggle_raw/shrimpdiseaseimagebd/ShrimpDiseaseImageBD An Image Dataset for Computer Vision-Based Detection of Shrimp Diseases in Bangladesh/Root/Annotated Diseased Shrimp Images/Annotated Diseased Shrimp Images/4. WSSV_BG/images/WSSV_BG-5-img-3.jpg,/home/drnguyenvinh/notebooks/shrimp_od_yolo_ultralytics_under12M_17models_rtx4090_v3_FIXED_OD_ONLY/kaggle_raw/shrimpdiseaseimagebd/ShrimpDiseaseImageBD An Image Dataset for Computer Vision-Based Detection of Shrimp Diseases in Bangladesh/Root/Annotated Diseased Shrimp Images/Annotated Diseased Shrimp Images/4. WSSV_BG/labels/WSSV_BG-5-img-3.txt,WSSV_BG,WSSV_BG,WSSV_BG-5-img-3,14
train,/home/drnguyenvinh/notebooks/shrimp_od_yolo_ultralytics_under12M_17models_rtx4090_v3_FIXED_OD_ONLY/kaggle_raw/shrimpdiseaseimagebd/ShrimpDiseaseImageBD An Image Dataset for Computer Vision-Based Detection of Shrimp Diseases in Bangladesh/Root/Annotated Diseased Shrimp Images/Annotated Diseased Shrimp Images/1. BG/images/BG-32-img-1.jpg,/home/drnguyenvinh/notebooks/shrimp_od_yolo_ultralytics_under12M_17models_rtx4090_v3_FIXED_OD_ONLY/kaggle_raw/shrimpdiseaseimagebd/ShrimpDiseaseImageBD An Image Dataset for Computer Vision-Based Detection of Shrimp Diseases in Bangladesh/Root/Annotated Diseased Shrimp Images/Annotated Diseased Shrimp Images/1. BG/labels/BG-32-img-1.txt,BG,BG,BG-32-img-1,2
train,/home/drnguyenvinh/notebooks/shrimp_od_yolo_ultralytics_under12M_17models_rtx4090_v3_FIXED_OD_ONLY/kaggle_raw/shrimpdiseaseimagebd/ShrimpDiseaseImageBD An Image Dataset for Computer Vision-Based Detection of Shrimp Diseases in Bangladesh/Root/Annotated Diseased Shrimp Images/Annotated Diseased Shrimp Images/4. WSSV_BG/images/WSSV_BG-72-img-2.jpg,/home/drnguyenvinh/notebooks/shrimp_od_yolo_ultralytics_under12M_17models_rtx4090_v3_FIXED_OD_ONLY/kaggle_raw/shrimpdiseaseimagebd/ShrimpDiseaseImageBD An Image Dataset for Computer Vision-Based Detection of Shrimp Diseases in Bangladesh/Root/Annotated Diseased Shrimp Images/Annotated Diseased Shrimp Images/4. WSSV_BG/labels/WSSV_BG-72-img-2.txt,WSSV_BG,WSSV_BG,WSSV_BG-72-img-2,13
train,/home/drnguyenvinh/notebooks/shrimp_od_yolo_ultralytics_under12M_17models_rtx4090_v3_FIXED_OD_ONLY/kaggle_raw/shrimpdiseaseimagebd/ShrimpDiseaseImageBD An Image Dataset for Computer Vision-Based Detection of Shrimp Diseases in Bangladesh/Root/Annotated Diseased Shrimp Images/Annotated Diseased Shrimp Images/2. WSSV/images/WSSV-63-img-3.jpg,/home/drnguyenvinh/notebooks/shrimp_od_yolo_ultralytics_under12M_17models_rtx4090_v3_FIXED_OD_ONLY/kaggle_raw/shrimpdiseaseimagebd/ShrimpDiseaseImageBD An Image Dataset for Computer Vision-Based Detection of Shrimp Diseases in Bangladesh/Root/Annotated Diseased Shrimp Images/Annotated Diseased Shrimp Images/2. WSSV/labels/WSSV-63-img-3.txt,WSSV,WSSV,WSSV-63-img-3,22
train,/home/drnguyenvinh/notebooks/shrimp_od_yolo_ultralytics_under12M_17models_rtx4090_v3_FIXED_OD_ONLY/kaggle_raw/shrimpdiseaseimagebd/ShrimpDiseaseImageBD An Image Dataset for Computer Vision-Based Detection of Shrimp Diseases in Bangladesh/Root/Annotated Diseased Shrimp Images/Annotated Diseased Shrimp Images/4. WSSV_BG/images/WSSV_BG-13-img-3.jpg,/home/drnguyenvinh/notebooks/shrimp_od_yolo_ultralytics_under12M_17models_rtx4090_v3_FIXED_OD_ONLY/kaggle_raw/shrimpdiseaseimagebd/ShrimpDiseaseImageBD An Image Dataset for Computer Vision-Based Detection of Shrimp Diseases in Bangladesh/Root/Annotated Diseased Shrimp Images/Annotated Diseased Shrimp Images/4. WSSV_BG/labels/WSSV_BG-13-img-3.txt,WSSV_BG,WSSV_BG,WSSV_BG-13-img-3,11
train,/home/drnguyenvinh/notebooks/shrimp_od_yolo_ultralytics_under12M_17models_rtx4090_v3_FIXED_OD_ONLY/kaggle_raw/shrimpdiseaseimagebd/ShrimpDiseaseImageBD An Image Dataset for Computer Vision-Based Detection of Shrimp Diseases in Bangladesh/Root/Annotated Diseased Shrimp Images/Annotated Diseased Shrimp Images/2. WSSV/images/WSSV-117-img-2.jpg,/home/drnguyenvinh/notebooks/shrimp_od_yolo_ultralytics_under12M_17models_rtx4090_v3_FIXED_OD_ONLY/kaggle_raw/shrimpdiseaseimagebd/ShrimpDiseaseImageBD An Image Dataset for Computer Vision-Based Detection of Shrimp Diseases in Bangladesh/Root/Annotated Diseased Shrimp Images/Annotated Diseased Shrimp Images/2. WSSV/labels/WSSV-117-img-2.txt,WSSV,WSSV,WSSV-117-img-2,8
train,/home/drnguyenvinh/notebooks/shrimp_od_yolo_ultralytics_under12M_17models_rtx4090_v3_FIXED_OD_ONLY/kaggle_raw/shrimpdiseaseimagebd/ShrimpDiseaseImageBD An Image Dataset for Computer Vision-Based Detection of Shrimp Diseases in Bangladesh/Root/Annotated Diseased Shrimp Images/Annotated Diseased Shrimp Images/4. WSSV_BG/images/WSSV_BG-50-img-1.jpg,/home/drnguyenvinh/notebooks/shrimp_od_yolo_ultralytics_under12M_17models_rtx4090_v3_FIXED_OD_ONLY/kaggle_raw/shrimpdiseaseimagebd/ShrimpDiseaseImageBD An Image Dataset for Computer Vision-Based Detection of Shrimp Diseases in Bangladesh/Root/Annotated Diseased Shrimp Images/Annotated Diseased Shrimp Images/4. WSSV_BG/labels/WSSV_BG-50-img-1.txt,WSSV_BG,WSSV_BG,WSSV_BG-50-img-1,11
train,/home/drnguyenvinh/notebooks/shrimp_od_yolo_ultralytics_under12M_17models_rtx4090_v3_FIXED_OD_ONLY/kaggle_raw/shrimpdiseaseimagebd/ShrimpDiseaseImageBD An Image Dataset for Computer Vision-Based Detection of Shrimp Diseases in Bangladesh/Root/Annotated Diseased Shrimp Images/Annotated Diseased Shrimp Images/2. WSSV/images/WSSV-5-img-3.jpg,/home/drnguyenvinh/notebooks/shrimp_od_yolo_ultralytics_under12M_17models_rtx4090_v3_FIXED_OD_ONLY/kaggle_raw/shrimpdiseaseimagebd/ShrimpDiseaseImageBD An Image Dataset for Computer Vision-Based Detection of Shrimp Diseases in Bangladesh/Root/Annotated Diseased Shrimp Images/Annotated Diseased Shrimp Images/2. WSSV/labels/WSSV-5-img-3.txt,WSSV,WSSV,WSSV-5-img-3,7
train,/home/drnguyenvinh/notebooks/shrimp_od_yolo_ultralytics_under12M_17models_rtx4090_v3_FIXED_OD_ONLY/kaggle_raw/shrimpdiseaseimagebd/ShrimpDiseaseImageBD An Image Dataset for Computer Vision-Based Detection of Shrimp Diseases in Bangladesh/Root/Annotated Diseased Shrimp Images/Annotated Diseased Shrimp Images/1. BG/images/BG-45-img-2.jpg,/home/drnguyenvinh/notebooks/shrimp_od_yolo_ultralytics_under12M_17models_rtx4090_v3_FIXED_OD_ONLY/kaggle_raw/shrimpdiseaseimagebd/ShrimpDiseaseImageBD An Image Dataset for Computer Vision-Based Detection of Shrimp Diseases in Bangladesh/Root/Annotated Diseased Shrimp Images/Annotated Diseased Shrimp Images/1. BG/labels/BG-45-img-2.txt,BG,BG,BG-45-img-2,1
train,/home/drnguyenvinh/notebooks/shrimp_od_yolo_ultralytics_under12M_17models_rtx4090_v3_FIXED_OD_ONLY/kaggle_raw/shrimpdiseaseimagebd/ShrimpDiseaseImageBD An Image Dataset for Computer Vision-Based Detection of Shrimp Diseases in Bangladesh/Root/Annotated Diseased Shrimp Images/Annotated Diseased Shrimp Images/2. WSSV/images/WSSV-79-img-2.jpg,/home/drnguyenvinh/notebooks/shrimp_od_yolo_ultralytics_under12M_17models_rtx4090_v3_FIXED_OD_ONLY/kaggle_raw/shrimpdiseaseimagebd/ShrimpDiseaseImageBD An Image Dataset for Computer Vision-Based Detection of Shrimp Diseases in Bangladesh/Root/Annotated Diseased Shrimp Images/Annotated Diseased Shrimp Images/2. WSSV/labels/WSSV-79-img-2.txt,WSSV,WSSV,WSSV-79-img-2,3
train,/home/drnguyenvinh/notebooks/shrimp_od_yolo_ultralytics_under12M_17models_rtx4090_v3_FIXED_OD_ONLY/kaggle_raw/shrimpdiseaseimagebd/ShrimpDiseaseImageBD An Image Dataset for Computer Vision-Based Detection of Shrimp Diseases in Bangladesh/Root/Annotated Diseased Shrimp Images/Annotated Diseased Shrimp Images/4. WSSV_BG/images/WSSV_BG-40-img-1.jpg,/home/drnguyenvinh/notebooks/shrimp_od_yolo_ultralytics_under12M_17models_rtx4090_v3_FIXED_OD_ONLY/kaggle_raw/shrimpdiseaseimagebd/ShrimpDiseaseImageBD An Image Dataset for Computer Vision-Based Detection of Shrimp Diseases in Bangladesh/Root/Annotated Diseased Shrimp Images/Annotated Diseased Shrimp Images/4. WSSV_BG/labels/WSSV_BG-40-img-1.txt,WSSV_BG,WSSV_BG,WSSV_BG-40-img-1,3
train,/home/drnguyenvinh/notebooks/shrimp_od_yolo_ultralytics_under12M_17models_rtx4090_v3_FIXED_OD_ONLY/kaggle_raw/shrimpdiseaseimagebd/ShrimpDiseaseImageBD An Image Dataset for Computer Vision-Based Detection of Shrimp Diseases in Bangladesh/Root/Annotated Diseased Shrimp Images/Annotated Diseased Shrimp Images/2. WSSV/images/WSSV-56-img-1.jpg,/home/drnguyenvinh/notebooks/shrimp_od_yolo_ultralytics_under12M_17models_rtx4090_v3_FIXED_OD_ONLY/kaggle_raw/shrimpdiseaseimagebd/ShrimpDiseaseImageBD An Image Dataset for Computer Vision-Based Detection of Shrimp Diseases in Bangladesh/Root/Annotated Diseased Shrimp Images/Annotated Diseased Shrimp Images/2. WSSV/labels/WSSV-56-img-1.txt,WSSV,WSSV,WSSV-56-img-1,8
train,/home/drnguyenvinh/notebooks/shrimp_od_yolo_ultralytics_under12M_17models_rtx4090_v3_FIXED_OD_ONLY/kaggle_raw/shrimpdiseaseimagebd/ShrimpDiseaseImageBD An Image Dataset for Computer Vision-Based Detection of Shrimp Diseases in Bangladesh/Root/Annotated Diseased Shrimp Images/Annotated Diseased Shrimp Images/4. WSSV_BG/images/WSSV_BG-5-img-2.jpg,/home/drnguyenvinh/notebooks/shrimp_od_yolo_ultralytics_under12M_17models_rtx4090_v3_FIXED_OD_ONLY/kaggle_raw/shrimpdiseaseimagebd/ShrimpDiseaseImageBD An Image Dataset for Computer Vision-Based Detection of Shrimp Diseases in Bangladesh/Root/Annotated Diseased Shrimp Images/Annotated Diseased Shrimp Images/4. WSSV_BG/labels/WSSV_BG-5-img-2.txt,WSSV_BG,WSSV_BG,WSSV_BG-5-img-2,17
train,/home/drnguyenvinh/notebooks/shrimp_od_yolo_ultralytics_under12M_17models_rtx4090_v3_FIXED_OD_ONLY/kaggle_raw/shrimpdiseaseimagebd/ShrimpDiseaseImageBD An Image Dataset for Computer Vision-Based Detection of Shrimp Diseases in Bangladesh/Root/Annotated Diseased Shrimp Images/Annotated Diseased Shrimp Images/1. BG/images/BG-75-img-3.jpg,/home/drnguyenvinh/notebooks/shrimp_od_yolo_ultralytics_under12M_17models_rtx4090_v3_FIXED_OD_ONLY/kaggle_raw/shrimpdiseaseimagebd/ShrimpDiseaseImageBD An Image Dataset for Computer Vision-Based Detection of Shrimp Diseases in Bangladesh/Root/Annotated Diseased Shrimp Images/Annotated Diseased Shrimp Images/1. BG/labels/BG-75-img-3.txt,BG,BG,BG-75-img-3,3
train,/home/drnguyenvinh/notebooks/shrimp_od_yolo_ultralytics_under12M_17models_rtx4090_v3_FIXED_OD_ONLY/kaggle_raw/shrimpdiseaseimagebd/ShrimpDiseaseImageBD An Image Dataset for Computer Vision-Based Detection of Shrimp Diseases in Bangladesh/Root/Annotated Diseased Shrimp Images/Annotated Diseased Shrimp Images/2. WSSV/images/WSSV-52-img-1.jpg,/home/drnguyenvinh/notebooks/shrimp_od_yolo_ultralytics_under12M_17models_rtx4090_v3_FIXED_OD_ONLY/kaggle_raw/shrimpdiseaseimagebd/ShrimpDiseaseImageBD An Image Dataset for Computer Vision-Based Detection of Shrimp Diseases in Bangladesh/Root/Annotated Diseased Shrimp Images/Annotated Diseased Shrimp Images/2. WSSV/labels/WSSV-52-img-1.txt,WSSV,WSSV,WSSV-52-img-1,30
train,/home/drnguyenvinh/notebooks/shrimp_od_yolo_ultralytics_under12M_17models_rtx4090_v3_FIXED_OD_ONLY/kaggle_raw/shrimpdiseaseimagebd/ShrimpDiseaseImageBD An Image Dataset for Computer Vision-Based Detection of Shrimp Diseases in Bangladesh/Root/Annotated Diseased Shrimp Images/Annotated Diseased Shrimp Images/2. WSSV/images/WSSV-70-img-3.jpg,/home/drnguyenvinh/notebooks/shrimp_od_yolo_ultralytics_under12M_17models_rtx4090_v3_FIXED_OD_ONLY/kaggle_raw/shrimpdiseaseimagebd/ShrimpDiseaseImageBD An Image Dataset for Computer Vision-Based Detection of Shrimp Diseases in Bangladesh/Root/Annotated Diseased Shrimp Images/Annotated Diseased Shrimp Images/2. WSSV/labels/WSSV-70-img-3.txt,WSSV,WSSV,WSSV-70-img-3,18
train,/home/drnguyenvinh/notebooks/shrimp_od_yolo_ultralytics_under12M_17models_rtx4090_v3_FIXED_OD_ONLY/kaggle_raw/shrimpdiseaseimagebd/ShrimpDiseaseImageBD An Image Dataset for Computer Vision-Based Detection of Shrimp Diseases in Bangladesh/Root/Annotated Diseased Shrimp Images/Annotated Diseased Shrimp Images/4. WSSV_BG/images/WSSV_BG-25-img-1.jpg,/home/drnguyenvinh/notebooks/shrimp_od_yolo_ultralytics_under12M_17models_rtx4090_v3_FIXED_OD_ONLY/kaggle_raw/shrimpdiseaseimagebd/ShrimpDiseaseImageBD An Image Dataset for Computer Vision-Based Detection of Shrimp Diseases in Bangladesh/Root/Annotated Diseased Shrimp Images/Annotated Diseased Shrimp Images/4. WSSV_BG/labels/WSSV_BG-25-img-1.txt,WSSV_BG,WSSV_BG,WSSV_BG-25-img-1,4
train,/home/drnguyenvinh/notebooks/shrimp_od_yolo_ultralytics_under12M_17models_rtx4090_v3_FIXED_OD_ONLY/kaggle_raw/shrimpdiseaseimagebd/ShrimpDiseaseImageBD An Image Dataset for Computer Vision-Based Detection of Shrimp Diseases in Bangladesh/Root/Annotated Diseased Shrimp Images/Annotated Diseased Shrimp Images/2. WSSV/images/WSSV-115-img-2.jpg,/home/drnguyenvinh/notebooks/shrimp_od_yolo_ultralytics_under12M_17models_rtx4090_v3_FIXED_OD_ONLY/kaggle_raw/shrimpdiseaseimagebd/ShrimpDiseaseImageBD An Image Dataset for Computer Vision-Based Detection of Shrimp Diseases in Bangladesh/Root/Annotated Diseased Shrimp Images/Annotated Diseased Shrimp Images/2. WSSV/labels/WSSV-115-img-2.txt,WSSV,WSSV,WSSV-115-img-2,17
train,/home/drnguyenvinh/notebooks/shrimp_od_yolo_ultralytics_under12M_17models_rtx4090_v3_FIXED_OD_ONLY/kaggle_raw/shrimpdiseaseimagebd/ShrimpDiseaseImageBD An Image Dataset for Computer Vision-Based Detection of Shrimp Diseases in Bangladesh/Root/Annotated Diseased Shrimp Images/Annotated Diseased Shrimp Images/1. BG/images/BG-64-img-1.jpg,/home/drnguyenvinh/notebooks/shrimp_od_yolo_ultralytics_under12M_17models_rtx4090_v3_FIXED_OD_ONLY/kaggle_raw/shrimpdiseaseimagebd/ShrimpDiseaseImageBD An Image Dataset for Computer Vision-Based Detection of Shrimp Diseases in Bangladesh/Root/Annotated Diseased Shrimp Images/Annotated Diseased Shrimp Images/1. BG/labels/BG-64-img-1.txt,BG,BG,BG-64-img-1,8
train,/home/drnguyenvinh/notebooks/shrimp_od_yolo_ultralytics_under12M_17models_rtx4090_v3_FIXED_OD_ONLY/kaggle_raw/shrimpdiseaseimagebd/ShrimpDiseaseImageBD An Image Dataset for Computer Vision-Based Detection of Shrimp Diseases in Bangladesh/Root/Annotated Diseased Shrimp Images/Annotated Diseased Shrimp Images/2. WSSV/images/WSSV-56-img-2.jpg,/home/drnguyenvinh/notebooks/shrimp_od_yolo_ultralytics_under12M_17models_rtx4090_v3_FIXED_OD_ONLY/kaggle_raw/shrimpdiseaseimagebd/ShrimpDiseaseImageBD An Image Dataset for Computer Vision-Based Detection of Shrimp Diseases in Bangladesh/Root/Annotated Diseased Shrimp Images/Annotated Diseased Shrimp Images/2. WSSV/labels/WSSV-56-img-2.txt,WSSV,WSSV,WSSV-56-img-2,5
train,/home/drnguyenvinh/notebooks/shrimp_od_yolo_ultralytics_under12M_17models_rtx4090_v3_FIXED_OD_ONLY/kaggle_raw/shrimpdiseaseimagebd/ShrimpDiseaseImageBD An Image Dataset for Computer Vision-Based Detection of Shrimp Diseases in Bangladesh/Root/Annotated Diseased Shrimp Images/Annotated Diseased Shrimp Images/1. BG/images/BG-66-img-3.jpg,/home/drnguyenvinh/notebooks/shrimp_od_yolo_ultralytics_under12M_17models_rtx4090_v3_FIXED_OD_ONLY/kaggle_raw/shrimpdiseaseimagebd/ShrimpDiseaseImageBD An Image Dataset for Computer Vision-Based Detection of Shrimp Diseases in Bangladesh/Root/Annotated Diseased Shrimp Images/Annotated Diseased Shrimp Images/1. BG/labels/BG-66-img-3.txt,BG,BG,BG-66-img-3,2
train,/home/drnguyenvinh/notebooks/shrimp_od_yolo_ultralytics_under12M_17models_rtx4090_v3_FIXED_OD_ONLY/kaggle_raw/shrimpdiseaseimagebd/ShrimpDiseaseImageBD An Image Dataset for Computer Vision-Based Detection of Shrimp Diseases in Bangladesh/Root/Annotated Diseased Shrimp Images/Annotated Diseased Shrimp Images/1. BG/images/BG-44-img-2.jpg,/home/drnguyenvinh/notebooks/shrimp_od_yolo_ultralytics_under12M_17models_rtx4090_v3_FIXED_OD_ONLY/kaggle_raw/shrimpdiseaseimagebd/ShrimpDiseaseImageBD An Image Dataset for Computer Vision-Based Detection of Shrimp Diseases in Bangladesh/Root/Annotated Diseased Shrimp Images/Annotated Diseased Shrimp Images/1. BG/labels/BG-44-img-2.txt,BG,BG,BG-44-img-2,3
train,/home/drnguyenvinh/notebooks/shrimp_od_yolo_ultralytics_under12M_17models_rtx4090_v3_FIXED_OD_ONLY/kaggle_raw/shrimpdiseaseimagebd/ShrimpDiseaseImageBD An Image Dataset for Computer Vision-Based Detection of Shrimp Diseases in Bangladesh/Root/Annotated Diseased Shrimp Images/Annotated Diseased Shrimp Images/2. WSSV/images/WSSV-10-img-3.jpg,/home/drnguyenvinh/notebooks/shrimp_od_yolo_ultralytics_under12M_17models_rtx4090_v3_FIXED_OD_ONLY/kaggle_raw/shrimpdiseaseimagebd/ShrimpDiseaseImageBD An Image Dataset for Computer Vision-Based Detection of Shrimp Diseases in Bangladesh/Root/Annotated Diseased Shrimp Images/Annotated Diseased Shrimp Images/2. WSSV/labels/WSSV-10-img-3.txt,WSSV,WSSV,WSSV-10-img-3,9
train,/home/drnguyenvinh/notebooks/shrimp_od_yolo_ultralytics_under12M_17models_rtx4090_v3_FIXED_OD_ONLY/kaggle_raw/shrimpdiseaseimagebd/ShrimpDiseaseImageBD An Image Dataset for Computer Vision-Based Detection of Shrimp Diseases in Bangladesh/Root/Annotated Diseased Shrimp Images/Annotated Diseased Shrimp Images/1. BG/images/BG-1-img-3.jpg,/home/drnguyenvinh/notebooks/shrimp_od_yolo_ultralytics_under12M_17models_rtx4090_v3_FIXED_OD_ONLY/kaggle_raw/shrimpdiseaseimagebd/ShrimpDiseaseImageBD An Image Dataset for Computer Vision-Based Detection of Shrimp Diseases in Bangladesh/Root/Annotated Diseased Shrimp Images/Annotated Diseased Shrimp Images/1. BG/labels/BG-1-img-3.txt,BG,BG,BG-1-img-3,1
train,/home/drnguyenvinh/notebooks/shrimp_od_yolo_ultralytics_under12M_17models_rtx4090_v3_FIXED_OD_ONLY/kaggle_raw/shrimpdiseaseimagebd/ShrimpDiseaseImageBD An Image Dataset for Computer Vision-Based Detection of Shrimp Diseases in Bangladesh/Root/Annotated Diseased Shrimp Images/Annotated Diseased Shrimp Images/1. BG/images/BG-42-img-3.jpg,/home/drnguyenvinh/notebooks/shrimp_od_yolo_ultralytics_under12M_17models_rtx4090_v3_FIXED_OD_ONLY/kaggle_raw/shrimpdiseaseimagebd/ShrimpDiseaseImageBD An Image Dataset for Computer Vision-Based Detection of Shrimp Diseases in Bangladesh/Root/Annotated Diseased Shrimp Images/Annotated Diseased Shrimp Images/1. BG/labels/BG-42-img-3.txt,BG,BG,BG-42-img-3,3
train,/home/drnguyenvinh/notebooks/shrimp_od_yolo_ultralytics_under12M_17models_rtx4090_v3_FIXED_OD_ONLY/kaggle_raw/shrimpdiseaseimagebd/ShrimpDiseaseImageBD An Image Dataset for Computer Vision-Based Detection of Shrimp Diseases in Bangladesh/Root/Annotated Diseased Shrimp Images/Annotated Diseased Shrimp Images/2. WSSV/images/WSSV-43-img-3.jpg,/home/drnguyenvinh/notebooks/shrimp_od_yolo_ultralytics_under12M_17models_rtx4090_v3_FIXED_OD_ONLY/kaggle_raw/shrimpdiseaseimagebd/ShrimpDiseaseImageBD An Image Dataset for Computer Vision-Based Detection of Shrimp Diseases in Bangladesh/Root/Annotated Diseased Shrimp Images/Annotated Diseased Shrimp Images/2. WSSV/labels/WSSV-43-img-3.txt,WSSV,WSSV,WSSV-43-img-3,6
train,/home/drnguyenvinh/notebooks/shrimp_od_yolo_ultralytics_under12M_17models_rtx4090_v3_FIXED_OD_ONLY/kaggle_raw/shrimpdiseaseimagebd/ShrimpDiseaseImageBD An Image Dataset for Computer Vision-Based Detection of Shrimp Diseases in Bangladesh/Root/Annotated Diseased Shrimp Images/Annotated Diseased Shrimp Images/1. BG/images/BG-13-img-3.jpg,/home/drnguyenvinh/notebooks/shrimp_od_yolo_ultralytics_under12M_17models_rtx4090_v3_FIXED_OD_ONLY/kaggle_raw/shrimpdiseaseimagebd/ShrimpDiseaseImageBD An Image Dataset for Computer Vision-Based Detection of Shrimp Diseases in Bangladesh/Root/Annotated Diseased Shrimp Images/Annotated Diseased Shrimp Images/1. BG/labels/BG-13-img-3.txt,BG,BG,BG-13-img-3,1
train,/home/drnguyenvinh/notebooks/shrimp_od_yolo_ultralytics_under12M_17models_rtx4090_v3_FIXED_OD_ONLY/kaggle_raw/shrimpdiseaseimagebd/ShrimpDiseaseImageBD An Image Dataset for Computer Vision-Based Detection of Shrimp Diseases in Bangladesh/Root/Annotated Diseased Shrimp Images/Annotated Diseased Shrimp Images/2. WSSV/images/WSSV-1-img-1.jpg,/home/drnguyenvinh/notebooks/shrimp_od_yolo_ultralytics_under12M_17models_rtx4090_v3_FIXED_OD_ONLY/kaggle_raw/shrimpdiseaseimagebd/ShrimpDiseaseImageBD An Image Dataset for Computer Vision-Based Detection of Shrimp Diseases in Bangladesh/Root/Annotated Diseased Shrimp Images/Annotated Diseased Shrimp Images/2. WSSV/labels/WSSV-1-img-1.txt,WSSV,WSSV,WSSV-1-img-1,12
train,/home/drnguyenvinh/notebooks/shrimp_od_yolo_ultralytics_under12M_17models_rtx4090_v3_FIXED_OD_ONLY/kaggle_raw/shrimpdiseaseimagebd/ShrimpDiseaseImageBD An Image Dataset for Computer Vision-Based Detection of Shrimp Diseases in Bangladesh/Root/Annotated Diseased Shrimp Images/Annotated Diseased Shrimp Images/2. WSSV/images/WSSV-19-img-3.jpg,/home/drnguyenvinh/notebooks/shrimp_od_yolo_ultralytics_under12M_17models_rtx4090_v3_FIXED_OD_ONLY/kaggle_raw/shrimpdiseaseimagebd/ShrimpDiseaseImageBD An Image Dataset for Computer Vision-Based Detection of Shrimp Diseases in Bangladesh/Root/Annotated Diseased Shrimp Images/Annotated Diseased Shrimp Images/2. WSSV/labels/WSSV-19-img-3.txt,WSSV,WSSV,WSSV-19-img-3,11
train,/home/drnguyenvinh/notebooks/shrimp_od_yolo_ultralytics_under12M_17models_rtx4090_v3_FIXED_OD_ONLY/kaggle_raw/shrimpdiseaseimagebd/ShrimpDiseaseImageBD An Image Dataset for Computer Vision-Based Detection of Shrimp Diseases in Bangladesh/Root/Annotated Diseased Shrimp Images/Annotated Diseased Shrimp Images/2. WSSV/images/WSSV-18-img-1.jpg,/home/drnguyenvinh/notebooks/shrimp_od_yolo_ultralytics_under12M_17models_rtx4090_v3_FIXED_OD_ONLY/kaggle_raw/shrimpdiseaseimagebd/ShrimpDiseaseImageBD An Image Dataset for Computer Vision-Based Detection of Shrimp Diseases in Bangladesh/Root/Annotated Diseased Shrimp Images/Annotated Diseased Shrimp Images/2. WSSV/labels/WSSV-18-img-1.txt,WSSV,WSSV,WSSV-18-img-1,5
train,/home/drnguyenvinh/notebooks/shrimp_od_yolo_ultralytics_under12M_17models_rtx4090_v3_FIXED_OD_ONLY/kaggle_raw/shrimpdiseaseimagebd/ShrimpDiseaseImageBD An Image Dataset for Computer Vision-Based Detection of Shrimp Diseases in Bangladesh/Root/Annotated Diseased Shrimp Images/Annotated Diseased Shrimp Images/4. WSSV_BG/images/WSSV_BG-44-img-1.jpg,/home/drnguyenvinh/notebooks/shrimp_od_yolo_ultralytics_under12M_17models_rtx4090_v3_FIXED_OD_ONLY/kaggle_raw/shrimpdiseaseimagebd/ShrimpDiseaseImageBD An Image Dataset for Computer Vision-Based Detection of Shrimp Diseases in Bangladesh/Root/Annotated Diseased Shrimp Images/Annotated Diseased Shrimp Images/4. WSSV_BG/labels/WSSV_BG-44-img-1.txt,WSSV_BG,WSSV_BG,WSSV_BG-44-img-1,4
train,/home/drnguyenvinh/notebooks/shrimp_od_yolo_ultralytics_under12M_17models_rtx4090_v3_FIXED_OD_ONLY/kaggle_raw/shrimpdiseaseimagebd/ShrimpDiseaseImageBD An Image Dataset for Computer Vision-Based Detection of Shrimp Diseases in Bangladesh/Root/Annotated Diseased Shrimp Images/Annotated Diseased Shrimp Images/2. WSSV/images/WSSV-99-img-2.jpg,/home/drnguyenvinh/notebooks/shrimp_od_yolo_ultralytics_under12M_17models_rtx4090_v3_FIXED_OD_ONLY/kaggle_raw/shrimpdiseaseimagebd/ShrimpDiseaseImageBD An Image Dataset for Computer Vision-Based Detection of Shrimp Diseases in Bangladesh/Root/Annotated Diseased Shrimp Images/Annotated Diseased Shrimp Images/2. WSSV/labels/WSSV-99-img-2.txt,WSSV,WSSV,WSSV-99-img-2,11
train,/home/drnguyenvinh/notebooks/shrimp_od_yolo_ultralytics_under12M_17models_rtx4090_v3_FIXED_OD_ONLY/kaggle_raw/shrimpdiseaseimagebd/ShrimpDiseaseImageBD An Image Dataset for Computer Vision-Based Detection of Shrimp Diseases in Bangladesh/Root/Annotated Diseased Shrimp Images/Annotated Diseased Shrimp Images/2. WSSV/images/WSSV-111-img-3.jpg,/home/drnguyenvinh/notebooks/shrimp_od_yolo_ultralytics_under12M_17models_rtx4090_v3_FIXED_OD_ONLY/kaggle_raw/shrimpdiseaseimagebd/ShrimpDiseaseImageBD An Image Dataset for Computer Vision-Based Detection of Shrimp Diseases in Bangladesh/Root/Annotated Diseased Shrimp Images/Annotated Diseased Shrimp Images/2. WSSV/labels/WSSV-111-img-3.txt,WSSV,WSSV,WSSV-111-img-3,4
train,/home/drnguyenvinh/notebooks/shrimp_od_yolo_ultralytics_under12M_17models_rtx4090_v3_FIXED_OD_ONLY/kaggle_raw/shrimpdiseaseimagebd/ShrimpDiseaseImageBD An Image Dataset for Computer Vision-Based Detection of Shrimp Diseases in Bangladesh/Root/Annotated Diseased Shrimp Images/Annotated Diseased Shrimp Images/2. WSSV/images/WSSV-31-img-2.jpg,/home/drnguyenvinh/notebooks/shrimp_od_yolo_ultralytics_under12M_17models_rtx4090_v3_FIXED_OD_ONLY/kaggle_raw/shrimpdiseaseimagebd/ShrimpDiseaseImageBD An Image Dataset for Computer Vision-Based Detection of Shrimp Diseases in Bangladesh/Root/Annotated Diseased Shrimp Images/Annotated Diseased Shrimp Images/2. WSSV/labels/WSSV-31-img-2.txt,WSSV,WSSV,WSSV-31-img-2,8
train,/home/drnguyenvinh/notebooks/shrimp_od_yolo_ultralytics_under12M_17models_rtx4090_v3_FIXED_OD_ONLY/kaggle_raw/shrimpdiseaseimagebd/ShrimpDiseaseImageBD An Image Dataset for Computer Vision-Based Detection of Shrimp Diseases in Bangladesh/Root/Annotated Diseased Shrimp Images/Annotated Diseased Shrimp Images/1. BG/images/BG-8-img-2.jpg,/home/drnguyenvinh/notebooks/shrimp_od_yolo_ultralytics_under12M_17models_rtx4090_v3_FIXED_OD_ONLY/kaggle_raw/shrimpdiseaseimagebd/ShrimpDiseaseImageBD An Image Dataset for Computer Vision-Based Detection of Shrimp Diseases in Bangladesh/Root/Annotated Diseased Shrimp Images/Annotated Diseased Shrimp Images/1. BG/labels/BG-8-img-2.txt,BG,BG,BG-8-img-2,2
train,/home/drnguyenvinh/notebooks/shrimp_od_yolo_ultralytics_under12M_17models_rtx4090_v3_FIXED_OD_ONLY/kaggle_raw/shrimpdiseaseimagebd/ShrimpDiseaseImageBD An Image Dataset for Computer Vision-Based Detection of Shrimp Diseases in Bangladesh/Root/Annotated Diseased Shrimp Images/Annotated Diseased Shrimp Images/4. WSSV_BG/images/WSSV_BG-14-img-1.jpg,/home/drnguyenvinh/notebooks/shrimp_od_yolo_ultralytics_under12M_17models_rtx4090_v3_FIXED_OD_ONLY/kaggle_raw/shrimpdiseaseimagebd/ShrimpDiseaseImageBD An Image Dataset for Computer Vision-Based Detection of Shrimp Diseases in Bangladesh/Root/Annotated Diseased Shrimp Images/Annotated Diseased Shrimp Images/4. WSSV_BG/labels/WSSV_BG-14-img-1.txt,WSSV_BG,WSSV_BG,WSSV_BG-14-img-1,5
train,/home/drnguyenvinh/notebooks/shrimp_od_yolo_ultralytics_under12M_17models_rtx4090_v3_FIXED_OD_ONLY/kaggle_raw/shrimpdiseaseimagebd/ShrimpDiseaseImageBD An Image Dataset for Computer Vision-Based Detection of Shrimp Diseases in Bangladesh/Root/Annotated Diseased Shrimp Images/Annotated Diseased Shrimp Images/2. WSSV/images/WSSV-9-img-1.jpg,/home/drnguyenvinh/notebooks/shrimp_od_yolo_ultralytics_under12M_17models_rtx4090_v3_FIXED_OD_ONLY/kaggle_raw/shrimpdiseaseimagebd/ShrimpDiseaseImageBD An Image Dataset for Computer Vision-Based Detection of Shrimp Diseases in Bangladesh/Root/Annotated Diseased Shrimp Images/Annotated Diseased Shrimp Images/2. WSSV/labels/WSSV-9-img-1.txt,WSSV,WSSV,WSSV-9-img-1,7
train,/home/drnguyenvinh/notebooks/shrimp_od_yolo_ultralytics_under12M_17models_rtx4090_v3_FIXED_OD_ONLY/kaggle_raw/shrimpdiseaseimagebd/ShrimpDiseaseImageBD An Image Dataset for Computer Vision-Based Detection of Shrimp Diseases in Bangladesh/Root/Annotated Diseased Shrimp Images/Annotated Diseased Shrimp Images/2. WSSV/images/WSSV-25-img-1.jpg,/home/drnguyenvinh/notebooks/shrimp_od_yolo_ultralytics_under12M_17models_rtx4090_v3_FIXED_OD_ONLY/kaggle_raw/shrimpdiseaseimagebd/ShrimpDiseaseImageBD An Image Dataset for Computer Vision-Based Detection of Shrimp Diseases in Bangladesh/Root/Annotated Diseased Shrimp Images/Annotated Diseased Shrimp Images/2. WSSV/labels/WSSV-25-img-1.txt,WSSV,WSSV,WSSV-25-img-1,5
train,/home/drnguyenvinh/notebooks/shrimp_od_yolo_ultralytics_under12M_17models_rtx4090_v3_FIXED_OD_ONLY/kaggle_raw/shrimpdiseaseimagebd/ShrimpDiseaseImageBD An Image Dataset for Computer Vision-Based Detection of Shrimp Diseases in Bangladesh/Root/Annotated Diseased Shrimp Images/Annotated Diseased Shrimp Images/4. WSSV_BG/images/WSSV_BG-79-img-2.jpg,/home/drnguyenvinh/notebooks/shrimp_od_yolo_ultralytics_under12M_17models_rtx4090_v3_FIXED_OD_ONLY/kaggle_raw/shrimpdiseaseimagebd/ShrimpDiseaseImageBD An Image Dataset for Computer Vision-Based Detection of Shrimp Diseases in Bangladesh/Root/Annotated Diseased Shrimp Images/Annotated Diseased Shrimp Images/4. WSSV_BG/labels/WSSV_BG-79-img-2.txt,WSSV_BG,WSSV_BG,WSSV_BG-79-img-2,9
train,/home/drnguyenvinh/notebooks/shrimp_od_yolo_ultralytics_under12M_17models_rtx4090_v3_FIXED_OD_ONLY/kaggle_raw/shrimpdiseaseimagebd/ShrimpDiseaseImageBD An Image Dataset for Computer Vision-Based Detection of Shrimp Diseases in Bangladesh/Root/Annotated Diseased Shrimp Images/Annotated Diseased Shrimp Images/2. WSSV/images/WSSV-64-img-2.jpg,/home/drnguyenvinh/notebooks/shrimp_od_yolo_ultralytics_under12M_17models_rtx4090_v3_FIXED_OD_ONLY/kaggle_raw/shrimpdiseaseimagebd/ShrimpDiseaseImageBD An Image Dataset for Computer Vision-Based Detection of Shrimp Diseases in Bangladesh/Root/Annotated Diseased Shrimp Images/Annotated Diseased Shrimp Images/2. WSSV/labels/WSSV-64-img-2.txt,WSSV,WSSV,WSSV-64-img-2,5
train,/home/drnguyenvinh/notebooks/shrimp_od_yolo_ultralytics_under12M_17models_rtx4090_v3_FIXED_OD_ONLY/kaggle_raw/shrimpdiseaseimagebd/ShrimpDiseaseImageBD An Image Dataset for Computer Vision-Based Detection of Shrimp Diseases in Bangladesh/Root/Annotated Diseased Shrimp Images/Annotated Diseased Shrimp Images/4. WSSV_BG/images/WSSV_BG-1-img-2.jpg,/home/drnguyenvinh/notebooks/shrimp_od_yolo_ultralytics_under12M_17models_rtx4090_v3_FIXED_OD_ONLY/kaggle_raw/shrimpdiseaseimagebd/ShrimpDiseaseImageBD An Image Dataset for Computer Vision-Based Detection of Shrimp Diseases in Bangladesh/Root/Annotated Diseased Shrimp Images/Annotated Diseased Shrimp Images/4. WSSV_BG/labels/WSSV_BG-1-img-2.txt,WSSV_BG,WSSV_BG,WSSV_BG-1-img-2,5
train,/home/drnguyenvinh/notebooks/shrimp_od_yolo_ultralytics_under12M_17models_rtx4090_v3_FIXED_OD_ONLY/kaggle_raw/shrimpdiseaseimagebd/ShrimpDiseaseImageBD An Image Dataset for Computer Vision-Based Detection of Shrimp Diseases in Bangladesh/Root/Annotated Diseased Shrimp Images/Annotated Diseased Shrimp Images/4. WSSV_BG/images/WSSV_BG-19-img-3.jpg,/home/drnguyenvinh/notebooks/shrimp_od_yolo_ultralytics_under12M_17models_rtx4090_v3_FIXED_OD_ONLY/kaggle_raw/shrimpdiseaseimagebd/ShrimpDiseaseImageBD An Image Dataset for Computer Vision-Based Detection of Shrimp Diseases in Bangladesh/Root/Annotated Diseased Shrimp Images/Annotated Diseased Shrimp Images/4. WSSV_BG/labels/WSSV_BG-19-img-3.txt,WSSV_BG,WSSV_BG,WSSV_BG-19-img-3,4
train,/home/drnguyenvinh/notebooks/shrimp_od_yolo_ultralytics_under12M_17models_rtx4090_v3_FIXED_OD_ONLY/kaggle_raw/shrimpdiseaseimagebd/ShrimpDiseaseImageBD An Image Dataset for Computer Vision-Based Detection of Shrimp Diseases in Bangladesh/Root/Annotated Diseased Shrimp Images/Annotated Diseased Shrimp Images/4. WSSV_BG/images/WSSV_BG-14-img-3.jpg,/home/drnguyenvinh/notebooks/shrimp_od_yolo_ultralytics_under12M_17models_rtx4090_v3_FIXED_OD_ONLY/kaggle_raw/shrimpdiseaseimagebd/ShrimpDiseaseImageBD An Image Dataset for Computer Vision-Based Detection of Shrimp Diseases in Bangladesh/Root/Annotated Diseased Shrimp Images/Annotated Diseased Shrimp Images/4. WSSV_BG/labels/WSSV_BG-14-img-3.txt,WSSV_BG,WSSV_BG,WSSV_BG-14-img-3,8
train,/home/drnguyenvinh/notebooks/shrimp_od_yolo_ultralytics_under12M_17models_rtx4090_v3_FIXED_OD_ONLY/kaggle_raw/shrimpdiseaseimagebd/ShrimpDiseaseImageBD An Image Dataset for Computer Vision-Based Detection of Shrimp Diseases in Bangladesh/Root/Annotated Diseased Shrimp Images/Annotated Diseased Shrimp Images/4. WSSV_BG/images/WSSV_BG-61-img-2.jpg,/home/drnguyenvinh/notebooks/shrimp_od_yolo_ultralytics_under12M_17models_rtx4090_v3_FIXED_OD_ONLY/kaggle_raw/shrimpdiseaseimagebd/ShrimpDiseaseImageBD An Image Dataset for Computer Vision-Based Detection of Shrimp Diseases in Bangladesh/Root/Annotated Diseased Shrimp Images/Annotated Diseased Shrimp Images/4. WSSV_BG/labels/WSSV_BG-61-img-2.txt,WSSV_BG,WSSV_BG,WSSV_BG-61-img-2,6
train,/home/drnguyenvinh/notebooks/shrimp_od_yolo_ultralytics_under12M_17models_rtx4090_v3_FIXED_OD_ONLY/kaggle_raw/shrimpdiseaseimagebd/ShrimpDiseaseImageBD An Image Dataset for Computer Vision-Based Detection of Shrimp Diseases in Bangladesh/Root/Annotated Diseased Shrimp Images/Annotated Diseased Shrimp Images/1. BG/images/BG-3-img-3.jpg,/home/drnguyenvinh/notebooks/shrimp_od_yolo_ultralytics_under12M_17models_rtx4090_v3_FIXED_OD_ONLY/kaggle_raw/shrimpdiseaseimagebd/ShrimpDiseaseImageBD An Image Dataset for Computer Vision-Based Detection of Shrimp Diseases in Bangladesh/Root/Annotated Diseased Shrimp Images/Annotated Diseased Shrimp Images/1. BG/labels/BG-3-img-3.txt,BG,BG,BG-3-img-3,1
train,/home/drnguyenvinh/notebooks/shrimp_od_yolo_ultralytics_under12M_17models_rtx4090_v3_FIXED_OD_ONLY/kaggle_raw/shrimpdiseaseimagebd/ShrimpDiseaseImageBD An Image Dataset for Computer Vision-Based Detection of Shrimp Diseases in Bangladesh/Root/Annotated Diseased Shrimp Images/Annotated Diseased Shrimp Images/2. WSSV/images/WSSV-68-img-1.jpg,/home/drnguyenvinh/notebooks/shrimp_od_yolo_ultralytics_under12M_17models_rtx4090_v3_FIXED_OD_ONLY/kaggle_raw/shrimpdiseaseimagebd/ShrimpDiseaseImageBD An Image Dataset for Computer Vision-Based Detection of Shrimp Diseases in Bangladesh/Root/Annotated Diseased Shrimp Images/Annotated Diseased Shrimp Images/2. WSSV/labels/WSSV-68-img-1.txt,WSSV,WSSV,WSSV-68-img-1,17
train,/home/drnguyenvinh/notebooks/shrimp_od_yolo_ultralytics_under12M_17models_rtx4090_v3_FIXED_OD_ONLY/kaggle_raw/shrimpdiseaseimagebd/ShrimpDiseaseImageBD An Image Dataset for Computer Vision-Based Detection of Shrimp Diseases in Bangladesh/Root/Annotated Diseased Shrimp Images/Annotated Diseased Shrimp Images/1. BG/images/BG-16-img-1.jpg,/home/drnguyenvinh/notebooks/shrimp_od_yolo_ultralytics_under12M_17models_rtx4090_v3_FIXED_OD_ONLY/kaggle_raw/shrimpdiseaseimagebd/ShrimpDiseaseImageBD An Image Dataset for Computer Vision-Based Detection of Shrimp Diseases in Bangladesh/Root/Annotated Diseased Shrimp Images/Annotated Diseased Shrimp Images/1. BG/labels/BG-16-img-1.txt,BG,BG,BG-16-img-1,1
train,/home/drnguyenvinh/notebooks/shrimp_od_yolo_ultralytics_under12M_17models_rtx4090_v3_FIXED_OD_ONLY/kaggle_raw/shrimpdiseaseimagebd/ShrimpDiseaseImageBD An Image Dataset for Computer Vision-Based Detection of Shrimp Diseases in Bangladesh/Root/Annotated Diseased Shrimp Images/Annotated Diseased Shrimp Images/4. WSSV_BG/images/WSSV_BG-3-img-2.jpg,/home/drnguyenvinh/notebooks/shrimp_od_yolo_ultralytics_under12M_17models_rtx4090_v3_FIXED_OD_ONLY/kaggle_raw/shrimpdiseaseimagebd/ShrimpDiseaseImageBD An Image Dataset for Computer Vision-Based Detection of Shrimp Diseases in Bangladesh/Root/Annotated Diseased Shrimp Images/Annotated Diseased Shrimp Images/4. WSSV_BG/labels/WSSV_BG-3-img-2.txt,WSSV_BG,WSSV_BG,WSSV_BG-3-img-2,4
train,/home/drnguyenvinh/notebooks/shrimp_od_yolo_ultralytics_under12M_17models_rtx4090_v3_FIXED_OD_ONLY/kaggle_raw/shrimpdiseaseimagebd/ShrimpDiseaseImageBD An Image Dataset for Computer Vision-Based Detection of Shrimp Diseases in Bangladesh/Root/Annotated Diseased Shrimp Images/Annotated Diseased Shrimp Images/2. WSSV/images/WSSV-42-img-2.jpg,/home/drnguyenvinh/notebooks/shrimp_od_yolo_ultralytics_under12M_17models_rtx4090_v3_FIXED_OD_ONLY/kaggle_raw/shrimpdiseaseimagebd/ShrimpDiseaseImageBD An Image Dataset for Computer Vision-Based Detection of Shrimp Diseases in Bangladesh/Root/Annotated Diseased Shrimp Images/Annotated Diseased Shrimp Images/2. WSSV/labels/WSSV-42-img-2.txt,WSSV,WSSV,WSSV-42-img-2,4
train,/home/drnguyenvinh/notebooks/shrimp_od_yolo_ultralytics_under12M_17models_rtx4090_v3_FIXED_OD_ONLY/kaggle_raw/shrimpdiseaseimagebd/ShrimpDiseaseImageBD An Image Dataset for Computer Vision-Based Detection of Shrimp Diseases in Bangladesh/Root/Annotated Diseased Shrimp Images/Annotated Diseased Shrimp Images/2. WSSV/images/WSSV-103-img-1.jpg,/home/drnguyenvinh/notebooks/shrimp_od_yolo_ultralytics_under12M_17models_rtx4090_v3_FIXED_OD_ONLY/kaggle_raw/shrimpdiseaseimagebd/ShrimpDiseaseImageBD An Image Dataset for Computer Vision-Based Detection of Shrimp Diseases in Bangladesh/Root/Annotated Diseased Shrimp Images/Annotated Diseased Shrimp Images/2. WSSV/labels/WSSV-103-img-1.txt,WSSV,WSSV,WSSV-103-img-1,8
train,/home/drnguyenvinh/notebooks/shrimp_od_yolo_ultralytics_under12M_17models_rtx4090_v3_FIXED_OD_ONLY/kaggle_raw/shrimpdiseaseimagebd/ShrimpDiseaseImageBD An Image Dataset for Computer Vision-Based Detection of Shrimp Diseases in Bangladesh/Root/Annotated Diseased Shrimp Images/Annotated Diseased Shrimp Images/4. WSSV_BG/images/WSSV_BG-7-img-2.jpg,/home/drnguyenvinh/notebooks/shrimp_od_yolo_ultralytics_under12M_17models_rtx4090_v3_FIXED_OD_ONLY/kaggle_raw/shrimpdiseaseimagebd/ShrimpDiseaseImageBD An Image Dataset for Computer Vision-Based Detection of Shrimp Diseases in Bangladesh/Root/Annotated Diseased Shrimp Images/Annotated Diseased Shrimp Images/4. WSSV_BG/labels/WSSV_BG-7-img-2.txt,WSSV_BG,WSSV_BG,WSSV_BG-7-img-2,5
train,/home/drnguyenvinh/notebooks/shrimp_od_yolo_ultralytics_under12M_17models_rtx4090_v3_FIXED_OD_ONLY/kaggle_raw/shrimpdiseaseimagebd/ShrimpDiseaseImageBD An Image Dataset for Computer Vision-Based Detection of Shrimp Diseases in Bangladesh/Root/Annotated Diseased Shrimp Images/Annotated Diseased Shrimp Images/1. BG/images/BG-61-img-1.jpg,/home/drnguyenvinh/notebooks/shrimp_od_yolo_ultralytics_under12M_17models_rtx4090_v3_FIXED_OD_ONLY/kaggle_raw/shrimpdiseaseimagebd/ShrimpDiseaseImageBD An Image Dataset for Computer Vision-Based Detection of Shrimp Diseases in Bangladesh/Root/Annotated Diseased Shrimp Images/Annotated Diseased Shrimp Images/1. BG/labels/BG-61-img-1.txt,BG,BG,BG-61-img-1,2
train,/home/drnguyenvinh/notebooks/shrimp_od_yolo_ultralytics_under12M_17models_rtx4090_v3_FIXED_OD_ONLY/kaggle_raw/shrimpdiseaseimagebd/ShrimpDiseaseImageBD An Image Dataset for Computer Vision-Based Detection of Shrimp Diseases in Bangladesh/Root/Annotated Diseased Shrimp Images/Annotated Diseased Shrimp Images/4. WSSV_BG/images/WSSV_BG-17-img-1.jpg,/home/drnguyenvinh/notebooks/shrimp_od_yolo_ultralytics_under12M_17models_rtx4090_v3_FIXED_OD_ONLY/kaggle_raw/shrimpdiseaseimagebd/ShrimpDiseaseImageBD An Image Dataset for Computer Vision-Based Detection of Shrimp Diseases in Bangladesh/Root/Annotated Diseased Shrimp Images/Annotated Diseased Shrimp Images/4. WSSV_BG/labels/WSSV_BG-17-img-1.txt,WSSV_BG,WSSV_BG,WSSV_BG-17-img-1,9
train,/home/drnguyenvinh/notebooks/shrimp_od_yolo_ultralytics_under12M_17models_rtx4090_v3_FIXED_OD_ONLY/kaggle_raw/shrimpdiseaseimagebd/ShrimpDiseaseImageBD An Image Dataset for Computer Vision-Based Detection of Shrimp Diseases in Bangladesh/Root/Annotated Diseased Shrimp Images/Annotated Diseased Shrimp Images/2. WSSV/images/WSSV-100-img-2.jpg,/home/drnguyenvinh/notebooks/shrimp_od_yolo_ultralytics_under12M_17models_rtx4090_v3_FIXED_OD_ONLY/kaggle_raw/shrimpdiseaseimagebd/ShrimpDiseaseImageBD An Image Dataset for Computer Vision-Based Detection of Shrimp Diseases in Bangladesh/Root/Annotated Diseased Shrimp Images/Annotated Diseased Shrimp Images/2. WSSV/labels/WSSV-100-img-2.txt,WSSV,WSSV,WSSV-100-img-2,8
train,/home/drnguyenvinh/notebooks/shrimp_od_yolo_ultralytics_under12M_17models_rtx4090_v3_FIXED_OD_ONLY/kaggle_raw/shrimpdiseaseimagebd/ShrimpDiseaseImageBD An Image Dataset for Computer Vision-Based Detection of Shrimp Diseases in Bangladesh/Root/Annotated Diseased Shrimp Images/Annotated Diseased Shrimp Images/1. BG/images/BG-57-img-1.jpg,/home/drnguyenvinh/notebooks/shrimp_od_yolo_ultralytics_under12M_17models_rtx4090_v3_FIXED_OD_ONLY/kaggle_raw/shrimpdiseaseimagebd/ShrimpDiseaseImageBD An Image Dataset for Computer Vision-Based Detection of Shrimp Diseases in Bangladesh/Root/Annotated Diseased Shrimp Images/Annotated Diseased Shrimp Images/1. BG/labels/BG-57-img-1.txt,BG,BG,BG-57-img-1,3
train,/home/drnguyenvinh/notebooks/shrimp_od_yolo_ultralytics_under12M_17models_rtx4090_v3_FIXED_OD_ONLY/kaggle_raw/shrimpdiseaseimagebd/ShrimpDiseaseImageBD An Image Dataset for Computer Vision-Based Detection of Shrimp Diseases in Bangladesh/Root/Annotated Diseased Shrimp Images/Annotated Diseased Shrimp Images/4. WSSV_BG/images/WSSV_BG-4-img-3.jpg,/home/drnguyenvinh/notebooks/shrimp_od_yolo_ultralytics_under12M_17models_rtx4090_v3_FIXED_OD_ONLY/kaggle_raw/shrimpdiseaseimagebd/ShrimpDiseaseImageBD An Image Dataset for Computer Vision-Based Detection of Shrimp Diseases in Bangladesh/Root/Annotated Diseased Shrimp Images/Annotated Diseased Shrimp Images/4. WSSV_BG/labels/WSSV_BG-4-img-3.txt,WSSV_BG,WSSV_BG,WSSV_BG-4-img-3,12
train,/home/drnguyenvinh/notebooks/shrimp_od_yolo_ultralytics_under12M_17models_rtx4090_v3_FIXED_OD_ONLY/kaggle_raw/shrimpdiseaseimagebd/ShrimpDiseaseImageBD An Image Dataset for Computer Vision-Based Detection of Shrimp Diseases in Bangladesh/Root/Annotated Diseased Shrimp Images/Annotated Diseased Shrimp Images/2. WSSV/images/WSSV-66-img-1.jpg,/home/drnguyenvinh/notebooks/shrimp_od_yolo_ultralytics_under12M_17models_rtx4090_v3_FIXED_OD_ONLY/kaggle_raw/shrimpdiseaseimagebd/ShrimpDiseaseImageBD An Image Dataset for Computer Vision-Based Detection of Shrimp Diseases in Bangladesh/Root/Annotated Diseased Shrimp Images/Annotated Diseased Shrimp Images/2. WSSV/labels/WSSV-66-img-1.txt,WSSV,WSSV,WSSV-66-img-1,2
train,/home/drnguyenvinh/notebooks/shrimp_od_yolo_ultralytics_under12M_17models_rtx4090_v3_FIXED_OD_ONLY/kaggle_raw/shrimpdiseaseimagebd/ShrimpDiseaseImageBD An Image Dataset for Computer Vision-Based Detection of Shrimp Diseases in Bangladesh/Root/Annotated Diseased Shrimp Images/Annotated Diseased Shrimp Images/1. BG/images/BG-60-img-2.jpg,/home/drnguyenvinh/notebooks/shrimp_od_yolo_ultralytics_under12M_17models_rtx4090_v3_FIXED_OD_ONLY/kaggle_raw/shrimpdiseaseimagebd/ShrimpDiseaseImageBD An Image Dataset for Computer Vision-Based Detection of Shrimp Diseases in Bangladesh/Root/Annotated Diseased Shrimp Images/Annotated Diseased Shrimp Images/1. BG/labels/BG-60-img-2.txt,BG,BG,BG-60-img-2,3
train,/home/drnguyenvinh/notebooks/shrimp_od_yolo_ultralytics_under12M_17models_rtx4090_v3_FIXED_OD_ONLY/kaggle_raw/shrimpdiseaseimagebd/ShrimpDiseaseImageBD An Image Dataset for Computer Vision-Based Detection of Shrimp Diseases in Bangladesh/Root/Annotated Diseased Shrimp Images/Annotated Diseased Shrimp Images/4. WSSV_BG/images/WSSV_BG-63-img-3.jpg,/home/drnguyenvinh/notebooks/shrimp_od_yolo_ultralytics_under12M_17models_rtx4090_v3_FIXED_OD_ONLY/kaggle_raw/shrimpdiseaseimagebd/ShrimpDiseaseImageBD An Image Dataset for Computer Vision-Based Detection of Shrimp Diseases in Bangladesh/Root/Annotated Diseased Shrimp Images/Annotated Diseased Shrimp Images/4. WSSV_BG/labels/WSSV_BG-63-img-3.txt,WSSV_BG,WSSV_BG,WSSV_BG-63-img-3,10
train,/home/drnguyenvinh/notebooks/shrimp_od_yolo_ultralytics_under12M_17models_rtx4090_v3_FIXED_OD_ONLY/kaggle_raw/shrimpdiseaseimagebd/ShrimpDiseaseImageBD An Image Dataset for Computer Vision-Based Detection of Shrimp Diseases in Bangladesh/Root/Annotated Diseased Shrimp Images/Annotated Diseased Shrimp Images/2. WSSV/images/WSSV-77-img-3.jpg,/home/drnguyenvinh/notebooks/shrimp_od_yolo_ultralytics_under12M_17models_rtx4090_v3_FIXED_OD_ONLY/kaggle_raw/shrimpdiseaseimagebd/ShrimpDiseaseImageBD An Image Dataset for Computer Vision-Based Detection of Shrimp Diseases in Bangladesh/Root/Annotated Diseased Shrimp Images/Annotated Diseased Shrimp Images/2. WSSV/labels/WSSV-77-img-3.txt,WSSV,WSSV,WSSV-77-img-3,10
train,/home/drnguyenvinh/notebooks/shrimp_od_yolo_ultralytics_under12M_17models_rtx4090_v3_FIXED_OD_ONLY/kaggle_raw/shrimpdiseaseimagebd/ShrimpDiseaseImageBD An Image Dataset for Computer Vision-Based Detection of Shrimp Diseases in Bangladesh/Root/Annotated Diseased Shrimp Images/Annotated Diseased Shrimp Images/2. WSSV/images/WSSV-34-img-2.jpg,/home/drnguyenvinh/notebooks/shrimp_od_yolo_ultralytics_under12M_17models_rtx4090_v3_FIXED_OD_ONLY/kaggle_raw/shrimpdiseaseimagebd/ShrimpDiseaseImageBD An Image Dataset for Computer Vision-Based Detection of Shrimp Diseases in Bangladesh/Root/Annotated Diseased Shrimp Images/Annotated Diseased Shrimp Images/2. WSSV/labels/WSSV-34-img-2.txt,WSSV,WSSV,WSSV-34-img-2,12
train,/home/drnguyenvinh/notebooks/shrimp_od_yolo_ultralytics_under12M_17models_rtx4090_v3_FIXED_OD_ONLY/kaggle_raw/shrimpdiseaseimagebd/ShrimpDiseaseImageBD An Image Dataset for Computer Vision-Based Detection of Shrimp Diseases in Bangladesh/Root/Annotated Diseased Shrimp Images/Annotated Diseased Shrimp Images/2. WSSV/images/WSSV-58-img-3.jpg,/home/drnguyenvinh/notebooks/shrimp_od_yolo_ultralytics_under12M_17models_rtx4090_v3_FIXED_OD_ONLY/kaggle_raw/shrimpdiseaseimagebd/ShrimpDiseaseImageBD An Image Dataset for Computer Vision-Based Detection of Shrimp Diseases in Bangladesh/Root/Annotated Diseased Shrimp Images/Annotated Diseased Shrimp Images/2. WSSV/labels/WSSV-58-img-3.txt,WSSV,WSSV,WSSV-58-img-3,30
train,/home/drnguyenvinh/notebooks/shrimp_od_yolo_ultralytics_under12M_17models_rtx4090_v3_FIXED_OD_ONLY/kaggle_raw/shrimpdiseaseimagebd/ShrimpDiseaseImageBD An Image Dataset for Computer Vision-Based Detection of Shrimp Diseases in Bangladesh/Root/Annotated Diseased Shrimp Images/Annotated Diseased Shrimp Images/2. WSSV/images/WSSV-112-img-2.jpg,/home/drnguyenvinh/notebooks/shrimp_od_yolo_ultralytics_under12M_17models_rtx4090_v3_FIXED_OD_ONLY/kaggle_raw/shrimpdiseaseimagebd/ShrimpDiseaseImageBD An Image Dataset for Computer Vision-Based Detection of Shrimp Diseases in Bangladesh/Root/Annotated Diseased Shrimp Images/Annotated Diseased Shrimp Images/2. WSSV/labels/WSSV-112-img-2.txt,WSSV,WSSV,WSSV-112-img-2,2
train,/home/drnguyenvinh/notebooks/shrimp_od_yolo_ultralytics_under12M_17models_rtx4090_v3_FIXED_OD_ONLY/kaggle_raw/shrimpdiseaseimagebd/ShrimpDiseaseImageBD An Image Dataset for Computer Vision-Based Detection of Shrimp Diseases in Bangladesh/Root/Annotated Diseased Shrimp Images/Annotated Diseased Shrimp Images/1. BG/images/BG-31-img-1.jpg,/home/drnguyenvinh/notebooks/shrimp_od_yolo_ultralytics_under12M_17models_rtx4090_v3_FIXED_OD_ONLY/kaggle_raw/shrimpdiseaseimagebd/ShrimpDiseaseImageBD An Image Dataset for Computer Vision-Based Detection of Shrimp Diseases in Bangladesh/Root/Annotated Diseased Shrimp Images/Annotated Diseased Shrimp Images/1. BG/labels/BG-31-img-1.txt,BG,BG,BG-31-img-1,2
train,/home/drnguyenvinh/notebooks/shrimp_od_yolo_ultralytics_under12M_17models_rtx4090_v3_FIXED_OD_ONLY/kaggle_raw/shrimpdiseaseimagebd/ShrimpDiseaseImageBD An Image Dataset for Computer Vision-Based Detection of Shrimp Diseases in Bangladesh/Root/Annotated Diseased Shrimp Images/Annotated Diseased Shrimp Images/2. WSSV/images/WSSV-8-img-2.jpg,/home/drnguyenvinh/notebooks/shrimp_od_yolo_ultralytics_under12M_17models_rtx4090_v3_FIXED_OD_ONLY/kaggle_raw/shrimpdiseaseimagebd/ShrimpDiseaseImageBD An Image Dataset for Computer Vision-Based Detection of Shrimp Diseases in Bangladesh/Root/Annotated Diseased Shrimp Images/Annotated Diseased Shrimp Images/2. WSSV/labels/WSSV-8-img-2.txt,WSSV,WSSV,WSSV-8-img-2,15
train,/home/drnguyenvinh/notebooks/shrimp_od_yolo_ultralytics_under12M_17models_rtx4090_v3_FIXED_OD_ONLY/kaggle_raw/shrimpdiseaseimagebd/ShrimpDiseaseImageBD An Image Dataset for Computer Vision-Based Detection of Shrimp Diseases in Bangladesh/Root/Annotated Diseased Shrimp Images/Annotated Diseased Shrimp Images/2. WSSV/images/WSSV-28-img-2.jpg,/home/drnguyenvinh/notebooks/shrimp_od_yolo_ultralytics_under12M_17models_rtx4090_v3_FIXED_OD_ONLY/kaggle_raw/shrimpdiseaseimagebd/ShrimpDiseaseImageBD An Image Dataset for Computer Vision-Based Detection of Shrimp Diseases in Bangladesh/Root/Annotated Diseased Shrimp Images/Annotated Diseased Shrimp Images/2. WSSV/labels/WSSV-28-img-2.txt,WSSV,WSSV,WSSV-28-img-2,4
train,/home/drnguyenvinh/notebooks/shrimp_od_yolo_ultralytics_under12M_17models_rtx4090_v3_FIXED_OD_ONLY/kaggle_raw/shrimpdiseaseimagebd/ShrimpDiseaseImageBD An Image Dataset for Computer Vision-Based Detection of Shrimp Diseases in Bangladesh/Root/Annotated Diseased Shrimp Images/Annotated Diseased Shrimp Images/2. WSSV/images/WSSV-42-img-1.jpg,/home/drnguyenvinh/notebooks/shrimp_od_yolo_ultralytics_under12M_17models_rtx4090_v3_FIXED_OD_ONLY/kaggle_raw/shrimpdiseaseimagebd/ShrimpDiseaseImageBD An Image Dataset for Computer Vision-Based Detection of Shrimp Diseases in Bangladesh/Root/Annotated Diseased Shrimp Images/Annotated Diseased Shrimp Images/2. WSSV/labels/WSSV-42-img-1.txt,WSSV,WSSV,WSSV-42-img-1,4
train,/home/drnguyenvinh/notebooks/shrimp_od_yolo_ultralytics_under12M_17models_rtx4090_v3_FIXED_OD_ONLY/kaggle_raw/shrimpdiseaseimagebd/ShrimpDiseaseImageBD An Image Dataset for Computer Vision-Based Detection of Shrimp Diseases in Bangladesh/Root/Annotated Diseased Shrimp Images/Annotated Diseased Shrimp Images/2. WSSV/images/WSSV-27-img-1.jpg,/home/drnguyenvinh/notebooks/shrimp_od_yolo_ultralytics_under12M_17models_rtx4090_v3_FIXED_OD_ONLY/kaggle_raw/shrimpdiseaseimagebd/ShrimpDiseaseImageBD An Image Dataset for Computer Vision-Based Detection of Shrimp Diseases in Bangladesh/Root/Annotated Diseased Shrimp Images/Annotated Diseased Shrimp Images/2. WSSV/labels/WSSV-27-img-1.txt,WSSV,WSSV,WSSV-27-img-1,4
train,/home/drnguyenvinh/notebooks/shrimp_od_yolo_ultralytics_under12M_17models_rtx4090_v3_FIXED_OD_ONLY/kaggle_raw/shrimpdiseaseimagebd/ShrimpDiseaseImageBD An Image Dataset for Computer Vision-Based Detection of Shrimp Diseases in Bangladesh/Root/Annotated Diseased Shrimp Images/Annotated Diseased Shrimp Images/4. WSSV_BG/images/WSSV_BG-60-img-1.jpg,/home/drnguyenvinh/notebooks/shrimp_od_yolo_ultralytics_under12M_17models_rtx4090_v3_FIXED_OD_ONLY/kaggle_raw/shrimpdiseaseimagebd/ShrimpDiseaseImageBD An Image Dataset for Computer Vision-Based Detection of Shrimp Diseases in Bangladesh/Root/Annotated Diseased Shrimp Images/Annotated Diseased Shrimp Images/4. WSSV_BG/labels/WSSV_BG-60-img-1.txt,WSSV_BG,WSSV_BG,WSSV_BG-60-img-1,10
train,/home/drnguyenvinh/notebooks/shrimp_od_yolo_ultralytics_under12M_17models_rtx4090_v3_FIXED_OD_ONLY/kaggle_raw/shrimpdiseaseimagebd/ShrimpDiseaseImageBD An Image Dataset for Computer Vision-Based Detection of Shrimp Diseases in Bangladesh/Root/Annotated Diseased Shrimp Images/Annotated Diseased Shrimp Images/2. WSSV/images/WSSV-19-img-2.jpg,/home/drnguyenvinh/notebooks/shrimp_od_yolo_ultralytics_under12M_17models_rtx4090_v3_FIXED_OD_ONLY/kaggle_raw/shrimpdiseaseimagebd/ShrimpDiseaseImageBD An Image Dataset for Computer Vision-Based Detection of Shrimp Diseases in Bangladesh/Root/Annotated Diseased Shrimp Images/Annotated Diseased Shrimp Images/2. WSSV/labels/WSSV-19-img-2.txt,WSSV,WSSV,WSSV-19-img-2,10
train,/home/drnguyenvinh/notebooks/shrimp_od_yolo_ultralytics_under12M_17models_rtx4090_v3_FIXED_OD_ONLY/kaggle_raw/shrimpdiseaseimagebd/ShrimpDiseaseImageBD An Image Dataset for Computer Vision-Based Detection of Shrimp Diseases in Bangladesh/Root/Annotated Diseased Shrimp Images/Annotated Diseased Shrimp Images/4. WSSV_BG/images/WSSV_BG-57-img-3.jpg,/home/drnguyenvinh/notebooks/shrimp_od_yolo_ultralytics_under12M_17models_rtx4090_v3_FIXED_OD_ONLY/kaggle_raw/shrimpdiseaseimagebd/ShrimpDiseaseImageBD An Image Dataset for Computer Vision-Based Detection of Shrimp Diseases in Bangladesh/Root/Annotated Diseased Shrimp Images/Annotated Diseased Shrimp Images/4. WSSV_BG/labels/WSSV_BG-57-img-3.txt,WSSV_BG,WSSV_BG,WSSV_BG-57-img-3,5
train,/home/drnguyenvinh/notebooks/shrimp_od_yolo_ultralytics_under12M_17models_rtx4090_v3_FIXED_OD_ONLY/kaggle_raw/shrimpdiseaseimagebd/ShrimpDiseaseImageBD An Image Dataset for Computer Vision-Based Detection of Shrimp Diseases in Bangladesh/Root/Annotated Diseased Shrimp Images/Annotated Diseased Shrimp Images/2. WSSV/images/WSSV-78-img-2.jpg,/home/drnguyenvinh/notebooks/shrimp_od_yolo_ultralytics_under12M_17models_rtx4090_v3_FIXED_OD_ONLY/kaggle_raw/shrimpdiseaseimagebd/ShrimpDiseaseImageBD An Image Dataset for Computer Vision-Based Detection of Shrimp Diseases in Bangladesh/Root/Annotated Diseased Shrimp Images/Annotated Diseased Shrimp Images/2. WSSV/labels/WSSV-78-img-2.txt,WSSV,WSSV,WSSV-78-img-2,3
train,/home/drnguyenvinh/notebooks/shrimp_od_yolo_ultralytics_under12M_17models_rtx4090_v3_FIXED_OD_ONLY/kaggle_raw/shrimpdiseaseimagebd/ShrimpDiseaseImageBD An Image Dataset for Computer Vision-Based Detection of Shrimp Diseases in Bangladesh/Root/Annotated Diseased Shrimp Images/Annotated Diseased Shrimp Images/4. WSSV_BG/images/WSSV_BG-81-img-2.jpg,/home/drnguyenvinh/notebooks/shrimp_od_yolo_ultralytics_under12M_17models_rtx4090_v3_FIXED_OD_ONLY/kaggle_raw/shrimpdiseaseimagebd/ShrimpDiseaseImageBD An Image Dataset for Computer Vision-Based Detection of Shrimp Diseases in Bangladesh/Root/Annotated Diseased Shrimp Images/Annotated Diseased Shrimp Images/4. WSSV_BG/labels/WSSV_BG-81-img-2.txt,WSSV_BG,WSSV_BG,WSSV_BG-81-img-2,10
train,/home/drnguyenvinh/notebooks/shrimp_od_yolo_ultralytics_under12M_17models_rtx4090_v3_FIXED_OD_ONLY/kaggle_raw/shrimpdiseaseimagebd/ShrimpDiseaseImageBD An Image Dataset for Computer Vision-Based Detection of Shrimp Diseases in Bangladesh/Root/Annotated Diseased Shrimp Images/Annotated Diseased Shrimp Images/2. WSSV/images/WSSV-51-img-1.jpg,/home/drnguyenvinh/notebooks/shrimp_od_yolo_ultralytics_under12M_17models_rtx4090_v3_FIXED_OD_ONLY/kaggle_raw/shrimpdiseaseimagebd/ShrimpDiseaseImageBD An Image Dataset for Computer Vision-Based Detection of Shrimp Diseases in Bangladesh/Root/Annotated Diseased Shrimp Images/Annotated Diseased Shrimp Images/2. WSSV/labels/WSSV-51-img-1.txt,WSSV,WSSV,WSSV-51-img-1,18
train,/home/drnguyenvinh/notebooks/shrimp_od_yolo_ultralytics_under12M_17models_rtx4090_v3_FIXED_OD_ONLY/kaggle_raw/shrimpdiseaseimagebd/ShrimpDiseaseImageBD An Image Dataset for Computer Vision-Based Detection of Shrimp Diseases in Bangladesh/Root/Annotated Diseased Shrimp Images/Annotated Diseased Shrimp Images/2. WSSV/images/WSSV-2-img-2.jpg,/home/drnguyenvinh/notebooks/shrimp_od_yolo_ultralytics_under12M_17models_rtx4090_v3_FIXED_OD_ONLY/kaggle_raw/shrimpdiseaseimagebd/ShrimpDiseaseImageBD An Image Dataset for Computer Vision-Based Detection of Shrimp Diseases in Bangladesh/Root/Annotated Diseased Shrimp Images/Annotated Diseased Shrimp Images/2. WSSV/labels/WSSV-2-img-2.txt,WSSV,WSSV,WSSV-2-img-2,4
train,/home/drnguyenvinh/notebooks/shrimp_od_yolo_ultralytics_under12M_17models_rtx4090_v3_FIXED_OD_ONLY/kaggle_raw/shrimpdiseaseimagebd/ShrimpDiseaseImageBD An Image Dataset for Computer Vision-Based Detection of Shrimp Diseases in Bangladesh/Root/Annotated Diseased Shrimp Images/Annotated Diseased Shrimp Images/4. WSSV_BG/images/WSSV_BG-41-img-2.jpg,/home/drnguyenvinh/notebooks/shrimp_od_yolo_ultralytics_under12M_17models_rtx4090_v3_FIXED_OD_ONLY/kaggle_raw/shrimpdiseaseimagebd/ShrimpDiseaseImageBD An Image Dataset for Computer Vision-Based Detection of Shrimp Diseases in Bangladesh/Root/Annotated Diseased Shrimp Images/Annotated Diseased Shrimp Images/4. WSSV_BG/labels/WSSV_BG-41-img-2.txt,WSSV_BG,WSSV_BG,WSSV_BG-41-img-2,8
train,/home/drnguyenvinh/notebooks/shrimp_od_yolo_ultralytics_under12M_17models_rtx4090_v3_FIXED_OD_ONLY/kaggle_raw/shrimpdiseaseimagebd/ShrimpDiseaseImageBD An Image Dataset for Computer Vision-Based Detection of Shrimp Diseases in Bangladesh/Root/Annotated Diseased Shrimp Images/Annotated Diseased Shrimp Images/1. BG/images/BG-74-img-2.jpg,/home/drnguyenvinh/notebooks/shrimp_od_yolo_ultralytics_under12M_17models_rtx4090_v3_FIXED_OD_ONLY/kaggle_raw/shrimpdiseaseimagebd/ShrimpDiseaseImageBD An Image Dataset for Computer Vision-Based Detection of Shrimp Diseases in Bangladesh/Root/Annotated Diseased Shrimp Images/Annotated Diseased Shrimp Images/1. BG/labels/BG-74-img-2.txt,BG,BG,BG-74-img-2,1
train,/home/drnguyenvinh/notebooks/shrimp_od_yolo_ultralytics_under12M_17models_rtx4090_v3_FIXED_OD_ONLY/kaggle_raw/shrimpdiseaseimagebd/ShrimpDiseaseImageBD An Image Dataset for Computer Vision-Based Detection of Shrimp Diseases in Bangladesh/Root/Annotated Diseased Shrimp Images/Annotated Diseased Shrimp Images/2. WSSV/images/WSSV-13-img-2.jpg,/home/drnguyenvinh/notebooks/shrimp_od_yolo_ultralytics_under12M_17models_rtx4090_v3_FIXED_OD_ONLY/kaggle_raw/shrimpdiseaseimagebd/ShrimpDiseaseImageBD An Image Dataset for Computer Vision-Based Detection of Shrimp Diseases in Bangladesh/Root/Annotated Diseased Shrimp Images/Annotated Diseased Shrimp Images/2. WSSV/labels/WSSV-13-img-2.txt,WSSV,WSSV,WSSV-13-img-2,4
train,/home/drnguyenvinh/notebooks/shrimp_od_yolo_ultralytics_under12M_17models_rtx4090_v3_FIXED_OD_ONLY/kaggle_raw/shrimpdiseaseimagebd/ShrimpDiseaseImageBD An Image Dataset for Computer Vision-Based Detection of Shrimp Diseases in Bangladesh/Root/Annotated Diseased Shrimp Images/Annotated Diseased Shrimp Images/1. BG/images/BG-4-img-1.jpg,/home/drnguyenvinh/notebooks/shrimp_od_yolo_ultralytics_under12M_17models_rtx4090_v3_FIXED_OD_ONLY/kaggle_raw/shrimpdiseaseimagebd/ShrimpDiseaseImageBD An Image Dataset for Computer Vision-Based Detection of Shrimp Diseases in Bangladesh/Root/Annotated Diseased Shrimp Images/Annotated Diseased Shrimp Images/1. BG/labels/BG-4-img-1.txt,BG,BG,BG-4-img-1,2
train,/home/drnguyenvinh/notebooks/shrimp_od_yolo_ultralytics_under12M_17models_rtx4090_v3_FIXED_OD_ONLY/kaggle_raw/shrimpdiseaseimagebd/ShrimpDiseaseImageBD An Image Dataset for Computer Vision-Based Detection of Shrimp Diseases in Bangladesh/Root/Annotated Diseased Shrimp Images/Annotated Diseased Shrimp Images/1. BG/images/BG-27-img-1.jpg,/home/drnguyenvinh/notebooks/shrimp_od_yolo_ultralytics_under12M_17models_rtx4090_v3_FIXED_OD_ONLY/kaggle_raw/shrimpdiseaseimagebd/ShrimpDiseaseImageBD An Image Dataset for Computer Vision-Based Detection of Shrimp Diseases in Bangladesh/Root/Annotated Diseased Shrimp Images/Annotated Diseased Shrimp Images/1. BG/labels/BG-27-img-1.txt,BG,BG,BG-27-img-1,2
train,/home/drnguyenvinh/notebooks/shrimp_od_yolo_ultralytics_under12M_17models_rtx4090_v3_FIXED_OD_ONLY/kaggle_raw/shrimpdiseaseimagebd/ShrimpDiseaseImageBD An Image Dataset for Computer Vision-Based Detection of Shrimp Diseases in Bangladesh/Root/Annotated Diseased Shrimp Images/Annotated Diseased Shrimp Images/1. BG/images/BG-31-img-3.jpg,/home/drnguyenvinh/notebooks/shrimp_od_yolo_ultralytics_under12M_17models_rtx4090_v3_FIXED_OD_ONLY/kaggle_raw/shrimpdiseaseimagebd/ShrimpDiseaseImageBD An Image Dataset for Computer Vision-Based Detection of Shrimp Diseases in Bangladesh/Root/Annotated Diseased Shrimp Images/Annotated Diseased Shrimp Images/1. BG/labels/BG-31-img-3.txt,BG,BG,BG-31-img-3,2
train,/home/drnguyenvinh/notebooks/shrimp_od_yolo_ultralytics_under12M_17models_rtx4090_v3_FIXED_OD_ONLY/kaggle_raw/shrimpdiseaseimagebd/ShrimpDiseaseImageBD An Image Dataset for Computer Vision-Based Detection of Shrimp Diseases in Bangladesh/Root/Annotated Diseased Shrimp Images/Annotated Diseased Shrimp Images/2. WSSV/images/WSSV-99-img-3.jpg,/home/drnguyenvinh/notebooks/shrimp_od_yolo_ultralytics_under12M_17models_rtx4090_v3_FIXED_OD_ONLY/kaggle_raw/shrimpdiseaseimagebd/ShrimpDiseaseImageBD An Image Dataset for Computer Vision-Based Detection of Shrimp Diseases in Bangladesh/Root/Annotated Diseased Shrimp Images/Annotated Diseased Shrimp Images/2. WSSV/labels/WSSV-99-img-3.txt,WSSV,WSSV,WSSV-99-img-3,8
train,/home/drnguyenvinh/notebooks/shrimp_od_yolo_ultralytics_under12M_17models_rtx4090_v3_FIXED_OD_ONLY/kaggle_raw/shrimpdiseaseimagebd/ShrimpDiseaseImageBD An Image Dataset for Computer Vision-Based Detection of Shrimp Diseases in Bangladesh/Root/Annotated Diseased Shrimp Images/Annotated Diseased Shrimp Images/2. WSSV/images/WSSV-20-img-1.jpg,/home/drnguyenvinh/notebooks/shrimp_od_yolo_ultralytics_under12M_17models_rtx4090_v3_FIXED_OD_ONLY/kaggle_raw/shrimpdiseaseimagebd/ShrimpDiseaseImageBD An Image Dataset for Computer Vision-Based Detection of Shrimp Diseases in Bangladesh/Root/Annotated Diseased Shrimp Images/Annotated Diseased Shrimp Images/2. WSSV/labels/WSSV-20-img-1.txt,WSSV,WSSV,WSSV-20-img-1,7
train,/home/drnguyenvinh/notebooks/shrimp_od_yolo_ultralytics_under12M_17models_rtx4090_v3_FIXED_OD_ONLY/kaggle_raw/shrimpdiseaseimagebd/ShrimpDiseaseImageBD An Image Dataset for Computer Vision-Based Detection of Shrimp Diseases in Bangladesh/Root/Annotated Diseased Shrimp Images/Annotated Diseased Shrimp Images/2. WSSV/images/WSSV-71-img-2.jpg,/home/drnguyenvinh/notebooks/shrimp_od_yolo_ultralytics_under12M_17models_rtx4090_v3_FIXED_OD_ONLY/kaggle_raw/shrimpdiseaseimagebd/ShrimpDiseaseImageBD An Image Dataset for Computer Vision-Based Detection of Shrimp Diseases in Bangladesh/Root/Annotated Diseased Shrimp Images/Annotated Diseased Shrimp Images/2. WSSV/labels/WSSV-71-img-2.txt,WSSV,WSSV,WSSV-71-img-2,11
train,/home/drnguyenvinh/notebooks/shrimp_od_yolo_ultralytics_under12M_17models_rtx4090_v3_FIXED_OD_ONLY/kaggle_raw/shrimpdiseaseimagebd/ShrimpDiseaseImageBD An Image Dataset for Computer Vision-Based Detection of Shrimp Diseases in Bangladesh/Root/Annotated Diseased Shrimp Images/Annotated Diseased Shrimp Images/4. WSSV_BG/images/WSSV_BG-29-img-1.jpg,/home/drnguyenvinh/notebooks/shrimp_od_yolo_ultralytics_under12M_17models_rtx4090_v3_FIXED_OD_ONLY/kaggle_raw/shrimpdiseaseimagebd/ShrimpDiseaseImageBD An Image Dataset for Computer Vision-Based Detection of Shrimp Diseases in Bangladesh/Root/Annotated Diseased Shrimp Images/Annotated Diseased Shrimp Images/4. WSSV_BG/labels/WSSV_BG-29-img-1.txt,WSSV_BG,WSSV_BG,WSSV_BG-29-img-1,15
train,/home/drnguyenvinh/notebooks/shrimp_od_yolo_ultralytics_under12M_17models_rtx4090_v3_FIXED_OD_ONLY/kaggle_raw/shrimpdiseaseimagebd/ShrimpDiseaseImageBD An Image Dataset for Computer Vision-Based Detection of Shrimp Diseases in Bangladesh/Root/Annotated Diseased Shrimp Images/Annotated Diseased Shrimp Images/1. BG/images/BG-64-img-2.jpg,/home/drnguyenvinh/notebooks/shrimp_od_yolo_ultralytics_under12M_17models_rtx4090_v3_FIXED_OD_ONLY/kaggle_raw/shrimpdiseaseimagebd/ShrimpDiseaseImageBD An Image Dataset for Computer Vision-Based Detection of Shrimp Diseases in Bangladesh/Root/Annotated Diseased Shrimp Images/Annotated Diseased Shrimp Images/1. BG/labels/BG-64-img-2.txt,BG,BG,BG-64-img-2,2
train,/home/drnguyenvinh/notebooks/shrimp_od_yolo_ultralytics_under12M_17models_rtx4090_v3_FIXED_OD_ONLY/kaggle_raw/shrimpdiseaseimagebd/ShrimpDiseaseImageBD An Image Dataset for Computer Vision-Based Detection of Shrimp Diseases in Bangladesh/Root/Annotated Diseased Shrimp Images/Annotated Diseased Shrimp Images/2. WSSV/images/WSSV-7-img-1.jpg,/home/drnguyenvinh/notebooks/shrimp_od_yolo_ultralytics_under12M_17models_rtx4090_v3_FIXED_OD_ONLY/kaggle_raw/shrimpdiseaseimagebd/ShrimpDiseaseImageBD An Image Dataset for Computer Vision-Based Detection of Shrimp Diseases in Bangladesh/Root/Annotated Diseased Shrimp Images/Annotated Diseased Shrimp Images/2. WSSV/labels/WSSV-7-img-1.txt,WSSV,WSSV,WSSV-7-img-1,5
train,/home/drnguyenvinh/notebooks/shrimp_od_yolo_ultralytics_under12M_17models_rtx4090_v3_FIXED_OD_ONLY/kaggle_raw/shrimpdiseaseimagebd/ShrimpDiseaseImageBD An Image Dataset for Computer Vision-Based Detection of Shrimp Diseases in Bangladesh/Root/Annotated Diseased Shrimp Images/Annotated Diseased Shrimp Images/1. BG/images/BG-2-img-3.jpg,/home/drnguyenvinh/notebooks/shrimp_od_yolo_ultralytics_under12M_17models_rtx4090_v3_FIXED_OD_ONLY/kaggle_raw/shrimpdiseaseimagebd/ShrimpDiseaseImageBD An Image Dataset for Computer Vision-Based Detection of Shrimp Diseases in Bangladesh/Root/Annotated Diseased Shrimp Images/Annotated Diseased Shrimp Images/1. BG/labels/BG-2-img-3.txt,BG,BG,BG-2-img-3,1
train,/home/drnguyenvinh/notebooks/shrimp_od_yolo_ultralytics_under12M_17models_rtx4090_v3_FIXED_OD_ONLY/kaggle_raw/shrimpdiseaseimagebd/ShrimpDiseaseImageBD An Image Dataset for Computer Vision-Based Detection of Shrimp Diseases in Bangladesh/Root/Annotated Diseased Shrimp Images/Annotated Diseased Shrimp Images/4. WSSV_BG/images/WSSV_BG-30-img-1.jpg,/home/drnguyenvinh/notebooks/shrimp_od_yolo_ultralytics_under12M_17models_rtx4090_v3_FIXED_OD_ONLY/kaggle_raw/shrimpdiseaseimagebd/ShrimpDiseaseImageBD An Image Dataset for Computer Vision-Based Detection of Shrimp Diseases in Bangladesh/Root/Annotated Diseased Shrimp Images/Annotated Diseased Shrimp Images/4. WSSV_BG/labels/WSSV_BG-30-img-1.txt,WSSV_BG,WSSV_BG,WSSV_BG-30-img-1,2
train,/home/drnguyenvinh/notebooks/shrimp_od_yolo_ultralytics_under12M_17models_rtx4090_v3_FIXED_OD_ONLY/kaggle_raw/shrimpdiseaseimagebd/ShrimpDiseaseImageBD An Image Dataset for Computer Vision-Based Detection of Shrimp Diseases in Bangladesh/Root/Annotated Diseased Shrimp Images/Annotated Diseased Shrimp Images/1. BG/images/BG-58-img-1.jpg,/home/drnguyenvinh/notebooks/shrimp_od_yolo_ultralytics_under12M_17models_rtx4090_v3_FIXED_OD_ONLY/kaggle_raw/shrimpdiseaseimagebd/ShrimpDiseaseImageBD An Image Dataset for Computer Vision-Based Detection of Shrimp Diseases in Bangladesh/Root/Annotated Diseased Shrimp Images/Annotated Diseased Shrimp Images/1. BG/labels/BG-58-img-1.txt,BG,BG,BG-58-img-1,1
train,/home/drnguyenvinh/notebooks/shrimp_od_yolo_ultralytics_under12M_17models_rtx4090_v3_FIXED_OD_ONLY/kaggle_raw/shrimpdiseaseimagebd/ShrimpDiseaseImageBD An Image Dataset for Computer Vision-Based Detection of Shrimp Diseases in Bangladesh/Root/Annotated Diseased Shrimp Images/Annotated Diseased Shrimp Images/1. BG/images/BG-37-img-1.jpg,/home/drnguyenvinh/notebooks/shrimp_od_yolo_ultralytics_under12M_17models_rtx4090_v3_FIXED_OD_ONLY/kaggle_raw/shrimpdiseaseimagebd/ShrimpDiseaseImageBD An Image Dataset for Computer Vision-Based Detection of Shrimp Diseases in Bangladesh/Root/Annotated Diseased Shrimp Images/Annotated Diseased Shrimp Images/1. BG/labels/BG-37-img-1.txt,BG,BG,BG-37-img-1,3
train,/home/drnguyenvinh/notebooks/shrimp_od_yolo_ultralytics_under12M_17models_rtx4090_v3_FIXED_OD_ONLY/kaggle_raw/shrimpdiseaseimagebd/ShrimpDiseaseImageBD An Image Dataset for Computer Vision-Based Detection of Shrimp Diseases in Bangladesh/Root/Annotated Diseased Shrimp Images/Annotated Diseased Shrimp Images/4. WSSV_BG/images/WSSV_BG-70-img-2.jpg,/home/drnguyenvinh/notebooks/shrimp_od_yolo_ultralytics_under12M_17models_rtx4090_v3_FIXED_OD_ONLY/kaggle_raw/shrimpdiseaseimagebd/ShrimpDiseaseImageBD An Image Dataset for Computer Vision-Based Detection of Shrimp Diseases in Bangladesh/Root/Annotated Diseased Shrimp Images/Annotated Diseased Shrimp Images/4. WSSV_BG/labels/WSSV_BG-70-img-2.txt,WSSV_BG,WSSV_BG,WSSV_BG-70-img-2,13
train,/home/drnguyenvinh/notebooks/shrimp_od_yolo_ultralytics_under12M_17models_rtx4090_v3_FIXED_OD_ONLY/kaggle_raw/shrimpdiseaseimagebd/ShrimpDiseaseImageBD An Image Dataset for Computer Vision-Based Detection of Shrimp Diseases in Bangladesh/Root/Annotated Diseased Shrimp Images/Annotated Diseased Shrimp Images/4. WSSV_BG/images/WSSV_BG-9-img-2.jpg,/home/drnguyenvinh/notebooks/shrimp_od_yolo_ultralytics_under12M_17models_rtx4090_v3_FIXED_OD_ONLY/kaggle_raw/shrimpdiseaseimagebd/ShrimpDiseaseImageBD An Image Dataset for Computer Vision-Based Detection of Shrimp Diseases in Bangladesh/Root/Annotated Diseased Shrimp Images/Annotated Diseased Shrimp Images/4. WSSV_BG/labels/WSSV_BG-9-img-2.txt,WSSV_BG,WSSV_BG,WSSV_BG-9-img-2,6
train,/home/drnguyenvinh/notebooks/shrimp_od_yolo_ultralytics_under12M_17models_rtx4090_v3_FIXED_OD_ONLY/kaggle_raw/shrimpdiseaseimagebd/ShrimpDiseaseImageBD An Image Dataset for Computer Vision-Based Detection of Shrimp Diseases in Bangladesh/Root/Annotated Diseased Shrimp Images/Annotated Diseased Shrimp Images/2. WSSV/images/WSSV-99-img-1.jpg,/home/drnguyenvinh/notebooks/shrimp_od_yolo_ultralytics_under12M_17models_rtx4090_v3_FIXED_OD_ONLY/kaggle_raw/shrimpdiseaseimagebd/ShrimpDiseaseImageBD An Image Dataset for Computer Vision-Based Detection of Shrimp Diseases in Bangladesh/Root/Annotated Diseased Shrimp Images/Annotated Diseased Shrimp Images/2. WSSV/labels/WSSV-99-img-1.txt,WSSV,WSSV,WSSV-99-img-1,13
train,/home/drnguyenvinh/notebooks/shrimp_od_yolo_ultralytics_under12M_17models_rtx4090_v3_FIXED_OD_ONLY/kaggle_raw/shrimpdiseaseimagebd/ShrimpDiseaseImageBD An Image Dataset for Computer Vision-Based Detection of Shrimp Diseases in Bangladesh/Root/Annotated Diseased Shrimp Images/Annotated Diseased Shrimp Images/1. BG/images/BG-27-img-2.jpg,/home/drnguyenvinh/notebooks/shrimp_od_yolo_ultralytics_under12M_17models_rtx4090_v3_FIXED_OD_ONLY/kaggle_raw/shrimpdiseaseimagebd/ShrimpDiseaseImageBD An Image Dataset for Computer Vision-Based Detection of Shrimp Diseases in Bangladesh/Root/Annotated Diseased Shrimp Images/Annotated Diseased Shrimp Images/1. BG/labels/BG-27-img-2.txt,BG,BG,BG-27-img-2,2
train,/home/drnguyenvinh/notebooks/shrimp_od_yolo_ultralytics_under12M_17models_rtx4090_v3_FIXED_OD_ONLY/kaggle_raw/shrimpdiseaseimagebd/ShrimpDiseaseImageBD An Image Dataset for Computer Vision-Based Detection of Shrimp Diseases in Bangladesh/Root/Annotated Diseased Shrimp Images/Annotated Diseased Shrimp Images/1. BG/images/BG-35-img-3.jpg,/home/drnguyenvinh/notebooks/shrimp_od_yolo_ultralytics_under12M_17models_rtx4090_v3_FIXED_OD_ONLY/kaggle_raw/shrimpdiseaseimagebd/ShrimpDiseaseImageBD An Image Dataset for Computer Vision-Based Detection of Shrimp Diseases in Bangladesh/Root/Annotated Diseased Shrimp Images/Annotated Diseased Shrimp Images/1. BG/labels/BG-35-img-3.txt,BG,BG,BG-35-img-3,2
train,/home/drnguyenvinh/notebooks/shrimp_od_yolo_ultralytics_under12M_17models_rtx4090_v3_FIXED_OD_ONLY/kaggle_raw/shrimpdiseaseimagebd/ShrimpDiseaseImageBD An Image Dataset for Computer Vision-Based Detection of Shrimp Diseases in Bangladesh/Root/Annotated Diseased Shrimp Images/Annotated Diseased Shrimp Images/1. BG/images/BG-64-img-3.jpg,/home/drnguyenvinh/notebooks/shrimp_od_yolo_ultralytics_under12M_17models_rtx4090_v3_FIXED_OD_ONLY/kaggle_raw/shrimpdiseaseimagebd/ShrimpDiseaseImageBD An Image Dataset for Computer Vision-Based Detection of Shrimp Diseases in Bangladesh/Root/Annotated Diseased Shrimp Images/Annotated Diseased Shrimp Images/1. BG/labels/BG-64-img-3.txt,BG,BG,BG-64-img-3,2
train,/home/drnguyenvinh/notebooks/shrimp_od_yolo_ultralytics_under12M_17models_rtx4090_v3_FIXED_OD_ONLY/kaggle_raw/shrimpdiseaseimagebd/ShrimpDiseaseImageBD An Image Dataset for Computer Vision-Based Detection of Shrimp Diseases in Bangladesh/Root/Annotated Diseased Shrimp Images/Annotated Diseased Shrimp Images/2. WSSV/images/WSSV-106-img-1.jpg,/home/drnguyenvinh/notebooks/shrimp_od_yolo_ultralytics_under12M_17models_rtx4090_v3_FIXED_OD_ONLY/kaggle_raw/shrimpdiseaseimagebd/ShrimpDiseaseImageBD An Image Dataset for Computer Vision-Based Detection of Shrimp Diseases in Bangladesh/Root/Annotated Diseased Shrimp Images/Annotated Diseased Shrimp Images/2. WSSV/labels/WSSV-106-img-1.txt,WSSV,WSSV,WSSV-106-img-1,11
train,/home/drnguyenvinh/notebooks/shrimp_od_yolo_ultralytics_under12M_17models_rtx4090_v3_FIXED_OD_ONLY/kaggle_raw/shrimpdiseaseimagebd/ShrimpDiseaseImageBD An Image Dataset for Computer Vision-Based Detection of Shrimp Diseases in Bangladesh/Root/Annotated Diseased Shrimp Images/Annotated Diseased Shrimp Images/2. WSSV/images/WSSV-98-img-3.jpg,/home/drnguyenvinh/notebooks/shrimp_od_yolo_ultralytics_under12M_17models_rtx4090_v3_FIXED_OD_ONLY/kaggle_raw/shrimpdiseaseimagebd/ShrimpDiseaseImageBD An Image Dataset for Computer Vision-Based Detection of Shrimp Diseases in Bangladesh/Root/Annotated Diseased Shrimp Images/Annotated Diseased Shrimp Images/2. WSSV/labels/WSSV-98-img-3.txt,WSSV,WSSV,WSSV-98-img-3,10
train,/home/drnguyenvinh/notebooks/shrimp_od_yolo_ultralytics_under12M_17models_rtx4090_v3_FIXED_OD_ONLY/kaggle_raw/shrimpdiseaseimagebd/ShrimpDiseaseImageBD An Image Dataset for Computer Vision-Based Detection of Shrimp Diseases in Bangladesh/Root/Annotated Diseased Shrimp Images/Annotated Diseased Shrimp Images/2. WSSV/images/WSSV-16-img-3.jpg,/home/drnguyenvinh/notebooks/shrimp_od_yolo_ultralytics_under12M_17models_rtx4090_v3_FIXED_OD_ONLY/kaggle_raw/shrimpdiseaseimagebd/ShrimpDiseaseImageBD An Image Dataset for Computer Vision-Based Detection of Shrimp Diseases in Bangladesh/Root/Annotated Diseased Shrimp Images/Annotated Diseased Shrimp Images/2. WSSV/labels/WSSV-16-img-3.txt,WSSV,WSSV,WSSV-16-img-3,5
train,/home/drnguyenvinh/notebooks/shrimp_od_yolo_ultralytics_under12M_17models_rtx4090_v3_FIXED_OD_ONLY/kaggle_raw/shrimpdiseaseimagebd/ShrimpDiseaseImageBD An Image Dataset for Computer Vision-Based Detection of Shrimp Diseases in Bangladesh/Root/Annotated Diseased Shrimp Images/Annotated Diseased Shrimp Images/2. WSSV/images/WSSV-88-img-1.jpg,/home/drnguyenvinh/notebooks/shrimp_od_yolo_ultralytics_under12M_17models_rtx4090_v3_FIXED_OD_ONLY/kaggle_raw/shrimpdiseaseimagebd/ShrimpDiseaseImageBD An Image Dataset for Computer Vision-Based Detection of Shrimp Diseases in Bangladesh/Root/Annotated Diseased Shrimp Images/Annotated Diseased Shrimp Images/2. WSSV/labels/WSSV-88-img-1.txt,WSSV,WSSV,WSSV-88-img-1,9
train,/home/drnguyenvinh/notebooks/shrimp_od_yolo_ultralytics_under12M_17models_rtx4090_v3_FIXED_OD_ONLY/kaggle_raw/shrimpdiseaseimagebd/ShrimpDiseaseImageBD An Image Dataset for Computer Vision-Based Detection of Shrimp Diseases in Bangladesh/Root/Annotated Diseased Shrimp Images/Annotated Diseased Shrimp Images/2. WSSV/images/WSSV-57-img-1.jpg,/home/drnguyenvinh/notebooks/shrimp_od_yolo_ultralytics_under12M_17models_rtx4090_v3_FIXED_OD_ONLY/kaggle_raw/shrimpdiseaseimagebd/ShrimpDiseaseImageBD An Image Dataset for Computer Vision-Based Detection of Shrimp Diseases in Bangladesh/Root/Annotated Diseased Shrimp Images/Annotated Diseased Shrimp Images/2. WSSV/labels/WSSV-57-img-1.txt,WSSV,WSSV,WSSV-57-img-1,14
train,/home/drnguyenvinh/notebooks/shrimp_od_yolo_ultralytics_under12M_17models_rtx4090_v3_FIXED_OD_ONLY/kaggle_raw/shrimpdiseaseimagebd/ShrimpDiseaseImageBD An Image Dataset for Computer Vision-Based Detection of Shrimp Diseases in Bangladesh/Root/Annotated Diseased Shrimp Images/Annotated Diseased Shrimp Images/2. WSSV/images/WSSV-113-img-3.jpg,/home/drnguyenvinh/notebooks/shrimp_od_yolo_ultralytics_under12M_17models_rtx4090_v3_FIXED_OD_ONLY/kaggle_raw/shrimpdiseaseimagebd/ShrimpDiseaseImageBD An Image Dataset for Computer Vision-Based Detection of Shrimp Diseases in Bangladesh/Root/Annotated Diseased Shrimp Images/Annotated Diseased Shrimp Images/2. WSSV/labels/WSSV-113-img-3.txt,WSSV,WSSV,WSSV-113-img-3,15
train,/home/drnguyenvinh/notebooks/shrimp_od_yolo_ultralytics_under12M_17models_rtx4090_v3_FIXED_OD_ONLY/kaggle_raw/shrimpdiseaseimagebd/ShrimpDiseaseImageBD An Image Dataset for Computer Vision-Based Detection of Shrimp Diseases in Bangladesh/Root/Annotated Diseased Shrimp Images/Annotated Diseased Shrimp Images/4. WSSV_BG/images/WSSV_BG-52-img-3.jpg,/home/drnguyenvinh/notebooks/shrimp_od_yolo_ultralytics_under12M_17models_rtx4090_v3_FIXED_OD_ONLY/kaggle_raw/shrimpdiseaseimagebd/ShrimpDiseaseImageBD An Image Dataset for Computer Vision-Based Detection of Shrimp Diseases in Bangladesh/Root/Annotated Diseased Shrimp Images/Annotated Diseased Shrimp Images/4. WSSV_BG/labels/WSSV_BG-52-img-3.txt,WSSV_BG,WSSV_BG,WSSV_BG-52-img-3,17
train,/home/drnguyenvinh/notebooks/shrimp_od_yolo_ultralytics_under12M_17models_rtx4090_v3_FIXED_OD_ONLY/kaggle_raw/shrimpdiseaseimagebd/ShrimpDiseaseImageBD An Image Dataset for Computer Vision-Based Detection of Shrimp Diseases in Bangladesh/Root/Annotated Diseased Shrimp Images/Annotated Diseased Shrimp Images/1. BG/images/BG-67-img-1.jpg,/home/drnguyenvinh/notebooks/shrimp_od_yolo_ultralytics_under12M_17models_rtx4090_v3_FIXED_OD_ONLY/kaggle_raw/shrimpdiseaseimagebd/ShrimpDiseaseImageBD An Image Dataset for Computer Vision-Based Detection of Shrimp Diseases in Bangladesh/Root/Annotated Diseased Shrimp Images/Annotated Diseased Shrimp Images/1. BG/labels/BG-67-img-1.txt,BG,BG,BG-67-img-1,2
train,/home/drnguyenvinh/notebooks/shrimp_od_yolo_ultralytics_under12M_17models_rtx4090_v3_FIXED_OD_ONLY/kaggle_raw/shrimpdiseaseimagebd/ShrimpDiseaseImageBD An Image Dataset for Computer Vision-Based Detection of Shrimp Diseases in Bangladesh/Root/Annotated Diseased Shrimp Images/Annotated Diseased Shrimp Images/2. WSSV/images/WSSV-31-img-1.jpg,/home/drnguyenvinh/notebooks/shrimp_od_yolo_ultralytics_under12M_17models_rtx4090_v3_FIXED_OD_ONLY/kaggle_raw/shrimpdiseaseimagebd/ShrimpDiseaseImageBD An Image Dataset for Computer Vision-Based Detection of Shrimp Diseases in Bangladesh/Root/Annotated Diseased Shrimp Images/Annotated Diseased Shrimp Images/2. WSSV/labels/WSSV-31-img-1.txt,WSSV,WSSV,WSSV-31-img-1,20
train,/home/drnguyenvinh/notebooks/shrimp_od_yolo_ultralytics_under12M_17models_rtx4090_v3_FIXED_OD_ONLY/kaggle_raw/shrimpdiseaseimagebd/ShrimpDiseaseImageBD An Image Dataset for Computer Vision-Based Detection of Shrimp Diseases in Bangladesh/Root/Annotated Diseased Shrimp Images/Annotated Diseased Shrimp Images/2. WSSV/images/WSSV-45-img-3.jpg,/home/drnguyenvinh/notebooks/shrimp_od_yolo_ultralytics_under12M_17models_rtx4090_v3_FIXED_OD_ONLY/kaggle_raw/shrimpdiseaseimagebd/ShrimpDiseaseImageBD An Image Dataset for Computer Vision-Based Detection of Shrimp Diseases in Bangladesh/Root/Annotated Diseased Shrimp Images/Annotated Diseased Shrimp Images/2. WSSV/labels/WSSV-45-img-3.txt,WSSV,WSSV,WSSV-45-img-3,8
train,/home/drnguyenvinh/notebooks/shrimp_od_yolo_ultralytics_under12M_17models_rtx4090_v3_FIXED_OD_ONLY/kaggle_raw/shrimpdiseaseimagebd/ShrimpDiseaseImageBD An Image Dataset for Computer Vision-Based Detection of Shrimp Diseases in Bangladesh/Root/Annotated Diseased Shrimp Images/Annotated Diseased Shrimp Images/1. BG/images/BG-73-img-3.jpg,/home/drnguyenvinh/notebooks/shrimp_od_yolo_ultralytics_under12M_17models_rtx4090_v3_FIXED_OD_ONLY/kaggle_raw/shrimpdiseaseimagebd/ShrimpDiseaseImageBD An Image Dataset for Computer Vision-Based Detection of Shrimp Diseases in Bangladesh/Root/Annotated Diseased Shrimp Images/Annotated Diseased Shrimp Images/1. BG/labels/BG-73-img-3.txt,BG,BG,BG-73-img-3,1
train,/home/drnguyenvinh/notebooks/shrimp_od_yolo_ultralytics_under12M_17models_rtx4090_v3_FIXED_OD_ONLY/kaggle_raw/shrimpdiseaseimagebd/ShrimpDiseaseImageBD An Image Dataset for Computer Vision-Based Detection of Shrimp Diseases in Bangladesh/Root/Annotated Diseased Shrimp Images/Annotated Diseased Shrimp Images/1. BG/images/BG-9-img-2.jpg,/home/drnguyenvinh/notebooks/shrimp_od_yolo_ultralytics_under12M_17models_rtx4090_v3_FIXED_OD_ONLY/kaggle_raw/shrimpdiseaseimagebd/ShrimpDiseaseImageBD An Image Dataset for Computer Vision-Based Detection of Shrimp Diseases in Bangladesh/Root/Annotated Diseased Shrimp Images/Annotated Diseased Shrimp Images/1. BG/labels/BG-9-img-2.txt,BG,BG,BG-9-img-2,2
train,/home/drnguyenvinh/notebooks/shrimp_od_yolo_ultralytics_under12M_17models_rtx4090_v3_FIXED_OD_ONLY/kaggle_raw/shrimpdiseaseimagebd/ShrimpDiseaseImageBD An Image Dataset for Computer Vision-Based Detection of Shrimp Diseases in Bangladesh/Root/Annotated Diseased Shrimp Images/Annotated Diseased Shrimp Images/2. WSSV/images/WSSV-73-img-1.jpg,/home/drnguyenvinh/notebooks/shrimp_od_yolo_ultralytics_under12M_17models_rtx4090_v3_FIXED_OD_ONLY/kaggle_raw/shrimpdiseaseimagebd/ShrimpDiseaseImageBD An Image Dataset for Computer Vision-Based Detection of Shrimp Diseases in Bangladesh/Root/Annotated Diseased Shrimp Images/Annotated Diseased Shrimp Images/2. WSSV/labels/WSSV-73-img-1.txt,WSSV,WSSV,WSSV-73-img-1,10
train,/home/drnguyenvinh/notebooks/shrimp_od_yolo_ultralytics_under12M_17models_rtx4090_v3_FIXED_OD_ONLY/kaggle_raw/shrimpdiseaseimagebd/ShrimpDiseaseImageBD An Image Dataset for Computer Vision-Based Detection of Shrimp Diseases in Bangladesh/Root/Annotated Diseased Shrimp Images/Annotated Diseased Shrimp Images/2. WSSV/images/WSSV-75-img-2.jpg,/home/drnguyenvinh/notebooks/shrimp_od_yolo_ultralytics_under12M_17models_rtx4090_v3_FIXED_OD_ONLY/kaggle_raw/shrimpdiseaseimagebd/ShrimpDiseaseImageBD An Image Dataset for Computer Vision-Based Detection of Shrimp Diseases in Bangladesh/Root/Annotated Diseased Shrimp Images/Annotated Diseased Shrimp Images/2. WSSV/labels/WSSV-75-img-2.txt,WSSV,WSSV,WSSV-75-img-2,2
train,/home/drnguyenvinh/notebooks/shrimp_od_yolo_ultralytics_under12M_17models_rtx4090_v3_FIXED_OD_ONLY/kaggle_raw/shrimpdiseaseimagebd/ShrimpDiseaseImageBD An Image Dataset for Computer Vision-Based Detection of Shrimp Diseases in Bangladesh/Root/Annotated Diseased Shrimp Images/Annotated Diseased Shrimp Images/4. WSSV_BG/images/WSSV_BG-38-img-2.jpg,/home/drnguyenvinh/notebooks/shrimp_od_yolo_ultralytics_under12M_17models_rtx4090_v3_FIXED_OD_ONLY/kaggle_raw/shrimpdiseaseimagebd/ShrimpDiseaseImageBD An Image Dataset for Computer Vision-Based Detection of Shrimp Diseases in Bangladesh/Root/Annotated Diseased Shrimp Images/Annotated Diseased Shrimp Images/4. WSSV_BG/labels/WSSV_BG-38-img-2.txt,WSSV_BG,WSSV_BG,WSSV_BG-38-img-2,13
train,/home/drnguyenvinh/notebooks/shrimp_od_yolo_ultralytics_under12M_17models_rtx4090_v3_FIXED_OD_ONLY/kaggle_raw/shrimpdiseaseimagebd/ShrimpDiseaseImageBD An Image Dataset for Computer Vision-Based Detection of Shrimp Diseases in Bangladesh/Root/Annotated Diseased Shrimp Images/Annotated Diseased Shrimp Images/1. BG/images/BG-43-img-3.jpg,/home/drnguyenvinh/notebooks/shrimp_od_yolo_ultralytics_under12M_17models_rtx4090_v3_FIXED_OD_ONLY/kaggle_raw/shrimpdiseaseimagebd/ShrimpDiseaseImageBD An Image Dataset for Computer Vision-Based Detection of Shrimp Diseases in Bangladesh/Root/Annotated Diseased Shrimp Images/Annotated Diseased Shrimp Images/1. BG/labels/BG-43-img-3.txt,BG,BG,BG-43-img-3,2
train,/home/drnguyenvinh/notebooks/shrimp_od_yolo_ultralytics_under12M_17models_rtx4090_v3_FIXED_OD_ONLY/kaggle_raw/shrimpdiseaseimagebd/ShrimpDiseaseImageBD An Image Dataset for Computer Vision-Based Detection of Shrimp Diseases in Bangladesh/Root/Annotated Diseased Shrimp Images/Annotated Diseased Shrimp Images/4. WSSV_BG/images/WSSV_BG-74-img-2.jpg,/home/drnguyenvinh/notebooks/shrimp_od_yolo_ultralytics_under12M_17models_rtx4090_v3_FIXED_OD_ONLY/kaggle_raw/shrimpdiseaseimagebd/ShrimpDiseaseImageBD An Image Dataset for Computer Vision-Based Detection of Shrimp Diseases in Bangladesh/Root/Annotated Diseased Shrimp Images/Annotated Diseased Shrimp Images/4. WSSV_BG/labels/WSSV_BG-74-img-2.txt,WSSV_BG,WSSV_BG,WSSV_BG-74-img-2,8
train,/home/drnguyenvinh/notebooks/shrimp_od_yolo_ultralytics_under12M_17models_rtx4090_v3_FIXED_OD_ONLY/kaggle_raw/shrimpdiseaseimagebd/ShrimpDiseaseImageBD An Image Dataset for Computer Vision-Based Detection of Shrimp Diseases in Bangladesh/Root/Annotated Diseased Shrimp Images/Annotated Diseased Shrimp Images/4. WSSV_BG/images/WSSV_BG-66-img-3.jpg,/home/drnguyenvinh/notebooks/shrimp_od_yolo_ultralytics_under12M_17models_rtx4090_v3_FIXED_OD_ONLY/kaggle_raw/shrimpdiseaseimagebd/ShrimpDiseaseImageBD An Image Dataset for Computer Vision-Based Detection of Shrimp Diseases in Bangladesh/Root/Annotated Diseased Shrimp Images/Annotated Diseased Shrimp Images/4. WSSV_BG/labels/WSSV_BG-66-img-3.txt,WSSV_BG,WSSV_BG,WSSV_BG-66-img-3,10
train,/home/drnguyenvinh/notebooks/shrimp_od_yolo_ultralytics_under12M_17models_rtx4090_v3_FIXED_OD_ONLY/kaggle_raw/shrimpdiseaseimagebd/ShrimpDiseaseImageBD An Image Dataset for Computer Vision-Based Detection of Shrimp Diseases in Bangladesh/Root/Annotated Diseased Shrimp Images/Annotated Diseased Shrimp Images/1. BG/images/BG-6-img-1.jpg,/home/drnguyenvinh/notebooks/shrimp_od_yolo_ultralytics_under12M_17models_rtx4090_v3_FIXED_OD_ONLY/kaggle_raw/shrimpdiseaseimagebd/ShrimpDiseaseImageBD An Image Dataset for Computer Vision-Based Detection of Shrimp Diseases in Bangladesh/Root/Annotated Diseased Shrimp Images/Annotated Diseased Shrimp Images/1. BG/labels/BG-6-img-1.txt,BG,BG,BG-6-img-1,1
train,/home/drnguyenvinh/notebooks/shrimp_od_yolo_ultralytics_under12M_17models_rtx4090_v3_FIXED_OD_ONLY/kaggle_raw/shrimpdiseaseimagebd/ShrimpDiseaseImageBD An Image Dataset for Computer Vision-Based Detection of Shrimp Diseases in Bangladesh/Root/Annotated Diseased Shrimp Images/Annotated Diseased Shrimp Images/2. WSSV/images/WSSV-44-img-3.jpg,/home/drnguyenvinh/notebooks/shrimp_od_yolo_ultralytics_under12M_17models_rtx4090_v3_FIXED_OD_ONLY/kaggle_raw/shrimpdiseaseimagebd/ShrimpDiseaseImageBD An Image Dataset for Computer Vision-Based Detection of Shrimp Diseases in Bangladesh/Root/Annotated Diseased Shrimp Images/Annotated Diseased Shrimp Images/2. WSSV/labels/WSSV-44-img-3.txt,WSSV,WSSV,WSSV-44-img-3,3
train,/home/drnguyenvinh/notebooks/shrimp_od_yolo_ultralytics_under12M_17models_rtx4090_v3_FIXED_OD_ONLY/kaggle_raw/shrimpdiseaseimagebd/ShrimpDiseaseImageBD An Image Dataset for Computer Vision-Based Detection of Shrimp Diseases in Bangladesh/Root/Annotated Diseased Shrimp Images/Annotated Diseased Shrimp Images/4. WSSV_BG/images/WSSV_BG-61-img-1.jpg,/home/drnguyenvinh/notebooks/shrimp_od_yolo_ultralytics_under12M_17models_rtx4090_v3_FIXED_OD_ONLY/kaggle_raw/shrimpdiseaseimagebd/ShrimpDiseaseImageBD An Image Dataset for Computer Vision-Based Detection of Shrimp Diseases in Bangladesh/Root/Annotated Diseased Shrimp Images/Annotated Diseased Shrimp Images/4. WSSV_BG/labels/WSSV_BG-61-img-1.txt,WSSV_BG,WSSV_BG,WSSV_BG-61-img-1,4
train,/home/drnguyenvinh/notebooks/shrimp_od_yolo_ultralytics_under12M_17models_rtx4090_v3_FIXED_OD_ONLY/kaggle_raw/shrimpdiseaseimagebd/ShrimpDiseaseImageBD An Image Dataset for Computer Vision-Based Detection of Shrimp Diseases in Bangladesh/Root/Annotated Diseased Shrimp Images/Annotated Diseased Shrimp Images/4. WSSV_BG/images/WSSV_BG-24-img-3.jpg,/home/drnguyenvinh/notebooks/shrimp_od_yolo_ultralytics_under12M_17models_rtx4090_v3_FIXED_OD_ONLY/kaggle_raw/shrimpdiseaseimagebd/ShrimpDiseaseImageBD An Image Dataset for Computer Vision-Based Detection of Shrimp Diseases in Bangladesh/Root/Annotated Diseased Shrimp Images/Annotated Diseased Shrimp Images/4. WSSV_BG/labels/WSSV_BG-24-img-3.txt,WSSV_BG,WSSV_BG,WSSV_BG-24-img-3,12
train,/home/drnguyenvinh/notebooks/shrimp_od_yolo_ultralytics_under12M_17models_rtx4090_v3_FIXED_OD_ONLY/kaggle_raw/shrimpdiseaseimagebd/ShrimpDiseaseImageBD An Image Dataset for Computer Vision-Based Detection of Shrimp Diseases in Bangladesh/Root/Annotated Diseased Shrimp Images/Annotated Diseased Shrimp Images/4. WSSV_BG/images/WSSV_BG-41-img-3.jpg,/home/drnguyenvinh/notebooks/shrimp_od_yolo_ultralytics_under12M_17models_rtx4090_v3_FIXED_OD_ONLY/kaggle_raw/shrimpdiseaseimagebd/ShrimpDiseaseImageBD An Image Dataset for Computer Vision-Based Detection of Shrimp Diseases in Bangladesh/Root/Annotated Diseased Shrimp Images/Annotated Diseased Shrimp Images/4. WSSV_BG/labels/WSSV_BG-41-img-3.txt,WSSV_BG,WSSV_BG,WSSV_BG-41-img-3,2
train,/home/drnguyenvinh/notebooks/shrimp_od_yolo_ultralytics_under12M_17models_rtx4090_v3_FIXED_OD_ONLY/kaggle_raw/shrimpdiseaseimagebd/ShrimpDiseaseImageBD An Image Dataset for Computer Vision-Based Detection of Shrimp Diseases in Bangladesh/Root/Annotated Diseased Shrimp Images/Annotated Diseased Shrimp Images/4. WSSV_BG/images/WSSV_BG-49-img-1.jpg,/home/drnguyenvinh/notebooks/shrimp_od_yolo_ultralytics_under12M_17models_rtx4090_v3_FIXED_OD_ONLY/kaggle_raw/shrimpdiseaseimagebd/ShrimpDiseaseImageBD An Image Dataset for Computer Vision-Based Detection of Shrimp Diseases in Bangladesh/Root/Annotated Diseased Shrimp Images/Annotated Diseased Shrimp Images/4. WSSV_BG/labels/WSSV_BG-49-img-1.txt,WSSV_BG,WSSV_BG,WSSV_BG-49-img-1,11
train,/home/drnguyenvinh/notebooks/shrimp_od_yolo_ultralytics_under12M_17models_rtx4090_v3_FIXED_OD_ONLY/kaggle_raw/shrimpdiseaseimagebd/ShrimpDiseaseImageBD An Image Dataset for Computer Vision-Based Detection of Shrimp Diseases in Bangladesh/Root/Annotated Diseased Shrimp Images/Annotated Diseased Shrimp Images/4. WSSV_BG/images/WSSV_BG-56-img-1.jpg,/home/drnguyenvinh/notebooks/shrimp_od_yolo_ultralytics_under12M_17models_rtx4090_v3_FIXED_OD_ONLY/kaggle_raw/shrimpdiseaseimagebd/ShrimpDiseaseImageBD An Image Dataset for Computer Vision-Based Detection of Shrimp Diseases in Bangladesh/Root/Annotated Diseased Shrimp Images/Annotated Diseased Shrimp Images/4. WSSV_BG/labels/WSSV_BG-56-img-1.txt,WSSV_BG,WSSV_BG,WSSV_BG-56-img-1,11
train,/home/drnguyenvinh/notebooks/shrimp_od_yolo_ultralytics_under12M_17models_rtx4090_v3_FIXED_OD_ONLY/kaggle_raw/shrimpdiseaseimagebd/ShrimpDiseaseImageBD An Image Dataset for Computer Vision-Based Detection of Shrimp Diseases in Bangladesh/Root/Annotated Diseased Shrimp Images/Annotated Diseased Shrimp Images/1. BG/images/BG-52-img-1.jpg,/home/drnguyenvinh/notebooks/shrimp_od_yolo_ultralytics_under12M_17models_rtx4090_v3_FIXED_OD_ONLY/kaggle_raw/shrimpdiseaseimagebd/ShrimpDiseaseImageBD An Image Dataset for Computer Vision-Based Detection of Shrimp Diseases in Bangladesh/Root/Annotated Diseased Shrimp Images/Annotated Diseased Shrimp Images/1. BG/labels/BG-52-img-1.txt,BG,BG,BG-52-img-1,2
train,/home/drnguyenvinh/notebooks/shrimp_od_yolo_ultralytics_under12M_17models_rtx4090_v3_FIXED_OD_ONLY/kaggle_raw/shrimpdiseaseimagebd/ShrimpDiseaseImageBD An Image Dataset for Computer Vision-Based Detection of Shrimp Diseases in Bangladesh/Root/Annotated Diseased Shrimp Images/Annotated Diseased Shrimp Images/2. WSSV/images/WSSV-118-img-3.jpg,/home/drnguyenvinh/notebooks/shrimp_od_yolo_ultralytics_under12M_17models_rtx4090_v3_FIXED_OD_ONLY/kaggle_raw/shrimpdiseaseimagebd/ShrimpDiseaseImageBD An Image Dataset for Computer Vision-Based Detection of Shrimp Diseases in Bangladesh/Root/Annotated Diseased Shrimp Images/Annotated Diseased Shrimp Images/2. WSSV/labels/WSSV-118-img-3.txt,WSSV,WSSV,WSSV-118-img-3,9
train,/home/drnguyenvinh/notebooks/shrimp_od_yolo_ultralytics_under12M_17models_rtx4090_v3_FIXED_OD_ONLY/kaggle_raw/shrimpdiseaseimagebd/ShrimpDiseaseImageBD An Image Dataset for Computer Vision-Based Detection of Shrimp Diseases in Bangladesh/Root/Annotated Diseased Shrimp Images/Annotated Diseased Shrimp Images/4. WSSV_BG/images/WSSV_BG-12-img-3.jpg,/home/drnguyenvinh/notebooks/shrimp_od_yolo_ultralytics_under12M_17models_rtx4090_v3_FIXED_OD_ONLY/kaggle_raw/shrimpdiseaseimagebd/ShrimpDiseaseImageBD An Image Dataset for Computer Vision-Based Detection of Shrimp Diseases in Bangladesh/Root/Annotated Diseased Shrimp Images/Annotated Diseased Shrimp Images/4. WSSV_BG/labels/WSSV_BG-12-img-3.txt,WSSV_BG,WSSV_BG,WSSV_BG-12-img-3,10
train,/home/drnguyenvinh/notebooks/shrimp_od_yolo_ultralytics_under12M_17models_rtx4090_v3_FIXED_OD_ONLY/kaggle_raw/shrimpdiseaseimagebd/ShrimpDiseaseImageBD An Image Dataset for Computer Vision-Based Detection of Shrimp Diseases in Bangladesh/Root/Annotated Diseased Shrimp Images/Annotated Diseased Shrimp Images/2. WSSV/images/WSSV-62-img-2.jpg,/home/drnguyenvinh/notebooks/shrimp_od_yolo_ultralytics_under12M_17models_rtx4090_v3_FIXED_OD_ONLY/kaggle_raw/shrimpdiseaseimagebd/ShrimpDiseaseImageBD An Image Dataset for Computer Vision-Based Detection of Shrimp Diseases in Bangladesh/Root/Annotated Diseased Shrimp Images/Annotated Diseased Shrimp Images/2. WSSV/labels/WSSV-62-img-2.txt,WSSV,WSSV,WSSV-62-img-2,24
train,/home/drnguyenvinh/notebooks/shrimp_od_yolo_ultralytics_under12M_17models_rtx4090_v3_FIXED_OD_ONLY/kaggle_raw/shrimpdiseaseimagebd/ShrimpDiseaseImageBD An Image Dataset for Computer Vision-Based Detection of Shrimp Diseases in Bangladesh/Root/Annotated Diseased Shrimp Images/Annotated Diseased Shrimp Images/1. BG/images/BG-55-img-2.jpg,/home/drnguyenvinh/notebooks/shrimp_od_yolo_ultralytics_under12M_17models_rtx4090_v3_FIXED_OD_ONLY/kaggle_raw/shrimpdiseaseimagebd/ShrimpDiseaseImageBD An Image Dataset for Computer Vision-Based Detection of Shrimp Diseases in Bangladesh/Root/Annotated Diseased Shrimp Images/Annotated Diseased Shrimp Images/1. BG/labels/BG-55-img-2.txt,BG,BG,BG-55-img-2,2
train,/home/drnguyenvinh/notebooks/shrimp_od_yolo_ultralytics_under12M_17models_rtx4090_v3_FIXED_OD_ONLY/kaggle_raw/shrimpdiseaseimagebd/ShrimpDiseaseImageBD An Image Dataset for Computer Vision-Based Detection of Shrimp Diseases in Bangladesh/Root/Annotated Diseased Shrimp Images/Annotated Diseased Shrimp Images/2. WSSV/images/WSSV-26-img-1.jpg,/home/drnguyenvinh/notebooks/shrimp_od_yolo_ultralytics_under12M_17models_rtx4090_v3_FIXED_OD_ONLY/kaggle_raw/shrimpdiseaseimagebd/ShrimpDiseaseImageBD An Image Dataset for Computer Vision-Based Detection of Shrimp Diseases in Bangladesh/Root/Annotated Diseased Shrimp Images/Annotated Diseased Shrimp Images/2. WSSV/labels/WSSV-26-img-1.txt,WSSV,WSSV,WSSV-26-img-1,7
train,/home/drnguyenvinh/notebooks/shrimp_od_yolo_ultralytics_under12M_17models_rtx4090_v3_FIXED_OD_ONLY/kaggle_raw/shrimpdiseaseimagebd/ShrimpDiseaseImageBD An Image Dataset for Computer Vision-Based Detection of Shrimp Diseases in Bangladesh/Root/Annotated Diseased Shrimp Images/Annotated Diseased Shrimp Images/2. WSSV/images/WSSV-105-img-1.jpg,/home/drnguyenvinh/notebooks/shrimp_od_yolo_ultralytics_under12M_17models_rtx4090_v3_FIXED_OD_ONLY/kaggle_raw/shrimpdiseaseimagebd/ShrimpDiseaseImageBD An Image Dataset for Computer Vision-Based Detection of Shrimp Diseases in Bangladesh/Root/Annotated Diseased Shrimp Images/Annotated Diseased Shrimp Images/2. WSSV/labels/WSSV-105-img-1.txt,WSSV,WSSV,WSSV-105-img-1,4
train,/home/drnguyenvinh/notebooks/shrimp_od_yolo_ultralytics_under12M_17models_rtx4090_v3_FIXED_OD_ONLY/kaggle_raw/shrimpdiseaseimagebd/ShrimpDiseaseImageBD An Image Dataset for Computer Vision-Based Detection of Shrimp Diseases in Bangladesh/Root/Annotated Diseased Shrimp Images/Annotated Diseased Shrimp Images/1. BG/images/BG-40-img-1.jpg,/home/drnguyenvinh/notebooks/shrimp_od_yolo_ultralytics_under12M_17models_rtx4090_v3_FIXED_OD_ONLY/kaggle_raw/shrimpdiseaseimagebd/ShrimpDiseaseImageBD An Image Dataset for Computer Vision-Based Detection of Shrimp Diseases in Bangladesh/Root/Annotated Diseased Shrimp Images/Annotated Diseased Shrimp Images/1. BG/labels/BG-40-img-1.txt,BG,BG,BG-40-img-1,5
train,/home/drnguyenvinh/notebooks/shrimp_od_yolo_ultralytics_under12M_17models_rtx4090_v3_FIXED_OD_ONLY/kaggle_raw/shrimpdiseaseimagebd/ShrimpDiseaseImageBD An Image Dataset for Computer Vision-Based Detection of Shrimp Diseases in Bangladesh/Root/Annotated Diseased Shrimp Images/Annotated Diseased Shrimp Images/4. WSSV_BG/images/WSSV_BG-76-img-1.jpg,/home/drnguyenvinh/notebooks/shrimp_od_yolo_ultralytics_under12M_17models_rtx4090_v3_FIXED_OD_ONLY/kaggle_raw/shrimpdiseaseimagebd/ShrimpDiseaseImageBD An Image Dataset for Computer Vision-Based Detection of Shrimp Diseases in Bangladesh/Root/Annotated Diseased Shrimp Images/Annotated Diseased Shrimp Images/4. WSSV_BG/labels/WSSV_BG-76-img-1.txt,WSSV_BG,WSSV_BG,WSSV_BG-76-img-1,10
train,/home/drnguyenvinh/notebooks/shrimp_od_yolo_ultralytics_under12M_17models_rtx4090_v3_FIXED_OD_ONLY/kaggle_raw/shrimpdiseaseimagebd/ShrimpDiseaseImageBD An Image Dataset for Computer Vision-Based Detection of Shrimp Diseases in Bangladesh/Root/Annotated Diseased Shrimp Images/Annotated Diseased Shrimp Images/1. BG/images/BG-58-img-2.jpg,/home/drnguyenvinh/notebooks/shrimp_od_yolo_ultralytics_under12M_17models_rtx4090_v3_FIXED_OD_ONLY/kaggle_raw/shrimpdiseaseimagebd/ShrimpDiseaseImageBD An Image Dataset for Computer Vision-Based Detection of Shrimp Diseases in Bangladesh/Root/Annotated Diseased Shrimp Images/Annotated Diseased Shrimp Images/1. BG/labels/BG-58-img-2.txt,BG,BG,BG-58-img-2,1
train,/home/drnguyenvinh/notebooks/shrimp_od_yolo_ultralytics_under12M_17models_rtx4090_v3_FIXED_OD_ONLY/kaggle_raw/shrimpdiseaseimagebd/ShrimpDiseaseImageBD An Image Dataset for Computer Vision-Based Detection of Shrimp Diseases in Bangladesh/Root/Annotated Diseased Shrimp Images/Annotated Diseased Shrimp Images/1. BG/images/BG-12-img-3.jpg,/home/drnguyenvinh/notebooks/shrimp_od_yolo_ultralytics_under12M_17models_rtx4090_v3_FIXED_OD_ONLY/kaggle_raw/shrimpdiseaseimagebd/ShrimpDiseaseImageBD An Image Dataset for Computer Vision-Based Detection of Shrimp Diseases in Bangladesh/Root/Annotated Diseased Shrimp Images/Annotated Diseased Shrimp Images/1. BG/labels/BG-12-img-3.txt,BG,BG,BG-12-img-3,1
train,/home/drnguyenvinh/notebooks/shrimp_od_yolo_ultralytics_under12M_17models_rtx4090_v3_FIXED_OD_ONLY/kaggle_raw/shrimpdiseaseimagebd/ShrimpDiseaseImageBD An Image Dataset for Computer Vision-Based Detection of Shrimp Diseases in Bangladesh/Root/Annotated Diseased Shrimp Images/Annotated Diseased Shrimp Images/2. WSSV/images/WSSV-14-img-3.jpg,/home/drnguyenvinh/notebooks/shrimp_od_yolo_ultralytics_under12M_17models_rtx4090_v3_FIXED_OD_ONLY/kaggle_raw/shrimpdiseaseimagebd/ShrimpDiseaseImageBD An Image Dataset for Computer Vision-Based Detection of Shrimp Diseases in Bangladesh/Root/Annotated Diseased Shrimp Images/Annotated Diseased Shrimp Images/2. WSSV/labels/WSSV-14-img-3.txt,WSSV,WSSV,WSSV-14-img-3,3
train,/home/drnguyenvinh/notebooks/shrimp_od_yolo_ultralytics_under12M_17models_rtx4090_v3_FIXED_OD_ONLY/kaggle_raw/shrimpdiseaseimagebd/ShrimpDiseaseImageBD An Image Dataset for Computer Vision-Based Detection of Shrimp Diseases in Bangladesh/Root/Annotated Diseased Shrimp Images/Annotated Diseased Shrimp Images/2. WSSV/images/WSSV-103-img-2.jpg,/home/drnguyenvinh/notebooks/shrimp_od_yolo_ultralytics_under12M_17models_rtx4090_v3_FIXED_OD_ONLY/kaggle_raw/shrimpdiseaseimagebd/ShrimpDiseaseImageBD An Image Dataset for Computer Vision-Based Detection of Shrimp Diseases in Bangladesh/Root/Annotated Diseased Shrimp Images/Annotated Diseased Shrimp Images/2. WSSV/labels/WSSV-103-img-2.txt,WSSV,WSSV,WSSV-103-img-2,8
train,/home/drnguyenvinh/notebooks/shrimp_od_yolo_ultralytics_under12M_17models_rtx4090_v3_FIXED_OD_ONLY/kaggle_raw/shrimpdiseaseimagebd/ShrimpDiseaseImageBD An Image Dataset for Computer Vision-Based Detection of Shrimp Diseases in Bangladesh/Root/Annotated Diseased Shrimp Images/Annotated Diseased Shrimp Images/2. WSSV/images/WSSV-65-img-1.jpg,/home/drnguyenvinh/notebooks/shrimp_od_yolo_ultralytics_under12M_17models_rtx4090_v3_FIXED_OD_ONLY/kaggle_raw/shrimpdiseaseimagebd/ShrimpDiseaseImageBD An Image Dataset for Computer Vision-Based Detection of Shrimp Diseases in Bangladesh/Root/Annotated Diseased Shrimp Images/Annotated Diseased Shrimp Images/2. WSSV/labels/WSSV-65-img-1.txt,WSSV,WSSV,WSSV-65-img-1,10
train,/home/drnguyenvinh/notebooks/shrimp_od_yolo_ultralytics_under12M_17models_rtx4090_v3_FIXED_OD_ONLY/kaggle_raw/shrimpdiseaseimagebd/ShrimpDiseaseImageBD An Image Dataset for Computer Vision-Based Detection of Shrimp Diseases in Bangladesh/Root/Annotated Diseased Shrimp Images/Annotated Diseased Shrimp Images/2. WSSV/images/WSSV-52-img-3.jpg,/home/drnguyenvinh/notebooks/shrimp_od_yolo_ultralytics_under12M_17models_rtx4090_v3_FIXED_OD_ONLY/kaggle_raw/shrimpdiseaseimagebd/ShrimpDiseaseImageBD An Image Dataset for Computer Vision-Based Detection of Shrimp Diseases in Bangladesh/Root/Annotated Diseased Shrimp Images/Annotated Diseased Shrimp Images/2. WSSV/labels/WSSV-52-img-3.txt,WSSV,WSSV,WSSV-52-img-3,16
train,/home/drnguyenvinh/notebooks/shrimp_od_yolo_ultralytics_under12M_17models_rtx4090_v3_FIXED_OD_ONLY/kaggle_raw/shrimpdiseaseimagebd/ShrimpDiseaseImageBD An Image Dataset for Computer Vision-Based Detection of Shrimp Diseases in Bangladesh/Root/Annotated Diseased Shrimp Images/Annotated Diseased Shrimp Images/2. WSSV/images/WSSV-44-img-2.jpg,/home/drnguyenvinh/notebooks/shrimp_od_yolo_ultralytics_under12M_17models_rtx4090_v3_FIXED_OD_ONLY/kaggle_raw/shrimpdiseaseimagebd/ShrimpDiseaseImageBD An Image Dataset for Computer Vision-Based Detection of Shrimp Diseases in Bangladesh/Root/Annotated Diseased Shrimp Images/Annotated Diseased Shrimp Images/2. WSSV/labels/WSSV-44-img-2.txt,WSSV,WSSV,WSSV-44-img-2,3
train,/home/drnguyenvinh/notebooks/shrimp_od_yolo_ultralytics_under12M_17models_rtx4090_v3_FIXED_OD_ONLY/kaggle_raw/shrimpdiseaseimagebd/ShrimpDiseaseImageBD An Image Dataset for Computer Vision-Based Detection of Shrimp Diseases in Bangladesh/Root/Annotated Diseased Shrimp Images/Annotated Diseased Shrimp Images/2. WSSV/images/WSSV-63-img-1.jpg,/home/drnguyenvinh/notebooks/shrimp_od_yolo_ultralytics_under12M_17models_rtx4090_v3_FIXED_OD_ONLY/kaggle_raw/shrimpdiseaseimagebd/ShrimpDiseaseImageBD An Image Dataset for Computer Vision-Based Detection of Shrimp Diseases in Bangladesh/Root/Annotated Diseased Shrimp Images/Annotated Diseased Shrimp Images/2. WSSV/labels/WSSV-63-img-1.txt,WSSV,WSSV,WSSV-63-img-1,3
train,/home/drnguyenvinh/notebooks/shrimp_od_yolo_ultralytics_under12M_17models_rtx4090_v3_FIXED_OD_ONLY/kaggle_raw/shrimpdiseaseimagebd/ShrimpDiseaseImageBD An Image Dataset for Computer Vision-Based Detection of Shrimp Diseases in Bangladesh/Root/Annotated Diseased Shrimp Images/Annotated Diseased Shrimp Images/1. BG/images/BG-46-img-2.jpg,/home/drnguyenvinh/notebooks/shrimp_od_yolo_ultralytics_under12M_17models_rtx4090_v3_FIXED_OD_ONLY/kaggle_raw/shrimpdiseaseimagebd/ShrimpDiseaseImageBD An Image Dataset for Computer Vision-Based Detection of Shrimp Diseases in Bangladesh/Root/Annotated Diseased Shrimp Images/Annotated Diseased Shrimp Images/1. BG/labels/BG-46-img-2.txt,BG,BG,BG-46-img-2,3
train,/home/drnguyenvinh/notebooks/shrimp_od_yolo_ultralytics_under12M_17models_rtx4090_v3_FIXED_OD_ONLY/kaggle_raw/shrimpdiseaseimagebd/ShrimpDiseaseImageBD An Image Dataset for Computer Vision-Based Detection of Shrimp Diseases in Bangladesh/Root/Annotated Diseased Shrimp Images/Annotated Diseased Shrimp Images/2. WSSV/images/WSSV-55-img-2.jpg,/home/drnguyenvinh/notebooks/shrimp_od_yolo_ultralytics_under12M_17models_rtx4090_v3_FIXED_OD_ONLY/kaggle_raw/shrimpdiseaseimagebd/ShrimpDiseaseImageBD An Image Dataset for Computer Vision-Based Detection of Shrimp Diseases in Bangladesh/Root/Annotated Diseased Shrimp Images/Annotated Diseased Shrimp Images/2. WSSV/labels/WSSV-55-img-2.txt,WSSV,WSSV,WSSV-55-img-2,5
train,/home/drnguyenvinh/notebooks/shrimp_od_yolo_ultralytics_under12M_17models_rtx4090_v3_FIXED_OD_ONLY/kaggle_raw/shrimpdiseaseimagebd/ShrimpDiseaseImageBD An Image Dataset for Computer Vision-Based Detection of Shrimp Diseases in Bangladesh/Root/Annotated Diseased Shrimp Images/Annotated Diseased Shrimp Images/2. WSSV/images/WSSV-49-img-2.jpg,/home/drnguyenvinh/notebooks/shrimp_od_yolo_ultralytics_under12M_17models_rtx4090_v3_FIXED_OD_ONLY/kaggle_raw/shrimpdiseaseimagebd/ShrimpDiseaseImageBD An Image Dataset for Computer Vision-Based Detection of Shrimp Diseases in Bangladesh/Root/Annotated Diseased Shrimp Images/Annotated Diseased Shrimp Images/2. WSSV/labels/WSSV-49-img-2.txt,WSSV,WSSV,WSSV-49-img-2,28
train,/home/drnguyenvinh/notebooks/shrimp_od_yolo_ultralytics_under12M_17models_rtx4090_v3_FIXED_OD_ONLY/kaggle_raw/shrimpdiseaseimagebd/ShrimpDiseaseImageBD An Image Dataset for Computer Vision-Based Detection of Shrimp Diseases in Bangladesh/Root/Annotated Diseased Shrimp Images/Annotated Diseased Shrimp Images/4. WSSV_BG/images/WSSV_BG-62-img-2.jpg,/home/drnguyenvinh/notebooks/shrimp_od_yolo_ultralytics_under12M_17models_rtx4090_v3_FIXED_OD_ONLY/kaggle_raw/shrimpdiseaseimagebd/ShrimpDiseaseImageBD An Image Dataset for Computer Vision-Based Detection of Shrimp Diseases in Bangladesh/Root/Annotated Diseased Shrimp Images/Annotated Diseased Shrimp Images/4. WSSV_BG/labels/WSSV_BG-62-img-2.txt,WSSV_BG,WSSV_BG,WSSV_BG-62-img-2,9
train,/home/drnguyenvinh/notebooks/shrimp_od_yolo_ultralytics_under12M_17models_rtx4090_v3_FIXED_OD_ONLY/kaggle_raw/shrimpdiseaseimagebd/ShrimpDiseaseImageBD An Image Dataset for Computer Vision-Based Detection of Shrimp Diseases in Bangladesh/Root/Annotated Diseased Shrimp Images/Annotated Diseased Shrimp Images/4. WSSV_BG/images/WSSV_BG-12-img-1.jpg,/home/drnguyenvinh/notebooks/shrimp_od_yolo_ultralytics_under12M_17models_rtx4090_v3_FIXED_OD_ONLY/kaggle_raw/shrimpdiseaseimagebd/ShrimpDiseaseImageBD An Image Dataset for Computer Vision-Based Detection of Shrimp Diseases in Bangladesh/Root/Annotated Diseased Shrimp Images/Annotated Diseased Shrimp Images/4. WSSV_BG/labels/WSSV_BG-12-img-1.txt,WSSV_BG,WSSV_BG,WSSV_BG-12-img-1,5
train,/home/drnguyenvinh/notebooks/shrimp_od_yolo_ultralytics_under12M_17models_rtx4090_v3_FIXED_OD_ONLY/kaggle_raw/shrimpdiseaseimagebd/ShrimpDiseaseImageBD An Image Dataset for Computer Vision-Based Detection of Shrimp Diseases in Bangladesh/Root/Annotated Diseased Shrimp Images/Annotated Diseased Shrimp Images/4. WSSV_BG/images/WSSV_BG-37-img-3.jpg,/home/drnguyenvinh/notebooks/shrimp_od_yolo_ultralytics_under12M_17models_rtx4090_v3_FIXED_OD_ONLY/kaggle_raw/shrimpdiseaseimagebd/ShrimpDiseaseImageBD An Image Dataset for Computer Vision-Based Detection of Shrimp Diseases in Bangladesh/Root/Annotated Diseased Shrimp Images/Annotated Diseased Shrimp Images/4. WSSV_BG/labels/WSSV_BG-37-img-3.txt,WSSV_BG,WSSV_BG,WSSV_BG-37-img-3,8
train,/home/drnguyenvinh/notebooks/shrimp_od_yolo_ultralytics_under12M_17models_rtx4090_v3_FIXED_OD_ONLY/kaggle_raw/shrimpdiseaseimagebd/ShrimpDiseaseImageBD An Image Dataset for Computer Vision-Based Detection of Shrimp Diseases in Bangladesh/Root/Annotated Diseased Shrimp Images/Annotated Diseased Shrimp Images/2. WSSV/images/WSSV-67-img-3.jpg,/home/drnguyenvinh/notebooks/shrimp_od_yolo_ultralytics_under12M_17models_rtx4090_v3_FIXED_OD_ONLY/kaggle_raw/shrimpdiseaseimagebd/ShrimpDiseaseImageBD An Image Dataset for Computer Vision-Based Detection of Shrimp Diseases in Bangladesh/Root/Annotated Diseased Shrimp Images/Annotated Diseased Shrimp Images/2. WSSV/labels/WSSV-67-img-3.txt,WSSV,WSSV,WSSV-67-img-3,5
train,/home/drnguyenvinh/notebooks/shrimp_od_yolo_ultralytics_under12M_17models_rtx4090_v3_FIXED_OD_ONLY/kaggle_raw/shrimpdiseaseimagebd/ShrimpDiseaseImageBD An Image Dataset for Computer Vision-Based Detection of Shrimp Diseases in Bangladesh/Root/Annotated Diseased Shrimp Images/Annotated Diseased Shrimp Images/2. WSSV/images/WSSV-105-img-3.jpg,/home/drnguyenvinh/notebooks/shrimp_od_yolo_ultralytics_under12M_17models_rtx4090_v3_FIXED_OD_ONLY/kaggle_raw/shrimpdiseaseimagebd/ShrimpDiseaseImageBD An Image Dataset for Computer Vision-Based Detection of Shrimp Diseases in Bangladesh/Root/Annotated Diseased Shrimp Images/Annotated Diseased Shrimp Images/2. WSSV/labels/WSSV-105-img-3.txt,WSSV,WSSV,WSSV-105-img-3,11
train,/home/drnguyenvinh/notebooks/shrimp_od_yolo_ultralytics_under12M_17models_rtx4090_v3_FIXED_OD_ONLY/kaggle_raw/shrimpdiseaseimagebd/ShrimpDiseaseImageBD An Image Dataset for Computer Vision-Based Detection of Shrimp Diseases in Bangladesh/Root/Annotated Diseased Shrimp Images/Annotated Diseased Shrimp Images/2. WSSV/images/WSSV-71-img-1.jpg,/home/drnguyenvinh/notebooks/shrimp_od_yolo_ultralytics_under12M_17models_rtx4090_v3_FIXED_OD_ONLY/kaggle_raw/shrimpdiseaseimagebd/ShrimpDiseaseImageBD An Image Dataset for Computer Vision-Based Detection of Shrimp Diseases in Bangladesh/Root/Annotated Diseased Shrimp Images/Annotated Diseased Shrimp Images/2. WSSV/labels/WSSV-71-img-1.txt,WSSV,WSSV,WSSV-71-img-1,14
train,/home/drnguyenvinh/notebooks/shrimp_od_yolo_ultralytics_under12M_17models_rtx4090_v3_FIXED_OD_ONLY/kaggle_raw/shrimpdiseaseimagebd/ShrimpDiseaseImageBD An Image Dataset for Computer Vision-Based Detection of Shrimp Diseases in Bangladesh/Root/Annotated Diseased Shrimp Images/Annotated Diseased Shrimp Images/4. WSSV_BG/images/WSSV_BG-59-img-2.jpg,/home/drnguyenvinh/notebooks/shrimp_od_yolo_ultralytics_under12M_17models_rtx4090_v3_FIXED_OD_ONLY/kaggle_raw/shrimpdiseaseimagebd/ShrimpDiseaseImageBD An Image Dataset for Computer Vision-Based Detection of Shrimp Diseases in Bangladesh/Root/Annotated Diseased Shrimp Images/Annotated Diseased Shrimp Images/4. WSSV_BG/labels/WSSV_BG-59-img-2.txt,WSSV_BG,WSSV_BG,WSSV_BG-59-img-2,19
train,/home/drnguyenvinh/notebooks/shrimp_od_yolo_ultralytics_under12M_17models_rtx4090_v3_FIXED_OD_ONLY/kaggle_raw/shrimpdiseaseimagebd/ShrimpDiseaseImageBD An Image Dataset for Computer Vision-Based Detection of Shrimp Diseases in Bangladesh/Root/Annotated Diseased Shrimp Images/Annotated Diseased Shrimp Images/4. WSSV_BG/images/WSSV_BG-12-img-2.jpg,/home/drnguyenvinh/notebooks/shrimp_od_yolo_ultralytics_under12M_17models_rtx4090_v3_FIXED_OD_ONLY/kaggle_raw/shrimpdiseaseimagebd/ShrimpDiseaseImageBD An Image Dataset for Computer Vision-Based Detection of Shrimp Diseases in Bangladesh/Root/Annotated Diseased Shrimp Images/Annotated Diseased Shrimp Images/4. WSSV_BG/labels/WSSV_BG-12-img-2.txt,WSSV_BG,WSSV_BG,WSSV_BG-12-img-2,6
train,/home/drnguyenvinh/notebooks/shrimp_od_yolo_ultralytics_under12M_17models_rtx4090_v3_FIXED_OD_ONLY/kaggle_raw/shrimpdiseaseimagebd/ShrimpDiseaseImageBD An Image Dataset for Computer Vision-Based Detection of Shrimp Diseases in Bangladesh/Root/Annotated Diseased Shrimp Images/Annotated Diseased Shrimp Images/2. WSSV/images/WSSV-9-img-2.jpg,/home/drnguyenvinh/notebooks/shrimp_od_yolo_ultralytics_under12M_17models_rtx4090_v3_FIXED_OD_ONLY/kaggle_raw/shrimpdiseaseimagebd/ShrimpDiseaseImageBD An Image Dataset for Computer Vision-Based Detection of Shrimp Diseases in Bangladesh/Root/Annotated Diseased Shrimp Images/Annotated Diseased Shrimp Images/2. WSSV/labels/WSSV-9-img-2.txt,WSSV,WSSV,WSSV-9-img-2,6
train,/home/drnguyenvinh/notebooks/shrimp_od_yolo_ultralytics_under12M_17models_rtx4090_v3_FIXED_OD_ONLY/kaggle_raw/shrimpdiseaseimagebd/ShrimpDiseaseImageBD An Image Dataset for Computer Vision-Based Detection of Shrimp Diseases in Bangladesh/Root/Annotated Diseased Shrimp Images/Annotated Diseased Shrimp Images/1. BG/images/BG-34-img-2.jpg,/home/drnguyenvinh/notebooks/shrimp_od_yolo_ultralytics_under12M_17models_rtx4090_v3_FIXED_OD_ONLY/kaggle_raw/shrimpdiseaseimagebd/ShrimpDiseaseImageBD An Image Dataset for Computer Vision-Based Detection of Shrimp Diseases in Bangladesh/Root/Annotated Diseased Shrimp Images/Annotated Diseased Shrimp Images/1. BG/labels/BG-34-img-2.txt,BG,BG,BG-34-img-2,1
train,/home/drnguyenvinh/notebooks/shrimp_od_yolo_ultralytics_under12M_17models_rtx4090_v3_FIXED_OD_ONLY/kaggle_raw/shrimpdiseaseimagebd/ShrimpDiseaseImageBD An Image Dataset for Computer Vision-Based Detection of Shrimp Diseases in Bangladesh/Root/Annotated Diseased Shrimp Images/Annotated Diseased Shrimp Images/1. BG/images/BG-67-img-3.jpg,/home/drnguyenvinh/notebooks/shrimp_od_yolo_ultralytics_under12M_17models_rtx4090_v3_FIXED_OD_ONLY/kaggle_raw/shrimpdiseaseimagebd/ShrimpDiseaseImageBD An Image Dataset for Computer Vision-Based Detection of Shrimp Diseases in Bangladesh/Root/Annotated Diseased Shrimp Images/Annotated Diseased Shrimp Images/1. BG/labels/BG-67-img-3.txt,BG,BG,BG-67-img-3,3
train,/home/drnguyenvinh/notebooks/shrimp_od_yolo_ultralytics_under12M_17models_rtx4090_v3_FIXED_OD_ONLY/kaggle_raw/shrimpdiseaseimagebd/ShrimpDiseaseImageBD An Image Dataset for Computer Vision-Based Detection of Shrimp Diseases in Bangladesh/Root/Annotated Diseased Shrimp Images/Annotated Diseased Shrimp Images/2. WSSV/images/WSSV-18-img-2.jpg,/home/drnguyenvinh/notebooks/shrimp_od_yolo_ultralytics_under12M_17models_rtx4090_v3_FIXED_OD_ONLY/kaggle_raw/shrimpdiseaseimagebd/ShrimpDiseaseImageBD An Image Dataset for Computer Vision-Based Detection of Shrimp Diseases in Bangladesh/Root/Annotated Diseased Shrimp Images/Annotated Diseased Shrimp Images/2. WSSV/labels/WSSV-18-img-2.txt,WSSV,WSSV,WSSV-18-img-2,5
train,/home/drnguyenvinh/notebooks/shrimp_od_yolo_ultralytics_under12M_17models_rtx4090_v3_FIXED_OD_ONLY/kaggle_raw/shrimpdiseaseimagebd/ShrimpDiseaseImageBD An Image Dataset for Computer Vision-Based Detection of Shrimp Diseases in Bangladesh/Root/Annotated Diseased Shrimp Images/Annotated Diseased Shrimp Images/1. BG/images/BG-38-img-1.jpg,/home/drnguyenvinh/notebooks/shrimp_od_yolo_ultralytics_under12M_17models_rtx4090_v3_FIXED_OD_ONLY/kaggle_raw/shrimpdiseaseimagebd/ShrimpDiseaseImageBD An Image Dataset for Computer Vision-Based Detection of Shrimp Diseases in Bangladesh/Root/Annotated Diseased Shrimp Images/Annotated Diseased Shrimp Images/1. BG/labels/BG-38-img-1.txt,BG,BG,BG-38-img-1,4
train,/home/drnguyenvinh/notebooks/shrimp_od_yolo_ultralytics_under12M_17models_rtx4090_v3_FIXED_OD_ONLY/kaggle_raw/shrimpdiseaseimagebd/ShrimpDiseaseImageBD An Image Dataset for Computer Vision-Based Detection of Shrimp Diseases in Bangladesh/Root/Annotated Diseased Shrimp Images/Annotated Diseased Shrimp Images/2. WSSV/images/WSSV-51-img-3.jpg,/home/drnguyenvinh/notebooks/shrimp_od_yolo_ultralytics_under12M_17models_rtx4090_v3_FIXED_OD_ONLY/kaggle_raw/shrimpdiseaseimagebd/ShrimpDiseaseImageBD An Image Dataset for Computer Vision-Based Detection of Shrimp Diseases in Bangladesh/Root/Annotated Diseased Shrimp Images/Annotated Diseased Shrimp Images/2. WSSV/labels/WSSV-51-img-3.txt,WSSV,WSSV,WSSV-51-img-3,11
train,/home/drnguyenvinh/notebooks/shrimp_od_yolo_ultralytics_under12M_17models_rtx4090_v3_FIXED_OD_ONLY/kaggle_raw/shrimpdiseaseimagebd/ShrimpDiseaseImageBD An Image Dataset for Computer Vision-Based Detection of Shrimp Diseases in Bangladesh/Root/Annotated Diseased Shrimp Images/Annotated Diseased Shrimp Images/1. BG/images/BG-23-img-1.jpg,/home/drnguyenvinh/notebooks/shrimp_od_yolo_ultralytics_under12M_17models_rtx4090_v3_FIXED_OD_ONLY/kaggle_raw/shrimpdiseaseimagebd/ShrimpDiseaseImageBD An Image Dataset for Computer Vision-Based Detection of Shrimp Diseases in Bangladesh/Root/Annotated Diseased Shrimp Images/Annotated Diseased Shrimp Images/1. BG/labels/BG-23-img-1.txt,BG,BG,BG-23-img-1,2
train,/home/drnguyenvinh/notebooks/shrimp_od_yolo_ultralytics_under12M_17models_rtx4090_v3_FIXED_OD_ONLY/kaggle_raw/shrimpdiseaseimagebd/ShrimpDiseaseImageBD An Image Dataset for Computer Vision-Based Detection of Shrimp Diseases in Bangladesh/Root/Annotated Diseased Shrimp Images/Annotated Diseased Shrimp Images/2. WSSV/images/WSSV-113-img-1.jpg,/home/drnguyenvinh/notebooks/shrimp_od_yolo_ultralytics_under12M_17models_rtx4090_v3_FIXED_OD_ONLY/kaggle_raw/shrimpdiseaseimagebd/ShrimpDiseaseImageBD An Image Dataset for Computer Vision-Based Detection of Shrimp Diseases in Bangladesh/Root/Annotated Diseased Shrimp Images/Annotated Diseased Shrimp Images/2. WSSV/labels/WSSV-113-img-1.txt,WSSV,WSSV,WSSV-113-img-1,6
train,/home/drnguyenvinh/notebooks/shrimp_od_yolo_ultralytics_under12M_17models_rtx4090_v3_FIXED_OD_ONLY/kaggle_raw/shrimpdiseaseimagebd/ShrimpDiseaseImageBD An Image Dataset for Computer Vision-Based Detection of Shrimp Diseases in Bangladesh/Root/Annotated Diseased Shrimp Images/Annotated Diseased Shrimp Images/4. WSSV_BG/images/WSSV_BG-18-img-3.jpg,/home/drnguyenvinh/notebooks/shrimp_od_yolo_ultralytics_under12M_17models_rtx4090_v3_FIXED_OD_ONLY/kaggle_raw/shrimpdiseaseimagebd/ShrimpDiseaseImageBD An Image Dataset for Computer Vision-Based Detection of Shrimp Diseases in Bangladesh/Root/Annotated Diseased Shrimp Images/Annotated Diseased Shrimp Images/4. WSSV_BG/labels/WSSV_BG-18-img-3.txt,WSSV_BG,WSSV_BG,WSSV_BG-18-img-3,6
train,/home/drnguyenvinh/notebooks/shrimp_od_yolo_ultralytics_under12M_17models_rtx4090_v3_FIXED_OD_ONLY/kaggle_raw/shrimpdiseaseimagebd/ShrimpDiseaseImageBD An Image Dataset for Computer Vision-Based Detection of Shrimp Diseases in Bangladesh/Root/Annotated Diseased Shrimp Images/Annotated Diseased Shrimp Images/2. WSSV/images/WSSV-21-img-2.jpg,/home/drnguyenvinh/notebooks/shrimp_od_yolo_ultralytics_under12M_17models_rtx4090_v3_FIXED_OD_ONLY/kaggle_raw/shrimpdiseaseimagebd/ShrimpDiseaseImageBD An Image Dataset for Computer Vision-Based Detection of Shrimp Diseases in Bangladesh/Root/Annotated Diseased Shrimp Images/Annotated Diseased Shrimp Images/2. WSSV/labels/WSSV-21-img-2.txt,WSSV,WSSV,WSSV-21-img-2,2
train,/home/drnguyenvinh/notebooks/shrimp_od_yolo_ultralytics_under12M_17models_rtx4090_v3_FIXED_OD_ONLY/kaggle_raw/shrimpdiseaseimagebd/ShrimpDiseaseImageBD An Image Dataset for Computer Vision-Based Detection of Shrimp Diseases in Bangladesh/Root/Annotated Diseased Shrimp Images/Annotated Diseased Shrimp Images/4. WSSV_BG/images/WSSV_BG-44-img-2.jpg,/home/drnguyenvinh/notebooks/shrimp_od_yolo_ultralytics_under12M_17models_rtx4090_v3_FIXED_OD_ONLY/kaggle_raw/shrimpdiseaseimagebd/ShrimpDiseaseImageBD An Image Dataset for Computer Vision-Based Detection of Shrimp Diseases in Bangladesh/Root/Annotated Diseased Shrimp Images/Annotated Diseased Shrimp Images/4. WSSV_BG/labels/WSSV_BG-44-img-2.txt,WSSV_BG,WSSV_BG,WSSV_BG-44-img-2,5
train,/home/drnguyenvinh/notebooks/shrimp_od_yolo_ultralytics_under12M_17models_rtx4090_v3_FIXED_OD_ONLY/kaggle_raw/shrimpdiseaseimagebd/ShrimpDiseaseImageBD An Image Dataset for Computer Vision-Based Detection of Shrimp Diseases in Bangladesh/Root/Annotated Diseased Shrimp Images/Annotated Diseased Shrimp Images/2. WSSV/images/WSSV-96-img-1.jpg,/home/drnguyenvinh/notebooks/shrimp_od_yolo_ultralytics_under12M_17models_rtx4090_v3_FIXED_OD_ONLY/kaggle_raw/shrimpdiseaseimagebd/ShrimpDiseaseImageBD An Image Dataset for Computer Vision-Based Detection of Shrimp Diseases in Bangladesh/Root/Annotated Diseased Shrimp Images/Annotated Diseased Shrimp Images/2. WSSV/labels/WSSV-96-img-1.txt,WSSV,WSSV,WSSV-96-img-1,12
train,/home/drnguyenvinh/notebooks/shrimp_od_yolo_ultralytics_under12M_17models_rtx4090_v3_FIXED_OD_ONLY/kaggle_raw/shrimpdiseaseimagebd/ShrimpDiseaseImageBD An Image Dataset for Computer Vision-Based Detection of Shrimp Diseases in Bangladesh/Root/Annotated Diseased Shrimp Images/Annotated Diseased Shrimp Images/4. WSSV_BG/images/WSSV_BG-64-img-1.jpg,/home/drnguyenvinh/notebooks/shrimp_od_yolo_ultralytics_under12M_17models_rtx4090_v3_FIXED_OD_ONLY/kaggle_raw/shrimpdiseaseimagebd/ShrimpDiseaseImageBD An Image Dataset for Computer Vision-Based Detection of Shrimp Diseases in Bangladesh/Root/Annotated Diseased Shrimp Images/Annotated Diseased Shrimp Images/4. WSSV_BG/labels/WSSV_BG-64-img-1.txt,WSSV_BG,WSSV_BG,WSSV_BG-64-img-1,8
train,/home/drnguyenvinh/notebooks/shrimp_od_yolo_ultralytics_under12M_17models_rtx4090_v3_FIXED_OD_ONLY/kaggle_raw/shrimpdiseaseimagebd/ShrimpDiseaseImageBD An Image Dataset for Computer Vision-Based Detection of Shrimp Diseases in Bangladesh/Root/Annotated Diseased Shrimp Images/Annotated Diseased Shrimp Images/2. WSSV/images/WSSV-15-img-1.jpg,/home/drnguyenvinh/notebooks/shrimp_od_yolo_ultralytics_under12M_17models_rtx4090_v3_FIXED_OD_ONLY/kaggle_raw/shrimpdiseaseimagebd/ShrimpDiseaseImageBD An Image Dataset for Computer Vision-Based Detection of Shrimp Diseases in Bangladesh/Root/Annotated Diseased Shrimp Images/Annotated Diseased Shrimp Images/2. WSSV/labels/WSSV-15-img-1.txt,WSSV,WSSV,WSSV-15-img-1,25
train,/home/drnguyenvinh/notebooks/shrimp_od_yolo_ultralytics_under12M_17models_rtx4090_v3_FIXED_OD_ONLY/kaggle_raw/shrimpdiseaseimagebd/ShrimpDiseaseImageBD An Image Dataset for Computer Vision-Based Detection of Shrimp Diseases in Bangladesh/Root/Annotated Diseased Shrimp Images/Annotated Diseased Shrimp Images/1. BG/images/BG-50-img-1.jpg,/home/drnguyenvinh/notebooks/shrimp_od_yolo_ultralytics_under12M_17models_rtx4090_v3_FIXED_OD_ONLY/kaggle_raw/shrimpdiseaseimagebd/ShrimpDiseaseImageBD An Image Dataset for Computer Vision-Based Detection of Shrimp Diseases in Bangladesh/Root/Annotated Diseased Shrimp Images/Annotated Diseased Shrimp Images/1. BG/labels/BG-50-img-1.txt,BG,BG,BG-50-img-1,1
train,/home/drnguyenvinh/notebooks/shrimp_od_yolo_ultralytics_under12M_17models_rtx4090_v3_FIXED_OD_ONLY/kaggle_raw/shrimpdiseaseimagebd/ShrimpDiseaseImageBD An Image Dataset for Computer Vision-Based Detection of Shrimp Diseases in Bangladesh/Root/Annotated Diseased Shrimp Images/Annotated Diseased Shrimp Images/4. WSSV_BG/images/WSSV_BG-70-img-1.jpg,/home/drnguyenvinh/notebooks/shrimp_od_yolo_ultralytics_under12M_17models_rtx4090_v3_FIXED_OD_ONLY/kaggle_raw/shrimpdiseaseimagebd/ShrimpDiseaseImageBD An Image Dataset for Computer Vision-Based Detection of Shrimp Diseases in Bangladesh/Root/Annotated Diseased Shrimp Images/Annotated Diseased Shrimp Images/4. WSSV_BG/labels/WSSV_BG-70-img-1.txt,WSSV_BG,WSSV_BG,WSSV_BG-70-img-1,18
train,/home/drnguyenvinh/notebooks/shrimp_od_yolo_ultralytics_under12M_17models_rtx4090_v3_FIXED_OD_ONLY/kaggle_raw/shrimpdiseaseimagebd/ShrimpDiseaseImageBD An Image Dataset for Computer Vision-Based Detection of Shrimp Diseases in Bangladesh/Root/Annotated Diseased Shrimp Images/Annotated Diseased Shrimp Images/2. WSSV/images/WSSV-107-img-2.jpg,/home/drnguyenvinh/notebooks/shrimp_od_yolo_ultralytics_under12M_17models_rtx4090_v3_FIXED_OD_ONLY/kaggle_raw/shrimpdiseaseimagebd/ShrimpDiseaseImageBD An Image Dataset for Computer Vision-Based Detection of Shrimp Diseases in Bangladesh/Root/Annotated Diseased Shrimp Images/Annotated Diseased Shrimp Images/2. WSSV/labels/WSSV-107-img-2.txt,WSSV,WSSV,WSSV-107-img-2,3
train,/home/drnguyenvinh/notebooks/shrimp_od_yolo_ultralytics_under12M_17models_rtx4090_v3_FIXED_OD_ONLY/kaggle_raw/shrimpdiseaseimagebd/ShrimpDiseaseImageBD An Image Dataset for Computer Vision-Based Detection of Shrimp Diseases in Bangladesh/Root/Annotated Diseased Shrimp Images/Annotated Diseased Shrimp Images/2. WSSV/images/WSSV-111-img-1.jpg,/home/drnguyenvinh/notebooks/shrimp_od_yolo_ultralytics_under12M_17models_rtx4090_v3_FIXED_OD_ONLY/kaggle_raw/shrimpdiseaseimagebd/ShrimpDiseaseImageBD An Image Dataset for Computer Vision-Based Detection of Shrimp Diseases in Bangladesh/Root/Annotated Diseased Shrimp Images/Annotated Diseased Shrimp Images/2. WSSV/labels/WSSV-111-img-1.txt,WSSV,WSSV,WSSV-111-img-1,3
train,/home/drnguyenvinh/notebooks/shrimp_od_yolo_ultralytics_under12M_17models_rtx4090_v3_FIXED_OD_ONLY/kaggle_raw/shrimpdiseaseimagebd/ShrimpDiseaseImageBD An Image Dataset for Computer Vision-Based Detection of Shrimp Diseases in Bangladesh/Root/Annotated Diseased Shrimp Images/Annotated Diseased Shrimp Images/4. WSSV_BG/images/WSSV_BG-40-img-3.jpg,/home/drnguyenvinh/notebooks/shrimp_od_yolo_ultralytics_under12M_17models_rtx4090_v3_FIXED_OD_ONLY/kaggle_raw/shrimpdiseaseimagebd/ShrimpDiseaseImageBD An Image Dataset for Computer Vision-Based Detection of Shrimp Diseases in Bangladesh/Root/Annotated Diseased Shrimp Images/Annotated Diseased Shrimp Images/4. WSSV_BG/labels/WSSV_BG-40-img-3.txt,WSSV_BG,WSSV_BG,WSSV_BG-40-img-3,8
train,/home/drnguyenvinh/notebooks/shrimp_od_yolo_ultralytics_under12M_17models_rtx4090_v3_FIXED_OD_ONLY/kaggle_raw/shrimpdiseaseimagebd/ShrimpDiseaseImageBD An Image Dataset for Computer Vision-Based Detection of Shrimp Diseases in Bangladesh/Root/Annotated Diseased Shrimp Images/Annotated Diseased Shrimp Images/1. BG/images/BG-45-img-1.jpg,/home/drnguyenvinh/notebooks/shrimp_od_yolo_ultralytics_under12M_17models_rtx4090_v3_FIXED_OD_ONLY/kaggle_raw/shrimpdiseaseimagebd/ShrimpDiseaseImageBD An Image Dataset for Computer Vision-Based Detection of Shrimp Diseases in Bangladesh/Root/Annotated Diseased Shrimp Images/Annotated Diseased Shrimp Images/1. BG/labels/BG-45-img-1.txt,BG,BG,BG-45-img-1,1
train,/home/drnguyenvinh/notebooks/shrimp_od_yolo_ultralytics_under12M_17models_rtx4090_v3_FIXED_OD_ONLY/kaggle_raw/shrimpdiseaseimagebd/ShrimpDiseaseImageBD An Image Dataset for Computer Vision-Based Detection of Shrimp Diseases in Bangladesh/Root/Annotated Diseased Shrimp Images/Annotated Diseased Shrimp Images/2. WSSV/images/WSSV-118-img-1.jpg,/home/drnguyenvinh/notebooks/shrimp_od_yolo_ultralytics_under12M_17models_rtx4090_v3_FIXED_OD_ONLY/kaggle_raw/shrimpdiseaseimagebd/ShrimpDiseaseImageBD An Image Dataset for Computer Vision-Based Detection of Shrimp Diseases in Bangladesh/Root/Annotated Diseased Shrimp Images/Annotated Diseased Shrimp Images/2. WSSV/labels/WSSV-118-img-1.txt,WSSV,WSSV,WSSV-118-img-1,4
train,/home/drnguyenvinh/notebooks/shrimp_od_yolo_ultralytics_under12M_17models_rtx4090_v3_FIXED_OD_ONLY/kaggle_raw/shrimpdiseaseimagebd/ShrimpDiseaseImageBD An Image Dataset for Computer Vision-Based Detection of Shrimp Diseases in Bangladesh/Root/Annotated Diseased Shrimp Images/Annotated Diseased Shrimp Images/4. WSSV_BG/images/WSSV_BG-32-img-2.jpg,/home/drnguyenvinh/notebooks/shrimp_od_yolo_ultralytics_under12M_17models_rtx4090_v3_FIXED_OD_ONLY/kaggle_raw/shrimpdiseaseimagebd/ShrimpDiseaseImageBD An Image Dataset for Computer Vision-Based Detection of Shrimp Diseases in Bangladesh/Root/Annotated Diseased Shrimp Images/Annotated Diseased Shrimp Images/4. WSSV_BG/labels/WSSV_BG-32-img-2.txt,WSSV_BG,WSSV_BG,WSSV_BG-32-img-2,12
train,/home/drnguyenvinh/notebooks/shrimp_od_yolo_ultralytics_under12M_17models_rtx4090_v3_FIXED_OD_ONLY/kaggle_raw/shrimpdiseaseimagebd/ShrimpDiseaseImageBD An Image Dataset for Computer Vision-Based Detection of Shrimp Diseases in Bangladesh/Root/Annotated Diseased Shrimp Images/Annotated Diseased Shrimp Images/2. WSSV/images/WSSV-110-img-1.jpg,/home/drnguyenvinh/notebooks/shrimp_od_yolo_ultralytics_under12M_17models_rtx4090_v3_FIXED_OD_ONLY/kaggle_raw/shrimpdiseaseimagebd/ShrimpDiseaseImageBD An Image Dataset for Computer Vision-Based Detection of Shrimp Diseases in Bangladesh/Root/Annotated Diseased Shrimp Images/Annotated Diseased Shrimp Images/2. WSSV/labels/WSSV-110-img-1.txt,WSSV,WSSV,WSSV-110-img-1,11
train,/home/drnguyenvinh/notebooks/shrimp_od_yolo_ultralytics_under12M_17models_rtx4090_v3_FIXED_OD_ONLY/kaggle_raw/shrimpdiseaseimagebd/ShrimpDiseaseImageBD An Image Dataset for Computer Vision-Based Detection of Shrimp Diseases in Bangladesh/Root/Annotated Diseased Shrimp Images/Annotated Diseased Shrimp Images/1. BG/images/BG-59-img-2.jpg,/home/drnguyenvinh/notebooks/shrimp_od_yolo_ultralytics_under12M_17models_rtx4090_v3_FIXED_OD_ONLY/kaggle_raw/shrimpdiseaseimagebd/ShrimpDiseaseImageBD An Image Dataset for Computer Vision-Based Detection of Shrimp Diseases in Bangladesh/Root/Annotated Diseased Shrimp Images/Annotated Diseased Shrimp Images/1. BG/labels/BG-59-img-2.txt,BG,BG,BG-59-img-2,2
train,/home/drnguyenvinh/notebooks/shrimp_od_yolo_ultralytics_under12M_17models_rtx4090_v3_FIXED_OD_ONLY/kaggle_raw/shrimpdiseaseimagebd/ShrimpDiseaseImageBD An Image Dataset for Computer Vision-Based Detection of Shrimp Diseases in Bangladesh/Root/Annotated Diseased Shrimp Images/Annotated Diseased Shrimp Images/2. WSSV/images/WSSV-62-img-1.jpg,/home/drnguyenvinh/notebooks/shrimp_od_yolo_ultralytics_under12M_17models_rtx4090_v3_FIXED_OD_ONLY/kaggle_raw/shrimpdiseaseimagebd/ShrimpDiseaseImageBD An Image Dataset for Computer Vision-Based Detection of Shrimp Diseases in Bangladesh/Root/Annotated Diseased Shrimp Images/Annotated Diseased Shrimp Images/2. WSSV/labels/WSSV-62-img-1.txt,WSSV,WSSV,WSSV-62-img-1,42
train,/home/drnguyenvinh/notebooks/shrimp_od_yolo_ultralytics_under12M_17models_rtx4090_v3_FIXED_OD_ONLY/kaggle_raw/shrimpdiseaseimagebd/ShrimpDiseaseImageBD An Image Dataset for Computer Vision-Based Detection of Shrimp Diseases in Bangladesh/Root/Annotated Diseased Shrimp Images/Annotated Diseased Shrimp Images/1. BG/images/BG-69-img-2.jpg,/home/drnguyenvinh/notebooks/shrimp_od_yolo_ultralytics_under12M_17models_rtx4090_v3_FIXED_OD_ONLY/kaggle_raw/shrimpdiseaseimagebd/ShrimpDiseaseImageBD An Image Dataset for Computer Vision-Based Detection of Shrimp Diseases in Bangladesh/Root/Annotated Diseased Shrimp Images/Annotated Diseased Shrimp Images/1. BG/labels/BG-69-img-2.txt,BG,BG,BG-69-img-2,4
train,/home/drnguyenvinh/notebooks/shrimp_od_yolo_ultralytics_under12M_17models_rtx4090_v3_FIXED_OD_ONLY/kaggle_raw/shrimpdiseaseimagebd/ShrimpDiseaseImageBD An Image Dataset for Computer Vision-Based Detection of Shrimp Diseases in Bangladesh/Root/Annotated Diseased Shrimp Images/Annotated Diseased Shrimp Images/1. BG/images/BG-65-img-1.jpg,/home/drnguyenvinh/notebooks/shrimp_od_yolo_ultralytics_under12M_17models_rtx4090_v3_FIXED_OD_ONLY/kaggle_raw/shrimpdiseaseimagebd/ShrimpDiseaseImageBD An Image Dataset for Computer Vision-Based Detection of Shrimp Diseases in Bangladesh/Root/Annotated Diseased Shrimp Images/Annotated Diseased Shrimp Images/1. BG/labels/BG-65-img-1.txt,BG,BG,BG-65-img-1,1
train,/home/drnguyenvinh/notebooks/shrimp_od_yolo_ultralytics_under12M_17models_rtx4090_v3_FIXED_OD_ONLY/kaggle_raw/shrimpdiseaseimagebd/ShrimpDiseaseImageBD An Image Dataset for Computer Vision-Based Detection of Shrimp Diseases in Bangladesh/Root/Annotated Diseased Shrimp Images/Annotated Diseased Shrimp Images/4. WSSV_BG/images/WSSV_BG-26-img-1.jpg,/home/drnguyenvinh/notebooks/shrimp_od_yolo_ultralytics_under12M_17models_rtx4090_v3_FIXED_OD_ONLY/kaggle_raw/shrimpdiseaseimagebd/ShrimpDiseaseImageBD An Image Dataset for Computer Vision-Based Detection of Shrimp Diseases in Bangladesh/Root/Annotated Diseased Shrimp Images/Annotated Diseased Shrimp Images/4. WSSV_BG/labels/WSSV_BG-26-img-1.txt,WSSV_BG,WSSV_BG,WSSV_BG-26-img-1,3
train,/home/drnguyenvinh/notebooks/shrimp_od_yolo_ultralytics_under12M_17models_rtx4090_v3_FIXED_OD_ONLY/kaggle_raw/shrimpdiseaseimagebd/ShrimpDiseaseImageBD An Image Dataset for Computer Vision-Based Detection of Shrimp Diseases in Bangladesh/Root/Annotated Diseased Shrimp Images/Annotated Diseased Shrimp Images/2. WSSV/images/WSSV-95-img-3.jpg,/home/drnguyenvinh/notebooks/shrimp_od_yolo_ultralytics_under12M_17models_rtx4090_v3_FIXED_OD_ONLY/kaggle_raw/shrimpdiseaseimagebd/ShrimpDiseaseImageBD An Image Dataset for Computer Vision-Based Detection of Shrimp Diseases in Bangladesh/Root/Annotated Diseased Shrimp Images/Annotated Diseased Shrimp Images/2. WSSV/labels/WSSV-95-img-3.txt,WSSV,WSSV,WSSV-95-img-3,3
train,/home/drnguyenvinh/notebooks/shrimp_od_yolo_ultralytics_under12M_17models_rtx4090_v3_FIXED_OD_ONLY/kaggle_raw/shrimpdiseaseimagebd/ShrimpDiseaseImageBD An Image Dataset for Computer Vision-Based Detection of Shrimp Diseases in Bangladesh/Root/Annotated Diseased Shrimp Images/Annotated Diseased Shrimp Images/4. WSSV_BG/images/WSSV_BG-2-img-2.jpg,/home/drnguyenvinh/notebooks/shrimp_od_yolo_ultralytics_under12M_17models_rtx4090_v3_FIXED_OD_ONLY/kaggle_raw/shrimpdiseaseimagebd/ShrimpDiseaseImageBD An Image Dataset for Computer Vision-Based Detection of Shrimp Diseases in Bangladesh/Root/Annotated Diseased Shrimp Images/Annotated Diseased Shrimp Images/4. WSSV_BG/labels/WSSV_BG-2-img-2.txt,WSSV_BG,WSSV_BG,WSSV_BG-2-img-2,8
train,/home/drnguyenvinh/notebooks/shrimp_od_yolo_ultralytics_under12M_17models_rtx4090_v3_FIXED_OD_ONLY/kaggle_raw/shrimpdiseaseimagebd/ShrimpDiseaseImageBD An Image Dataset for Computer Vision-Based Detection of Shrimp Diseases in Bangladesh/Root/Annotated Diseased Shrimp Images/Annotated Diseased Shrimp Images/1. BG/images/BG-7-img-1.jpg,/home/drnguyenvinh/notebooks/shrimp_od_yolo_ultralytics_under12M_17models_rtx4090_v3_FIXED_OD_ONLY/kaggle_raw/shrimpdiseaseimagebd/ShrimpDiseaseImageBD An Image Dataset for Computer Vision-Based Detection of Shrimp Diseases in Bangladesh/Root/Annotated Diseased Shrimp Images/Annotated Diseased Shrimp Images/1. BG/labels/BG-7-img-1.txt,BG,BG,BG-7-img-1,1
train,/home/drnguyenvinh/notebooks/shrimp_od_yolo_ultralytics_under12M_17models_rtx4090_v3_FIXED_OD_ONLY/kaggle_raw/shrimpdiseaseimagebd/ShrimpDiseaseImageBD An Image Dataset for Computer Vision-Based Detection of Shrimp Diseases in Bangladesh/Root/Annotated Diseased Shrimp Images/Annotated Diseased Shrimp Images/4. WSSV_BG/images/WSSV_BG-11-img-1.jpg,/home/drnguyenvinh/notebooks/shrimp_od_yolo_ultralytics_under12M_17models_rtx4090_v3_FIXED_OD_ONLY/kaggle_raw/shrimpdiseaseimagebd/ShrimpDiseaseImageBD An Image Dataset for Computer Vision-Based Detection of Shrimp Diseases in Bangladesh/Root/Annotated Diseased Shrimp Images/Annotated Diseased Shrimp Images/4. WSSV_BG/labels/WSSV_BG-11-img-1.txt,WSSV_BG,WSSV_BG,WSSV_BG-11-img-1,8
train,/home/drnguyenvinh/notebooks/shrimp_od_yolo_ultralytics_under12M_17models_rtx4090_v3_FIXED_OD_ONLY/kaggle_raw/shrimpdiseaseimagebd/ShrimpDiseaseImageBD An Image Dataset for Computer Vision-Based Detection of Shrimp Diseases in Bangladesh/Root/Annotated Diseased Shrimp Images/Annotated Diseased Shrimp Images/2. WSSV/images/WSSV-40-img-2.jpg,/home/drnguyenvinh/notebooks/shrimp_od_yolo_ultralytics_under12M_17models_rtx4090_v3_FIXED_OD_ONLY/kaggle_raw/shrimpdiseaseimagebd/ShrimpDiseaseImageBD An Image Dataset for Computer Vision-Based Detection of Shrimp Diseases in Bangladesh/Root/Annotated Diseased Shrimp Images/Annotated Diseased Shrimp Images/2. WSSV/labels/WSSV-40-img-2.txt,WSSV,WSSV,WSSV-40-img-2,7
train,/home/drnguyenvinh/notebooks/shrimp_od_yolo_ultralytics_under12M_17models_rtx4090_v3_FIXED_OD_ONLY/kaggle_raw/shrimpdiseaseimagebd/ShrimpDiseaseImageBD An Image Dataset for Computer Vision-Based Detection of Shrimp Diseases in Bangladesh/Root/Annotated Diseased Shrimp Images/Annotated Diseased Shrimp Images/4. WSSV_BG/images/WSSV_BG-20-img-3.jpg,/home/drnguyenvinh/notebooks/shrimp_od_yolo_ultralytics_under12M_17models_rtx4090_v3_FIXED_OD_ONLY/kaggle_raw/shrimpdiseaseimagebd/ShrimpDiseaseImageBD An Image Dataset for Computer Vision-Based Detection of Shrimp Diseases in Bangladesh/Root/Annotated Diseased Shrimp Images/Annotated Diseased Shrimp Images/4. WSSV_BG/labels/WSSV_BG-20-img-3.txt,WSSV_BG,WSSV_BG,WSSV_BG-20-img-3,4
train,/home/drnguyenvinh/notebooks/shrimp_od_yolo_ultralytics_under12M_17models_rtx4090_v3_FIXED_OD_ONLY/kaggle_raw/shrimpdiseaseimagebd/ShrimpDiseaseImageBD An Image Dataset for Computer Vision-Based Detection of Shrimp Diseases in Bangladesh/Root/Annotated Diseased Shrimp Images/Annotated Diseased Shrimp Images/4. WSSV_BG/images/WSSV_BG-65-img-3.jpg,/home/drnguyenvinh/notebooks/shrimp_od_yolo_ultralytics_under12M_17models_rtx4090_v3_FIXED_OD_ONLY/kaggle_raw/shrimpdiseaseimagebd/ShrimpDiseaseImageBD An Image Dataset for Computer Vision-Based Detection of Shrimp Diseases in Bangladesh/Root/Annotated Diseased Shrimp Images/Annotated Diseased Shrimp Images/4. WSSV_BG/labels/WSSV_BG-65-img-3.txt,WSSV_BG,WSSV_BG,WSSV_BG-65-img-3,6
train,/home/drnguyenvinh/notebooks/shrimp_od_yolo_ultralytics_under12M_17models_rtx4090_v3_FIXED_OD_ONLY/kaggle_raw/shrimpdiseaseimagebd/ShrimpDiseaseImageBD An Image Dataset for Computer Vision-Based Detection of Shrimp Diseases in Bangladesh/Root/Annotated Diseased Shrimp Images/Annotated Diseased Shrimp Images/2. WSSV/images/WSSV-59-img-2.jpg,/home/drnguyenvinh/notebooks/shrimp_od_yolo_ultralytics_under12M_17models_rtx4090_v3_FIXED_OD_ONLY/kaggle_raw/shrimpdiseaseimagebd/ShrimpDiseaseImageBD An Image Dataset for Computer Vision-Based Detection of Shrimp Diseases in Bangladesh/Root/Annotated Diseased Shrimp Images/Annotated Diseased Shrimp Images/2. WSSV/labels/WSSV-59-img-2.txt,WSSV,WSSV,WSSV-59-img-2,6
train,/home/drnguyenvinh/notebooks/shrimp_od_yolo_ultralytics_under12M_17models_rtx4090_v3_FIXED_OD_ONLY/kaggle_raw/shrimpdiseaseimagebd/ShrimpDiseaseImageBD An Image Dataset for Computer Vision-Based Detection of Shrimp Diseases in Bangladesh/Root/Annotated Diseased Shrimp Images/Annotated Diseased Shrimp Images/2. WSSV/images/WSSV-20-img-2.jpg,/home/drnguyenvinh/notebooks/shrimp_od_yolo_ultralytics_under12M_17models_rtx4090_v3_FIXED_OD_ONLY/kaggle_raw/shrimpdiseaseimagebd/ShrimpDiseaseImageBD An Image Dataset for Computer Vision-Based Detection of Shrimp Diseases in Bangladesh/Root/Annotated Diseased Shrimp Images/Annotated Diseased Shrimp Images/2. WSSV/labels/WSSV-20-img-2.txt,WSSV,WSSV,WSSV-20-img-2,10
train,/home/drnguyenvinh/notebooks/shrimp_od_yolo_ultralytics_under12M_17models_rtx4090_v3_FIXED_OD_ONLY/kaggle_raw/shrimpdiseaseimagebd/ShrimpDiseaseImageBD An Image Dataset for Computer Vision-Based Detection of Shrimp Diseases in Bangladesh/Root/Annotated Diseased Shrimp Images/Annotated Diseased Shrimp Images/2. WSSV/images/WSSV-93-img-3.jpg,/home/drnguyenvinh/notebooks/shrimp_od_yolo_ultralytics_under12M_17models_rtx4090_v3_FIXED_OD_ONLY/kaggle_raw/shrimpdiseaseimagebd/ShrimpDiseaseImageBD An Image Dataset for Computer Vision-Based Detection of Shrimp Diseases in Bangladesh/Root/Annotated Diseased Shrimp Images/Annotated Diseased Shrimp Images/2. WSSV/labels/WSSV-93-img-3.txt,WSSV,WSSV,WSSV-93-img-3,5
train,/home/drnguyenvinh/notebooks/shrimp_od_yolo_ultralytics_under12M_17models_rtx4090_v3_FIXED_OD_ONLY/kaggle_raw/shrimpdiseaseimagebd/ShrimpDiseaseImageBD An Image Dataset for Computer Vision-Based Detection of Shrimp Diseases in Bangladesh/Root/Annotated Diseased Shrimp Images/Annotated Diseased Shrimp Images/2. WSSV/images/WSSV-115-img-3.jpg,/home/drnguyenvinh/notebooks/shrimp_od_yolo_ultralytics_under12M_17models_rtx4090_v3_FIXED_OD_ONLY/kaggle_raw/shrimpdiseaseimagebd/ShrimpDiseaseImageBD An Image Dataset for Computer Vision-Based Detection of Shrimp Diseases in Bangladesh/Root/Annotated Diseased Shrimp Images/Annotated Diseased Shrimp Images/2. WSSV/labels/WSSV-115-img-3.txt,WSSV,WSSV,WSSV-115-img-3,7
train,/home/drnguyenvinh/notebooks/shrimp_od_yolo_ultralytics_under12M_17models_rtx4090_v3_FIXED_OD_ONLY/kaggle_raw/shrimpdiseaseimagebd/ShrimpDiseaseImageBD An Image Dataset for Computer Vision-Based Detection of Shrimp Diseases in Bangladesh/Root/Annotated Diseased Shrimp Images/Annotated Diseased Shrimp Images/1. BG/images/BG-29-img-3.jpg,/home/drnguyenvinh/notebooks/shrimp_od_yolo_ultralytics_under12M_17models_rtx4090_v3_FIXED_OD_ONLY/kaggle_raw/shrimpdiseaseimagebd/ShrimpDiseaseImageBD An Image Dataset for Computer Vision-Based Detection of Shrimp Diseases in Bangladesh/Root/Annotated Diseased Shrimp Images/Annotated Diseased Shrimp Images/1. BG/labels/BG-29-img-3.txt,BG,BG,BG-29-img-3,1
train,/home/drnguyenvinh/notebooks/shrimp_od_yolo_ultralytics_under12M_17models_rtx4090_v3_FIXED_OD_ONLY/kaggle_raw/shrimpdiseaseimagebd/ShrimpDiseaseImageBD An Image Dataset for Computer Vision-Based Detection of Shrimp Diseases in Bangladesh/Root/Annotated Diseased Shrimp Images/Annotated Diseased Shrimp Images/4. WSSV_BG/images/WSSV_BG-67-img-2.jpg,/home/drnguyenvinh/notebooks/shrimp_od_yolo_ultralytics_under12M_17models_rtx4090_v3_FIXED_OD_ONLY/kaggle_raw/shrimpdiseaseimagebd/ShrimpDiseaseImageBD An Image Dataset for Computer Vision-Based Detection of Shrimp Diseases in Bangladesh/Root/Annotated Diseased Shrimp Images/Annotated Diseased Shrimp Images/4. WSSV_BG/labels/WSSV_BG-67-img-2.txt,WSSV_BG,WSSV_BG,WSSV_BG-67-img-2,7
train,/home/drnguyenvinh/notebooks/shrimp_od_yolo_ultralytics_under12M_17models_rtx4090_v3_FIXED_OD_ONLY/kaggle_raw/shrimpdiseaseimagebd/ShrimpDiseaseImageBD An Image Dataset for Computer Vision-Based Detection of Shrimp Diseases in Bangladesh/Root/Annotated Diseased Shrimp Images/Annotated Diseased Shrimp Images/2. WSSV/images/WSSV-39-img-3.jpg,/home/drnguyenvinh/notebooks/shrimp_od_yolo_ultralytics_under12M_17models_rtx4090_v3_FIXED_OD_ONLY/kaggle_raw/shrimpdiseaseimagebd/ShrimpDiseaseImageBD An Image Dataset for Computer Vision-Based Detection of Shrimp Diseases in Bangladesh/Root/Annotated Diseased Shrimp Images/Annotated Diseased Shrimp Images/2. WSSV/labels/WSSV-39-img-3.txt,WSSV,WSSV,WSSV-39-img-3,4
train,/home/drnguyenvinh/notebooks/shrimp_od_yolo_ultralytics_under12M_17models_rtx4090_v3_FIXED_OD_ONLY/kaggle_raw/shrimpdiseaseimagebd/ShrimpDiseaseImageBD An Image Dataset for Computer Vision-Based Detection of Shrimp Diseases in Bangladesh/Root/Annotated Diseased Shrimp Images/Annotated Diseased Shrimp Images/2. WSSV/images/WSSV-86-img-2.jpg,/home/drnguyenvinh/notebooks/shrimp_od_yolo_ultralytics_under12M_17models_rtx4090_v3_FIXED_OD_ONLY/kaggle_raw/shrimpdiseaseimagebd/ShrimpDiseaseImageBD An Image Dataset for Computer Vision-Based Detection of Shrimp Diseases in Bangladesh/Root/Annotated Diseased Shrimp Images/Annotated Diseased Shrimp Images/2. WSSV/labels/WSSV-86-img-2.txt,WSSV,WSSV,WSSV-86-img-2,5
train,/home/drnguyenvinh/notebooks/shrimp_od_yolo_ultralytics_under12M_17models_rtx4090_v3_FIXED_OD_ONLY/kaggle_raw/shrimpdiseaseimagebd/ShrimpDiseaseImageBD An Image Dataset for Computer Vision-Based Detection of Shrimp Diseases in Bangladesh/Root/Annotated Diseased Shrimp Images/Annotated Diseased Shrimp Images/4. WSSV_BG/images/WSSV_BG-29-img-2.jpg,/home/drnguyenvinh/notebooks/shrimp_od_yolo_ultralytics_under12M_17models_rtx4090_v3_FIXED_OD_ONLY/kaggle_raw/shrimpdiseaseimagebd/ShrimpDiseaseImageBD An Image Dataset for Computer Vision-Based Detection of Shrimp Diseases in Bangladesh/Root/Annotated Diseased Shrimp Images/Annotated Diseased Shrimp Images/4. WSSV_BG/labels/WSSV_BG-29-img-2.txt,WSSV_BG,WSSV_BG,WSSV_BG-29-img-2,12
train,/home/drnguyenvinh/notebooks/shrimp_od_yolo_ultralytics_under12M_17models_rtx4090_v3_FIXED_OD_ONLY/kaggle_raw/shrimpdiseaseimagebd/ShrimpDiseaseImageBD An Image Dataset for Computer Vision-Based Detection of Shrimp Diseases in Bangladesh/Root/Annotated Diseased Shrimp Images/Annotated Diseased Shrimp Images/1. BG/images/BG-48-img-3.jpg,/home/drnguyenvinh/notebooks/shrimp_od_yolo_ultralytics_under12M_17models_rtx4090_v3_FIXED_OD_ONLY/kaggle_raw/shrimpdiseaseimagebd/ShrimpDiseaseImageBD An Image Dataset for Computer Vision-Based Detection of Shrimp Diseases in Bangladesh/Root/Annotated Diseased Shrimp Images/Annotated Diseased Shrimp Images/1. BG/labels/BG-48-img-3.txt,BG,BG,BG-48-img-3,3
train,/home/drnguyenvinh/notebooks/shrimp_od_yolo_ultralytics_under12M_17models_rtx4090_v3_FIXED_OD_ONLY/kaggle_raw/shrimpdiseaseimagebd/ShrimpDiseaseImageBD An Image Dataset for Computer Vision-Based Detection of Shrimp Diseases in Bangladesh/Root/Annotated Diseased Shrimp Images/Annotated Diseased Shrimp Images/2. WSSV/images/WSSV-117-img-1.jpg,/home/drnguyenvinh/notebooks/shrimp_od_yolo_ultralytics_under12M_17models_rtx4090_v3_FIXED_OD_ONLY/kaggle_raw/shrimpdiseaseimagebd/ShrimpDiseaseImageBD An Image Dataset for Computer Vision-Based Detection of Shrimp Diseases in Bangladesh/Root/Annotated Diseased Shrimp Images/Annotated Diseased Shrimp Images/2. WSSV/labels/WSSV-117-img-1.txt,WSSV,WSSV,WSSV-117-img-1,4
train,/home/drnguyenvinh/notebooks/shrimp_od_yolo_ultralytics_under12M_17models_rtx4090_v3_FIXED_OD_ONLY/kaggle_raw/shrimpdiseaseimagebd/ShrimpDiseaseImageBD An Image Dataset for Computer Vision-Based Detection of Shrimp Diseases in Bangladesh/Root/Annotated Diseased Shrimp Images/Annotated Diseased Shrimp Images/2. WSSV/images/WSSV-111-img-2.jpg,/home/drnguyenvinh/notebooks/shrimp_od_yolo_ultralytics_under12M_17models_rtx4090_v3_FIXED_OD_ONLY/kaggle_raw/shrimpdiseaseimagebd/ShrimpDiseaseImageBD An Image Dataset for Computer Vision-Based Detection of Shrimp Diseases in Bangladesh/Root/Annotated Diseased Shrimp Images/Annotated Diseased Shrimp Images/2. WSSV/labels/WSSV-111-img-2.txt,WSSV,WSSV,WSSV-111-img-2,3
train,/home/drnguyenvinh/notebooks/shrimp_od_yolo_ultralytics_under12M_17models_rtx4090_v3_FIXED_OD_ONLY/kaggle_raw/shrimpdiseaseimagebd/ShrimpDiseaseImageBD An Image Dataset for Computer Vision-Based Detection of Shrimp Diseases in Bangladesh/Root/Annotated Diseased Shrimp Images/Annotated Diseased Shrimp Images/1. BG/images/BG-24-img-2.jpg,/home/drnguyenvinh/notebooks/shrimp_od_yolo_ultralytics_under12M_17models_rtx4090_v3_FIXED_OD_ONLY/kaggle_raw/shrimpdiseaseimagebd/ShrimpDiseaseImageBD An Image Dataset for Computer Vision-Based Detection of Shrimp Diseases in Bangladesh/Root/Annotated Diseased Shrimp Images/Annotated Diseased Shrimp Images/1. BG/labels/BG-24-img-2.txt,BG,BG,BG-24-img-2,2
train,/home/drnguyenvinh/notebooks/shrimp_od_yolo_ultralytics_under12M_17models_rtx4090_v3_FIXED_OD_ONLY/kaggle_raw/shrimpdiseaseimagebd/ShrimpDiseaseImageBD An Image Dataset for Computer Vision-Based Detection of Shrimp Diseases in Bangladesh/Root/Annotated Diseased Shrimp Images/Annotated Diseased Shrimp Images/2. WSSV/images/WSSV-4-img-2.jpg,/home/drnguyenvinh/notebooks/shrimp_od_yolo_ultralytics_under12M_17models_rtx4090_v3_FIXED_OD_ONLY/kaggle_raw/shrimpdiseaseimagebd/ShrimpDiseaseImageBD An Image Dataset for Computer Vision-Based Detection of Shrimp Diseases in Bangladesh/Root/Annotated Diseased Shrimp Images/Annotated Diseased Shrimp Images/2. WSSV/labels/WSSV-4-img-2.txt,WSSV,WSSV,WSSV-4-img-2,3
train,/home/drnguyenvinh/notebooks/shrimp_od_yolo_ultralytics_under12M_17models_rtx4090_v3_FIXED_OD_ONLY/kaggle_raw/shrimpdiseaseimagebd/ShrimpDiseaseImageBD An Image Dataset for Computer Vision-Based Detection of Shrimp Diseases in Bangladesh/Root/Annotated Diseased Shrimp Images/Annotated Diseased Shrimp Images/4. WSSV_BG/images/WSSV_BG-77-img-3.jpg,/home/drnguyenvinh/notebooks/shrimp_od_yolo_ultralytics_under12M_17models_rtx4090_v3_FIXED_OD_ONLY/kaggle_raw/shrimpdiseaseimagebd/ShrimpDiseaseImageBD An Image Dataset for Computer Vision-Based Detection of Shrimp Diseases in Bangladesh/Root/Annotated Diseased Shrimp Images/Annotated Diseased Shrimp Images/4. WSSV_BG/labels/WSSV_BG-77-img-3.txt,WSSV_BG,WSSV_BG,WSSV_BG-77-img-3,8
train,/home/drnguyenvinh/notebooks/shrimp_od_yolo_ultralytics_under12M_17models_rtx4090_v3_FIXED_OD_ONLY/kaggle_raw/shrimpdiseaseimagebd/ShrimpDiseaseImageBD An Image Dataset for Computer Vision-Based Detection of Shrimp Diseases in Bangladesh/Root/Annotated Diseased Shrimp Images/Annotated Diseased Shrimp Images/4. WSSV_BG/images/WSSV_BG-1-img-3.jpg,/home/drnguyenvinh/notebooks/shrimp_od_yolo_ultralytics_under12M_17models_rtx4090_v3_FIXED_OD_ONLY/kaggle_raw/shrimpdiseaseimagebd/ShrimpDiseaseImageBD An Image Dataset for Computer Vision-Based Detection of Shrimp Diseases in Bangladesh/Root/Annotated Diseased Shrimp Images/Annotated Diseased Shrimp Images/4. WSSV_BG/labels/WSSV_BG-1-img-3.txt,WSSV_BG,WSSV_BG,WSSV_BG-1-img-3,6
train,/home/drnguyenvinh/notebooks/shrimp_od_yolo_ultralytics_under12M_17models_rtx4090_v3_FIXED_OD_ONLY/kaggle_raw/shrimpdiseaseimagebd/ShrimpDiseaseImageBD An Image Dataset for Computer Vision-Based Detection of Shrimp Diseases in Bangladesh/Root/Annotated Diseased Shrimp Images/Annotated Diseased Shrimp Images/1. BG/images/BG-43-img-2.jpg,/home/drnguyenvinh/notebooks/shrimp_od_yolo_ultralytics_under12M_17models_rtx4090_v3_FIXED_OD_ONLY/kaggle_raw/shrimpdiseaseimagebd/ShrimpDiseaseImageBD An Image Dataset for Computer Vision-Based Detection of Shrimp Diseases in Bangladesh/Root/Annotated Diseased Shrimp Images/Annotated Diseased Shrimp Images/1. BG/labels/BG-43-img-2.txt,BG,BG,BG-43-img-2,2
train,/home/drnguyenvinh/notebooks/shrimp_od_yolo_ultralytics_under12M_17models_rtx4090_v3_FIXED_OD_ONLY/kaggle_raw/shrimpdiseaseimagebd/ShrimpDiseaseImageBD An Image Dataset for Computer Vision-Based Detection of Shrimp Diseases in Bangladesh/Root/Annotated Diseased Shrimp Images/Annotated Diseased Shrimp Images/2. WSSV/images/WSSV-30-img-1.jpg,/home/drnguyenvinh/notebooks/shrimp_od_yolo_ultralytics_under12M_17models_rtx4090_v3_FIXED_OD_ONLY/kaggle_raw/shrimpdiseaseimagebd/ShrimpDiseaseImageBD An Image Dataset for Computer Vision-Based Detection of Shrimp Diseases in Bangladesh/Root/Annotated Diseased Shrimp Images/Annotated Diseased Shrimp Images/2. WSSV/labels/WSSV-30-img-1.txt,WSSV,WSSV,WSSV-30-img-1,9
train,/home/drnguyenvinh/notebooks/shrimp_od_yolo_ultralytics_under12M_17models_rtx4090_v3_FIXED_OD_ONLY/kaggle_raw/shrimpdiseaseimagebd/ShrimpDiseaseImageBD An Image Dataset for Computer Vision-Based Detection of Shrimp Diseases in Bangladesh/Root/Annotated Diseased Shrimp Images/Annotated Diseased Shrimp Images/1. BG/images/BG-56-img-3.jpg,/home/drnguyenvinh/notebooks/shrimp_od_yolo_ultralytics_under12M_17models_rtx4090_v3_FIXED_OD_ONLY/kaggle_raw/shrimpdiseaseimagebd/ShrimpDiseaseImageBD An Image Dataset for Computer Vision-Based Detection of Shrimp Diseases in Bangladesh/Root/Annotated Diseased Shrimp Images/Annotated Diseased Shrimp Images/1. BG/labels/BG-56-img-3.txt,BG,BG,BG-56-img-3,2
train,/home/drnguyenvinh/notebooks/shrimp_od_yolo_ultralytics_under12M_17models_rtx4090_v3_FIXED_OD_ONLY/kaggle_raw/shrimpdiseaseimagebd/ShrimpDiseaseImageBD An Image Dataset for Computer Vision-Based Detection of Shrimp Diseases in Bangladesh/Root/Annotated Diseased Shrimp Images/Annotated Diseased Shrimp Images/2. WSSV/images/WSSV-93-img-2.jpg,/home/drnguyenvinh/notebooks/shrimp_od_yolo_ultralytics_under12M_17models_rtx4090_v3_FIXED_OD_ONLY/kaggle_raw/shrimpdiseaseimagebd/ShrimpDiseaseImageBD An Image Dataset for Computer Vision-Based Detection of Shrimp Diseases in Bangladesh/Root/Annotated Diseased Shrimp Images/Annotated Diseased Shrimp Images/2. WSSV/labels/WSSV-93-img-2.txt,WSSV,WSSV,WSSV-93-img-2,5
train,/home/drnguyenvinh/notebooks/shrimp_od_yolo_ultralytics_under12M_17models_rtx4090_v3_FIXED_OD_ONLY/kaggle_raw/shrimpdiseaseimagebd/ShrimpDiseaseImageBD An Image Dataset for Computer Vision-Based Detection of Shrimp Diseases in Bangladesh/Root/Annotated Diseased Shrimp Images/Annotated Diseased Shrimp Images/4. WSSV_BG/images/WSSV_BG-24-img-2.jpg,/home/drnguyenvinh/notebooks/shrimp_od_yolo_ultralytics_under12M_17models_rtx4090_v3_FIXED_OD_ONLY/kaggle_raw/shrimpdiseaseimagebd/ShrimpDiseaseImageBD An Image Dataset for Computer Vision-Based Detection of Shrimp Diseases in Bangladesh/Root/Annotated Diseased Shrimp Images/Annotated Diseased Shrimp Images/4. WSSV_BG/labels/WSSV_BG-24-img-2.txt,WSSV_BG,WSSV_BG,WSSV_BG-24-img-2,9
train,/home/drnguyenvinh/notebooks/shrimp_od_yolo_ultralytics_under12M_17models_rtx4090_v3_FIXED_OD_ONLY/kaggle_raw/shrimpdiseaseimagebd/ShrimpDiseaseImageBD An Image Dataset for Computer Vision-Based Detection of Shrimp Diseases in Bangladesh/Root/Annotated Diseased Shrimp Images/Annotated Diseased Shrimp Images/2. WSSV/images/WSSV-40-img-3.jpg,/home/drnguyenvinh/notebooks/shrimp_od_yolo_ultralytics_under12M_17models_rtx4090_v3_FIXED_OD_ONLY/kaggle_raw/shrimpdiseaseimagebd/ShrimpDiseaseImageBD An Image Dataset for Computer Vision-Based Detection of Shrimp Diseases in Bangladesh/Root/Annotated Diseased Shrimp Images/Annotated Diseased Shrimp Images/2. WSSV/labels/WSSV-40-img-3.txt,WSSV,WSSV,WSSV-40-img-3,5
train,/home/drnguyenvinh/notebooks/shrimp_od_yolo_ultralytics_under12M_17models_rtx4090_v3_FIXED_OD_ONLY/kaggle_raw/shrimpdiseaseimagebd/ShrimpDiseaseImageBD An Image Dataset for Computer Vision-Based Detection of Shrimp Diseases in Bangladesh/Root/Annotated Diseased Shrimp Images/Annotated Diseased Shrimp Images/2. WSSV/images/WSSV-35-img-3.jpg,/home/drnguyenvinh/notebooks/shrimp_od_yolo_ultralytics_under12M_17models_rtx4090_v3_FIXED_OD_ONLY/kaggle_raw/shrimpdiseaseimagebd/ShrimpDiseaseImageBD An Image Dataset for Computer Vision-Based Detection of Shrimp Diseases in Bangladesh/Root/Annotated Diseased Shrimp Images/Annotated Diseased Shrimp Images/2. WSSV/labels/WSSV-35-img-3.txt,WSSV,WSSV,WSSV-35-img-3,6
train,/home/drnguyenvinh/notebooks/shrimp_od_yolo_ultralytics_under12M_17models_rtx4090_v3_FIXED_OD_ONLY/kaggle_raw/shrimpdiseaseimagebd/ShrimpDiseaseImageBD An Image Dataset for Computer Vision-Based Detection of Shrimp Diseases in Bangladesh/Root/Annotated Diseased Shrimp Images/Annotated Diseased Shrimp Images/2. WSSV/images/WSSV-26-img-2.jpg,/home/drnguyenvinh/notebooks/shrimp_od_yolo_ultralytics_under12M_17models_rtx4090_v3_FIXED_OD_ONLY/kaggle_raw/shrimpdiseaseimagebd/ShrimpDiseaseImageBD An Image Dataset for Computer Vision-Based Detection of Shrimp Diseases in Bangladesh/Root/Annotated Diseased Shrimp Images/Annotated Diseased Shrimp Images/2. WSSV/labels/WSSV-26-img-2.txt,WSSV,WSSV,WSSV-26-img-2,6
train,/home/drnguyenvinh/notebooks/shrimp_od_yolo_ultralytics_under12M_17models_rtx4090_v3_FIXED_OD_ONLY/kaggle_raw/shrimpdiseaseimagebd/ShrimpDiseaseImageBD An Image Dataset for Computer Vision-Based Detection of Shrimp Diseases in Bangladesh/Root/Annotated Diseased Shrimp Images/Annotated Diseased Shrimp Images/2. WSSV/images/WSSV-81-img-2.jpg,/home/drnguyenvinh/notebooks/shrimp_od_yolo_ultralytics_under12M_17models_rtx4090_v3_FIXED_OD_ONLY/kaggle_raw/shrimpdiseaseimagebd/ShrimpDiseaseImageBD An Image Dataset for Computer Vision-Based Detection of Shrimp Diseases in Bangladesh/Root/Annotated Diseased Shrimp Images/Annotated Diseased Shrimp Images/2. WSSV/labels/WSSV-81-img-2.txt,WSSV,WSSV,WSSV-81-img-2,3
train,/home/drnguyenvinh/notebooks/shrimp_od_yolo_ultralytics_under12M_17models_rtx4090_v3_FIXED_OD_ONLY/kaggle_raw/shrimpdiseaseimagebd/ShrimpDiseaseImageBD An Image Dataset for Computer Vision-Based Detection of Shrimp Diseases in Bangladesh/Root/Annotated Diseased Shrimp Images/Annotated Diseased Shrimp Images/1. BG/images/BG-22-img-3.jpg,/home/drnguyenvinh/notebooks/shrimp_od_yolo_ultralytics_under12M_17models_rtx4090_v3_FIXED_OD_ONLY/kaggle_raw/shrimpdiseaseimagebd/ShrimpDiseaseImageBD An Image Dataset for Computer Vision-Based Detection of Shrimp Diseases in Bangladesh/Root/Annotated Diseased Shrimp Images/Annotated Diseased Shrimp Images/1. BG/labels/BG-22-img-3.txt,BG,BG,BG-22-img-3,1
train,/home/drnguyenvinh/notebooks/shrimp_od_yolo_ultralytics_under12M_17models_rtx4090_v3_FIXED_OD_ONLY/kaggle_raw/shrimpdiseaseimagebd/ShrimpDiseaseImageBD An Image Dataset for Computer Vision-Based Detection of Shrimp Diseases in Bangladesh/Root/Annotated Diseased Shrimp Images/Annotated Diseased Shrimp Images/1. BG/images/BG-51-img-2.jpg,/home/drnguyenvinh/notebooks/shrimp_od_yolo_ultralytics_under12M_17models_rtx4090_v3_FIXED_OD_ONLY/kaggle_raw/shrimpdiseaseimagebd/ShrimpDiseaseImageBD An Image Dataset for Computer Vision-Based Detection of Shrimp Diseases in Bangladesh/Root/Annotated Diseased Shrimp Images/Annotated Diseased Shrimp Images/1. BG/labels/BG-51-img-2.txt,BG,BG,BG-51-img-2,2
train,/home/drnguyenvinh/notebooks/shrimp_od_yolo_ultralytics_under12M_17models_rtx4090_v3_FIXED_OD_ONLY/kaggle_raw/shrimpdiseaseimagebd/ShrimpDiseaseImageBD An Image Dataset for Computer Vision-Based Detection of Shrimp Diseases in Bangladesh/Root/Annotated Diseased Shrimp Images/Annotated Diseased Shrimp Images/2. WSSV/images/WSSV-51-img-2.jpg,/home/drnguyenvinh/notebooks/shrimp_od_yolo_ultralytics_under12M_17models_rtx4090_v3_FIXED_OD_ONLY/kaggle_raw/shrimpdiseaseimagebd/ShrimpDiseaseImageBD An Image Dataset for Computer Vision-Based Detection of Shrimp Diseases in Bangladesh/Root/Annotated Diseased Shrimp Images/Annotated Diseased Shrimp Images/2. WSSV/labels/WSSV-51-img-2.txt,WSSV,WSSV,WSSV-51-img-2,5
train,/home/drnguyenvinh/notebooks/shrimp_od_yolo_ultralytics_under12M_17models_rtx4090_v3_FIXED_OD_ONLY/kaggle_raw/shrimpdiseaseimagebd/ShrimpDiseaseImageBD An Image Dataset for Computer Vision-Based Detection of Shrimp Diseases in Bangladesh/Root/Annotated Diseased Shrimp Images/Annotated Diseased Shrimp Images/2. WSSV/images/WSSV-29-img-1.jpg,/home/drnguyenvinh/notebooks/shrimp_od_yolo_ultralytics_under12M_17models_rtx4090_v3_FIXED_OD_ONLY/kaggle_raw/shrimpdiseaseimagebd/ShrimpDiseaseImageBD An Image Dataset for Computer Vision-Based Detection of Shrimp Diseases in Bangladesh/Root/Annotated Diseased Shrimp Images/Annotated Diseased Shrimp Images/2. WSSV/labels/WSSV-29-img-1.txt,WSSV,WSSV,WSSV-29-img-1,6
train,/home/drnguyenvinh/notebooks/shrimp_od_yolo_ultralytics_under12M_17models_rtx4090_v3_FIXED_OD_ONLY/kaggle_raw/shrimpdiseaseimagebd/ShrimpDiseaseImageBD An Image Dataset for Computer Vision-Based Detection of Shrimp Diseases in Bangladesh/Root/Annotated Diseased Shrimp Images/Annotated Diseased Shrimp Images/2. WSSV/images/WSSV-116-img-2.jpg,/home/drnguyenvinh/notebooks/shrimp_od_yolo_ultralytics_under12M_17models_rtx4090_v3_FIXED_OD_ONLY/kaggle_raw/shrimpdiseaseimagebd/ShrimpDiseaseImageBD An Image Dataset for Computer Vision-Based Detection of Shrimp Diseases in Bangladesh/Root/Annotated Diseased Shrimp Images/Annotated Diseased Shrimp Images/2. WSSV/labels/WSSV-116-img-2.txt,WSSV,WSSV,WSSV-116-img-2,6
train,/home/drnguyenvinh/notebooks/shrimp_od_yolo_ultralytics_under12M_17models_rtx4090_v3_FIXED_OD_ONLY/kaggle_raw/shrimpdiseaseimagebd/ShrimpDiseaseImageBD An Image Dataset for Computer Vision-Based Detection of Shrimp Diseases in Bangladesh/Root/Annotated Diseased Shrimp Images/Annotated Diseased Shrimp Images/2. WSSV/images/WSSV-33-img-1.jpg,/home/drnguyenvinh/notebooks/shrimp_od_yolo_ultralytics_under12M_17models_rtx4090_v3_FIXED_OD_ONLY/kaggle_raw/shrimpdiseaseimagebd/ShrimpDiseaseImageBD An Image Dataset for Computer Vision-Based Detection of Shrimp Diseases in Bangladesh/Root/Annotated Diseased Shrimp Images/Annotated Diseased Shrimp Images/2. WSSV/labels/WSSV-33-img-1.txt,WSSV,WSSV,WSSV-33-img-1,18
train,/home/drnguyenvinh/notebooks/shrimp_od_yolo_ultralytics_under12M_17models_rtx4090_v3_FIXED_OD_ONLY/kaggle_raw/shrimpdiseaseimagebd/ShrimpDiseaseImageBD An Image Dataset for Computer Vision-Based Detection of Shrimp Diseases in Bangladesh/Root/Annotated Diseased Shrimp Images/Annotated Diseased Shrimp Images/2. WSSV/images/WSSV-14-img-1.jpg,/home/drnguyenvinh/notebooks/shrimp_od_yolo_ultralytics_under12M_17models_rtx4090_v3_FIXED_OD_ONLY/kaggle_raw/shrimpdiseaseimagebd/ShrimpDiseaseImageBD An Image Dataset for Computer Vision-Based Detection of Shrimp Diseases in Bangladesh/Root/Annotated Diseased Shrimp Images/Annotated Diseased Shrimp Images/2. WSSV/labels/WSSV-14-img-1.txt,WSSV,WSSV,WSSV-14-img-1,3
train,/home/drnguyenvinh/notebooks/shrimp_od_yolo_ultralytics_under12M_17models_rtx4090_v3_FIXED_OD_ONLY/kaggle_raw/shrimpdiseaseimagebd/ShrimpDiseaseImageBD An Image Dataset for Computer Vision-Based Detection of Shrimp Diseases in Bangladesh/Root/Annotated Diseased Shrimp Images/Annotated Diseased Shrimp Images/2. WSSV/images/WSSV-88-img-2.jpg,/home/drnguyenvinh/notebooks/shrimp_od_yolo_ultralytics_under12M_17models_rtx4090_v3_FIXED_OD_ONLY/kaggle_raw/shrimpdiseaseimagebd/ShrimpDiseaseImageBD An Image Dataset for Computer Vision-Based Detection of Shrimp Diseases in Bangladesh/Root/Annotated Diseased Shrimp Images/Annotated Diseased Shrimp Images/2. WSSV/labels/WSSV-88-img-2.txt,WSSV,WSSV,WSSV-88-img-2,13
train,/home/drnguyenvinh/notebooks/shrimp_od_yolo_ultralytics_under12M_17models_rtx4090_v3_FIXED_OD_ONLY/kaggle_raw/shrimpdiseaseimagebd/ShrimpDiseaseImageBD An Image Dataset for Computer Vision-Based Detection of Shrimp Diseases in Bangladesh/Root/Annotated Diseased Shrimp Images/Annotated Diseased Shrimp Images/4. WSSV_BG/images/WSSV_BG-64-img-3.jpg,/home/drnguyenvinh/notebooks/shrimp_od_yolo_ultralytics_under12M_17models_rtx4090_v3_FIXED_OD_ONLY/kaggle_raw/shrimpdiseaseimagebd/ShrimpDiseaseImageBD An Image Dataset for Computer Vision-Based Detection of Shrimp Diseases in Bangladesh/Root/Annotated Diseased Shrimp Images/Annotated Diseased Shrimp Images/4. WSSV_BG/labels/WSSV_BG-64-img-3.txt,WSSV_BG,WSSV_BG,WSSV_BG-64-img-3,10
train,/home/drnguyenvinh/notebooks/shrimp_od_yolo_ultralytics_under12M_17models_rtx4090_v3_FIXED_OD_ONLY/kaggle_raw/shrimpdiseaseimagebd/ShrimpDiseaseImageBD An Image Dataset for Computer Vision-Based Detection of Shrimp Diseases in Bangladesh/Root/Annotated Diseased Shrimp Images/Annotated Diseased Shrimp Images/2. WSSV/images/WSSV-21-img-3.jpg,/home/drnguyenvinh/notebooks/shrimp_od_yolo_ultralytics_under12M_17models_rtx4090_v3_FIXED_OD_ONLY/kaggle_raw/shrimpdiseaseimagebd/ShrimpDiseaseImageBD An Image Dataset for Computer Vision-Based Detection of Shrimp Diseases in Bangladesh/Root/Annotated Diseased Shrimp Images/Annotated Diseased Shrimp Images/2. WSSV/labels/WSSV-21-img-3.txt,WSSV,WSSV,WSSV-21-img-3,3
train,/home/drnguyenvinh/notebooks/shrimp_od_yolo_ultralytics_under12M_17models_rtx4090_v3_FIXED_OD_ONLY/kaggle_raw/shrimpdiseaseimagebd/ShrimpDiseaseImageBD An Image Dataset for Computer Vision-Based Detection of Shrimp Diseases in Bangladesh/Root/Annotated Diseased Shrimp Images/Annotated Diseased Shrimp Images/2. WSSV/images/WSSV-55-img-3.jpg,/home/drnguyenvinh/notebooks/shrimp_od_yolo_ultralytics_under12M_17models_rtx4090_v3_FIXED_OD_ONLY/kaggle_raw/shrimpdiseaseimagebd/ShrimpDiseaseImageBD An Image Dataset for Computer Vision-Based Detection of Shrimp Diseases in Bangladesh/Root/Annotated Diseased Shrimp Images/Annotated Diseased Shrimp Images/2. WSSV/labels/WSSV-55-img-3.txt,WSSV,WSSV,WSSV-55-img-3,3
train,/home/drnguyenvinh/notebooks/shrimp_od_yolo_ultralytics_under12M_17models_rtx4090_v3_FIXED_OD_ONLY/kaggle_raw/shrimpdiseaseimagebd/ShrimpDiseaseImageBD An Image Dataset for Computer Vision-Based Detection of Shrimp Diseases in Bangladesh/Root/Annotated Diseased Shrimp Images/Annotated Diseased Shrimp Images/1. BG/images/BG-36-img-3.jpg,/home/drnguyenvinh/notebooks/shrimp_od_yolo_ultralytics_under12M_17models_rtx4090_v3_FIXED_OD_ONLY/kaggle_raw/shrimpdiseaseimagebd/ShrimpDiseaseImageBD An Image Dataset for Computer Vision-Based Detection of Shrimp Diseases in Bangladesh/Root/Annotated Diseased Shrimp Images/Annotated Diseased Shrimp Images/1. BG/labels/BG-36-img-3.txt,BG,BG,BG-36-img-3,1
train,/home/drnguyenvinh/notebooks/shrimp_od_yolo_ultralytics_under12M_17models_rtx4090_v3_FIXED_OD_ONLY/kaggle_raw/shrimpdiseaseimagebd/ShrimpDiseaseImageBD An Image Dataset for Computer Vision-Based Detection of Shrimp Diseases in Bangladesh/Root/Annotated Diseased Shrimp Images/Annotated Diseased Shrimp Images/1. BG/images/BG-42-img-2.jpg,/home/drnguyenvinh/notebooks/shrimp_od_yolo_ultralytics_under12M_17models_rtx4090_v3_FIXED_OD_ONLY/kaggle_raw/shrimpdiseaseimagebd/ShrimpDiseaseImageBD An Image Dataset for Computer Vision-Based Detection of Shrimp Diseases in Bangladesh/Root/Annotated Diseased Shrimp Images/Annotated Diseased Shrimp Images/1. BG/labels/BG-42-img-2.txt,BG,BG,BG-42-img-2,4
train,/home/drnguyenvinh/notebooks/shrimp_od_yolo_ultralytics_under12M_17models_rtx4090_v3_FIXED_OD_ONLY/kaggle_raw/shrimpdiseaseimagebd/ShrimpDiseaseImageBD An Image Dataset for Computer Vision-Based Detection of Shrimp Diseases in Bangladesh/Root/Annotated Diseased Shrimp Images/Annotated Diseased Shrimp Images/2. WSSV/images/WSSV-22-img-1.jpg,/home/drnguyenvinh/notebooks/shrimp_od_yolo_ultralytics_under12M_17models_rtx4090_v3_FIXED_OD_ONLY/kaggle_raw/shrimpdiseaseimagebd/ShrimpDiseaseImageBD An Image Dataset for Computer Vision-Based Detection of Shrimp Diseases in Bangladesh/Root/Annotated Diseased Shrimp Images/Annotated Diseased Shrimp Images/2. WSSV/labels/WSSV-22-img-1.txt,WSSV,WSSV,WSSV-22-img-1,2
train,/home/drnguyenvinh/notebooks/shrimp_od_yolo_ultralytics_under12M_17models_rtx4090_v3_FIXED_OD_ONLY/kaggle_raw/shrimpdiseaseimagebd/ShrimpDiseaseImageBD An Image Dataset for Computer Vision-Based Detection of Shrimp Diseases in Bangladesh/Root/Annotated Diseased Shrimp Images/Annotated Diseased Shrimp Images/2. WSSV/images/WSSV-73-img-2.jpg,/home/drnguyenvinh/notebooks/shrimp_od_yolo_ultralytics_under12M_17models_rtx4090_v3_FIXED_OD_ONLY/kaggle_raw/shrimpdiseaseimagebd/ShrimpDiseaseImageBD An Image Dataset for Computer Vision-Based Detection of Shrimp Diseases in Bangladesh/Root/Annotated Diseased Shrimp Images/Annotated Diseased Shrimp Images/2. WSSV/labels/WSSV-73-img-2.txt,WSSV,WSSV,WSSV-73-img-2,10
train,/home/drnguyenvinh/notebooks/shrimp_od_yolo_ultralytics_under12M_17models_rtx4090_v3_FIXED_OD_ONLY/kaggle_raw/shrimpdiseaseimagebd/ShrimpDiseaseImageBD An Image Dataset for Computer Vision-Based Detection of Shrimp Diseases in Bangladesh/Root/Annotated Diseased Shrimp Images/Annotated Diseased Shrimp Images/4. WSSV_BG/images/WSSV_BG-28-img-1.jpg,/home/drnguyenvinh/notebooks/shrimp_od_yolo_ultralytics_under12M_17models_rtx4090_v3_FIXED_OD_ONLY/kaggle_raw/shrimpdiseaseimagebd/ShrimpDiseaseImageBD An Image Dataset for Computer Vision-Based Detection of Shrimp Diseases in Bangladesh/Root/Annotated Diseased Shrimp Images/Annotated Diseased Shrimp Images/4. WSSV_BG/labels/WSSV_BG-28-img-1.txt,WSSV_BG,WSSV_BG,WSSV_BG-28-img-1,12
train,/home/drnguyenvinh/notebooks/shrimp_od_yolo_ultralytics_under12M_17models_rtx4090_v3_FIXED_OD_ONLY/kaggle_raw/shrimpdiseaseimagebd/ShrimpDiseaseImageBD An Image Dataset for Computer Vision-Based Detection of Shrimp Diseases in Bangladesh/Root/Annotated Diseased Shrimp Images/Annotated Diseased Shrimp Images/1. BG/images/BG-69-img-1.jpg,/home/drnguyenvinh/notebooks/shrimp_od_yolo_ultralytics_under12M_17models_rtx4090_v3_FIXED_OD_ONLY/kaggle_raw/shrimpdiseaseimagebd/ShrimpDiseaseImageBD An Image Dataset for Computer Vision-Based Detection of Shrimp Diseases in Bangladesh/Root/Annotated Diseased Shrimp Images/Annotated Diseased Shrimp Images/1. BG/labels/BG-69-img-1.txt,BG,BG,BG-69-img-1,3
train,/home/drnguyenvinh/notebooks/shrimp_od_yolo_ultralytics_under12M_17models_rtx4090_v3_FIXED_OD_ONLY/kaggle_raw/shrimpdiseaseimagebd/ShrimpDiseaseImageBD An Image Dataset for Computer Vision-Based Detection of Shrimp Diseases in Bangladesh/Root/Annotated Diseased Shrimp Images/Annotated Diseased Shrimp Images/4. WSSV_BG/images/WSSV_BG-48-img-1.jpg,/home/drnguyenvinh/notebooks/shrimp_od_yolo_ultralytics_under12M_17models_rtx4090_v3_FIXED_OD_ONLY/kaggle_raw/shrimpdiseaseimagebd/ShrimpDiseaseImageBD An Image Dataset for Computer Vision-Based Detection of Shrimp Diseases in Bangladesh/Root/Annotated Diseased Shrimp Images/Annotated Diseased Shrimp Images/4. WSSV_BG/labels/WSSV_BG-48-img-1.txt,WSSV_BG,WSSV_BG,WSSV_BG-48-img-1,9
train,/home/drnguyenvinh/notebooks/shrimp_od_yolo_ultralytics_under12M_17models_rtx4090_v3_FIXED_OD_ONLY/kaggle_raw/shrimpdiseaseimagebd/ShrimpDiseaseImageBD An Image Dataset for Computer Vision-Based Detection of Shrimp Diseases in Bangladesh/Root/Annotated Diseased Shrimp Images/Annotated Diseased Shrimp Images/4. WSSV_BG/images/WSSV_BG-8-img-2.jpg,/home/drnguyenvinh/notebooks/shrimp_od_yolo_ultralytics_under12M_17models_rtx4090_v3_FIXED_OD_ONLY/kaggle_raw/shrimpdiseaseimagebd/ShrimpDiseaseImageBD An Image Dataset for Computer Vision-Based Detection of Shrimp Diseases in Bangladesh/Root/Annotated Diseased Shrimp Images/Annotated Diseased Shrimp Images/4. WSSV_BG/labels/WSSV_BG-8-img-2.txt,WSSV_BG,WSSV_BG,WSSV_BG-8-img-2,8
train,/home/drnguyenvinh/notebooks/shrimp_od_yolo_ultralytics_under12M_17models_rtx4090_v3_FIXED_OD_ONLY/kaggle_raw/shrimpdiseaseimagebd/ShrimpDiseaseImageBD An Image Dataset for Computer Vision-Based Detection of Shrimp Diseases in Bangladesh/Root/Annotated Diseased Shrimp Images/Annotated Diseased Shrimp Images/1. BG/images/BG-37-img-2.jpg,/home/drnguyenvinh/notebooks/shrimp_od_yolo_ultralytics_under12M_17models_rtx4090_v3_FIXED_OD_ONLY/kaggle_raw/shrimpdiseaseimagebd/ShrimpDiseaseImageBD An Image Dataset for Computer Vision-Based Detection of Shrimp Diseases in Bangladesh/Root/Annotated Diseased Shrimp Images/Annotated Diseased Shrimp Images/1. BG/labels/BG-37-img-2.txt,BG,BG,BG-37-img-2,3
train,/home/drnguyenvinh/notebooks/shrimp_od_yolo_ultralytics_under12M_17models_rtx4090_v3_FIXED_OD_ONLY/kaggle_raw/shrimpdiseaseimagebd/ShrimpDiseaseImageBD An Image Dataset for Computer Vision-Based Detection of Shrimp Diseases in Bangladesh/Root/Annotated Diseased Shrimp Images/Annotated Diseased Shrimp Images/4. WSSV_BG/images/WSSV_BG-19-img-2.jpg,/home/drnguyenvinh/notebooks/shrimp_od_yolo_ultralytics_under12M_17models_rtx4090_v3_FIXED_OD_ONLY/kaggle_raw/shrimpdiseaseimagebd/ShrimpDiseaseImageBD An Image Dataset for Computer Vision-Based Detection of Shrimp Diseases in Bangladesh/Root/Annotated Diseased Shrimp Images/Annotated Diseased Shrimp Images/4. WSSV_BG/labels/WSSV_BG-19-img-2.txt,WSSV_BG,WSSV_BG,WSSV_BG-19-img-2,6
train,/home/drnguyenvinh/notebooks/shrimp_od_yolo_ultralytics_under12M_17models_rtx4090_v3_FIXED_OD_ONLY/kaggle_raw/shrimpdiseaseimagebd/ShrimpDiseaseImageBD An Image Dataset for Computer Vision-Based Detection of Shrimp Diseases in Bangladesh/Root/Annotated Diseased Shrimp Images/Annotated Diseased Shrimp Images/2. WSSV/images/WSSV-17-img-3.jpg,/home/drnguyenvinh/notebooks/shrimp_od_yolo_ultralytics_under12M_17models_rtx4090_v3_FIXED_OD_ONLY/kaggle_raw/shrimpdiseaseimagebd/ShrimpDiseaseImageBD An Image Dataset for Computer Vision-Based Detection of Shrimp Diseases in Bangladesh/Root/Annotated Diseased Shrimp Images/Annotated Diseased Shrimp Images/2. WSSV/labels/WSSV-17-img-3.txt,WSSV,WSSV,WSSV-17-img-3,6
train,/home/drnguyenvinh/notebooks/shrimp_od_yolo_ultralytics_under12M_17models_rtx4090_v3_FIXED_OD_ONLY/kaggle_raw/shrimpdiseaseimagebd/ShrimpDiseaseImageBD An Image Dataset for Computer Vision-Based Detection of Shrimp Diseases in Bangladesh/Root/Annotated Diseased Shrimp Images/Annotated Diseased Shrimp Images/2. WSSV/images/WSSV-85-img-2.jpg,/home/drnguyenvinh/notebooks/shrimp_od_yolo_ultralytics_under12M_17models_rtx4090_v3_FIXED_OD_ONLY/kaggle_raw/shrimpdiseaseimagebd/ShrimpDiseaseImageBD An Image Dataset for Computer Vision-Based Detection of Shrimp Diseases in Bangladesh/Root/Annotated Diseased Shrimp Images/Annotated Diseased Shrimp Images/2. WSSV/labels/WSSV-85-img-2.txt,WSSV,WSSV,WSSV-85-img-2,10
train,/home/drnguyenvinh/notebooks/shrimp_od_yolo_ultralytics_under12M_17models_rtx4090_v3_FIXED_OD_ONLY/kaggle_raw/shrimpdiseaseimagebd/ShrimpDiseaseImageBD An Image Dataset for Computer Vision-Based Detection of Shrimp Diseases in Bangladesh/Root/Annotated Diseased Shrimp Images/Annotated Diseased Shrimp Images/1. BG/images/BG-39-img-3.jpg,/home/drnguyenvinh/notebooks/shrimp_od_yolo_ultralytics_under12M_17models_rtx4090_v3_FIXED_OD_ONLY/kaggle_raw/shrimpdiseaseimagebd/ShrimpDiseaseImageBD An Image Dataset for Computer Vision-Based Detection of Shrimp Diseases in Bangladesh/Root/Annotated Diseased Shrimp Images/Annotated Diseased Shrimp Images/1. BG/labels/BG-39-img-3.txt,BG,BG,BG-39-img-3,3
train,/home/drnguyenvinh/notebooks/shrimp_od_yolo_ultralytics_under12M_17models_rtx4090_v3_FIXED_OD_ONLY/kaggle_raw/shrimpdiseaseimagebd/ShrimpDiseaseImageBD An Image Dataset for Computer Vision-Based Detection of Shrimp Diseases in Bangladesh/Root/Annotated Diseased Shrimp Images/Annotated Diseased Shrimp Images/1. BG/images/BG-6-img-3.jpg,/home/drnguyenvinh/notebooks/shrimp_od_yolo_ultralytics_under12M_17models_rtx4090_v3_FIXED_OD_ONLY/kaggle_raw/shrimpdiseaseimagebd/ShrimpDiseaseImageBD An Image Dataset for Computer Vision-Based Detection of Shrimp Diseases in Bangladesh/Root/Annotated Diseased Shrimp Images/Annotated Diseased Shrimp Images/1. BG/labels/BG-6-img-3.txt,BG,BG,BG-6-img-3,1
train,/home/drnguyenvinh/notebooks/shrimp_od_yolo_ultralytics_under12M_17models_rtx4090_v3_FIXED_OD_ONLY/kaggle_raw/shrimpdiseaseimagebd/ShrimpDiseaseImageBD An Image Dataset for Computer Vision-Based Detection of Shrimp Diseases in Bangladesh/Root/Annotated Diseased Shrimp Images/Annotated Diseased Shrimp Images/1. BG/images/BG-68-img-1.jpg,/home/drnguyenvinh/notebooks/shrimp_od_yolo_ultralytics_under12M_17models_rtx4090_v3_FIXED_OD_ONLY/kaggle_raw/shrimpdiseaseimagebd/ShrimpDiseaseImageBD An Image Dataset for Computer Vision-Based Detection of Shrimp Diseases in Bangladesh/Root/Annotated Diseased Shrimp Images/Annotated Diseased Shrimp Images/1. BG/labels/BG-68-img-1.txt,BG,BG,BG-68-img-1,3
train,/home/drnguyenvinh/notebooks/shrimp_od_yolo_ultralytics_under12M_17models_rtx4090_v3_FIXED_OD_ONLY/kaggle_raw/shrimpdiseaseimagebd/ShrimpDiseaseImageBD An Image Dataset for Computer Vision-Based Detection of Shrimp Diseases in Bangladesh/Root/Annotated Diseased Shrimp Images/Annotated Diseased Shrimp Images/4. WSSV_BG/images/WSSV_BG-11-img-2.jpg,/home/drnguyenvinh/notebooks/shrimp_od_yolo_ultralytics_under12M_17models_rtx4090_v3_FIXED_OD_ONLY/kaggle_raw/shrimpdiseaseimagebd/ShrimpDiseaseImageBD An Image Dataset for Computer Vision-Based Detection of Shrimp Diseases in Bangladesh/Root/Annotated Diseased Shrimp Images/Annotated Diseased Shrimp Images/4. WSSV_BG/labels/WSSV_BG-11-img-2.txt,WSSV_BG,WSSV_BG,WSSV_BG-11-img-2,7
train,/home/drnguyenvinh/notebooks/shrimp_od_yolo_ultralytics_under12M_17models_rtx4090_v3_FIXED_OD_ONLY/kaggle_raw/shrimpdiseaseimagebd/ShrimpDiseaseImageBD An Image Dataset for Computer Vision-Based Detection of Shrimp Diseases in Bangladesh/Root/Annotated Diseased Shrimp Images/Annotated Diseased Shrimp Images/2. WSSV/images/WSSV-46-img-1.jpg,/home/drnguyenvinh/notebooks/shrimp_od_yolo_ultralytics_under12M_17models_rtx4090_v3_FIXED_OD_ONLY/kaggle_raw/shrimpdiseaseimagebd/ShrimpDiseaseImageBD An Image Dataset for Computer Vision-Based Detection of Shrimp Diseases in Bangladesh/Root/Annotated Diseased Shrimp Images/Annotated Diseased Shrimp Images/2. WSSV/labels/WSSV-46-img-1.txt,WSSV,WSSV,WSSV-46-img-1,13
train,/home/drnguyenvinh/notebooks/shrimp_od_yolo_ultralytics_under12M_17models_rtx4090_v3_FIXED_OD_ONLY/kaggle_raw/shrimpdiseaseimagebd/ShrimpDiseaseImageBD An Image Dataset for Computer Vision-Based Detection of Shrimp Diseases in Bangladesh/Root/Annotated Diseased Shrimp Images/Annotated Diseased Shrimp Images/2. WSSV/images/WSSV-74-img-2.jpg,/home/drnguyenvinh/notebooks/shrimp_od_yolo_ultralytics_under12M_17models_rtx4090_v3_FIXED_OD_ONLY/kaggle_raw/shrimpdiseaseimagebd/ShrimpDiseaseImageBD An Image Dataset for Computer Vision-Based Detection of Shrimp Diseases in Bangladesh/Root/Annotated Diseased Shrimp Images/Annotated Diseased Shrimp Images/2. WSSV/labels/WSSV-74-img-2.txt,WSSV,WSSV,WSSV-74-img-2,14
train,/home/drnguyenvinh/notebooks/shrimp_od_yolo_ultralytics_under12M_17models_rtx4090_v3_FIXED_OD_ONLY/kaggle_raw/shrimpdiseaseimagebd/ShrimpDiseaseImageBD An Image Dataset for Computer Vision-Based Detection of Shrimp Diseases in Bangladesh/Root/Annotated Diseased Shrimp Images/Annotated Diseased Shrimp Images/2. WSSV/images/WSSV-60-img-2.jpg,/home/drnguyenvinh/notebooks/shrimp_od_yolo_ultralytics_under12M_17models_rtx4090_v3_FIXED_OD_ONLY/kaggle_raw/shrimpdiseaseimagebd/ShrimpDiseaseImageBD An Image Dataset for Computer Vision-Based Detection of Shrimp Diseases in Bangladesh/Root/Annotated Diseased Shrimp Images/Annotated Diseased Shrimp Images/2. WSSV/labels/WSSV-60-img-2.txt,WSSV,WSSV,WSSV-60-img-2,6
train,/home/drnguyenvinh/notebooks/shrimp_od_yolo_ultralytics_under12M_17models_rtx4090_v3_FIXED_OD_ONLY/kaggle_raw/shrimpdiseaseimagebd/ShrimpDiseaseImageBD An Image Dataset for Computer Vision-Based Detection of Shrimp Diseases in Bangladesh/Root/Annotated Diseased Shrimp Images/Annotated Diseased Shrimp Images/1. BG/images/BG-10-img-3.jpg,/home/drnguyenvinh/notebooks/shrimp_od_yolo_ultralytics_under12M_17models_rtx4090_v3_FIXED_OD_ONLY/kaggle_raw/shrimpdiseaseimagebd/ShrimpDiseaseImageBD An Image Dataset for Computer Vision-Based Detection of Shrimp Diseases in Bangladesh/Root/Annotated Diseased Shrimp Images/Annotated Diseased Shrimp Images/1. BG/labels/BG-10-img-3.txt,BG,BG,BG-10-img-3,1
train,/home/drnguyenvinh/notebooks/shrimp_od_yolo_ultralytics_under12M_17models_rtx4090_v3_FIXED_OD_ONLY/kaggle_raw/shrimpdiseaseimagebd/ShrimpDiseaseImageBD An Image Dataset for Computer Vision-Based Detection of Shrimp Diseases in Bangladesh/Root/Annotated Diseased Shrimp Images/Annotated Diseased Shrimp Images/2. WSSV/images/WSSV-12-img-2.jpg,/home/drnguyenvinh/notebooks/shrimp_od_yolo_ultralytics_under12M_17models_rtx4090_v3_FIXED_OD_ONLY/kaggle_raw/shrimpdiseaseimagebd/ShrimpDiseaseImageBD An Image Dataset for Computer Vision-Based Detection of Shrimp Diseases in Bangladesh/Root/Annotated Diseased Shrimp Images/Annotated Diseased Shrimp Images/2. WSSV/labels/WSSV-12-img-2.txt,WSSV,WSSV,WSSV-12-img-2,11
train,/home/drnguyenvinh/notebooks/shrimp_od_yolo_ultralytics_under12M_17models_rtx4090_v3_FIXED_OD_ONLY/kaggle_raw/shrimpdiseaseimagebd/ShrimpDiseaseImageBD An Image Dataset for Computer Vision-Based Detection of Shrimp Diseases in Bangladesh/Root/Annotated Diseased Shrimp Images/Annotated Diseased Shrimp Images/2. WSSV/images/WSSV-69-img-1.jpg,/home/drnguyenvinh/notebooks/shrimp_od_yolo_ultralytics_under12M_17models_rtx4090_v3_FIXED_OD_ONLY/kaggle_raw/shrimpdiseaseimagebd/ShrimpDiseaseImageBD An Image Dataset for Computer Vision-Based Detection of Shrimp Diseases in Bangladesh/Root/Annotated Diseased Shrimp Images/Annotated Diseased Shrimp Images/2. WSSV/labels/WSSV-69-img-1.txt,WSSV,WSSV,WSSV-69-img-1,7
train,/home/drnguyenvinh/notebooks/shrimp_od_yolo_ultralytics_under12M_17models_rtx4090_v3_FIXED_OD_ONLY/kaggle_raw/shrimpdiseaseimagebd/ShrimpDiseaseImageBD An Image Dataset for Computer Vision-Based Detection of Shrimp Diseases in Bangladesh/Root/Annotated Diseased Shrimp Images/Annotated Diseased Shrimp Images/4. WSSV_BG/images/WSSV_BG-78-img-2.jpg,/home/drnguyenvinh/notebooks/shrimp_od_yolo_ultralytics_under12M_17models_rtx4090_v3_FIXED_OD_ONLY/kaggle_raw/shrimpdiseaseimagebd/ShrimpDiseaseImageBD An Image Dataset for Computer Vision-Based Detection of Shrimp Diseases in Bangladesh/Root/Annotated Diseased Shrimp Images/Annotated Diseased Shrimp Images/4. WSSV_BG/labels/WSSV_BG-78-img-2.txt,WSSV_BG,WSSV_BG,WSSV_BG-78-img-2,11
train,/home/drnguyenvinh/notebooks/shrimp_od_yolo_ultralytics_under12M_17models_rtx4090_v3_FIXED_OD_ONLY/kaggle_raw/shrimpdiseaseimagebd/ShrimpDiseaseImageBD An Image Dataset for Computer Vision-Based Detection of Shrimp Diseases in Bangladesh/Root/Annotated Diseased Shrimp Images/Annotated Diseased Shrimp Images/2. WSSV/images/WSSV-10-img-2.jpg,/home/drnguyenvinh/notebooks/shrimp_od_yolo_ultralytics_under12M_17models_rtx4090_v3_FIXED_OD_ONLY/kaggle_raw/shrimpdiseaseimagebd/ShrimpDiseaseImageBD An Image Dataset for Computer Vision-Based Detection of Shrimp Diseases in Bangladesh/Root/Annotated Diseased Shrimp Images/Annotated Diseased Shrimp Images/2. WSSV/labels/WSSV-10-img-2.txt,WSSV,WSSV,WSSV-10-img-2,27
train,/home/drnguyenvinh/notebooks/shrimp_od_yolo_ultralytics_under12M_17models_rtx4090_v3_FIXED_OD_ONLY/kaggle_raw/shrimpdiseaseimagebd/ShrimpDiseaseImageBD An Image Dataset for Computer Vision-Based Detection of Shrimp Diseases in Bangladesh/Root/Annotated Diseased Shrimp Images/Annotated Diseased Shrimp Images/4. WSSV_BG/images/WSSV_BG-13-img-1.jpg,/home/drnguyenvinh/notebooks/shrimp_od_yolo_ultralytics_under12M_17models_rtx4090_v3_FIXED_OD_ONLY/kaggle_raw/shrimpdiseaseimagebd/ShrimpDiseaseImageBD An Image Dataset for Computer Vision-Based Detection of Shrimp Diseases in Bangladesh/Root/Annotated Diseased Shrimp Images/Annotated Diseased Shrimp Images/4. WSSV_BG/labels/WSSV_BG-13-img-1.txt,WSSV_BG,WSSV_BG,WSSV_BG-13-img-1,16
train,/home/drnguyenvinh/notebooks/shrimp_od_yolo_ultralytics_under12M_17models_rtx4090_v3_FIXED_OD_ONLY/kaggle_raw/shrimpdiseaseimagebd/ShrimpDiseaseImageBD An Image Dataset for Computer Vision-Based Detection of Shrimp Diseases in Bangladesh/Root/Annotated Diseased Shrimp Images/Annotated Diseased Shrimp Images/2. WSSV/images/WSSV-101-img-1.jpg,/home/drnguyenvinh/notebooks/shrimp_od_yolo_ultralytics_under12M_17models_rtx4090_v3_FIXED_OD_ONLY/kaggle_raw/shrimpdiseaseimagebd/ShrimpDiseaseImageBD An Image Dataset for Computer Vision-Based Detection of Shrimp Diseases in Bangladesh/Root/Annotated Diseased Shrimp Images/Annotated Diseased Shrimp Images/2. WSSV/labels/WSSV-101-img-1.txt,WSSV,WSSV,WSSV-101-img-1,7
train,/home/drnguyenvinh/notebooks/shrimp_od_yolo_ultralytics_under12M_17models_rtx4090_v3_FIXED_OD_ONLY/kaggle_raw/shrimpdiseaseimagebd/ShrimpDiseaseImageBD An Image Dataset for Computer Vision-Based Detection of Shrimp Diseases in Bangladesh/Root/Annotated Diseased Shrimp Images/Annotated Diseased Shrimp Images/1. BG/images/BG-68-img-3.jpg,/home/drnguyenvinh/notebooks/shrimp_od_yolo_ultralytics_under12M_17models_rtx4090_v3_FIXED_OD_ONLY/kaggle_raw/shrimpdiseaseimagebd/ShrimpDiseaseImageBD An Image Dataset for Computer Vision-Based Detection of Shrimp Diseases in Bangladesh/Root/Annotated Diseased Shrimp Images/Annotated Diseased Shrimp Images/1. BG/labels/BG-68-img-3.txt,BG,BG,BG-68-img-3,3
train,/home/drnguyenvinh/notebooks/shrimp_od_yolo_ultralytics_under12M_17models_rtx4090_v3_FIXED_OD_ONLY/kaggle_raw/shrimpdiseaseimagebd/ShrimpDiseaseImageBD An Image Dataset for Computer Vision-Based Detection of Shrimp Diseases in Bangladesh/Root/Annotated Diseased Shrimp Images/Annotated Diseased Shrimp Images/2. WSSV/images/WSSV-24-img-3.jpg,/home/drnguyenvinh/notebooks/shrimp_od_yolo_ultralytics_under12M_17models_rtx4090_v3_FIXED_OD_ONLY/kaggle_raw/shrimpdiseaseimagebd/ShrimpDiseaseImageBD An Image Dataset for Computer Vision-Based Detection of Shrimp Diseases in Bangladesh/Root/Annotated Diseased Shrimp Images/Annotated Diseased Shrimp Images/2. WSSV/labels/WSSV-24-img-3.txt,WSSV,WSSV,WSSV-24-img-3,23
train,/home/drnguyenvinh/notebooks/shrimp_od_yolo_ultralytics_under12M_17models_rtx4090_v3_FIXED_OD_ONLY/kaggle_raw/shrimpdiseaseimagebd/ShrimpDiseaseImageBD An Image Dataset for Computer Vision-Based Detection of Shrimp Diseases in Bangladesh/Root/Annotated Diseased Shrimp Images/Annotated Diseased Shrimp Images/4. WSSV_BG/images/WSSV_BG-68-img-2.jpg,/home/drnguyenvinh/notebooks/shrimp_od_yolo_ultralytics_under12M_17models_rtx4090_v3_FIXED_OD_ONLY/kaggle_raw/shrimpdiseaseimagebd/ShrimpDiseaseImageBD An Image Dataset for Computer Vision-Based Detection of Shrimp Diseases in Bangladesh/Root/Annotated Diseased Shrimp Images/Annotated Diseased Shrimp Images/4. WSSV_BG/labels/WSSV_BG-68-img-2.txt,WSSV_BG,WSSV_BG,WSSV_BG-68-img-2,11
train,/home/drnguyenvinh/notebooks/shrimp_od_yolo_ultralytics_under12M_17models_rtx4090_v3_FIXED_OD_ONLY/kaggle_raw/shrimpdiseaseimagebd/ShrimpDiseaseImageBD An Image Dataset for Computer Vision-Based Detection of Shrimp Diseases in Bangladesh/Root/Annotated Diseased Shrimp Images/Annotated Diseased Shrimp Images/4. WSSV_BG/images/WSSV_BG-77-img-2.jpg,/home/drnguyenvinh/notebooks/shrimp_od_yolo_ultralytics_under12M_17models_rtx4090_v3_FIXED_OD_ONLY/kaggle_raw/shrimpdiseaseimagebd/ShrimpDiseaseImageBD An Image Dataset for Computer Vision-Based Detection of Shrimp Diseases in Bangladesh/Root/Annotated Diseased Shrimp Images/Annotated Diseased Shrimp Images/4. WSSV_BG/labels/WSSV_BG-77-img-2.txt,WSSV_BG,WSSV_BG,WSSV_BG-77-img-2,7
train,/home/drnguyenvinh/notebooks/shrimp_od_yolo_ultralytics_under12M_17models_rtx4090_v3_FIXED_OD_ONLY/kaggle_raw/shrimpdiseaseimagebd/ShrimpDiseaseImageBD An Image Dataset for Computer Vision-Based Detection of Shrimp Diseases in Bangladesh/Root/Annotated Diseased Shrimp Images/Annotated Diseased Shrimp Images/2. WSSV/images/WSSV-98-img-1.jpg,/home/drnguyenvinh/notebooks/shrimp_od_yolo_ultralytics_under12M_17models_rtx4090_v3_FIXED_OD_ONLY/kaggle_raw/shrimpdiseaseimagebd/ShrimpDiseaseImageBD An Image Dataset for Computer Vision-Based Detection of Shrimp Diseases in Bangladesh/Root/Annotated Diseased Shrimp Images/Annotated Diseased Shrimp Images/2. WSSV/labels/WSSV-98-img-1.txt,WSSV,WSSV,WSSV-98-img-1,5
train,/home/drnguyenvinh/notebooks/shrimp_od_yolo_ultralytics_under12M_17models_rtx4090_v3_FIXED_OD_ONLY/kaggle_raw/shrimpdiseaseimagebd/ShrimpDiseaseImageBD An Image Dataset for Computer Vision-Based Detection of Shrimp Diseases in Bangladesh/Root/Annotated Diseased Shrimp Images/Annotated Diseased Shrimp Images/1. BG/images/BG-49-img-2.jpg,/home/drnguyenvinh/notebooks/shrimp_od_yolo_ultralytics_under12M_17models_rtx4090_v3_FIXED_OD_ONLY/kaggle_raw/shrimpdiseaseimagebd/ShrimpDiseaseImageBD An Image Dataset for Computer Vision-Based Detection of Shrimp Diseases in Bangladesh/Root/Annotated Diseased Shrimp Images/Annotated Diseased Shrimp Images/1. BG/labels/BG-49-img-2.txt,BG,BG,BG-49-img-2,1
train,/home/drnguyenvinh/notebooks/shrimp_od_yolo_ultralytics_under12M_17models_rtx4090_v3_FIXED_OD_ONLY/kaggle_raw/shrimpdiseaseimagebd/ShrimpDiseaseImageBD An Image Dataset for Computer Vision-Based Detection of Shrimp Diseases in Bangladesh/Root/Annotated Diseased Shrimp Images/Annotated Diseased Shrimp Images/2. WSSV/images/WSSV-42-img-3.jpg,/home/drnguyenvinh/notebooks/shrimp_od_yolo_ultralytics_under12M_17models_rtx4090_v3_FIXED_OD_ONLY/kaggle_raw/shrimpdiseaseimagebd/ShrimpDiseaseImageBD An Image Dataset for Computer Vision-Based Detection of Shrimp Diseases in Bangladesh/Root/Annotated Diseased Shrimp Images/Annotated Diseased Shrimp Images/2. WSSV/labels/WSSV-42-img-3.txt,WSSV,WSSV,WSSV-42-img-3,5
train,/home/drnguyenvinh/notebooks/shrimp_od_yolo_ultralytics_under12M_17models_rtx4090_v3_FIXED_OD_ONLY/kaggle_raw/shrimpdiseaseimagebd/ShrimpDiseaseImageBD An Image Dataset for Computer Vision-Based Detection of Shrimp Diseases in Bangladesh/Root/Annotated Diseased Shrimp Images/Annotated Diseased Shrimp Images/4. WSSV_BG/images/WSSV_BG-77-img-1.jpg,/home/drnguyenvinh/notebooks/shrimp_od_yolo_ultralytics_under12M_17models_rtx4090_v3_FIXED_OD_ONLY/kaggle_raw/shrimpdiseaseimagebd/ShrimpDiseaseImageBD An Image Dataset for Computer Vision-Based Detection of Shrimp Diseases in Bangladesh/Root/Annotated Diseased Shrimp Images/Annotated Diseased Shrimp Images/4. WSSV_BG/labels/WSSV_BG-77-img-1.txt,WSSV_BG,WSSV_BG,WSSV_BG-77-img-1,10
train,/home/drnguyenvinh/notebooks/shrimp_od_yolo_ultralytics_under12M_17models_rtx4090_v3_FIXED_OD_ONLY/kaggle_raw/shrimpdiseaseimagebd/ShrimpDiseaseImageBD An Image Dataset for Computer Vision-Based Detection of Shrimp Diseases in Bangladesh/Root/Annotated Diseased Shrimp Images/Annotated Diseased Shrimp Images/2. WSSV/images/WSSV-65-img-2.jpg,/home/drnguyenvinh/notebooks/shrimp_od_yolo_ultralytics_under12M_17models_rtx4090_v3_FIXED_OD_ONLY/kaggle_raw/shrimpdiseaseimagebd/ShrimpDiseaseImageBD An Image Dataset for Computer Vision-Based Detection of Shrimp Diseases in Bangladesh/Root/Annotated Diseased Shrimp Images/Annotated Diseased Shrimp Images/2. WSSV/labels/WSSV-65-img-2.txt,WSSV,WSSV,WSSV-65-img-2,11
train,/home/drnguyenvinh/notebooks/shrimp_od_yolo_ultralytics_under12M_17models_rtx4090_v3_FIXED_OD_ONLY/kaggle_raw/shrimpdiseaseimagebd/ShrimpDiseaseImageBD An Image Dataset for Computer Vision-Based Detection of Shrimp Diseases in Bangladesh/Root/Annotated Diseased Shrimp Images/Annotated Diseased Shrimp Images/2. WSSV/images/WSSV-102-img-2.jpg,/home/drnguyenvinh/notebooks/shrimp_od_yolo_ultralytics_under12M_17models_rtx4090_v3_FIXED_OD_ONLY/kaggle_raw/shrimpdiseaseimagebd/ShrimpDiseaseImageBD An Image Dataset for Computer Vision-Based Detection of Shrimp Diseases in Bangladesh/Root/Annotated Diseased Shrimp Images/Annotated Diseased Shrimp Images/2. WSSV/labels/WSSV-102-img-2.txt,WSSV,WSSV,WSSV-102-img-2,8
train,/home/drnguyenvinh/notebooks/shrimp_od_yolo_ultralytics_under12M_17models_rtx4090_v3_FIXED_OD_ONLY/kaggle_raw/shrimpdiseaseimagebd/ShrimpDiseaseImageBD An Image Dataset for Computer Vision-Based Detection of Shrimp Diseases in Bangladesh/Root/Annotated Diseased Shrimp Images/Annotated Diseased Shrimp Images/1. BG/images/BG-8-img-3.jpg,/home/drnguyenvinh/notebooks/shrimp_od_yolo_ultralytics_under12M_17models_rtx4090_v3_FIXED_OD_ONLY/kaggle_raw/shrimpdiseaseimagebd/ShrimpDiseaseImageBD An Image Dataset for Computer Vision-Based Detection of Shrimp Diseases in Bangladesh/Root/Annotated Diseased Shrimp Images/Annotated Diseased Shrimp Images/1. BG/labels/BG-8-img-3.txt,BG,BG,BG-8-img-3,2
train,/home/drnguyenvinh/notebooks/shrimp_od_yolo_ultralytics_under12M_17models_rtx4090_v3_FIXED_OD_ONLY/kaggle_raw/shrimpdiseaseimagebd/ShrimpDiseaseImageBD An Image Dataset for Computer Vision-Based Detection of Shrimp Diseases in Bangladesh/Root/Annotated Diseased Shrimp Images/Annotated Diseased Shrimp Images/1. BG/images/BG-58-img-3.jpg,/home/drnguyenvinh/notebooks/shrimp_od_yolo_ultralytics_under12M_17models_rtx4090_v3_FIXED_OD_ONLY/kaggle_raw/shrimpdiseaseimagebd/ShrimpDiseaseImageBD An Image Dataset for Computer Vision-Based Detection of Shrimp Diseases in Bangladesh/Root/Annotated Diseased Shrimp Images/Annotated Diseased Shrimp Images/1. BG/labels/BG-58-img-3.txt,BG,BG,BG-58-img-3,4
train,/home/drnguyenvinh/notebooks/shrimp_od_yolo_ultralytics_under12M_17models_rtx4090_v3_FIXED_OD_ONLY/kaggle_raw/shrimpdiseaseimagebd/ShrimpDiseaseImageBD An Image Dataset for Computer Vision-Based Detection of Shrimp Diseases in Bangladesh/Root/Annotated Diseased Shrimp Images/Annotated Diseased Shrimp Images/2. WSSV/images/WSSV-81-img-1.jpg,/home/drnguyenvinh/notebooks/shrimp_od_yolo_ultralytics_under12M_17models_rtx4090_v3_FIXED_OD_ONLY/kaggle_raw/shrimpdiseaseimagebd/ShrimpDiseaseImageBD An Image Dataset for Computer Vision-Based Detection of Shrimp Diseases in Bangladesh/Root/Annotated Diseased Shrimp Images/Annotated Diseased Shrimp Images/2. WSSV/labels/WSSV-81-img-1.txt,WSSV,WSSV,WSSV-81-img-1,9
train,/home/drnguyenvinh/notebooks/shrimp_od_yolo_ultralytics_under12M_17models_rtx4090_v3_FIXED_OD_ONLY/kaggle_raw/shrimpdiseaseimagebd/ShrimpDiseaseImageBD An Image Dataset for Computer Vision-Based Detection of Shrimp Diseases in Bangladesh/Root/Annotated Diseased Shrimp Images/Annotated Diseased Shrimp Images/4. WSSV_BG/images/WSSV_BG-7-img-3.jpg,/home/drnguyenvinh/notebooks/shrimp_od_yolo_ultralytics_under12M_17models_rtx4090_v3_FIXED_OD_ONLY/kaggle_raw/shrimpdiseaseimagebd/ShrimpDiseaseImageBD An Image Dataset for Computer Vision-Based Detection of Shrimp Diseases in Bangladesh/Root/Annotated Diseased Shrimp Images/Annotated Diseased Shrimp Images/4. WSSV_BG/labels/WSSV_BG-7-img-3.txt,WSSV_BG,WSSV_BG,WSSV_BG-7-img-3,10
train,/home/drnguyenvinh/notebooks/shrimp_od_yolo_ultralytics_under12M_17models_rtx4090_v3_FIXED_OD_ONLY/kaggle_raw/shrimpdiseaseimagebd/ShrimpDiseaseImageBD An Image Dataset for Computer Vision-Based Detection of Shrimp Diseases in Bangladesh/Root/Annotated Diseased Shrimp Images/Annotated Diseased Shrimp Images/1. BG/images/BG-27-img-3.jpg,/home/drnguyenvinh/notebooks/shrimp_od_yolo_ultralytics_under12M_17models_rtx4090_v3_FIXED_OD_ONLY/kaggle_raw/shrimpdiseaseimagebd/ShrimpDiseaseImageBD An Image Dataset for Computer Vision-Based Detection of Shrimp Diseases in Bangladesh/Root/Annotated Diseased Shrimp Images/Annotated Diseased Shrimp Images/1. BG/labels/BG-27-img-3.txt,BG,BG,BG-27-img-3,2
train,/home/drnguyenvinh/notebooks/shrimp_od_yolo_ultralytics_under12M_17models_rtx4090_v3_FIXED_OD_ONLY/kaggle_raw/shrimpdiseaseimagebd/ShrimpDiseaseImageBD An Image Dataset for Computer Vision-Based Detection of Shrimp Diseases in Bangladesh/Root/Annotated Diseased Shrimp Images/Annotated Diseased Shrimp Images/1. BG/images/BG-60-img-1.jpg,/home/drnguyenvinh/notebooks/shrimp_od_yolo_ultralytics_under12M_17models_rtx4090_v3_FIXED_OD_ONLY/kaggle_raw/shrimpdiseaseimagebd/ShrimpDiseaseImageBD An Image Dataset for Computer Vision-Based Detection of Shrimp Diseases in Bangladesh/Root/Annotated Diseased Shrimp Images/Annotated Diseased Shrimp Images/1. BG/labels/BG-60-img-1.txt,BG,BG,BG-60-img-1,2
train,/home/drnguyenvinh/notebooks/shrimp_od_yolo_ultralytics_under12M_17models_rtx4090_v3_FIXED_OD_ONLY/kaggle_raw/shrimpdiseaseimagebd/ShrimpDiseaseImageBD An Image Dataset for Computer Vision-Based Detection of Shrimp Diseases in Bangladesh/Root/Annotated Diseased Shrimp Images/Annotated Diseased Shrimp Images/4. WSSV_BG/images/WSSV_BG-16-img-3.jpg,/home/drnguyenvinh/notebooks/shrimp_od_yolo_ultralytics_under12M_17models_rtx4090_v3_FIXED_OD_ONLY/kaggle_raw/shrimpdiseaseimagebd/ShrimpDiseaseImageBD An Image Dataset for Computer Vision-Based Detection of Shrimp Diseases in Bangladesh/Root/Annotated Diseased Shrimp Images/Annotated Diseased Shrimp Images/4. WSSV_BG/labels/WSSV_BG-16-img-3.txt,WSSV_BG,WSSV_BG,WSSV_BG-16-img-3,8
train,/home/drnguyenvinh/notebooks/shrimp_od_yolo_ultralytics_under12M_17models_rtx4090_v3_FIXED_OD_ONLY/kaggle_raw/shrimpdiseaseimagebd/ShrimpDiseaseImageBD An Image Dataset for Computer Vision-Based Detection of Shrimp Diseases in Bangladesh/Root/Annotated Diseased Shrimp Images/Annotated Diseased Shrimp Images/2. WSSV/images/WSSV-36-img-1.jpg,/home/drnguyenvinh/notebooks/shrimp_od_yolo_ultralytics_under12M_17models_rtx4090_v3_FIXED_OD_ONLY/kaggle_raw/shrimpdiseaseimagebd/ShrimpDiseaseImageBD An Image Dataset for Computer Vision-Based Detection of Shrimp Diseases in Bangladesh/Root/Annotated Diseased Shrimp Images/Annotated Diseased Shrimp Images/2. WSSV/labels/WSSV-36-img-1.txt,WSSV,WSSV,WSSV-36-img-1,28
train,/home/drnguyenvinh/notebooks/shrimp_od_yolo_ultralytics_under12M_17models_rtx4090_v3_FIXED_OD_ONLY/kaggle_raw/shrimpdiseaseimagebd/ShrimpDiseaseImageBD An Image Dataset for Computer Vision-Based Detection of Shrimp Diseases in Bangladesh/Root/Annotated Diseased Shrimp Images/Annotated Diseased Shrimp Images/4. WSSV_BG/images/WSSV_BG-32-img-3.jpg,/home/drnguyenvinh/notebooks/shrimp_od_yolo_ultralytics_under12M_17models_rtx4090_v3_FIXED_OD_ONLY/kaggle_raw/shrimpdiseaseimagebd/ShrimpDiseaseImageBD An Image Dataset for Computer Vision-Based Detection of Shrimp Diseases in Bangladesh/Root/Annotated Diseased Shrimp Images/Annotated Diseased Shrimp Images/4. WSSV_BG/labels/WSSV_BG-32-img-3.txt,WSSV_BG,WSSV_BG,WSSV_BG-32-img-3,8
train,/home/drnguyenvinh/notebooks/shrimp_od_yolo_ultralytics_under12M_17models_rtx4090_v3_FIXED_OD_ONLY/kaggle_raw/shrimpdiseaseimagebd/ShrimpDiseaseImageBD An Image Dataset for Computer Vision-Based Detection of Shrimp Diseases in Bangladesh/Root/Annotated Diseased Shrimp Images/Annotated Diseased Shrimp Images/2. WSSV/images/WSSV-100-img-1.jpg,/home/drnguyenvinh/notebooks/shrimp_od_yolo_ultralytics_under12M_17models_rtx4090_v3_FIXED_OD_ONLY/kaggle_raw/shrimpdiseaseimagebd/ShrimpDiseaseImageBD An Image Dataset for Computer Vision-Based Detection of Shrimp Diseases in Bangladesh/Root/Annotated Diseased Shrimp Images/Annotated Diseased Shrimp Images/2. WSSV/labels/WSSV-100-img-1.txt,WSSV,WSSV,WSSV-100-img-1,6
train,/home/drnguyenvinh/notebooks/shrimp_od_yolo_ultralytics_under12M_17models_rtx4090_v3_FIXED_OD_ONLY/kaggle_raw/shrimpdiseaseimagebd/ShrimpDiseaseImageBD An Image Dataset for Computer Vision-Based Detection of Shrimp Diseases in Bangladesh/Root/Annotated Diseased Shrimp Images/Annotated Diseased Shrimp Images/4. WSSV_BG/images/WSSV_BG-51-img-2.jpg,/home/drnguyenvinh/notebooks/shrimp_od_yolo_ultralytics_under12M_17models_rtx4090_v3_FIXED_OD_ONLY/kaggle_raw/shrimpdiseaseimagebd/ShrimpDiseaseImageBD An Image Dataset for Computer Vision-Based Detection of Shrimp Diseases in Bangladesh/Root/Annotated Diseased Shrimp Images/Annotated Diseased Shrimp Images/4. WSSV_BG/labels/WSSV_BG-51-img-2.txt,WSSV_BG,WSSV_BG,WSSV_BG-51-img-2,8
train,/home/drnguyenvinh/notebooks/shrimp_od_yolo_ultralytics_under12M_17models_rtx4090_v3_FIXED_OD_ONLY/kaggle_raw/shrimpdiseaseimagebd/ShrimpDiseaseImageBD An Image Dataset for Computer Vision-Based Detection of Shrimp Diseases in Bangladesh/Root/Annotated Diseased Shrimp Images/Annotated Diseased Shrimp Images/4. WSSV_BG/images/WSSV_BG-20-img-1.jpg,/home/drnguyenvinh/notebooks/shrimp_od_yolo_ultralytics_under12M_17models_rtx4090_v3_FIXED_OD_ONLY/kaggle_raw/shrimpdiseaseimagebd/ShrimpDiseaseImageBD An Image Dataset for Computer Vision-Based Detection of Shrimp Diseases in Bangladesh/Root/Annotated Diseased Shrimp Images/Annotated Diseased Shrimp Images/4. WSSV_BG/labels/WSSV_BG-20-img-1.txt,WSSV_BG,WSSV_BG,WSSV_BG-20-img-1,4
train,/home/drnguyenvinh/notebooks/shrimp_od_yolo_ultralytics_under12M_17models_rtx4090_v3_FIXED_OD_ONLY/kaggle_raw/shrimpdiseaseimagebd/ShrimpDiseaseImageBD An Image Dataset for Computer Vision-Based Detection of Shrimp Diseases in Bangladesh/Root/Annotated Diseased Shrimp Images/Annotated Diseased Shrimp Images/1. BG/images/BG-44-img-3.jpg,/home/drnguyenvinh/notebooks/shrimp_od_yolo_ultralytics_under12M_17models_rtx4090_v3_FIXED_OD_ONLY/kaggle_raw/shrimpdiseaseimagebd/ShrimpDiseaseImageBD An Image Dataset for Computer Vision-Based Detection of Shrimp Diseases in Bangladesh/Root/Annotated Diseased Shrimp Images/Annotated Diseased Shrimp Images/1. BG/labels/BG-44-img-3.txt,BG,BG,BG-44-img-3,3
train,/home/drnguyenvinh/notebooks/shrimp_od_yolo_ultralytics_under12M_17models_rtx4090_v3_FIXED_OD_ONLY/kaggle_raw/shrimpdiseaseimagebd/ShrimpDiseaseImageBD An Image Dataset for Computer Vision-Based Detection of Shrimp Diseases in Bangladesh/Root/Annotated Diseased Shrimp Images/Annotated Diseased Shrimp Images/2. WSSV/images/WSSV-106-img-2.jpg,/home/drnguyenvinh/notebooks/shrimp_od_yolo_ultralytics_under12M_17models_rtx4090_v3_FIXED_OD_ONLY/kaggle_raw/shrimpdiseaseimagebd/ShrimpDiseaseImageBD An Image Dataset for Computer Vision-Based Detection of Shrimp Diseases in Bangladesh/Root/Annotated Diseased Shrimp Images/Annotated Diseased Shrimp Images/2. WSSV/labels/WSSV-106-img-2.txt,WSSV,WSSV,WSSV-106-img-2,4
train,/home/drnguyenvinh/notebooks/shrimp_od_yolo_ultralytics_under12M_17models_rtx4090_v3_FIXED_OD_ONLY/kaggle_raw/shrimpdiseaseimagebd/ShrimpDiseaseImageBD An Image Dataset for Computer Vision-Based Detection of Shrimp Diseases in Bangladesh/Root/Annotated Diseased Shrimp Images/Annotated Diseased Shrimp Images/4. WSSV_BG/images/WSSV_BG-20-img-2.jpg,/home/drnguyenvinh/notebooks/shrimp_od_yolo_ultralytics_under12M_17models_rtx4090_v3_FIXED_OD_ONLY/kaggle_raw/shrimpdiseaseimagebd/ShrimpDiseaseImageBD An Image Dataset for Computer Vision-Based Detection of Shrimp Diseases in Bangladesh/Root/Annotated Diseased Shrimp Images/Annotated Diseased Shrimp Images/4. WSSV_BG/labels/WSSV_BG-20-img-2.txt,WSSV_BG,WSSV_BG,WSSV_BG-20-img-2,7
train,/home/drnguyenvinh/notebooks/shrimp_od_yolo_ultralytics_under12M_17models_rtx4090_v3_FIXED_OD_ONLY/kaggle_raw/shrimpdiseaseimagebd/ShrimpDiseaseImageBD An Image Dataset for Computer Vision-Based Detection of Shrimp Diseases in Bangladesh/Root/Annotated Diseased Shrimp Images/Annotated Diseased Shrimp Images/2. WSSV/images/WSSV-38-img-1.jpg,/home/drnguyenvinh/notebooks/shrimp_od_yolo_ultralytics_under12M_17models_rtx4090_v3_FIXED_OD_ONLY/kaggle_raw/shrimpdiseaseimagebd/ShrimpDiseaseImageBD An Image Dataset for Computer Vision-Based Detection of Shrimp Diseases in Bangladesh/Root/Annotated Diseased Shrimp Images/Annotated Diseased Shrimp Images/2. WSSV/labels/WSSV-38-img-1.txt,WSSV,WSSV,WSSV-38-img-1,11
train,/home/drnguyenvinh/notebooks/shrimp_od_yolo_ultralytics_under12M_17models_rtx4090_v3_FIXED_OD_ONLY/kaggle_raw/shrimpdiseaseimagebd/ShrimpDiseaseImageBD An Image Dataset for Computer Vision-Based Detection of Shrimp Diseases in Bangladesh/Root/Annotated Diseased Shrimp Images/Annotated Diseased Shrimp Images/2. WSSV/images/WSSV-90-img-1.jpg,/home/drnguyenvinh/notebooks/shrimp_od_yolo_ultralytics_under12M_17models_rtx4090_v3_FIXED_OD_ONLY/kaggle_raw/shrimpdiseaseimagebd/ShrimpDiseaseImageBD An Image Dataset for Computer Vision-Based Detection of Shrimp Diseases in Bangladesh/Root/Annotated Diseased Shrimp Images/Annotated Diseased Shrimp Images/2. WSSV/labels/WSSV-90-img-1.txt,WSSV,WSSV,WSSV-90-img-1,13
train,/home/drnguyenvinh/notebooks/shrimp_od_yolo_ultralytics_under12M_17models_rtx4090_v3_FIXED_OD_ONLY/kaggle_raw/shrimpdiseaseimagebd/ShrimpDiseaseImageBD An Image Dataset for Computer Vision-Based Detection of Shrimp Diseases in Bangladesh/Root/Annotated Diseased Shrimp Images/Annotated Diseased Shrimp Images/1. BG/images/BG-12-img-1.jpg,/home/drnguyenvinh/notebooks/shrimp_od_yolo_ultralytics_under12M_17models_rtx4090_v3_FIXED_OD_ONLY/kaggle_raw/shrimpdiseaseimagebd/ShrimpDiseaseImageBD An Image Dataset for Computer Vision-Based Detection of Shrimp Diseases in Bangladesh/Root/Annotated Diseased Shrimp Images/Annotated Diseased Shrimp Images/1. BG/labels/BG-12-img-1.txt,BG,BG,BG-12-img-1,2
train,/home/drnguyenvinh/notebooks/shrimp_od_yolo_ultralytics_under12M_17models_rtx4090_v3_FIXED_OD_ONLY/kaggle_raw/shrimpdiseaseimagebd/ShrimpDiseaseImageBD An Image Dataset for Computer Vision-Based Detection of Shrimp Diseases in Bangladesh/Root/Annotated Diseased Shrimp Images/Annotated Diseased Shrimp Images/4. WSSV_BG/images/WSSV_BG-50-img-2.jpg,/home/drnguyenvinh/notebooks/shrimp_od_yolo_ultralytics_under12M_17models_rtx4090_v3_FIXED_OD_ONLY/kaggle_raw/shrimpdiseaseimagebd/ShrimpDiseaseImageBD An Image Dataset for Computer Vision-Based Detection of Shrimp Diseases in Bangladesh/Root/Annotated Diseased Shrimp Images/Annotated Diseased Shrimp Images/4. WSSV_BG/labels/WSSV_BG-50-img-2.txt,WSSV_BG,WSSV_BG,WSSV_BG-50-img-2,8
train,/home/drnguyenvinh/notebooks/shrimp_od_yolo_ultralytics_under12M_17models_rtx4090_v3_FIXED_OD_ONLY/kaggle_raw/shrimpdiseaseimagebd/ShrimpDiseaseImageBD An Image Dataset for Computer Vision-Based Detection of Shrimp Diseases in Bangladesh/Root/Annotated Diseased Shrimp Images/Annotated Diseased Shrimp Images/1. BG/images/BG-8-img-1.jpg,/home/drnguyenvinh/notebooks/shrimp_od_yolo_ultralytics_under12M_17models_rtx4090_v3_FIXED_OD_ONLY/kaggle_raw/shrimpdiseaseimagebd/ShrimpDiseaseImageBD An Image Dataset for Computer Vision-Based Detection of Shrimp Diseases in Bangladesh/Root/Annotated Diseased Shrimp Images/Annotated Diseased Shrimp Images/1. BG/labels/BG-8-img-1.txt,BG,BG,BG-8-img-1,1
train,/home/drnguyenvinh/notebooks/shrimp_od_yolo_ultralytics_under12M_17models_rtx4090_v3_FIXED_OD_ONLY/kaggle_raw/shrimpdiseaseimagebd/ShrimpDiseaseImageBD An Image Dataset for Computer Vision-Based Detection of Shrimp Diseases in Bangladesh/Root/Annotated Diseased Shrimp Images/Annotated Diseased Shrimp Images/2. WSSV/images/WSSV-5-img-1.jpg,/home/drnguyenvinh/notebooks/shrimp_od_yolo_ultralytics_under12M_17models_rtx4090_v3_FIXED_OD_ONLY/kaggle_raw/shrimpdiseaseimagebd/ShrimpDiseaseImageBD An Image Dataset for Computer Vision-Based Detection of Shrimp Diseases in Bangladesh/Root/Annotated Diseased Shrimp Images/Annotated Diseased Shrimp Images/2. WSSV/labels/WSSV-5-img-1.txt,WSSV,WSSV,WSSV-5-img-1,5
train,/home/drnguyenvinh/notebooks/shrimp_od_yolo_ultralytics_under12M_17models_rtx4090_v3_FIXED_OD_ONLY/kaggle_raw/shrimpdiseaseimagebd/ShrimpDiseaseImageBD An Image Dataset for Computer Vision-Based Detection of Shrimp Diseases in Bangladesh/Root/Annotated Diseased Shrimp Images/Annotated Diseased Shrimp Images/2. WSSV/images/WSSV-72-img-1.jpg,/home/drnguyenvinh/notebooks/shrimp_od_yolo_ultralytics_under12M_17models_rtx4090_v3_FIXED_OD_ONLY/kaggle_raw/shrimpdiseaseimagebd/ShrimpDiseaseImageBD An Image Dataset for Computer Vision-Based Detection of Shrimp Diseases in Bangladesh/Root/Annotated Diseased Shrimp Images/Annotated Diseased Shrimp Images/2. WSSV/labels/WSSV-72-img-1.txt,WSSV,WSSV,WSSV-72-img-1,12
train,/home/drnguyenvinh/notebooks/shrimp_od_yolo_ultralytics_under12M_17models_rtx4090_v3_FIXED_OD_ONLY/kaggle_raw/shrimpdiseaseimagebd/ShrimpDiseaseImageBD An Image Dataset for Computer Vision-Based Detection of Shrimp Diseases in Bangladesh/Root/Annotated Diseased Shrimp Images/Annotated Diseased Shrimp Images/4. WSSV_BG/images/WSSV_BG-56-img-3.jpg,/home/drnguyenvinh/notebooks/shrimp_od_yolo_ultralytics_under12M_17models_rtx4090_v3_FIXED_OD_ONLY/kaggle_raw/shrimpdiseaseimagebd/ShrimpDiseaseImageBD An Image Dataset for Computer Vision-Based Detection of Shrimp Diseases in Bangladesh/Root/Annotated Diseased Shrimp Images/Annotated Diseased Shrimp Images/4. WSSV_BG/labels/WSSV_BG-56-img-3.txt,WSSV_BG,WSSV_BG,WSSV_BG-56-img-3,7
train,/home/drnguyenvinh/notebooks/shrimp_od_yolo_ultralytics_under12M_17models_rtx4090_v3_FIXED_OD_ONLY/kaggle_raw/shrimpdiseaseimagebd/ShrimpDiseaseImageBD An Image Dataset for Computer Vision-Based Detection of Shrimp Diseases in Bangladesh/Root/Annotated Diseased Shrimp Images/Annotated Diseased Shrimp Images/2. WSSV/images/WSSV-18-img-3.jpg,/home/drnguyenvinh/notebooks/shrimp_od_yolo_ultralytics_under12M_17models_rtx4090_v3_FIXED_OD_ONLY/kaggle_raw/shrimpdiseaseimagebd/ShrimpDiseaseImageBD An Image Dataset for Computer Vision-Based Detection of Shrimp Diseases in Bangladesh/Root/Annotated Diseased Shrimp Images/Annotated Diseased Shrimp Images/2. WSSV/labels/WSSV-18-img-3.txt,WSSV,WSSV,WSSV-18-img-3,2
train,/home/drnguyenvinh/notebooks/shrimp_od_yolo_ultralytics_under12M_17models_rtx4090_v3_FIXED_OD_ONLY/kaggle_raw/shrimpdiseaseimagebd/ShrimpDiseaseImageBD An Image Dataset for Computer Vision-Based Detection of Shrimp Diseases in Bangladesh/Root/Annotated Diseased Shrimp Images/Annotated Diseased Shrimp Images/1. BG/images/BG-22-img-1.jpg,/home/drnguyenvinh/notebooks/shrimp_od_yolo_ultralytics_under12M_17models_rtx4090_v3_FIXED_OD_ONLY/kaggle_raw/shrimpdiseaseimagebd/ShrimpDiseaseImageBD An Image Dataset for Computer Vision-Based Detection of Shrimp Diseases in Bangladesh/Root/Annotated Diseased Shrimp Images/Annotated Diseased Shrimp Images/1. BG/labels/BG-22-img-1.txt,BG,BG,BG-22-img-1,1
train,/home/drnguyenvinh/notebooks/shrimp_od_yolo_ultralytics_under12M_17models_rtx4090_v3_FIXED_OD_ONLY/kaggle_raw/shrimpdiseaseimagebd/ShrimpDiseaseImageBD An Image Dataset for Computer Vision-Based Detection of Shrimp Diseases in Bangladesh/Root/Annotated Diseased Shrimp Images/Annotated Diseased Shrimp Images/4. WSSV_BG/images/WSSV_BG-18-img-1.jpg,/home/drnguyenvinh/notebooks/shrimp_od_yolo_ultralytics_under12M_17models_rtx4090_v3_FIXED_OD_ONLY/kaggle_raw/shrimpdiseaseimagebd/ShrimpDiseaseImageBD An Image Dataset for Computer Vision-Based Detection of Shrimp Diseases in Bangladesh/Root/Annotated Diseased Shrimp Images/Annotated Diseased Shrimp Images/4. WSSV_BG/labels/WSSV_BG-18-img-1.txt,WSSV_BG,WSSV_BG,WSSV_BG-18-img-1,7
train,/home/drnguyenvinh/notebooks/shrimp_od_yolo_ultralytics_under12M_17models_rtx4090_v3_FIXED_OD_ONLY/kaggle_raw/shrimpdiseaseimagebd/ShrimpDiseaseImageBD An Image Dataset for Computer Vision-Based Detection of Shrimp Diseases in Bangladesh/Root/Annotated Diseased Shrimp Images/Annotated Diseased Shrimp Images/1. BG/images/BG-66-img-1.jpg,/home/drnguyenvinh/notebooks/shrimp_od_yolo_ultralytics_under12M_17models_rtx4090_v3_FIXED_OD_ONLY/kaggle_raw/shrimpdiseaseimagebd/ShrimpDiseaseImageBD An Image Dataset for Computer Vision-Based Detection of Shrimp Diseases in Bangladesh/Root/Annotated Diseased Shrimp Images/Annotated Diseased Shrimp Images/1. BG/labels/BG-66-img-1.txt,BG,BG,BG-66-img-1,2
train,/home/drnguyenvinh/notebooks/shrimp_od_yolo_ultralytics_under12M_17models_rtx4090_v3_FIXED_OD_ONLY/kaggle_raw/shrimpdiseaseimagebd/ShrimpDiseaseImageBD An Image Dataset for Computer Vision-Based Detection of Shrimp Diseases in Bangladesh/Root/Annotated Diseased Shrimp Images/Annotated Diseased Shrimp Images/4. WSSV_BG/images/WSSV_BG-22-img-2.jpg,/home/drnguyenvinh/notebooks/shrimp_od_yolo_ultralytics_under12M_17models_rtx4090_v3_FIXED_OD_ONLY/kaggle_raw/shrimpdiseaseimagebd/ShrimpDiseaseImageBD An Image Dataset for Computer Vision-Based Detection of Shrimp Diseases in Bangladesh/Root/Annotated Diseased Shrimp Images/Annotated Diseased Shrimp Images/4. WSSV_BG/labels/WSSV_BG-22-img-2.txt,WSSV_BG,WSSV_BG,WSSV_BG-22-img-2,8
train,/home/drnguyenvinh/notebooks/shrimp_od_yolo_ultralytics_under12M_17models_rtx4090_v3_FIXED_OD_ONLY/kaggle_raw/shrimpdiseaseimagebd/ShrimpDiseaseImageBD An Image Dataset for Computer Vision-Based Detection of Shrimp Diseases in Bangladesh/Root/Annotated Diseased Shrimp Images/Annotated Diseased Shrimp Images/4. WSSV_BG/images/WSSV_BG-8-img-1.jpg,/home/drnguyenvinh/notebooks/shrimp_od_yolo_ultralytics_under12M_17models_rtx4090_v3_FIXED_OD_ONLY/kaggle_raw/shrimpdiseaseimagebd/ShrimpDiseaseImageBD An Image Dataset for Computer Vision-Based Detection of Shrimp Diseases in Bangladesh/Root/Annotated Diseased Shrimp Images/Annotated Diseased Shrimp Images/4. WSSV_BG/labels/WSSV_BG-8-img-1.txt,WSSV_BG,WSSV_BG,WSSV_BG-8-img-1,14
train,/home/drnguyenvinh/notebooks/shrimp_od_yolo_ultralytics_under12M_17models_rtx4090_v3_FIXED_OD_ONLY/kaggle_raw/shrimpdiseaseimagebd/ShrimpDiseaseImageBD An Image Dataset for Computer Vision-Based Detection of Shrimp Diseases in Bangladesh/Root/Annotated Diseased Shrimp Images/Annotated Diseased Shrimp Images/2. WSSV/images/WSSV-16-img-1.jpg,/home/drnguyenvinh/notebooks/shrimp_od_yolo_ultralytics_under12M_17models_rtx4090_v3_FIXED_OD_ONLY/kaggle_raw/shrimpdiseaseimagebd/ShrimpDiseaseImageBD An Image Dataset for Computer Vision-Based Detection of Shrimp Diseases in Bangladesh/Root/Annotated Diseased Shrimp Images/Annotated Diseased Shrimp Images/2. WSSV/labels/WSSV-16-img-1.txt,WSSV,WSSV,WSSV-16-img-1,2
train,/home/drnguyenvinh/notebooks/shrimp_od_yolo_ultralytics_under12M_17models_rtx4090_v3_FIXED_OD_ONLY/kaggle_raw/shrimpdiseaseimagebd/ShrimpDiseaseImageBD An Image Dataset for Computer Vision-Based Detection of Shrimp Diseases in Bangladesh/Root/Annotated Diseased Shrimp Images/Annotated Diseased Shrimp Images/4. WSSV_BG/images/WSSV_BG-11-img-3.jpg,/home/drnguyenvinh/notebooks/shrimp_od_yolo_ultralytics_under12M_17models_rtx4090_v3_FIXED_OD_ONLY/kaggle_raw/shrimpdiseaseimagebd/ShrimpDiseaseImageBD An Image Dataset for Computer Vision-Based Detection of Shrimp Diseases in Bangladesh/Root/Annotated Diseased Shrimp Images/Annotated Diseased Shrimp Images/4. WSSV_BG/labels/WSSV_BG-11-img-3.txt,WSSV_BG,WSSV_BG,WSSV_BG-11-img-3,8
train,/home/drnguyenvinh/notebooks/shrimp_od_yolo_ultralytics_under12M_17models_rtx4090_v3_FIXED_OD_ONLY/kaggle_raw/shrimpdiseaseimagebd/ShrimpDiseaseImageBD An Image Dataset for Computer Vision-Based Detection of Shrimp Diseases in Bangladesh/Root/Annotated Diseased Shrimp Images/Annotated Diseased Shrimp Images/2. WSSV/images/WSSV-80-img-2.jpg,/home/drnguyenvinh/notebooks/shrimp_od_yolo_ultralytics_under12M_17models_rtx4090_v3_FIXED_OD_ONLY/kaggle_raw/shrimpdiseaseimagebd/ShrimpDiseaseImageBD An Image Dataset for Computer Vision-Based Detection of Shrimp Diseases in Bangladesh/Root/Annotated Diseased Shrimp Images/Annotated Diseased Shrimp Images/2. WSSV/labels/WSSV-80-img-2.txt,WSSV,WSSV,WSSV-80-img-2,7
train,/home/drnguyenvinh/notebooks/shrimp_od_yolo_ultralytics_under12M_17models_rtx4090_v3_FIXED_OD_ONLY/kaggle_raw/shrimpdiseaseimagebd/ShrimpDiseaseImageBD An Image Dataset for Computer Vision-Based Detection of Shrimp Diseases in Bangladesh/Root/Annotated Diseased Shrimp Images/Annotated Diseased Shrimp Images/2. WSSV/images/WSSV-8-img-1.jpg,/home/drnguyenvinh/notebooks/shrimp_od_yolo_ultralytics_under12M_17models_rtx4090_v3_FIXED_OD_ONLY/kaggle_raw/shrimpdiseaseimagebd/ShrimpDiseaseImageBD An Image Dataset for Computer Vision-Based Detection of Shrimp Diseases in Bangladesh/Root/Annotated Diseased Shrimp Images/Annotated Diseased Shrimp Images/2. WSSV/labels/WSSV-8-img-1.txt,WSSV,WSSV,WSSV-8-img-1,18
train,/home/drnguyenvinh/notebooks/shrimp_od_yolo_ultralytics_under12M_17models_rtx4090_v3_FIXED_OD_ONLY/kaggle_raw/shrimpdiseaseimagebd/ShrimpDiseaseImageBD An Image Dataset for Computer Vision-Based Detection of Shrimp Diseases in Bangladesh/Root/Annotated Diseased Shrimp Images/Annotated Diseased Shrimp Images/1. BG/images/BG-25-img-3.jpg,/home/drnguyenvinh/notebooks/shrimp_od_yolo_ultralytics_under12M_17models_rtx4090_v3_FIXED_OD_ONLY/kaggle_raw/shrimpdiseaseimagebd/ShrimpDiseaseImageBD An Image Dataset for Computer Vision-Based Detection of Shrimp Diseases in Bangladesh/Root/Annotated Diseased Shrimp Images/Annotated Diseased Shrimp Images/1. BG/labels/BG-25-img-3.txt,BG,BG,BG-25-img-3,1
train,/home/drnguyenvinh/notebooks/shrimp_od_yolo_ultralytics_under12M_17models_rtx4090_v3_FIXED_OD_ONLY/kaggle_raw/shrimpdiseaseimagebd/ShrimpDiseaseImageBD An Image Dataset for Computer Vision-Based Detection of Shrimp Diseases in Bangladesh/Root/Annotated Diseased Shrimp Images/Annotated Diseased Shrimp Images/2. WSSV/images/WSSV-54-img-1.jpg,/home/drnguyenvinh/notebooks/shrimp_od_yolo_ultralytics_under12M_17models_rtx4090_v3_FIXED_OD_ONLY/kaggle_raw/shrimpdiseaseimagebd/ShrimpDiseaseImageBD An Image Dataset for Computer Vision-Based Detection of Shrimp Diseases in Bangladesh/Root/Annotated Diseased Shrimp Images/Annotated Diseased Shrimp Images/2. WSSV/labels/WSSV-54-img-1.txt,WSSV,WSSV,WSSV-54-img-1,19
train,/home/drnguyenvinh/notebooks/shrimp_od_yolo_ultralytics_under12M_17models_rtx4090_v3_FIXED_OD_ONLY/kaggle_raw/shrimpdiseaseimagebd/ShrimpDiseaseImageBD An Image Dataset for Computer Vision-Based Detection of Shrimp Diseases in Bangladesh/Root/Annotated Diseased Shrimp Images/Annotated Diseased Shrimp Images/1. BG/images/BG-12-img-2.jpg,/home/drnguyenvinh/notebooks/shrimp_od_yolo_ultralytics_under12M_17models_rtx4090_v3_FIXED_OD_ONLY/kaggle_raw/shrimpdiseaseimagebd/ShrimpDiseaseImageBD An Image Dataset for Computer Vision-Based Detection of Shrimp Diseases in Bangladesh/Root/Annotated Diseased Shrimp Images/Annotated Diseased Shrimp Images/1. BG/labels/BG-12-img-2.txt,BG,BG,BG-12-img-2,1
train,/home/drnguyenvinh/notebooks/shrimp_od_yolo_ultralytics_under12M_17models_rtx4090_v3_FIXED_OD_ONLY/kaggle_raw/shrimpdiseaseimagebd/ShrimpDiseaseImageBD An Image Dataset for Computer Vision-Based Detection of Shrimp Diseases in Bangladesh/Root/Annotated Diseased Shrimp Images/Annotated Diseased Shrimp Images/4. WSSV_BG/images/WSSV_BG-36-img-1.jpg,/home/drnguyenvinh/notebooks/shrimp_od_yolo_ultralytics_under12M_17models_rtx4090_v3_FIXED_OD_ONLY/kaggle_raw/shrimpdiseaseimagebd/ShrimpDiseaseImageBD An Image Dataset for Computer Vision-Based Detection of Shrimp Diseases in Bangladesh/Root/Annotated Diseased Shrimp Images/Annotated Diseased Shrimp Images/4. WSSV_BG/labels/WSSV_BG-36-img-1.txt,WSSV_BG,WSSV_BG,WSSV_BG-36-img-1,6
train,/home/drnguyenvinh/notebooks/shrimp_od_yolo_ultralytics_under12M_17models_rtx4090_v3_FIXED_OD_ONLY/kaggle_raw/shrimpdiseaseimagebd/ShrimpDiseaseImageBD An Image Dataset for Computer Vision-Based Detection of Shrimp Diseases in Bangladesh/Root/Annotated Diseased Shrimp Images/Annotated Diseased Shrimp Images/4. WSSV_BG/images/WSSV_BG-9-img-3.jpg,/home/drnguyenvinh/notebooks/shrimp_od_yolo_ultralytics_under12M_17models_rtx4090_v3_FIXED_OD_ONLY/kaggle_raw/shrimpdiseaseimagebd/ShrimpDiseaseImageBD An Image Dataset for Computer Vision-Based Detection of Shrimp Diseases in Bangladesh/Root/Annotated Diseased Shrimp Images/Annotated Diseased Shrimp Images/4. WSSV_BG/labels/WSSV_BG-9-img-3.txt,WSSV_BG,WSSV_BG,WSSV_BG-9-img-3,13
train,/home/drnguyenvinh/notebooks/shrimp_od_yolo_ultralytics_under12M_17models_rtx4090_v3_FIXED_OD_ONLY/kaggle_raw/shrimpdiseaseimagebd/ShrimpDiseaseImageBD An Image Dataset for Computer Vision-Based Detection of Shrimp Diseases in Bangladesh/Root/Annotated Diseased Shrimp Images/Annotated Diseased Shrimp Images/1. BG/images/BG-51-img-3.jpg,/home/drnguyenvinh/notebooks/shrimp_od_yolo_ultralytics_under12M_17models_rtx4090_v3_FIXED_OD_ONLY/kaggle_raw/shrimpdiseaseimagebd/ShrimpDiseaseImageBD An Image Dataset for Computer Vision-Based Detection of Shrimp Diseases in Bangladesh/Root/Annotated Diseased Shrimp Images/Annotated Diseased Shrimp Images/1. BG/labels/BG-51-img-3.txt,BG,BG,BG-51-img-3,3
train,/home/drnguyenvinh/notebooks/shrimp_od_yolo_ultralytics_under12M_17models_rtx4090_v3_FIXED_OD_ONLY/kaggle_raw/shrimpdiseaseimagebd/ShrimpDiseaseImageBD An Image Dataset for Computer Vision-Based Detection of Shrimp Diseases in Bangladesh/Root/Annotated Diseased Shrimp Images/Annotated Diseased Shrimp Images/1. BG/images/BG-49-img-3.jpg,/home/drnguyenvinh/notebooks/shrimp_od_yolo_ultralytics_under12M_17models_rtx4090_v3_FIXED_OD_ONLY/kaggle_raw/shrimpdiseaseimagebd/ShrimpDiseaseImageBD An Image Dataset for Computer Vision-Based Detection of Shrimp Diseases in Bangladesh/Root/Annotated Diseased Shrimp Images/Annotated Diseased Shrimp Images/1. BG/labels/BG-49-img-3.txt,BG,BG,BG-49-img-3,3
train,/home/drnguyenvinh/notebooks/shrimp_od_yolo_ultralytics_under12M_17models_rtx4090_v3_FIXED_OD_ONLY/kaggle_raw/shrimpdiseaseimagebd/ShrimpDiseaseImageBD An Image Dataset for Computer Vision-Based Detection of Shrimp Diseases in Bangladesh/Root/Annotated Diseased Shrimp Images/Annotated Diseased Shrimp Images/1. BG/images/BG-28-img-1.jpg,/home/drnguyenvinh/notebooks/shrimp_od_yolo_ultralytics_under12M_17models_rtx4090_v3_FIXED_OD_ONLY/kaggle_raw/shrimpdiseaseimagebd/ShrimpDiseaseImageBD An Image Dataset for Computer Vision-Based Detection of Shrimp Diseases in Bangladesh/Root/Annotated Diseased Shrimp Images/Annotated Diseased Shrimp Images/1. BG/labels/BG-28-img-1.txt,BG,BG,BG-28-img-1,1
train,/home/drnguyenvinh/notebooks/shrimp_od_yolo_ultralytics_under12M_17models_rtx4090_v3_FIXED_OD_ONLY/kaggle_raw/shrimpdiseaseimagebd/ShrimpDiseaseImageBD An Image Dataset for Computer Vision-Based Detection of Shrimp Diseases in Bangladesh/Root/Annotated Diseased Shrimp Images/Annotated Diseased Shrimp Images/4. WSSV_BG/images/WSSV_BG-26-img-3.jpg,/home/drnguyenvinh/notebooks/shrimp_od_yolo_ultralytics_under12M_17models_rtx4090_v3_FIXED_OD_ONLY/kaggle_raw/shrimpdiseaseimagebd/ShrimpDiseaseImageBD An Image Dataset for Computer Vision-Based Detection of Shrimp Diseases in Bangladesh/Root/Annotated Diseased Shrimp Images/Annotated Diseased Shrimp Images/4. WSSV_BG/labels/WSSV_BG-26-img-3.txt,WSSV_BG,WSSV_BG,WSSV_BG-26-img-3,10
train,/home/drnguyenvinh/notebooks/shrimp_od_yolo_ultralytics_under12M_17models_rtx4090_v3_FIXED_OD_ONLY/kaggle_raw/shrimpdiseaseimagebd/ShrimpDiseaseImageBD An Image Dataset for Computer Vision-Based Detection of Shrimp Diseases in Bangladesh/Root/Annotated Diseased Shrimp Images/Annotated Diseased Shrimp Images/1. BG/images/BG-71-img-2.jpg,/home/drnguyenvinh/notebooks/shrimp_od_yolo_ultralytics_under12M_17models_rtx4090_v3_FIXED_OD_ONLY/kaggle_raw/shrimpdiseaseimagebd/ShrimpDiseaseImageBD An Image Dataset for Computer Vision-Based Detection of Shrimp Diseases in Bangladesh/Root/Annotated Diseased Shrimp Images/Annotated Diseased Shrimp Images/1. BG/labels/BG-71-img-2.txt,BG,BG,BG-71-img-2,11
train,/home/drnguyenvinh/notebooks/shrimp_od_yolo_ultralytics_under12M_17models_rtx4090_v3_FIXED_OD_ONLY/kaggle_raw/shrimpdiseaseimagebd/ShrimpDiseaseImageBD An Image Dataset for Computer Vision-Based Detection of Shrimp Diseases in Bangladesh/Root/Annotated Diseased Shrimp Images/Annotated Diseased Shrimp Images/4. WSSV_BG/images/WSSV_BG-65-img-2.jpg,/home/drnguyenvinh/notebooks/shrimp_od_yolo_ultralytics_under12M_17models_rtx4090_v3_FIXED_OD_ONLY/kaggle_raw/shrimpdiseaseimagebd/ShrimpDiseaseImageBD An Image Dataset for Computer Vision-Based Detection of Shrimp Diseases in Bangladesh/Root/Annotated Diseased Shrimp Images/Annotated Diseased Shrimp Images/4. WSSV_BG/labels/WSSV_BG-65-img-2.txt,WSSV_BG,WSSV_BG,WSSV_BG-65-img-2,14
train,/home/drnguyenvinh/notebooks/shrimp_od_yolo_ultralytics_under12M_17models_rtx4090_v3_FIXED_OD_ONLY/kaggle_raw/shrimpdiseaseimagebd/ShrimpDiseaseImageBD An Image Dataset for Computer Vision-Based Detection of Shrimp Diseases in Bangladesh/Root/Annotated Diseased Shrimp Images/Annotated Diseased Shrimp Images/2. WSSV/images/WSSV-76-img-2.jpg,/home/drnguyenvinh/notebooks/shrimp_od_yolo_ultralytics_under12M_17models_rtx4090_v3_FIXED_OD_ONLY/kaggle_raw/shrimpdiseaseimagebd/ShrimpDiseaseImageBD An Image Dataset for Computer Vision-Based Detection of Shrimp Diseases in Bangladesh/Root/Annotated Diseased Shrimp Images/Annotated Diseased Shrimp Images/2. WSSV/labels/WSSV-76-img-2.txt,WSSV,WSSV,WSSV-76-img-2,7
train,/home/drnguyenvinh/notebooks/shrimp_od_yolo_ultralytics_under12M_17models_rtx4090_v3_FIXED_OD_ONLY/kaggle_raw/shrimpdiseaseimagebd/ShrimpDiseaseImageBD An Image Dataset for Computer Vision-Based Detection of Shrimp Diseases in Bangladesh/Root/Annotated Diseased Shrimp Images/Annotated Diseased Shrimp Images/1. BG/images/BG-56-img-1.jpg,/home/drnguyenvinh/notebooks/shrimp_od_yolo_ultralytics_under12M_17models_rtx4090_v3_FIXED_OD_ONLY/kaggle_raw/shrimpdiseaseimagebd/ShrimpDiseaseImageBD An Image Dataset for Computer Vision-Based Detection of Shrimp Diseases in Bangladesh/Root/Annotated Diseased Shrimp Images/Annotated Diseased Shrimp Images/1. BG/labels/BG-56-img-1.txt,BG,BG,BG-56-img-1,1
train,/home/drnguyenvinh/notebooks/shrimp_od_yolo_ultralytics_under12M_17models_rtx4090_v3_FIXED_OD_ONLY/kaggle_raw/shrimpdiseaseimagebd/ShrimpDiseaseImageBD An Image Dataset for Computer Vision-Based Detection of Shrimp Diseases in Bangladesh/Root/Annotated Diseased Shrimp Images/Annotated Diseased Shrimp Images/4. WSSV_BG/images/WSSV_BG-55-img-1.jpg,/home/drnguyenvinh/notebooks/shrimp_od_yolo_ultralytics_under12M_17models_rtx4090_v3_FIXED_OD_ONLY/kaggle_raw/shrimpdiseaseimagebd/ShrimpDiseaseImageBD An Image Dataset for Computer Vision-Based Detection of Shrimp Diseases in Bangladesh/Root/Annotated Diseased Shrimp Images/Annotated Diseased Shrimp Images/4. WSSV_BG/labels/WSSV_BG-55-img-1.txt,WSSV_BG,WSSV_BG,WSSV_BG-55-img-1,6
train,/home/drnguyenvinh/notebooks/shrimp_od_yolo_ultralytics_under12M_17models_rtx4090_v3_FIXED_OD_ONLY/kaggle_raw/shrimpdiseaseimagebd/ShrimpDiseaseImageBD An Image Dataset for Computer Vision-Based Detection of Shrimp Diseases in Bangladesh/Root/Annotated Diseased Shrimp Images/Annotated Diseased Shrimp Images/1. BG/images/BG-1-img-1.jpg,/home/drnguyenvinh/notebooks/shrimp_od_yolo_ultralytics_under12M_17models_rtx4090_v3_FIXED_OD_ONLY/kaggle_raw/shrimpdiseaseimagebd/ShrimpDiseaseImageBD An Image Dataset for Computer Vision-Based Detection of Shrimp Diseases in Bangladesh/Root/Annotated Diseased Shrimp Images/Annotated Diseased Shrimp Images/1. BG/labels/BG-1-img-1.txt,BG,BG,BG-1-img-1,1
train,/home/drnguyenvinh/notebooks/shrimp_od_yolo_ultralytics_under12M_17models_rtx4090_v3_FIXED_OD_ONLY/kaggle_raw/shrimpdiseaseimagebd/ShrimpDiseaseImageBD An Image Dataset for Computer Vision-Based Detection of Shrimp Diseases in Bangladesh/Root/Annotated Diseased Shrimp Images/Annotated Diseased Shrimp Images/4. WSSV_BG/images/WSSV_BG-4-img-2.jpg,/home/drnguyenvinh/notebooks/shrimp_od_yolo_ultralytics_under12M_17models_rtx4090_v3_FIXED_OD_ONLY/kaggle_raw/shrimpdiseaseimagebd/ShrimpDiseaseImageBD An Image Dataset for Computer Vision-Based Detection of Shrimp Diseases in Bangladesh/Root/Annotated Diseased Shrimp Images/Annotated Diseased Shrimp Images/4. WSSV_BG/labels/WSSV_BG-4-img-2.txt,WSSV_BG,WSSV_BG,WSSV_BG-4-img-2,9
train,/home/drnguyenvinh/notebooks/shrimp_od_yolo_ultralytics_under12M_17models_rtx4090_v3_FIXED_OD_ONLY/kaggle_raw/shrimpdiseaseimagebd/ShrimpDiseaseImageBD An Image Dataset for Computer Vision-Based Detection of Shrimp Diseases in Bangladesh/Root/Annotated Diseased Shrimp Images/Annotated Diseased Shrimp Images/2. WSSV/images/WSSV-68-img-2.jpg,/home/drnguyenvinh/notebooks/shrimp_od_yolo_ultralytics_under12M_17models_rtx4090_v3_FIXED_OD_ONLY/kaggle_raw/shrimpdiseaseimagebd/ShrimpDiseaseImageBD An Image Dataset for Computer Vision-Based Detection of Shrimp Diseases in Bangladesh/Root/Annotated Diseased Shrimp Images/Annotated Diseased Shrimp Images/2. WSSV/labels/WSSV-68-img-2.txt,WSSV,WSSV,WSSV-68-img-2,17
train,/home/drnguyenvinh/notebooks/shrimp_od_yolo_ultralytics_under12M_17models_rtx4090_v3_FIXED_OD_ONLY/kaggle_raw/shrimpdiseaseimagebd/ShrimpDiseaseImageBD An Image Dataset for Computer Vision-Based Detection of Shrimp Diseases in Bangladesh/Root/Annotated Diseased Shrimp Images/Annotated Diseased Shrimp Images/1. BG/images/BG-66-img-2.jpg,/home/drnguyenvinh/notebooks/shrimp_od_yolo_ultralytics_under12M_17models_rtx4090_v3_FIXED_OD_ONLY/kaggle_raw/shrimpdiseaseimagebd/ShrimpDiseaseImageBD An Image Dataset for Computer Vision-Based Detection of Shrimp Diseases in Bangladesh/Root/Annotated Diseased Shrimp Images/Annotated Diseased Shrimp Images/1. BG/labels/BG-66-img-2.txt,BG,BG,BG-66-img-2,1
train,/home/drnguyenvinh/notebooks/shrimp_od_yolo_ultralytics_under12M_17models_rtx4090_v3_FIXED_OD_ONLY/kaggle_raw/shrimpdiseaseimagebd/ShrimpDiseaseImageBD An Image Dataset for Computer Vision-Based Detection of Shrimp Diseases in Bangladesh/Root/Annotated Diseased Shrimp Images/Annotated Diseased Shrimp Images/2. WSSV/images/WSSV-45-img-2.jpg,/home/drnguyenvinh/notebooks/shrimp_od_yolo_ultralytics_under12M_17models_rtx4090_v3_FIXED_OD_ONLY/kaggle_raw/shrimpdiseaseimagebd/ShrimpDiseaseImageBD An Image Dataset for Computer Vision-Based Detection of Shrimp Diseases in Bangladesh/Root/Annotated Diseased Shrimp Images/Annotated Diseased Shrimp Images/2. WSSV/labels/WSSV-45-img-2.txt,WSSV,WSSV,WSSV-45-img-2,8
train,/home/drnguyenvinh/notebooks/shrimp_od_yolo_ultralytics_under12M_17models_rtx4090_v3_FIXED_OD_ONLY/kaggle_raw/shrimpdiseaseimagebd/ShrimpDiseaseImageBD An Image Dataset for Computer Vision-Based Detection of Shrimp Diseases in Bangladesh/Root/Annotated Diseased Shrimp Images/Annotated Diseased Shrimp Images/2. WSSV/images/WSSV-60-img-3.jpg,/home/drnguyenvinh/notebooks/shrimp_od_yolo_ultralytics_under12M_17models_rtx4090_v3_FIXED_OD_ONLY/kaggle_raw/shrimpdiseaseimagebd/ShrimpDiseaseImageBD An Image Dataset for Computer Vision-Based Detection of Shrimp Diseases in Bangladesh/Root/Annotated Diseased Shrimp Images/Annotated Diseased Shrimp Images/2. WSSV/labels/WSSV-60-img-3.txt,WSSV,WSSV,WSSV-60-img-3,1
train,/home/drnguyenvinh/notebooks/shrimp_od_yolo_ultralytics_under12M_17models_rtx4090_v3_FIXED_OD_ONLY/kaggle_raw/shrimpdiseaseimagebd/ShrimpDiseaseImageBD An Image Dataset for Computer Vision-Based Detection of Shrimp Diseases in Bangladesh/Root/Annotated Diseased Shrimp Images/Annotated Diseased Shrimp Images/4. WSSV_BG/images/WSSV_BG-40-img-2.jpg,/home/drnguyenvinh/notebooks/shrimp_od_yolo_ultralytics_under12M_17models_rtx4090_v3_FIXED_OD_ONLY/kaggle_raw/shrimpdiseaseimagebd/ShrimpDiseaseImageBD An Image Dataset for Computer Vision-Based Detection of Shrimp Diseases in Bangladesh/Root/Annotated Diseased Shrimp Images/Annotated Diseased Shrimp Images/4. WSSV_BG/labels/WSSV_BG-40-img-2.txt,WSSV_BG,WSSV_BG,WSSV_BG-40-img-2,7
train,/home/drnguyenvinh/notebooks/shrimp_od_yolo_ultralytics_under12M_17models_rtx4090_v3_FIXED_OD_ONLY/kaggle_raw/shrimpdiseaseimagebd/ShrimpDiseaseImageBD An Image Dataset for Computer Vision-Based Detection of Shrimp Diseases in Bangladesh/Root/Annotated Diseased Shrimp Images/Annotated Diseased Shrimp Images/2. WSSV/images/WSSV-72-img-3.jpg,/home/drnguyenvinh/notebooks/shrimp_od_yolo_ultralytics_under12M_17models_rtx4090_v3_FIXED_OD_ONLY/kaggle_raw/shrimpdiseaseimagebd/ShrimpDiseaseImageBD An Image Dataset for Computer Vision-Based Detection of Shrimp Diseases in Bangladesh/Root/Annotated Diseased Shrimp Images/Annotated Diseased Shrimp Images/2. WSSV/labels/WSSV-72-img-3.txt,WSSV,WSSV,WSSV-72-img-3,15
train,/home/drnguyenvinh/notebooks/shrimp_od_yolo_ultralytics_under12M_17models_rtx4090_v3_FIXED_OD_ONLY/kaggle_raw/shrimpdiseaseimagebd/ShrimpDiseaseImageBD An Image Dataset for Computer Vision-Based Detection of Shrimp Diseases in Bangladesh/Root/Annotated Diseased Shrimp Images/Annotated Diseased Shrimp Images/4. WSSV_BG/images/WSSV_BG-58-img-2.jpg,/home/drnguyenvinh/notebooks/shrimp_od_yolo_ultralytics_under12M_17models_rtx4090_v3_FIXED_OD_ONLY/kaggle_raw/shrimpdiseaseimagebd/ShrimpDiseaseImageBD An Image Dataset for Computer Vision-Based Detection of Shrimp Diseases in Bangladesh/Root/Annotated Diseased Shrimp Images/Annotated Diseased Shrimp Images/4. WSSV_BG/labels/WSSV_BG-58-img-2.txt,WSSV_BG,WSSV_BG,WSSV_BG-58-img-2,4
train,/home/drnguyenvinh/notebooks/shrimp_od_yolo_ultralytics_under12M_17models_rtx4090_v3_FIXED_OD_ONLY/kaggle_raw/shrimpdiseaseimagebd/ShrimpDiseaseImageBD An Image Dataset for Computer Vision-Based Detection of Shrimp Diseases in Bangladesh/Root/Annotated Diseased Shrimp Images/Annotated Diseased Shrimp Images/1. BG/images/BG-41-img-1.jpg,/home/drnguyenvinh/notebooks/shrimp_od_yolo_ultralytics_under12M_17models_rtx4090_v3_FIXED_OD_ONLY/kaggle_raw/shrimpdiseaseimagebd/ShrimpDiseaseImageBD An Image Dataset for Computer Vision-Based Detection of Shrimp Diseases in Bangladesh/Root/Annotated Diseased Shrimp Images/Annotated Diseased Shrimp Images/1. BG/labels/BG-41-img-1.txt,BG,BG,BG-41-img-1,4
train,/home/drnguyenvinh/notebooks/shrimp_od_yolo_ultralytics_under12M_17models_rtx4090_v3_FIXED_OD_ONLY/kaggle_raw/shrimpdiseaseimagebd/ShrimpDiseaseImageBD An Image Dataset for Computer Vision-Based Detection of Shrimp Diseases in Bangladesh/Root/Annotated Diseased Shrimp Images/Annotated Diseased Shrimp Images/4. WSSV_BG/images/WSSV_BG-19-img-1.jpg,/home/drnguyenvinh/notebooks/shrimp_od_yolo_ultralytics_under12M_17models_rtx4090_v3_FIXED_OD_ONLY/kaggle_raw/shrimpdiseaseimagebd/ShrimpDiseaseImageBD An Image Dataset for Computer Vision-Based Detection of Shrimp Diseases in Bangladesh/Root/Annotated Diseased Shrimp Images/Annotated Diseased Shrimp Images/4. WSSV_BG/labels/WSSV_BG-19-img-1.txt,WSSV_BG,WSSV_BG,WSSV_BG-19-img-1,8
train,/home/drnguyenvinh/notebooks/shrimp_od_yolo_ultralytics_under12M_17models_rtx4090_v3_FIXED_OD_ONLY/kaggle_raw/shrimpdiseaseimagebd/ShrimpDiseaseImageBD An Image Dataset for Computer Vision-Based Detection of Shrimp Diseases in Bangladesh/Root/Annotated Diseased Shrimp Images/Annotated Diseased Shrimp Images/2. WSSV/images/WSSV-7-img-2.jpg,/home/drnguyenvinh/notebooks/shrimp_od_yolo_ultralytics_under12M_17models_rtx4090_v3_FIXED_OD_ONLY/kaggle_raw/shrimpdiseaseimagebd/ShrimpDiseaseImageBD An Image Dataset for Computer Vision-Based Detection of Shrimp Diseases in Bangladesh/Root/Annotated Diseased Shrimp Images/Annotated Diseased Shrimp Images/2. WSSV/labels/WSSV-7-img-2.txt,WSSV,WSSV,WSSV-7-img-2,1
train,/home/drnguyenvinh/notebooks/shrimp_od_yolo_ultralytics_under12M_17models_rtx4090_v3_FIXED_OD_ONLY/kaggle_raw/shrimpdiseaseimagebd/ShrimpDiseaseImageBD An Image Dataset for Computer Vision-Based Detection of Shrimp Diseases in Bangladesh/Root/Annotated Diseased Shrimp Images/Annotated Diseased Shrimp Images/2. WSSV/images/WSSV-112-img-3.jpg,/home/drnguyenvinh/notebooks/shrimp_od_yolo_ultralytics_under12M_17models_rtx4090_v3_FIXED_OD_ONLY/kaggle_raw/shrimpdiseaseimagebd/ShrimpDiseaseImageBD An Image Dataset for Computer Vision-Based Detection of Shrimp Diseases in Bangladesh/Root/Annotated Diseased Shrimp Images/Annotated Diseased Shrimp Images/2. WSSV/labels/WSSV-112-img-3.txt,WSSV,WSSV,WSSV-112-img-3,4
train,/home/drnguyenvinh/notebooks/shrimp_od_yolo_ultralytics_under12M_17models_rtx4090_v3_FIXED_OD_ONLY/kaggle_raw/shrimpdiseaseimagebd/ShrimpDiseaseImageBD An Image Dataset for Computer Vision-Based Detection of Shrimp Diseases in Bangladesh/Root/Annotated Diseased Shrimp Images/Annotated Diseased Shrimp Images/2. WSSV/images/WSSV-30-img-3.jpg,/home/drnguyenvinh/notebooks/shrimp_od_yolo_ultralytics_under12M_17models_rtx4090_v3_FIXED_OD_ONLY/kaggle_raw/shrimpdiseaseimagebd/ShrimpDiseaseImageBD An Image Dataset for Computer Vision-Based Detection of Shrimp Diseases in Bangladesh/Root/Annotated Diseased Shrimp Images/Annotated Diseased Shrimp Images/2. WSSV/labels/WSSV-30-img-3.txt,WSSV,WSSV,WSSV-30-img-3,12
train,/home/drnguyenvinh/notebooks/shrimp_od_yolo_ultralytics_under12M_17models_rtx4090_v3_FIXED_OD_ONLY/kaggle_raw/shrimpdiseaseimagebd/ShrimpDiseaseImageBD An Image Dataset for Computer Vision-Based Detection of Shrimp Diseases in Bangladesh/Root/Annotated Diseased Shrimp Images/Annotated Diseased Shrimp Images/2. WSSV/images/WSSV-112-img-1.jpg,/home/drnguyenvinh/notebooks/shrimp_od_yolo_ultralytics_under12M_17models_rtx4090_v3_FIXED_OD_ONLY/kaggle_raw/shrimpdiseaseimagebd/ShrimpDiseaseImageBD An Image Dataset for Computer Vision-Based Detection of Shrimp Diseases in Bangladesh/Root/Annotated Diseased Shrimp Images/Annotated Diseased Shrimp Images/2. WSSV/labels/WSSV-112-img-1.txt,WSSV,WSSV,WSSV-112-img-1,3
train,/home/drnguyenvinh/notebooks/shrimp_od_yolo_ultralytics_under12M_17models_rtx4090_v3_FIXED_OD_ONLY/kaggle_raw/shrimpdiseaseimagebd/ShrimpDiseaseImageBD An Image Dataset for Computer Vision-Based Detection of Shrimp Diseases in Bangladesh/Root/Annotated Diseased Shrimp Images/Annotated Diseased Shrimp Images/1. BG/images/BG-35-img-2.jpg,/home/drnguyenvinh/notebooks/shrimp_od_yolo_ultralytics_under12M_17models_rtx4090_v3_FIXED_OD_ONLY/kaggle_raw/shrimpdiseaseimagebd/ShrimpDiseaseImageBD An Image Dataset for Computer Vision-Based Detection of Shrimp Diseases in Bangladesh/Root/Annotated Diseased Shrimp Images/Annotated Diseased Shrimp Images/1. BG/labels/BG-35-img-2.txt,BG,BG,BG-35-img-2,2
train,/home/drnguyenvinh/notebooks/shrimp_od_yolo_ultralytics_under12M_17models_rtx4090_v3_FIXED_OD_ONLY/kaggle_raw/shrimpdiseaseimagebd/ShrimpDiseaseImageBD An Image Dataset for Computer Vision-Based Detection of Shrimp Diseases in Bangladesh/Root/Annotated Diseased Shrimp Images/Annotated Diseased Shrimp Images/2. WSSV/images/WSSV-49-img-1.jpg,/home/drnguyenvinh/notebooks/shrimp_od_yolo_ultralytics_under12M_17models_rtx4090_v3_FIXED_OD_ONLY/kaggle_raw/shrimpdiseaseimagebd/ShrimpDiseaseImageBD An Image Dataset for Computer Vision-Based Detection of Shrimp Diseases in Bangladesh/Root/Annotated Diseased Shrimp Images/Annotated Diseased Shrimp Images/2. WSSV/labels/WSSV-49-img-1.txt,WSSV,WSSV,WSSV-49-img-1,19
train,/home/drnguyenvinh/notebooks/shrimp_od_yolo_ultralytics_under12M_17models_rtx4090_v3_FIXED_OD_ONLY/kaggle_raw/shrimpdiseaseimagebd/ShrimpDiseaseImageBD An Image Dataset for Computer Vision-Based Detection of Shrimp Diseases in Bangladesh/Root/Annotated Diseased Shrimp Images/Annotated Diseased Shrimp Images/2. WSSV/images/WSSV-61-img-1.jpg,/home/drnguyenvinh/notebooks/shrimp_od_yolo_ultralytics_under12M_17models_rtx4090_v3_FIXED_OD_ONLY/kaggle_raw/shrimpdiseaseimagebd/ShrimpDiseaseImageBD An Image Dataset for Computer Vision-Based Detection of Shrimp Diseases in Bangladesh/Root/Annotated Diseased Shrimp Images/Annotated Diseased Shrimp Images/2. WSSV/labels/WSSV-61-img-1.txt,WSSV,WSSV,WSSV-61-img-1,8
train,/home/drnguyenvinh/notebooks/shrimp_od_yolo_ultralytics_under12M_17models_rtx4090_v3_FIXED_OD_ONLY/kaggle_raw/shrimpdiseaseimagebd/ShrimpDiseaseImageBD An Image Dataset for Computer Vision-Based Detection of Shrimp Diseases in Bangladesh/Root/Annotated Diseased Shrimp Images/Annotated Diseased Shrimp Images/4. WSSV_BG/images/WSSV_BG-22-img-3.jpg,/home/drnguyenvinh/notebooks/shrimp_od_yolo_ultralytics_under12M_17models_rtx4090_v3_FIXED_OD_ONLY/kaggle_raw/shrimpdiseaseimagebd/ShrimpDiseaseImageBD An Image Dataset for Computer Vision-Based Detection of Shrimp Diseases in Bangladesh/Root/Annotated Diseased Shrimp Images/Annotated Diseased Shrimp Images/4. WSSV_BG/labels/WSSV_BG-22-img-3.txt,WSSV_BG,WSSV_BG,WSSV_BG-22-img-3,10
train,/home/drnguyenvinh/notebooks/shrimp_od_yolo_ultralytics_under12M_17models_rtx4090_v3_FIXED_OD_ONLY/kaggle_raw/shrimpdiseaseimagebd/ShrimpDiseaseImageBD An Image Dataset for Computer Vision-Based Detection of Shrimp Diseases in Bangladesh/Root/Annotated Diseased Shrimp Images/Annotated Diseased Shrimp Images/2. WSSV/images/WSSV-46-img-3.jpg,/home/drnguyenvinh/notebooks/shrimp_od_yolo_ultralytics_under12M_17models_rtx4090_v3_FIXED_OD_ONLY/kaggle_raw/shrimpdiseaseimagebd/ShrimpDiseaseImageBD An Image Dataset for Computer Vision-Based Detection of Shrimp Diseases in Bangladesh/Root/Annotated Diseased Shrimp Images/Annotated Diseased Shrimp Images/2. WSSV/labels/WSSV-46-img-3.txt,WSSV,WSSV,WSSV-46-img-3,13
train,/home/drnguyenvinh/notebooks/shrimp_od_yolo_ultralytics_under12M_17models_rtx4090_v3_FIXED_OD_ONLY/kaggle_raw/shrimpdiseaseimagebd/ShrimpDiseaseImageBD An Image Dataset for Computer Vision-Based Detection of Shrimp Diseases in Bangladesh/Root/Annotated Diseased Shrimp Images/Annotated Diseased Shrimp Images/2. WSSV/images/WSSV-39-img-1.jpg,/home/drnguyenvinh/notebooks/shrimp_od_yolo_ultralytics_under12M_17models_rtx4090_v3_FIXED_OD_ONLY/kaggle_raw/shrimpdiseaseimagebd/ShrimpDiseaseImageBD An Image Dataset for Computer Vision-Based Detection of Shrimp Diseases in Bangladesh/Root/Annotated Diseased Shrimp Images/Annotated Diseased Shrimp Images/2. WSSV/labels/WSSV-39-img-1.txt,WSSV,WSSV,WSSV-39-img-1,3
train,/home/drnguyenvinh/notebooks/shrimp_od_yolo_ultralytics_under12M_17models_rtx4090_v3_FIXED_OD_ONLY/kaggle_raw/shrimpdiseaseimagebd/ShrimpDiseaseImageBD An Image Dataset for Computer Vision-Based Detection of Shrimp Diseases in Bangladesh/Root/Annotated Diseased Shrimp Images/Annotated Diseased Shrimp Images/2. WSSV/images/WSSV-96-img-2.jpg,/home/drnguyenvinh/notebooks/shrimp_od_yolo_ultralytics_under12M_17models_rtx4090_v3_FIXED_OD_ONLY/kaggle_raw/shrimpdiseaseimagebd/ShrimpDiseaseImageBD An Image Dataset for Computer Vision-Based Detection of Shrimp Diseases in Bangladesh/Root/Annotated Diseased Shrimp Images/Annotated Diseased Shrimp Images/2. WSSV/labels/WSSV-96-img-2.txt,WSSV,WSSV,WSSV-96-img-2,9
train,/home/drnguyenvinh/notebooks/shrimp_od_yolo_ultralytics_under12M_17models_rtx4090_v3_FIXED_OD_ONLY/kaggle_raw/shrimpdiseaseimagebd/ShrimpDiseaseImageBD An Image Dataset for Computer Vision-Based Detection of Shrimp Diseases in Bangladesh/Root/Annotated Diseased Shrimp Images/Annotated Diseased Shrimp Images/4. WSSV_BG/images/WSSV_BG-9-img-1.jpg,/home/drnguyenvinh/notebooks/shrimp_od_yolo_ultralytics_under12M_17models_rtx4090_v3_FIXED_OD_ONLY/kaggle_raw/shrimpdiseaseimagebd/ShrimpDiseaseImageBD An Image Dataset for Computer Vision-Based Detection of Shrimp Diseases in Bangladesh/Root/Annotated Diseased Shrimp Images/Annotated Diseased Shrimp Images/4. WSSV_BG/labels/WSSV_BG-9-img-1.txt,WSSV_BG,WSSV_BG,WSSV_BG-9-img-1,14
train,/home/drnguyenvinh/notebooks/shrimp_od_yolo_ultralytics_under12M_17models_rtx4090_v3_FIXED_OD_ONLY/kaggle_raw/shrimpdiseaseimagebd/ShrimpDiseaseImageBD An Image Dataset for Computer Vision-Based Detection of Shrimp Diseases in Bangladesh/Root/Annotated Diseased Shrimp Images/Annotated Diseased Shrimp Images/1. BG/images/BG-53-img-1.jpg,/home/drnguyenvinh/notebooks/shrimp_od_yolo_ultralytics_under12M_17models_rtx4090_v3_FIXED_OD_ONLY/kaggle_raw/shrimpdiseaseimagebd/ShrimpDiseaseImageBD An Image Dataset for Computer Vision-Based Detection of Shrimp Diseases in Bangladesh/Root/Annotated Diseased Shrimp Images/Annotated Diseased Shrimp Images/1. BG/labels/BG-53-img-1.txt,BG,BG,BG-53-img-1,2
train,/home/drnguyenvinh/notebooks/shrimp_od_yolo_ultralytics_under12M_17models_rtx4090_v3_FIXED_OD_ONLY/kaggle_raw/shrimpdiseaseimagebd/ShrimpDiseaseImageBD An Image Dataset for Computer Vision-Based Detection of Shrimp Diseases in Bangladesh/Root/Annotated Diseased Shrimp Images/Annotated Diseased Shrimp Images/1. BG/images/BG-41-img-3.jpg,/home/drnguyenvinh/notebooks/shrimp_od_yolo_ultralytics_under12M_17models_rtx4090_v3_FIXED_OD_ONLY/kaggle_raw/shrimpdiseaseimagebd/ShrimpDiseaseImageBD An Image Dataset for Computer Vision-Based Detection of Shrimp Diseases in Bangladesh/Root/Annotated Diseased Shrimp Images/Annotated Diseased Shrimp Images/1. BG/labels/BG-41-img-3.txt,BG,BG,BG-41-img-3,2
train,/home/drnguyenvinh/notebooks/shrimp_od_yolo_ultralytics_under12M_17models_rtx4090_v3_FIXED_OD_ONLY/kaggle_raw/shrimpdiseaseimagebd/ShrimpDiseaseImageBD An Image Dataset for Computer Vision-Based Detection of Shrimp Diseases in Bangladesh/Root/Annotated Diseased Shrimp Images/Annotated Diseased Shrimp Images/1. BG/images/BG-46-img-1.jpg,/home/drnguyenvinh/notebooks/shrimp_od_yolo_ultralytics_under12M_17models_rtx4090_v3_FIXED_OD_ONLY/kaggle_raw/shrimpdiseaseimagebd/ShrimpDiseaseImageBD An Image Dataset for Computer Vision-Based Detection of Shrimp Diseases in Bangladesh/Root/Annotated Diseased Shrimp Images/Annotated Diseased Shrimp Images/1. BG/labels/BG-46-img-1.txt,BG,BG,BG-46-img-1,6
train,/home/drnguyenvinh/notebooks/shrimp_od_yolo_ultralytics_under12M_17models_rtx4090_v3_FIXED_OD_ONLY/kaggle_raw/shrimpdiseaseimagebd/ShrimpDiseaseImageBD An Image Dataset for Computer Vision-Based Detection of Shrimp Diseases in Bangladesh/Root/Annotated Diseased Shrimp Images/Annotated Diseased Shrimp Images/1. BG/images/BG-44-img-1.jpg,/home/drnguyenvinh/notebooks/shrimp_od_yolo_ultralytics_under12M_17models_rtx4090_v3_FIXED_OD_ONLY/kaggle_raw/shrimpdiseaseimagebd/ShrimpDiseaseImageBD An Image Dataset for Computer Vision-Based Detection of Shrimp Diseases in Bangladesh/Root/Annotated Diseased Shrimp Images/Annotated Diseased Shrimp Images/1. BG/labels/BG-44-img-1.txt,BG,BG,BG-44-img-1,5
train,/home/drnguyenvinh/notebooks/shrimp_od_yolo_ultralytics_under12M_17models_rtx4090_v3_FIXED_OD_ONLY/kaggle_raw/shrimpdiseaseimagebd/ShrimpDiseaseImageBD An Image Dataset for Computer Vision-Based Detection of Shrimp Diseases in Bangladesh/Root/Annotated Diseased Shrimp Images/Annotated Diseased Shrimp Images/2. WSSV/images/WSSV-116-img-1.jpg,/home/drnguyenvinh/notebooks/shrimp_od_yolo_ultralytics_under12M_17models_rtx4090_v3_FIXED_OD_ONLY/kaggle_raw/shrimpdiseaseimagebd/ShrimpDiseaseImageBD An Image Dataset for Computer Vision-Based Detection of Shrimp Diseases in Bangladesh/Root/Annotated Diseased Shrimp Images/Annotated Diseased Shrimp Images/2. WSSV/labels/WSSV-116-img-1.txt,WSSV,WSSV,WSSV-116-img-1,5
train,/home/drnguyenvinh/notebooks/shrimp_od_yolo_ultralytics_under12M_17models_rtx4090_v3_FIXED_OD_ONLY/kaggle_raw/shrimpdiseaseimagebd/ShrimpDiseaseImageBD An Image Dataset for Computer Vision-Based Detection of Shrimp Diseases in Bangladesh/Root/Annotated Diseased Shrimp Images/Annotated Diseased Shrimp Images/2. WSSV/images/WSSV-78-img-1.jpg,/home/drnguyenvinh/notebooks/shrimp_od_yolo_ultralytics_under12M_17models_rtx4090_v3_FIXED_OD_ONLY/kaggle_raw/shrimpdiseaseimagebd/ShrimpDiseaseImageBD An Image Dataset for Computer Vision-Based Detection of Shrimp Diseases in Bangladesh/Root/Annotated Diseased Shrimp Images/Annotated Diseased Shrimp Images/2. WSSV/labels/WSSV-78-img-1.txt,WSSV,WSSV,WSSV-78-img-1,3
train,/home/drnguyenvinh/notebooks/shrimp_od_yolo_ultralytics_under12M_17models_rtx4090_v3_FIXED_OD_ONLY/kaggle_raw/shrimpdiseaseimagebd/ShrimpDiseaseImageBD An Image Dataset for Computer Vision-Based Detection of Shrimp Diseases in Bangladesh/Root/Annotated Diseased Shrimp Images/Annotated Diseased Shrimp Images/1. BG/images/BG-61-img-2.jpg,/home/drnguyenvinh/notebooks/shrimp_od_yolo_ultralytics_under12M_17models_rtx4090_v3_FIXED_OD_ONLY/kaggle_raw/shrimpdiseaseimagebd/ShrimpDiseaseImageBD An Image Dataset for Computer Vision-Based Detection of Shrimp Diseases in Bangladesh/Root/Annotated Diseased Shrimp Images/Annotated Diseased Shrimp Images/1. BG/labels/BG-61-img-2.txt,BG,BG,BG-61-img-2,1
train,/home/drnguyenvinh/notebooks/shrimp_od_yolo_ultralytics_under12M_17models_rtx4090_v3_FIXED_OD_ONLY/kaggle_raw/shrimpdiseaseimagebd/ShrimpDiseaseImageBD An Image Dataset for Computer Vision-Based Detection of Shrimp Diseases in Bangladesh/Root/Annotated Diseased Shrimp Images/Annotated Diseased Shrimp Images/4. WSSV_BG/images/WSSV_BG-28-img-3.jpg,/home/drnguyenvinh/notebooks/shrimp_od_yolo_ultralytics_under12M_17models_rtx4090_v3_FIXED_OD_ONLY/kaggle_raw/shrimpdiseaseimagebd/ShrimpDiseaseImageBD An Image Dataset for Computer Vision-Based Detection of Shrimp Diseases in Bangladesh/Root/Annotated Diseased Shrimp Images/Annotated Diseased Shrimp Images/4. WSSV_BG/labels/WSSV_BG-28-img-3.txt,WSSV_BG,WSSV_BG,WSSV_BG-28-img-3,5
train,/home/drnguyenvinh/notebooks/shrimp_od_yolo_ultralytics_under12M_17models_rtx4090_v3_FIXED_OD_ONLY/kaggle_raw/shrimpdiseaseimagebd/ShrimpDiseaseImageBD An Image Dataset for Computer Vision-Based Detection of Shrimp Diseases in Bangladesh/Root/Annotated Diseased Shrimp Images/Annotated Diseased Shrimp Images/4. WSSV_BG/images/WSSV_BG-68-img-3.jpg,/home/drnguyenvinh/notebooks/shrimp_od_yolo_ultralytics_under12M_17models_rtx4090_v3_FIXED_OD_ONLY/kaggle_raw/shrimpdiseaseimagebd/ShrimpDiseaseImageBD An Image Dataset for Computer Vision-Based Detection of Shrimp Diseases in Bangladesh/Root/Annotated Diseased Shrimp Images/Annotated Diseased Shrimp Images/4. WSSV_BG/labels/WSSV_BG-68-img-3.txt,WSSV_BG,WSSV_BG,WSSV_BG-68-img-3,8
train,/home/drnguyenvinh/notebooks/shrimp_od_yolo_ultralytics_under12M_17models_rtx4090_v3_FIXED_OD_ONLY/kaggle_raw/shrimpdiseaseimagebd/ShrimpDiseaseImageBD An Image Dataset for Computer Vision-Based Detection of Shrimp Diseases in Bangladesh/Root/Annotated Diseased Shrimp Images/Annotated Diseased Shrimp Images/2. WSSV/images/WSSV-105-img-2.jpg,/home/drnguyenvinh/notebooks/shrimp_od_yolo_ultralytics_under12M_17models_rtx4090_v3_FIXED_OD_ONLY/kaggle_raw/shrimpdiseaseimagebd/ShrimpDiseaseImageBD An Image Dataset for Computer Vision-Based Detection of Shrimp Diseases in Bangladesh/Root/Annotated Diseased Shrimp Images/Annotated Diseased Shrimp Images/2. WSSV/labels/WSSV-105-img-2.txt,WSSV,WSSV,WSSV-105-img-2,8
train,/home/drnguyenvinh/notebooks/shrimp_od_yolo_ultralytics_under12M_17models_rtx4090_v3_FIXED_OD_ONLY/kaggle_raw/shrimpdiseaseimagebd/ShrimpDiseaseImageBD An Image Dataset for Computer Vision-Based Detection of Shrimp Diseases in Bangladesh/Root/Annotated Diseased Shrimp Images/Annotated Diseased Shrimp Images/2. WSSV/images/WSSV-17-img-2.jpg,/home/drnguyenvinh/notebooks/shrimp_od_yolo_ultralytics_under12M_17models_rtx4090_v3_FIXED_OD_ONLY/kaggle_raw/shrimpdiseaseimagebd/ShrimpDiseaseImageBD An Image Dataset for Computer Vision-Based Detection of Shrimp Diseases in Bangladesh/Root/Annotated Diseased Shrimp Images/Annotated Diseased Shrimp Images/2. WSSV/labels/WSSV-17-img-2.txt,WSSV,WSSV,WSSV-17-img-2,1
train,/home/drnguyenvinh/notebooks/shrimp_od_yolo_ultralytics_under12M_17models_rtx4090_v3_FIXED_OD_ONLY/kaggle_raw/shrimpdiseaseimagebd/ShrimpDiseaseImageBD An Image Dataset for Computer Vision-Based Detection of Shrimp Diseases in Bangladesh/Root/Annotated Diseased Shrimp Images/Annotated Diseased Shrimp Images/2. WSSV/images/WSSV-89-img-2.jpg,/home/drnguyenvinh/notebooks/shrimp_od_yolo_ultralytics_under12M_17models_rtx4090_v3_FIXED_OD_ONLY/kaggle_raw/shrimpdiseaseimagebd/ShrimpDiseaseImageBD An Image Dataset for Computer Vision-Based Detection of Shrimp Diseases in Bangladesh/Root/Annotated Diseased Shrimp Images/Annotated Diseased Shrimp Images/2. WSSV/labels/WSSV-89-img-2.txt,WSSV,WSSV,WSSV-89-img-2,8
train,/home/drnguyenvinh/notebooks/shrimp_od_yolo_ultralytics_under12M_17models_rtx4090_v3_FIXED_OD_ONLY/kaggle_raw/shrimpdiseaseimagebd/ShrimpDiseaseImageBD An Image Dataset for Computer Vision-Based Detection of Shrimp Diseases in Bangladesh/Root/Annotated Diseased Shrimp Images/Annotated Diseased Shrimp Images/1. BG/images/BG-70-img-1.jpg,/home/drnguyenvinh/notebooks/shrimp_od_yolo_ultralytics_under12M_17models_rtx4090_v3_FIXED_OD_ONLY/kaggle_raw/shrimpdiseaseimagebd/ShrimpDiseaseImageBD An Image Dataset for Computer Vision-Based Detection of Shrimp Diseases in Bangladesh/Root/Annotated Diseased Shrimp Images/Annotated Diseased Shrimp Images/1. BG/labels/BG-70-img-1.txt,BG,BG,BG-70-img-1,1
train,/home/drnguyenvinh/notebooks/shrimp_od_yolo_ultralytics_under12M_17models_rtx4090_v3_FIXED_OD_ONLY/kaggle_raw/shrimpdiseaseimagebd/ShrimpDiseaseImageBD An Image Dataset for Computer Vision-Based Detection of Shrimp Diseases in Bangladesh/Root/Annotated Diseased Shrimp Images/Annotated Diseased Shrimp Images/4. WSSV_BG/images/WSSV_BG-14-img-2.jpg,/home/drnguyenvinh/notebooks/shrimp_od_yolo_ultralytics_under12M_17models_rtx4090_v3_FIXED_OD_ONLY/kaggle_raw/shrimpdiseaseimagebd/ShrimpDiseaseImageBD An Image Dataset for Computer Vision-Based Detection of Shrimp Diseases in Bangladesh/Root/Annotated Diseased Shrimp Images/Annotated Diseased Shrimp Images/4. WSSV_BG/labels/WSSV_BG-14-img-2.txt,WSSV_BG,WSSV_BG,WSSV_BG-14-img-2,6
train,/home/drnguyenvinh/notebooks/shrimp_od_yolo_ultralytics_under12M_17models_rtx4090_v3_FIXED_OD_ONLY/kaggle_raw/shrimpdiseaseimagebd/ShrimpDiseaseImageBD An Image Dataset for Computer Vision-Based Detection of Shrimp Diseases in Bangladesh/Root/Annotated Diseased Shrimp Images/Annotated Diseased Shrimp Images/2. WSSV/images/WSSV-23-img-1.jpg,/home/drnguyenvinh/notebooks/shrimp_od_yolo_ultralytics_under12M_17models_rtx4090_v3_FIXED_OD_ONLY/kaggle_raw/shrimpdiseaseimagebd/ShrimpDiseaseImageBD An Image Dataset for Computer Vision-Based Detection of Shrimp Diseases in Bangladesh/Root/Annotated Diseased Shrimp Images/Annotated Diseased Shrimp Images/2. WSSV/labels/WSSV-23-img-1.txt,WSSV,WSSV,WSSV-23-img-1,7
train,/home/drnguyenvinh/notebooks/shrimp_od_yolo_ultralytics_under12M_17models_rtx4090_v3_FIXED_OD_ONLY/kaggle_raw/shrimpdiseaseimagebd/ShrimpDiseaseImageBD An Image Dataset for Computer Vision-Based Detection of Shrimp Diseases in Bangladesh/Root/Annotated Diseased Shrimp Images/Annotated Diseased Shrimp Images/1. BG/images/BG-73-img-2.jpg,/home/drnguyenvinh/notebooks/shrimp_od_yolo_ultralytics_under12M_17models_rtx4090_v3_FIXED_OD_ONLY/kaggle_raw/shrimpdiseaseimagebd/ShrimpDiseaseImageBD An Image Dataset for Computer Vision-Based Detection of Shrimp Diseases in Bangladesh/Root/Annotated Diseased Shrimp Images/Annotated Diseased Shrimp Images/1. BG/labels/BG-73-img-2.txt,BG,BG,BG-73-img-2,3
train,/home/drnguyenvinh/notebooks/shrimp_od_yolo_ultralytics_under12M_17models_rtx4090_v3_FIXED_OD_ONLY/kaggle_raw/shrimpdiseaseimagebd/ShrimpDiseaseImageBD An Image Dataset for Computer Vision-Based Detection of Shrimp Diseases in Bangladesh/Root/Annotated Diseased Shrimp Images/Annotated Diseased Shrimp Images/4. WSSV_BG/images/WSSV_BG-79-img-3.jpg,/home/drnguyenvinh/notebooks/shrimp_od_yolo_ultralytics_under12M_17models_rtx4090_v3_FIXED_OD_ONLY/kaggle_raw/shrimpdiseaseimagebd/ShrimpDiseaseImageBD An Image Dataset for Computer Vision-Based Detection of Shrimp Diseases in Bangladesh/Root/Annotated Diseased Shrimp Images/Annotated Diseased Shrimp Images/4. WSSV_BG/labels/WSSV_BG-79-img-3.txt,WSSV_BG,WSSV_BG,WSSV_BG-79-img-3,12
train,/home/drnguyenvinh/notebooks/shrimp_od_yolo_ultralytics_under12M_17models_rtx4090_v3_FIXED_OD_ONLY/kaggle_raw/shrimpdiseaseimagebd/ShrimpDiseaseImageBD An Image Dataset for Computer Vision-Based Detection of Shrimp Diseases in Bangladesh/Root/Annotated Diseased Shrimp Images/Annotated Diseased Shrimp Images/1. BG/images/BG-45-img-3.jpg,/home/drnguyenvinh/notebooks/shrimp_od_yolo_ultralytics_under12M_17models_rtx4090_v3_FIXED_OD_ONLY/kaggle_raw/shrimpdiseaseimagebd/ShrimpDiseaseImageBD An Image Dataset for Computer Vision-Based Detection of Shrimp Diseases in Bangladesh/Root/Annotated Diseased Shrimp Images/Annotated Diseased Shrimp Images/1. BG/labels/BG-45-img-3.txt,BG,BG,BG-45-img-3,3
train,/home/drnguyenvinh/notebooks/shrimp_od_yolo_ultralytics_under12M_17models_rtx4090_v3_FIXED_OD_ONLY/kaggle_raw/shrimpdiseaseimagebd/ShrimpDiseaseImageBD An Image Dataset for Computer Vision-Based Detection of Shrimp Diseases in Bangladesh/Root/Annotated Diseased Shrimp Images/Annotated Diseased Shrimp Images/2. WSSV/images/WSSV-79-img-1.jpg,/home/drnguyenvinh/notebooks/shrimp_od_yolo_ultralytics_under12M_17models_rtx4090_v3_FIXED_OD_ONLY/kaggle_raw/shrimpdiseaseimagebd/ShrimpDiseaseImageBD An Image Dataset for Computer Vision-Based Detection of Shrimp Diseases in Bangladesh/Root/Annotated Diseased Shrimp Images/Annotated Diseased Shrimp Images/2. WSSV/labels/WSSV-79-img-1.txt,WSSV,WSSV,WSSV-79-img-1,3
train,/home/drnguyenvinh/notebooks/shrimp_od_yolo_ultralytics_under12M_17models_rtx4090_v3_FIXED_OD_ONLY/kaggle_raw/shrimpdiseaseimagebd/ShrimpDiseaseImageBD An Image Dataset for Computer Vision-Based Detection of Shrimp Diseases in Bangladesh/Root/Annotated Diseased Shrimp Images/Annotated Diseased Shrimp Images/4. WSSV_BG/images/WSSV_BG-71-img-3.jpg,/home/drnguyenvinh/notebooks/shrimp_od_yolo_ultralytics_under12M_17models_rtx4090_v3_FIXED_OD_ONLY/kaggle_raw/shrimpdiseaseimagebd/ShrimpDiseaseImageBD An Image Dataset for Computer Vision-Based Detection of Shrimp Diseases in Bangladesh/Root/Annotated Diseased Shrimp Images/Annotated Diseased Shrimp Images/4. WSSV_BG/labels/WSSV_BG-71-img-3.txt,WSSV_BG,WSSV_BG,WSSV_BG-71-img-3,14
train,/home/drnguyenvinh/notebooks/shrimp_od_yolo_ultralytics_under12M_17models_rtx4090_v3_FIXED_OD_ONLY/kaggle_raw/shrimpdiseaseimagebd/ShrimpDiseaseImageBD An Image Dataset for Computer Vision-Based Detection of Shrimp Diseases in Bangladesh/Root/Annotated Diseased Shrimp Images/Annotated Diseased Shrimp Images/1. BG/images/BG-25-img-2.jpg,/home/drnguyenvinh/notebooks/shrimp_od_yolo_ultralytics_under12M_17models_rtx4090_v3_FIXED_OD_ONLY/kaggle_raw/shrimpdiseaseimagebd/ShrimpDiseaseImageBD An Image Dataset for Computer Vision-Based Detection of Shrimp Diseases in Bangladesh/Root/Annotated Diseased Shrimp Images/Annotated Diseased Shrimp Images/1. BG/labels/BG-25-img-2.txt,BG,BG,BG-25-img-2,1
train,/home/drnguyenvinh/notebooks/shrimp_od_yolo_ultralytics_under12M_17models_rtx4090_v3_FIXED_OD_ONLY/kaggle_raw/shrimpdiseaseimagebd/ShrimpDiseaseImageBD An Image Dataset for Computer Vision-Based Detection of Shrimp Diseases in Bangladesh/Root/Annotated Diseased Shrimp Images/Annotated Diseased Shrimp Images/4. WSSV_BG/images/WSSV_BG-64-img-2.jpg,/home/drnguyenvinh/notebooks/shrimp_od_yolo_ultralytics_under12M_17models_rtx4090_v3_FIXED_OD_ONLY/kaggle_raw/shrimpdiseaseimagebd/ShrimpDiseaseImageBD An Image Dataset for Computer Vision-Based Detection of Shrimp Diseases in Bangladesh/Root/Annotated Diseased Shrimp Images/Annotated Diseased Shrimp Images/4. WSSV_BG/labels/WSSV_BG-64-img-2.txt,WSSV_BG,WSSV_BG,WSSV_BG-64-img-2,8
train,/home/drnguyenvinh/notebooks/shrimp_od_yolo_ultralytics_under12M_17models_rtx4090_v3_FIXED_OD_ONLY/kaggle_raw/shrimpdiseaseimagebd/ShrimpDiseaseImageBD An Image Dataset for Computer Vision-Based Detection of Shrimp Diseases in Bangladesh/Root/Annotated Diseased Shrimp Images/Annotated Diseased Shrimp Images/4. WSSV_BG/images/WSSV_BG-38-img-1.jpg,/home/drnguyenvinh/notebooks/shrimp_od_yolo_ultralytics_under12M_17models_rtx4090_v3_FIXED_OD_ONLY/kaggle_raw/shrimpdiseaseimagebd/ShrimpDiseaseImageBD An Image Dataset for Computer Vision-Based Detection of Shrimp Diseases in Bangladesh/Root/Annotated Diseased Shrimp Images/Annotated Diseased Shrimp Images/4. WSSV_BG/labels/WSSV_BG-38-img-1.txt,WSSV_BG,WSSV_BG,WSSV_BG-38-img-1,5
train,/home/drnguyenvinh/notebooks/shrimp_od_yolo_ultralytics_under12M_17models_rtx4090_v3_FIXED_OD_ONLY/kaggle_raw/shrimpdiseaseimagebd/ShrimpDiseaseImageBD An Image Dataset for Computer Vision-Based Detection of Shrimp Diseases in Bangladesh/Root/Annotated Diseased Shrimp Images/Annotated Diseased Shrimp Images/2. WSSV/images/WSSV-100-img-3.jpg,/home/drnguyenvinh/notebooks/shrimp_od_yolo_ultralytics_under12M_17models_rtx4090_v3_FIXED_OD_ONLY/kaggle_raw/shrimpdiseaseimagebd/ShrimpDiseaseImageBD An Image Dataset for Computer Vision-Based Detection of Shrimp Diseases in Bangladesh/Root/Annotated Diseased Shrimp Images/Annotated Diseased Shrimp Images/2. WSSV/labels/WSSV-100-img-3.txt,WSSV,WSSV,WSSV-100-img-3,9
train,/home/drnguyenvinh/notebooks/shrimp_od_yolo_ultralytics_under12M_17models_rtx4090_v3_FIXED_OD_ONLY/kaggle_raw/shrimpdiseaseimagebd/ShrimpDiseaseImageBD An Image Dataset for Computer Vision-Based Detection of Shrimp Diseases in Bangladesh/Root/Annotated Diseased Shrimp Images/Annotated Diseased Shrimp Images/2. WSSV/images/WSSV-86-img-1.jpg,/home/drnguyenvinh/notebooks/shrimp_od_yolo_ultralytics_under12M_17models_rtx4090_v3_FIXED_OD_ONLY/kaggle_raw/shrimpdiseaseimagebd/ShrimpDiseaseImageBD An Image Dataset for Computer Vision-Based Detection of Shrimp Diseases in Bangladesh/Root/Annotated Diseased Shrimp Images/Annotated Diseased Shrimp Images/2. WSSV/labels/WSSV-86-img-1.txt,WSSV,WSSV,WSSV-86-img-1,3
train,/home/drnguyenvinh/notebooks/shrimp_od_yolo_ultralytics_under12M_17models_rtx4090_v3_FIXED_OD_ONLY/kaggle_raw/shrimpdiseaseimagebd/ShrimpDiseaseImageBD An Image Dataset for Computer Vision-Based Detection of Shrimp Diseases in Bangladesh/Root/Annotated Diseased Shrimp Images/Annotated Diseased Shrimp Images/2. WSSV/images/WSSV-29-img-2.jpg,/home/drnguyenvinh/notebooks/shrimp_od_yolo_ultralytics_under12M_17models_rtx4090_v3_FIXED_OD_ONLY/kaggle_raw/shrimpdiseaseimagebd/ShrimpDiseaseImageBD An Image Dataset for Computer Vision-Based Detection of Shrimp Diseases in Bangladesh/Root/Annotated Diseased Shrimp Images/Annotated Diseased Shrimp Images/2. WSSV/labels/WSSV-29-img-2.txt,WSSV,WSSV,WSSV-29-img-2,5
train,/home/drnguyenvinh/notebooks/shrimp_od_yolo_ultralytics_under12M_17models_rtx4090_v3_FIXED_OD_ONLY/kaggle_raw/shrimpdiseaseimagebd/ShrimpDiseaseImageBD An Image Dataset for Computer Vision-Based Detection of Shrimp Diseases in Bangladesh/Root/Annotated Diseased Shrimp Images/Annotated Diseased Shrimp Images/2. WSSV/images/WSSV-73-img-3.jpg,/home/drnguyenvinh/notebooks/shrimp_od_yolo_ultralytics_under12M_17models_rtx4090_v3_FIXED_OD_ONLY/kaggle_raw/shrimpdiseaseimagebd/ShrimpDiseaseImageBD An Image Dataset for Computer Vision-Based Detection of Shrimp Diseases in Bangladesh/Root/Annotated Diseased Shrimp Images/Annotated Diseased Shrimp Images/2. WSSV/labels/WSSV-73-img-3.txt,WSSV,WSSV,WSSV-73-img-3,18
train,/home/drnguyenvinh/notebooks/shrimp_od_yolo_ultralytics_under12M_17models_rtx4090_v3_FIXED_OD_ONLY/kaggle_raw/shrimpdiseaseimagebd/ShrimpDiseaseImageBD An Image Dataset for Computer Vision-Based Detection of Shrimp Diseases in Bangladesh/Root/Annotated Diseased Shrimp Images/Annotated Diseased Shrimp Images/1. BG/images/BG-18-img-1.jpg,/home/drnguyenvinh/notebooks/shrimp_od_yolo_ultralytics_under12M_17models_rtx4090_v3_FIXED_OD_ONLY/kaggle_raw/shrimpdiseaseimagebd/ShrimpDiseaseImageBD An Image Dataset for Computer Vision-Based Detection of Shrimp Diseases in Bangladesh/Root/Annotated Diseased Shrimp Images/Annotated Diseased Shrimp Images/1. BG/labels/BG-18-img-1.txt,BG,BG,BG-18-img-1,1
train,/home/drnguyenvinh/notebooks/shrimp_od_yolo_ultralytics_under12M_17models_rtx4090_v3_FIXED_OD_ONLY/kaggle_raw/shrimpdiseaseimagebd/ShrimpDiseaseImageBD An Image Dataset for Computer Vision-Based Detection of Shrimp Diseases in Bangladesh/Root/Annotated Diseased Shrimp Images/Annotated Diseased Shrimp Images/2. WSSV/images/WSSV-108-img-2.jpg,/home/drnguyenvinh/notebooks/shrimp_od_yolo_ultralytics_under12M_17models_rtx4090_v3_FIXED_OD_ONLY/kaggle_raw/shrimpdiseaseimagebd/ShrimpDiseaseImageBD An Image Dataset for Computer Vision-Based Detection of Shrimp Diseases in Bangladesh/Root/Annotated Diseased Shrimp Images/Annotated Diseased Shrimp Images/2. WSSV/labels/WSSV-108-img-2.txt,WSSV,WSSV,WSSV-108-img-2,6
train,/home/drnguyenvinh/notebooks/shrimp_od_yolo_ultralytics_under12M_17models_rtx4090_v3_FIXED_OD_ONLY/kaggle_raw/shrimpdiseaseimagebd/ShrimpDiseaseImageBD An Image Dataset for Computer Vision-Based Detection of Shrimp Diseases in Bangladesh/Root/Annotated Diseased Shrimp Images/Annotated Diseased Shrimp Images/1. BG/images/BG-39-img-1.jpg,/home/drnguyenvinh/notebooks/shrimp_od_yolo_ultralytics_under12M_17models_rtx4090_v3_FIXED_OD_ONLY/kaggle_raw/shrimpdiseaseimagebd/ShrimpDiseaseImageBD An Image Dataset for Computer Vision-Based Detection of Shrimp Diseases in Bangladesh/Root/Annotated Diseased Shrimp Images/Annotated Diseased Shrimp Images/1. BG/labels/BG-39-img-1.txt,BG,BG,BG-39-img-1,2
train,/home/drnguyenvinh/notebooks/shrimp_od_yolo_ultralytics_under12M_17models_rtx4090_v3_FIXED_OD_ONLY/kaggle_raw/shrimpdiseaseimagebd/ShrimpDiseaseImageBD An Image Dataset for Computer Vision-Based Detection of Shrimp Diseases in Bangladesh/Root/Annotated Diseased Shrimp Images/Annotated Diseased Shrimp Images/4. WSSV_BG/images/WSSV_BG-2-img-3.jpg,/home/drnguyenvinh/notebooks/shrimp_od_yolo_ultralytics_under12M_17models_rtx4090_v3_FIXED_OD_ONLY/kaggle_raw/shrimpdiseaseimagebd/ShrimpDiseaseImageBD An Image Dataset for Computer Vision-Based Detection of Shrimp Diseases in Bangladesh/Root/Annotated Diseased Shrimp Images/Annotated Diseased Shrimp Images/4. WSSV_BG/labels/WSSV_BG-2-img-3.txt,WSSV_BG,WSSV_BG,WSSV_BG-2-img-3,6
train,/home/drnguyenvinh/notebooks/shrimp_od_yolo_ultralytics_under12M_17models_rtx4090_v3_FIXED_OD_ONLY/kaggle_raw/shrimpdiseaseimagebd/ShrimpDiseaseImageBD An Image Dataset for Computer Vision-Based Detection of Shrimp Diseases in Bangladesh/Root/Annotated Diseased Shrimp Images/Annotated Diseased Shrimp Images/1. BG/images/BG-15-img-1.jpg,/home/drnguyenvinh/notebooks/shrimp_od_yolo_ultralytics_under12M_17models_rtx4090_v3_FIXED_OD_ONLY/kaggle_raw/shrimpdiseaseimagebd/ShrimpDiseaseImageBD An Image Dataset for Computer Vision-Based Detection of Shrimp Diseases in Bangladesh/Root/Annotated Diseased Shrimp Images/Annotated Diseased Shrimp Images/1. BG/labels/BG-15-img-1.txt,BG,BG,BG-15-img-1,1
train,/home/drnguyenvinh/notebooks/shrimp_od_yolo_ultralytics_under12M_17models_rtx4090_v3_FIXED_OD_ONLY/kaggle_raw/shrimpdiseaseimagebd/ShrimpDiseaseImageBD An Image Dataset for Computer Vision-Based Detection of Shrimp Diseases in Bangladesh/Root/Annotated Diseased Shrimp Images/Annotated Diseased Shrimp Images/4. WSSV_BG/images/WSSV_BG-36-img-2.jpg,/home/drnguyenvinh/notebooks/shrimp_od_yolo_ultralytics_under12M_17models_rtx4090_v3_FIXED_OD_ONLY/kaggle_raw/shrimpdiseaseimagebd/ShrimpDiseaseImageBD An Image Dataset for Computer Vision-Based Detection of Shrimp Diseases in Bangladesh/Root/Annotated Diseased Shrimp Images/Annotated Diseased Shrimp Images/4. WSSV_BG/labels/WSSV_BG-36-img-2.txt,WSSV_BG,WSSV_BG,WSSV_BG-36-img-2,7
train,/home/drnguyenvinh/notebooks/shrimp_od_yolo_ultralytics_under12M_17models_rtx4090_v3_FIXED_OD_ONLY/kaggle_raw/shrimpdiseaseimagebd/ShrimpDiseaseImageBD An Image Dataset for Computer Vision-Based Detection of Shrimp Diseases in Bangladesh/Root/Annotated Diseased Shrimp Images/Annotated Diseased Shrimp Images/2. WSSV/images/WSSV-24-img-2.jpg,/home/drnguyenvinh/notebooks/shrimp_od_yolo_ultralytics_under12M_17models_rtx4090_v3_FIXED_OD_ONLY/kaggle_raw/shrimpdiseaseimagebd/ShrimpDiseaseImageBD An Image Dataset for Computer Vision-Based Detection of Shrimp Diseases in Bangladesh/Root/Annotated Diseased Shrimp Images/Annotated Diseased Shrimp Images/2. WSSV/labels/WSSV-24-img-2.txt,WSSV,WSSV,WSSV-24-img-2,10
train,/home/drnguyenvinh/notebooks/shrimp_od_yolo_ultralytics_under12M_17models_rtx4090_v3_FIXED_OD_ONLY/kaggle_raw/shrimpdiseaseimagebd/ShrimpDiseaseImageBD An Image Dataset for Computer Vision-Based Detection of Shrimp Diseases in Bangladesh/Root/Annotated Diseased Shrimp Images/Annotated Diseased Shrimp Images/4. WSSV_BG/images/WSSV_BG-35-img-1.jpg,/home/drnguyenvinh/notebooks/shrimp_od_yolo_ultralytics_under12M_17models_rtx4090_v3_FIXED_OD_ONLY/kaggle_raw/shrimpdiseaseimagebd/ShrimpDiseaseImageBD An Image Dataset for Computer Vision-Based Detection of Shrimp Diseases in Bangladesh/Root/Annotated Diseased Shrimp Images/Annotated Diseased Shrimp Images/4. WSSV_BG/labels/WSSV_BG-35-img-1.txt,WSSV_BG,WSSV_BG,WSSV_BG-35-img-1,3
train,/home/drnguyenvinh/notebooks/shrimp_od_yolo_ultralytics_under12M_17models_rtx4090_v3_FIXED_OD_ONLY/kaggle_raw/shrimpdiseaseimagebd/ShrimpDiseaseImageBD An Image Dataset for Computer Vision-Based Detection of Shrimp Diseases in Bangladesh/Root/Annotated Diseased Shrimp Images/Annotated Diseased Shrimp Images/2. WSSV/images/WSSV-97-img-3.jpg,/home/drnguyenvinh/notebooks/shrimp_od_yolo_ultralytics_under12M_17models_rtx4090_v3_FIXED_OD_ONLY/kaggle_raw/shrimpdiseaseimagebd/ShrimpDiseaseImageBD An Image Dataset for Computer Vision-Based Detection of Shrimp Diseases in Bangladesh/Root/Annotated Diseased Shrimp Images/Annotated Diseased Shrimp Images/2. WSSV/labels/WSSV-97-img-3.txt,WSSV,WSSV,WSSV-97-img-3,7
train,/home/drnguyenvinh/notebooks/shrimp_od_yolo_ultralytics_under12M_17models_rtx4090_v3_FIXED_OD_ONLY/kaggle_raw/shrimpdiseaseimagebd/ShrimpDiseaseImageBD An Image Dataset for Computer Vision-Based Detection of Shrimp Diseases in Bangladesh/Root/Annotated Diseased Shrimp Images/Annotated Diseased Shrimp Images/4. WSSV_BG/images/WSSV_BG-6-img-3.jpg,/home/drnguyenvinh/notebooks/shrimp_od_yolo_ultralytics_under12M_17models_rtx4090_v3_FIXED_OD_ONLY/kaggle_raw/shrimpdiseaseimagebd/ShrimpDiseaseImageBD An Image Dataset for Computer Vision-Based Detection of Shrimp Diseases in Bangladesh/Root/Annotated Diseased Shrimp Images/Annotated Diseased Shrimp Images/4. WSSV_BG/labels/WSSV_BG-6-img-3.txt,WSSV_BG,WSSV_BG,WSSV_BG-6-img-3,7
train,/home/drnguyenvinh/notebooks/shrimp_od_yolo_ultralytics_under12M_17models_rtx4090_v3_FIXED_OD_ONLY/kaggle_raw/shrimpdiseaseimagebd/ShrimpDiseaseImageBD An Image Dataset for Computer Vision-Based Detection of Shrimp Diseases in Bangladesh/Root/Annotated Diseased Shrimp Images/Annotated Diseased Shrimp Images/2. WSSV/images/WSSV-32-img-1.jpg,/home/drnguyenvinh/notebooks/shrimp_od_yolo_ultralytics_under12M_17models_rtx4090_v3_FIXED_OD_ONLY/kaggle_raw/shrimpdiseaseimagebd/ShrimpDiseaseImageBD An Image Dataset for Computer Vision-Based Detection of Shrimp Diseases in Bangladesh/Root/Annotated Diseased Shrimp Images/Annotated Diseased Shrimp Images/2. WSSV/labels/WSSV-32-img-1.txt,WSSV,WSSV,WSSV-32-img-1,17
train,/home/drnguyenvinh/notebooks/shrimp_od_yolo_ultralytics_under12M_17models_rtx4090_v3_FIXED_OD_ONLY/kaggle_raw/shrimpdiseaseimagebd/ShrimpDiseaseImageBD An Image Dataset for Computer Vision-Based Detection of Shrimp Diseases in Bangladesh/Root/Annotated Diseased Shrimp Images/Annotated Diseased Shrimp Images/1. BG/images/BG-51-img-1.jpg,/home/drnguyenvinh/notebooks/shrimp_od_yolo_ultralytics_under12M_17models_rtx4090_v3_FIXED_OD_ONLY/kaggle_raw/shrimpdiseaseimagebd/ShrimpDiseaseImageBD An Image Dataset for Computer Vision-Based Detection of Shrimp Diseases in Bangladesh/Root/Annotated Diseased Shrimp Images/Annotated Diseased Shrimp Images/1. BG/labels/BG-51-img-1.txt,BG,BG,BG-51-img-1,1
train,/home/drnguyenvinh/notebooks/shrimp_od_yolo_ultralytics_under12M_17models_rtx4090_v3_FIXED_OD_ONLY/kaggle_raw/shrimpdiseaseimagebd/ShrimpDiseaseImageBD An Image Dataset for Computer Vision-Based Detection of Shrimp Diseases in Bangladesh/Root/Annotated Diseased Shrimp Images/Annotated Diseased Shrimp Images/2. WSSV/images/WSSV-50-img-3.jpg,/home/drnguyenvinh/notebooks/shrimp_od_yolo_ultralytics_under12M_17models_rtx4090_v3_FIXED_OD_ONLY/kaggle_raw/shrimpdiseaseimagebd/ShrimpDiseaseImageBD An Image Dataset for Computer Vision-Based Detection of Shrimp Diseases in Bangladesh/Root/Annotated Diseased Shrimp Images/Annotated Diseased Shrimp Images/2. WSSV/labels/WSSV-50-img-3.txt,WSSV,WSSV,WSSV-50-img-3,7
train,/home/drnguyenvinh/notebooks/shrimp_od_yolo_ultralytics_under12M_17models_rtx4090_v3_FIXED_OD_ONLY/kaggle_raw/shrimpdiseaseimagebd/ShrimpDiseaseImageBD An Image Dataset for Computer Vision-Based Detection of Shrimp Diseases in Bangladesh/Root/Annotated Diseased Shrimp Images/Annotated Diseased Shrimp Images/1. BG/images/BG-54-img-1.jpg,/home/drnguyenvinh/notebooks/shrimp_od_yolo_ultralytics_under12M_17models_rtx4090_v3_FIXED_OD_ONLY/kaggle_raw/shrimpdiseaseimagebd/ShrimpDiseaseImageBD An Image Dataset for Computer Vision-Based Detection of Shrimp Diseases in Bangladesh/Root/Annotated Diseased Shrimp Images/Annotated Diseased Shrimp Images/1. BG/labels/BG-54-img-1.txt,BG,BG,BG-54-img-1,4
train,/home/drnguyenvinh/notebooks/shrimp_od_yolo_ultralytics_under12M_17models_rtx4090_v3_FIXED_OD_ONLY/kaggle_raw/shrimpdiseaseimagebd/ShrimpDiseaseImageBD An Image Dataset for Computer Vision-Based Detection of Shrimp Diseases in Bangladesh/Root/Annotated Diseased Shrimp Images/Annotated Diseased Shrimp Images/1. BG/images/BG-39-img-2.jpg,/home/drnguyenvinh/notebooks/shrimp_od_yolo_ultralytics_under12M_17models_rtx4090_v3_FIXED_OD_ONLY/kaggle_raw/shrimpdiseaseimagebd/ShrimpDiseaseImageBD An Image Dataset for Computer Vision-Based Detection of Shrimp Diseases in Bangladesh/Root/Annotated Diseased Shrimp Images/Annotated Diseased Shrimp Images/1. BG/labels/BG-39-img-2.txt,BG,BG,BG-39-img-2,2
train,/home/drnguyenvinh/notebooks/shrimp_od_yolo_ultralytics_under12M_17models_rtx4090_v3_FIXED_OD_ONLY/kaggle_raw/shrimpdiseaseimagebd/ShrimpDiseaseImageBD An Image Dataset for Computer Vision-Based Detection of Shrimp Diseases in Bangladesh/Root/Annotated Diseased Shrimp Images/Annotated Diseased Shrimp Images/1. BG/images/BG-15-img-2.jpg,/home/drnguyenvinh/notebooks/shrimp_od_yolo_ultralytics_under12M_17models_rtx4090_v3_FIXED_OD_ONLY/kaggle_raw/shrimpdiseaseimagebd/ShrimpDiseaseImageBD An Image Dataset for Computer Vision-Based Detection of Shrimp Diseases in Bangladesh/Root/Annotated Diseased Shrimp Images/Annotated Diseased Shrimp Images/1. BG/labels/BG-15-img-2.txt,BG,BG,BG-15-img-2,1
train,/home/drnguyenvinh/notebooks/shrimp_od_yolo_ultralytics_under12M_17models_rtx4090_v3_FIXED_OD_ONLY/kaggle_raw/shrimpdiseaseimagebd/ShrimpDiseaseImageBD An Image Dataset for Computer Vision-Based Detection of Shrimp Diseases in Bangladesh/Root/Annotated Diseased Shrimp Images/Annotated Diseased Shrimp Images/1. BG/images/BG-17-img-1.jpg,/home/drnguyenvinh/notebooks/shrimp_od_yolo_ultralytics_under12M_17models_rtx4090_v3_FIXED_OD_ONLY/kaggle_raw/shrimpdiseaseimagebd/ShrimpDiseaseImageBD An Image Dataset for Computer Vision-Based Detection of Shrimp Diseases in Bangladesh/Root/Annotated Diseased Shrimp Images/Annotated Diseased Shrimp Images/1. BG/labels/BG-17-img-1.txt,BG,BG,BG-17-img-1,1
train,/home/drnguyenvinh/notebooks/shrimp_od_yolo_ultralytics_under12M_17models_rtx4090_v3_FIXED_OD_ONLY/kaggle_raw/shrimpdiseaseimagebd/ShrimpDiseaseImageBD An Image Dataset for Computer Vision-Based Detection of Shrimp Diseases in Bangladesh/Root/Annotated Diseased Shrimp Images/Annotated Diseased Shrimp Images/2. WSSV/images/WSSV-11-img-2.jpg,/home/drnguyenvinh/notebooks/shrimp_od_yolo_ultralytics_under12M_17models_rtx4090_v3_FIXED_OD_ONLY/kaggle_raw/shrimpdiseaseimagebd/ShrimpDiseaseImageBD An Image Dataset for Computer Vision-Based Detection of Shrimp Diseases in Bangladesh/Root/Annotated Diseased Shrimp Images/Annotated Diseased Shrimp Images/2. WSSV/labels/WSSV-11-img-2.txt,WSSV,WSSV,WSSV-11-img-2,13
train,/home/drnguyenvinh/notebooks/shrimp_od_yolo_ultralytics_under12M_17models_rtx4090_v3_FIXED_OD_ONLY/kaggle_raw/shrimpdiseaseimagebd/ShrimpDiseaseImageBD An Image Dataset for Computer Vision-Based Detection of Shrimp Diseases in Bangladesh/Root/Annotated Diseased Shrimp Images/Annotated Diseased Shrimp Images/2. WSSV/images/WSSV-95-img-2.jpg,/home/drnguyenvinh/notebooks/shrimp_od_yolo_ultralytics_under12M_17models_rtx4090_v3_FIXED_OD_ONLY/kaggle_raw/shrimpdiseaseimagebd/ShrimpDiseaseImageBD An Image Dataset for Computer Vision-Based Detection of Shrimp Diseases in Bangladesh/Root/Annotated Diseased Shrimp Images/Annotated Diseased Shrimp Images/2. WSSV/labels/WSSV-95-img-2.txt,WSSV,WSSV,WSSV-95-img-2,5
train,/home/drnguyenvinh/notebooks/shrimp_od_yolo_ultralytics_under12M_17models_rtx4090_v3_FIXED_OD_ONLY/kaggle_raw/shrimpdiseaseimagebd/ShrimpDiseaseImageBD An Image Dataset for Computer Vision-Based Detection of Shrimp Diseases in Bangladesh/Root/Annotated Diseased Shrimp Images/Annotated Diseased Shrimp Images/1. BG/images/BG-13-img-2.jpg,/home/drnguyenvinh/notebooks/shrimp_od_yolo_ultralytics_under12M_17models_rtx4090_v3_FIXED_OD_ONLY/kaggle_raw/shrimpdiseaseimagebd/ShrimpDiseaseImageBD An Image Dataset for Computer Vision-Based Detection of Shrimp Diseases in Bangladesh/Root/Annotated Diseased Shrimp Images/Annotated Diseased Shrimp Images/1. BG/labels/BG-13-img-2.txt,BG,BG,BG-13-img-2,2
train,/home/drnguyenvinh/notebooks/shrimp_od_yolo_ultralytics_under12M_17models_rtx4090_v3_FIXED_OD_ONLY/kaggle_raw/shrimpdiseaseimagebd/ShrimpDiseaseImageBD An Image Dataset for Computer Vision-Based Detection of Shrimp Diseases in Bangladesh/Root/Annotated Diseased Shrimp Images/Annotated Diseased Shrimp Images/1. BG/images/BG-2-img-2.jpg,/home/drnguyenvinh/notebooks/shrimp_od_yolo_ultralytics_under12M_17models_rtx4090_v3_FIXED_OD_ONLY/kaggle_raw/shrimpdiseaseimagebd/ShrimpDiseaseImageBD An Image Dataset for Computer Vision-Based Detection of Shrimp Diseases in Bangladesh/Root/Annotated Diseased Shrimp Images/Annotated Diseased Shrimp Images/1. BG/labels/BG-2-img-2.txt,BG,BG,BG-2-img-2,1
train,/home/drnguyenvinh/notebooks/shrimp_od_yolo_ultralytics_under12M_17models_rtx4090_v3_FIXED_OD_ONLY/kaggle_raw/shrimpdiseaseimagebd/ShrimpDiseaseImageBD An Image Dataset for Computer Vision-Based Detection of Shrimp Diseases in Bangladesh/Root/Annotated Diseased Shrimp Images/Annotated Diseased Shrimp Images/1. BG/images/BG-63-img-1.jpg,/home/drnguyenvinh/notebooks/shrimp_od_yolo_ultralytics_under12M_17models_rtx4090_v3_FIXED_OD_ONLY/kaggle_raw/shrimpdiseaseimagebd/ShrimpDiseaseImageBD An Image Dataset for Computer Vision-Based Detection of Shrimp Diseases in Bangladesh/Root/Annotated Diseased Shrimp Images/Annotated Diseased Shrimp Images/1. BG/labels/BG-63-img-1.txt,BG,BG,BG-63-img-1,2
train,/home/drnguyenvinh/notebooks/shrimp_od_yolo_ultralytics_under12M_17models_rtx4090_v3_FIXED_OD_ONLY/kaggle_raw/shrimpdiseaseimagebd/ShrimpDiseaseImageBD An Image Dataset for Computer Vision-Based Detection of Shrimp Diseases in Bangladesh/Root/Annotated Diseased Shrimp Images/Annotated Diseased Shrimp Images/2. WSSV/images/WSSV-2-img-3.jpg,/home/drnguyenvinh/notebooks/shrimp_od_yolo_ultralytics_under12M_17models_rtx4090_v3_FIXED_OD_ONLY/kaggle_raw/shrimpdiseaseimagebd/ShrimpDiseaseImageBD An Image Dataset for Computer Vision-Based Detection of Shrimp Diseases in Bangladesh/Root/Annotated Diseased Shrimp Images/Annotated Diseased Shrimp Images/2. WSSV/labels/WSSV-2-img-3.txt,WSSV,WSSV,WSSV-2-img-3,4
train,/home/drnguyenvinh/notebooks/shrimp_od_yolo_ultralytics_under12M_17models_rtx4090_v3_FIXED_OD_ONLY/kaggle_raw/shrimpdiseaseimagebd/ShrimpDiseaseImageBD An Image Dataset for Computer Vision-Based Detection of Shrimp Diseases in Bangladesh/Root/Annotated Diseased Shrimp Images/Annotated Diseased Shrimp Images/1. BG/images/BG-19-img-1.jpg,/home/drnguyenvinh/notebooks/shrimp_od_yolo_ultralytics_under12M_17models_rtx4090_v3_FIXED_OD_ONLY/kaggle_raw/shrimpdiseaseimagebd/ShrimpDiseaseImageBD An Image Dataset for Computer Vision-Based Detection of Shrimp Diseases in Bangladesh/Root/Annotated Diseased Shrimp Images/Annotated Diseased Shrimp Images/1. BG/labels/BG-19-img-1.txt,BG,BG,BG-19-img-1,1
train,/home/drnguyenvinh/notebooks/shrimp_od_yolo_ultralytics_under12M_17models_rtx4090_v3_FIXED_OD_ONLY/kaggle_raw/shrimpdiseaseimagebd/ShrimpDiseaseImageBD An Image Dataset for Computer Vision-Based Detection of Shrimp Diseases in Bangladesh/Root/Annotated Diseased Shrimp Images/Annotated Diseased Shrimp Images/1. BG/images/BG-35-img-1.jpg,/home/drnguyenvinh/notebooks/shrimp_od_yolo_ultralytics_under12M_17models_rtx4090_v3_FIXED_OD_ONLY/kaggle_raw/shrimpdiseaseimagebd/ShrimpDiseaseImageBD An Image Dataset for Computer Vision-Based Detection of Shrimp Diseases in Bangladesh/Root/Annotated Diseased Shrimp Images/Annotated Diseased Shrimp Images/1. BG/labels/BG-35-img-1.txt,BG,BG,BG-35-img-1,3
train,/home/drnguyenvinh/notebooks/shrimp_od_yolo_ultralytics_under12M_17models_rtx4090_v3_FIXED_OD_ONLY/kaggle_raw/shrimpdiseaseimagebd/ShrimpDiseaseImageBD An Image Dataset for Computer Vision-Based Detection of Shrimp Diseases in Bangladesh/Root/Annotated Diseased Shrimp Images/Annotated Diseased Shrimp Images/1. BG/images/BG-21-img-2.jpg,/home/drnguyenvinh/notebooks/shrimp_od_yolo_ultralytics_under12M_17models_rtx4090_v3_FIXED_OD_ONLY/kaggle_raw/shrimpdiseaseimagebd/ShrimpDiseaseImageBD An Image Dataset for Computer Vision-Based Detection of Shrimp Diseases in Bangladesh/Root/Annotated Diseased Shrimp Images/Annotated Diseased Shrimp Images/1. BG/labels/BG-21-img-2.txt,BG,BG,BG-21-img-2,2
train,/home/drnguyenvinh/notebooks/shrimp_od_yolo_ultralytics_under12M_17models_rtx4090_v3_FIXED_OD_ONLY/kaggle_raw/shrimpdiseaseimagebd/ShrimpDiseaseImageBD An Image Dataset for Computer Vision-Based Detection of Shrimp Diseases in Bangladesh/Root/Annotated Diseased Shrimp Images/Annotated Diseased Shrimp Images/4. WSSV_BG/images/WSSV_BG-63-img-2.jpg,/home/drnguyenvinh/notebooks/shrimp_od_yolo_ultralytics_under12M_17models_rtx4090_v3_FIXED_OD_ONLY/kaggle_raw/shrimpdiseaseimagebd/ShrimpDiseaseImageBD An Image Dataset for Computer Vision-Based Detection of Shrimp Diseases in Bangladesh/Root/Annotated Diseased Shrimp Images/Annotated Diseased Shrimp Images/4. WSSV_BG/labels/WSSV_BG-63-img-2.txt,WSSV_BG,WSSV_BG,WSSV_BG-63-img-2,4
train,/home/drnguyenvinh/notebooks/shrimp_od_yolo_ultralytics_under12M_17models_rtx4090_v3_FIXED_OD_ONLY/kaggle_raw/shrimpdiseaseimagebd/ShrimpDiseaseImageBD An Image Dataset for Computer Vision-Based Detection of Shrimp Diseases in Bangladesh/Root/Annotated Diseased Shrimp Images/Annotated Diseased Shrimp Images/1. BG/images/BG-75-img-2.jpg,/home/drnguyenvinh/notebooks/shrimp_od_yolo_ultralytics_under12M_17models_rtx4090_v3_FIXED_OD_ONLY/kaggle_raw/shrimpdiseaseimagebd/ShrimpDiseaseImageBD An Image Dataset for Computer Vision-Based Detection of Shrimp Diseases in Bangladesh/Root/Annotated Diseased Shrimp Images/Annotated Diseased Shrimp Images/1. BG/labels/BG-75-img-2.txt,BG,BG,BG-75-img-2,18
train,/home/drnguyenvinh/notebooks/shrimp_od_yolo_ultralytics_under12M_17models_rtx4090_v3_FIXED_OD_ONLY/kaggle_raw/shrimpdiseaseimagebd/ShrimpDiseaseImageBD An Image Dataset for Computer Vision-Based Detection of Shrimp Diseases in Bangladesh/Root/Annotated Diseased Shrimp Images/Annotated Diseased Shrimp Images/1. BG/images/BG-59-img-3.jpg,/home/drnguyenvinh/notebooks/shrimp_od_yolo_ultralytics_under12M_17models_rtx4090_v3_FIXED_OD_ONLY/kaggle_raw/shrimpdiseaseimagebd/ShrimpDiseaseImageBD An Image Dataset for Computer Vision-Based Detection of Shrimp Diseases in Bangladesh/Root/Annotated Diseased Shrimp Images/Annotated Diseased Shrimp Images/1. BG/labels/BG-59-img-3.txt,BG,BG,BG-59-img-3,2
train,/home/drnguyenvinh/notebooks/shrimp_od_yolo_ultralytics_under12M_17models_rtx4090_v3_FIXED_OD_ONLY/kaggle_raw/shrimpdiseaseimagebd/ShrimpDiseaseImageBD An Image Dataset for Computer Vision-Based Detection of Shrimp Diseases in Bangladesh/Root/Annotated Diseased Shrimp Images/Annotated Diseased Shrimp Images/2. WSSV/images/WSSV-22-img-2.jpg,/home/drnguyenvinh/notebooks/shrimp_od_yolo_ultralytics_under12M_17models_rtx4090_v3_FIXED_OD_ONLY/kaggle_raw/shrimpdiseaseimagebd/ShrimpDiseaseImageBD An Image Dataset for Computer Vision-Based Detection of Shrimp Diseases in Bangladesh/Root/Annotated Diseased Shrimp Images/Annotated Diseased Shrimp Images/2. WSSV/labels/WSSV-22-img-2.txt,WSSV,WSSV,WSSV-22-img-2,7
train,/home/drnguyenvinh/notebooks/shrimp_od_yolo_ultralytics_under12M_17models_rtx4090_v3_FIXED_OD_ONLY/kaggle_raw/shrimpdiseaseimagebd/ShrimpDiseaseImageBD An Image Dataset for Computer Vision-Based Detection of Shrimp Diseases in Bangladesh/Root/Annotated Diseased Shrimp Images/Annotated Diseased Shrimp Images/2. WSSV/images/WSSV-89-img-1.jpg,/home/drnguyenvinh/notebooks/shrimp_od_yolo_ultralytics_under12M_17models_rtx4090_v3_FIXED_OD_ONLY/kaggle_raw/shrimpdiseaseimagebd/ShrimpDiseaseImageBD An Image Dataset for Computer Vision-Based Detection of Shrimp Diseases in Bangladesh/Root/Annotated Diseased Shrimp Images/Annotated Diseased Shrimp Images/2. WSSV/labels/WSSV-89-img-1.txt,WSSV,WSSV,WSSV-89-img-1,6
train,/home/drnguyenvinh/notebooks/shrimp_od_yolo_ultralytics_under12M_17models_rtx4090_v3_FIXED_OD_ONLY/kaggle_raw/shrimpdiseaseimagebd/ShrimpDiseaseImageBD An Image Dataset for Computer Vision-Based Detection of Shrimp Diseases in Bangladesh/Root/Annotated Diseased Shrimp Images/Annotated Diseased Shrimp Images/2. WSSV/images/WSSV-103-img-3.jpg,/home/drnguyenvinh/notebooks/shrimp_od_yolo_ultralytics_under12M_17models_rtx4090_v3_FIXED_OD_ONLY/kaggle_raw/shrimpdiseaseimagebd/ShrimpDiseaseImageBD An Image Dataset for Computer Vision-Based Detection of Shrimp Diseases in Bangladesh/Root/Annotated Diseased Shrimp Images/Annotated Diseased Shrimp Images/2. WSSV/labels/WSSV-103-img-3.txt,WSSV,WSSV,WSSV-103-img-3,28
train,/home/drnguyenvinh/notebooks/shrimp_od_yolo_ultralytics_under12M_17models_rtx4090_v3_FIXED_OD_ONLY/kaggle_raw/shrimpdiseaseimagebd/ShrimpDiseaseImageBD An Image Dataset for Computer Vision-Based Detection of Shrimp Diseases in Bangladesh/Root/Annotated Diseased Shrimp Images/Annotated Diseased Shrimp Images/4. WSSV_BG/images/WSSV_BG-15-img-2.jpg,/home/drnguyenvinh/notebooks/shrimp_od_yolo_ultralytics_under12M_17models_rtx4090_v3_FIXED_OD_ONLY/kaggle_raw/shrimpdiseaseimagebd/ShrimpDiseaseImageBD An Image Dataset for Computer Vision-Based Detection of Shrimp Diseases in Bangladesh/Root/Annotated Diseased Shrimp Images/Annotated Diseased Shrimp Images/4. WSSV_BG/labels/WSSV_BG-15-img-2.txt,WSSV_BG,WSSV_BG,WSSV_BG-15-img-2,3
train,/home/drnguyenvinh/notebooks/shrimp_od_yolo_ultralytics_under12M_17models_rtx4090_v3_FIXED_OD_ONLY/kaggle_raw/shrimpdiseaseimagebd/ShrimpDiseaseImageBD An Image Dataset for Computer Vision-Based Detection of Shrimp Diseases in Bangladesh/Root/Annotated Diseased Shrimp Images/Annotated Diseased Shrimp Images/4. WSSV_BG/images/WSSV_BG-18-img-2.jpg,/home/drnguyenvinh/notebooks/shrimp_od_yolo_ultralytics_under12M_17models_rtx4090_v3_FIXED_OD_ONLY/kaggle_raw/shrimpdiseaseimagebd/ShrimpDiseaseImageBD An Image Dataset for Computer Vision-Based Detection of Shrimp Diseases in Bangladesh/Root/Annotated Diseased Shrimp Images/Annotated Diseased Shrimp Images/4. WSSV_BG/labels/WSSV_BG-18-img-2.txt,WSSV_BG,WSSV_BG,WSSV_BG-18-img-2,7
train,/home/drnguyenvinh/notebooks/shrimp_od_yolo_ultralytics_under12M_17models_rtx4090_v3_FIXED_OD_ONLY/kaggle_raw/shrimpdiseaseimagebd/ShrimpDiseaseImageBD An Image Dataset for Computer Vision-Based Detection of Shrimp Diseases in Bangladesh/Root/Annotated Diseased Shrimp Images/Annotated Diseased Shrimp Images/1. BG/images/BG-29-img-1.jpg,/home/drnguyenvinh/notebooks/shrimp_od_yolo_ultralytics_under12M_17models_rtx4090_v3_FIXED_OD_ONLY/kaggle_raw/shrimpdiseaseimagebd/ShrimpDiseaseImageBD An Image Dataset for Computer Vision-Based Detection of Shrimp Diseases in Bangladesh/Root/Annotated Diseased Shrimp Images/Annotated Diseased Shrimp Images/1. BG/labels/BG-29-img-1.txt,BG,BG,BG-29-img-1,1
train,/home/drnguyenvinh/notebooks/shrimp_od_yolo_ultralytics_under12M_17models_rtx4090_v3_FIXED_OD_ONLY/kaggle_raw/shrimpdiseaseimagebd/ShrimpDiseaseImageBD An Image Dataset for Computer Vision-Based Detection of Shrimp Diseases in Bangladesh/Root/Annotated Diseased Shrimp Images/Annotated Diseased Shrimp Images/4. WSSV_BG/images/WSSV_BG-4-img-1.jpg,/home/drnguyenvinh/notebooks/shrimp_od_yolo_ultralytics_under12M_17models_rtx4090_v3_FIXED_OD_ONLY/kaggle_raw/shrimpdiseaseimagebd/ShrimpDiseaseImageBD An Image Dataset for Computer Vision-Based Detection of Shrimp Diseases in Bangladesh/Root/Annotated Diseased Shrimp Images/Annotated Diseased Shrimp Images/4. WSSV_BG/labels/WSSV_BG-4-img-1.txt,WSSV_BG,WSSV_BG,WSSV_BG-4-img-1,9
train,/home/drnguyenvinh/notebooks/shrimp_od_yolo_ultralytics_under12M_17models_rtx4090_v3_FIXED_OD_ONLY/kaggle_raw/shrimpdiseaseimagebd/ShrimpDiseaseImageBD An Image Dataset for Computer Vision-Based Detection of Shrimp Diseases in Bangladesh/Root/Annotated Diseased Shrimp Images/Annotated Diseased Shrimp Images/2. WSSV/images/WSSV-5-img-2.jpg,/home/drnguyenvinh/notebooks/shrimp_od_yolo_ultralytics_under12M_17models_rtx4090_v3_FIXED_OD_ONLY/kaggle_raw/shrimpdiseaseimagebd/ShrimpDiseaseImageBD An Image Dataset for Computer Vision-Based Detection of Shrimp Diseases in Bangladesh/Root/Annotated Diseased Shrimp Images/Annotated Diseased Shrimp Images/2. WSSV/labels/WSSV-5-img-2.txt,WSSV,WSSV,WSSV-5-img-2,9
train,/home/drnguyenvinh/notebooks/shrimp_od_yolo_ultralytics_under12M_17models_rtx4090_v3_FIXED_OD_ONLY/kaggle_raw/shrimpdiseaseimagebd/ShrimpDiseaseImageBD An Image Dataset for Computer Vision-Based Detection of Shrimp Diseases in Bangladesh/Root/Annotated Diseased Shrimp Images/Annotated Diseased Shrimp Images/4. WSSV_BG/images/WSSV_BG-52-img-2.jpg,/home/drnguyenvinh/notebooks/shrimp_od_yolo_ultralytics_under12M_17models_rtx4090_v3_FIXED_OD_ONLY/kaggle_raw/shrimpdiseaseimagebd/ShrimpDiseaseImageBD An Image Dataset for Computer Vision-Based Detection of Shrimp Diseases in Bangladesh/Root/Annotated Diseased Shrimp Images/Annotated Diseased Shrimp Images/4. WSSV_BG/labels/WSSV_BG-52-img-2.txt,WSSV_BG,WSSV_BG,WSSV_BG-52-img-2,7
train,/home/drnguyenvinh/notebooks/shrimp_od_yolo_ultralytics_under12M_17models_rtx4090_v3_FIXED_OD_ONLY/kaggle_raw/shrimpdiseaseimagebd/ShrimpDiseaseImageBD An Image Dataset for Computer Vision-Based Detection of Shrimp Diseases in Bangladesh/Root/Annotated Diseased Shrimp Images/Annotated Diseased Shrimp Images/4. WSSV_BG/images/WSSV_BG-33-img-3.jpg,/home/drnguyenvinh/notebooks/shrimp_od_yolo_ultralytics_under12M_17models_rtx4090_v3_FIXED_OD_ONLY/kaggle_raw/shrimpdiseaseimagebd/ShrimpDiseaseImageBD An Image Dataset for Computer Vision-Based Detection of Shrimp Diseases in Bangladesh/Root/Annotated Diseased Shrimp Images/Annotated Diseased Shrimp Images/4. WSSV_BG/labels/WSSV_BG-33-img-3.txt,WSSV_BG,WSSV_BG,WSSV_BG-33-img-3,14
train,/home/drnguyenvinh/notebooks/shrimp_od_yolo_ultralytics_under12M_17models_rtx4090_v3_FIXED_OD_ONLY/kaggle_raw/shrimpdiseaseimagebd/ShrimpDiseaseImageBD An Image Dataset for Computer Vision-Based Detection of Shrimp Diseases in Bangladesh/Root/Annotated Diseased Shrimp Images/Annotated Diseased Shrimp Images/1. BG/images/BG-72-img-3.jpg,/home/drnguyenvinh/notebooks/shrimp_od_yolo_ultralytics_under12M_17models_rtx4090_v3_FIXED_OD_ONLY/kaggle_raw/shrimpdiseaseimagebd/ShrimpDiseaseImageBD An Image Dataset for Computer Vision-Based Detection of Shrimp Diseases in Bangladesh/Root/Annotated Diseased Shrimp Images/Annotated Diseased Shrimp Images/1. BG/labels/BG-72-img-3.txt,BG,BG,BG-72-img-3,15
train,/home/drnguyenvinh/notebooks/shrimp_od_yolo_ultralytics_under12M_17models_rtx4090_v3_FIXED_OD_ONLY/kaggle_raw/shrimpdiseaseimagebd/ShrimpDiseaseImageBD An Image Dataset for Computer Vision-Based Detection of Shrimp Diseases in Bangladesh/Root/Annotated Diseased Shrimp Images/Annotated Diseased Shrimp Images/2. WSSV/images/WSSV-57-img-2.jpg,/home/drnguyenvinh/notebooks/shrimp_od_yolo_ultralytics_under12M_17models_rtx4090_v3_FIXED_OD_ONLY/kaggle_raw/shrimpdiseaseimagebd/ShrimpDiseaseImageBD An Image Dataset for Computer Vision-Based Detection of Shrimp Diseases in Bangladesh/Root/Annotated Diseased Shrimp Images/Annotated Diseased Shrimp Images/2. WSSV/labels/WSSV-57-img-2.txt,WSSV,WSSV,WSSV-57-img-2,11
train,/home/drnguyenvinh/notebooks/shrimp_od_yolo_ultralytics_under12M_17models_rtx4090_v3_FIXED_OD_ONLY/kaggle_raw/shrimpdiseaseimagebd/ShrimpDiseaseImageBD An Image Dataset for Computer Vision-Based Detection of Shrimp Diseases in Bangladesh/Root/Annotated Diseased Shrimp Images/Annotated Diseased Shrimp Images/2. WSSV/images/WSSV-94-img-2.jpg,/home/drnguyenvinh/notebooks/shrimp_od_yolo_ultralytics_under12M_17models_rtx4090_v3_FIXED_OD_ONLY/kaggle_raw/shrimpdiseaseimagebd/ShrimpDiseaseImageBD An Image Dataset for Computer Vision-Based Detection of Shrimp Diseases in Bangladesh/Root/Annotated Diseased Shrimp Images/Annotated Diseased Shrimp Images/2. WSSV/labels/WSSV-94-img-2.txt,WSSV,WSSV,WSSV-94-img-2,10
train,/home/drnguyenvinh/notebooks/shrimp_od_yolo_ultralytics_under12M_17models_rtx4090_v3_FIXED_OD_ONLY/kaggle_raw/shrimpdiseaseimagebd/ShrimpDiseaseImageBD An Image Dataset for Computer Vision-Based Detection of Shrimp Diseases in Bangladesh/Root/Annotated Diseased Shrimp Images/Annotated Diseased Shrimp Images/4. WSSV_BG/images/WSSV_BG-74-img-3.jpg,/home/drnguyenvinh/notebooks/shrimp_od_yolo_ultralytics_under12M_17models_rtx4090_v3_FIXED_OD_ONLY/kaggle_raw/shrimpdiseaseimagebd/ShrimpDiseaseImageBD An Image Dataset for Computer Vision-Based Detection of Shrimp Diseases in Bangladesh/Root/Annotated Diseased Shrimp Images/Annotated Diseased Shrimp Images/4. WSSV_BG/labels/WSSV_BG-74-img-3.txt,WSSV_BG,WSSV_BG,WSSV_BG-74-img-3,8
train,/home/drnguyenvinh/notebooks/shrimp_od_yolo_ultralytics_under12M_17models_rtx4090_v3_FIXED_OD_ONLY/kaggle_raw/shrimpdiseaseimagebd/ShrimpDiseaseImageBD An Image Dataset for Computer Vision-Based Detection of Shrimp Diseases in Bangladesh/Root/Annotated Diseased Shrimp Images/Annotated Diseased Shrimp Images/4. WSSV_BG/images/WSSV_BG-58-img-1.jpg,/home/drnguyenvinh/notebooks/shrimp_od_yolo_ultralytics_under12M_17models_rtx4090_v3_FIXED_OD_ONLY/kaggle_raw/shrimpdiseaseimagebd/ShrimpDiseaseImageBD An Image Dataset for Computer Vision-Based Detection of Shrimp Diseases in Bangladesh/Root/Annotated Diseased Shrimp Images/Annotated Diseased Shrimp Images/4. WSSV_BG/labels/WSSV_BG-58-img-1.txt,WSSV_BG,WSSV_BG,WSSV_BG-58-img-1,7
train,/home/drnguyenvinh/notebooks/shrimp_od_yolo_ultralytics_under12M_17models_rtx4090_v3_FIXED_OD_ONLY/kaggle_raw/shrimpdiseaseimagebd/ShrimpDiseaseImageBD An Image Dataset for Computer Vision-Based Detection of Shrimp Diseases in Bangladesh/Root/Annotated Diseased Shrimp Images/Annotated Diseased Shrimp Images/2. WSSV/images/WSSV-16-img-2.jpg,/home/drnguyenvinh/notebooks/shrimp_od_yolo_ultralytics_under12M_17models_rtx4090_v3_FIXED_OD_ONLY/kaggle_raw/shrimpdiseaseimagebd/ShrimpDiseaseImageBD An Image Dataset for Computer Vision-Based Detection of Shrimp Diseases in Bangladesh/Root/Annotated Diseased Shrimp Images/Annotated Diseased Shrimp Images/2. WSSV/labels/WSSV-16-img-2.txt,WSSV,WSSV,WSSV-16-img-2,1
train,/home/drnguyenvinh/notebooks/shrimp_od_yolo_ultralytics_under12M_17models_rtx4090_v3_FIXED_OD_ONLY/kaggle_raw/shrimpdiseaseimagebd/ShrimpDiseaseImageBD An Image Dataset for Computer Vision-Based Detection of Shrimp Diseases in Bangladesh/Root/Annotated Diseased Shrimp Images/Annotated Diseased Shrimp Images/4. WSSV_BG/images/WSSV_BG-53-img-1.jpg,/home/drnguyenvinh/notebooks/shrimp_od_yolo_ultralytics_under12M_17models_rtx4090_v3_FIXED_OD_ONLY/kaggle_raw/shrimpdiseaseimagebd/ShrimpDiseaseImageBD An Image Dataset for Computer Vision-Based Detection of Shrimp Diseases in Bangladesh/Root/Annotated Diseased Shrimp Images/Annotated Diseased Shrimp Images/4. WSSV_BG/labels/WSSV_BG-53-img-1.txt,WSSV_BG,WSSV_BG,WSSV_BG-53-img-1,17
train,/home/drnguyenvinh/notebooks/shrimp_od_yolo_ultralytics_under12M_17models_rtx4090_v3_FIXED_OD_ONLY/kaggle_raw/shrimpdiseaseimagebd/ShrimpDiseaseImageBD An Image Dataset for Computer Vision-Based Detection of Shrimp Diseases in Bangladesh/Root/Annotated Diseased Shrimp Images/Annotated Diseased Shrimp Images/2. WSSV/images/WSSV-76-img-1.jpg,/home/drnguyenvinh/notebooks/shrimp_od_yolo_ultralytics_under12M_17models_rtx4090_v3_FIXED_OD_ONLY/kaggle_raw/shrimpdiseaseimagebd/ShrimpDiseaseImageBD An Image Dataset for Computer Vision-Based Detection of Shrimp Diseases in Bangladesh/Root/Annotated Diseased Shrimp Images/Annotated Diseased Shrimp Images/2. WSSV/labels/WSSV-76-img-1.txt,WSSV,WSSV,WSSV-76-img-1,5
train,/home/drnguyenvinh/notebooks/shrimp_od_yolo_ultralytics_under12M_17models_rtx4090_v3_FIXED_OD_ONLY/kaggle_raw/shrimpdiseaseimagebd/ShrimpDiseaseImageBD An Image Dataset for Computer Vision-Based Detection of Shrimp Diseases in Bangladesh/Root/Annotated Diseased Shrimp Images/Annotated Diseased Shrimp Images/1. BG/images/BG-10-img-2.jpg,/home/drnguyenvinh/notebooks/shrimp_od_yolo_ultralytics_under12M_17models_rtx4090_v3_FIXED_OD_ONLY/kaggle_raw/shrimpdiseaseimagebd/ShrimpDiseaseImageBD An Image Dataset for Computer Vision-Based Detection of Shrimp Diseases in Bangladesh/Root/Annotated Diseased Shrimp Images/Annotated Diseased Shrimp Images/1. BG/labels/BG-10-img-2.txt,BG,BG,BG-10-img-2,1
train,/home/drnguyenvinh/notebooks/shrimp_od_yolo_ultralytics_under12M_17models_rtx4090_v3_FIXED_OD_ONLY/kaggle_raw/shrimpdiseaseimagebd/ShrimpDiseaseImageBD An Image Dataset for Computer Vision-Based Detection of Shrimp Diseases in Bangladesh/Root/Annotated Diseased Shrimp Images/Annotated Diseased Shrimp Images/2. WSSV/images/WSSV-17-img-1.jpg,/home/drnguyenvinh/notebooks/shrimp_od_yolo_ultralytics_under12M_17models_rtx4090_v3_FIXED_OD_ONLY/kaggle_raw/shrimpdiseaseimagebd/ShrimpDiseaseImageBD An Image Dataset for Computer Vision-Based Detection of Shrimp Diseases in Bangladesh/Root/Annotated Diseased Shrimp Images/Annotated Diseased Shrimp Images/2. WSSV/labels/WSSV-17-img-1.txt,WSSV,WSSV,WSSV-17-img-1,4
train,/home/drnguyenvinh/notebooks/shrimp_od_yolo_ultralytics_under12M_17models_rtx4090_v3_FIXED_OD_ONLY/kaggle_raw/shrimpdiseaseimagebd/ShrimpDiseaseImageBD An Image Dataset for Computer Vision-Based Detection of Shrimp Diseases in Bangladesh/Root/Annotated Diseased Shrimp Images/Annotated Diseased Shrimp Images/1. BG/images/BG-26-img-1.jpg,/home/drnguyenvinh/notebooks/shrimp_od_yolo_ultralytics_under12M_17models_rtx4090_v3_FIXED_OD_ONLY/kaggle_raw/shrimpdiseaseimagebd/ShrimpDiseaseImageBD An Image Dataset for Computer Vision-Based Detection of Shrimp Diseases in Bangladesh/Root/Annotated Diseased Shrimp Images/Annotated Diseased Shrimp Images/1. BG/labels/BG-26-img-1.txt,BG,BG,BG-26-img-1,2
train,/home/drnguyenvinh/notebooks/shrimp_od_yolo_ultralytics_under12M_17models_rtx4090_v3_FIXED_OD_ONLY/kaggle_raw/shrimpdiseaseimagebd/ShrimpDiseaseImageBD An Image Dataset for Computer Vision-Based Detection of Shrimp Diseases in Bangladesh/Root/Annotated Diseased Shrimp Images/Annotated Diseased Shrimp Images/1. BG/images/BG-38-img-2.jpg,/home/drnguyenvinh/notebooks/shrimp_od_yolo_ultralytics_under12M_17models_rtx4090_v3_FIXED_OD_ONLY/kaggle_raw/shrimpdiseaseimagebd/ShrimpDiseaseImageBD An Image Dataset for Computer Vision-Based Detection of Shrimp Diseases in Bangladesh/Root/Annotated Diseased Shrimp Images/Annotated Diseased Shrimp Images/1. BG/labels/BG-38-img-2.txt,BG,BG,BG-38-img-2,3
train,/home/drnguyenvinh/notebooks/shrimp_od_yolo_ultralytics_under12M_17models_rtx4090_v3_FIXED_OD_ONLY/kaggle_raw/shrimpdiseaseimagebd/ShrimpDiseaseImageBD An Image Dataset for Computer Vision-Based Detection of Shrimp Diseases in Bangladesh/Root/Annotated Diseased Shrimp Images/Annotated Diseased Shrimp Images/1. BG/images/BG-43-img-1.jpg,/home/drnguyenvinh/notebooks/shrimp_od_yolo_ultralytics_under12M_17models_rtx4090_v3_FIXED_OD_ONLY/kaggle_raw/shrimpdiseaseimagebd/ShrimpDiseaseImageBD An Image Dataset for Computer Vision-Based Detection of Shrimp Diseases in Bangladesh/Root/Annotated Diseased Shrimp Images/Annotated Diseased Shrimp Images/1. BG/labels/BG-43-img-1.txt,BG,BG,BG-43-img-1,2
train,/home/drnguyenvinh/notebooks/shrimp_od_yolo_ultralytics_under12M_17models_rtx4090_v3_FIXED_OD_ONLY/kaggle_raw/shrimpdiseaseimagebd/ShrimpDiseaseImageBD An Image Dataset for Computer Vision-Based Detection of Shrimp Diseases in Bangladesh/Root/Annotated Diseased Shrimp Images/Annotated Diseased Shrimp Images/4. WSSV_BG/images/WSSV_BG-28-img-2.jpg,/home/drnguyenvinh/notebooks/shrimp_od_yolo_ultralytics_under12M_17models_rtx4090_v3_FIXED_OD_ONLY/kaggle_raw/shrimpdiseaseimagebd/ShrimpDiseaseImageBD An Image Dataset for Computer Vision-Based Detection of Shrimp Diseases in Bangladesh/Root/Annotated Diseased Shrimp Images/Annotated Diseased Shrimp Images/4. WSSV_BG/labels/WSSV_BG-28-img-2.txt,WSSV_BG,WSSV_BG,WSSV_BG-28-img-2,11
train,/home/drnguyenvinh/notebooks/shrimp_od_yolo_ultralytics_under12M_17models_rtx4090_v3_FIXED_OD_ONLY/kaggle_raw/shrimpdiseaseimagebd/ShrimpDiseaseImageBD An Image Dataset for Computer Vision-Based Detection of Shrimp Diseases in Bangladesh/Root/Annotated Diseased Shrimp Images/Annotated Diseased Shrimp Images/2. WSSV/images/WSSV-102-img-1.jpg,/home/drnguyenvinh/notebooks/shrimp_od_yolo_ultralytics_under12M_17models_rtx4090_v3_FIXED_OD_ONLY/kaggle_raw/shrimpdiseaseimagebd/ShrimpDiseaseImageBD An Image Dataset for Computer Vision-Based Detection of Shrimp Diseases in Bangladesh/Root/Annotated Diseased Shrimp Images/Annotated Diseased Shrimp Images/2. WSSV/labels/WSSV-102-img-1.txt,WSSV,WSSV,WSSV-102-img-1,10
train,/home/drnguyenvinh/notebooks/shrimp_od_yolo_ultralytics_under12M_17models_rtx4090_v3_FIXED_OD_ONLY/kaggle_raw/shrimpdiseaseimagebd/ShrimpDiseaseImageBD An Image Dataset for Computer Vision-Based Detection of Shrimp Diseases in Bangladesh/Root/Annotated Diseased Shrimp Images/Annotated Diseased Shrimp Images/4. WSSV_BG/images/WSSV_BG-31-img-2.jpg,/home/drnguyenvinh/notebooks/shrimp_od_yolo_ultralytics_under12M_17models_rtx4090_v3_FIXED_OD_ONLY/kaggle_raw/shrimpdiseaseimagebd/ShrimpDiseaseImageBD An Image Dataset for Computer Vision-Based Detection of Shrimp Diseases in Bangladesh/Root/Annotated Diseased Shrimp Images/Annotated Diseased Shrimp Images/4. WSSV_BG/labels/WSSV_BG-31-img-2.txt,WSSV_BG,WSSV_BG,WSSV_BG-31-img-2,5
train,/home/drnguyenvinh/notebooks/shrimp_od_yolo_ultralytics_under12M_17models_rtx4090_v3_FIXED_OD_ONLY/kaggle_raw/shrimpdiseaseimagebd/ShrimpDiseaseImageBD An Image Dataset for Computer Vision-Based Detection of Shrimp Diseases in Bangladesh/Root/Annotated Diseased Shrimp Images/Annotated Diseased Shrimp Images/2. WSSV/images/WSSV-6-img-2.jpg,/home/drnguyenvinh/notebooks/shrimp_od_yolo_ultralytics_under12M_17models_rtx4090_v3_FIXED_OD_ONLY/kaggle_raw/shrimpdiseaseimagebd/ShrimpDiseaseImageBD An Image Dataset for Computer Vision-Based Detection of Shrimp Diseases in Bangladesh/Root/Annotated Diseased Shrimp Images/Annotated Diseased Shrimp Images/2. WSSV/labels/WSSV-6-img-2.txt,WSSV,WSSV,WSSV-6-img-2,6
train,/home/drnguyenvinh/notebooks/shrimp_od_yolo_ultralytics_under12M_17models_rtx4090_v3_FIXED_OD_ONLY/kaggle_raw/shrimpdiseaseimagebd/ShrimpDiseaseImageBD An Image Dataset for Computer Vision-Based Detection of Shrimp Diseases in Bangladesh/Root/Annotated Diseased Shrimp Images/Annotated Diseased Shrimp Images/2. WSSV/images/WSSV-92-img-2.jpg,/home/drnguyenvinh/notebooks/shrimp_od_yolo_ultralytics_under12M_17models_rtx4090_v3_FIXED_OD_ONLY/kaggle_raw/shrimpdiseaseimagebd/ShrimpDiseaseImageBD An Image Dataset for Computer Vision-Based Detection of Shrimp Diseases in Bangladesh/Root/Annotated Diseased Shrimp Images/Annotated Diseased Shrimp Images/2. WSSV/labels/WSSV-92-img-2.txt,WSSV,WSSV,WSSV-92-img-2,3
train,/home/drnguyenvinh/notebooks/shrimp_od_yolo_ultralytics_under12M_17models_rtx4090_v3_FIXED_OD_ONLY/kaggle_raw/shrimpdiseaseimagebd/ShrimpDiseaseImageBD An Image Dataset for Computer Vision-Based Detection of Shrimp Diseases in Bangladesh/Root/Annotated Diseased Shrimp Images/Annotated Diseased Shrimp Images/4. WSSV_BG/images/WSSV_BG-49-img-3.jpg,/home/drnguyenvinh/notebooks/shrimp_od_yolo_ultralytics_under12M_17models_rtx4090_v3_FIXED_OD_ONLY/kaggle_raw/shrimpdiseaseimagebd/ShrimpDiseaseImageBD An Image Dataset for Computer Vision-Based Detection of Shrimp Diseases in Bangladesh/Root/Annotated Diseased Shrimp Images/Annotated Diseased Shrimp Images/4. WSSV_BG/labels/WSSV_BG-49-img-3.txt,WSSV_BG,WSSV_BG,WSSV_BG-49-img-3,6
train,/home/drnguyenvinh/notebooks/shrimp_od_yolo_ultralytics_under12M_17models_rtx4090_v3_FIXED_OD_ONLY/kaggle_raw/shrimpdiseaseimagebd/ShrimpDiseaseImageBD An Image Dataset for Computer Vision-Based Detection of Shrimp Diseases in Bangladesh/Root/Annotated Diseased Shrimp Images/Annotated Diseased Shrimp Images/2. WSSV/images/WSSV-35-img-1.jpg,/home/drnguyenvinh/notebooks/shrimp_od_yolo_ultralytics_under12M_17models_rtx4090_v3_FIXED_OD_ONLY/kaggle_raw/shrimpdiseaseimagebd/ShrimpDiseaseImageBD An Image Dataset for Computer Vision-Based Detection of Shrimp Diseases in Bangladesh/Root/Annotated Diseased Shrimp Images/Annotated Diseased Shrimp Images/2. WSSV/labels/WSSV-35-img-1.txt,WSSV,WSSV,WSSV-35-img-1,11
train,/home/drnguyenvinh/notebooks/shrimp_od_yolo_ultralytics_under12M_17models_rtx4090_v3_FIXED_OD_ONLY/kaggle_raw/shrimpdiseaseimagebd/ShrimpDiseaseImageBD An Image Dataset for Computer Vision-Based Detection of Shrimp Diseases in Bangladesh/Root/Annotated Diseased Shrimp Images/Annotated Diseased Shrimp Images/4. WSSV_BG/images/WSSV_BG-26-img-2.jpg,/home/drnguyenvinh/notebooks/shrimp_od_yolo_ultralytics_under12M_17models_rtx4090_v3_FIXED_OD_ONLY/kaggle_raw/shrimpdiseaseimagebd/ShrimpDiseaseImageBD An Image Dataset for Computer Vision-Based Detection of Shrimp Diseases in Bangladesh/Root/Annotated Diseased Shrimp Images/Annotated Diseased Shrimp Images/4. WSSV_BG/labels/WSSV_BG-26-img-2.txt,WSSV_BG,WSSV_BG,WSSV_BG-26-img-2,14
train,/home/drnguyenvinh/notebooks/shrimp_od_yolo_ultralytics_under12M_17models_rtx4090_v3_FIXED_OD_ONLY/kaggle_raw/shrimpdiseaseimagebd/ShrimpDiseaseImageBD An Image Dataset for Computer Vision-Based Detection of Shrimp Diseases in Bangladesh/Root/Annotated Diseased Shrimp Images/Annotated Diseased Shrimp Images/2. WSSV/images/WSSV-52-img-2.jpg,/home/drnguyenvinh/notebooks/shrimp_od_yolo_ultralytics_under12M_17models_rtx4090_v3_FIXED_OD_ONLY/kaggle_raw/shrimpdiseaseimagebd/ShrimpDiseaseImageBD An Image Dataset for Computer Vision-Based Detection of Shrimp Diseases in Bangladesh/Root/Annotated Diseased Shrimp Images/Annotated Diseased Shrimp Images/2. WSSV/labels/WSSV-52-img-2.txt,WSSV,WSSV,WSSV-52-img-2,6
train,/home/drnguyenvinh/notebooks/shrimp_od_yolo_ultralytics_under12M_17models_rtx4090_v3_FIXED_OD_ONLY/kaggle_raw/shrimpdiseaseimagebd/ShrimpDiseaseImageBD An Image Dataset for Computer Vision-Based Detection of Shrimp Diseases in Bangladesh/Root/Annotated Diseased Shrimp Images/Annotated Diseased Shrimp Images/2. WSSV/images/WSSV-37-img-2.jpg,/home/drnguyenvinh/notebooks/shrimp_od_yolo_ultralytics_under12M_17models_rtx4090_v3_FIXED_OD_ONLY/kaggle_raw/shrimpdiseaseimagebd/ShrimpDiseaseImageBD An Image Dataset for Computer Vision-Based Detection of Shrimp Diseases in Bangladesh/Root/Annotated Diseased Shrimp Images/Annotated Diseased Shrimp Images/2. WSSV/labels/WSSV-37-img-2.txt,WSSV,WSSV,WSSV-37-img-2,24
train,/home/drnguyenvinh/notebooks/shrimp_od_yolo_ultralytics_under12M_17models_rtx4090_v3_FIXED_OD_ONLY/kaggle_raw/shrimpdiseaseimagebd/ShrimpDiseaseImageBD An Image Dataset for Computer Vision-Based Detection of Shrimp Diseases in Bangladesh/Root/Annotated Diseased Shrimp Images/Annotated Diseased Shrimp Images/4. WSSV_BG/images/WSSV_BG-3-img-3.jpg,/home/drnguyenvinh/notebooks/shrimp_od_yolo_ultralytics_under12M_17models_rtx4090_v3_FIXED_OD_ONLY/kaggle_raw/shrimpdiseaseimagebd/ShrimpDiseaseImageBD An Image Dataset for Computer Vision-Based Detection of Shrimp Diseases in Bangladesh/Root/Annotated Diseased Shrimp Images/Annotated Diseased Shrimp Images/4. WSSV_BG/labels/WSSV_BG-3-img-3.txt,WSSV_BG,WSSV_BG,WSSV_BG-3-img-3,3
train,/home/drnguyenvinh/notebooks/shrimp_od_yolo_ultralytics_under12M_17models_rtx4090_v3_FIXED_OD_ONLY/kaggle_raw/shrimpdiseaseimagebd/ShrimpDiseaseImageBD An Image Dataset for Computer Vision-Based Detection of Shrimp Diseases in Bangladesh/Root/Annotated Diseased Shrimp Images/Annotated Diseased Shrimp Images/2. WSSV/images/WSSV-110-img-2.jpg,/home/drnguyenvinh/notebooks/shrimp_od_yolo_ultralytics_under12M_17models_rtx4090_v3_FIXED_OD_ONLY/kaggle_raw/shrimpdiseaseimagebd/ShrimpDiseaseImageBD An Image Dataset for Computer Vision-Based Detection of Shrimp Diseases in Bangladesh/Root/Annotated Diseased Shrimp Images/Annotated Diseased Shrimp Images/2. WSSV/labels/WSSV-110-img-2.txt,WSSV,WSSV,WSSV-110-img-2,15
train,/home/drnguyenvinh/notebooks/shrimp_od_yolo_ultralytics_under12M_17models_rtx4090_v3_FIXED_OD_ONLY/kaggle_raw/shrimpdiseaseimagebd/ShrimpDiseaseImageBD An Image Dataset for Computer Vision-Based Detection of Shrimp Diseases in Bangladesh/Root/Annotated Diseased Shrimp Images/Annotated Diseased Shrimp Images/2. WSSV/images/WSSV-35-img-2.jpg,/home/drnguyenvinh/notebooks/shrimp_od_yolo_ultralytics_under12M_17models_rtx4090_v3_FIXED_OD_ONLY/kaggle_raw/shrimpdiseaseimagebd/ShrimpDiseaseImageBD An Image Dataset for Computer Vision-Based Detection of Shrimp Diseases in Bangladesh/Root/Annotated Diseased Shrimp Images/Annotated Diseased Shrimp Images/2. WSSV/labels/WSSV-35-img-2.txt,WSSV,WSSV,WSSV-35-img-2,40
train,/home/drnguyenvinh/notebooks/shrimp_od_yolo_ultralytics_under12M_17models_rtx4090_v3_FIXED_OD_ONLY/kaggle_raw/shrimpdiseaseimagebd/ShrimpDiseaseImageBD An Image Dataset for Computer Vision-Based Detection of Shrimp Diseases in Bangladesh/Root/Annotated Diseased Shrimp Images/Annotated Diseased Shrimp Images/2. WSSV/images/WSSV-38-img-2.jpg,/home/drnguyenvinh/notebooks/shrimp_od_yolo_ultralytics_under12M_17models_rtx4090_v3_FIXED_OD_ONLY/kaggle_raw/shrimpdiseaseimagebd/ShrimpDiseaseImageBD An Image Dataset for Computer Vision-Based Detection of Shrimp Diseases in Bangladesh/Root/Annotated Diseased Shrimp Images/Annotated Diseased Shrimp Images/2. WSSV/labels/WSSV-38-img-2.txt,WSSV,WSSV,WSSV-38-img-2,2
train,/home/drnguyenvinh/notebooks/shrimp_od_yolo_ultralytics_under12M_17models_rtx4090_v3_FIXED_OD_ONLY/kaggle_raw/shrimpdiseaseimagebd/ShrimpDiseaseImageBD An Image Dataset for Computer Vision-Based Detection of Shrimp Diseases in Bangladesh/Root/Annotated Diseased Shrimp Images/Annotated Diseased Shrimp Images/1. BG/images/BG-48-img-2.jpg,/home/drnguyenvinh/notebooks/shrimp_od_yolo_ultralytics_under12M_17models_rtx4090_v3_FIXED_OD_ONLY/kaggle_raw/shrimpdiseaseimagebd/ShrimpDiseaseImageBD An Image Dataset for Computer Vision-Based Detection of Shrimp Diseases in Bangladesh/Root/Annotated Diseased Shrimp Images/Annotated Diseased Shrimp Images/1. BG/labels/BG-48-img-2.txt,BG,BG,BG-48-img-2,3
train,/home/drnguyenvinh/notebooks/shrimp_od_yolo_ultralytics_under12M_17models_rtx4090_v3_FIXED_OD_ONLY/kaggle_raw/shrimpdiseaseimagebd/ShrimpDiseaseImageBD An Image Dataset for Computer Vision-Based Detection of Shrimp Diseases in Bangladesh/Root/Annotated Diseased Shrimp Images/Annotated Diseased Shrimp Images/1. BG/images/BG-23-img-3.jpg,/home/drnguyenvinh/notebooks/shrimp_od_yolo_ultralytics_under12M_17models_rtx4090_v3_FIXED_OD_ONLY/kaggle_raw/shrimpdiseaseimagebd/ShrimpDiseaseImageBD An Image Dataset for Computer Vision-Based Detection of Shrimp Diseases in Bangladesh/Root/Annotated Diseased Shrimp Images/Annotated Diseased Shrimp Images/1. BG/labels/BG-23-img-3.txt,BG,BG,BG-23-img-3,3
train,/home/drnguyenvinh/notebooks/shrimp_od_yolo_ultralytics_under12M_17models_rtx4090_v3_FIXED_OD_ONLY/kaggle_raw/shrimpdiseaseimagebd/ShrimpDiseaseImageBD An Image Dataset for Computer Vision-Based Detection of Shrimp Diseases in Bangladesh/Root/Annotated Diseased Shrimp Images/Annotated Diseased Shrimp Images/4. WSSV_BG/images/WSSV_BG-71-img-2.jpg,/home/drnguyenvinh/notebooks/shrimp_od_yolo_ultralytics_under12M_17models_rtx4090_v3_FIXED_OD_ONLY/kaggle_raw/shrimpdiseaseimagebd/ShrimpDiseaseImageBD An Image Dataset for Computer Vision-Based Detection of Shrimp Diseases in Bangladesh/Root/Annotated Diseased Shrimp Images/Annotated Diseased Shrimp Images/4. WSSV_BG/labels/WSSV_BG-71-img-2.txt,WSSV_BG,WSSV_BG,WSSV_BG-71-img-2,13
train,/home/drnguyenvinh/notebooks/shrimp_od_yolo_ultralytics_under12M_17models_rtx4090_v3_FIXED_OD_ONLY/kaggle_raw/shrimpdiseaseimagebd/ShrimpDiseaseImageBD An Image Dataset for Computer Vision-Based Detection of Shrimp Diseases in Bangladesh/Root/Annotated Diseased Shrimp Images/Annotated Diseased Shrimp Images/4. WSSV_BG/images/WSSV_BG-25-img-2.jpg,/home/drnguyenvinh/notebooks/shrimp_od_yolo_ultralytics_under12M_17models_rtx4090_v3_FIXED_OD_ONLY/kaggle_raw/shrimpdiseaseimagebd/ShrimpDiseaseImageBD An Image Dataset for Computer Vision-Based Detection of Shrimp Diseases in Bangladesh/Root/Annotated Diseased Shrimp Images/Annotated Diseased Shrimp Images/4. WSSV_BG/labels/WSSV_BG-25-img-2.txt,WSSV_BG,WSSV_BG,WSSV_BG-25-img-2,4
train,/home/drnguyenvinh/notebooks/shrimp_od_yolo_ultralytics_under12M_17models_rtx4090_v3_FIXED_OD_ONLY/kaggle_raw/shrimpdiseaseimagebd/ShrimpDiseaseImageBD An Image Dataset for Computer Vision-Based Detection of Shrimp Diseases in Bangladesh/Root/Annotated Diseased Shrimp Images/Annotated Diseased Shrimp Images/4. WSSV_BG/images/WSSV_BG-10-img-1.jpg,/home/drnguyenvinh/notebooks/shrimp_od_yolo_ultralytics_under12M_17models_rtx4090_v3_FIXED_OD_ONLY/kaggle_raw/shrimpdiseaseimagebd/ShrimpDiseaseImageBD An Image Dataset for Computer Vision-Based Detection of Shrimp Diseases in Bangladesh/Root/Annotated Diseased Shrimp Images/Annotated Diseased Shrimp Images/4. WSSV_BG/labels/WSSV_BG-10-img-1.txt,WSSV_BG,WSSV_BG,WSSV_BG-10-img-1,12
train,/home/drnguyenvinh/notebooks/shrimp_od_yolo_ultralytics_under12M_17models_rtx4090_v3_FIXED_OD_ONLY/kaggle_raw/shrimpdiseaseimagebd/ShrimpDiseaseImageBD An Image Dataset for Computer Vision-Based Detection of Shrimp Diseases in Bangladesh/Root/Annotated Diseased Shrimp Images/Annotated Diseased Shrimp Images/2. WSSV/images/WSSV-28-img-1.jpg,/home/drnguyenvinh/notebooks/shrimp_od_yolo_ultralytics_under12M_17models_rtx4090_v3_FIXED_OD_ONLY/kaggle_raw/shrimpdiseaseimagebd/ShrimpDiseaseImageBD An Image Dataset for Computer Vision-Based Detection of Shrimp Diseases in Bangladesh/Root/Annotated Diseased Shrimp Images/Annotated Diseased Shrimp Images/2. WSSV/labels/WSSV-28-img-1.txt,WSSV,WSSV,WSSV-28-img-1,7
train,/home/drnguyenvinh/notebooks/shrimp_od_yolo_ultralytics_under12M_17models_rtx4090_v3_FIXED_OD_ONLY/kaggle_raw/shrimpdiseaseimagebd/ShrimpDiseaseImageBD An Image Dataset for Computer Vision-Based Detection of Shrimp Diseases in Bangladesh/Root/Annotated Diseased Shrimp Images/Annotated Diseased Shrimp Images/4. WSSV_BG/images/WSSV_BG-75-img-1.jpg,/home/drnguyenvinh/notebooks/shrimp_od_yolo_ultralytics_under12M_17models_rtx4090_v3_FIXED_OD_ONLY/kaggle_raw/shrimpdiseaseimagebd/ShrimpDiseaseImageBD An Image Dataset for Computer Vision-Based Detection of Shrimp Diseases in Bangladesh/Root/Annotated Diseased Shrimp Images/Annotated Diseased Shrimp Images/4. WSSV_BG/labels/WSSV_BG-75-img-1.txt,WSSV_BG,WSSV_BG,WSSV_BG-75-img-1,5
train,/home/drnguyenvinh/notebooks/shrimp_od_yolo_ultralytics_under12M_17models_rtx4090_v3_FIXED_OD_ONLY/kaggle_raw/shrimpdiseaseimagebd/ShrimpDiseaseImageBD An Image Dataset for Computer Vision-Based Detection of Shrimp Diseases in Bangladesh/Root/Annotated Diseased Shrimp Images/Annotated Diseased Shrimp Images/2. WSSV/images/WSSV-68-img-3.jpg,/home/drnguyenvinh/notebooks/shrimp_od_yolo_ultralytics_under12M_17models_rtx4090_v3_FIXED_OD_ONLY/kaggle_raw/shrimpdiseaseimagebd/ShrimpDiseaseImageBD An Image Dataset for Computer Vision-Based Detection of Shrimp Diseases in Bangladesh/Root/Annotated Diseased Shrimp Images/Annotated Diseased Shrimp Images/2. WSSV/labels/WSSV-68-img-3.txt,WSSV,WSSV,WSSV-68-img-3,15
train,/home/drnguyenvinh/notebooks/shrimp_od_yolo_ultralytics_under12M_17models_rtx4090_v3_FIXED_OD_ONLY/kaggle_raw/shrimpdiseaseimagebd/ShrimpDiseaseImageBD An Image Dataset for Computer Vision-Based Detection of Shrimp Diseases in Bangladesh/Root/Annotated Diseased Shrimp Images/Annotated Diseased Shrimp Images/2. WSSV/images/WSSV-80-img-1.jpg,/home/drnguyenvinh/notebooks/shrimp_od_yolo_ultralytics_under12M_17models_rtx4090_v3_FIXED_OD_ONLY/kaggle_raw/shrimpdiseaseimagebd/ShrimpDiseaseImageBD An Image Dataset for Computer Vision-Based Detection of Shrimp Diseases in Bangladesh/Root/Annotated Diseased Shrimp Images/Annotated Diseased Shrimp Images/2. WSSV/labels/WSSV-80-img-1.txt,WSSV,WSSV,WSSV-80-img-1,7
train,/home/drnguyenvinh/notebooks/shrimp_od_yolo_ultralytics_under12M_17models_rtx4090_v3_FIXED_OD_ONLY/kaggle_raw/shrimpdiseaseimagebd/ShrimpDiseaseImageBD An Image Dataset for Computer Vision-Based Detection of Shrimp Diseases in Bangladesh/Root/Annotated Diseased Shrimp Images/Annotated Diseased Shrimp Images/1. BG/images/BG-33-img-1.jpg,/home/drnguyenvinh/notebooks/shrimp_od_yolo_ultralytics_under12M_17models_rtx4090_v3_FIXED_OD_ONLY/kaggle_raw/shrimpdiseaseimagebd/ShrimpDiseaseImageBD An Image Dataset for Computer Vision-Based Detection of Shrimp Diseases in Bangladesh/Root/Annotated Diseased Shrimp Images/Annotated Diseased Shrimp Images/1. BG/labels/BG-33-img-1.txt,BG,BG,BG-33-img-1,2
train,/home/drnguyenvinh/notebooks/shrimp_od_yolo_ultralytics_under12M_17models_rtx4090_v3_FIXED_OD_ONLY/kaggle_raw/shrimpdiseaseimagebd/ShrimpDiseaseImageBD An Image Dataset for Computer Vision-Based Detection of Shrimp Diseases in Bangladesh/Root/Annotated Diseased Shrimp Images/Annotated Diseased Shrimp Images/2. WSSV/images/WSSV-48-img-1.jpg,/home/drnguyenvinh/notebooks/shrimp_od_yolo_ultralytics_under12M_17models_rtx4090_v3_FIXED_OD_ONLY/kaggle_raw/shrimpdiseaseimagebd/ShrimpDiseaseImageBD An Image Dataset for Computer Vision-Based Detection of Shrimp Diseases in Bangladesh/Root/Annotated Diseased Shrimp Images/Annotated Diseased Shrimp Images/2. WSSV/labels/WSSV-48-img-1.txt,WSSV,WSSV,WSSV-48-img-1,18
train,/home/drnguyenvinh/notebooks/shrimp_od_yolo_ultralytics_under12M_17models_rtx4090_v3_FIXED_OD_ONLY/kaggle_raw/shrimpdiseaseimagebd/ShrimpDiseaseImageBD An Image Dataset for Computer Vision-Based Detection of Shrimp Diseases in Bangladesh/Root/Annotated Diseased Shrimp Images/Annotated Diseased Shrimp Images/4. WSSV_BG/images/WSSV_BG-56-img-2.jpg,/home/drnguyenvinh/notebooks/shrimp_od_yolo_ultralytics_under12M_17models_rtx4090_v3_FIXED_OD_ONLY/kaggle_raw/shrimpdiseaseimagebd/ShrimpDiseaseImageBD An Image Dataset for Computer Vision-Based Detection of Shrimp Diseases in Bangladesh/Root/Annotated Diseased Shrimp Images/Annotated Diseased Shrimp Images/4. WSSV_BG/labels/WSSV_BG-56-img-2.txt,WSSV_BG,WSSV_BG,WSSV_BG-56-img-2,12
train,/home/drnguyenvinh/notebooks/shrimp_od_yolo_ultralytics_under12M_17models_rtx4090_v3_FIXED_OD_ONLY/kaggle_raw/shrimpdiseaseimagebd/ShrimpDiseaseImageBD An Image Dataset for Computer Vision-Based Detection of Shrimp Diseases in Bangladesh/Root/Annotated Diseased Shrimp Images/Annotated Diseased Shrimp Images/1. BG/images/BG-10-img-1.jpg,/home/drnguyenvinh/notebooks/shrimp_od_yolo_ultralytics_under12M_17models_rtx4090_v3_FIXED_OD_ONLY/kaggle_raw/shrimpdiseaseimagebd/ShrimpDiseaseImageBD An Image Dataset for Computer Vision-Based Detection of Shrimp Diseases in Bangladesh/Root/Annotated Diseased Shrimp Images/Annotated Diseased Shrimp Images/1. BG/labels/BG-10-img-1.txt,BG,BG,BG-10-img-1,1
train,/home/drnguyenvinh/notebooks/shrimp_od_yolo_ultralytics_under12M_17models_rtx4090_v3_FIXED_OD_ONLY/kaggle_raw/shrimpdiseaseimagebd/ShrimpDiseaseImageBD An Image Dataset for Computer Vision-Based Detection of Shrimp Diseases in Bangladesh/Root/Annotated Diseased Shrimp Images/Annotated Diseased Shrimp Images/2. WSSV/images/WSSV-93-img-1.jpg,/home/drnguyenvinh/notebooks/shrimp_od_yolo_ultralytics_under12M_17models_rtx4090_v3_FIXED_OD_ONLY/kaggle_raw/shrimpdiseaseimagebd/ShrimpDiseaseImageBD An Image Dataset for Computer Vision-Based Detection of Shrimp Diseases in Bangladesh/Root/Annotated Diseased Shrimp Images/Annotated Diseased Shrimp Images/2. WSSV/labels/WSSV-93-img-1.txt,WSSV,WSSV,WSSV-93-img-1,5
train,/home/drnguyenvinh/notebooks/shrimp_od_yolo_ultralytics_under12M_17models_rtx4090_v3_FIXED_OD_ONLY/kaggle_raw/shrimpdiseaseimagebd/ShrimpDiseaseImageBD An Image Dataset for Computer Vision-Based Detection of Shrimp Diseases in Bangladesh/Root/Annotated Diseased Shrimp Images/Annotated Diseased Shrimp Images/2. WSSV/images/WSSV-47-img-3.jpg,/home/drnguyenvinh/notebooks/shrimp_od_yolo_ultralytics_under12M_17models_rtx4090_v3_FIXED_OD_ONLY/kaggle_raw/shrimpdiseaseimagebd/ShrimpDiseaseImageBD An Image Dataset for Computer Vision-Based Detection of Shrimp Diseases in Bangladesh/Root/Annotated Diseased Shrimp Images/Annotated Diseased Shrimp Images/2. WSSV/labels/WSSV-47-img-3.txt,WSSV,WSSV,WSSV-47-img-3,13
train,/home/drnguyenvinh/notebooks/shrimp_od_yolo_ultralytics_under12M_17models_rtx4090_v3_FIXED_OD_ONLY/kaggle_raw/shrimpdiseaseimagebd/ShrimpDiseaseImageBD An Image Dataset for Computer Vision-Based Detection of Shrimp Diseases in Bangladesh/Root/Annotated Diseased Shrimp Images/Annotated Diseased Shrimp Images/2. WSSV/images/WSSV-41-img-3.jpg,/home/drnguyenvinh/notebooks/shrimp_od_yolo_ultralytics_under12M_17models_rtx4090_v3_FIXED_OD_ONLY/kaggle_raw/shrimpdiseaseimagebd/ShrimpDiseaseImageBD An Image Dataset for Computer Vision-Based Detection of Shrimp Diseases in Bangladesh/Root/Annotated Diseased Shrimp Images/Annotated Diseased Shrimp Images/2. WSSV/labels/WSSV-41-img-3.txt,WSSV,WSSV,WSSV-41-img-3,4
train,/home/drnguyenvinh/notebooks/shrimp_od_yolo_ultralytics_under12M_17models_rtx4090_v3_FIXED_OD_ONLY/kaggle_raw/shrimpdiseaseimagebd/ShrimpDiseaseImageBD An Image Dataset for Computer Vision-Based Detection of Shrimp Diseases in Bangladesh/Root/Annotated Diseased Shrimp Images/Annotated Diseased Shrimp Images/2. WSSV/images/WSSV-40-img-1.jpg,/home/drnguyenvinh/notebooks/shrimp_od_yolo_ultralytics_under12M_17models_rtx4090_v3_FIXED_OD_ONLY/kaggle_raw/shrimpdiseaseimagebd/ShrimpDiseaseImageBD An Image Dataset for Computer Vision-Based Detection of Shrimp Diseases in Bangladesh/Root/Annotated Diseased Shrimp Images/Annotated Diseased Shrimp Images/2. WSSV/labels/WSSV-40-img-1.txt,WSSV,WSSV,WSSV-40-img-1,5
train,/home/drnguyenvinh/notebooks/shrimp_od_yolo_ultralytics_under12M_17models_rtx4090_v3_FIXED_OD_ONLY/kaggle_raw/shrimpdiseaseimagebd/ShrimpDiseaseImageBD An Image Dataset for Computer Vision-Based Detection of Shrimp Diseases in Bangladesh/Root/Annotated Diseased Shrimp Images/Annotated Diseased Shrimp Images/2. WSSV/images/WSSV-67-img-2.jpg,/home/drnguyenvinh/notebooks/shrimp_od_yolo_ultralytics_under12M_17models_rtx4090_v3_FIXED_OD_ONLY/kaggle_raw/shrimpdiseaseimagebd/ShrimpDiseaseImageBD An Image Dataset for Computer Vision-Based Detection of Shrimp Diseases in Bangladesh/Root/Annotated Diseased Shrimp Images/Annotated Diseased Shrimp Images/2. WSSV/labels/WSSV-67-img-2.txt,WSSV,WSSV,WSSV-67-img-2,16
train,/home/drnguyenvinh/notebooks/shrimp_od_yolo_ultralytics_under12M_17models_rtx4090_v3_FIXED_OD_ONLY/kaggle_raw/shrimpdiseaseimagebd/ShrimpDiseaseImageBD An Image Dataset for Computer Vision-Based Detection of Shrimp Diseases in Bangladesh/Root/Annotated Diseased Shrimp Images/Annotated Diseased Shrimp Images/2. WSSV/images/WSSV-60-img-1.jpg,/home/drnguyenvinh/notebooks/shrimp_od_yolo_ultralytics_under12M_17models_rtx4090_v3_FIXED_OD_ONLY/kaggle_raw/shrimpdiseaseimagebd/ShrimpDiseaseImageBD An Image Dataset for Computer Vision-Based Detection of Shrimp Diseases in Bangladesh/Root/Annotated Diseased Shrimp Images/Annotated Diseased Shrimp Images/2. WSSV/labels/WSSV-60-img-1.txt,WSSV,WSSV,WSSV-60-img-1,22
train,/home/drnguyenvinh/notebooks/shrimp_od_yolo_ultralytics_under12M_17models_rtx4090_v3_FIXED_OD_ONLY/kaggle_raw/shrimpdiseaseimagebd/ShrimpDiseaseImageBD An Image Dataset for Computer Vision-Based Detection of Shrimp Diseases in Bangladesh/Root/Annotated Diseased Shrimp Images/Annotated Diseased Shrimp Images/4. WSSV_BG/images/WSSV_BG-76-img-3.jpg,/home/drnguyenvinh/notebooks/shrimp_od_yolo_ultralytics_under12M_17models_rtx4090_v3_FIXED_OD_ONLY/kaggle_raw/shrimpdiseaseimagebd/ShrimpDiseaseImageBD An Image Dataset for Computer Vision-Based Detection of Shrimp Diseases in Bangladesh/Root/Annotated Diseased Shrimp Images/Annotated Diseased Shrimp Images/4. WSSV_BG/labels/WSSV_BG-76-img-3.txt,WSSV_BG,WSSV_BG,WSSV_BG-76-img-3,16
train,/home/drnguyenvinh/notebooks/shrimp_od_yolo_ultralytics_under12M_17models_rtx4090_v3_FIXED_OD_ONLY/kaggle_raw/shrimpdiseaseimagebd/ShrimpDiseaseImageBD An Image Dataset for Computer Vision-Based Detection of Shrimp Diseases in Bangladesh/Root/Annotated Diseased Shrimp Images/Annotated Diseased Shrimp Images/2. WSSV/images/WSSV-54-img-3.jpg,/home/drnguyenvinh/notebooks/shrimp_od_yolo_ultralytics_under12M_17models_rtx4090_v3_FIXED_OD_ONLY/kaggle_raw/shrimpdiseaseimagebd/ShrimpDiseaseImageBD An Image Dataset for Computer Vision-Based Detection of Shrimp Diseases in Bangladesh/Root/Annotated Diseased Shrimp Images/Annotated Diseased Shrimp Images/2. WSSV/labels/WSSV-54-img-3.txt,WSSV,WSSV,WSSV-54-img-3,6
train,/home/drnguyenvinh/notebooks/shrimp_od_yolo_ultralytics_under12M_17models_rtx4090_v3_FIXED_OD_ONLY/kaggle_raw/shrimpdiseaseimagebd/ShrimpDiseaseImageBD An Image Dataset for Computer Vision-Based Detection of Shrimp Diseases in Bangladesh/Root/Annotated Diseased Shrimp Images/Annotated Diseased Shrimp Images/2. WSSV/images/WSSV-4-img-1.jpg,/home/drnguyenvinh/notebooks/shrimp_od_yolo_ultralytics_under12M_17models_rtx4090_v3_FIXED_OD_ONLY/kaggle_raw/shrimpdiseaseimagebd/ShrimpDiseaseImageBD An Image Dataset for Computer Vision-Based Detection of Shrimp Diseases in Bangladesh/Root/Annotated Diseased Shrimp Images/Annotated Diseased Shrimp Images/2. WSSV/labels/WSSV-4-img-1.txt,WSSV,WSSV,WSSV-4-img-1,3
train,/home/drnguyenvinh/notebooks/shrimp_od_yolo_ultralytics_under12M_17models_rtx4090_v3_FIXED_OD_ONLY/kaggle_raw/shrimpdiseaseimagebd/ShrimpDiseaseImageBD An Image Dataset for Computer Vision-Based Detection of Shrimp Diseases in Bangladesh/Root/Annotated Diseased Shrimp Images/Annotated Diseased Shrimp Images/4. WSSV_BG/images/WSSV_BG-42-img-2.jpg,/home/drnguyenvinh/notebooks/shrimp_od_yolo_ultralytics_under12M_17models_rtx4090_v3_FIXED_OD_ONLY/kaggle_raw/shrimpdiseaseimagebd/ShrimpDiseaseImageBD An Image Dataset for Computer Vision-Based Detection of Shrimp Diseases in Bangladesh/Root/Annotated Diseased Shrimp Images/Annotated Diseased Shrimp Images/4. WSSV_BG/labels/WSSV_BG-42-img-2.txt,WSSV_BG,WSSV_BG,WSSV_BG-42-img-2,9
train,/home/drnguyenvinh/notebooks/shrimp_od_yolo_ultralytics_under12M_17models_rtx4090_v3_FIXED_OD_ONLY/kaggle_raw/shrimpdiseaseimagebd/ShrimpDiseaseImageBD An Image Dataset for Computer Vision-Based Detection of Shrimp Diseases in Bangladesh/Root/Annotated Diseased Shrimp Images/Annotated Diseased Shrimp Images/1. BG/images/BG-38-img-3.jpg,/home/drnguyenvinh/notebooks/shrimp_od_yolo_ultralytics_under12M_17models_rtx4090_v3_FIXED_OD_ONLY/kaggle_raw/shrimpdiseaseimagebd/ShrimpDiseaseImageBD An Image Dataset for Computer Vision-Based Detection of Shrimp Diseases in Bangladesh/Root/Annotated Diseased Shrimp Images/Annotated Diseased Shrimp Images/1. BG/labels/BG-38-img-3.txt,BG,BG,BG-38-img-3,2
train,/home/drnguyenvinh/notebooks/shrimp_od_yolo_ultralytics_under12M_17models_rtx4090_v3_FIXED_OD_ONLY/kaggle_raw/shrimpdiseaseimagebd/ShrimpDiseaseImageBD An Image Dataset for Computer Vision-Based Detection of Shrimp Diseases in Bangladesh/Root/Annotated Diseased Shrimp Images/Annotated Diseased Shrimp Images/2. WSSV/images/WSSV-25-img-3.jpg,/home/drnguyenvinh/notebooks/shrimp_od_yolo_ultralytics_under12M_17models_rtx4090_v3_FIXED_OD_ONLY/kaggle_raw/shrimpdiseaseimagebd/ShrimpDiseaseImageBD An Image Dataset for Computer Vision-Based Detection of Shrimp Diseases in Bangladesh/Root/Annotated Diseased Shrimp Images/Annotated Diseased Shrimp Images/2. WSSV/labels/WSSV-25-img-3.txt,WSSV,WSSV,WSSV-25-img-3,3
train,/home/drnguyenvinh/notebooks/shrimp_od_yolo_ultralytics_under12M_17models_rtx4090_v3_FIXED_OD_ONLY/kaggle_raw/shrimpdiseaseimagebd/ShrimpDiseaseImageBD An Image Dataset for Computer Vision-Based Detection of Shrimp Diseases in Bangladesh/Root/Annotated Diseased Shrimp Images/Annotated Diseased Shrimp Images/2. WSSV/images/WSSV-8-img-3.jpg,/home/drnguyenvinh/notebooks/shrimp_od_yolo_ultralytics_under12M_17models_rtx4090_v3_FIXED_OD_ONLY/kaggle_raw/shrimpdiseaseimagebd/ShrimpDiseaseImageBD An Image Dataset for Computer Vision-Based Detection of Shrimp Diseases in Bangladesh/Root/Annotated Diseased Shrimp Images/Annotated Diseased Shrimp Images/2. WSSV/labels/WSSV-8-img-3.txt,WSSV,WSSV,WSSV-8-img-3,13
train,/home/drnguyenvinh/notebooks/shrimp_od_yolo_ultralytics_under12M_17models_rtx4090_v3_FIXED_OD_ONLY/kaggle_raw/shrimpdiseaseimagebd/ShrimpDiseaseImageBD An Image Dataset for Computer Vision-Based Detection of Shrimp Diseases in Bangladesh/Root/Annotated Diseased Shrimp Images/Annotated Diseased Shrimp Images/4. WSSV_BG/images/WSSV_BG-17-img-3.jpg,/home/drnguyenvinh/notebooks/shrimp_od_yolo_ultralytics_under12M_17models_rtx4090_v3_FIXED_OD_ONLY/kaggle_raw/shrimpdiseaseimagebd/ShrimpDiseaseImageBD An Image Dataset for Computer Vision-Based Detection of Shrimp Diseases in Bangladesh/Root/Annotated Diseased Shrimp Images/Annotated Diseased Shrimp Images/4. WSSV_BG/labels/WSSV_BG-17-img-3.txt,WSSV_BG,WSSV_BG,WSSV_BG-17-img-3,6
train,/home/drnguyenvinh/notebooks/shrimp_od_yolo_ultralytics_under12M_17models_rtx4090_v3_FIXED_OD_ONLY/kaggle_raw/shrimpdiseaseimagebd/ShrimpDiseaseImageBD An Image Dataset for Computer Vision-Based Detection of Shrimp Diseases in Bangladesh/Root/Annotated Diseased Shrimp Images/Annotated Diseased Shrimp Images/2. WSSV/images/WSSV-69-img-2.jpg,/home/drnguyenvinh/notebooks/shrimp_od_yolo_ultralytics_under12M_17models_rtx4090_v3_FIXED_OD_ONLY/kaggle_raw/shrimpdiseaseimagebd/ShrimpDiseaseImageBD An Image Dataset for Computer Vision-Based Detection of Shrimp Diseases in Bangladesh/Root/Annotated Diseased Shrimp Images/Annotated Diseased Shrimp Images/2. WSSV/labels/WSSV-69-img-2.txt,WSSV,WSSV,WSSV-69-img-2,12
train,/home/drnguyenvinh/notebooks/shrimp_od_yolo_ultralytics_under12M_17models_rtx4090_v3_FIXED_OD_ONLY/kaggle_raw/shrimpdiseaseimagebd/ShrimpDiseaseImageBD An Image Dataset for Computer Vision-Based Detection of Shrimp Diseases in Bangladesh/Root/Annotated Diseased Shrimp Images/Annotated Diseased Shrimp Images/4. WSSV_BG/images/WSSV_BG-16-img-1.jpg,/home/drnguyenvinh/notebooks/shrimp_od_yolo_ultralytics_under12M_17models_rtx4090_v3_FIXED_OD_ONLY/kaggle_raw/shrimpdiseaseimagebd/ShrimpDiseaseImageBD An Image Dataset for Computer Vision-Based Detection of Shrimp Diseases in Bangladesh/Root/Annotated Diseased Shrimp Images/Annotated Diseased Shrimp Images/4. WSSV_BG/labels/WSSV_BG-16-img-1.txt,WSSV_BG,WSSV_BG,WSSV_BG-16-img-1,9
train,/home/drnguyenvinh/notebooks/shrimp_od_yolo_ultralytics_under12M_17models_rtx4090_v3_FIXED_OD_ONLY/kaggle_raw/shrimpdiseaseimagebd/ShrimpDiseaseImageBD An Image Dataset for Computer Vision-Based Detection of Shrimp Diseases in Bangladesh/Root/Annotated Diseased Shrimp Images/Annotated Diseased Shrimp Images/2. WSSV/images/WSSV-37-img-1.jpg,/home/drnguyenvinh/notebooks/shrimp_od_yolo_ultralytics_under12M_17models_rtx4090_v3_FIXED_OD_ONLY/kaggle_raw/shrimpdiseaseimagebd/ShrimpDiseaseImageBD An Image Dataset for Computer Vision-Based Detection of Shrimp Diseases in Bangladesh/Root/Annotated Diseased Shrimp Images/Annotated Diseased Shrimp Images/2. WSSV/labels/WSSV-37-img-1.txt,WSSV,WSSV,WSSV-37-img-1,11
train,/home/drnguyenvinh/notebooks/shrimp_od_yolo_ultralytics_under12M_17models_rtx4090_v3_FIXED_OD_ONLY/kaggle_raw/shrimpdiseaseimagebd/ShrimpDiseaseImageBD An Image Dataset for Computer Vision-Based Detection of Shrimp Diseases in Bangladesh/Root/Annotated Diseased Shrimp Images/Annotated Diseased Shrimp Images/1. BG/images/BG-4-img-2.jpg,/home/drnguyenvinh/notebooks/shrimp_od_yolo_ultralytics_under12M_17models_rtx4090_v3_FIXED_OD_ONLY/kaggle_raw/shrimpdiseaseimagebd/ShrimpDiseaseImageBD An Image Dataset for Computer Vision-Based Detection of Shrimp Diseases in Bangladesh/Root/Annotated Diseased Shrimp Images/Annotated Diseased Shrimp Images/1. BG/labels/BG-4-img-2.txt,BG,BG,BG-4-img-2,1
train,/home/drnguyenvinh/notebooks/shrimp_od_yolo_ultralytics_under12M_17models_rtx4090_v3_FIXED_OD_ONLY/kaggle_raw/shrimpdiseaseimagebd/ShrimpDiseaseImageBD An Image Dataset for Computer Vision-Based Detection of Shrimp Diseases in Bangladesh/Root/Annotated Diseased Shrimp Images/Annotated Diseased Shrimp Images/2. WSSV/images/WSSV-84-img-1.jpg,/home/drnguyenvinh/notebooks/shrimp_od_yolo_ultralytics_under12M_17models_rtx4090_v3_FIXED_OD_ONLY/kaggle_raw/shrimpdiseaseimagebd/ShrimpDiseaseImageBD An Image Dataset for Computer Vision-Based Detection of Shrimp Diseases in Bangladesh/Root/Annotated Diseased Shrimp Images/Annotated Diseased Shrimp Images/2. WSSV/labels/WSSV-84-img-1.txt,WSSV,WSSV,WSSV-84-img-1,8
train,/home/drnguyenvinh/notebooks/shrimp_od_yolo_ultralytics_under12M_17models_rtx4090_v3_FIXED_OD_ONLY/kaggle_raw/shrimpdiseaseimagebd/ShrimpDiseaseImageBD An Image Dataset for Computer Vision-Based Detection of Shrimp Diseases in Bangladesh/Root/Annotated Diseased Shrimp Images/Annotated Diseased Shrimp Images/2. WSSV/images/WSSV-58-img-1.jpg,/home/drnguyenvinh/notebooks/shrimp_od_yolo_ultralytics_under12M_17models_rtx4090_v3_FIXED_OD_ONLY/kaggle_raw/shrimpdiseaseimagebd/ShrimpDiseaseImageBD An Image Dataset for Computer Vision-Based Detection of Shrimp Diseases in Bangladesh/Root/Annotated Diseased Shrimp Images/Annotated Diseased Shrimp Images/2. WSSV/labels/WSSV-58-img-1.txt,WSSV,WSSV,WSSV-58-img-1,14
train,/home/drnguyenvinh/notebooks/shrimp_od_yolo_ultralytics_under12M_17models_rtx4090_v3_FIXED_OD_ONLY/kaggle_raw/shrimpdiseaseimagebd/ShrimpDiseaseImageBD An Image Dataset for Computer Vision-Based Detection of Shrimp Diseases in Bangladesh/Root/Annotated Diseased Shrimp Images/Annotated Diseased Shrimp Images/2. WSSV/images/WSSV-26-img-3.jpg,/home/drnguyenvinh/notebooks/shrimp_od_yolo_ultralytics_under12M_17models_rtx4090_v3_FIXED_OD_ONLY/kaggle_raw/shrimpdiseaseimagebd/ShrimpDiseaseImageBD An Image Dataset for Computer Vision-Based Detection of Shrimp Diseases in Bangladesh/Root/Annotated Diseased Shrimp Images/Annotated Diseased Shrimp Images/2. WSSV/labels/WSSV-26-img-3.txt,WSSV,WSSV,WSSV-26-img-3,8
train,/home/drnguyenvinh/notebooks/shrimp_od_yolo_ultralytics_under12M_17models_rtx4090_v3_FIXED_OD_ONLY/kaggle_raw/shrimpdiseaseimagebd/ShrimpDiseaseImageBD An Image Dataset for Computer Vision-Based Detection of Shrimp Diseases in Bangladesh/Root/Annotated Diseased Shrimp Images/Annotated Diseased Shrimp Images/4. WSSV_BG/images/WSSV_BG-8-img-3.jpg,/home/drnguyenvinh/notebooks/shrimp_od_yolo_ultralytics_under12M_17models_rtx4090_v3_FIXED_OD_ONLY/kaggle_raw/shrimpdiseaseimagebd/ShrimpDiseaseImageBD An Image Dataset for Computer Vision-Based Detection of Shrimp Diseases in Bangladesh/Root/Annotated Diseased Shrimp Images/Annotated Diseased Shrimp Images/4. WSSV_BG/labels/WSSV_BG-8-img-3.txt,WSSV_BG,WSSV_BG,WSSV_BG-8-img-3,8
train,/home/drnguyenvinh/notebooks/shrimp_od_yolo_ultralytics_under12M_17models_rtx4090_v3_FIXED_OD_ONLY/kaggle_raw/shrimpdiseaseimagebd/ShrimpDiseaseImageBD An Image Dataset for Computer Vision-Based Detection of Shrimp Diseases in Bangladesh/Root/Annotated Diseased Shrimp Images/Annotated Diseased Shrimp Images/4. WSSV_BG/images/WSSV_BG-6-img-2.jpg,/home/drnguyenvinh/notebooks/shrimp_od_yolo_ultralytics_under12M_17models_rtx4090_v3_FIXED_OD_ONLY/kaggle_raw/shrimpdiseaseimagebd/ShrimpDiseaseImageBD An Image Dataset for Computer Vision-Based Detection of Shrimp Diseases in Bangladesh/Root/Annotated Diseased Shrimp Images/Annotated Diseased Shrimp Images/4. WSSV_BG/labels/WSSV_BG-6-img-2.txt,WSSV_BG,WSSV_BG,WSSV_BG-6-img-2,3
train,/home/drnguyenvinh/notebooks/shrimp_od_yolo_ultralytics_under12M_17models_rtx4090_v3_FIXED_OD_ONLY/kaggle_raw/shrimpdiseaseimagebd/ShrimpDiseaseImageBD An Image Dataset for Computer Vision-Based Detection of Shrimp Diseases in Bangladesh/Root/Annotated Diseased Shrimp Images/Annotated Diseased Shrimp Images/4. WSSV_BG/images/WSSV_BG-31-img-3.jpg,/home/drnguyenvinh/notebooks/shrimp_od_yolo_ultralytics_under12M_17models_rtx4090_v3_FIXED_OD_ONLY/kaggle_raw/shrimpdiseaseimagebd/ShrimpDiseaseImageBD An Image Dataset for Computer Vision-Based Detection of Shrimp Diseases in Bangladesh/Root/Annotated Diseased Shrimp Images/Annotated Diseased Shrimp Images/4. WSSV_BG/labels/WSSV_BG-31-img-3.txt,WSSV_BG,WSSV_BG,WSSV_BG-31-img-3,5
train,/home/drnguyenvinh/notebooks/shrimp_od_yolo_ultralytics_under12M_17models_rtx4090_v3_FIXED_OD_ONLY/kaggle_raw/shrimpdiseaseimagebd/ShrimpDiseaseImageBD An Image Dataset for Computer Vision-Based Detection of Shrimp Diseases in Bangladesh/Root/Annotated Diseased Shrimp Images/Annotated Diseased Shrimp Images/4. WSSV_BG/images/WSSV_BG-47-img-3.jpg,/home/drnguyenvinh/notebooks/shrimp_od_yolo_ultralytics_under12M_17models_rtx4090_v3_FIXED_OD_ONLY/kaggle_raw/shrimpdiseaseimagebd/ShrimpDiseaseImageBD An Image Dataset for Computer Vision-Based Detection of Shrimp Diseases in Bangladesh/Root/Annotated Diseased Shrimp Images/Annotated Diseased Shrimp Images/4. WSSV_BG/labels/WSSV_BG-47-img-3.txt,WSSV_BG,WSSV_BG,WSSV_BG-47-img-3,10
train,/home/drnguyenvinh/notebooks/shrimp_od_yolo_ultralytics_under12M_17models_rtx4090_v3_FIXED_OD_ONLY/kaggle_raw/shrimpdiseaseimagebd/ShrimpDiseaseImageBD An Image Dataset for Computer Vision-Based Detection of Shrimp Diseases in Bangladesh/Root/Annotated Diseased Shrimp Images/Annotated Diseased Shrimp Images/2. WSSV/images/WSSV-19-img-1.jpg,/home/drnguyenvinh/notebooks/shrimp_od_yolo_ultralytics_under12M_17models_rtx4090_v3_FIXED_OD_ONLY/kaggle_raw/shrimpdiseaseimagebd/ShrimpDiseaseImageBD An Image Dataset for Computer Vision-Based Detection of Shrimp Diseases in Bangladesh/Root/Annotated Diseased Shrimp Images/Annotated Diseased Shrimp Images/2. WSSV/labels/WSSV-19-img-1.txt,WSSV,WSSV,WSSV-19-img-1,10
train,/home/drnguyenvinh/notebooks/shrimp_od_yolo_ultralytics_under12M_17models_rtx4090_v3_FIXED_OD_ONLY/kaggle_raw/shrimpdiseaseimagebd/ShrimpDiseaseImageBD An Image Dataset for Computer Vision-Based Detection of Shrimp Diseases in Bangladesh/Root/Annotated Diseased Shrimp Images/Annotated Diseased Shrimp Images/4. WSSV_BG/images/WSSV_BG-59-img-1.jpg,/home/drnguyenvinh/notebooks/shrimp_od_yolo_ultralytics_under12M_17models_rtx4090_v3_FIXED_OD_ONLY/kaggle_raw/shrimpdiseaseimagebd/ShrimpDiseaseImageBD An Image Dataset for Computer Vision-Based Detection of Shrimp Diseases in Bangladesh/Root/Annotated Diseased Shrimp Images/Annotated Diseased Shrimp Images/4. WSSV_BG/labels/WSSV_BG-59-img-1.txt,WSSV_BG,WSSV_BG,WSSV_BG-59-img-1,8
train,/home/drnguyenvinh/notebooks/shrimp_od_yolo_ultralytics_under12M_17models_rtx4090_v3_FIXED_OD_ONLY/kaggle_raw/shrimpdiseaseimagebd/ShrimpDiseaseImageBD An Image Dataset for Computer Vision-Based Detection of Shrimp Diseases in Bangladesh/Root/Annotated Diseased Shrimp Images/Annotated Diseased Shrimp Images/2. WSSV/images/WSSV-108-img-1.jpg,/home/drnguyenvinh/notebooks/shrimp_od_yolo_ultralytics_under12M_17models_rtx4090_v3_FIXED_OD_ONLY/kaggle_raw/shrimpdiseaseimagebd/ShrimpDiseaseImageBD An Image Dataset for Computer Vision-Based Detection of Shrimp Diseases in Bangladesh/Root/Annotated Diseased Shrimp Images/Annotated Diseased Shrimp Images/2. WSSV/labels/WSSV-108-img-1.txt,WSSV,WSSV,WSSV-108-img-1,3
train,/home/drnguyenvinh/notebooks/shrimp_od_yolo_ultralytics_under12M_17models_rtx4090_v3_FIXED_OD_ONLY/kaggle_raw/shrimpdiseaseimagebd/ShrimpDiseaseImageBD An Image Dataset for Computer Vision-Based Detection of Shrimp Diseases in Bangladesh/Root/Annotated Diseased Shrimp Images/Annotated Diseased Shrimp Images/4. WSSV_BG/images/WSSV_BG-39-img-1.jpg,/home/drnguyenvinh/notebooks/shrimp_od_yolo_ultralytics_under12M_17models_rtx4090_v3_FIXED_OD_ONLY/kaggle_raw/shrimpdiseaseimagebd/ShrimpDiseaseImageBD An Image Dataset for Computer Vision-Based Detection of Shrimp Diseases in Bangladesh/Root/Annotated Diseased Shrimp Images/Annotated Diseased Shrimp Images/4. WSSV_BG/labels/WSSV_BG-39-img-1.txt,WSSV_BG,WSSV_BG,WSSV_BG-39-img-1,8
train,/home/drnguyenvinh/notebooks/shrimp_od_yolo_ultralytics_under12M_17models_rtx4090_v3_FIXED_OD_ONLY/kaggle_raw/shrimpdiseaseimagebd/ShrimpDiseaseImageBD An Image Dataset for Computer Vision-Based Detection of Shrimp Diseases in Bangladesh/Root/Annotated Diseased Shrimp Images/Annotated Diseased Shrimp Images/1. BG/images/BG-72-img-1.jpg,/home/drnguyenvinh/notebooks/shrimp_od_yolo_ultralytics_under12M_17models_rtx4090_v3_FIXED_OD_ONLY/kaggle_raw/shrimpdiseaseimagebd/ShrimpDiseaseImageBD An Image Dataset for Computer Vision-Based Detection of Shrimp Diseases in Bangladesh/Root/Annotated Diseased Shrimp Images/Annotated Diseased Shrimp Images/1. BG/labels/BG-72-img-1.txt,BG,BG,BG-72-img-1,2
train,/home/drnguyenvinh/notebooks/shrimp_od_yolo_ultralytics_under12M_17models_rtx4090_v3_FIXED_OD_ONLY/kaggle_raw/shrimpdiseaseimagebd/ShrimpDiseaseImageBD An Image Dataset for Computer Vision-Based Detection of Shrimp Diseases in Bangladesh/Root/Annotated Diseased Shrimp Images/Annotated Diseased Shrimp Images/4. WSSV_BG/images/WSSV_BG-10-img-3.jpg,/home/drnguyenvinh/notebooks/shrimp_od_yolo_ultralytics_under12M_17models_rtx4090_v3_FIXED_OD_ONLY/kaggle_raw/shrimpdiseaseimagebd/ShrimpDiseaseImageBD An Image Dataset for Computer Vision-Based Detection of Shrimp Diseases in Bangladesh/Root/Annotated Diseased Shrimp Images/Annotated Diseased Shrimp Images/4. WSSV_BG/labels/WSSV_BG-10-img-3.txt,WSSV_BG,WSSV_BG,WSSV_BG-10-img-3,9
train,/home/drnguyenvinh/notebooks/shrimp_od_yolo_ultralytics_under12M_17models_rtx4090_v3_FIXED_OD_ONLY/kaggle_raw/shrimpdiseaseimagebd/ShrimpDiseaseImageBD An Image Dataset for Computer Vision-Based Detection of Shrimp Diseases in Bangladesh/Root/Annotated Diseased Shrimp Images/Annotated Diseased Shrimp Images/2. WSSV/images/WSSV-82-img-1.jpg,/home/drnguyenvinh/notebooks/shrimp_od_yolo_ultralytics_under12M_17models_rtx4090_v3_FIXED_OD_ONLY/kaggle_raw/shrimpdiseaseimagebd/ShrimpDiseaseImageBD An Image Dataset for Computer Vision-Based Detection of Shrimp Diseases in Bangladesh/Root/Annotated Diseased Shrimp Images/Annotated Diseased Shrimp Images/2. WSSV/labels/WSSV-82-img-1.txt,WSSV,WSSV,WSSV-82-img-1,10
train,/home/drnguyenvinh/notebooks/shrimp_od_yolo_ultralytics_under12M_17models_rtx4090_v3_FIXED_OD_ONLY/kaggle_raw/shrimpdiseaseimagebd/ShrimpDiseaseImageBD An Image Dataset for Computer Vision-Based Detection of Shrimp Diseases in Bangladesh/Root/Annotated Diseased Shrimp Images/Annotated Diseased Shrimp Images/4. WSSV_BG/images/WSSV_BG-37-img-2.jpg,/home/drnguyenvinh/notebooks/shrimp_od_yolo_ultralytics_under12M_17models_rtx4090_v3_FIXED_OD_ONLY/kaggle_raw/shrimpdiseaseimagebd/ShrimpDiseaseImageBD An Image Dataset for Computer Vision-Based Detection of Shrimp Diseases in Bangladesh/Root/Annotated Diseased Shrimp Images/Annotated Diseased Shrimp Images/4. WSSV_BG/labels/WSSV_BG-37-img-2.txt,WSSV_BG,WSSV_BG,WSSV_BG-37-img-2,7
train,/home/drnguyenvinh/notebooks/shrimp_od_yolo_ultralytics_under12M_17models_rtx4090_v3_FIXED_OD_ONLY/kaggle_raw/shrimpdiseaseimagebd/ShrimpDiseaseImageBD An Image Dataset for Computer Vision-Based Detection of Shrimp Diseases in Bangladesh/Root/Annotated Diseased Shrimp Images/Annotated Diseased Shrimp Images/1. BG/images/BG-61-img-3.jpg,/home/drnguyenvinh/notebooks/shrimp_od_yolo_ultralytics_under12M_17models_rtx4090_v3_FIXED_OD_ONLY/kaggle_raw/shrimpdiseaseimagebd/ShrimpDiseaseImageBD An Image Dataset for Computer Vision-Based Detection of Shrimp Diseases in Bangladesh/Root/Annotated Diseased Shrimp Images/Annotated Diseased Shrimp Images/1. BG/labels/BG-61-img-3.txt,BG,BG,BG-61-img-3,2
train,/home/drnguyenvinh/notebooks/shrimp_od_yolo_ultralytics_under12M_17models_rtx4090_v3_FIXED_OD_ONLY/kaggle_raw/shrimpdiseaseimagebd/ShrimpDiseaseImageBD An Image Dataset for Computer Vision-Based Detection of Shrimp Diseases in Bangladesh/Root/Annotated Diseased Shrimp Images/Annotated Diseased Shrimp Images/4. WSSV_BG/images/WSSV_BG-3-img-1.jpg,/home/drnguyenvinh/notebooks/shrimp_od_yolo_ultralytics_under12M_17models_rtx4090_v3_FIXED_OD_ONLY/kaggle_raw/shrimpdiseaseimagebd/ShrimpDiseaseImageBD An Image Dataset for Computer Vision-Based Detection of Shrimp Diseases in Bangladesh/Root/Annotated Diseased Shrimp Images/Annotated Diseased Shrimp Images/4. WSSV_BG/labels/WSSV_BG-3-img-1.txt,WSSV_BG,WSSV_BG,WSSV_BG-3-img-1,2
train,/home/drnguyenvinh/notebooks/shrimp_od_yolo_ultralytics_under12M_17models_rtx4090_v3_FIXED_OD_ONLY/kaggle_raw/shrimpdiseaseimagebd/ShrimpDiseaseImageBD An Image Dataset for Computer Vision-Based Detection of Shrimp Diseases in Bangladesh/Root/Annotated Diseased Shrimp Images/Annotated Diseased Shrimp Images/4. WSSV_BG/images/WSSV_BG-54-img-1.jpg,/home/drnguyenvinh/notebooks/shrimp_od_yolo_ultralytics_under12M_17models_rtx4090_v3_FIXED_OD_ONLY/kaggle_raw/shrimpdiseaseimagebd/ShrimpDiseaseImageBD An Image Dataset for Computer Vision-Based Detection of Shrimp Diseases in Bangladesh/Root/Annotated Diseased Shrimp Images/Annotated Diseased Shrimp Images/4. WSSV_BG/labels/WSSV_BG-54-img-1.txt,WSSV_BG,WSSV_BG,WSSV_BG-54-img-1,12
train,/home/drnguyenvinh/notebooks/shrimp_od_yolo_ultralytics_under12M_17models_rtx4090_v3_FIXED_OD_ONLY/kaggle_raw/shrimpdiseaseimagebd/ShrimpDiseaseImageBD An Image Dataset for Computer Vision-Based Detection of Shrimp Diseases in Bangladesh/Root/Annotated Diseased Shrimp Images/Annotated Diseased Shrimp Images/1. BG/images/BG-21-img-3.jpg,/home/drnguyenvinh/notebooks/shrimp_od_yolo_ultralytics_under12M_17models_rtx4090_v3_FIXED_OD_ONLY/kaggle_raw/shrimpdiseaseimagebd/ShrimpDiseaseImageBD An Image Dataset for Computer Vision-Based Detection of Shrimp Diseases in Bangladesh/Root/Annotated Diseased Shrimp Images/Annotated Diseased Shrimp Images/1. BG/labels/BG-21-img-3.txt,BG,BG,BG-21-img-3,2
train,/home/drnguyenvinh/notebooks/shrimp_od_yolo_ultralytics_under12M_17models_rtx4090_v3_FIXED_OD_ONLY/kaggle_raw/shrimpdiseaseimagebd/ShrimpDiseaseImageBD An Image Dataset for Computer Vision-Based Detection of Shrimp Diseases in Bangladesh/Root/Annotated Diseased Shrimp Images/Annotated Diseased Shrimp Images/2. WSSV/images/WSSV-104-img-2.jpg,/home/drnguyenvinh/notebooks/shrimp_od_yolo_ultralytics_under12M_17models_rtx4090_v3_FIXED_OD_ONLY/kaggle_raw/shrimpdiseaseimagebd/ShrimpDiseaseImageBD An Image Dataset for Computer Vision-Based Detection of Shrimp Diseases in Bangladesh/Root/Annotated Diseased Shrimp Images/Annotated Diseased Shrimp Images/2. WSSV/labels/WSSV-104-img-2.txt,WSSV,WSSV,WSSV-104-img-2,3
train,/home/drnguyenvinh/notebooks/shrimp_od_yolo_ultralytics_under12M_17models_rtx4090_v3_FIXED_OD_ONLY/kaggle_raw/shrimpdiseaseimagebd/ShrimpDiseaseImageBD An Image Dataset for Computer Vision-Based Detection of Shrimp Diseases in Bangladesh/Root/Annotated Diseased Shrimp Images/Annotated Diseased Shrimp Images/4. WSSV_BG/images/WSSV_BG-39-img-2.jpg,/home/drnguyenvinh/notebooks/shrimp_od_yolo_ultralytics_under12M_17models_rtx4090_v3_FIXED_OD_ONLY/kaggle_raw/shrimpdiseaseimagebd/ShrimpDiseaseImageBD An Image Dataset for Computer Vision-Based Detection of Shrimp Diseases in Bangladesh/Root/Annotated Diseased Shrimp Images/Annotated Diseased Shrimp Images/4. WSSV_BG/labels/WSSV_BG-39-img-2.txt,WSSV_BG,WSSV_BG,WSSV_BG-39-img-2,8
train,/home/drnguyenvinh/notebooks/shrimp_od_yolo_ultralytics_under12M_17models_rtx4090_v3_FIXED_OD_ONLY/kaggle_raw/shrimpdiseaseimagebd/ShrimpDiseaseImageBD An Image Dataset for Computer Vision-Based Detection of Shrimp Diseases in Bangladesh/Root/Annotated Diseased Shrimp Images/Annotated Diseased Shrimp Images/1. BG/images/BG-9-img-3.jpg,/home/drnguyenvinh/notebooks/shrimp_od_yolo_ultralytics_under12M_17models_rtx4090_v3_FIXED_OD_ONLY/kaggle_raw/shrimpdiseaseimagebd/ShrimpDiseaseImageBD An Image Dataset for Computer Vision-Based Detection of Shrimp Diseases in Bangladesh/Root/Annotated Diseased Shrimp Images/Annotated Diseased Shrimp Images/1. BG/labels/BG-9-img-3.txt,BG,BG,BG-9-img-3,2
train,/home/drnguyenvinh/notebooks/shrimp_od_yolo_ultralytics_under12M_17models_rtx4090_v3_FIXED_OD_ONLY/kaggle_raw/shrimpdiseaseimagebd/ShrimpDiseaseImageBD An Image Dataset for Computer Vision-Based Detection of Shrimp Diseases in Bangladesh/Root/Annotated Diseased Shrimp Images/Annotated Diseased Shrimp Images/2. WSSV/images/WSSV-97-img-1.jpg,/home/drnguyenvinh/notebooks/shrimp_od_yolo_ultralytics_under12M_17models_rtx4090_v3_FIXED_OD_ONLY/kaggle_raw/shrimpdiseaseimagebd/ShrimpDiseaseImageBD An Image Dataset for Computer Vision-Based Detection of Shrimp Diseases in Bangladesh/Root/Annotated Diseased Shrimp Images/Annotated Diseased Shrimp Images/2. WSSV/labels/WSSV-97-img-1.txt,WSSV,WSSV,WSSV-97-img-1,4
train,/home/drnguyenvinh/notebooks/shrimp_od_yolo_ultralytics_under12M_17models_rtx4090_v3_FIXED_OD_ONLY/kaggle_raw/shrimpdiseaseimagebd/ShrimpDiseaseImageBD An Image Dataset for Computer Vision-Based Detection of Shrimp Diseases in Bangladesh/Root/Annotated Diseased Shrimp Images/Annotated Diseased Shrimp Images/4. WSSV_BG/images/WSSV_BG-65-img-1.jpg,/home/drnguyenvinh/notebooks/shrimp_od_yolo_ultralytics_under12M_17models_rtx4090_v3_FIXED_OD_ONLY/kaggle_raw/shrimpdiseaseimagebd/ShrimpDiseaseImageBD An Image Dataset for Computer Vision-Based Detection of Shrimp Diseases in Bangladesh/Root/Annotated Diseased Shrimp Images/Annotated Diseased Shrimp Images/4. WSSV_BG/labels/WSSV_BG-65-img-1.txt,WSSV_BG,WSSV_BG,WSSV_BG-65-img-1,18
train,/home/drnguyenvinh/notebooks/shrimp_od_yolo_ultralytics_under12M_17models_rtx4090_v3_FIXED_OD_ONLY/kaggle_raw/shrimpdiseaseimagebd/ShrimpDiseaseImageBD An Image Dataset for Computer Vision-Based Detection of Shrimp Diseases in Bangladesh/Root/Annotated Diseased Shrimp Images/Annotated Diseased Shrimp Images/4. WSSV_BG/images/WSSV_BG-75-img-2.jpg,/home/drnguyenvinh/notebooks/shrimp_od_yolo_ultralytics_under12M_17models_rtx4090_v3_FIXED_OD_ONLY/kaggle_raw/shrimpdiseaseimagebd/ShrimpDiseaseImageBD An Image Dataset for Computer Vision-Based Detection of Shrimp Diseases in Bangladesh/Root/Annotated Diseased Shrimp Images/Annotated Diseased Shrimp Images/4. WSSV_BG/labels/WSSV_BG-75-img-2.txt,WSSV_BG,WSSV_BG,WSSV_BG-75-img-2,10
train,/home/drnguyenvinh/notebooks/shrimp_od_yolo_ultralytics_under12M_17models_rtx4090_v3_FIXED_OD_ONLY/kaggle_raw/shrimpdiseaseimagebd/ShrimpDiseaseImageBD An Image Dataset for Computer Vision-Based Detection of Shrimp Diseases in Bangladesh/Root/Annotated Diseased Shrimp Images/Annotated Diseased Shrimp Images/2. WSSV/images/WSSV-98-img-2.jpg,/home/drnguyenvinh/notebooks/shrimp_od_yolo_ultralytics_under12M_17models_rtx4090_v3_FIXED_OD_ONLY/kaggle_raw/shrimpdiseaseimagebd/ShrimpDiseaseImageBD An Image Dataset for Computer Vision-Based Detection of Shrimp Diseases in Bangladesh/Root/Annotated Diseased Shrimp Images/Annotated Diseased Shrimp Images/2. WSSV/labels/WSSV-98-img-2.txt,WSSV,WSSV,WSSV-98-img-2,11
train,/home/drnguyenvinh/notebooks/shrimp_od_yolo_ultralytics_under12M_17models_rtx4090_v3_FIXED_OD_ONLY/kaggle_raw/shrimpdiseaseimagebd/ShrimpDiseaseImageBD An Image Dataset for Computer Vision-Based Detection of Shrimp Diseases in Bangladesh/Root/Annotated Diseased Shrimp Images/Annotated Diseased Shrimp Images/1. BG/images/BG-55-img-3.jpg,/home/drnguyenvinh/notebooks/shrimp_od_yolo_ultralytics_under12M_17models_rtx4090_v3_FIXED_OD_ONLY/kaggle_raw/shrimpdiseaseimagebd/ShrimpDiseaseImageBD An Image Dataset for Computer Vision-Based Detection of Shrimp Diseases in Bangladesh/Root/Annotated Diseased Shrimp Images/Annotated Diseased Shrimp Images/1. BG/labels/BG-55-img-3.txt,BG,BG,BG-55-img-3,1
train,/home/drnguyenvinh/notebooks/shrimp_od_yolo_ultralytics_under12M_17models_rtx4090_v3_FIXED_OD_ONLY/kaggle_raw/shrimpdiseaseimagebd/ShrimpDiseaseImageBD An Image Dataset for Computer Vision-Based Detection of Shrimp Diseases in Bangladesh/Root/Annotated Diseased Shrimp Images/Annotated Diseased Shrimp Images/4. WSSV_BG/images/WSSV_BG-15-img-1.jpg,/home/drnguyenvinh/notebooks/shrimp_od_yolo_ultralytics_under12M_17models_rtx4090_v3_FIXED_OD_ONLY/kaggle_raw/shrimpdiseaseimagebd/ShrimpDiseaseImageBD An Image Dataset for Computer Vision-Based Detection of Shrimp Diseases in Bangladesh/Root/Annotated Diseased Shrimp Images/Annotated Diseased Shrimp Images/4. WSSV_BG/labels/WSSV_BG-15-img-1.txt,WSSV_BG,WSSV_BG,WSSV_BG-15-img-1,3
train,/home/drnguyenvinh/notebooks/shrimp_od_yolo_ultralytics_under12M_17models_rtx4090_v3_FIXED_OD_ONLY/kaggle_raw/shrimpdiseaseimagebd/ShrimpDiseaseImageBD An Image Dataset for Computer Vision-Based Detection of Shrimp Diseases in Bangladesh/Root/Annotated Diseased Shrimp Images/Annotated Diseased Shrimp Images/1. BG/images/BG-41-img-2.jpg,/home/drnguyenvinh/notebooks/shrimp_od_yolo_ultralytics_under12M_17models_rtx4090_v3_FIXED_OD_ONLY/kaggle_raw/shrimpdiseaseimagebd/ShrimpDiseaseImageBD An Image Dataset for Computer Vision-Based Detection of Shrimp Diseases in Bangladesh/Root/Annotated Diseased Shrimp Images/Annotated Diseased Shrimp Images/1. BG/labels/BG-41-img-2.txt,BG,BG,BG-41-img-2,2
train,/home/drnguyenvinh/notebooks/shrimp_od_yolo_ultralytics_under12M_17models_rtx4090_v3_FIXED_OD_ONLY/kaggle_raw/shrimpdiseaseimagebd/ShrimpDiseaseImageBD An Image Dataset for Computer Vision-Based Detection of Shrimp Diseases in Bangladesh/Root/Annotated Diseased Shrimp Images/Annotated Diseased Shrimp Images/2. WSSV/images/WSSV-20-img-3.jpg,/home/drnguyenvinh/notebooks/shrimp_od_yolo_ultralytics_under12M_17models_rtx4090_v3_FIXED_OD_ONLY/kaggle_raw/shrimpdiseaseimagebd/ShrimpDiseaseImageBD An Image Dataset for Computer Vision-Based Detection of Shrimp Diseases in Bangladesh/Root/Annotated Diseased Shrimp Images/Annotated Diseased Shrimp Images/2. WSSV/labels/WSSV-20-img-3.txt,WSSV,WSSV,WSSV-20-img-3,4
train,/home/drnguyenvinh/notebooks/shrimp_od_yolo_ultralytics_under12M_17models_rtx4090_v3_FIXED_OD_ONLY/kaggle_raw/shrimpdiseaseimagebd/ShrimpDiseaseImageBD An Image Dataset for Computer Vision-Based Detection of Shrimp Diseases in Bangladesh/Root/Annotated Diseased Shrimp Images/Annotated Diseased Shrimp Images/1. BG/images/BG-52-img-2.jpg,/home/drnguyenvinh/notebooks/shrimp_od_yolo_ultralytics_under12M_17models_rtx4090_v3_FIXED_OD_ONLY/kaggle_raw/shrimpdiseaseimagebd/ShrimpDiseaseImageBD An Image Dataset for Computer Vision-Based Detection of Shrimp Diseases in Bangladesh/Root/Annotated Diseased Shrimp Images/Annotated Diseased Shrimp Images/1. BG/labels/BG-52-img-2.txt,BG,BG,BG-52-img-2,5
train,/home/drnguyenvinh/notebooks/shrimp_od_yolo_ultralytics_under12M_17models_rtx4090_v3_FIXED_OD_ONLY/kaggle_raw/shrimpdiseaseimagebd/ShrimpDiseaseImageBD An Image Dataset for Computer Vision-Based Detection of Shrimp Diseases in Bangladesh/Root/Annotated Diseased Shrimp Images/Annotated Diseased Shrimp Images/2. WSSV/images/WSSV-43-img-1.jpg,/home/drnguyenvinh/notebooks/shrimp_od_yolo_ultralytics_under12M_17models_rtx4090_v3_FIXED_OD_ONLY/kaggle_raw/shrimpdiseaseimagebd/ShrimpDiseaseImageBD An Image Dataset for Computer Vision-Based Detection of Shrimp Diseases in Bangladesh/Root/Annotated Diseased Shrimp Images/Annotated Diseased Shrimp Images/2. WSSV/labels/WSSV-43-img-1.txt,WSSV,WSSV,WSSV-43-img-1,4
train,/home/drnguyenvinh/notebooks/shrimp_od_yolo_ultralytics_under12M_17models_rtx4090_v3_FIXED_OD_ONLY/kaggle_raw/shrimpdiseaseimagebd/ShrimpDiseaseImageBD An Image Dataset for Computer Vision-Based Detection of Shrimp Diseases in Bangladesh/Root/Annotated Diseased Shrimp Images/Annotated Diseased Shrimp Images/1. BG/images/BG-53-img-3.jpg,/home/drnguyenvinh/notebooks/shrimp_od_yolo_ultralytics_under12M_17models_rtx4090_v3_FIXED_OD_ONLY/kaggle_raw/shrimpdiseaseimagebd/ShrimpDiseaseImageBD An Image Dataset for Computer Vision-Based Detection of Shrimp Diseases in Bangladesh/Root/Annotated Diseased Shrimp Images/Annotated Diseased Shrimp Images/1. BG/labels/BG-53-img-3.txt,BG,BG,BG-53-img-3,1
train,/home/drnguyenvinh/notebooks/shrimp_od_yolo_ultralytics_under12M_17models_rtx4090_v3_FIXED_OD_ONLY/kaggle_raw/shrimpdiseaseimagebd/ShrimpDiseaseImageBD An Image Dataset for Computer Vision-Based Detection of Shrimp Diseases in Bangladesh/Root/Annotated Diseased Shrimp Images/Annotated Diseased Shrimp Images/2. WSSV/images/WSSV-43-img-2.jpg,/home/drnguyenvinh/notebooks/shrimp_od_yolo_ultralytics_under12M_17models_rtx4090_v3_FIXED_OD_ONLY/kaggle_raw/shrimpdiseaseimagebd/ShrimpDiseaseImageBD An Image Dataset for Computer Vision-Based Detection of Shrimp Diseases in Bangladesh/Root/Annotated Diseased Shrimp Images/Annotated Diseased Shrimp Images/2. WSSV/labels/WSSV-43-img-2.txt,WSSV,WSSV,WSSV-43-img-2,3
train,/home/drnguyenvinh/notebooks/shrimp_od_yolo_ultralytics_under12M_17models_rtx4090_v3_FIXED_OD_ONLY/kaggle_raw/shrimpdiseaseimagebd/ShrimpDiseaseImageBD An Image Dataset for Computer Vision-Based Detection of Shrimp Diseases in Bangladesh/Root/Annotated Diseased Shrimp Images/Annotated Diseased Shrimp Images/2. WSSV/images/WSSV-46-img-2.jpg,/home/drnguyenvinh/notebooks/shrimp_od_yolo_ultralytics_under12M_17models_rtx4090_v3_FIXED_OD_ONLY/kaggle_raw/shrimpdiseaseimagebd/ShrimpDiseaseImageBD An Image Dataset for Computer Vision-Based Detection of Shrimp Diseases in Bangladesh/Root/Annotated Diseased Shrimp Images/Annotated Diseased Shrimp Images/2. WSSV/labels/WSSV-46-img-2.txt,WSSV,WSSV,WSSV-46-img-2,5
train,/home/drnguyenvinh/notebooks/shrimp_od_yolo_ultralytics_under12M_17models_rtx4090_v3_FIXED_OD_ONLY/kaggle_raw/shrimpdiseaseimagebd/ShrimpDiseaseImageBD An Image Dataset for Computer Vision-Based Detection of Shrimp Diseases in Bangladesh/Root/Annotated Diseased Shrimp Images/Annotated Diseased Shrimp Images/2. WSSV/images/WSSV-85-img-1.jpg,/home/drnguyenvinh/notebooks/shrimp_od_yolo_ultralytics_under12M_17models_rtx4090_v3_FIXED_OD_ONLY/kaggle_raw/shrimpdiseaseimagebd/ShrimpDiseaseImageBD An Image Dataset for Computer Vision-Based Detection of Shrimp Diseases in Bangladesh/Root/Annotated Diseased Shrimp Images/Annotated Diseased Shrimp Images/2. WSSV/labels/WSSV-85-img-1.txt,WSSV,WSSV,WSSV-85-img-1,8
train,/home/drnguyenvinh/notebooks/shrimp_od_yolo_ultralytics_under12M_17models_rtx4090_v3_FIXED_OD_ONLY/kaggle_raw/shrimpdiseaseimagebd/ShrimpDiseaseImageBD An Image Dataset for Computer Vision-Based Detection of Shrimp Diseases in Bangladesh/Root/Annotated Diseased Shrimp Images/Annotated Diseased Shrimp Images/4. WSSV_BG/images/WSSV_BG-29-img-3.jpg,/home/drnguyenvinh/notebooks/shrimp_od_yolo_ultralytics_under12M_17models_rtx4090_v3_FIXED_OD_ONLY/kaggle_raw/shrimpdiseaseimagebd/ShrimpDiseaseImageBD An Image Dataset for Computer Vision-Based Detection of Shrimp Diseases in Bangladesh/Root/Annotated Diseased Shrimp Images/Annotated Diseased Shrimp Images/4. WSSV_BG/labels/WSSV_BG-29-img-3.txt,WSSV_BG,WSSV_BG,WSSV_BG-29-img-3,9
train,/home/drnguyenvinh/notebooks/shrimp_od_yolo_ultralytics_under12M_17models_rtx4090_v3_FIXED_OD_ONLY/kaggle_raw/shrimpdiseaseimagebd/ShrimpDiseaseImageBD An Image Dataset for Computer Vision-Based Detection of Shrimp Diseases in Bangladesh/Root/Annotated Diseased Shrimp Images/Annotated Diseased Shrimp Images/2. WSSV/images/WSSV-104-img-3.jpg,/home/drnguyenvinh/notebooks/shrimp_od_yolo_ultralytics_under12M_17models_rtx4090_v3_FIXED_OD_ONLY/kaggle_raw/shrimpdiseaseimagebd/ShrimpDiseaseImageBD An Image Dataset for Computer Vision-Based Detection of Shrimp Diseases in Bangladesh/Root/Annotated Diseased Shrimp Images/Annotated Diseased Shrimp Images/2. WSSV/labels/WSSV-104-img-3.txt,WSSV,WSSV,WSSV-104-img-3,2
train,/home/drnguyenvinh/notebooks/shrimp_od_yolo_ultralytics_under12M_17models_rtx4090_v3_FIXED_OD_ONLY/kaggle_raw/shrimpdiseaseimagebd/ShrimpDiseaseImageBD An Image Dataset for Computer Vision-Based Detection of Shrimp Diseases in Bangladesh/Root/Annotated Diseased Shrimp Images/Annotated Diseased Shrimp Images/1. BG/images/BG-24-img-1.jpg,/home/drnguyenvinh/notebooks/shrimp_od_yolo_ultralytics_under12M_17models_rtx4090_v3_FIXED_OD_ONLY/kaggle_raw/shrimpdiseaseimagebd/ShrimpDiseaseImageBD An Image Dataset for Computer Vision-Based Detection of Shrimp Diseases in Bangladesh/Root/Annotated Diseased Shrimp Images/Annotated Diseased Shrimp Images/1. BG/labels/BG-24-img-1.txt,BG,BG,BG-24-img-1,2
train,/home/drnguyenvinh/notebooks/shrimp_od_yolo_ultralytics_under12M_17models_rtx4090_v3_FIXED_OD_ONLY/kaggle_raw/shrimpdiseaseimagebd/ShrimpDiseaseImageBD An Image Dataset for Computer Vision-Based Detection of Shrimp Diseases in Bangladesh/Root/Annotated Diseased Shrimp Images/Annotated Diseased Shrimp Images/4. WSSV_BG/images/WSSV_BG-63-img-1.jpg,/home/drnguyenvinh/notebooks/shrimp_od_yolo_ultralytics_under12M_17models_rtx4090_v3_FIXED_OD_ONLY/kaggle_raw/shrimpdiseaseimagebd/ShrimpDiseaseImageBD An Image Dataset for Computer Vision-Based Detection of Shrimp Diseases in Bangladesh/Root/Annotated Diseased Shrimp Images/Annotated Diseased Shrimp Images/4. WSSV_BG/labels/WSSV_BG-63-img-1.txt,WSSV_BG,WSSV_BG,WSSV_BG-63-img-1,9
train,/home/drnguyenvinh/notebooks/shrimp_od_yolo_ultralytics_under12M_17models_rtx4090_v3_FIXED_OD_ONLY/kaggle_raw/shrimpdiseaseimagebd/ShrimpDiseaseImageBD An Image Dataset for Computer Vision-Based Detection of Shrimp Diseases in Bangladesh/Root/Annotated Diseased Shrimp Images/Annotated Diseased Shrimp Images/1. BG/images/BG-28-img-2.jpg,/home/drnguyenvinh/notebooks/shrimp_od_yolo_ultralytics_under12M_17models_rtx4090_v3_FIXED_OD_ONLY/kaggle_raw/shrimpdiseaseimagebd/ShrimpDiseaseImageBD An Image Dataset for Computer Vision-Based Detection of Shrimp Diseases in Bangladesh/Root/Annotated Diseased Shrimp Images/Annotated Diseased Shrimp Images/1. BG/labels/BG-28-img-2.txt,BG,BG,BG-28-img-2,1
val,/home/drnguyenvinh/notebooks/shrimp_od_yolo_ultralytics_under12M_17models_rtx4090_v3_FIXED_OD_ONLY/kaggle_raw/shrimpdiseaseimagebd/ShrimpDiseaseImageBD An Image Dataset for Computer Vision-Based Detection of Shrimp Diseases in Bangladesh/Root/Annotated Diseased Shrimp Images/Annotated Diseased Shrimp Images/4. WSSV_BG/images/WSSV_BG-16-img-2.jpg,/home/drnguyenvinh/notebooks/shrimp_od_yolo_ultralytics_under12M_17models_rtx4090_v3_FIXED_OD_ONLY/kaggle_raw/shrimpdiseaseimagebd/ShrimpDiseaseImageBD An Image Dataset for Computer Vision-Based Detection of Shrimp Diseases in Bangladesh/Root/Annotated Diseased Shrimp Images/Annotated Diseased Shrimp Images/4. WSSV_BG/labels/WSSV_BG-16-img-2.txt,WSSV_BG,WSSV_BG,WSSV_BG-16-img-2,8
val,/home/drnguyenvinh/notebooks/shrimp_od_yolo_ultralytics_under12M_17models_rtx4090_v3_FIXED_OD_ONLY/kaggle_raw/shrimpdiseaseimagebd/ShrimpDiseaseImageBD An Image Dataset for Computer Vision-Based Detection of Shrimp Diseases in Bangladesh/Root/Annotated Diseased Shrimp Images/Annotated Diseased Shrimp Images/2. WSSV/images/WSSV-84-img-3.jpg,/home/drnguyenvinh/notebooks/shrimp_od_yolo_ultralytics_under12M_17models_rtx4090_v3_FIXED_OD_ONLY/kaggle_raw/shrimpdiseaseimagebd/ShrimpDiseaseImageBD An Image Dataset for Computer Vision-Based Detection of Shrimp Diseases in Bangladesh/Root/Annotated Diseased Shrimp Images/Annotated Diseased Shrimp Images/2. WSSV/labels/WSSV-84-img-3.txt,WSSV,WSSV,WSSV-84-img-3,11
val,/home/drnguyenvinh/notebooks/shrimp_od_yolo_ultralytics_under12M_17models_rtx4090_v3_FIXED_OD_ONLY/kaggle_raw/shrimpdiseaseimagebd/ShrimpDiseaseImageBD An Image Dataset for Computer Vision-Based Detection of Shrimp Diseases in Bangladesh/Root/Annotated Diseased Shrimp Images/Annotated Diseased Shrimp Images/1. BG/images/BG-6-img-2.jpg,/home/drnguyenvinh/notebooks/shrimp_od_yolo_ultralytics_under12M_17models_rtx4090_v3_FIXED_OD_ONLY/kaggle_raw/shrimpdiseaseimagebd/ShrimpDiseaseImageBD An Image Dataset for Computer Vision-Based Detection of Shrimp Diseases in Bangladesh/Root/Annotated Diseased Shrimp Images/Annotated Diseased Shrimp Images/1. BG/labels/BG-6-img-2.txt,BG,BG,BG-6-img-2,1
val,/home/drnguyenvinh/notebooks/shrimp_od_yolo_ultralytics_under12M_17models_rtx4090_v3_FIXED_OD_ONLY/kaggle_raw/shrimpdiseaseimagebd/ShrimpDiseaseImageBD An Image Dataset for Computer Vision-Based Detection of Shrimp Diseases in Bangladesh/Root/Annotated Diseased Shrimp Images/Annotated Diseased Shrimp Images/4. WSSV_BG/images/WSSV_BG-76-img-2.jpg,/home/drnguyenvinh/notebooks/shrimp_od_yolo_ultralytics_under12M_17models_rtx4090_v3_FIXED_OD_ONLY/kaggle_raw/shrimpdiseaseimagebd/ShrimpDiseaseImageBD An Image Dataset for Computer Vision-Based Detection of Shrimp Diseases in Bangladesh/Root/Annotated Diseased Shrimp Images/Annotated Diseased Shrimp Images/4. WSSV_BG/labels/WSSV_BG-76-img-2.txt,WSSV_BG,WSSV_BG,WSSV_BG-76-img-2,14
val,/home/drnguyenvinh/notebooks/shrimp_od_yolo_ultralytics_under12M_17models_rtx4090_v3_FIXED_OD_ONLY/kaggle_raw/shrimpdiseaseimagebd/ShrimpDiseaseImageBD An Image Dataset for Computer Vision-Based Detection of Shrimp Diseases in Bangladesh/Root/Annotated Diseased Shrimp Images/Annotated Diseased Shrimp Images/1. BG/images/BG-30-img-2.jpg,/home/drnguyenvinh/notebooks/shrimp_od_yolo_ultralytics_under12M_17models_rtx4090_v3_FIXED_OD_ONLY/kaggle_raw/shrimpdiseaseimagebd/ShrimpDiseaseImageBD An Image Dataset for Computer Vision-Based Detection of Shrimp Diseases in Bangladesh/Root/Annotated Diseased Shrimp Images/Annotated Diseased Shrimp Images/1. BG/labels/BG-30-img-2.txt,BG,BG,BG-30-img-2,3
val,/home/drnguyenvinh/notebooks/shrimp_od_yolo_ultralytics_under12M_17models_rtx4090_v3_FIXED_OD_ONLY/kaggle_raw/shrimpdiseaseimagebd/ShrimpDiseaseImageBD An Image Dataset for Computer Vision-Based Detection of Shrimp Diseases in Bangladesh/Root/Annotated Diseased Shrimp Images/Annotated Diseased Shrimp Images/1. BG/images/BG-68-img-2.jpg,/home/drnguyenvinh/notebooks/shrimp_od_yolo_ultralytics_under12M_17models_rtx4090_v3_FIXED_OD_ONLY/kaggle_raw/shrimpdiseaseimagebd/ShrimpDiseaseImageBD An Image Dataset for Computer Vision-Based Detection of Shrimp Diseases in Bangladesh/Root/Annotated Diseased Shrimp Images/Annotated Diseased Shrimp Images/1. BG/labels/BG-68-img-2.txt,BG,BG,BG-68-img-2,4
val,/home/drnguyenvinh/notebooks/shrimp_od_yolo_ultralytics_under12M_17models_rtx4090_v3_FIXED_OD_ONLY/kaggle_raw/shrimpdiseaseimagebd/ShrimpDiseaseImageBD An Image Dataset for Computer Vision-Based Detection of Shrimp Diseases in Bangladesh/Root/Annotated Diseased Shrimp Images/Annotated Diseased Shrimp Images/2. WSSV/images/WSSV-6-img-3.jpg,/home/drnguyenvinh/notebooks/shrimp_od_yolo_ultralytics_under12M_17models_rtx4090_v3_FIXED_OD_ONLY/kaggle_raw/shrimpdiseaseimagebd/ShrimpDiseaseImageBD An Image Dataset for Computer Vision-Based Detection of Shrimp Diseases in Bangladesh/Root/Annotated Diseased Shrimp Images/Annotated Diseased Shrimp Images/2. WSSV/labels/WSSV-6-img-3.txt,WSSV,WSSV,WSSV-6-img-3,19
val,/home/drnguyenvinh/notebooks/shrimp_od_yolo_ultralytics_under12M_17models_rtx4090_v3_FIXED_OD_ONLY/kaggle_raw/shrimpdiseaseimagebd/ShrimpDiseaseImageBD An Image Dataset for Computer Vision-Based Detection of Shrimp Diseases in Bangladesh/Root/Annotated Diseased Shrimp Images/Annotated Diseased Shrimp Images/1. BG/images/BG-62-img-1.jpg,/home/drnguyenvinh/notebooks/shrimp_od_yolo_ultralytics_under12M_17models_rtx4090_v3_FIXED_OD_ONLY/kaggle_raw/shrimpdiseaseimagebd/ShrimpDiseaseImageBD An Image Dataset for Computer Vision-Based Detection of Shrimp Diseases in Bangladesh/Root/Annotated Diseased Shrimp Images/Annotated Diseased Shrimp Images/1. BG/labels/BG-62-img-1.txt,BG,BG,BG-62-img-1,2
val,/home/drnguyenvinh/notebooks/shrimp_od_yolo_ultralytics_under12M_17models_rtx4090_v3_FIXED_OD_ONLY/kaggle_raw/shrimpdiseaseimagebd/ShrimpDiseaseImageBD An Image Dataset for Computer Vision-Based Detection of Shrimp Diseases in Bangladesh/Root/Annotated Diseased Shrimp Images/Annotated Diseased Shrimp Images/2. WSSV/images/WSSV-114-img-2.jpg,/home/drnguyenvinh/notebooks/shrimp_od_yolo_ultralytics_under12M_17models_rtx4090_v3_FIXED_OD_ONLY/kaggle_raw/shrimpdiseaseimagebd/ShrimpDiseaseImageBD An Image Dataset for Computer Vision-Based Detection of Shrimp Diseases in Bangladesh/Root/Annotated Diseased Shrimp Images/Annotated Diseased Shrimp Images/2. WSSV/labels/WSSV-114-img-2.txt,WSSV,WSSV,WSSV-114-img-2,6
val,/home/drnguyenvinh/notebooks/shrimp_od_yolo_ultralytics_under12M_17models_rtx4090_v3_FIXED_OD_ONLY/kaggle_raw/shrimpdiseaseimagebd/ShrimpDiseaseImageBD An Image Dataset for Computer Vision-Based Detection of Shrimp Diseases in Bangladesh/Root/Annotated Diseased Shrimp Images/Annotated Diseased Shrimp Images/2. WSSV/images/WSSV-31-img-3.jpg,/home/drnguyenvinh/notebooks/shrimp_od_yolo_ultralytics_under12M_17models_rtx4090_v3_FIXED_OD_ONLY/kaggle_raw/shrimpdiseaseimagebd/ShrimpDiseaseImageBD An Image Dataset for Computer Vision-Based Detection of Shrimp Diseases in Bangladesh/Root/Annotated Diseased Shrimp Images/Annotated Diseased Shrimp Images/2. WSSV/labels/WSSV-31-img-3.txt,WSSV,WSSV,WSSV-31-img-3,11
val,/home/drnguyenvinh/notebooks/shrimp_od_yolo_ultralytics_under12M_17models_rtx4090_v3_FIXED_OD_ONLY/kaggle_raw/shrimpdiseaseimagebd/ShrimpDiseaseImageBD An Image Dataset for Computer Vision-Based Detection of Shrimp Diseases in Bangladesh/Root/Annotated Diseased Shrimp Images/Annotated Diseased Shrimp Images/2. WSSV/images/WSSV-7-img-3.jpg,/home/drnguyenvinh/notebooks/shrimp_od_yolo_ultralytics_under12M_17models_rtx4090_v3_FIXED_OD_ONLY/kaggle_raw/shrimpdiseaseimagebd/ShrimpDiseaseImageBD An Image Dataset for Computer Vision-Based Detection of Shrimp Diseases in Bangladesh/Root/Annotated Diseased Shrimp Images/Annotated Diseased Shrimp Images/2. WSSV/labels/WSSV-7-img-3.txt,WSSV,WSSV,WSSV-7-img-3,1
val,/home/drnguyenvinh/notebooks/shrimp_od_yolo_ultralytics_under12M_17models_rtx4090_v3_FIXED_OD_ONLY/kaggle_raw/shrimpdiseaseimagebd/ShrimpDiseaseImageBD An Image Dataset for Computer Vision-Based Detection of Shrimp Diseases in Bangladesh/Root/Annotated Diseased Shrimp Images/Annotated Diseased Shrimp Images/4. WSSV_BG/images/WSSV_BG-27-img-2.jpg,/home/drnguyenvinh/notebooks/shrimp_od_yolo_ultralytics_under12M_17models_rtx4090_v3_FIXED_OD_ONLY/kaggle_raw/shrimpdiseaseimagebd/ShrimpDiseaseImageBD An Image Dataset for Computer Vision-Based Detection of Shrimp Diseases in Bangladesh/Root/Annotated Diseased Shrimp Images/Annotated Diseased Shrimp Images/4. WSSV_BG/labels/WSSV_BG-27-img-2.txt,WSSV_BG,WSSV_BG,WSSV_BG-27-img-2,12
val,/home/drnguyenvinh/notebooks/shrimp_od_yolo_ultralytics_under12M_17models_rtx4090_v3_FIXED_OD_ONLY/kaggle_raw/shrimpdiseaseimagebd/ShrimpDiseaseImageBD An Image Dataset for Computer Vision-Based Detection of Shrimp Diseases in Bangladesh/Root/Annotated Diseased Shrimp Images/Annotated Diseased Shrimp Images/2. WSSV/images/WSSV-15-img-3.jpg,/home/drnguyenvinh/notebooks/shrimp_od_yolo_ultralytics_under12M_17models_rtx4090_v3_FIXED_OD_ONLY/kaggle_raw/shrimpdiseaseimagebd/ShrimpDiseaseImageBD An Image Dataset for Computer Vision-Based Detection of Shrimp Diseases in Bangladesh/Root/Annotated Diseased Shrimp Images/Annotated Diseased Shrimp Images/2. WSSV/labels/WSSV-15-img-3.txt,WSSV,WSSV,WSSV-15-img-3,2
val,/home/drnguyenvinh/notebooks/shrimp_od_yolo_ultralytics_under12M_17models_rtx4090_v3_FIXED_OD_ONLY/kaggle_raw/shrimpdiseaseimagebd/ShrimpDiseaseImageBD An Image Dataset for Computer Vision-Based Detection of Shrimp Diseases in Bangladesh/Root/Annotated Diseased Shrimp Images/Annotated Diseased Shrimp Images/4. WSSV_BG/images/WSSV_BG-1-img-1.jpg,/home/drnguyenvinh/notebooks/shrimp_od_yolo_ultralytics_under12M_17models_rtx4090_v3_FIXED_OD_ONLY/kaggle_raw/shrimpdiseaseimagebd/ShrimpDiseaseImageBD An Image Dataset for Computer Vision-Based Detection of Shrimp Diseases in Bangladesh/Root/Annotated Diseased Shrimp Images/Annotated Diseased Shrimp Images/4. WSSV_BG/labels/WSSV_BG-1-img-1.txt,WSSV_BG,WSSV_BG,WSSV_BG-1-img-1,8
val,/home/drnguyenvinh/notebooks/shrimp_od_yolo_ultralytics_under12M_17models_rtx4090_v3_FIXED_OD_ONLY/kaggle_raw/shrimpdiseaseimagebd/ShrimpDiseaseImageBD An Image Dataset for Computer Vision-Based Detection of Shrimp Diseases in Bangladesh/Root/Annotated Diseased Shrimp Images/Annotated Diseased Shrimp Images/2. WSSV/images/WSSV-114-img-1.jpg,/home/drnguyenvinh/notebooks/shrimp_od_yolo_ultralytics_under12M_17models_rtx4090_v3_FIXED_OD_ONLY/kaggle_raw/shrimpdiseaseimagebd/ShrimpDiseaseImageBD An Image Dataset for Computer Vision-Based Detection of Shrimp Diseases in Bangladesh/Root/Annotated Diseased Shrimp Images/Annotated Diseased Shrimp Images/2. WSSV/labels/WSSV-114-img-1.txt,WSSV,WSSV,WSSV-114-img-1,7
val,/home/drnguyenvinh/notebooks/shrimp_od_yolo_ultralytics_under12M_17models_rtx4090_v3_FIXED_OD_ONLY/kaggle_raw/shrimpdiseaseimagebd/ShrimpDiseaseImageBD An Image Dataset for Computer Vision-Based Detection of Shrimp Diseases in Bangladesh/Root/Annotated Diseased Shrimp Images/Annotated Diseased Shrimp Images/2. WSSV/images/WSSV-6-img-1.jpg,/home/drnguyenvinh/notebooks/shrimp_od_yolo_ultralytics_under12M_17models_rtx4090_v3_FIXED_OD_ONLY/kaggle_raw/shrimpdiseaseimagebd/ShrimpDiseaseImageBD An Image Dataset for Computer Vision-Based Detection of Shrimp Diseases in Bangladesh/Root/Annotated Diseased Shrimp Images/Annotated Diseased Shrimp Images/2. WSSV/labels/WSSV-6-img-1.txt,WSSV,WSSV,WSSV-6-img-1,10
val,/home/drnguyenvinh/notebooks/shrimp_od_yolo_ultralytics_under12M_17models_rtx4090_v3_FIXED_OD_ONLY/kaggle_raw/shrimpdiseaseimagebd/ShrimpDiseaseImageBD An Image Dataset for Computer Vision-Based Detection of Shrimp Diseases in Bangladesh/Root/Annotated Diseased Shrimp Images/Annotated Diseased Shrimp Images/2. WSSV/images/WSSV-63-img-2.jpg,/home/drnguyenvinh/notebooks/shrimp_od_yolo_ultralytics_under12M_17models_rtx4090_v3_FIXED_OD_ONLY/kaggle_raw/shrimpdiseaseimagebd/ShrimpDiseaseImageBD An Image Dataset for Computer Vision-Based Detection of Shrimp Diseases in Bangladesh/Root/Annotated Diseased Shrimp Images/Annotated Diseased Shrimp Images/2. WSSV/labels/WSSV-63-img-2.txt,WSSV,WSSV,WSSV-63-img-2,9
val,/home/drnguyenvinh/notebooks/shrimp_od_yolo_ultralytics_under12M_17models_rtx4090_v3_FIXED_OD_ONLY/kaggle_raw/shrimpdiseaseimagebd/ShrimpDiseaseImageBD An Image Dataset for Computer Vision-Based Detection of Shrimp Diseases in Bangladesh/Root/Annotated Diseased Shrimp Images/Annotated Diseased Shrimp Images/2. WSSV/images/WSSV-107-img-3.jpg,/home/drnguyenvinh/notebooks/shrimp_od_yolo_ultralytics_under12M_17models_rtx4090_v3_FIXED_OD_ONLY/kaggle_raw/shrimpdiseaseimagebd/ShrimpDiseaseImageBD An Image Dataset for Computer Vision-Based Detection of Shrimp Diseases in Bangladesh/Root/Annotated Diseased Shrimp Images/Annotated Diseased Shrimp Images/2. WSSV/labels/WSSV-107-img-3.txt,WSSV,WSSV,WSSV-107-img-3,1
val,/home/drnguyenvinh/notebooks/shrimp_od_yolo_ultralytics_under12M_17models_rtx4090_v3_FIXED_OD_ONLY/kaggle_raw/shrimpdiseaseimagebd/ShrimpDiseaseImageBD An Image Dataset for Computer Vision-Based Detection of Shrimp Diseases in Bangladesh/Root/Annotated Diseased Shrimp Images/Annotated Diseased Shrimp Images/2. WSSV/images/WSSV-71-img-3.jpg,/home/drnguyenvinh/notebooks/shrimp_od_yolo_ultralytics_under12M_17models_rtx4090_v3_FIXED_OD_ONLY/kaggle_raw/shrimpdiseaseimagebd/ShrimpDiseaseImageBD An Image Dataset for Computer Vision-Based Detection of Shrimp Diseases in Bangladesh/Root/Annotated Diseased Shrimp Images/Annotated Diseased Shrimp Images/2. WSSV/labels/WSSV-71-img-3.txt,WSSV,WSSV,WSSV-71-img-3,7
val,/home/drnguyenvinh/notebooks/shrimp_od_yolo_ultralytics_under12M_17models_rtx4090_v3_FIXED_OD_ONLY/kaggle_raw/shrimpdiseaseimagebd/ShrimpDiseaseImageBD An Image Dataset for Computer Vision-Based Detection of Shrimp Diseases in Bangladesh/Root/Annotated Diseased Shrimp Images/Annotated Diseased Shrimp Images/2. WSSV/images/WSSV-97-img-2.jpg,/home/drnguyenvinh/notebooks/shrimp_od_yolo_ultralytics_under12M_17models_rtx4090_v3_FIXED_OD_ONLY/kaggle_raw/shrimpdiseaseimagebd/ShrimpDiseaseImageBD An Image Dataset for Computer Vision-Based Detection of Shrimp Diseases in Bangladesh/Root/Annotated Diseased Shrimp Images/Annotated Diseased Shrimp Images/2. WSSV/labels/WSSV-97-img-2.txt,WSSV,WSSV,WSSV-97-img-2,8
val,/home/drnguyenvinh/notebooks/shrimp_od_yolo_ultralytics_under12M_17models_rtx4090_v3_FIXED_OD_ONLY/kaggle_raw/shrimpdiseaseimagebd/ShrimpDiseaseImageBD An Image Dataset for Computer Vision-Based Detection of Shrimp Diseases in Bangladesh/Root/Annotated Diseased Shrimp Images/Annotated Diseased Shrimp Images/1. BG/images/BG-40-img-2.jpg,/home/drnguyenvinh/notebooks/shrimp_od_yolo_ultralytics_under12M_17models_rtx4090_v3_FIXED_OD_ONLY/kaggle_raw/shrimpdiseaseimagebd/ShrimpDiseaseImageBD An Image Dataset for Computer Vision-Based Detection of Shrimp Diseases in Bangladesh/Root/Annotated Diseased Shrimp Images/Annotated Diseased Shrimp Images/1. BG/labels/BG-40-img-2.txt,BG,BG,BG-40-img-2,5
val,/home/drnguyenvinh/notebooks/shrimp_od_yolo_ultralytics_under12M_17models_rtx4090_v3_FIXED_OD_ONLY/kaggle_raw/shrimpdiseaseimagebd/ShrimpDiseaseImageBD An Image Dataset for Computer Vision-Based Detection of Shrimp Diseases in Bangladesh/Root/Annotated Diseased Shrimp Images/Annotated Diseased Shrimp Images/4. WSSV_BG/images/WSSV_BG-6-img-1.jpg,/home/drnguyenvinh/notebooks/shrimp_od_yolo_ultralytics_under12M_17models_rtx4090_v3_FIXED_OD_ONLY/kaggle_raw/shrimpdiseaseimagebd/ShrimpDiseaseImageBD An Image Dataset for Computer Vision-Based Detection of Shrimp Diseases in Bangladesh/Root/Annotated Diseased Shrimp Images/Annotated Diseased Shrimp Images/4. WSSV_BG/labels/WSSV_BG-6-img-1.txt,WSSV_BG,WSSV_BG,WSSV_BG-6-img-1,8
val,/home/drnguyenvinh/notebooks/shrimp_od_yolo_ultralytics_under12M_17models_rtx4090_v3_FIXED_OD_ONLY/kaggle_raw/shrimpdiseaseimagebd/ShrimpDiseaseImageBD An Image Dataset for Computer Vision-Based Detection of Shrimp Diseases in Bangladesh/Root/Annotated Diseased Shrimp Images/Annotated Diseased Shrimp Images/2. WSSV/images/WSSV-69-img-3.jpg,/home/drnguyenvinh/notebooks/shrimp_od_yolo_ultralytics_under12M_17models_rtx4090_v3_FIXED_OD_ONLY/kaggle_raw/shrimpdiseaseimagebd/ShrimpDiseaseImageBD An Image Dataset for Computer Vision-Based Detection of Shrimp Diseases in Bangladesh/Root/Annotated Diseased Shrimp Images/Annotated Diseased Shrimp Images/2. WSSV/labels/WSSV-69-img-3.txt,WSSV,WSSV,WSSV-69-img-3,38
val,/home/drnguyenvinh/notebooks/shrimp_od_yolo_ultralytics_under12M_17models_rtx4090_v3_FIXED_OD_ONLY/kaggle_raw/shrimpdiseaseimagebd/ShrimpDiseaseImageBD An Image Dataset for Computer Vision-Based Detection of Shrimp Diseases in Bangladesh/Root/Annotated Diseased Shrimp Images/Annotated Diseased Shrimp Images/1. BG/images/BG-5-img-1.jpg,/home/drnguyenvinh/notebooks/shrimp_od_yolo_ultralytics_under12M_17models_rtx4090_v3_FIXED_OD_ONLY/kaggle_raw/shrimpdiseaseimagebd/ShrimpDiseaseImageBD An Image Dataset for Computer Vision-Based Detection of Shrimp Diseases in Bangladesh/Root/Annotated Diseased Shrimp Images/Annotated Diseased Shrimp Images/1. BG/labels/BG-5-img-1.txt,BG,BG,BG-5-img-1,2
val,/home/drnguyenvinh/notebooks/shrimp_od_yolo_ultralytics_under12M_17models_rtx4090_v3_FIXED_OD_ONLY/kaggle_raw/shrimpdiseaseimagebd/ShrimpDiseaseImageBD An Image Dataset for Computer Vision-Based Detection of Shrimp Diseases in Bangladesh/Root/Annotated Diseased Shrimp Images/Annotated Diseased Shrimp Images/4. WSSV_BG/images/WSSV_BG-33-img-2.jpg,/home/drnguyenvinh/notebooks/shrimp_od_yolo_ultralytics_under12M_17models_rtx4090_v3_FIXED_OD_ONLY/kaggle_raw/shrimpdiseaseimagebd/ShrimpDiseaseImageBD An Image Dataset for Computer Vision-Based Detection of Shrimp Diseases in Bangladesh/Root/Annotated Diseased Shrimp Images/Annotated Diseased Shrimp Images/4. WSSV_BG/labels/WSSV_BG-33-img-2.txt,WSSV_BG,WSSV_BG,WSSV_BG-33-img-2,10
val,/home/drnguyenvinh/notebooks/shrimp_od_yolo_ultralytics_under12M_17models_rtx4090_v3_FIXED_OD_ONLY/kaggle_raw/shrimpdiseaseimagebd/ShrimpDiseaseImageBD An Image Dataset for Computer Vision-Based Detection of Shrimp Diseases in Bangladesh/Root/Annotated Diseased Shrimp Images/Annotated Diseased Shrimp Images/2. WSSV/images/WSSV-59-img-1.jpg,/home/drnguyenvinh/notebooks/shrimp_od_yolo_ultralytics_under12M_17models_rtx4090_v3_FIXED_OD_ONLY/kaggle_raw/shrimpdiseaseimagebd/ShrimpDiseaseImageBD An Image Dataset for Computer Vision-Based Detection of Shrimp Diseases in Bangladesh/Root/Annotated Diseased Shrimp Images/Annotated Diseased Shrimp Images/2. WSSV/labels/WSSV-59-img-1.txt,WSSV,WSSV,WSSV-59-img-1,10
val,/home/drnguyenvinh/notebooks/shrimp_od_yolo_ultralytics_under12M_17models_rtx4090_v3_FIXED_OD_ONLY/kaggle_raw/shrimpdiseaseimagebd/ShrimpDiseaseImageBD An Image Dataset for Computer Vision-Based Detection of Shrimp Diseases in Bangladesh/Root/Annotated Diseased Shrimp Images/Annotated Diseased Shrimp Images/1. BG/images/BG-63-img-2.jpg,/home/drnguyenvinh/notebooks/shrimp_od_yolo_ultralytics_under12M_17models_rtx4090_v3_FIXED_OD_ONLY/kaggle_raw/shrimpdiseaseimagebd/ShrimpDiseaseImageBD An Image Dataset for Computer Vision-Based Detection of Shrimp Diseases in Bangladesh/Root/Annotated Diseased Shrimp Images/Annotated Diseased Shrimp Images/1. BG/labels/BG-63-img-2.txt,BG,BG,BG-63-img-2,2
val,/home/drnguyenvinh/notebooks/shrimp_od_yolo_ultralytics_under12M_17models_rtx4090_v3_FIXED_OD_ONLY/kaggle_raw/shrimpdiseaseimagebd/ShrimpDiseaseImageBD An Image Dataset for Computer Vision-Based Detection of Shrimp Diseases in Bangladesh/Root/Annotated Diseased Shrimp Images/Annotated Diseased Shrimp Images/2. WSSV/images/WSSV-47-img-2.jpg,/home/drnguyenvinh/notebooks/shrimp_od_yolo_ultralytics_under12M_17models_rtx4090_v3_FIXED_OD_ONLY/kaggle_raw/shrimpdiseaseimagebd/ShrimpDiseaseImageBD An Image Dataset for Computer Vision-Based Detection of Shrimp Diseases in Bangladesh/Root/Annotated Diseased Shrimp Images/Annotated Diseased Shrimp Images/2. WSSV/labels/WSSV-47-img-2.txt,WSSV,WSSV,WSSV-47-img-2,20
val,/home/drnguyenvinh/notebooks/shrimp_od_yolo_ultralytics_under12M_17models_rtx4090_v3_FIXED_OD_ONLY/kaggle_raw/shrimpdiseaseimagebd/ShrimpDiseaseImageBD An Image Dataset for Computer Vision-Based Detection of Shrimp Diseases in Bangladesh/Root/Annotated Diseased Shrimp Images/Annotated Diseased Shrimp Images/2. WSSV/images/WSSV-9-img-3.jpg,/home/drnguyenvinh/notebooks/shrimp_od_yolo_ultralytics_under12M_17models_rtx4090_v3_FIXED_OD_ONLY/kaggle_raw/shrimpdiseaseimagebd/ShrimpDiseaseImageBD An Image Dataset for Computer Vision-Based Detection of Shrimp Diseases in Bangladesh/Root/Annotated Diseased Shrimp Images/Annotated Diseased Shrimp Images/2. WSSV/labels/WSSV-9-img-3.txt,WSSV,WSSV,WSSV-9-img-3,7
val,/home/drnguyenvinh/notebooks/shrimp_od_yolo_ultralytics_under12M_17models_rtx4090_v3_FIXED_OD_ONLY/kaggle_raw/shrimpdiseaseimagebd/ShrimpDiseaseImageBD An Image Dataset for Computer Vision-Based Detection of Shrimp Diseases in Bangladesh/Root/Annotated Diseased Shrimp Images/Annotated Diseased Shrimp Images/2. WSSV/images/WSSV-33-img-3.jpg,/home/drnguyenvinh/notebooks/shrimp_od_yolo_ultralytics_under12M_17models_rtx4090_v3_FIXED_OD_ONLY/kaggle_raw/shrimpdiseaseimagebd/ShrimpDiseaseImageBD An Image Dataset for Computer Vision-Based Detection of Shrimp Diseases in Bangladesh/Root/Annotated Diseased Shrimp Images/Annotated Diseased Shrimp Images/2. WSSV/labels/WSSV-33-img-3.txt,WSSV,WSSV,WSSV-33-img-3,2
val,/home/drnguyenvinh/notebooks/shrimp_od_yolo_ultralytics_under12M_17models_rtx4090_v3_FIXED_OD_ONLY/kaggle_raw/shrimpdiseaseimagebd/ShrimpDiseaseImageBD An Image Dataset for Computer Vision-Based Detection of Shrimp Diseases in Bangladesh/Root/Annotated Diseased Shrimp Images/Annotated Diseased Shrimp Images/2. WSSV/images/WSSV-92-img-3.jpg,/home/drnguyenvinh/notebooks/shrimp_od_yolo_ultralytics_under12M_17models_rtx4090_v3_FIXED_OD_ONLY/kaggle_raw/shrimpdiseaseimagebd/ShrimpDiseaseImageBD An Image Dataset for Computer Vision-Based Detection of Shrimp Diseases in Bangladesh/Root/Annotated Diseased Shrimp Images/Annotated Diseased Shrimp Images/2. WSSV/labels/WSSV-92-img-3.txt,WSSV,WSSV,WSSV-92-img-3,4
val,/home/drnguyenvinh/notebooks/shrimp_od_yolo_ultralytics_under12M_17models_rtx4090_v3_FIXED_OD_ONLY/kaggle_raw/shrimpdiseaseimagebd/ShrimpDiseaseImageBD An Image Dataset for Computer Vision-Based Detection of Shrimp Diseases in Bangladesh/Root/Annotated Diseased Shrimp Images/Annotated Diseased Shrimp Images/1. BG/images/BG-40-img-3.jpg,/home/drnguyenvinh/notebooks/shrimp_od_yolo_ultralytics_under12M_17models_rtx4090_v3_FIXED_OD_ONLY/kaggle_raw/shrimpdiseaseimagebd/ShrimpDiseaseImageBD An Image Dataset for Computer Vision-Based Detection of Shrimp Diseases in Bangladesh/Root/Annotated Diseased Shrimp Images/Annotated Diseased Shrimp Images/1. BG/labels/BG-40-img-3.txt,BG,BG,BG-40-img-3,3
val,/home/drnguyenvinh/notebooks/shrimp_od_yolo_ultralytics_under12M_17models_rtx4090_v3_FIXED_OD_ONLY/kaggle_raw/shrimpdiseaseimagebd/ShrimpDiseaseImageBD An Image Dataset for Computer Vision-Based Detection of Shrimp Diseases in Bangladesh/Root/Annotated Diseased Shrimp Images/Annotated Diseased Shrimp Images/2. WSSV/images/WSSV-23-img-3.jpg,/home/drnguyenvinh/notebooks/shrimp_od_yolo_ultralytics_under12M_17models_rtx4090_v3_FIXED_OD_ONLY/kaggle_raw/shrimpdiseaseimagebd/ShrimpDiseaseImageBD An Image Dataset for Computer Vision-Based Detection of Shrimp Diseases in Bangladesh/Root/Annotated Diseased Shrimp Images/Annotated Diseased Shrimp Images/2. WSSV/labels/WSSV-23-img-3.txt,WSSV,WSSV,WSSV-23-img-3,3
val,/home/drnguyenvinh/notebooks/shrimp_od_yolo_ultralytics_under12M_17models_rtx4090_v3_FIXED_OD_ONLY/kaggle_raw/shrimpdiseaseimagebd/ShrimpDiseaseImageBD An Image Dataset for Computer Vision-Based Detection of Shrimp Diseases in Bangladesh/Root/Annotated Diseased Shrimp Images/Annotated Diseased Shrimp Images/1. BG/images/BG-36-img-2.jpg,/home/drnguyenvinh/notebooks/shrimp_od_yolo_ultralytics_under12M_17models_rtx4090_v3_FIXED_OD_ONLY/kaggle_raw/shrimpdiseaseimagebd/ShrimpDiseaseImageBD An Image Dataset for Computer Vision-Based Detection of Shrimp Diseases in Bangladesh/Root/Annotated Diseased Shrimp Images/Annotated Diseased Shrimp Images/1. BG/labels/BG-36-img-2.txt,BG,BG,BG-36-img-2,2
val,/home/drnguyenvinh/notebooks/shrimp_od_yolo_ultralytics_under12M_17models_rtx4090_v3_FIXED_OD_ONLY/kaggle_raw/shrimpdiseaseimagebd/ShrimpDiseaseImageBD An Image Dataset for Computer Vision-Based Detection of Shrimp Diseases in Bangladesh/Root/Annotated Diseased Shrimp Images/Annotated Diseased Shrimp Images/4. WSSV_BG/images/WSSV_BG-62-img-1.jpg,/home/drnguyenvinh/notebooks/shrimp_od_yolo_ultralytics_under12M_17models_rtx4090_v3_FIXED_OD_ONLY/kaggle_raw/shrimpdiseaseimagebd/ShrimpDiseaseImageBD An Image Dataset for Computer Vision-Based Detection of Shrimp Diseases in Bangladesh/Root/Annotated Diseased Shrimp Images/Annotated Diseased Shrimp Images/4. WSSV_BG/labels/WSSV_BG-62-img-1.txt,WSSV_BG,WSSV_BG,WSSV_BG-62-img-1,10
val,/home/drnguyenvinh/notebooks/shrimp_od_yolo_ultralytics_under12M_17models_rtx4090_v3_FIXED_OD_ONLY/kaggle_raw/shrimpdiseaseimagebd/ShrimpDiseaseImageBD An Image Dataset for Computer Vision-Based Detection of Shrimp Diseases in Bangladesh/Root/Annotated Diseased Shrimp Images/Annotated Diseased Shrimp Images/2. WSSV/images/WSSV-66-img-2.jpg,/home/drnguyenvinh/notebooks/shrimp_od_yolo_ultralytics_under12M_17models_rtx4090_v3_FIXED_OD_ONLY/kaggle_raw/shrimpdiseaseimagebd/ShrimpDiseaseImageBD An Image Dataset for Computer Vision-Based Detection of Shrimp Diseases in Bangladesh/Root/Annotated Diseased Shrimp Images/Annotated Diseased Shrimp Images/2. WSSV/labels/WSSV-66-img-2.txt,WSSV,WSSV,WSSV-66-img-2,9
val,/home/drnguyenvinh/notebooks/shrimp_od_yolo_ultralytics_under12M_17models_rtx4090_v3_FIXED_OD_ONLY/kaggle_raw/shrimpdiseaseimagebd/ShrimpDiseaseImageBD An Image Dataset for Computer Vision-Based Detection of Shrimp Diseases in Bangladesh/Root/Annotated Diseased Shrimp Images/Annotated Diseased Shrimp Images/2. WSSV/images/WSSV-27-img-3.jpg,/home/drnguyenvinh/notebooks/shrimp_od_yolo_ultralytics_under12M_17models_rtx4090_v3_FIXED_OD_ONLY/kaggle_raw/shrimpdiseaseimagebd/ShrimpDiseaseImageBD An Image Dataset for Computer Vision-Based Detection of Shrimp Diseases in Bangladesh/Root/Annotated Diseased Shrimp Images/Annotated Diseased Shrimp Images/2. WSSV/labels/WSSV-27-img-3.txt,WSSV,WSSV,WSSV-27-img-3,4
val,/home/drnguyenvinh/notebooks/shrimp_od_yolo_ultralytics_under12M_17models_rtx4090_v3_FIXED_OD_ONLY/kaggle_raw/shrimpdiseaseimagebd/ShrimpDiseaseImageBD An Image Dataset for Computer Vision-Based Detection of Shrimp Diseases in Bangladesh/Root/Annotated Diseased Shrimp Images/Annotated Diseased Shrimp Images/1. BG/images/BG-71-img-3.jpg,/home/drnguyenvinh/notebooks/shrimp_od_yolo_ultralytics_under12M_17models_rtx4090_v3_FIXED_OD_ONLY/kaggle_raw/shrimpdiseaseimagebd/ShrimpDiseaseImageBD An Image Dataset for Computer Vision-Based Detection of Shrimp Diseases in Bangladesh/Root/Annotated Diseased Shrimp Images/Annotated Diseased Shrimp Images/1. BG/labels/BG-71-img-3.txt,BG,BG,BG-71-img-3,9
val,/home/drnguyenvinh/notebooks/shrimp_od_yolo_ultralytics_under12M_17models_rtx4090_v3_FIXED_OD_ONLY/kaggle_raw/shrimpdiseaseimagebd/ShrimpDiseaseImageBD An Image Dataset for Computer Vision-Based Detection of Shrimp Diseases in Bangladesh/Root/Annotated Diseased Shrimp Images/Annotated Diseased Shrimp Images/4. WSSV_BG/images/WSSV_BG-23-img-1.jpg,/home/drnguyenvinh/notebooks/shrimp_od_yolo_ultralytics_under12M_17models_rtx4090_v3_FIXED_OD_ONLY/kaggle_raw/shrimpdiseaseimagebd/ShrimpDiseaseImageBD An Image Dataset for Computer Vision-Based Detection of Shrimp Diseases in Bangladesh/Root/Annotated Diseased Shrimp Images/Annotated Diseased Shrimp Images/4. WSSV_BG/labels/WSSV_BG-23-img-1.txt,WSSV_BG,WSSV_BG,WSSV_BG-23-img-1,8
val,/home/drnguyenvinh/notebooks/shrimp_od_yolo_ultralytics_under12M_17models_rtx4090_v3_FIXED_OD_ONLY/kaggle_raw/shrimpdiseaseimagebd/ShrimpDiseaseImageBD An Image Dataset for Computer Vision-Based Detection of Shrimp Diseases in Bangladesh/Root/Annotated Diseased Shrimp Images/Annotated Diseased Shrimp Images/1. BG/images/BG-73-img-1.jpg,/home/drnguyenvinh/notebooks/shrimp_od_yolo_ultralytics_under12M_17models_rtx4090_v3_FIXED_OD_ONLY/kaggle_raw/shrimpdiseaseimagebd/ShrimpDiseaseImageBD An Image Dataset for Computer Vision-Based Detection of Shrimp Diseases in Bangladesh/Root/Annotated Diseased Shrimp Images/Annotated Diseased Shrimp Images/1. BG/labels/BG-73-img-1.txt,BG,BG,BG-73-img-1,1
val,/home/drnguyenvinh/notebooks/shrimp_od_yolo_ultralytics_under12M_17models_rtx4090_v3_FIXED_OD_ONLY/kaggle_raw/shrimpdiseaseimagebd/ShrimpDiseaseImageBD An Image Dataset for Computer Vision-Based Detection of Shrimp Diseases in Bangladesh/Root/Annotated Diseased Shrimp Images/Annotated Diseased Shrimp Images/2. WSSV/images/WSSV-115-img-1.jpg,/home/drnguyenvinh/notebooks/shrimp_od_yolo_ultralytics_under12M_17models_rtx4090_v3_FIXED_OD_ONLY/kaggle_raw/shrimpdiseaseimagebd/ShrimpDiseaseImageBD An Image Dataset for Computer Vision-Based Detection of Shrimp Diseases in Bangladesh/Root/Annotated Diseased Shrimp Images/Annotated Diseased Shrimp Images/2. WSSV/labels/WSSV-115-img-1.txt,WSSV,WSSV,WSSV-115-img-1,8
val,/home/drnguyenvinh/notebooks/shrimp_od_yolo_ultralytics_under12M_17models_rtx4090_v3_FIXED_OD_ONLY/kaggle_raw/shrimpdiseaseimagebd/ShrimpDiseaseImageBD An Image Dataset for Computer Vision-Based Detection of Shrimp Diseases in Bangladesh/Root/Annotated Diseased Shrimp Images/Annotated Diseased Shrimp Images/1. BG/images/BG-1-img-2.jpg,/home/drnguyenvinh/notebooks/shrimp_od_yolo_ultralytics_under12M_17models_rtx4090_v3_FIXED_OD_ONLY/kaggle_raw/shrimpdiseaseimagebd/ShrimpDiseaseImageBD An Image Dataset for Computer Vision-Based Detection of Shrimp Diseases in Bangladesh/Root/Annotated Diseased Shrimp Images/Annotated Diseased Shrimp Images/1. BG/labels/BG-1-img-2.txt,BG,BG,BG-1-img-2,1
val,/home/drnguyenvinh/notebooks/shrimp_od_yolo_ultralytics_under12M_17models_rtx4090_v3_FIXED_OD_ONLY/kaggle_raw/shrimpdiseaseimagebd/ShrimpDiseaseImageBD An Image Dataset for Computer Vision-Based Detection of Shrimp Diseases in Bangladesh/Root/Annotated Diseased Shrimp Images/Annotated Diseased Shrimp Images/4. WSSV_BG/images/WSSV_BG-66-img-1.jpg,/home/drnguyenvinh/notebooks/shrimp_od_yolo_ultralytics_under12M_17models_rtx4090_v3_FIXED_OD_ONLY/kaggle_raw/shrimpdiseaseimagebd/ShrimpDiseaseImageBD An Image Dataset for Computer Vision-Based Detection of Shrimp Diseases in Bangladesh/Root/Annotated Diseased Shrimp Images/Annotated Diseased Shrimp Images/4. WSSV_BG/labels/WSSV_BG-66-img-1.txt,WSSV_BG,WSSV_BG,WSSV_BG-66-img-1,9
val,/home/drnguyenvinh/notebooks/shrimp_od_yolo_ultralytics_under12M_17models_rtx4090_v3_FIXED_OD_ONLY/kaggle_raw/shrimpdiseaseimagebd/ShrimpDiseaseImageBD An Image Dataset for Computer Vision-Based Detection of Shrimp Diseases in Bangladesh/Root/Annotated Diseased Shrimp Images/Annotated Diseased Shrimp Images/4. WSSV_BG/images/WSSV_BG-71-img-1.jpg,/home/drnguyenvinh/notebooks/shrimp_od_yolo_ultralytics_under12M_17models_rtx4090_v3_FIXED_OD_ONLY/kaggle_raw/shrimpdiseaseimagebd/ShrimpDiseaseImageBD An Image Dataset for Computer Vision-Based Detection of Shrimp Diseases in Bangladesh/Root/Annotated Diseased Shrimp Images/Annotated Diseased Shrimp Images/4. WSSV_BG/labels/WSSV_BG-71-img-1.txt,WSSV_BG,WSSV_BG,WSSV_BG-71-img-1,8
val,/home/drnguyenvinh/notebooks/shrimp_od_yolo_ultralytics_under12M_17models_rtx4090_v3_FIXED_OD_ONLY/kaggle_raw/shrimpdiseaseimagebd/ShrimpDiseaseImageBD An Image Dataset for Computer Vision-Based Detection of Shrimp Diseases in Bangladesh/Root/Annotated Diseased Shrimp Images/Annotated Diseased Shrimp Images/2. WSSV/images/WSSV-116-img-3.jpg,/home/drnguyenvinh/notebooks/shrimp_od_yolo_ultralytics_under12M_17models_rtx4090_v3_FIXED_OD_ONLY/kaggle_raw/shrimpdiseaseimagebd/ShrimpDiseaseImageBD An Image Dataset for Computer Vision-Based Detection of Shrimp Diseases in Bangladesh/Root/Annotated Diseased Shrimp Images/Annotated Diseased Shrimp Images/2. WSSV/labels/WSSV-116-img-3.txt,WSSV,WSSV,WSSV-116-img-3,9
val,/home/drnguyenvinh/notebooks/shrimp_od_yolo_ultralytics_under12M_17models_rtx4090_v3_FIXED_OD_ONLY/kaggle_raw/shrimpdiseaseimagebd/ShrimpDiseaseImageBD An Image Dataset for Computer Vision-Based Detection of Shrimp Diseases in Bangladesh/Root/Annotated Diseased Shrimp Images/Annotated Diseased Shrimp Images/1. BG/images/BG-7-img-2.jpg,/home/drnguyenvinh/notebooks/shrimp_od_yolo_ultralytics_under12M_17models_rtx4090_v3_FIXED_OD_ONLY/kaggle_raw/shrimpdiseaseimagebd/ShrimpDiseaseImageBD An Image Dataset for Computer Vision-Based Detection of Shrimp Diseases in Bangladesh/Root/Annotated Diseased Shrimp Images/Annotated Diseased Shrimp Images/1. BG/labels/BG-7-img-2.txt,BG,BG,BG-7-img-2,1
val,/home/drnguyenvinh/notebooks/shrimp_od_yolo_ultralytics_under12M_17models_rtx4090_v3_FIXED_OD_ONLY/kaggle_raw/shrimpdiseaseimagebd/ShrimpDiseaseImageBD An Image Dataset for Computer Vision-Based Detection of Shrimp Diseases in Bangladesh/Root/Annotated Diseased Shrimp Images/Annotated Diseased Shrimp Images/2. WSSV/images/WSSV-82-img-2.jpg,/home/drnguyenvinh/notebooks/shrimp_od_yolo_ultralytics_under12M_17models_rtx4090_v3_FIXED_OD_ONLY/kaggle_raw/shrimpdiseaseimagebd/ShrimpDiseaseImageBD An Image Dataset for Computer Vision-Based Detection of Shrimp Diseases in Bangladesh/Root/Annotated Diseased Shrimp Images/Annotated Diseased Shrimp Images/2. WSSV/labels/WSSV-82-img-2.txt,WSSV,WSSV,WSSV-82-img-2,5
val,/home/drnguyenvinh/notebooks/shrimp_od_yolo_ultralytics_under12M_17models_rtx4090_v3_FIXED_OD_ONLY/kaggle_raw/shrimpdiseaseimagebd/ShrimpDiseaseImageBD An Image Dataset for Computer Vision-Based Detection of Shrimp Diseases in Bangladesh/Root/Annotated Diseased Shrimp Images/Annotated Diseased Shrimp Images/2. WSSV/images/WSSV-32-img-3.jpg,/home/drnguyenvinh/notebooks/shrimp_od_yolo_ultralytics_under12M_17models_rtx4090_v3_FIXED_OD_ONLY/kaggle_raw/shrimpdiseaseimagebd/ShrimpDiseaseImageBD An Image Dataset for Computer Vision-Based Detection of Shrimp Diseases in Bangladesh/Root/Annotated Diseased Shrimp Images/Annotated Diseased Shrimp Images/2. WSSV/labels/WSSV-32-img-3.txt,WSSV,WSSV,WSSV-32-img-3,16
val,/home/drnguyenvinh/notebooks/shrimp_od_yolo_ultralytics_under12M_17models_rtx4090_v3_FIXED_OD_ONLY/kaggle_raw/shrimpdiseaseimagebd/ShrimpDiseaseImageBD An Image Dataset for Computer Vision-Based Detection of Shrimp Diseases in Bangladesh/Root/Annotated Diseased Shrimp Images/Annotated Diseased Shrimp Images/2. WSSV/images/WSSV-50-img-2.jpg,/home/drnguyenvinh/notebooks/shrimp_od_yolo_ultralytics_under12M_17models_rtx4090_v3_FIXED_OD_ONLY/kaggle_raw/shrimpdiseaseimagebd/ShrimpDiseaseImageBD An Image Dataset for Computer Vision-Based Detection of Shrimp Diseases in Bangladesh/Root/Annotated Diseased Shrimp Images/Annotated Diseased Shrimp Images/2. WSSV/labels/WSSV-50-img-2.txt,WSSV,WSSV,WSSV-50-img-2,9
val,/home/drnguyenvinh/notebooks/shrimp_od_yolo_ultralytics_under12M_17models_rtx4090_v3_FIXED_OD_ONLY/kaggle_raw/shrimpdiseaseimagebd/ShrimpDiseaseImageBD An Image Dataset for Computer Vision-Based Detection of Shrimp Diseases in Bangladesh/Root/Annotated Diseased Shrimp Images/Annotated Diseased Shrimp Images/4. WSSV_BG/images/WSSV_BG-49-img-2.jpg,/home/drnguyenvinh/notebooks/shrimp_od_yolo_ultralytics_under12M_17models_rtx4090_v3_FIXED_OD_ONLY/kaggle_raw/shrimpdiseaseimagebd/ShrimpDiseaseImageBD An Image Dataset for Computer Vision-Based Detection of Shrimp Diseases in Bangladesh/Root/Annotated Diseased Shrimp Images/Annotated Diseased Shrimp Images/4. WSSV_BG/labels/WSSV_BG-49-img-2.txt,WSSV_BG,WSSV_BG,WSSV_BG-49-img-2,10
val,/home/drnguyenvinh/notebooks/shrimp_od_yolo_ultralytics_under12M_17models_rtx4090_v3_FIXED_OD_ONLY/kaggle_raw/shrimpdiseaseimagebd/ShrimpDiseaseImageBD An Image Dataset for Computer Vision-Based Detection of Shrimp Diseases in Bangladesh/Root/Annotated Diseased Shrimp Images/Annotated Diseased Shrimp Images/2. WSSV/images/WSSV-14-img-2.jpg,/home/drnguyenvinh/notebooks/shrimp_od_yolo_ultralytics_under12M_17models_rtx4090_v3_FIXED_OD_ONLY/kaggle_raw/shrimpdiseaseimagebd/ShrimpDiseaseImageBD An Image Dataset for Computer Vision-Based Detection of Shrimp Diseases in Bangladesh/Root/Annotated Diseased Shrimp Images/Annotated Diseased Shrimp Images/2. WSSV/labels/WSSV-14-img-2.txt,WSSV,WSSV,WSSV-14-img-2,12
val,/home/drnguyenvinh/notebooks/shrimp_od_yolo_ultralytics_under12M_17models_rtx4090_v3_FIXED_OD_ONLY/kaggle_raw/shrimpdiseaseimagebd/ShrimpDiseaseImageBD An Image Dataset for Computer Vision-Based Detection of Shrimp Diseases in Bangladesh/Root/Annotated Diseased Shrimp Images/Annotated Diseased Shrimp Images/1. BG/images/BG-25-img-1.jpg,/home/drnguyenvinh/notebooks/shrimp_od_yolo_ultralytics_under12M_17models_rtx4090_v3_FIXED_OD_ONLY/kaggle_raw/shrimpdiseaseimagebd/ShrimpDiseaseImageBD An Image Dataset for Computer Vision-Based Detection of Shrimp Diseases in Bangladesh/Root/Annotated Diseased Shrimp Images/Annotated Diseased Shrimp Images/1. BG/labels/BG-25-img-1.txt,BG,BG,BG-25-img-1,1
val,/home/drnguyenvinh/notebooks/shrimp_od_yolo_ultralytics_under12M_17models_rtx4090_v3_FIXED_OD_ONLY/kaggle_raw/shrimpdiseaseimagebd/ShrimpDiseaseImageBD An Image Dataset for Computer Vision-Based Detection of Shrimp Diseases in Bangladesh/Root/Annotated Diseased Shrimp Images/Annotated Diseased Shrimp Images/4. WSSV_BG/images/WSSV_BG-5-img-1.jpg,/home/drnguyenvinh/notebooks/shrimp_od_yolo_ultralytics_under12M_17models_rtx4090_v3_FIXED_OD_ONLY/kaggle_raw/shrimpdiseaseimagebd/ShrimpDiseaseImageBD An Image Dataset for Computer Vision-Based Detection of Shrimp Diseases in Bangladesh/Root/Annotated Diseased Shrimp Images/Annotated Diseased Shrimp Images/4. WSSV_BG/labels/WSSV_BG-5-img-1.txt,WSSV_BG,WSSV_BG,WSSV_BG-5-img-1,11
val,/home/drnguyenvinh/notebooks/shrimp_od_yolo_ultralytics_under12M_17models_rtx4090_v3_FIXED_OD_ONLY/kaggle_raw/shrimpdiseaseimagebd/ShrimpDiseaseImageBD An Image Dataset for Computer Vision-Based Detection of Shrimp Diseases in Bangladesh/Root/Annotated Diseased Shrimp Images/Annotated Diseased Shrimp Images/1. BG/images/BG-29-img-2.jpg,/home/drnguyenvinh/notebooks/shrimp_od_yolo_ultralytics_under12M_17models_rtx4090_v3_FIXED_OD_ONLY/kaggle_raw/shrimpdiseaseimagebd/ShrimpDiseaseImageBD An Image Dataset for Computer Vision-Based Detection of Shrimp Diseases in Bangladesh/Root/Annotated Diseased Shrimp Images/Annotated Diseased Shrimp Images/1. BG/labels/BG-29-img-2.txt,BG,BG,BG-29-img-2,2
val,/home/drnguyenvinh/notebooks/shrimp_od_yolo_ultralytics_under12M_17models_rtx4090_v3_FIXED_OD_ONLY/kaggle_raw/shrimpdiseaseimagebd/ShrimpDiseaseImageBD An Image Dataset for Computer Vision-Based Detection of Shrimp Diseases in Bangladesh/Root/Annotated Diseased Shrimp Images/Annotated Diseased Shrimp Images/4. WSSV_BG/images/WSSV_BG-66-img-2.jpg,/home/drnguyenvinh/notebooks/shrimp_od_yolo_ultralytics_under12M_17models_rtx4090_v3_FIXED_OD_ONLY/kaggle_raw/shrimpdiseaseimagebd/ShrimpDiseaseImageBD An Image Dataset for Computer Vision-Based Detection of Shrimp Diseases in Bangladesh/Root/Annotated Diseased Shrimp Images/Annotated Diseased Shrimp Images/4. WSSV_BG/labels/WSSV_BG-66-img-2.txt,WSSV_BG,WSSV_BG,WSSV_BG-66-img-2,10
val,/home/drnguyenvinh/notebooks/shrimp_od_yolo_ultralytics_under12M_17models_rtx4090_v3_FIXED_OD_ONLY/kaggle_raw/shrimpdiseaseimagebd/ShrimpDiseaseImageBD An Image Dataset for Computer Vision-Based Detection of Shrimp Diseases in Bangladesh/Root/Annotated Diseased Shrimp Images/Annotated Diseased Shrimp Images/2. WSSV/images/WSSV-109-img-1.jpg,/home/drnguyenvinh/notebooks/shrimp_od_yolo_ultralytics_under12M_17models_rtx4090_v3_FIXED_OD_ONLY/kaggle_raw/shrimpdiseaseimagebd/ShrimpDiseaseImageBD An Image Dataset for Computer Vision-Based Detection of Shrimp Diseases in Bangladesh/Root/Annotated Diseased Shrimp Images/Annotated Diseased Shrimp Images/2. WSSV/labels/WSSV-109-img-1.txt,WSSV,WSSV,WSSV-109-img-1,7
val,/home/drnguyenvinh/notebooks/shrimp_od_yolo_ultralytics_under12M_17models_rtx4090_v3_FIXED_OD_ONLY/kaggle_raw/shrimpdiseaseimagebd/ShrimpDiseaseImageBD An Image Dataset for Computer Vision-Based Detection of Shrimp Diseases in Bangladesh/Root/Annotated Diseased Shrimp Images/Annotated Diseased Shrimp Images/1. BG/images/BG-74-img-1.jpg,/home/drnguyenvinh/notebooks/shrimp_od_yolo_ultralytics_under12M_17models_rtx4090_v3_FIXED_OD_ONLY/kaggle_raw/shrimpdiseaseimagebd/ShrimpDiseaseImageBD An Image Dataset for Computer Vision-Based Detection of Shrimp Diseases in Bangladesh/Root/Annotated Diseased Shrimp Images/Annotated Diseased Shrimp Images/1. BG/labels/BG-74-img-1.txt,BG,BG,BG-74-img-1,23
val,/home/drnguyenvinh/notebooks/shrimp_od_yolo_ultralytics_under12M_17models_rtx4090_v3_FIXED_OD_ONLY/kaggle_raw/shrimpdiseaseimagebd/ShrimpDiseaseImageBD An Image Dataset for Computer Vision-Based Detection of Shrimp Diseases in Bangladesh/Root/Annotated Diseased Shrimp Images/Annotated Diseased Shrimp Images/2. WSSV/images/WSSV-24-img-1.jpg,/home/drnguyenvinh/notebooks/shrimp_od_yolo_ultralytics_under12M_17models_rtx4090_v3_FIXED_OD_ONLY/kaggle_raw/shrimpdiseaseimagebd/ShrimpDiseaseImageBD An Image Dataset for Computer Vision-Based Detection of Shrimp Diseases in Bangladesh/Root/Annotated Diseased Shrimp Images/Annotated Diseased Shrimp Images/2. WSSV/labels/WSSV-24-img-1.txt,WSSV,WSSV,WSSV-24-img-1,16
val,/home/drnguyenvinh/notebooks/shrimp_od_yolo_ultralytics_under12M_17models_rtx4090_v3_FIXED_OD_ONLY/kaggle_raw/shrimpdiseaseimagebd/ShrimpDiseaseImageBD An Image Dataset for Computer Vision-Based Detection of Shrimp Diseases in Bangladesh/Root/Annotated Diseased Shrimp Images/Annotated Diseased Shrimp Images/2. WSSV/images/WSSV-96-img-3.jpg,/home/drnguyenvinh/notebooks/shrimp_od_yolo_ultralytics_under12M_17models_rtx4090_v3_FIXED_OD_ONLY/kaggle_raw/shrimpdiseaseimagebd/ShrimpDiseaseImageBD An Image Dataset for Computer Vision-Based Detection of Shrimp Diseases in Bangladesh/Root/Annotated Diseased Shrimp Images/Annotated Diseased Shrimp Images/2. WSSV/labels/WSSV-96-img-3.txt,WSSV,WSSV,WSSV-96-img-3,11
val,/home/drnguyenvinh/notebooks/shrimp_od_yolo_ultralytics_under12M_17models_rtx4090_v3_FIXED_OD_ONLY/kaggle_raw/shrimpdiseaseimagebd/ShrimpDiseaseImageBD An Image Dataset for Computer Vision-Based Detection of Shrimp Diseases in Bangladesh/Root/Annotated Diseased Shrimp Images/Annotated Diseased Shrimp Images/1. BG/images/BG-24-img-3.jpg,/home/drnguyenvinh/notebooks/shrimp_od_yolo_ultralytics_under12M_17models_rtx4090_v3_FIXED_OD_ONLY/kaggle_raw/shrimpdiseaseimagebd/ShrimpDiseaseImageBD An Image Dataset for Computer Vision-Based Detection of Shrimp Diseases in Bangladesh/Root/Annotated Diseased Shrimp Images/Annotated Diseased Shrimp Images/1. BG/labels/BG-24-img-3.txt,BG,BG,BG-24-img-3,2
val,/home/drnguyenvinh/notebooks/shrimp_od_yolo_ultralytics_under12M_17models_rtx4090_v3_FIXED_OD_ONLY/kaggle_raw/shrimpdiseaseimagebd/ShrimpDiseaseImageBD An Image Dataset for Computer Vision-Based Detection of Shrimp Diseases in Bangladesh/Root/Annotated Diseased Shrimp Images/Annotated Diseased Shrimp Images/4. WSSV_BG/images/WSSV_BG-57-img-1.jpg,/home/drnguyenvinh/notebooks/shrimp_od_yolo_ultralytics_under12M_17models_rtx4090_v3_FIXED_OD_ONLY/kaggle_raw/shrimpdiseaseimagebd/ShrimpDiseaseImageBD An Image Dataset for Computer Vision-Based Detection of Shrimp Diseases in Bangladesh/Root/Annotated Diseased Shrimp Images/Annotated Diseased Shrimp Images/4. WSSV_BG/labels/WSSV_BG-57-img-1.txt,WSSV_BG,WSSV_BG,WSSV_BG-57-img-1,13
val,/home/drnguyenvinh/notebooks/shrimp_od_yolo_ultralytics_under12M_17models_rtx4090_v3_FIXED_OD_ONLY/kaggle_raw/shrimpdiseaseimagebd/ShrimpDiseaseImageBD An Image Dataset for Computer Vision-Based Detection of Shrimp Diseases in Bangladesh/Root/Annotated Diseased Shrimp Images/Annotated Diseased Shrimp Images/4. WSSV_BG/images/WSSV_BG-36-img-3.jpg,/home/drnguyenvinh/notebooks/shrimp_od_yolo_ultralytics_under12M_17models_rtx4090_v3_FIXED_OD_ONLY/kaggle_raw/shrimpdiseaseimagebd/ShrimpDiseaseImageBD An Image Dataset for Computer Vision-Based Detection of Shrimp Diseases in Bangladesh/Root/Annotated Diseased Shrimp Images/Annotated Diseased Shrimp Images/4. WSSV_BG/labels/WSSV_BG-36-img-3.txt,WSSV_BG,WSSV_BG,WSSV_BG-36-img-3,7
val,/home/drnguyenvinh/notebooks/shrimp_od_yolo_ultralytics_under12M_17models_rtx4090_v3_FIXED_OD_ONLY/kaggle_raw/shrimpdiseaseimagebd/ShrimpDiseaseImageBD An Image Dataset for Computer Vision-Based Detection of Shrimp Diseases in Bangladesh/Root/Annotated Diseased Shrimp Images/Annotated Diseased Shrimp Images/4. WSSV_BG/images/WSSV_BG-67-img-3.jpg,/home/drnguyenvinh/notebooks/shrimp_od_yolo_ultralytics_under12M_17models_rtx4090_v3_FIXED_OD_ONLY/kaggle_raw/shrimpdiseaseimagebd/ShrimpDiseaseImageBD An Image Dataset for Computer Vision-Based Detection of Shrimp Diseases in Bangladesh/Root/Annotated Diseased Shrimp Images/Annotated Diseased Shrimp Images/4. WSSV_BG/labels/WSSV_BG-67-img-3.txt,WSSV_BG,WSSV_BG,WSSV_BG-67-img-3,7
val,/home/drnguyenvinh/notebooks/shrimp_od_yolo_ultralytics_under12M_17models_rtx4090_v3_FIXED_OD_ONLY/kaggle_raw/shrimpdiseaseimagebd/ShrimpDiseaseImageBD An Image Dataset for Computer Vision-Based Detection of Shrimp Diseases in Bangladesh/Root/Annotated Diseased Shrimp Images/Annotated Diseased Shrimp Images/2. WSSV/images/WSSV-104-img-1.jpg,/home/drnguyenvinh/notebooks/shrimp_od_yolo_ultralytics_under12M_17models_rtx4090_v3_FIXED_OD_ONLY/kaggle_raw/shrimpdiseaseimagebd/ShrimpDiseaseImageBD An Image Dataset for Computer Vision-Based Detection of Shrimp Diseases in Bangladesh/Root/Annotated Diseased Shrimp Images/Annotated Diseased Shrimp Images/2. WSSV/labels/WSSV-104-img-1.txt,WSSV,WSSV,WSSV-104-img-1,3
val,/home/drnguyenvinh/notebooks/shrimp_od_yolo_ultralytics_under12M_17models_rtx4090_v3_FIXED_OD_ONLY/kaggle_raw/shrimpdiseaseimagebd/ShrimpDiseaseImageBD An Image Dataset for Computer Vision-Based Detection of Shrimp Diseases in Bangladesh/Root/Annotated Diseased Shrimp Images/Annotated Diseased Shrimp Images/4. WSSV_BG/images/WSSV_BG-47-img-2.jpg,/home/drnguyenvinh/notebooks/shrimp_od_yolo_ultralytics_under12M_17models_rtx4090_v3_FIXED_OD_ONLY/kaggle_raw/shrimpdiseaseimagebd/ShrimpDiseaseImageBD An Image Dataset for Computer Vision-Based Detection of Shrimp Diseases in Bangladesh/Root/Annotated Diseased Shrimp Images/Annotated Diseased Shrimp Images/4. WSSV_BG/labels/WSSV_BG-47-img-2.txt,WSSV_BG,WSSV_BG,WSSV_BG-47-img-2,8
val,/home/drnguyenvinh/notebooks/shrimp_od_yolo_ultralytics_under12M_17models_rtx4090_v3_FIXED_OD_ONLY/kaggle_raw/shrimpdiseaseimagebd/ShrimpDiseaseImageBD An Image Dataset for Computer Vision-Based Detection of Shrimp Diseases in Bangladesh/Root/Annotated Diseased Shrimp Images/Annotated Diseased Shrimp Images/1. BG/images/BG-47-img-3.jpg,/home/drnguyenvinh/notebooks/shrimp_od_yolo_ultralytics_under12M_17models_rtx4090_v3_FIXED_OD_ONLY/kaggle_raw/shrimpdiseaseimagebd/ShrimpDiseaseImageBD An Image Dataset for Computer Vision-Based Detection of Shrimp Diseases in Bangladesh/Root/Annotated Diseased Shrimp Images/Annotated Diseased Shrimp Images/1. BG/labels/BG-47-img-3.txt,BG,BG,BG-47-img-3,3
val,/home/drnguyenvinh/notebooks/shrimp_od_yolo_ultralytics_under12M_17models_rtx4090_v3_FIXED_OD_ONLY/kaggle_raw/shrimpdiseaseimagebd/ShrimpDiseaseImageBD An Image Dataset for Computer Vision-Based Detection of Shrimp Diseases in Bangladesh/Root/Annotated Diseased Shrimp Images/Annotated Diseased Shrimp Images/4. WSSV_BG/images/WSSV_BG-80-img-1.jpg,/home/drnguyenvinh/notebooks/shrimp_od_yolo_ultralytics_under12M_17models_rtx4090_v3_FIXED_OD_ONLY/kaggle_raw/shrimpdiseaseimagebd/ShrimpDiseaseImageBD An Image Dataset for Computer Vision-Based Detection of Shrimp Diseases in Bangladesh/Root/Annotated Diseased Shrimp Images/Annotated Diseased Shrimp Images/4. WSSV_BG/labels/WSSV_BG-80-img-1.txt,WSSV_BG,WSSV_BG,WSSV_BG-80-img-1,19
val,/home/drnguyenvinh/notebooks/shrimp_od_yolo_ultralytics_under12M_17models_rtx4090_v3_FIXED_OD_ONLY/kaggle_raw/shrimpdiseaseimagebd/ShrimpDiseaseImageBD An Image Dataset for Computer Vision-Based Detection of Shrimp Diseases in Bangladesh/Root/Annotated Diseased Shrimp Images/Annotated Diseased Shrimp Images/1. BG/images/BG-55-img-1.jpg,/home/drnguyenvinh/notebooks/shrimp_od_yolo_ultralytics_under12M_17models_rtx4090_v3_FIXED_OD_ONLY/kaggle_raw/shrimpdiseaseimagebd/ShrimpDiseaseImageBD An Image Dataset for Computer Vision-Based Detection of Shrimp Diseases in Bangladesh/Root/Annotated Diseased Shrimp Images/Annotated Diseased Shrimp Images/1. BG/labels/BG-55-img-1.txt,BG,BG,BG-55-img-1,1
val,/home/drnguyenvinh/notebooks/shrimp_od_yolo_ultralytics_under12M_17models_rtx4090_v3_FIXED_OD_ONLY/kaggle_raw/shrimpdiseaseimagebd/ShrimpDiseaseImageBD An Image Dataset for Computer Vision-Based Detection of Shrimp Diseases in Bangladesh/Root/Annotated Diseased Shrimp Images/Annotated Diseased Shrimp Images/4. WSSV_BG/images/WSSV_BG-33-img-1.jpg,/home/drnguyenvinh/notebooks/shrimp_od_yolo_ultralytics_under12M_17models_rtx4090_v3_FIXED_OD_ONLY/kaggle_raw/shrimpdiseaseimagebd/ShrimpDiseaseImageBD An Image Dataset for Computer Vision-Based Detection of Shrimp Diseases in Bangladesh/Root/Annotated Diseased Shrimp Images/Annotated Diseased Shrimp Images/4. WSSV_BG/labels/WSSV_BG-33-img-1.txt,WSSV_BG,WSSV_BG,WSSV_BG-33-img-1,10
val,/home/drnguyenvinh/notebooks/shrimp_od_yolo_ultralytics_under12M_17models_rtx4090_v3_FIXED_OD_ONLY/kaggle_raw/shrimpdiseaseimagebd/ShrimpDiseaseImageBD An Image Dataset for Computer Vision-Based Detection of Shrimp Diseases in Bangladesh/Root/Annotated Diseased Shrimp Images/Annotated Diseased Shrimp Images/4. WSSV_BG/images/WSSV_BG-27-img-1.jpg,/home/drnguyenvinh/notebooks/shrimp_od_yolo_ultralytics_under12M_17models_rtx4090_v3_FIXED_OD_ONLY/kaggle_raw/shrimpdiseaseimagebd/ShrimpDiseaseImageBD An Image Dataset for Computer Vision-Based Detection of Shrimp Diseases in Bangladesh/Root/Annotated Diseased Shrimp Images/Annotated Diseased Shrimp Images/4. WSSV_BG/labels/WSSV_BG-27-img-1.txt,WSSV_BG,WSSV_BG,WSSV_BG-27-img-1,14
val,/home/drnguyenvinh/notebooks/shrimp_od_yolo_ultralytics_under12M_17models_rtx4090_v3_FIXED_OD_ONLY/kaggle_raw/shrimpdiseaseimagebd/ShrimpDiseaseImageBD An Image Dataset for Computer Vision-Based Detection of Shrimp Diseases in Bangladesh/Root/Annotated Diseased Shrimp Images/Annotated Diseased Shrimp Images/2. WSSV/images/WSSV-39-img-2.jpg,/home/drnguyenvinh/notebooks/shrimp_od_yolo_ultralytics_under12M_17models_rtx4090_v3_FIXED_OD_ONLY/kaggle_raw/shrimpdiseaseimagebd/ShrimpDiseaseImageBD An Image Dataset for Computer Vision-Based Detection of Shrimp Diseases in Bangladesh/Root/Annotated Diseased Shrimp Images/Annotated Diseased Shrimp Images/2. WSSV/labels/WSSV-39-img-2.txt,WSSV,WSSV,WSSV-39-img-2,3
val,/home/drnguyenvinh/notebooks/shrimp_od_yolo_ultralytics_under12M_17models_rtx4090_v3_FIXED_OD_ONLY/kaggle_raw/shrimpdiseaseimagebd/ShrimpDiseaseImageBD An Image Dataset for Computer Vision-Based Detection of Shrimp Diseases in Bangladesh/Root/Annotated Diseased Shrimp Images/Annotated Diseased Shrimp Images/4. WSSV_BG/images/WSSV_BG-52-img-1.jpg,/home/drnguyenvinh/notebooks/shrimp_od_yolo_ultralytics_under12M_17models_rtx4090_v3_FIXED_OD_ONLY/kaggle_raw/shrimpdiseaseimagebd/ShrimpDiseaseImageBD An Image Dataset for Computer Vision-Based Detection of Shrimp Diseases in Bangladesh/Root/Annotated Diseased Shrimp Images/Annotated Diseased Shrimp Images/4. WSSV_BG/labels/WSSV_BG-52-img-1.txt,WSSV_BG,WSSV_BG,WSSV_BG-52-img-1,10
val,/home/drnguyenvinh/notebooks/shrimp_od_yolo_ultralytics_under12M_17models_rtx4090_v3_FIXED_OD_ONLY/kaggle_raw/shrimpdiseaseimagebd/ShrimpDiseaseImageBD An Image Dataset for Computer Vision-Based Detection of Shrimp Diseases in Bangladesh/Root/Annotated Diseased Shrimp Images/Annotated Diseased Shrimp Images/2. WSSV/images/WSSV-77-img-1.jpg,/home/drnguyenvinh/notebooks/shrimp_od_yolo_ultralytics_under12M_17models_rtx4090_v3_FIXED_OD_ONLY/kaggle_raw/shrimpdiseaseimagebd/ShrimpDiseaseImageBD An Image Dataset for Computer Vision-Based Detection of Shrimp Diseases in Bangladesh/Root/Annotated Diseased Shrimp Images/Annotated Diseased Shrimp Images/2. WSSV/labels/WSSV-77-img-1.txt,WSSV,WSSV,WSSV-77-img-1,5
val,/home/drnguyenvinh/notebooks/shrimp_od_yolo_ultralytics_under12M_17models_rtx4090_v3_FIXED_OD_ONLY/kaggle_raw/shrimpdiseaseimagebd/ShrimpDiseaseImageBD An Image Dataset for Computer Vision-Based Detection of Shrimp Diseases in Bangladesh/Root/Annotated Diseased Shrimp Images/Annotated Diseased Shrimp Images/1. BG/images/BG-9-img-1.jpg,/home/drnguyenvinh/notebooks/shrimp_od_yolo_ultralytics_under12M_17models_rtx4090_v3_FIXED_OD_ONLY/kaggle_raw/shrimpdiseaseimagebd/ShrimpDiseaseImageBD An Image Dataset for Computer Vision-Based Detection of Shrimp Diseases in Bangladesh/Root/Annotated Diseased Shrimp Images/Annotated Diseased Shrimp Images/1. BG/labels/BG-9-img-1.txt,BG,BG,BG-9-img-1,2
val,/home/drnguyenvinh/notebooks/shrimp_od_yolo_ultralytics_under12M_17models_rtx4090_v3_FIXED_OD_ONLY/kaggle_raw/shrimpdiseaseimagebd/ShrimpDiseaseImageBD An Image Dataset for Computer Vision-Based Detection of Shrimp Diseases in Bangladesh/Root/Annotated Diseased Shrimp Images/Annotated Diseased Shrimp Images/4. WSSV_BG/images/WSSV_BG-46-img-2.jpg,/home/drnguyenvinh/notebooks/shrimp_od_yolo_ultralytics_under12M_17models_rtx4090_v3_FIXED_OD_ONLY/kaggle_raw/shrimpdiseaseimagebd/ShrimpDiseaseImageBD An Image Dataset for Computer Vision-Based Detection of Shrimp Diseases in Bangladesh/Root/Annotated Diseased Shrimp Images/Annotated Diseased Shrimp Images/4. WSSV_BG/labels/WSSV_BG-46-img-2.txt,WSSV_BG,WSSV_BG,WSSV_BG-46-img-2,6
test,/home/drnguyenvinh/notebooks/shrimp_od_yolo_ultralytics_under12M_17models_rtx4090_v3_FIXED_OD_ONLY/kaggle_raw/shrimpdiseaseimagebd/ShrimpDiseaseImageBD An Image Dataset for Computer Vision-Based Detection of Shrimp Diseases in Bangladesh/Root/Annotated Diseased Shrimp Images/Annotated Diseased Shrimp Images/1. BG/images/BG-31-img-2.jpg,/home/drnguyenvinh/notebooks/shrimp_od_yolo_ultralytics_under12M_17models_rtx4090_v3_FIXED_OD_ONLY/kaggle_raw/shrimpdiseaseimagebd/ShrimpDiseaseImageBD An Image Dataset for Computer Vision-Based Detection of Shrimp Diseases in Bangladesh/Root/Annotated Diseased Shrimp Images/Annotated Diseased Shrimp Images/1. BG/labels/BG-31-img-2.txt,BG,BG,BG-31-img-2,1
test,/home/drnguyenvinh/notebooks/shrimp_od_yolo_ultralytics_under12M_17models_rtx4090_v3_FIXED_OD_ONLY/kaggle_raw/shrimpdiseaseimagebd/ShrimpDiseaseImageBD An Image Dataset for Computer Vision-Based Detection of Shrimp Diseases in Bangladesh/Root/Annotated Diseased Shrimp Images/Annotated Diseased Shrimp Images/4. WSSV_BG/images/WSSV_BG-69-img-3.jpg,/home/drnguyenvinh/notebooks/shrimp_od_yolo_ultralytics_under12M_17models_rtx4090_v3_FIXED_OD_ONLY/kaggle_raw/shrimpdiseaseimagebd/ShrimpDiseaseImageBD An Image Dataset for Computer Vision-Based Detection of Shrimp Diseases in Bangladesh/Root/Annotated Diseased Shrimp Images/Annotated Diseased Shrimp Images/4. WSSV_BG/labels/WSSV_BG-69-img-3.txt,WSSV_BG,WSSV_BG,WSSV_BG-69-img-3,11
test,/home/drnguyenvinh/notebooks/shrimp_od_yolo_ultralytics_under12M_17models_rtx4090_v3_FIXED_OD_ONLY/kaggle_raw/shrimpdiseaseimagebd/ShrimpDiseaseImageBD An Image Dataset for Computer Vision-Based Detection of Shrimp Diseases in Bangladesh/Root/Annotated Diseased Shrimp Images/Annotated Diseased Shrimp Images/2. WSSV/images/WSSV-58-img-2.jpg,/home/drnguyenvinh/notebooks/shrimp_od_yolo_ultralytics_under12M_17models_rtx4090_v3_FIXED_OD_ONLY/kaggle_raw/shrimpdiseaseimagebd/ShrimpDiseaseImageBD An Image Dataset for Computer Vision-Based Detection of Shrimp Diseases in Bangladesh/Root/Annotated Diseased Shrimp Images/Annotated Diseased Shrimp Images/2. WSSV/labels/WSSV-58-img-2.txt,WSSV,WSSV,WSSV-58-img-2,16
test,/home/drnguyenvinh/notebooks/shrimp_od_yolo_ultralytics_under12M_17models_rtx4090_v3_FIXED_OD_ONLY/kaggle_raw/shrimpdiseaseimagebd/ShrimpDiseaseImageBD An Image Dataset for Computer Vision-Based Detection of Shrimp Diseases in Bangladesh/Root/Annotated Diseased Shrimp Images/Annotated Diseased Shrimp Images/1. BG/images/BG-36-img-1.jpg,/home/drnguyenvinh/notebooks/shrimp_od_yolo_ultralytics_under12M_17models_rtx4090_v3_FIXED_OD_ONLY/kaggle_raw/shrimpdiseaseimagebd/ShrimpDiseaseImageBD An Image Dataset for Computer Vision-Based Detection of Shrimp Diseases in Bangladesh/Root/Annotated Diseased Shrimp Images/Annotated Diseased Shrimp Images/1. BG/labels/BG-36-img-1.txt,BG,BG,BG-36-img-1,5
test,/home/drnguyenvinh/notebooks/shrimp_od_yolo_ultralytics_under12M_17models_rtx4090_v3_FIXED_OD_ONLY/kaggle_raw/shrimpdiseaseimagebd/ShrimpDiseaseImageBD An Image Dataset for Computer Vision-Based Detection of Shrimp Diseases in Bangladesh/Root/Annotated Diseased Shrimp Images/Annotated Diseased Shrimp Images/2. WSSV/images/WSSV-77-img-2.jpg,/home/drnguyenvinh/notebooks/shrimp_od_yolo_ultralytics_under12M_17models_rtx4090_v3_FIXED_OD_ONLY/kaggle_raw/shrimpdiseaseimagebd/ShrimpDiseaseImageBD An Image Dataset for Computer Vision-Based Detection of Shrimp Diseases in Bangladesh/Root/Annotated Diseased Shrimp Images/Annotated Diseased Shrimp Images/2. WSSV/labels/WSSV-77-img-2.txt,WSSV,WSSV,WSSV-77-img-2,6
test,/home/drnguyenvinh/notebooks/shrimp_od_yolo_ultralytics_under12M_17models_rtx4090_v3_FIXED_OD_ONLY/kaggle_raw/shrimpdiseaseimagebd/ShrimpDiseaseImageBD An Image Dataset for Computer Vision-Based Detection of Shrimp Diseases in Bangladesh/Root/Annotated Diseased Shrimp Images/Annotated Diseased Shrimp Images/1. BG/images/BG-2-img-1.jpg,/home/drnguyenvinh/notebooks/shrimp_od_yolo_ultralytics_under12M_17models_rtx4090_v3_FIXED_OD_ONLY/kaggle_raw/shrimpdiseaseimagebd/ShrimpDiseaseImageBD An Image Dataset for Computer Vision-Based Detection of Shrimp Diseases in Bangladesh/Root/Annotated Diseased Shrimp Images/Annotated Diseased Shrimp Images/1. BG/labels/BG-2-img-1.txt,BG,BG,BG-2-img-1,1
test,/home/drnguyenvinh/notebooks/shrimp_od_yolo_ultralytics_under12M_17models_rtx4090_v3_FIXED_OD_ONLY/kaggle_raw/shrimpdiseaseimagebd/ShrimpDiseaseImageBD An Image Dataset for Computer Vision-Based Detection of Shrimp Diseases in Bangladesh/Root/Annotated Diseased Shrimp Images/Annotated Diseased Shrimp Images/2. WSSV/images/WSSV-109-img-2.jpg,/home/drnguyenvinh/notebooks/shrimp_od_yolo_ultralytics_under12M_17models_rtx4090_v3_FIXED_OD_ONLY/kaggle_raw/shrimpdiseaseimagebd/ShrimpDiseaseImageBD An Image Dataset for Computer Vision-Based Detection of Shrimp Diseases in Bangladesh/Root/Annotated Diseased Shrimp Images/Annotated Diseased Shrimp Images/2. WSSV/labels/WSSV-109-img-2.txt,WSSV,WSSV,WSSV-109-img-2,10
test,/home/drnguyenvinh/notebooks/shrimp_od_yolo_ultralytics_under12M_17models_rtx4090_v3_FIXED_OD_ONLY/kaggle_raw/shrimpdiseaseimagebd/ShrimpDiseaseImageBD An Image Dataset for Computer Vision-Based Detection of Shrimp Diseases in Bangladesh/Root/Annotated Diseased Shrimp Images/Annotated Diseased Shrimp Images/2. WSSV/images/WSSV-53-img-3.jpg,/home/drnguyenvinh/notebooks/shrimp_od_yolo_ultralytics_under12M_17models_rtx4090_v3_FIXED_OD_ONLY/kaggle_raw/shrimpdiseaseimagebd/ShrimpDiseaseImageBD An Image Dataset for Computer Vision-Based Detection of Shrimp Diseases in Bangladesh/Root/Annotated Diseased Shrimp Images/Annotated Diseased Shrimp Images/2. WSSV/labels/WSSV-53-img-3.txt,WSSV,WSSV,WSSV-53-img-3,44
test,/home/drnguyenvinh/notebooks/shrimp_od_yolo_ultralytics_under12M_17models_rtx4090_v3_FIXED_OD_ONLY/kaggle_raw/shrimpdiseaseimagebd/ShrimpDiseaseImageBD An Image Dataset for Computer Vision-Based Detection of Shrimp Diseases in Bangladesh/Root/Annotated Diseased Shrimp Images/Annotated Diseased Shrimp Images/1. BG/images/BG-74-img-3.jpg,/home/drnguyenvinh/notebooks/shrimp_od_yolo_ultralytics_under12M_17models_rtx4090_v3_FIXED_OD_ONLY/kaggle_raw/shrimpdiseaseimagebd/ShrimpDiseaseImageBD An Image Dataset for Computer Vision-Based Detection of Shrimp Diseases in Bangladesh/Root/Annotated Diseased Shrimp Images/Annotated Diseased Shrimp Images/1. BG/labels/BG-74-img-3.txt,BG,BG,BG-74-img-3,2
test,/home/drnguyenvinh/notebooks/shrimp_od_yolo_ultralytics_under12M_17models_rtx4090_v3_FIXED_OD_ONLY/kaggle_raw/shrimpdiseaseimagebd/ShrimpDiseaseImageBD An Image Dataset for Computer Vision-Based Detection of Shrimp Diseases in Bangladesh/Root/Annotated Diseased Shrimp Images/Annotated Diseased Shrimp Images/4. WSSV_BG/images/WSSV_BG-35-img-2.jpg,/home/drnguyenvinh/notebooks/shrimp_od_yolo_ultralytics_under12M_17models_rtx4090_v3_FIXED_OD_ONLY/kaggle_raw/shrimpdiseaseimagebd/ShrimpDiseaseImageBD An Image Dataset for Computer Vision-Based Detection of Shrimp Diseases in Bangladesh/Root/Annotated Diseased Shrimp Images/Annotated Diseased Shrimp Images/4. WSSV_BG/labels/WSSV_BG-35-img-2.txt,WSSV_BG,WSSV_BG,WSSV_BG-35-img-2,8
test,/home/drnguyenvinh/notebooks/shrimp_od_yolo_ultralytics_under12M_17models_rtx4090_v3_FIXED_OD_ONLY/kaggle_raw/shrimpdiseaseimagebd/ShrimpDiseaseImageBD An Image Dataset for Computer Vision-Based Detection of Shrimp Diseases in Bangladesh/Root/Annotated Diseased Shrimp Images/Annotated Diseased Shrimp Images/4. WSSV_BG/images/WSSV_BG-34-img-3.jpg,/home/drnguyenvinh/notebooks/shrimp_od_yolo_ultralytics_under12M_17models_rtx4090_v3_FIXED_OD_ONLY/kaggle_raw/shrimpdiseaseimagebd/ShrimpDiseaseImageBD An Image Dataset for Computer Vision-Based Detection of Shrimp Diseases in Bangladesh/Root/Annotated Diseased Shrimp Images/Annotated Diseased Shrimp Images/4. WSSV_BG/labels/WSSV_BG-34-img-3.txt,WSSV_BG,WSSV_BG,WSSV_BG-34-img-3,8
test,/home/drnguyenvinh/notebooks/shrimp_od_yolo_ultralytics_under12M_17models_rtx4090_v3_FIXED_OD_ONLY/kaggle_raw/shrimpdiseaseimagebd/ShrimpDiseaseImageBD An Image Dataset for Computer Vision-Based Detection of Shrimp Diseases in Bangladesh/Root/Annotated Diseased Shrimp Images/Annotated Diseased Shrimp Images/1. BG/images/BG-23-img-2.jpg,/home/drnguyenvinh/notebooks/shrimp_od_yolo_ultralytics_under12M_17models_rtx4090_v3_FIXED_OD_ONLY/kaggle_raw/shrimpdiseaseimagebd/ShrimpDiseaseImageBD An Image Dataset for Computer Vision-Based Detection of Shrimp Diseases in Bangladesh/Root/Annotated Diseased Shrimp Images/Annotated Diseased Shrimp Images/1. BG/labels/BG-23-img-2.txt,BG,BG,BG-23-img-2,4
test,/home/drnguyenvinh/notebooks/shrimp_od_yolo_ultralytics_under12M_17models_rtx4090_v3_FIXED_OD_ONLY/kaggle_raw/shrimpdiseaseimagebd/ShrimpDiseaseImageBD An Image Dataset for Computer Vision-Based Detection of Shrimp Diseases in Bangladesh/Root/Annotated Diseased Shrimp Images/Annotated Diseased Shrimp Images/2. WSSV/images/WSSV-92-img-1.jpg,/home/drnguyenvinh/notebooks/shrimp_od_yolo_ultralytics_under12M_17models_rtx4090_v3_FIXED_OD_ONLY/kaggle_raw/shrimpdiseaseimagebd/ShrimpDiseaseImageBD An Image Dataset for Computer Vision-Based Detection of Shrimp Diseases in Bangladesh/Root/Annotated Diseased Shrimp Images/Annotated Diseased Shrimp Images/2. WSSV/labels/WSSV-92-img-1.txt,WSSV,WSSV,WSSV-92-img-1,10
test,/home/drnguyenvinh/notebooks/shrimp_od_yolo_ultralytics_under12M_17models_rtx4090_v3_FIXED_OD_ONLY/kaggle_raw/shrimpdiseaseimagebd/ShrimpDiseaseImageBD An Image Dataset for Computer Vision-Based Detection of Shrimp Diseases in Bangladesh/Root/Annotated Diseased Shrimp Images/Annotated Diseased Shrimp Images/2. WSSV/images/WSSV-91-img-2.jpg,/home/drnguyenvinh/notebooks/shrimp_od_yolo_ultralytics_under12M_17models_rtx4090_v3_FIXED_OD_ONLY/kaggle_raw/shrimpdiseaseimagebd/ShrimpDiseaseImageBD An Image Dataset for Computer Vision-Based Detection of Shrimp Diseases in Bangladesh/Root/Annotated Diseased Shrimp Images/Annotated Diseased Shrimp Images/2. WSSV/labels/WSSV-91-img-2.txt,WSSV,WSSV,WSSV-91-img-2,4
test,/home/drnguyenvinh/notebooks/shrimp_od_yolo_ultralytics_under12M_17models_rtx4090_v3_FIXED_OD_ONLY/kaggle_raw/shrimpdiseaseimagebd/ShrimpDiseaseImageBD An Image Dataset for Computer Vision-Based Detection of Shrimp Diseases in Bangladesh/Root/Annotated Diseased Shrimp Images/Annotated Diseased Shrimp Images/2. WSSV/images/WSSV-70-img-1.jpg,/home/drnguyenvinh/notebooks/shrimp_od_yolo_ultralytics_under12M_17models_rtx4090_v3_FIXED_OD_ONLY/kaggle_raw/shrimpdiseaseimagebd/ShrimpDiseaseImageBD An Image Dataset for Computer Vision-Based Detection of Shrimp Diseases in Bangladesh/Root/Annotated Diseased Shrimp Images/Annotated Diseased Shrimp Images/2. WSSV/labels/WSSV-70-img-1.txt,WSSV,WSSV,WSSV-70-img-1,9
test,/home/drnguyenvinh/notebooks/shrimp_od_yolo_ultralytics_under12M_17models_rtx4090_v3_FIXED_OD_ONLY/kaggle_raw/shrimpdiseaseimagebd/ShrimpDiseaseImageBD An Image Dataset for Computer Vision-Based Detection of Shrimp Diseases in Bangladesh/Root/Annotated Diseased Shrimp Images/Annotated Diseased Shrimp Images/1. BG/images/BG-20-img-1.jpg,/home/drnguyenvinh/notebooks/shrimp_od_yolo_ultralytics_under12M_17models_rtx4090_v3_FIXED_OD_ONLY/kaggle_raw/shrimpdiseaseimagebd/ShrimpDiseaseImageBD An Image Dataset for Computer Vision-Based Detection of Shrimp Diseases in Bangladesh/Root/Annotated Diseased Shrimp Images/Annotated Diseased Shrimp Images/1. BG/labels/BG-20-img-1.txt,BG,BG,BG-20-img-1,1
test,/home/drnguyenvinh/notebooks/shrimp_od_yolo_ultralytics_under12M_17models_rtx4090_v3_FIXED_OD_ONLY/kaggle_raw/shrimpdiseaseimagebd/ShrimpDiseaseImageBD An Image Dataset for Computer Vision-Based Detection of Shrimp Diseases in Bangladesh/Root/Annotated Diseased Shrimp Images/Annotated Diseased Shrimp Images/4. WSSV_BG/images/WSSV_BG-25-img-3.jpg,/home/drnguyenvinh/notebooks/shrimp_od_yolo_ultralytics_under12M_17models_rtx4090_v3_FIXED_OD_ONLY/kaggle_raw/shrimpdiseaseimagebd/ShrimpDiseaseImageBD An Image Dataset for Computer Vision-Based Detection of Shrimp Diseases in Bangladesh/Root/Annotated Diseased Shrimp Images/Annotated Diseased Shrimp Images/4. WSSV_BG/labels/WSSV_BG-25-img-3.txt,WSSV_BG,WSSV_BG,WSSV_BG-25-img-3,6
test,/home/drnguyenvinh/notebooks/shrimp_od_yolo_ultralytics_under12M_17models_rtx4090_v3_FIXED_OD_ONLY/kaggle_raw/shrimpdiseaseimagebd/ShrimpDiseaseImageBD An Image Dataset for Computer Vision-Based Detection of Shrimp Diseases in Bangladesh/Root/Annotated Diseased Shrimp Images/Annotated Diseased Shrimp Images/1. BG/images/BG-19-img-2.jpg,/home/drnguyenvinh/notebooks/shrimp_od_yolo_ultralytics_under12M_17models_rtx4090_v3_FIXED_OD_ONLY/kaggle_raw/shrimpdiseaseimagebd/ShrimpDiseaseImageBD An Image Dataset for Computer Vision-Based Detection of Shrimp Diseases in Bangladesh/Root/Annotated Diseased Shrimp Images/Annotated Diseased Shrimp Images/1. BG/labels/BG-19-img-2.txt,BG,BG,BG-19-img-2,1
test,/home/drnguyenvinh/notebooks/shrimp_od_yolo_ultralytics_under12M_17models_rtx4090_v3_FIXED_OD_ONLY/kaggle_raw/shrimpdiseaseimagebd/ShrimpDiseaseImageBD An Image Dataset for Computer Vision-Based Detection of Shrimp Diseases in Bangladesh/Root/Annotated Diseased Shrimp Images/Annotated Diseased Shrimp Images/4. WSSV_BG/images/WSSV_BG-34-img-2.jpg,/home/drnguyenvinh/notebooks/shrimp_od_yolo_ultralytics_under12M_17models_rtx4090_v3_FIXED_OD_ONLY/kaggle_raw/shrimpdiseaseimagebd/ShrimpDiseaseImageBD An Image Dataset for Computer Vision-Based Detection of Shrimp Diseases in Bangladesh/Root/Annotated Diseased Shrimp Images/Annotated Diseased Shrimp Images/4. WSSV_BG/labels/WSSV_BG-34-img-2.txt,WSSV_BG,WSSV_BG,WSSV_BG-34-img-2,5
test,/home/drnguyenvinh/notebooks/shrimp_od_yolo_ultralytics_under12M_17models_rtx4090_v3_FIXED_OD_ONLY/kaggle_raw/shrimpdiseaseimagebd/ShrimpDiseaseImageBD An Image Dataset for Computer Vision-Based Detection of Shrimp Diseases in Bangladesh/Root/Annotated Diseased Shrimp Images/Annotated Diseased Shrimp Images/2. WSSV/images/WSSV-27-img-2.jpg,/home/drnguyenvinh/notebooks/shrimp_od_yolo_ultralytics_under12M_17models_rtx4090_v3_FIXED_OD_ONLY/kaggle_raw/shrimpdiseaseimagebd/ShrimpDiseaseImageBD An Image Dataset for Computer Vision-Based Detection of Shrimp Diseases in Bangladesh/Root/Annotated Diseased Shrimp Images/Annotated Diseased Shrimp Images/2. WSSV/labels/WSSV-27-img-2.txt,WSSV,WSSV,WSSV-27-img-2,10
test,/home/drnguyenvinh/notebooks/shrimp_od_yolo_ultralytics_under12M_17models_rtx4090_v3_FIXED_OD_ONLY/kaggle_raw/shrimpdiseaseimagebd/ShrimpDiseaseImageBD An Image Dataset for Computer Vision-Based Detection of Shrimp Diseases in Bangladesh/Root/Annotated Diseased Shrimp Images/Annotated Diseased Shrimp Images/2. WSSV/images/WSSV-79-img-3.jpg,/home/drnguyenvinh/notebooks/shrimp_od_yolo_ultralytics_under12M_17models_rtx4090_v3_FIXED_OD_ONLY/kaggle_raw/shrimpdiseaseimagebd/ShrimpDiseaseImageBD An Image Dataset for Computer Vision-Based Detection of Shrimp Diseases in Bangladesh/Root/Annotated Diseased Shrimp Images/Annotated Diseased Shrimp Images/2. WSSV/labels/WSSV-79-img-3.txt,WSSV,WSSV,WSSV-79-img-3,2
test,/home/drnguyenvinh/notebooks/shrimp_od_yolo_ultralytics_under12M_17models_rtx4090_v3_FIXED_OD_ONLY/kaggle_raw/shrimpdiseaseimagebd/ShrimpDiseaseImageBD An Image Dataset for Computer Vision-Based Detection of Shrimp Diseases in Bangladesh/Root/Annotated Diseased Shrimp Images/Annotated Diseased Shrimp Images/2. WSSV/images/WSSV-67-img-1.jpg,/home/drnguyenvinh/notebooks/shrimp_od_yolo_ultralytics_under12M_17models_rtx4090_v3_FIXED_OD_ONLY/kaggle_raw/shrimpdiseaseimagebd/ShrimpDiseaseImageBD An Image Dataset for Computer Vision-Based Detection of Shrimp Diseases in Bangladesh/Root/Annotated Diseased Shrimp Images/Annotated Diseased Shrimp Images/2. WSSV/labels/WSSV-67-img-1.txt,WSSV,WSSV,WSSV-67-img-1,6
test,/home/drnguyenvinh/notebooks/shrimp_od_yolo_ultralytics_under12M_17models_rtx4090_v3_FIXED_OD_ONLY/kaggle_raw/shrimpdiseaseimagebd/ShrimpDiseaseImageBD An Image Dataset for Computer Vision-Based Detection of Shrimp Diseases in Bangladesh/Root/Annotated Diseased Shrimp Images/Annotated Diseased Shrimp Images/2. WSSV/images/WSSV-11-img-3.jpg,/home/drnguyenvinh/notebooks/shrimp_od_yolo_ultralytics_under12M_17models_rtx4090_v3_FIXED_OD_ONLY/kaggle_raw/shrimpdiseaseimagebd/ShrimpDiseaseImageBD An Image Dataset for Computer Vision-Based Detection of Shrimp Diseases in Bangladesh/Root/Annotated Diseased Shrimp Images/Annotated Diseased Shrimp Images/2. WSSV/labels/WSSV-11-img-3.txt,WSSV,WSSV,WSSV-11-img-3,21
test,/home/drnguyenvinh/notebooks/shrimp_od_yolo_ultralytics_under12M_17models_rtx4090_v3_FIXED_OD_ONLY/kaggle_raw/shrimpdiseaseimagebd/ShrimpDiseaseImageBD An Image Dataset for Computer Vision-Based Detection of Shrimp Diseases in Bangladesh/Root/Annotated Diseased Shrimp Images/Annotated Diseased Shrimp Images/2. WSSV/images/WSSV-33-img-2.jpg,/home/drnguyenvinh/notebooks/shrimp_od_yolo_ultralytics_under12M_17models_rtx4090_v3_FIXED_OD_ONLY/kaggle_raw/shrimpdiseaseimagebd/ShrimpDiseaseImageBD An Image Dataset for Computer Vision-Based Detection of Shrimp Diseases in Bangladesh/Root/Annotated Diseased Shrimp Images/Annotated Diseased Shrimp Images/2. WSSV/labels/WSSV-33-img-2.txt,WSSV,WSSV,WSSV-33-img-2,11
test,/home/drnguyenvinh/notebooks/shrimp_od_yolo_ultralytics_under12M_17models_rtx4090_v3_FIXED_OD_ONLY/kaggle_raw/shrimpdiseaseimagebd/ShrimpDiseaseImageBD An Image Dataset for Computer Vision-Based Detection of Shrimp Diseases in Bangladesh/Root/Annotated Diseased Shrimp Images/Annotated Diseased Shrimp Images/2. WSSV/images/WSSV-2-img-1.jpg,/home/drnguyenvinh/notebooks/shrimp_od_yolo_ultralytics_under12M_17models_rtx4090_v3_FIXED_OD_ONLY/kaggle_raw/shrimpdiseaseimagebd/ShrimpDiseaseImageBD An Image Dataset for Computer Vision-Based Detection of Shrimp Diseases in Bangladesh/Root/Annotated Diseased Shrimp Images/Annotated Diseased Shrimp Images/2. WSSV/labels/WSSV-2-img-1.txt,WSSV,WSSV,WSSV-2-img-1,3
test,/home/drnguyenvinh/notebooks/shrimp_od_yolo_ultralytics_under12M_17models_rtx4090_v3_FIXED_OD_ONLY/kaggle_raw/shrimpdiseaseimagebd/ShrimpDiseaseImageBD An Image Dataset for Computer Vision-Based Detection of Shrimp Diseases in Bangladesh/Root/Annotated Diseased Shrimp Images/Annotated Diseased Shrimp Images/2. WSSV/images/WSSV-108-img-3.jpg,/home/drnguyenvinh/notebooks/shrimp_od_yolo_ultralytics_under12M_17models_rtx4090_v3_FIXED_OD_ONLY/kaggle_raw/shrimpdiseaseimagebd/ShrimpDiseaseImageBD An Image Dataset for Computer Vision-Based Detection of Shrimp Diseases in Bangladesh/Root/Annotated Diseased Shrimp Images/Annotated Diseased Shrimp Images/2. WSSV/labels/WSSV-108-img-3.txt,WSSV,WSSV,WSSV-108-img-3,5
test,/home/drnguyenvinh/notebooks/shrimp_od_yolo_ultralytics_under12M_17models_rtx4090_v3_FIXED_OD_ONLY/kaggle_raw/shrimpdiseaseimagebd/ShrimpDiseaseImageBD An Image Dataset for Computer Vision-Based Detection of Shrimp Diseases in Bangladesh/Root/Annotated Diseased Shrimp Images/Annotated Diseased Shrimp Images/4. WSSV_BG/images/WSSV_BG-45-img-1.jpg,/home/drnguyenvinh/notebooks/shrimp_od_yolo_ultralytics_under12M_17models_rtx4090_v3_FIXED_OD_ONLY/kaggle_raw/shrimpdiseaseimagebd/ShrimpDiseaseImageBD An Image Dataset for Computer Vision-Based Detection of Shrimp Diseases in Bangladesh/Root/Annotated Diseased Shrimp Images/Annotated Diseased Shrimp Images/4. WSSV_BG/labels/WSSV_BG-45-img-1.txt,WSSV_BG,WSSV_BG,WSSV_BG-45-img-1,9
test,/home/drnguyenvinh/notebooks/shrimp_od_yolo_ultralytics_under12M_17models_rtx4090_v3_FIXED_OD_ONLY/kaggle_raw/shrimpdiseaseimagebd/ShrimpDiseaseImageBD An Image Dataset for Computer Vision-Based Detection of Shrimp Diseases in Bangladesh/Root/Annotated Diseased Shrimp Images/Annotated Diseased Shrimp Images/2. WSSV/images/WSSV-13-img-3.jpg,/home/drnguyenvinh/notebooks/shrimp_od_yolo_ultralytics_under12M_17models_rtx4090_v3_FIXED_OD_ONLY/kaggle_raw/shrimpdiseaseimagebd/ShrimpDiseaseImageBD An Image Dataset for Computer Vision-Based Detection of Shrimp Diseases in Bangladesh/Root/Annotated Diseased Shrimp Images/Annotated Diseased Shrimp Images/2. WSSV/labels/WSSV-13-img-3.txt,WSSV,WSSV,WSSV-13-img-3,2
test,/home/drnguyenvinh/notebooks/shrimp_od_yolo_ultralytics_under12M_17models_rtx4090_v3_FIXED_OD_ONLY/kaggle_raw/shrimpdiseaseimagebd/ShrimpDiseaseImageBD An Image Dataset for Computer Vision-Based Detection of Shrimp Diseases in Bangladesh/Root/Annotated Diseased Shrimp Images/Annotated Diseased Shrimp Images/4. WSSV_BG/images/WSSV_BG-70-img-3.jpg,/home/drnguyenvinh/notebooks/shrimp_od_yolo_ultralytics_under12M_17models_rtx4090_v3_FIXED_OD_ONLY/kaggle_raw/shrimpdiseaseimagebd/ShrimpDiseaseImageBD An Image Dataset for Computer Vision-Based Detection of Shrimp Diseases in Bangladesh/Root/Annotated Diseased Shrimp Images/Annotated Diseased Shrimp Images/4. WSSV_BG/labels/WSSV_BG-70-img-3.txt,WSSV_BG,WSSV_BG,WSSV_BG-70-img-3,15
test,/home/drnguyenvinh/notebooks/shrimp_od_yolo_ultralytics_under12M_17models_rtx4090_v3_FIXED_OD_ONLY/kaggle_raw/shrimpdiseaseimagebd/ShrimpDiseaseImageBD An Image Dataset for Computer Vision-Based Detection of Shrimp Diseases in Bangladesh/Root/Annotated Diseased Shrimp Images/Annotated Diseased Shrimp Images/4. WSSV_BG/images/WSSV_BG-24-img-1.jpg,/home/drnguyenvinh/notebooks/shrimp_od_yolo_ultralytics_under12M_17models_rtx4090_v3_FIXED_OD_ONLY/kaggle_raw/shrimpdiseaseimagebd/ShrimpDiseaseImageBD An Image Dataset for Computer Vision-Based Detection of Shrimp Diseases in Bangladesh/Root/Annotated Diseased Shrimp Images/Annotated Diseased Shrimp Images/4. WSSV_BG/labels/WSSV_BG-24-img-1.txt,WSSV_BG,WSSV_BG,WSSV_BG-24-img-1,27
test,/home/drnguyenvinh/notebooks/shrimp_od_yolo_ultralytics_under12M_17models_rtx4090_v3_FIXED_OD_ONLY/kaggle_raw/shrimpdiseaseimagebd/ShrimpDiseaseImageBD An Image Dataset for Computer Vision-Based Detection of Shrimp Diseases in Bangladesh/Root/Annotated Diseased Shrimp Images/Annotated Diseased Shrimp Images/1. BG/images/BG-75-img-1.jpg,/home/drnguyenvinh/notebooks/shrimp_od_yolo_ultralytics_under12M_17models_rtx4090_v3_FIXED_OD_ONLY/kaggle_raw/shrimpdiseaseimagebd/ShrimpDiseaseImageBD An Image Dataset for Computer Vision-Based Detection of Shrimp Diseases in Bangladesh/Root/Annotated Diseased Shrimp Images/Annotated Diseased Shrimp Images/1. BG/labels/BG-75-img-1.txt,BG,BG,BG-75-img-1,5
test,/home/drnguyenvinh/notebooks/shrimp_od_yolo_ultralytics_under12M_17models_rtx4090_v3_FIXED_OD_ONLY/kaggle_raw/shrimpdiseaseimagebd/ShrimpDiseaseImageBD An Image Dataset for Computer Vision-Based Detection of Shrimp Diseases in Bangladesh/Root/Annotated Diseased Shrimp Images/Annotated Diseased Shrimp Images/4. WSSV_BG/images/WSSV_BG-41-img-1.jpg,/home/drnguyenvinh/notebooks/shrimp_od_yolo_ultralytics_under12M_17models_rtx4090_v3_FIXED_OD_ONLY/kaggle_raw/shrimpdiseaseimagebd/ShrimpDiseaseImageBD An Image Dataset for Computer Vision-Based Detection of Shrimp Diseases in Bangladesh/Root/Annotated Diseased Shrimp Images/Annotated Diseased Shrimp Images/4. WSSV_BG/labels/WSSV_BG-41-img-1.txt,WSSV_BG,WSSV_BG,WSSV_BG-41-img-1,7
test,/home/drnguyenvinh/notebooks/shrimp_od_yolo_ultralytics_under12M_17models_rtx4090_v3_FIXED_OD_ONLY/kaggle_raw/shrimpdiseaseimagebd/ShrimpDiseaseImageBD An Image Dataset for Computer Vision-Based Detection of Shrimp Diseases in Bangladesh/Root/Annotated Diseased Shrimp Images/Annotated Diseased Shrimp Images/1. BG/images/BG-21-img-1.jpg,/home/drnguyenvinh/notebooks/shrimp_od_yolo_ultralytics_under12M_17models_rtx4090_v3_FIXED_OD_ONLY/kaggle_raw/shrimpdiseaseimagebd/ShrimpDiseaseImageBD An Image Dataset for Computer Vision-Based Detection of Shrimp Diseases in Bangladesh/Root/Annotated Diseased Shrimp Images/Annotated Diseased Shrimp Images/1. BG/labels/BG-21-img-1.txt,BG,BG,BG-21-img-1,1
test,/home/drnguyenvinh/notebooks/shrimp_od_yolo_ultralytics_under12M_17models_rtx4090_v3_FIXED_OD_ONLY/kaggle_raw/shrimpdiseaseimagebd/ShrimpDiseaseImageBD An Image Dataset for Computer Vision-Based Detection of Shrimp Diseases in Bangladesh/Root/Annotated Diseased Shrimp Images/Annotated Diseased Shrimp Images/2. WSSV/images/WSSV-10-img-1.jpg,/home/drnguyenvinh/notebooks/shrimp_od_yolo_ultralytics_under12M_17models_rtx4090_v3_FIXED_OD_ONLY/kaggle_raw/shrimpdiseaseimagebd/ShrimpDiseaseImageBD An Image Dataset for Computer Vision-Based Detection of Shrimp Diseases in Bangladesh/Root/Annotated Diseased Shrimp Images/Annotated Diseased Shrimp Images/2. WSSV/labels/WSSV-10-img-1.txt,WSSV,WSSV,WSSV-10-img-1,7
test,/home/drnguyenvinh/notebooks/shrimp_od_yolo_ultralytics_under12M_17models_rtx4090_v3_FIXED_OD_ONLY/kaggle_raw/shrimpdiseaseimagebd/ShrimpDiseaseImageBD An Image Dataset for Computer Vision-Based Detection of Shrimp Diseases in Bangladesh/Root/Annotated Diseased Shrimp Images/Annotated Diseased Shrimp Images/4. WSSV_BG/images/WSSV_BG-58-img-3.jpg,/home/drnguyenvinh/notebooks/shrimp_od_yolo_ultralytics_under12M_17models_rtx4090_v3_FIXED_OD_ONLY/kaggle_raw/shrimpdiseaseimagebd/ShrimpDiseaseImageBD An Image Dataset for Computer Vision-Based Detection of Shrimp Diseases in Bangladesh/Root/Annotated Diseased Shrimp Images/Annotated Diseased Shrimp Images/4. WSSV_BG/labels/WSSV_BG-58-img-3.txt,WSSV_BG,WSSV_BG,WSSV_BG-58-img-3,14
test,/home/drnguyenvinh/notebooks/shrimp_od_yolo_ultralytics_under12M_17models_rtx4090_v3_FIXED_OD_ONLY/kaggle_raw/shrimpdiseaseimagebd/ShrimpDiseaseImageBD An Image Dataset for Computer Vision-Based Detection of Shrimp Diseases in Bangladesh/Root/Annotated Diseased Shrimp Images/Annotated Diseased Shrimp Images/2. WSSV/images/WSSV-12-img-1.jpg,/home/drnguyenvinh/notebooks/shrimp_od_yolo_ultralytics_under12M_17models_rtx4090_v3_FIXED_OD_ONLY/kaggle_raw/shrimpdiseaseimagebd/ShrimpDiseaseImageBD An Image Dataset for Computer Vision-Based Detection of Shrimp Diseases in Bangladesh/Root/Annotated Diseased Shrimp Images/Annotated Diseased Shrimp Images/2. WSSV/labels/WSSV-12-img-1.txt,WSSV,WSSV,WSSV-12-img-1,6
test,/home/drnguyenvinh/notebooks/shrimp_od_yolo_ultralytics_under12M_17models_rtx4090_v3_FIXED_OD_ONLY/kaggle_raw/shrimpdiseaseimagebd/ShrimpDiseaseImageBD An Image Dataset for Computer Vision-Based Detection of Shrimp Diseases in Bangladesh/Root/Annotated Diseased Shrimp Images/Annotated Diseased Shrimp Images/1. BG/images/BG-11-img-1.jpg,/home/drnguyenvinh/notebooks/shrimp_od_yolo_ultralytics_under12M_17models_rtx4090_v3_FIXED_OD_ONLY/kaggle_raw/shrimpdiseaseimagebd/ShrimpDiseaseImageBD An Image Dataset for Computer Vision-Based Detection of Shrimp Diseases in Bangladesh/Root/Annotated Diseased Shrimp Images/Annotated Diseased Shrimp Images/1. BG/labels/BG-11-img-1.txt,BG,BG,BG-11-img-1,5
test,/home/drnguyenvinh/notebooks/shrimp_od_yolo_ultralytics_under12M_17models_rtx4090_v3_FIXED_OD_ONLY/kaggle_raw/shrimpdiseaseimagebd/ShrimpDiseaseImageBD An Image Dataset for Computer Vision-Based Detection of Shrimp Diseases in Bangladesh/Root/Annotated Diseased Shrimp Images/Annotated Diseased Shrimp Images/4. WSSV_BG/images/WSSV_BG-51-img-3.jpg,/home/drnguyenvinh/notebooks/shrimp_od_yolo_ultralytics_under12M_17models_rtx4090_v3_FIXED_OD_ONLY/kaggle_raw/shrimpdiseaseimagebd/ShrimpDiseaseImageBD An Image Dataset for Computer Vision-Based Detection of Shrimp Diseases in Bangladesh/Root/Annotated Diseased Shrimp Images/Annotated Diseased Shrimp Images/4. WSSV_BG/labels/WSSV_BG-51-img-3.txt,WSSV_BG,WSSV_BG,WSSV_BG-51-img-3,14
test,/home/drnguyenvinh/notebooks/shrimp_od_yolo_ultralytics_under12M_17models_rtx4090_v3_FIXED_OD_ONLY/kaggle_raw/shrimpdiseaseimagebd/ShrimpDiseaseImageBD An Image Dataset for Computer Vision-Based Detection of Shrimp Diseases in Bangladesh/Root/Annotated Diseased Shrimp Images/Annotated Diseased Shrimp Images/2. WSSV/images/WSSV-36-img-3.jpg,/home/drnguyenvinh/notebooks/shrimp_od_yolo_ultralytics_under12M_17models_rtx4090_v3_FIXED_OD_ONLY/kaggle_raw/shrimpdiseaseimagebd/ShrimpDiseaseImageBD An Image Dataset for Computer Vision-Based Detection of Shrimp Diseases in Bangladesh/Root/Annotated Diseased Shrimp Images/Annotated Diseased Shrimp Images/2. WSSV/labels/WSSV-36-img-3.txt,WSSV,WSSV,WSSV-36-img-3,37
test,/home/drnguyenvinh/notebooks/shrimp_od_yolo_ultralytics_under12M_17models_rtx4090_v3_FIXED_OD_ONLY/kaggle_raw/shrimpdiseaseimagebd/ShrimpDiseaseImageBD An Image Dataset for Computer Vision-Based Detection of Shrimp Diseases in Bangladesh/Root/Annotated Diseased Shrimp Images/Annotated Diseased Shrimp Images/1. BG/images/BG-7-img-3.jpg,/home/drnguyenvinh/notebooks/shrimp_od_yolo_ultralytics_under12M_17models_rtx4090_v3_FIXED_OD_ONLY/kaggle_raw/shrimpdiseaseimagebd/ShrimpDiseaseImageBD An Image Dataset for Computer Vision-Based Detection of Shrimp Diseases in Bangladesh/Root/Annotated Diseased Shrimp Images/Annotated Diseased Shrimp Images/1. BG/labels/BG-7-img-3.txt,BG,BG,BG-7-img-3,1
test,/home/drnguyenvinh/notebooks/shrimp_od_yolo_ultralytics_under12M_17models_rtx4090_v3_FIXED_OD_ONLY/kaggle_raw/shrimpdiseaseimagebd/ShrimpDiseaseImageBD An Image Dataset for Computer Vision-Based Detection of Shrimp Diseases in Bangladesh/Root/Annotated Diseased Shrimp Images/Annotated Diseased Shrimp Images/2. WSSV/images/WSSV-64-img-3.jpg,/home/drnguyenvinh/notebooks/shrimp_od_yolo_ultralytics_under12M_17models_rtx4090_v3_FIXED_OD_ONLY/kaggle_raw/shrimpdiseaseimagebd/ShrimpDiseaseImageBD An Image Dataset for Computer Vision-Based Detection of Shrimp Diseases in Bangladesh/Root/Annotated Diseased Shrimp Images/Annotated Diseased Shrimp Images/2. WSSV/labels/WSSV-64-img-3.txt,WSSV,WSSV,WSSV-64-img-3,21
test,/home/drnguyenvinh/notebooks/shrimp_od_yolo_ultralytics_under12M_17models_rtx4090_v3_FIXED_OD_ONLY/kaggle_raw/shrimpdiseaseimagebd/ShrimpDiseaseImageBD An Image Dataset for Computer Vision-Based Detection of Shrimp Diseases in Bangladesh/Root/Annotated Diseased Shrimp Images/Annotated Diseased Shrimp Images/2. WSSV/images/WSSV-11-img-1.jpg,/home/drnguyenvinh/notebooks/shrimp_od_yolo_ultralytics_under12M_17models_rtx4090_v3_FIXED_OD_ONLY/kaggle_raw/shrimpdiseaseimagebd/ShrimpDiseaseImageBD An Image Dataset for Computer Vision-Based Detection of Shrimp Diseases in Bangladesh/Root/Annotated Diseased Shrimp Images/Annotated Diseased Shrimp Images/2. WSSV/labels/WSSV-11-img-1.txt,WSSV,WSSV,WSSV-11-img-1,7
test,/home/drnguyenvinh/notebooks/shrimp_od_yolo_ultralytics_under12M_17models_rtx4090_v3_FIXED_OD_ONLY/kaggle_raw/shrimpdiseaseimagebd/ShrimpDiseaseImageBD An Image Dataset for Computer Vision-Based Detection of Shrimp Diseases in Bangladesh/Root/Annotated Diseased Shrimp Images/Annotated Diseased Shrimp Images/4. WSSV_BG/images/WSSV_BG-2-img-1.jpg,/home/drnguyenvinh/notebooks/shrimp_od_yolo_ultralytics_under12M_17models_rtx4090_v3_FIXED_OD_ONLY/kaggle_raw/shrimpdiseaseimagebd/ShrimpDiseaseImageBD An Image Dataset for Computer Vision-Based Detection of Shrimp Diseases in Bangladesh/Root/Annotated Diseased Shrimp Images/Annotated Diseased Shrimp Images/4. WSSV_BG/labels/WSSV_BG-2-img-1.txt,WSSV_BG,WSSV_BG,WSSV_BG-2-img-1,9
test,/home/drnguyenvinh/notebooks/shrimp_od_yolo_ultralytics_under12M_17models_rtx4090_v3_FIXED_OD_ONLY/kaggle_raw/shrimpdiseaseimagebd/ShrimpDiseaseImageBD An Image Dataset for Computer Vision-Based Detection of Shrimp Diseases in Bangladesh/Root/Annotated Diseased Shrimp Images/Annotated Diseased Shrimp Images/1. BG/images/BG-11-img-3.jpg,/home/drnguyenvinh/notebooks/shrimp_od_yolo_ultralytics_under12M_17models_rtx4090_v3_FIXED_OD_ONLY/kaggle_raw/shrimpdiseaseimagebd/ShrimpDiseaseImageBD An Image Dataset for Computer Vision-Based Detection of Shrimp Diseases in Bangladesh/Root/Annotated Diseased Shrimp Images/Annotated Diseased Shrimp Images/1. BG/labels/BG-11-img-3.txt,BG,BG,BG-11-img-3,5
test,/home/drnguyenvinh/notebooks/shrimp_od_yolo_ultralytics_under12M_17models_rtx4090_v3_FIXED_OD_ONLY/kaggle_raw/shrimpdiseaseimagebd/ShrimpDiseaseImageBD An Image Dataset for Computer Vision-Based Detection of Shrimp Diseases in Bangladesh/Root/Annotated Diseased Shrimp Images/Annotated Diseased Shrimp Images/4. WSSV_BG/images/WSSV_BG-37-img-1.jpg,/home/drnguyenvinh/notebooks/shrimp_od_yolo_ultralytics_under12M_17models_rtx4090_v3_FIXED_OD_ONLY/kaggle_raw/shrimpdiseaseimagebd/ShrimpDiseaseImageBD An Image Dataset for Computer Vision-Based Detection of Shrimp Diseases in Bangladesh/Root/Annotated Diseased Shrimp Images/Annotated Diseased Shrimp Images/4. WSSV_BG/labels/WSSV_BG-37-img-1.txt,WSSV_BG,WSSV_BG,WSSV_BG-37-img-1,5
test,/home/drnguyenvinh/notebooks/shrimp_od_yolo_ultralytics_under12M_17models_rtx4090_v3_FIXED_OD_ONLY/kaggle_raw/shrimpdiseaseimagebd/ShrimpDiseaseImageBD An Image Dataset for Computer Vision-Based Detection of Shrimp Diseases in Bangladesh/Root/Annotated Diseased Shrimp Images/Annotated Diseased Shrimp Images/2. WSSV/images/WSSV-61-img-3.jpg,/home/drnguyenvinh/notebooks/shrimp_od_yolo_ultralytics_under12M_17models_rtx4090_v3_FIXED_OD_ONLY/kaggle_raw/shrimpdiseaseimagebd/ShrimpDiseaseImageBD An Image Dataset for Computer Vision-Based Detection of Shrimp Diseases in Bangladesh/Root/Annotated Diseased Shrimp Images/Annotated Diseased Shrimp Images/2. WSSV/labels/WSSV-61-img-3.txt,WSSV,WSSV,WSSV-61-img-3,13
test,/home/drnguyenvinh/notebooks/shrimp_od_yolo_ultralytics_under12M_17models_rtx4090_v3_FIXED_OD_ONLY/kaggle_raw/shrimpdiseaseimagebd/ShrimpDiseaseImageBD An Image Dataset for Computer Vision-Based Detection of Shrimp Diseases in Bangladesh/Root/Annotated Diseased Shrimp Images/Annotated Diseased Shrimp Images/2. WSSV/images/WSSV-48-img-3.jpg,/home/drnguyenvinh/notebooks/shrimp_od_yolo_ultralytics_under12M_17models_rtx4090_v3_FIXED_OD_ONLY/kaggle_raw/shrimpdiseaseimagebd/ShrimpDiseaseImageBD An Image Dataset for Computer Vision-Based Detection of Shrimp Diseases in Bangladesh/Root/Annotated Diseased Shrimp Images/Annotated Diseased Shrimp Images/2. WSSV/labels/WSSV-48-img-3.txt,WSSV,WSSV,WSSV-48-img-3,25
test,/home/drnguyenvinh/notebooks/shrimp_od_yolo_ultralytics_under12M_17models_rtx4090_v3_FIXED_OD_ONLY/kaggle_raw/shrimpdiseaseimagebd/ShrimpDiseaseImageBD An Image Dataset for Computer Vision-Based Detection of Shrimp Diseases in Bangladesh/Root/Annotated Diseased Shrimp Images/Annotated Diseased Shrimp Images/1. BG/images/BG-62-img-2.jpg,/home/drnguyenvinh/notebooks/shrimp_od_yolo_ultralytics_under12M_17models_rtx4090_v3_FIXED_OD_ONLY/kaggle_raw/shrimpdiseaseimagebd/ShrimpDiseaseImageBD An Image Dataset for Computer Vision-Based Detection of Shrimp Diseases in Bangladesh/Root/Annotated Diseased Shrimp Images/Annotated Diseased Shrimp Images/1. BG/labels/BG-62-img-2.txt,BG,BG,BG-62-img-2,3
test,/home/drnguyenvinh/notebooks/shrimp_od_yolo_ultralytics_under12M_17models_rtx4090_v3_FIXED_OD_ONLY/kaggle_raw/shrimpdiseaseimagebd/ShrimpDiseaseImageBD An Image Dataset for Computer Vision-Based Detection of Shrimp Diseases in Bangladesh/Root/Annotated Diseased Shrimp Images/Annotated Diseased Shrimp Images/2. WSSV/images/WSSV-80-img-3.jpg,/home/drnguyenvinh/notebooks/shrimp_od_yolo_ultralytics_under12M_17models_rtx4090_v3_FIXED_OD_ONLY/kaggle_raw/shrimpdiseaseimagebd/ShrimpDiseaseImageBD An Image Dataset for Computer Vision-Based Detection of Shrimp Diseases in Bangladesh/Root/Annotated Diseased Shrimp Images/Annotated Diseased Shrimp Images/2. WSSV/labels/WSSV-80-img-3.txt,WSSV,WSSV,WSSV-80-img-3,6
test,/home/drnguyenvinh/notebooks/shrimp_od_yolo_ultralytics_under12M_17models_rtx4090_v3_FIXED_OD_ONLY/kaggle_raw/shrimpdiseaseimagebd/ShrimpDiseaseImageBD An Image Dataset for Computer Vision-Based Detection of Shrimp Diseases in Bangladesh/Root/Annotated Diseased Shrimp Images/Annotated Diseased Shrimp Images/2. WSSV/images/WSSV-30-img-2.jpg,/home/drnguyenvinh/notebooks/shrimp_od_yolo_ultralytics_under12M_17models_rtx4090_v3_FIXED_OD_ONLY/kaggle_raw/shrimpdiseaseimagebd/ShrimpDiseaseImageBD An Image Dataset for Computer Vision-Based Detection of Shrimp Diseases in Bangladesh/Root/Annotated Diseased Shrimp Images/Annotated Diseased Shrimp Images/2. WSSV/labels/WSSV-30-img-2.txt,WSSV,WSSV,WSSV-30-img-2,8
test,/home/drnguyenvinh/notebooks/shrimp_od_yolo_ultralytics_under12M_17models_rtx4090_v3_FIXED_OD_ONLY/kaggle_raw/shrimpdiseaseimagebd/ShrimpDiseaseImageBD An Image Dataset for Computer Vision-Based Detection of Shrimp Diseases in Bangladesh/Root/Annotated Diseased Shrimp Images/Annotated Diseased Shrimp Images/2. WSSV/images/WSSV-28-img-3.jpg,/home/drnguyenvinh/notebooks/shrimp_od_yolo_ultralytics_under12M_17models_rtx4090_v3_FIXED_OD_ONLY/kaggle_raw/shrimpdiseaseimagebd/ShrimpDiseaseImageBD An Image Dataset for Computer Vision-Based Detection of Shrimp Diseases in Bangladesh/Root/Annotated Diseased Shrimp Images/Annotated Diseased Shrimp Images/2. WSSV/labels/WSSV-28-img-3.txt,WSSV,WSSV,WSSV-28-img-3,3
test,/home/drnguyenvinh/notebooks/shrimp_od_yolo_ultralytics_under12M_17models_rtx4090_v3_FIXED_OD_ONLY/kaggle_raw/shrimpdiseaseimagebd/ShrimpDiseaseImageBD An Image Dataset for Computer Vision-Based Detection of Shrimp Diseases in Bangladesh/Root/Annotated Diseased Shrimp Images/Annotated Diseased Shrimp Images/2. WSSV/images/WSSV-101-img-2.jpg,/home/drnguyenvinh/notebooks/shrimp_od_yolo_ultralytics_under12M_17models_rtx4090_v3_FIXED_OD_ONLY/kaggle_raw/shrimpdiseaseimagebd/ShrimpDiseaseImageBD An Image Dataset for Computer Vision-Based Detection of Shrimp Diseases in Bangladesh/Root/Annotated Diseased Shrimp Images/Annotated Diseased Shrimp Images/2. WSSV/labels/WSSV-101-img-2.txt,WSSV,WSSV,WSSV-101-img-2,8
test,/home/drnguyenvinh/notebooks/shrimp_od_yolo_ultralytics_under12M_17models_rtx4090_v3_FIXED_OD_ONLY/kaggle_raw/shrimpdiseaseimagebd/ShrimpDiseaseImageBD An Image Dataset for Computer Vision-Based Detection of Shrimp Diseases in Bangladesh/Root/Annotated Diseased Shrimp Images/Annotated Diseased Shrimp Images/1. BG/images/BG-11-img-2.jpg,/home/drnguyenvinh/notebooks/shrimp_od_yolo_ultralytics_under12M_17models_rtx4090_v3_FIXED_OD_ONLY/kaggle_raw/shrimpdiseaseimagebd/ShrimpDiseaseImageBD An Image Dataset for Computer Vision-Based Detection of Shrimp Diseases in Bangladesh/Root/Annotated Diseased Shrimp Images/Annotated Diseased Shrimp Images/1. BG/labels/BG-11-img-2.txt,BG,BG,BG-11-img-2,5
test,/home/drnguyenvinh/notebooks/shrimp_od_yolo_ultralytics_under12M_17models_rtx4090_v3_FIXED_OD_ONLY/kaggle_raw/shrimpdiseaseimagebd/ShrimpDiseaseImageBD An Image Dataset for Computer Vision-Based Detection of Shrimp Diseases in Bangladesh/Root/Annotated Diseased Shrimp Images/Annotated Diseased Shrimp Images/1. BG/images/BG-30-img-1.jpg,/home/drnguyenvinh/notebooks/shrimp_od_yolo_ultralytics_under12M_17models_rtx4090_v3_FIXED_OD_ONLY/kaggle_raw/shrimpdiseaseimagebd/ShrimpDiseaseImageBD An Image Dataset for Computer Vision-Based Detection of Shrimp Diseases in Bangladesh/Root/Annotated Diseased Shrimp Images/Annotated Diseased Shrimp Images/1. BG/labels/BG-30-img-1.txt,BG,BG,BG-30-img-1,3
test,/home/drnguyenvinh/notebooks/shrimp_od_yolo_ultralytics_under12M_17models_rtx4090_v3_FIXED_OD_ONLY/kaggle_raw/shrimpdiseaseimagebd/ShrimpDiseaseImageBD An Image Dataset for Computer Vision-Based Detection of Shrimp Diseases in Bangladesh/Root/Annotated Diseased Shrimp Images/Annotated Diseased Shrimp Images/2. WSSV/images/WSSV-44-img-1.jpg,/home/drnguyenvinh/notebooks/shrimp_od_yolo_ultralytics_under12M_17models_rtx4090_v3_FIXED_OD_ONLY/kaggle_raw/shrimpdiseaseimagebd/ShrimpDiseaseImageBD An Image Dataset for Computer Vision-Based Detection of Shrimp Diseases in Bangladesh/Root/Annotated Diseased Shrimp Images/Annotated Diseased Shrimp Images/2. WSSV/labels/WSSV-44-img-1.txt,WSSV,WSSV,WSSV-44-img-1,6
test,/home/drnguyenvinh/notebooks/shrimp_od_yolo_ultralytics_under12M_17models_rtx4090_v3_FIXED_OD_ONLY/kaggle_raw/shrimpdiseaseimagebd/ShrimpDiseaseImageBD An Image Dataset for Computer Vision-Based Detection of Shrimp Diseases in Bangladesh/Root/Annotated Diseased Shrimp Images/Annotated Diseased Shrimp Images/2. WSSV/images/WSSV-91-img-1.jpg,/home/drnguyenvinh/notebooks/shrimp_od_yolo_ultralytics_under12M_17models_rtx4090_v3_FIXED_OD_ONLY/kaggle_raw/shrimpdiseaseimagebd/ShrimpDiseaseImageBD An Image Dataset for Computer Vision-Based Detection of Shrimp Diseases in Bangladesh/Root/Annotated Diseased Shrimp Images/Annotated Diseased Shrimp Images/2. WSSV/labels/WSSV-91-img-1.txt,WSSV,WSSV,WSSV-91-img-1,2
test,/home/drnguyenvinh/notebooks/shrimp_od_yolo_ultralytics_under12M_17models_rtx4090_v3_FIXED_OD_ONLY/kaggle_raw/shrimpdiseaseimagebd/ShrimpDiseaseImageBD An Image Dataset for Computer Vision-Based Detection of Shrimp Diseases in Bangladesh/Root/Annotated Diseased Shrimp Images/Annotated Diseased Shrimp Images/1. BG/images/BG-67-img-2.jpg,/home/drnguyenvinh/notebooks/shrimp_od_yolo_ultralytics_under12M_17models_rtx4090_v3_FIXED_OD_ONLY/kaggle_raw/shrimpdiseaseimagebd/ShrimpDiseaseImageBD An Image Dataset for Computer Vision-Based Detection of Shrimp Diseases in Bangladesh/Root/Annotated Diseased Shrimp Images/Annotated Diseased Shrimp Images/1. BG/labels/BG-67-img-2.txt,BG,BG,BG-67-img-2,2
test,/home/drnguyenvinh/notebooks/shrimp_od_yolo_ultralytics_under12M_17models_rtx4090_v3_FIXED_OD_ONLY/kaggle_raw/shrimpdiseaseimagebd/ShrimpDiseaseImageBD An Image Dataset for Computer Vision-Based Detection of Shrimp Diseases in Bangladesh/Root/Annotated Diseased Shrimp Images/Annotated Diseased Shrimp Images/2. WSSV/images/WSSV-3-img-1.jpg,/home/drnguyenvinh/notebooks/shrimp_od_yolo_ultralytics_under12M_17models_rtx4090_v3_FIXED_OD_ONLY/kaggle_raw/shrimpdiseaseimagebd/ShrimpDiseaseImageBD An Image Dataset for Computer Vision-Based Detection of Shrimp Diseases in Bangladesh/Root/Annotated Diseased Shrimp Images/Annotated Diseased Shrimp Images/2. WSSV/labels/WSSV-3-img-1.txt,WSSV,WSSV,WSSV-3-img-1,18
test,/home/drnguyenvinh/notebooks/shrimp_od_yolo_ultralytics_under12M_17models_rtx4090_v3_FIXED_OD_ONLY/kaggle_raw/shrimpdiseaseimagebd/ShrimpDiseaseImageBD An Image Dataset for Computer Vision-Based Detection of Shrimp Diseases in Bangladesh/Root/Annotated Diseased Shrimp Images/Annotated Diseased Shrimp Images/2. WSSV/images/WSSV-25-img-2.jpg,/home/drnguyenvinh/notebooks/shrimp_od_yolo_ultralytics_under12M_17models_rtx4090_v3_FIXED_OD_ONLY/kaggle_raw/shrimpdiseaseimagebd/ShrimpDiseaseImageBD An Image Dataset for Computer Vision-Based Detection of Shrimp Diseases in Bangladesh/Root/Annotated Diseased Shrimp Images/Annotated Diseased Shrimp Images/2. WSSV/labels/WSSV-25-img-2.txt,WSSV,WSSV,WSSV-25-img-2,5
test,/home/drnguyenvinh/notebooks/shrimp_od_yolo_ultralytics_under12M_17models_rtx4090_v3_FIXED_OD_ONLY/kaggle_raw/shrimpdiseaseimagebd/ShrimpDiseaseImageBD An Image Dataset for Computer Vision-Based Detection of Shrimp Diseases in Bangladesh/Root/Annotated Diseased Shrimp Images/Annotated Diseased Shrimp Images/4. WSSV_BG/images/WSSV_BG-62-img-3.jpg,/home/drnguyenvinh/notebooks/shrimp_od_yolo_ultralytics_under12M_17models_rtx4090_v3_FIXED_OD_ONLY/kaggle_raw/shrimpdiseaseimagebd/ShrimpDiseaseImageBD An Image Dataset for Computer Vision-Based Detection of Shrimp Diseases in Bangladesh/Root/Annotated Diseased Shrimp Images/Annotated Diseased Shrimp Images/4. WSSV_BG/labels/WSSV_BG-62-img-3.txt,WSSV_BG,WSSV_BG,WSSV_BG-62-img-3,9
test,/home/drnguyenvinh/notebooks/shrimp_od_yolo_ultralytics_under12M_17models_rtx4090_v3_FIXED_OD_ONLY/kaggle_raw/shrimpdiseaseimagebd/ShrimpDiseaseImageBD An Image Dataset for Computer Vision-Based Detection of Shrimp Diseases in Bangladesh/Root/Annotated Diseased Shrimp Images/Annotated Diseased Shrimp Images/4. WSSV_BG/images/WSSV_BG-68-img-1.jpg,/home/drnguyenvinh/notebooks/shrimp_od_yolo_ultralytics_under12M_17models_rtx4090_v3_FIXED_OD_ONLY/kaggle_raw/shrimpdiseaseimagebd/ShrimpDiseaseImageBD An Image Dataset for Computer Vision-Based Detection of Shrimp Diseases in Bangladesh/Root/Annotated Diseased Shrimp Images/Annotated Diseased Shrimp Images/4. WSSV_BG/labels/WSSV_BG-68-img-1.txt,WSSV_BG,WSSV_BG,WSSV_BG-68-img-1,14
test,/home/drnguyenvinh/notebooks/shrimp_od_yolo_ultralytics_under12M_17models_rtx4090_v3_FIXED_OD_ONLY/kaggle_raw/shrimpdiseaseimagebd/ShrimpDiseaseImageBD An Image Dataset for Computer Vision-Based Detection of Shrimp Diseases in Bangladesh/Root/Annotated Diseased Shrimp Images/Annotated Diseased Shrimp Images/2. WSSV/images/WSSV-83-img-1.jpg,/home/drnguyenvinh/notebooks/shrimp_od_yolo_ultralytics_under12M_17models_rtx4090_v3_FIXED_OD_ONLY/kaggle_raw/shrimpdiseaseimagebd/ShrimpDiseaseImageBD An Image Dataset for Computer Vision-Based Detection of Shrimp Diseases in Bangladesh/Root/Annotated Diseased Shrimp Images/Annotated Diseased Shrimp Images/2. WSSV/labels/WSSV-83-img-1.txt,WSSV,WSSV,WSSV-83-img-1,4
test,/home/drnguyenvinh/notebooks/shrimp_od_yolo_ultralytics_under12M_17models_rtx4090_v3_FIXED_OD_ONLY/kaggle_raw/shrimpdiseaseimagebd/ShrimpDiseaseImageBD An Image Dataset for Computer Vision-Based Detection of Shrimp Diseases in Bangladesh/Root/Annotated Diseased Shrimp Images/Annotated Diseased Shrimp Images/4. WSSV_BG/images/WSSV_BG-43-img-2.jpg,/home/drnguyenvinh/notebooks/shrimp_od_yolo_ultralytics_under12M_17models_rtx4090_v3_FIXED_OD_ONLY/kaggle_raw/shrimpdiseaseimagebd/ShrimpDiseaseImageBD An Image Dataset for Computer Vision-Based Detection of Shrimp Diseases in Bangladesh/Root/Annotated Diseased Shrimp Images/Annotated Diseased Shrimp Images/4. WSSV_BG/labels/WSSV_BG-43-img-2.txt,WSSV_BG,WSSV_BG,WSSV_BG-43-img-2,7
test,/home/drnguyenvinh/notebooks/shrimp_od_yolo_ultralytics_under12M_17models_rtx4090_v3_FIXED_OD_ONLY/kaggle_raw/shrimpdiseaseimagebd/ShrimpDiseaseImageBD An Image Dataset for Computer Vision-Based Detection of Shrimp Diseases in Bangladesh/Root/Annotated Diseased Shrimp Images/Annotated Diseased Shrimp Images/1. BG/images/BG-48-img-1.jpg,/home/drnguyenvinh/notebooks/shrimp_od_yolo_ultralytics_under12M_17models_rtx4090_v3_FIXED_OD_ONLY/kaggle_raw/shrimpdiseaseimagebd/ShrimpDiseaseImageBD An Image Dataset for Computer Vision-Based Detection of Shrimp Diseases in Bangladesh/Root/Annotated Diseased Shrimp Images/Annotated Diseased Shrimp Images/1. BG/labels/BG-48-img-1.txt,BG,BG,BG-48-img-1,1
test,/home/drnguyenvinh/notebooks/shrimp_od_yolo_ultralytics_under12M_17models_rtx4090_v3_FIXED_OD_ONLY/kaggle_raw/shrimpdiseaseimagebd/ShrimpDiseaseImageBD An Image Dataset for Computer Vision-Based Detection of Shrimp Diseases in Bangladesh/Root/Annotated Diseased Shrimp Images/Annotated Diseased Shrimp Images/2. WSSV/images/WSSV-84-img-2.jpg,/home/drnguyenvinh/notebooks/shrimp_od_yolo_ultralytics_under12M_17models_rtx4090_v3_FIXED_OD_ONLY/kaggle_raw/shrimpdiseaseimagebd/ShrimpDiseaseImageBD An Image Dataset for Computer Vision-Based Detection of Shrimp Diseases in Bangladesh/Root/Annotated Diseased Shrimp Images/Annotated Diseased Shrimp Images/2. WSSV/labels/WSSV-84-img-2.txt,WSSV,WSSV,WSSV-84-img-2,8
test,/home/drnguyenvinh/notebooks/shrimp_od_yolo_ultralytics_under12M_17models_rtx4090_v3_FIXED_OD_ONLY/kaggle_raw/shrimpdiseaseimagebd/ShrimpDiseaseImageBD An Image Dataset for Computer Vision-Based Detection of Shrimp Diseases in Bangladesh/Root/Annotated Diseased Shrimp Images/Annotated Diseased Shrimp Images/4. WSSV_BG/images/WSSV_BG-57-img-2.jpg,/home/drnguyenvinh/notebooks/shrimp_od_yolo_ultralytics_under12M_17models_rtx4090_v3_FIXED_OD_ONLY/kaggle_raw/shrimpdiseaseimagebd/ShrimpDiseaseImageBD An Image Dataset for Computer Vision-Based Detection of Shrimp Diseases in Bangladesh/Root/Annotated Diseased Shrimp Images/Annotated Diseased Shrimp Images/4. WSSV_BG/labels/WSSV_BG-57-img-2.txt,WSSV_BG,WSSV_BG,WSSV_BG-57-img-2,11
test,/home/drnguyenvinh/notebooks/shrimp_od_yolo_ultralytics_under12M_17models_rtx4090_v3_FIXED_OD_ONLY/kaggle_raw/shrimpdiseaseimagebd/ShrimpDiseaseImageBD An Image Dataset for Computer Vision-Based Detection of Shrimp Diseases in Bangladesh/Root/Annotated Diseased Shrimp Images/Annotated Diseased Shrimp Images/4. WSSV_BG/images/WSSV_BG-67-img-1.jpg,/home/drnguyenvinh/notebooks/shrimp_od_yolo_ultralytics_under12M_17models_rtx4090_v3_FIXED_OD_ONLY/kaggle_raw/shrimpdiseaseimagebd/ShrimpDiseaseImageBD An Image Dataset for Computer Vision-Based Detection of Shrimp Diseases in Bangladesh/Root/Annotated Diseased Shrimp Images/Annotated Diseased Shrimp Images/4. WSSV_BG/labels/WSSV_BG-67-img-1.txt,WSSV_BG,WSSV_BG,WSSV_BG-67-img-1,10
test,/home/drnguyenvinh/notebooks/shrimp_od_yolo_ultralytics_under12M_17models_rtx4090_v3_FIXED_OD_ONLY/kaggle_raw/shrimpdiseaseimagebd/ShrimpDiseaseImageBD An Image Dataset for Computer Vision-Based Detection of Shrimp Diseases in Bangladesh/Root/Annotated Diseased Shrimp Images/Annotated Diseased Shrimp Images/1. BG/images/BG-30-img-3.jpg,/home/drnguyenvinh/notebooks/shrimp_od_yolo_ultralytics_under12M_17models_rtx4090_v3_FIXED_OD_ONLY/kaggle_raw/shrimpdiseaseimagebd/ShrimpDiseaseImageBD An Image Dataset for Computer Vision-Based Detection of Shrimp Diseases in Bangladesh/Root/Annotated Diseased Shrimp Images/Annotated Diseased Shrimp Images/1. BG/labels/BG-30-img-3.txt,BG,BG,BG-30-img-3,4
test,/home/drnguyenvinh/notebooks/shrimp_od_yolo_ultralytics_under12M_17models_rtx4090_v3_FIXED_OD_ONLY/kaggle_raw/shrimpdiseaseimagebd/ShrimpDiseaseImageBD An Image Dataset for Computer Vision-Based Detection of Shrimp Diseases in Bangladesh/Root/Annotated Diseased Shrimp Images/Annotated Diseased Shrimp Images/4. WSSV_BG/images/WSSV_BG-34-img-1.jpg,/home/drnguyenvinh/notebooks/shrimp_od_yolo_ultralytics_under12M_17models_rtx4090_v3_FIXED_OD_ONLY/kaggle_raw/shrimpdiseaseimagebd/ShrimpDiseaseImageBD An Image Dataset for Computer Vision-Based Detection of Shrimp Diseases in Bangladesh/Root/Annotated Diseased Shrimp Images/Annotated Diseased Shrimp Images/4. WSSV_BG/labels/WSSV_BG-34-img-1.txt,WSSV_BG,WSSV_BG,WSSV_BG-34-img-1,7
test,/home/drnguyenvinh/notebooks/shrimp_od_yolo_ultralytics_under12M_17models_rtx4090_v3_FIXED_OD_ONLY/kaggle_raw/shrimpdiseaseimagebd/ShrimpDiseaseImageBD An Image Dataset for Computer Vision-Based Detection of Shrimp Diseases in Bangladesh/Root/Annotated Diseased Shrimp Images/Annotated Diseased Shrimp Images/2. WSSV/images/WSSV-94-img-1.jpg,/home/drnguyenvinh/notebooks/shrimp_od_yolo_ultralytics_under12M_17models_rtx4090_v3_FIXED_OD_ONLY/kaggle_raw/shrimpdiseaseimagebd/ShrimpDiseaseImageBD An Image Dataset for Computer Vision-Based Detection of Shrimp Diseases in Bangladesh/Root/Annotated Diseased Shrimp Images/Annotated Diseased Shrimp Images/2. WSSV/labels/WSSV-94-img-1.txt,WSSV,WSSV,WSSV-94-img-1,5
test,/home/drnguyenvinh/notebooks/shrimp_od_yolo_ultralytics_under12M_17models_rtx4090_v3_FIXED_OD_ONLY/kaggle_raw/shrimpdiseaseimagebd/ShrimpDiseaseImageBD An Image Dataset for Computer Vision-Based Detection of Shrimp Diseases in Bangladesh/Root/Annotated Diseased Shrimp Images/Annotated Diseased Shrimp Images/4. WSSV_BG/images/WSSV_BG-73-img-1.jpg,/home/drnguyenvinh/notebooks/shrimp_od_yolo_ultralytics_under12M_17models_rtx4090_v3_FIXED_OD_ONLY/kaggle_raw/shrimpdiseaseimagebd/ShrimpDiseaseImageBD An Image Dataset for Computer Vision-Based Detection of Shrimp Diseases in Bangladesh/Root/Annotated Diseased Shrimp Images/Annotated Diseased Shrimp Images/4. WSSV_BG/labels/WSSV_BG-73-img-1.txt,WSSV_BG,WSSV_BG,WSSV_BG-73-img-1,12
test,/home/drnguyenvinh/notebooks/shrimp_od_yolo_ultralytics_under12M_17models_rtx4090_v3_FIXED_OD_ONLY/kaggle_raw/shrimpdiseaseimagebd/ShrimpDiseaseImageBD An Image Dataset for Computer Vision-Based Detection of Shrimp Diseases in Bangladesh/Root/Annotated Diseased Shrimp Images/Annotated Diseased Shrimp Images/4. WSSV_BG/images/WSSV_BG-81-img-1.jpg,/home/drnguyenvinh/notebooks/shrimp_od_yolo_ultralytics_under12M_17models_rtx4090_v3_FIXED_OD_ONLY/kaggle_raw/shrimpdiseaseimagebd/ShrimpDiseaseImageBD An Image Dataset for Computer Vision-Based Detection of Shrimp Diseases in Bangladesh/Root/Annotated Diseased Shrimp Images/Annotated Diseased Shrimp Images/4. WSSV_BG/labels/WSSV_BG-81-img-1.txt,WSSV_BG,WSSV_BG,WSSV_BG-81-img-1,9
test,/home/drnguyenvinh/notebooks/shrimp_od_yolo_ultralytics_under12M_17models_rtx4090_v3_FIXED_OD_ONLY/kaggle_raw/shrimpdiseaseimagebd/ShrimpDiseaseImageBD An Image Dataset for Computer Vision-Based Detection of Shrimp Diseases in Bangladesh/Root/Annotated Diseased Shrimp Images/Annotated Diseased Shrimp Images/1. BG/images/BG-59-img-1.jpg,/home/drnguyenvinh/notebooks/shrimp_od_yolo_ultralytics_under12M_17models_rtx4090_v3_FIXED_OD_ONLY/kaggle_raw/shrimpdiseaseimagebd/ShrimpDiseaseImageBD An Image Dataset for Computer Vision-Based Detection of Shrimp Diseases in Bangladesh/Root/Annotated Diseased Shrimp Images/Annotated Diseased Shrimp Images/1. BG/labels/BG-59-img-1.txt,BG,BG,BG-59-img-1,2
test,/home/drnguyenvinh/notebooks/shrimp_od_yolo_ultralytics_under12M_17models_rtx4090_v3_FIXED_OD_ONLY/kaggle_raw/shrimpdiseaseimagebd/ShrimpDiseaseImageBD An Image Dataset for Computer Vision-Based Detection of Shrimp Diseases in Bangladesh/Root/Annotated Diseased Shrimp Images/Annotated Diseased Shrimp Images/1. BG/images/BG-32-img-2.jpg,/home/drnguyenvinh/notebooks/shrimp_od_yolo_ultralytics_under12M_17models_rtx4090_v3_FIXED_OD_ONLY/kaggle_raw/shrimpdiseaseimagebd/ShrimpDiseaseImageBD An Image Dataset for Computer Vision-Based Detection of Shrimp Diseases in Bangladesh/Root/Annotated Diseased Shrimp Images/Annotated Diseased Shrimp Images/1. BG/labels/BG-32-img-2.txt,BG,BG,BG-32-img-2,3
test,/home/drnguyenvinh/notebooks/shrimp_od_yolo_ultralytics_under12M_17models_rtx4090_v3_FIXED_OD_ONLY/kaggle_raw/shrimpdiseaseimagebd/ShrimpDiseaseImageBD An Image Dataset for Computer Vision-Based Detection of Shrimp Diseases in Bangladesh/Root/Annotated Diseased Shrimp Images/Annotated Diseased Shrimp Images/4. WSSV_BG/images/WSSV_BG-43-img-1.jpg,/home/drnguyenvinh/notebooks/shrimp_od_yolo_ultralytics_under12M_17models_rtx4090_v3_FIXED_OD_ONLY/kaggle_raw/shrimpdiseaseimagebd/ShrimpDiseaseImageBD An Image Dataset for Computer Vision-Based Detection of Shrimp Diseases in Bangladesh/Root/Annotated Diseased Shrimp Images/Annotated Diseased Shrimp Images/4. WSSV_BG/labels/WSSV_BG-43-img-1.txt,WSSV_BG,WSSV_BG,WSSV_BG-43-img-1,8
