Ultralytics 8.4.75 🚀 Python-3.12.13 torch-2.10.0+cu128 CUDA:0 (Tesla T4, 14912MiB)
                                                       CUDA:1 (Tesla T4, 14912MiB)
[34m[1mtrain:[0m /kaggle/working/cvio_shrimp_academic_study_seed42/experiments/combined4/prepared/train... found 1025 images in 4 classes ✅ 
[34m[1mval:[0m /kaggle/working/cvio_shrimp_academic_study_seed42/experiments/combined4/prepared/val... found 219 images in 4 classes ✅ 
[34m[1mtest:[0m /kaggle/working/cvio_shrimp_academic_study_seed42/experiments/combined4/prepared/test... found 220 images in 4 classes ✅ 
Overriding model.yaml nc=1000 with nc=4

                   from  n    params  module                                       arguments                     
  0                  -1  1      1856  ultralytics.nn.modules.conv.Conv             [3, 64, 3, 2]                 
  1                  -1  1     73984  ultralytics.nn.modules.conv.Conv             [64, 128, 3, 2]               
  2                  -1  1    111872  ultralytics.nn.modules.block.C3k2            [128, 256, 1, True, 0.25]     
  3                  -1  1    590336  ultralytics.nn.modules.conv.Conv             [256, 256, 3, 2]              
  4                  -1  1    444928  ultralytics.nn.modules.block.C3k2            [256, 512, 1, True, 0.25]     
  5                  -1  1   2360320  ultralytics.nn.modules.conv.Conv             [512, 512, 3, 2]              
  6                  -1  1   1380352  ultralytics.nn.modules.block.C3k2            [512, 512, 1, True]           
  7                  -1  1   2360320  ultralytics.nn.modules.conv.Conv             [512, 512, 3, 2]              
  8                  -1  1   1380352  ultralytics.nn.modules.block.C3k2            [512, 512, 1, True]           
  9                  -1  1    990976  ultralytics.nn.modules.block.C2PSA           [512, 512, 1]                 
 10                  -1  1    663044  ultralytics.nn.modules.head.Classify         [512, 4]                      
YOLO26m-cls summary: 106 layers, 10,358,340 parameters, 10,358,340 gradients, 39.6 GFLOPs
Transferred 294/296 items from pretrained weights
[34m[1mAMP: [0mrunning Automatic Mixed Precision (AMP) checks...
[34m[1mAMP: [0mchecks passed ✅
[34m[1mtrain: [0mFast image access ✅ (ping: 0.0±0.0 ms, read: 2915.7±2068.8 MB/s, size: 1106.0 KB)

[K[34m[1mtrain: [0mScanning /kaggle/working/cvio_shrimp_academic_study_seed42/experiments/combined4/prepared/train... 98 images, 0 corrupt: 9% ━─────────── 98/1025 293.8it/s 0.1s<3.2s
[K[34m[1mtrain: [0mScanning /kaggle/working/cvio_shrimp_academic_study_seed42/experiments/combined4/prepared/train... 209 images, 0 corrupt: 20% ━━────────── 209/1025 533.1it/s 0.2s<1.5s
[K[34m[1mtrain: [0mScanning /kaggle/working/cvio_shrimp_academic_study_seed42/experiments/combined4/prepared/train... 321 images, 0 corrupt: 31% ━━━╸──────── 321/1025 704.4it/s 0.3s<1.0s
[K[34m[1mtrain: [0mScanning /kaggle/working/cvio_shrimp_academic_study_seed42/experiments/combined4/prepared/train... 444 images, 0 corrupt: 43% ━━━━━─────── 444/1025 857.6it/s 0.4s<0.7s
[K[34m[1mtrain: [0mScanning /kaggle/working/cvio_shrimp_academic_study_seed42/experiments/combined4/prepared/train... 581 images, 0 corrupt: 56% ━━━━━━╸───── 581/1025 1.0Kit/s 0.5s<0.4s
[K[34m[1mtrain: [0mScanning /kaggle/working/cvio_shrimp_academic_study_seed42/experiments/combined4/prepared/train... 707 images, 0 corrupt: 68% ━━━━━━━━──── 707/1025 1.1Kit/s 0.6s<0.3s
[K[34m[1mtrain: [0mScanning /kaggle/working/cvio_shrimp_academic_study_seed42/experiments/combined4/prepared/train... 840 images, 0 corrupt: 81% ━━━━━━━━━╸── 840/1025 1.2Kit/s 0.7s<0.2s
[K[34m[1mtrain: [0mScanning /kaggle/working/cvio_shrimp_academic_study_seed42/experiments/combined4/prepared/train... 949 images, 0 corrupt: 92% ━━━━━━━━━━━─ 949/1025 1.1Kit/s 0.8s<0.1s
[K[34m[1mtrain: [0mScanning /kaggle/working/cvio_shrimp_academic_study_seed42/experiments/combined4/prepared/train... 1025 images, 0 corrupt: 100% ━━━━━━━━━━━━ 1025/1025 1.2Kit/s 0.9s
[34m[1mtrain: [0mNew cache created: /kaggle/working/cvio_shrimp_academic_study_seed42/experiments/combined4/prepared/train.cache
[34m[1mval: [0mFast image access ✅ (ping: 0.0±0.0 ms, read: 2686.4±1862.6 MB/s, size: 1006.1 KB)

[K[34m[1mval: [0mScanning /kaggle/working/cvio_shrimp_academic_study_seed42/experiments/combined4/prepared/val... 47 images, 0 corrupt: 21% ━━╸───────── 47/219 133.4it/s 0.1s<1.3s
[K[34m[1mval: [0mScanning /kaggle/working/cvio_shrimp_academic_study_seed42/experiments/combined4/prepared/val... 124 images, 0 corrupt: 56% ━━━━━━╸───── 124/219 307.2it/s 0.2s<0.3s
[K[34m[1mval: [0mScanning /kaggle/working/cvio_shrimp_academic_study_seed42/experiments/combined4/prepared/val... 200 images, 0 corrupt: 91% ━━━━━━━━━━╸─ 200/219 443.0it/s 0.3s<0.0s
[K[34m[1mval: [0mScanning /kaggle/working/cvio_shrimp_academic_study_seed42/experiments/combined4/prepared/val... 219 images, 0 corrupt: 100% ━━━━━━━━━━━━ 219/219 644.6it/s 0.3s
[34m[1mval: [0mNew cache created: /kaggle/working/cvio_shrimp_academic_study_seed42/experiments/combined4/prepared/val.cache
[34m[1moptimizer:[0m AdamW(lr=0.00125, momentum=0.937) with parameter groups 49 weight(decay=0.0), 53 weight(decay=0.0005), 51 bias(decay=0.0)
Image sizes 224 train, 224 val
Using 4 dataloader workers
Logging results to [1m/kaggle/working/cvio_shrimp_academic_study_seed42/runs/yolo26m_cls__asl_ldam_simam_dcfr__combined4__seed42[0m
Starting training for 30 epochs...

      Epoch    GPU_mem       loss  Instances       Size

[K       1/30     0.904G      19.24         16        224: 0% ──────────── 0/33  17.7s
[K       1/30     0.906G      20.06         16        224: 3% ──────────── 1/33 1.2it/s 17.9s<27.7s
[K       1/30     0.906G      19.93         16        224: 6% ╸─────────── 2/33 1.9it/s 18.2s<15.9s
[K       1/30     0.906G      19.65         16        224: 9% ━─────────── 3/33 2.3it/s 18.5s<13.3s
[K       1/30     0.906G      19.31         16        224: 12% ━─────────── 4/33 2.8it/s 18.8s<10.4s
[K       1/30     0.906G      19.63         16        224: 15% ━╸────────── 5/33 3.1it/s 19.0s<8.9s
[K       1/30     0.914G      19.84         16        224: 18% ━━────────── 6/33 2.3it/s 23.9s<12.0s
[K       1/30     0.936G      20.04         16        224: 21% ━━╸───────── 7/33 2.7it/s 24.2s<9.8s
[K       1/30     0.936G      19.76         16        224: 24% ━━╸───────── 8/33 1.9it/s 29.0s<13.0s
[K       1/30     0.936G      19.85         16        224: 27% ━━━───────── 9/33 2.1it/s 29.4s<11.3s
[K       1/30     0.936G      19.45         16        224: 30% ━━━╸──────── 10/33 1.5it/s 34.0s<14.9s
[K       1/30     0.936G       18.6         16        224: 33% ━━━━──────── 11/33 2.4it/s 34.2s<9.2s
[K       1/30     0.936G      18.73         16        224: 36% ━━━━──────── 12/33 1.7it/s 37.9s<12.0s
[K       1/30     0.936G      18.68         16        224: 39% ━━━━╸─────── 13/33 2.5it/s 38.1s<7.9s
[K       1/30     0.936G      18.56         16        224: 42% ━━━━━─────── 14/33 1.9it/s 40.4s<10.0s
[K       1/30     0.936G      18.02         16        224: 45% ━━━━━─────── 15/33 2.9it/s 40.6s<6.3s
[K       1/30     0.936G      17.94         16        224: 48% ━━━━━╸────── 16/33 2.1it/s 43.6s<8.1s
[K       1/30     0.936G      17.58         16        224: 51% ━━━━━━────── 17/33 3.0it/s 43.8s<5.3s
[K       1/30     0.936G      17.32         16        224: 54% ━━━━━━╸───── 18/33 2.2it/s 46.1s<6.7s
[K       1/30     0.936G      17.17         16        224: 57% ━━━━━━╸───── 19/33 3.2it/s 46.3s<4.3s
[K       1/30     0.936G      17.01         16        224: 60% ━━━━━━━───── 20/33 2.4it/s 48.1s<5.4s
[K       1/30     0.936G       16.8         16        224: 63% ━━━━━━━╸──── 21/33 3.1it/s 48.4s<3.9s
[K       1/30     0.936G      16.79         16        224: 66% ━━━━━━━━──── 22/33 2.3it/s 50.5s<4.8s
[K       1/30     0.936G      16.84         16        224: 69% ━━━━━━━━──── 23/33 2.4it/s 50.9s<4.1s
[K       1/30     0.936G      16.81         16        224: 72% ━━━━━━━━╸─── 24/33 1.8it/s 53.6s<5.0s
[K       1/30     0.936G      16.68         16        224: 75% ━━━━━━━━━─── 25/33 2.8it/s 53.8s<2.8s
[K       1/30     0.936G      16.73         16        224: 78% ━━━━━━━━━─── 26/33 2.1it/s 56.3s<3.3s
[K       1/30     0.936G      16.48         16        224: 81% ━━━━━━━━━╸── 27/33 3.0it/s 56.5s<2.0s
[K       1/30     0.936G      16.36         16        224: 84% ━━━━━━━━━━── 28/33 2.2it/s 59.2s<2.3s
[K       1/30     0.936G      16.46         16        224: 87% ━━━━━━━━━━╸─ 29/33 3.2it/s 59.4s<1.2s
[K       1/30     0.936G      16.25         16        224: 90% ━━━━━━━━━━╸─ 30/33 2.4it/s 1:02<1.3s
[K       1/30     0.936G      16.28         16        224: 93% ━━━━━━━━━━━─ 31/33 3.1it/s 1:02<0.6s
[K       1/30     0.936G      16.38          1        224: 96% ━━━━━━━━━━━╸ 32/33 2.2it/s 1:06<0.4s
[K       1/30     0.936G      16.38          1        224: 100% ━━━━━━━━━━━━ 33/33 2.0s/it 1:06

[K               classes   top1_acc   top5_acc: 25% ━━━───────── 1/4 9.4s/it 2.8s<28.2s
[K               classes   top1_acc   top5_acc: 75% ━━━━━━━━━─── 3/4 5.0it/s 2.9s<0.2s
[K               classes   top1_acc   top5_acc: 100% ━━━━━━━━━━━━ 4/4 1.6s/it 6.3s
                   all      0.582          1

      Epoch    GPU_mem       loss  Instances       Size

[K       2/30      1.11G      18.22         16        224: 0% ──────────── 0/33  0.3s
[K       2/30      1.11G      14.12         16        224: 3% ──────────── 1/33 1.1it/s 0.5s<29.3s
[K       2/30      1.11G      13.56         16        224: 6% ╸─────────── 2/33 1.8it/s 0.8s<16.8s
[K       2/30      1.11G      13.12         16        224: 9% ━─────────── 3/33 2.4it/s 1.1s<12.5s
[K       2/30      1.11G      13.27         16        224: 12% ━─────────── 4/33 1.9it/s 2.4s<15.2s
[K       2/30      1.11G       13.5         16        224: 15% ━╸────────── 5/33 1.6it/s 3.6s<17.7s
[K       2/30      1.11G      13.03         16        224: 18% ━━────────── 6/33 1.2it/s 7.3s<22.7s
[K       2/30      1.11G      13.14         16        224: 21% ━━╸───────── 7/33 1.0it/s 9.0s<25.9s
[K       2/30      1.11G      12.97         16        224: 24% ━━╸───────── 8/33 1.2s/it 11.6s<30.5s
[K       2/30      1.11G      12.93         16        224: 27% ━━━───────── 9/33 1.3s/it 13.1s<31.2s
[K       2/30      1.11G      12.66         16        224: 30% ━━━╸──────── 10/33 1.2s/it 14.1s<27.5s
[K       2/30      1.11G      12.66         16        224: 33% ━━━━──────── 11/33 1.2s/it 15.5s<27.5s
[K       2/30      1.11G      13.73         16        224: 36% ━━━━──────── 12/33 1.3s/it 16.9s<26.7s
[K       2/30      1.11G      13.92         16        224: 39% ━━━━╸─────── 13/33 1.1s/it 17.8s<22.9s
[K       2/30      1.11G      13.93         16        224: 42% ━━━━━─────── 14/33 1.2s/it 19.3s<23.6s
[K       2/30      1.11G      13.86         16        224: 45% ━━━━━─────── 15/33 1.2s/it 20.4s<21.5s
[K       2/30      1.11G      13.79         16        224: 48% ━━━━━╸────── 16/33 1.3s/it 22.3s<22.7s
[K       2/30      1.11G      13.76         16        224: 51% ━━━━━━────── 17/33 1.3s/it 23.4s<20.1s
[K       2/30      1.12G      13.59         16        224: 54% ━━━━━━╸───── 18/33 1.4s/it 25.2s<20.9s
[K       2/30      1.12G      13.71         16        224: 57% ━━━━━━╸───── 19/33 1.1s/it 26.0s<15.7s
[K       2/30      1.12G      13.37         16        224: 60% ━━━━━━━───── 20/33 1.2s/it 27.5s<15.9s
[K       2/30      1.12G      13.13         16        224: 63% ━━━━━━━╸──── 21/33 1.3s/it 29.0s<15.6s
[K       2/30      1.12G       13.3         16        224: 66% ━━━━━━━━──── 22/33 1.3s/it 30.2s<13.8s
[K       2/30      1.12G       13.5         16        224: 69% ━━━━━━━━──── 23/33 1.3s/it 31.5s<12.5s
[K       2/30      1.12G       13.5         16        224: 72% ━━━━━━━━╸─── 24/33 1.4s/it 33.4s<12.6s
[K       2/30      1.12G      13.39         16        224: 75% ━━━━━━━━━─── 25/33 1.2s/it 34.2s<9.4s
[K       2/30      1.12G      13.31         16        224: 78% ━━━━━━━━━─── 26/33 1.3s/it 35.8s<8.9s
[K       2/30      1.12G      13.27         16        224: 81% ━━━━━━━━━╸── 27/33 1.3s/it 37.1s<7.5s
[K       2/30      1.12G       13.3         16        224: 84% ━━━━━━━━━━── 28/33 1.4s/it 38.9s<7.0s
[K       2/30      1.12G      13.41         16        224: 87% ━━━━━━━━━━╸─ 29/33 1.2s/it 39.9s<5.0s
[K       2/30      1.12G      13.33         16        224: 90% ━━━━━━━━━━╸─ 30/33 1.4s/it 41.8s<4.2s
[K       2/30      1.12G      13.37         16        224: 93% ━━━━━━━━━━━─ 31/33 1.1s/it 42.6s<2.2s
[K       2/30      1.12G      13.24          1        224: 96% ━━━━━━━━━━━╸ 32/33 2.1it/s 42.8s<0.5s
[K       2/30      1.12G      13.24          1        224: 100% ━━━━━━━━━━━━ 33/33 1.3s/it 42.8s

[K               classes   top1_acc   top5_acc: 75% ━━━━━━━━━─── 3/4 6.8it/s 0.1s<0.1s
[K               classes   top1_acc   top5_acc: 100% ━━━━━━━━━━━━ 4/4 21.7it/s 0.2s
                   all      0.664          1

      Epoch    GPU_mem       loss  Instances       Size

[K       3/30      1.12G      9.418         16        224: 0% ──────────── 0/33  2.9s
[K       3/30      1.12G      11.36         16        224: 3% ──────────── 1/33 1.0it/s 3.2s<31.6s
[K       3/30      1.12G      12.12         16        224: 6% ╸─────────── 2/33 1.3s/it 7.1s<39.5s
[K       3/30      1.12G      12.14         16        224: 9% ━─────────── 3/33 1.5it/s 7.4s<20.1s
[K       3/30      1.12G      11.38         16        224: 12% ━─────────── 4/33 1.1it/s 11.1s<25.8s
[K       3/30      1.12G      12.26         16        224: 15% ━╸────────── 5/33 1.7it/s 11.4s<16.0s
[K       3/30      1.12G      12.19         16        224: 18% ━━────────── 6/33 1.3it/s 15.6s<20.8s
[K       3/30      1.12G      12.63         16        224: 21% ━━╸───────── 7/33 2.2it/s 15.8s<11.7s
[K       3/30      1.12G      13.05         16        224: 24% ━━╸───────── 8/33 1.7it/s 18.0s<14.7s
[K       3/30      1.12G      12.82         16        224: 27% ━━━───────── 9/33 1.6it/s 18.8s<15.4s
[K       3/30      1.12G      12.51         16        224: 30% ━━━╸──────── 10/33 1.2it/s 20.7s<18.4s
[K       3/30      1.12G      12.47         16        224: 33% ━━━━──────── 11/33 1.2it/s 21.7s<18.6s
[K       3/30      1.12G      12.37         16        224: 36% ━━━━──────── 12/33 1.0it/s 23.3s<20.7s
[K       3/30      1.12G      12.42         16        224: 39% ━━━━╸─────── 13/33 1.1it/s 24.1s<18.5s
[K       3/30      1.12G      12.36         16        224: 42% ━━━━━─────── 14/33 1.0it/s 25.3s<19.0s
[K       3/30      1.12G      12.37         16        224: 45% ━━━━━─────── 15/33 1.1s/it 26.7s<19.6s
[K       3/30      1.12G      12.18         16        224: 48% ━━━━━╸────── 16/33 1.2s/it 28.2s<20.2s
[K       3/30      1.12G      12.11         16        224: 51% ━━━━━━────── 17/33 1.3s/it 29.9s<20.9s
[K       3/30      1.12G      12.03         16        224: 54% ━━━━━━╸───── 18/33 1.2s/it 30.9s<18.1s
[K       3/30      1.12G       11.9         16        224: 57% ━━━━━━╸───── 19/33 1.3s/it 32.5s<18.1s
[K       3/30      1.12G      11.89         16        224: 60% ━━━━━━━───── 20/33 1.3s/it 33.6s<16.3s
[K       3/30      1.12G      11.66         16        224: 63% ━━━━━━━╸──── 21/33 1.3s/it 35.0s<15.4s
[K       3/30      1.12G      11.71         16        224: 66% ━━━━━━━━──── 22/33 1.2s/it 36.1s<13.4s
[K       3/30      1.12G      11.79         16        224: 69% ━━━━━━━━──── 23/33 1.4s/it 38.2s<13.9s
[K       3/30      1.12G      11.79         16        224: 72% ━━━━━━━━╸─── 24/33 1.1s/it 38.9s<9.9s
[K       3/30      1.12G      11.75         16        224: 75% ━━━━━━━━━─── 25/33 1.2s/it 40.6s<9.9s
[K       3/30      1.12G       11.6         16        224: 78% ━━━━━━━━━─── 26/33 1.4it/s 41.0s<5.1s
[K       3/30      1.12G      11.43         16        224: 81% ━━━━━━━━━╸── 27/33 1.1it/s 43.5s<5.5s
[K       3/30      1.12G      11.27         16        224: 84% ━━━━━━━━━━── 28/33 1.7it/s 43.8s<2.9s
[K       3/30      1.12G      11.39         16        224: 87% ━━━━━━━━━━╸─ 29/33 1.3it/s 46.3s<3.0s
[K       3/30      1.12G      11.54         16        224: 90% ━━━━━━━━━━╸─ 30/33 3.0it/s 46.4s<1.0s
[K       3/30      1.12G      11.44         16        224: 93% ━━━━━━━━━━━─ 31/33 2.2it/s 49.2s<0.9s
[K       3/30      1.12G      11.51          1        224: 96% ━━━━━━━━━━━╸ 32/33 3.7it/s 49.3s<0.3s
[K       3/30      1.12G      11.51          1        224: 100% ━━━━━━━━━━━━ 33/33 1.5s/it 49.3s

[K               classes   top1_acc   top5_acc: 75% ━━━━━━━━━─── 3/4 6.0it/s 0.1s<0.2s
[K               classes   top1_acc   top5_acc: 100% ━━━━━━━━━━━━ 4/4 21.9it/s 0.2s
                   all       0.65          1

      Epoch    GPU_mem       loss  Instances       Size

[K       4/30      1.12G      10.63         16        224: 0% ──────────── 0/33  2.9s
[K       4/30      1.12G      12.32         16        224: 3% ──────────── 1/33 1.6it/s 3.1s<19.4s
[K       4/30      1.12G      11.17         16        224: 6% ╸─────────── 2/33 1.2it/s 9.2s<25.8s
[K       4/30      1.12G         11         16        224: 9% ━─────────── 3/33 2.3it/s 9.5s<13.1s
[K       4/30      1.12G      11.35         16        224: 12% ━─────────── 4/33 1.7it/s 14.8s<17.5s
[K       4/30      1.12G       11.3         16        224: 15% ━╸────────── 5/33 3.2it/s 14.9s<8.7s
[K       4/30      1.12G      11.42         16        224: 18% ━━────────── 6/33 2.4it/s 17.5s<11.4s
[K       4/30      1.12G      10.98         16        224: 21% ━━╸───────── 7/33 3.9it/s 17.6s<6.7s
[K       4/30      1.12G      11.35         16        224: 24% ━━╸───────── 8/33 2.8it/s 20.0s<8.9s
[K       4/30      1.12G      11.17         16        224: 27% ━━━───────── 9/33 4.2it/s 20.1s<5.8s
[K       4/30      1.12G      11.17         16        224: 30% ━━━╸──────── 10/33 3.1it/s 22.1s<7.5s
[K       4/30      1.12G      11.11         16        224: 33% ━━━━──────── 11/33 4.1it/s 22.3s<5.4s
[K       4/30      1.12G      11.15         16        224: 36% ━━━━──────── 12/33 3.0it/s 24.4s<7.0s
[K       4/30      1.12G      11.11         16        224: 39% ━━━━╸─────── 13/33 4.6it/s 24.5s<4.4s
[K       4/30      1.12G      11.28         16        224: 42% ━━━━━─────── 14/33 3.3it/s 27.1s<5.7s
[K       4/30      1.12G      11.14         16        224: 45% ━━━━━─────── 15/33 4.1it/s 27.3s<4.4s
[K       4/30      1.12G      11.27         16        224: 48% ━━━━━╸────── 16/33 3.0it/s 30.1s<5.7s
[K       4/30      1.12G      11.29         16        224: 51% ━━━━━━────── 17/33 4.9it/s 30.2s<3.3s
[K       4/30      1.12G      11.23         16        224: 54% ━━━━━━╸───── 18/33 3.6it/s 32.6s<4.2s
[K       4/30      1.12G      11.14         16        224: 57% ━━━━━━╸───── 19/33 4.7it/s 32.8s<3.0s
[K       4/30      1.12G      11.09         16        224: 60% ━━━━━━━───── 20/33 3.4it/s 35.3s<3.8s
[K       4/30      1.12G      10.94         16        224: 63% ━━━━━━━╸──── 21/33 4.2it/s 35.5s<2.8s
[K       4/30      1.12G      11.05         16        224: 66% ━━━━━━━━──── 22/33 3.1it/s 38.5s<3.6s
[K       4/30      1.12G      10.91         16        224: 69% ━━━━━━━━──── 23/33 4.2it/s 38.7s<2.4s
[K       4/30      1.12G      10.99         16        224: 72% ━━━━━━━━╸─── 24/33 3.1it/s 40.8s<2.9s
[K       4/30      1.12G      10.94         16        224: 75% ━━━━━━━━━─── 25/33 4.3it/s 40.9s<1.9s
[K       4/30      1.12G      11.08         16        224: 78% ━━━━━━━━━─── 26/33 3.1it/s 43.5s<2.3s
[K       4/30      1.12G      11.06         16        224: 81% ━━━━━━━━━╸── 27/33 5.0it/s 43.6s<1.2s
[K       4/30      1.12G      11.28         16        224: 84% ━━━━━━━━━━── 28/33 3.6it/s 46.4s<1.4s
[K       4/30      1.12G       11.3         16        224: 87% ━━━━━━━━━━╸─ 29/33 5.0it/s 46.5s<0.8s
[K       4/30      1.12G      11.46         16        224: 90% ━━━━━━━━━━╸─ 30/33 3.6it/s 49.1s<0.8s
[K       4/30      1.12G      11.51         16        224: 93% ━━━━━━━━━━━─ 31/33 4.6it/s 49.2s<0.4s
[K       4/30      1.12G      11.19          1        224: 96% ━━━━━━━━━━━╸ 32/33 4.9it/s 49.4s<0.2s
[K       4/30      1.12G      11.19          1        224: 100% ━━━━━━━━━━━━ 33/33 1.5s/it 49.4s

[K               classes   top1_acc   top5_acc: 50% ━━━━━━────── 2/4 4.7it/s 0.1s<0.4s
[K               classes   top1_acc   top5_acc: 100% ━━━━━━━━━━━━ 4/4 16.6it/s 0.2s
                   all      0.609          1

      Epoch    GPU_mem       loss  Instances       Size

[K       5/30      1.12G      11.94         16        224: 0% ──────────── 0/33  0.2s
[K       5/30      1.12G         16         16        224: 3% ──────────── 1/33 13.3s/it 4.2s<7:06
[K       5/30      1.12G      16.69         16        224: 6% ╸─────────── 2/33 1.2it/s 4.4s<25.5s
[K       5/30      1.12G      14.57         16        224: 9% ━─────────── 3/33 1.1s/it 8.4s<32.3s
[K       5/30      1.12G       13.3         16        224: 12% ━─────────── 4/33 1.1s/it 9.5s<30.8s
[K       5/30      1.12G      13.79         16        224: 15% ━╸────────── 5/33 1.4s/it 13.8s<38.5s
[K       5/30      1.12G      13.19         16        224: 18% ━━────────── 6/33 1.4it/s 14.2s<19.2s
[K       5/30      1.12G      13.24         16        224: 21% ━━╸───────── 7/33 1.1it/s 17.7s<24.3s
[K       5/30      1.12G       13.7         16        224: 24% ━━╸───────── 8/33 3.6it/s 17.8s<7.0s
[K       5/30      1.12G      13.58         16        224: 27% ━━━───────── 9/33 2.7it/s 19.7s<9.0s
[K       5/30      1.12G       13.8         16        224: 30% ━━━╸──────── 10/33 4.5it/s 19.8s<5.1s
[K       5/30      1.12G       13.7         16        224: 33% ━━━━──────── 11/33 3.3it/s 22.7s<6.7s
[K       5/30      1.12G      13.41         16        224: 36% ━━━━──────── 12/33 4.6it/s 22.8s<4.6s
[K       5/30      1.12G      13.32         16        224: 39% ━━━━╸─────── 13/33 3.3it/s 25.7s<6.1s
[K       5/30      1.12G      13.68         16        224: 42% ━━━━━─────── 14/33 4.7it/s 25.9s<4.1s
[K       5/30      1.12G      13.42         16        224: 45% ━━━━━─────── 15/33 3.4it/s 28.8s<5.3s
[K       5/30      1.12G      13.49         16        224: 48% ━━━━━╸────── 16/33 4.5it/s 29.0s<3.8s
[K       5/30      1.12G      13.39         16        224: 51% ━━━━━━────── 17/33 3.3it/s 31.4s<4.9s
[K       5/30      1.12G       13.2         16        224: 54% ━━━━━━╸───── 18/33 4.7it/s 31.5s<3.2s
[K       5/30      1.12G      12.99         16        224: 57% ━━━━━━╸───── 19/33 3.4it/s 34.0s<4.1s
[K       5/30      1.12G      12.93         16        224: 60% ━━━━━━━───── 20/33 4.8it/s 34.1s<2.7s
[K       5/30      1.12G      12.89         16        224: 63% ━━━━━━━╸──── 21/33 3.5it/s 37.0s<3.5s
[K       5/30      1.12G      13.08         16        224: 66% ━━━━━━━━──── 22/33 4.4it/s 37.1s<2.5s
[K       5/30      1.12G      13.09         16        224: 69% ━━━━━━━━──── 23/33 3.2it/s 39.1s<3.1s
[K       5/30      1.12G      12.99         16        224: 72% ━━━━━━━━╸─── 24/33 4.3it/s 39.3s<2.1s
[K       5/30      1.12G      12.78         16        224: 75% ━━━━━━━━━─── 25/33 3.1it/s 41.5s<2.6s
[K       5/30      1.12G      12.83         16        224: 78% ━━━━━━━━━─── 26/33 4.9it/s 41.7s<1.4s
[K       5/30      1.12G      13.02         16        224: 81% ━━━━━━━━━╸── 27/33 3.6it/s 43.8s<1.7s
[K       5/30      1.12G      12.92         16        224: 84% ━━━━━━━━━━── 28/33 4.5it/s 44.0s<1.1s
[K       5/30      1.12G      13.16         16        224: 87% ━━━━━━━━━━╸─ 29/33 3.3it/s 46.5s<1.2s
[K       5/30      1.12G      13.01         16        224: 90% ━━━━━━━━━━╸─ 30/33 4.6it/s 46.6s<0.7s
[K       5/30      1.12G      12.98         16        224: 93% ━━━━━━━━━━━─ 31/33 3.3it/s 49.3s<0.6s
[K       5/30      1.12G      13.02          1        224: 96% ━━━━━━━━━━━╸ 32/33 4.4it/s 49.4s<0.2s
[K       5/30      1.12G      13.02          1        224: 100% ━━━━━━━━━━━━ 33/33 1.5s/it 49.4s

[K               classes   top1_acc   top5_acc: 75% ━━━━━━━━━─── 3/4 6.9it/s 0.1s<0.1s
[K               classes   top1_acc   top5_acc: 100% ━━━━━━━━━━━━ 4/4 24.2it/s 0.2s
                   all      0.418          1

      Epoch    GPU_mem       loss  Instances       Size

[K       6/30      1.12G      13.02         16        224: 0% ──────────── 0/33  3.8s
[K       6/30      1.12G      10.25         16        224: 3% ──────────── 1/33 1.5it/s 4.0s<21.6s
[K       6/30      1.12G      10.24         16        224: 6% ╸─────────── 2/33 1.1it/s 9.2s<28.3s
[K       6/30      1.12G      10.14         16        224: 9% ━─────────── 3/33 2.3it/s 9.4s<13.0s
[K       6/30      1.12G       9.83         16        224: 12% ━─────────── 4/33 1.7it/s 14.4s<17.3s
[K       6/30      1.12G      10.12         16        224: 15% ━╸────────── 5/33 2.9it/s 14.6s<9.6s
[K       6/30      1.12G      11.94         16        224: 18% ━━────────── 6/33 2.2it/s 17.2s<12.5s
[K       6/30      1.12G      12.01         16        224: 21% ━━╸───────── 7/33 3.3it/s 17.3s<7.9s
[K       6/30      1.12G      12.12         16        224: 24% ━━╸───────── 8/33 2.5it/s 19.4s<10.1s
[K       6/30      1.12G      12.32         16        224: 27% ━━━───────── 9/33 4.0it/s 19.5s<6.1s
[K       6/30      1.12G         12         16        224: 30% ━━━╸──────── 10/33 2.9it/s 21.5s<7.9s
[K       6/30      1.12G      11.86         16        224: 33% ━━━━──────── 11/33 4.3it/s 21.7s<5.1s
[K       6/30      1.12G      11.67         16        224: 36% ━━━━──────── 12/33 3.2it/s 24.3s<6.7s
[K       6/30      1.12G      11.75         16        224: 39% ━━━━╸─────── 13/33 4.4it/s 24.5s<4.6s
[K       6/30      1.12G      12.04         16        224: 42% ━━━━━─────── 14/33 3.2it/s 26.8s<5.9s
[K       6/30      1.12G      12.74         16        224: 45% ━━━━━─────── 15/33 4.9it/s 26.9s<3.7s
[K       6/30      1.12G      12.94         16        224: 48% ━━━━━╸────── 16/33 3.5it/s 30.0s<4.8s
[K       6/30      1.12G      12.93         16        224: 51% ━━━━━━────── 17/33 4.2it/s 30.2s<3.8s
[K       6/30      1.12G      13.12         16        224: 54% ━━━━━━╸───── 18/33 3.1it/s 32.5s<4.9s
[K       6/30      1.12G      13.57         16        224: 57% ━━━━━━╸───── 19/33 5.0it/s 32.6s<2.8s
[K       6/30      1.12G      13.65         16        224: 60% ━━━━━━━───── 20/33 3.6it/s 35.1s<3.6s
[K       6/30      1.12G      13.46         16        224: 63% ━━━━━━━╸──── 21/33 4.7it/s 35.3s<2.6s
[K       6/30      1.12G      13.34         16        224: 66% ━━━━━━━━──── 22/33 3.4it/s 37.9s<3.2s
[K       6/30      1.12G      13.16         16        224: 72% ━━━━━━━━╸─── 24/33 2.6it/s 40.4s<3.4s
[K       6/30      1.12G      13.15         16        224: 75% ━━━━━━━━━─── 25/33 4.6it/s 40.5s<1.7s
[K       6/30      1.12G      13.05         16        224: 78% ━━━━━━━━━─── 26/33 3.3it/s 43.2s<2.1s
[K       6/30      1.12G      12.99         16        224: 81% ━━━━━━━━━╸── 27/33 4.7it/s 43.3s<1.3s
[K       6/30      1.12G      12.99         16        224: 84% ━━━━━━━━━━── 28/33 3.4it/s 45.7s<1.5s
[K       6/30      1.12G      12.95         16        224: 87% ━━━━━━━━━━╸─ 29/33 4.5it/s 45.9s<0.9s
[K       6/30      1.12G       12.9         16        224: 90% ━━━━━━━━━━╸─ 30/33 3.2it/s 48.5s<0.9s
[K       6/30      1.12G      13.12         16        224: 93% ━━━━━━━━━━━─ 31/33 4.8it/s 48.6s<0.4s
[K       6/30      1.12G      13.46          1        224: 96% ━━━━━━━━━━━╸ 32/33 5.2it/s 48.7s<0.2s
[K       6/30      1.12G      13.46          1        224: 100% ━━━━━━━━━━━━ 33/33 1.5s/it 48.7s

[K               classes   top1_acc   top5_acc: 75% ━━━━━━━━━─── 3/4 6.3it/s 0.1s<0.2s
[K               classes   top1_acc   top5_acc: 100% ━━━━━━━━━━━━ 4/4 20.5it/s 0.2s
                   all      0.532          1

      Epoch    GPU_mem       loss  Instances       Size

[K       7/30      1.12G       8.58         16        224: 0% ──────────── 0/33  0.2s
[K       7/30      1.12G      8.905         16        224: 3% ──────────── 1/33 12.8s/it 4.0s<6:50
[K       7/30      1.12G       10.1         16        224: 6% ╸─────────── 2/33 1.5it/s 4.2s<20.1s
[K       7/30      1.12G      9.704         16        224: 9% ━─────────── 3/33 1.1it/s 8.6s<26.1s
[K       7/30      1.12G      10.98         16        224: 12% ━─────────── 4/33 2.1it/s 8.8s<13.6s
[K       7/30      1.12G      11.24         16        224: 15% ━╸────────── 5/33 1.6it/s 13.5s<18.0s
[K       7/30      1.12G       11.1         16        224: 18% ━━────────── 6/33 2.7it/s 13.7s<10.0s
[K       7/30      1.12G      10.72         16        224: 21% ━━╸───────── 7/33 2.0it/s 16.7s<13.0s
[K       7/30      1.12G      10.77         16        224: 24% ━━╸───────── 8/33 3.6it/s 16.8s<6.9s
[K       7/30      1.12G       10.7         16        224: 27% ━━━───────── 9/33 2.6it/s 19.5s<9.1s
[K       7/30      1.12G      10.85         16        224: 30% ━━━╸──────── 10/33 4.0it/s 19.7s<5.7s
[K       7/30      1.12G      10.79         16        224: 33% ━━━━──────── 11/33 2.9it/s 22.1s<7.5s
[K       7/30      1.12G      10.87         16        224: 36% ━━━━──────── 12/33 4.3it/s 22.3s<4.8s
[K       7/30      1.12G      10.59         16        224: 39% ━━━━╸─────── 13/33 3.2it/s 25.0s<6.3s
[K       7/30      1.12G       11.1         16        224: 42% ━━━━━─────── 14/33 4.3it/s 25.1s<4.4s
[K       7/30      1.12G       11.2         16        224: 45% ━━━━━─────── 15/33 3.1it/s 27.5s<5.8s
[K       7/30      1.12G      10.94         16        224: 48% ━━━━━╸────── 16/33 4.9it/s 27.6s<3.5s
[K       7/30      1.12G         11         16        224: 51% ━━━━━━────── 17/33 3.6it/s 29.9s<4.5s
[K       7/30      1.12G      11.01         16        224: 54% ━━━━━━╸───── 18/33 4.4it/s 30.1s<3.4s
[K       7/30      1.12G       11.1         16        224: 57% ━━━━━━╸───── 19/33 3.2it/s 32.6s<4.4s
[K       7/30      1.12G      11.21         16        224: 60% ━━━━━━━───── 20/33 4.1it/s 32.7s<3.2s
[K       7/30      1.12G      11.16         16        224: 63% ━━━━━━━╸──── 21/33 3.0it/s 35.4s<4.0s
[K       7/30      1.12G       11.1         16        224: 66% ━━━━━━━━──── 22/33 4.1it/s 35.6s<2.7s
[K       7/30      1.12G      11.06         16        224: 69% ━━━━━━━━──── 23/33 3.0it/s 38.1s<3.4s
[K       7/30      1.12G      11.12         16        224: 72% ━━━━━━━━╸─── 24/33 4.3it/s 38.2s<2.1s
[K       7/30      1.12G      11.09         16        224: 75% ━━━━━━━━━─── 25/33 3.1it/s 40.9s<2.5s
[K       7/30      1.12G       11.1         16        224: 78% ━━━━━━━━━─── 26/33 4.4it/s 41.0s<1.6s
[K       7/30      1.12G      11.13         16        224: 81% ━━━━━━━━━╸── 27/33 3.2it/s 43.4s<1.9s
[K       7/30      1.12G      11.09         16        224: 84% ━━━━━━━━━━── 28/33 4.5it/s 43.6s<1.1s
[K       7/30      1.12G      11.04         16        224: 87% ━━━━━━━━━━╸─ 29/33 3.3it/s 46.2s<1.2s
[K       7/30      1.12G      11.11         16        224: 90% ━━━━━━━━━━╸─ 30/33 4.9it/s 46.4s<0.6s
[K       7/30      1.12G      11.19         16        224: 93% ━━━━━━━━━━━─ 31/33 3.6it/s 49.0s<0.6s
[K       7/30      1.12G      11.09          1        224: 96% ━━━━━━━━━━━╸ 32/33 5.4it/s 49.1s<0.2s
[K       7/30      1.12G      11.09          1        224: 100% ━━━━━━━━━━━━ 33/33 1.5s/it 49.1s

[K               classes   top1_acc   top5_acc: 75% ━━━━━━━━━─── 3/4 8.2it/s 0.1s<0.1s
[K               classes   top1_acc   top5_acc: 100% ━━━━━━━━━━━━ 4/4 25.9it/s 0.2s
                   all      0.559          1

      Epoch    GPU_mem       loss  Instances       Size

[K       8/30      1.12G      12.17         16        224: 0% ──────────── 0/33  3.7s
[K       8/30      1.12G      11.13         16        224: 3% ──────────── 1/33 1.2it/s 3.9s<27.7s
[K       8/30      1.12G      12.72         16        224: 6% ╸─────────── 2/33 1.1s/it 8.2s<35.3s
[K       8/30      1.12G      13.74         16        224: 9% ━─────────── 3/33 2.3it/s 8.4s<13.0s
[K       8/30      1.12G      13.27         16        224: 12% ━─────────── 4/33 1.7it/s 13.6s<17.4s
[K       8/30      1.12G      12.66         16        224: 15% ━╸────────── 5/33 3.5it/s 13.7s<7.9s
[K       8/30      1.12G      12.71         16        224: 18% ━━────────── 6/33 2.6it/s 17.3s<10.5s
[K       8/30      1.12G      12.93         16        224: 24% ━━╸───────── 8/33 2.0it/s 20.0s<12.4s
[K       8/30      1.12G      12.47         16        224: 27% ━━━───────── 9/33 4.0it/s 20.1s<6.0s
[K       8/30      1.12G      12.06         16        224: 30% ━━━╸──────── 10/33 2.9it/s 22.3s<7.8s
[K       8/30      1.12G      12.58         16        224: 33% ━━━━──────── 11/33 4.3it/s 22.4s<5.1s
[K       8/30      1.12G      12.31         16        224: 36% ━━━━──────── 12/33 3.2it/s 24.5s<6.7s
[K       8/30      1.12G      12.09         16        224: 39% ━━━━╸─────── 13/33 4.7it/s 24.6s<4.3s
[K       8/30      1.12G      11.85         16        224: 42% ━━━━━─────── 14/33 3.4it/s 26.9s<5.6s
[K       8/30      1.12G      11.89         16        224: 45% ━━━━━─────── 15/33 4.9it/s 27.0s<3.7s
[K       8/30      1.12G      11.93         16        224: 48% ━━━━━╸────── 16/33 3.5it/s 29.8s<4.8s
[K       8/30      1.12G      11.83         16        224: 51% ━━━━━━────── 17/33 4.8it/s 29.9s<3.4s
[K       8/30      1.12G      11.94         16        224: 54% ━━━━━━╸───── 18/33 3.5it/s 32.3s<4.3s
[K       8/30      1.12G      11.86         16        224: 57% ━━━━━━╸───── 19/33 4.7it/s 32.4s<3.0s
[K       8/30      1.12G      11.68         16        224: 60% ━━━━━━━───── 20/33 3.5it/s 34.3s<3.8s
[K       8/30      1.12G      11.47         16        224: 63% ━━━━━━━╸──── 21/33 4.3it/s 34.5s<2.8s
[K       8/30      1.12G      11.28         16        224: 66% ━━━━━━━━──── 22/33 3.1it/s 36.8s<3.5s
[K       8/30      1.12G       11.3         16        224: 69% ━━━━━━━━──── 23/33 4.4it/s 37.0s<2.3s
[K       8/30      1.12G      11.15         16        224: 72% ━━━━━━━━╸─── 24/33 3.2it/s 39.4s<2.8s
[K       8/30      1.12G      11.23         16        224: 75% ━━━━━━━━━─── 25/33 4.5it/s 39.6s<1.8s
[K       8/30      1.12G       11.6         16        224: 78% ━━━━━━━━━─── 26/33 3.3it/s 42.3s<2.1s
[K       8/30      1.12G      11.36         16        224: 84% ━━━━━━━━━━── 28/33 2.6it/s 44.5s<1.9s
[K       8/30      1.12G       11.3         16        224: 87% ━━━━━━━━━━╸─ 29/33 3.9it/s 44.6s<1.0s
[K       8/30      1.12G      11.13         16        224: 90% ━━━━━━━━━━╸─ 30/33 2.9it/s 47.1s<1.0s
[K       8/30      1.12G      11.04         16        224: 93% ━━━━━━━━━━━─ 31/33 4.2it/s 47.2s<0.5s
[K       8/30      1.12G      11.13          1        224: 96% ━━━━━━━━━━━╸ 32/33 4.6it/s 47.4s<0.2s
[K       8/30      1.12G      11.13          1        224: 100% ━━━━━━━━━━━━ 33/33 1.4s/it 47.4s

[K               classes   top1_acc   top5_acc: 50% ━━━━━━────── 2/4 5.8it/s 0.1s<0.3s
[K               classes   top1_acc   top5_acc: 100% ━━━━━━━━━━━━ 4/4 20.0it/s 0.2s
                   all      0.655          1

      Epoch    GPU_mem       loss  Instances       Size

[K       9/30      1.12G      11.84         16        224: 0% ──────────── 0/33  0.2s
[K       9/30      1.12G      14.82         16        224: 3% ──────────── 1/33 9.4s/it 3.0s<5:02
[K       9/30      1.12G      14.41         16        224: 6% ╸─────────── 2/33 1.5it/s 3.2s<20.5s
[K       9/30      1.12G      17.94         16        224: 9% ━─────────── 3/33 1.1it/s 8.5s<26.8s
[K       9/30      1.12G      15.91         16        224: 12% ━─────────── 4/33 2.2it/s 8.7s<13.4s
[K       9/30      1.12G       14.9         16        224: 15% ━╸────────── 5/33 1.6it/s 14.1s<17.8s
[K       9/30      1.12G      14.03         16        224: 18% ━━────────── 6/33 2.8it/s 14.3s<9.7s
[K       9/30      1.12G      13.49         16        224: 21% ━━╸───────── 7/33 2.0it/s 17.4s<12.7s
[K       9/30      1.12G      13.56         16        224: 24% ━━╸───────── 8/33 3.9it/s 17.5s<6.4s
[K       9/30      1.12G      13.07         16        224: 27% ━━━───────── 9/33 2.8it/s 20.4s<8.4s
[K       9/30      1.12G      12.62         16        224: 30% ━━━╸──────── 10/33 3.8it/s 20.6s<6.0s
[K       9/30      1.12G      12.36         16        224: 33% ━━━━──────── 11/33 2.8it/s 22.9s<7.8s
[K       9/30      1.12G      12.01         16        224: 36% ━━━━──────── 12/33 3.7it/s 23.1s<5.7s
[K       9/30      1.12G      11.89         16        224: 39% ━━━━╸─────── 13/33 2.8it/s 25.0s<7.3s
[K       9/30      1.12G      11.88         16        224: 42% ━━━━━─────── 14/33 4.5it/s 25.1s<4.2s
[K       9/30      1.12G      11.73         16        224: 45% ━━━━━─────── 15/33 3.3it/s 27.8s<5.5s
[K       9/30      1.12G      11.91         16        224: 48% ━━━━━╸────── 16/33 4.7it/s 27.9s<3.6s
[K       9/30      1.12G       11.9         16        224: 51% ━━━━━━────── 17/33 3.4it/s 30.4s<4.7s
[K       9/30      1.12G      11.77         16        224: 54% ━━━━━━╸───── 18/33 4.6it/s 30.5s<3.3s
[K       9/30      1.12G      11.51         16        224: 57% ━━━━━━╸───── 19/33 3.4it/s 32.7s<4.2s
[K       9/30      1.12G      11.72         16        224: 60% ━━━━━━━───── 20/33 4.4it/s 32.8s<3.0s
[K       9/30      1.12G      11.57         16        224: 63% ━━━━━━━╸──── 21/33 3.2it/s 34.8s<3.7s
[K       9/30      1.12G      11.33         16        224: 66% ━━━━━━━━──── 22/33 4.4it/s 34.9s<2.5s
[K       9/30      1.12G      11.39         16        224: 69% ━━━━━━━━──── 23/33 3.2it/s 37.3s<3.1s
[K       9/30      1.12G      11.34         16        224: 72% ━━━━━━━━╸─── 24/33 4.7it/s 37.4s<1.9s
[K       9/30      1.12G      11.53         16        224: 75% ━━━━━━━━━─── 25/33 3.4it/s 39.2s<2.3s
[K       9/30      1.12G       11.6         16        224: 78% ━━━━━━━━━─── 26/33 4.6it/s 39.3s<1.5s
[K       9/30      1.12G       11.5         16        224: 81% ━━━━━━━━━╸── 27/33 3.4it/s 41.5s<1.8s
[K       9/30      1.12G      11.44         16        224: 84% ━━━━━━━━━━── 28/33 4.8it/s 41.6s<1.0s
[K       9/30      1.12G      11.35         16        224: 87% ━━━━━━━━━━╸─ 29/33 3.5it/s 43.7s<1.2s
[K       9/30      1.12G      11.23         16        224: 90% ━━━━━━━━━━╸─ 30/33 5.1it/s 43.8s<0.6s
[K       9/30      1.12G      11.34         16        224: 93% ━━━━━━━━━━━─ 31/33 3.7it/s 46.5s<0.5s
[K       9/30      1.12G      11.27          1        224: 96% ━━━━━━━━━━━╸ 32/33 4.8it/s 46.6s<0.2s
[K       9/30      1.12G      11.27          1        224: 100% ━━━━━━━━━━━━ 33/33 1.4s/it 46.6s

[K               classes   top1_acc   top5_acc: 75% ━━━━━━━━━─── 3/4 7.8it/s 0.1s<0.1s
[K               classes   top1_acc   top5_acc: 100% ━━━━━━━━━━━━ 4/4 26.8it/s 0.1s
                   all      0.677          1

      Epoch    GPU_mem       loss  Instances       Size

[K      10/30      1.12G      7.532         16        224: 0% ──────────── 0/33  2.9s
[K      10/30      1.12G      7.441         16        224: 3% ──────────── 1/33 1.2it/s 3.2s<25.6s
[K      10/30      1.12G      7.981         16        224: 6% ╸─────────── 2/33 1.1s/it 8.4s<33.3s
[K      10/30      1.12G      7.771         16        224: 9% ━─────────── 3/33 2.0it/s 8.6s<14.7s
[K      10/30      1.12G      8.605         16        224: 12% ━─────────── 4/33 1.5it/s 14.0s<19.5s
[K      10/30      1.12G      7.949         16        224: 15% ━╸────────── 5/33 2.5it/s 14.2s<11.3s
[K      10/30      1.12G      8.073         16        224: 18% ━━────────── 6/33 1.8it/s 16.8s<14.6s
[K      10/30      1.12G      8.599         16        224: 21% ━━╸───────── 7/33 3.7it/s 16.9s<7.0s
[K      10/30      1.12G      8.658         16        224: 24% ━━╸───────── 8/33 2.7it/s 19.0s<9.2s
[K      10/30      1.12G      8.789         16        224: 27% ━━━───────── 9/33 4.3it/s 19.1s<5.6s
[K      10/30      1.12G      8.664         16        224: 30% ━━━╸──────── 10/33 3.1it/s 21.3s<7.4s
[K      10/30      1.12G       8.38         16        224: 33% ━━━━──────── 11/33 4.7it/s 21.4s<4.6s
[K      10/30      1.12G      8.724         16        224: 36% ━━━━──────── 12/33 3.5it/s 23.6s<6.1s
[K      10/30      1.12G      8.833         16        224: 39% ━━━━╸─────── 13/33 4.7it/s 23.7s<4.3s
[K      10/30      1.12G      9.048         16        224: 42% ━━━━━─────── 14/33 3.4it/s 26.2s<5.6s
[K      10/30      1.12G      8.863         16        224: 45% ━━━━━─────── 15/33 4.8it/s 26.3s<3.8s
[K      10/30      1.12G      8.956         16        224: 48% ━━━━━╸────── 16/33 3.5it/s 28.9s<4.9s
[K      10/30      1.12G      9.022         16        224: 51% ━━━━━━────── 17/33 4.8it/s 29.1s<3.3s
[K      10/30      1.12G      9.277         16        224: 54% ━━━━━━╸───── 18/33 3.5it/s 31.3s<4.3s
[K      10/30      1.12G      9.332         16        224: 57% ━━━━━━╸───── 19/33 4.8it/s 31.4s<2.9s
[K      10/30      1.12G      9.279         16        224: 60% ━━━━━━━───── 20/33 3.5it/s 33.7s<3.8s
[K      10/30      1.12G      9.268         16        224: 63% ━━━━━━━╸──── 21/33 4.7it/s 33.8s<2.6s
[K      10/30      1.12G      9.185         16        224: 66% ━━━━━━━━──── 22/33 3.4it/s 36.2s<3.2s
[K      10/30      1.12G      9.227         16        224: 69% ━━━━━━━━──── 23/33 4.7it/s 36.3s<2.1s
[K      10/30      1.12G      9.262         16        224: 72% ━━━━━━━━╸─── 24/33 3.4it/s 38.5s<2.6s
[K      10/30      1.12G      9.206         16        224: 75% ━━━━━━━━━─── 25/33 5.0it/s 38.6s<1.6s
[K      10/30      1.12G      9.026         16        224: 78% ━━━━━━━━━─── 26/33 3.7it/s 40.6s<1.9s
[K      10/30      1.12G      8.904         16        224: 81% ━━━━━━━━━╸── 27/33 4.8it/s 40.8s<1.2s
[K      10/30      1.12G      9.031         16        224: 84% ━━━━━━━━━━── 28/33 3.5it/s 43.4s<1.4s
[K      10/30      1.12G      9.121         16        224: 87% ━━━━━━━━━━╸─ 29/33 4.9it/s 43.6s<0.8s
[K      10/30      1.12G      9.145         16        224: 90% ━━━━━━━━━━╸─ 30/33 3.5it/s 46.0s<0.8s
[K      10/30      1.12G      9.061         16        224: 93% ━━━━━━━━━━━─ 31/33 4.9it/s 46.2s<0.4s
[K      10/30      1.12G      9.507          1        224: 96% ━━━━━━━━━━━╸ 32/33 4.8it/s 46.4s<0.2s
[K      10/30      1.12G      9.507          1        224: 100% ━━━━━━━━━━━━ 33/33 1.4s/it 46.4s

[K               classes   top1_acc   top5_acc: 75% ━━━━━━━━━─── 3/4 7.7it/s 0.1s<0.1s
[K               classes   top1_acc   top5_acc: 100% ━━━━━━━━━━━━ 4/4 26.1it/s 0.2s
                   all      0.673          1

      Epoch    GPU_mem       loss  Instances       Size

[K      11/30      1.12G      6.964         16        224: 0% ──────────── 0/33  0.2s
[K      11/30      1.12G      8.463         16        224: 3% ──────────── 1/33 12.2s/it 3.9s<6:30
[K      11/30      1.12G      8.358         16        224: 6% ╸─────────── 2/33 2.8s/it 4.9s<1:26
[K      11/30      1.12G      8.918         16        224: 9% ━─────────── 3/33 3.2s/it 9.5s<1:35
[K      11/30      1.12G      8.254         16        224: 12% ━─────────── 4/33 1.5it/s 9.7s<19.2s
[K      11/30      1.12G      8.165         16        224: 15% ━╸────────── 5/33 1.1it/s 13.6s<24.7s
[K      11/30      1.12G      8.117         16        224: 18% ━━────────── 6/33 1.1it/s 14.6s<24.6s
[K      11/30      1.12G        7.6         16        224: 21% ━━╸───────── 7/33 1.1s/it 16.6s<28.3s
[K      11/30      1.12G       8.23         16        224: 24% ━━╸───────── 8/33 1.2s/it 18.0s<29.4s
[K      11/30      1.12G      8.371         16        224: 27% ━━━───────── 9/33 1.1s/it 18.9s<25.3s
[K      11/30      1.12G       8.37         16        224: 30% ━━━╸──────── 10/33 1.2s/it 20.6s<27.5s
[K      11/30      1.12G      8.649         16        224: 33% ━━━━──────── 11/33 1.1it/s 21.2s<19.5s
[K      11/30      1.12G      8.538         16        224: 36% ━━━━──────── 12/33 1.1s/it 23.4s<22.8s
[K      11/30      1.12G      8.612         16        224: 39% ━━━━╸─────── 13/33 2.2it/s 23.6s<9.3s
[K      11/30      1.12G      8.828         16        224: 42% ━━━━━─────── 14/33 1.6it/s 26.2s<11.7s
[K      11/30      1.12G      8.863         16        224: 45% ━━━━━─────── 15/33 2.7it/s 26.4s<6.6s
[K      11/30      1.12G      9.019         16        224: 48% ━━━━━╸────── 16/33 2.0it/s 28.8s<8.4s
[K      11/30      1.12G      9.108         16        224: 51% ━━━━━━────── 17/33 2.9it/s 29.0s<5.5s
[K      11/30      1.12G      9.079         16        224: 54% ━━━━━━╸───── 18/33 2.2it/s 31.3s<7.0s
[K      11/30      1.12G      8.999         16        224: 57% ━━━━━━╸───── 19/33 1.9it/s 32.1s<7.4s
[K      11/30      1.12G      8.968         16        224: 60% ━━━━━━━───── 20/33 1.5it/s 34.2s<8.9s
[K      11/30      1.12G      8.911         16        224: 63% ━━━━━━━╸──── 21/33 1.4it/s 35.0s<8.4s
[K      11/30      1.12G      9.089         16        224: 66% ━━━━━━━━──── 22/33 1.2it/s 36.4s<9.1s
[K      11/30      1.12G      9.262         16        224: 69% ━━━━━━━━──── 23/33 1.0it/s 37.9s<9.5s
[K      11/30      1.12G      9.263         16        224: 72% ━━━━━━━━╸─── 24/33 1.0it/s 39.0s<8.9s
[K      11/30      1.12G      9.299         16        224: 75% ━━━━━━━━━─── 25/33 1.0s/it 40.2s<8.3s
[K      11/30      1.12G      9.509         16        224: 78% ━━━━━━━━━─── 26/33 1.1s/it 41.3s<7.4s
[K      11/30      1.12G      9.647         16        224: 81% ━━━━━━━━━╸── 27/33 1.1s/it 42.6s<6.8s
[K      11/30      1.12G      9.737         16        224: 84% ━━━━━━━━━━── 28/33 1.1s/it 43.8s<5.7s
[K      11/30      1.12G      9.688         16        224: 87% ━━━━━━━━━━╸─ 29/33 1.3s/it 45.5s<5.1s
[K      11/30      1.12G      9.863         16        224: 90% ━━━━━━━━━━╸─ 30/33 1.3s/it 46.8s<3.8s
[K      11/30      1.12G      9.932         16        224: 93% ━━━━━━━━━━━─ 31/33 1.2s/it 47.8s<2.4s
[K      11/30      1.12G      10.37          1        224: 96% ━━━━━━━━━━━╸ 32/33 2.9it/s 47.9s<0.3s
[K      11/30      1.12G      10.37          1        224: 100% ━━━━━━━━━━━━ 33/33 1.5s/it 47.9s

[K               classes   top1_acc   top5_acc: 75% ━━━━━━━━━─── 3/4 5.8it/s 0.2s<0.2s
[K               classes   top1_acc   top5_acc: 100% ━━━━━━━━━━━━ 4/4 19.7it/s 0.2s
                   all      0.482          1

      Epoch    GPU_mem       loss  Instances       Size

[K      12/30      1.12G      9.496         16        224: 0% ──────────── 0/33  2.7s
[K      12/30      1.12G      9.409         16        224: 3% ──────────── 1/33 1.5it/s 2.9s<21.5s
[K      12/30      1.12G      9.561         16        224: 6% ╸─────────── 2/33 1.1it/s 8.0s<28.2s
[K      12/30      1.12G       10.1         16        224: 9% ━─────────── 3/33 2.2it/s 8.2s<13.6s
[K      12/30      1.12G      9.923         16        224: 12% ━─────────── 4/33 1.6it/s 13.2s<18.0s
[K      12/30      1.12G      10.68         16        224: 15% ━╸────────── 5/33 2.9it/s 13.4s<9.8s
[K      12/30      1.12G      10.61         16        224: 18% ━━────────── 6/33 2.1it/s 17.0s<13.0s
[K      12/30      1.12G      10.61         16        224: 21% ━━╸───────── 7/33 3.7it/s 17.1s<7.0s
[K      12/30      1.12G      10.05         16        224: 24% ━━╸───────── 8/33 2.7it/s 19.8s<9.2s
[K      12/30      1.12G      10.14         16        224: 27% ━━━───────── 9/33 4.0it/s 20.0s<6.0s
[K      12/30      1.12G      9.924         16        224: 30% ━━━╸──────── 10/33 2.9it/s 22.2s<7.9s
[K      12/30      1.12G      9.647         16        224: 33% ━━━━──────── 11/33 4.4it/s 22.4s<5.0s
[K      12/30      1.12G      9.954         16        224: 36% ━━━━──────── 12/33 3.2it/s 25.0s<6.5s
[K      12/30      1.12G      9.698         16        224: 39% ━━━━╸─────── 13/33 4.8it/s 25.2s<4.2s
[K      12/30      1.12G      9.774         16        224: 42% ━━━━━─────── 14/33 3.5it/s 27.7s<5.5s
[K      12/30      1.12G      9.687         16        224: 45% ━━━━━─────── 15/33 5.0it/s 27.8s<3.6s
[K      12/30      1.12G      9.537         16        224: 48% ━━━━━╸────── 16/33 3.6it/s 30.2s<4.7s
[K      12/30      1.12G      9.585         16        224: 51% ━━━━━━────── 17/33 5.0it/s 30.3s<3.2s
[K      12/30      1.12G       9.65         16        224: 54% ━━━━━━╸───── 18/33 3.6it/s 32.5s<4.1s
[K      12/30      1.12G      9.603         16        224: 57% ━━━━━━╸───── 19/33 5.3it/s 32.6s<2.6s
[K      12/30      1.12G       9.84         16        224: 60% ━━━━━━━───── 20/33 3.9it/s 35.0s<3.4s
[K      12/30      1.12G      9.775         16        224: 63% ━━━━━━━╸──── 21/33 5.0it/s 35.2s<2.4s
[K      12/30      1.12G      9.898         16        224: 66% ━━━━━━━━──── 22/33 3.6it/s 37.6s<3.0s
[K      12/30      1.12G      9.883         16        224: 69% ━━━━━━━━──── 23/33 5.0it/s 37.7s<2.0s
[K      12/30      1.12G      9.931         16        224: 72% ━━━━━━━━╸─── 24/33 3.6it/s 40.0s<2.5s
[K      12/30      1.12G      9.845         16        224: 75% ━━━━━━━━━─── 25/33 5.1it/s 40.1s<1.6s
[K      12/30      1.12G      9.921         16        224: 78% ━━━━━━━━━─── 26/33 3.7it/s 42.7s<1.9s
[K      12/30      1.12G       9.77         16        224: 81% ━━━━━━━━━╸── 27/33 5.3it/s 42.8s<1.1s
[K      12/30      1.12G      9.811         16        224: 84% ━━━━━━━━━━── 28/33 3.8it/s 45.2s<1.3s
[K      12/30      1.12G       9.78         16        224: 87% ━━━━━━━━━━╸─ 29/33 5.3it/s 45.4s<0.8s
[K      12/30      1.12G      9.977         16        224: 90% ━━━━━━━━━━╸─ 30/33 3.8it/s 48.0s<0.8s
[K      12/30      1.12G       9.94         16        224: 93% ━━━━━━━━━━━─ 31/33 5.1it/s 48.1s<0.4s
[K      12/30      1.12G      10.08          1        224: 96% ━━━━━━━━━━━╸ 32/33 5.2it/s 48.3s<0.2s
[K      12/30      1.12G      10.08          1        224: 100% ━━━━━━━━━━━━ 33/33 1.5s/it 48.3s

[K               classes   top1_acc   top5_acc: 75% ━━━━━━━━━─── 3/4 6.9it/s 0.1s<0.1s
[K               classes   top1_acc   top5_acc: 100% ━━━━━━━━━━━━ 4/4 24.2it/s 0.2s
                   all      0.732          1

      Epoch    GPU_mem       loss  Instances       Size

[K      13/30      1.12G      6.911         16        224: 0% ──────────── 0/33  0.4s
[K      13/30      1.12G       6.87         16        224: 3% ──────────── 1/33 11.7s/it 3.9s<6:15
[K      13/30      1.12G      9.036         16        224: 6% ╸─────────── 2/33 1.0it/s 4.2s<29.9s
[K      13/30      1.12G      9.614         16        224: 9% ━─────────── 3/33 1.3s/it 9.1s<38.2s
[K      13/30      1.12G      9.036         16        224: 12% ━─────────── 4/33 1.4it/s 9.5s<20.2s
[K      13/30      1.12G      9.265         16        224: 15% ━╸────────── 5/33 1.1it/s 14.0s<26.1s
[K      13/30      1.12G      8.591         16        224: 18% ━━────────── 6/33 1.3it/s 14.6s<21.4s
[K      13/30      1.12G      9.401         16        224: 21% ━━╸───────── 7/33 1.0s/it 17.4s<26.3s
[K      13/30      1.12G      8.906         16        224: 24% ━━╸───────── 8/33 1.8it/s 17.7s<13.5s
[K      13/30      1.12G      9.232         16        224: 27% ━━━───────── 9/33 1.4it/s 19.8s<16.7s
[K      13/30      1.12G      8.823         16        224: 30% ━━━╸──────── 10/33 1.6it/s 20.3s<14.3s
[K      13/30      1.12G      9.211         16        224: 33% ━━━━──────── 11/33 1.3it/s 22.6s<17.5s
[K      13/30      1.12G      9.226         16        224: 36% ━━━━──────── 12/33 1.6it/s 23.0s<13.3s
[K      13/30      1.12G      9.571         16        224: 39% ━━━━╸─────── 13/33 1.3it/s 24.9s<15.7s
[K      13/30      1.12G      9.209         16        224: 42% ━━━━━─────── 14/33 1.3it/s 25.7s<14.9s
[K      13/30      1.12G      9.191         16        224: 45% ━━━━━─────── 15/33 1.0it/s 27.7s<17.4s
[K      13/30      1.12G      9.082         16        224: 48% ━━━━━╸────── 16/33 1.2it/s 28.3s<13.9s
[K      13/30      1.12G      8.987         16        224: 51% ━━━━━━────── 17/33 1.0s/it 30.5s<16.0s
[K      13/30      1.12G       9.04         16        224: 54% ━━━━━━╸───── 18/33 1.5it/s 30.9s<9.9s
[K      13/30      1.12G      8.863         16        224: 57% ━━━━━━╸───── 19/33 1.2it/s 33.3s<11.8s
[K      13/30      1.12G      8.977         16        224: 60% ━━━━━━━───── 20/33 2.9it/s 33.5s<4.4s
[K      13/30      1.12G      8.896         16        224: 63% ━━━━━━━╸──── 21/33 2.2it/s 35.8s<5.5s
[K      13/30      1.12G      9.118         16        224: 66% ━━━━━━━━──── 22/33 3.6it/s 36.0s<3.1s
[K      13/30      1.12G      9.256         16        224: 69% ━━━━━━━━──── 23/33 2.6it/s 38.6s<3.8s
[K      13/30      1.12G      9.286         16        224: 72% ━━━━━━━━╸─── 24/33 4.1it/s 38.8s<2.2s
[K      13/30      1.12G      9.118         16        224: 75% ━━━━━━━━━─── 25/33 2.9it/s 41.6s<2.7s
[K      13/30      1.12G      9.142         16        224: 78% ━━━━━━━━━─── 26/33 4.2it/s 41.8s<1.7s
[K      13/30      1.12G      9.052         16        224: 81% ━━━━━━━━━╸── 27/33 3.0it/s 44.2s<2.0s
[K      13/30      1.12G      8.939         16        224: 84% ━━━━━━━━━━── 28/33 4.4it/s 44.3s<1.1s
[K      13/30      1.12G      8.981         16        224: 87% ━━━━━━━━━━╸─ 29/33 3.2it/s 46.3s<1.2s
[K      13/30      1.12G      8.886         16        224: 90% ━━━━━━━━━━╸─ 30/33 4.2it/s 46.5s<0.7s
[K      13/30      1.12G      8.818         16        224: 93% ━━━━━━━━━━━─ 31/33 3.1it/s 49.3s<0.7s
[K      13/30      1.12G      9.806          1        224: 96% ━━━━━━━━━━━╸ 32/33 4.7it/s 49.4s<0.2s
[K      13/30      1.12G      9.806          1        224: 100% ━━━━━━━━━━━━ 33/33 1.5s/it 49.5s

[K               classes   top1_acc   top5_acc: 50% ━━━━━━────── 2/4 5.7it/s 0.1s<0.3s
[K               classes   top1_acc   top5_acc: 100% ━━━━━━━━━━━━ 4/4 19.3it/s 0.2s
                   all      0.745          1

      Epoch    GPU_mem       loss  Instances       Size

[K      14/30      1.12G      4.139         16        224: 0% ──────────── 0/33  3.1s
[K      14/30      1.12G      7.308         16        224: 3% ──────────── 1/33 1.1it/s 3.4s<30.1s
[K      14/30      1.12G      6.719         16        224: 6% ╸─────────── 2/33 1.2s/it 8.7s<38.7s
[K      14/30      1.12G      8.741         16        224: 9% ━─────────── 3/33 2.1it/s 8.9s<14.5s
[K      14/30      1.12G      8.357         16        224: 12% ━─────────── 4/33 1.5it/s 14.0s<19.2s
[K      14/30      1.12G      7.598         16        224: 15% ━╸────────── 5/33 2.8it/s 14.2s<9.9s
[K      14/30      1.12G      7.288         16        224: 18% ━━────────── 6/33 2.1it/s 17.5s<13.1s
[K      14/30      1.12G      7.598         16        224: 21% ━━╸───────── 7/33 4.3it/s 17.6s<6.0s
[K      14/30      1.12G      8.193         16        224: 24% ━━╸───────── 8/33 3.2it/s 20.2s<7.9s
[K      14/30      1.12G      8.667         16        224: 27% ━━━───────── 9/33 4.9it/s 20.3s<4.9s
[K      14/30      1.12G      8.472         16        224: 30% ━━━╸──────── 10/33 3.5it/s 22.9s<6.5s
[K      14/30      1.12G      8.342         16        224: 33% ━━━━──────── 11/33 4.9it/s 23.0s<4.5s
[K      14/30      1.12G      8.823         16        224: 36% ━━━━──────── 12/33 3.5it/s 25.3s<5.9s
[K      14/30      1.12G       8.93         16        224: 39% ━━━━╸─────── 13/33 4.6it/s 25.5s<4.3s
[K      14/30      1.12G      9.198         16        224: 42% ━━━━━─────── 14/33 3.4it/s 27.6s<5.6s
[K      14/30      1.12G      9.416         16        224: 45% ━━━━━─────── 15/33 4.9it/s 27.7s<3.7s
[K      14/30      1.12G      9.425         16        224: 48% ━━━━━╸────── 16/33 3.6it/s 30.0s<4.8s
[K      14/30      1.12G      9.471         16        224: 51% ━━━━━━────── 17/33 4.8it/s 30.1s<3.3s
[K      14/30      1.12G      9.348         16        224: 54% ━━━━━━╸───── 18/33 3.5it/s 32.1s<4.3s
[K      14/30      1.12G      9.594         16        224: 57% ━━━━━━╸───── 19/33 4.6it/s 32.2s<3.0s
[K      14/30      1.12G      9.431         16        224: 60% ━━━━━━━───── 20/33 3.4it/s 34.6s<3.9s
[K      14/30      1.12G      9.535         16        224: 63% ━━━━━━━╸──── 21/33 4.7it/s 34.7s<2.5s
[K      14/30      1.12G      9.573         16        224: 66% ━━━━━━━━──── 22/33 3.5it/s 37.0s<3.2s
[K      14/30      1.12G      9.347         16        224: 69% ━━━━━━━━──── 23/33 4.5it/s 37.1s<2.2s
[K      14/30      1.12G      9.498         16        224: 72% ━━━━━━━━╸─── 24/33 3.2it/s 39.8s<2.8s
[K      14/30      1.12G      9.367         16        224: 75% ━━━━━━━━━─── 25/33 5.0it/s 39.9s<1.6s
[K      14/30      1.12G      9.276         16        224: 78% ━━━━━━━━━─── 26/33 3.6it/s 42.7s<1.9s
[K      14/30      1.12G      9.312         16        224: 81% ━━━━━━━━━╸── 27/33 5.5it/s 42.8s<1.1s
[K      14/30      1.12G      9.245         16        224: 84% ━━━━━━━━━━── 28/33 4.1it/s 44.4s<1.2s
[K      14/30      1.12G      9.288         16        224: 87% ━━━━━━━━━━╸─ 29/33 4.5it/s 44.6s<0.9s
[K      14/30      1.12G      9.233         16        224: 90% ━━━━━━━━━━╸─ 30/33 3.3it/s 47.0s<0.9s
[K      14/30      1.12G       9.19         16        224: 93% ━━━━━━━━━━━─ 31/33 4.7it/s 47.1s<0.4s
[K      14/30      1.12G        9.5          1        224: 96% ━━━━━━━━━━━╸ 32/33 4.6it/s 47.4s<0.2s
[K      14/30      1.12G        9.5          1        224: 100% ━━━━━━━━━━━━ 33/33 1.4s/it 47.4s

[K               classes   top1_acc   top5_acc: 75% ━━━━━━━━━─── 3/4 5.6it/s 0.2s<0.2s
[K               classes   top1_acc   top5_acc: 100% ━━━━━━━━━━━━ 4/4 18.6it/s 0.2s
                   all      0.695          1

      Epoch    GPU_mem       loss  Instances       Size

[K      15/30      1.12G      11.43         16        224: 0% ──────────── 0/33  0.2s
[K      15/30      1.12G      10.75         16        224: 3% ──────────── 1/33 10.1s/it 3.2s<5:22
[K      15/30      1.12G      8.766         16        224: 6% ╸─────────── 2/33 4.6s/it 5.2s<2:21
[K      15/30      1.12G       9.28         16        224: 9% ━─────────── 3/33 4.3s/it 9.0s<2:08
[K      15/30      1.12G      8.982         16        224: 12% ━─────────── 4/33 1.6s/it 9.6s<47.4s
[K      15/30      1.12G      9.543         16        224: 15% ━╸────────── 5/33 2.0s/it 13.8s<56.0s
[K      15/30      1.12G      8.917         16        224: 18% ━━────────── 6/33 1.1it/s 14.2s<24.0s
[K      15/30      1.12G      8.375         16        224: 21% ━━╸───────── 7/33 1.1s/it 17.6s<29.6s
[K      15/30      1.12G      8.037         16        224: 24% ━━╸───────── 8/33 3.2it/s 17.7s<7.9s
[K      15/30      1.12G      8.361         16        224: 27% ━━━───────── 9/33 2.3it/s 20.7s<10.3s
[K      15/30      1.12G      8.231         16        224: 30% ━━━╸──────── 10/33 3.8it/s 20.8s<6.0s
[K      15/30      1.12G      8.262         16        224: 33% ━━━━──────── 11/33 2.8it/s 22.9s<7.8s
[K      15/30      1.12G      8.015         16        224: 36% ━━━━──────── 12/33 4.3it/s 23.1s<4.9s
[K      15/30      1.12G      7.988         16        224: 39% ━━━━╸─────── 13/33 3.1it/s 25.9s<6.5s
[K      15/30      1.12G      7.998         16        224: 42% ━━━━━─────── 14/33 3.5it/s 26.1s<5.4s
[K      15/30      1.12G       7.76         16        224: 45% ━━━━━─────── 15/33 2.6it/s 28.7s<7.0s
[K      15/30      1.12G      7.865         16        224: 48% ━━━━━╸────── 16/33 4.4it/s 28.9s<3.9s
[K      15/30      1.12G      7.721         16        224: 51% ━━━━━━────── 17/33 3.2it/s 30.4s<4.9s
[K      15/30      1.12G      7.791         16        224: 54% ━━━━━━╸───── 18/33 2.6it/s 31.2s<5.7s
[K      15/30      1.12G       7.72         16        224: 57% ━━━━━━╸───── 19/33 2.0it/s 33.3s<7.0s
[K      15/30      1.12G      7.676         16        224: 60% ━━━━━━━───── 20/33 2.0it/s 33.8s<6.7s
[K      15/30      1.12G      7.719         16        224: 63% ━━━━━━━╸──── 21/33 1.5it/s 35.9s<7.9s
[K      15/30      1.12G      7.837         16        224: 66% ━━━━━━━━──── 22/33 1.4it/s 36.8s<7.8s
[K      15/30      1.12G      7.943         16        224: 69% ━━━━━━━━──── 23/33 1.2it/s 38.4s<8.5s
[K      15/30      1.12G       7.94         16        224: 72% ━━━━━━━━╸─── 24/33 1.2it/s 39.2s<7.7s
[K      15/30      1.12G      8.042         16        224: 75% ━━━━━━━━━─── 25/33 1.0s/it 41.2s<8.2s
[K      15/30      1.12G      8.013         16        224: 78% ━━━━━━━━━─── 26/33 1.0s/it 42.2s<7.3s
[K      15/30      1.12G      8.025         16        224: 81% ━━━━━━━━━╸── 27/33 1.1s/it 43.4s<6.5s
[K      15/30      1.12G       7.97         16        224: 84% ━━━━━━━━━━── 28/33 1.2s/it 44.8s<5.8s
[K      15/30      1.12G      7.935         16        224: 87% ━━━━━━━━━━╸─ 29/33 1.2s/it 46.2s<4.8s
[K      15/30      1.12G      7.952         16        224: 90% ━━━━━━━━━━╸─ 30/33 1.3s/it 47.6s<3.8s
[K      15/30      1.12G      7.978         16        224: 93% ━━━━━━━━━━━─ 31/33 1.2s/it 48.7s<2.4s
[K      15/30      1.12G      8.247          1        224: 96% ━━━━━━━━━━━╸ 32/33 3.1it/s 48.8s<0.3s
[K      15/30      1.12G      8.247          1        224: 100% ━━━━━━━━━━━━ 33/33 1.5s/it 48.8s

[K               classes   top1_acc   top5_acc: 75% ━━━━━━━━━─── 3/4 7.4it/s 0.1s<0.1s
[K               classes   top1_acc   top5_acc: 100% ━━━━━━━━━━━━ 4/4 23.5it/s 0.2s
                   all       0.75          1

      Epoch    GPU_mem       loss  Instances       Size

[K      16/30      1.12G      5.321         16        224: 0% ──────────── 0/33  2.8s
[K      16/30      1.12G      6.343         16        224: 3% ──────────── 1/33 1.6s/it 3.3s<50.7s
[K      16/30      1.12G      6.372         16        224: 6% ╸─────────── 2/33 1.9s/it 7.1s<59.6s
[K      16/30      1.12G       7.29         16        224: 9% ━─────────── 3/33 1.9s/it 9.0s<56.9s
[K      16/30      1.12G      8.091         16        224: 12% ━─────────── 4/33 2.1s/it 12.1s<1:02
[K      16/30      1.12G      7.714         16        224: 15% ━╸────────── 5/33 2.0s/it 13.8s<56.3s
[K      16/30      1.12G      7.526         16        224: 18% ━━────────── 6/33 2.1s/it 16.4s<58.0s
[K      16/30      1.12G      6.998         16        224: 21% ━━╸───────── 7/33 1.4s/it 17.2s<36.0s
[K      16/30      1.12G      7.239         16        224: 24% ━━╸───────── 8/33 1.5s/it 18.9s<37.1s
[K      16/30      1.12G      7.231         16        224: 27% ━━━───────── 9/33 1.1it/s 19.4s<21.8s
[K      16/30      1.12G       7.11         16        224: 30% ━━━╸──────── 10/33 1.1s/it 21.1s<24.2s
[K      16/30      1.12G      6.997         16        224: 33% ━━━━──────── 11/33 1.1s/it 22.1s<23.1s
[K      16/30      1.12G      6.981         16        224: 36% ━━━━──────── 12/33 1.2s/it 24.1s<25.7s
[K      16/30      1.12G      6.977         16        224: 39% ━━━━╸─────── 13/33 1.1it/s 24.7s<18.5s
[K      16/30      1.12G      6.941         16        224: 42% ━━━━━─────── 14/33 1.1s/it 26.6s<20.7s
[K      16/30      1.12G      7.048         16        224: 45% ━━━━━─────── 15/33 1.0it/s 27.3s<17.4s
[K      16/30      1.12G        7.4         16        224: 48% ━━━━━╸────── 16/33 1.1s/it 29.0s<18.9s
[K      16/30      1.12G      7.278         16        224: 51% ━━━━━━────── 17/33 1.1s/it 30.2s<17.8s
[K      16/30      1.12G       7.09         16        224: 54% ━━━━━━╸───── 18/33 1.2s/it 31.7s<18.3s
[K      16/30      1.12G      7.052         16        224: 57% ━━━━━━╸───── 19/33 1.2s/it 32.8s<16.4s
[K      16/30      1.12G       7.05         16        224: 60% ━━━━━━━───── 20/33 1.4s/it 34.9s<17.6s
[K      16/30      1.12G      7.197         16        224: 63% ━━━━━━━╸──── 21/33 1.0it/s 35.5s<11.8s
[K      16/30      1.12G      7.269         16        224: 66% ━━━━━━━━──── 22/33 1.2s/it 37.6s<12.8s
[K      16/30      1.12G      7.296         16        224: 69% ━━━━━━━━──── 23/33 1.6it/s 37.9s<6.4s
[K      16/30      1.12G       7.29         16        224: 72% ━━━━━━━━╸─── 24/33 1.2it/s 40.0s<7.2s
[K      16/30      1.12G      7.575         16        224: 75% ━━━━━━━━━─── 25/33 1.5it/s 40.5s<5.4s
[K      16/30      1.12G      7.657         16        224: 78% ━━━━━━━━━─── 26/33 1.2it/s 42.5s<5.9s
[K      16/30      1.12G       7.83         16        224: 81% ━━━━━━━━━╸── 27/33 1.5it/s 42.9s<4.1s
[K      16/30      1.12G      7.849         16        224: 84% ━━━━━━━━━━── 28/33 1.2it/s 45.1s<4.3s
[K      16/30      1.12G      7.965         16        224: 87% ━━━━━━━━━━╸─ 29/33 1.1it/s 46.1s<3.6s
[K      16/30      1.12G      8.048         16        224: 90% ━━━━━━━━━━╸─ 30/33 1.0it/s 47.4s<3.0s
[K      16/30      1.12G       8.25         16        224: 93% ━━━━━━━━━━━─ 31/33 1.0s/it 48.5s<2.0s
[K      16/30      1.12G      8.381          1        224: 96% ━━━━━━━━━━━╸ 32/33 2.3it/s 48.7s<0.4s
[K      16/30      1.12G      8.381          1        224: 100% ━━━━━━━━━━━━ 33/33 1.5s/it 48.7s

[K               classes   top1_acc   top5_acc: 50% ━━━━━━────── 2/4 4.7it/s 0.1s<0.4s
[K               classes   top1_acc   top5_acc: 100% ━━━━━━━━━━━━ 4/4 16.3it/s 0.2s
                   all        0.7          1

      Epoch    GPU_mem       loss  Instances       Size

[K      17/30      1.12G      8.425         16        224: 0% ──────────── 0/33  3.4s
[K      17/30      1.12G       8.49         16        224: 3% ──────────── 1/33 1.1s/it 3.7s<33.8s
[K      17/30      1.12G      8.579         16        224: 6% ╸─────────── 2/33 1.4s/it 7.8s<42.1s
[K      17/30      1.12G      7.521         16        224: 9% ━─────────── 3/33 1.5it/s 8.1s<19.6s
[K      17/30      1.12G      7.565         16        224: 12% ━─────────── 4/33 1.1it/s 12.5s<25.4s
[K      17/30      1.12G      7.671         16        224: 15% ━╸────────── 5/33 1.9it/s 12.7s<14.4s
[K      17/30      1.12G      7.982         16        224: 18% ━━────────── 6/33 1.4it/s 16.7s<18.8s
[K      17/30      1.12G      7.358         16        224: 21% ━━╸───────── 7/33 2.3it/s 16.9s<11.1s
[K      17/30      1.12G       7.53         16        224: 24% ━━╸───────── 8/33 1.8it/s 18.3s<13.5s
[K      17/30      1.12G      7.476         16        224: 27% ━━━───────── 9/33 2.8it/s 18.5s<8.5s
[K      17/30      1.12G      7.505         16        224: 30% ━━━╸──────── 10/33 2.1it/s 20.6s<10.8s
[K      17/30      1.12G      7.596         16        224: 33% ━━━━──────── 11/33 2.8it/s 20.9s<7.8s
[K      17/30      1.12G      7.238         16        224: 36% ━━━━──────── 12/33 2.1it/s 23.1s<9.9s
[K      17/30      1.12G      7.287         16        224: 39% ━━━━╸─────── 13/33 2.0it/s 23.7s<10.0s
[K      17/30      1.12G      7.326         16        224: 42% ━━━━━─────── 14/33 1.5it/s 26.5s<12.7s
[K      17/30      1.12G      7.448         16        224: 45% ━━━━━─────── 15/33 2.4it/s 26.7s<7.4s
[K      17/30      1.12G      7.448         16        224: 48% ━━━━━╸────── 16/33 1.9it/s 28.6s<9.1s
[K      17/30      1.12G      7.425         16        224: 51% ━━━━━━────── 17/33 1.8it/s 29.2s<8.9s
[K      17/30      1.12G        7.2         16        224: 54% ━━━━━━╸───── 18/33 1.4it/s 31.0s<10.5s
[K      17/30      1.12G      7.257         16        224: 57% ━━━━━━╸───── 19/33 1.3it/s 31.9s<10.4s
[K      17/30      1.12G      7.218         16        224: 60% ━━━━━━━───── 20/33 1.2it/s 33.3s<11.2s
[K      17/30      1.12G      7.336         16        224: 63% ━━━━━━━╸──── 21/33 1.1it/s 34.5s<11.3s
[K      17/30      1.12G      7.368         16        224: 66% ━━━━━━━━──── 22/33 1.0s/it 35.9s<11.4s
[K      17/30      1.12G      7.617         16        224: 69% ━━━━━━━━──── 23/33 1.2s/it 37.4s<11.6s
[K      17/30      1.12G      7.584         16        224: 72% ━━━━━━━━╸─── 24/33 1.1s/it 38.5s<10.1s
[K      17/30      1.12G      7.846         16        224: 75% ━━━━━━━━━─── 25/33 1.1s/it 39.7s<9.2s
[K      17/30      1.12G      7.805         16        224: 78% ━━━━━━━━━─── 26/33 1.3s/it 41.5s<9.1s
[K      17/30      1.12G      7.925         16        224: 81% ━━━━━━━━━╸── 27/33 1.1s/it 42.3s<6.4s
[K      17/30      1.12G      8.035         16        224: 84% ━━━━━━━━━━── 28/33 1.3s/it 44.6s<6.4s
[K      17/30      1.12G      7.947         16        224: 87% ━━━━━━━━━━╸─ 29/33 2.0it/s 44.8s<2.0s
[K      17/30      1.12G       7.92         16        224: 90% ━━━━━━━━━━╸─ 30/33 1.6it/s 46.6s<1.9s
[K      17/30      1.12G      7.906         16        224: 93% ━━━━━━━━━━━─ 31/33 1.7it/s 47.1s<1.2s
[K      17/30      1.12G      7.969          1        224: 96% ━━━━━━━━━━━╸ 32/33 3.9it/s 47.2s<0.3s
[K      17/30      1.12G      7.969          1        224: 100% ━━━━━━━━━━━━ 33/33 1.4s/it 47.2s

[K               classes   top1_acc   top5_acc: 50% ━━━━━━────── 2/4 5.3it/s 0.1s<0.4s
[K               classes   top1_acc   top5_acc: 100% ━━━━━━━━━━━━ 4/4 18.1it/s 0.2s
                   all      0.759          1

      Epoch    GPU_mem       loss  Instances       Size

[K      18/30      1.12G      5.814         16        224: 0% ──────────── 0/33  2.7s
[K      18/30      1.12G      6.337         16        224: 3% ──────────── 1/33 1.5it/s 2.9s<21.2s
[K      18/30      1.12G      6.394         16        224: 6% ╸─────────── 2/33 1.1it/s 8.4s<27.9s
[K      18/30      1.12G      6.385         16        224: 9% ━─────────── 3/33 2.3it/s 8.6s<13.0s
[K      18/30      1.12G      6.865         16        224: 12% ━─────────── 4/33 1.7it/s 13.2s<17.2s
[K      18/30      1.12G       6.81         16        224: 15% ━╸────────── 5/33 3.3it/s 13.4s<8.6s
[K      18/30      1.12G      6.628         16        224: 18% ━━────────── 6/33 2.4it/s 16.3s<11.3s
[K      18/30      1.12G      6.591         16        224: 21% ━━╸───────── 7/33 4.0it/s 16.4s<6.6s
[K      18/30      1.12G      6.916         16        224: 24% ━━╸───────── 8/33 2.9it/s 18.9s<8.6s
[K      18/30      1.12G      6.967         16        224: 27% ━━━───────── 9/33 4.1it/s 19.1s<5.9s
[K      18/30      1.12G      6.817         16        224: 30% ━━━╸──────── 10/33 3.0it/s 21.8s<7.8s
[K      18/30      1.12G      6.875         16        224: 33% ━━━━──────── 11/33 4.5it/s 22.0s<4.9s
[K      18/30      1.12G      6.915         16        224: 36% ━━━━──────── 12/33 3.2it/s 24.5s<6.5s
[K      18/30      1.12G       7.17         16        224: 39% ━━━━╸─────── 13/33 4.7it/s 24.6s<4.2s
[K      18/30      1.12G      7.331         16        224: 42% ━━━━━─────── 14/33 3.4it/s 27.4s<5.6s
[K      18/30      1.12G      7.486         16        224: 45% ━━━━━─────── 15/33 4.7it/s 27.5s<3.9s
[K      18/30      1.12G       7.54         16        224: 48% ━━━━━╸────── 16/33 3.4it/s 30.2s<5.0s
[K      18/30      1.12G      7.848         16        224: 51% ━━━━━━────── 17/33 4.5it/s 30.3s<3.6s
[K      18/30      1.12G      7.712         16        224: 54% ━━━━━━╸───── 18/33 3.2it/s 33.2s<4.6s
[K      18/30      1.12G      7.734         16        224: 57% ━━━━━━╸───── 19/33 4.6it/s 33.3s<3.0s
[K      18/30      1.12G      7.721         16        224: 60% ━━━━━━━───── 20/33 3.4it/s 35.9s<3.9s
[K      18/30      1.12G      7.797         16        224: 63% ━━━━━━━╸──── 21/33 4.5it/s 36.1s<2.7s
[K      18/30      1.12G      7.661         16        224: 66% ━━━━━━━━──── 22/33 3.3it/s 37.5s<3.3s
[K      18/30      1.12G      7.703         16        224: 69% ━━━━━━━━──── 23/33 4.6it/s 37.6s<2.2s
[K      18/30      1.12G      7.866         16        224: 72% ━━━━━━━━╸─── 24/33 3.4it/s 40.0s<2.7s
[K      18/30      1.12G      7.777         16        224: 75% ━━━━━━━━━─── 25/33 4.8it/s 40.1s<1.7s
[K      18/30      1.12G      7.769         16        224: 78% ━━━━━━━━━─── 26/33 3.5it/s 42.5s<2.0s
[K      18/30      1.12G       7.76         16        224: 81% ━━━━━━━━━╸── 27/33 4.6it/s 42.6s<1.3s
[K      18/30      1.12G      7.621         16        224: 84% ━━━━━━━━━━── 28/33 3.4it/s 44.7s<1.5s
[K      18/30      1.12G      7.687         16        224: 87% ━━━━━━━━━━╸─ 29/33 4.1it/s 44.8s<1.0s
[K      18/30      1.12G      7.792         16        224: 90% ━━━━━━━━━━╸─ 30/33 3.0it/s 47.3s<1.0s
[K      18/30      1.12G       7.89         16        224: 93% ━━━━━━━━━━━─ 31/33 4.1it/s 47.5s<0.5s
[K      18/30      1.12G      7.824          1        224: 96% ━━━━━━━━━━━╸ 32/33 4.3it/s 47.7s<0.2s
[K      18/30      1.12G      7.824          1        224: 100% ━━━━━━━━━━━━ 33/33 1.4s/it 47.7s

[K               classes   top1_acc   top5_acc: 50% ━━━━━━────── 2/4 5.8it/s 0.1s<0.3s
[K               classes   top1_acc   top5_acc: 100% ━━━━━━━━━━━━ 4/4 18.9it/s 0.2s
                   all      0.759          1

      Epoch    GPU_mem       loss  Instances       Size

[K      19/30      1.12G      7.391         16        224: 0% ──────────── 0/33  3.0s
[K      19/30      1.12G      5.821         16        224: 3% ──────────── 1/33 1.1it/s 3.3s<28.8s
[K      19/30      1.12G      5.882         16        224: 6% ╸─────────── 2/33 1.2s/it 8.5s<37.1s
[K      19/30      1.12G       6.41         16        224: 9% ━─────────── 3/33 1.5it/s 8.8s<19.5s
[K      19/30      1.12G      6.032         16        224: 12% ━─────────── 4/33 1.1it/s 13.6s<25.4s
[K      19/30      1.12G      5.731         16        224: 15% ━╸────────── 5/33 1.7it/s 14.0s<16.1s
[K      19/30      1.12G      5.952         16        224: 18% ━━────────── 6/33 1.3it/s 17.6s<20.8s
[K      19/30      1.12G      5.909         16        224: 21% ━━╸───────── 7/33 2.4it/s 17.8s<11.0s
[K      19/30      1.12G      5.939         16        224: 24% ━━╸───────── 8/33 1.8it/s 19.9s<13.9s
[K      19/30      1.12G      5.805         16        224: 27% ━━━───────── 9/33 2.8it/s 20.1s<8.6s
[K      19/30      1.12G      5.658         16        224: 30% ━━━╸──────── 10/33 2.1it/s 22.5s<11.1s
[K      19/30      1.12G      5.708         16        224: 33% ━━━━──────── 11/33 3.1it/s 22.7s<7.2s
[K      19/30      1.12G      5.897         16        224: 36% ━━━━──────── 12/33 2.3it/s 24.8s<9.2s
[K      19/30      1.12G      5.979         16        224: 39% ━━━━╸─────── 13/33 2.0it/s 25.6s<10.0s
[K      19/30      1.12G      5.964         16        224: 42% ━━━━━─────── 14/33 1.5it/s 27.7s<12.4s
[K      19/30      1.12G      5.927         16        224: 45% ━━━━━─────── 15/33 2.0it/s 28.1s<8.9s
[K      19/30      1.12G       6.01         16        224: 48% ━━━━━╸────── 16/33 1.6it/s 30.1s<10.8s
[K      19/30      1.12G      6.264         16        224: 51% ━━━━━━────── 17/33 2.6it/s 30.3s<6.0s
[K      19/30      1.12G      6.296         16        224: 54% ━━━━━━╸───── 18/33 2.0it/s 33.1s<7.6s
[K      19/30      1.12G      6.381         16        224: 57% ━━━━━━╸───── 19/33 2.8it/s 33.3s<5.0s
[K      19/30      1.12G      6.278         16        224: 60% ━━━━━━━───── 20/33 2.1it/s 35.6s<6.3s
[K      19/30      1.12G      6.374         16        224: 63% ━━━━━━━╸──── 21/33 3.0it/s 35.8s<4.1s
[K      19/30      1.12G      6.378         16        224: 66% ━━━━━━━━──── 22/33 2.2it/s 38.3s<5.0s
[K      19/30      1.12G      6.394         16        224: 69% ━━━━━━━━──── 23/33 2.0it/s 39.0s<5.1s
[K      19/30      1.12G      6.363         16        224: 72% ━━━━━━━━╸─── 24/33 1.6it/s 40.4s<5.6s
[K      19/30      1.12G      6.391         16        224: 75% ━━━━━━━━━─── 25/33 1.9it/s 40.8s<4.3s
[K      19/30      1.12G      6.479         16        224: 78% ━━━━━━━━━─── 26/33 1.5it/s 43.0s<4.8s
[K      19/30      1.12G      6.341         16        224: 81% ━━━━━━━━━╸── 27/33 1.6it/s 43.5s<3.7s
[K      19/30      1.12G      6.391         16        224: 84% ━━━━━━━━━━── 28/33 1.3it/s 45.5s<3.9s
[K      19/30      1.12G      6.357         16        224: 87% ━━━━━━━━━━╸─ 29/33 2.2it/s 45.8s<1.9s
[K      19/30      1.12G      6.401         16        224: 90% ━━━━━━━━━━╸─ 30/33 1.6it/s 48.2s<1.8s
[K      19/30      1.12G      6.368         16        224: 93% ━━━━━━━━━━━─ 31/33 2.6it/s 48.4s<0.8s
[K      19/30      1.12G      6.646          1        224: 96% ━━━━━━━━━━━╸ 32/33 3.8it/s 48.6s<0.3s
[K      19/30      1.12G      6.646          1        224: 100% ━━━━━━━━━━━━ 33/33 1.5s/it 48.6s

[K               classes   top1_acc   top5_acc: 75% ━━━━━━━━━─── 3/4 6.2it/s 0.1s<0.2s
[K               classes   top1_acc   top5_acc: 100% ━━━━━━━━━━━━ 4/4 22.4it/s 0.2s
                   all      0.723          1

      Epoch    GPU_mem       loss  Instances       Size

[K      20/30      1.12G      6.504         16        224: 0% ──────────── 0/33  0.8s
[K      20/30      1.12G      8.133         16        224: 3% ──────────── 1/33 9.7s/it 3.7s<5:09
[K      20/30      1.12G      6.076         16        224: 6% ╸─────────── 2/33 4.5s/it 5.7s<2:19
[K      20/30      1.12G       6.18         16        224: 9% ━─────────── 3/33 4.2s/it 9.4s<2:07
[K      20/30      1.12G      7.383         16        224: 12% ━─────────── 4/33 2.1s/it 10.4s<1:01
[K      20/30      1.12G       7.06         16        224: 15% ━╸────────── 5/33 2.5s/it 15.0s<1:10
[K      20/30      1.12G      6.519         16        224: 18% ━━────────── 6/33 1.5it/s 15.2s<17.5s
[K      20/30      1.12G      6.318         16        224: 21% ━━╸───────── 7/33 1.2it/s 17.9s<21.8s
[K      20/30      1.12G      6.143         16        224: 24% ━━╸───────── 8/33 2.3it/s 18.1s<11.0s
[K      20/30      1.12G      6.664         16        224: 27% ━━━───────── 9/33 1.7it/s 20.4s<13.9s
[K      20/30      1.12G      6.554         16        224: 30% ━━━╸──────── 10/33 2.0it/s 20.8s<11.7s
[K      20/30      1.12G      6.483         16        224: 33% ━━━━──────── 11/33 1.5it/s 22.9s<14.5s
[K      20/30      1.12G      6.401         16        224: 36% ━━━━──────── 12/33 1.5it/s 23.6s<14.1s
[K      20/30      1.12G      6.375         16        224: 39% ━━━━╸─────── 13/33 1.2it/s 25.3s<16.4s
[K      20/30      1.12G      6.302         16        224: 42% ━━━━━─────── 14/33 2.4it/s 25.5s<8.0s
[K      20/30      1.12G      6.381         16        224: 45% ━━━━━─────── 15/33 1.8it/s 27.9s<10.0s
[K      20/30      1.12G      6.345         16        224: 48% ━━━━━╸────── 16/33 2.6it/s 28.1s<6.4s
[K      20/30      1.12G       6.15         16        224: 51% ━━━━━━────── 17/33 2.0it/s 30.7s<8.2s
[K      20/30      1.12G      6.154         16        224: 54% ━━━━━━╸───── 18/33 2.7it/s 30.9s<5.5s
[K      20/30      1.12G      6.317         16        224: 57% ━━━━━━╸───── 19/33 2.1it/s 33.1s<6.8s
[K      20/30      1.12G      6.363         16        224: 60% ━━━━━━━───── 20/33 2.2it/s 33.5s<5.8s
[K      20/30      1.12G      6.393         16        224: 63% ━━━━━━━╸──── 21/33 1.7it/s 35.4s<7.0s
[K      20/30      1.12G       6.35         16        224: 66% ━━━━━━━━──── 22/33 1.5it/s 36.2s<7.1s
[K      20/30      1.12G      6.353         16        224: 69% ━━━━━━━━──── 23/33 1.3it/s 37.9s<7.9s
[K      20/30      1.12G      6.345         16        224: 72% ━━━━━━━━╸─── 24/33 1.7it/s 38.3s<5.3s
[K      20/30      1.12G       6.39         16        224: 75% ━━━━━━━━━─── 25/33 1.3it/s 40.6s<6.1s
[K      20/30      1.12G      6.531         16        224: 78% ━━━━━━━━━─── 26/33 2.6it/s 40.8s<2.7s
[K      20/30      1.12G      6.625         16        224: 81% ━━━━━━━━━╸── 27/33 1.9it/s 43.9s<3.2s
[K      20/30      1.12G      7.016         16        224: 84% ━━━━━━━━━━── 28/33 2.6it/s 44.1s<1.9s
[K      20/30      1.12G      6.956         16        224: 87% ━━━━━━━━━━╸─ 29/33 2.0it/s 46.7s<2.0s
[K      20/30      1.12G      6.893         16        224: 90% ━━━━━━━━━━╸─ 30/33 3.1it/s 46.9s<1.0s
[K      20/30      1.12G      6.879         16        224: 93% ━━━━━━━━━━━─ 31/33 2.3it/s 49.5s<0.9s
[K      20/30      1.12G      7.291          1        224: 96% ━━━━━━━━━━━╸ 32/33 3.5it/s 49.7s<0.3s
[K      20/30      1.12G      7.291          1        224: 100% ━━━━━━━━━━━━ 33/33 1.5s/it 49.7s

[K               classes   top1_acc   top5_acc: 75% ━━━━━━━━━─── 3/4 7.4it/s 0.1s<0.1s
[K               classes   top1_acc   top5_acc: 100% ━━━━━━━━━━━━ 4/4 24.4it/s 0.2s
                   all        0.8          1

      Epoch    GPU_mem       loss  Instances       Size

[K      21/30      1.12G      8.919         16        224: 0% ──────────── 0/33  2.7s
[K      21/30      1.12G      7.723         16        224: 3% ──────────── 1/33 1.3s/it 3.1s<40.7s
[K      21/30      1.12G       6.99         16        224: 6% ╸─────────── 2/33 1.6s/it 7.2s<49.7s
[K      21/30      1.12G      7.364         16        224: 9% ━─────────── 3/33 1.6s/it 8.7s<47.8s
[K      21/30      1.12G      7.332         16        224: 12% ━─────────── 4/33 1.9s/it 12.0s<54.5s
[K      21/30      1.12G      7.742         16        224: 15% ━╸────────── 5/33 1.4s/it 12.9s<40.1s
[K      21/30      1.12G      7.916         16        224: 18% ━━────────── 6/33 1.6s/it 15.0s<42.6s
[K      21/30      1.12G      7.614         16        224: 21% ━━╸───────── 7/33 1.2s/it 15.8s<32.3s
[K      21/30      1.12G      7.934         16        224: 24% ━━╸───────── 8/33 1.4s/it 18.0s<35.8s
[K      21/30      1.12G       7.73         16        224: 27% ━━━───────── 9/33 1.4it/s 18.4s<17.1s
[K      21/30      1.12G      7.529         16        224: 30% ━━━╸──────── 10/33 1.1it/s 20.6s<20.6s
[K      21/30      1.12G      7.409         16        224: 33% ━━━━──────── 11/33 1.3it/s 21.1s<16.5s
[K      21/30      1.12G       7.53         16        224: 36% ━━━━──────── 12/33 1.1it/s 22.9s<19.1s
[K      21/30      1.12G      7.297         16        224: 39% ━━━━╸─────── 13/33 1.1it/s 23.8s<18.3s
[K      21/30      1.12G      7.204         16        224: 42% ━━━━━─────── 14/33 1.1s/it 25.7s<20.6s
[K      21/30      1.12G      7.151         16        224: 45% ━━━━━─────── 15/33 2.1it/s 26.0s<8.5s
[K      21/30      1.12G      7.248         16        224: 48% ━━━━━╸────── 16/33 1.6it/s 28.0s<10.4s
[K      21/30      1.12G      7.119         16        224: 51% ━━━━━━────── 17/33 2.0it/s 28.3s<8.1s
[K      21/30      1.12G      7.056         16        224: 54% ━━━━━━╸───── 18/33 1.5it/s 30.3s<9.8s
[K      21/30      1.12G      6.971         16        224: 57% ━━━━━━╸───── 19/33 1.4it/s 31.2s<10.0s
[K      21/30      1.12G      6.923         16        224: 60% ━━━━━━━───── 20/33 1.1it/s 33.2s<11.5s
[K      21/30      1.12G       6.94         16        224: 63% ━━━━━━━╸──── 21/33 1.1it/s 34.2s<10.9s
[K      21/30      1.12G      6.946         16        224: 66% ━━━━━━━━──── 22/33 1.1s/it 35.9s<11.6s
[K      21/30      1.12G       6.81         16        224: 69% ━━━━━━━━──── 23/33 1.1it/s 36.6s<9.3s
[K      21/30      1.12G      6.773         16        224: 72% ━━━━━━━━╸─── 24/33 1.1s/it 38.7s<10.1s
[K      21/30      1.12G      6.678         16        224: 75% ━━━━━━━━━─── 25/33 1.7it/s 39.0s<4.8s
[K      21/30      1.12G      6.646         16        224: 78% ━━━━━━━━━─── 26/33 1.3it/s 41.4s<5.4s
[K      21/30      1.12G      6.643         16        224: 81% ━━━━━━━━━╸── 27/33 2.1it/s 41.6s<2.8s
[K      21/30      1.12G      6.693         16        224: 84% ━━━━━━━━━━── 28/33 1.7it/s 43.4s<3.0s
[K      21/30      1.12G      6.675         16        224: 87% ━━━━━━━━━━╸─ 29/33 1.5it/s 44.3s<2.7s
[K      21/30      1.12G      6.642         16        224: 90% ━━━━━━━━━━╸─ 30/33 1.2it/s 46.2s<2.5s
[K      21/30      1.12G      6.708         16        224: 93% ━━━━━━━━━━━─ 31/33 1.1it/s 47.3s<1.8s
[K      21/30      1.12G       7.17          1        224: 96% ━━━━━━━━━━━╸ 32/33 3.2it/s 47.4s<0.3s
[K      21/30      1.12G       7.17          1        224: 100% ━━━━━━━━━━━━ 33/33 1.4s/it 47.4s

[K               classes   top1_acc   top5_acc: 75% ━━━━━━━━━─── 3/4 8.5it/s 0.1s<0.1s
[K               classes   top1_acc   top5_acc: 100% ━━━━━━━━━━━━ 4/4 32.1it/s 0.1s
                   all      0.782          1

      Epoch    GPU_mem       loss  Instances       Size

[K      22/30      1.12G      5.293         16        224: 0% ──────────── 0/33  3.6s
[K      22/30      1.12G      5.707         16        224: 3% ──────────── 1/33 1.3it/s 3.8s<24.2s
[K      22/30      1.12G      7.557         16        224: 6% ╸─────────── 2/33 1.0s/it 8.0s<31.2s
[K      22/30      1.12G      7.071         16        224: 9% ━─────────── 3/33 2.3it/s 8.2s<13.3s
[K      22/30      1.12G      6.288         16        224: 12% ━─────────── 4/33 1.6it/s 13.8s<17.7s
[K      22/30      1.12G      6.357         16        224: 15% ━╸────────── 5/33 2.7it/s 14.0s<10.3s
[K      22/30      1.12G      6.643         16        224: 18% ━━────────── 6/33 2.0it/s 17.3s<13.5s
[K      22/30      1.12G      6.639         16        224: 21% ━━╸───────── 7/33 4.4it/s 17.4s<5.9s
[K      22/30      1.12G      6.459         16        224: 24% ━━╸───────── 8/33 3.2it/s 19.7s<7.8s
[K      22/30      1.12G      6.114         16        224: 27% ━━━───────── 9/33 5.0it/s 19.8s<4.8s
[K      22/30      1.12G          6         16        224: 30% ━━━╸──────── 10/33 3.6it/s 22.8s<6.3s
[K      22/30      1.12G      5.733         16        224: 33% ━━━━──────── 11/33 4.9it/s 22.9s<4.5s
[K      22/30      1.12G      5.825         16        224: 36% ━━━━──────── 12/33 3.5it/s 25.3s<6.0s
[K      22/30      1.12G      5.978         16        224: 39% ━━━━╸─────── 13/33 4.7it/s 25.4s<4.2s
[K      22/30      1.12G      6.098         16        224: 42% ━━━━━─────── 14/33 3.4it/s 28.2s<5.6s
[K      22/30      1.12G       6.25         16        224: 45% ━━━━━─────── 15/33 5.0it/s 28.3s<3.6s
[K      22/30      1.12G      6.473         16        224: 48% ━━━━━╸────── 16/33 3.6it/s 30.2s<4.7s
[K      22/30      1.12G      6.383         16        224: 51% ━━━━━━────── 17/33 4.9it/s 30.3s<3.3s
[K      22/30      1.12G      6.527         16        224: 54% ━━━━━━╸───── 18/33 3.6it/s 32.4s<4.2s
[K      22/30      1.12G      6.499         16        224: 57% ━━━━━━╸───── 19/33 4.7it/s 32.5s<3.0s
[K      22/30      1.12G      6.411         16        224: 60% ━━━━━━━───── 20/33 3.4it/s 34.9s<3.8s
[K      22/30      1.12G      6.336         16        224: 63% ━━━━━━━╸──── 21/33 4.6it/s 35.0s<2.6s
[K      22/30      1.12G       6.21         16        224: 66% ━━━━━━━━──── 22/33 3.3it/s 37.5s<3.3s
[K      22/30      1.12G      6.107         16        224: 69% ━━━━━━━━──── 23/33 4.2it/s 37.6s<2.4s
[K      22/30      1.12G      6.155         16        224: 72% ━━━━━━━━╸─── 24/33 3.1it/s 40.3s<2.9s
[K      22/30      1.12G      6.052         16        224: 75% ━━━━━━━━━─── 25/33 4.5it/s 40.4s<1.8s
[K      22/30      1.12G      6.255         16        224: 78% ━━━━━━━━━─── 26/33 3.2it/s 42.9s<2.2s
[K      22/30      1.12G      6.332         16        224: 81% ━━━━━━━━━╸── 27/33 4.2it/s 43.0s<1.4s
[K      22/30      1.12G      6.586         16        224: 84% ━━━━━━━━━━── 28/33 3.1it/s 45.7s<1.6s
[K      22/30      1.12G      6.503         16        224: 87% ━━━━━━━━━━╸─ 29/33 4.5it/s 45.8s<0.9s
[K      22/30      1.12G      6.484         16        224: 90% ━━━━━━━━━━╸─ 30/33 3.2it/s 48.6s<0.9s
[K      22/30      1.12G      6.501         16        224: 93% ━━━━━━━━━━━─ 31/33 4.4it/s 48.8s<0.5s
[K      22/30      1.12G      6.722          1        224: 96% ━━━━━━━━━━━╸ 32/33 4.4it/s 49.0s<0.2s
[K      22/30      1.12G      6.722          1        224: 100% ━━━━━━━━━━━━ 33/33 1.5s/it 49.0s

[K               classes   top1_acc   top5_acc: 75% ━━━━━━━━━─── 3/4 6.0it/s 0.1s<0.2s
[K               classes   top1_acc   top5_acc: 100% ━━━━━━━━━━━━ 4/4 19.4it/s 0.2s
                   all      0.764          1

      Epoch    GPU_mem       loss  Instances       Size

[K      23/30      1.12G      4.451         16        224: 0% ──────────── 0/33  1.7s
[K      23/30      1.12G      5.354         16        224: 3% ──────────── 1/33 2.4s/it 2.5s<1:16
[K      23/30      1.12G      5.399         16        224: 6% ╸─────────── 2/33 2.7s/it 6.6s<1:24
[K      23/30      1.12G      4.692         16        224: 9% ━─────────── 3/33 2.0s/it 7.8s<59.1s
[K      23/30      1.12G        5.3         16        224: 12% ━─────────── 4/33 2.2s/it 10.7s<1:03
[K      23/30      1.12G      5.479         16        224: 15% ━╸────────── 5/33 2.3s/it 13.5s<1:06
[K      23/30      1.12G      5.409         16        224: 18% ━━────────── 6/33 2.2s/it 15.6s<1:00
[K      23/30      1.12G       5.05         16        224: 21% ━━╸───────── 7/33 2.0s/it 17.2s<52.3s
[K      23/30      1.12G      4.943         16        224: 24% ━━╸───────── 8/33 1.4s/it 18.0s<35.7s
[K      23/30      1.12G      5.005         16        224: 27% ━━━───────── 9/33 1.5s/it 19.6s<35.2s
[K      23/30      1.12G      4.844         16        224: 30% ━━━╸──────── 10/33 1.4s/it 21.0s<32.9s
[K      23/30      1.12G       4.92         16        224: 33% ━━━━──────── 11/33 1.4s/it 22.2s<29.9s
[K      23/30      1.12G      4.878         16        224: 36% ━━━━──────── 12/33 1.5s/it 24.0s<31.1s
[K      23/30      1.12G      4.897         16        224: 39% ━━━━╸─────── 13/33 1.2s/it 24.8s<23.2s
[K      23/30      1.12G      4.946         16        224: 42% ━━━━━─────── 14/33 1.3s/it 26.6s<24.7s
[K      23/30      1.12G      4.933         16        224: 45% ━━━━━─────── 15/33 1.2s/it 27.7s<22.0s
[K      23/30      1.12G      5.032         16        224: 48% ━━━━━╸────── 16/33 1.4s/it 29.6s<23.4s
[K      23/30      1.12G      5.031         16        224: 51% ━━━━━━────── 17/33 1.1s/it 30.3s<17.3s
[K      23/30      1.12G      4.942         16        224: 54% ━━━━━━╸───── 18/33 1.3s/it 32.4s<18.9s
[K      23/30      1.12G      5.047         16        224: 57% ━━━━━━╸───── 19/33 2.1it/s 32.6s<6.7s
[K      23/30      1.12G      5.041         16        224: 60% ━━━━━━━───── 20/33 1.6it/s 34.7s<8.1s
[K      23/30      1.12G      5.225         16        224: 63% ━━━━━━━╸──── 21/33 2.9it/s 34.9s<4.2s
[K      23/30      1.12G      5.298         16        224: 66% ━━━━━━━━──── 22/33 2.1it/s 37.3s<5.2s
[K      23/30      1.12G      5.362         16        224: 69% ━━━━━━━━──── 23/33 2.3it/s 37.7s<4.4s
[K      23/30      1.12G      5.473         16        224: 72% ━━━━━━━━╸─── 24/33 1.7it/s 39.9s<5.2s
[K      23/30      1.12G       5.45         16        224: 75% ━━━━━━━━━─── 25/33 1.5it/s 40.8s<5.2s
[K      23/30      1.12G      5.456         16        224: 78% ━━━━━━━━━─── 26/33 1.3it/s 42.3s<5.5s
[K      23/30      1.12G      5.373         16        224: 81% ━━━━━━━━━╸── 27/33 1.1it/s 43.9s<5.5s
[K      23/30      1.12G       5.27         16        224: 84% ━━━━━━━━━━── 28/33 1.0s/it 45.3s<5.2s
[K      23/30      1.12G      5.241         16        224: 87% ━━━━━━━━━━╸─ 29/33 1.1s/it 46.5s<4.3s
[K      23/30      1.12G      5.109         16        224: 90% ━━━━━━━━━━╸─ 30/33 1.2s/it 48.2s<3.6s
[K      23/30      1.12G      5.106         16        224: 93% ━━━━━━━━━━━─ 31/33 1.5it/s 48.6s<1.3s
[K      23/30      1.12G      5.707          1        224: 96% ━━━━━━━━━━━╸ 32/33 2.9it/s 48.7s<0.3s
[K      23/30      1.12G      5.707          1        224: 100% ━━━━━━━━━━━━ 33/33 1.5s/it 48.7s

[K               classes   top1_acc   top5_acc: 75% ━━━━━━━━━─── 3/4 6.3it/s 0.1s<0.2s
[K               classes   top1_acc   top5_acc: 100% ━━━━━━━━━━━━ 4/4 20.2it/s 0.2s
                   all      0.777          1

      Epoch    GPU_mem       loss  Instances       Size

[K      24/30      1.12G       2.22         16        224: 0% ──────────── 0/33  3.5s
[K      24/30      1.12G      3.275         16        224: 3% ──────────── 1/33 1.3it/s 3.7s<23.7s
[K      24/30      1.12G       2.85         16        224: 6% ╸─────────── 2/33 1.0it/s 8.5s<30.8s
[K      24/30      1.12G      3.421         16        224: 9% ━─────────── 3/33 2.1it/s 8.7s<14.2s
[K      24/30      1.12G      3.789         16        224: 12% ━─────────── 4/33 1.5it/s 13.2s<18.8s
[K      24/30      1.12G      4.186         16        224: 15% ━╸────────── 5/33 2.9it/s 13.4s<9.5s
[K      24/30      1.12G      4.603         16        224: 18% ━━────────── 6/33 2.1it/s 17.4s<12.7s
[K      24/30      1.12G      4.739         16        224: 21% ━━╸───────── 7/33 3.9it/s 17.5s<6.7s
[K      24/30      1.12G      4.693         16        224: 24% ━━╸───────── 8/33 2.8it/s 20.0s<8.9s
[K      24/30      1.12G      4.905         16        224: 27% ━━━───────── 9/33 4.3it/s 20.1s<5.6s
[K      24/30      1.12G      5.219         16        224: 30% ━━━╸──────── 10/33 3.1it/s 22.7s<7.4s
[K      24/30      1.12G      5.065         16        224: 33% ━━━━──────── 11/33 5.0it/s 22.8s<4.4s
[K      24/30      1.12G      4.917         16        224: 36% ━━━━──────── 12/33 3.6it/s 25.6s<5.8s
[K      24/30      1.12G      4.835         16        224: 39% ━━━━╸─────── 13/33 4.3it/s 25.7s<4.6s
[K      24/30      1.12G      4.723         16        224: 42% ━━━━━─────── 14/33 3.1it/s 28.5s<6.1s
[K      24/30      1.12G      4.879         16        224: 45% ━━━━━─────── 15/33 4.3it/s 28.7s<4.2s
[K      24/30      1.12G      4.855         16        224: 48% ━━━━━╸────── 16/33 3.2it/s 30.9s<5.4s
[K      24/30      1.12G      4.692         16        224: 51% ━━━━━━────── 17/33 4.6it/s 31.0s<3.5s
[K      24/30      1.12G      4.716         16        224: 54% ━━━━━━╸───── 18/33 3.3it/s 33.7s<4.5s
[K      24/30      1.12G      4.714         16        224: 57% ━━━━━━╸───── 19/33 4.5it/s 33.8s<3.1s
[K      24/30      1.12G      4.768         16        224: 60% ━━━━━━━───── 20/33 3.3it/s 36.3s<3.9s
[K      24/30      1.12G      4.961         16        224: 63% ━━━━━━━╸──── 21/33 4.1it/s 36.5s<2.9s
[K      24/30      1.12G      4.864         16        224: 66% ━━━━━━━━──── 22/33 3.0it/s 39.2s<3.7s
[K      24/30      1.12G      5.008         16        224: 69% ━━━━━━━━──── 23/33 4.1it/s 39.3s<2.4s
[K      24/30      1.12G      4.928         16        224: 72% ━━━━━━━━╸─── 24/33 3.0it/s 41.9s<3.0s
[K      24/30      1.12G      4.853         16        224: 75% ━━━━━━━━━─── 25/33 4.2it/s 42.0s<1.9s
[K      24/30      1.12G      4.777         16        224: 78% ━━━━━━━━━─── 26/33 3.1it/s 44.1s<2.3s
[K      24/30      1.12G      4.775         16        224: 81% ━━━━━━━━━╸── 27/33 4.3it/s 44.3s<1.4s
[K      24/30      1.12G      4.856         16        224: 84% ━━━━━━━━━━── 28/33 3.1it/s 46.9s<1.6s
[K      24/30      1.12G      4.845         16        224: 87% ━━━━━━━━━━╸─ 29/33 5.2it/s 47.0s<0.8s
[K      24/30      1.12G       4.83         16        224: 90% ━━━━━━━━━━╸─ 30/33 3.7it/s 50.2s<0.8s
[K      24/30      1.12G      4.765         16        224: 93% ━━━━━━━━━━━─ 31/33 4.9it/s 50.3s<0.4s
[K      24/30      1.12G      4.942          1        224: 96% ━━━━━━━━━━━╸ 32/33 5.0it/s 50.5s<0.2s
[K      24/30      1.12G      4.942          1        224: 100% ━━━━━━━━━━━━ 33/33 1.5s/it 50.5s

[K               classes   top1_acc   top5_acc: 50% ━━━━━━────── 2/4 5.4it/s 0.1s<0.4s
[K               classes   top1_acc   top5_acc: 100% ━━━━━━━━━━━━ 4/4 20.1it/s 0.2s
                   all      0.836          1

      Epoch    GPU_mem       loss  Instances       Size

[K      25/30      1.12G      1.224         16        224: 0% ──────────── 0/33  0.2s
[K      25/30      1.12G      3.561         16        224: 3% ──────────── 1/33 8.8s/it 2.9s<4:42
[K      25/30      1.12G      3.449         16        224: 6% ╸─────────── 2/33 1.6it/s 3.0s<19.0s
[K      25/30      1.12G       3.07         16        224: 9% ━─────────── 3/33 1.2it/s 8.4s<25.1s
[K      25/30      1.12G      3.065         16        224: 12% ━─────────── 4/33 2.3it/s 8.6s<12.5s
[K      25/30      1.12G      2.975         16        224: 15% ━╸────────── 5/33 1.7it/s 13.9s<16.6s
[K      25/30      1.12G      3.404         16        224: 18% ━━────────── 6/33 2.8it/s 14.1s<9.8s
[K      25/30      1.12G      3.671         16        224: 21% ━━╸───────── 7/33 2.0it/s 16.8s<12.7s
[K      25/30      1.12G      4.041         16        224: 27% ━━━───────── 9/33 1.7it/s 19.2s<14.3s
[K      25/30      1.12G      4.144         16        224: 30% ━━━╸──────── 10/33 3.3it/s 19.4s<7.0s
[K      25/30      1.12G      3.974         16        224: 33% ━━━━──────── 11/33 2.4it/s 21.6s<9.0s
[K      25/30      1.12G      4.229         16        224: 36% ━━━━──────── 12/33 3.6it/s 21.8s<5.8s
[K      25/30      1.12G       4.23         16        224: 39% ━━━━╸─────── 13/33 2.7it/s 24.0s<7.5s
[K      25/30      1.12G      4.305         16        224: 42% ━━━━━─────── 14/33 4.2it/s 24.1s<4.5s
[K      25/30      1.12G      4.345         16        224: 45% ━━━━━─────── 15/33 3.1it/s 26.5s<5.8s
[K      25/30      1.12G      4.429         16        224: 48% ━━━━━╸────── 16/33 4.6it/s 26.7s<3.7s
[K      25/30      1.12G      4.307         16        224: 51% ━━━━━━────── 17/33 3.3it/s 28.8s<4.8s
[K      25/30      1.12G      4.205         16        224: 54% ━━━━━━╸───── 18/33 4.1it/s 29.0s<3.7s
[K      25/30      1.12G      4.331         16        224: 57% ━━━━━━╸───── 19/33 3.0it/s 31.4s<4.7s
[K      25/30      1.12G      4.512         16        224: 60% ━━━━━━━───── 20/33 4.4it/s 31.5s<3.0s
[K      25/30      1.12G      4.578         16        224: 63% ━━━━━━━╸──── 21/33 3.2it/s 34.0s<3.8s
[K      25/30      1.12G       4.43         16        224: 66% ━━━━━━━━──── 22/33 4.4it/s 34.1s<2.5s
[K      25/30      1.12G      4.445         16        224: 69% ━━━━━━━━──── 23/33 3.2it/s 36.6s<3.1s
[K      25/30      1.12G       4.65         16        224: 72% ━━━━━━━━╸─── 24/33 4.5it/s 36.8s<2.0s
[K      25/30      1.12G      4.629         16        224: 75% ━━━━━━━━━─── 25/33 3.3it/s 39.1s<2.4s
[K      25/30      1.12G      4.648         16        224: 78% ━━━━━━━━━─── 26/33 4.6it/s 39.2s<1.5s
[K      25/30      1.12G      4.577         16        224: 81% ━━━━━━━━━╸── 27/33 3.3it/s 41.4s<1.8s
[K      25/30      1.12G      4.598         16        224: 84% ━━━━━━━━━━── 28/33 4.3it/s 41.6s<1.2s
[K      25/30      1.12G      4.717         16        224: 87% ━━━━━━━━━━╸─ 29/33 3.1it/s 44.3s<1.3s
[K      25/30      1.12G      4.709         16        224: 90% ━━━━━━━━━━╸─ 30/33 4.6it/s 44.4s<0.6s
[K      25/30      1.12G      4.843         16        224: 93% ━━━━━━━━━━━─ 31/33 3.4it/s 47.2s<0.6s
[K      25/30      1.12G      5.454          1        224: 96% ━━━━━━━━━━━╸ 32/33 4.6it/s 47.4s<0.2s
[K      25/30      1.12G      5.454          1        224: 100% ━━━━━━━━━━━━ 33/33 1.4s/it 47.4s

[K               classes   top1_acc   top5_acc: 50% ━━━━━━────── 2/4 5.8it/s 0.1s<0.3s
[K               classes   top1_acc   top5_acc: 100% ━━━━━━━━━━━━ 4/4 21.3it/s 0.2s
                   all      0.809          1

      Epoch    GPU_mem       loss  Instances       Size

[K      26/30      1.12G      3.674         16        224: 0% ──────────── 0/33  4.0s
[K      26/30      1.12G      3.475         16        224: 3% ──────────── 1/33 1.6it/s 4.2s<19.7s
[K      26/30      1.12G      3.507         16        224: 6% ╸─────────── 2/33 1.2it/s 9.2s<25.9s
[K      26/30      1.12G      3.582         16        224: 9% ━─────────── 3/33 2.3it/s 9.4s<13.0s
[K      26/30      1.12G      4.162         16        224: 12% ━─────────── 4/33 1.7it/s 14.3s<17.3s
[K      26/30      1.12G      4.693         16        224: 15% ━╸────────── 5/33 2.9it/s 14.5s<9.7s
[K      26/30      1.12G      4.719         16        224: 18% ━━────────── 6/33 2.1it/s 17.7s<12.7s
[K      26/30      1.12G      4.625         16        224: 21% ━━╸───────── 7/33 3.6it/s 17.8s<7.1s
[K      26/30      1.12G      4.911         16        224: 24% ━━╸───────── 8/33 2.7it/s 20.1s<9.3s
[K      26/30      1.12G      4.707         16        224: 27% ━━━───────── 9/33 3.8it/s 20.3s<6.3s
[K      26/30      1.12G      4.718         16        224: 30% ━━━╸──────── 10/33 2.8it/s 22.5s<8.2s
[K      26/30      1.12G      4.884         16        224: 33% ━━━━──────── 11/33 4.2it/s 22.6s<5.2s
[K      26/30      1.12G      4.911         16        224: 36% ━━━━──────── 12/33 3.1it/s 25.0s<6.8s
[K      26/30      1.12G      4.677         16        224: 39% ━━━━╸─────── 13/33 5.0it/s 25.1s<4.0s
[K      26/30      1.12G      4.391         16        224: 42% ━━━━━─────── 14/33 3.6it/s 27.7s<5.3s
[K      26/30      1.12G      4.623         16        224: 45% ━━━━━─────── 15/33 4.5it/s 27.8s<4.0s
[K      26/30      1.12G       4.57         16        224: 48% ━━━━━╸────── 16/33 3.3it/s 30.3s<5.2s
[K      26/30      1.12G      4.606         16        224: 51% ━━━━━━────── 17/33 4.3it/s 30.4s<3.7s
[K      26/30      1.12G      4.866         16        224: 54% ━━━━━━╸───── 18/33 3.1it/s 33.1s<4.8s
[K      26/30      1.12G      4.752         16        224: 57% ━━━━━━╸───── 19/33 4.3it/s 33.2s<3.3s
[K      26/30      1.12G      4.701         16        224: 60% ━━━━━━━───── 20/33 3.1it/s 35.9s<4.2s
[K      26/30      1.12G      4.724         16        224: 63% ━━━━━━━╸──── 21/33 4.3it/s 36.0s<2.8s
[K      26/30      1.12G      4.716         16        224: 66% ━━━━━━━━──── 22/33 3.1it/s 38.7s<3.5s
[K      26/30      1.12G      4.828         16        224: 69% ━━━━━━━━──── 23/33 4.3it/s 38.9s<2.3s
[K      26/30      1.12G      4.749         16        224: 72% ━━━━━━━━╸─── 24/33 3.2it/s 40.4s<2.8s
[K      26/30      1.12G      4.797         16        224: 75% ━━━━━━━━━─── 25/33 4.8it/s 40.5s<1.7s
[K      26/30      1.12G      4.728         16        224: 78% ━━━━━━━━━─── 26/33 3.5it/s 43.0s<2.0s
[K      26/30      1.12G      4.766         16        224: 81% ━━━━━━━━━╸── 27/33 4.9it/s 43.1s<1.2s
[K      26/30      1.12G      4.809         16        224: 84% ━━━━━━━━━━── 28/33 3.6it/s 45.5s<1.4s
[K      26/30      1.12G      4.827         16        224: 87% ━━━━━━━━━━╸─ 29/33 4.7it/s 45.6s<0.9s
[K      26/30      1.12G      4.878         16        224: 90% ━━━━━━━━━━╸─ 30/33 3.4it/s 48.2s<0.9s
[K      26/30      1.12G      4.818         16        224: 93% ━━━━━━━━━━━─ 31/33 4.4it/s 48.3s<0.5s
[K      26/30      1.12G      5.318          1        224: 96% ━━━━━━━━━━━╸ 32/33 4.7it/s 48.5s<0.2s
[K      26/30      1.12G      5.318          1        224: 100% ━━━━━━━━━━━━ 33/33 1.5s/it 48.5s

[K               classes   top1_acc   top5_acc: 50% ━━━━━━────── 2/4 5.8it/s 0.1s<0.3s
[K               classes   top1_acc   top5_acc: 100% ━━━━━━━━━━━━ 4/4 18.3it/s 0.2s
                   all      0.823          1

      Epoch    GPU_mem       loss  Instances       Size

[K      27/30      1.12G      4.185         16        224: 0% ──────────── 0/33  1.1s
[K      27/30      1.12G      4.905         16        224: 3% ──────────── 1/33 4.7s/it 2.5s<2:29
[K      27/30      1.12G      4.746         16        224: 6% ╸─────────── 2/33 4.4s/it 6.4s<2:16
[K      27/30      1.12G      4.258         16        224: 9% ━─────────── 3/33 2.0s/it 7.3s<59.7s
[K      27/30      1.12G      5.086         16        224: 12% ━─────────── 4/33 2.3s/it 11.3s<1:08
[K      27/30      1.12G      5.414         16        224: 15% ━╸────────── 5/33 2.0s/it 12.8s<56.1s
[K      27/30      1.12G      5.302         16        224: 18% ━━────────── 6/33 2.2s/it 15.6s<59.3s
[K      27/30      1.12G      5.672         16        224: 21% ━━╸───────── 7/33 1.6s/it 16.6s<40.9s
[K      27/30      1.12G      5.363         16        224: 24% ━━╸───────── 8/33 1.8s/it 19.0s<44.1s
[K      27/30      1.12G      5.617         16        224: 27% ━━━───────── 9/33 1.8it/s 19.3s<13.6s
[K      27/30      1.12G      5.369         16        224: 30% ━━━╸──────── 10/33 1.4it/s 21.4s<16.7s
[K      27/30      1.12G      5.549         16        224: 33% ━━━━──────── 11/33 2.5it/s 21.6s<8.9s
[K      27/30      1.12G      5.383         16        224: 36% ━━━━──────── 12/33 1.8it/s 24.4s<11.4s
[K      27/30      1.12G      5.372         16        224: 39% ━━━━╸─────── 13/33 2.8it/s 24.6s<7.2s
[K      27/30      1.12G      5.348         16        224: 42% ━━━━━─────── 14/33 2.1it/s 26.7s<9.1s
[K      27/30      1.12G      5.117         16        224: 45% ━━━━━─────── 15/33 2.8it/s 27.0s<6.5s
[K      27/30      1.12G      5.139         16        224: 48% ━━━━━╸────── 16/33 2.1it/s 29.2s<8.2s
[K      27/30      1.12G      4.959         16        224: 51% ━━━━━━────── 17/33 2.9it/s 29.4s<5.6s
[K      27/30      1.12G      4.834         16        224: 54% ━━━━━━╸───── 18/33 2.2it/s 31.3s<6.9s
[K      27/30      1.12G      4.993         16        224: 57% ━━━━━━╸───── 19/33 2.2it/s 31.7s<6.4s
[K      27/30      1.12G      5.014         16        224: 60% ━━━━━━━───── 20/33 1.7it/s 34.0s<7.8s
[K      27/30      1.12G      5.308         16        224: 63% ━━━━━━━╸──── 21/33 2.7it/s 34.2s<4.4s
[K      27/30      1.12G      5.236         16        224: 66% ━━━━━━━━──── 22/33 2.0it/s 36.6s<5.4s
[K      27/30      1.12G      5.197         16        224: 69% ━━━━━━━━──── 23/33 2.8it/s 36.9s<3.6s
[K      27/30      1.12G      5.036         16        224: 72% ━━━━━━━━╸─── 24/33 2.1it/s 39.4s<4.3s
[K      27/30      1.12G       4.96         16        224: 75% ━━━━━━━━━─── 25/33 2.9it/s 39.6s<2.7s
[K      27/30      1.12G      4.997         16        224: 78% ━━━━━━━━━─── 26/33 2.2it/s 42.2s<3.3s
[K      27/30      1.12G      5.076         16        224: 81% ━━━━━━━━━╸── 27/33 2.9it/s 42.5s<2.1s
[K      27/30      1.12G      5.007         16        224: 84% ━━━━━━━━━━── 28/33 2.2it/s 44.3s<2.3s
[K      27/30      1.12G      5.011         16        224: 87% ━━━━━━━━━━╸─ 29/33 3.2it/s 44.5s<1.3s
[K      27/30      1.12G      5.042         16        224: 90% ━━━━━━━━━━╸─ 30/33 2.3it/s 47.2s<1.3s
[K      27/30      1.12G      5.117         16        224: 93% ━━━━━━━━━━━─ 31/33 3.2it/s 47.4s<0.6s
[K      27/30      1.12G      5.595          1        224: 96% ━━━━━━━━━━━╸ 32/33 4.3it/s 47.5s<0.2s
[K      27/30      1.12G      5.595          1        224: 100% ━━━━━━━━━━━━ 33/33 1.4s/it 47.5s

[K               classes   top1_acc   top5_acc: 50% ━━━━━━────── 2/4 5.3it/s 0.1s<0.4s
[K               classes   top1_acc   top5_acc: 100% ━━━━━━━━━━━━ 4/4 17.7it/s 0.2s
                   all      0.818          1

      Epoch    GPU_mem       loss  Instances       Size

[K      28/30      1.12G       6.28         16        224: 0% ──────────── 0/33  2.1s
[K      28/30      1.12G      5.408         16        224: 3% ──────────── 1/33 1.0s/it 2.4s<33.1s
[K      28/30      1.12G      6.156         16        224: 6% ╸─────────── 2/33 1.3s/it 6.0s<40.7s
[K      28/30      1.12G      4.824         16        224: 9% ━─────────── 3/33 1.3s/it 7.4s<40.0s
[K      28/30      1.12G      4.626         16        224: 12% ━─────────── 4/33 1.6s/it 11.1s<47.8s
[K      28/30      1.12G      4.158         16        224: 15% ━╸────────── 5/33 1.8s/it 13.6s<51.4s
[K      28/30      1.12G      4.275         16        224: 18% ━━────────── 6/33 1.8s/it 15.3s<48.3s
[K      28/30      1.12G      3.913         16        224: 21% ━━╸───────── 7/33 1.8s/it 17.0s<46.3s
[K      28/30      1.12G      3.945         16        224: 24% ━━╸───────── 8/33 1.7s/it 18.5s<41.5s
[K      28/30      1.12G      4.682         16        224: 27% ━━━───────── 9/33 1.7s/it 20.1s<39.8s
[K      28/30      1.12G      4.585         16        224: 30% ━━━╸──────── 10/33 1.2s/it 20.9s<28.3s
[K      28/30      1.12G      4.713         16        224: 33% ━━━━──────── 11/33 1.3s/it 22.5s<29.2s
[K      28/30      1.12G       4.78         16        224: 36% ━━━━──────── 12/33 1.2s/it 23.5s<24.9s
[K      28/30      1.12G      4.804         16        224: 39% ━━━━╸─────── 13/33 1.3s/it 25.3s<26.5s
[K      28/30      1.12G       5.07         16        224: 42% ━━━━━─────── 14/33 1.4it/s 25.6s<13.4s
[K      28/30      1.12G      5.005         16        224: 45% ━━━━━─────── 15/33 1.1it/s 28.2s<16.2s
[K      28/30      1.12G      4.861         16        224: 48% ━━━━━╸────── 16/33 1.7it/s 28.5s<10.1s
[K      28/30      1.12G      5.063         16        224: 51% ━━━━━━────── 17/33 1.3it/s 30.6s<12.0s
[K      28/30      1.12G      4.976         16        224: 54% ━━━━━━╸───── 18/33 1.2it/s 31.5s<12.0s
[K      28/30      1.12G      4.872         16        224: 57% ━━━━━━╸───── 19/33 1.0it/s 33.3s<13.4s
[K      28/30      1.12G      4.792         16        224: 60% ━━━━━━━───── 20/33 1.0it/s 34.4s<12.9s
[K      28/30      1.12G      4.665         16        224: 63% ━━━━━━━╸──── 21/33 1.0it/s 35.3s<11.7s
[K      28/30      1.12G      4.679         16        224: 66% ━━━━━━━━──── 22/33 1.2s/it 37.5s<12.8s
[K      28/30      1.12G      4.619         16        224: 69% ━━━━━━━━──── 23/33 1.0it/s 38.2s<9.8s
[K      28/30      1.12G      4.593         16        224: 72% ━━━━━━━━╸─── 24/33 1.2s/it 40.3s<10.5s
[K      28/30      1.12G      4.667         16        224: 75% ━━━━━━━━━─── 25/33 1.3it/s 40.7s<6.1s
[K      28/30      1.12G      4.808         16        224: 78% ━━━━━━━━━─── 26/33 1.0it/s 43.0s<6.7s
[K      28/30      1.12G      4.767         16        224: 81% ━━━━━━━━━╸── 27/33 3.0it/s 43.1s<2.0s
[K      28/30      1.12G      4.731         16        224: 84% ━━━━━━━━━━── 28/33 2.2it/s 45.4s<2.2s
[K      28/30      1.12G      4.702         16        224: 87% ━━━━━━━━━━╸─ 29/33 4.3it/s 45.5s<0.9s
[K      28/30      1.12G      4.734         16        224: 90% ━━━━━━━━━━╸─ 30/33 3.1it/s 48.0s<1.0s
[K      28/30      1.12G      4.782         16        224: 93% ━━━━━━━━━━━─ 31/33 4.6it/s 48.2s<0.4s
[K      28/30      1.12G      5.352          1        224: 96% ━━━━━━━━━━━╸ 32/33 4.7it/s 48.4s<0.2s
[K      28/30      1.12G      5.352          1        224: 100% ━━━━━━━━━━━━ 33/33 1.5s/it 48.4s

[K               classes   top1_acc   top5_acc: 50% ━━━━━━────── 2/4 5.8it/s 0.1s<0.3s
[K               classes   top1_acc   top5_acc: 100% ━━━━━━━━━━━━ 4/4 19.4it/s 0.2s
                   all      0.818          1

      Epoch    GPU_mem       loss  Instances       Size

[K      29/30      1.12G      2.164         16        224: 0% ──────────── 0/33  2.4s
[K      29/30      1.12G      3.666         16        224: 3% ──────────── 1/33 5.4s/it 4.1s<2:54
[K      29/30      1.12G      3.206         16        224: 6% ╸─────────── 2/33 4.6s/it 7.5s<2:23
[K      29/30      1.12G      4.169         16        224: 9% ━─────────── 3/33 3.5s/it 9.7s<1:44
[K      29/30      1.12G      4.113         16        224: 12% ━─────────── 4/33 3.5s/it 13.3s<1:42
[K      29/30      1.12G      4.128         16        224: 15% ━╸────────── 5/33 2.2s/it 14.5s<1:03
[K      29/30      1.12G      4.222         16        224: 18% ━━────────── 6/33 2.1s/it 16.2s<55.5s
[K      29/30      1.12G      4.301         16        224: 21% ━━╸───────── 7/33 1.6s/it 17.3s<41.6s
[K      29/30      1.12G      4.012         16        224: 24% ━━╸───────── 8/33 1.7s/it 19.3s<42.5s
[K      29/30      1.12G      4.099         16        224: 27% ━━━───────── 9/33 1.7it/s 19.5s<14.2s
[K      29/30      1.12G      4.638         16        224: 30% ━━━╸──────── 10/33 1.3it/s 22.0s<17.6s
[K      29/30      1.12G      4.771         16        224: 33% ━━━━──────── 11/33 2.3it/s 22.2s<9.5s
[K      29/30      1.12G      4.567         16        224: 36% ━━━━──────── 12/33 1.8it/s 24.3s<11.9s
[K      29/30      1.12G      4.399         16        224: 39% ━━━━╸─────── 13/33 2.7it/s 24.5s<7.5s
[K      29/30      1.12G      4.508         16        224: 42% ━━━━━─────── 14/33 2.0it/s 26.7s<9.5s
[K      29/30      1.12G      4.368         16        224: 45% ━━━━━─────── 15/33 2.8it/s 27.0s<6.4s
[K      29/30      1.12G      4.225         16        224: 48% ━━━━━╸────── 16/33 2.1it/s 29.6s<8.2s
[K      29/30      1.12G      4.148         16        224: 51% ━━━━━━────── 17/33 2.8it/s 29.8s<5.6s
[K      29/30      1.12G      4.104         16        224: 54% ━━━━━━╸───── 18/33 2.1it/s 32.0s<7.0s
[K      29/30      1.12G      4.217         16        224: 57% ━━━━━━╸───── 19/33 2.9it/s 32.2s<4.8s
[K      29/30      1.12G      4.162         16        224: 60% ━━━━━━━───── 20/33 2.2it/s 34.9s<6.0s
[K      29/30      1.12G      4.119         16        224: 63% ━━━━━━━╸──── 21/33 2.9it/s 35.1s<4.1s
[K      29/30      1.12G      4.266         16        224: 66% ━━━━━━━━──── 22/33 2.2it/s 38.0s<5.1s
[K      29/30      1.12G      4.432         16        224: 69% ━━━━━━━━──── 23/33 2.9it/s 38.2s<3.4s
[K      29/30      1.12G      4.364         16        224: 72% ━━━━━━━━╸─── 24/33 2.1it/s 40.9s<4.2s
[K      29/30      1.12G      4.343         16        224: 75% ━━━━━━━━━─── 25/33 2.9it/s 41.2s<2.7s
[K      29/30      1.12G      4.493         16        224: 78% ━━━━━━━━━─── 26/33 2.2it/s 43.7s<3.2s
[K      29/30      1.12G      4.451         16        224: 81% ━━━━━━━━━╸── 27/33 2.9it/s 44.0s<2.0s
[K      29/30      1.12G      4.432         16        224: 84% ━━━━━━━━━━── 28/33 2.2it/s 46.2s<2.3s
[K      29/30      1.12G      4.402         16        224: 87% ━━━━━━━━━━╸─ 29/33 2.9it/s 46.4s<1.4s
[K      29/30      1.12G      4.355         16        224: 90% ━━━━━━━━━━╸─ 30/33 2.2it/s 49.0s<1.4s
[K      29/30      1.12G      4.294         16        224: 93% ━━━━━━━━━━━─ 31/33 3.0it/s 49.2s<0.7s
[K      29/30      1.12G       4.69          1        224: 96% ━━━━━━━━━━━╸ 32/33 3.9it/s 49.4s<0.3s
[K      29/30      1.12G       4.69          1        224: 100% ━━━━━━━━━━━━ 33/33 1.5s/it 49.4s

[K               classes   top1_acc   top5_acc: 75% ━━━━━━━━━─── 3/4 5.9it/s 0.2s<0.2s
[K               classes   top1_acc   top5_acc: 100% ━━━━━━━━━━━━ 4/4 19.0it/s 0.2s
                   all      0.832          1

      Epoch    GPU_mem       loss  Instances       Size

[K      30/30      1.12G          2         16        224: 0% ──────────── 0/33  1.6s
[K      30/30      1.12G      4.527         16        224: 3% ──────────── 1/33 4.0s/it 2.8s<2:09
[K      30/30      1.12G      3.403         16        224: 6% ╸─────────── 2/33 3.9s/it 6.3s<2:01
[K      30/30      1.12G        4.3         16        224: 9% ━─────────── 3/33 2.7s/it 8.0s<1:22
[K      30/30      1.12G      4.008         16        224: 12% ━─────────── 4/33 2.9s/it 11.3s<1:24
[K      30/30      1.12G      4.037         16        224: 15% ━╸────────── 5/33 1.8s/it 12.3s<51.2s
[K      30/30      1.12G      3.893         16        224: 18% ━━────────── 6/33 2.2s/it 16.5s<59.4s
[K      30/30      1.12G       4.05         16        224: 21% ━━╸───────── 7/33 2.2it/s 16.6s<12.0s
[K      30/30      1.12G      4.049         16        224: 24% ━━╸───────── 8/33 1.7it/s 18.5s<14.9s
[K      30/30      1.12G      4.086         16        224: 27% ━━━───────── 9/33 3.4it/s 18.7s<7.0s
[K      30/30      1.12G      4.085         16        224: 30% ━━━╸──────── 10/33 2.5it/s 21.5s<9.2s
[K      30/30      1.12G       4.08         16        224: 33% ━━━━──────── 11/33 3.9it/s 21.6s<5.6s
[K      30/30      1.12G      4.036         16        224: 36% ━━━━──────── 12/33 2.9it/s 24.7s<7.3s
[K      30/30      1.12G      3.883         16        224: 39% ━━━━╸─────── 13/33 4.1it/s 24.8s<4.9s
[K      30/30      1.12G      4.029         16        224: 42% ━━━━━─────── 14/33 3.0it/s 27.5s<6.4s
[K      30/30      1.12G      3.857         16        224: 45% ━━━━━─────── 15/33 4.1it/s 27.7s<4.4s
[K      30/30      1.12G      3.847         16        224: 48% ━━━━━╸────── 16/33 3.0it/s 30.6s<5.7s
[K      30/30      1.12G      3.722         16        224: 51% ━━━━━━────── 17/33 4.3it/s 30.7s<3.7s
[K      30/30      1.12G      3.697         16        224: 54% ━━━━━━╸───── 18/33 3.1it/s 33.5s<4.8s
[K      30/30      1.12G      3.574         16        224: 57% ━━━━━━╸───── 19/33 4.2it/s 33.6s<3.4s
[K      30/30      1.12G      3.499         16        224: 60% ━━━━━━━───── 20/33 3.0it/s 36.2s<4.3s
[K      30/30      1.12G       3.52         16        224: 63% ━━━━━━━╸──── 21/33 4.3it/s 36.4s<2.8s
[K      30/30      1.12G      3.616         16        224: 66% ━━━━━━━━──── 22/33 3.1it/s 39.0s<3.5s
[K      30/30      1.12G      3.627         16        224: 69% ━━━━━━━━──── 23/33 4.3it/s 39.1s<2.3s
[K      30/30      1.12G       3.62         16        224: 72% ━━━━━━━━╸─── 24/33 3.1it/s 41.5s<2.9s
[K      30/30      1.12G      3.707         16        224: 75% ━━━━━━━━━─── 25/33 4.8it/s 41.6s<1.7s
[K      30/30      1.12G      3.601         16        224: 78% ━━━━━━━━━─── 26/33 3.5it/s 44.1s<2.0s
[K      30/30      1.12G      3.686         16        224: 81% ━━━━━━━━━╸── 27/33 4.6it/s 44.2s<1.3s
[K      30/30      1.12G      3.635         16        224: 84% ━━━━━━━━━━── 28/33 3.3it/s 47.4s<1.5s
[K      30/30      1.12G      3.664         16        224: 87% ━━━━━━━━━━╸─ 29/33 5.0it/s 47.5s<0.8s
[K      30/30      1.12G       3.58         16        224: 90% ━━━━━━━━━━╸─ 30/33 3.6it/s 49.5s<0.8s
[K      30/30      1.12G      4.035          1        224: 96% ━━━━━━━━━━━╸ 32/33 4.3it/s 49.8s<0.2s
[K      30/30      1.12G      4.035          1        224: 100% ━━━━━━━━━━━━ 33/33 1.5s/it 49.8s

[K               classes   top1_acc   top5_acc: 75% ━━━━━━━━━─── 3/4 7.7it/s 0.1s<0.1s
[K               classes   top1_acc   top5_acc: 100% ━━━━━━━━━━━━ 4/4 26.2it/s 0.2s
                   all      0.827          1

30 epochs completed in 0.426 hours.
Optimizer stripped from /kaggle/working/cvio_shrimp_academic_study_seed42/runs/yolo26m_cls__asl_ldam_simam_dcfr__combined4__seed42/weights/last.pt, 21.9MB
Optimizer stripped from /kaggle/working/cvio_shrimp_academic_study_seed42/runs/yolo26m_cls__asl_ldam_simam_dcfr__combined4__seed42/weights/best.pt, 21.9MB

Validating /kaggle/working/cvio_shrimp_academic_study_seed42/runs/yolo26m_cls__asl_ldam_simam_dcfr__combined4__seed42/weights/best.pt...
YOLO26m-cls summary (fused): 63 layers, 10,876,164 parameters, 0 gradients, 39.7 GFLOPs
[34m[1mtrain:[0m /kaggle/working/cvio_shrimp_academic_study_seed42/experiments/combined4/prepared/train... found 1025 images in 4 classes ✅ 
[34m[1mval:[0m /kaggle/working/cvio_shrimp_academic_study_seed42/experiments/combined4/prepared/val... found 219 images in 4 classes ✅ 
[34m[1mtest:[0m /kaggle/working/cvio_shrimp_academic_study_seed42/experiments/combined4/prepared/test... found 220 images in 4 classes ✅ 

[K               classes   top1_acc   top5_acc: 50% ━━━━━━────── 2/4 4.4it/s 0.1s<0.5s
[K               classes   top1_acc   top5_acc: 100% ━━━━━━━━━━━━ 4/4 11.0it/s 0.4s
                   all      0.836          1
Speed: 0.1ms preprocess, 1.2ms inference, 0.0ms loss, 0.0ms postprocess per image
Results saved to [1m/kaggle/working/cvio_shrimp_academic_study_seed42/runs/yolo26m_cls__asl_ldam_simam_dcfr__combined4__seed42[0m
