Index,source_dataset,original_class,source_path,filename,suffix,bytes,width,height,mode,sha256,class_name,split,label,materialized_path
0,ShrimpDB,Den_Mang,/kaggle/input/datasets/vohoangtu/shrimpdb/Den_Mang/0619WEB_tpwd_1557846179.jpg_no_bg.png,0619WEB_tpwd_1557846179.jpg_no_bg.png,.png,149112,905,276,RGBA,4ba70ceb1978fc29ba053bdf0c906b8bfdfed1debb09f2e721dd48911be37bc0,BG,test,1,/kaggle/working/cvio_shrimp_academic_study_seed42/experiments/shrimpdb3/prepared/test/01_BG/4ba70ceb1978_sdb_00000.png
14,ShrimpDB,Den_Mang,/kaggle/input/datasets/vohoangtu/shrimpdb/Den_Mang/15.cac-benh-thuong-gap-o-tom-the-chan-trang.jpg,15.cac-benh-thuong-gap-o-tom-the-chan-trang.jpg,.jpg,333705,557,296,CMYK,13cab7a4c45a06fc2831527731b6e9221ccfe4180c3d46ad92db5a973eec043b,BG,test,1,/kaggle/working/cvio_shrimp_academic_study_seed42/experiments/shrimpdb3/prepared/test/01_BG/13cab7a4c45a_sdb_00001.jpg
23,ShrimpDB,Den_Mang,/kaggle/input/datasets/vohoangtu/shrimpdb/Den_Mang/2010-10-20-shrimp.jpg_no_bg.png,2010-10-20-shrimp.jpg_no_bg.png,.png,184782,500,333,RGBA,42bad25f19a00b10cd643d464d971d3acfb8d7dc23779e5e0e6cb3c0b76c6f92,BG,test,1,/kaggle/working/cvio_shrimp_academic_study_seed42/experiments/shrimpdb3/prepared/test/01_BG/42bad25f19a0_sdb_00002.png
27,ShrimpDB,Den_Mang,/kaggle/input/datasets/vohoangtu/shrimpdb/Den_Mang/2018-11-29-tom5.jpg_no_bg.png,2018-11-29-tom5.jpg_no_bg.png,.png,268834,600,337,RGBA,81016ef90d1b88240ac8d50846dc608e58ea12e21b1be3374697e10a96fefe5a,BG,test,1,/kaggle/working/cvio_shrimp_academic_study_seed42/experiments/shrimpdb3/prepared/test/01_BG/81016ef90d1b_sdb_00003.png
30,ShrimpDB,Den_Mang,/kaggle/input/datasets/vohoangtu/shrimpdb/Den_Mang/22.Black-Tiger-Shrimp-fish-20pcs.jpg_no_bg.png,22.Black-Tiger-Shrimp-fish-20pcs.jpg_no_bg.png,.png,110829,444,563,RGBA,a220d7a866249ea0aaba8ff3dc9d4242088807a0e547d9ac965b6e511da57e88,BG,test,1,/kaggle/working/cvio_shrimp_academic_study_seed42/experiments/shrimpdb3/prepared/test/01_BG/a220d7a86624_sdb_00004.png
37,ShrimpDB,Den_Mang,/kaggle/input/datasets/vohoangtu/shrimpdb/Den_Mang/41.thao-duoc-hi-para-tri-den-mang-tom-the-tom-su.jpg_no_bg.png,41.thao-duoc-hi-para-tri-den-mang-tom-the-tom-su.jpg_no_bg.png,.png,224232,500,500,RGBA,50b42e629cefc8e02fb1252dfbb25f8eb947f162ae26d8d175ac24d2fc5ed9a5,BG,test,1,/kaggle/working/cvio_shrimp_academic_study_seed42/experiments/shrimpdb3/prepared/test/01_BG/50b42e629cef_sdb_00005.png
41,ShrimpDB,Den_Mang,/kaggle/input/datasets/vohoangtu/shrimpdb/Den_Mang/52.h2s_hinhchuthich3.JPG_no_bg.png,52.h2s_hinhchuthich3.JPG_no_bg.png,.png,206399,410,307,RGBA,1a628f0087809e59e1d1722ed14d0a66a55572e0781a9d306b4797ca606a157b,BG,test,1,/kaggle/working/cvio_shrimp_academic_study_seed42/experiments/shrimpdb3/prepared/test/01_BG/1a628f008780_sdb_00006.png
46,ShrimpDB,Den_Mang,/kaggle/input/datasets/vohoangtu/shrimpdb/Den_Mang/5c6d9c88cb7f6.image2.jpg_no_bg.png,5c6d9c88cb7f6.image2.jpg_no_bg.png,.png,135414,1038,241,RGBA,bca5423ee6316153694a0dfacd19ffd972c5ab28daca49325009dcf53d2b7560,BG,test,1,/kaggle/working/cvio_shrimp_academic_study_seed42/experiments/shrimpdb3/prepared/test/01_BG/bca5423ee631_sdb_00007.png
47,ShrimpDB,Den_Mang,/kaggle/input/datasets/vohoangtu/shrimpdb/Den_Mang/5c6d9c88cb7f6.image3.jpg_no_bg.png,5c6d9c88cb7f6.image3.jpg_no_bg.png,.png,186106,755,331,RGBA,b4433b97e9c23d530d60e02d1f77dd5ad4a41d0ede1154cde501366bc6bd3ec2,BG,test,1,/kaggle/working/cvio_shrimp_academic_study_seed42/experiments/shrimpdb3/prepared/test/01_BG/b4433b97e9c2_sdb_00008.png
66,ShrimpDB,Den_Mang,/kaggle/input/datasets/vohoangtu/shrimpdb/Den_Mang/9.tomcangxanh8.png,9.tomcangxanh8.png,.png,162528,611,195,RGBA,26dac55272c37dd4ecb7a355bc8151e764df3e31c0a953ba2fc8fd9803d49cf7,BG,test,1,/kaggle/working/cvio_shrimp_academic_study_seed42/experiments/shrimpdb3/prepared/test/01_BG/26dac55272c3_sdb_00009.png
79,ShrimpDB,Den_Mang,/kaggle/input/datasets/vohoangtu/shrimpdb/Den_Mang/benh-den-mang-o-tom-the-chan-trang.jpg_no_bg.png,benh-den-mang-o-tom-the-chan-trang.jpg_no_bg.png,.png,229654,615,407,RGBA,d163dddcf9e2117c3024e4f1fc538483feac4ca16438cc3c0aa3071aaa739782,BG,test,1,/kaggle/working/cvio_shrimp_academic_study_seed42/experiments/shrimpdb3/prepared/test/01_BG/d163dddcf9e2_sdb_00010.png
89,ShrimpDB,Den_Mang,/kaggle/input/datasets/vohoangtu/shrimpdb/Den_Mang/denmang1.png_no_bg.png,denmang1.png_no_bg.png,.png,148802,774,323,RGBA,063dd7cf2c6ead1386b6b36924ebc9d9217024c7cfcefa14e9cb50807e8af045,BG,test,1,/kaggle/working/cvio_shrimp_academic_study_seed42/experiments/shrimpdb3/prepared/test/01_BG/063dd7cf2c6e_sdb_00011.png
95,ShrimpDB,Den_Mang,/kaggle/input/datasets/vohoangtu/shrimpdb/Den_Mang/download1.jpg,download1.jpg,.jpg,28409,289,67,RGB,9822bad5c407b554061552bfc6ff55340fd5aee5e6db77b6fb6012f4b5899e23,BG,test,1,/kaggle/working/cvio_shrimp_academic_study_seed42/experiments/shrimpdb3/prepared/test/01_BG/9822bad5c407_sdb_00012.jpg
102,ShrimpDB,Den_Mang,/kaggle/input/datasets/vohoangtu/shrimpdb/Den_Mang/fungal-diseases-of-shrimp-19-638.jpg_no_bg.png,fungal-diseases-of-shrimp-19-638.jpg_no_bg.png,.png,148508,409,279,RGBA,1bcbd90f31eadb31b6b63153c4fd3154a16e882b8d0388a25d6657641a62584d,BG,test,1,/kaggle/working/cvio_shrimp_academic_study_seed42/experiments/shrimpdb3/prepared/test/01_BG/1bcbd90f31ea_sdb_00013.png
115,ShrimpDB,Den_Mang,/kaggle/input/datasets/vohoangtu/shrimpdb/Den_Mang/images (2)1.jpg_no_bg.png,images (2)1.jpg_no_bg.png,.png,42865,149,141,RGBA,f3cb1550fdf63db795b4e07bdc66a868caae21b0278d127d55e5aeececec45e1,BG,test,1,/kaggle/working/cvio_shrimp_academic_study_seed42/experiments/shrimpdb3/prepared/test/01_BG/f3cb1550fdf6_sdb_00014.png
117,ShrimpDB,Den_Mang,/kaggle/input/datasets/vohoangtu/shrimpdb/Den_Mang/images (4).jpg_no_bg.png,images (4).jpg_no_bg.png,.png,53647,275,183,RGBA,f5983a38cf205061292d67d85343c30f7affe1fe4352f58dbacaf94a2d84f8c1,BG,test,1,/kaggle/working/cvio_shrimp_academic_study_seed42/experiments/shrimpdb3/prepared/test/01_BG/f5983a38cf20_sdb_00015.png
578,ShrimpDB,Tom_BT,/kaggle/input/datasets/vohoangtu/shrimpdb/Tom_BT/105938_nhu-cau-khoang-cua-tom-the-chan-trang-672x355.jpg,105938_nhu-cau-khoang-cua-tom-the-chan-trang-672x355.jpg,.jpg,61566,640,360,RGB,773748e1351bf1c8845d8c35c0382d35cb761605e22f56bd33a30a16d3285daf,Healthy,test,0,/kaggle/working/cvio_shrimp_academic_study_seed42/experiments/shrimpdb3/prepared/test/00_Healthy/773748e1351b_sdb_00016.jpg
600,ShrimpDB,Tom_BT,/kaggle/input/datasets/vohoangtu/shrimpdb/Tom_BT/gia-tom-xuat-khau-tuan-qua-tiep-tuc-tang-1410232942.jpg_no_bg.png,gia-tom-xuat-khau-tuan-qua-tiep-tuc-tang-1410232942.jpg_no_bg.png,.png,440506,583,429,RGBA,982ced70ddf6249b1565c346c230d7dbcf26de5a2b51c29239e76afc2be22f31,Healthy,test,0,/kaggle/working/cvio_shrimp_academic_study_seed42/experiments/shrimpdb3/prepared/test/00_Healthy/982ced70ddf6_sdb_00017.png
616,ShrimpDB,Tom_BT,/kaggle/input/datasets/vohoangtu/shrimpdb/Tom_BT/maxresdefault.jpg,maxresdefault.jpg,.jpg,63367,1280,720,RGB,ce7a7d947fe9d2c987ddcbb22bea6ff9a6cf23a8bf31258fd470f7bb574651fa,Healthy,test,0,/kaggle/working/cvio_shrimp_academic_study_seed42/experiments/shrimpdb3/prepared/test/00_Healthy/ce7a7d947fe9_sdb_00018.jpg
620,ShrimpDB,Tom_BT,/kaggle/input/datasets/vohoangtu/shrimpdb/Tom_BT/mua-vu-nuoi-tom-the-chan-trang.jpg_no_bg.png,mua-vu-nuoi-tom-the-chan-trang.jpg_no_bg.png,.png,425859,577,433,RGBA,0cd19793a6c0c6b0c44dc5cb85cedda27666d3836cc5369506cf092e06fdec17,Healthy,test,0,/kaggle/working/cvio_shrimp_academic_study_seed42/experiments/shrimpdb3/prepared/test/00_Healthy/0cd19793a6c0_sdb_00019.png
624,ShrimpDB,Tom_BT,/kaggle/input/datasets/vohoangtu/shrimpdb/Tom_BT/nuoi-tom-the-chan-trang_11.jpg_no_bg.png,nuoi-tom-the-chan-trang_11.jpg_no_bg.png,.png,451541,577,433,RGBA,bb2f0afd6395a6dfc5c51c4ccdb3ce442caff8658d614484ac92498887c9d5f0,Healthy,test,0,/kaggle/working/cvio_shrimp_academic_study_seed42/experiments/shrimpdb3/prepared/test/00_Healthy/bb2f0afd6395_sdb_00020.png
628,ShrimpDB,Tom_BT,/kaggle/input/datasets/vohoangtu/shrimpdb/Tom_BT/thuy san viet nam (5-6).jpg_no_bg.png,thuy san viet nam (5-6).jpg_no_bg.png,.png,155396,430,253,RGBA,224d183ab3940f8313c25874855314f170c40ca4eb1f97dd07d102d6c0e52e48,Healthy,test,0,/kaggle/working/cvio_shrimp_academic_study_seed42/experiments/shrimpdb3/prepared/test/00_Healthy/224d183ab394_sdb_00021.png
636,ShrimpDB,Tom_BT,/kaggle/input/datasets/vohoangtu/shrimpdb/Tom_BT/tom-the (1).jpg,tom-the (1).jpg,.jpg,162230,888,592,RGB,34414db5cc8ba589a3d70d7a30413b4caef350cd297de3268c6ed8b449289378,Healthy,test,0,/kaggle/working/cvio_shrimp_academic_study_seed42/experiments/shrimpdb3/prepared/test/00_Healthy/34414db5cc8b_sdb_00022.jpg
638,ShrimpDB,Tom_BT,/kaggle/input/datasets/vohoangtu/shrimpdb/Tom_BT/tom-the-chan-trang_1526262035.jpg,tom-the-chan-trang_1526262035.jpg,.jpg,112959,800,533,RGB,389fb40dc705a363830e27a043de3888f4930c1c7d37492d6e4dc54a5afaa43f,Healthy,test,0,/kaggle/working/cvio_shrimp_academic_study_seed42/experiments/shrimpdb3/prepared/test/00_Healthy/389fb40dc705_sdb_00023.jpg
640,ShrimpDB,Tom_BT,/kaggle/input/datasets/vohoangtu/shrimpdb/Tom_BT/tom2_vluz (1).jpg_no_bg.png,tom2_vluz (1).jpg_no_bg.png,.png,366980,598,374,RGBA,72699c3cb4658e8ee5ba1d92e441a1b21058ecd5a199ab9ff97478a9a5c53891,Healthy,test,0,/kaggle/working/cvio_shrimp_academic_study_seed42/experiments/shrimpdb3/prepared/test/00_Healthy/72699c3cb465_sdb_00024.png
647,ShrimpDB,Tom_BT,/kaggle/input/datasets/vohoangtu/shrimpdb/Tom_BT/tumblr_inline_o6bnz3OG8Q1txo3bl_1280.jpg,tumblr_inline_o6bnz3OG8Q1txo3bl_1280.jpg,.jpg,421143,1280,680,RGB,aa4f0bde997c9547c73d98ca1a2bc6f270d0cb408829174ba8c49f3f6353766d,Healthy,test,0,/kaggle/working/cvio_shrimp_academic_study_seed42/experiments/shrimpdb3/prepared/test/00_Healthy/aa4f0bde997c_sdb_00025.jpg
649,ShrimpDB,Tom_BT,/kaggle/input/datasets/vohoangtu/shrimpdb/Tom_BT/vov_tom_the_chan_trang_jvms.jpg_no_bg.png,vov_tom_the_chan_trang_jvms.jpg_no_bg.png,.png,344443,500,313,RGBA,1b712f212c106a2e29b1fc2c3682162ea25dc79f39d938d62c988175d931cbd5,Healthy,test,0,/kaggle/working/cvio_shrimp_academic_study_seed42/experiments/shrimpdb3/prepared/test/00_Healthy/1b712f212c10_sdb_00026.png
233,ShrimpDB,Dom_Trang,/kaggle/input/datasets/vohoangtu/shrimpdb/Dom_Trang/10.15707137235_fa235256c1_o11.png_no_bg.png,10.15707137235_fa235256c1_o11.png_no_bg.png,.png,45991,113,264,RGBA,8f47912b981a1e51af41bcdb558f974bb86f2b39cfc0dd8de7fdba6cce12e561,WSSV,test,2,/kaggle/working/cvio_shrimp_academic_study_seed42/experiments/shrimpdb3/prepared/test/02_WSSV/8f47912b981a_sdb_00027.png
236,ShrimpDB,Dom_Trang,/kaggle/input/datasets/vohoangtu/shrimpdb/Dom_Trang/11.b88647897z1_20170318120207_000g7ai35ob3-0-adx9814ubxe6u0e3xn2_ct1880x930.jpg_no_bg.png,11.b88647897z1_20170318120207_000g7ai35ob3-0-adx9814ubxe6u0e3xn2_ct1880x930.jpg_no_bg.png,.png,33876,388,90,RGBA,0be92ccb4ce457451042c924f55af3b3cc69d53eeb3f8169cdb53a5845d57f44,WSSV,test,2,/kaggle/working/cvio_shrimp_academic_study_seed42/experiments/shrimpdb3/prepared/test/02_WSSV/0be92ccb4ce4_sdb_00028.png
238,ShrimpDB,Dom_Trang,/kaggle/input/datasets/vohoangtu/shrimpdb/Dom_Trang/11.b88647897z1_20170318120207_000g7ai35ob3-0-adx9814ubxe6u0e3xn2_ct1880x9302.jpg_no_bg.png,11.b88647897z1_20170318120207_000g7ai35ob3-0-adx9814ubxe6u0e3xn2_ct1880x9302.jpg_no_bg.png,.png,47617,388,121,RGBA,da6123413b7253c48fc25859f5c8849a61738077230f1611b91786060838a82b,WSSV,test,2,/kaggle/working/cvio_shrimp_academic_study_seed42/experiments/shrimpdb3/prepared/test/02_WSSV/da6123413b72_sdb_00029.png
245,ShrimpDB,Dom_Trang,/kaggle/input/datasets/vohoangtu/shrimpdb/Dom_Trang/134441_3.jpg,134441_3.jpg,.jpg,114362,640,360,RGB,8668ff82adeac8b8d6e86add41e087ed1250e848747dd7163406162f0194da51,WSSV,test,2,/kaggle/working/cvio_shrimp_academic_study_seed42/experiments/shrimpdb3/prepared/test/02_WSSV/8668ff82adea_sdb_00030.jpg
251,ShrimpDB,Dom_Trang,/kaggle/input/datasets/vohoangtu/shrimpdb/Dom_Trang/142954_0f9096ce18f2d1db7dff671b88ad60c5.jpg_no_bg.png,142954_0f9096ce18f2d1db7dff671b88ad60c5.jpg_no_bg.png,.png,282641,667,375,RGBA,1d692e807d0d9d146aa2d077fbe47c7f277e06972f8be6718f6e2881eaa1b354,WSSV,test,2,/kaggle/working/cvio_shrimp_academic_study_seed42/experiments/shrimpdb3/prepared/test/02_WSSV/1d692e807d0d_sdb_00031.png
260,ShrimpDB,Dom_Trang,/kaggle/input/datasets/vohoangtu/shrimpdb/Dom_Trang/2.trieu-chung-benh-dom-trang-tren-tom-su-01.jpg_no_bg.png,2.trieu-chung-benh-dom-trang-tren-tom-su-01.jpg_no_bg.png,.png,250640,600,350,RGBA,ae3ccc802f2a309dd3dbca245cf6a563ca88129660652f4d90286fe8d6f08d80,WSSV,test,2,/kaggle/working/cvio_shrimp_academic_study_seed42/experiments/shrimpdb3/prepared/test/02_WSSV/ae3ccc802f2a_sdb_00032.png
267,ShrimpDB,Dom_Trang,/kaggle/input/datasets/vohoangtu/shrimpdb/Dom_Trang/23.tong-quan-4.png_no_bg.png,23.tong-quan-4.png_no_bg.png,.png,169518,856,292,RGBA,993e301ab291b93f2381a3e8a23358eead7b8a50ea46b384b9f20db2d4883148,WSSV,test,2,/kaggle/working/cvio_shrimp_academic_study_seed42/experiments/shrimpdb3/prepared/test/02_WSSV/993e301ab291_sdb_00033.png
269,ShrimpDB,Dom_Trang,/kaggle/input/datasets/vohoangtu/shrimpdb/Dom_Trang/25.WKLrzpS.jpg_no_bg.png,25.WKLrzpS.jpg_no_bg.png,.png,108031,376,262,RGBA,a3c3f68b62ee522e3066d3b164d2fd4271e5de8464b36abe05a9fd3f88c7ff43,WSSV,test,2,/kaggle/working/cvio_shrimp_academic_study_seed42/experiments/shrimpdb3/prepared/test/02_WSSV/a3c3f68b62ee_sdb_00034.png
277,ShrimpDB,Dom_Trang,/kaggle/input/datasets/vohoangtu/shrimpdb/Dom_Trang/3.tom-the-bi-benh-dom-trang.jpg_no_bg.png,3.tom-the-bi-benh-dom-trang.jpg_no_bg.png,.png,245327,600,343,RGBA,453bfc68c0bea90ed972f394c30b9365447e0a9dcc9ebccac2d5006c4c2e1e21,WSSV,test,2,/kaggle/working/cvio_shrimp_academic_study_seed42/experiments/shrimpdb3/prepared/test/02_WSSV/453bfc68c0be_sdb_00035.png
296,ShrimpDB,Dom_Trang,/kaggle/input/datasets/vohoangtu/shrimpdb/Dom_Trang/59.tom-benh-dom-trang_4.jpg,59.tom-benh-dom-trang_4.jpg,.jpg,63172,617,220,RGB,a688787fe5a2a89e55ac07861fc97070b213d24bd3e87ab5e3b320549aac7295,WSSV,test,2,/kaggle/working/cvio_shrimp_academic_study_seed42/experiments/shrimpdb3/prepared/test/02_WSSV/a688787fe5a2_sdb_00036.jpg
307,ShrimpDB,Dom_Trang,/kaggle/input/datasets/vohoangtu/shrimpdb/Dom_Trang/634392353983373750688.jpg_no_bg.png,634392353983373750688.jpg_no_bg.png,.png,75695,300,225,RGBA,7db579b736b790e624d37dcc67332046c86b7aebcaf2364017861963917ed94a,WSSV,test,2,/kaggle/working/cvio_shrimp_academic_study_seed42/experiments/shrimpdb3/prepared/test/02_WSSV/7db579b736b7_sdb_00037.png
319,ShrimpDB,Dom_Trang,/kaggle/input/datasets/vohoangtu/shrimpdb/Dom_Trang/84.cac-bien-phap-phong-benh-nguy-hiem-tren-tom-nuoi-51.jpg_no_bg.png,84.cac-bien-phap-phong-benh-nguy-hiem-tren-tom-nuoi-51.jpg_no_bg.png,.png,109293,157,495,RGBA,b5d1f058159114ce8554bad8fa1827e62b0159ad516d20a10a1d4877aebf76ee,WSSV,test,2,/kaggle/working/cvio_shrimp_academic_study_seed42/experiments/shrimpdb3/prepared/test/02_WSSV/b5d1f0581591_sdb_00038.png
320,ShrimpDB,Dom_Trang,/kaggle/input/datasets/vohoangtu/shrimpdb/Dom_Trang/84.cac-bien-phap-phong-benh-nguy-hiem-tren-tom-nuoi-512.jpg_no_bg.png,84.cac-bien-phap-phong-benh-nguy-hiem-tren-tom-nuoi-512.jpg_no_bg.png,.png,91744,146,500,RGBA,b844daa5db035ecb4d65a9fe86cec8ed32422fe2f9495591363436b1802adfe6,WSSV,test,2,/kaggle/working/cvio_shrimp_academic_study_seed42/experiments/shrimpdb3/prepared/test/02_WSSV/b844daa5db03_sdb_00039.png
322,ShrimpDB,Dom_Trang,/kaggle/input/datasets/vohoangtu/shrimpdb/Dom_Trang/9.8214990-3x2-940x627.jpg_no_bg.png,9.8214990-3x2-940x627.jpg_no_bg.png,.png,332253,612,408,RGBA,694bb7fd62a4091ba3c1ed35f694a93d3af325be704caddb33c0676e5ddf1d88,WSSV,test,2,/kaggle/working/cvio_shrimp_academic_study_seed42/experiments/shrimpdb3/prepared/test/02_WSSV/694bb7fd62a4_sdb_00040.png
324,ShrimpDB,Dom_Trang,/kaggle/input/datasets/vohoangtu/shrimpdb/Dom_Trang/9.b3748d1f0bc4e9c08a4bff591c8d4f4e1.jpg_no_bg.png,9.b3748d1f0bc4e9c08a4bff591c8d4f4e1.jpg_no_bg.png,.png,106404,640,157,RGBA,6dd7bf7ba06357148f93e21f6d27f1164fb2226f7a67ca9408888897afd3c6b3,WSSV,test,2,/kaggle/working/cvio_shrimp_academic_study_seed42/experiments/shrimpdb3/prepared/test/02_WSSV/6dd7bf7ba063_sdb_00041.png
332,ShrimpDB,Dom_Trang,/kaggle/input/datasets/vohoangtu/shrimpdb/Dom_Trang/DOM TRANG21.jpg_no_bg.png,DOM TRANG21.jpg_no_bg.png,.png,245940,752,287,RGBA,ad6cd04760126a40b1ae1d68814a862f04aeea60ba2207c5ddd9d8a2d6bd4929,WSSV,test,2,/kaggle/working/cvio_shrimp_academic_study_seed42/experiments/shrimpdb3/prepared/test/02_WSSV/ad6cd0476012_sdb_00042.png
340,ShrimpDB,Dom_Trang,/kaggle/input/datasets/vohoangtu/shrimpdb/Dom_Trang/WSSV-624x468.jpg,WSSV-624x468.jpg,.jpg,68733,624,468,RGB,10a3c63225a00d4fd70c8bb8304d17d05d2884f42927266ac19df142e3ff7b27,WSSV,test,2,/kaggle/working/cvio_shrimp_academic_study_seed42/experiments/shrimpdb3/prepared/test/02_WSSV/10a3c63225a0_sdb_00043.jpg
362,ShrimpDB,Dom_Trang,/kaggle/input/datasets/vohoangtu/shrimpdb/Dom_Trang/download (1).jpg,download (1).jpg,.jpg,7121,259,194,RGB,0624106c9c3a391e272d525455d9f7aadad8bb659ffa6a208ec1ed8a63110e30,WSSV,test,2,/kaggle/working/cvio_shrimp_academic_study_seed42/experiments/shrimpdb3/prepared/test/02_WSSV/0624106c9c3a_sdb_00044.jpg
393,ShrimpDB,Dom_Trang,/kaggle/input/datasets/vohoangtu/shrimpdb/Dom_Trang/tôm sú bị virus đốm trắng.jpg,tôm sú bị virus đốm trắng.jpg,.jpg,95943,760,592,RGB,a5deac339f11b381126716acf6f0b603e814b9c09f4f101b15517408e4ce0500,WSSV,test,2,/kaggle/working/cvio_shrimp_academic_study_seed42/experiments/shrimpdb3/prepared/test/02_WSSV/a5deac339f11_sdb_00045.jpg
399,ShrimpDB,Dom_Trang,/kaggle/input/datasets/vohoangtu/shrimpdb/Dom_Trang/white_spot_shrimp.jpg_no_bg.png,white_spot_shrimp.jpg_no_bg.png,.png,192219,542,461,RGBA,14bfc4b450544a9d5d1b8e008ec60df7143f9d73561b150096d1a4ed676549e8,WSSV,test,2,/kaggle/working/cvio_shrimp_academic_study_seed42/experiments/shrimpdb3/prepared/test/02_WSSV/14bfc4b45054_sdb_00046.png
1,ShrimpDB,Den_Mang,/kaggle/input/datasets/vohoangtu/shrimpdb/Den_Mang/1.2b.png_no_bg.png,1.2b.png_no_bg.png,.png,148987,490,368,RGBA,793b24e2adefcf1bb2e7959f9eeda4470870f7f95f1667e88a50df6589f242ef,BG,train,1,/kaggle/working/cvio_shrimp_academic_study_seed42/experiments/shrimpdb3/prepared/train/01_BG/793b24e2adef_sdb_00047.png
2,ShrimpDB,Den_Mang,/kaggle/input/datasets/vohoangtu/shrimpdb/Den_Mang/1.benh-den-mang-o-tom-the-chan-trang-1.jpg_no_bg.png,1.benh-den-mang-o-tom-the-chan-trang-1.jpg_no_bg.png,.png,308375,611,409,RGBA,9da988d9e447ae52f6fa9d1d13bb7e1fe1582539dae3436e5e3e009079d2c394,BG,train,1,/kaggle/working/cvio_shrimp_academic_study_seed42/experiments/shrimpdb3/prepared/train/01_BG/9da988d9e447_sdb_00048.png
3,ShrimpDB,Den_Mang,/kaggle/input/datasets/vohoangtu/shrimpdb/Den_Mang/10.benh-hai-tren-mang-tom.jpg_no_bg.png,10.benh-hai-tren-mang-tom.jpg_no_bg.png,.png,158509,600,315,RGBA,f3dea2dec22cfbfa9da3640388f823a3565768b3f0527a66ccbc0aced83cdf66,BG,train,1,/kaggle/working/cvio_shrimp_academic_study_seed42/experiments/shrimpdb3/prepared/train/01_BG/f3dea2dec22c_sdb_00049.png
4,ShrimpDB,Den_Mang,/kaggle/input/datasets/vohoangtu/shrimpdb/Den_Mang/1012tomdomdenimage001 (1)1.jpg,1012tomdomdenimage001 (1)1.jpg,.jpg,33426,265,109,RGB,61405ff32475028e332264f40fb8d9055c9d486336e240d5bda6ba020b9e120d,BG,train,1,/kaggle/working/cvio_shrimp_academic_study_seed42/experiments/shrimpdb3/prepared/train/01_BG/61405ff32475_sdb_00050.jpg
5,ShrimpDB,Den_Mang,/kaggle/input/datasets/vohoangtu/shrimpdb/Den_Mang/11.2018-11-29-tom4.jpg_no_bg.png,11.2018-11-29-tom4.jpg_no_bg.png,.png,118180,601,168,RGBA,6430aae38d04f6baf220b8f99edf353c210971c4862d42b739aa98e76d511dff,BG,train,1,/kaggle/working/cvio_shrimp_academic_study_seed42/experiments/shrimpdb3/prepared/train/01_BG/6430aae38d04_sdb_00051.png
7,ShrimpDB,Den_Mang,/kaggle/input/datasets/vohoangtu/shrimpdb/Den_Mang/13.tom-bi-den-mang.png,13.tom-bi-den-mang.png,.png,74051,228,179,RGBA,c7df5d66ddf66d5b1222fdb79aa1390fa9a82d3f03d1708c21345d7c1a560f25,BG,train,1,/kaggle/working/cvio_shrimp_academic_study_seed42/experiments/shrimpdb3/prepared/train/01_BG/c7df5d66ddf6_sdb_00052.png
9,ShrimpDB,Den_Mang,/kaggle/input/datasets/vohoangtu/shrimpdb/Den_Mang/13.tom-bi-den-mang3.png_no_bg.png,13.tom-bi-den-mang3.png_no_bg.png,.png,64691,143,475,RGBA,be7bd0cd0c43e9913a774bc7078008db2e0a3ec31780ce68cbe580c170430b0e,BG,train,1,/kaggle/working/cvio_shrimp_academic_study_seed42/experiments/shrimpdb3/prepared/train/01_BG/be7bd0cd0c43_sdb_00053.png
10,ShrimpDB,Den_Mang,/kaggle/input/datasets/vohoangtu/shrimpdb/Den_Mang/13.tom-bi-den-mang4.png_no_bg.png,13.tom-bi-den-mang4.png_no_bg.png,.png,36975,240,143,RGBA,1309d9d36c7191ace5571924102e353a82d65faec16d2526b34bfdb466f16f59,BG,train,1,/kaggle/working/cvio_shrimp_academic_study_seed42/experiments/shrimpdb3/prepared/train/01_BG/1309d9d36c71_sdb_00054.png
11,ShrimpDB,Den_Mang,/kaggle/input/datasets/vohoangtu/shrimpdb/Den_Mang/14836563-black-gill-e1469451153410.jpg_no_bg.png,14836563-black-gill-e1469451153410.jpg_no_bg.png,.png,79518,360,240,RGBA,b3f7f16542aa8d8d3106ed06ad56ac0262433ea8c929caccecfc9d5d9fd37008,BG,train,1,/kaggle/working/cvio_shrimp_academic_study_seed42/experiments/shrimpdb3/prepared/train/01_BG/b3f7f16542aa_sdb_00055.png
12,ShrimpDB,Den_Mang,/kaggle/input/datasets/vohoangtu/shrimpdb/Den_Mang/15.black-tiger-shrimp-830x435.jpg,15.black-tiger-shrimp-830x435.jpg,.jpg,47842,830,435,RGB,a30e028dc9c9486c7a1c16c6025454da210f5b942f6ee6028896f714483194e4,BG,train,1,/kaggle/working/cvio_shrimp_academic_study_seed42/experiments/shrimpdb3/prepared/train/01_BG/a30e028dc9c9_sdb_00056.jpg
13,ShrimpDB,Den_Mang,/kaggle/input/datasets/vohoangtu/shrimpdb/Den_Mang/15.black-tiger-shrimp-830x435.jpg_no_bg.png,15.black-tiger-shrimp-830x435.jpg_no_bg.png,.png,153985,691,362,RGBA,311f8e58f9e390fa6f988cadc4dd669c0a8a8992cd67678fabc7c98319e901d2,BG,train,1,/kaggle/working/cvio_shrimp_academic_study_seed42/experiments/shrimpdb3/prepared/train/01_BG/311f8e58f9e3_sdb_00057.png
17,ShrimpDB,Den_Mang,/kaggle/input/datasets/vohoangtu/shrimpdb/Den_Mang/16.105721_6.jpg_no_bg.png,16.105721_6.jpg_no_bg.png,.png,275662,640,360,RGBA,97ed13a560c7b56d57d300625ed0051ef37d1103c044020b031acdb854ad1266,BG,train,1,/kaggle/working/cvio_shrimp_academic_study_seed42/experiments/shrimpdb3/prepared/train/01_BG/97ed13a560c7_sdb_00058.png
18,ShrimpDB,Den_Mang,/kaggle/input/datasets/vohoangtu/shrimpdb/Den_Mang/160704_tôm.jpg_no_bg.png,160704_tôm.jpg_no_bg.png,.png,202270,640,360,RGBA,ec5b34fa11ceeb1a62643546c391d385311cddd45ae6353bcb816fe6280220b3,BG,train,1,/kaggle/working/cvio_shrimp_academic_study_seed42/experiments/shrimpdb3/prepared/train/01_BG/ec5b34fa11ce_sdb_00059.png
19,ShrimpDB,Den_Mang,/kaggle/input/datasets/vohoangtu/shrimpdb/Den_Mang/19.0619WEB_tpwd_1557846179.jpg_no_bg.png,19.0619WEB_tpwd_1557846179.jpg_no_bg.png,.png,139384,933,268,RGBA,074a4e063417362a9c26e46fa084b01720545b067d4975911929caf5715d7e78,BG,train,1,/kaggle/working/cvio_shrimp_academic_study_seed42/experiments/shrimpdb3/prepared/train/01_BG/074a4e063417_sdb_00060.png
20,ShrimpDB,Den_Mang,/kaggle/input/datasets/vohoangtu/shrimpdb/Den_Mang/19.benh+den+mang.jpg_no_bg.png,19.benh+den+mang.jpg_no_bg.png,.png,119404,613,215,RGBA,cddccca091f361e06af82dfa50c99126522b5233593b444ace948bc6abf748c8,BG,train,1,/kaggle/working/cvio_shrimp_academic_study_seed42/experiments/shrimpdb3/prepared/train/01_BG/cddccca091f3_sdb_00061.png
21,ShrimpDB,Den_Mang,/kaggle/input/datasets/vohoangtu/shrimpdb/Den_Mang/2.benh-den-mang-tren-tom-va-cach-phong-ngua.jpg_no_bg.png,2.benh-den-mang-tren-tom-va-cach-phong-ngua.jpg_no_bg.png,.png,216415,600,397,RGBA,88931097e4a1ca888c289ec41459b6c136780b470978fc593394429c525e2e9e,BG,train,1,/kaggle/working/cvio_shrimp_academic_study_seed42/experiments/shrimpdb3/prepared/train/01_BG/88931097e4a1_sdb_00062.png
22,ShrimpDB,Den_Mang,/kaggle/input/datasets/vohoangtu/shrimpdb/Den_Mang/20.a25.jpg_no_bg.png,20.a25.jpg_no_bg.png,.png,98853,446,228,RGBA,7ed6a7b87f4bcc51ee209f8581913a8bc02531a8c67637bc81e88125ca60a433,BG,train,1,/kaggle/working/cvio_shrimp_academic_study_seed42/experiments/shrimpdb3/prepared/train/01_BG/7ed6a7b87f4b_sdb_00063.png
24,ShrimpDB,Den_Mang,/kaggle/input/datasets/vohoangtu/shrimpdb/Den_Mang/2013-11-03T151424Z_1_CBRE9A216CS00_RTROPTP_2_USA-ATLANTIC-SHRIMP.jpg_no_bg.png,2013-11-03T151424Z_1_CBRE9A216CS00_RTROPTP_2_USA-ATLANTIC-SHRIMP.jpg_no_bg.png,.png,153526,450,338,RGBA,89a0ac6bf04c64de521b910d9e7a599359b7b25abc830d7bc636f27d5b1e29a0,BG,train,1,/kaggle/working/cvio_shrimp_academic_study_seed42/experiments/shrimpdb3/prepared/train/01_BG/89a0ac6bf04c_sdb_00064.png
25,ShrimpDB,Den_Mang,/kaggle/input/datasets/vohoangtu/shrimpdb/Den_Mang/2013-11-03T151424Z_1_CBRE9A216CU00_RTROPTP_2_USA-ATLANTIC-SHRIMP.jpg_no_bg.png,2013-11-03T151424Z_1_CBRE9A216CU00_RTROPTP_2_USA-ATLANTIC-SHRIMP.jpg_no_bg.png,.png,118319,450,338,RGBA,94409181eba59638579402702e4e6a68d6019297cf24a707aa748f30d558dc0e,BG,train,1,/kaggle/working/cvio_shrimp_academic_study_seed42/experiments/shrimpdb3/prepared/train/01_BG/94409181eba5_sdb_00065.png
26,ShrimpDB,Den_Mang,/kaggle/input/datasets/vohoangtu/shrimpdb/Den_Mang/2018-11-29-tom2.jpg,2018-11-29-tom2.jpg,.jpg,25617,375,250,RGB,5c2c93a07b465392343c651b1f2e50108c3f1ea1830f5564591195b12f2dcac2,BG,train,1,/kaggle/working/cvio_shrimp_academic_study_seed42/experiments/shrimpdb3/prepared/train/01_BG/5c2c93a07b46_sdb_00066.jpg
28,ShrimpDB,Den_Mang,/kaggle/input/datasets/vohoangtu/shrimpdb/Den_Mang/21.2019-07-04-KTKT-TS-nguyen-nhan-gay-den-mang-tom.jpg_no_bg.png,21.2019-07-04-KTKT-TS-nguyen-nhan-gay-den-mang-tom.jpg_no_bg.png,.png,194830,579,432,RGBA,81a2a0ec9acdd4575f7942c80c225aec068ec9cc733822d846972c3fb8f9535c,BG,train,1,/kaggle/working/cvio_shrimp_academic_study_seed42/experiments/shrimpdb3/prepared/train/01_BG/81a2a0ec9acd_sdb_00067.png
29,ShrimpDB,Den_Mang,/kaggle/input/datasets/vohoangtu/shrimpdb/Den_Mang/22.Black-Tiger-Shrimp-fish-20pcs.jpg,22.Black-Tiger-Shrimp-fish-20pcs.jpg,.jpg,34256,750,950,RGB,48d061398632b3c93927c045ed280f173974be13b8d135f4c522ce376b79e68c,BG,train,1,/kaggle/working/cvio_shrimp_academic_study_seed42/experiments/shrimpdb3/prepared/train/01_BG/48d061398632_sdb_00068.jpg
31,ShrimpDB,Den_Mang,/kaggle/input/datasets/vohoangtu/shrimpdb/Den_Mang/23.tom_su_benh_mang_4.jpg,23.tom_su_benh_mang_4.jpg,.jpg,251956,750,434,RGB,d2b8da2cac8120269acac7a85935b727948313e95b4870f36a7736ecf41458c9,BG,train,1,/kaggle/working/cvio_shrimp_academic_study_seed42/experiments/shrimpdb3/prepared/train/01_BG/d2b8da2cac81_sdb_00069.jpg
33,ShrimpDB,Den_Mang,/kaggle/input/datasets/vohoangtu/shrimpdb/Den_Mang/2a.png_no_bg.png,2a.png_no_bg.png,.png,247222,615,407,RGBA,52602bdac66f266fc562cca76eac242cf651c3d8f0454d49560fa5cac5e03cf2,BG,train,1,/kaggle/working/cvio_shrimp_academic_study_seed42/experiments/shrimpdb3/prepared/train/01_BG/52602bdac66f_sdb_00070.png
34,ShrimpDB,Den_Mang,/kaggle/input/datasets/vohoangtu/shrimpdb/Den_Mang/3.den-mang-tren-tom-do-nuoc-o-nhiem2.jpg_no_bg.png,3.den-mang-tren-tom-do-nuoc-o-nhiem2.jpg_no_bg.png,.png,312228,667,375,RGBA,9cdd05b7a52ba75dbbcda90f79db8314018ced2e2251c28225fdaaaba27c4c12,BG,train,1,/kaggle/working/cvio_shrimp_academic_study_seed42/experiments/shrimpdb3/prepared/train/01_BG/9cdd05b7a52b_sdb_00071.png
36,ShrimpDB,Den_Mang,/kaggle/input/datasets/vohoangtu/shrimpdb/Den_Mang/4.benh-den-mang-o-tom-su-01.jpg_no_bg.png,4.benh-den-mang-o-tom-su-01.jpg_no_bg.png,.png,123341,425,319,RGBA,e25ba4619a032929e55f2706d654e7aeac8be1861f52f0d188ad1a55763aed99,BG,train,1,/kaggle/working/cvio_shrimp_academic_study_seed42/experiments/shrimpdb3/prepared/train/01_BG/e25ba4619a03_sdb_00072.png
38,ShrimpDB,Den_Mang,/kaggle/input/datasets/vohoangtu/shrimpdb/Den_Mang/42.tiger_shrimp_7__40368.1367378810.450.450.jpg_no_bg.png,42.tiger_shrimp_7__40368.1367378810.450.450.jpg_no_bg.png,.png,122631,450,337,RGBA,3309837d7de6a76e904d4e7974d2efd577539891a2a8c9ddfa54e896ad5fe4cd,BG,train,1,/kaggle/working/cvio_shrimp_academic_study_seed42/experiments/shrimpdb3/prepared/train/01_BG/3309837d7de6_sdb_00073.png
40,ShrimpDB,Den_Mang,/kaggle/input/datasets/vohoangtu/shrimpdb/Den_Mang/5095592312_46bd55f1f9_z.jpg_no_bg.png,5095592312_46bd55f1f9_z.jpg_no_bg.png,.png,240422,612,408,RGBA,4ee8f0e39dd843b92a8b53c98173d8c858068765a660b0246847cbb6b21227b9,BG,train,1,/kaggle/working/cvio_shrimp_academic_study_seed42/experiments/shrimpdb3/prepared/train/01_BG/4ee8f0e39dd8_sdb_00074.png
42,ShrimpDB,Den_Mang,/kaggle/input/datasets/vohoangtu/shrimpdb/Den_Mang/55.benh-den-mang-o-tom.jpg_no_bg.png,55.benh-den-mang-o-tom.jpg_no_bg.png,.png,249488,550,310,RGBA,127e5907d26fa9e0aac11d96f3ec92903deb1d926b954b2c0c4e67afc004042b,BG,train,1,/kaggle/working/cvio_shrimp_academic_study_seed42/experiments/shrimpdb3/prepared/train/01_BG/127e5907d26f_sdb_00075.png
44,ShrimpDB,Den_Mang,/kaggle/input/datasets/vohoangtu/shrimpdb/Den_Mang/5805db9829160_1476778904.jpg_no_bg.png,5805db9829160_1476778904.jpg_no_bg.png,.png,154540,500,264,RGBA,057a0623451e5c3eb17c434718105c7068232d89ff9e6562dca635ed50c7b347,BG,train,1,/kaggle/working/cvio_shrimp_academic_study_seed42/experiments/shrimpdb3/prepared/train/01_BG/057a0623451e_sdb_00076.png
45,ShrimpDB,Den_Mang,/kaggle/input/datasets/vohoangtu/shrimpdb/Den_Mang/5c6d9c88cb7f6.image1.jpg_no_bg.png,5c6d9c88cb7f6.image1.jpg_no_bg.png,.png,144991,671,373,RGBA,cf1107a8d5b813e595892cb422b8776da58b851bec500d810fea14e454846693,BG,train,1,/kaggle/working/cvio_shrimp_academic_study_seed42/experiments/shrimpdb3/prepared/train/01_BG/cf1107a8d5b8_sdb_00077.png
48,ShrimpDB,Den_Mang,/kaggle/input/datasets/vohoangtu/shrimpdb/Den_Mang/5c6d9c88cb7f6.image4.jpg_no_bg.png,5c6d9c88cb7f6.image4.jpg_no_bg.png,.png,180191,650,385,RGBA,3875222167ac0321424796a89155dc23e46f15b2eddd4f111a7bb727514130a9,BG,train,1,/kaggle/working/cvio_shrimp_academic_study_seed42/experiments/shrimpdb3/prepared/train/01_BG/3875222167ac_sdb_00078.png
51,ShrimpDB,Den_Mang,/kaggle/input/datasets/vohoangtu/shrimpdb/Den_Mang/6.Vol8_No1_Histo_Sade_Fig5.jpg_no_bg.png,6.Vol8_No1_Histo_Sade_Fig5.jpg_no_bg.png,.png,132005,514,228,RGBA,0444d4cf2053bfe908f9a665adb3647aed463533e99d5c11b0406c2d94cc6d11,BG,train,1,/kaggle/working/cvio_shrimp_academic_study_seed42/experiments/shrimpdb3/prepared/train/01_BG/0444d4cf2053_sdb_00079.png
52,ShrimpDB,Den_Mang,/kaggle/input/datasets/vohoangtu/shrimpdb/Den_Mang/6.p-shrimp-black-gill-disease-benh-den-mang-tom-1.jpg_no_bg.png,6.p-shrimp-black-gill-disease-benh-den-mang-tom-1.jpg_no_bg.png,.png,86562,500,260,RGBA,9baed2a5d4605770468cbbd1452c3d217ae9a916392165b75e1368057f2599ee,BG,train,1,/kaggle/working/cvio_shrimp_academic_study_seed42/experiments/shrimpdb3/prepared/train/01_BG/9baed2a5d460_sdb_00080.png
54,ShrimpDB,Den_Mang,/kaggle/input/datasets/vohoangtu/shrimpdb/Den_Mang/600600p1660EDNmain734meca-summer-science-15_cropped.jpg_no_bg.png,600600p1660EDNmain734meca-summer-science-15_cropped.jpg_no_bg.png,.png,292376,600,355,RGBA,b534aaa93301f9b07c0f9b2abe49ae2f70a1403da807e778278c08c00eb9c08e,BG,train,1,/kaggle/working/cvio_shrimp_academic_study_seed42/experiments/shrimpdb3/prepared/train/01_BG/b534aaa93301_sdb_00081.png
55,ShrimpDB,Den_Mang,/kaggle/input/datasets/vohoangtu/shrimpdb/Den_Mang/62.thuoc-tri-benh-den-mang-nuoi-tom.jpg_no_bg.png,62.thuoc-tri-benh-den-mang-nuoi-tom.jpg_no_bg.png,.png,342059,517,483,RGBA,bf6b7dd9be2c8a671ac789bca3f1caecc5d5c26506bf5a31eed7af4022cde88f,BG,train,1,/kaggle/working/cvio_shrimp_academic_study_seed42/experiments/shrimpdb3/prepared/train/01_BG/bf6b7dd9be2c_sdb_00082.png
56,ShrimpDB,Den_Mang,/kaggle/input/datasets/vohoangtu/shrimpdb/Den_Mang/7.EP-3103096993.jpg_no_bg.png,7.EP-3103096993.jpg_no_bg.png,.png,238176,379,660,RGBA,5aed87ff55c92c5b36a34ec3632cc8cacece046c3fc6887c0876ceb133cfe46f,BG,train,1,/kaggle/working/cvio_shrimp_academic_study_seed42/experiments/shrimpdb3/prepared/train/01_BG/5aed87ff55c9_sdb_00083.png
57,ShrimpDB,Den_Mang,/kaggle/input/datasets/vohoangtu/shrimpdb/Den_Mang/7.tom-den-mang.jpg_no_bg.png,7.tom-den-mang.jpg_no_bg.png,.png,118289,400,176,RGBA,01f84bc77659cdf80af85e2bca288f6c7965a04655d396c1a3be9318516454ca,BG,train,1,/kaggle/working/cvio_shrimp_academic_study_seed42/experiments/shrimpdb3/prepared/train/01_BG/01f84bc77659_sdb_00084.png
58,ShrimpDB,Den_Mang,/kaggle/input/datasets/vohoangtu/shrimpdb/Den_Mang/7.tom-den-mang1.jpg_no_bg.png,7.tom-den-mang1.jpg_no_bg.png,.png,91761,400,139,RGBA,7f2bb54209ccbe9cb6e7febc8e8e818a8462dee971f90d140d3769a15857f0b5,BG,train,1,/kaggle/working/cvio_shrimp_academic_study_seed42/experiments/shrimpdb3/prepared/train/01_BG/7f2bb54209cc_sdb_00085.png
61,ShrimpDB,Den_Mang,/kaggle/input/datasets/vohoangtu/shrimpdb/Den_Mang/8.The-su-den-mang2.jpg_no_bg.png,8.The-su-den-mang2.jpg_no_bg.png,.png,68735,443,241,RGBA,39c8fd2929f0983aaaffeeda91f2d142efe9c72cfdb6408fcccdf97c6e3fb4c2,BG,train,1,/kaggle/working/cvio_shrimp_academic_study_seed42/experiments/shrimpdb3/prepared/train/01_BG/39c8fd2929f0_sdb_00086.png
62,ShrimpDB,Den_Mang,/kaggle/input/datasets/vohoangtu/shrimpdb/Den_Mang/8.The-su-den-mang3.jpg_no_bg.png,8.The-su-den-mang3.jpg_no_bg.png,.png,77768,458,245,RGBA,83b47b54c152c6c6e6b1db66a84b883fcea65befaf9da72e0d3db315c4a01cb1,BG,train,1,/kaggle/working/cvio_shrimp_academic_study_seed42/experiments/shrimpdb3/prepared/train/01_BG/83b47b54c152_sdb_00087.png
63,ShrimpDB,Den_Mang,/kaggle/input/datasets/vohoangtu/shrimpdb/Den_Mang/8.The-su-den-mang4.jpg,8.The-su-den-mang4.jpg,.jpg,57028,439,260,RGB,63a9dd9c55ad545e7f3e0d4b34c4d40f511be0037bfc81b708ad7b5162f12b8c,BG,train,1,/kaggle/working/cvio_shrimp_academic_study_seed42/experiments/shrimpdb3/prepared/train/01_BG/63a9dd9c55ad_sdb_00088.jpg
65,ShrimpDB,Den_Mang,/kaggle/input/datasets/vohoangtu/shrimpdb/Den_Mang/9.den-mang-tom.jpg_no_bg.png,9.den-mang-tom.jpg_no_bg.png,.png,134617,448,336,RGBA,2cee7343631bfff1b95eeaac74d4272c6d0fba271d5d0eb0f448efd7617f1091,BG,train,1,/kaggle/working/cvio_shrimp_academic_study_seed42/experiments/shrimpdb3/prepared/train/01_BG/2cee7343631b_sdb_00089.png
67,ShrimpDB,Den_Mang,/kaggle/input/datasets/vohoangtu/shrimpdb/Den_Mang/A-Georgia-white-shrimp-displays-symptoms-of-the-Black-Gill-condition-around-its-gills.png_no_bg.png,A-Georgia-white-shrimp-displays-symptoms-of-the-Black-Gill-condition-around-its-gills.png_no_bg.png,.png,240632,611,409,RGBA,6d76909abf44496ccdf59419f7e56995f64066ac46ba9278934613a20f3a9660,BG,train,1,/kaggle/working/cvio_shrimp_academic_study_seed42/experiments/shrimpdb3/prepared/train/01_BG/6d76909abf44_sdb_00090.png
68,ShrimpDB,Den_Mang,/kaggle/input/datasets/vohoangtu/shrimpdb/Den_Mang/AR-310209808.jpg_no_bg.png,AR-310209808.jpg_no_bg.png,.png,240800,577,433,RGBA,c5f555d620b9998de48173083fa0fc57cb67d6e956eaf506928571bb0c041259,BG,train,1,/kaggle/working/cvio_shrimp_academic_study_seed42/experiments/shrimpdb3/prepared/train/01_BG/c5f555d620b9_sdb_00091.png
69,ShrimpDB,Den_Mang,/kaggle/input/datasets/vohoangtu/shrimpdb/Den_Mang/AR-801250216.jpg_no_bg.png,AR-801250216.jpg_no_bg.png,.png,178768,577,433,RGBA,3e3d841bab51dccfb44e7334cc85ca46694edc663c8c08625d42048d42cd5a7c,BG,train,1,/kaggle/working/cvio_shrimp_academic_study_seed42/experiments/shrimpdb3/prepared/train/01_BG/3e3d841bab51_sdb_00092.png
70,ShrimpDB,Den_Mang,/kaggle/input/datasets/vohoangtu/shrimpdb/Den_Mang/Aspergilus-the.jpg_no_bg.png,Aspergilus-the.jpg_no_bg.png,.png,100644,475,229,RGBA,297f438a9304b05c4b21c2186900250aca81a769db793c867a3f6b629e97a573,BG,train,1,/kaggle/working/cvio_shrimp_academic_study_seed42/experiments/shrimpdb3/prepared/train/01_BG/297f438a9304_sdb_00093.png
72,ShrimpDB,Den_Mang,/kaggle/input/datasets/vohoangtu/shrimpdb/Den_Mang/Black-Gill1.jpg_no_bg.png,Black-Gill1.jpg_no_bg.png,.png,58537,106,346,RGBA,28c26d7110bdf98be411413fec4fb6a10083392a402a6f20473d606f41db5596,BG,train,1,/kaggle/working/cvio_shrimp_academic_study_seed42/experiments/shrimpdb3/prepared/train/01_BG/28c26d7110bd_sdb_00094.png
73,ShrimpDB,Den_Mang,/kaggle/input/datasets/vohoangtu/shrimpdb/Den_Mang/Images-of-L-vannamei-gills-A-Normal-gill-of-L-vannamei-B-Black-gill-of-diseased-L.jpg_no_bg.png,Images-of-L-vannamei-gills-A-Normal-gill-of-L-vannamei-B-Black-gill-of-diseased-L.jpg_no_bg.png,.png,126971,500,220,RGBA,855b366ec99c4a4b67afa402a02d7397a8b78b3a5f3e654c03bd965091727413,BG,train,1,/kaggle/working/cvio_shrimp_academic_study_seed42/experiments/shrimpdb3/prepared/train/01_BG/855b366ec99c_sdb_00095.png
74,ShrimpDB,Den_Mang,/kaggle/input/datasets/vohoangtu/shrimpdb/Den_Mang/aquatic_ShrimpDis2_img_17.jpg_no_bg.png,aquatic_ShrimpDis2_img_17.jpg_no_bg.png,.png,40159,613,142,RGBA,b640a2c6c622e9cdc2281ce41974ac7fe348711039b1f9afee5119483c8a384b,BG,train,1,/kaggle/working/cvio_shrimp_academic_study_seed42/experiments/shrimpdb3/prepared/train/01_BG/b640a2c6c622_sdb_00096.png
75,ShrimpDB,Den_Mang,/kaggle/input/datasets/vohoangtu/shrimpdb/Den_Mang/aquatic_ShrimpDis2_img_171.jpg_no_bg.png,aquatic_ShrimpDis2_img_171.jpg_no_bg.png,.png,31847,608,161,RGBA,11aaa9b703d6e8124b9006995195fca01870a70bc841aa16f4f0e4c4ea70bf73,BG,train,1,/kaggle/working/cvio_shrimp_academic_study_seed42/experiments/shrimpdb3/prepared/train/01_BG/11aaa9b703d6_sdb_00097.png
76,ShrimpDB,Den_Mang,/kaggle/input/datasets/vohoangtu/shrimpdb/Den_Mang/b71a5e59f626490f8a4858723a417182.jpg_no_bg.png,b71a5e59f626490f8a4858723a417182.jpg_no_bg.png,.png,549867,433,577,RGBA,b77e77c31f444b014ff368c0c07116ddea2a73ddaf0ca7e754bfb7f00f4e74f9,BG,train,1,/kaggle/working/cvio_shrimp_academic_study_seed42/experiments/shrimpdb3/prepared/train/01_BG/b77e77c31f44_sdb_00098.png
77,ShrimpDB,Den_Mang,/kaggle/input/datasets/vohoangtu/shrimpdb/Den_Mang/benh-den-mang-do-ky-sinh-trung-tren-tom.jpg_no_bg.png,benh-den-mang-do-ky-sinh-trung-tren-tom.jpg_no_bg.png,.png,318905,611,409,RGBA,5526ce4fb44ce32d04dade872ac9f6e0c13fbc097c612779911bd61d711ecb7b,BG,train,1,/kaggle/working/cvio_shrimp_academic_study_seed42/experiments/shrimpdb3/prepared/train/01_BG/5526ce4fb44c_sdb_00099.png
83,ShrimpDB,Den_Mang,/kaggle/input/datasets/vohoangtu/shrimpdb/Den_Mang/benh-do-ky-sinh-trung-tren-tom_1562033341.jpg_no_bg.png,benh-do-ky-sinh-trung-tren-tom_1562033341.jpg_no_bg.png,.png,194421,612,408,RGBA,14e078770e7d107183edd11ae867c45f7d1b12cac3f39bd3d3c87124d2c04b35,BG,train,1,/kaggle/working/cvio_shrimp_academic_study_seed42/experiments/shrimpdb3/prepared/train/01_BG/14e078770e7d_sdb_00100.png
88,ShrimpDB,Den_Mang,/kaggle/input/datasets/vohoangtu/shrimpdb/Den_Mang/den-mang-tren-tom-the1.jpg_no_bg.png,den-mang-tren-tom-the1.jpg_no_bg.png,.png,243251,1040,240,RGBA,b140e9bbc236c4d6068819462ec24e612116379fef2720a331a7031aabd068be,BG,train,1,/kaggle/working/cvio_shrimp_academic_study_seed42/experiments/shrimpdb3/prepared/train/01_BG/b140e9bbc236_sdb_00101.png
90,ShrimpDB,Den_Mang,/kaggle/input/datasets/vohoangtu/shrimpdb/Den_Mang/denmang2.jpg_no_bg.png,denmang2.jpg_no_bg.png,.png,179317,960,261,RGBA,fb25400c7ae4f2514064657bfdfa4ca830dd35f209b8bd8645c8a267b04297c8,BG,train,1,/kaggle/working/cvio_shrimp_academic_study_seed42/experiments/shrimpdb3/prepared/train/01_BG/fb25400c7ae4_sdb_00102.png
91,ShrimpDB,Den_Mang,/kaggle/input/datasets/vohoangtu/shrimpdb/Den_Mang/denmang3.jpg_no_bg.png,denmang3.jpg_no_bg.png,.png,138592,863,290,RGBA,8523bffe5b9530368405eb898bd0262b2474e9e33b3279869b7471dc21f6ffa8,BG,train,1,/kaggle/working/cvio_shrimp_academic_study_seed42/experiments/shrimpdb3/prepared/train/01_BG/8523bffe5b95_sdb_00103.png
94,ShrimpDB,Den_Mang,/kaggle/input/datasets/vohoangtu/shrimpdb/Den_Mang/download.jpg,download.jpg,.jpg,26322,289,66,RGB,0934deae24b5da9be3c5742d9d6eed7390b0febe0243a88e6a193f13069a8af6,BG,train,1,/kaggle/working/cvio_shrimp_academic_study_seed42/experiments/shrimpdb3/prepared/train/01_BG/0934deae24b5_sdb_00104.jpg
97,ShrimpDB,Den_Mang,/kaggle/input/datasets/vohoangtu/shrimpdb/Den_Mang/f02_487.jpg_no_bg.png,f02_487.jpg_no_bg.png,.png,15216,247,86,RGBA,5fb83ec9f101efacf75e9606db8359d32ade43d92a6974c9612ea6b5ad5ab168,BG,train,1,/kaggle/working/cvio_shrimp_academic_study_seed42/experiments/shrimpdb3/prepared/train/01_BG/5fb83ec9f101_sdb_00105.png
98,ShrimpDB,Den_Mang,/kaggle/input/datasets/vohoangtu/shrimpdb/Den_Mang/featuresimg_020717.jpg_no_bg.png,featuresimg_020717.jpg_no_bg.png,.png,332703,667,375,RGBA,7a79d263a3dd233be1f2ff862d69fd1607552cee577566f292cd47206a22e6c3,BG,train,1,/kaggle/working/cvio_shrimp_academic_study_seed42/experiments/shrimpdb3/prepared/train/01_BG/7a79d263a3dd_sdb_00106.png
99,ShrimpDB,Den_Mang,/kaggle/input/datasets/vohoangtu/shrimpdb/Den_Mang/featuresimg_0207171.jpg_no_bg.png,featuresimg_0207171.jpg_no_bg.png,.png,46933,467,136,RGBA,867f75eb9a66ef2d871a793a882aee93d314226f1650361cedbeeaebab449c71,BG,train,1,/kaggle/working/cvio_shrimp_academic_study_seed42/experiments/shrimpdb3/prepared/train/01_BG/867f75eb9a66_sdb_00107.png
100,ShrimpDB,Den_Mang,/kaggle/input/datasets/vohoangtu/shrimpdb/Den_Mang/featuresimg_0207173.jpg_no_bg.png,featuresimg_0207173.jpg_no_bg.png,.png,51631,470,109,RGBA,7755ee27da005b167ad802801850879d48a5799d5e6a1f487d9bc34832ec8c71,BG,train,1,/kaggle/working/cvio_shrimp_academic_study_seed42/experiments/shrimpdb3/prepared/train/01_BG/7755ee27da00_sdb_00108.png
101,ShrimpDB,Den_Mang,/kaggle/input/datasets/vohoangtu/shrimpdb/Den_Mang/featuresimg_0207174.jpg_no_bg.png,featuresimg_0207174.jpg_no_bg.png,.png,49837,247,212,RGBA,ffe8c95f76c43c4657b27e0c98890abeb85181a1c44cffec3b5a6ad6ca28a75e,BG,train,1,/kaggle/working/cvio_shrimp_academic_study_seed42/experiments/shrimpdb3/prepared/train/01_BG/ffe8c95f76c4_sdb_00109.png
104,ShrimpDB,Den_Mang,/kaggle/input/datasets/vohoangtu/shrimpdb/Den_Mang/image008.jpg_no_bg.png,image008.jpg_no_bg.png,.png,37907,323,228,RGBA,230370e8d3428882324bafe17a9d61d8e12b355ff9ff85a5dc7d8d169e80aed3,BG,train,1,/kaggle/working/cvio_shrimp_academic_study_seed42/experiments/shrimpdb3/prepared/train/01_BG/230370e8d342_sdb_00110.png
105,ShrimpDB,Den_Mang,/kaggle/input/datasets/vohoangtu/shrimpdb/Den_Mang/image011 (1).jpg_no_bg.png,image011 (1).jpg_no_bg.png,.png,70878,295,211,RGBA,2580cc9150225f0e09bb4e09de4cbe74e078f0149902697326113e489c59ef8f,BG,train,1,/kaggle/working/cvio_shrimp_academic_study_seed42/experiments/shrimpdb3/prepared/train/01_BG/2580cc915022_sdb_00111.png
107,ShrimpDB,Den_Mang,/kaggle/input/datasets/vohoangtu/shrimpdb/Den_Mang/image012.jpg_no_bg.png,image012.jpg_no_bg.png,.png,32927,294,68,RGBA,94dd6a439faefb1e5f39e0f46fceff14c2b0eb82a6655a9558dac85e8e01abe1,BG,train,1,/kaggle/working/cvio_shrimp_academic_study_seed42/experiments/shrimpdb3/prepared/train/01_BG/94dd6a439fae_sdb_00112.png
108,ShrimpDB,Den_Mang,/kaggle/input/datasets/vohoangtu/shrimpdb/Den_Mang/image0121.jpg,image0121.jpg,.jpg,26363,295,69,RGB,9da8423b69f04a305eada4d5a9750919d1d6ba225db262df4e56d5922d442c58,BG,train,1,/kaggle/working/cvio_shrimp_academic_study_seed42/experiments/shrimpdb3/prepared/train/01_BG/9da8423b69f0_sdb_00113.jpg
109,ShrimpDB,Den_Mang,/kaggle/input/datasets/vohoangtu/shrimpdb/Den_Mang/image026 (1).jpg_no_bg.png,image026 (1).jpg_no_bg.png,.png,70835,311,205,RGBA,b1cca49d7ae9201c8040db98970a319e6473fd96f118f928f9035781aabc24d8,BG,train,1,/kaggle/working/cvio_shrimp_academic_study_seed42/experiments/shrimpdb3/prepared/train/01_BG/b1cca49d7ae9_sdb_00114.png
111,ShrimpDB,Den_Mang,/kaggle/input/datasets/vohoangtu/shrimpdb/Den_Mang/image029.jpg_no_bg.png,image029.jpg_no_bg.png,.png,83683,359,208,RGBA,4c8b6c6753d5e9a1e6f9e50526f5f34d511ada0bd4e0c7ee4a2e041f4670bfe9,BG,train,1,/kaggle/working/cvio_shrimp_academic_study_seed42/experiments/shrimpdb3/prepared/train/01_BG/4c8b6c6753d5_sdb_00115.png
112,ShrimpDB,Den_Mang,/kaggle/input/datasets/vohoangtu/shrimpdb/Den_Mang/image0291.jpg_no_bg.png,image0291.jpg_no_bg.png,.png,42916,353,82,RGBA,6c772f29df97550961c0e683decb31066a7041ddb4fd2dfd16d57440c4cd5416,BG,train,1,/kaggle/working/cvio_shrimp_academic_study_seed42/experiments/shrimpdb3/prepared/train/01_BG/6c772f29df97_sdb_00116.png
113,ShrimpDB,Den_Mang,/kaggle/input/datasets/vohoangtu/shrimpdb/Den_Mang/images (1).jpg_no_bg.png,images (1).jpg_no_bg.png,.png,64725,260,194,RGBA,f441b3b1fc7020fdadce8a11aa62ae7928e0e532f5b7effea16945bfa60d124d,BG,train,1,/kaggle/working/cvio_shrimp_academic_study_seed42/experiments/shrimpdb3/prepared/train/01_BG/f441b3b1fc70_sdb_00117.png
114,ShrimpDB,Den_Mang,/kaggle/input/datasets/vohoangtu/shrimpdb/Den_Mang/images (2).jpg_no_bg.png,images (2).jpg_no_bg.png,.png,27037,148,133,RGBA,4e8359044932d4d6e376ae65617a9fbbbcc28d2e104d83d4a86a61ef5a432d56,BG,train,1,/kaggle/working/cvio_shrimp_academic_study_seed42/experiments/shrimpdb3/prepared/train/01_BG/4e8359044932_sdb_00118.png
118,ShrimpDB,Den_Mang,/kaggle/input/datasets/vohoangtu/shrimpdb/Den_Mang/images (5).jpg,images (5).jpg,.jpg,5411,288,175,RGB,810acdc5792f6264fd8dabf56355497049f68a23eee49bc73641033f7a4202d2,BG,train,1,/kaggle/working/cvio_shrimp_academic_study_seed42/experiments/shrimpdb3/prepared/train/01_BG/810acdc5792f_sdb_00119.jpg
119,ShrimpDB,Den_Mang,/kaggle/input/datasets/vohoangtu/shrimpdb/Den_Mang/images (6).jpg_no_bg.png,images (6).jpg_no_bg.png,.png,47847,287,175,RGBA,7be0e6b5868e6b4b97719a020658a057f7e51ad8b7476a21e67841f211a5e902,BG,train,1,/kaggle/working/cvio_shrimp_academic_study_seed42/experiments/shrimpdb3/prepared/train/01_BG/7be0e6b5868e_sdb_00120.png
120,ShrimpDB,Den_Mang,/kaggle/input/datasets/vohoangtu/shrimpdb/Den_Mang/images.jpg_no_bg.png,images.jpg_no_bg.png,.png,39270,217,164,RGBA,87de3c7919d75cb94ca6d5876a5c5b604cce1f0c6865aab377a77f0ba132fc59,BG,train,1,/kaggle/working/cvio_shrimp_academic_study_seed42/experiments/shrimpdb3/prepared/train/01_BG/87de3c7919d7_sdb_00121.png
121,ShrimpDB,Den_Mang,/kaggle/input/datasets/vohoangtu/shrimpdb/Den_Mang/shrimp0101.jpg,shrimp0101.jpg,.jpg,53402,516,245,RGB,e73eb8f962bcf4d186793db7cdb952d454361b2e08b64b44b10f046cd0251961,BG,train,1,/kaggle/working/cvio_shrimp_academic_study_seed42/experiments/shrimpdb3/prepared/train/01_BG/e73eb8f962bc_sdb_00122.jpg
122,ShrimpDB,Den_Mang,/kaggle/input/datasets/vohoangtu/shrimpdb/Den_Mang/shrimp01011.jpg_no_bg.png,shrimp01011.jpg_no_bg.png,.png,37394,516,119,RGBA,67ab5a84b360380a1d87df75d36766c8404074afcec5ddce970a4160a08c5f13,BG,train,1,/kaggle/working/cvio_shrimp_academic_study_seed42/experiments/shrimpdb3/prepared/train/01_BG/67ab5a84b360_sdb_00123.png
124,ShrimpDB,Den_Mang,/kaggle/input/datasets/vohoangtu/shrimpdb/Den_Mang/tom-bi-den-mang.jpg_no_bg.png,tom-bi-den-mang.jpg_no_bg.png,.png,109334,400,300,RGBA,0abc130ee6e66a7ba2292862ec2aef2d31340ab2605aeeeda41ebdca7fc0d2f0,BG,train,1,/kaggle/working/cvio_shrimp_academic_study_seed42/experiments/shrimpdb3/prepared/train/01_BG/0abc130ee6e6_sdb_00124.png
577,ShrimpDB,Tom_BT,/kaggle/input/datasets/vohoangtu/shrimpdb/Tom_BT/0000404-tom-su-bien-cua-lo-10-12-con-kg--1000-1528947554.jpg_no_bg.png,0000404-tom-su-bien-cua-lo-10-12-con-kg--1000-1528947554.jpg_no_bg.png,.png,309585,577,433,RGBA,611b3d71d6d17277afee9ffb7600103b81e476ddf0ad927785ab80b15ee0fc3d,Healthy,train,0,/kaggle/working/cvio_shrimp_academic_study_seed42/experiments/shrimpdb3/prepared/train/00_Healthy/611b3d71d6d1_sdb_00125.png
579,ShrimpDB,Tom_BT,/kaggle/input/datasets/vohoangtu/shrimpdb/Tom_BT/1507903025_tom-cpsh.jpg_no_bg.png,1507903025_tom-cpsh.jpg_no_bg.png,.png,174890,527,352,RGBA,f03ae0d4b8f0f88b2a322c53569c00fa31c09dab7c595843a72bd6e5ae63b889,Healthy,train,0,/kaggle/working/cvio_shrimp_academic_study_seed42/experiments/shrimpdb3/prepared/train/00_Healthy/f03ae0d4b8f0_sdb_00126.png
580,ShrimpDB,Tom_BT,/kaggle/input/datasets/vohoangtu/shrimpdb/Tom_BT/1_60701 (1).jpg,1_60701 (1).jpg,.jpg,158110,1000,594,RGB,8c5648ce440dda4bc0fb663c902449454c41e4dc16279acc93e853c9ff54de16,Healthy,train,0,/kaggle/working/cvio_shrimp_academic_study_seed42/experiments/shrimpdb3/prepared/train/00_Healthy/8c5648ce440d_sdb_00127.jpg
583,ShrimpDB,Tom_BT,/kaggle/input/datasets/vohoangtu/shrimpdb/Tom_BT/3.su-khac-biet-giua-tom-khoe-va-tom-benh-em1s.jpg_no_bg.png,3.su-khac-biet-giua-tom-khoe-va-tom-benh-em1s.jpg_no_bg.png,.png,33925,149,288,RGBA,522a37c87e0096587f7bab5dcc33b5ed6eaedb6f3b68498db561993a02691b0e,Healthy,train,0,/kaggle/working/cvio_shrimp_academic_study_seed42/experiments/shrimpdb3/prepared/train/00_Healthy/522a37c87e00_sdb_00128.png
584,ShrimpDB,Tom_BT,/kaggle/input/datasets/vohoangtu/shrimpdb/Tom_BT/Ky-thuat-nuoi-tom-the-chan-trang.jpg,Ky-thuat-nuoi-tom-the-chan-trang.jpg,.jpg,65265,400,267,RGB,4dcf1f488a28fe4139e3c52cea81ca1b4b5ae51f3ae9510255a9328ef9ea6be6,Healthy,train,0,/kaggle/working/cvio_shrimp_academic_study_seed42/experiments/shrimpdb3/prepared/train/00_Healthy/4dcf1f488a28_sdb_00129.jpg
586,ShrimpDB,Tom_BT,/kaggle/input/datasets/vohoangtu/shrimpdb/Tom_BT/Nuoi-tom-che-pham-SH9AE9938.jpg,Nuoi-tom-che-pham-SH9AE9938.jpg,.jpg,101303,450,450,RGB,feeded2286dcf4423f3740b0457493b531a2f549cf2a70154dfb345e87d9187f,Healthy,train,0,/kaggle/working/cvio_shrimp_academic_study_seed42/experiments/shrimpdb3/prepared/train/00_Healthy/feeded2286dc_sdb_00130.jpg
587,ShrimpDB,Tom_BT,/kaggle/input/datasets/vohoangtu/shrimpdb/Tom_BT/Picture1(2).jpg_no_bg.png,Picture1(2).jpg_no_bg.png,.png,394378,552,453,RGBA,aec71b418db14f484c23d9565aa2a879db54a609bf20cab295523dcdee5e866e,Healthy,train,0,/kaggle/working/cvio_shrimp_academic_study_seed42/experiments/shrimpdb3/prepared/train/00_Healthy/aec71b418db1_sdb_00131.png
589,ShrimpDB,Tom_BT,/kaggle/input/datasets/vohoangtu/shrimpdb/Tom_BT/Tom_chan_trang_-_hinh_1.jpg,Tom_chan_trang_-_hinh_1.jpg,.jpg,81022,1507,592,RGB,95855d5841e50bb8789a804f081947f4da5b243dc58eccdde21f3b226c30e96d,Healthy,train,0,/kaggle/working/cvio_shrimp_academic_study_seed42/experiments/shrimpdb3/prepared/train/00_Healthy/95855d5841e5_sdb_00132.jpg
590,ShrimpDB,Tom_BT,/kaggle/input/datasets/vohoangtu/shrimpdb/Tom_BT/Udang_Tiger_Black_Tiger_Prawn_JUMBO_Udang_Windu_Size_25_30_5.jpg,Udang_Tiger_Black_Tiger_Prawn_JUMBO_Udang_Windu_Size_25_30_5.jpg,.jpg,124731,1000,967,RGB,59e4102336c12aeb4593b53856fe5e0fecc8e0db89c54378dfbcef9a89f48b26,Healthy,train,0,/kaggle/working/cvio_shrimp_academic_study_seed42/experiments/shrimpdb3/prepared/train/00_Healthy/59e4102336c1_sdb_00133.jpg
591,ShrimpDB,Tom_BT,/kaggle/input/datasets/vohoangtu/shrimpdb/Tom_BT/an-do-thuc-day-nuoi-tom-su_149338.jpg_no_bg.png,an-do-thuc-day-nuoi-tom-su_149338.jpg_no_bg.png,.png,101397,410,274,RGBA,19457473cf208df90218d0f84267c2fb820c63f6777014f45217e13921a71bad,Healthy,train,0,/kaggle/working/cvio_shrimp_academic_study_seed42/experiments/shrimpdb3/prepared/train/00_Healthy/19457473cf20_sdb_00134.png
592,ShrimpDB,Tom_BT,/kaggle/input/datasets/vohoangtu/shrimpdb/Tom_BT/anh_6.jpg_no_bg.png,anh_6.jpg_no_bg.png,.png,203695,577,433,RGBA,ba432ca27fa3d628a69502face6e63448fdb6408dcbe004373ad83bbda5dd7fd,Healthy,train,0,/kaggle/working/cvio_shrimp_academic_study_seed42/experiments/shrimpdb3/prepared/train/00_Healthy/ba432ca27fa3_sdb_00135.png
593,ShrimpDB,Tom_BT,/kaggle/input/datasets/vohoangtu/shrimpdb/Tom_BT/bo-sung-khoang-cho-tom-an-960x588.jpg_no_bg.png,bo-sung-khoang-cho-tom-an-960x588.jpg_no_bg.png,.png,357120,639,391,RGBA,a769794277928110ad40dd1d165068bb36f0247af5f84e90dba50c930029d163,Healthy,train,0,/kaggle/working/cvio_shrimp_academic_study_seed42/experiments/shrimpdb3/prepared/train/00_Healthy/a76979427792_sdb_00136.png
594,ShrimpDB,Tom_BT,/kaggle/input/datasets/vohoangtu/shrimpdb/Tom_BT/che-pham-sinh-hoc-tieng-anh1.jpg_no_bg.png,che-pham-sinh-hoc-tieng-anh1.jpg_no_bg.png,.png,159713,524,348,RGBA,d1a8042153f9d8eac30c5324141ae5b2335c145b6eff273995d3ca23a8f653be,Healthy,train,0,/kaggle/working/cvio_shrimp_academic_study_seed42/experiments/shrimpdb3/prepared/train/00_Healthy/d1a8042153f9_sdb_00137.png
596,ShrimpDB,Tom_BT,/kaggle/input/datasets/vohoangtu/shrimpdb/Tom_BT/con-tom-dong673.jpg,con-tom-dong673.jpg,.jpg,240235,800,600,RGB,dae248a3acd4ae8efdd8ebfc2d56f83fdd98a470a306e2414aac83a7492ed6db,Healthy,train,0,/kaggle/working/cvio_shrimp_academic_study_seed42/experiments/shrimpdb3/prepared/train/00_Healthy/dae248a3acd4_sdb_00138.jpg
597,ShrimpDB,Tom_BT,/kaggle/input/datasets/vohoangtu/shrimpdb/Tom_BT/download.jpg_no_bg.png,download.jpg_no_bg.png,.png,107616,260,194,RGBA,84a6aab3d075bcd04200032c6b7b118fa177523586f24c990011f9e86d983a08,Healthy,train,0,/kaggle/working/cvio_shrimp_academic_study_seed42/experiments/shrimpdb3/prepared/train/00_Healthy/84a6aab3d075_sdb_00139.png
598,ShrimpDB,Tom_BT,/kaggle/input/datasets/vohoangtu/shrimpdb/Tom_BT/enzyme-tren-tom.jpg_no_bg.png,enzyme-tren-tom.jpg_no_bg.png,.png,317829,667,375,RGBA,aabe26c6614b75cca991818af973285645f0e9b13c35b891741a3e7825dd582e,Healthy,train,0,/kaggle/working/cvio_shrimp_academic_study_seed42/experiments/shrimpdb3/prepared/train/00_Healthy/aabe26c6614b_sdb_00140.png
599,ShrimpDB,Tom_BT,/kaggle/input/datasets/vohoangtu/shrimpdb/Tom_BT/epwqi1559997761.jpg,epwqi1559997761.jpg,.jpg,181462,960,640,RGB,d474b3158721755807a027929f352a8c0f8d8b6b5cfb105f7277bb8de63fb938,Healthy,train,0,/kaggle/working/cvio_shrimp_academic_study_seed42/experiments/shrimpdb3/prepared/train/00_Healthy/d474b3158721_sdb_00141.jpg
601,ShrimpDB,Tom_BT,/kaggle/input/datasets/vohoangtu/shrimpdb/Tom_BT/images (1).jpg,images (1).jpg,.jpg,11041,275,183,RGB,ac2ca50cd3edc18cb764d133f1bdd30bc27c01689be64fcddfc8fa289a5849f1,Healthy,train,0,/kaggle/working/cvio_shrimp_academic_study_seed42/experiments/shrimpdb3/prepared/train/00_Healthy/ac2ca50cd3ed_sdb_00142.jpg
602,ShrimpDB,Tom_BT,/kaggle/input/datasets/vohoangtu/shrimpdb/Tom_BT/images (10).jpg,images (10).jpg,.jpg,10017,275,183,RGB,49778421775f58b11e06bd3e3d562db1800b74e9bb952ba2b7bb872698bde2cf,Healthy,train,0,/kaggle/working/cvio_shrimp_academic_study_seed42/experiments/shrimpdb3/prepared/train/00_Healthy/49778421775f_sdb_00143.jpg
603,ShrimpDB,Tom_BT,/kaggle/input/datasets/vohoangtu/shrimpdb/Tom_BT/images (2).jpg_no_bg.png,images (2).jpg_no_bg.png,.png,56223,272,185,RGBA,b49c60012ac5063a1bedb3bccf78c50f199e113bc21ce1c62e58ae6079c2c553,Healthy,train,0,/kaggle/working/cvio_shrimp_academic_study_seed42/experiments/shrimpdb3/prepared/train/00_Healthy/b49c60012ac5_sdb_00144.png
605,ShrimpDB,Tom_BT,/kaggle/input/datasets/vohoangtu/shrimpdb/Tom_BT/images (4).jpg_no_bg.png,images (4).jpg_no_bg.png,.png,85065,194,194,RGBA,22f8610e606cd6d0e10b5c145c55827452a66ecfed05544c10e2f70e381fcd7b,Healthy,train,0,/kaggle/working/cvio_shrimp_academic_study_seed42/experiments/shrimpdb3/prepared/train/00_Healthy/22f8610e606c_sdb_00145.png
606,ShrimpDB,Tom_BT,/kaggle/input/datasets/vohoangtu/shrimpdb/Tom_BT/images (5).jpg_no_bg.png,images (5).jpg_no_bg.png,.png,54286,274,184,RGBA,8819380bd062d94fd6e8c0e9e424f120c6e7586fa593ce356a57357d2004776d,Healthy,train,0,/kaggle/working/cvio_shrimp_academic_study_seed42/experiments/shrimpdb3/prepared/train/00_Healthy/8819380bd062_sdb_00146.png
608,ShrimpDB,Tom_BT,/kaggle/input/datasets/vohoangtu/shrimpdb/Tom_BT/images (7).jpg,images (7).jpg,.jpg,11383,275,183,RGB,17c00b2e404149246ca37b2fbc06e4d30da5653b609d4c23824f5bff4d485801,Healthy,train,0,/kaggle/working/cvio_shrimp_academic_study_seed42/experiments/shrimpdb3/prepared/train/00_Healthy/17c00b2e4041_sdb_00147.jpg
609,ShrimpDB,Tom_BT,/kaggle/input/datasets/vohoangtu/shrimpdb/Tom_BT/images (8).jpg_no_bg.png,images (8).jpg_no_bg.png,.png,79313,259,194,RGBA,4fe41408129d96cc08de36a323785e0d47f64e57b4c8e485ca1e501e61d5ac11,Healthy,train,0,/kaggle/working/cvio_shrimp_academic_study_seed42/experiments/shrimpdb3/prepared/train/00_Healthy/4fe41408129d_sdb_00148.png
610,ShrimpDB,Tom_BT,/kaggle/input/datasets/vohoangtu/shrimpdb/Tom_BT/images (9).jpg,images (9).jpg,.jpg,13528,259,194,RGB,8f46682e0e073c898ce9a514ccad6084261ba88750909ce616241dc6fc549169,Healthy,train,0,/kaggle/working/cvio_shrimp_academic_study_seed42/experiments/shrimpdb3/prepared/train/00_Healthy/8f46682e0e07_sdb_00149.jpg
611,ShrimpDB,Tom_BT,/kaggle/input/datasets/vohoangtu/shrimpdb/Tom_BT/images.jpg_no_bg.png,images.jpg_no_bg.png,.png,44972,300,168,RGBA,10a1380b4d2e6e6b16e7f9aa520a03aa162e74d241f3bf49f49e65923852672c,Healthy,train,0,/kaggle/working/cvio_shrimp_academic_study_seed42/experiments/shrimpdb3/prepared/train/00_Healthy/10a1380b4d2e_sdb_00150.png
612,ShrimpDB,Tom_BT,/kaggle/input/datasets/vohoangtu/shrimpdb/Tom_BT/images1046321_tom2.jpg_no_bg.png,images1046321_tom2.jpg_no_bg.png,.png,439377,500,360,RGBA,26e512e30bd9f86c62b582a864074851d4a6f32d0368fb3d8523793879da495d,Healthy,train,0,/kaggle/working/cvio_shrimp_academic_study_seed42/experiments/shrimpdb3/prepared/train/00_Healthy/26e512e30bd9_sdb_00151.png
613,ShrimpDB,Tom_BT,/kaggle/input/datasets/vohoangtu/shrimpdb/Tom_BT/kqi1530849503.jpg,kqi1530849503.jpg,.jpg,254261,650,435,RGB,eb6affdecc8f44a5d34f2b59a5a4403d875c99b1b86c5f24d74f3404244a5101,Healthy,train,0,/kaggle/working/cvio_shrimp_academic_study_seed42/experiments/shrimpdb3/prepared/train/00_Healthy/eb6affdecc8f_sdb_00152.jpg
614,ShrimpDB,Tom_BT,/kaggle/input/datasets/vohoangtu/shrimpdb/Tom_BT/ky-thuat-kich-thich-tom-the-chan-trang-lot-xac-dong-loat-nhanh-cung-vo2018531154356152.jpg,ky-thuat-kich-thich-tom-the-chan-trang-lot-xac-dong-loat-nhanh-cung-vo2018531154356152.jpg,.jpg,61219,650,402,RGB,0f8872c1e9554cf7a8b0294f80ab63976ed2d0d1d2e3ebb3f9015550d932d336,Healthy,train,0,/kaggle/working/cvio_shrimp_academic_study_seed42/experiments/shrimpdb3/prepared/train/00_Healthy/0f8872c1e955_sdb_00153.jpg
615,ShrimpDB,Tom_BT,/kaggle/input/datasets/vohoangtu/shrimpdb/Tom_BT/ky-thuat-quan-ly-thuc-an-khi-nuoi-tom-the-chan-trang20181212154252352.jpg_no_bg.png,ky-thuat-quan-ly-thuc-an-khi-nuoi-tom-the-chan-trang20181212154252352.jpg_no_bg.png,.png,182015,650,365,RGBA,3c25f86d9e5acd59a87d7a4caae905ea046854ca4a87494a2a91213edfffaa55,Healthy,train,0,/kaggle/working/cvio_shrimp_academic_study_seed42/experiments/shrimpdb3/prepared/train/00_Healthy/3c25f86d9e5a_sdb_00154.png
618,ShrimpDB,Tom_BT,/kaggle/input/datasets/vohoangtu/shrimpdb/Tom_BT/mien-dich-tu-nhien-tom-the.jpg_no_bg.png,mien-dich-tu-nhien-tom-the.jpg_no_bg.png,.png,365122,577,433,RGBA,5bf906b4f4229845827f07f039610f612dc31a1b34a001d346884ed945ce6251,Healthy,train,0,/kaggle/working/cvio_shrimp_academic_study_seed42/experiments/shrimpdb3/prepared/train/00_Healthy/5bf906b4f422_sdb_00155.png
619,ShrimpDB,Tom_BT,/kaggle/input/datasets/vohoangtu/shrimpdb/Tom_BT/mo-hinh-nuoi-tom-trong-nha-kinh-2.png_no_bg.png,mo-hinh-nuoi-tom-trong-nha-kinh-2.png_no_bg.png,.png,205921,500,333,RGBA,d9c90098088ec9d51d80cd5a53ce26832da2a33f4b1f4a267e5969b0023093b4,Healthy,train,0,/kaggle/working/cvio_shrimp_academic_study_seed42/experiments/shrimpdb3/prepared/train/00_Healthy/d9c90098088e_sdb_00156.png
621,ShrimpDB,Tom_BT,/kaggle/input/datasets/vohoangtu/shrimpdb/Tom_BT/nhan-biet-tom-khoe-va-tom-benh-h1_800x400.jpg_no_bg.png,nhan-biet-tom-khoe-va-tom-benh-h1_800x400.jpg_no_bg.png,.png,374573,707,354,RGBA,2e4a8fc5e44d91fc39368110ddd5fe540ba7b9b4479e271463ae48b58df5c12d,Healthy,train,0,/kaggle/working/cvio_shrimp_academic_study_seed42/experiments/shrimpdb3/prepared/train/00_Healthy/2e4a8fc5e44d_sdb_00157.png
622,ShrimpDB,Tom_BT,/kaggle/input/datasets/vohoangtu/shrimpdb/Tom_BT/nhung-luu-y-ve-ky-thuat-nuoi-tom-the-chan-trang-dat-hieu-qua20195619955872.jpg_no_bg.png,nhung-luu-y-ve-ky-thuat-nuoi-tom-the-chan-trang-dat-hieu-qua20195619955872.jpg_no_bg.png,.png,310303,604,414,RGBA,8cd6f964bf7c87e8cf6423c03a3a4ea957731689842d345d0c48adb1aa0e96e3,Healthy,train,0,/kaggle/working/cvio_shrimp_academic_study_seed42/experiments/shrimpdb3/prepared/train/00_Healthy/8cd6f964bf7c_sdb_00158.png
625,ShrimpDB,Tom_BT,/kaggle/input/datasets/vohoangtu/shrimpdb/Tom_BT/penaeus_monodon_el_1.jpg,penaeus_monodon_el_1.jpg,.jpg,43243,680,456,RGB,6661319d275228d504204b0bd4a7cfa30d0b4562ca257500aba58d7dff49f82c,Healthy,train,0,/kaggle/working/cvio_shrimp_academic_study_seed42/experiments/shrimpdb3/prepared/train/00_Healthy/6661319d2752_sdb_00159.jpg
627,ShrimpDB,Tom_BT,/kaggle/input/datasets/vohoangtu/shrimpdb/Tom_BT/thechantrang_1.jpg,thechantrang_1.jpg,.jpg,50273,405,305,RGB,423bbc8a3b05edc3d6a18e89a43dc2f0646f4ff7143beb7d3f51235d1d4e9267,Healthy,train,0,/kaggle/working/cvio_shrimp_academic_study_seed42/experiments/shrimpdb3/prepared/train/00_Healthy/423bbc8a3b05_sdb_00160.jpg
630,ShrimpDB,Tom_BT,/kaggle/input/datasets/vohoangtu/shrimpdb/Tom_BT/tom the chan trang - hoinongdankhanhhoa.org.vn.jpg,tom the chan trang - hoinongdankhanhhoa.org.vn.jpg,.jpg,86935,682,600,RGB,2c208f9f93484fa08771cd90856d0237f23dc97913d21bf3ceb90493437085ea,Healthy,train,0,/kaggle/working/cvio_shrimp_academic_study_seed42/experiments/shrimpdb3/prepared/train/00_Healthy/2c208f9f9348_sdb_00161.jpg
631,ShrimpDB,Tom_BT,/kaggle/input/datasets/vohoangtu/shrimpdb/Tom_BT/tom the chan trang.jpg_no_bg.png,tom the chan trang.jpg_no_bg.png,.png,57000,260,194,RGBA,7e0c804587f0aa7116968d7c3c467a598165736387bda3f9969dbec8d0da5ab3,Healthy,train,0,/kaggle/working/cvio_shrimp_academic_study_seed42/experiments/shrimpdb3/prepared/train/00_Healthy/7e0c804587f0_sdb_00162.png
632,ShrimpDB,Tom_BT,/kaggle/input/datasets/vohoangtu/shrimpdb/Tom_BT/tom-chan-trang-tra-vinh1636669240065514996.jpg,tom-chan-trang-tra-vinh1636669240065514996.jpg,.jpg,59906,410,328,RGB,675bd1201f63d3314099795de64bcb95a6bbbaf33264602a7ae47509d197853c,Healthy,train,0,/kaggle/working/cvio_shrimp_academic_study_seed42/experiments/shrimpdb3/prepared/train/00_Healthy/675bd1201f63_sdb_00163.jpg
633,ShrimpDB,Tom_BT,/kaggle/input/datasets/vohoangtu/shrimpdb/Tom_BT/tom-su-6310935.jpg,tom-su-6310935.jpg,.jpg,7014,400,300,RGB,d93f6af90afbb9bb79cb7772cf8a556f7af9a468eaf801fb8eefa701a4e3585e,Healthy,train,0,/kaggle/working/cvio_shrimp_academic_study_seed42/experiments/shrimpdb3/prepared/train/00_Healthy/d93f6af90afb_sdb_00164.jpg
634,ShrimpDB,Tom_BT,/kaggle/input/datasets/vohoangtu/shrimpdb/Tom_BT/tom-su-bao-nhieu-tien-1-kg.jpg_no_bg.png,tom-su-bao-nhieu-tien-1-kg.jpg_no_bg.png,.png,510611,500,500,RGBA,a3d6b7cea6c00d94354d801a6982a3ec8eefe740a66b9bcd2fad43cc1b66ee6b,Healthy,train,0,/kaggle/working/cvio_shrimp_academic_study_seed42/experiments/shrimpdb3/prepared/train/00_Healthy/a3d6b7cea6c0_sdb_00165.png
637,ShrimpDB,Tom_BT,/kaggle/input/datasets/vohoangtu/shrimpdb/Tom_BT/tom-the-chan-trang-b.jpg,tom-the-chan-trang-b.jpg,.jpg,126383,854,540,RGB,44b0709c3fb2218421d71ea741acbcbc5320a1efb114a685a086160666aa9989,Healthy,train,0,/kaggle/working/cvio_shrimp_academic_study_seed42/experiments/shrimpdb3/prepared/train/00_Healthy/44b0709c3fb2_sdb_00166.jpg
642,ShrimpDB,Tom_BT,/kaggle/input/datasets/vohoangtu/shrimpdb/Tom_BT/tom_the_chan_trang.jpg,tom_the_chan_trang.jpg,.jpg,50060,450,312,RGB,2d16a660900f999abff1b4c12bba450e940d548b29b3a3f25324226a6ef783ff,Healthy,train,0,/kaggle/working/cvio_shrimp_academic_study_seed42/experiments/shrimpdb3/prepared/train/00_Healthy/2d16a660900f_sdb_00167.jpg
643,ShrimpDB,Tom_BT,/kaggle/input/datasets/vohoangtu/shrimpdb/Tom_BT/tomthechantrang-1.jpg,tomthechantrang-1.jpg,.jpg,58948,500,400,RGB,c0ec075ffc7a6f909ba52b3797b78346a69c76837d635a6203bdb17ee7878df2,Healthy,train,0,/kaggle/working/cvio_shrimp_academic_study_seed42/experiments/shrimpdb3/prepared/train/00_Healthy/c0ec075ffc7a_sdb_00168.jpg
644,ShrimpDB,Tom_BT,/kaggle/input/datasets/vohoangtu/shrimpdb/Tom_BT/tomthechantrang.jpg,tomthechantrang.jpg,.jpg,34013,388,320,RGB,9a3190f9638079c06babadbc45456adbb1da8200596c3b94a2879b12532a38af,Healthy,train,0,/kaggle/working/cvio_shrimp_academic_study_seed42/experiments/shrimpdb3/prepared/train/00_Healthy/9a3190f96380_sdb_00169.jpg
645,ShrimpDB,Tom_BT,/kaggle/input/datasets/vohoangtu/shrimpdb/Tom_BT/tomthechantrangthuanngot.jpg_no_bg.png,tomthechantrangthuanngot.jpg_no_bg.png,.png,72088,500,281,RGBA,389135a4802b171ad77f401f5716d1624f0618638d6fd69601bba7032d17ff33,Healthy,train,0,/kaggle/working/cvio_shrimp_academic_study_seed42/experiments/shrimpdb3/prepared/train/00_Healthy/389135a4802b_sdb_00170.png
646,ShrimpDB,Tom_BT,/kaggle/input/datasets/vohoangtu/shrimpdb/Tom_BT/ttxvn_kien_giang_gia_tom_the_chan_trang_tang_nong_dan_phan_khoi_144859227_3776869.jpg,ttxvn_kien_giang_gia_tom_the_chan_trang_tang_nong_dan_phan_khoi_144859227_3776869.jpg,.jpg,89446,700,438,RGB,7d26ba614079c096b981ab92be72348d9d21f2e2c98a740ff8400156f54b98c2,Healthy,train,0,/kaggle/working/cvio_shrimp_academic_study_seed42/experiments/shrimpdb3/prepared/train/00_Healthy/7d26ba614079_sdb_00171.jpg
648,ShrimpDB,Tom_BT,/kaggle/input/datasets/vohoangtu/shrimpdb/Tom_BT/udang_segar_dari_terengganu_1538070483_94654d55.jpg,udang_segar_dari_terengganu_1538070483_94654d55.jpg,.jpg,54683,350,350,RGB,77ce1919b06dfefc3db3dc49760bf46f6c3463ab2587aeeac75b1bfa92a9280a,Healthy,train,0,/kaggle/working/cvio_shrimp_academic_study_seed42/experiments/shrimpdb3/prepared/train/00_Healthy/77ce1919b06d_sdb_00172.jpg
650,ShrimpDB,Tom_BT,/kaggle/input/datasets/vohoangtu/shrimpdb/Tom_BT/whiteshrimp.jpg_no_bg.png,whiteshrimp.jpg_no_bg.png,.png,181449,399,300,RGBA,3dd1921b7293566ea219c908fc8cac9b3e199b866dd30aed8935f11d1d4aa66b,Healthy,train,0,/kaggle/working/cvio_shrimp_academic_study_seed42/experiments/shrimpdb3/prepared/train/00_Healthy/3dd1921b7293_sdb_00173.png
228,ShrimpDB,Dom_Trang,/kaggle/input/datasets/vohoangtu/shrimpdb/Dom_Trang/1.9914082-3x2-700x467.jpg_no_bg.png,1.9914082-3x2-700x467.jpg_no_bg.png,.png,228891,612,408,RGBA,c869e96b1c78cf9260dbf08f7880dd61665fb6ed91da749956f2b9adba988fdf,WSSV,train,2,/kaggle/working/cvio_shrimp_academic_study_seed42/experiments/shrimpdb3/prepared/train/02_WSSV/c869e96b1c78_sdb_00174.png
229,ShrimpDB,Dom_Trang,/kaggle/input/datasets/vohoangtu/shrimpdb/Dom_Trang/1.T_C3_B4m-s_C3_BA-nhi_E1_BB_85m-virus-_C4_91_E1_BB_91m-tr_E1_BA_AFng-WSSV.png_no_bg.png,1.T_C3_B4m-s_C3_BA-nhi_E1_BB_85m-virus-_C4_91_E1_BB_91m-tr_E1_BA_AFng-WSSV.png_no_bg.png,.png,370573,577,433,RGBA,e7d83d48f199476c8da26d52ee052a62b37553d2d29c6345cb9679463cb5e4e5,WSSV,train,2,/kaggle/working/cvio_shrimp_academic_study_seed42/experiments/shrimpdb3/prepared/train/02_WSSV/e7d83d48f199_sdb_00175.png
230,ShrimpDB,Dom_Trang,/kaggle/input/datasets/vohoangtu/shrimpdb/Dom_Trang/1.benh-dom-trang-trentom.jpg_no_bg.png,1.benh-dom-trang-trentom.jpg_no_bg.png,.png,226599,495,317,RGBA,bf0460f00123463da0f18a4e9071a93f857b2cad4b84b0d3b1402efb342d5323,WSSV,train,2,/kaggle/working/cvio_shrimp_academic_study_seed42/experiments/shrimpdb3/prepared/train/02_WSSV/bf0460f00123_sdb_00176.png
231,ShrimpDB,Dom_Trang,/kaggle/input/datasets/vohoangtu/shrimpdb/Dom_Trang/10.15707137235_fa235256c1_o.png_no_bg.png,10.15707137235_fa235256c1_o.png_no_bg.png,.png,70536,137,263,RGBA,ce05ef1417c25ce3d51e565ae1784a4c4621cb7f05c0f34f9c13ad7838a53df3,WSSV,train,2,/kaggle/working/cvio_shrimp_academic_study_seed42/experiments/shrimpdb3/prepared/train/02_WSSV/ce05ef1417c2_sdb_00177.png
232,ShrimpDB,Dom_Trang,/kaggle/input/datasets/vohoangtu/shrimpdb/Dom_Trang/10.15707137235_fa235256c1_o1.png_no_bg.png,10.15707137235_fa235256c1_o1.png_no_bg.png,.png,75790,563,130,RGBA,7d60dad7cef75c72fc854bbfdb4d2a3a629d9e10ab7f412a34b144526e7ca55b,WSSV,train,2,/kaggle/working/cvio_shrimp_academic_study_seed42/experiments/shrimpdb3/prepared/train/02_WSSV/7d60dad7cef7_sdb_00178.png
237,ShrimpDB,Dom_Trang,/kaggle/input/datasets/vohoangtu/shrimpdb/Dom_Trang/11.b88647897z1_20170318120207_000g7ai35ob3-0-adx9814ubxe6u0e3xn2_ct1880x9301.jpg_no_bg.png,11.b88647897z1_20170318120207_000g7ai35ob3-0-adx9814ubxe6u0e3xn2_ct1880x9301.jpg_no_bg.png,.png,30352,212,139,RGBA,f4b24d54f2d093c343c67d4e0674fcceaddc0d9b48655673979ef2694e0b1646,WSSV,train,2,/kaggle/working/cvio_shrimp_academic_study_seed42/experiments/shrimpdb3/prepared/train/02_WSSV/f4b24d54f2d0_sdb_00179.png
239,ShrimpDB,Dom_Trang,/kaggle/input/datasets/vohoangtu/shrimpdb/Dom_Trang/11.b88647897z1_20170318120207_000g7ai35ob3-0-adx9814ubxe6u0e3xn2_ct1880x9303.jpg_no_bg.png,11.b88647897z1_20170318120207_000g7ai35ob3-0-adx9814ubxe6u0e3xn2_ct1880x9303.jpg_no_bg.png,.png,33125,184,167,RGBA,9dbe08b8a88ba766b9d3759a9ac9a3109cd4638d91b97b39da18c6bad248b01d,WSSV,train,2,/kaggle/working/cvio_shrimp_academic_study_seed42/experiments/shrimpdb3/prepared/train/02_WSSV/9dbe08b8a88b_sdb_00180.png
240,ShrimpDB,Dom_Trang,/kaggle/input/datasets/vohoangtu/shrimpdb/Dom_Trang/11.dom-trang-tom.jpg_no_bg.png,11.dom-trang-tom.jpg_no_bg.png,.png,225592,612,408,RGBA,2be38c55e81acff9444936b04a884509b471abb75c191e2e08b9e2af669869d5,WSSV,train,2,/kaggle/working/cvio_shrimp_academic_study_seed42/experiments/shrimpdb3/prepared/train/02_WSSV/2be38c55e81a_sdb_00181.png
241,ShrimpDB,Dom_Trang,/kaggle/input/datasets/vohoangtu/shrimpdb/Dom_Trang/116565_web.jpg,116565_web.jpg,.jpg,35421,590,491,RGB,0fcac206ff269d67ef2df3a91b34fd2ad459de9729d7054ffe63fcfd716be0e5,WSSV,train,2,/kaggle/working/cvio_shrimp_academic_study_seed42/experiments/shrimpdb3/prepared/train/02_WSSV/0fcac206ff26_sdb_00182.jpg
242,ShrimpDB,Dom_Trang,/kaggle/input/datasets/vohoangtu/shrimpdb/Dom_Trang/12.dt.jpg_no_bg.png,12.dt.jpg_no_bg.png,.png,188031,576,434,RGBA,3972d87d6d548c01c661a4bd40a19a9d76d86fb28f87b1aafd93e7f5f3e22fab,WSSV,train,2,/kaggle/working/cvio_shrimp_academic_study_seed42/experiments/shrimpdb3/prepared/train/02_WSSV/3972d87d6d54_sdb_00183.png
243,ShrimpDB,Dom_Trang,/kaggle/input/datasets/vohoangtu/shrimpdb/Dom_Trang/13.Giant-Tiger-Prawn.jpg_no_bg.png,13.Giant-Tiger-Prawn.jpg_no_bg.png,.png,150563,700,338,RGBA,70605d0d77f62141e011574e7580c7e6ab5f8ee537b1e962b2a0db5dbaf60e6f,WSSV,train,2,/kaggle/working/cvio_shrimp_academic_study_seed42/experiments/shrimpdb3/prepared/train/02_WSSV/70605d0d77f6_sdb_00184.png
246,ShrimpDB,Dom_Trang,/kaggle/input/datasets/vohoangtu/shrimpdb/Dom_Trang/13c80859e8513395025ed07ad3b5fe9f.jpg_no_bg.png,13c80859e8513395025ed07ad3b5fe9f.jpg_no_bg.png,.png,296949,612,408,RGBA,32960bc21087b1dda07a55108d50cdc599a133e2c2c776c3594ed9470a1f2e3b,WSSV,train,2,/kaggle/working/cvio_shrimp_academic_study_seed42/experiments/shrimpdb3/prepared/train/02_WSSV/32960bc21087_sdb_00185.png
247,ShrimpDB,Dom_Trang,/kaggle/input/datasets/vohoangtu/shrimpdb/Dom_Trang/14.X8AYN5IMTC-161615072019.png_no_bg.png,14.X8AYN5IMTC-161615072019.png_no_bg.png,.png,288928,613,408,RGBA,a05d55563de7de21a63b2697801b71d338663d9e378f93859fb6d8888ce3e02d,WSSV,train,2,/kaggle/working/cvio_shrimp_academic_study_seed42/experiments/shrimpdb3/prepared/train/02_WSSV/a05d55563de7_sdb_00186.png
248,ShrimpDB,Dom_Trang,/kaggle/input/datasets/vohoangtu/shrimpdb/Dom_Trang/14.a-prawn-with-white-spot-disease__278153_.jpg_no_bg.png,14.a-prawn-with-white-spot-disease__278153_.jpg_no_bg.png,.png,216283,612,408,RGBA,86d986fd4f2dd9ce6d15f92de327c8bf6ae4c11e31212e5a7fc169cb65c65b5f,WSSV,train,2,/kaggle/working/cvio_shrimp_academic_study_seed42/experiments/shrimpdb3/prepared/train/02_WSSV/86d986fd4f2d_sdb_00187.png
249,ShrimpDB,Dom_Trang,/kaggle/input/datasets/vohoangtu/shrimpdb/Dom_Trang/14.bna_1928639_1152018.jpg_no_bg.png,14.bna_1928639_1152018.jpg_no_bg.png,.png,360060,577,433,RGBA,670d71dae3ffbf510b8251a2d7a2009db3d6a702d48c0d928341e66fd401b176,WSSV,train,2,/kaggle/working/cvio_shrimp_academic_study_seed42/experiments/shrimpdb3/prepared/train/02_WSSV/670d71dae3ff_sdb_00188.png
250,ShrimpDB,Dom_Trang,/kaggle/input/datasets/vohoangtu/shrimpdb/Dom_Trang/14.r0_98_1051_689_w1200_h678_fmax.jpg_no_bg.png,14.r0_98_1051_689_w1200_h678_fmax.jpg_no_bg.png,.png,187205,667,375,RGBA,a6315ad73292630090794b89f97e07b7c86d0098edc58a851575fb5707612fa9,WSSV,train,2,/kaggle/working/cvio_shrimp_academic_study_seed42/experiments/shrimpdb3/prepared/train/02_WSSV/a6315ad73292_sdb_00189.png
253,ShrimpDB,Dom_Trang,/kaggle/input/datasets/vohoangtu/shrimpdb/Dom_Trang/15.Benh-dom-trang.jpg_no_bg.png,15.Benh-dom-trang.jpg_no_bg.png,.png,369319,666,375,RGBA,5a9dbb71ed72884a0120f81e8887f910af56fdad12a14d6e47b23260e4f52dcf,WSSV,train,2,/kaggle/working/cvio_shrimp_academic_study_seed42/experiments/shrimpdb3/prepared/train/02_WSSV/5a9dbb71ed72_sdb_00190.png
258,ShrimpDB,Dom_Trang,/kaggle/input/datasets/vohoangtu/shrimpdb/Dom_Trang/18.8100480-16x9-large.jpg_no_bg.png,18.8100480-16x9-large.jpg_no_bg.png,.png,255139,666,375,RGBA,6239c72438f77e73ad074a5b8491910272c8e2fb246ac50d1ef40e5bbc25b278,WSSV,train,2,/kaggle/working/cvio_shrimp_academic_study_seed42/experiments/shrimpdb3/prepared/train/02_WSSV/6239c72438f7_sdb_00191.png
259,ShrimpDB,Dom_Trang,/kaggle/input/datasets/vohoangtu/shrimpdb/Dom_Trang/2.db5835d6-5b0f872ae49519d47e8b4567.jpg,2.db5835d6-5b0f872ae49519d47e8b4567.jpg,.jpg,178316,600,450,RGB,7f87412a1c91586153d630a47174568309dbf1fc524c193db26b203b76c43fb3,WSSV,train,2,/kaggle/working/cvio_shrimp_academic_study_seed42/experiments/shrimpdb3/prepared/train/02_WSSV/7f87412a1c91_sdb_00192.jpg
261,ShrimpDB,Dom_Trang,/kaggle/input/datasets/vohoangtu/shrimpdb/Dom_Trang/20.nakawin-tomdomtrang.png_no_bg.png,20.nakawin-tomdomtrang.png_no_bg.png,.png,82013,348,237,RGBA,1531a41146f8197b1b79d8aafe3a42916e0c563fd1be53b17ea0a1ccf0c497bf,WSSV,train,2,/kaggle/working/cvio_shrimp_academic_study_seed42/experiments/shrimpdb3/prepared/train/02_WSSV/1531a41146f8_sdb_00193.png
262,ShrimpDB,Dom_Trang,/kaggle/input/datasets/vohoangtu/shrimpdb/Dom_Trang/2014_03_13_1.jpg_no_bg.png,2014_03_13_1.jpg_no_bg.png,.png,279445,550,394,RGBA,0b6def5941ed16393b95c75d43d1852927a813f60c7d387c3406e2119e260b7f,WSSV,train,2,/kaggle/working/cvio_shrimp_academic_study_seed42/experiments/shrimpdb3/prepared/train/02_WSSV/0b6def5941ed_sdb_00194.png
263,ShrimpDB,Dom_Trang,/kaggle/input/datasets/vohoangtu/shrimpdb/Dom_Trang/2016-12-10-prawn5.jpg,2016-12-10-prawn5.jpg,.jpg,86460,650,488,RGB,3d4a6e76e3ffcc6eadc523e449705576f0a1c50ad5bb03511f1960298aa6313f,WSSV,train,2,/kaggle/working/cvio_shrimp_academic_study_seed42/experiments/shrimpdb3/prepared/train/02_WSSV/3d4a6e76e3ff_sdb_00195.jpg
266,ShrimpDB,Dom_Trang,/kaggle/input/datasets/vohoangtu/shrimpdb/Dom_Trang/21.r0_0_568_319_w1200_h678_fmax.jpg_no_bg.png,21.r0_0_568_319_w1200_h678_fmax.jpg_no_bg.png,.png,294524,568,319,RGBA,ce82f059f52aee9091eac5e742efba9d75f75add8b059a6cbb933b3345704fc7,WSSV,train,2,/kaggle/working/cvio_shrimp_academic_study_seed42/experiments/shrimpdb3/prepared/train/02_WSSV/ce82f059f52a_sdb_00196.png
268,ShrimpDB,Dom_Trang,/kaggle/input/datasets/vohoangtu/shrimpdb/Dom_Trang/24.kinh-nghiem-xu-ly-benh-dom-trang-tren-tom1.jpg_no_bg.png,24.kinh-nghiem-xu-ly-benh-dom-trang-tren-tom1.jpg_no_bg.png,.png,301317,612,408,RGBA,35018dad4fa69e0120d8348b2916786bcb8fa7e341091fd0d42da6629ee6c1f9,WSSV,train,2,/kaggle/working/cvio_shrimp_academic_study_seed42/experiments/shrimpdb3/prepared/train/02_WSSV/35018dad4fa6_sdb_00197.png
270,ShrimpDB,Dom_Trang,/kaggle/input/datasets/vohoangtu/shrimpdb/Dom_Trang/25.tt0.PNG_no_bg.png,25.tt0.PNG_no_bg.png,.png,153203,359,315,RGBA,277f8ef9d520b4b0b2b66b7b91dc97ecd971e69a6fe661fe3ecf13a5651f7db3,WSSV,train,2,/kaggle/working/cvio_shrimp_academic_study_seed42/experiments/shrimpdb3/prepared/train/02_WSSV/277f8ef9d520_sdb_00198.png
274,ShrimpDB,Dom_Trang,/kaggle/input/datasets/vohoangtu/shrimpdb/Dom_Trang/29.benh_20dom_20trang_20wssv_2001.png,29.benh_20dom_20trang_20wssv_2001.png,.png,315849,734,237,RGB,239b5bc9c66c82adb867527afd1e7185d3e8c62243f3841ed41414e8b74da408,WSSV,train,2,/kaggle/working/cvio_shrimp_academic_study_seed42/experiments/shrimpdb3/prepared/train/02_WSSV/239b5bc9c66c_sdb_00199.png
278,ShrimpDB,Dom_Trang,/kaggle/input/datasets/vohoangtu/shrimpdb/Dom_Trang/32.Picture8.png_no_bg.png,32.Picture8.png_no_bg.png,.png,251731,645,387,RGBA,8aa769088c7d902f93746bd9804a7fbfeedf5de9f09d83de0072aaf072eec966,WSSV,train,2,/kaggle/working/cvio_shrimp_academic_study_seed42/experiments/shrimpdb3/prepared/train/02_WSSV/8aa769088c7d_sdb_00200.png
280,ShrimpDB,Dom_Trang,/kaggle/input/datasets/vohoangtu/shrimpdb/Dom_Trang/36.white-spot.jpg,36.white-spot.jpg,.jpg,36211,400,350,RGB,199707b458e1fd7dd5db1df1a258c899fb81b69e2fe50ae3ee23cc0fdd954164,WSSV,train,2,/kaggle/working/cvio_shrimp_academic_study_seed42/experiments/shrimpdb3/prepared/train/02_WSSV/199707b458e1_sdb_00201.jpg
281,ShrimpDB,Dom_Trang,/kaggle/input/datasets/vohoangtu/shrimpdb/Dom_Trang/38.benh-dom-trang.png_no_bg.png,38.benh-dom-trang.png_no_bg.png,.png,139888,400,300,RGBA,722e3a86cb416f2c44c85f4ad4937e0e9f96e48125b531cc12e4789fc2b53b4f,WSSV,train,2,/kaggle/working/cvio_shrimp_academic_study_seed42/experiments/shrimpdb3/prepared/train/02_WSSV/722e3a86cb41_sdb_00202.png
282,ShrimpDB,Dom_Trang,/kaggle/input/datasets/vohoangtu/shrimpdb/Dom_Trang/4.benh-dom-trang-tren-tom-va-cach-phong-tri-benh-hieu-qua-tom-gio-ng-chau-phi.jpg_no_bg.png,4.benh-dom-trang-tren-tom-va-cach-phong-tri-benh-hieu-qua-tom-gio-ng-chau-phi.jpg_no_bg.png,.png,172125,614,407,RGBA,a9cb32b104374b06b037d583cd7525b0989fbf240de92d0f11dded3c04a8bc68,WSSV,train,2,/kaggle/working/cvio_shrimp_academic_study_seed42/experiments/shrimpdb3/prepared/train/02_WSSV/a9cb32b10437_sdb_00203.png
284,ShrimpDB,Dom_Trang,/kaggle/input/datasets/vohoangtu/shrimpdb/Dom_Trang/4.wssv1.png_no_bg.png,4.wssv1.png_no_bg.png,.png,336898,580,431,RGBA,eb7147159ba41a64bcfc7f6c307c5e75833edd65e7d0bab3a848cb90bcddd38b,WSSV,train,2,/kaggle/working/cvio_shrimp_academic_study_seed42/experiments/shrimpdb3/prepared/train/02_WSSV/eb7147159ba4_sdb_00204.png
287,ShrimpDB,Dom_Trang,/kaggle/input/datasets/vohoangtu/shrimpdb/Dom_Trang/49.TWTD6UVZ3P-132115072019.png_no_bg.png,49.TWTD6UVZ3P-132115072019.png_no_bg.png,.png,177147,480,353,RGBA,82a268cbf43d7090e51e22567913a818093f1fe500553e31d600b5c9760a83ce,WSSV,train,2,/kaggle/working/cvio_shrimp_academic_study_seed42/experiments/shrimpdb3/prepared/train/02_WSSV/82a268cbf43d_sdb_00205.png
288,ShrimpDB,Dom_Trang,/kaggle/input/datasets/vohoangtu/shrimpdb/Dom_Trang/5.8100480-3x2-940x627.jpg_no_bg.png,5.8100480-3x2-940x627.jpg_no_bg.png,.png,232217,612,408,RGBA,1b95bcf2a898f016c6407a2cb47091a42dc8f6ae948334d5709311e5beccef38,WSSV,train,2,/kaggle/working/cvio_shrimp_academic_study_seed42/experiments/shrimpdb3/prepared/train/02_WSSV/1b95bcf2a898_sdb_00206.png
289,ShrimpDB,Dom_Trang,/kaggle/input/datasets/vohoangtu/shrimpdb/Dom_Trang/5.dom_trang2.jpg,5.dom_trang2.jpg,.jpg,75599,920,690,RGB,99d08a0e46547a32a2fa0979f6daa9c906f183184933d9d5339c76e0547770a6,WSSV,train,2,/kaggle/working/cvio_shrimp_academic_study_seed42/experiments/shrimpdb3/prepared/train/02_WSSV/99d08a0e4654_sdb_00207.jpg
291,ShrimpDB,Dom_Trang,/kaggle/input/datasets/vohoangtu/shrimpdb/Dom_Trang/54.quyen07041601.png_no_bg.png,54.quyen07041601.png_no_bg.png,.png,28621,442,132,RGBA,a94843a74b4456a364da28a4d83581f5ad62214a8354f8a889605d9126cd6077,WSSV,train,2,/kaggle/working/cvio_shrimp_academic_study_seed42/experiments/shrimpdb3/prepared/train/02_WSSV/a94843a74b44_sdb_00208.png
292,ShrimpDB,Dom_Trang,/kaggle/input/datasets/vohoangtu/shrimpdb/Dom_Trang/54.quyen070416011.png_no_bg.png,54.quyen070416011.png_no_bg.png,.png,27303,442,154,RGBA,4a9c0684614597734ae1568608e5392588bcbcf9e837a4309348cd4ffa87a3ce,WSSV,train,2,/kaggle/working/cvio_shrimp_academic_study_seed42/experiments/shrimpdb3/prepared/train/02_WSSV/4a9c06846145_sdb_00209.png
293,ShrimpDB,Dom_Trang,/kaggle/input/datasets/vohoangtu/shrimpdb/Dom_Trang/58.benh-dom-trang-tren-tom-4796272.jpg_no_bg.png,58.benh-dom-trang-tren-tom-4796272.jpg_no_bg.png,.png,171109,577,433,RGBA,194937b1e59ce3d39bbe7b299c2eb24a0589bd804cafd135b766a5327706b3b6,WSSV,train,2,/kaggle/working/cvio_shrimp_academic_study_seed42/experiments/shrimpdb3/prepared/train/02_WSSV/194937b1e59c_sdb_00210.png
294,ShrimpDB,Dom_Trang,/kaggle/input/datasets/vohoangtu/shrimpdb/Dom_Trang/58.tom-su-benh-gan-tuy-ems.png_no_bg.png,58.tom-su-benh-gan-tuy-ems.png_no_bg.png,.png,209667,672,188,RGBA,efed528397a8e61e36e6bb0979845d26377654c83e538ba7be9daeaf53c11190,WSSV,train,2,/kaggle/working/cvio_shrimp_academic_study_seed42/experiments/shrimpdb3/prepared/train/02_WSSV/efed528397a8_sdb_00211.png
295,ShrimpDB,Dom_Trang,/kaggle/input/datasets/vohoangtu/shrimpdb/Dom_Trang/58.tom-su-benh-gan-tuy-ems1.png_no_bg.png,58.tom-su-benh-gan-tuy-ems1.png_no_bg.png,.png,184762,672,156,RGBA,45b8504e51d2009934d5fcb3f15c09f504d51995d1476e4047b85710304fd63a,WSSV,train,2,/kaggle/working/cvio_shrimp_academic_study_seed42/experiments/shrimpdb3/prepared/train/02_WSSV/45b8504e51d2_sdb_00212.png
297,ShrimpDB,Dom_Trang,/kaggle/input/datasets/vohoangtu/shrimpdb/Dom_Trang/59.tom-benh-dom-trang_41.jpg_no_bg.png,59.tom-benh-dom-trang_41.jpg_no_bg.png,.png,92195,640,148,RGBA,b85b56adc14c77941ad302e85ee4c81fadaaa14c4ba7f664eac9e43a6f629ced,WSSV,train,2,/kaggle/working/cvio_shrimp_academic_study_seed42/experiments/shrimpdb3/prepared/train/02_WSSV/b85b56adc14c_sdb_00213.png
298,ShrimpDB,Dom_Trang,/kaggle/input/datasets/vohoangtu/shrimpdb/Dom_Trang/5c6d9c88cb7f6.image1.jpg_no_bg.png,5c6d9c88cb7f6.image1.jpg_no_bg.png,.png,109374,1040,240,RGBA,aab1878499103679bb350218323ca8e85a881d3fca69e19234d6441228fef7b1,WSSV,train,2,/kaggle/working/cvio_shrimp_academic_study_seed42/experiments/shrimpdb3/prepared/train/02_WSSV/aab187849910_sdb_00214.png
300,ShrimpDB,Dom_Trang,/kaggle/input/datasets/vohoangtu/shrimpdb/Dom_Trang/6.benh-dom-trang.jpg_no_bg.png,6.benh-dom-trang.jpg_no_bg.png,.png,41429,342,114,RGBA,1f1bd1110da160f3e2faede4e598bbbca886e521af6355eac5c36609858d5b2d,WSSV,train,2,/kaggle/working/cvio_shrimp_academic_study_seed42/experiments/shrimpdb3/prepared/train/02_WSSV/1f1bd1110da1_sdb_00215.png
301,ShrimpDB,Dom_Trang,/kaggle/input/datasets/vohoangtu/shrimpdb/Dom_Trang/6.benh-dom-trang1.jpg_no_bg.png,6.benh-dom-trang1.jpg_no_bg.png,.png,47149,360,93,RGBA,16e49c116d782bc97fce9aa62a22d218f65dc2243643e651f3e31740271a1684,WSSV,train,2,/kaggle/working/cvio_shrimp_academic_study_seed42/experiments/shrimpdb3/prepared/train/02_WSSV/16e49c116d78_sdb_00216.png
302,ShrimpDB,Dom_Trang,/kaggle/input/datasets/vohoangtu/shrimpdb/Dom_Trang/6.dich-benh-dom-trang-672x372.jpg_no_bg.png,6.dich-benh-dom-trang-672x372.jpg_no_bg.png,.png,187043,672,372,RGBA,5cabb89e0d4dc0121526cabcbcde53aa2e2dfbd3484a292bcdf13e1741cfa029,WSSV,train,2,/kaggle/working/cvio_shrimp_academic_study_seed42/experiments/shrimpdb3/prepared/train/02_WSSV/5cabb89e0d4d_sdb_00217.png
304,ShrimpDB,Dom_Trang,/kaggle/input/datasets/vohoangtu/shrimpdb/Dom_Trang/60.232681e04bc7f02a5f3bed810b4f3cdf.jpg_no_bg.png,60.232681e04bc7f02a5f3bed810b4f3cdf.jpg_no_bg.png,.png,168453,480,360,RGBA,70182247e4026c0629a0ab3352c36281dd02a2bfcb5328ce9f5e2861389fc2eb,WSSV,train,2,/kaggle/working/cvio_shrimp_academic_study_seed42/experiments/shrimpdb3/prepared/train/02_WSSV/70182247e402_sdb_00218.png
305,ShrimpDB,Dom_Trang,/kaggle/input/datasets/vohoangtu/shrimpdb/Dom_Trang/63.stock-photo-white-spot-syndrome-virus-wssv-in-black-tiger-shrimp-penaeus-monodon-695525917.jpg_no_bg.png,63.stock-photo-white-spot-syndrome-virus-wssv-in-black-tiger-shrimp-penaeus-monodon-695525917.jpg_no_bg.png,.png,37574,450,104,RGBA,fa0001c2dde4b0f2752527d1c413a7379f212d9a1fef062bce62928497fe0d95,WSSV,train,2,/kaggle/working/cvio_shrimp_academic_study_seed42/experiments/shrimpdb3/prepared/train/02_WSSV/fa0001c2dde4_sdb_00219.png
308,ShrimpDB,Dom_Trang,/kaggle/input/datasets/vohoangtu/shrimpdb/Dom_Trang/65.prawn-2.jpg_no_bg.png,65.prawn-2.jpg_no_bg.png,.png,190680,466,350,RGBA,61e21ab4c686e4aef38eef94d1936a7cb8dc018cb9e2e26175338b6e160fa2e3,WSSV,train,2,/kaggle/working/cvio_shrimp_academic_study_seed42/experiments/shrimpdb3/prepared/train/02_WSSV/61e21ab4c686_sdb_00220.png
309,ShrimpDB,Dom_Trang,/kaggle/input/datasets/vohoangtu/shrimpdb/Dom_Trang/69.carousel2.jpg,69.carousel2.jpg,.jpg,39097,640,458,RGB,b8111c912e9d4c07eb1f7aeb0d70dc941dd3b051bd74587aa9f3e3f144b4ad14,WSSV,train,2,/kaggle/working/cvio_shrimp_academic_study_seed42/experiments/shrimpdb3/prepared/train/02_WSSV/b8111c912e9d_sdb_00221.jpg
313,ShrimpDB,Dom_Trang,/kaggle/input/datasets/vohoangtu/shrimpdb/Dom_Trang/76.lan070520151.png_no_bg.png,76.lan070520151.png_no_bg.png,.png,140796,432,324,RGBA,a5ed9ce1bab158e5c198bf644d6f1ce07e68e9f035b5baaeffd42bc9ddf382a5,WSSV,train,2,/kaggle/working/cvio_shrimp_academic_study_seed42/experiments/shrimpdb3/prepared/train/02_WSSV/a5ed9ce1bab1_sdb_00222.png
314,ShrimpDB,Dom_Trang,/kaggle/input/datasets/vohoangtu/shrimpdb/Dom_Trang/8.ge4985349913478040277.jpg_no_bg.png,8.ge4985349913478040277.jpg_no_bg.png,.png,292656,612,408,RGBA,1441c4fab9398090fbf4d7518a0e2e00114ee5e0c31a559a7545a86b0471e137,WSSV,train,2,/kaggle/working/cvio_shrimp_academic_study_seed42/experiments/shrimpdb3/prepared/train/02_WSSV/1441c4fab939_sdb_00223.png
315,ShrimpDB,Dom_Trang,/kaggle/input/datasets/vohoangtu/shrimpdb/Dom_Trang/80.3962.jpg,80.3962.jpg,.jpg,14705,460,276,RGB,90f33c82de8416157bc8d94c26b3723e5fbbe605f693edef514c94970e65478d,WSSV,train,2,/kaggle/working/cvio_shrimp_academic_study_seed42/experiments/shrimpdb3/prepared/train/02_WSSV/90f33c82de84_sdb_00224.jpg
321,ShrimpDB,Dom_Trang,/kaggle/input/datasets/vohoangtu/shrimpdb/Dom_Trang/84.cac-bien-phap-phong-benh-nguy-hiem-tren-tom-nuoi-53.jpg_no_bg.png,84.cac-bien-phap-phong-benh-nguy-hiem-tren-tom-nuoi-53.jpg_no_bg.png,.png,86898,120,494,RGBA,976bf525423521227db85079edb127704b80c99a297434ba27c8d9bc38631648,WSSV,train,2,/kaggle/working/cvio_shrimp_academic_study_seed42/experiments/shrimpdb3/prepared/train/02_WSSV/976bf5254235_sdb_00225.png
323,ShrimpDB,Dom_Trang,/kaggle/input/datasets/vohoangtu/shrimpdb/Dom_Trang/9.b3748d1f0bc4e9c08a4bff591c8d4f4e.jpg_no_bg.png,9.b3748d1f0bc4e9c08a4bff591c8d4f4e.jpg_no_bg.png,.png,88623,640,148,RGBA,da564a6a0f946fee250f54ca5011fcada06059ed56d1399612c51e50c1a7cbf0,WSSV,train,2,/kaggle/working/cvio_shrimp_academic_study_seed42/experiments/shrimpdb3/prepared/train/02_WSSV/da564a6a0f94_sdb_00226.png
328,ShrimpDB,Dom_Trang,/kaggle/input/datasets/vohoangtu/shrimpdb/Dom_Trang/Aquatic_TauraShrimp3.png,Aquatic_TauraShrimp3.png,.png,92127,300,195,RGB,6f4f33e1f3a16babe688b10fff86b224fdb06352a080bd08c8bc5591ec3f3f63,WSSV,train,2,/kaggle/working/cvio_shrimp_academic_study_seed42/experiments/shrimpdb3/prepared/train/02_WSSV/6f4f33e1f3a1_sdb_00227.png
329,ShrimpDB,Dom_Trang,/kaggle/input/datasets/vohoangtu/shrimpdb/Dom_Trang/Aquatic_WhiteSpot.png_no_bg.png,Aquatic_WhiteSpot.png_no_bg.png,.png,77630,386,252,RGBA,955033d378cc9078a228c5149106ca0c0f6d45f925b092822dd2f89ab70c46b3,WSSV,train,2,/kaggle/working/cvio_shrimp_academic_study_seed42/experiments/shrimpdb3/prepared/train/02_WSSV/955033d378cc_sdb_00228.png
330,ShrimpDB,Dom_Trang,/kaggle/input/datasets/vohoangtu/shrimpdb/Dom_Trang/CB7D9530-1FBE-49EA-B48E-8A1D06DEDD66-300x200.jpeg_no_bg.png,CB7D9530-1FBE-49EA-B48E-8A1D06DEDD66-300x200.jpeg_no_bg.png,.png,51060,217,196,RGBA,e35f6304f7bb31d3b6020a792af74edbe158003500ff00b5328bfb0008ed5b5b,WSSV,train,2,/kaggle/working/cvio_shrimp_academic_study_seed42/experiments/shrimpdb3/prepared/train/02_WSSV/e35f6304f7bb_sdb_00229.png
331,ShrimpDB,Dom_Trang,/kaggle/input/datasets/vohoangtu/shrimpdb/Dom_Trang/DOM TRANG12.jpg,DOM TRANG12.jpg,.jpg,58647,751,214,RGB,15e56f62d40b22603a40676ee564a543d62d984ba07dabe178ab577745bb705d,WSSV,train,2,/kaggle/working/cvio_shrimp_academic_study_seed42/experiments/shrimpdb3/prepared/train/02_WSSV/15e56f62d40b_sdb_00230.jpg
333,ShrimpDB,Dom_Trang,/kaggle/input/datasets/vohoangtu/shrimpdb/Dom_Trang/Diseased-shrimp.jpg,Diseased-shrimp.jpg,.jpg,32303,588,421,RGB,83c055de6b8c6a51db598ec4e39375367f843377ebfcca27ca0f629f1ca39544,WSSV,train,2,/kaggle/working/cvio_shrimp_academic_study_seed42/experiments/shrimpdb3/prepared/train/02_WSSV/83c055de6b8c_sdb_00231.jpg
334,ShrimpDB,Dom_Trang,/kaggle/input/datasets/vohoangtu/shrimpdb/Dom_Trang/Fig4-Original-image-Shrimp-having-white-Spot-Syndrome-Virus.png_no_bg.png,Fig4-Original-image-Shrimp-having-white-Spot-Syndrome-Virus.png_no_bg.png,.png,66609,338,149,RGBA,d3bb55a1f94d3564773c6c138bdc30202c0740b3ac892355b260d39754db1e38,WSSV,train,2,/kaggle/working/cvio_shrimp_academic_study_seed42/experiments/shrimpdb3/prepared/train/02_WSSV/d3bb55a1f94d_sdb_00232.png
335,ShrimpDB,Dom_Trang,/kaggle/input/datasets/vohoangtu/shrimpdb/Dom_Trang/Hình 1.jpg_no_bg.png,Hình 1.jpg_no_bg.png,.png,343905,882,284,RGBA,50349d7284e1d0d796b187605b018554798754e75b9cbcae5f3e86fdd9f00f50,WSSV,train,2,/kaggle/working/cvio_shrimp_academic_study_seed42/experiments/shrimpdb3/prepared/train/02_WSSV/50349d7284e1_sdb_00233.png
336,ShrimpDB,Dom_Trang,/kaggle/input/datasets/vohoangtu/shrimpdb/Dom_Trang/Pond 11 - coalescing white spots on carapace_resized.png_no_bg.png,Pond 11 - coalescing white spots on carapace_resized.png_no_bg.png,.png,209824,635,290,RGBA,bff853815cdf5b95f486ac214a561f989d8dbb1767a2f9e7a5225784f6d1b1c1,WSSV,train,2,/kaggle/working/cvio_shrimp_academic_study_seed42/experiments/shrimpdb3/prepared/train/02_WSSV/bff853815cdf_sdb_00234.png
337,ShrimpDB,Dom_Trang,/kaggle/input/datasets/vohoangtu/shrimpdb/Dom_Trang/Tôm-sú-nhiễm-virus-đốm-trắng-WSSV.png,Tôm-sú-nhiễm-virus-đốm-trắng-WSSV.png,.png,642364,800,600,RGBA,d183ea993908305b1d5701a7243985bf157b97b0eded737d937ce70355083ac9,WSSV,train,2,/kaggle/working/cvio_shrimp_academic_study_seed42/experiments/shrimpdb3/prepared/train/02_WSSV/d183ea993908_sdb_00235.png
342,ShrimpDB,Dom_Trang,/kaggle/input/datasets/vohoangtu/shrimpdb/Dom_Trang/aquatic_ShrimpDis2_img_5.jpg_no_bg.png,aquatic_ShrimpDis2_img_5.jpg_no_bg.png,.png,253434,578,433,RGBA,638fa1786c61c6d005d76c9bb11d800f43b36c5193e3e89d844b6127eabfab1d,WSSV,train,2,/kaggle/working/cvio_shrimp_academic_study_seed42/experiments/shrimpdb3/prepared/train/02_WSSV/638fa1786c61_sdb_00236.png
347,ShrimpDB,Dom_Trang,/kaggle/input/datasets/vohoangtu/shrimpdb/Dom_Trang/b3748d1f0bc4e9c08a4bff591c8d4f4e.jpg,b3748d1f0bc4e9c08a4bff591c8d4f4e.jpg,.jpg,31251,640,366,RGB,85ce0327c70131dac50d1331ca418f1d7153215fa14266de935f7a66fbef84cf,WSSV,train,2,/kaggle/working/cvio_shrimp_academic_study_seed42/experiments/shrimpdb3/prepared/train/02_WSSV/85ce0327c701_sdb_00237.jpg
348,ShrimpDB,Dom_Trang,/kaggle/input/datasets/vohoangtu/shrimpdb/Dom_Trang/bcf5ea_58b34e79f0744e5a8f77e9e5233d137b_mv2.jpg_no_bg.png,bcf5ea_58b34e79f0744e5a8f77e9e5233d137b_mv2.jpg_no_bg.png,.png,218831,521,277,RGBA,f9b098f016ac1863fbf4eb97639f59ef11feb13bda2616f73b3db3d885b1c4e2,WSSV,train,2,/kaggle/working/cvio_shrimp_academic_study_seed42/experiments/shrimpdb3/prepared/train/02_WSSV/f9b098f016ac_sdb_00238.png
349,ShrimpDB,Dom_Trang,/kaggle/input/datasets/vohoangtu/shrimpdb/Dom_Trang/benh-dom-rang-tren-tom-the-chan-trang-1.jpg_no_bg.png,benh-dom-rang-tren-tom-the-chan-trang-1.jpg_no_bg.png,.png,243934,600,343,RGBA,eaf92e07dbd69733a9697814f3df93f8e8f447c9bbe2fba666a12beb34979b0f,WSSV,train,2,/kaggle/working/cvio_shrimp_academic_study_seed42/experiments/shrimpdb3/prepared/train/02_WSSV/eaf92e07dbd6_sdb_00239.png
350,ShrimpDB,Dom_Trang,/kaggle/input/datasets/vohoangtu/shrimpdb/Dom_Trang/benh-dom-rang-tren-tom-the-chan-trang-2.jpg_no_bg.png,benh-dom-rang-tren-tom-the-chan-trang-2.jpg_no_bg.png,.png,256183,600,350,RGBA,d049c464ac613a3d8ba3ca69e85c021ab53e6c456d47f6b64b4b8255760521cb,WSSV,train,2,/kaggle/working/cvio_shrimp_academic_study_seed42/experiments/shrimpdb3/prepared/train/02_WSSV/d049c464ac61_sdb_00240.png
351,ShrimpDB,Dom_Trang,/kaggle/input/datasets/vohoangtu/shrimpdb/Dom_Trang/benh-dom-trang-o-tom.jpg,benh-dom-trang-o-tom.jpg,.jpg,160551,960,637,RGB,78301058fdaabd1a39d3b3c034435984f115b3c7015e20664cd507ebdbd4a08e,WSSV,train,2,/kaggle/working/cvio_shrimp_academic_study_seed42/experiments/shrimpdb3/prepared/train/02_WSSV/78301058fdaa_sdb_00241.jpg
352,ShrimpDB,Dom_Trang,/kaggle/input/datasets/vohoangtu/shrimpdb/Dom_Trang/benh-dom-trang-tren-tom-2.jpg_no_bg.png,benh-dom-trang-tren-tom-2.jpg_no_bg.png,.png,243867,600,343,RGBA,c2200c67c4fe9848f1b0a236b6278dda62c1e4042a64fd7cc938cb4beb95738f,WSSV,train,2,/kaggle/working/cvio_shrimp_academic_study_seed42/experiments/shrimpdb3/prepared/train/02_WSSV/c2200c67c4fe_sdb_00242.png
353,ShrimpDB,Dom_Trang,/kaggle/input/datasets/vohoangtu/shrimpdb/Dom_Trang/benh-dom-trang-tren-tom-21.jpg,benh-dom-trang-tren-tom-21.jpg,.jpg,49237,672,372,RGB,864217111b47f61bc5e735c846050bbc929b293149d0f57c3307d8bbaf25fc80,WSSV,train,2,/kaggle/working/cvio_shrimp_academic_study_seed42/experiments/shrimpdb3/prepared/train/02_WSSV/864217111b47_sdb_00243.jpg
354,ShrimpDB,Dom_Trang,/kaggle/input/datasets/vohoangtu/shrimpdb/Dom_Trang/benh-dom-trang-tren-tom-su.jpg_no_bg.png,benh-dom-trang-tren-tom-su.jpg_no_bg.png,.png,300441,612,408,RGBA,abb388c2f580250145f9e18ea3dbb66636538d91e8b42b9ec4b83d7cf0c3738e,WSSV,train,2,/kaggle/working/cvio_shrimp_academic_study_seed42/experiments/shrimpdb3/prepared/train/02_WSSV/abb388c2f580_sdb_00244.png
357,ShrimpDB,Dom_Trang,/kaggle/input/datasets/vohoangtu/shrimpdb/Dom_Trang/dom-trang-tom.jpg,dom-trang-tom.jpg,.jpg,38843,700,467,RGB,ee24bd550a40b633cebd4f4ac8f47238f7875e0a96d7ccc39af0cf6e8e344892,WSSV,train,2,/kaggle/working/cvio_shrimp_academic_study_seed42/experiments/shrimpdb3/prepared/train/02_WSSV/ee24bd550a40_sdb_00245.jpg
359,ShrimpDB,Dom_Trang,/kaggle/input/datasets/vohoangtu/shrimpdb/Dom_Trang/dom-trang.jpg,dom-trang.jpg,.jpg,14924,276,152,RGB,405666995e891ac2d6829e17ac9fbba2706c19f2d28c220a0addbd38dae8ccd8,WSSV,train,2,/kaggle/working/cvio_shrimp_academic_study_seed42/experiments/shrimpdb3/prepared/train/02_WSSV/405666995e89_sdb_00246.jpg
361,ShrimpDB,Dom_Trang,/kaggle/input/datasets/vohoangtu/shrimpdb/Dom_Trang/domtrang1.jpg_no_bg.png,domtrang1.jpg_no_bg.png,.png,56048,450,122,RGBA,58846e9b19ce1fd2c7217a01b145061c3243c6b3b085c087b426795139212483,WSSV,train,2,/kaggle/working/cvio_shrimp_academic_study_seed42/experiments/shrimpdb3/prepared/train/02_WSSV/58846e9b19ce_sdb_00247.png
363,ShrimpDB,Dom_Trang,/kaggle/input/datasets/vohoangtu/shrimpdb/Dom_Trang/download (2).jpg_no_bg.png,download (2).jpg_no_bg.png,.png,57460,247,204,RGBA,2d2c4277dd9fefe4efd4dc2a8c396dfb1d9c011f654413b7fa836a84ae7c56e8,WSSV,train,2,/kaggle/working/cvio_shrimp_academic_study_seed42/experiments/shrimpdb3/prepared/train/02_WSSV/2d2c4277dd9f_sdb_00248.png
364,ShrimpDB,Dom_Trang,/kaggle/input/datasets/vohoangtu/shrimpdb/Dom_Trang/download.jpg_no_bg.png,download.jpg_no_bg.png,.png,69825,338,149,RGBA,3adc8a81f7754288b72a9f3587ec9bcb3d84a1cfe5e97cf2a4538d100417428a,WSSV,train,2,/kaggle/working/cvio_shrimp_academic_study_seed42/experiments/shrimpdb3/prepared/train/02_WSSV/3adc8a81f775_sdb_00249.png
366,ShrimpDB,Dom_Trang,/kaggle/input/datasets/vohoangtu/shrimpdb/Dom_Trang/file-20180703-116147-v48411 (1).jpg_no_bg.png,file-20180703-116147-v48411 (1).jpg_no_bg.png,.png,264235,496,372,RGBA,16111ef2c4f0858b1d3f344976de4c93245cb19c2f4875e101bda4f9c92489a1,WSSV,train,2,/kaggle/working/cvio_shrimp_academic_study_seed42/experiments/shrimpdb3/prepared/train/02_WSSV/16111ef2c4f0_sdb_00250.png
367,ShrimpDB,Dom_Trang,/kaggle/input/datasets/vohoangtu/shrimpdb/Dom_Trang/image007.jpg_no_bg.png,image007.jpg_no_bg.png,.png,86509,369,254,RGBA,4a2804b8fc101d09ca012215f1f25f4032de7c1dec684b86c1e5c00061ac79e3,WSSV,train,2,/kaggle/working/cvio_shrimp_academic_study_seed42/experiments/shrimpdb3/prepared/train/02_WSSV/4a2804b8fc10_sdb_00251.png
368,ShrimpDB,Dom_Trang,/kaggle/input/datasets/vohoangtu/shrimpdb/Dom_Trang/images (1).jpg_no_bg.png,images (1).jpg_no_bg.png,.png,55340,232,217,RGBA,7c344efffad09a60cdfa072233fb135e5ce4d8e6bceacb485cab27f2d89e3372,WSSV,train,2,/kaggle/working/cvio_shrimp_academic_study_seed42/experiments/shrimpdb3/prepared/train/02_WSSV/7c344efffad0_sdb_00252.png
370,ShrimpDB,Dom_Trang,/kaggle/input/datasets/vohoangtu/shrimpdb/Dom_Trang/images (7).jpg_no_bg.png,images (7).jpg_no_bg.png,.png,87895,239,211,RGBA,ba554c52cbe2cd3ac67ccf89f81f30b44acbba71a0aa2f0f62f38541bb0fc496,WSSV,train,2,/kaggle/working/cvio_shrimp_academic_study_seed42/experiments/shrimpdb3/prepared/train/02_WSSV/ba554c52cbe2_sdb_00253.png
371,ShrimpDB,Dom_Trang,/kaggle/input/datasets/vohoangtu/shrimpdb/Dom_Trang/images.jpg_no_bg.png,images.jpg_no_bg.png,.png,86558,225,224,RGBA,26a379d63b5234d08a4c58f67c8fb77ea6d5a4c57013c3b9253ee61491e947a4,WSSV,train,2,/kaggle/working/cvio_shrimp_academic_study_seed42/experiments/shrimpdb3/prepared/train/02_WSSV/26a379d63b52_sdb_00254.png
376,ShrimpDB,Dom_Trang,/kaggle/input/datasets/vohoangtu/shrimpdb/Dom_Trang/original_0001.jpg_no_bg.png,original_0001.jpg_no_bg.png,.png,94345,331,233,RGBA,4bd8f6139e8dbbe88aeb421ca33cb802c607258e1f508d78ae8c6e4e20f31d4f,WSSV,train,2,/kaggle/working/cvio_shrimp_academic_study_seed42/experiments/shrimpdb3/prepared/train/02_WSSV/4bd8f6139e8d_sdb_00255.png
377,ShrimpDB,Dom_Trang,/kaggle/input/datasets/vohoangtu/shrimpdb/Dom_Trang/prawn-white-spot.jpg_no_bg.png,prawn-white-spot.jpg_no_bg.png,.png,48361,300,97,RGBA,d09ee6711d14e3b14e696d148b9b0acba35663ef1a0fe93acd2737909a6d116d,WSSV,train,2,/kaggle/working/cvio_shrimp_academic_study_seed42/experiments/shrimpdb3/prepared/train/02_WSSV/d09ee6711d14_sdb_00256.png
378,ShrimpDB,Dom_Trang,/kaggle/input/datasets/vohoangtu/shrimpdb/Dom_Trang/prawn-white-spot1.jpg_no_bg.png,prawn-white-spot1.jpg_no_bg.png,.png,64236,300,126,RGBA,a3d4a0f07b2b4f82c0c657090fce62d6bec66e2a5ed18b4daf9f8e2dcddcdf16,WSSV,train,2,/kaggle/working/cvio_shrimp_academic_study_seed42/experiments/shrimpdb3/prepared/train/02_WSSV/a3d4a0f07b2b_sdb_00257.png
379,ShrimpDB,Dom_Trang,/kaggle/input/datasets/vohoangtu/shrimpdb/Dom_Trang/prawn-with-white-spot-qdaf (1).jpg_no_bg.png,prawn-with-white-spot-qdaf (1).jpg_no_bg.png,.png,89688,300,225,RGBA,edb1d102eee2b39c5940ae94fb4eae8d0a2c8c49a1607d35fe0721ddb8bd7694,WSSV,train,2,/kaggle/working/cvio_shrimp_academic_study_seed42/experiments/shrimpdb3/prepared/train/02_WSSV/edb1d102eee2_sdb_00258.png
381,ShrimpDB,Dom_Trang,/kaggle/input/datasets/vohoangtu/shrimpdb/Dom_Trang/san-xuat-tom-khang-benh-dom-trang-o-colombia-672x372.jpg,san-xuat-tom-khang-benh-dom-trang-o-colombia-672x372.jpg,.jpg,59810,520,287,RGB,0dd05b8ca1931faae04b9b28ab923c8b33841cf9de684c05aea3c75831e8f82a,WSSV,train,2,/kaggle/working/cvio_shrimp_academic_study_seed42/experiments/shrimpdb3/prepared/train/02_WSSV/0dd05b8ca193_sdb_00259.jpg
383,ShrimpDB,Dom_Trang,/kaggle/input/datasets/vohoangtu/shrimpdb/Dom_Trang/test.jpg_no_bg.png,test.jpg_no_bg.png,.png,123564,460,224,RGBA,619dcad8586ee196000808ce70e984e4d00e2686e0f9550c559208960ba324bf,WSSV,train,2,/kaggle/working/cvio_shrimp_academic_study_seed42/experiments/shrimpdb3/prepared/train/02_WSSV/619dcad8586e_sdb_00260.png
389,ShrimpDB,Dom_Trang,/kaggle/input/datasets/vohoangtu/shrimpdb/Dom_Trang/tom-the-chan-trang_1555995427-463x348.jpg_no_bg.png,tom-the-chan-trang_1555995427-463x348.jpg_no_bg.png,.png,185715,463,348,RGBA,cc57e1a93a0a7439e491b0b9eb11c8f41667940eabdd4bfd3d48427a9de3a8dc,WSSV,train,2,/kaggle/working/cvio_shrimp_academic_study_seed42/experiments/shrimpdb3/prepared/train/02_WSSV/cc57e1a93a0a_sdb_00261.png
394,ShrimpDB,Dom_Trang,/kaggle/input/datasets/vohoangtu/shrimpdb/Dom_Trang/unnamed (1).jpg,unnamed (1).jpg,.jpg,15034,276,152,RGB,fa444ee71b9b97b1347197b379f55ed6c852d8e139fd9ef22c937a72331174ce,WSSV,train,2,/kaggle/working/cvio_shrimp_academic_study_seed42/experiments/shrimpdb3/prepared/train/02_WSSV/fa444ee71b9b_sdb_00262.jpg
395,ShrimpDB,Dom_Trang,/kaggle/input/datasets/vohoangtu/shrimpdb/Dom_Trang/unnamed.jpg,unnamed.jpg,.jpg,26028,512,341,RGB,4c8aeb0dcd9e9949edd823e37a8dc7ffa0287a4b7277e07a2b747587fcb61f8d,WSSV,train,2,/kaggle/working/cvio_shrimp_academic_study_seed42/experiments/shrimpdb3/prepared/train/02_WSSV/4c8aeb0dcd9e_sdb_00263.jpg
396,ShrimpDB,Dom_Trang,/kaggle/input/datasets/vohoangtu/shrimpdb/Dom_Trang/virus dom trang.jpg_no_bg.png,virus dom trang.jpg_no_bg.png,.png,84260,300,280,RGBA,ae6e606f2b3552a596ef5476dc4c49e1572c0d301fa6895d950781f567354e27,WSSV,train,2,/kaggle/working/cvio_shrimp_academic_study_seed42/experiments/shrimpdb3/prepared/train/02_WSSV/ae6e606f2b35_sdb_00264.png
397,ShrimpDB,Dom_Trang,/kaggle/input/datasets/vohoangtu/shrimpdb/Dom_Trang/vo-tom-benh-vi-khuan-dom-trang.png_no_bg.png,vo-tom-benh-vi-khuan-dom-trang.png_no_bg.png,.png,263043,672,269,RGBA,92d93b7307a86398f22e9bf7ece21c6fbea8202f75d41f90e11667b2f9db4159,WSSV,train,2,/kaggle/working/cvio_shrimp_academic_study_seed42/experiments/shrimpdb3/prepared/train/02_WSSV/92d93b7307a8_sdb_00265.png
398,ShrimpDB,Dom_Trang,/kaggle/input/datasets/vohoangtu/shrimpdb/Dom_Trang/white_spot_disease1.jpg_no_bg.png,white_spot_disease1.jpg_no_bg.png,.png,69763,274,210,RGBA,ac38cc3b14d7af84ba57e539ac79ec2f368476329609610a76ffc9f258ee42e4,WSSV,train,2,/kaggle/working/cvio_shrimp_academic_study_seed42/experiments/shrimpdb3/prepared/train/02_WSSV/ac38cc3b14d7_sdb_00266.png
400,ShrimpDB,Dom_Trang,/kaggle/input/datasets/vohoangtu/shrimpdb/Dom_Trang/z300-Thuy-san-Viet-Nam2919-.jpg_no_bg.png,z300-Thuy-san-Viet-Nam2919-.jpg_no_bg.png,.png,412674,620,403,RGBA,51513ce8f181e70b46496b7e04863a49cf7a40a703d4fa52e7d8b5336e5e546d,WSSV,train,2,/kaggle/working/cvio_shrimp_academic_study_seed42/experiments/shrimpdb3/prepared/train/02_WSSV/51513ce8f181_sdb_00267.png
6,ShrimpDB,Den_Mang,/kaggle/input/datasets/vohoangtu/shrimpdb/Den_Mang/12.Aspergilus-the.jpg_no_bg.png,12.Aspergilus-the.jpg_no_bg.png,.png,104423,462,229,RGBA,b624620d3a2cb62018137be6586cec6d002311a68a3e00aa9f3a7edf00aa1f17,BG,val,1,/kaggle/working/cvio_shrimp_academic_study_seed42/experiments/shrimpdb3/prepared/val/01_BG/b624620d3a2c_sdb_00268.png
8,ShrimpDB,Den_Mang,/kaggle/input/datasets/vohoangtu/shrimpdb/Den_Mang/13.tom-bi-den-mang1.png_no_bg.png,13.tom-bi-den-mang1.png_no_bg.png,.png,60522,111,463,RGBA,d0e62c9f91274422e77613c3aa0389061c6a32a6974ac9c79ca3c2bc897500c6,BG,val,1,/kaggle/working/cvio_shrimp_academic_study_seed42/experiments/shrimpdb3/prepared/val/01_BG/d0e62c9f9127_sdb_00269.png
16,ShrimpDB,Den_Mang,/kaggle/input/datasets/vohoangtu/shrimpdb/Den_Mang/1567076130_13.jpg_no_bg.png,1567076130_13.jpg_no_bg.png,.png,211777,624,401,RGBA,d2da2b2b1e7f961a12d6a2dc9ad67fca8a6b730e267c4248de00bf69b57bd3b5,BG,val,1,/kaggle/working/cvio_shrimp_academic_study_seed42/experiments/shrimpdb3/prepared/val/01_BG/d2da2b2b1e7f_sdb_00270.png
32,ShrimpDB,Den_Mang,/kaggle/input/datasets/vohoangtu/shrimpdb/Den_Mang/29.stock-photo-harvesting-shrimp-after-shrimp-are-black-gill-disease-1351066097.jpg_no_bg.png,29.stock-photo-harvesting-shrimp-after-shrimp-are-black-gill-disease-1351066097.jpg_no_bg.png,.png,131821,450,211,RGBA,d3fe13988dbeea5b216eeb282a4506102dc162a9e8f764c6fc47b4866ea9ad9c,BG,val,1,/kaggle/working/cvio_shrimp_academic_study_seed42/experiments/shrimpdb3/prepared/val/01_BG/d3fe13988dbe_sdb_00271.png
39,ShrimpDB,Den_Mang,/kaggle/input/datasets/vohoangtu/shrimpdb/Den_Mang/5.benh-den-mang-tren-tom-the-chan-trang-va-cach-phong-tri-benh201841216340535.jpg_no_bg.png,5.benh-den-mang-tren-tom-the-chan-trang-va-cach-phong-tri-benh201841216340535.jpg_no_bg.png,.png,356367,612,409,RGBA,3e7df20bc798caa6e1df5b9c596f50774ff239e4ed09e0131f381a6c79749264,BG,val,1,/kaggle/working/cvio_shrimp_academic_study_seed42/experiments/shrimpdb3/prepared/val/01_BG/3e7df20bc798_sdb_00272.png
43,ShrimpDB,Den_Mang,/kaggle/input/datasets/vohoangtu/shrimpdb/Den_Mang/57.10030061_H11570623-600x450.jpg_no_bg.png,57.10030061_H11570623-600x450.jpg_no_bg.png,.png,261082,577,433,RGBA,3a594b56317fcccfa7c9e151f032cc4026df5252c5a68dad06a91797da282c05,BG,val,1,/kaggle/working/cvio_shrimp_academic_study_seed42/experiments/shrimpdb3/prepared/val/01_BG/3a594b56317f_sdb_00273.png
49,ShrimpDB,Den_Mang,/kaggle/input/datasets/vohoangtu/shrimpdb/Den_Mang/5c6d9c88cb7f6.image41.jpg_no_bg.png,5c6d9c88cb7f6.image41.jpg_no_bg.png,.png,162043,931,269,RGBA,a8672cde063674eb3c3293d45f699bf2b89571640eebcf271f30b396e06bf024,BG,val,1,/kaggle/working/cvio_shrimp_academic_study_seed42/experiments/shrimpdb3/prepared/val/01_BG/a8672cde0636_sdb_00274.png
50,ShrimpDB,Den_Mang,/kaggle/input/datasets/vohoangtu/shrimpdb/Den_Mang/6.H2S6.png_no_bg.png,6.H2S6.png_no_bg.png,.png,181112,478,306,RGBA,f41a13717fdfca6e747b1488669d8cd8b6d0005c17a2602beed194ee2e5cffd0,BG,val,1,/kaggle/working/cvio_shrimp_academic_study_seed42/experiments/shrimpdb3/prepared/val/01_BG/f41a13717fdf_sdb_00275.png
60,ShrimpDB,Den_Mang,/kaggle/input/datasets/vohoangtu/shrimpdb/Den_Mang/8.The-su-den-mang1.jpg_no_bg.png,8.The-su-den-mang1.jpg_no_bg.png,.png,81443,426,230,RGBA,f9e3adfe8db6897615695fcae6321e3b262ab334c277ea42f9ee2ea420cfb4fb,BG,val,1,/kaggle/working/cvio_shrimp_academic_study_seed42/experiments/shrimpdb3/prepared/val/01_BG/f9e3adfe8db6_sdb_00276.png
71,ShrimpDB,Den_Mang,/kaggle/input/datasets/vohoangtu/shrimpdb/Den_Mang/Black-Gill.jpg_no_bg.png,Black-Gill.jpg_no_bg.png,.png,75575,123,350,RGBA,9cadea5834478aa3f731b3db1decb55ab2a237bc10b03dc2f96a698585c3b8d2,BG,val,1,/kaggle/working/cvio_shrimp_academic_study_seed42/experiments/shrimpdb3/prepared/val/01_BG/9cadea583447_sdb_00277.png
81,ShrimpDB,Den_Mang,/kaggle/input/datasets/vohoangtu/shrimpdb/Den_Mang/benh-den-mang-tren-tom-cang-xanh.png_no_bg.png,benh-den-mang-tren-tom-cang-xanh.png_no_bg.png,.png,86808,500,260,RGBA,88b574e25a5239c58ebaa4f459c51cf4b7f8bd6f83cb69eaa8b5318f134855c0,BG,val,1,/kaggle/working/cvio_shrimp_academic_study_seed42/experiments/shrimpdb3/prepared/val/01_BG/88b574e25a52_sdb_00278.png
84,ShrimpDB,Den_Mang,/kaggle/input/datasets/vohoangtu/shrimpdb/Den_Mang/cach-phong-va-tri-benh-den-mang-tren-tom-ba-con-nen-biet20172810134980.jpg_no_bg.png,cach-phong-va-tri-benh-den-mang-tren-tom-ba-con-nen-biet20172810134980.jpg_no_bg.png,.png,229452,615,407,RGBA,802f9cda5e3802cb8f76d119e8ef252837f57dbc4079ac53052b2cd188c6f38b,BG,val,1,/kaggle/working/cvio_shrimp_academic_study_seed42/experiments/shrimpdb3/prepared/val/01_BG/802f9cda5e38_sdb_00279.png
92,ShrimpDB,Den_Mang,/kaggle/input/datasets/vohoangtu/shrimpdb/Den_Mang/download (1).jpg_no_bg.png,download (1).jpg_no_bg.png,.png,56498,450,104,RGBA,f4cdf902e6c7ef2718afd4f5839cabc30257f574f51c32f837040ba07fcadd4b,BG,val,1,/kaggle/working/cvio_shrimp_academic_study_seed42/experiments/shrimpdb3/prepared/val/01_BG/f4cdf902e6c7_sdb_00280.png
93,ShrimpDB,Den_Mang,/kaggle/input/datasets/vohoangtu/shrimpdb/Den_Mang/download (1)1.jpg_no_bg.png,download (1)1.jpg_no_bg.png,.png,36646,450,104,RGBA,d3f6a6f703c04592113581642bd1749816fb1b5f1c02652b256781c6871ebf56,BG,val,1,/kaggle/working/cvio_shrimp_academic_study_seed42/experiments/shrimpdb3/prepared/val/01_BG/d3f6a6f703c0_sdb_00281.png
96,ShrimpDB,Den_Mang,/kaggle/input/datasets/vohoangtu/shrimpdb/Den_Mang/download2.jpg_no_bg.png,download2.jpg_no_bg.png,.png,30173,289,67,RGBA,0727022b37706d2f92932d878bcf0687657898e712397ec33660d36e4a688cd1,BG,val,1,/kaggle/working/cvio_shrimp_academic_study_seed42/experiments/shrimpdb3/prepared/val/01_BG/0727022b3770_sdb_00282.png
103,ShrimpDB,Den_Mang,/kaggle/input/datasets/vohoangtu/shrimpdb/Den_Mang/gill-1511183528.jpg_no_bg.png,gill-1511183528.jpg_no_bg.png,.png,235456,620,350,RGBA,81bc0b96d4a46c01e03ed75347ef1b76222ce32746a4eeb4ff62a6d526fc37f1,BG,val,1,/kaggle/working/cvio_shrimp_academic_study_seed42/experiments/shrimpdb3/prepared/val/01_BG/81bc0b96d4a4_sdb_00283.png
123,ShrimpDB,Den_Mang,/kaggle/input/datasets/vohoangtu/shrimpdb/Den_Mang/shrimp01012.jpg_no_bg.png,shrimp01012.jpg_no_bg.png,.png,83429,516,119,RGBA,485845c012305dc36426ba03dfe38f08028bd034bec67fc9b44d61a597e5df2d,BG,val,1,/kaggle/working/cvio_shrimp_academic_study_seed42/experiments/shrimpdb3/prepared/val/01_BG/485845c01230_sdb_00284.png
585,ShrimpDB,Tom_BT,/kaggle/input/datasets/vohoangtu/shrimpdb/Tom_BT/New-Season-Frozen-HOSO-Farming-Black-Tiger.jpg_350x350.jpg,New-Season-Frozen-HOSO-Farming-Black-Tiger.jpg_350x350.jpg,.jpg,62496,350,350,RGB,e208f0beddd57c9d1b5fb4e5702031681fc4b7928fca534ce4d0b388d32e9590,Healthy,val,0,/kaggle/working/cvio_shrimp_academic_study_seed42/experiments/shrimpdb3/prepared/val/00_Healthy/e208f0beddd5_sdb_00285.jpg
588,ShrimpDB,Tom_BT,/kaggle/input/datasets/vohoangtu/shrimpdb/Tom_BT/TOMCONGIONG07.jpg,TOMCONGIONG07.jpg,.jpg,36610,550,405,RGB,5caafcffea7c0e4b34e621af9b9525e8bb57af61485b3da72e2c441ffcd61f77,Healthy,val,0,/kaggle/working/cvio_shrimp_academic_study_seed42/experiments/shrimpdb3/prepared/val/00_Healthy/5caafcffea7c_sdb_00286.jpg
595,ShrimpDB,Tom_BT,/kaggle/input/datasets/vohoangtu/shrimpdb/Tom_BT/cho-hai-san-tuoi-roi-tren-facebook-hut-cac-ba-noi-tro.jpg,cho-hai-san-tuoi-roi-tren-facebook-hut-cac-ba-noi-tro.jpg,.jpg,67108,540,720,RGB,c427c4ca4cc714e9fbb0ed6ef66cbb0eea80717afc997d3901f4495bfc31c2fd,Healthy,val,0,/kaggle/working/cvio_shrimp_academic_study_seed42/experiments/shrimpdb3/prepared/val/00_Healthy/c427c4ca4cc7_sdb_00287.jpg
604,ShrimpDB,Tom_BT,/kaggle/input/datasets/vohoangtu/shrimpdb/Tom_BT/images (3).jpg_no_bg.png,images (3).jpg_no_bg.png,.png,80459,280,180,RGBA,2db00356054324f27f6d5fdac79a9491bf2ed932bcccc93ae3af454118a41d70,Healthy,val,0,/kaggle/working/cvio_shrimp_academic_study_seed42/experiments/shrimpdb3/prepared/val/00_Healthy/2db003560543_sdb_00288.png
607,ShrimpDB,Tom_BT,/kaggle/input/datasets/vohoangtu/shrimpdb/Tom_BT/images (6).jpg_no_bg.png,images (6).jpg_no_bg.png,.png,88196,300,168,RGBA,53646ec179cf68118fcf97cc1406fb9793544248de456b94a78441403f0cef37,Healthy,val,0,/kaggle/working/cvio_shrimp_academic_study_seed42/experiments/shrimpdb3/prepared/val/00_Healthy/53646ec179cf_sdb_00289.png
617,ShrimpDB,Tom_BT,/kaggle/input/datasets/vohoangtu/shrimpdb/Tom_BT/methe.jpg_no_bg.png,methe.jpg_no_bg.png,.png,106899,445,562,RGBA,ab5444ca79b6ce66b760c61e96deb2952c2c2d3632a16880444344dc9322c98e,Healthy,val,0,/kaggle/working/cvio_shrimp_academic_study_seed42/experiments/shrimpdb3/prepared/val/00_Healthy/ab5444ca79b6_sdb_00290.png
626,ShrimpDB,Tom_BT,/kaggle/input/datasets/vohoangtu/shrimpdb/Tom_BT/phong-tri-benh-tren-tom-su-thuong-pham-1.jpg_no_bg.png,phong-tri-benh-tren-tom-su-thuong-pham-1.jpg_no_bg.png,.png,272618,613,408,RGBA,c69344123223665b08a79618577760bd6b74083fd72cf3676026840f13c577a9,Healthy,val,0,/kaggle/working/cvio_shrimp_academic_study_seed42/experiments/shrimpdb3/prepared/val/00_Healthy/c69344123223_sdb_00291.png
629,ShrimpDB,Tom_BT,/kaggle/input/datasets/vohoangtu/shrimpdb/Tom_BT/thuysan247-20-7-4.jpg_no_bg.png,thuysan247-20-7-4.jpg_no_bg.png,.png,416305,638,392,RGBA,ae576656cba5453788a6d0fdb0baf5983a3302caf23a3b4e552d11fa90ef20eb,Healthy,val,0,/kaggle/working/cvio_shrimp_academic_study_seed42/experiments/shrimpdb3/prepared/val/00_Healthy/ae576656cba5_sdb_00292.png
635,ShrimpDB,Tom_BT,/kaggle/input/datasets/vohoangtu/shrimpdb/Tom_BT/tom-su-bien-10-12-con_3.jpg_no_bg.png,tom-su-bien-10-12-con_3.jpg_no_bg.png,.png,328422,600,354,RGBA,2f35eec21752b7624664db989a70f847d4302c6062c728fafe5c79eb7df05852,Healthy,val,0,/kaggle/working/cvio_shrimp_academic_study_seed42/experiments/shrimpdb3/prepared/val/00_Healthy/2f35eec21752_sdb_00293.png
639,ShrimpDB,Tom_BT,/kaggle/input/datasets/vohoangtu/shrimpdb/Tom_BT/tom-the.jpg,tom-the.jpg,.jpg,118911,808,450,RGB,5c285124906b8bbcc35bf74ac06ff131d2a76178063bb48715aced8facc6e226,Healthy,val,0,/kaggle/working/cvio_shrimp_academic_study_seed42/experiments/shrimpdb3/prepared/val/00_Healthy/5c285124906b_sdb_00294.jpg
234,ShrimpDB,Dom_Trang,/kaggle/input/datasets/vohoangtu/shrimpdb/Dom_Trang/10.tac-nhan-gay-benh-dom-trang-tren-tom-nuoi.jpg_no_bg.png,10.tac-nhan-gay-benh-dom-trang-tren-tom-nuoi.jpg_no_bg.png,.png,317688,672,372,RGBA,86cd545e3847e1c0b6cd35f208fc06d41d8e5b838f2a869cf3622a62f312c4a9,WSSV,val,2,/kaggle/working/cvio_shrimp_academic_study_seed42/experiments/shrimpdb3/prepared/val/02_WSSV/86cd545e3847_sdb_00295.png
252,ShrimpDB,Dom_Trang,/kaggle/input/datasets/vohoangtu/shrimpdb/Dom_Trang/1449806051-tom-dom-trang-hinh-anh.jpg,1449806051-tom-dom-trang-hinh-anh.jpg,.jpg,64647,640,446,RGB,69567ed955590b6c82b2f91cb0c6f7a10bd4b0d35b4ff9d923fa1f5d7ea14691,WSSV,val,2,/kaggle/working/cvio_shrimp_academic_study_seed42/experiments/shrimpdb3/prepared/val/02_WSSV/69567ed95559_sdb_00296.jpg
264,ShrimpDB,Dom_Trang,/kaggle/input/datasets/vohoangtu/shrimpdb/Dom_Trang/2018-07-03-infected-prawns-4.jpg,2018-07-03-infected-prawns-4.jpg,.jpg,48725,651,414,RGB,c58cc5548425e3549d5b3675a8bec428082286839a3da3b2396a562dd76b4ce4,WSSV,val,2,/kaggle/working/cvio_shrimp_academic_study_seed42/experiments/shrimpdb3/prepared/val/02_WSSV/c58cc5548425_sdb_00297.jpg
265,ShrimpDB,Dom_Trang,/kaggle/input/datasets/vohoangtu/shrimpdb/Dom_Trang/21.dich-benh-dom-trang-6143960.png_no_bg.png,21.dich-benh-dom-trang-6143960.png_no_bg.png,.png,201525,577,433,RGBA,d0381db3153ad67c060a941a2b7872a84bfde48ecea87abbef4d66f1a15ee96f,WSSV,val,2,/kaggle/working/cvio_shrimp_academic_study_seed42/experiments/shrimpdb3/prepared/val/02_WSSV/d0381db3153a_sdb_00298.png
286,ShrimpDB,Dom_Trang,/kaggle/input/datasets/vohoangtu/shrimpdb/Dom_Trang/442439078587ae9adcc9975e3d75afd2.jpg,442439078587ae9adcc9975e3d75afd2.jpg,.jpg,32291,588,421,RGB,b2757e2d230330892992c147498ae245cef3dc34e6758ba111d3dfb5b2d009e5,WSSV,val,2,/kaggle/working/cvio_shrimp_academic_study_seed42/experiments/shrimpdb3/prepared/val/02_WSSV/b2757e2d2303_sdb_00299.jpg
290,ShrimpDB,Dom_Trang,/kaggle/input/datasets/vohoangtu/shrimpdb/Dom_Trang/5.white-spot.jpg_no_bg.png,5.white-spot.jpg_no_bg.png,.png,199041,494,394,RGBA,4ecfae3bbadf0c266f1d7b22a2c3adbc9c6be06d1803d3a80a9797223f5d7285,WSSV,val,2,/kaggle/working/cvio_shrimp_academic_study_seed42/experiments/shrimpdb3/prepared/val/02_WSSV/4ecfae3bbadf_sdb_00300.png
306,ShrimpDB,Dom_Trang,/kaggle/input/datasets/vohoangtu/shrimpdb/Dom_Trang/634392352633998750688.jpg_no_bg.png,634392352633998750688.jpg_no_bg.png,.png,95385,300,225,RGBA,bab6ae994374bb265f71c74a3058d4bc1754c53a8167b22c89241cd5c56c62e5,WSSV,val,2,/kaggle/working/cvio_shrimp_academic_study_seed42/experiments/shrimpdb3/prepared/val/02_WSSV/bab6ae994374_sdb_00301.png
310,ShrimpDB,Dom_Trang,/kaggle/input/datasets/vohoangtu/shrimpdb/Dom_Trang/7.r0_40_1000_751_w1200_h678_fmax.jpg_no_bg.png,7.r0_40_1000_751_w1200_h678_fmax.jpg_no_bg.png,.png,318694,786,318,RGBA,bc41876e56bbd20c02c1fbd96318eecc68c20158d04e819b890ca100d9514341,WSSV,val,2,/kaggle/working/cvio_shrimp_academic_study_seed42/experiments/shrimpdb3/prepared/val/02_WSSV/bc41876e56bb_sdb_00302.png
311,ShrimpDB,Dom_Trang,/kaggle/input/datasets/vohoangtu/shrimpdb/Dom_Trang/7.r0_40_1000_751_w1200_h678_fmax1.jpg_no_bg.png,7.r0_40_1000_751_w1200_h678_fmax1.jpg_no_bg.png,.png,314377,920,272,RGBA,5c64ad3d88653471fd311683a0de55d15e2cf85a9e474952dc6e7a8db8babb1a,WSSV,val,2,/kaggle/working/cvio_shrimp_academic_study_seed42/experiments/shrimpdb3/prepared/val/02_WSSV/5c64ad3d8865_sdb_00303.png
312,ShrimpDB,Dom_Trang,/kaggle/input/datasets/vohoangtu/shrimpdb/Dom_Trang/75.queensland-virus-dom-trang-tren-tom-lan-toi-vinh-moreton1489653319.png_no_bg.png,75.queensland-virus-dom-trang-tren-tom-lan-toi-vinh-moreton1489653319.png_no_bg.png,.png,150370,550,230,RGBA,11ce72f7cf1e4be26885ceda00fb2ff26e58bb5d6bb013724e7f7833b165af66,WSSV,val,2,/kaggle/working/cvio_shrimp_academic_study_seed42/experiments/shrimpdb3/prepared/val/02_WSSV/11ce72f7cf1e_sdb_00304.png
318,ShrimpDB,Dom_Trang,/kaggle/input/datasets/vohoangtu/shrimpdb/Dom_Trang/8100480-3x2-xlarge.jpg_no_bg.png,8100480-3x2-xlarge.jpg_no_bg.png,.png,229514,612,408,RGBA,a591c320b5f2955d405303e69136ddc352d86bf9d22632bcc6db3626deb62a73,WSSV,val,2,/kaggle/working/cvio_shrimp_academic_study_seed42/experiments/shrimpdb3/prepared/val/02_WSSV/a591c320b5f2_sdb_00305.png
339,ShrimpDB,Dom_Trang,/kaggle/input/datasets/vohoangtu/shrimpdb/Dom_Trang/WSSV-624x468-624x445.jpg,WSSV-624x468-624x445.jpg,.jpg,47238,624,445,RGB,e9a772506593b90be36cc44335f28fc7d605e68aa847a82ed634e522fb55531b,WSSV,val,2,/kaggle/working/cvio_shrimp_academic_study_seed42/experiments/shrimpdb3/prepared/val/02_WSSV/e9a772506593_sdb_00306.jpg
345,ShrimpDB,Dom_Trang,/kaggle/input/datasets/vohoangtu/shrimpdb/Dom_Trang/b2ap3_thumbnail_3680_155 (1).jpg_no_bg.png,b2ap3_thumbnail_3680_155 (1).jpg_no_bg.png,.png,51900,395,95,RGBA,2b1fb79bd27555aacdcc54560d73dc4b3853d8cea072b8606c360505b3a903a0,WSSV,val,2,/kaggle/working/cvio_shrimp_academic_study_seed42/experiments/shrimpdb3/prepared/val/02_WSSV/2b1fb79bd275_sdb_00307.png
346,ShrimpDB,Dom_Trang,/kaggle/input/datasets/vohoangtu/shrimpdb/Dom_Trang/b2ap3_thumbnail_3680_155 (1)1.jpg_no_bg.png,b2ap3_thumbnail_3680_155 (1)1.jpg_no_bg.png,.png,37561,400,92,RGBA,37bcc80425402c8f194a1847682100cc1f8e28d3adfb2b3d4ed53699c5d2a44a,WSSV,val,2,/kaggle/working/cvio_shrimp_academic_study_seed42/experiments/shrimpdb3/prepared/val/02_WSSV/37bcc8042540_sdb_00308.png
372,ShrimpDB,Dom_Trang,/kaggle/input/datasets/vohoangtu/shrimpdb/Dom_Trang/mancha-branca_pag61_88 (1).jpg_no_bg.png,mancha-branca_pag61_88 (1).jpg_no_bg.png,.png,163682,451,235,RGBA,029ba0fe938e98dcf6b29c7152b6ac51910cec28531cef8ab08a47bf51fb10c9,WSSV,val,2,/kaggle/working/cvio_shrimp_academic_study_seed42/experiments/shrimpdb3/prepared/val/02_WSSV/029ba0fe938e_sdb_00309.png
374,ShrimpDB,Dom_Trang,/kaggle/input/datasets/vohoangtu/shrimpdb/Dom_Trang/maxresdefault.jpg,maxresdefault.jpg,.jpg,71116,1280,720,RGB,80728fd2d1c8f16677e1da1ddb2f42d56d4da0972878d71ecaf7737dbb6c058f,WSSV,val,2,/kaggle/working/cvio_shrimp_academic_study_seed42/experiments/shrimpdb3/prepared/val/02_WSSV/80728fd2d1c8_sdb_00310.jpg
384,ShrimpDB,Dom_Trang,/kaggle/input/datasets/vohoangtu/shrimpdb/Dom_Trang/tom-benh-dom-trang-672x372.jpg,tom-benh-dom-trang-672x372.jpg,.jpg,59945,672,372,RGB,7730ef844b3d28d2e937c867226cf26da5072f00708cca733d277049d7b2ffa6,WSSV,val,2,/kaggle/working/cvio_shrimp_academic_study_seed42/experiments/shrimpdb3/prepared/val/02_WSSV/7730ef844b3d_sdb_00311.jpg
385,ShrimpDB,Dom_Trang,/kaggle/input/datasets/vohoangtu/shrimpdb/Dom_Trang/tom-benh-dom-trang-WSSV-672x372-248x288 (1).jpg_no_bg.png,tom-benh-dom-trang-WSSV-672x372-248x288 (1).jpg_no_bg.png,.png,109292,248,288,RGBA,845778ef507b745d0e2b119d96e24a78cbe2ee7308f15867d40985d9faad6065,WSSV,val,2,/kaggle/working/cvio_shrimp_academic_study_seed42/experiments/shrimpdb3/prepared/val/02_WSSV/845778ef507b_sdb_00312.png
387,ShrimpDB,Dom_Trang,/kaggle/input/datasets/vohoangtu/shrimpdb/Dom_Trang/tom-benh-dom-trang3-1550024738-732d4566-0a72-4afa-a196-42063744617d.jpg_no_bg.png,tom-benh-dom-trang3-1550024738-732d4566-0a72-4afa-a196-42063744617d.jpg_no_bg.png,.png,265851,612,408,RGBA,2be5d2379404b397cac117646419ef4b4f23224d8ea97796d3076b4104ede068,WSSV,val,2,/kaggle/working/cvio_shrimp_academic_study_seed42/experiments/shrimpdb3/prepared/val/02_WSSV/2be5d2379404_sdb_00313.png
392,ShrimpDB,Dom_Trang,/kaggle/input/datasets/vohoangtu/shrimpdb/Dom_Trang/tumblr_inline_ntxi61xUOp1txo3bl_1280.jpg_no_bg.png,tumblr_inline_ntxi61xUOp1txo3bl_1280.jpg_no_bg.png,.png,213177,698,358,RGBA,c45c8130b9cba5c0f42b5da56c8f6ef2f4c26cf219d25eaafa959095d59ebf42,WSSV,val,2,/kaggle/working/cvio_shrimp_academic_study_seed42/experiments/shrimpdb3/prepared/val/02_WSSV/c45c8130b9cb_sdb_00314.png
