origin,source_path,repository_relative_path,original_filename,artifact_role,experiment_ids,sha256,size_bytes,has_notebook_outputs,exact_repository_duplicate,intake_path,intake_status,modified_utc
repository,C:\Users\Admin\workspace\CVio_Shrimp_Disease_Classification_Capstone_SU26\shrimp-leakage-aware-segmentation\ONLY_fourier\00_no_aug_hook_off_baseline.ipynb,shrimp-leakage-aware-segmentation\ONLY_fourier\00_no_aug_hook_off_baseline.ipynb,00_no_aug_hook_off_baseline.ipynb,unexecuted_notebook,00,30dd7e357bcd445e79e5a47c240c501d75a1ae1624a14e167ce612091d57ff06,74245,False,False,,not_applicable,2026-07-02T03:50:59.018984+00:00
repository,C:\Users\Admin\workspace\CVio_Shrimp_Disease_Classification_Capstone_SU26\shrimp-leakage-aware-segmentation\ONLY_fourier\010_train_only_highpass_a0p10_eval_original_hook_off.ipynb,shrimp-leakage-aware-segmentation\ONLY_fourier\010_train_only_highpass_a0p10_eval_original_hook_off.ipynb,010_train_only_highpass_a0p10_eval_original_hook_off.ipynb,unexecuted_notebook,10,185e123b3d052ce7182f5fcf990e42c66b8a6fb5cbd80b106ad68ce3aeec901d,94017,False,False,,not_applicable,2026-07-02T03:50:59.036031+00:00
repository,C:\Users\Admin\workspace\CVio_Shrimp_Disease_Classification_Capstone_SU26\shrimp-leakage-aware-segmentation\ONLY_fourier\011_highpass_alpha_sweep_005_015_020_no_aug_hook_off.ipynb,shrimp-leakage-aware-segmentation\ONLY_fourier\011_highpass_alpha_sweep_005_015_020_no_aug_hook_off.ipynb,011_highpass_alpha_sweep_005_015_020_no_aug_hook_off.ipynb,unexecuted_notebook,"05,11,15,20",9dacba534dce37692a35d6f9f7391f9391d7f8a35a07ae54d37e52423304b7fd,95432,False,False,,not_applicable,2026-07-02T03:50:59.040370+00:00
repository,C:\Users\Admin\workspace\CVio_Shrimp_Disease_Classification_Capstone_SU26\shrimp-leakage-aware-segmentation\ONLY_fourier\012_factorial_A_H_highpass_s50_a0p10.ipynb,shrimp-leakage-aware-segmentation\ONLY_fourier\012_factorial_A_H_highpass_s50_a0p10.ipynb,012_factorial_A_H_highpass_s50_a0p10.ipynb,unexecuted_notebook,12,136e2614e0c5d21f8bf5cb4afaad78764996de99a415a77d788b67a2ed4a2011,87745,False,False,,not_applicable,2026-07-02T03:50:59.042389+00:00
repository,C:\Users\Admin\workspace\CVio_Shrimp_Disease_Classification_Capstone_SU26\shrimp-leakage-aware-segmentation\ONLY_fourier\013-mode-g-fourier-tuning-seed42.ipynb,shrimp-leakage-aware-segmentation\ONLY_fourier\013-mode-g-fourier-tuning-seed42.ipynb,013-mode-g-fourier-tuning-seed42.ipynb,executed_notebook,13,ab95f3c370f8145ba812ec95248beae6d5ad4e608539f42063dd8e767b74a6fb,783506,True,False,,not_applicable,2026-07-02T03:50:59.054292+00:00
repository,C:\Users\Admin\workspace\CVio_Shrimp_Disease_Classification_Capstone_SU26\shrimp-leakage-aware-segmentation\ONLY_fourier\014-mode-g-highpass-local-sweep-seed42.ipynb,shrimp-leakage-aware-segmentation\ONLY_fourier\014-mode-g-highpass-local-sweep-seed42.ipynb,014-mode-g-highpass-local-sweep-seed42.ipynb,executed_notebook,14,afbbd0992b1f51dde8d5dca321987f81b23aaf14e68aaf239ca87ef6566d642d,942309,True,False,,not_applicable,2026-07-02T03:50:59.058758+00:00
repository,C:\Users\Admin\workspace\CVio_Shrimp_Disease_Classification_Capstone_SU26\shrimp-leakage-aware-segmentation\ONLY_fourier\015_modeA-fouirer-hev-aug-attention.ipynb,shrimp-leakage-aware-segmentation\ONLY_fourier\015_modeA-fouirer-hev-aug-attention.ipynb,015_modeA-fouirer-hev-aug-attention.ipynb,executed_notebook,15,4ceb8d26950d444738e88acede903aa9d5486fd31af589719e55a92ced768b1f,254346,True,False,,not_applicable,2026-07-02T03:50:59.060770+00:00
repository,C:\Users\Admin\workspace\CVio_Shrimp_Disease_Classification_Capstone_SU26\shrimp-leakage-aware-segmentation\ONLY_fourier\016_fourier_strongaug_hook_ablation_seed42.ipynb,shrimp-leakage-aware-segmentation\ONLY_fourier\016_fourier_strongaug_hook_ablation_seed42.ipynb,016_fourier_strongaug_hook_ablation_seed42.ipynb,unexecuted_notebook,16,2b2ce0121f540191acea18e59be2f3759991e96692aa0d12538701b660dc56a3,77069,False,False,,not_applicable,2026-07-02T03:50:58.988365+00:00
repository,C:\Users\Admin\workspace\CVio_Shrimp_Disease_Classification_Capstone_SU26\shrimp-leakage-aware-segmentation\ONLY_fourier\017_learnable_feature_fourier_fddem_no_aug_hook_off_seed42.ipynb,shrimp-leakage-aware-segmentation\ONLY_fourier\017_learnable_feature_fourier_fddem_no_aug_hook_off_seed42.ipynb,017_learnable_feature_fourier_fddem_no_aug_hook_off_seed42.ipynb,unexecuted_notebook,17,81b3896f345e07dcee46d24239c52ee589fea5e6df59e53938e268b337a9633b,102435,False,False,,not_applicable,2026-07-02T03:50:58.990373+00:00
repository,C:\Users\Admin\workspace\CVio_Shrimp_Disease_Classification_Capstone_SU26\shrimp-leakage-aware-segmentation\ONLY_fourier\018_fourier_feature_refinement_no_aug_hook_off_seed42.ipynb,shrimp-leakage-aware-segmentation\ONLY_fourier\018_fourier_feature_refinement_no_aug_hook_off_seed42.ipynb,018_fourier_feature_refinement_no_aug_hook_off_seed42.ipynb,unexecuted_notebook,18,760dd56d6f69d75c9cd89612d9d40c8c7445a3bd1624e1cc3e7b3dea04145fc7,110974,False,False,,not_applicable,2026-07-02T07:35:43.018301+00:00
repository,C:\Users\Admin\workspace\CVio_Shrimp_Disease_Classification_Capstone_SU26\shrimp-leakage-aware-segmentation\ONLY_fourier\019_fddem_band_tuning_gamma001_no_aug_hook_off_seed42.ipynb,shrimp-leakage-aware-segmentation\ONLY_fourier\019_fddem_band_tuning_gamma001_no_aug_hook_off_seed42.ipynb,019_fddem_band_tuning_gamma001_no_aug_hook_off_seed42.ipynb,unexecuted_notebook,"01,19",f0b81a87e95aaf19269d6b2898ebb53faffa638e4929305314a0ad4fcb0e2f86,111794,False,False,,not_applicable,2026-07-03T12:31:22.879916+00:00
repository,C:\Users\Admin\workspace\CVio_Shrimp_Disease_Classification_Capstone_SU26\shrimp-leakage-aware-segmentation\ONLY_fourier\01_light_aug_hook_off_baseline.ipynb,shrimp-leakage-aware-segmentation\ONLY_fourier\01_light_aug_hook_off_baseline.ipynb,01_light_aug_hook_off_baseline.ipynb,unexecuted_notebook,01,bbcffd8cf075148574f254296b82eeb9b07170078e03550ea1c29d94d62f85ec,74551,False,False,,not_applicable,2026-07-02T03:50:59.021986+00:00
repository,C:\Users\Admin\workspace\CVio_Shrimp_Disease_Classification_Capstone_SU26\shrimp-leakage-aware-segmentation\ONLY_fourier\020_fddem_cutoff_sweep_gamma001_no_aug_hook_off_seed42.ipynb,shrimp-leakage-aware-segmentation\ONLY_fourier\020_fddem_cutoff_sweep_gamma001_no_aug_hook_off_seed42.ipynb,020_fddem_cutoff_sweep_gamma001_no_aug_hook_off_seed42.ipynb,unexecuted_notebook,"01,20",b20b505b75aa51e4d00b2cc6817074249f0de7a910a8f46baf62fe69a8d35ad4,107837,False,False,,not_applicable,2026-07-03T14:42:52.971486+00:00
repository,C:\Users\Admin\workspace\CVio_Shrimp_Disease_Classification_Capstone_SU26\shrimp-leakage-aware-segmentation\ONLY_fourier\021_fddem_confirmation_no_aug_hook_off_seed42.ipynb,shrimp-leakage-aware-segmentation\ONLY_fourier\021_fddem_confirmation_no_aug_hook_off_seed42.ipynb,021_fddem_confirmation_no_aug_hook_off_seed42.ipynb,unexecuted_notebook,21,c664bb8adcfa60e2ed189ad3cbd33392443bcb4185caa586db0034f904baca64,114151,False,False,,not_applicable,2026-07-05T06:37:42.531115+00:00
repository,C:\Users\Admin\workspace\CVio_Shrimp_Disease_Classification_Capstone_SU26\shrimp-leakage-aware-segmentation\ONLY_fourier\022_fourier_hybrid_sweep_no_aug_hook_off_seed42.ipynb,shrimp-leakage-aware-segmentation\ONLY_fourier\022_fourier_hybrid_sweep_no_aug_hook_off_seed42.ipynb,022_fourier_hybrid_sweep_no_aug_hook_off_seed42.ipynb,unexecuted_notebook,22,221161d1c64a3f392229fc46ebb9c712962b1307bd263040e415eba914f53872,114853,False,False,,not_applicable,2026-07-05T08:20:03.223181+00:00
repository,C:\Users\Admin\workspace\CVio_Shrimp_Disease_Classification_Capstone_SU26\shrimp-leakage-aware-segmentation\ONLY_fourier\023_fourier_order_comparison_analysis.md,shrimp-leakage-aware-segmentation\ONLY_fourier\023_fourier_order_comparison_analysis.md,023_fourier_order_comparison_analysis.md,analysis_markdown,23,d223e43ef96ce84bea7694c600310cbd78ba48e206cc309f00b0f876c613ffef,10846,False,False,,not_applicable,2026-07-13T02:22:02.340005+00:00
repository,C:\Users\Admin\workspace\CVio_Shrimp_Disease_Classification_Capstone_SU26\shrimp-leakage-aware-segmentation\ONLY_fourier\023_n1_hsv_w1_interaction_colab_seed42.ipynb,shrimp-leakage-aware-segmentation\ONLY_fourier\023_n1_hsv_w1_interaction_colab_seed42.ipynb,023_n1_hsv_w1_interaction_colab_seed42.ipynb,unexecuted_notebook,23,5a184207b97b16f2ab0cb01ab4bbde366e8f16a7fa11255cc1ff97bdfd16a862,104395,False,False,,not_applicable,2026-07-05T13:06:05.611615+00:00
repository,C:\Users\Admin\workspace\CVio_Shrimp_Disease_Classification_Capstone_SU26\shrimp-leakage-aware-segmentation\ONLY_fourier\023_n1_hsv_w1_interaction_kaggle_seed42.ipynb,shrimp-leakage-aware-segmentation\ONLY_fourier\023_n1_hsv_w1_interaction_kaggle_seed42.ipynb,023_n1_hsv_w1_interaction_kaggle_seed42.ipynb,unexecuted_notebook,23,69ef80ba7d13f4a95112b4c2c26422e0cf8b09c7fe04d68408b7894dc73b41c1,104699,False,False,,not_applicable,2026-07-06T01:35:23.817085+00:00
repository,C:\Users\Admin\workspace\CVio_Shrimp_Disease_Classification_Capstone_SU26\shrimp-leakage-aware-segmentation\ONLY_fourier\023_n1_hsv_w1_interaction_kaggle_seed42_aug_before_fourier.ipynb,shrimp-leakage-aware-segmentation\ONLY_fourier\023_n1_hsv_w1_interaction_kaggle_seed42_aug_before_fourier.ipynb,023_n1_hsv_w1_interaction_kaggle_seed42_aug_before_fourier.ipynb,unexecuted_notebook,23,1f8acfb1bb6c2f2ced5d88f2e9af655a0aa37735f432f51ea49669525c88edb3,108629,False,False,,not_applicable,2026-07-10T15:43:43.608263+00:00
repository,C:\Users\Admin\workspace\CVio_Shrimp_Disease_Classification_Capstone_SU26\shrimp-leakage-aware-segmentation\ONLY_fourier\024_n1_translate_w1_interaction_colab_seed42.ipynb,shrimp-leakage-aware-segmentation\ONLY_fourier\024_n1_translate_w1_interaction_colab_seed42.ipynb,024_n1_translate_w1_interaction_colab_seed42.ipynb,unexecuted_notebook,24,b1c393c4a81fc768ee749a67918f59b73a77dc5f8bd36352f7d97548cb8f1abe,104467,False,False,,not_applicable,2026-07-05T13:06:05.634271+00:00
repository,C:\Users\Admin\workspace\CVio_Shrimp_Disease_Classification_Capstone_SU26\shrimp-leakage-aware-segmentation\ONLY_fourier\025_n1_scale_w1_interaction_colab_seed42.ipynb,shrimp-leakage-aware-segmentation\ONLY_fourier\025_n1_scale_w1_interaction_colab_seed42.ipynb,025_n1_scale_w1_interaction_colab_seed42.ipynb,unexecuted_notebook,25,d3be4014a4a7b163ce9373fa134d5a96b116afd6221b288c1ef4ad798446d077,104171,False,False,,not_applicable,2026-07-05T13:06:05.660369+00:00
repository,C:\Users\Admin\workspace\CVio_Shrimp_Disease_Classification_Capstone_SU26\shrimp-leakage-aware-segmentation\ONLY_fourier\026_n1_fliplr_w1_interaction_colab_seed42.ipynb,shrimp-leakage-aware-segmentation\ONLY_fourier\026_n1_fliplr_w1_interaction_colab_seed42.ipynb,026_n1_fliplr_w1_interaction_colab_seed42.ipynb,unexecuted_notebook,26,06032bcf1403d4da28fd3ec60d7cb7714094b854339ee23ed2ad371cad5b1449,104436,False,False,,not_applicable,2026-07-05T13:06:05.687334+00:00
repository,C:\Users\Admin\workspace\CVio_Shrimp_Disease_Classification_Capstone_SU26\shrimp-leakage-aware-segmentation\ONLY_fourier\027_n1_degrees_w1_interaction_colab_seed42.ipynb,shrimp-leakage-aware-segmentation\ONLY_fourier\027_n1_degrees_w1_interaction_colab_seed42.ipynb,027_n1_degrees_w1_interaction_colab_seed42.ipynb,unexecuted_notebook,27,6a72156c7ee667971a24cfcff96762e56e341b33106fc855127589ed6fe69627,104332,False,False,,not_applicable,2026-07-05T13:06:05.713055+00:00
repository,C:\Users\Admin\workspace\CVio_Shrimp_Disease_Classification_Capstone_SU26\shrimp-leakage-aware-segmentation\ONLY_fourier\027_n1_degrees_w1_interaction_kaggle_seed42.ipynb,shrimp-leakage-aware-segmentation\ONLY_fourier\027_n1_degrees_w1_interaction_kaggle_seed42.ipynb,027_n1_degrees_w1_interaction_kaggle_seed42.ipynb,unexecuted_notebook,27,699f465ac58a97816fc001cfba758a89be58d066d1078bea0d80d31ab0572988,104636,False,False,,not_applicable,2026-07-06T07:00:25.867264+00:00
repository,C:\Users\Admin\workspace\CVio_Shrimp_Disease_Classification_Capstone_SU26\shrimp-leakage-aware-segmentation\ONLY_fourier\028_n1_all_aug_w1_aug_before_fourier_kaggle_seed42.ipynb,shrimp-leakage-aware-segmentation\ONLY_fourier\028_n1_all_aug_w1_aug_before_fourier_kaggle_seed42.ipynb,028_n1_all_aug_w1_aug_before_fourier_kaggle_seed42.ipynb,unexecuted_notebook,28,56d202a05ad2fff32e790852a104ad8f7353b1728109e51905a528484c3b0a66,129372,False,False,,not_applicable,2026-07-13T01:36:03.606324+00:00
repository,C:\Users\Admin\workspace\CVio_Shrimp_Disease_Classification_Capstone_SU26\shrimp-leakage-aware-segmentation\ONLY_fourier\029_n1_hsv_w1_offline_after_hsv_kaggle_seed42.ipynb,shrimp-leakage-aware-segmentation\ONLY_fourier\029_n1_hsv_w1_offline_after_hsv_kaggle_seed42.ipynb,029_n1_hsv_w1_offline_after_hsv_kaggle_seed42.ipynb,unexecuted_notebook,29,e2657d5ecca6bae68d8c34513a629e4919537e6f3a26c09c8bbeeb4e714b7bac,104370,False,False,,not_applicable,2026-07-13T02:38:25.854578+00:00
repository,C:\Users\Admin\workspace\CVio_Shrimp_Disease_Classification_Capstone_SU26\shrimp-leakage-aware-segmentation\ONLY_fourier\02_fourier_highpass_s50_a0p30_no_aug_hook_off.ipynb,shrimp-leakage-aware-segmentation\ONLY_fourier\02_fourier_highpass_s50_a0p30_no_aug_hook_off.ipynb,02_fourier_highpass_s50_a0p30_no_aug_hook_off.ipynb,unexecuted_notebook,02,a23918e5310905fef65f1c814c9db3b9c64911ba3adff4f073e744c625eab5be,84420,False,False,,not_applicable,2026-07-02T03:50:59.022988+00:00
repository,C:\Users\Admin\workspace\CVio_Shrimp_Disease_Classification_Capstone_SU26\shrimp-leakage-aware-segmentation\ONLY_fourier\030_hsv_two_value_fourier_order_offline_colab_seed42.ipynb,shrimp-leakage-aware-segmentation\ONLY_fourier\030_hsv_two_value_fourier_order_offline_colab_seed42.ipynb,030_hsv_two_value_fourier_order_offline_colab_seed42.ipynb,unexecuted_notebook,30,4680c1fb9af447b45616ab3666b190755af747cb668ddbd22f98ff3a7ad61141,113661,False,False,,not_applicable,2026-07-13T06:28:55.475018+00:00
repository,C:\Users\Admin\workspace\CVio_Shrimp_Disease_Classification_Capstone_SU26\shrimp-leakage-aware-segmentation\ONLY_fourier\031_translate_two_value_fourier_order_offline_colab_seed42.ipynb,shrimp-leakage-aware-segmentation\ONLY_fourier\031_translate_two_value_fourier_order_offline_colab_seed42.ipynb,031_translate_two_value_fourier_order_offline_colab_seed42.ipynb,unexecuted_notebook,31,c713c3187124700f8a75025fee7223b185a49cd0862d1a7de7a18f84e3e139de,113874,False,False,,not_applicable,2026-07-13T06:28:55.480545+00:00
repository,C:\Users\Admin\workspace\CVio_Shrimp_Disease_Classification_Capstone_SU26\shrimp-leakage-aware-segmentation\ONLY_fourier\032_scale_two_value_fourier_order_offline_colab_seed42.ipynb,shrimp-leakage-aware-segmentation\ONLY_fourier\032_scale_two_value_fourier_order_offline_colab_seed42.ipynb,032_scale_two_value_fourier_order_offline_colab_seed42.ipynb,unexecuted_notebook,32,d77e455db963e8156997f491ebe6e05e3d8f7b71598774cdf7fdb674ead8840c,113626,False,False,,not_applicable,2026-07-13T06:28:55.485547+00:00
repository,C:\Users\Admin\workspace\CVio_Shrimp_Disease_Classification_Capstone_SU26\shrimp-leakage-aware-segmentation\ONLY_fourier\033_fliplr_two_value_fourier_order_offline_colab_seed42.ipynb,shrimp-leakage-aware-segmentation\ONLY_fourier\033_fliplr_two_value_fourier_order_offline_colab_seed42.ipynb,033_fliplr_two_value_fourier_order_offline_colab_seed42.ipynb,unexecuted_notebook,33,3dcfdaad2aa68bff6892ff65ced2f36a46f869adad853602e43e26dc50232aa4,113612,False,False,,not_applicable,2026-07-13T06:28:55.490546+00:00
repository,C:\Users\Admin\workspace\CVio_Shrimp_Disease_Classification_Capstone_SU26\shrimp-leakage-aware-segmentation\ONLY_fourier\034_degrees_two_value_fourier_order_offline_colab_seed42.ipynb,shrimp-leakage-aware-segmentation\ONLY_fourier\034_degrees_two_value_fourier_order_offline_colab_seed42.ipynb,034_degrees_two_value_fourier_order_offline_colab_seed42.ipynb,unexecuted_notebook,34,e44e34e655789e2cf9537482fc56d9ee00ee773997daf38d37e5be20fa985587,113590,False,False,,not_applicable,2026-07-13T06:28:55.497544+00:00
repository,C:\Users\Admin\workspace\CVio_Shrimp_Disease_Classification_Capstone_SU26\shrimp-leakage-aware-segmentation\ONLY_fourier\035_erasing_two_value_fourier_order_offline_colab_seed42.ipynb,shrimp-leakage-aware-segmentation\ONLY_fourier\035_erasing_two_value_fourier_order_offline_colab_seed42.ipynb,035_erasing_two_value_fourier_order_offline_colab_seed42.ipynb,unexecuted_notebook,35,ffefc53662c44bae761b8777cfd66687c73155e26608941e1e69fba789b31f54,115535,False,False,,not_applicable,2026-07-15T01:47:49.713536+00:00
repository,C:\Users\Admin\workspace\CVio_Shrimp_Disease_Classification_Capstone_SU26\shrimp-leakage-aware-segmentation\ONLY_fourier\036_flipud_two_value_fourier_order_offline_colab_seed42.ipynb,shrimp-leakage-aware-segmentation\ONLY_fourier\036_flipud_two_value_fourier_order_offline_colab_seed42.ipynb,036_flipud_two_value_fourier_order_offline_colab_seed42.ipynb,unexecuted_notebook,36,30c58adac58f7d002d2f192ad974a8a89918608abf6433ddeb88a88b7d4a2c02,115505,False,False,,not_applicable,2026-07-15T01:47:49.713536+00:00
repository,C:\Users\Admin\workspace\CVio_Shrimp_Disease_Classification_Capstone_SU26\shrimp-leakage-aware-segmentation\ONLY_fourier\037_n2_translate_scale_fourier_order_offline_colab_seed42.ipynb,shrimp-leakage-aware-segmentation\ONLY_fourier\037_n2_translate_scale_fourier_order_offline_colab_seed42.ipynb,037_n2_translate_scale_fourier_order_offline_colab_seed42.ipynb,unexecuted_notebook,37,dc3ba45d2b7472053ec78bda7da6a572e01de07cedd66981d41a604a269e98cb,114925,False,False,,not_applicable,2026-07-16T01:53:41.908170+00:00
repository,C:\Users\Admin\workspace\CVio_Shrimp_Disease_Classification_Capstone_SU26\shrimp-leakage-aware-segmentation\ONLY_fourier\038_n2_translate_erasing_fourier_order_offline_colab_seed42.ipynb,shrimp-leakage-aware-segmentation\ONLY_fourier\038_n2_translate_erasing_fourier_order_offline_colab_seed42.ipynb,038_n2_translate_erasing_fourier_order_offline_colab_seed42.ipynb,unexecuted_notebook,38,09ebaec857b05efbd6081897dc90da15e6119812f193506bffd74b6cac6020be,115001,False,False,,not_applicable,2026-07-16T01:53:41.927940+00:00
repository,C:\Users\Admin\workspace\CVio_Shrimp_Disease_Classification_Capstone_SU26\shrimp-leakage-aware-segmentation\ONLY_fourier\039_n2_translate_flipud_fourier_order_offline_colab_seed42.ipynb,shrimp-leakage-aware-segmentation\ONLY_fourier\039_n2_translate_flipud_fourier_order_offline_colab_seed42.ipynb,039_n2_translate_flipud_fourier_order_offline_colab_seed42.ipynb,unexecuted_notebook,39,0bdb17ac833fd63994760648743a3d0344ed055fb5abd1dcaae4ec45d73cc785,115231,False,False,,not_applicable,2026-07-16T01:53:41.932828+00:00
repository,C:\Users\Admin\workspace\CVio_Shrimp_Disease_Classification_Capstone_SU26\shrimp-leakage-aware-segmentation\ONLY_fourier\03_bandpass_l12_h60_a0p20_no_aug_hook_off.ipynb,shrimp-leakage-aware-segmentation\ONLY_fourier\03_bandpass_l12_h60_a0p20_no_aug_hook_off.ipynb,03_bandpass_l12_h60_a0p20_no_aug_hook_off.ipynb,unexecuted_notebook,03,bc0610009a435253f47b25d7b5db351129088432e69f8422bf943def6b6c81c1,85415,False,False,,not_applicable,2026-07-02T03:50:59.024988+00:00
repository,C:\Users\Admin\workspace\CVio_Shrimp_Disease_Classification_Capstone_SU26\shrimp-leakage-aware-segmentation\ONLY_fourier\040_n2_scale_erasing_fourier_order_offline_colab_seed42.ipynb,shrimp-leakage-aware-segmentation\ONLY_fourier\040_n2_scale_erasing_fourier_order_offline_colab_seed42.ipynb,040_n2_scale_erasing_fourier_order_offline_colab_seed42.ipynb,unexecuted_notebook,40,fcc09c2d43f3798694ab43107d9b50a5b0a51a3176a0c09cf44e5e1ea88a598a,114839,False,False,,not_applicable,2026-07-16T01:53:41.948681+00:00
repository,C:\Users\Admin\workspace\CVio_Shrimp_Disease_Classification_Capstone_SU26\shrimp-leakage-aware-segmentation\ONLY_fourier\041_n2_translate_fliplr_fourier_order_offline_colab_seed42.ipynb,shrimp-leakage-aware-segmentation\ONLY_fourier\041_n2_translate_fliplr_fourier_order_offline_colab_seed42.ipynb,041_n2_translate_fliplr_fourier_order_offline_colab_seed42.ipynb,unexecuted_notebook,41,2c61220ef2bee5fb6ba00eaebc096165029a3cd108ef1efaa4fa7e0130eb4bcc,115501,False,False,,not_applicable,2026-07-19T05:58:08.551494+00:00
repository,C:\Users\Admin\workspace\CVio_Shrimp_Disease_Classification_Capstone_SU26\shrimp-leakage-aware-segmentation\ONLY_fourier\042_n2_scale_flipud_fourier_order_offline_colab_seed42.ipynb,shrimp-leakage-aware-segmentation\ONLY_fourier\042_n2_scale_flipud_fourier_order_offline_colab_seed42.ipynb,042_n2_scale_flipud_fourier_order_offline_colab_seed42.ipynb,unexecuted_notebook,42,47a29de304879c8a845ba909295b523347bbf6d8775074e555563ddf3293a58a,115329,False,False,,not_applicable,2026-07-19T05:58:08.556224+00:00
repository,C:\Users\Admin\workspace\CVio_Shrimp_Disease_Classification_Capstone_SU26\shrimp-leakage-aware-segmentation\ONLY_fourier\043_n2_scale_fliplr_fourier_order_offline_colab_seed42.ipynb,shrimp-leakage-aware-segmentation\ONLY_fourier\043_n2_scale_fliplr_fourier_order_offline_colab_seed42.ipynb,043_n2_scale_fliplr_fourier_order_offline_colab_seed42.ipynb,unexecuted_notebook,43,58433bd54e77dbbd91fb57624ef987699eefeac00d41c742ba0f1edd2f6d1855,115339,False,False,,not_applicable,2026-07-19T05:58:08.558378+00:00
repository,C:\Users\Admin\workspace\CVio_Shrimp_Disease_Classification_Capstone_SU26\shrimp-leakage-aware-segmentation\ONLY_fourier\044_n2_translate_degrees_fourier_order_offline_colab_seed42.ipynb,shrimp-leakage-aware-segmentation\ONLY_fourier\044_n2_translate_degrees_fourier_order_offline_colab_seed42.ipynb,044_n2_translate_degrees_fourier_order_offline_colab_seed42.ipynb,unexecuted_notebook,44,cbf0f88e7aa0e8f199becca0955c052cea5f85ed4e3651f7498848514142cde6,115517,False,False,,not_applicable,2026-07-19T05:58:08.566074+00:00
repository,C:\Users\Admin\workspace\CVio_Shrimp_Disease_Classification_Capstone_SU26\shrimp-leakage-aware-segmentation\ONLY_fourier\045_panel_a_noise_robustness_kaggle_seed42.ipynb,shrimp-leakage-aware-segmentation\ONLY_fourier\045_panel_a_noise_robustness_kaggle_seed42.ipynb,045_panel_a_noise_robustness_kaggle_seed42.ipynb,unexecuted_notebook,45,89528873cce28bff4488a1bde9a823e2aa717c2b0509e1847aa30e6518a54c05,131357,False,False,,not_applicable,2026-07-19T15:00:35.792876+00:00
repository,C:\Users\Admin\workspace\CVio_Shrimp_Disease_Classification_Capstone_SU26\shrimp-leakage-aware-segmentation\ONLY_fourier\046_inference_timing_fourier_vs_panel_a_kaggle_seed42.ipynb,shrimp-leakage-aware-segmentation\ONLY_fourier\046_inference_timing_fourier_vs_panel_a_kaggle_seed42.ipynb,046_inference_timing_fourier_vs_panel_a_kaggle_seed42.ipynb,unexecuted_notebook,46,d3b86c69e145be4e3848eae7347b254f2d54c9677c88a1481487c13f15292872,28612,False,False,,not_applicable,2026-07-20T12:22:22.491597+00:00
repository,C:\Users\Admin\workspace\CVio_Shrimp_Disease_Classification_Capstone_SU26\shrimp-leakage-aware-segmentation\ONLY_fourier\04_bandpass_l20_h80_a0p20_no_aug_hook_off.ipynb,shrimp-leakage-aware-segmentation\ONLY_fourier\04_bandpass_l20_h80_a0p20_no_aug_hook_off.ipynb,04_bandpass_l20_h80_a0p20_no_aug_hook_off.ipynb,unexecuted_notebook,04,8499450c0b26752c67487d2198d710ed2f62034d8dc7e3a70a032eba06245e24,85415,False,False,,not_applicable,2026-07-02T03:50:59.026987+00:00
repository,C:\Users\Admin\workspace\CVio_Shrimp_Disease_Classification_Capstone_SU26\shrimp-leakage-aware-segmentation\ONLY_fourier\05_highfreq_damping_s50_a0p10_no_aug_hook_off.ipynb,shrimp-leakage-aware-segmentation\ONLY_fourier\05_highfreq_damping_s50_a0p10_no_aug_hook_off.ipynb,05_highfreq_damping_s50_a0p10_no_aug_hook_off.ipynb,unexecuted_notebook,05,3a5d7acbaa2650ee03db7d73d4435e3671a5ee1c1035d5c0e088d4f3102f2358,85475,False,False,,not_applicable,2026-07-02T03:50:59.027985+00:00
repository,C:\Users\Admin\workspace\CVio_Shrimp_Disease_Classification_Capstone_SU26\shrimp-leakage-aware-segmentation\ONLY_fourier\06_lowfreq_flatten_s100_b0p30_no_aug_hook_off.ipynb,shrimp-leakage-aware-segmentation\ONLY_fourier\06_lowfreq_flatten_s100_b0p30_no_aug_hook_off.ipynb,06_lowfreq_flatten_s100_b0p30_no_aug_hook_off.ipynb,unexecuted_notebook,"00,06",b5eccf34c443e828602cfd1f1fefb1745f0a45a187fdceb842e2452347fbd3ab,85471,False,False,,not_applicable,2026-07-02T03:50:59.029987+00:00
repository,C:\Users\Admin\workspace\CVio_Shrimp_Disease_Classification_Capstone_SU26\shrimp-leakage-aware-segmentation\ONLY_fourier\07_homomorphic_s50_gl0p70_gh1p20_no_aug_hook_off.ipynb,shrimp-leakage-aware-segmentation\ONLY_fourier\07_homomorphic_s50_gl0p70_gh1p20_no_aug_hook_off.ipynb,07_homomorphic_s50_gl0p70_gh1p20_no_aug_hook_off.ipynb,unexecuted_notebook,07,9d190ced21d679dd4c4c458e74fac1b3e81ba06c812c41ef5393c1385133f59c,85554,False,False,,not_applicable,2026-07-02T03:50:59.032011+00:00
repository,C:\Users\Admin\workspace\CVio_Shrimp_Disease_Classification_Capstone_SU26\shrimp-leakage-aware-segmentation\ONLY_fourier\08_random_highpass_train_aug_a005_a020_no_yolo_aug_hook_off.ipynb,shrimp-leakage-aware-segmentation\ONLY_fourier\08_random_highpass_train_aug_a005_a020_no_yolo_aug_hook_off.ipynb,08_random_highpass_train_aug_a005_a020_no_yolo_aug_hook_off.ipynb,unexecuted_notebook,"05,08,20",919137143cb691b945062380f2b65997734dc1f097ac8c08e1cc015f2cd0d716,94319,False,False,,not_applicable,2026-07-02T03:50:59.032011+00:00
repository,C:\Users\Admin\workspace\CVio_Shrimp_Disease_Classification_Capstone_SU26\shrimp-leakage-aware-segmentation\ONLY_fourier\09_mixed_original_highpass_a0p10_train_no_yolo_aug_hook_off.ipynb,shrimp-leakage-aware-segmentation\ONLY_fourier\09_mixed_original_highpass_a0p10_train_no_yolo_aug_hook_off.ipynb,09_mixed_original_highpass_a0p10_train_no_yolo_aug_hook_off.ipynb,unexecuted_notebook,09,7210ef00b1a48c839ed77fd14fa51fa344ef4c404df47e5fd139d7021bc91f68,94232,False,False,,not_applicable,2026-07-02T03:50:59.034020+00:00
repository,C:\Users\Admin\workspace\CVio_Shrimp_Disease_Classification_Capstone_SU26\shrimp-leakage-aware-segmentation\ONLY_fourier\[hand-explanation]final_metrics_and_training_configs_registry.md,shrimp-leakage-aware-segmentation\ONLY_fourier\[hand-explanation]final_metrics_and_training_configs_registry.md,[hand-explanation]final_metrics_and_training_configs_registry.md,analysis_markdown,,3e319c751ab344a78fece4760cd25930ce0d9aa9cd556a08fb58fb8faff10f34,22379,False,False,,not_applicable,2026-07-02T03:50:58.992381+00:00
repository,C:\Users\Admin\workspace\CVio_Shrimp_Disease_Classification_Capstone_SU26\shrimp-leakage-aware-segmentation\ONLY_fourier\fourier_augmentation_interaction_order_summary.md,shrimp-leakage-aware-segmentation\ONLY_fourier\fourier_augmentation_interaction_order_summary.md,fourier_augmentation_interaction_order_summary.md,analysis_markdown,,541776a2cbf0d4b2396fdc4d463be47328f783e896fed9fe6ab6169df4d039b9,11809,False,False,,not_applicable,2026-07-19T08:32:12.106282+00:00
repository,C:\Users\Admin\workspace\CVio_Shrimp_Disease_Classification_Capstone_SU26\shrimp-leakage-aware-segmentation\ONLY_fourier\fourier_consolidated_effects_report.md,shrimp-leakage-aware-segmentation\ONLY_fourier\fourier_consolidated_effects_report.md,fourier_consolidated_effects_report.md,analysis_markdown,,08afb47866fb3608357717411200fc595b92870a43bb9036451a8d90eb92cac1,26425,False,False,,not_applicable,2026-07-20T13:17:57.403877+00:00
repository,C:\Users\Admin\workspace\CVio_Shrimp_Disease_Classification_Capstone_SU26\shrimp-leakage-aware-segmentation\ONLY_fourier\fourier_preprocessing_experiment_plan.md,shrimp-leakage-aware-segmentation\ONLY_fourier\fourier_preprocessing_experiment_plan.md,fourier_preprocessing_experiment_plan.md,analysis_markdown,,72a790521a8e4b831e164bb2648d6e8d7ec57f535a493cff94e385967b1dc291,5150,False,False,,not_applicable,2026-07-02T03:50:58.994391+00:00
repository,C:\Users\Admin\workspace\CVio_Shrimp_Disease_Classification_Capstone_SU26\shrimp-leakage-aware-segmentation\ONLY_fourier\fourier_transform_visualization_playground.ipynb,shrimp-leakage-aware-segmentation\ONLY_fourier\fourier_transform_visualization_playground.ipynb,fourier_transform_visualization_playground.ipynb,unexecuted_notebook,,90b8118358f830b9fc2c5bb067ab59bf0e421e9cb6f8f76883146615ce409a5b,30668,False,False,,not_applicable,2026-07-02T03:50:58.996402+00:00
repository,C:\Users\Admin\workspace\CVio_Shrimp_Disease_Classification_Capstone_SU26\shrimp-leakage-aware-segmentation\ONLY_fourier\panel_a_noise_robustness_summary.md,shrimp-leakage-aware-segmentation\ONLY_fourier\panel_a_noise_robustness_summary.md,panel_a_noise_robustness_summary.md,analysis_markdown,,ad2b729339b5bf8de5c2207b626c2d8a318c10fe6362edf85d9a114e4ab6f3f5,5544,False,False,,not_applicable,2026-07-20T06:45:43.831801+00:00
repository,C:\Users\Admin\workspace\CVio_Shrimp_Disease_Classification_Capstone_SU26\shrimp-leakage-aware-segmentation\ONLY_fourier\scripts\generate_016_fourier_strongaug_hook_ablation.py,shrimp-leakage-aware-segmentation\ONLY_fourier\scripts\generate_016_fourier_strongaug_hook_ablation.py,generate_016_fourier_strongaug_hook_ablation.py,generator_script,16,89578f50f21b429b2ae1fb99ca128873c79623da3220e15bff5ec0b490783344,18256,False,False,,not_applicable,2026-07-02T03:50:59.044401+00:00
repository,C:\Users\Admin\workspace\CVio_Shrimp_Disease_Classification_Capstone_SU26\shrimp-leakage-aware-segmentation\ONLY_fourier\scripts\generate_017_learnable_fddem_no_aug.py,shrimp-leakage-aware-segmentation\ONLY_fourier\scripts\generate_017_learnable_fddem_no_aug.py,generate_017_learnable_fddem_no_aug.py,generator_script,17,cffbe1fc9e1559d183492f29b799e84af66940be25329235ecb6e9e77e9d837a,25811,False,False,,not_applicable,2026-07-02T03:50:59.044401+00:00
repository,C:\Users\Admin\workspace\CVio_Shrimp_Disease_Classification_Capstone_SU26\shrimp-leakage-aware-segmentation\ONLY_fourier\scripts\generate_018_fourier_feature_refinement_no_aug.py,shrimp-leakage-aware-segmentation\ONLY_fourier\scripts\generate_018_fourier_feature_refinement_no_aug.py,generate_018_fourier_feature_refinement_no_aug.py,generator_script,18,af0d9b587dea66f810dc9fc2a0e58f8153f51eedf05b1ff5cef5793f84a64eca,31898,False,False,,not_applicable,2026-07-02T07:35:34.627173+00:00
repository,C:\Users\Admin\workspace\CVio_Shrimp_Disease_Classification_Capstone_SU26\shrimp-leakage-aware-segmentation\ONLY_fourier\scripts\generate_019_fddem_band_tuning_no_aug.py,shrimp-leakage-aware-segmentation\ONLY_fourier\scripts\generate_019_fddem_band_tuning_no_aug.py,generate_019_fddem_band_tuning_no_aug.py,generator_script,19,8f90280790e65d91db54fdbe76b2278e09d22287256c255d6dfd8970ebc8fa18,23342,False,False,,not_applicable,2026-07-03T12:31:18.558897+00:00
repository,C:\Users\Admin\workspace\CVio_Shrimp_Disease_Classification_Capstone_SU26\shrimp-leakage-aware-segmentation\ONLY_fourier\scripts\generate_020_fddem_cutoff_sweep_no_aug.py,shrimp-leakage-aware-segmentation\ONLY_fourier\scripts\generate_020_fddem_cutoff_sweep_no_aug.py,generate_020_fddem_cutoff_sweep_no_aug.py,generator_script,20,15ee981e661284a9919919ba9a259d57cdcef6ac790af8193b77d3a9165dd0b6,18743,False,False,,not_applicable,2026-07-03T14:42:47.828522+00:00
repository,C:\Users\Admin\workspace\CVio_Shrimp_Disease_Classification_Capstone_SU26\shrimp-leakage-aware-segmentation\ONLY_fourier\scripts\generate_021_fddem_confirmation_no_aug.py,shrimp-leakage-aware-segmentation\ONLY_fourier\scripts\generate_021_fddem_confirmation_no_aug.py,generate_021_fddem_confirmation_no_aug.py,generator_script,21,575d7a4d050cec87795a884b64624ed4b267d4b4fe38513ded670ba130770018,24061,False,False,,not_applicable,2026-07-05T06:37:37.177054+00:00
repository,C:\Users\Admin\workspace\CVio_Shrimp_Disease_Classification_Capstone_SU26\shrimp-leakage-aware-segmentation\ONLY_fourier\scripts\generate_022_fourier_hybrid_sweep_no_aug.py,shrimp-leakage-aware-segmentation\ONLY_fourier\scripts\generate_022_fourier_hybrid_sweep_no_aug.py,generate_022_fourier_hybrid_sweep_no_aug.py,generator_script,22,a771d6ccd4b13231d16e30a4eacbbfe283ebf2e61b357aa8b438073668c4f8ac,26775,False,False,,not_applicable,2026-07-05T08:19:57.485653+00:00
repository,C:\Users\Admin\workspace\CVio_Shrimp_Disease_Classification_Capstone_SU26\shrimp-leakage-aware-segmentation\ONLY_fourier\scripts\generate_023_027_n1_aug_w1_colab.py,shrimp-leakage-aware-segmentation\ONLY_fourier\scripts\generate_023_027_n1_aug_w1_colab.py,generate_023_027_n1_aug_w1_colab.py,generator_script,"23,27",16049d7569c6ac0ca1a2f5f24ba0f8ea395d093929f631abd9d19f882d31b597,18523,False,False,,not_applicable,2026-07-05T13:06:00.390881+00:00
repository,C:\Users\Admin\workspace\CVio_Shrimp_Disease_Classification_Capstone_SU26\shrimp-leakage-aware-segmentation\ONLY_fourier\training_log\00_clean-aug-hook-off.ipynb,shrimp-leakage-aware-segmentation\ONLY_fourier\training_log\00_clean-aug-hook-off.ipynb,00_clean-aug-hook-off.ipynb,executed_notebook,00,b321306a5674bcb98e785175d69eb75052293370cf88a7e067049d77b77bd7a4,224954,True,False,,not_applicable,2026-07-02T03:50:59.048429+00:00
repository,C:\Users\Admin\workspace\CVio_Shrimp_Disease_Classification_Capstone_SU26\shrimp-leakage-aware-segmentation\ONLY_fourier\training_log\11to20\013_mode_G_fourier_tuning\013-mode-g-fourier-tuning-seed42.ipynb,shrimp-leakage-aware-segmentation\ONLY_fourier\training_log\11to20\013_mode_G_fourier_tuning\013-mode-g-fourier-tuning-seed42.ipynb,013-mode-g-fourier-tuning-seed42.ipynb,executed_notebook,13,ab95f3c370f8145ba812ec95248beae6d5ad4e608539f42063dd8e767b74a6fb,783506,True,False,,not_applicable,2026-07-22T02:22:02.802359+00:00
repository,C:\Users\Admin\workspace\CVio_Shrimp_Disease_Classification_Capstone_SU26\shrimp-leakage-aware-segmentation\ONLY_fourier\training_log\11to20\013_mode_G_fourier_tuning\013-mode-g-fourier-tuning-seed42_1.ipynb,shrimp-leakage-aware-segmentation\ONLY_fourier\training_log\11to20\013_mode_G_fourier_tuning\013-mode-g-fourier-tuning-seed42_1.ipynb,013-mode-g-fourier-tuning-seed42_1.ipynb,executed_notebook,13,ab95f3c370f8145ba812ec95248beae6d5ad4e608539f42063dd8e767b74a6fb,783506,True,False,,not_applicable,2026-07-02T03:50:59.054292+00:00
repository,C:\Users\Admin\workspace\CVio_Shrimp_Disease_Classification_Capstone_SU26\shrimp-leakage-aware-segmentation\ONLY_fourier\training_log\11to20\013_mode_G_fourier_tuning\013_mode_G_fourier_tuning_seed42.ipynb,shrimp-leakage-aware-segmentation\ONLY_fourier\training_log\11to20\013_mode_G_fourier_tuning\013_mode_G_fourier_tuning_seed42.ipynb,013_mode_G_fourier_tuning_seed42.ipynb,unexecuted_notebook,13,3751c02b98b28ad86c439f2fe4eab4e6797f04475bf193562ba1861668e6c647,92077,False,False,,not_applicable,2026-07-02T03:50:59.010918+00:00
repository,C:\Users\Admin\workspace\CVio_Shrimp_Disease_Classification_Capstone_SU26\shrimp-leakage-aware-segmentation\ONLY_fourier\training_log\11to20\013_mode_G_fourier_tuning\mode_G_fourier_tuning_seed42_analysis.md,shrimp-leakage-aware-segmentation\ONLY_fourier\training_log\11to20\013_mode_G_fourier_tuning\mode_G_fourier_tuning_seed42_analysis.md,mode_G_fourier_tuning_seed42_analysis.md,analysis_markdown,,9428daf69dd6ab4fa9fe3c2316cff461e1bd7c637d7bf32120977e6bde6d125c,3861,False,False,,not_applicable,2026-07-02T03:50:59.012930+00:00
repository,C:\Users\Admin\workspace\CVio_Shrimp_Disease_Classification_Capstone_SU26\shrimp-leakage-aware-segmentation\ONLY_fourier\training_log\11to20\013_mode_G_fourier_tuning\README.md,shrimp-leakage-aware-segmentation\ONLY_fourier\training_log\11to20\013_mode_G_fourier_tuning\README.md,README.md,analysis_markdown,,db31b3145b85afbd9e35ea964e17063525835a31fb9a57edd9476c9af1f9eafd,1199,False,False,,not_applicable,2026-07-02T03:50:59.012930+00:00
repository,C:\Users\Admin\workspace\CVio_Shrimp_Disease_Classification_Capstone_SU26\shrimp-leakage-aware-segmentation\ONLY_fourier\training_log\11to20\015_fourier_attention_interaction\015_fourier_G4_simam_ca_interaction_seed42.ipynb,shrimp-leakage-aware-segmentation\ONLY_fourier\training_log\11to20\015_fourier_attention_interaction\015_fourier_G4_simam_ca_interaction_seed42.ipynb,015_fourier_G4_simam_ca_interaction_seed42.ipynb,unexecuted_notebook,15,3b0fa9c6a3efba4992499e0bc4edabc0f7dadeda492215e20ef547185615ecd4,102739,False,False,,not_applicable,2026-07-02T03:50:58.992381+00:00
repository,C:\Users\Admin\workspace\CVio_Shrimp_Disease_Classification_Capstone_SU26\shrimp-leakage-aware-segmentation\ONLY_fourier\training_log\11to20\015_fourier_attention_interaction\015_modeA-fouirer-hev-aug-attention.ipynb,shrimp-leakage-aware-segmentation\ONLY_fourier\training_log\11to20\015_fourier_attention_interaction\015_modeA-fouirer-hev-aug-attention.ipynb,015_modeA-fouirer-hev-aug-attention.ipynb,executed_notebook,15,4ceb8d26950d444738e88acede903aa9d5486fd31af589719e55a92ced768b1f,254346,True,False,,not_applicable,2026-07-02T03:50:59.060770+00:00
repository,C:\Users\Admin\workspace\CVio_Shrimp_Disease_Classification_Capstone_SU26\shrimp-leakage-aware-segmentation\ONLY_fourier\training_log\11to20\015_fourier_attention_interaction\015_modeBCD_fouirer-hev-aug-attention.ipynb,shrimp-leakage-aware-segmentation\ONLY_fourier\training_log\11to20\015_fourier_attention_interaction\015_modeBCD_fouirer-hev-aug-attention.ipynb,015_modeBCD_fouirer-hev-aug-attention.ipynb,executed_notebook,15,2431f1964a328a0f994f46a2153c88ee01d9ebc5a540976275fa990e75283809,434945,True,False,,not_applicable,2026-07-02T03:50:59.062782+00:00
repository,C:\Users\Admin\workspace\CVio_Shrimp_Disease_Classification_Capstone_SU26\shrimp-leakage-aware-segmentation\ONLY_fourier\training_log\11to20\015_fourier_attention_interaction\017-learnable-feature-fourier-fddem-no-aug-hook-of (1).ipynb,shrimp-leakage-aware-segmentation\ONLY_fourier\training_log\11to20\015_fourier_attention_interaction\017-learnable-feature-fourier-fddem-no-aug-hook-of (1).ipynb,017-learnable-feature-fourier-fddem-no-aug-hook-of (1).ipynb,executed_notebook,17,3e88f7c9cd03cb100d34861ea74c043c244be2743534264754b57419ae578f03,419408,True,False,,not_applicable,2026-07-02T01:28:41.242683+00:00
repository,C:\Users\Admin\workspace\CVio_Shrimp_Disease_Classification_Capstone_SU26\shrimp-leakage-aware-segmentation\ONLY_fourier\training_log\11to20\015_fourier_attention_interaction\15_fourier_G4_strong_aug_attention_log_analysis.md,shrimp-leakage-aware-segmentation\ONLY_fourier\training_log\11to20\015_fourier_attention_interaction\15_fourier_G4_strong_aug_attention_log_analysis.md,15_fourier_G4_strong_aug_attention_log_analysis.md,analysis_markdown,15,c543a165adc6cdbbdc5daaf4823b378cc0b2548a4ca932494e2ed5c27db66435,5126,False,False,,not_applicable,2026-07-02T03:50:59.093823+00:00
repository,C:\Users\Admin\workspace\CVio_Shrimp_Disease_Classification_Capstone_SU26\shrimp-leakage-aware-segmentation\ONLY_fourier\training_log\11to20\015_fourier_attention_interaction\15_mode_A_strong_aug_baseline_log_analysis.md,shrimp-leakage-aware-segmentation\ONLY_fourier\training_log\11to20\015_fourier_attention_interaction\15_mode_A_strong_aug_baseline_log_analysis.md,15_mode_A_strong_aug_baseline_log_analysis.md,analysis_markdown,15,95de1ecbbac46471ba2c06ebfe94195e52976e78b9921191e2f11c4323afeded,3967,False,False,,not_applicable,2026-07-02T03:50:59.095838+00:00
repository,C:\Users\Admin\workspace\CVio_Shrimp_Disease_Classification_Capstone_SU26\shrimp-leakage-aware-segmentation\ONLY_fourier\training_log\11to20\015_fourier_attention_interaction\README.md,shrimp-leakage-aware-segmentation\ONLY_fourier\training_log\11to20\015_fourier_attention_interaction\README.md,README.md,analysis_markdown,,df7124155ab0d8c1b232d2a02d08d34bcdbee6834efe7c0537a6052ba3b5a4d8,1832,False,False,,not_applicable,2026-07-02T03:50:58.994391+00:00
repository,C:\Users\Admin\workspace\CVio_Shrimp_Disease_Classification_Capstone_SU26\shrimp-leakage-aware-segmentation\ONLY_fourier\training_log\11to20\018_only_fourier_diff_methods\018-fourier-feature-refinement-no-aug-hook-off-see.ipynb,shrimp-leakage-aware-segmentation\ONLY_fourier\training_log\11to20\018_only_fourier_diff_methods\018-fourier-feature-refinement-no-aug-hook-off-see.ipynb,018-fourier-feature-refinement-no-aug-hook-off-see.ipynb,executed_notebook,18,f1528ce930b7ce97e398694143a4b8135f30abdfb134c5b97283dfd8f8633940,296203,True,False,,not_applicable,2026-07-02T09:32:19.384658+00:00
repository,C:\Users\Admin\workspace\CVio_Shrimp_Disease_Classification_Capstone_SU26\shrimp-leakage-aware-segmentation\ONLY_fourier\training_log\11to20\018_only_fourier_diff_methods\only_fourier_feature_refinement_no_aug_hook_off_seed42_paper_row.csv,shrimp-leakage-aware-segmentation\ONLY_fourier\training_log\11to20\018_only_fourier_diff_methods\only_fourier_feature_refinement_no_aug_hook_off_seed42_paper_row.csv,only_fourier_feature_refinement_no_aug_hook_off_seed42_paper_row.csv,raw_metrics_or_log,,529cc9b54cd3b8450307c70914627a65160841dd08df147026530be4c6366870,5920,False,False,,not_applicable,2026-07-02T09:19:54.900184+00:00
repository,C:\Users\Admin\workspace\CVio_Shrimp_Disease_Classification_Capstone_SU26\shrimp-leakage-aware-segmentation\ONLY_fourier\training_log\11to20\018_only_fourier_diff_methods\only_fourier_feature_refinement_no_aug_hook_off_seed42_summary.csv,shrimp-leakage-aware-segmentation\ONLY_fourier\training_log\11to20\018_only_fourier_diff_methods\only_fourier_feature_refinement_no_aug_hook_off_seed42_summary.csv,only_fourier_feature_refinement_no_aug_hook_off_seed42_summary.csv,raw_metrics_or_log,,d98a935b1fdbff69f8c0109aab575f849d2e18b4c55fd938d623ac755f37fcc8,12922,False,False,,not_applicable,2026-07-02T09:19:57.215503+00:00
repository,C:\Users\Admin\workspace\CVio_Shrimp_Disease_Classification_Capstone_SU26\shrimp-leakage-aware-segmentation\ONLY_fourier\training_log\11to20\11\11_only-fourier-11-highpass-alpha-sweep-005-015-020-n.ipynb,shrimp-leakage-aware-segmentation\ONLY_fourier\training_log\11to20\11\11_only-fourier-11-highpass-alpha-sweep-005-015-020-n.ipynb,11_only-fourier-11-highpass-alpha-sweep-005-015-020-n.ipynb,executed_notebook,"05,11,15,20",0658a96937c398e1a412df619706f1eadf841cbc17b408191212641bf0123fae,358893,True,False,,not_applicable,2026-07-02T03:50:59.088574+00:00
repository,C:\Users\Admin\workspace\CVio_Shrimp_Disease_Classification_Capstone_SU26\shrimp-leakage-aware-segmentation\ONLY_fourier\training_log\11to20\11\11_only_fourier_highpass_alpha_sweep_005_015_020_no_aug_hook_off_summary.csv,shrimp-leakage-aware-segmentation\ONLY_fourier\training_log\11to20\11\11_only_fourier_highpass_alpha_sweep_005_015_020_no_aug_hook_off_summary.csv,11_only_fourier_highpass_alpha_sweep_005_015_020_no_aug_hook_off_summary.csv,raw_metrics_or_log,"05,11,15,20",ad1e0cb1105753ebbd957474f174b926bf5053fec890e35decff1c72d544fd89,9682,False,False,,not_applicable,2026-07-02T03:50:59.089581+00:00
repository,C:\Users\Admin\workspace\CVio_Shrimp_Disease_Classification_Capstone_SU26\shrimp-leakage-aware-segmentation\ONLY_fourier\training_log\11to20\12\12_only_fourier_12_factorial_A_H_highpass_s50_a0p10.ipynb,shrimp-leakage-aware-segmentation\ONLY_fourier\training_log\11to20\12\12_only_fourier_12_factorial_A_H_highpass_s50_a0p10.ipynb,12_only_fourier_12_factorial_A_H_highpass_s50_a0p10.ipynb,executed_notebook,12,111709f94ae3a8ab6277f731bd85958566a8bfa6a0dd0c1d0535890ba683847c,749102,True,False,,not_applicable,2026-07-02T03:50:59.093823+00:00
repository,C:\Users\Admin\workspace\CVio_Shrimp_Disease_Classification_Capstone_SU26\shrimp-leakage-aware-segmentation\ONLY_fourier\training_log\11to20\14_highpass_local_sweep\014-mode-g-highpass-local-sweep-seed42.ipynb,shrimp-leakage-aware-segmentation\ONLY_fourier\training_log\11to20\14_highpass_local_sweep\014-mode-g-highpass-local-sweep-seed42.ipynb,014-mode-g-highpass-local-sweep-seed42.ipynb,executed_notebook,14,afbbd0992b1f51dde8d5dca321987f81b23aaf14e68aaf239ca87ef6566d642d,942309,True,False,,not_applicable,2026-07-02T03:50:59.058758+00:00
repository,C:\Users\Admin\workspace\CVio_Shrimp_Disease_Classification_Capstone_SU26\shrimp-leakage-aware-segmentation\ONLY_fourier\training_log\11to20\14_highpass_local_sweep\highpass_local_sweep_seed42_analysis.md,shrimp-leakage-aware-segmentation\ONLY_fourier\training_log\11to20\14_highpass_local_sweep\highpass_local_sweep_seed42_analysis.md,highpass_local_sweep_seed42_analysis.md,analysis_markdown,,1772b1db1a995fed62553cd713c8611a4229b74c547f1c9d2da41029c7b440f9,3469,False,False,,not_applicable,2026-07-02T03:50:59.002442+00:00
repository,C:\Users\Admin\workspace\CVio_Shrimp_Disease_Classification_Capstone_SU26\shrimp-leakage-aware-segmentation\ONLY_fourier\training_log\11to20\14_highpass_local_sweep\only_fourier_mode_G_highpass_local_sweep_seed42_paper_row.csv,shrimp-leakage-aware-segmentation\ONLY_fourier\training_log\11to20\14_highpass_local_sweep\only_fourier_mode_G_highpass_local_sweep_seed42_paper_row.csv,only_fourier_mode_G_highpass_local_sweep_seed42_paper_row.csv,raw_metrics_or_log,,1f1d185299b52a3d708fe579bc610372586225f889175807b114b8bd803f69ee,10392,False,False,,not_applicable,2026-07-02T03:50:59.008904+00:00
repository,C:\Users\Admin\workspace\CVio_Shrimp_Disease_Classification_Capstone_SU26\shrimp-leakage-aware-segmentation\ONLY_fourier\training_log\11to20\14_highpass_local_sweep\only_fourier_mode_G_highpass_local_sweep_seed42_summary.csv,shrimp-leakage-aware-segmentation\ONLY_fourier\training_log\11to20\14_highpass_local_sweep\only_fourier_mode_G_highpass_local_sweep_seed42_summary.csv,only_fourier_mode_G_highpass_local_sweep_seed42_summary.csv,raw_metrics_or_log,,8ff31287cf40b77d80f55441eba1248e61be0589627ab8f56ac4760219c60604,30076,False,False,,not_applicable,2026-07-02T03:50:59.008904+00:00
repository,C:\Users\Admin\workspace\CVio_Shrimp_Disease_Classification_Capstone_SU26\shrimp-leakage-aware-segmentation\ONLY_fourier\training_log\11to20\README.md,shrimp-leakage-aware-segmentation\ONLY_fourier\training_log\11to20\README.md,README.md,analysis_markdown,,f2b8fbe37e2a29b464361dd2ae615c86c07bf417dc126516cd9e0aa010a66813,1091,False,False,,not_applicable,2026-07-23T02:58:43.212610+00:00
repository,C:\Users\Admin\workspace\CVio_Shrimp_Disease_Classification_Capstone_SU26\shrimp-leakage-aware-segmentation\ONLY_fourier\training_log\1to10\10\10_only-fourier-10-train-only-highpass-a0p10-eval-ori.ipynb,shrimp-leakage-aware-segmentation\ONLY_fourier\training_log\1to10\10\10_only-fourier-10-train-only-highpass-a0p10-eval-ori.ipynb,10_only-fourier-10-train-only-highpass-a0p10-eval-ori.ipynb,executed_notebook,10,3b5d3a04f10db7f80b4ac5a13f6de24b0169cbfe5f4ace73423bf63952d3f967,213192,True,False,,not_applicable,2026-07-02T03:50:59.085609+00:00
repository,C:\Users\Admin\workspace\CVio_Shrimp_Disease_Classification_Capstone_SU26\shrimp-leakage-aware-segmentation\ONLY_fourier\training_log\1to10\1\001_clean-aug-off-hook-off-baseline.ipynb,shrimp-leakage-aware-segmentation\ONLY_fourier\training_log\1to10\1\001_clean-aug-off-hook-off-baseline.ipynb,001_clean-aug-off-hook-off-baseline.ipynb,executed_notebook,01,500b872897ce24e13c38a9dc3c9fa623570a38c95e28d77a79c5172e8ef7feb8,200359,True,False,,not_applicable,2026-07-02T03:50:59.046417+00:00
repository,C:\Users\Admin\workspace\CVio_Shrimp_Disease_Classification_Capstone_SU26\shrimp-leakage-aware-segmentation\ONLY_fourier\training_log\1to10\1\01_fourier-highpass-alpha01sigma50.ipynb,shrimp-leakage-aware-segmentation\ONLY_fourier\training_log\1to10\1\01_fourier-highpass-alpha01sigma50.ipynb,01_fourier-highpass-alpha01sigma50.ipynb,executed_notebook,01,5d099e5c6f9ebdb1736dd6a512f568c899b3386be23277d98d094acb8ddc889a,207174,True,False,,not_applicable,2026-07-02T03:50:59.064794+00:00
repository,C:\Users\Admin\workspace\CVio_Shrimp_Disease_Classification_Capstone_SU26\shrimp-leakage-aware-segmentation\ONLY_fourier\training_log\1to10\2\02_fourier-highpass-alpha03sigma50.ipynb,shrimp-leakage-aware-segmentation\ONLY_fourier\training_log\1to10\2\02_fourier-highpass-alpha03sigma50.ipynb,02_fourier-highpass-alpha03sigma50.ipynb,executed_notebook,02,859f8c93e3493ec360cc9666e6a59d5f699172556e0486336f728674230b2520,227035,True,False,,not_applicable,2026-07-02T03:50:59.066808+00:00
repository,C:\Users\Admin\workspace\CVio_Shrimp_Disease_Classification_Capstone_SU26\shrimp-leakage-aware-segmentation\ONLY_fourier\training_log\1to10\3\03_only_fourier_03_bandpass_l12_h60_a0p20_no_aug_hook_off_training_log.ipynb,shrimp-leakage-aware-segmentation\ONLY_fourier\training_log\1to10\3\03_only_fourier_03_bandpass_l12_h60_a0p20_no_aug_hook_off_training_log.ipynb,03_only_fourier_03_bandpass_l12_h60_a0p20_no_aug_hook_off_training_log.ipynb,executed_notebook,03,e0e443094835b0fa7ed4e348dc742fa59cd009abc8f420621e78daf2cc0b1397,233520,True,False,,not_applicable,2026-07-02T03:50:59.068820+00:00
repository,C:\Users\Admin\workspace\CVio_Shrimp_Disease_Classification_Capstone_SU26\shrimp-leakage-aware-segmentation\ONLY_fourier\training_log\1to10\4\04_only-fourier-04-bandpass-l20-h80-a0p20-no-aug-hook.ipynb,shrimp-leakage-aware-segmentation\ONLY_fourier\training_log\1to10\4\04_only-fourier-04-bandpass-l20-h80-a0p20-no-aug-hook.ipynb,04_only-fourier-04-bandpass-l20-h80-a0p20-no-aug-hook.ipynb,executed_notebook,04,918eada5f6fbf74eb217a32380e613c36b87a91a1a399c8b9026423d26219e06,235991,True,False,,not_applicable,2026-07-02T03:50:59.071938+00:00
repository,C:\Users\Admin\workspace\CVio_Shrimp_Disease_Classification_Capstone_SU26\shrimp-leakage-aware-segmentation\ONLY_fourier\training_log\1to10\5\05_high-freq-damping.ipynb,shrimp-leakage-aware-segmentation\ONLY_fourier\training_log\1to10\5\05_high-freq-damping.ipynb,05_high-freq-damping.ipynb,executed_notebook,05,49ee8cc24327efb18035ddb47cdc71fa2751f71b68525f900e68aee018d31bde,206774,True,False,,not_applicable,2026-07-02T03:50:59.073551+00:00
repository,C:\Users\Admin\workspace\CVio_Shrimp_Disease_Classification_Capstone_SU26\shrimp-leakage-aware-segmentation\ONLY_fourier\training_log\1to10\6\06_only-fourier-06-lowfreq-flatten-s100-b0p30-no-aug.ipynb,shrimp-leakage-aware-segmentation\ONLY_fourier\training_log\1to10\6\06_only-fourier-06-lowfreq-flatten-s100-b0p30-no-aug.ipynb,06_only-fourier-06-lowfreq-flatten-s100-b0p30-no-aug.ipynb,executed_notebook,"00,06",f4741641a6c9b72a93d04374551edb7a4cb796c67ea14ef80d5d80870e7378d6,208623,True,False,,not_applicable,2026-07-02T03:50:59.075559+00:00
repository,C:\Users\Admin\workspace\CVio_Shrimp_Disease_Classification_Capstone_SU26\shrimp-leakage-aware-segmentation\ONLY_fourier\training_log\1to10\7\07_only-fourier-07-homomorphic-s50-gl0p70-gh1p20-no-a.ipynb,shrimp-leakage-aware-segmentation\ONLY_fourier\training_log\1to10\7\07_only-fourier-07-homomorphic-s50-gl0p70-gh1p20-no-a.ipynb,07_only-fourier-07-homomorphic-s50-gl0p70-gh1p20-no-a.ipynb,executed_notebook,07,82708c32ff03061b408ac7f05b25b030aebdf963df00514c7234f6ac1875836a,213962,True,False,,not_applicable,2026-07-02T03:50:59.077569+00:00
repository,C:\Users\Admin\workspace\CVio_Shrimp_Disease_Classification_Capstone_SU26\shrimp-leakage-aware-segmentation\ONLY_fourier\training_log\1to10\8\08_only-fourier-08-random-highpass-train-aug-a005-a02.ipynb,shrimp-leakage-aware-segmentation\ONLY_fourier\training_log\1to10\8\08_only-fourier-08-random-highpass-train-aug-a005-a02.ipynb,08_only-fourier-08-random-highpass-train-aug-a005-a02.ipynb,executed_notebook,"05,08",9d1e5881ccbdf89a7eae1a2a3194da9494b2800f36dd7cd4e5a503eb470c0ff8,220670,True,False,,not_applicable,2026-07-02T03:50:59.079577+00:00
repository,C:\Users\Admin\workspace\CVio_Shrimp_Disease_Classification_Capstone_SU26\shrimp-leakage-aware-segmentation\ONLY_fourier\training_log\1to10\9\09_only-fourier-09-mixed-original-highpass-a0p10-trai.ipynb,shrimp-leakage-aware-segmentation\ONLY_fourier\training_log\1to10\9\09_only-fourier-09-mixed-original-highpass-a0p10-trai.ipynb,09_only-fourier-09-mixed-original-highpass-a0p10-trai.ipynb,executed_notebook,09,d771cb83ed31840a752a29e2e7313be21dee3cb94f0402b799d37c1b2a4ef311,220278,True,False,,not_applicable,2026-07-02T03:50:59.081586+00:00
repository,C:\Users\Admin\workspace\CVio_Shrimp_Disease_Classification_Capstone_SU26\shrimp-leakage-aware-segmentation\ONLY_fourier\training_log\1to10\README.md,shrimp-leakage-aware-segmentation\ONLY_fourier\training_log\1to10\README.md,README.md,analysis_markdown,,6a070081de583cb711181ce05b1bd622011db0f8eceb9509e1abb0c71da5f06a,888,False,False,,not_applicable,2026-07-23T02:58:41.326121+00:00
repository,C:\Users\Admin\workspace\CVio_Shrimp_Disease_Classification_Capstone_SU26\shrimp-leakage-aware-segmentation\ONLY_fourier\training_log\21to30\21_fourier_confirmation\21-log.ipynb,shrimp-leakage-aware-segmentation\ONLY_fourier\training_log\21to30\21_fourier_confirmation\21-log.ipynb,21-log.ipynb,executed_notebook,21,513aca9affce050e1cde6d502dc792ec37a061d7b04b185110693fc184a1ae80,451239,True,False,,not_applicable,2026-07-05T08:05:37.085284+00:00
repository,C:\Users\Admin\workspace\CVio_Shrimp_Disease_Classification_Capstone_SU26\shrimp-leakage-aware-segmentation\ONLY_fourier\training_log\21to30\21_fourier_confirmation\only_fourier_fddem_confirmation_no_aug_hook_off_seed42_paper_row.csv,shrimp-leakage-aware-segmentation\ONLY_fourier\training_log\21to30\21_fourier_confirmation\only_fourier_fddem_confirmation_no_aug_hook_off_seed42_paper_row.csv,only_fourier_fddem_confirmation_no_aug_hook_off_seed42_paper_row.csv,raw_metrics_or_log,,4941bd751a421364c99af5fe26fccc48dc9f54c24d26a19ae7b87478b454a0dd,6173,False,False,,not_applicable,2026-07-05T08:05:34.283877+00:00
repository,C:\Users\Admin\workspace\CVio_Shrimp_Disease_Classification_Capstone_SU26\shrimp-leakage-aware-segmentation\ONLY_fourier\training_log\21to30\22_fourier_new_ideas\22-log.ipynb,shrimp-leakage-aware-segmentation\ONLY_fourier\training_log\21to30\22_fourier_new_ideas\22-log.ipynb,22-log.ipynb,executed_notebook,22,43769992e0933ba7ef4f0fafe499e9405da38cfccab15b03bad05eee8f0e5bd8,754475,True,False,,not_applicable,2026-07-05T11:19:44.426975+00:00
repository,C:\Users\Admin\workspace\CVio_Shrimp_Disease_Classification_Capstone_SU26\shrimp-leakage-aware-segmentation\ONLY_fourier\training_log\21to30\22_fourier_new_ideas\only_fourier_hybrid_sweep_no_aug_hook_off_seed42_paper_row.csv,shrimp-leakage-aware-segmentation\ONLY_fourier\training_log\21to30\22_fourier_new_ideas\only_fourier_hybrid_sweep_no_aug_hook_off_seed42_paper_row.csv,only_fourier_hybrid_sweep_no_aug_hook_off_seed42_paper_row.csv,raw_metrics_or_log,,410015e0d3bd4e5d09c2eaad890568be3a05d640769bd25050127055f0ce8ff9,10261,False,False,,not_applicable,2026-07-05T11:20:02.359294+00:00
repository,C:\Users\Admin\workspace\CVio_Shrimp_Disease_Classification_Capstone_SU26\shrimp-leakage-aware-segmentation\ONLY_fourier\training_log\21to30\23\23-log.ipynb,shrimp-leakage-aware-segmentation\ONLY_fourier\training_log\21to30\23\23-log.ipynb,23-log.ipynb,executed_notebook,23,b18bacc0845a7ae0f1ba141279ef7f5abde27c1eb34333afc59ebc7e8eb81e2c,701952,True,False,,not_applicable,2026-07-06T06:58:46.516238+00:00
repository,C:\Users\Admin\workspace\CVio_Shrimp_Disease_Classification_Capstone_SU26\shrimp-leakage-aware-segmentation\ONLY_fourier\training_log\21to30\23\23_only_fourier_n1_hsv_w1_interaction_kaggle_seed42_paper_row.csv,shrimp-leakage-aware-segmentation\ONLY_fourier\training_log\21to30\23\23_only_fourier_n1_hsv_w1_interaction_kaggle_seed42_paper_row.csv,23_only_fourier_n1_hsv_w1_interaction_kaggle_seed42_paper_row.csv,raw_metrics_or_log,23,642f2bca7e3ba6488d2dfdd08554f02b39593474077d47ea2dbf76bb822b389d,9963,False,False,,not_applicable,2026-07-06T06:58:29.669627+00:00
repository,C:\Users\Admin\workspace\CVio_Shrimp_Disease_Classification_Capstone_SU26\shrimp-leakage-aware-segmentation\ONLY_fourier\training_log\21to30\23\23_only_fourier_n1_hsv_w1_interaction_kaggle_seed42_summary.csv,shrimp-leakage-aware-segmentation\ONLY_fourier\training_log\21to30\23\23_only_fourier_n1_hsv_w1_interaction_kaggle_seed42_summary.csv,23_only_fourier_n1_hsv_w1_interaction_kaggle_seed42_summary.csv,raw_metrics_or_log,23,05031d8038874d7b031db9e2eb215848f0ff2542de4fcd0251d6bbcbe7160524,24413,False,False,,not_applicable,2026-07-06T06:58:30.822656+00:00
repository,C:\Users\Admin\workspace\CVio_Shrimp_Disease_Classification_Capstone_SU26\shrimp-leakage-aware-segmentation\ONLY_fourier\training_log\21to30\24\24_log.ipynb,shrimp-leakage-aware-segmentation\ONLY_fourier\training_log\21to30\24\24_log.ipynb,24_log.ipynb,executed_notebook,24,d1c1812e3841e4da93de2befd42c3bf678d18b3dc9452d49848c3056392f0e47,962160,True,False,,not_applicable,2026-07-05T16:52:31.680032+00:00
repository,C:\Users\Admin\workspace\CVio_Shrimp_Disease_Classification_Capstone_SU26\shrimp-leakage-aware-segmentation\ONLY_fourier\training_log\21to30\24\only_fourier_n1_translate_w1_interaction_colab_seed42_paper_row.csv,shrimp-leakage-aware-segmentation\ONLY_fourier\training_log\21to30\24\only_fourier_n1_translate_w1_interaction_colab_seed42_paper_row.csv,only_fourier_n1_translate_w1_interaction_colab_seed42_paper_row.csv,raw_metrics_or_log,,5edbb61ec5b9f5cef7773f5b58471d6f5cad8ae7a953dac58c4b7d444353b2c2,9687,False,False,,not_applicable,2026-07-05T16:51:12.722470+00:00
repository,C:\Users\Admin\workspace\CVio_Shrimp_Disease_Classification_Capstone_SU26\shrimp-leakage-aware-segmentation\ONLY_fourier\training_log\21to30\24\only_fourier_n1_translate_w1_interaction_colab_seed42_summary.csv,shrimp-leakage-aware-segmentation\ONLY_fourier\training_log\21to30\24\only_fourier_n1_translate_w1_interaction_colab_seed42_summary.csv,only_fourier_n1_translate_w1_interaction_colab_seed42_summary.csv,raw_metrics_or_log,,a784f5ea0b39ec1d090bb0dcdc4a4af6fdb7eb770aa436145bc65ed59a0d2bf5,24261,False,False,,not_applicable,2026-07-05T16:51:06.687515+00:00
repository,C:\Users\Admin\workspace\CVio_Shrimp_Disease_Classification_Capstone_SU26\shrimp-leakage-aware-segmentation\ONLY_fourier\training_log\21to30\25\25_log.ipynb,shrimp-leakage-aware-segmentation\ONLY_fourier\training_log\21to30\25\25_log.ipynb,25_log.ipynb,executed_notebook,25,07d9dc3a75eaea418cc50028efbc161a0af6e0c94cfafb92e2574cb0227f010a,639277,True,False,,not_applicable,2026-07-05T16:58:29.584510+00:00
repository,C:\Users\Admin\workspace\CVio_Shrimp_Disease_Classification_Capstone_SU26\shrimp-leakage-aware-segmentation\ONLY_fourier\training_log\21to30\25\only_fourier_n1_scale_w1_interaction_colab_seed42_partial.csv,shrimp-leakage-aware-segmentation\ONLY_fourier\training_log\21to30\25\only_fourier_n1_scale_w1_interaction_colab_seed42_partial.csv,only_fourier_n1_scale_w1_interaction_colab_seed42_partial.csv,raw_metrics_or_log,,0450e96b74e4716fc17600943dfaec569a43cbe94a516de31cd1e84d0ac6bf13,15681,False,False,,not_applicable,2026-07-05T16:58:05.463911+00:00
repository,C:\Users\Admin\workspace\CVio_Shrimp_Disease_Classification_Capstone_SU26\shrimp-leakage-aware-segmentation\ONLY_fourier\training_log\21to30\26\026_log.ipynb,shrimp-leakage-aware-segmentation\ONLY_fourier\training_log\21to30\26\026_log.ipynb,026_log.ipynb,executed_notebook,26,d4dc774e02654408feb9a95f6d8dfc9a2ee531a6fc4549278e7dbe12879c905a,698315,True,False,,not_applicable,2026-07-05T17:04:35.176893+00:00
repository,C:\Users\Admin\workspace\CVio_Shrimp_Disease_Classification_Capstone_SU26\shrimp-leakage-aware-segmentation\ONLY_fourier\training_log\21to30\26\only_fourier_n1_fliplr_w1_interaction_colab_seed42_partial.csv,shrimp-leakage-aware-segmentation\ONLY_fourier\training_log\21to30\26\only_fourier_n1_fliplr_w1_interaction_colab_seed42_partial.csv,only_fourier_n1_fliplr_w1_interaction_colab_seed42_partial.csv,raw_metrics_or_log,,157b2c7f17647e991de9a205fdbb1529a76abd3a8e89e23e4176c2b052365dbe,18730,False,False,,not_applicable,2026-07-05T17:04:22.971425+00:00
repository,C:\Users\Admin\workspace\CVio_Shrimp_Disease_Classification_Capstone_SU26\shrimp-leakage-aware-segmentation\ONLY_fourier\training_log\21to30\27\27-log.ipynb,shrimp-leakage-aware-segmentation\ONLY_fourier\training_log\21to30\27\27-log.ipynb,27-log.ipynb,executed_notebook,27,c0a032278b39bc8895930f2b31274f92285fd88d9b2f8d0d9b4c3e1181875f97,406795,True,False,,not_applicable,2026-07-06T09:59:04.104470+00:00
repository,C:\Users\Admin\workspace\CVio_Shrimp_Disease_Classification_Capstone_SU26\shrimp-leakage-aware-segmentation\ONLY_fourier\training_log\21to30\27\27_only_fourier_n1_degrees_w1_interaction_kaggle_seed42_partial.csv,shrimp-leakage-aware-segmentation\ONLY_fourier\training_log\21to30\27\27_only_fourier_n1_degrees_w1_interaction_kaggle_seed42_partial.csv,27_only_fourier_n1_degrees_w1_interaction_kaggle_seed42_partial.csv,raw_metrics_or_log,27,83fabac6c3ca1345796191f3e9f505a4d5a1e0b8dbe7e3d0d859b25404a474d1,13422,False,False,,not_applicable,2026-07-06T09:58:55.943017+00:00
repository,C:\Users\Admin\workspace\CVio_Shrimp_Disease_Classification_Capstone_SU26\shrimp-leakage-aware-segmentation\ONLY_fourier\training_log\21to30\README.md,shrimp-leakage-aware-segmentation\ONLY_fourier\training_log\21to30\README.md,README.md,analysis_markdown,,175a3e7e3ce6cf80a8a57ed96fb37686db7acf758491b732bb92d5e9beb4f57e,922,False,False,,not_applicable,2026-07-23T02:58:45.098207+00:00
repository,C:\Users\Admin\workspace\CVio_Shrimp_Disease_Classification_Capstone_SU26\shrimp-leakage-aware-segmentation\ONLY_fourier\training_log\31to40\31\031_1st_RUN_translate_two_value_fourier_order_offline_colab_seed42.ipynb,shrimp-leakage-aware-segmentation\ONLY_fourier\training_log\31to40\31\031_1st_RUN_translate_two_value_fourier_order_offline_colab_seed42.ipynb,031_1st_RUN_translate_two_value_fourier_order_offline_colab_seed42.ipynb,executed_notebook,31,f777c377eb3a7b227da0418dacd15772bc58a5cc8dafc0d58c0fe13759e6dfcf,537947,True,False,,not_applicable,2026-07-13T09:39:32.364347+00:00
repository,C:\Users\Admin\workspace\CVio_Shrimp_Disease_Classification_Capstone_SU26\shrimp-leakage-aware-segmentation\ONLY_fourier\training_log\31to40\31\031_2nd_RUN_only_fourier_n1_translate_two_value_fourier_order_offline_colab_seed42_paper_row.csv,shrimp-leakage-aware-segmentation\ONLY_fourier\training_log\31to40\31\031_2nd_RUN_only_fourier_n1_translate_two_value_fourier_order_offline_colab_seed42_paper_row.csv,031_2nd_RUN_only_fourier_n1_translate_two_value_fourier_order_offline_colab_seed42_paper_row.csv,raw_metrics_or_log,31,a844a16d2ce4604c7b67d64fe1accde36d801001e7c30b258c06c456e0c2b32c,3908,False,False,,not_applicable,2026-07-13T11:55:10.556586+00:00
repository,C:\Users\Admin\workspace\CVio_Shrimp_Disease_Classification_Capstone_SU26\shrimp-leakage-aware-segmentation\ONLY_fourier\training_log\31to40\31\031_2nd_RUN_translate_two_value_fourier_order_offline_colab_seed42.ipynb,shrimp-leakage-aware-segmentation\ONLY_fourier\training_log\31to40\31\031_2nd_RUN_translate_two_value_fourier_order_offline_colab_seed42.ipynb,031_2nd_RUN_translate_two_value_fourier_order_offline_colab_seed42.ipynb,executed_notebook,31,fdeb37624fe2f53f30434df2f6fc51466fb92b0917a43e38a1d4afb1dcf4a039,391777,True,False,,not_applicable,2026-07-13T11:55:36.419723+00:00
repository,C:\Users\Admin\workspace\CVio_Shrimp_Disease_Classification_Capstone_SU26\shrimp-leakage-aware-segmentation\ONLY_fourier\training_log\31to40\31\31_1st_RUN_only_fourier_n1_translate_two_value_fourier_order_offline_colab_seed42_partial.csv,shrimp-leakage-aware-segmentation\ONLY_fourier\training_log\31to40\31\31_1st_RUN_only_fourier_n1_translate_two_value_fourier_order_offline_colab_seed42_partial.csv,31_1st_RUN_only_fourier_n1_translate_two_value_fourier_order_offline_colab_seed42_partial.csv,raw_metrics_or_log,31,e610ef702ff5b2a1cd82878172946550f77f82e4530a0c6f3803f1d291d4111d,16890,False,False,,not_applicable,2026-07-13T09:37:56.031481+00:00
repository,C:\Users\Admin\workspace\CVio_Shrimp_Disease_Classification_Capstone_SU26\shrimp-leakage-aware-segmentation\ONLY_fourier\training_log\31to40\32\032_1st_RUN_only_fourier_n1_scale_two_value_fourier_order_offline_colab_seed42_partial.csv,shrimp-leakage-aware-segmentation\ONLY_fourier\training_log\31to40\32\032_1st_RUN_only_fourier_n1_scale_two_value_fourier_order_offline_colab_seed42_partial.csv,032_1st_RUN_only_fourier_n1_scale_two_value_fourier_order_offline_colab_seed42_partial.csv,raw_metrics_or_log,32,559c6f20a3b70ec003d5e1f7f5725ec6f37489db9db05abb4c58890ef0c6e0e6,16664,False,False,,not_applicable,2026-07-13T09:48:36.331707+00:00
repository,C:\Users\Admin\workspace\CVio_Shrimp_Disease_Classification_Capstone_SU26\shrimp-leakage-aware-segmentation\ONLY_fourier\training_log\31to40\32\032_1st_RUN_scale_two_value_fourier_order_offline_colab_seed42.ipynb,shrimp-leakage-aware-segmentation\ONLY_fourier\training_log\31to40\32\032_1st_RUN_scale_two_value_fourier_order_offline_colab_seed42.ipynb,032_1st_RUN_scale_two_value_fourier_order_offline_colab_seed42.ipynb,executed_notebook,32,d70e0f2458396228a5210edbd4b8713ca8bdc731d131eaaa59cd2b0ad6f958b5,525842,True,False,,not_applicable,2026-07-13T09:49:10.021153+00:00
repository,C:\Users\Admin\workspace\CVio_Shrimp_Disease_Classification_Capstone_SU26\shrimp-leakage-aware-segmentation\ONLY_fourier\training_log\31to40\32\032_2nd_RUN_only_fourier_n1_scale_two_value_fourier_order_offline_colab_seed42_paper_row.csv,shrimp-leakage-aware-segmentation\ONLY_fourier\training_log\31to40\32\032_2nd_RUN_only_fourier_n1_scale_two_value_fourier_order_offline_colab_seed42_paper_row.csv,032_2nd_RUN_only_fourier_n1_scale_two_value_fourier_order_offline_colab_seed42_paper_row.csv,raw_metrics_or_log,32,1da68af48032f2524ba430fd11ccb0027791ac1bddc6ebf66290e69502e8915d,3856,False,False,,not_applicable,2026-07-13T12:06:57.525940+00:00
repository,C:\Users\Admin\workspace\CVio_Shrimp_Disease_Classification_Capstone_SU26\shrimp-leakage-aware-segmentation\ONLY_fourier\training_log\31to40\32\032_2nd_RUN_scale_two_value_fourier_order_offline_colab_seed42.ipynb,shrimp-leakage-aware-segmentation\ONLY_fourier\training_log\31to40\32\032_2nd_RUN_scale_two_value_fourier_order_offline_colab_seed42.ipynb,032_2nd_RUN_scale_two_value_fourier_order_offline_colab_seed42.ipynb,executed_notebook,32,53c2113cb26c6f5e6476db9aa96708fc64b97b2a9c9d9858beb7a34a01f3c6f2,401499,True,False,,not_applicable,2026-07-13T12:06:47.731369+00:00
repository,C:\Users\Admin\workspace\CVio_Shrimp_Disease_Classification_Capstone_SU26\shrimp-leakage-aware-segmentation\ONLY_fourier\training_log\31to40\33\033_1st_RUN_fliplr_two_value_fourier_order_offline_colab_seed42.ipynb,shrimp-leakage-aware-segmentation\ONLY_fourier\training_log\31to40\33\033_1st_RUN_fliplr_two_value_fourier_order_offline_colab_seed42.ipynb,033_1st_RUN_fliplr_two_value_fourier_order_offline_colab_seed42.ipynb,executed_notebook,33,4f14298cf3f2573c42f46aca27c43f500897ae92580e2f5b34ffd082bd1db34e,580115,True,False,,not_applicable,2026-07-13T09:48:26.809617+00:00
repository,C:\Users\Admin\workspace\CVio_Shrimp_Disease_Classification_Capstone_SU26\shrimp-leakage-aware-segmentation\ONLY_fourier\training_log\31to40\33\033_1st_RUN_only_fourier_n1_fliplr_two_value_fourier_order_offline_colab_seed42_partial.csv,shrimp-leakage-aware-segmentation\ONLY_fourier\training_log\31to40\33\033_1st_RUN_only_fourier_n1_fliplr_two_value_fourier_order_offline_colab_seed42_partial.csv,033_1st_RUN_only_fourier_n1_fliplr_two_value_fourier_order_offline_colab_seed42_partial.csv,raw_metrics_or_log,33,d35f2d258894ff74d9c8f34d99d260c4e3134944b61d35be400af7bde6f03fce,20702,False,False,,not_applicable,2026-07-13T09:48:05.062953+00:00
repository,C:\Users\Admin\workspace\CVio_Shrimp_Disease_Classification_Capstone_SU26\shrimp-leakage-aware-segmentation\ONLY_fourier\training_log\31to40\33\033_2nd_RUN_fliplr_two_value_fourier_order_offline_colab_seed42.ipynb,shrimp-leakage-aware-segmentation\ONLY_fourier\training_log\31to40\33\033_2nd_RUN_fliplr_two_value_fourier_order_offline_colab_seed42.ipynb,033_2nd_RUN_fliplr_two_value_fourier_order_offline_colab_seed42.ipynb,executed_notebook,33,94465f26f237f5f698d83eb59cd188f7012214e37ba8c65e97878981e0df885e,421466,True,False,,not_applicable,2026-07-13T12:15:52.745950+00:00
repository,C:\Users\Admin\workspace\CVio_Shrimp_Disease_Classification_Capstone_SU26\shrimp-leakage-aware-segmentation\ONLY_fourier\training_log\31to40\33\033_2nd_RUN_only_fourier_n1_fliplr_two_value_fourier_order_offline_colab_seed42_paper_row.csv,shrimp-leakage-aware-segmentation\ONLY_fourier\training_log\31to40\33\033_2nd_RUN_only_fourier_n1_fliplr_two_value_fourier_order_offline_colab_seed42_paper_row.csv,033_2nd_RUN_only_fourier_n1_fliplr_two_value_fourier_order_offline_colab_seed42_paper_row.csv,raw_metrics_or_log,33,3ee40e1c3cb7b86ec8f74fa8e0a56f7d0d6089f353129521075aa3652aa5c969,3860,False,False,,not_applicable,2026-07-13T12:16:34.466469+00:00
repository,C:\Users\Admin\workspace\CVio_Shrimp_Disease_Classification_Capstone_SU26\shrimp-leakage-aware-segmentation\ONLY_fourier\training_log\31to40\34\034_1st_RUN_degrees_two_value_fourier_order_offline_colab_seed42.ipynb,shrimp-leakage-aware-segmentation\ONLY_fourier\training_log\31to40\34\034_1st_RUN_degrees_two_value_fourier_order_offline_colab_seed42.ipynb,034_1st_RUN_degrees_two_value_fourier_order_offline_colab_seed42.ipynb,executed_notebook,34,a7b617bd06d8e94524da1bbce667809552c76710d1eaadd070f28b02f609f187,525410,True,False,,not_applicable,2026-07-13T09:37:15.514827+00:00
repository,C:\Users\Admin\workspace\CVio_Shrimp_Disease_Classification_Capstone_SU26\shrimp-leakage-aware-segmentation\ONLY_fourier\training_log\31to40\34\034_2nd_RUN_degrees_two_value_fourier_order_offline_colab_seed42.ipynb,shrimp-leakage-aware-segmentation\ONLY_fourier\training_log\31to40\34\034_2nd_RUN_degrees_two_value_fourier_order_offline_colab_seed42.ipynb,034_2nd_RUN_degrees_two_value_fourier_order_offline_colab_seed42.ipynb,executed_notebook,34,18c556166d42514bfb72e7d9583a1333c4fe12595c5721ff8049cbc0a1591b7b,396501,True,False,,not_applicable,2026-07-13T12:01:08.476010+00:00
repository,C:\Users\Admin\workspace\CVio_Shrimp_Disease_Classification_Capstone_SU26\shrimp-leakage-aware-segmentation\ONLY_fourier\training_log\31to40\34\034_2nd_RUN_only_fourier_n1_degrees_two_value_fourier_order_offline_colab_seed42_paper_row.csv,shrimp-leakage-aware-segmentation\ONLY_fourier\training_log\31to40\34\034_2nd_RUN_only_fourier_n1_degrees_two_value_fourier_order_offline_colab_seed42_paper_row.csv,034_2nd_RUN_only_fourier_n1_degrees_two_value_fourier_order_offline_colab_seed42_paper_row.csv,raw_metrics_or_log,34,9404896121592f9ceb35ab22f03e48fcb4e9634866b556cee0935483e437d2cc,3845,False,False,,not_applicable,2026-07-13T12:01:37.650885+00:00
repository,C:\Users\Admin\workspace\CVio_Shrimp_Disease_Classification_Capstone_SU26\shrimp-leakage-aware-segmentation\ONLY_fourier\training_log\31to40\34\34_only_fourier_n1_degrees_two_value_fourier_order_offline_colab_seed42_partial.csv,shrimp-leakage-aware-segmentation\ONLY_fourier\training_log\31to40\34\34_only_fourier_n1_degrees_two_value_fourier_order_offline_colab_seed42_partial.csv,34_only_fourier_n1_degrees_two_value_fourier_order_offline_colab_seed42_partial.csv,raw_metrics_or_log,34,8095e0794d1e8a71e7561453f4a6ec27f1c2aa542bcbde0a8725c8dc3402eaa1,16581,False,False,,not_applicable,2026-07-13T09:36:30.102364+00:00
repository,C:\Users\Admin\workspace\CVio_Shrimp_Disease_Classification_Capstone_SU26\shrimp-leakage-aware-segmentation\ONLY_fourier\training_log\31to40\35\035_1st_RUN_erasing_two_value_fourier_order_offline_colab_seed42.ipynb,shrimp-leakage-aware-segmentation\ONLY_fourier\training_log\31to40\35\035_1st_RUN_erasing_two_value_fourier_order_offline_colab_seed42.ipynb,035_1st_RUN_erasing_two_value_fourier_order_offline_colab_seed42.ipynb,executed_notebook,35,986f7163ddd0ae169759b026cb1230724ebe9cc35a4f2bb5ae4af83ccdc28196,428054,True,False,,not_applicable,2026-07-15T03:49:24.611383+00:00
repository,C:\Users\Admin\workspace\CVio_Shrimp_Disease_Classification_Capstone_SU26\shrimp-leakage-aware-segmentation\ONLY_fourier\training_log\31to40\35\035_1st_RUN_only_fourier_n1_erasing_two_value_fourier_order_offline_colab_seed42_partial.csv,shrimp-leakage-aware-segmentation\ONLY_fourier\training_log\31to40\35\035_1st_RUN_only_fourier_n1_erasing_two_value_fourier_order_offline_colab_seed42_partial.csv,035_1st_RUN_only_fourier_n1_erasing_two_value_fourier_order_offline_colab_seed42_partial.csv,raw_metrics_or_log,35,a52be4a837c65c0b2e0403b1dc2c85198f1ef9773cc43bb8e551b0e7089bed1d,13592,False,False,,not_applicable,2026-07-15T03:48:43.590435+00:00
repository,C:\Users\Admin\workspace\CVio_Shrimp_Disease_Classification_Capstone_SU26\shrimp-leakage-aware-segmentation\ONLY_fourier\training_log\31to40\35\035_2nd_RUN_erasing_two_value_fourier_order_offline_colab_seed42.ipynb,shrimp-leakage-aware-segmentation\ONLY_fourier\training_log\31to40\35\035_2nd_RUN_erasing_two_value_fourier_order_offline_colab_seed42.ipynb,035_2nd_RUN_erasing_two_value_fourier_order_offline_colab_seed42.ipynb,executed_notebook,35,65e1390d886506a7053f4be749d71af1d02d3b945d219b598428006787a4c067,478333,True,False,,not_applicable,2026-07-15T03:54:46.864754+00:00
repository,C:\Users\Admin\workspace\CVio_Shrimp_Disease_Classification_Capstone_SU26\shrimp-leakage-aware-segmentation\ONLY_fourier\training_log\31to40\35\035_2nd_RUN_only_fourier_n1_erasing_two_value_fourier_order_offline_colab_seed42_paper_row.csv,shrimp-leakage-aware-segmentation\ONLY_fourier\training_log\31to40\35\035_2nd_RUN_only_fourier_n1_erasing_two_value_fourier_order_offline_colab_seed42_paper_row.csv,035_2nd_RUN_only_fourier_n1_erasing_two_value_fourier_order_offline_colab_seed42_paper_row.csv,raw_metrics_or_log,35,0d33104bdf766429c0b383a37a68118b87cf81b7d722024f1a6db1c689fa1b3b,4984,False,False,,not_applicable,2026-07-15T03:53:58.856019+00:00
repository,C:\Users\Admin\workspace\CVio_Shrimp_Disease_Classification_Capstone_SU26\shrimp-leakage-aware-segmentation\ONLY_fourier\training_log\31to40\36\036_1st_RUN_flipud_two_value_fourier_order_offline_colab_seed42.ipynb,shrimp-leakage-aware-segmentation\ONLY_fourier\training_log\31to40\36\036_1st_RUN_flipud_two_value_fourier_order_offline_colab_seed42.ipynb,036_1st_RUN_flipud_two_value_fourier_order_offline_colab_seed42.ipynb,executed_notebook,36,a34fa8c850218b849568f47b3aca6a9b6f6482bafc8bbe5dc571c4e6294887f0,425304,True,False,,not_applicable,2026-07-15T03:39:08.746134+00:00
repository,C:\Users\Admin\workspace\CVio_Shrimp_Disease_Classification_Capstone_SU26\shrimp-leakage-aware-segmentation\ONLY_fourier\training_log\31to40\36\036_1st_RUN_only_fourier_n1_flipud_two_value_fourier_order_offline_colab_seed42_partial.csv,shrimp-leakage-aware-segmentation\ONLY_fourier\training_log\31to40\36\036_1st_RUN_only_fourier_n1_flipud_two_value_fourier_order_offline_colab_seed42_partial.csv,036_1st_RUN_only_fourier_n1_flipud_two_value_fourier_order_offline_colab_seed42_partial.csv,raw_metrics_or_log,36,f788f167508b885a144b9ff0d4ddb0c8c82fb252f761246751d415487e418000,13862,False,False,,not_applicable,2026-07-15T03:38:47.846384+00:00
repository,C:\Users\Admin\workspace\CVio_Shrimp_Disease_Classification_Capstone_SU26\shrimp-leakage-aware-segmentation\ONLY_fourier\training_log\31to40\36\036_2nd_RUN_flipud_two_value_fourier_order_offline_colab_seed42.ipynb,shrimp-leakage-aware-segmentation\ONLY_fourier\training_log\31to40\36\036_2nd_RUN_flipud_two_value_fourier_order_offline_colab_seed42.ipynb,036_2nd_RUN_flipud_two_value_fourier_order_offline_colab_seed42.ipynb,executed_notebook,36,ccfb3d63d4eb0c323d9c080da839a8ceb3a295b96644815228e26f75430ac0bd,478826,True,False,,not_applicable,2026-07-15T03:47:58.020010+00:00
repository,C:\Users\Admin\workspace\CVio_Shrimp_Disease_Classification_Capstone_SU26\shrimp-leakage-aware-segmentation\ONLY_fourier\training_log\31to40\36\036_2nd_RUN_only_fourier_n1_flipud_two_value_fourier_order_offline_colab_seed42_paper_row.csv,shrimp-leakage-aware-segmentation\ONLY_fourier\training_log\31to40\36\036_2nd_RUN_only_fourier_n1_flipud_two_value_fourier_order_offline_colab_seed42_paper_row.csv,036_2nd_RUN_only_fourier_n1_flipud_two_value_fourier_order_offline_colab_seed42_paper_row.csv,raw_metrics_or_log,36,adf8972881895b75a8f82a7419a20974be1ce6af48ebb68e45f4a17f483648d3,4966,False,False,,not_applicable,2026-07-15T03:47:44.618303+00:00
repository,C:\Users\Admin\workspace\CVio_Shrimp_Disease_Classification_Capstone_SU26\shrimp-leakage-aware-segmentation\ONLY_fourier\training_log\31to40\37\037_n2_translate_scale_fourier_order_offline_colab_seed42.ipynb,shrimp-leakage-aware-segmentation\ONLY_fourier\training_log\31to40\37\037_n2_translate_scale_fourier_order_offline_colab_seed42.ipynb,037_n2_translate_scale_fourier_order_offline_colab_seed42.ipynb,executed_notebook,37,df49894780185c8162ff702096835e49880f70ef0274e3cb1bed37dc684171a1,465542,True,False,,not_applicable,2026-07-16T03:40:48.861237+00:00
repository,C:\Users\Admin\workspace\CVio_Shrimp_Disease_Classification_Capstone_SU26\shrimp-leakage-aware-segmentation\ONLY_fourier\training_log\31to40\37\037_only_fourier_n2_translate_scale_three_run_fourier_order_offline_colab_seed42_paper_row.csv,shrimp-leakage-aware-segmentation\ONLY_fourier\training_log\31to40\37\037_only_fourier_n2_translate_scale_three_run_fourier_order_offline_colab_seed42_paper_row.csv,037_only_fourier_n2_translate_scale_three_run_fourier_order_offline_colab_seed42_paper_row.csv,raw_metrics_or_log,37,507f57d1382a6028dd88c231eb5f1a990e23ffb63787bc326a790e6f5f12625f,5290,False,False,,not_applicable,2026-07-16T03:40:36.130192+00:00
repository,C:\Users\Admin\workspace\CVio_Shrimp_Disease_Classification_Capstone_SU26\shrimp-leakage-aware-segmentation\ONLY_fourier\training_log\31to40\38\038_n2_translate_erasing_fourier_order_offline_colab_seed42.ipynb,shrimp-leakage-aware-segmentation\ONLY_fourier\training_log\31to40\38\038_n2_translate_erasing_fourier_order_offline_colab_seed42.ipynb,038_n2_translate_erasing_fourier_order_offline_colab_seed42.ipynb,executed_notebook,38,897db3481ae4cd77a57005d90717b7e3facb9a67067853215e12a9b04e71c618,463184,True,False,,not_applicable,2026-07-16T03:50:45.545699+00:00
repository,C:\Users\Admin\workspace\CVio_Shrimp_Disease_Classification_Capstone_SU26\shrimp-leakage-aware-segmentation\ONLY_fourier\training_log\31to40\38\38_only_fourier_n2_translate_erasing_three_run_fourier_order_offline_colab_seed42_paper_row.csv,shrimp-leakage-aware-segmentation\ONLY_fourier\training_log\31to40\38\38_only_fourier_n2_translate_erasing_three_run_fourier_order_offline_colab_seed42_paper_row.csv,38_only_fourier_n2_translate_erasing_three_run_fourier_order_offline_colab_seed42_paper_row.csv,raw_metrics_or_log,38,bf9d379444d0efa93e492b9c7c4496107c976139dcdfb85248a1e05451245c65,5327,False,False,,not_applicable,2026-07-16T03:50:37.212392+00:00
repository,C:\Users\Admin\workspace\CVio_Shrimp_Disease_Classification_Capstone_SU26\shrimp-leakage-aware-segmentation\ONLY_fourier\training_log\31to40\39\039_n2_translate_flipud_fourier_order_offline_colab_seed42.ipynb,shrimp-leakage-aware-segmentation\ONLY_fourier\training_log\31to40\39\039_n2_translate_flipud_fourier_order_offline_colab_seed42.ipynb,039_n2_translate_flipud_fourier_order_offline_colab_seed42.ipynb,executed_notebook,39,5fa106d35678374e654c37e5bb229fbd478ef341dfd22836a990d54d795391b0,466849,True,False,,not_applicable,2026-07-16T03:57:10.849589+00:00
repository,C:\Users\Admin\workspace\CVio_Shrimp_Disease_Classification_Capstone_SU26\shrimp-leakage-aware-segmentation\ONLY_fourier\training_log\31to40\39\39_only_fourier_n2_translate_flipud_three_run_fourier_order_offline_colab_seed42_paper_row.csv,shrimp-leakage-aware-segmentation\ONLY_fourier\training_log\31to40\39\39_only_fourier_n2_translate_flipud_three_run_fourier_order_offline_colab_seed42_paper_row.csv,39_only_fourier_n2_translate_flipud_three_run_fourier_order_offline_colab_seed42_paper_row.csv,raw_metrics_or_log,39,142ad75e1dbad09f36ae4fa07914fd4ce3cd544b15d392a72f46625eb29db0e9,5316,False,False,,not_applicable,2026-07-16T03:57:00.085285+00:00
repository,C:\Users\Admin\workspace\CVio_Shrimp_Disease_Classification_Capstone_SU26\shrimp-leakage-aware-segmentation\ONLY_fourier\training_log\31to40\40\040_n2_scale_erasing_fourier_order_offline_colab_seed42.ipynb,shrimp-leakage-aware-segmentation\ONLY_fourier\training_log\31to40\40\040_n2_scale_erasing_fourier_order_offline_colab_seed42.ipynb,040_n2_scale_erasing_fourier_order_offline_colab_seed42.ipynb,executed_notebook,40,aa8e4dcabfde52bab413096847d2f074394fe1bad70e5baf95fbf26db082f21e,457508,True,False,,not_applicable,2026-07-16T03:48:55.619241+00:00
repository,C:\Users\Admin\workspace\CVio_Shrimp_Disease_Classification_Capstone_SU26\shrimp-leakage-aware-segmentation\ONLY_fourier\training_log\31to40\40\40_only_fourier_n2_scale_erasing_three_run_fourier_order_offline_colab_seed42_paper_row.csv,shrimp-leakage-aware-segmentation\ONLY_fourier\training_log\31to40\40\40_only_fourier_n2_scale_erasing_three_run_fourier_order_offline_colab_seed42_paper_row.csv,40_only_fourier_n2_scale_erasing_three_run_fourier_order_offline_colab_seed42_paper_row.csv,raw_metrics_or_log,40,05843b7b05b4f8f7f706af6635efdb235f418cd1258f850af694754cf34f471a,5208,False,False,,not_applicable,2026-07-16T03:48:38.862170+00:00
repository,C:\Users\Admin\workspace\CVio_Shrimp_Disease_Classification_Capstone_SU26\shrimp-leakage-aware-segmentation\ONLY_fourier\training_log\31to40\README.md,shrimp-leakage-aware-segmentation\ONLY_fourier\training_log\31to40\README.md,README.md,analysis_markdown,,15973156ba140f6e6a62471391c29932be54f10929505bbb849477f6d3c665f2,895,False,False,,not_applicable,2026-07-23T02:58:46.986081+00:00
repository,C:\Users\Admin\workspace\CVio_Shrimp_Disease_Classification_Capstone_SU26\shrimp-leakage-aware-segmentation\ONLY_fourier\training_log\41to50\41\041_n2_translate_fliplr_fourier_order_offline_colab_seed42.ipynb,shrimp-leakage-aware-segmentation\ONLY_fourier\training_log\41to50\41\041_n2_translate_fliplr_fourier_order_offline_colab_seed42.ipynb,041_n2_translate_fliplr_fourier_order_offline_colab_seed42.ipynb,executed_notebook,41,4cd04ae6be743605dd61482f37d27782686733d7004156abb59f713d3f409e04,463109,True,False,,not_applicable,2026-07-19T08:11:06.877783+00:00
repository,C:\Users\Admin\workspace\CVio_Shrimp_Disease_Classification_Capstone_SU26\shrimp-leakage-aware-segmentation\ONLY_fourier\training_log\41to50\41\41_only_fourier_n2_translate_fliplr_three_run_fourier_order_offline_colab_seed42_paper_row.csv,shrimp-leakage-aware-segmentation\ONLY_fourier\training_log\41to50\41\41_only_fourier_n2_translate_fliplr_three_run_fourier_order_offline_colab_seed42_paper_row.csv,41_only_fourier_n2_translate_fliplr_three_run_fourier_order_offline_colab_seed42_paper_row.csv,raw_metrics_or_log,41,00248c860d5e9e2d515cab0e4d3ed860b3b2a628e592ceb1f3581d112a48f7b5,5316,False,False,,not_applicable,2026-07-19T08:10:39.403837+00:00
repository,C:\Users\Admin\workspace\CVio_Shrimp_Disease_Classification_Capstone_SU26\shrimp-leakage-aware-segmentation\ONLY_fourier\training_log\41to50\42\042_n2_scale_flipud_fourier_order_offline_colab_seed42.ipynb,shrimp-leakage-aware-segmentation\ONLY_fourier\training_log\41to50\42\042_n2_scale_flipud_fourier_order_offline_colab_seed42.ipynb,042_n2_scale_flipud_fourier_order_offline_colab_seed42.ipynb,executed_notebook,42,c01479a54c7eac6bdce4db246e239ed341c9d0b4ff5e45e46b6ecc69dc4613b7,480094,True,False,,not_applicable,2026-07-19T08:20:21.751575+00:00
repository,C:\Users\Admin\workspace\CVio_Shrimp_Disease_Classification_Capstone_SU26\shrimp-leakage-aware-segmentation\ONLY_fourier\training_log\41to50\42\42_only_fourier_n2_scale_flipud_three_run_fourier_order_offline_colab_seed42_paper_row.csv,shrimp-leakage-aware-segmentation\ONLY_fourier\training_log\41to50\42\42_only_fourier_n2_scale_flipud_three_run_fourier_order_offline_colab_seed42_paper_row.csv,42_only_fourier_n2_scale_flipud_three_run_fourier_order_offline_colab_seed42_paper_row.csv,raw_metrics_or_log,42,54fa25d6f791b2594ce2088e892bc1708f12580a32eeaa61db908085fe27190d,5160,False,False,,not_applicable,2026-07-19T08:20:00.486672+00:00
repository,C:\Users\Admin\workspace\CVio_Shrimp_Disease_Classification_Capstone_SU26\shrimp-leakage-aware-segmentation\ONLY_fourier\training_log\41to50\43\043_n2_scale_fliplr_fourier_order_offline_colab_seed42.ipynb,shrimp-leakage-aware-segmentation\ONLY_fourier\training_log\41to50\43\043_n2_scale_fliplr_fourier_order_offline_colab_seed42.ipynb,043_n2_scale_fliplr_fourier_order_offline_colab_seed42.ipynb,executed_notebook,43,2f8ccd5289fbf77f9d9b7b0749426019fe43fd86ac4f773e114c1447ae73925b,471955,True,False,,not_applicable,2026-07-19T08:27:44.567825+00:00
repository,C:\Users\Admin\workspace\CVio_Shrimp_Disease_Classification_Capstone_SU26\shrimp-leakage-aware-segmentation\ONLY_fourier\training_log\41to50\43\43_only_fourier_n2_scale_fliplr_three_run_fourier_order_offline_colab_seed42_paper_row.csv,shrimp-leakage-aware-segmentation\ONLY_fourier\training_log\41to50\43\43_only_fourier_n2_scale_fliplr_three_run_fourier_order_offline_colab_seed42_paper_row.csv,43_only_fourier_n2_scale_fliplr_three_run_fourier_order_offline_colab_seed42_paper_row.csv,raw_metrics_or_log,43,5288976ea6b96f645cd8966f5de5be08373fbac5512646f0ab4c7766b214e18a,5188,False,False,,not_applicable,2026-07-19T08:27:36.859188+00:00
repository,C:\Users\Admin\workspace\CVio_Shrimp_Disease_Classification_Capstone_SU26\shrimp-leakage-aware-segmentation\ONLY_fourier\training_log\41to50\44\044_n2_translate_degrees_fourier_order_offline_colab_seed42.ipynb,shrimp-leakage-aware-segmentation\ONLY_fourier\training_log\41to50\44\044_n2_translate_degrees_fourier_order_offline_colab_seed42.ipynb,044_n2_translate_degrees_fourier_order_offline_colab_seed42.ipynb,executed_notebook,44,905a3f8673333fe766ec15f9445cd06b0a443e17122fbd552449a8784b0498f7,469356,True,False,,not_applicable,2026-07-19T08:14:19.735716+00:00
repository,C:\Users\Admin\workspace\CVio_Shrimp_Disease_Classification_Capstone_SU26\shrimp-leakage-aware-segmentation\ONLY_fourier\training_log\41to50\44\44_only_fourier_n2_translate_degrees_three_run_fourier_order_offline_colab_seed42_paper_row.csv,shrimp-leakage-aware-segmentation\ONLY_fourier\training_log\41to50\44\44_only_fourier_n2_translate_degrees_three_run_fourier_order_offline_colab_seed42_paper_row.csv,44_only_fourier_n2_translate_degrees_three_run_fourier_order_offline_colab_seed42_paper_row.csv,raw_metrics_or_log,44,7e9857fb54614ce2714dbe5f59f135a3f9e1019cbb8fa6f7ae980768f0140446,5338,False,False,,not_applicable,2026-07-19T08:14:11.078341+00:00
repository,C:\Users\Admin\workspace\CVio_Shrimp_Disease_Classification_Capstone_SU26\shrimp-leakage-aware-segmentation\ONLY_fourier\training_log\41to50\45\045-run.ipynb,shrimp-leakage-aware-segmentation\ONLY_fourier\training_log\41to50\45\045-run.ipynb,045-run.ipynb,executed_notebook,45,d704ed01d6b16c636585e4279eeac6d663c9bf77a35ab9cef61e449a94a211e0,702206,True,False,,not_applicable,2026-07-20T06:36:24.602122+00:00
repository,C:\Users\Admin\workspace\CVio_Shrimp_Disease_Classification_Capstone_SU26\shrimp-leakage-aware-segmentation\ONLY_fourier\training_log\41to50\45\45_only_fourier_panel_a_noise_robustness_kaggle_seed42_paper_row.txt,shrimp-leakage-aware-segmentation\ONLY_fourier\training_log\41to50\45\45_only_fourier_panel_a_noise_robustness_kaggle_seed42_paper_row.txt,45_only_fourier_panel_a_noise_robustness_kaggle_seed42_paper_row.txt,raw_metrics_or_log,45,1c819a30e189f2557668324723f87c965844fbad004a33fafc9cdf87e75348ac,5884,False,False,,not_applicable,2026-07-20T06:37:25.906850+00:00
repository,C:\Users\Admin\workspace\CVio_Shrimp_Disease_Classification_Capstone_SU26\shrimp-leakage-aware-segmentation\ONLY_fourier\training_log\41to50\46\46-log.ipynb,shrimp-leakage-aware-segmentation\ONLY_fourier\training_log\41to50\46\46-log.ipynb,46-log.ipynb,executed_notebook,46,174ea7df90c2a9ac969d05e231ed2067c8e991de1a29211ea3324e11e16aaeab,36447,True,False,,not_applicable,2026-07-20T12:31:34.402536+00:00
repository,C:\Users\Admin\workspace\CVio_Shrimp_Disease_Classification_Capstone_SU26\shrimp-leakage-aware-segmentation\ONLY_fourier\training_log\41to50\46\46_inference_timing_all_methods_seed42.json,shrimp-leakage-aware-segmentation\ONLY_fourier\training_log\41to50\46\46_inference_timing_all_methods_seed42.json,46_inference_timing_all_methods_seed42.json,raw_metrics_or_log,46,34bae15c64c5d3ef2468c12f5dd83d3bf8d0e50f0924a261e71a3b0e699c8ab1,3366,False,False,,not_applicable,2026-07-20T12:31:32.380602+00:00
repository,C:\Users\Admin\workspace\CVio_Shrimp_Disease_Classification_Capstone_SU26\shrimp-leakage-aware-segmentation\ONLY_fourier\training_log\41to50\README.md,shrimp-leakage-aware-segmentation\ONLY_fourier\training_log\41to50\README.md,README.md,analysis_markdown,,4566cb23ceab5aa10c8e68a4f3117442031c268a575f02e2dce4e72687b65ca9,1023,False,False,,not_applicable,2026-07-23T02:58:48.955940+00:00
repository,C:\Users\Admin\workspace\CVio_Shrimp_Disease_Classification_Capstone_SU26\shrimp-leakage-aware-segmentation\ONLY_fourier\training_log\99_noise-ablation-baseline.ipynb,shrimp-leakage-aware-segmentation\ONLY_fourier\training_log\99_noise-ablation-baseline.ipynb,99_noise-ablation-baseline.ipynb,executed_notebook,,8e3eb6742c8e28a4ebdcc0efc811fef422b101c1ce60f9c643b5c70ceb4bafd3,294901,True,False,,not_applicable,2026-07-02T03:50:59.097846+00:00
repository,C:\Users\Admin\workspace\CVio_Shrimp_Disease_Classification_Capstone_SU26\shrimp-leakage-aware-segmentation\ONLY_fourier\training_log\factorial_A_H_highpass_s50_a0p10_analysis.md,shrimp-leakage-aware-segmentation\ONLY_fourier\training_log\factorial_A_H_highpass_s50_a0p10_analysis.md,factorial_A_H_highpass_s50_a0p10_analysis.md,analysis_markdown,,4ce052844edf445bb43571e9f390d254af4c9e40797076ef05b72ee7b14986d6,5351,False,False,,not_applicable,2026-07-02T03:50:59.099854+00:00
repository,C:\Users\Admin\workspace\CVio_Shrimp_Disease_Classification_Capstone_SU26\shrimp-leakage-aware-segmentation\ONLY_fourier\training_log\final_metrics_and_training_configs_registry.md,shrimp-leakage-aware-segmentation\ONLY_fourier\training_log\final_metrics_and_training_configs_registry.md,final_metrics_and_training_configs_registry.md,analysis_markdown,,700428e75eef726184636761a718021fafe64f1f0ae1fccc7653e0edbd89d55e,23193,False,False,,not_applicable,2026-07-02T03:50:59.099854+00:00
repository,C:\Users\Admin\workspace\CVio_Shrimp_Disease_Classification_Capstone_SU26\shrimp-leakage-aware-segmentation\ONLY_fourier\training_log\only_fourier_consolidated_training_metrics.csv,shrimp-leakage-aware-segmentation\ONLY_fourier\training_log\only_fourier_consolidated_training_metrics.csv,only_fourier_consolidated_training_metrics.csv,raw_metrics_or_log,,3519f20c45f28fbbfc1128e96adb40ba1f59968ee31e5f2a74050036e771ca6f,33559,False,False,,not_applicable,2026-07-02T03:50:59.101864+00:00
repository,C:\Users\Admin\workspace\CVio_Shrimp_Disease_Classification_Capstone_SU26\shrimp-leakage-aware-segmentation\ONLY_fourier\training_log\only_fourier_consolidated_training_metrics_sources.csv,shrimp-leakage-aware-segmentation\ONLY_fourier\training_log\only_fourier_consolidated_training_metrics_sources.csv,only_fourier_consolidated_training_metrics_sources.csv,raw_metrics_or_log,,4397bf42f54531cb8c9cccce49ff38231e99051ba74d82d415a9792fa7fd8066,940,False,False,,not_applicable,2026-07-02T03:50:59.101864+00:00
repository,C:\Users\Admin\workspace\CVio_Shrimp_Disease_Classification_Capstone_SU26\shrimp-leakage-aware-segmentation\ONLY_fourier\training_log\only_fourier_factorial_A_H_highpass_s50_a0p10_summary.csv,shrimp-leakage-aware-segmentation\ONLY_fourier\training_log\only_fourier_factorial_A_H_highpass_s50_a0p10_summary.csv,only_fourier_factorial_A_H_highpass_s50_a0p10_summary.csv,raw_metrics_or_log,,8c9509387aaa38a46cb63d7c0d30729a9cc22cad1bec989dab8f714d61b980c6,23522,False,False,,not_applicable,2026-07-02T03:50:59.104249+00:00
repository,C:\Users\Admin\workspace\CVio_Shrimp_Disease_Classification_Capstone_SU26\shrimp-leakage-aware-segmentation\ONLY_fourier\training_log\only_fourier_running_metrics_report.md,shrimp-leakage-aware-segmentation\ONLY_fourier\training_log\only_fourier_running_metrics_report.md,only_fourier_running_metrics_report.md,analysis_markdown,,5e73bc7887a073b0bf2808ca77dca2d8fbf8817f2d3d6fc942fd77680122307f,14421,False,False,,not_applicable,2026-07-02T03:50:59.105259+00:00
repository,C:\Users\Admin\workspace\CVio_Shrimp_Disease_Classification_Capstone_SU26\shrimp-leakage-aware-segmentation\ONLY_fourier\training_log\training_log_summary.md,shrimp-leakage-aware-segmentation\ONLY_fourier\training_log\training_log_summary.md,training_log_summary.md,analysis_markdown,,1cc8d833e6ed2da6864252f3601bafa1d19977e6d1fb2b9ea5482236a7608e17,9351,False,False,,not_applicable,2026-07-02T03:50:59.106257+00:00
repository,C:\Users\Admin\workspace\CVio_Shrimp_Disease_Classification_Capstone_SU26\shrimp-leakage-aware-segmentation\ONLY_fourier\u2net_bgrem_clean_aug_hook_on.ipynb,shrimp-leakage-aware-segmentation\ONLY_fourier\u2net_bgrem_clean_aug_hook_on.ipynb,u2net_bgrem_clean_aug_hook_on.ipynb,unexecuted_notebook,,3fdb8614d38e6d1e2ba4e23814b0363a87d532148cf9b4c0cb3988192fc6d285,83041,False,False,,not_applicable,2026-07-02T03:50:59.107183+00:00
downloads,C:\Users\Admin\Downloads\013-mode-g-fourier-tuning-seed42.ipynb,,013-mode-g-fourier-tuning-seed42.ipynb,executed_notebook,13,ab95f3c370f8145ba812ec95248beae6d5ad4e608539f42063dd8e767b74a6fb,783506,True,True,,exact_duplicate_of_repository,2026-06-23T09:59:05.567061+00:00
downloads,C:\Users\Admin\Downloads\014-mode-g-highpass-local-sweep-seed42.ipynb,,014-mode-g-highpass-local-sweep-seed42.ipynb,executed_notebook,14,afbbd0992b1f51dde8d5dca321987f81b23aaf14e68aaf239ca87ef6566d642d,942309,True,True,,exact_duplicate_of_repository,2026-06-24T07:53:56.957435+00:00
downloads,C:\Users\Admin\Downloads\015_fouirer-hev-aug-attention.ipynb,,015_fouirer-hev-aug-attention.ipynb,executed_notebook,15,2431f1964a328a0f994f46a2153c88ee01d9ebc5a540976275fa990e75283809,434945,True,True,,exact_duplicate_of_repository,2026-06-24T13:44:02.270248+00:00
downloads,C:\Users\Admin\Downloads\017-learnable-feature-fourier-fddem-no-aug-hook-of (1).ipynb,,017-learnable-feature-fourier-fddem-no-aug-hook-of (1).ipynb,executed_notebook,17,3e88f7c9cd03cb100d34861ea74c043c244be2743534264754b57419ae578f03,419408,True,True,,exact_duplicate_of_repository,2026-07-02T01:28:41.242683+00:00
downloads,C:\Users\Admin\Downloads\017-learnable-feature-fourier-fddem-no-aug-hook-of.ipynb,,017-learnable-feature-fourier-fddem-no-aug-hook-of.ipynb,executed_notebook,17,3e88f7c9cd03cb100d34861ea74c043c244be2743534264754b57419ae578f03,419408,True,True,,exact_duplicate_of_repository,2026-06-30T03:03:56.511030+00:00
downloads,C:\Users\Admin\Downloads\018-fourier-feature-refinement-no-aug-hook-off-see.ipynb,,018-fourier-feature-refinement-no-aug-hook-off-see.ipynb,executed_notebook,18,f1528ce930b7ce97e398694143a4b8135f30abdfb134c5b97283dfd8f8633940,296203,True,True,,exact_duplicate_of_repository,2026-07-02T09:32:19.384658+00:00
downloads,C:\Users\Admin\Downloads\023_log.ipynb,,023_log.ipynb,executed_notebook,23,e4c7d898dd5ce7683bd7d7e6fdc8f2223e76fa050d45bc3070bd8e9b437f0b52,308450,True,False,shrimp-leakage-aware-segmentation\ONLY_fourier\evidence\intake_downloads\023_log.ipynb,copied_unique_download_evidence,2026-07-05T14:44:33.151615+00:00
downloads,C:\Users\Admin\Downloads\026_log.ipynb,,026_log.ipynb,executed_notebook,26,d4dc774e02654408feb9a95f6d8dfc9a2ee531a6fc4549278e7dbe12879c905a,698315,True,True,,exact_duplicate_of_repository,2026-07-05T17:04:35.176893+00:00
downloads,C:\Users\Admin\Downloads\029-log.ipynb,,029-log.ipynb,executed_notebook,29,3b4648c01e0160643a31afa530f97935674522152e02f174f2e6122196cbf7c7,435427,True,False,shrimp-leakage-aware-segmentation\ONLY_fourier\evidence\intake_downloads\029-log.ipynb,copied_unique_download_evidence,2026-07-13T06:23:44.405347+00:00
downloads,C:\Users\Admin\Downloads\031_1st_RUN_translate_two_value_fourier_order_offline_colab_seed42.ipynb,,031_1st_RUN_translate_two_value_fourier_order_offline_colab_seed42.ipynb,executed_notebook,31,f777c377eb3a7b227da0418dacd15772bc58a5cc8dafc0d58c0fe13759e6dfcf,537947,True,True,,exact_duplicate_of_repository,2026-07-13T09:39:32.364347+00:00
downloads,C:\Users\Admin\Downloads\031_2nd_RUN_only_fourier_n1_translate_two_value_fourier_order_offline_colab_seed42_paper_row.csv,,031_2nd_RUN_only_fourier_n1_translate_two_value_fourier_order_offline_colab_seed42_paper_row.csv,raw_metrics_or_log,31,a844a16d2ce4604c7b67d64fe1accde36d801001e7c30b258c06c456e0c2b32c,3908,False,True,,exact_duplicate_of_repository,2026-07-13T11:55:10.556586+00:00
downloads,C:\Users\Admin\Downloads\031_2nd_RUN_translate_two_value_fourier_order_offline_colab_seed42.ipynb,,031_2nd_RUN_translate_two_value_fourier_order_offline_colab_seed42.ipynb,executed_notebook,31,fdeb37624fe2f53f30434df2f6fc51466fb92b0917a43e38a1d4afb1dcf4a039,391777,True,True,,exact_duplicate_of_repository,2026-07-13T11:55:36.419723+00:00
downloads,C:\Users\Admin\Downloads\032_1st_RUN_only_fourier_n1_scale_two_value_fourier_order_offline_colab_seed42_partial.csv,,032_1st_RUN_only_fourier_n1_scale_two_value_fourier_order_offline_colab_seed42_partial.csv,raw_metrics_or_log,32,559c6f20a3b70ec003d5e1f7f5725ec6f37489db9db05abb4c58890ef0c6e0e6,16664,False,True,,exact_duplicate_of_repository,2026-07-13T09:48:36.331707+00:00
downloads,C:\Users\Admin\Downloads\032_1st_RUN_scale_two_value_fourier_order_offline_colab_seed42.ipynb,,032_1st_RUN_scale_two_value_fourier_order_offline_colab_seed42.ipynb,executed_notebook,32,d70e0f2458396228a5210edbd4b8713ca8bdc731d131eaaa59cd2b0ad6f958b5,525842,True,True,,exact_duplicate_of_repository,2026-07-13T09:49:10.021153+00:00
downloads,C:\Users\Admin\Downloads\032_2nd_RUN_only_fourier_n1_scale_two_value_fourier_order_offline_colab_seed42_paper_row.csv,,032_2nd_RUN_only_fourier_n1_scale_two_value_fourier_order_offline_colab_seed42_paper_row.csv,raw_metrics_or_log,32,1da68af48032f2524ba430fd11ccb0027791ac1bddc6ebf66290e69502e8915d,3856,False,True,,exact_duplicate_of_repository,2026-07-13T12:06:57.525940+00:00
downloads,C:\Users\Admin\Downloads\032_2nd_RUN_scale_two_value_fourier_order_offline_colab_seed42.ipynb,,032_2nd_RUN_scale_two_value_fourier_order_offline_colab_seed42.ipynb,executed_notebook,32,53c2113cb26c6f5e6476db9aa96708fc64b97b2a9c9d9858beb7a34a01f3c6f2,401499,True,True,,exact_duplicate_of_repository,2026-07-13T12:06:47.731369+00:00
downloads,C:\Users\Admin\Downloads\033_1st_RUN_fliplr_two_value_fourier_order_offline_colab_seed42.ipynb,,033_1st_RUN_fliplr_two_value_fourier_order_offline_colab_seed42.ipynb,executed_notebook,33,4f14298cf3f2573c42f46aca27c43f500897ae92580e2f5b34ffd082bd1db34e,580115,True,True,,exact_duplicate_of_repository,2026-07-13T09:48:26.809617+00:00
downloads,C:\Users\Admin\Downloads\033_1st_RUN_only_fourier_n1_fliplr_two_value_fourier_order_offline_colab_seed42_partial.csv,,033_1st_RUN_only_fourier_n1_fliplr_two_value_fourier_order_offline_colab_seed42_partial.csv,raw_metrics_or_log,33,d35f2d258894ff74d9c8f34d99d260c4e3134944b61d35be400af7bde6f03fce,20702,False,True,,exact_duplicate_of_repository,2026-07-13T09:48:05.062953+00:00
downloads,C:\Users\Admin\Downloads\033_2nd_RUN_fliplr_two_value_fourier_order_offline_colab_seed42.ipynb,,033_2nd_RUN_fliplr_two_value_fourier_order_offline_colab_seed42.ipynb,executed_notebook,33,94465f26f237f5f698d83eb59cd188f7012214e37ba8c65e97878981e0df885e,421466,True,True,,exact_duplicate_of_repository,2026-07-13T12:15:52.745950+00:00
downloads,C:\Users\Admin\Downloads\033_2nd_RUN_only_fourier_n1_fliplr_two_value_fourier_order_offline_colab_seed42_paper_row.csv,,033_2nd_RUN_only_fourier_n1_fliplr_two_value_fourier_order_offline_colab_seed42_paper_row.csv,raw_metrics_or_log,33,3ee40e1c3cb7b86ec8f74fa8e0a56f7d0d6089f353129521075aa3652aa5c969,3860,False,True,,exact_duplicate_of_repository,2026-07-13T12:16:34.466469+00:00
downloads,C:\Users\Admin\Downloads\034_1st_RUN_degrees_two_value_fourier_order_offline_colab_seed42.ipynb,,034_1st_RUN_degrees_two_value_fourier_order_offline_colab_seed42.ipynb,executed_notebook,34,a7b617bd06d8e94524da1bbce667809552c76710d1eaadd070f28b02f609f187,525410,True,True,,exact_duplicate_of_repository,2026-07-13T09:37:15.514827+00:00
downloads,C:\Users\Admin\Downloads\034_2nd_RUN_degrees_two_value_fourier_order_offline_colab_seed42.ipynb,,034_2nd_RUN_degrees_two_value_fourier_order_offline_colab_seed42.ipynb,executed_notebook,34,18c556166d42514bfb72e7d9583a1333c4fe12595c5721ff8049cbc0a1591b7b,396501,True,True,,exact_duplicate_of_repository,2026-07-13T12:01:08.476010+00:00
downloads,C:\Users\Admin\Downloads\034_2nd_RUN_only_fourier_n1_degrees_two_value_fourier_order_offline_colab_seed42_paper_row.csv,,034_2nd_RUN_only_fourier_n1_degrees_two_value_fourier_order_offline_colab_seed42_paper_row.csv,raw_metrics_or_log,34,9404896121592f9ceb35ab22f03e48fcb4e9634866b556cee0935483e437d2cc,3845,False,True,,exact_duplicate_of_repository,2026-07-13T12:01:37.650885+00:00
downloads,C:\Users\Admin\Downloads\035_1st_RUN_erasing_two_value_fourier_order_offline_colab_seed42.ipynb,,035_1st_RUN_erasing_two_value_fourier_order_offline_colab_seed42.ipynb,executed_notebook,35,986f7163ddd0ae169759b026cb1230724ebe9cc35a4f2bb5ae4af83ccdc28196,428054,True,True,,exact_duplicate_of_repository,2026-07-15T03:49:24.611383+00:00
downloads,C:\Users\Admin\Downloads\035_1st_RUN_only_fourier_n1_erasing_two_value_fourier_order_offline_colab_seed42_partial.csv,,035_1st_RUN_only_fourier_n1_erasing_two_value_fourier_order_offline_colab_seed42_partial.csv,raw_metrics_or_log,35,a52be4a837c65c0b2e0403b1dc2c85198f1ef9773cc43bb8e551b0e7089bed1d,13592,False,True,,exact_duplicate_of_repository,2026-07-15T03:48:43.590435+00:00
downloads,C:\Users\Admin\Downloads\035_2nd_RUN_erasing_two_value_fourier_order_offline_colab_seed42.ipynb,,035_2nd_RUN_erasing_two_value_fourier_order_offline_colab_seed42.ipynb,executed_notebook,35,65e1390d886506a7053f4be749d71af1d02d3b945d219b598428006787a4c067,478333,True,True,,exact_duplicate_of_repository,2026-07-15T03:54:46.864754+00:00
downloads,C:\Users\Admin\Downloads\035_2nd_RUN_only_fourier_n1_erasing_two_value_fourier_order_offline_colab_seed42_paper_row.csv,,035_2nd_RUN_only_fourier_n1_erasing_two_value_fourier_order_offline_colab_seed42_paper_row.csv,raw_metrics_or_log,35,0d33104bdf766429c0b383a37a68118b87cf81b7d722024f1a6db1c689fa1b3b,4984,False,True,,exact_duplicate_of_repository,2026-07-15T03:53:58.856019+00:00
downloads,C:\Users\Admin\Downloads\036_1st_RUN_flipud_two_value_fourier_order_offline_colab_seed42.ipynb,,036_1st_RUN_flipud_two_value_fourier_order_offline_colab_seed42.ipynb,executed_notebook,36,a34fa8c850218b849568f47b3aca6a9b6f6482bafc8bbe5dc571c4e6294887f0,425304,True,True,,exact_duplicate_of_repository,2026-07-15T03:39:08.746134+00:00
downloads,C:\Users\Admin\Downloads\036_1st_RUN_only_fourier_n1_flipud_two_value_fourier_order_offline_colab_seed42_partial.csv,,036_1st_RUN_only_fourier_n1_flipud_two_value_fourier_order_offline_colab_seed42_partial.csv,raw_metrics_or_log,36,f788f167508b885a144b9ff0d4ddb0c8c82fb252f761246751d415487e418000,13862,False,True,,exact_duplicate_of_repository,2026-07-15T03:38:47.846384+00:00
downloads,C:\Users\Admin\Downloads\036_2nd_RUN_flipud_two_value_fourier_order_offline_colab_seed42.ipynb,,036_2nd_RUN_flipud_two_value_fourier_order_offline_colab_seed42.ipynb,executed_notebook,36,ccfb3d63d4eb0c323d9c080da839a8ceb3a295b96644815228e26f75430ac0bd,478826,True,True,,exact_duplicate_of_repository,2026-07-15T03:47:58.020010+00:00
downloads,C:\Users\Admin\Downloads\036_2nd_RUN_only_fourier_n1_flipud_two_value_fourier_order_offline_colab_seed42_paper_row.csv,,036_2nd_RUN_only_fourier_n1_flipud_two_value_fourier_order_offline_colab_seed42_paper_row.csv,raw_metrics_or_log,36,adf8972881895b75a8f82a7419a20974be1ce6af48ebb68e45f4a17f483648d3,4966,False,True,,exact_duplicate_of_repository,2026-07-15T03:47:44.618303+00:00
downloads,C:\Users\Admin\Downloads\037_n2_translate_scale_fourier_order_offline_colab_seed42.ipynb,,037_n2_translate_scale_fourier_order_offline_colab_seed42.ipynb,executed_notebook,37,df49894780185c8162ff702096835e49880f70ef0274e3cb1bed37dc684171a1,465542,True,True,,exact_duplicate_of_repository,2026-07-16T03:40:48.861237+00:00
downloads,C:\Users\Admin\Downloads\037_only_fourier_n2_translate_scale_three_run_fourier_order_offline_colab_seed42_paper_row.csv,,037_only_fourier_n2_translate_scale_three_run_fourier_order_offline_colab_seed42_paper_row.csv,raw_metrics_or_log,37,507f57d1382a6028dd88c231eb5f1a990e23ffb63787bc326a790e6f5f12625f,5290,False,True,,exact_duplicate_of_repository,2026-07-16T03:40:36.130192+00:00
downloads,C:\Users\Admin\Downloads\038_n2_translate_erasing_fourier_order_offline_colab_seed42.ipynb,,038_n2_translate_erasing_fourier_order_offline_colab_seed42.ipynb,executed_notebook,38,897db3481ae4cd77a57005d90717b7e3facb9a67067853215e12a9b04e71c618,463184,True,True,,exact_duplicate_of_repository,2026-07-16T03:50:45.545699+00:00
downloads,C:\Users\Admin\Downloads\039_n2_translate_flipud_fourier_order_offline_colab_seed42.ipynb,,039_n2_translate_flipud_fourier_order_offline_colab_seed42.ipynb,executed_notebook,39,5fa106d35678374e654c37e5bb229fbd478ef341dfd22836a990d54d795391b0,466849,True,True,,exact_duplicate_of_repository,2026-07-16T03:57:10.849589+00:00
downloads,C:\Users\Admin\Downloads\040_n2_scale_erasing_fourier_order_offline_colab_seed42.ipynb,,040_n2_scale_erasing_fourier_order_offline_colab_seed42.ipynb,executed_notebook,40,aa8e4dcabfde52bab413096847d2f074394fe1bad70e5baf95fbf26db082f21e,457508,True,True,,exact_duplicate_of_repository,2026-07-16T03:48:55.619241+00:00
downloads,C:\Users\Admin\Downloads\041_n2_translate_fliplr_fourier_order_offline_colab_seed42.ipynb,,041_n2_translate_fliplr_fourier_order_offline_colab_seed42.ipynb,executed_notebook,41,4cd04ae6be743605dd61482f37d27782686733d7004156abb59f713d3f409e04,463109,True,True,,exact_duplicate_of_repository,2026-07-19T08:11:06.877783+00:00
downloads,C:\Users\Admin\Downloads\042_n2_scale_flipud_fourier_order_offline_colab_seed42.ipynb,,042_n2_scale_flipud_fourier_order_offline_colab_seed42.ipynb,executed_notebook,42,c01479a54c7eac6bdce4db246e239ed341c9d0b4ff5e45e46b6ecc69dc4613b7,480094,True,True,,exact_duplicate_of_repository,2026-07-19T08:20:21.751575+00:00
downloads,C:\Users\Admin\Downloads\043_n2_scale_fliplr_fourier_order_offline_colab_seed42.ipynb,,043_n2_scale_fliplr_fourier_order_offline_colab_seed42.ipynb,executed_notebook,43,2f8ccd5289fbf77f9d9b7b0749426019fe43fd86ac4f773e114c1447ae73925b,471955,True,True,,exact_duplicate_of_repository,2026-07-19T08:27:44.567825+00:00
downloads,C:\Users\Admin\Downloads\044_n2_translate_degrees_fourier_order_offline_colab_seed42.ipynb,,044_n2_translate_degrees_fourier_order_offline_colab_seed42.ipynb,executed_notebook,44,905a3f8673333fe766ec15f9445cd06b0a443e17122fbd552449a8784b0498f7,469356,True,True,,exact_duplicate_of_repository,2026-07-19T08:14:19.735716+00:00
downloads,C:\Users\Admin\Downloads\045-run.ipynb,,045-run.ipynb,executed_notebook,45,d704ed01d6b16c636585e4279eeac6d663c9bf77a35ab9cef61e449a94a211e0,702206,True,True,,exact_duplicate_of_repository,2026-07-20T06:36:24.602122+00:00
downloads,C:\Users\Admin\Downloads\12_only_fourier_12_factorial_A_H_highpass_s50_a0p10.ipynb,,12_only_fourier_12_factorial_A_H_highpass_s50_a0p10.ipynb,executed_notebook,12,111709f94ae3a8ab6277f731bd85958566a8bfa6a0dd0c1d0535890ba683847c,749102,True,True,,exact_duplicate_of_repository,2026-06-22T17:23:40.622062+00:00
downloads,C:\Users\Admin\Downloads\23-log.ipynb,,23-log.ipynb,executed_notebook,23,b18bacc0845a7ae0f1ba141279ef7f5abde27c1eb34333afc59ebc7e8eb81e2c,701952,True,True,,exact_duplicate_of_repository,2026-07-06T06:58:46.516238+00:00
downloads,C:\Users\Admin\Downloads\23_only_fourier_n1_hsv_w1_interaction_kaggle_seed42_paper_row.csv,,23_only_fourier_n1_hsv_w1_interaction_kaggle_seed42_paper_row.csv,raw_metrics_or_log,23,642f2bca7e3ba6488d2dfdd08554f02b39593474077d47ea2dbf76bb822b389d,9963,False,True,,exact_duplicate_of_repository,2026-07-06T06:58:29.669627+00:00
downloads,C:\Users\Admin\Downloads\23_only_fourier_n1_hsv_w1_interaction_kaggle_seed42_summary.csv,,23_only_fourier_n1_hsv_w1_interaction_kaggle_seed42_summary.csv,raw_metrics_or_log,23,05031d8038874d7b031db9e2eb215848f0ff2542de4fcd0251d6bbcbe7160524,24413,False,True,,exact_duplicate_of_repository,2026-07-06T06:58:30.822656+00:00
downloads,C:\Users\Admin\Downloads\24_log.ipynb,,24_log.ipynb,executed_notebook,24,d1c1812e3841e4da93de2befd42c3bf678d18b3dc9452d49848c3056392f0e47,962160,True,True,,exact_duplicate_of_repository,2026-07-05T16:52:31.680032+00:00
downloads,C:\Users\Admin\Downloads\25_log.ipynb,,25_log.ipynb,executed_notebook,25,07d9dc3a75eaea418cc50028efbc161a0af6e0c94cfafb92e2574cb0227f010a,639277,True,True,,exact_duplicate_of_repository,2026-07-05T16:58:29.584510+00:00
downloads,C:\Users\Admin\Downloads\25_only_fourier_n1_scale_w1_interaction_colab_seed42_partial (1).csv,,25_only_fourier_n1_scale_w1_interaction_colab_seed42_partial (1).csv,raw_metrics_or_log,25,cce6262ff27e3c1715d6ddc736d854dd273fa57395dc619bf7f7f69a19ddccfb,5580,False,False,shrimp-leakage-aware-segmentation\ONLY_fourier\evidence\intake_downloads\25_only_fourier_n1_scale_w1_interaction_colab_seed42_partial (1).csv,copied_unique_download_evidence,2026-07-06T02:30:15.575398+00:00
downloads,C:\Users\Admin\Downloads\26_only_fourier_n1_fliplr_w1_interaction_colab_seed42_partial (1).csv,,26_only_fourier_n1_fliplr_w1_interaction_colab_seed42_partial (1).csv,raw_metrics_or_log,26,a8b0191afd8a1d4880c5b4065823369b93f1dbdcfcc42517e1760bbb44f3b94c,4985,False,False,shrimp-leakage-aware-segmentation\ONLY_fourier\evidence\intake_downloads\26_only_fourier_n1_fliplr_w1_interaction_colab_seed42_partial (1).csv,copied_unique_download_evidence,2026-07-06T02:14:15.112320+00:00
downloads,C:\Users\Admin\Downloads\27-log.ipynb,,27-log.ipynb,executed_notebook,27,c0a032278b39bc8895930f2b31274f92285fd88d9b2f8d0d9b4c3e1181875f97,406795,True,True,,exact_duplicate_of_repository,2026-07-06T09:59:04.104470+00:00
downloads,C:\Users\Admin\Downloads\27_only_fourier_n1_degrees_w1_interaction_kaggle_seed42_partial.csv,,27_only_fourier_n1_degrees_w1_interaction_kaggle_seed42_partial.csv,raw_metrics_or_log,27,83fabac6c3ca1345796191f3e9f505a4d5a1e0b8dbe7e3d0d859b25404a474d1,13422,False,True,,exact_duplicate_of_repository,2026-07-06T09:58:55.943017+00:00
downloads,C:\Users\Admin\Downloads\31_1st_RUN_only_fourier_n1_translate_two_value_fourier_order_offline_colab_seed42_partial.csv,,31_1st_RUN_only_fourier_n1_translate_two_value_fourier_order_offline_colab_seed42_partial.csv,raw_metrics_or_log,31,e610ef702ff5b2a1cd82878172946550f77f82e4530a0c6f3803f1d291d4111d,16890,False,True,,exact_duplicate_of_repository,2026-07-13T09:37:56.031481+00:00
downloads,C:\Users\Admin\Downloads\34_only_fourier_n1_degrees_two_value_fourier_order_offline_colab_seed42_partial.csv,,34_only_fourier_n1_degrees_two_value_fourier_order_offline_colab_seed42_partial.csv,raw_metrics_or_log,34,8095e0794d1e8a71e7561453f4a6ec27f1c2aa542bcbde0a8725c8dc3402eaa1,16581,False,True,,exact_duplicate_of_repository,2026-07-13T09:36:30.102364+00:00
downloads,C:\Users\Admin\Downloads\38_only_fourier_n2_translate_erasing_three_run_fourier_order_offline_colab_seed42_paper_row.csv,,38_only_fourier_n2_translate_erasing_three_run_fourier_order_offline_colab_seed42_paper_row.csv,raw_metrics_or_log,38,bf9d379444d0efa93e492b9c7c4496107c976139dcdfb85248a1e05451245c65,5327,False,True,,exact_duplicate_of_repository,2026-07-16T03:50:37.212392+00:00
downloads,C:\Users\Admin\Downloads\39_only_fourier_n2_translate_flipud_three_run_fourier_order_offline_colab_seed42_paper_row.csv,,39_only_fourier_n2_translate_flipud_three_run_fourier_order_offline_colab_seed42_paper_row.csv,raw_metrics_or_log,39,142ad75e1dbad09f36ae4fa07914fd4ce3cd544b15d392a72f46625eb29db0e9,5316,False,True,,exact_duplicate_of_repository,2026-07-16T03:57:00.085285+00:00
downloads,C:\Users\Admin\Downloads\40_only_fourier_n2_scale_erasing_three_run_fourier_order_offline_colab_seed42_paper_row.csv,,40_only_fourier_n2_scale_erasing_three_run_fourier_order_offline_colab_seed42_paper_row.csv,raw_metrics_or_log,40,05843b7b05b4f8f7f706af6635efdb235f418cd1258f850af694754cf34f471a,5208,False,True,,exact_duplicate_of_repository,2026-07-16T03:48:38.862170+00:00
downloads,C:\Users\Admin\Downloads\41_only_fourier_n2_translate_fliplr_three_run_fourier_order_offline_colab_seed42_paper_row.csv,,41_only_fourier_n2_translate_fliplr_three_run_fourier_order_offline_colab_seed42_paper_row.csv,raw_metrics_or_log,41,00248c860d5e9e2d515cab0e4d3ed860b3b2a628e592ceb1f3581d112a48f7b5,5316,False,True,,exact_duplicate_of_repository,2026-07-19T08:10:39.403837+00:00
downloads,C:\Users\Admin\Downloads\42_only_fourier_n2_scale_flipud_three_run_fourier_order_offline_colab_seed42_paper_row.csv,,42_only_fourier_n2_scale_flipud_three_run_fourier_order_offline_colab_seed42_paper_row.csv,raw_metrics_or_log,42,54fa25d6f791b2594ce2088e892bc1708f12580a32eeaa61db908085fe27190d,5160,False,True,,exact_duplicate_of_repository,2026-07-19T08:20:00.486672+00:00
downloads,C:\Users\Admin\Downloads\43_only_fourier_n2_scale_fliplr_three_run_fourier_order_offline_colab_seed42_paper_row.csv,,43_only_fourier_n2_scale_fliplr_three_run_fourier_order_offline_colab_seed42_paper_row.csv,raw_metrics_or_log,43,5288976ea6b96f645cd8966f5de5be08373fbac5512646f0ab4c7766b214e18a,5188,False,True,,exact_duplicate_of_repository,2026-07-19T08:27:36.859188+00:00
downloads,C:\Users\Admin\Downloads\44_only_fourier_n2_translate_degrees_three_run_fourier_order_offline_colab_seed42_paper_row.csv,,44_only_fourier_n2_translate_degrees_three_run_fourier_order_offline_colab_seed42_paper_row.csv,raw_metrics_or_log,44,7e9857fb54614ce2714dbe5f59f135a3f9e1019cbb8fa6f7ae980768f0140446,5338,False,True,,exact_duplicate_of_repository,2026-07-19T08:14:11.078341+00:00
downloads,C:\Users\Admin\Downloads\45_only_fourier_panel_a_noise_robustness_kaggle_seed42_paper_row.txt,,45_only_fourier_panel_a_noise_robustness_kaggle_seed42_paper_row.txt,raw_metrics_or_log,45,1c819a30e189f2557668324723f87c965844fbad004a33fafc9cdf87e75348ac,5884,False,True,,exact_duplicate_of_repository,2026-07-20T06:37:25.906850+00:00
downloads,C:\Users\Admin\Downloads\46-log.ipynb,,46-log.ipynb,executed_notebook,46,174ea7df90c2a9ac969d05e231ed2067c8e991de1a29211ea3324e11e16aaeab,36447,True,True,,exact_duplicate_of_repository,2026-07-20T12:31:34.402536+00:00
downloads,C:\Users\Admin\Downloads\46_inference_timing_all_methods_seed42.json,,46_inference_timing_all_methods_seed42.json,raw_metrics_or_log,46,34bae15c64c5d3ef2468c12f5dd83d3bf8d0e50f0924a261e71a3b0e699c8ab1,3366,False,True,,exact_duplicate_of_repository,2026-07-20T12:31:32.380602+00:00
downloads,C:\Users\Admin\Downloads\[FROM NHU}yolov11n_simam_noise_ablation_v2.ipynb,,[FROM NHU}yolov11n_simam_noise_ablation_v2.ipynb,executed_notebook,,9abb820563512bb11ee1cebcf50874abe6ff139e03140fc7a6c07b60889c00cc,45529754,True,False,shrimp-leakage-aware-segmentation\ONLY_fourier\evidence\intake_downloads\[FROM NHU}yolov11n_simam_noise_ablation_v2.ipynb,copied_unique_download_evidence,2026-06-18T11:11:12.703471+00:00
downloads,C:\Users\Admin\Downloads\[FROM_NHU]yolov11n_simam_augmentation.ipynb,,[FROM_NHU]yolov11n_simam_augmentation.ipynb,executed_notebook,,71e397e60385faa50656e04f34cd0b82e8baf5be47f9dbfa4b62b84deb5074ca,26940848,True,False,shrimp-leakage-aware-segmentation\ONLY_fourier\evidence\intake_downloads\[FROM_NHU]yolov11n_simam_augmentation.ipynb,copied_unique_download_evidence,2026-06-15T09:14:39.786882+00:00
downloads,C:\Users\Admin\Downloads\fouirer-hev-aug-attention.ipynb,,fouirer-hev-aug-attention.ipynb,executed_notebook,,4ceb8d26950d444738e88acede903aa9d5486fd31af589719e55a92ced768b1f,254346,True,True,,exact_duplicate_of_repository,2026-06-24T14:24:18.444314+00:00
downloads,C:\Users\Admin\Downloads\fourier-alpha01sigma50.ipynb,,fourier-alpha01sigma50.ipynb,executed_notebook,,5d099e5c6f9ebdb1736dd6a512f568c899b3386be23277d98d094acb8ddc889a,207174,True,True,,exact_duplicate_of_repository,2026-06-17T09:24:35.140201+00:00
downloads,C:\Users\Admin\Downloads\fourier-alpha03sigma50.ipynb,,fourier-alpha03sigma50.ipynb,executed_notebook,,859f8c93e3493ec360cc9666e6a59d5f699172556e0486336f728674230b2520,227035,True,True,,exact_duplicate_of_repository,2026-06-17T09:02:38.217920+00:00
downloads,C:\Users\Admin\Downloads\fourier-training-log.ipynb,,fourier-training-log.ipynb,executed_notebook,,b99250f5d8b677d21304b5c7c8aace15475717aeb3f589ae6af56500a596ac83,12041016,True,False,shrimp-leakage-aware-segmentation\ONLY_fourier\evidence\intake_downloads\fourier-training-log.ipynb,copied_unique_download_evidence,2026-06-01T17:21:58.340153+00:00
downloads,C:\Users\Admin\Downloads\fourier-visualization.ipynb,,fourier-visualization.ipynb,executed_notebook,,e3d8cf3f0c7cb15088cfef9e8537f7cea57adc3d4f71e544127bbc12abde8aab,67643821,True,False,shrimp-leakage-aware-segmentation\ONLY_fourier\evidence\intake_downloads\fourier-visualization.ipynb,copied_unique_download_evidence,2026-06-18T03:13:10.852067+00:00
downloads,C:\Users\Admin\Downloads\fouriers50-a03.ipynb,,fouriers50-a03.ipynb,executed_notebook,,569de75a8c8baf2825750f78a679a152251b86c02529feb31b8ce94bc226af8f,208755,True,False,shrimp-leakage-aware-segmentation\ONLY_fourier\evidence\intake_downloads\fouriers50-a03.ipynb,copied_unique_download_evidence,2026-06-08T11:16:51.832968+00:00
downloads,C:\Users\Admin\Downloads\high-freq-damping.ipynb,,high-freq-damping.ipynb,executed_notebook,,49ee8cc24327efb18035ddb47cdc71fa2751f71b68525f900e68aee018d31bde,206774,True,True,,exact_duplicate_of_repository,2026-06-17T09:51:44.267346+00:00
downloads,C:\Users\Admin\Downloads\modea-fouirer-hev-aug-attention.ipynb,,modea-fouirer-hev-aug-attention.ipynb,executed_notebook,,4ceb8d26950d444738e88acede903aa9d5486fd31af589719e55a92ced768b1f,254346,True,True,,exact_duplicate_of_repository,2026-06-24T14:37:46.953934+00:00
downloads,C:\Users\Admin\Downloads\only-fourier-04-bandpass-l20-h80-a0p20-no-aug-hook.ipynb,,only-fourier-04-bandpass-l20-h80-a0p20-no-aug-hook.ipynb,executed_notebook,04,918eada5f6fbf74eb217a32380e613c36b87a91a1a399c8b9026423d26219e06,235991,True,True,,exact_duplicate_of_repository,2026-06-22T02:56:09.938838+00:00
downloads,C:\Users\Admin\Downloads\only-fourier-06-lowfreq-flatten-s100-b0p30-no-aug.ipynb,,only-fourier-06-lowfreq-flatten-s100-b0p30-no-aug.ipynb,executed_notebook,"00,06",f4741641a6c9b72a93d04374551edb7a4cb796c67ea14ef80d5d80870e7378d6,208623,True,True,,exact_duplicate_of_repository,2026-06-22T03:14:10.209776+00:00
downloads,C:\Users\Admin\Downloads\only-fourier-07-homomorphic-s50-gl0p70-gh1p20-no-a.ipynb,,only-fourier-07-homomorphic-s50-gl0p70-gh1p20-no-a.ipynb,executed_notebook,07,82708c32ff03061b408ac7f05b25b030aebdf963df00514c7234f6ac1875836a,213962,True,True,,exact_duplicate_of_repository,2026-06-22T03:35:06.261127+00:00
downloads,C:\Users\Admin\Downloads\only-fourier-08-random-highpass-train-aug-a005-a02.ipynb,,only-fourier-08-random-highpass-train-aug-a005-a02.ipynb,executed_notebook,"05,08",9d1e5881ccbdf89a7eae1a2a3194da9494b2800f36dd7cd4e5a503eb470c0ff8,220670,True,True,,exact_duplicate_of_repository,2026-06-22T05:50:15.320599+00:00
downloads,C:\Users\Admin\Downloads\only-fourier-09-mixed-original-highpass-a0p10-trai.ipynb,,only-fourier-09-mixed-original-highpass-a0p10-trai.ipynb,executed_notebook,09,d771cb83ed31840a752a29e2e7313be21dee3cb94f0402b799d37c1b2a4ef311,220278,True,True,,exact_duplicate_of_repository,2026-06-22T06:26:55.193143+00:00
downloads,C:\Users\Admin\Downloads\only-fourier-10-train-only-highpass-a0p10-eval-ori.ipynb,,only-fourier-10-train-only-highpass-a0p10-eval-ori.ipynb,executed_notebook,10,3b5d3a04f10db7f80b4ac5a13f6de24b0169cbfe5f4ace73423bf63952d3f967,213192,True,True,,exact_duplicate_of_repository,2026-06-22T06:43:57.915764+00:00
downloads,C:\Users\Admin\Downloads\only-fourier-11-highpass-alpha-sweep-005-015-020-n.ipynb,,only-fourier-11-highpass-alpha-sweep-005-015-020-n.ipynb,executed_notebook,"05,11,15,20",0658a96937c398e1a412df619706f1eadf841cbc17b408191212641bf0123fae,358893,True,True,,exact_duplicate_of_repository,2026-06-22T07:46:17.637290+00:00
downloads,C:\Users\Admin\Downloads\only_fourier_03_bandpass_l12_h60_a0p20_no_aug_hook_off_training_log.ipynb,,only_fourier_03_bandpass_l12_h60_a0p20_no_aug_hook_off_training_log.ipynb,executed_notebook,03,e0e443094835b0fa7ed4e348dc742fa59cd009abc8f420621e78daf2cc0b1397,233520,True,True,,exact_duplicate_of_repository,2026-06-18T02:50:42.991259+00:00
downloads,C:\Users\Admin\Downloads\only_fourier_factorial_A_H_highpass_s50_a0p10_summary.csv,,only_fourier_factorial_A_H_highpass_s50_a0p10_summary.csv,raw_metrics_or_log,,f53195aeb6c55b2132a7bcd0e9524a38fa427a2ca938cacdbd97cce1ebeb581c,23513,False,False,shrimp-leakage-aware-segmentation\ONLY_fourier\evidence\intake_downloads\only_fourier_factorial_A_H_highpass_s50_a0p10_summary.csv,copied_unique_download_evidence,2026-06-22T17:11:14.624612+00:00
downloads,C:\Users\Admin\Downloads\only_fourier_fddem_band_tuning_gamma001_no_aug_hook_off_seed42_paper_row.csv,,only_fourier_fddem_band_tuning_gamma001_no_aug_hook_off_seed42_paper_row.csv,raw_metrics_or_log,01,e38ce34a778d79b5c6eb266171758281df444072f4fb4777e0521b0c6335f020,8816,False,False,shrimp-leakage-aware-segmentation\ONLY_fourier\evidence\intake_downloads\only_fourier_fddem_band_tuning_gamma001_no_aug_hook_off_seed42_paper_row.csv,copied_unique_download_evidence,2026-07-03T14:26:30.266374+00:00
downloads,C:\Users\Admin\Downloads\only_fourier_fddem_confirmation_no_aug_hook_off_seed42_paper_row.csv,,only_fourier_fddem_confirmation_no_aug_hook_off_seed42_paper_row.csv,raw_metrics_or_log,,4941bd751a421364c99af5fe26fccc48dc9f54c24d26a19ae7b87478b454a0dd,6173,False,True,,exact_duplicate_of_repository,2026-07-05T08:05:34.283877+00:00
downloads,C:\Users\Admin\Downloads\only_fourier_fddem_cutoff_sweep_gamma001_no_aug_hook_off_seed42_paper_row.csv,,only_fourier_fddem_cutoff_sweep_gamma001_no_aug_hook_off_seed42_paper_row.csv,raw_metrics_or_log,01,8ecfe75f15611b53ed442491d4604571d0c41748692784e2b37b62a8f0297596,7161,False,False,shrimp-leakage-aware-segmentation\ONLY_fourier\evidence\intake_downloads\only_fourier_fddem_cutoff_sweep_gamma001_no_aug_hook_off_seed42_paper_row.csv,copied_unique_download_evidence,2026-07-03T16:15:54.145166+00:00
downloads,C:\Users\Admin\Downloads\only_fourier_feature_refinement_no_aug_hook_off_seed42_paper_row (1).csv,,only_fourier_feature_refinement_no_aug_hook_off_seed42_paper_row (1).csv,raw_metrics_or_log,,ff125b572778e05346596433b3f3ca295ea928f241df22acb47d256f0d58fa18,2478,False,False,shrimp-leakage-aware-segmentation\ONLY_fourier\evidence\intake_downloads\only_fourier_feature_refinement_no_aug_hook_off_seed42_paper_row (1).csv,copied_unique_download_evidence,2026-07-03T11:40:54.093342+00:00
downloads,C:\Users\Admin\Downloads\only_fourier_feature_refinement_no_aug_hook_off_seed42_paper_row (2).csv,,only_fourier_feature_refinement_no_aug_hook_off_seed42_paper_row (2).csv,raw_metrics_or_log,,dafc26080cabe0103da8f77656418b3d57f79f0a0d72dfd09b59de00b1188bd2,2494,False,False,shrimp-leakage-aware-segmentation\ONLY_fourier\evidence\intake_downloads\only_fourier_feature_refinement_no_aug_hook_off_seed42_paper_row (2).csv,copied_unique_download_evidence,2026-07-03T12:00:25.000870+00:00
downloads,C:\Users\Admin\Downloads\only_fourier_feature_refinement_no_aug_hook_off_seed42_paper_row (3).csv,,only_fourier_feature_refinement_no_aug_hook_off_seed42_paper_row (3).csv,raw_metrics_or_log,,563a3cb553ea568ff233e5fc18713b77f013b46fbad11d3b155f1148dc5dec08,2495,False,False,shrimp-leakage-aware-segmentation\ONLY_fourier\evidence\intake_downloads\only_fourier_feature_refinement_no_aug_hook_off_seed42_paper_row (3).csv,copied_unique_download_evidence,2026-07-03T12:26:33.515069+00:00
downloads,C:\Users\Admin\Downloads\only_fourier_feature_refinement_no_aug_hook_off_seed42_paper_row.csv,,only_fourier_feature_refinement_no_aug_hook_off_seed42_paper_row.csv,raw_metrics_or_log,,529cc9b54cd3b8450307c70914627a65160841dd08df147026530be4c6366870,5920,False,True,,exact_duplicate_of_repository,2026-07-02T09:19:54.900184+00:00
downloads,C:\Users\Admin\Downloads\only_fourier_feature_refinement_no_aug_hook_off_seed42_summary.csv,,only_fourier_feature_refinement_no_aug_hook_off_seed42_summary.csv,raw_metrics_or_log,,d98a935b1fdbff69f8c0109aab575f849d2e18b4c55fd938d623ac755f37fcc8,12922,False,True,,exact_duplicate_of_repository,2026-07-02T09:19:57.215503+00:00
downloads,C:\Users\Admin\Downloads\only_fourier_highpass_alpha_sweep_005_015_020_no_aug_hook_off_summary.csv,,only_fourier_highpass_alpha_sweep_005_015_020_no_aug_hook_off_summary.csv,raw_metrics_or_log,"05,15,20",c7c635183cec39371e51b9194e577e70ce2becebceb6e1fec92c8157c8521de4,9678,False,False,shrimp-leakage-aware-segmentation\ONLY_fourier\evidence\intake_downloads\only_fourier_highpass_alpha_sweep_005_015_020_no_aug_hook_off_summary.csv,copied_unique_download_evidence,2026-06-22T07:46:45.959550+00:00
downloads,C:\Users\Admin\Downloads\only_fourier_hybrid_sweep_no_aug_hook_off_seed42_paper_row.csv,,only_fourier_hybrid_sweep_no_aug_hook_off_seed42_paper_row.csv,raw_metrics_or_log,,410015e0d3bd4e5d09c2eaad890568be3a05d640769bd25050127055f0ce8ff9,10261,False,True,,exact_duplicate_of_repository,2026-07-05T11:20:02.359294+00:00
downloads,C:\Users\Admin\Downloads\only_fourier_learnable_feature_fddem_no_aug_hook_off_seed42_paper_row.csv,,only_fourier_learnable_feature_fddem_no_aug_hook_off_seed42_paper_row.csv,raw_metrics_or_log,,ae12dbb4ad04e156a7a66f9e46cac342164a6bbea2412c6098ddada80f2779c8,5673,False,False,shrimp-leakage-aware-segmentation\ONLY_fourier\evidence\intake_downloads\only_fourier_learnable_feature_fddem_no_aug_hook_off_seed42_paper_row.csv,copied_unique_download_evidence,2026-06-30T03:04:51.543432+00:00
downloads,C:\Users\Admin\Downloads\only_fourier_learnable_feature_fddem_no_aug_hook_off_seed42_summary.csv,,only_fourier_learnable_feature_fddem_no_aug_hook_off_seed42_summary.csv,raw_metrics_or_log,,8c9def263926577c73aade279b8b9eb5e5fcaca620fedc250ded1e540b5abe7f,13232,False,False,shrimp-leakage-aware-segmentation\ONLY_fourier\evidence\intake_downloads\only_fourier_learnable_feature_fddem_no_aug_hook_off_seed42_summary.csv,copied_unique_download_evidence,2026-06-30T03:04:52.735261+00:00
downloads,C:\Users\Admin\Downloads\only_fourier_mode_G_fourier_tuning_seed42_paper_row.csv,,only_fourier_mode_G_fourier_tuning_seed42_paper_row.csv,raw_metrics_or_log,,a8a1779389f6d273792062f89657759f897778c26857cc23a3aff860c00fa3ad,8300,False,False,shrimp-leakage-aware-segmentation\ONLY_fourier\evidence\intake_downloads\only_fourier_mode_G_fourier_tuning_seed42_paper_row.csv,copied_unique_download_evidence,2026-06-23T09:59:39.271793+00:00
downloads,C:\Users\Admin\Downloads\only_fourier_mode_G_fourier_tuning_seed42_partial.csv,,only_fourier_mode_G_fourier_tuning_seed42_partial.csv,raw_metrics_or_log,,307a47e02000c4cabf68b726b236c6561755e650655e0b2389c066fb99e2ffa4,5440,False,False,shrimp-leakage-aware-segmentation\ONLY_fourier\evidence\intake_downloads\only_fourier_mode_G_fourier_tuning_seed42_partial.csv,copied_unique_download_evidence,2026-06-23T03:20:47.394973+00:00
downloads,C:\Users\Admin\Downloads\only_fourier_mode_G_fourier_tuning_seed42_summary.csv,,only_fourier_mode_G_fourier_tuning_seed42_summary.csv,raw_metrics_or_log,,acf0e74d0ec7b6a4542459439c7357007a033663beddf7e71ccf86116f5cc899,23864,False,False,shrimp-leakage-aware-segmentation\ONLY_fourier\evidence\intake_downloads\only_fourier_mode_G_fourier_tuning_seed42_summary.csv,copied_unique_download_evidence,2026-06-23T09:23:20.816319+00:00
downloads,C:\Users\Admin\Downloads\only_fourier_mode_G_highpass_local_sweep_seed42_paper_row.csv,,only_fourier_mode_G_highpass_local_sweep_seed42_paper_row.csv,raw_metrics_or_log,,be38638aa9523f9a652b8048089e0c69b2a84d8db9ed71eb89eebe34fd48f172,10382,False,False,shrimp-leakage-aware-segmentation\ONLY_fourier\evidence\intake_downloads\only_fourier_mode_G_highpass_local_sweep_seed42_paper_row.csv,copied_unique_download_evidence,2026-06-24T07:48:23.243068+00:00
downloads,C:\Users\Admin\Downloads\only_fourier_mode_G_highpass_local_sweep_seed42_summary.csv,,only_fourier_mode_G_highpass_local_sweep_seed42_summary.csv,raw_metrics_or_log,,5ff26daee15b8e470823c6dd5701ca4d2bed4ce879d9d9a86d1678c84da4bc7a,30066,False,False,shrimp-leakage-aware-segmentation\ONLY_fourier\evidence\intake_downloads\only_fourier_mode_G_highpass_local_sweep_seed42_summary.csv,copied_unique_download_evidence,2026-06-24T07:48:28.767589+00:00
downloads,C:\Users\Admin\Downloads\only_fourier_n1_fliplr_w1_interaction_colab_seed42_partial.csv,,only_fourier_n1_fliplr_w1_interaction_colab_seed42_partial.csv,raw_metrics_or_log,,157b2c7f17647e991de9a205fdbb1529a76abd3a8e89e23e4176c2b052365dbe,18730,False,True,,exact_duplicate_of_repository,2026-07-05T17:04:22.971425+00:00
downloads,C:\Users\Admin\Downloads\only_fourier_n1_hsv_w1_interaction_kaggle_seed42_aug_before_fourier_paper_row.csv,,only_fourier_n1_hsv_w1_interaction_kaggle_seed42_aug_before_fourier_paper_row.csv,raw_metrics_or_log,,abf585dbfc296a977ba31c2b5df664571d34b8140a5176e0949867129002459c,10271,False,False,shrimp-leakage-aware-segmentation\ONLY_fourier\evidence\intake_downloads\only_fourier_n1_hsv_w1_interaction_kaggle_seed42_aug_before_fourier_paper_row.csv,copied_unique_download_evidence,2026-07-11T14:26:56.606824+00:00
downloads,C:\Users\Admin\Downloads\only_fourier_n1_hsv_w1_offline_after_hsv_kaggle_seed42_paper_row.csv,,only_fourier_n1_hsv_w1_offline_after_hsv_kaggle_seed42_paper_row.csv,raw_metrics_or_log,,483f0ecadef44c43df3f2d0cdb7268ac2271194ea7ba0c67d07638531ade83ad,6083,False,False,shrimp-leakage-aware-segmentation\ONLY_fourier\evidence\intake_downloads\only_fourier_n1_hsv_w1_offline_after_hsv_kaggle_seed42_paper_row.csv,copied_unique_download_evidence,2026-07-13T05:29:21.276423+00:00
downloads,C:\Users\Admin\Downloads\only_fourier_n1_hsv_w1_offline_after_hsv_kaggle_seed42_summary.csv,,only_fourier_n1_hsv_w1_offline_after_hsv_kaggle_seed42_summary.csv,raw_metrics_or_log,,693338bc5a9a97e382523e526bd4c9ac594a408bb3a4e9d0505a68be622c1e72,18980,False,False,shrimp-leakage-aware-segmentation\ONLY_fourier\evidence\intake_downloads\only_fourier_n1_hsv_w1_offline_after_hsv_kaggle_seed42_summary.csv,copied_unique_download_evidence,2026-07-13T05:30:20.788872+00:00
downloads,C:\Users\Admin\Downloads\only_fourier_n1_scale_w1_interaction_colab_seed42_partial.csv,,only_fourier_n1_scale_w1_interaction_colab_seed42_partial.csv,raw_metrics_or_log,,0450e96b74e4716fc17600943dfaec569a43cbe94a516de31cd1e84d0ac6bf13,15681,False,True,,exact_duplicate_of_repository,2026-07-05T16:58:05.463911+00:00
downloads,C:\Users\Admin\Downloads\only_fourier_n1_translate_w1_interaction_colab_seed42_paper_row.csv,,only_fourier_n1_translate_w1_interaction_colab_seed42_paper_row.csv,raw_metrics_or_log,,5edbb61ec5b9f5cef7773f5b58471d6f5cad8ae7a953dac58c4b7d444353b2c2,9687,False,True,,exact_duplicate_of_repository,2026-07-05T16:51:12.722470+00:00
downloads,C:\Users\Admin\Downloads\only_fourier_n1_translate_w1_interaction_colab_seed42_summary.csv,,only_fourier_n1_translate_w1_interaction_colab_seed42_summary.csv,raw_metrics_or_log,,a784f5ea0b39ec1d090bb0dcdc4a4af6fdb7eb770aa436145bc65ed59a0d2bf5,24261,False,True,,exact_duplicate_of_repository,2026-07-05T16:51:06.687515+00:00
downloads,C:\Users\Admin\Downloads\only_fourier_strongaug_hook_ablation_seed42_summary.csv,,only_fourier_strongaug_hook_ablation_seed42_summary.csv,raw_metrics_or_log,,fbaac669c2df722be917051b8a08c24c5dbf7969d5b3ad306adafa4719149e97,7969,False,False,shrimp-leakage-aware-segmentation\ONLY_fourier\evidence\intake_downloads\only_fourier_strongaug_hook_ablation_seed42_summary.csv,copied_unique_download_evidence,2026-06-25T02:14:55.081961+00:00
downloads,C:\Users\Admin\Downloads\panel_a_noise_evaluation_summary.txt,,panel_a_noise_evaluation_summary.txt,raw_metrics_or_log,,56a6a280c040d5454edacd0143e75a48836e19b57fc65c84fcd8c07e1059b694,21024,False,False,shrimp-leakage-aware-segmentation\ONLY_fourier\evidence\intake_downloads\panel_a_noise_evaluation_summary.txt,copied_unique_download_evidence,2026-07-20T06:36:46.259631+00:00
downloads,C:\Users\Admin\Downloads\panel_a_noise_robustness_outputs.zip,,panel_a_noise_robustness_outputs.zip,other_evidence,,088dbd4eca5177d8fd48fac9a21493cf90e3dad3313284c132b63947ba20f986,49206,False,False,shrimp-leakage-aware-segmentation\ONLY_fourier\evidence\intake_downloads\panel_a_noise_robustness_outputs.zip,copied_unique_download_evidence,2026-07-20T11:01:52.442989+00:00
downloads,C:\Users\Admin\Downloads\seg_fourier_sweep_partial.csv,,seg_fourier_sweep_partial.csv,raw_metrics_or_log,,9856d276bce51feeedbea3f6155e9006015084fbdd08ab45df266c4eacd205d7,7184,False,False,shrimp-leakage-aware-segmentation\ONLY_fourier\evidence\intake_downloads\seg_fourier_sweep_partial.csv,copied_unique_download_evidence,2026-06-10T06:07:18.713499+00:00
downloads,C:\Users\Admin\Downloads\simam-diff-sweep.ipynb,,simam-diff-sweep.ipynb,executed_notebook,,3d25280492e24e55dcaebda15fb9e71ee321e4ae6aec12dc6dc4fd32585ae8b4,399948,True,False,shrimp-leakage-aware-segmentation\ONLY_fourier\evidence\intake_downloads\simam-diff-sweep.ipynb,copied_unique_download_evidence,2026-06-18T16:23:18.093450+00:00
downloads,C:\Users\Admin\Downloads\tune-fourier-transform.ipynb,,tune-fourier-transform.ipynb,executed_notebook,,b95b76117493fd332f1c049b581a73601aa9159c3c3791990c0e9822dc30be9c,16295221,True,False,shrimp-leakage-aware-segmentation\ONLY_fourier\evidence\intake_downloads\tune-fourier-transform.ipynb,copied_unique_download_evidence,2026-06-08T14:16:13.971043+00:00
downloads,C:\Users\Admin\Downloads\w1_fourier_highpass_best.zip,,w1_fourier_highpass_best.zip,other_evidence,,f8f0d4fbdf09a9e4faa9040c457afd726f90c59f16994c4965f9d369f9baee78,6005348,False,False,shrimp-leakage-aware-segmentation\ONLY_fourier\evidence\intake_downloads\w1_fourier_highpass_best.zip,copied_unique_download_evidence,2026-07-20T12:08:17.966839+00:00
