aspect_ratio,canonical_class_set,derived_image_level_from_boxes,file_name,file_size_kb,height,image_path,label_path,n_boxes,source_class_set,source_group,stem,width
1.0,1,WSSV,WSSV-1-img-1.jpg,243.0576171875,2048,/home/drnguyenvinh/notebooks/shrimp_dataset_eda_label_model_analysis_v1/kaggle_raw/shrimpdiseaseimagebd/ShrimpDiseaseImageBD An Image Dataset for Computer Vision-Based Detection of Shrimp Diseases in Bangladesh/Root/Annotated Diseased Shrimp Images/Annotated Diseased Shrimp Images/2. WSSV/images/WSSV-1-img-1.jpg,/home/drnguyenvinh/notebooks/shrimp_dataset_eda_label_model_analysis_v1/kaggle_raw/shrimpdiseaseimagebd/ShrimpDiseaseImageBD An Image Dataset for Computer Vision-Based Detection of Shrimp Diseases in Bangladesh/Root/Annotated Diseased Shrimp Images/Annotated Diseased Shrimp Images/2. WSSV/labels/WSSV-1-img-1.txt,12,0,WSSV,WSSV-1-img-1,2048
1.0,1,WSSV,WSSV-1-img-2.jpg,211.92578125,2048,/home/drnguyenvinh/notebooks/shrimp_dataset_eda_label_model_analysis_v1/kaggle_raw/shrimpdiseaseimagebd/ShrimpDiseaseImageBD An Image Dataset for Computer Vision-Based Detection of Shrimp Diseases in Bangladesh/Root/Annotated Diseased Shrimp Images/Annotated Diseased Shrimp Images/2. WSSV/images/WSSV-1-img-2.jpg,/home/drnguyenvinh/notebooks/shrimp_dataset_eda_label_model_analysis_v1/kaggle_raw/shrimpdiseaseimagebd/ShrimpDiseaseImageBD An Image Dataset for Computer Vision-Based Detection of Shrimp Diseases in Bangladesh/Root/Annotated Diseased Shrimp Images/Annotated Diseased Shrimp Images/2. WSSV/labels/WSSV-1-img-2.txt,4,0,WSSV,WSSV-1-img-2,2048
1.0,1,WSSV,WSSV-1-img-3.jpg,289.6328125,2048,/home/drnguyenvinh/notebooks/shrimp_dataset_eda_label_model_analysis_v1/kaggle_raw/shrimpdiseaseimagebd/ShrimpDiseaseImageBD An Image Dataset for Computer Vision-Based Detection of Shrimp Diseases in Bangladesh/Root/Annotated Diseased Shrimp Images/Annotated Diseased Shrimp Images/2. WSSV/images/WSSV-1-img-3.jpg,/home/drnguyenvinh/notebooks/shrimp_dataset_eda_label_model_analysis_v1/kaggle_raw/shrimpdiseaseimagebd/ShrimpDiseaseImageBD An Image Dataset for Computer Vision-Based Detection of Shrimp Diseases in Bangladesh/Root/Annotated Diseased Shrimp Images/Annotated Diseased Shrimp Images/2. WSSV/labels/WSSV-1-img-3.txt,5,0,WSSV,WSSV-1-img-3,2048
1.0,1,WSSV,WSSV-10-img-1.jpg,175.8984375,2048,/home/drnguyenvinh/notebooks/shrimp_dataset_eda_label_model_analysis_v1/kaggle_raw/shrimpdiseaseimagebd/ShrimpDiseaseImageBD An Image Dataset for Computer Vision-Based Detection of Shrimp Diseases in Bangladesh/Root/Annotated Diseased Shrimp Images/Annotated Diseased Shrimp Images/2. WSSV/images/WSSV-10-img-1.jpg,/home/drnguyenvinh/notebooks/shrimp_dataset_eda_label_model_analysis_v1/kaggle_raw/shrimpdiseaseimagebd/ShrimpDiseaseImageBD An Image Dataset for Computer Vision-Based Detection of Shrimp Diseases in Bangladesh/Root/Annotated Diseased Shrimp Images/Annotated Diseased Shrimp Images/2. WSSV/labels/WSSV-10-img-1.txt,7,0,WSSV,WSSV-10-img-1,2048
1.0,1,WSSV,WSSV-10-img-2.jpg,212.83984375,2048,/home/drnguyenvinh/notebooks/shrimp_dataset_eda_label_model_analysis_v1/kaggle_raw/shrimpdiseaseimagebd/ShrimpDiseaseImageBD An Image Dataset for Computer Vision-Based Detection of Shrimp Diseases in Bangladesh/Root/Annotated Diseased Shrimp Images/Annotated Diseased Shrimp Images/2. WSSV/images/WSSV-10-img-2.jpg,/home/drnguyenvinh/notebooks/shrimp_dataset_eda_label_model_analysis_v1/kaggle_raw/shrimpdiseaseimagebd/ShrimpDiseaseImageBD An Image Dataset for Computer Vision-Based Detection of Shrimp Diseases in Bangladesh/Root/Annotated Diseased Shrimp Images/Annotated Diseased Shrimp Images/2. WSSV/labels/WSSV-10-img-2.txt,27,0,WSSV,WSSV-10-img-2,2048
1.0,1,WSSV,WSSV-10-img-3.jpg,176.48046875,2048,/home/drnguyenvinh/notebooks/shrimp_dataset_eda_label_model_analysis_v1/kaggle_raw/shrimpdiseaseimagebd/ShrimpDiseaseImageBD An Image Dataset for Computer Vision-Based Detection of Shrimp Diseases in Bangladesh/Root/Annotated Diseased Shrimp Images/Annotated Diseased Shrimp Images/2. WSSV/images/WSSV-10-img-3.jpg,/home/drnguyenvinh/notebooks/shrimp_dataset_eda_label_model_analysis_v1/kaggle_raw/shrimpdiseaseimagebd/ShrimpDiseaseImageBD An Image Dataset for Computer Vision-Based Detection of Shrimp Diseases in Bangladesh/Root/Annotated Diseased Shrimp Images/Annotated Diseased Shrimp Images/2. WSSV/labels/WSSV-10-img-3.txt,9,0,WSSV,WSSV-10-img-3,2048
1.0,1,WSSV,WSSV-100-img-1.jpg,248.6259765625,2048,/home/drnguyenvinh/notebooks/shrimp_dataset_eda_label_model_analysis_v1/kaggle_raw/shrimpdiseaseimagebd/ShrimpDiseaseImageBD An Image Dataset for Computer Vision-Based Detection of Shrimp Diseases in Bangladesh/Root/Annotated Diseased Shrimp Images/Annotated Diseased Shrimp Images/2. WSSV/images/WSSV-100-img-1.jpg,/home/drnguyenvinh/notebooks/shrimp_dataset_eda_label_model_analysis_v1/kaggle_raw/shrimpdiseaseimagebd/ShrimpDiseaseImageBD An Image Dataset for Computer Vision-Based Detection of Shrimp Diseases in Bangladesh/Root/Annotated Diseased Shrimp Images/Annotated Diseased Shrimp Images/2. WSSV/labels/WSSV-100-img-1.txt,6,0,WSSV,WSSV-100-img-1,2048
1.0,1,WSSV,WSSV-100-img-2.jpg,253.5322265625,2048,/home/drnguyenvinh/notebooks/shrimp_dataset_eda_label_model_analysis_v1/kaggle_raw/shrimpdiseaseimagebd/ShrimpDiseaseImageBD An Image Dataset for Computer Vision-Based Detection of Shrimp Diseases in Bangladesh/Root/Annotated Diseased Shrimp Images/Annotated Diseased Shrimp Images/2. WSSV/images/WSSV-100-img-2.jpg,/home/drnguyenvinh/notebooks/shrimp_dataset_eda_label_model_analysis_v1/kaggle_raw/shrimpdiseaseimagebd/ShrimpDiseaseImageBD An Image Dataset for Computer Vision-Based Detection of Shrimp Diseases in Bangladesh/Root/Annotated Diseased Shrimp Images/Annotated Diseased Shrimp Images/2. WSSV/labels/WSSV-100-img-2.txt,8,0,WSSV,WSSV-100-img-2,2048
1.0,1,WSSV,WSSV-100-img-3.jpg,168.275390625,2048,/home/drnguyenvinh/notebooks/shrimp_dataset_eda_label_model_analysis_v1/kaggle_raw/shrimpdiseaseimagebd/ShrimpDiseaseImageBD An Image Dataset for Computer Vision-Based Detection of Shrimp Diseases in Bangladesh/Root/Annotated Diseased Shrimp Images/Annotated Diseased Shrimp Images/2. WSSV/images/WSSV-100-img-3.jpg,/home/drnguyenvinh/notebooks/shrimp_dataset_eda_label_model_analysis_v1/kaggle_raw/shrimpdiseaseimagebd/ShrimpDiseaseImageBD An Image Dataset for Computer Vision-Based Detection of Shrimp Diseases in Bangladesh/Root/Annotated Diseased Shrimp Images/Annotated Diseased Shrimp Images/2. WSSV/labels/WSSV-100-img-3.txt,9,0,WSSV,WSSV-100-img-3,2048
1.0,1,WSSV,WSSV-101-img-1.jpg,213.2197265625,2048,/home/drnguyenvinh/notebooks/shrimp_dataset_eda_label_model_analysis_v1/kaggle_raw/shrimpdiseaseimagebd/ShrimpDiseaseImageBD An Image Dataset for Computer Vision-Based Detection of Shrimp Diseases in Bangladesh/Root/Annotated Diseased Shrimp Images/Annotated Diseased Shrimp Images/2. WSSV/images/WSSV-101-img-1.jpg,/home/drnguyenvinh/notebooks/shrimp_dataset_eda_label_model_analysis_v1/kaggle_raw/shrimpdiseaseimagebd/ShrimpDiseaseImageBD An Image Dataset for Computer Vision-Based Detection of Shrimp Diseases in Bangladesh/Root/Annotated Diseased Shrimp Images/Annotated Diseased Shrimp Images/2. WSSV/labels/WSSV-101-img-1.txt,7,0,WSSV,WSSV-101-img-1,2048
1.0,1,WSSV,WSSV-101-img-2.jpg,137.1796875,2048,/home/drnguyenvinh/notebooks/shrimp_dataset_eda_label_model_analysis_v1/kaggle_raw/shrimpdiseaseimagebd/ShrimpDiseaseImageBD An Image Dataset for Computer Vision-Based Detection of Shrimp Diseases in Bangladesh/Root/Annotated Diseased Shrimp Images/Annotated Diseased Shrimp Images/2. WSSV/images/WSSV-101-img-2.jpg,/home/drnguyenvinh/notebooks/shrimp_dataset_eda_label_model_analysis_v1/kaggle_raw/shrimpdiseaseimagebd/ShrimpDiseaseImageBD An Image Dataset for Computer Vision-Based Detection of Shrimp Diseases in Bangladesh/Root/Annotated Diseased Shrimp Images/Annotated Diseased Shrimp Images/2. WSSV/labels/WSSV-101-img-2.txt,8,0,WSSV,WSSV-101-img-2,2048
1.0,1,WSSV,WSSV-102-img-1.jpg,170.3798828125,2048,/home/drnguyenvinh/notebooks/shrimp_dataset_eda_label_model_analysis_v1/kaggle_raw/shrimpdiseaseimagebd/ShrimpDiseaseImageBD An Image Dataset for Computer Vision-Based Detection of Shrimp Diseases in Bangladesh/Root/Annotated Diseased Shrimp Images/Annotated Diseased Shrimp Images/2. WSSV/images/WSSV-102-img-1.jpg,/home/drnguyenvinh/notebooks/shrimp_dataset_eda_label_model_analysis_v1/kaggle_raw/shrimpdiseaseimagebd/ShrimpDiseaseImageBD An Image Dataset for Computer Vision-Based Detection of Shrimp Diseases in Bangladesh/Root/Annotated Diseased Shrimp Images/Annotated Diseased Shrimp Images/2. WSSV/labels/WSSV-102-img-1.txt,10,0,WSSV,WSSV-102-img-1,2048
1.0,1,WSSV,WSSV-102-img-2.jpg,173.9384765625,2048,/home/drnguyenvinh/notebooks/shrimp_dataset_eda_label_model_analysis_v1/kaggle_raw/shrimpdiseaseimagebd/ShrimpDiseaseImageBD An Image Dataset for Computer Vision-Based Detection of Shrimp Diseases in Bangladesh/Root/Annotated Diseased Shrimp Images/Annotated Diseased Shrimp Images/2. WSSV/images/WSSV-102-img-2.jpg,/home/drnguyenvinh/notebooks/shrimp_dataset_eda_label_model_analysis_v1/kaggle_raw/shrimpdiseaseimagebd/ShrimpDiseaseImageBD An Image Dataset for Computer Vision-Based Detection of Shrimp Diseases in Bangladesh/Root/Annotated Diseased Shrimp Images/Annotated Diseased Shrimp Images/2. WSSV/labels/WSSV-102-img-2.txt,8,0,WSSV,WSSV-102-img-2,2048
1.0,1,WSSV,WSSV-103-img-1.jpg,202.8564453125,2048,/home/drnguyenvinh/notebooks/shrimp_dataset_eda_label_model_analysis_v1/kaggle_raw/shrimpdiseaseimagebd/ShrimpDiseaseImageBD An Image Dataset for Computer Vision-Based Detection of Shrimp Diseases in Bangladesh/Root/Annotated Diseased Shrimp Images/Annotated Diseased Shrimp Images/2. WSSV/images/WSSV-103-img-1.jpg,/home/drnguyenvinh/notebooks/shrimp_dataset_eda_label_model_analysis_v1/kaggle_raw/shrimpdiseaseimagebd/ShrimpDiseaseImageBD An Image Dataset for Computer Vision-Based Detection of Shrimp Diseases in Bangladesh/Root/Annotated Diseased Shrimp Images/Annotated Diseased Shrimp Images/2. WSSV/labels/WSSV-103-img-1.txt,8,0,WSSV,WSSV-103-img-1,2048
1.0,1,WSSV,WSSV-103-img-2.jpg,244.9697265625,2048,/home/drnguyenvinh/notebooks/shrimp_dataset_eda_label_model_analysis_v1/kaggle_raw/shrimpdiseaseimagebd/ShrimpDiseaseImageBD An Image Dataset for Computer Vision-Based Detection of Shrimp Diseases in Bangladesh/Root/Annotated Diseased Shrimp Images/Annotated Diseased Shrimp Images/2. WSSV/images/WSSV-103-img-2.jpg,/home/drnguyenvinh/notebooks/shrimp_dataset_eda_label_model_analysis_v1/kaggle_raw/shrimpdiseaseimagebd/ShrimpDiseaseImageBD An Image Dataset for Computer Vision-Based Detection of Shrimp Diseases in Bangladesh/Root/Annotated Diseased Shrimp Images/Annotated Diseased Shrimp Images/2. WSSV/labels/WSSV-103-img-2.txt,8,0,WSSV,WSSV-103-img-2,2048
1.0,1,WSSV,WSSV-103-img-3.jpg,177.3623046875,2048,/home/drnguyenvinh/notebooks/shrimp_dataset_eda_label_model_analysis_v1/kaggle_raw/shrimpdiseaseimagebd/ShrimpDiseaseImageBD An Image Dataset for Computer Vision-Based Detection of Shrimp Diseases in Bangladesh/Root/Annotated Diseased Shrimp Images/Annotated Diseased Shrimp Images/2. WSSV/images/WSSV-103-img-3.jpg,/home/drnguyenvinh/notebooks/shrimp_dataset_eda_label_model_analysis_v1/kaggle_raw/shrimpdiseaseimagebd/ShrimpDiseaseImageBD An Image Dataset for Computer Vision-Based Detection of Shrimp Diseases in Bangladesh/Root/Annotated Diseased Shrimp Images/Annotated Diseased Shrimp Images/2. WSSV/labels/WSSV-103-img-3.txt,28,0,WSSV,WSSV-103-img-3,2048
1.0,1,WSSV,WSSV-104-img-1.jpg,184.53125,2048,/home/drnguyenvinh/notebooks/shrimp_dataset_eda_label_model_analysis_v1/kaggle_raw/shrimpdiseaseimagebd/ShrimpDiseaseImageBD An Image Dataset for Computer Vision-Based Detection of Shrimp Diseases in Bangladesh/Root/Annotated Diseased Shrimp Images/Annotated Diseased Shrimp Images/2. WSSV/images/WSSV-104-img-1.jpg,/home/drnguyenvinh/notebooks/shrimp_dataset_eda_label_model_analysis_v1/kaggle_raw/shrimpdiseaseimagebd/ShrimpDiseaseImageBD An Image Dataset for Computer Vision-Based Detection of Shrimp Diseases in Bangladesh/Root/Annotated Diseased Shrimp Images/Annotated Diseased Shrimp Images/2. WSSV/labels/WSSV-104-img-1.txt,3,0,WSSV,WSSV-104-img-1,2048
1.0,1,WSSV,WSSV-104-img-2.jpg,199.11328125,2048,/home/drnguyenvinh/notebooks/shrimp_dataset_eda_label_model_analysis_v1/kaggle_raw/shrimpdiseaseimagebd/ShrimpDiseaseImageBD An Image Dataset for Computer Vision-Based Detection of Shrimp Diseases in Bangladesh/Root/Annotated Diseased Shrimp Images/Annotated Diseased Shrimp Images/2. WSSV/images/WSSV-104-img-2.jpg,/home/drnguyenvinh/notebooks/shrimp_dataset_eda_label_model_analysis_v1/kaggle_raw/shrimpdiseaseimagebd/ShrimpDiseaseImageBD An Image Dataset for Computer Vision-Based Detection of Shrimp Diseases in Bangladesh/Root/Annotated Diseased Shrimp Images/Annotated Diseased Shrimp Images/2. WSSV/labels/WSSV-104-img-2.txt,3,0,WSSV,WSSV-104-img-2,2048
1.0,1,WSSV,WSSV-104-img-3.jpg,210.421875,2048,/home/drnguyenvinh/notebooks/shrimp_dataset_eda_label_model_analysis_v1/kaggle_raw/shrimpdiseaseimagebd/ShrimpDiseaseImageBD An Image Dataset for Computer Vision-Based Detection of Shrimp Diseases in Bangladesh/Root/Annotated Diseased Shrimp Images/Annotated Diseased Shrimp Images/2. WSSV/images/WSSV-104-img-3.jpg,/home/drnguyenvinh/notebooks/shrimp_dataset_eda_label_model_analysis_v1/kaggle_raw/shrimpdiseaseimagebd/ShrimpDiseaseImageBD An Image Dataset for Computer Vision-Based Detection of Shrimp Diseases in Bangladesh/Root/Annotated Diseased Shrimp Images/Annotated Diseased Shrimp Images/2. WSSV/labels/WSSV-104-img-3.txt,2,0,WSSV,WSSV-104-img-3,2048
1.0,1,WSSV,WSSV-105-img-1.jpg,205.6533203125,2048,/home/drnguyenvinh/notebooks/shrimp_dataset_eda_label_model_analysis_v1/kaggle_raw/shrimpdiseaseimagebd/ShrimpDiseaseImageBD An Image Dataset for Computer Vision-Based Detection of Shrimp Diseases in Bangladesh/Root/Annotated Diseased Shrimp Images/Annotated Diseased Shrimp Images/2. WSSV/images/WSSV-105-img-1.jpg,/home/drnguyenvinh/notebooks/shrimp_dataset_eda_label_model_analysis_v1/kaggle_raw/shrimpdiseaseimagebd/ShrimpDiseaseImageBD An Image Dataset for Computer Vision-Based Detection of Shrimp Diseases in Bangladesh/Root/Annotated Diseased Shrimp Images/Annotated Diseased Shrimp Images/2. WSSV/labels/WSSV-105-img-1.txt,4,0,WSSV,WSSV-105-img-1,2048
1.0,1,WSSV,WSSV-105-img-2.jpg,222.6396484375,2048,/home/drnguyenvinh/notebooks/shrimp_dataset_eda_label_model_analysis_v1/kaggle_raw/shrimpdiseaseimagebd/ShrimpDiseaseImageBD An Image Dataset for Computer Vision-Based Detection of Shrimp Diseases in Bangladesh/Root/Annotated Diseased Shrimp Images/Annotated Diseased Shrimp Images/2. WSSV/images/WSSV-105-img-2.jpg,/home/drnguyenvinh/notebooks/shrimp_dataset_eda_label_model_analysis_v1/kaggle_raw/shrimpdiseaseimagebd/ShrimpDiseaseImageBD An Image Dataset for Computer Vision-Based Detection of Shrimp Diseases in Bangladesh/Root/Annotated Diseased Shrimp Images/Annotated Diseased Shrimp Images/2. WSSV/labels/WSSV-105-img-2.txt,8,0,WSSV,WSSV-105-img-2,2048
1.0,1,WSSV,WSSV-105-img-3.jpg,213.16796875,2048,/home/drnguyenvinh/notebooks/shrimp_dataset_eda_label_model_analysis_v1/kaggle_raw/shrimpdiseaseimagebd/ShrimpDiseaseImageBD An Image Dataset for Computer Vision-Based Detection of Shrimp Diseases in Bangladesh/Root/Annotated Diseased Shrimp Images/Annotated Diseased Shrimp Images/2. WSSV/images/WSSV-105-img-3.jpg,/home/drnguyenvinh/notebooks/shrimp_dataset_eda_label_model_analysis_v1/kaggle_raw/shrimpdiseaseimagebd/ShrimpDiseaseImageBD An Image Dataset for Computer Vision-Based Detection of Shrimp Diseases in Bangladesh/Root/Annotated Diseased Shrimp Images/Annotated Diseased Shrimp Images/2. WSSV/labels/WSSV-105-img-3.txt,11,0,WSSV,WSSV-105-img-3,2048
1.0,1,WSSV,WSSV-106-img-1.jpg,202.416015625,2048,/home/drnguyenvinh/notebooks/shrimp_dataset_eda_label_model_analysis_v1/kaggle_raw/shrimpdiseaseimagebd/ShrimpDiseaseImageBD An Image Dataset for Computer Vision-Based Detection of Shrimp Diseases in Bangladesh/Root/Annotated Diseased Shrimp Images/Annotated Diseased Shrimp Images/2. WSSV/images/WSSV-106-img-1.jpg,/home/drnguyenvinh/notebooks/shrimp_dataset_eda_label_model_analysis_v1/kaggle_raw/shrimpdiseaseimagebd/ShrimpDiseaseImageBD An Image Dataset for Computer Vision-Based Detection of Shrimp Diseases in Bangladesh/Root/Annotated Diseased Shrimp Images/Annotated Diseased Shrimp Images/2. WSSV/labels/WSSV-106-img-1.txt,11,0,WSSV,WSSV-106-img-1,2048
1.0,1,WSSV,WSSV-106-img-2.jpg,199.9619140625,2048,/home/drnguyenvinh/notebooks/shrimp_dataset_eda_label_model_analysis_v1/kaggle_raw/shrimpdiseaseimagebd/ShrimpDiseaseImageBD An Image Dataset for Computer Vision-Based Detection of Shrimp Diseases in Bangladesh/Root/Annotated Diseased Shrimp Images/Annotated Diseased Shrimp Images/2. WSSV/images/WSSV-106-img-2.jpg,/home/drnguyenvinh/notebooks/shrimp_dataset_eda_label_model_analysis_v1/kaggle_raw/shrimpdiseaseimagebd/ShrimpDiseaseImageBD An Image Dataset for Computer Vision-Based Detection of Shrimp Diseases in Bangladesh/Root/Annotated Diseased Shrimp Images/Annotated Diseased Shrimp Images/2. WSSV/labels/WSSV-106-img-2.txt,4,0,WSSV,WSSV-106-img-2,2048
1.0,1,WSSV,WSSV-106-img-3.jpg,223.0595703125,2048,/home/drnguyenvinh/notebooks/shrimp_dataset_eda_label_model_analysis_v1/kaggle_raw/shrimpdiseaseimagebd/ShrimpDiseaseImageBD An Image Dataset for Computer Vision-Based Detection of Shrimp Diseases in Bangladesh/Root/Annotated Diseased Shrimp Images/Annotated Diseased Shrimp Images/2. WSSV/images/WSSV-106-img-3.jpg,/home/drnguyenvinh/notebooks/shrimp_dataset_eda_label_model_analysis_v1/kaggle_raw/shrimpdiseaseimagebd/ShrimpDiseaseImageBD An Image Dataset for Computer Vision-Based Detection of Shrimp Diseases in Bangladesh/Root/Annotated Diseased Shrimp Images/Annotated Diseased Shrimp Images/2. WSSV/labels/WSSV-106-img-3.txt,7,0,WSSV,WSSV-106-img-3,2048
1.0,1,WSSV,WSSV-107-img-1.jpg,180.240234375,2048,/home/drnguyenvinh/notebooks/shrimp_dataset_eda_label_model_analysis_v1/kaggle_raw/shrimpdiseaseimagebd/ShrimpDiseaseImageBD An Image Dataset for Computer Vision-Based Detection of Shrimp Diseases in Bangladesh/Root/Annotated Diseased Shrimp Images/Annotated Diseased Shrimp Images/2. WSSV/images/WSSV-107-img-1.jpg,/home/drnguyenvinh/notebooks/shrimp_dataset_eda_label_model_analysis_v1/kaggle_raw/shrimpdiseaseimagebd/ShrimpDiseaseImageBD An Image Dataset for Computer Vision-Based Detection of Shrimp Diseases in Bangladesh/Root/Annotated Diseased Shrimp Images/Annotated Diseased Shrimp Images/2. WSSV/labels/WSSV-107-img-1.txt,3,0,WSSV,WSSV-107-img-1,2048
1.0,1,WSSV,WSSV-107-img-2.jpg,206.2392578125,2048,/home/drnguyenvinh/notebooks/shrimp_dataset_eda_label_model_analysis_v1/kaggle_raw/shrimpdiseaseimagebd/ShrimpDiseaseImageBD An Image Dataset for Computer Vision-Based Detection of Shrimp Diseases in Bangladesh/Root/Annotated Diseased Shrimp Images/Annotated Diseased Shrimp Images/2. WSSV/images/WSSV-107-img-2.jpg,/home/drnguyenvinh/notebooks/shrimp_dataset_eda_label_model_analysis_v1/kaggle_raw/shrimpdiseaseimagebd/ShrimpDiseaseImageBD An Image Dataset for Computer Vision-Based Detection of Shrimp Diseases in Bangladesh/Root/Annotated Diseased Shrimp Images/Annotated Diseased Shrimp Images/2. WSSV/labels/WSSV-107-img-2.txt,3,0,WSSV,WSSV-107-img-2,2048
1.0,1,WSSV,WSSV-107-img-3.jpg,195.3818359375,2048,/home/drnguyenvinh/notebooks/shrimp_dataset_eda_label_model_analysis_v1/kaggle_raw/shrimpdiseaseimagebd/ShrimpDiseaseImageBD An Image Dataset for Computer Vision-Based Detection of Shrimp Diseases in Bangladesh/Root/Annotated Diseased Shrimp Images/Annotated Diseased Shrimp Images/2. WSSV/images/WSSV-107-img-3.jpg,/home/drnguyenvinh/notebooks/shrimp_dataset_eda_label_model_analysis_v1/kaggle_raw/shrimpdiseaseimagebd/ShrimpDiseaseImageBD An Image Dataset for Computer Vision-Based Detection of Shrimp Diseases in Bangladesh/Root/Annotated Diseased Shrimp Images/Annotated Diseased Shrimp Images/2. WSSV/labels/WSSV-107-img-3.txt,1,0,WSSV,WSSV-107-img-3,2048
1.0,1,WSSV,WSSV-108-img-1.jpg,229.3291015625,2048,/home/drnguyenvinh/notebooks/shrimp_dataset_eda_label_model_analysis_v1/kaggle_raw/shrimpdiseaseimagebd/ShrimpDiseaseImageBD An Image Dataset for Computer Vision-Based Detection of Shrimp Diseases in Bangladesh/Root/Annotated Diseased Shrimp Images/Annotated Diseased Shrimp Images/2. WSSV/images/WSSV-108-img-1.jpg,/home/drnguyenvinh/notebooks/shrimp_dataset_eda_label_model_analysis_v1/kaggle_raw/shrimpdiseaseimagebd/ShrimpDiseaseImageBD An Image Dataset for Computer Vision-Based Detection of Shrimp Diseases in Bangladesh/Root/Annotated Diseased Shrimp Images/Annotated Diseased Shrimp Images/2. WSSV/labels/WSSV-108-img-1.txt,3,0,WSSV,WSSV-108-img-1,2048
1.0,1,WSSV,WSSV-108-img-2.jpg,212.958984375,2048,/home/drnguyenvinh/notebooks/shrimp_dataset_eda_label_model_analysis_v1/kaggle_raw/shrimpdiseaseimagebd/ShrimpDiseaseImageBD An Image Dataset for Computer Vision-Based Detection of Shrimp Diseases in Bangladesh/Root/Annotated Diseased Shrimp Images/Annotated Diseased Shrimp Images/2. WSSV/images/WSSV-108-img-2.jpg,/home/drnguyenvinh/notebooks/shrimp_dataset_eda_label_model_analysis_v1/kaggle_raw/shrimpdiseaseimagebd/ShrimpDiseaseImageBD An Image Dataset for Computer Vision-Based Detection of Shrimp Diseases in Bangladesh/Root/Annotated Diseased Shrimp Images/Annotated Diseased Shrimp Images/2. WSSV/labels/WSSV-108-img-2.txt,6,0,WSSV,WSSV-108-img-2,2048
1.0,1,WSSV,WSSV-108-img-3.jpg,203.896484375,2048,/home/drnguyenvinh/notebooks/shrimp_dataset_eda_label_model_analysis_v1/kaggle_raw/shrimpdiseaseimagebd/ShrimpDiseaseImageBD An Image Dataset for Computer Vision-Based Detection of Shrimp Diseases in Bangladesh/Root/Annotated Diseased Shrimp Images/Annotated Diseased Shrimp Images/2. WSSV/images/WSSV-108-img-3.jpg,/home/drnguyenvinh/notebooks/shrimp_dataset_eda_label_model_analysis_v1/kaggle_raw/shrimpdiseaseimagebd/ShrimpDiseaseImageBD An Image Dataset for Computer Vision-Based Detection of Shrimp Diseases in Bangladesh/Root/Annotated Diseased Shrimp Images/Annotated Diseased Shrimp Images/2. WSSV/labels/WSSV-108-img-3.txt,5,0,WSSV,WSSV-108-img-3,2048
1.0,1,WSSV,WSSV-109-img-1.jpg,215.77734375,2048,/home/drnguyenvinh/notebooks/shrimp_dataset_eda_label_model_analysis_v1/kaggle_raw/shrimpdiseaseimagebd/ShrimpDiseaseImageBD An Image Dataset for Computer Vision-Based Detection of Shrimp Diseases in Bangladesh/Root/Annotated Diseased Shrimp Images/Annotated Diseased Shrimp Images/2. WSSV/images/WSSV-109-img-1.jpg,/home/drnguyenvinh/notebooks/shrimp_dataset_eda_label_model_analysis_v1/kaggle_raw/shrimpdiseaseimagebd/ShrimpDiseaseImageBD An Image Dataset for Computer Vision-Based Detection of Shrimp Diseases in Bangladesh/Root/Annotated Diseased Shrimp Images/Annotated Diseased Shrimp Images/2. WSSV/labels/WSSV-109-img-1.txt,7,0,WSSV,WSSV-109-img-1,2048
1.0,1,WSSV,WSSV-109-img-2.jpg,217.3984375,2048,/home/drnguyenvinh/notebooks/shrimp_dataset_eda_label_model_analysis_v1/kaggle_raw/shrimpdiseaseimagebd/ShrimpDiseaseImageBD An Image Dataset for Computer Vision-Based Detection of Shrimp Diseases in Bangladesh/Root/Annotated Diseased Shrimp Images/Annotated Diseased Shrimp Images/2. WSSV/images/WSSV-109-img-2.jpg,/home/drnguyenvinh/notebooks/shrimp_dataset_eda_label_model_analysis_v1/kaggle_raw/shrimpdiseaseimagebd/ShrimpDiseaseImageBD An Image Dataset for Computer Vision-Based Detection of Shrimp Diseases in Bangladesh/Root/Annotated Diseased Shrimp Images/Annotated Diseased Shrimp Images/2. WSSV/labels/WSSV-109-img-2.txt,10,0,WSSV,WSSV-109-img-2,2048
1.0,1,WSSV,WSSV-109-img-3.jpg,217.1806640625,2048,/home/drnguyenvinh/notebooks/shrimp_dataset_eda_label_model_analysis_v1/kaggle_raw/shrimpdiseaseimagebd/ShrimpDiseaseImageBD An Image Dataset for Computer Vision-Based Detection of Shrimp Diseases in Bangladesh/Root/Annotated Diseased Shrimp Images/Annotated Diseased Shrimp Images/2. WSSV/images/WSSV-109-img-3.jpg,/home/drnguyenvinh/notebooks/shrimp_dataset_eda_label_model_analysis_v1/kaggle_raw/shrimpdiseaseimagebd/ShrimpDiseaseImageBD An Image Dataset for Computer Vision-Based Detection of Shrimp Diseases in Bangladesh/Root/Annotated Diseased Shrimp Images/Annotated Diseased Shrimp Images/2. WSSV/labels/WSSV-109-img-3.txt,5,0,WSSV,WSSV-109-img-3,2048
1.0,1,WSSV,WSSV-11-img-1.jpg,168.7470703125,2048,/home/drnguyenvinh/notebooks/shrimp_dataset_eda_label_model_analysis_v1/kaggle_raw/shrimpdiseaseimagebd/ShrimpDiseaseImageBD An Image Dataset for Computer Vision-Based Detection of Shrimp Diseases in Bangladesh/Root/Annotated Diseased Shrimp Images/Annotated Diseased Shrimp Images/2. WSSV/images/WSSV-11-img-1.jpg,/home/drnguyenvinh/notebooks/shrimp_dataset_eda_label_model_analysis_v1/kaggle_raw/shrimpdiseaseimagebd/ShrimpDiseaseImageBD An Image Dataset for Computer Vision-Based Detection of Shrimp Diseases in Bangladesh/Root/Annotated Diseased Shrimp Images/Annotated Diseased Shrimp Images/2. WSSV/labels/WSSV-11-img-1.txt,7,0,WSSV,WSSV-11-img-1,2048
1.0,1,WSSV,WSSV-11-img-2.jpg,155.9912109375,2048,/home/drnguyenvinh/notebooks/shrimp_dataset_eda_label_model_analysis_v1/kaggle_raw/shrimpdiseaseimagebd/ShrimpDiseaseImageBD An Image Dataset for Computer Vision-Based Detection of Shrimp Diseases in Bangladesh/Root/Annotated Diseased Shrimp Images/Annotated Diseased Shrimp Images/2. WSSV/images/WSSV-11-img-2.jpg,/home/drnguyenvinh/notebooks/shrimp_dataset_eda_label_model_analysis_v1/kaggle_raw/shrimpdiseaseimagebd/ShrimpDiseaseImageBD An Image Dataset for Computer Vision-Based Detection of Shrimp Diseases in Bangladesh/Root/Annotated Diseased Shrimp Images/Annotated Diseased Shrimp Images/2. WSSV/labels/WSSV-11-img-2.txt,13,0,WSSV,WSSV-11-img-2,2048
1.0,1,WSSV,WSSV-11-img-3.jpg,158.6767578125,2048,/home/drnguyenvinh/notebooks/shrimp_dataset_eda_label_model_analysis_v1/kaggle_raw/shrimpdiseaseimagebd/ShrimpDiseaseImageBD An Image Dataset for Computer Vision-Based Detection of Shrimp Diseases in Bangladesh/Root/Annotated Diseased Shrimp Images/Annotated Diseased Shrimp Images/2. WSSV/images/WSSV-11-img-3.jpg,/home/drnguyenvinh/notebooks/shrimp_dataset_eda_label_model_analysis_v1/kaggle_raw/shrimpdiseaseimagebd/ShrimpDiseaseImageBD An Image Dataset for Computer Vision-Based Detection of Shrimp Diseases in Bangladesh/Root/Annotated Diseased Shrimp Images/Annotated Diseased Shrimp Images/2. WSSV/labels/WSSV-11-img-3.txt,21,0,WSSV,WSSV-11-img-3,2048
1.0,1,WSSV,WSSV-110-img-1.jpg,222.283203125,2048,/home/drnguyenvinh/notebooks/shrimp_dataset_eda_label_model_analysis_v1/kaggle_raw/shrimpdiseaseimagebd/ShrimpDiseaseImageBD An Image Dataset for Computer Vision-Based Detection of Shrimp Diseases in Bangladesh/Root/Annotated Diseased Shrimp Images/Annotated Diseased Shrimp Images/2. WSSV/images/WSSV-110-img-1.jpg,/home/drnguyenvinh/notebooks/shrimp_dataset_eda_label_model_analysis_v1/kaggle_raw/shrimpdiseaseimagebd/ShrimpDiseaseImageBD An Image Dataset for Computer Vision-Based Detection of Shrimp Diseases in Bangladesh/Root/Annotated Diseased Shrimp Images/Annotated Diseased Shrimp Images/2. WSSV/labels/WSSV-110-img-1.txt,11,0,WSSV,WSSV-110-img-1,2048
1.0,1,WSSV,WSSV-110-img-2.jpg,206.9365234375,2048,/home/drnguyenvinh/notebooks/shrimp_dataset_eda_label_model_analysis_v1/kaggle_raw/shrimpdiseaseimagebd/ShrimpDiseaseImageBD An Image Dataset for Computer Vision-Based Detection of Shrimp Diseases in Bangladesh/Root/Annotated Diseased Shrimp Images/Annotated Diseased Shrimp Images/2. WSSV/images/WSSV-110-img-2.jpg,/home/drnguyenvinh/notebooks/shrimp_dataset_eda_label_model_analysis_v1/kaggle_raw/shrimpdiseaseimagebd/ShrimpDiseaseImageBD An Image Dataset for Computer Vision-Based Detection of Shrimp Diseases in Bangladesh/Root/Annotated Diseased Shrimp Images/Annotated Diseased Shrimp Images/2. WSSV/labels/WSSV-110-img-2.txt,15,0,WSSV,WSSV-110-img-2,2048
1.0,1,WSSV,WSSV-111-img-1.jpg,173.6171875,2048,/home/drnguyenvinh/notebooks/shrimp_dataset_eda_label_model_analysis_v1/kaggle_raw/shrimpdiseaseimagebd/ShrimpDiseaseImageBD An Image Dataset for Computer Vision-Based Detection of Shrimp Diseases in Bangladesh/Root/Annotated Diseased Shrimp Images/Annotated Diseased Shrimp Images/2. WSSV/images/WSSV-111-img-1.jpg,/home/drnguyenvinh/notebooks/shrimp_dataset_eda_label_model_analysis_v1/kaggle_raw/shrimpdiseaseimagebd/ShrimpDiseaseImageBD An Image Dataset for Computer Vision-Based Detection of Shrimp Diseases in Bangladesh/Root/Annotated Diseased Shrimp Images/Annotated Diseased Shrimp Images/2. WSSV/labels/WSSV-111-img-1.txt,3,0,WSSV,WSSV-111-img-1,2048
1.0,1,WSSV,WSSV-111-img-2.jpg,195.16796875,2048,/home/drnguyenvinh/notebooks/shrimp_dataset_eda_label_model_analysis_v1/kaggle_raw/shrimpdiseaseimagebd/ShrimpDiseaseImageBD An Image Dataset for Computer Vision-Based Detection of Shrimp Diseases in Bangladesh/Root/Annotated Diseased Shrimp Images/Annotated Diseased Shrimp Images/2. WSSV/images/WSSV-111-img-2.jpg,/home/drnguyenvinh/notebooks/shrimp_dataset_eda_label_model_analysis_v1/kaggle_raw/shrimpdiseaseimagebd/ShrimpDiseaseImageBD An Image Dataset for Computer Vision-Based Detection of Shrimp Diseases in Bangladesh/Root/Annotated Diseased Shrimp Images/Annotated Diseased Shrimp Images/2. WSSV/labels/WSSV-111-img-2.txt,3,0,WSSV,WSSV-111-img-2,2048
1.0,1,WSSV,WSSV-111-img-3.jpg,200.95703125,2048,/home/drnguyenvinh/notebooks/shrimp_dataset_eda_label_model_analysis_v1/kaggle_raw/shrimpdiseaseimagebd/ShrimpDiseaseImageBD An Image Dataset for Computer Vision-Based Detection of Shrimp Diseases in Bangladesh/Root/Annotated Diseased Shrimp Images/Annotated Diseased Shrimp Images/2. WSSV/images/WSSV-111-img-3.jpg,/home/drnguyenvinh/notebooks/shrimp_dataset_eda_label_model_analysis_v1/kaggle_raw/shrimpdiseaseimagebd/ShrimpDiseaseImageBD An Image Dataset for Computer Vision-Based Detection of Shrimp Diseases in Bangladesh/Root/Annotated Diseased Shrimp Images/Annotated Diseased Shrimp Images/2. WSSV/labels/WSSV-111-img-3.txt,4,0,WSSV,WSSV-111-img-3,2048
1.0,1,WSSV,WSSV-112-img-1.jpg,201.1142578125,2048,/home/drnguyenvinh/notebooks/shrimp_dataset_eda_label_model_analysis_v1/kaggle_raw/shrimpdiseaseimagebd/ShrimpDiseaseImageBD An Image Dataset for Computer Vision-Based Detection of Shrimp Diseases in Bangladesh/Root/Annotated Diseased Shrimp Images/Annotated Diseased Shrimp Images/2. WSSV/images/WSSV-112-img-1.jpg,/home/drnguyenvinh/notebooks/shrimp_dataset_eda_label_model_analysis_v1/kaggle_raw/shrimpdiseaseimagebd/ShrimpDiseaseImageBD An Image Dataset for Computer Vision-Based Detection of Shrimp Diseases in Bangladesh/Root/Annotated Diseased Shrimp Images/Annotated Diseased Shrimp Images/2. WSSV/labels/WSSV-112-img-1.txt,3,0,WSSV,WSSV-112-img-1,2048
1.0,1,WSSV,WSSV-112-img-2.jpg,206.8740234375,2048,/home/drnguyenvinh/notebooks/shrimp_dataset_eda_label_model_analysis_v1/kaggle_raw/shrimpdiseaseimagebd/ShrimpDiseaseImageBD An Image Dataset for Computer Vision-Based Detection of Shrimp Diseases in Bangladesh/Root/Annotated Diseased Shrimp Images/Annotated Diseased Shrimp Images/2. WSSV/images/WSSV-112-img-2.jpg,/home/drnguyenvinh/notebooks/shrimp_dataset_eda_label_model_analysis_v1/kaggle_raw/shrimpdiseaseimagebd/ShrimpDiseaseImageBD An Image Dataset for Computer Vision-Based Detection of Shrimp Diseases in Bangladesh/Root/Annotated Diseased Shrimp Images/Annotated Diseased Shrimp Images/2. WSSV/labels/WSSV-112-img-2.txt,2,0,WSSV,WSSV-112-img-2,2048
1.0,1,WSSV,WSSV-112-img-3.jpg,155.5341796875,2048,/home/drnguyenvinh/notebooks/shrimp_dataset_eda_label_model_analysis_v1/kaggle_raw/shrimpdiseaseimagebd/ShrimpDiseaseImageBD An Image Dataset for Computer Vision-Based Detection of Shrimp Diseases in Bangladesh/Root/Annotated Diseased Shrimp Images/Annotated Diseased Shrimp Images/2. WSSV/images/WSSV-112-img-3.jpg,/home/drnguyenvinh/notebooks/shrimp_dataset_eda_label_model_analysis_v1/kaggle_raw/shrimpdiseaseimagebd/ShrimpDiseaseImageBD An Image Dataset for Computer Vision-Based Detection of Shrimp Diseases in Bangladesh/Root/Annotated Diseased Shrimp Images/Annotated Diseased Shrimp Images/2. WSSV/labels/WSSV-112-img-3.txt,4,0,WSSV,WSSV-112-img-3,2048
1.0,1,WSSV,WSSV-113-img-1.jpg,195.44921875,2048,/home/drnguyenvinh/notebooks/shrimp_dataset_eda_label_model_analysis_v1/kaggle_raw/shrimpdiseaseimagebd/ShrimpDiseaseImageBD An Image Dataset for Computer Vision-Based Detection of Shrimp Diseases in Bangladesh/Root/Annotated Diseased Shrimp Images/Annotated Diseased Shrimp Images/2. WSSV/images/WSSV-113-img-1.jpg,/home/drnguyenvinh/notebooks/shrimp_dataset_eda_label_model_analysis_v1/kaggle_raw/shrimpdiseaseimagebd/ShrimpDiseaseImageBD An Image Dataset for Computer Vision-Based Detection of Shrimp Diseases in Bangladesh/Root/Annotated Diseased Shrimp Images/Annotated Diseased Shrimp Images/2. WSSV/labels/WSSV-113-img-1.txt,6,0,WSSV,WSSV-113-img-1,2048
1.0,1,WSSV,WSSV-113-img-2.jpg,201.9833984375,2048,/home/drnguyenvinh/notebooks/shrimp_dataset_eda_label_model_analysis_v1/kaggle_raw/shrimpdiseaseimagebd/ShrimpDiseaseImageBD An Image Dataset for Computer Vision-Based Detection of Shrimp Diseases in Bangladesh/Root/Annotated Diseased Shrimp Images/Annotated Diseased Shrimp Images/2. WSSV/images/WSSV-113-img-2.jpg,/home/drnguyenvinh/notebooks/shrimp_dataset_eda_label_model_analysis_v1/kaggle_raw/shrimpdiseaseimagebd/ShrimpDiseaseImageBD An Image Dataset for Computer Vision-Based Detection of Shrimp Diseases in Bangladesh/Root/Annotated Diseased Shrimp Images/Annotated Diseased Shrimp Images/2. WSSV/labels/WSSV-113-img-2.txt,7,0,WSSV,WSSV-113-img-2,2048
1.0,1,WSSV,WSSV-113-img-3.jpg,200.66015625,2048,/home/drnguyenvinh/notebooks/shrimp_dataset_eda_label_model_analysis_v1/kaggle_raw/shrimpdiseaseimagebd/ShrimpDiseaseImageBD An Image Dataset for Computer Vision-Based Detection of Shrimp Diseases in Bangladesh/Root/Annotated Diseased Shrimp Images/Annotated Diseased Shrimp Images/2. WSSV/images/WSSV-113-img-3.jpg,/home/drnguyenvinh/notebooks/shrimp_dataset_eda_label_model_analysis_v1/kaggle_raw/shrimpdiseaseimagebd/ShrimpDiseaseImageBD An Image Dataset for Computer Vision-Based Detection of Shrimp Diseases in Bangladesh/Root/Annotated Diseased Shrimp Images/Annotated Diseased Shrimp Images/2. WSSV/labels/WSSV-113-img-3.txt,15,0,WSSV,WSSV-113-img-3,2048
1.0,1,WSSV,WSSV-114-img-1.jpg,173.2705078125,2048,/home/drnguyenvinh/notebooks/shrimp_dataset_eda_label_model_analysis_v1/kaggle_raw/shrimpdiseaseimagebd/ShrimpDiseaseImageBD An Image Dataset for Computer Vision-Based Detection of Shrimp Diseases in Bangladesh/Root/Annotated Diseased Shrimp Images/Annotated Diseased Shrimp Images/2. WSSV/images/WSSV-114-img-1.jpg,/home/drnguyenvinh/notebooks/shrimp_dataset_eda_label_model_analysis_v1/kaggle_raw/shrimpdiseaseimagebd/ShrimpDiseaseImageBD An Image Dataset for Computer Vision-Based Detection of Shrimp Diseases in Bangladesh/Root/Annotated Diseased Shrimp Images/Annotated Diseased Shrimp Images/2. WSSV/labels/WSSV-114-img-1.txt,7,0,WSSV,WSSV-114-img-1,2048
1.0,1,WSSV,WSSV-114-img-2.jpg,210.91015625,2048,/home/drnguyenvinh/notebooks/shrimp_dataset_eda_label_model_analysis_v1/kaggle_raw/shrimpdiseaseimagebd/ShrimpDiseaseImageBD An Image Dataset for Computer Vision-Based Detection of Shrimp Diseases in Bangladesh/Root/Annotated Diseased Shrimp Images/Annotated Diseased Shrimp Images/2. WSSV/images/WSSV-114-img-2.jpg,/home/drnguyenvinh/notebooks/shrimp_dataset_eda_label_model_analysis_v1/kaggle_raw/shrimpdiseaseimagebd/ShrimpDiseaseImageBD An Image Dataset for Computer Vision-Based Detection of Shrimp Diseases in Bangladesh/Root/Annotated Diseased Shrimp Images/Annotated Diseased Shrimp Images/2. WSSV/labels/WSSV-114-img-2.txt,6,0,WSSV,WSSV-114-img-2,2048
1.0,1,WSSV,WSSV-115-img-1.jpg,207.896484375,2048,/home/drnguyenvinh/notebooks/shrimp_dataset_eda_label_model_analysis_v1/kaggle_raw/shrimpdiseaseimagebd/ShrimpDiseaseImageBD An Image Dataset for Computer Vision-Based Detection of Shrimp Diseases in Bangladesh/Root/Annotated Diseased Shrimp Images/Annotated Diseased Shrimp Images/2. WSSV/images/WSSV-115-img-1.jpg,/home/drnguyenvinh/notebooks/shrimp_dataset_eda_label_model_analysis_v1/kaggle_raw/shrimpdiseaseimagebd/ShrimpDiseaseImageBD An Image Dataset for Computer Vision-Based Detection of Shrimp Diseases in Bangladesh/Root/Annotated Diseased Shrimp Images/Annotated Diseased Shrimp Images/2. WSSV/labels/WSSV-115-img-1.txt,8,0,WSSV,WSSV-115-img-1,2048
1.0,1,WSSV,WSSV-115-img-2.jpg,218.4189453125,2048,/home/drnguyenvinh/notebooks/shrimp_dataset_eda_label_model_analysis_v1/kaggle_raw/shrimpdiseaseimagebd/ShrimpDiseaseImageBD An Image Dataset for Computer Vision-Based Detection of Shrimp Diseases in Bangladesh/Root/Annotated Diseased Shrimp Images/Annotated Diseased Shrimp Images/2. WSSV/images/WSSV-115-img-2.jpg,/home/drnguyenvinh/notebooks/shrimp_dataset_eda_label_model_analysis_v1/kaggle_raw/shrimpdiseaseimagebd/ShrimpDiseaseImageBD An Image Dataset for Computer Vision-Based Detection of Shrimp Diseases in Bangladesh/Root/Annotated Diseased Shrimp Images/Annotated Diseased Shrimp Images/2. WSSV/labels/WSSV-115-img-2.txt,17,0,WSSV,WSSV-115-img-2,2048
1.0,1,WSSV,WSSV-115-img-3.jpg,217.6591796875,2048,/home/drnguyenvinh/notebooks/shrimp_dataset_eda_label_model_analysis_v1/kaggle_raw/shrimpdiseaseimagebd/ShrimpDiseaseImageBD An Image Dataset for Computer Vision-Based Detection of Shrimp Diseases in Bangladesh/Root/Annotated Diseased Shrimp Images/Annotated Diseased Shrimp Images/2. WSSV/images/WSSV-115-img-3.jpg,/home/drnguyenvinh/notebooks/shrimp_dataset_eda_label_model_analysis_v1/kaggle_raw/shrimpdiseaseimagebd/ShrimpDiseaseImageBD An Image Dataset for Computer Vision-Based Detection of Shrimp Diseases in Bangladesh/Root/Annotated Diseased Shrimp Images/Annotated Diseased Shrimp Images/2. WSSV/labels/WSSV-115-img-3.txt,7,0,WSSV,WSSV-115-img-3,2048
1.0,1,WSSV,WSSV-116-img-1.jpg,227.7578125,2048,/home/drnguyenvinh/notebooks/shrimp_dataset_eda_label_model_analysis_v1/kaggle_raw/shrimpdiseaseimagebd/ShrimpDiseaseImageBD An Image Dataset for Computer Vision-Based Detection of Shrimp Diseases in Bangladesh/Root/Annotated Diseased Shrimp Images/Annotated Diseased Shrimp Images/2. WSSV/images/WSSV-116-img-1.jpg,/home/drnguyenvinh/notebooks/shrimp_dataset_eda_label_model_analysis_v1/kaggle_raw/shrimpdiseaseimagebd/ShrimpDiseaseImageBD An Image Dataset for Computer Vision-Based Detection of Shrimp Diseases in Bangladesh/Root/Annotated Diseased Shrimp Images/Annotated Diseased Shrimp Images/2. WSSV/labels/WSSV-116-img-1.txt,5,0,WSSV,WSSV-116-img-1,2048
1.0,1,WSSV,WSSV-116-img-2.jpg,242.5498046875,2048,/home/drnguyenvinh/notebooks/shrimp_dataset_eda_label_model_analysis_v1/kaggle_raw/shrimpdiseaseimagebd/ShrimpDiseaseImageBD An Image Dataset for Computer Vision-Based Detection of Shrimp Diseases in Bangladesh/Root/Annotated Diseased Shrimp Images/Annotated Diseased Shrimp Images/2. WSSV/images/WSSV-116-img-2.jpg,/home/drnguyenvinh/notebooks/shrimp_dataset_eda_label_model_analysis_v1/kaggle_raw/shrimpdiseaseimagebd/ShrimpDiseaseImageBD An Image Dataset for Computer Vision-Based Detection of Shrimp Diseases in Bangladesh/Root/Annotated Diseased Shrimp Images/Annotated Diseased Shrimp Images/2. WSSV/labels/WSSV-116-img-2.txt,6,0,WSSV,WSSV-116-img-2,2048
1.0,1,WSSV,WSSV-116-img-3.jpg,241.349609375,2048,/home/drnguyenvinh/notebooks/shrimp_dataset_eda_label_model_analysis_v1/kaggle_raw/shrimpdiseaseimagebd/ShrimpDiseaseImageBD An Image Dataset for Computer Vision-Based Detection of Shrimp Diseases in Bangladesh/Root/Annotated Diseased Shrimp Images/Annotated Diseased Shrimp Images/2. WSSV/images/WSSV-116-img-3.jpg,/home/drnguyenvinh/notebooks/shrimp_dataset_eda_label_model_analysis_v1/kaggle_raw/shrimpdiseaseimagebd/ShrimpDiseaseImageBD An Image Dataset for Computer Vision-Based Detection of Shrimp Diseases in Bangladesh/Root/Annotated Diseased Shrimp Images/Annotated Diseased Shrimp Images/2. WSSV/labels/WSSV-116-img-3.txt,9,0,WSSV,WSSV-116-img-3,2048
1.0,1,WSSV,WSSV-117-img-1.jpg,195.9541015625,2048,/home/drnguyenvinh/notebooks/shrimp_dataset_eda_label_model_analysis_v1/kaggle_raw/shrimpdiseaseimagebd/ShrimpDiseaseImageBD An Image Dataset for Computer Vision-Based Detection of Shrimp Diseases in Bangladesh/Root/Annotated Diseased Shrimp Images/Annotated Diseased Shrimp Images/2. WSSV/images/WSSV-117-img-1.jpg,/home/drnguyenvinh/notebooks/shrimp_dataset_eda_label_model_analysis_v1/kaggle_raw/shrimpdiseaseimagebd/ShrimpDiseaseImageBD An Image Dataset for Computer Vision-Based Detection of Shrimp Diseases in Bangladesh/Root/Annotated Diseased Shrimp Images/Annotated Diseased Shrimp Images/2. WSSV/labels/WSSV-117-img-1.txt,4,0,WSSV,WSSV-117-img-1,2048
1.0,1,WSSV,WSSV-117-img-2.jpg,196.853515625,2048,/home/drnguyenvinh/notebooks/shrimp_dataset_eda_label_model_analysis_v1/kaggle_raw/shrimpdiseaseimagebd/ShrimpDiseaseImageBD An Image Dataset for Computer Vision-Based Detection of Shrimp Diseases in Bangladesh/Root/Annotated Diseased Shrimp Images/Annotated Diseased Shrimp Images/2. WSSV/images/WSSV-117-img-2.jpg,/home/drnguyenvinh/notebooks/shrimp_dataset_eda_label_model_analysis_v1/kaggle_raw/shrimpdiseaseimagebd/ShrimpDiseaseImageBD An Image Dataset for Computer Vision-Based Detection of Shrimp Diseases in Bangladesh/Root/Annotated Diseased Shrimp Images/Annotated Diseased Shrimp Images/2. WSSV/labels/WSSV-117-img-2.txt,8,0,WSSV,WSSV-117-img-2,2048
1.0,1,WSSV,WSSV-118-img-1.jpg,213.23046875,2048,/home/drnguyenvinh/notebooks/shrimp_dataset_eda_label_model_analysis_v1/kaggle_raw/shrimpdiseaseimagebd/ShrimpDiseaseImageBD An Image Dataset for Computer Vision-Based Detection of Shrimp Diseases in Bangladesh/Root/Annotated Diseased Shrimp Images/Annotated Diseased Shrimp Images/2. WSSV/images/WSSV-118-img-1.jpg,/home/drnguyenvinh/notebooks/shrimp_dataset_eda_label_model_analysis_v1/kaggle_raw/shrimpdiseaseimagebd/ShrimpDiseaseImageBD An Image Dataset for Computer Vision-Based Detection of Shrimp Diseases in Bangladesh/Root/Annotated Diseased Shrimp Images/Annotated Diseased Shrimp Images/2. WSSV/labels/WSSV-118-img-1.txt,4,0,WSSV,WSSV-118-img-1,2048
1.0,1,WSSV,WSSV-118-img-2.jpg,201.74609375,2048,/home/drnguyenvinh/notebooks/shrimp_dataset_eda_label_model_analysis_v1/kaggle_raw/shrimpdiseaseimagebd/ShrimpDiseaseImageBD An Image Dataset for Computer Vision-Based Detection of Shrimp Diseases in Bangladesh/Root/Annotated Diseased Shrimp Images/Annotated Diseased Shrimp Images/2. WSSV/images/WSSV-118-img-2.jpg,/home/drnguyenvinh/notebooks/shrimp_dataset_eda_label_model_analysis_v1/kaggle_raw/shrimpdiseaseimagebd/ShrimpDiseaseImageBD An Image Dataset for Computer Vision-Based Detection of Shrimp Diseases in Bangladesh/Root/Annotated Diseased Shrimp Images/Annotated Diseased Shrimp Images/2. WSSV/labels/WSSV-118-img-2.txt,5,0,WSSV,WSSV-118-img-2,2048
1.0,1,WSSV,WSSV-118-img-3.jpg,184.509765625,2048,/home/drnguyenvinh/notebooks/shrimp_dataset_eda_label_model_analysis_v1/kaggle_raw/shrimpdiseaseimagebd/ShrimpDiseaseImageBD An Image Dataset for Computer Vision-Based Detection of Shrimp Diseases in Bangladesh/Root/Annotated Diseased Shrimp Images/Annotated Diseased Shrimp Images/2. WSSV/images/WSSV-118-img-3.jpg,/home/drnguyenvinh/notebooks/shrimp_dataset_eda_label_model_analysis_v1/kaggle_raw/shrimpdiseaseimagebd/ShrimpDiseaseImageBD An Image Dataset for Computer Vision-Based Detection of Shrimp Diseases in Bangladesh/Root/Annotated Diseased Shrimp Images/Annotated Diseased Shrimp Images/2. WSSV/labels/WSSV-118-img-3.txt,9,0,WSSV,WSSV-118-img-3,2048
1.0,1,WSSV,WSSV-12-img-1.jpg,201.27734375,2048,/home/drnguyenvinh/notebooks/shrimp_dataset_eda_label_model_analysis_v1/kaggle_raw/shrimpdiseaseimagebd/ShrimpDiseaseImageBD An Image Dataset for Computer Vision-Based Detection of Shrimp Diseases in Bangladesh/Root/Annotated Diseased Shrimp Images/Annotated Diseased Shrimp Images/2. WSSV/images/WSSV-12-img-1.jpg,/home/drnguyenvinh/notebooks/shrimp_dataset_eda_label_model_analysis_v1/kaggle_raw/shrimpdiseaseimagebd/ShrimpDiseaseImageBD An Image Dataset for Computer Vision-Based Detection of Shrimp Diseases in Bangladesh/Root/Annotated Diseased Shrimp Images/Annotated Diseased Shrimp Images/2. WSSV/labels/WSSV-12-img-1.txt,6,0,WSSV,WSSV-12-img-1,2048
1.0,1,WSSV,WSSV-12-img-2.jpg,176.1240234375,2048,/home/drnguyenvinh/notebooks/shrimp_dataset_eda_label_model_analysis_v1/kaggle_raw/shrimpdiseaseimagebd/ShrimpDiseaseImageBD An Image Dataset for Computer Vision-Based Detection of Shrimp Diseases in Bangladesh/Root/Annotated Diseased Shrimp Images/Annotated Diseased Shrimp Images/2. WSSV/images/WSSV-12-img-2.jpg,/home/drnguyenvinh/notebooks/shrimp_dataset_eda_label_model_analysis_v1/kaggle_raw/shrimpdiseaseimagebd/ShrimpDiseaseImageBD An Image Dataset for Computer Vision-Based Detection of Shrimp Diseases in Bangladesh/Root/Annotated Diseased Shrimp Images/Annotated Diseased Shrimp Images/2. WSSV/labels/WSSV-12-img-2.txt,11,0,WSSV,WSSV-12-img-2,2048
1.0,1,WSSV,WSSV-13-img-1.jpg,197.439453125,2048,/home/drnguyenvinh/notebooks/shrimp_dataset_eda_label_model_analysis_v1/kaggle_raw/shrimpdiseaseimagebd/ShrimpDiseaseImageBD An Image Dataset for Computer Vision-Based Detection of Shrimp Diseases in Bangladesh/Root/Annotated Diseased Shrimp Images/Annotated Diseased Shrimp Images/2. WSSV/images/WSSV-13-img-1.jpg,/home/drnguyenvinh/notebooks/shrimp_dataset_eda_label_model_analysis_v1/kaggle_raw/shrimpdiseaseimagebd/ShrimpDiseaseImageBD An Image Dataset for Computer Vision-Based Detection of Shrimp Diseases in Bangladesh/Root/Annotated Diseased Shrimp Images/Annotated Diseased Shrimp Images/2. WSSV/labels/WSSV-13-img-1.txt,10,0,WSSV,WSSV-13-img-1,2048
1.0,1,WSSV,WSSV-13-img-2.jpg,203.03125,2048,/home/drnguyenvinh/notebooks/shrimp_dataset_eda_label_model_analysis_v1/kaggle_raw/shrimpdiseaseimagebd/ShrimpDiseaseImageBD An Image Dataset for Computer Vision-Based Detection of Shrimp Diseases in Bangladesh/Root/Annotated Diseased Shrimp Images/Annotated Diseased Shrimp Images/2. WSSV/images/WSSV-13-img-2.jpg,/home/drnguyenvinh/notebooks/shrimp_dataset_eda_label_model_analysis_v1/kaggle_raw/shrimpdiseaseimagebd/ShrimpDiseaseImageBD An Image Dataset for Computer Vision-Based Detection of Shrimp Diseases in Bangladesh/Root/Annotated Diseased Shrimp Images/Annotated Diseased Shrimp Images/2. WSSV/labels/WSSV-13-img-2.txt,4,0,WSSV,WSSV-13-img-2,2048
1.0,1,WSSV,WSSV-13-img-3.jpg,200.1328125,2048,/home/drnguyenvinh/notebooks/shrimp_dataset_eda_label_model_analysis_v1/kaggle_raw/shrimpdiseaseimagebd/ShrimpDiseaseImageBD An Image Dataset for Computer Vision-Based Detection of Shrimp Diseases in Bangladesh/Root/Annotated Diseased Shrimp Images/Annotated Diseased Shrimp Images/2. WSSV/images/WSSV-13-img-3.jpg,/home/drnguyenvinh/notebooks/shrimp_dataset_eda_label_model_analysis_v1/kaggle_raw/shrimpdiseaseimagebd/ShrimpDiseaseImageBD An Image Dataset for Computer Vision-Based Detection of Shrimp Diseases in Bangladesh/Root/Annotated Diseased Shrimp Images/Annotated Diseased Shrimp Images/2. WSSV/labels/WSSV-13-img-3.txt,2,0,WSSV,WSSV-13-img-3,2048
1.0,1,WSSV,WSSV-14-img-1.jpg,205.4326171875,2048,/home/drnguyenvinh/notebooks/shrimp_dataset_eda_label_model_analysis_v1/kaggle_raw/shrimpdiseaseimagebd/ShrimpDiseaseImageBD An Image Dataset for Computer Vision-Based Detection of Shrimp Diseases in Bangladesh/Root/Annotated Diseased Shrimp Images/Annotated Diseased Shrimp Images/2. WSSV/images/WSSV-14-img-1.jpg,/home/drnguyenvinh/notebooks/shrimp_dataset_eda_label_model_analysis_v1/kaggle_raw/shrimpdiseaseimagebd/ShrimpDiseaseImageBD An Image Dataset for Computer Vision-Based Detection of Shrimp Diseases in Bangladesh/Root/Annotated Diseased Shrimp Images/Annotated Diseased Shrimp Images/2. WSSV/labels/WSSV-14-img-1.txt,3,0,WSSV,WSSV-14-img-1,2048
1.0,1,WSSV,WSSV-14-img-2.jpg,212.3603515625,2048,/home/drnguyenvinh/notebooks/shrimp_dataset_eda_label_model_analysis_v1/kaggle_raw/shrimpdiseaseimagebd/ShrimpDiseaseImageBD An Image Dataset for Computer Vision-Based Detection of Shrimp Diseases in Bangladesh/Root/Annotated Diseased Shrimp Images/Annotated Diseased Shrimp Images/2. WSSV/images/WSSV-14-img-2.jpg,/home/drnguyenvinh/notebooks/shrimp_dataset_eda_label_model_analysis_v1/kaggle_raw/shrimpdiseaseimagebd/ShrimpDiseaseImageBD An Image Dataset for Computer Vision-Based Detection of Shrimp Diseases in Bangladesh/Root/Annotated Diseased Shrimp Images/Annotated Diseased Shrimp Images/2. WSSV/labels/WSSV-14-img-2.txt,12,0,WSSV,WSSV-14-img-2,2048
1.0,1,WSSV,WSSV-14-img-3.jpg,184.8203125,2048,/home/drnguyenvinh/notebooks/shrimp_dataset_eda_label_model_analysis_v1/kaggle_raw/shrimpdiseaseimagebd/ShrimpDiseaseImageBD An Image Dataset for Computer Vision-Based Detection of Shrimp Diseases in Bangladesh/Root/Annotated Diseased Shrimp Images/Annotated Diseased Shrimp Images/2. WSSV/images/WSSV-14-img-3.jpg,/home/drnguyenvinh/notebooks/shrimp_dataset_eda_label_model_analysis_v1/kaggle_raw/shrimpdiseaseimagebd/ShrimpDiseaseImageBD An Image Dataset for Computer Vision-Based Detection of Shrimp Diseases in Bangladesh/Root/Annotated Diseased Shrimp Images/Annotated Diseased Shrimp Images/2. WSSV/labels/WSSV-14-img-3.txt,3,0,WSSV,WSSV-14-img-3,2048
1.0,1,WSSV,WSSV-15-img-1.jpg,201.017578125,2048,/home/drnguyenvinh/notebooks/shrimp_dataset_eda_label_model_analysis_v1/kaggle_raw/shrimpdiseaseimagebd/ShrimpDiseaseImageBD An Image Dataset for Computer Vision-Based Detection of Shrimp Diseases in Bangladesh/Root/Annotated Diseased Shrimp Images/Annotated Diseased Shrimp Images/2. WSSV/images/WSSV-15-img-1.jpg,/home/drnguyenvinh/notebooks/shrimp_dataset_eda_label_model_analysis_v1/kaggle_raw/shrimpdiseaseimagebd/ShrimpDiseaseImageBD An Image Dataset for Computer Vision-Based Detection of Shrimp Diseases in Bangladesh/Root/Annotated Diseased Shrimp Images/Annotated Diseased Shrimp Images/2. WSSV/labels/WSSV-15-img-1.txt,25,0,WSSV,WSSV-15-img-1,2048
1.0,1,WSSV,WSSV-15-img-2.jpg,196.845703125,2048,/home/drnguyenvinh/notebooks/shrimp_dataset_eda_label_model_analysis_v1/kaggle_raw/shrimpdiseaseimagebd/ShrimpDiseaseImageBD An Image Dataset for Computer Vision-Based Detection of Shrimp Diseases in Bangladesh/Root/Annotated Diseased Shrimp Images/Annotated Diseased Shrimp Images/2. WSSV/images/WSSV-15-img-2.jpg,/home/drnguyenvinh/notebooks/shrimp_dataset_eda_label_model_analysis_v1/kaggle_raw/shrimpdiseaseimagebd/ShrimpDiseaseImageBD An Image Dataset for Computer Vision-Based Detection of Shrimp Diseases in Bangladesh/Root/Annotated Diseased Shrimp Images/Annotated Diseased Shrimp Images/2. WSSV/labels/WSSV-15-img-2.txt,2,0,WSSV,WSSV-15-img-2,2048
1.0,1,WSSV,WSSV-15-img-3.jpg,198.9091796875,2048,/home/drnguyenvinh/notebooks/shrimp_dataset_eda_label_model_analysis_v1/kaggle_raw/shrimpdiseaseimagebd/ShrimpDiseaseImageBD An Image Dataset for Computer Vision-Based Detection of Shrimp Diseases in Bangladesh/Root/Annotated Diseased Shrimp Images/Annotated Diseased Shrimp Images/2. WSSV/images/WSSV-15-img-3.jpg,/home/drnguyenvinh/notebooks/shrimp_dataset_eda_label_model_analysis_v1/kaggle_raw/shrimpdiseaseimagebd/ShrimpDiseaseImageBD An Image Dataset for Computer Vision-Based Detection of Shrimp Diseases in Bangladesh/Root/Annotated Diseased Shrimp Images/Annotated Diseased Shrimp Images/2. WSSV/labels/WSSV-15-img-3.txt,2,0,WSSV,WSSV-15-img-3,2048
1.0,1,WSSV,WSSV-16-img-1.jpg,207.2744140625,2048,/home/drnguyenvinh/notebooks/shrimp_dataset_eda_label_model_analysis_v1/kaggle_raw/shrimpdiseaseimagebd/ShrimpDiseaseImageBD An Image Dataset for Computer Vision-Based Detection of Shrimp Diseases in Bangladesh/Root/Annotated Diseased Shrimp Images/Annotated Diseased Shrimp Images/2. WSSV/images/WSSV-16-img-1.jpg,/home/drnguyenvinh/notebooks/shrimp_dataset_eda_label_model_analysis_v1/kaggle_raw/shrimpdiseaseimagebd/ShrimpDiseaseImageBD An Image Dataset for Computer Vision-Based Detection of Shrimp Diseases in Bangladesh/Root/Annotated Diseased Shrimp Images/Annotated Diseased Shrimp Images/2. WSSV/labels/WSSV-16-img-1.txt,2,0,WSSV,WSSV-16-img-1,2048
1.0,1,WSSV,WSSV-16-img-2.jpg,200.98828125,2048,/home/drnguyenvinh/notebooks/shrimp_dataset_eda_label_model_analysis_v1/kaggle_raw/shrimpdiseaseimagebd/ShrimpDiseaseImageBD An Image Dataset for Computer Vision-Based Detection of Shrimp Diseases in Bangladesh/Root/Annotated Diseased Shrimp Images/Annotated Diseased Shrimp Images/2. WSSV/images/WSSV-16-img-2.jpg,/home/drnguyenvinh/notebooks/shrimp_dataset_eda_label_model_analysis_v1/kaggle_raw/shrimpdiseaseimagebd/ShrimpDiseaseImageBD An Image Dataset for Computer Vision-Based Detection of Shrimp Diseases in Bangladesh/Root/Annotated Diseased Shrimp Images/Annotated Diseased Shrimp Images/2. WSSV/labels/WSSV-16-img-2.txt,1,0,WSSV,WSSV-16-img-2,2048
1.0,1,WSSV,WSSV-16-img-3.jpg,186.1787109375,2048,/home/drnguyenvinh/notebooks/shrimp_dataset_eda_label_model_analysis_v1/kaggle_raw/shrimpdiseaseimagebd/ShrimpDiseaseImageBD An Image Dataset for Computer Vision-Based Detection of Shrimp Diseases in Bangladesh/Root/Annotated Diseased Shrimp Images/Annotated Diseased Shrimp Images/2. WSSV/images/WSSV-16-img-3.jpg,/home/drnguyenvinh/notebooks/shrimp_dataset_eda_label_model_analysis_v1/kaggle_raw/shrimpdiseaseimagebd/ShrimpDiseaseImageBD An Image Dataset for Computer Vision-Based Detection of Shrimp Diseases in Bangladesh/Root/Annotated Diseased Shrimp Images/Annotated Diseased Shrimp Images/2. WSSV/labels/WSSV-16-img-3.txt,5,0,WSSV,WSSV-16-img-3,2048
1.0,1,WSSV,WSSV-17-img-1.jpg,180.9111328125,2048,/home/drnguyenvinh/notebooks/shrimp_dataset_eda_label_model_analysis_v1/kaggle_raw/shrimpdiseaseimagebd/ShrimpDiseaseImageBD An Image Dataset for Computer Vision-Based Detection of Shrimp Diseases in Bangladesh/Root/Annotated Diseased Shrimp Images/Annotated Diseased Shrimp Images/2. WSSV/images/WSSV-17-img-1.jpg,/home/drnguyenvinh/notebooks/shrimp_dataset_eda_label_model_analysis_v1/kaggle_raw/shrimpdiseaseimagebd/ShrimpDiseaseImageBD An Image Dataset for Computer Vision-Based Detection of Shrimp Diseases in Bangladesh/Root/Annotated Diseased Shrimp Images/Annotated Diseased Shrimp Images/2. WSSV/labels/WSSV-17-img-1.txt,4,0,WSSV,WSSV-17-img-1,2048
1.0,1,WSSV,WSSV-17-img-2.jpg,166.0595703125,2048,/home/drnguyenvinh/notebooks/shrimp_dataset_eda_label_model_analysis_v1/kaggle_raw/shrimpdiseaseimagebd/ShrimpDiseaseImageBD An Image Dataset for Computer Vision-Based Detection of Shrimp Diseases in Bangladesh/Root/Annotated Diseased Shrimp Images/Annotated Diseased Shrimp Images/2. WSSV/images/WSSV-17-img-2.jpg,/home/drnguyenvinh/notebooks/shrimp_dataset_eda_label_model_analysis_v1/kaggle_raw/shrimpdiseaseimagebd/ShrimpDiseaseImageBD An Image Dataset for Computer Vision-Based Detection of Shrimp Diseases in Bangladesh/Root/Annotated Diseased Shrimp Images/Annotated Diseased Shrimp Images/2. WSSV/labels/WSSV-17-img-2.txt,1,0,WSSV,WSSV-17-img-2,2048
1.0,1,WSSV,WSSV-17-img-3.jpg,161.9111328125,2048,/home/drnguyenvinh/notebooks/shrimp_dataset_eda_label_model_analysis_v1/kaggle_raw/shrimpdiseaseimagebd/ShrimpDiseaseImageBD An Image Dataset for Computer Vision-Based Detection of Shrimp Diseases in Bangladesh/Root/Annotated Diseased Shrimp Images/Annotated Diseased Shrimp Images/2. WSSV/images/WSSV-17-img-3.jpg,/home/drnguyenvinh/notebooks/shrimp_dataset_eda_label_model_analysis_v1/kaggle_raw/shrimpdiseaseimagebd/ShrimpDiseaseImageBD An Image Dataset for Computer Vision-Based Detection of Shrimp Diseases in Bangladesh/Root/Annotated Diseased Shrimp Images/Annotated Diseased Shrimp Images/2. WSSV/labels/WSSV-17-img-3.txt,6,0,WSSV,WSSV-17-img-3,2048
1.0,1,WSSV,WSSV-18-img-1.jpg,176.5068359375,2048,/home/drnguyenvinh/notebooks/shrimp_dataset_eda_label_model_analysis_v1/kaggle_raw/shrimpdiseaseimagebd/ShrimpDiseaseImageBD An Image Dataset for Computer Vision-Based Detection of Shrimp Diseases in Bangladesh/Root/Annotated Diseased Shrimp Images/Annotated Diseased Shrimp Images/2. WSSV/images/WSSV-18-img-1.jpg,/home/drnguyenvinh/notebooks/shrimp_dataset_eda_label_model_analysis_v1/kaggle_raw/shrimpdiseaseimagebd/ShrimpDiseaseImageBD An Image Dataset for Computer Vision-Based Detection of Shrimp Diseases in Bangladesh/Root/Annotated Diseased Shrimp Images/Annotated Diseased Shrimp Images/2. WSSV/labels/WSSV-18-img-1.txt,5,0,WSSV,WSSV-18-img-1,2048
1.0,1,WSSV,WSSV-18-img-2.jpg,168.6806640625,2048,/home/drnguyenvinh/notebooks/shrimp_dataset_eda_label_model_analysis_v1/kaggle_raw/shrimpdiseaseimagebd/ShrimpDiseaseImageBD An Image Dataset for Computer Vision-Based Detection of Shrimp Diseases in Bangladesh/Root/Annotated Diseased Shrimp Images/Annotated Diseased Shrimp Images/2. WSSV/images/WSSV-18-img-2.jpg,/home/drnguyenvinh/notebooks/shrimp_dataset_eda_label_model_analysis_v1/kaggle_raw/shrimpdiseaseimagebd/ShrimpDiseaseImageBD An Image Dataset for Computer Vision-Based Detection of Shrimp Diseases in Bangladesh/Root/Annotated Diseased Shrimp Images/Annotated Diseased Shrimp Images/2. WSSV/labels/WSSV-18-img-2.txt,5,0,WSSV,WSSV-18-img-2,2048
1.0,1,WSSV,WSSV-18-img-3.jpg,168.00390625,2048,/home/drnguyenvinh/notebooks/shrimp_dataset_eda_label_model_analysis_v1/kaggle_raw/shrimpdiseaseimagebd/ShrimpDiseaseImageBD An Image Dataset for Computer Vision-Based Detection of Shrimp Diseases in Bangladesh/Root/Annotated Diseased Shrimp Images/Annotated Diseased Shrimp Images/2. WSSV/images/WSSV-18-img-3.jpg,/home/drnguyenvinh/notebooks/shrimp_dataset_eda_label_model_analysis_v1/kaggle_raw/shrimpdiseaseimagebd/ShrimpDiseaseImageBD An Image Dataset for Computer Vision-Based Detection of Shrimp Diseases in Bangladesh/Root/Annotated Diseased Shrimp Images/Annotated Diseased Shrimp Images/2. WSSV/labels/WSSV-18-img-3.txt,2,0,WSSV,WSSV-18-img-3,2048
1.0,1,WSSV,WSSV-19-img-1.jpg,158.3251953125,2048,/home/drnguyenvinh/notebooks/shrimp_dataset_eda_label_model_analysis_v1/kaggle_raw/shrimpdiseaseimagebd/ShrimpDiseaseImageBD An Image Dataset for Computer Vision-Based Detection of Shrimp Diseases in Bangladesh/Root/Annotated Diseased Shrimp Images/Annotated Diseased Shrimp Images/2. WSSV/images/WSSV-19-img-1.jpg,/home/drnguyenvinh/notebooks/shrimp_dataset_eda_label_model_analysis_v1/kaggle_raw/shrimpdiseaseimagebd/ShrimpDiseaseImageBD An Image Dataset for Computer Vision-Based Detection of Shrimp Diseases in Bangladesh/Root/Annotated Diseased Shrimp Images/Annotated Diseased Shrimp Images/2. WSSV/labels/WSSV-19-img-1.txt,10,0,WSSV,WSSV-19-img-1,2048
1.0,1,WSSV,WSSV-19-img-2.jpg,156.2294921875,2048,/home/drnguyenvinh/notebooks/shrimp_dataset_eda_label_model_analysis_v1/kaggle_raw/shrimpdiseaseimagebd/ShrimpDiseaseImageBD An Image Dataset for Computer Vision-Based Detection of Shrimp Diseases in Bangladesh/Root/Annotated Diseased Shrimp Images/Annotated Diseased Shrimp Images/2. WSSV/images/WSSV-19-img-2.jpg,/home/drnguyenvinh/notebooks/shrimp_dataset_eda_label_model_analysis_v1/kaggle_raw/shrimpdiseaseimagebd/ShrimpDiseaseImageBD An Image Dataset for Computer Vision-Based Detection of Shrimp Diseases in Bangladesh/Root/Annotated Diseased Shrimp Images/Annotated Diseased Shrimp Images/2. WSSV/labels/WSSV-19-img-2.txt,10,0,WSSV,WSSV-19-img-2,2048
1.0,1,WSSV,WSSV-19-img-3.jpg,161.6328125,2048,/home/drnguyenvinh/notebooks/shrimp_dataset_eda_label_model_analysis_v1/kaggle_raw/shrimpdiseaseimagebd/ShrimpDiseaseImageBD An Image Dataset for Computer Vision-Based Detection of Shrimp Diseases in Bangladesh/Root/Annotated Diseased Shrimp Images/Annotated Diseased Shrimp Images/2. WSSV/images/WSSV-19-img-3.jpg,/home/drnguyenvinh/notebooks/shrimp_dataset_eda_label_model_analysis_v1/kaggle_raw/shrimpdiseaseimagebd/ShrimpDiseaseImageBD An Image Dataset for Computer Vision-Based Detection of Shrimp Diseases in Bangladesh/Root/Annotated Diseased Shrimp Images/Annotated Diseased Shrimp Images/2. WSSV/labels/WSSV-19-img-3.txt,11,0,WSSV,WSSV-19-img-3,2048
1.0,1,WSSV,WSSV-2-img-1.jpg,651.2099609375,2048,/home/drnguyenvinh/notebooks/shrimp_dataset_eda_label_model_analysis_v1/kaggle_raw/shrimpdiseaseimagebd/ShrimpDiseaseImageBD An Image Dataset for Computer Vision-Based Detection of Shrimp Diseases in Bangladesh/Root/Annotated Diseased Shrimp Images/Annotated Diseased Shrimp Images/2. WSSV/images/WSSV-2-img-1.jpg,/home/drnguyenvinh/notebooks/shrimp_dataset_eda_label_model_analysis_v1/kaggle_raw/shrimpdiseaseimagebd/ShrimpDiseaseImageBD An Image Dataset for Computer Vision-Based Detection of Shrimp Diseases in Bangladesh/Root/Annotated Diseased Shrimp Images/Annotated Diseased Shrimp Images/2. WSSV/labels/WSSV-2-img-1.txt,3,0,WSSV,WSSV-2-img-1,2048
1.0,1,WSSV,WSSV-2-img-2.jpg,633.1181640625,2048,/home/drnguyenvinh/notebooks/shrimp_dataset_eda_label_model_analysis_v1/kaggle_raw/shrimpdiseaseimagebd/ShrimpDiseaseImageBD An Image Dataset for Computer Vision-Based Detection of Shrimp Diseases in Bangladesh/Root/Annotated Diseased Shrimp Images/Annotated Diseased Shrimp Images/2. WSSV/images/WSSV-2-img-2.jpg,/home/drnguyenvinh/notebooks/shrimp_dataset_eda_label_model_analysis_v1/kaggle_raw/shrimpdiseaseimagebd/ShrimpDiseaseImageBD An Image Dataset for Computer Vision-Based Detection of Shrimp Diseases in Bangladesh/Root/Annotated Diseased Shrimp Images/Annotated Diseased Shrimp Images/2. WSSV/labels/WSSV-2-img-2.txt,4,0,WSSV,WSSV-2-img-2,2048
1.0,1,WSSV,WSSV-2-img-3.jpg,638.931640625,2048,/home/drnguyenvinh/notebooks/shrimp_dataset_eda_label_model_analysis_v1/kaggle_raw/shrimpdiseaseimagebd/ShrimpDiseaseImageBD An Image Dataset for Computer Vision-Based Detection of Shrimp Diseases in Bangladesh/Root/Annotated Diseased Shrimp Images/Annotated Diseased Shrimp Images/2. WSSV/images/WSSV-2-img-3.jpg,/home/drnguyenvinh/notebooks/shrimp_dataset_eda_label_model_analysis_v1/kaggle_raw/shrimpdiseaseimagebd/ShrimpDiseaseImageBD An Image Dataset for Computer Vision-Based Detection of Shrimp Diseases in Bangladesh/Root/Annotated Diseased Shrimp Images/Annotated Diseased Shrimp Images/2. WSSV/labels/WSSV-2-img-3.txt,4,0,WSSV,WSSV-2-img-3,2048
1.0,1,WSSV,WSSV-20-img-1.jpg,163.2998046875,2048,/home/drnguyenvinh/notebooks/shrimp_dataset_eda_label_model_analysis_v1/kaggle_raw/shrimpdiseaseimagebd/ShrimpDiseaseImageBD An Image Dataset for Computer Vision-Based Detection of Shrimp Diseases in Bangladesh/Root/Annotated Diseased Shrimp Images/Annotated Diseased Shrimp Images/2. WSSV/images/WSSV-20-img-1.jpg,/home/drnguyenvinh/notebooks/shrimp_dataset_eda_label_model_analysis_v1/kaggle_raw/shrimpdiseaseimagebd/ShrimpDiseaseImageBD An Image Dataset for Computer Vision-Based Detection of Shrimp Diseases in Bangladesh/Root/Annotated Diseased Shrimp Images/Annotated Diseased Shrimp Images/2. WSSV/labels/WSSV-20-img-1.txt,7,0,WSSV,WSSV-20-img-1,2048
1.0,1,WSSV,WSSV-20-img-2.jpg,152.681640625,2048,/home/drnguyenvinh/notebooks/shrimp_dataset_eda_label_model_analysis_v1/kaggle_raw/shrimpdiseaseimagebd/ShrimpDiseaseImageBD An Image Dataset for Computer Vision-Based Detection of Shrimp Diseases in Bangladesh/Root/Annotated Diseased Shrimp Images/Annotated Diseased Shrimp Images/2. WSSV/images/WSSV-20-img-2.jpg,/home/drnguyenvinh/notebooks/shrimp_dataset_eda_label_model_analysis_v1/kaggle_raw/shrimpdiseaseimagebd/ShrimpDiseaseImageBD An Image Dataset for Computer Vision-Based Detection of Shrimp Diseases in Bangladesh/Root/Annotated Diseased Shrimp Images/Annotated Diseased Shrimp Images/2. WSSV/labels/WSSV-20-img-2.txt,10,0,WSSV,WSSV-20-img-2,2048
1.0,1,WSSV,WSSV-20-img-3.jpg,162.7431640625,2048,/home/drnguyenvinh/notebooks/shrimp_dataset_eda_label_model_analysis_v1/kaggle_raw/shrimpdiseaseimagebd/ShrimpDiseaseImageBD An Image Dataset for Computer Vision-Based Detection of Shrimp Diseases in Bangladesh/Root/Annotated Diseased Shrimp Images/Annotated Diseased Shrimp Images/2. WSSV/images/WSSV-20-img-3.jpg,/home/drnguyenvinh/notebooks/shrimp_dataset_eda_label_model_analysis_v1/kaggle_raw/shrimpdiseaseimagebd/ShrimpDiseaseImageBD An Image Dataset for Computer Vision-Based Detection of Shrimp Diseases in Bangladesh/Root/Annotated Diseased Shrimp Images/Annotated Diseased Shrimp Images/2. WSSV/labels/WSSV-20-img-3.txt,4,0,WSSV,WSSV-20-img-3,2048
1.0,1,WSSV,WSSV-21-img-1.jpg,153.8427734375,2048,/home/drnguyenvinh/notebooks/shrimp_dataset_eda_label_model_analysis_v1/kaggle_raw/shrimpdiseaseimagebd/ShrimpDiseaseImageBD An Image Dataset for Computer Vision-Based Detection of Shrimp Diseases in Bangladesh/Root/Annotated Diseased Shrimp Images/Annotated Diseased Shrimp Images/2. WSSV/images/WSSV-21-img-1.jpg,/home/drnguyenvinh/notebooks/shrimp_dataset_eda_label_model_analysis_v1/kaggle_raw/shrimpdiseaseimagebd/ShrimpDiseaseImageBD An Image Dataset for Computer Vision-Based Detection of Shrimp Diseases in Bangladesh/Root/Annotated Diseased Shrimp Images/Annotated Diseased Shrimp Images/2. WSSV/labels/WSSV-21-img-1.txt,6,0,WSSV,WSSV-21-img-1,2048
1.0,1,WSSV,WSSV-21-img-2.jpg,165.833984375,2048,/home/drnguyenvinh/notebooks/shrimp_dataset_eda_label_model_analysis_v1/kaggle_raw/shrimpdiseaseimagebd/ShrimpDiseaseImageBD An Image Dataset for Computer Vision-Based Detection of Shrimp Diseases in Bangladesh/Root/Annotated Diseased Shrimp Images/Annotated Diseased Shrimp Images/2. WSSV/images/WSSV-21-img-2.jpg,/home/drnguyenvinh/notebooks/shrimp_dataset_eda_label_model_analysis_v1/kaggle_raw/shrimpdiseaseimagebd/ShrimpDiseaseImageBD An Image Dataset for Computer Vision-Based Detection of Shrimp Diseases in Bangladesh/Root/Annotated Diseased Shrimp Images/Annotated Diseased Shrimp Images/2. WSSV/labels/WSSV-21-img-2.txt,2,0,WSSV,WSSV-21-img-2,2048
1.0,1,WSSV,WSSV-21-img-3.jpg,160.001953125,2048,/home/drnguyenvinh/notebooks/shrimp_dataset_eda_label_model_analysis_v1/kaggle_raw/shrimpdiseaseimagebd/ShrimpDiseaseImageBD An Image Dataset for Computer Vision-Based Detection of Shrimp Diseases in Bangladesh/Root/Annotated Diseased Shrimp Images/Annotated Diseased Shrimp Images/2. WSSV/images/WSSV-21-img-3.jpg,/home/drnguyenvinh/notebooks/shrimp_dataset_eda_label_model_analysis_v1/kaggle_raw/shrimpdiseaseimagebd/ShrimpDiseaseImageBD An Image Dataset for Computer Vision-Based Detection of Shrimp Diseases in Bangladesh/Root/Annotated Diseased Shrimp Images/Annotated Diseased Shrimp Images/2. WSSV/labels/WSSV-21-img-3.txt,3,0,WSSV,WSSV-21-img-3,2048
1.0,1,WSSV,WSSV-22-img-1.jpg,157.53515625,2048,/home/drnguyenvinh/notebooks/shrimp_dataset_eda_label_model_analysis_v1/kaggle_raw/shrimpdiseaseimagebd/ShrimpDiseaseImageBD An Image Dataset for Computer Vision-Based Detection of Shrimp Diseases in Bangladesh/Root/Annotated Diseased Shrimp Images/Annotated Diseased Shrimp Images/2. WSSV/images/WSSV-22-img-1.jpg,/home/drnguyenvinh/notebooks/shrimp_dataset_eda_label_model_analysis_v1/kaggle_raw/shrimpdiseaseimagebd/ShrimpDiseaseImageBD An Image Dataset for Computer Vision-Based Detection of Shrimp Diseases in Bangladesh/Root/Annotated Diseased Shrimp Images/Annotated Diseased Shrimp Images/2. WSSV/labels/WSSV-22-img-1.txt,2,0,WSSV,WSSV-22-img-1,2048
1.0,1,WSSV,WSSV-22-img-2.jpg,160.33203125,2048,/home/drnguyenvinh/notebooks/shrimp_dataset_eda_label_model_analysis_v1/kaggle_raw/shrimpdiseaseimagebd/ShrimpDiseaseImageBD An Image Dataset for Computer Vision-Based Detection of Shrimp Diseases in Bangladesh/Root/Annotated Diseased Shrimp Images/Annotated Diseased Shrimp Images/2. WSSV/images/WSSV-22-img-2.jpg,/home/drnguyenvinh/notebooks/shrimp_dataset_eda_label_model_analysis_v1/kaggle_raw/shrimpdiseaseimagebd/ShrimpDiseaseImageBD An Image Dataset for Computer Vision-Based Detection of Shrimp Diseases in Bangladesh/Root/Annotated Diseased Shrimp Images/Annotated Diseased Shrimp Images/2. WSSV/labels/WSSV-22-img-2.txt,7,0,WSSV,WSSV-22-img-2,2048
1.0,1,WSSV,WSSV-23-img-1.jpg,157.5654296875,2048,/home/drnguyenvinh/notebooks/shrimp_dataset_eda_label_model_analysis_v1/kaggle_raw/shrimpdiseaseimagebd/ShrimpDiseaseImageBD An Image Dataset for Computer Vision-Based Detection of Shrimp Diseases in Bangladesh/Root/Annotated Diseased Shrimp Images/Annotated Diseased Shrimp Images/2. WSSV/images/WSSV-23-img-1.jpg,/home/drnguyenvinh/notebooks/shrimp_dataset_eda_label_model_analysis_v1/kaggle_raw/shrimpdiseaseimagebd/ShrimpDiseaseImageBD An Image Dataset for Computer Vision-Based Detection of Shrimp Diseases in Bangladesh/Root/Annotated Diseased Shrimp Images/Annotated Diseased Shrimp Images/2. WSSV/labels/WSSV-23-img-1.txt,7,0,WSSV,WSSV-23-img-1,2048
1.0,1,WSSV,WSSV-23-img-2.jpg,159.4814453125,2048,/home/drnguyenvinh/notebooks/shrimp_dataset_eda_label_model_analysis_v1/kaggle_raw/shrimpdiseaseimagebd/ShrimpDiseaseImageBD An Image Dataset for Computer Vision-Based Detection of Shrimp Diseases in Bangladesh/Root/Annotated Diseased Shrimp Images/Annotated Diseased Shrimp Images/2. WSSV/images/WSSV-23-img-2.jpg,/home/drnguyenvinh/notebooks/shrimp_dataset_eda_label_model_analysis_v1/kaggle_raw/shrimpdiseaseimagebd/ShrimpDiseaseImageBD An Image Dataset for Computer Vision-Based Detection of Shrimp Diseases in Bangladesh/Root/Annotated Diseased Shrimp Images/Annotated Diseased Shrimp Images/2. WSSV/labels/WSSV-23-img-2.txt,15,0,WSSV,WSSV-23-img-2,2048
1.0,1,WSSV,WSSV-23-img-3.jpg,146.09765625,2048,/home/drnguyenvinh/notebooks/shrimp_dataset_eda_label_model_analysis_v1/kaggle_raw/shrimpdiseaseimagebd/ShrimpDiseaseImageBD An Image Dataset for Computer Vision-Based Detection of Shrimp Diseases in Bangladesh/Root/Annotated Diseased Shrimp Images/Annotated Diseased Shrimp Images/2. WSSV/images/WSSV-23-img-3.jpg,/home/drnguyenvinh/notebooks/shrimp_dataset_eda_label_model_analysis_v1/kaggle_raw/shrimpdiseaseimagebd/ShrimpDiseaseImageBD An Image Dataset for Computer Vision-Based Detection of Shrimp Diseases in Bangladesh/Root/Annotated Diseased Shrimp Images/Annotated Diseased Shrimp Images/2. WSSV/labels/WSSV-23-img-3.txt,3,0,WSSV,WSSV-23-img-3,2048
1.0,1,WSSV,WSSV-24-img-1.jpg,153.4990234375,2048,/home/drnguyenvinh/notebooks/shrimp_dataset_eda_label_model_analysis_v1/kaggle_raw/shrimpdiseaseimagebd/ShrimpDiseaseImageBD An Image Dataset for Computer Vision-Based Detection of Shrimp Diseases in Bangladesh/Root/Annotated Diseased Shrimp Images/Annotated Diseased Shrimp Images/2. WSSV/images/WSSV-24-img-1.jpg,/home/drnguyenvinh/notebooks/shrimp_dataset_eda_label_model_analysis_v1/kaggle_raw/shrimpdiseaseimagebd/ShrimpDiseaseImageBD An Image Dataset for Computer Vision-Based Detection of Shrimp Diseases in Bangladesh/Root/Annotated Diseased Shrimp Images/Annotated Diseased Shrimp Images/2. WSSV/labels/WSSV-24-img-1.txt,16,0,WSSV,WSSV-24-img-1,2048
1.0,1,WSSV,WSSV-24-img-2.jpg,157.2080078125,2048,/home/drnguyenvinh/notebooks/shrimp_dataset_eda_label_model_analysis_v1/kaggle_raw/shrimpdiseaseimagebd/ShrimpDiseaseImageBD An Image Dataset for Computer Vision-Based Detection of Shrimp Diseases in Bangladesh/Root/Annotated Diseased Shrimp Images/Annotated Diseased Shrimp Images/2. WSSV/images/WSSV-24-img-2.jpg,/home/drnguyenvinh/notebooks/shrimp_dataset_eda_label_model_analysis_v1/kaggle_raw/shrimpdiseaseimagebd/ShrimpDiseaseImageBD An Image Dataset for Computer Vision-Based Detection of Shrimp Diseases in Bangladesh/Root/Annotated Diseased Shrimp Images/Annotated Diseased Shrimp Images/2. WSSV/labels/WSSV-24-img-2.txt,10,0,WSSV,WSSV-24-img-2,2048
1.0,1,WSSV,WSSV-24-img-3.jpg,157.2958984375,2048,/home/drnguyenvinh/notebooks/shrimp_dataset_eda_label_model_analysis_v1/kaggle_raw/shrimpdiseaseimagebd/ShrimpDiseaseImageBD An Image Dataset for Computer Vision-Based Detection of Shrimp Diseases in Bangladesh/Root/Annotated Diseased Shrimp Images/Annotated Diseased Shrimp Images/2. WSSV/images/WSSV-24-img-3.jpg,/home/drnguyenvinh/notebooks/shrimp_dataset_eda_label_model_analysis_v1/kaggle_raw/shrimpdiseaseimagebd/ShrimpDiseaseImageBD An Image Dataset for Computer Vision-Based Detection of Shrimp Diseases in Bangladesh/Root/Annotated Diseased Shrimp Images/Annotated Diseased Shrimp Images/2. WSSV/labels/WSSV-24-img-3.txt,23,0,WSSV,WSSV-24-img-3,2048
1.0,1,WSSV,WSSV-25-img-1.jpg,168.6279296875,2048,/home/drnguyenvinh/notebooks/shrimp_dataset_eda_label_model_analysis_v1/kaggle_raw/shrimpdiseaseimagebd/ShrimpDiseaseImageBD An Image Dataset for Computer Vision-Based Detection of Shrimp Diseases in Bangladesh/Root/Annotated Diseased Shrimp Images/Annotated Diseased Shrimp Images/2. WSSV/images/WSSV-25-img-1.jpg,/home/drnguyenvinh/notebooks/shrimp_dataset_eda_label_model_analysis_v1/kaggle_raw/shrimpdiseaseimagebd/ShrimpDiseaseImageBD An Image Dataset for Computer Vision-Based Detection of Shrimp Diseases in Bangladesh/Root/Annotated Diseased Shrimp Images/Annotated Diseased Shrimp Images/2. WSSV/labels/WSSV-25-img-1.txt,5,0,WSSV,WSSV-25-img-1,2048
1.0,1,WSSV,WSSV-25-img-2.jpg,179.9541015625,2048,/home/drnguyenvinh/notebooks/shrimp_dataset_eda_label_model_analysis_v1/kaggle_raw/shrimpdiseaseimagebd/ShrimpDiseaseImageBD An Image Dataset for Computer Vision-Based Detection of Shrimp Diseases in Bangladesh/Root/Annotated Diseased Shrimp Images/Annotated Diseased Shrimp Images/2. WSSV/images/WSSV-25-img-2.jpg,/home/drnguyenvinh/notebooks/shrimp_dataset_eda_label_model_analysis_v1/kaggle_raw/shrimpdiseaseimagebd/ShrimpDiseaseImageBD An Image Dataset for Computer Vision-Based Detection of Shrimp Diseases in Bangladesh/Root/Annotated Diseased Shrimp Images/Annotated Diseased Shrimp Images/2. WSSV/labels/WSSV-25-img-2.txt,5,0,WSSV,WSSV-25-img-2,2048
1.0,1,WSSV,WSSV-25-img-3.jpg,179.7451171875,2048,/home/drnguyenvinh/notebooks/shrimp_dataset_eda_label_model_analysis_v1/kaggle_raw/shrimpdiseaseimagebd/ShrimpDiseaseImageBD An Image Dataset for Computer Vision-Based Detection of Shrimp Diseases in Bangladesh/Root/Annotated Diseased Shrimp Images/Annotated Diseased Shrimp Images/2. WSSV/images/WSSV-25-img-3.jpg,/home/drnguyenvinh/notebooks/shrimp_dataset_eda_label_model_analysis_v1/kaggle_raw/shrimpdiseaseimagebd/ShrimpDiseaseImageBD An Image Dataset for Computer Vision-Based Detection of Shrimp Diseases in Bangladesh/Root/Annotated Diseased Shrimp Images/Annotated Diseased Shrimp Images/2. WSSV/labels/WSSV-25-img-3.txt,3,0,WSSV,WSSV-25-img-3,2048
1.0,1,WSSV,WSSV-26-img-1.jpg,180.0029296875,2048,/home/drnguyenvinh/notebooks/shrimp_dataset_eda_label_model_analysis_v1/kaggle_raw/shrimpdiseaseimagebd/ShrimpDiseaseImageBD An Image Dataset for Computer Vision-Based Detection of Shrimp Diseases in Bangladesh/Root/Annotated Diseased Shrimp Images/Annotated Diseased Shrimp Images/2. WSSV/images/WSSV-26-img-1.jpg,/home/drnguyenvinh/notebooks/shrimp_dataset_eda_label_model_analysis_v1/kaggle_raw/shrimpdiseaseimagebd/ShrimpDiseaseImageBD An Image Dataset for Computer Vision-Based Detection of Shrimp Diseases in Bangladesh/Root/Annotated Diseased Shrimp Images/Annotated Diseased Shrimp Images/2. WSSV/labels/WSSV-26-img-1.txt,7,0,WSSV,WSSV-26-img-1,2048
1.0,1,WSSV,WSSV-26-img-2.jpg,193.6259765625,2048,/home/drnguyenvinh/notebooks/shrimp_dataset_eda_label_model_analysis_v1/kaggle_raw/shrimpdiseaseimagebd/ShrimpDiseaseImageBD An Image Dataset for Computer Vision-Based Detection of Shrimp Diseases in Bangladesh/Root/Annotated Diseased Shrimp Images/Annotated Diseased Shrimp Images/2. WSSV/images/WSSV-26-img-2.jpg,/home/drnguyenvinh/notebooks/shrimp_dataset_eda_label_model_analysis_v1/kaggle_raw/shrimpdiseaseimagebd/ShrimpDiseaseImageBD An Image Dataset for Computer Vision-Based Detection of Shrimp Diseases in Bangladesh/Root/Annotated Diseased Shrimp Images/Annotated Diseased Shrimp Images/2. WSSV/labels/WSSV-26-img-2.txt,6,0,WSSV,WSSV-26-img-2,2048
1.0,1,WSSV,WSSV-26-img-3.jpg,189.8525390625,2048,/home/drnguyenvinh/notebooks/shrimp_dataset_eda_label_model_analysis_v1/kaggle_raw/shrimpdiseaseimagebd/ShrimpDiseaseImageBD An Image Dataset for Computer Vision-Based Detection of Shrimp Diseases in Bangladesh/Root/Annotated Diseased Shrimp Images/Annotated Diseased Shrimp Images/2. WSSV/images/WSSV-26-img-3.jpg,/home/drnguyenvinh/notebooks/shrimp_dataset_eda_label_model_analysis_v1/kaggle_raw/shrimpdiseaseimagebd/ShrimpDiseaseImageBD An Image Dataset for Computer Vision-Based Detection of Shrimp Diseases in Bangladesh/Root/Annotated Diseased Shrimp Images/Annotated Diseased Shrimp Images/2. WSSV/labels/WSSV-26-img-3.txt,8,0,WSSV,WSSV-26-img-3,2048
1.0,1,WSSV,WSSV-27-img-1.jpg,207.544921875,2048,/home/drnguyenvinh/notebooks/shrimp_dataset_eda_label_model_analysis_v1/kaggle_raw/shrimpdiseaseimagebd/ShrimpDiseaseImageBD An Image Dataset for Computer Vision-Based Detection of Shrimp Diseases in Bangladesh/Root/Annotated Diseased Shrimp Images/Annotated Diseased Shrimp Images/2. WSSV/images/WSSV-27-img-1.jpg,/home/drnguyenvinh/notebooks/shrimp_dataset_eda_label_model_analysis_v1/kaggle_raw/shrimpdiseaseimagebd/ShrimpDiseaseImageBD An Image Dataset for Computer Vision-Based Detection of Shrimp Diseases in Bangladesh/Root/Annotated Diseased Shrimp Images/Annotated Diseased Shrimp Images/2. WSSV/labels/WSSV-27-img-1.txt,4,0,WSSV,WSSV-27-img-1,2048
1.0,1,WSSV,WSSV-27-img-2.jpg,213.5908203125,2048,/home/drnguyenvinh/notebooks/shrimp_dataset_eda_label_model_analysis_v1/kaggle_raw/shrimpdiseaseimagebd/ShrimpDiseaseImageBD An Image Dataset for Computer Vision-Based Detection of Shrimp Diseases in Bangladesh/Root/Annotated Diseased Shrimp Images/Annotated Diseased Shrimp Images/2. WSSV/images/WSSV-27-img-2.jpg,/home/drnguyenvinh/notebooks/shrimp_dataset_eda_label_model_analysis_v1/kaggle_raw/shrimpdiseaseimagebd/ShrimpDiseaseImageBD An Image Dataset for Computer Vision-Based Detection of Shrimp Diseases in Bangladesh/Root/Annotated Diseased Shrimp Images/Annotated Diseased Shrimp Images/2. WSSV/labels/WSSV-27-img-2.txt,10,0,WSSV,WSSV-27-img-2,2048
1.0,1,WSSV,WSSV-27-img-3.jpg,216.7470703125,2048,/home/drnguyenvinh/notebooks/shrimp_dataset_eda_label_model_analysis_v1/kaggle_raw/shrimpdiseaseimagebd/ShrimpDiseaseImageBD An Image Dataset for Computer Vision-Based Detection of Shrimp Diseases in Bangladesh/Root/Annotated Diseased Shrimp Images/Annotated Diseased Shrimp Images/2. WSSV/images/WSSV-27-img-3.jpg,/home/drnguyenvinh/notebooks/shrimp_dataset_eda_label_model_analysis_v1/kaggle_raw/shrimpdiseaseimagebd/ShrimpDiseaseImageBD An Image Dataset for Computer Vision-Based Detection of Shrimp Diseases in Bangladesh/Root/Annotated Diseased Shrimp Images/Annotated Diseased Shrimp Images/2. WSSV/labels/WSSV-27-img-3.txt,4,0,WSSV,WSSV-27-img-3,2048
1.0,1,WSSV,WSSV-28-img-1.jpg,213.900390625,2048,/home/drnguyenvinh/notebooks/shrimp_dataset_eda_label_model_analysis_v1/kaggle_raw/shrimpdiseaseimagebd/ShrimpDiseaseImageBD An Image Dataset for Computer Vision-Based Detection of Shrimp Diseases in Bangladesh/Root/Annotated Diseased Shrimp Images/Annotated Diseased Shrimp Images/2. WSSV/images/WSSV-28-img-1.jpg,/home/drnguyenvinh/notebooks/shrimp_dataset_eda_label_model_analysis_v1/kaggle_raw/shrimpdiseaseimagebd/ShrimpDiseaseImageBD An Image Dataset for Computer Vision-Based Detection of Shrimp Diseases in Bangladesh/Root/Annotated Diseased Shrimp Images/Annotated Diseased Shrimp Images/2. WSSV/labels/WSSV-28-img-1.txt,7,0,WSSV,WSSV-28-img-1,2048
1.0,1,WSSV,WSSV-28-img-2.jpg,182.3603515625,2048,/home/drnguyenvinh/notebooks/shrimp_dataset_eda_label_model_analysis_v1/kaggle_raw/shrimpdiseaseimagebd/ShrimpDiseaseImageBD An Image Dataset for Computer Vision-Based Detection of Shrimp Diseases in Bangladesh/Root/Annotated Diseased Shrimp Images/Annotated Diseased Shrimp Images/2. WSSV/images/WSSV-28-img-2.jpg,/home/drnguyenvinh/notebooks/shrimp_dataset_eda_label_model_analysis_v1/kaggle_raw/shrimpdiseaseimagebd/ShrimpDiseaseImageBD An Image Dataset for Computer Vision-Based Detection of Shrimp Diseases in Bangladesh/Root/Annotated Diseased Shrimp Images/Annotated Diseased Shrimp Images/2. WSSV/labels/WSSV-28-img-2.txt,4,0,WSSV,WSSV-28-img-2,2048
1.0,1,WSSV,WSSV-28-img-3.jpg,187.177734375,2048,/home/drnguyenvinh/notebooks/shrimp_dataset_eda_label_model_analysis_v1/kaggle_raw/shrimpdiseaseimagebd/ShrimpDiseaseImageBD An Image Dataset for Computer Vision-Based Detection of Shrimp Diseases in Bangladesh/Root/Annotated Diseased Shrimp Images/Annotated Diseased Shrimp Images/2. WSSV/images/WSSV-28-img-3.jpg,/home/drnguyenvinh/notebooks/shrimp_dataset_eda_label_model_analysis_v1/kaggle_raw/shrimpdiseaseimagebd/ShrimpDiseaseImageBD An Image Dataset for Computer Vision-Based Detection of Shrimp Diseases in Bangladesh/Root/Annotated Diseased Shrimp Images/Annotated Diseased Shrimp Images/2. WSSV/labels/WSSV-28-img-3.txt,3,0,WSSV,WSSV-28-img-3,2048
1.0,1,WSSV,WSSV-29-img-1.jpg,199.54296875,2048,/home/drnguyenvinh/notebooks/shrimp_dataset_eda_label_model_analysis_v1/kaggle_raw/shrimpdiseaseimagebd/ShrimpDiseaseImageBD An Image Dataset for Computer Vision-Based Detection of Shrimp Diseases in Bangladesh/Root/Annotated Diseased Shrimp Images/Annotated Diseased Shrimp Images/2. WSSV/images/WSSV-29-img-1.jpg,/home/drnguyenvinh/notebooks/shrimp_dataset_eda_label_model_analysis_v1/kaggle_raw/shrimpdiseaseimagebd/ShrimpDiseaseImageBD An Image Dataset for Computer Vision-Based Detection of Shrimp Diseases in Bangladesh/Root/Annotated Diseased Shrimp Images/Annotated Diseased Shrimp Images/2. WSSV/labels/WSSV-29-img-1.txt,6,0,WSSV,WSSV-29-img-1,2048
1.0,1,WSSV,WSSV-29-img-2.jpg,212.4541015625,2048,/home/drnguyenvinh/notebooks/shrimp_dataset_eda_label_model_analysis_v1/kaggle_raw/shrimpdiseaseimagebd/ShrimpDiseaseImageBD An Image Dataset for Computer Vision-Based Detection of Shrimp Diseases in Bangladesh/Root/Annotated Diseased Shrimp Images/Annotated Diseased Shrimp Images/2. WSSV/images/WSSV-29-img-2.jpg,/home/drnguyenvinh/notebooks/shrimp_dataset_eda_label_model_analysis_v1/kaggle_raw/shrimpdiseaseimagebd/ShrimpDiseaseImageBD An Image Dataset for Computer Vision-Based Detection of Shrimp Diseases in Bangladesh/Root/Annotated Diseased Shrimp Images/Annotated Diseased Shrimp Images/2. WSSV/labels/WSSV-29-img-2.txt,5,0,WSSV,WSSV-29-img-2,2048
1.0,1,WSSV,WSSV-3-img-1.jpg,411.359375,2048,/home/drnguyenvinh/notebooks/shrimp_dataset_eda_label_model_analysis_v1/kaggle_raw/shrimpdiseaseimagebd/ShrimpDiseaseImageBD An Image Dataset for Computer Vision-Based Detection of Shrimp Diseases in Bangladesh/Root/Annotated Diseased Shrimp Images/Annotated Diseased Shrimp Images/2. WSSV/images/WSSV-3-img-1.jpg,/home/drnguyenvinh/notebooks/shrimp_dataset_eda_label_model_analysis_v1/kaggle_raw/shrimpdiseaseimagebd/ShrimpDiseaseImageBD An Image Dataset for Computer Vision-Based Detection of Shrimp Diseases in Bangladesh/Root/Annotated Diseased Shrimp Images/Annotated Diseased Shrimp Images/2. WSSV/labels/WSSV-3-img-1.txt,18,0,WSSV,WSSV-3-img-1,2048
1.0,1,WSSV,WSSV-30-img-1.jpg,216.6201171875,2048,/home/drnguyenvinh/notebooks/shrimp_dataset_eda_label_model_analysis_v1/kaggle_raw/shrimpdiseaseimagebd/ShrimpDiseaseImageBD An Image Dataset for Computer Vision-Based Detection of Shrimp Diseases in Bangladesh/Root/Annotated Diseased Shrimp Images/Annotated Diseased Shrimp Images/2. WSSV/images/WSSV-30-img-1.jpg,/home/drnguyenvinh/notebooks/shrimp_dataset_eda_label_model_analysis_v1/kaggle_raw/shrimpdiseaseimagebd/ShrimpDiseaseImageBD An Image Dataset for Computer Vision-Based Detection of Shrimp Diseases in Bangladesh/Root/Annotated Diseased Shrimp Images/Annotated Diseased Shrimp Images/2. WSSV/labels/WSSV-30-img-1.txt,9,0,WSSV,WSSV-30-img-1,2048
1.0,1,WSSV,WSSV-30-img-2.jpg,256.736328125,2048,/home/drnguyenvinh/notebooks/shrimp_dataset_eda_label_model_analysis_v1/kaggle_raw/shrimpdiseaseimagebd/ShrimpDiseaseImageBD An Image Dataset for Computer Vision-Based Detection of Shrimp Diseases in Bangladesh/Root/Annotated Diseased Shrimp Images/Annotated Diseased Shrimp Images/2. WSSV/images/WSSV-30-img-2.jpg,/home/drnguyenvinh/notebooks/shrimp_dataset_eda_label_model_analysis_v1/kaggle_raw/shrimpdiseaseimagebd/ShrimpDiseaseImageBD An Image Dataset for Computer Vision-Based Detection of Shrimp Diseases in Bangladesh/Root/Annotated Diseased Shrimp Images/Annotated Diseased Shrimp Images/2. WSSV/labels/WSSV-30-img-2.txt,8,0,WSSV,WSSV-30-img-2,2048
1.0,1,WSSV,WSSV-30-img-3.jpg,210.0458984375,2048,/home/drnguyenvinh/notebooks/shrimp_dataset_eda_label_model_analysis_v1/kaggle_raw/shrimpdiseaseimagebd/ShrimpDiseaseImageBD An Image Dataset for Computer Vision-Based Detection of Shrimp Diseases in Bangladesh/Root/Annotated Diseased Shrimp Images/Annotated Diseased Shrimp Images/2. WSSV/images/WSSV-30-img-3.jpg,/home/drnguyenvinh/notebooks/shrimp_dataset_eda_label_model_analysis_v1/kaggle_raw/shrimpdiseaseimagebd/ShrimpDiseaseImageBD An Image Dataset for Computer Vision-Based Detection of Shrimp Diseases in Bangladesh/Root/Annotated Diseased Shrimp Images/Annotated Diseased Shrimp Images/2. WSSV/labels/WSSV-30-img-3.txt,12,0,WSSV,WSSV-30-img-3,2048
1.0,1,WSSV,WSSV-31-img-1.jpg,158.72265625,2048,/home/drnguyenvinh/notebooks/shrimp_dataset_eda_label_model_analysis_v1/kaggle_raw/shrimpdiseaseimagebd/ShrimpDiseaseImageBD An Image Dataset for Computer Vision-Based Detection of Shrimp Diseases in Bangladesh/Root/Annotated Diseased Shrimp Images/Annotated Diseased Shrimp Images/2. WSSV/images/WSSV-31-img-1.jpg,/home/drnguyenvinh/notebooks/shrimp_dataset_eda_label_model_analysis_v1/kaggle_raw/shrimpdiseaseimagebd/ShrimpDiseaseImageBD An Image Dataset for Computer Vision-Based Detection of Shrimp Diseases in Bangladesh/Root/Annotated Diseased Shrimp Images/Annotated Diseased Shrimp Images/2. WSSV/labels/WSSV-31-img-1.txt,20,0,WSSV,WSSV-31-img-1,2048
1.0,1,WSSV,WSSV-31-img-2.jpg,150.845703125,2048,/home/drnguyenvinh/notebooks/shrimp_dataset_eda_label_model_analysis_v1/kaggle_raw/shrimpdiseaseimagebd/ShrimpDiseaseImageBD An Image Dataset for Computer Vision-Based Detection of Shrimp Diseases in Bangladesh/Root/Annotated Diseased Shrimp Images/Annotated Diseased Shrimp Images/2. WSSV/images/WSSV-31-img-2.jpg,/home/drnguyenvinh/notebooks/shrimp_dataset_eda_label_model_analysis_v1/kaggle_raw/shrimpdiseaseimagebd/ShrimpDiseaseImageBD An Image Dataset for Computer Vision-Based Detection of Shrimp Diseases in Bangladesh/Root/Annotated Diseased Shrimp Images/Annotated Diseased Shrimp Images/2. WSSV/labels/WSSV-31-img-2.txt,8,0,WSSV,WSSV-31-img-2,2048
1.0,1,WSSV,WSSV-31-img-3.jpg,151.1455078125,2048,/home/drnguyenvinh/notebooks/shrimp_dataset_eda_label_model_analysis_v1/kaggle_raw/shrimpdiseaseimagebd/ShrimpDiseaseImageBD An Image Dataset for Computer Vision-Based Detection of Shrimp Diseases in Bangladesh/Root/Annotated Diseased Shrimp Images/Annotated Diseased Shrimp Images/2. WSSV/images/WSSV-31-img-3.jpg,/home/drnguyenvinh/notebooks/shrimp_dataset_eda_label_model_analysis_v1/kaggle_raw/shrimpdiseaseimagebd/ShrimpDiseaseImageBD An Image Dataset for Computer Vision-Based Detection of Shrimp Diseases in Bangladesh/Root/Annotated Diseased Shrimp Images/Annotated Diseased Shrimp Images/2. WSSV/labels/WSSV-31-img-3.txt,11,0,WSSV,WSSV-31-img-3,2048
1.0,1,WSSV,WSSV-32-img-1.jpg,153.900390625,2048,/home/drnguyenvinh/notebooks/shrimp_dataset_eda_label_model_analysis_v1/kaggle_raw/shrimpdiseaseimagebd/ShrimpDiseaseImageBD An Image Dataset for Computer Vision-Based Detection of Shrimp Diseases in Bangladesh/Root/Annotated Diseased Shrimp Images/Annotated Diseased Shrimp Images/2. WSSV/images/WSSV-32-img-1.jpg,/home/drnguyenvinh/notebooks/shrimp_dataset_eda_label_model_analysis_v1/kaggle_raw/shrimpdiseaseimagebd/ShrimpDiseaseImageBD An Image Dataset for Computer Vision-Based Detection of Shrimp Diseases in Bangladesh/Root/Annotated Diseased Shrimp Images/Annotated Diseased Shrimp Images/2. WSSV/labels/WSSV-32-img-1.txt,17,0,WSSV,WSSV-32-img-1,2048
1.0,1,WSSV,WSSV-32-img-2.jpg,164.4296875,2048,/home/drnguyenvinh/notebooks/shrimp_dataset_eda_label_model_analysis_v1/kaggle_raw/shrimpdiseaseimagebd/ShrimpDiseaseImageBD An Image Dataset for Computer Vision-Based Detection of Shrimp Diseases in Bangladesh/Root/Annotated Diseased Shrimp Images/Annotated Diseased Shrimp Images/2. WSSV/images/WSSV-32-img-2.jpg,/home/drnguyenvinh/notebooks/shrimp_dataset_eda_label_model_analysis_v1/kaggle_raw/shrimpdiseaseimagebd/ShrimpDiseaseImageBD An Image Dataset for Computer Vision-Based Detection of Shrimp Diseases in Bangladesh/Root/Annotated Diseased Shrimp Images/Annotated Diseased Shrimp Images/2. WSSV/labels/WSSV-32-img-2.txt,2,0,WSSV,WSSV-32-img-2,2048
1.0,1,WSSV,WSSV-32-img-3.jpg,160.30078125,2048,/home/drnguyenvinh/notebooks/shrimp_dataset_eda_label_model_analysis_v1/kaggle_raw/shrimpdiseaseimagebd/ShrimpDiseaseImageBD An Image Dataset for Computer Vision-Based Detection of Shrimp Diseases in Bangladesh/Root/Annotated Diseased Shrimp Images/Annotated Diseased Shrimp Images/2. WSSV/images/WSSV-32-img-3.jpg,/home/drnguyenvinh/notebooks/shrimp_dataset_eda_label_model_analysis_v1/kaggle_raw/shrimpdiseaseimagebd/ShrimpDiseaseImageBD An Image Dataset for Computer Vision-Based Detection of Shrimp Diseases in Bangladesh/Root/Annotated Diseased Shrimp Images/Annotated Diseased Shrimp Images/2. WSSV/labels/WSSV-32-img-3.txt,16,0,WSSV,WSSV-32-img-3,2048
1.0,1,WSSV,WSSV-33-img-1.jpg,159.6572265625,2048,/home/drnguyenvinh/notebooks/shrimp_dataset_eda_label_model_analysis_v1/kaggle_raw/shrimpdiseaseimagebd/ShrimpDiseaseImageBD An Image Dataset for Computer Vision-Based Detection of Shrimp Diseases in Bangladesh/Root/Annotated Diseased Shrimp Images/Annotated Diseased Shrimp Images/2. WSSV/images/WSSV-33-img-1.jpg,/home/drnguyenvinh/notebooks/shrimp_dataset_eda_label_model_analysis_v1/kaggle_raw/shrimpdiseaseimagebd/ShrimpDiseaseImageBD An Image Dataset for Computer Vision-Based Detection of Shrimp Diseases in Bangladesh/Root/Annotated Diseased Shrimp Images/Annotated Diseased Shrimp Images/2. WSSV/labels/WSSV-33-img-1.txt,18,0,WSSV,WSSV-33-img-1,2048
1.0,1,WSSV,WSSV-33-img-2.jpg,186.4169921875,2048,/home/drnguyenvinh/notebooks/shrimp_dataset_eda_label_model_analysis_v1/kaggle_raw/shrimpdiseaseimagebd/ShrimpDiseaseImageBD An Image Dataset for Computer Vision-Based Detection of Shrimp Diseases in Bangladesh/Root/Annotated Diseased Shrimp Images/Annotated Diseased Shrimp Images/2. WSSV/images/WSSV-33-img-2.jpg,/home/drnguyenvinh/notebooks/shrimp_dataset_eda_label_model_analysis_v1/kaggle_raw/shrimpdiseaseimagebd/ShrimpDiseaseImageBD An Image Dataset for Computer Vision-Based Detection of Shrimp Diseases in Bangladesh/Root/Annotated Diseased Shrimp Images/Annotated Diseased Shrimp Images/2. WSSV/labels/WSSV-33-img-2.txt,11,0,WSSV,WSSV-33-img-2,2048
1.0,1,WSSV,WSSV-33-img-3.jpg,146.37890625,2048,/home/drnguyenvinh/notebooks/shrimp_dataset_eda_label_model_analysis_v1/kaggle_raw/shrimpdiseaseimagebd/ShrimpDiseaseImageBD An Image Dataset for Computer Vision-Based Detection of Shrimp Diseases in Bangladesh/Root/Annotated Diseased Shrimp Images/Annotated Diseased Shrimp Images/2. WSSV/images/WSSV-33-img-3.jpg,/home/drnguyenvinh/notebooks/shrimp_dataset_eda_label_model_analysis_v1/kaggle_raw/shrimpdiseaseimagebd/ShrimpDiseaseImageBD An Image Dataset for Computer Vision-Based Detection of Shrimp Diseases in Bangladesh/Root/Annotated Diseased Shrimp Images/Annotated Diseased Shrimp Images/2. WSSV/labels/WSSV-33-img-3.txt,2,0,WSSV,WSSV-33-img-3,2048
1.0,1,WSSV,WSSV-34-img-1.jpg,144.328125,2048,/home/drnguyenvinh/notebooks/shrimp_dataset_eda_label_model_analysis_v1/kaggle_raw/shrimpdiseaseimagebd/ShrimpDiseaseImageBD An Image Dataset for Computer Vision-Based Detection of Shrimp Diseases in Bangladesh/Root/Annotated Diseased Shrimp Images/Annotated Diseased Shrimp Images/2. WSSV/images/WSSV-34-img-1.jpg,/home/drnguyenvinh/notebooks/shrimp_dataset_eda_label_model_analysis_v1/kaggle_raw/shrimpdiseaseimagebd/ShrimpDiseaseImageBD An Image Dataset for Computer Vision-Based Detection of Shrimp Diseases in Bangladesh/Root/Annotated Diseased Shrimp Images/Annotated Diseased Shrimp Images/2. WSSV/labels/WSSV-34-img-1.txt,8,0,WSSV,WSSV-34-img-1,2048
1.0,1,WSSV,WSSV-34-img-2.jpg,161.6318359375,2048,/home/drnguyenvinh/notebooks/shrimp_dataset_eda_label_model_analysis_v1/kaggle_raw/shrimpdiseaseimagebd/ShrimpDiseaseImageBD An Image Dataset for Computer Vision-Based Detection of Shrimp Diseases in Bangladesh/Root/Annotated Diseased Shrimp Images/Annotated Diseased Shrimp Images/2. WSSV/images/WSSV-34-img-2.jpg,/home/drnguyenvinh/notebooks/shrimp_dataset_eda_label_model_analysis_v1/kaggle_raw/shrimpdiseaseimagebd/ShrimpDiseaseImageBD An Image Dataset for Computer Vision-Based Detection of Shrimp Diseases in Bangladesh/Root/Annotated Diseased Shrimp Images/Annotated Diseased Shrimp Images/2. WSSV/labels/WSSV-34-img-2.txt,12,0,WSSV,WSSV-34-img-2,2048
1.0,1,WSSV,WSSV-35-img-1.jpg,179.4189453125,2048,/home/drnguyenvinh/notebooks/shrimp_dataset_eda_label_model_analysis_v1/kaggle_raw/shrimpdiseaseimagebd/ShrimpDiseaseImageBD An Image Dataset for Computer Vision-Based Detection of Shrimp Diseases in Bangladesh/Root/Annotated Diseased Shrimp Images/Annotated Diseased Shrimp Images/2. WSSV/images/WSSV-35-img-1.jpg,/home/drnguyenvinh/notebooks/shrimp_dataset_eda_label_model_analysis_v1/kaggle_raw/shrimpdiseaseimagebd/ShrimpDiseaseImageBD An Image Dataset for Computer Vision-Based Detection of Shrimp Diseases in Bangladesh/Root/Annotated Diseased Shrimp Images/Annotated Diseased Shrimp Images/2. WSSV/labels/WSSV-35-img-1.txt,11,0,WSSV,WSSV-35-img-1,2048
1.0,1,WSSV,WSSV-35-img-2.jpg,192.240234375,2048,/home/drnguyenvinh/notebooks/shrimp_dataset_eda_label_model_analysis_v1/kaggle_raw/shrimpdiseaseimagebd/ShrimpDiseaseImageBD An Image Dataset for Computer Vision-Based Detection of Shrimp Diseases in Bangladesh/Root/Annotated Diseased Shrimp Images/Annotated Diseased Shrimp Images/2. WSSV/images/WSSV-35-img-2.jpg,/home/drnguyenvinh/notebooks/shrimp_dataset_eda_label_model_analysis_v1/kaggle_raw/shrimpdiseaseimagebd/ShrimpDiseaseImageBD An Image Dataset for Computer Vision-Based Detection of Shrimp Diseases in Bangladesh/Root/Annotated Diseased Shrimp Images/Annotated Diseased Shrimp Images/2. WSSV/labels/WSSV-35-img-2.txt,40,0,WSSV,WSSV-35-img-2,2048
1.0,1,WSSV,WSSV-35-img-3.jpg,161.9521484375,2048,/home/drnguyenvinh/notebooks/shrimp_dataset_eda_label_model_analysis_v1/kaggle_raw/shrimpdiseaseimagebd/ShrimpDiseaseImageBD An Image Dataset for Computer Vision-Based Detection of Shrimp Diseases in Bangladesh/Root/Annotated Diseased Shrimp Images/Annotated Diseased Shrimp Images/2. WSSV/images/WSSV-35-img-3.jpg,/home/drnguyenvinh/notebooks/shrimp_dataset_eda_label_model_analysis_v1/kaggle_raw/shrimpdiseaseimagebd/ShrimpDiseaseImageBD An Image Dataset for Computer Vision-Based Detection of Shrimp Diseases in Bangladesh/Root/Annotated Diseased Shrimp Images/Annotated Diseased Shrimp Images/2. WSSV/labels/WSSV-35-img-3.txt,6,0,WSSV,WSSV-35-img-3,2048
1.0,1,WSSV,WSSV-36-img-1.jpg,164.3251953125,2048,/home/drnguyenvinh/notebooks/shrimp_dataset_eda_label_model_analysis_v1/kaggle_raw/shrimpdiseaseimagebd/ShrimpDiseaseImageBD An Image Dataset for Computer Vision-Based Detection of Shrimp Diseases in Bangladesh/Root/Annotated Diseased Shrimp Images/Annotated Diseased Shrimp Images/2. WSSV/images/WSSV-36-img-1.jpg,/home/drnguyenvinh/notebooks/shrimp_dataset_eda_label_model_analysis_v1/kaggle_raw/shrimpdiseaseimagebd/ShrimpDiseaseImageBD An Image Dataset for Computer Vision-Based Detection of Shrimp Diseases in Bangladesh/Root/Annotated Diseased Shrimp Images/Annotated Diseased Shrimp Images/2. WSSV/labels/WSSV-36-img-1.txt,28,0,WSSV,WSSV-36-img-1,2048
1.0,1,WSSV,WSSV-36-img-2.jpg,164.666015625,2048,/home/drnguyenvinh/notebooks/shrimp_dataset_eda_label_model_analysis_v1/kaggle_raw/shrimpdiseaseimagebd/ShrimpDiseaseImageBD An Image Dataset for Computer Vision-Based Detection of Shrimp Diseases in Bangladesh/Root/Annotated Diseased Shrimp Images/Annotated Diseased Shrimp Images/2. WSSV/images/WSSV-36-img-2.jpg,/home/drnguyenvinh/notebooks/shrimp_dataset_eda_label_model_analysis_v1/kaggle_raw/shrimpdiseaseimagebd/ShrimpDiseaseImageBD An Image Dataset for Computer Vision-Based Detection of Shrimp Diseases in Bangladesh/Root/Annotated Diseased Shrimp Images/Annotated Diseased Shrimp Images/2. WSSV/labels/WSSV-36-img-2.txt,21,0,WSSV,WSSV-36-img-2,2048
1.0,1,WSSV,WSSV-36-img-3.jpg,168.2626953125,2048,/home/drnguyenvinh/notebooks/shrimp_dataset_eda_label_model_analysis_v1/kaggle_raw/shrimpdiseaseimagebd/ShrimpDiseaseImageBD An Image Dataset for Computer Vision-Based Detection of Shrimp Diseases in Bangladesh/Root/Annotated Diseased Shrimp Images/Annotated Diseased Shrimp Images/2. WSSV/images/WSSV-36-img-3.jpg,/home/drnguyenvinh/notebooks/shrimp_dataset_eda_label_model_analysis_v1/kaggle_raw/shrimpdiseaseimagebd/ShrimpDiseaseImageBD An Image Dataset for Computer Vision-Based Detection of Shrimp Diseases in Bangladesh/Root/Annotated Diseased Shrimp Images/Annotated Diseased Shrimp Images/2. WSSV/labels/WSSV-36-img-3.txt,37,0,WSSV,WSSV-36-img-3,2048
1.0,1,WSSV,WSSV-37-img-1.jpg,142.41796875,2048,/home/drnguyenvinh/notebooks/shrimp_dataset_eda_label_model_analysis_v1/kaggle_raw/shrimpdiseaseimagebd/ShrimpDiseaseImageBD An Image Dataset for Computer Vision-Based Detection of Shrimp Diseases in Bangladesh/Root/Annotated Diseased Shrimp Images/Annotated Diseased Shrimp Images/2. WSSV/images/WSSV-37-img-1.jpg,/home/drnguyenvinh/notebooks/shrimp_dataset_eda_label_model_analysis_v1/kaggle_raw/shrimpdiseaseimagebd/ShrimpDiseaseImageBD An Image Dataset for Computer Vision-Based Detection of Shrimp Diseases in Bangladesh/Root/Annotated Diseased Shrimp Images/Annotated Diseased Shrimp Images/2. WSSV/labels/WSSV-37-img-1.txt,11,0,WSSV,WSSV-37-img-1,2048
1.0,1,WSSV,WSSV-37-img-2.jpg,137.1689453125,2048,/home/drnguyenvinh/notebooks/shrimp_dataset_eda_label_model_analysis_v1/kaggle_raw/shrimpdiseaseimagebd/ShrimpDiseaseImageBD An Image Dataset for Computer Vision-Based Detection of Shrimp Diseases in Bangladesh/Root/Annotated Diseased Shrimp Images/Annotated Diseased Shrimp Images/2. WSSV/images/WSSV-37-img-2.jpg,/home/drnguyenvinh/notebooks/shrimp_dataset_eda_label_model_analysis_v1/kaggle_raw/shrimpdiseaseimagebd/ShrimpDiseaseImageBD An Image Dataset for Computer Vision-Based Detection of Shrimp Diseases in Bangladesh/Root/Annotated Diseased Shrimp Images/Annotated Diseased Shrimp Images/2. WSSV/labels/WSSV-37-img-2.txt,24,0,WSSV,WSSV-37-img-2,2048
1.0,1,WSSV,WSSV-38-img-1.jpg,146.044921875,2048,/home/drnguyenvinh/notebooks/shrimp_dataset_eda_label_model_analysis_v1/kaggle_raw/shrimpdiseaseimagebd/ShrimpDiseaseImageBD An Image Dataset for Computer Vision-Based Detection of Shrimp Diseases in Bangladesh/Root/Annotated Diseased Shrimp Images/Annotated Diseased Shrimp Images/2. WSSV/images/WSSV-38-img-1.jpg,/home/drnguyenvinh/notebooks/shrimp_dataset_eda_label_model_analysis_v1/kaggle_raw/shrimpdiseaseimagebd/ShrimpDiseaseImageBD An Image Dataset for Computer Vision-Based Detection of Shrimp Diseases in Bangladesh/Root/Annotated Diseased Shrimp Images/Annotated Diseased Shrimp Images/2. WSSV/labels/WSSV-38-img-1.txt,11,0,WSSV,WSSV-38-img-1,2048
1.0,1,WSSV,WSSV-38-img-2.jpg,147.359375,2048,/home/drnguyenvinh/notebooks/shrimp_dataset_eda_label_model_analysis_v1/kaggle_raw/shrimpdiseaseimagebd/ShrimpDiseaseImageBD An Image Dataset for Computer Vision-Based Detection of Shrimp Diseases in Bangladesh/Root/Annotated Diseased Shrimp Images/Annotated Diseased Shrimp Images/2. WSSV/images/WSSV-38-img-2.jpg,/home/drnguyenvinh/notebooks/shrimp_dataset_eda_label_model_analysis_v1/kaggle_raw/shrimpdiseaseimagebd/ShrimpDiseaseImageBD An Image Dataset for Computer Vision-Based Detection of Shrimp Diseases in Bangladesh/Root/Annotated Diseased Shrimp Images/Annotated Diseased Shrimp Images/2. WSSV/labels/WSSV-38-img-2.txt,2,0,WSSV,WSSV-38-img-2,2048
1.0,1,WSSV,WSSV-38-img-3.jpg,147.46875,2048,/home/drnguyenvinh/notebooks/shrimp_dataset_eda_label_model_analysis_v1/kaggle_raw/shrimpdiseaseimagebd/ShrimpDiseaseImageBD An Image Dataset for Computer Vision-Based Detection of Shrimp Diseases in Bangladesh/Root/Annotated Diseased Shrimp Images/Annotated Diseased Shrimp Images/2. WSSV/images/WSSV-38-img-3.jpg,/home/drnguyenvinh/notebooks/shrimp_dataset_eda_label_model_analysis_v1/kaggle_raw/shrimpdiseaseimagebd/ShrimpDiseaseImageBD An Image Dataset for Computer Vision-Based Detection of Shrimp Diseases in Bangladesh/Root/Annotated Diseased Shrimp Images/Annotated Diseased Shrimp Images/2. WSSV/labels/WSSV-38-img-3.txt,6,0,WSSV,WSSV-38-img-3,2048
1.0,1,WSSV,WSSV-39-img-1.jpg,152.626953125,2048,/home/drnguyenvinh/notebooks/shrimp_dataset_eda_label_model_analysis_v1/kaggle_raw/shrimpdiseaseimagebd/ShrimpDiseaseImageBD An Image Dataset for Computer Vision-Based Detection of Shrimp Diseases in Bangladesh/Root/Annotated Diseased Shrimp Images/Annotated Diseased Shrimp Images/2. WSSV/images/WSSV-39-img-1.jpg,/home/drnguyenvinh/notebooks/shrimp_dataset_eda_label_model_analysis_v1/kaggle_raw/shrimpdiseaseimagebd/ShrimpDiseaseImageBD An Image Dataset for Computer Vision-Based Detection of Shrimp Diseases in Bangladesh/Root/Annotated Diseased Shrimp Images/Annotated Diseased Shrimp Images/2. WSSV/labels/WSSV-39-img-1.txt,3,0,WSSV,WSSV-39-img-1,2048
1.0,1,WSSV,WSSV-39-img-2.jpg,166.8125,2048,/home/drnguyenvinh/notebooks/shrimp_dataset_eda_label_model_analysis_v1/kaggle_raw/shrimpdiseaseimagebd/ShrimpDiseaseImageBD An Image Dataset for Computer Vision-Based Detection of Shrimp Diseases in Bangladesh/Root/Annotated Diseased Shrimp Images/Annotated Diseased Shrimp Images/2. WSSV/images/WSSV-39-img-2.jpg,/home/drnguyenvinh/notebooks/shrimp_dataset_eda_label_model_analysis_v1/kaggle_raw/shrimpdiseaseimagebd/ShrimpDiseaseImageBD An Image Dataset for Computer Vision-Based Detection of Shrimp Diseases in Bangladesh/Root/Annotated Diseased Shrimp Images/Annotated Diseased Shrimp Images/2. WSSV/labels/WSSV-39-img-2.txt,3,0,WSSV,WSSV-39-img-2,2048
1.0,1,WSSV,WSSV-39-img-3.jpg,142.43359375,2048,/home/drnguyenvinh/notebooks/shrimp_dataset_eda_label_model_analysis_v1/kaggle_raw/shrimpdiseaseimagebd/ShrimpDiseaseImageBD An Image Dataset for Computer Vision-Based Detection of Shrimp Diseases in Bangladesh/Root/Annotated Diseased Shrimp Images/Annotated Diseased Shrimp Images/2. WSSV/images/WSSV-39-img-3.jpg,/home/drnguyenvinh/notebooks/shrimp_dataset_eda_label_model_analysis_v1/kaggle_raw/shrimpdiseaseimagebd/ShrimpDiseaseImageBD An Image Dataset for Computer Vision-Based Detection of Shrimp Diseases in Bangladesh/Root/Annotated Diseased Shrimp Images/Annotated Diseased Shrimp Images/2. WSSV/labels/WSSV-39-img-3.txt,4,0,WSSV,WSSV-39-img-3,2048
1.0,1,WSSV,WSSV-4-img-1.jpg,316.48828125,2048,/home/drnguyenvinh/notebooks/shrimp_dataset_eda_label_model_analysis_v1/kaggle_raw/shrimpdiseaseimagebd/ShrimpDiseaseImageBD An Image Dataset for Computer Vision-Based Detection of Shrimp Diseases in Bangladesh/Root/Annotated Diseased Shrimp Images/Annotated Diseased Shrimp Images/2. WSSV/images/WSSV-4-img-1.jpg,/home/drnguyenvinh/notebooks/shrimp_dataset_eda_label_model_analysis_v1/kaggle_raw/shrimpdiseaseimagebd/ShrimpDiseaseImageBD An Image Dataset for Computer Vision-Based Detection of Shrimp Diseases in Bangladesh/Root/Annotated Diseased Shrimp Images/Annotated Diseased Shrimp Images/2. WSSV/labels/WSSV-4-img-1.txt,3,0,WSSV,WSSV-4-img-1,2048
1.0,1,WSSV,WSSV-4-img-2.jpg,256.6083984375,2048,/home/drnguyenvinh/notebooks/shrimp_dataset_eda_label_model_analysis_v1/kaggle_raw/shrimpdiseaseimagebd/ShrimpDiseaseImageBD An Image Dataset for Computer Vision-Based Detection of Shrimp Diseases in Bangladesh/Root/Annotated Diseased Shrimp Images/Annotated Diseased Shrimp Images/2. WSSV/images/WSSV-4-img-2.jpg,/home/drnguyenvinh/notebooks/shrimp_dataset_eda_label_model_analysis_v1/kaggle_raw/shrimpdiseaseimagebd/ShrimpDiseaseImageBD An Image Dataset for Computer Vision-Based Detection of Shrimp Diseases in Bangladesh/Root/Annotated Diseased Shrimp Images/Annotated Diseased Shrimp Images/2. WSSV/labels/WSSV-4-img-2.txt,3,0,WSSV,WSSV-4-img-2,2048
1.0,1,WSSV,WSSV-4-img-3.jpg,267.1416015625,2048,/home/drnguyenvinh/notebooks/shrimp_dataset_eda_label_model_analysis_v1/kaggle_raw/shrimpdiseaseimagebd/ShrimpDiseaseImageBD An Image Dataset for Computer Vision-Based Detection of Shrimp Diseases in Bangladesh/Root/Annotated Diseased Shrimp Images/Annotated Diseased Shrimp Images/2. WSSV/images/WSSV-4-img-3.jpg,/home/drnguyenvinh/notebooks/shrimp_dataset_eda_label_model_analysis_v1/kaggle_raw/shrimpdiseaseimagebd/ShrimpDiseaseImageBD An Image Dataset for Computer Vision-Based Detection of Shrimp Diseases in Bangladesh/Root/Annotated Diseased Shrimp Images/Annotated Diseased Shrimp Images/2. WSSV/labels/WSSV-4-img-3.txt,3,0,WSSV,WSSV-4-img-3,2048
1.0,1,WSSV,WSSV-40-img-1.jpg,166.18359375,2048,/home/drnguyenvinh/notebooks/shrimp_dataset_eda_label_model_analysis_v1/kaggle_raw/shrimpdiseaseimagebd/ShrimpDiseaseImageBD An Image Dataset for Computer Vision-Based Detection of Shrimp Diseases in Bangladesh/Root/Annotated Diseased Shrimp Images/Annotated Diseased Shrimp Images/2. WSSV/images/WSSV-40-img-1.jpg,/home/drnguyenvinh/notebooks/shrimp_dataset_eda_label_model_analysis_v1/kaggle_raw/shrimpdiseaseimagebd/ShrimpDiseaseImageBD An Image Dataset for Computer Vision-Based Detection of Shrimp Diseases in Bangladesh/Root/Annotated Diseased Shrimp Images/Annotated Diseased Shrimp Images/2. WSSV/labels/WSSV-40-img-1.txt,5,0,WSSV,WSSV-40-img-1,2048
1.0,1,WSSV,WSSV-40-img-2.jpg,161.2451171875,2048,/home/drnguyenvinh/notebooks/shrimp_dataset_eda_label_model_analysis_v1/kaggle_raw/shrimpdiseaseimagebd/ShrimpDiseaseImageBD An Image Dataset for Computer Vision-Based Detection of Shrimp Diseases in Bangladesh/Root/Annotated Diseased Shrimp Images/Annotated Diseased Shrimp Images/2. WSSV/images/WSSV-40-img-2.jpg,/home/drnguyenvinh/notebooks/shrimp_dataset_eda_label_model_analysis_v1/kaggle_raw/shrimpdiseaseimagebd/ShrimpDiseaseImageBD An Image Dataset for Computer Vision-Based Detection of Shrimp Diseases in Bangladesh/Root/Annotated Diseased Shrimp Images/Annotated Diseased Shrimp Images/2. WSSV/labels/WSSV-40-img-2.txt,7,0,WSSV,WSSV-40-img-2,2048
1.0,1,WSSV,WSSV-40-img-3.jpg,157.158203125,2048,/home/drnguyenvinh/notebooks/shrimp_dataset_eda_label_model_analysis_v1/kaggle_raw/shrimpdiseaseimagebd/ShrimpDiseaseImageBD An Image Dataset for Computer Vision-Based Detection of Shrimp Diseases in Bangladesh/Root/Annotated Diseased Shrimp Images/Annotated Diseased Shrimp Images/2. WSSV/images/WSSV-40-img-3.jpg,/home/drnguyenvinh/notebooks/shrimp_dataset_eda_label_model_analysis_v1/kaggle_raw/shrimpdiseaseimagebd/ShrimpDiseaseImageBD An Image Dataset for Computer Vision-Based Detection of Shrimp Diseases in Bangladesh/Root/Annotated Diseased Shrimp Images/Annotated Diseased Shrimp Images/2. WSSV/labels/WSSV-40-img-3.txt,5,0,WSSV,WSSV-40-img-3,2048
1.0,1,WSSV,WSSV-41-img-1.jpg,149.5205078125,2048,/home/drnguyenvinh/notebooks/shrimp_dataset_eda_label_model_analysis_v1/kaggle_raw/shrimpdiseaseimagebd/ShrimpDiseaseImageBD An Image Dataset for Computer Vision-Based Detection of Shrimp Diseases in Bangladesh/Root/Annotated Diseased Shrimp Images/Annotated Diseased Shrimp Images/2. WSSV/images/WSSV-41-img-1.jpg,/home/drnguyenvinh/notebooks/shrimp_dataset_eda_label_model_analysis_v1/kaggle_raw/shrimpdiseaseimagebd/ShrimpDiseaseImageBD An Image Dataset for Computer Vision-Based Detection of Shrimp Diseases in Bangladesh/Root/Annotated Diseased Shrimp Images/Annotated Diseased Shrimp Images/2. WSSV/labels/WSSV-41-img-1.txt,2,0,WSSV,WSSV-41-img-1,2048
1.0,1,WSSV,WSSV-41-img-2.jpg,151.6533203125,2048,/home/drnguyenvinh/notebooks/shrimp_dataset_eda_label_model_analysis_v1/kaggle_raw/shrimpdiseaseimagebd/ShrimpDiseaseImageBD An Image Dataset for Computer Vision-Based Detection of Shrimp Diseases in Bangladesh/Root/Annotated Diseased Shrimp Images/Annotated Diseased Shrimp Images/2. WSSV/images/WSSV-41-img-2.jpg,/home/drnguyenvinh/notebooks/shrimp_dataset_eda_label_model_analysis_v1/kaggle_raw/shrimpdiseaseimagebd/ShrimpDiseaseImageBD An Image Dataset for Computer Vision-Based Detection of Shrimp Diseases in Bangladesh/Root/Annotated Diseased Shrimp Images/Annotated Diseased Shrimp Images/2. WSSV/labels/WSSV-41-img-2.txt,3,0,WSSV,WSSV-41-img-2,2048
1.0,1,WSSV,WSSV-41-img-3.jpg,151.462890625,2048,/home/drnguyenvinh/notebooks/shrimp_dataset_eda_label_model_analysis_v1/kaggle_raw/shrimpdiseaseimagebd/ShrimpDiseaseImageBD An Image Dataset for Computer Vision-Based Detection of Shrimp Diseases in Bangladesh/Root/Annotated Diseased Shrimp Images/Annotated Diseased Shrimp Images/2. WSSV/images/WSSV-41-img-3.jpg,/home/drnguyenvinh/notebooks/shrimp_dataset_eda_label_model_analysis_v1/kaggle_raw/shrimpdiseaseimagebd/ShrimpDiseaseImageBD An Image Dataset for Computer Vision-Based Detection of Shrimp Diseases in Bangladesh/Root/Annotated Diseased Shrimp Images/Annotated Diseased Shrimp Images/2. WSSV/labels/WSSV-41-img-3.txt,4,0,WSSV,WSSV-41-img-3,2048
1.0,1,WSSV,WSSV-42-img-1.jpg,152.5673828125,2048,/home/drnguyenvinh/notebooks/shrimp_dataset_eda_label_model_analysis_v1/kaggle_raw/shrimpdiseaseimagebd/ShrimpDiseaseImageBD An Image Dataset for Computer Vision-Based Detection of Shrimp Diseases in Bangladesh/Root/Annotated Diseased Shrimp Images/Annotated Diseased Shrimp Images/2. WSSV/images/WSSV-42-img-1.jpg,/home/drnguyenvinh/notebooks/shrimp_dataset_eda_label_model_analysis_v1/kaggle_raw/shrimpdiseaseimagebd/ShrimpDiseaseImageBD An Image Dataset for Computer Vision-Based Detection of Shrimp Diseases in Bangladesh/Root/Annotated Diseased Shrimp Images/Annotated Diseased Shrimp Images/2. WSSV/labels/WSSV-42-img-1.txt,4,0,WSSV,WSSV-42-img-1,2048
1.0,1,WSSV,WSSV-42-img-2.jpg,145.958984375,2048,/home/drnguyenvinh/notebooks/shrimp_dataset_eda_label_model_analysis_v1/kaggle_raw/shrimpdiseaseimagebd/ShrimpDiseaseImageBD An Image Dataset for Computer Vision-Based Detection of Shrimp Diseases in Bangladesh/Root/Annotated Diseased Shrimp Images/Annotated Diseased Shrimp Images/2. WSSV/images/WSSV-42-img-2.jpg,/home/drnguyenvinh/notebooks/shrimp_dataset_eda_label_model_analysis_v1/kaggle_raw/shrimpdiseaseimagebd/ShrimpDiseaseImageBD An Image Dataset for Computer Vision-Based Detection of Shrimp Diseases in Bangladesh/Root/Annotated Diseased Shrimp Images/Annotated Diseased Shrimp Images/2. WSSV/labels/WSSV-42-img-2.txt,4,0,WSSV,WSSV-42-img-2,2048
1.0,1,WSSV,WSSV-42-img-3.jpg,144.951171875,2048,/home/drnguyenvinh/notebooks/shrimp_dataset_eda_label_model_analysis_v1/kaggle_raw/shrimpdiseaseimagebd/ShrimpDiseaseImageBD An Image Dataset for Computer Vision-Based Detection of Shrimp Diseases in Bangladesh/Root/Annotated Diseased Shrimp Images/Annotated Diseased Shrimp Images/2. WSSV/images/WSSV-42-img-3.jpg,/home/drnguyenvinh/notebooks/shrimp_dataset_eda_label_model_analysis_v1/kaggle_raw/shrimpdiseaseimagebd/ShrimpDiseaseImageBD An Image Dataset for Computer Vision-Based Detection of Shrimp Diseases in Bangladesh/Root/Annotated Diseased Shrimp Images/Annotated Diseased Shrimp Images/2. WSSV/labels/WSSV-42-img-3.txt,5,0,WSSV,WSSV-42-img-3,2048
1.0,1,WSSV,WSSV-43-img-1.jpg,150.951171875,2048,/home/drnguyenvinh/notebooks/shrimp_dataset_eda_label_model_analysis_v1/kaggle_raw/shrimpdiseaseimagebd/ShrimpDiseaseImageBD An Image Dataset for Computer Vision-Based Detection of Shrimp Diseases in Bangladesh/Root/Annotated Diseased Shrimp Images/Annotated Diseased Shrimp Images/2. WSSV/images/WSSV-43-img-1.jpg,/home/drnguyenvinh/notebooks/shrimp_dataset_eda_label_model_analysis_v1/kaggle_raw/shrimpdiseaseimagebd/ShrimpDiseaseImageBD An Image Dataset for Computer Vision-Based Detection of Shrimp Diseases in Bangladesh/Root/Annotated Diseased Shrimp Images/Annotated Diseased Shrimp Images/2. WSSV/labels/WSSV-43-img-1.txt,4,0,WSSV,WSSV-43-img-1,2048
1.0,1,WSSV,WSSV-43-img-2.jpg,140.93359375,2048,/home/drnguyenvinh/notebooks/shrimp_dataset_eda_label_model_analysis_v1/kaggle_raw/shrimpdiseaseimagebd/ShrimpDiseaseImageBD An Image Dataset for Computer Vision-Based Detection of Shrimp Diseases in Bangladesh/Root/Annotated Diseased Shrimp Images/Annotated Diseased Shrimp Images/2. WSSV/images/WSSV-43-img-2.jpg,/home/drnguyenvinh/notebooks/shrimp_dataset_eda_label_model_analysis_v1/kaggle_raw/shrimpdiseaseimagebd/ShrimpDiseaseImageBD An Image Dataset for Computer Vision-Based Detection of Shrimp Diseases in Bangladesh/Root/Annotated Diseased Shrimp Images/Annotated Diseased Shrimp Images/2. WSSV/labels/WSSV-43-img-2.txt,3,0,WSSV,WSSV-43-img-2,2048
1.0,1,WSSV,WSSV-43-img-3.jpg,147.3876953125,2048,/home/drnguyenvinh/notebooks/shrimp_dataset_eda_label_model_analysis_v1/kaggle_raw/shrimpdiseaseimagebd/ShrimpDiseaseImageBD An Image Dataset for Computer Vision-Based Detection of Shrimp Diseases in Bangladesh/Root/Annotated Diseased Shrimp Images/Annotated Diseased Shrimp Images/2. WSSV/images/WSSV-43-img-3.jpg,/home/drnguyenvinh/notebooks/shrimp_dataset_eda_label_model_analysis_v1/kaggle_raw/shrimpdiseaseimagebd/ShrimpDiseaseImageBD An Image Dataset for Computer Vision-Based Detection of Shrimp Diseases in Bangladesh/Root/Annotated Diseased Shrimp Images/Annotated Diseased Shrimp Images/2. WSSV/labels/WSSV-43-img-3.txt,6,0,WSSV,WSSV-43-img-3,2048
1.0,1,WSSV,WSSV-44-img-1.jpg,150.5576171875,2048,/home/drnguyenvinh/notebooks/shrimp_dataset_eda_label_model_analysis_v1/kaggle_raw/shrimpdiseaseimagebd/ShrimpDiseaseImageBD An Image Dataset for Computer Vision-Based Detection of Shrimp Diseases in Bangladesh/Root/Annotated Diseased Shrimp Images/Annotated Diseased Shrimp Images/2. WSSV/images/WSSV-44-img-1.jpg,/home/drnguyenvinh/notebooks/shrimp_dataset_eda_label_model_analysis_v1/kaggle_raw/shrimpdiseaseimagebd/ShrimpDiseaseImageBD An Image Dataset for Computer Vision-Based Detection of Shrimp Diseases in Bangladesh/Root/Annotated Diseased Shrimp Images/Annotated Diseased Shrimp Images/2. WSSV/labels/WSSV-44-img-1.txt,6,0,WSSV,WSSV-44-img-1,2048
1.0,1,WSSV,WSSV-44-img-2.jpg,161.9921875,2048,/home/drnguyenvinh/notebooks/shrimp_dataset_eda_label_model_analysis_v1/kaggle_raw/shrimpdiseaseimagebd/ShrimpDiseaseImageBD An Image Dataset for Computer Vision-Based Detection of Shrimp Diseases in Bangladesh/Root/Annotated Diseased Shrimp Images/Annotated Diseased Shrimp Images/2. WSSV/images/WSSV-44-img-2.jpg,/home/drnguyenvinh/notebooks/shrimp_dataset_eda_label_model_analysis_v1/kaggle_raw/shrimpdiseaseimagebd/ShrimpDiseaseImageBD An Image Dataset for Computer Vision-Based Detection of Shrimp Diseases in Bangladesh/Root/Annotated Diseased Shrimp Images/Annotated Diseased Shrimp Images/2. WSSV/labels/WSSV-44-img-2.txt,3,0,WSSV,WSSV-44-img-2,2048
1.0,1,WSSV,WSSV-44-img-3.jpg,151.0068359375,2048,/home/drnguyenvinh/notebooks/shrimp_dataset_eda_label_model_analysis_v1/kaggle_raw/shrimpdiseaseimagebd/ShrimpDiseaseImageBD An Image Dataset for Computer Vision-Based Detection of Shrimp Diseases in Bangladesh/Root/Annotated Diseased Shrimp Images/Annotated Diseased Shrimp Images/2. WSSV/images/WSSV-44-img-3.jpg,/home/drnguyenvinh/notebooks/shrimp_dataset_eda_label_model_analysis_v1/kaggle_raw/shrimpdiseaseimagebd/ShrimpDiseaseImageBD An Image Dataset for Computer Vision-Based Detection of Shrimp Diseases in Bangladesh/Root/Annotated Diseased Shrimp Images/Annotated Diseased Shrimp Images/2. WSSV/labels/WSSV-44-img-3.txt,3,0,WSSV,WSSV-44-img-3,2048
1.0,1,WSSV,WSSV-45-img-1.jpg,164.0322265625,2048,/home/drnguyenvinh/notebooks/shrimp_dataset_eda_label_model_analysis_v1/kaggle_raw/shrimpdiseaseimagebd/ShrimpDiseaseImageBD An Image Dataset for Computer Vision-Based Detection of Shrimp Diseases in Bangladesh/Root/Annotated Diseased Shrimp Images/Annotated Diseased Shrimp Images/2. WSSV/images/WSSV-45-img-1.jpg,/home/drnguyenvinh/notebooks/shrimp_dataset_eda_label_model_analysis_v1/kaggle_raw/shrimpdiseaseimagebd/ShrimpDiseaseImageBD An Image Dataset for Computer Vision-Based Detection of Shrimp Diseases in Bangladesh/Root/Annotated Diseased Shrimp Images/Annotated Diseased Shrimp Images/2. WSSV/labels/WSSV-45-img-1.txt,6,0,WSSV,WSSV-45-img-1,2048
1.0,1,WSSV,WSSV-45-img-2.jpg,160.4228515625,2048,/home/drnguyenvinh/notebooks/shrimp_dataset_eda_label_model_analysis_v1/kaggle_raw/shrimpdiseaseimagebd/ShrimpDiseaseImageBD An Image Dataset for Computer Vision-Based Detection of Shrimp Diseases in Bangladesh/Root/Annotated Diseased Shrimp Images/Annotated Diseased Shrimp Images/2. WSSV/images/WSSV-45-img-2.jpg,/home/drnguyenvinh/notebooks/shrimp_dataset_eda_label_model_analysis_v1/kaggle_raw/shrimpdiseaseimagebd/ShrimpDiseaseImageBD An Image Dataset for Computer Vision-Based Detection of Shrimp Diseases in Bangladesh/Root/Annotated Diseased Shrimp Images/Annotated Diseased Shrimp Images/2. WSSV/labels/WSSV-45-img-2.txt,8,0,WSSV,WSSV-45-img-2,2048
1.0,1,WSSV,WSSV-45-img-3.jpg,156.8681640625,2048,/home/drnguyenvinh/notebooks/shrimp_dataset_eda_label_model_analysis_v1/kaggle_raw/shrimpdiseaseimagebd/ShrimpDiseaseImageBD An Image Dataset for Computer Vision-Based Detection of Shrimp Diseases in Bangladesh/Root/Annotated Diseased Shrimp Images/Annotated Diseased Shrimp Images/2. WSSV/images/WSSV-45-img-3.jpg,/home/drnguyenvinh/notebooks/shrimp_dataset_eda_label_model_analysis_v1/kaggle_raw/shrimpdiseaseimagebd/ShrimpDiseaseImageBD An Image Dataset for Computer Vision-Based Detection of Shrimp Diseases in Bangladesh/Root/Annotated Diseased Shrimp Images/Annotated Diseased Shrimp Images/2. WSSV/labels/WSSV-45-img-3.txt,8,0,WSSV,WSSV-45-img-3,2048
1.0,1,WSSV,WSSV-46-img-1.jpg,147.951171875,2048,/home/drnguyenvinh/notebooks/shrimp_dataset_eda_label_model_analysis_v1/kaggle_raw/shrimpdiseaseimagebd/ShrimpDiseaseImageBD An Image Dataset for Computer Vision-Based Detection of Shrimp Diseases in Bangladesh/Root/Annotated Diseased Shrimp Images/Annotated Diseased Shrimp Images/2. WSSV/images/WSSV-46-img-1.jpg,/home/drnguyenvinh/notebooks/shrimp_dataset_eda_label_model_analysis_v1/kaggle_raw/shrimpdiseaseimagebd/ShrimpDiseaseImageBD An Image Dataset for Computer Vision-Based Detection of Shrimp Diseases in Bangladesh/Root/Annotated Diseased Shrimp Images/Annotated Diseased Shrimp Images/2. WSSV/labels/WSSV-46-img-1.txt,13,0,WSSV,WSSV-46-img-1,2048
1.0,1,WSSV,WSSV-46-img-2.jpg,166.314453125,2048,/home/drnguyenvinh/notebooks/shrimp_dataset_eda_label_model_analysis_v1/kaggle_raw/shrimpdiseaseimagebd/ShrimpDiseaseImageBD An Image Dataset for Computer Vision-Based Detection of Shrimp Diseases in Bangladesh/Root/Annotated Diseased Shrimp Images/Annotated Diseased Shrimp Images/2. WSSV/images/WSSV-46-img-2.jpg,/home/drnguyenvinh/notebooks/shrimp_dataset_eda_label_model_analysis_v1/kaggle_raw/shrimpdiseaseimagebd/ShrimpDiseaseImageBD An Image Dataset for Computer Vision-Based Detection of Shrimp Diseases in Bangladesh/Root/Annotated Diseased Shrimp Images/Annotated Diseased Shrimp Images/2. WSSV/labels/WSSV-46-img-2.txt,5,0,WSSV,WSSV-46-img-2,2048
1.0,1,WSSV,WSSV-46-img-3.jpg,161.0166015625,2048,/home/drnguyenvinh/notebooks/shrimp_dataset_eda_label_model_analysis_v1/kaggle_raw/shrimpdiseaseimagebd/ShrimpDiseaseImageBD An Image Dataset for Computer Vision-Based Detection of Shrimp Diseases in Bangladesh/Root/Annotated Diseased Shrimp Images/Annotated Diseased Shrimp Images/2. WSSV/images/WSSV-46-img-3.jpg,/home/drnguyenvinh/notebooks/shrimp_dataset_eda_label_model_analysis_v1/kaggle_raw/shrimpdiseaseimagebd/ShrimpDiseaseImageBD An Image Dataset for Computer Vision-Based Detection of Shrimp Diseases in Bangladesh/Root/Annotated Diseased Shrimp Images/Annotated Diseased Shrimp Images/2. WSSV/labels/WSSV-46-img-3.txt,13,0,WSSV,WSSV-46-img-3,2048
1.0,1,WSSV,WSSV-47-img-1.jpg,241.783203125,2048,/home/drnguyenvinh/notebooks/shrimp_dataset_eda_label_model_analysis_v1/kaggle_raw/shrimpdiseaseimagebd/ShrimpDiseaseImageBD An Image Dataset for Computer Vision-Based Detection of Shrimp Diseases in Bangladesh/Root/Annotated Diseased Shrimp Images/Annotated Diseased Shrimp Images/2. WSSV/images/WSSV-47-img-1.jpg,/home/drnguyenvinh/notebooks/shrimp_dataset_eda_label_model_analysis_v1/kaggle_raw/shrimpdiseaseimagebd/ShrimpDiseaseImageBD An Image Dataset for Computer Vision-Based Detection of Shrimp Diseases in Bangladesh/Root/Annotated Diseased Shrimp Images/Annotated Diseased Shrimp Images/2. WSSV/labels/WSSV-47-img-1.txt,17,0,WSSV,WSSV-47-img-1,2048
1.0,1,WSSV,WSSV-47-img-2.jpg,218.423828125,2048,/home/drnguyenvinh/notebooks/shrimp_dataset_eda_label_model_analysis_v1/kaggle_raw/shrimpdiseaseimagebd/ShrimpDiseaseImageBD An Image Dataset for Computer Vision-Based Detection of Shrimp Diseases in Bangladesh/Root/Annotated Diseased Shrimp Images/Annotated Diseased Shrimp Images/2. WSSV/images/WSSV-47-img-2.jpg,/home/drnguyenvinh/notebooks/shrimp_dataset_eda_label_model_analysis_v1/kaggle_raw/shrimpdiseaseimagebd/ShrimpDiseaseImageBD An Image Dataset for Computer Vision-Based Detection of Shrimp Diseases in Bangladesh/Root/Annotated Diseased Shrimp Images/Annotated Diseased Shrimp Images/2. WSSV/labels/WSSV-47-img-2.txt,20,0,WSSV,WSSV-47-img-2,2048
1.0,1,WSSV,WSSV-47-img-3.jpg,169.4541015625,2048,/home/drnguyenvinh/notebooks/shrimp_dataset_eda_label_model_analysis_v1/kaggle_raw/shrimpdiseaseimagebd/ShrimpDiseaseImageBD An Image Dataset for Computer Vision-Based Detection of Shrimp Diseases in Bangladesh/Root/Annotated Diseased Shrimp Images/Annotated Diseased Shrimp Images/2. WSSV/images/WSSV-47-img-3.jpg,/home/drnguyenvinh/notebooks/shrimp_dataset_eda_label_model_analysis_v1/kaggle_raw/shrimpdiseaseimagebd/ShrimpDiseaseImageBD An Image Dataset for Computer Vision-Based Detection of Shrimp Diseases in Bangladesh/Root/Annotated Diseased Shrimp Images/Annotated Diseased Shrimp Images/2. WSSV/labels/WSSV-47-img-3.txt,13,0,WSSV,WSSV-47-img-3,2048
1.0,1,WSSV,WSSV-48-img-1.jpg,172.345703125,2048,/home/drnguyenvinh/notebooks/shrimp_dataset_eda_label_model_analysis_v1/kaggle_raw/shrimpdiseaseimagebd/ShrimpDiseaseImageBD An Image Dataset for Computer Vision-Based Detection of Shrimp Diseases in Bangladesh/Root/Annotated Diseased Shrimp Images/Annotated Diseased Shrimp Images/2. WSSV/images/WSSV-48-img-1.jpg,/home/drnguyenvinh/notebooks/shrimp_dataset_eda_label_model_analysis_v1/kaggle_raw/shrimpdiseaseimagebd/ShrimpDiseaseImageBD An Image Dataset for Computer Vision-Based Detection of Shrimp Diseases in Bangladesh/Root/Annotated Diseased Shrimp Images/Annotated Diseased Shrimp Images/2. WSSV/labels/WSSV-48-img-1.txt,18,0,WSSV,WSSV-48-img-1,2048
1.0,1,WSSV,WSSV-48-img-2.jpg,176.4755859375,2048,/home/drnguyenvinh/notebooks/shrimp_dataset_eda_label_model_analysis_v1/kaggle_raw/shrimpdiseaseimagebd/ShrimpDiseaseImageBD An Image Dataset for Computer Vision-Based Detection of Shrimp Diseases in Bangladesh/Root/Annotated Diseased Shrimp Images/Annotated Diseased Shrimp Images/2. WSSV/images/WSSV-48-img-2.jpg,/home/drnguyenvinh/notebooks/shrimp_dataset_eda_label_model_analysis_v1/kaggle_raw/shrimpdiseaseimagebd/ShrimpDiseaseImageBD An Image Dataset for Computer Vision-Based Detection of Shrimp Diseases in Bangladesh/Root/Annotated Diseased Shrimp Images/Annotated Diseased Shrimp Images/2. WSSV/labels/WSSV-48-img-2.txt,17,0,WSSV,WSSV-48-img-2,2048
1.0,1,WSSV,WSSV-48-img-3.jpg,175.76171875,2048,/home/drnguyenvinh/notebooks/shrimp_dataset_eda_label_model_analysis_v1/kaggle_raw/shrimpdiseaseimagebd/ShrimpDiseaseImageBD An Image Dataset for Computer Vision-Based Detection of Shrimp Diseases in Bangladesh/Root/Annotated Diseased Shrimp Images/Annotated Diseased Shrimp Images/2. WSSV/images/WSSV-48-img-3.jpg,/home/drnguyenvinh/notebooks/shrimp_dataset_eda_label_model_analysis_v1/kaggle_raw/shrimpdiseaseimagebd/ShrimpDiseaseImageBD An Image Dataset for Computer Vision-Based Detection of Shrimp Diseases in Bangladesh/Root/Annotated Diseased Shrimp Images/Annotated Diseased Shrimp Images/2. WSSV/labels/WSSV-48-img-3.txt,25,0,WSSV,WSSV-48-img-3,2048
1.0,1,WSSV,WSSV-49-img-1.jpg,158.607421875,2048,/home/drnguyenvinh/notebooks/shrimp_dataset_eda_label_model_analysis_v1/kaggle_raw/shrimpdiseaseimagebd/ShrimpDiseaseImageBD An Image Dataset for Computer Vision-Based Detection of Shrimp Diseases in Bangladesh/Root/Annotated Diseased Shrimp Images/Annotated Diseased Shrimp Images/2. WSSV/images/WSSV-49-img-1.jpg,/home/drnguyenvinh/notebooks/shrimp_dataset_eda_label_model_analysis_v1/kaggle_raw/shrimpdiseaseimagebd/ShrimpDiseaseImageBD An Image Dataset for Computer Vision-Based Detection of Shrimp Diseases in Bangladesh/Root/Annotated Diseased Shrimp Images/Annotated Diseased Shrimp Images/2. WSSV/labels/WSSV-49-img-1.txt,19,0,WSSV,WSSV-49-img-1,2048
1.0,1,WSSV,WSSV-49-img-2.jpg,159.185546875,2048,/home/drnguyenvinh/notebooks/shrimp_dataset_eda_label_model_analysis_v1/kaggle_raw/shrimpdiseaseimagebd/ShrimpDiseaseImageBD An Image Dataset for Computer Vision-Based Detection of Shrimp Diseases in Bangladesh/Root/Annotated Diseased Shrimp Images/Annotated Diseased Shrimp Images/2. WSSV/images/WSSV-49-img-2.jpg,/home/drnguyenvinh/notebooks/shrimp_dataset_eda_label_model_analysis_v1/kaggle_raw/shrimpdiseaseimagebd/ShrimpDiseaseImageBD An Image Dataset for Computer Vision-Based Detection of Shrimp Diseases in Bangladesh/Root/Annotated Diseased Shrimp Images/Annotated Diseased Shrimp Images/2. WSSV/labels/WSSV-49-img-2.txt,28,0,WSSV,WSSV-49-img-2,2048
1.0,1,WSSV,WSSV-49-img-3.jpg,195.3955078125,2048,/home/drnguyenvinh/notebooks/shrimp_dataset_eda_label_model_analysis_v1/kaggle_raw/shrimpdiseaseimagebd/ShrimpDiseaseImageBD An Image Dataset for Computer Vision-Based Detection of Shrimp Diseases in Bangladesh/Root/Annotated Diseased Shrimp Images/Annotated Diseased Shrimp Images/2. WSSV/images/WSSV-49-img-3.jpg,/home/drnguyenvinh/notebooks/shrimp_dataset_eda_label_model_analysis_v1/kaggle_raw/shrimpdiseaseimagebd/ShrimpDiseaseImageBD An Image Dataset for Computer Vision-Based Detection of Shrimp Diseases in Bangladesh/Root/Annotated Diseased Shrimp Images/Annotated Diseased Shrimp Images/2. WSSV/labels/WSSV-49-img-3.txt,13,0,WSSV,WSSV-49-img-3,2048
1.0,1,WSSV,WSSV-5-img-1.jpg,214.3291015625,2048,/home/drnguyenvinh/notebooks/shrimp_dataset_eda_label_model_analysis_v1/kaggle_raw/shrimpdiseaseimagebd/ShrimpDiseaseImageBD An Image Dataset for Computer Vision-Based Detection of Shrimp Diseases in Bangladesh/Root/Annotated Diseased Shrimp Images/Annotated Diseased Shrimp Images/2. WSSV/images/WSSV-5-img-1.jpg,/home/drnguyenvinh/notebooks/shrimp_dataset_eda_label_model_analysis_v1/kaggle_raw/shrimpdiseaseimagebd/ShrimpDiseaseImageBD An Image Dataset for Computer Vision-Based Detection of Shrimp Diseases in Bangladesh/Root/Annotated Diseased Shrimp Images/Annotated Diseased Shrimp Images/2. WSSV/labels/WSSV-5-img-1.txt,5,0,WSSV,WSSV-5-img-1,2048
1.0,1,WSSV,WSSV-5-img-2.jpg,197.529296875,2048,/home/drnguyenvinh/notebooks/shrimp_dataset_eda_label_model_analysis_v1/kaggle_raw/shrimpdiseaseimagebd/ShrimpDiseaseImageBD An Image Dataset for Computer Vision-Based Detection of Shrimp Diseases in Bangladesh/Root/Annotated Diseased Shrimp Images/Annotated Diseased Shrimp Images/2. WSSV/images/WSSV-5-img-2.jpg,/home/drnguyenvinh/notebooks/shrimp_dataset_eda_label_model_analysis_v1/kaggle_raw/shrimpdiseaseimagebd/ShrimpDiseaseImageBD An Image Dataset for Computer Vision-Based Detection of Shrimp Diseases in Bangladesh/Root/Annotated Diseased Shrimp Images/Annotated Diseased Shrimp Images/2. WSSV/labels/WSSV-5-img-2.txt,9,0,WSSV,WSSV-5-img-2,2048
1.0,1,WSSV,WSSV-5-img-3.jpg,200.484375,2048,/home/drnguyenvinh/notebooks/shrimp_dataset_eda_label_model_analysis_v1/kaggle_raw/shrimpdiseaseimagebd/ShrimpDiseaseImageBD An Image Dataset for Computer Vision-Based Detection of Shrimp Diseases in Bangladesh/Root/Annotated Diseased Shrimp Images/Annotated Diseased Shrimp Images/2. WSSV/images/WSSV-5-img-3.jpg,/home/drnguyenvinh/notebooks/shrimp_dataset_eda_label_model_analysis_v1/kaggle_raw/shrimpdiseaseimagebd/ShrimpDiseaseImageBD An Image Dataset for Computer Vision-Based Detection of Shrimp Diseases in Bangladesh/Root/Annotated Diseased Shrimp Images/Annotated Diseased Shrimp Images/2. WSSV/labels/WSSV-5-img-3.txt,7,0,WSSV,WSSV-5-img-3,2048
1.0,1,WSSV,WSSV-50-img-1.jpg,168.408203125,2048,/home/drnguyenvinh/notebooks/shrimp_dataset_eda_label_model_analysis_v1/kaggle_raw/shrimpdiseaseimagebd/ShrimpDiseaseImageBD An Image Dataset for Computer Vision-Based Detection of Shrimp Diseases in Bangladesh/Root/Annotated Diseased Shrimp Images/Annotated Diseased Shrimp Images/2. WSSV/images/WSSV-50-img-1.jpg,/home/drnguyenvinh/notebooks/shrimp_dataset_eda_label_model_analysis_v1/kaggle_raw/shrimpdiseaseimagebd/ShrimpDiseaseImageBD An Image Dataset for Computer Vision-Based Detection of Shrimp Diseases in Bangladesh/Root/Annotated Diseased Shrimp Images/Annotated Diseased Shrimp Images/2. WSSV/labels/WSSV-50-img-1.txt,32,0,WSSV,WSSV-50-img-1,2048
1.0,1,WSSV,WSSV-50-img-2.jpg,173.69921875,2048,/home/drnguyenvinh/notebooks/shrimp_dataset_eda_label_model_analysis_v1/kaggle_raw/shrimpdiseaseimagebd/ShrimpDiseaseImageBD An Image Dataset for Computer Vision-Based Detection of Shrimp Diseases in Bangladesh/Root/Annotated Diseased Shrimp Images/Annotated Diseased Shrimp Images/2. WSSV/images/WSSV-50-img-2.jpg,/home/drnguyenvinh/notebooks/shrimp_dataset_eda_label_model_analysis_v1/kaggle_raw/shrimpdiseaseimagebd/ShrimpDiseaseImageBD An Image Dataset for Computer Vision-Based Detection of Shrimp Diseases in Bangladesh/Root/Annotated Diseased Shrimp Images/Annotated Diseased Shrimp Images/2. WSSV/labels/WSSV-50-img-2.txt,9,0,WSSV,WSSV-50-img-2,2048
1.0,1,WSSV,WSSV-50-img-3.jpg,175.3359375,2048,/home/drnguyenvinh/notebooks/shrimp_dataset_eda_label_model_analysis_v1/kaggle_raw/shrimpdiseaseimagebd/ShrimpDiseaseImageBD An Image Dataset for Computer Vision-Based Detection of Shrimp Diseases in Bangladesh/Root/Annotated Diseased Shrimp Images/Annotated Diseased Shrimp Images/2. WSSV/images/WSSV-50-img-3.jpg,/home/drnguyenvinh/notebooks/shrimp_dataset_eda_label_model_analysis_v1/kaggle_raw/shrimpdiseaseimagebd/ShrimpDiseaseImageBD An Image Dataset for Computer Vision-Based Detection of Shrimp Diseases in Bangladesh/Root/Annotated Diseased Shrimp Images/Annotated Diseased Shrimp Images/2. WSSV/labels/WSSV-50-img-3.txt,7,0,WSSV,WSSV-50-img-3,2048
1.0,1,WSSV,WSSV-51-img-1.jpg,160.337890625,2048,/home/drnguyenvinh/notebooks/shrimp_dataset_eda_label_model_analysis_v1/kaggle_raw/shrimpdiseaseimagebd/ShrimpDiseaseImageBD An Image Dataset for Computer Vision-Based Detection of Shrimp Diseases in Bangladesh/Root/Annotated Diseased Shrimp Images/Annotated Diseased Shrimp Images/2. WSSV/images/WSSV-51-img-1.jpg,/home/drnguyenvinh/notebooks/shrimp_dataset_eda_label_model_analysis_v1/kaggle_raw/shrimpdiseaseimagebd/ShrimpDiseaseImageBD An Image Dataset for Computer Vision-Based Detection of Shrimp Diseases in Bangladesh/Root/Annotated Diseased Shrimp Images/Annotated Diseased Shrimp Images/2. WSSV/labels/WSSV-51-img-1.txt,18,0,WSSV,WSSV-51-img-1,2048
1.0,1,WSSV,WSSV-51-img-2.jpg,183.2431640625,2048,/home/drnguyenvinh/notebooks/shrimp_dataset_eda_label_model_analysis_v1/kaggle_raw/shrimpdiseaseimagebd/ShrimpDiseaseImageBD An Image Dataset for Computer Vision-Based Detection of Shrimp Diseases in Bangladesh/Root/Annotated Diseased Shrimp Images/Annotated Diseased Shrimp Images/2. WSSV/images/WSSV-51-img-2.jpg,/home/drnguyenvinh/notebooks/shrimp_dataset_eda_label_model_analysis_v1/kaggle_raw/shrimpdiseaseimagebd/ShrimpDiseaseImageBD An Image Dataset for Computer Vision-Based Detection of Shrimp Diseases in Bangladesh/Root/Annotated Diseased Shrimp Images/Annotated Diseased Shrimp Images/2. WSSV/labels/WSSV-51-img-2.txt,5,0,WSSV,WSSV-51-img-2,2048
1.0,1,WSSV,WSSV-51-img-3.jpg,174.8251953125,2048,/home/drnguyenvinh/notebooks/shrimp_dataset_eda_label_model_analysis_v1/kaggle_raw/shrimpdiseaseimagebd/ShrimpDiseaseImageBD An Image Dataset for Computer Vision-Based Detection of Shrimp Diseases in Bangladesh/Root/Annotated Diseased Shrimp Images/Annotated Diseased Shrimp Images/2. WSSV/images/WSSV-51-img-3.jpg,/home/drnguyenvinh/notebooks/shrimp_dataset_eda_label_model_analysis_v1/kaggle_raw/shrimpdiseaseimagebd/ShrimpDiseaseImageBD An Image Dataset for Computer Vision-Based Detection of Shrimp Diseases in Bangladesh/Root/Annotated Diseased Shrimp Images/Annotated Diseased Shrimp Images/2. WSSV/labels/WSSV-51-img-3.txt,11,0,WSSV,WSSV-51-img-3,2048
1.0,1,WSSV,WSSV-52-img-1.jpg,150.6591796875,2048,/home/drnguyenvinh/notebooks/shrimp_dataset_eda_label_model_analysis_v1/kaggle_raw/shrimpdiseaseimagebd/ShrimpDiseaseImageBD An Image Dataset for Computer Vision-Based Detection of Shrimp Diseases in Bangladesh/Root/Annotated Diseased Shrimp Images/Annotated Diseased Shrimp Images/2. WSSV/images/WSSV-52-img-1.jpg,/home/drnguyenvinh/notebooks/shrimp_dataset_eda_label_model_analysis_v1/kaggle_raw/shrimpdiseaseimagebd/ShrimpDiseaseImageBD An Image Dataset for Computer Vision-Based Detection of Shrimp Diseases in Bangladesh/Root/Annotated Diseased Shrimp Images/Annotated Diseased Shrimp Images/2. WSSV/labels/WSSV-52-img-1.txt,30,0,WSSV,WSSV-52-img-1,2048
1.0,1,WSSV,WSSV-52-img-2.jpg,187.1943359375,2048,/home/drnguyenvinh/notebooks/shrimp_dataset_eda_label_model_analysis_v1/kaggle_raw/shrimpdiseaseimagebd/ShrimpDiseaseImageBD An Image Dataset for Computer Vision-Based Detection of Shrimp Diseases in Bangladesh/Root/Annotated Diseased Shrimp Images/Annotated Diseased Shrimp Images/2. WSSV/images/WSSV-52-img-2.jpg,/home/drnguyenvinh/notebooks/shrimp_dataset_eda_label_model_analysis_v1/kaggle_raw/shrimpdiseaseimagebd/ShrimpDiseaseImageBD An Image Dataset for Computer Vision-Based Detection of Shrimp Diseases in Bangladesh/Root/Annotated Diseased Shrimp Images/Annotated Diseased Shrimp Images/2. WSSV/labels/WSSV-52-img-2.txt,6,0,WSSV,WSSV-52-img-2,2048
1.0,1,WSSV,WSSV-52-img-3.jpg,144.9736328125,2048,/home/drnguyenvinh/notebooks/shrimp_dataset_eda_label_model_analysis_v1/kaggle_raw/shrimpdiseaseimagebd/ShrimpDiseaseImageBD An Image Dataset for Computer Vision-Based Detection of Shrimp Diseases in Bangladesh/Root/Annotated Diseased Shrimp Images/Annotated Diseased Shrimp Images/2. WSSV/images/WSSV-52-img-3.jpg,/home/drnguyenvinh/notebooks/shrimp_dataset_eda_label_model_analysis_v1/kaggle_raw/shrimpdiseaseimagebd/ShrimpDiseaseImageBD An Image Dataset for Computer Vision-Based Detection of Shrimp Diseases in Bangladesh/Root/Annotated Diseased Shrimp Images/Annotated Diseased Shrimp Images/2. WSSV/labels/WSSV-52-img-3.txt,16,0,WSSV,WSSV-52-img-3,2048
1.0,1,WSSV,WSSV-53-img-1.jpg,148.1474609375,2048,/home/drnguyenvinh/notebooks/shrimp_dataset_eda_label_model_analysis_v1/kaggle_raw/shrimpdiseaseimagebd/ShrimpDiseaseImageBD An Image Dataset for Computer Vision-Based Detection of Shrimp Diseases in Bangladesh/Root/Annotated Diseased Shrimp Images/Annotated Diseased Shrimp Images/2. WSSV/images/WSSV-53-img-1.jpg,/home/drnguyenvinh/notebooks/shrimp_dataset_eda_label_model_analysis_v1/kaggle_raw/shrimpdiseaseimagebd/ShrimpDiseaseImageBD An Image Dataset for Computer Vision-Based Detection of Shrimp Diseases in Bangladesh/Root/Annotated Diseased Shrimp Images/Annotated Diseased Shrimp Images/2. WSSV/labels/WSSV-53-img-1.txt,16,0,WSSV,WSSV-53-img-1,2048
1.0,1,WSSV,WSSV-53-img-2.jpg,150.8876953125,2048,/home/drnguyenvinh/notebooks/shrimp_dataset_eda_label_model_analysis_v1/kaggle_raw/shrimpdiseaseimagebd/ShrimpDiseaseImageBD An Image Dataset for Computer Vision-Based Detection of Shrimp Diseases in Bangladesh/Root/Annotated Diseased Shrimp Images/Annotated Diseased Shrimp Images/2. WSSV/images/WSSV-53-img-2.jpg,/home/drnguyenvinh/notebooks/shrimp_dataset_eda_label_model_analysis_v1/kaggle_raw/shrimpdiseaseimagebd/ShrimpDiseaseImageBD An Image Dataset for Computer Vision-Based Detection of Shrimp Diseases in Bangladesh/Root/Annotated Diseased Shrimp Images/Annotated Diseased Shrimp Images/2. WSSV/labels/WSSV-53-img-2.txt,20,0,WSSV,WSSV-53-img-2,2048
1.0,1,WSSV,WSSV-53-img-3.jpg,155.994140625,2048,/home/drnguyenvinh/notebooks/shrimp_dataset_eda_label_model_analysis_v1/kaggle_raw/shrimpdiseaseimagebd/ShrimpDiseaseImageBD An Image Dataset for Computer Vision-Based Detection of Shrimp Diseases in Bangladesh/Root/Annotated Diseased Shrimp Images/Annotated Diseased Shrimp Images/2. WSSV/images/WSSV-53-img-3.jpg,/home/drnguyenvinh/notebooks/shrimp_dataset_eda_label_model_analysis_v1/kaggle_raw/shrimpdiseaseimagebd/ShrimpDiseaseImageBD An Image Dataset for Computer Vision-Based Detection of Shrimp Diseases in Bangladesh/Root/Annotated Diseased Shrimp Images/Annotated Diseased Shrimp Images/2. WSSV/labels/WSSV-53-img-3.txt,44,0,WSSV,WSSV-53-img-3,2048
1.0,1,WSSV,WSSV-54-img-1.jpg,132.224609375,2048,/home/drnguyenvinh/notebooks/shrimp_dataset_eda_label_model_analysis_v1/kaggle_raw/shrimpdiseaseimagebd/ShrimpDiseaseImageBD An Image Dataset for Computer Vision-Based Detection of Shrimp Diseases in Bangladesh/Root/Annotated Diseased Shrimp Images/Annotated Diseased Shrimp Images/2. WSSV/images/WSSV-54-img-1.jpg,/home/drnguyenvinh/notebooks/shrimp_dataset_eda_label_model_analysis_v1/kaggle_raw/shrimpdiseaseimagebd/ShrimpDiseaseImageBD An Image Dataset for Computer Vision-Based Detection of Shrimp Diseases in Bangladesh/Root/Annotated Diseased Shrimp Images/Annotated Diseased Shrimp Images/2. WSSV/labels/WSSV-54-img-1.txt,19,0,WSSV,WSSV-54-img-1,2048
1.0,1,WSSV,WSSV-54-img-2.jpg,158.4951171875,2048,/home/drnguyenvinh/notebooks/shrimp_dataset_eda_label_model_analysis_v1/kaggle_raw/shrimpdiseaseimagebd/ShrimpDiseaseImageBD An Image Dataset for Computer Vision-Based Detection of Shrimp Diseases in Bangladesh/Root/Annotated Diseased Shrimp Images/Annotated Diseased Shrimp Images/2. WSSV/images/WSSV-54-img-2.jpg,/home/drnguyenvinh/notebooks/shrimp_dataset_eda_label_model_analysis_v1/kaggle_raw/shrimpdiseaseimagebd/ShrimpDiseaseImageBD An Image Dataset for Computer Vision-Based Detection of Shrimp Diseases in Bangladesh/Root/Annotated Diseased Shrimp Images/Annotated Diseased Shrimp Images/2. WSSV/labels/WSSV-54-img-2.txt,16,0,WSSV,WSSV-54-img-2,2048
1.0,1,WSSV,WSSV-54-img-3.jpg,155.8369140625,2048,/home/drnguyenvinh/notebooks/shrimp_dataset_eda_label_model_analysis_v1/kaggle_raw/shrimpdiseaseimagebd/ShrimpDiseaseImageBD An Image Dataset for Computer Vision-Based Detection of Shrimp Diseases in Bangladesh/Root/Annotated Diseased Shrimp Images/Annotated Diseased Shrimp Images/2. WSSV/images/WSSV-54-img-3.jpg,/home/drnguyenvinh/notebooks/shrimp_dataset_eda_label_model_analysis_v1/kaggle_raw/shrimpdiseaseimagebd/ShrimpDiseaseImageBD An Image Dataset for Computer Vision-Based Detection of Shrimp Diseases in Bangladesh/Root/Annotated Diseased Shrimp Images/Annotated Diseased Shrimp Images/2. WSSV/labels/WSSV-54-img-3.txt,6,0,WSSV,WSSV-54-img-3,2048
1.0,1,WSSV,WSSV-55-img-1.jpg,157.2890625,2048,/home/drnguyenvinh/notebooks/shrimp_dataset_eda_label_model_analysis_v1/kaggle_raw/shrimpdiseaseimagebd/ShrimpDiseaseImageBD An Image Dataset for Computer Vision-Based Detection of Shrimp Diseases in Bangladesh/Root/Annotated Diseased Shrimp Images/Annotated Diseased Shrimp Images/2. WSSV/images/WSSV-55-img-1.jpg,/home/drnguyenvinh/notebooks/shrimp_dataset_eda_label_model_analysis_v1/kaggle_raw/shrimpdiseaseimagebd/ShrimpDiseaseImageBD An Image Dataset for Computer Vision-Based Detection of Shrimp Diseases in Bangladesh/Root/Annotated Diseased Shrimp Images/Annotated Diseased Shrimp Images/2. WSSV/labels/WSSV-55-img-1.txt,6,0,WSSV,WSSV-55-img-1,2048
1.0,1,WSSV,WSSV-55-img-2.jpg,168.6201171875,2048,/home/drnguyenvinh/notebooks/shrimp_dataset_eda_label_model_analysis_v1/kaggle_raw/shrimpdiseaseimagebd/ShrimpDiseaseImageBD An Image Dataset for Computer Vision-Based Detection of Shrimp Diseases in Bangladesh/Root/Annotated Diseased Shrimp Images/Annotated Diseased Shrimp Images/2. WSSV/images/WSSV-55-img-2.jpg,/home/drnguyenvinh/notebooks/shrimp_dataset_eda_label_model_analysis_v1/kaggle_raw/shrimpdiseaseimagebd/ShrimpDiseaseImageBD An Image Dataset for Computer Vision-Based Detection of Shrimp Diseases in Bangladesh/Root/Annotated Diseased Shrimp Images/Annotated Diseased Shrimp Images/2. WSSV/labels/WSSV-55-img-2.txt,5,0,WSSV,WSSV-55-img-2,2048
1.0,1,WSSV,WSSV-55-img-3.jpg,153.2724609375,2048,/home/drnguyenvinh/notebooks/shrimp_dataset_eda_label_model_analysis_v1/kaggle_raw/shrimpdiseaseimagebd/ShrimpDiseaseImageBD An Image Dataset for Computer Vision-Based Detection of Shrimp Diseases in Bangladesh/Root/Annotated Diseased Shrimp Images/Annotated Diseased Shrimp Images/2. WSSV/images/WSSV-55-img-3.jpg,/home/drnguyenvinh/notebooks/shrimp_dataset_eda_label_model_analysis_v1/kaggle_raw/shrimpdiseaseimagebd/ShrimpDiseaseImageBD An Image Dataset for Computer Vision-Based Detection of Shrimp Diseases in Bangladesh/Root/Annotated Diseased Shrimp Images/Annotated Diseased Shrimp Images/2. WSSV/labels/WSSV-55-img-3.txt,3,0,WSSV,WSSV-55-img-3,2048
1.0,1,WSSV,WSSV-56-img-1.jpg,140.212890625,2048,/home/drnguyenvinh/notebooks/shrimp_dataset_eda_label_model_analysis_v1/kaggle_raw/shrimpdiseaseimagebd/ShrimpDiseaseImageBD An Image Dataset for Computer Vision-Based Detection of Shrimp Diseases in Bangladesh/Root/Annotated Diseased Shrimp Images/Annotated Diseased Shrimp Images/2. WSSV/images/WSSV-56-img-1.jpg,/home/drnguyenvinh/notebooks/shrimp_dataset_eda_label_model_analysis_v1/kaggle_raw/shrimpdiseaseimagebd/ShrimpDiseaseImageBD An Image Dataset for Computer Vision-Based Detection of Shrimp Diseases in Bangladesh/Root/Annotated Diseased Shrimp Images/Annotated Diseased Shrimp Images/2. WSSV/labels/WSSV-56-img-1.txt,8,0,WSSV,WSSV-56-img-1,2048
1.0,1,WSSV,WSSV-56-img-2.jpg,134.5224609375,2048,/home/drnguyenvinh/notebooks/shrimp_dataset_eda_label_model_analysis_v1/kaggle_raw/shrimpdiseaseimagebd/ShrimpDiseaseImageBD An Image Dataset for Computer Vision-Based Detection of Shrimp Diseases in Bangladesh/Root/Annotated Diseased Shrimp Images/Annotated Diseased Shrimp Images/2. WSSV/images/WSSV-56-img-2.jpg,/home/drnguyenvinh/notebooks/shrimp_dataset_eda_label_model_analysis_v1/kaggle_raw/shrimpdiseaseimagebd/ShrimpDiseaseImageBD An Image Dataset for Computer Vision-Based Detection of Shrimp Diseases in Bangladesh/Root/Annotated Diseased Shrimp Images/Annotated Diseased Shrimp Images/2. WSSV/labels/WSSV-56-img-2.txt,5,0,WSSV,WSSV-56-img-2,2048
1.0,1,WSSV,WSSV-56-img-3.jpg,130.46875,2048,/home/drnguyenvinh/notebooks/shrimp_dataset_eda_label_model_analysis_v1/kaggle_raw/shrimpdiseaseimagebd/ShrimpDiseaseImageBD An Image Dataset for Computer Vision-Based Detection of Shrimp Diseases in Bangladesh/Root/Annotated Diseased Shrimp Images/Annotated Diseased Shrimp Images/2. WSSV/images/WSSV-56-img-3.jpg,/home/drnguyenvinh/notebooks/shrimp_dataset_eda_label_model_analysis_v1/kaggle_raw/shrimpdiseaseimagebd/ShrimpDiseaseImageBD An Image Dataset for Computer Vision-Based Detection of Shrimp Diseases in Bangladesh/Root/Annotated Diseased Shrimp Images/Annotated Diseased Shrimp Images/2. WSSV/labels/WSSV-56-img-3.txt,5,0,WSSV,WSSV-56-img-3,2048
1.0,1,WSSV,WSSV-57-img-1.jpg,140.82421875,2048,/home/drnguyenvinh/notebooks/shrimp_dataset_eda_label_model_analysis_v1/kaggle_raw/shrimpdiseaseimagebd/ShrimpDiseaseImageBD An Image Dataset for Computer Vision-Based Detection of Shrimp Diseases in Bangladesh/Root/Annotated Diseased Shrimp Images/Annotated Diseased Shrimp Images/2. WSSV/images/WSSV-57-img-1.jpg,/home/drnguyenvinh/notebooks/shrimp_dataset_eda_label_model_analysis_v1/kaggle_raw/shrimpdiseaseimagebd/ShrimpDiseaseImageBD An Image Dataset for Computer Vision-Based Detection of Shrimp Diseases in Bangladesh/Root/Annotated Diseased Shrimp Images/Annotated Diseased Shrimp Images/2. WSSV/labels/WSSV-57-img-1.txt,14,0,WSSV,WSSV-57-img-1,2048
1.0,1,WSSV,WSSV-57-img-2.jpg,157.6845703125,2048,/home/drnguyenvinh/notebooks/shrimp_dataset_eda_label_model_analysis_v1/kaggle_raw/shrimpdiseaseimagebd/ShrimpDiseaseImageBD An Image Dataset for Computer Vision-Based Detection of Shrimp Diseases in Bangladesh/Root/Annotated Diseased Shrimp Images/Annotated Diseased Shrimp Images/2. WSSV/images/WSSV-57-img-2.jpg,/home/drnguyenvinh/notebooks/shrimp_dataset_eda_label_model_analysis_v1/kaggle_raw/shrimpdiseaseimagebd/ShrimpDiseaseImageBD An Image Dataset for Computer Vision-Based Detection of Shrimp Diseases in Bangladesh/Root/Annotated Diseased Shrimp Images/Annotated Diseased Shrimp Images/2. WSSV/labels/WSSV-57-img-2.txt,11,0,WSSV,WSSV-57-img-2,2048
1.0,1,WSSV,WSSV-58-img-1.jpg,156.953125,2048,/home/drnguyenvinh/notebooks/shrimp_dataset_eda_label_model_analysis_v1/kaggle_raw/shrimpdiseaseimagebd/ShrimpDiseaseImageBD An Image Dataset for Computer Vision-Based Detection of Shrimp Diseases in Bangladesh/Root/Annotated Diseased Shrimp Images/Annotated Diseased Shrimp Images/2. WSSV/images/WSSV-58-img-1.jpg,/home/drnguyenvinh/notebooks/shrimp_dataset_eda_label_model_analysis_v1/kaggle_raw/shrimpdiseaseimagebd/ShrimpDiseaseImageBD An Image Dataset for Computer Vision-Based Detection of Shrimp Diseases in Bangladesh/Root/Annotated Diseased Shrimp Images/Annotated Diseased Shrimp Images/2. WSSV/labels/WSSV-58-img-1.txt,14,0,WSSV,WSSV-58-img-1,2048
1.0,1,WSSV,WSSV-58-img-2.jpg,152.2578125,2048,/home/drnguyenvinh/notebooks/shrimp_dataset_eda_label_model_analysis_v1/kaggle_raw/shrimpdiseaseimagebd/ShrimpDiseaseImageBD An Image Dataset for Computer Vision-Based Detection of Shrimp Diseases in Bangladesh/Root/Annotated Diseased Shrimp Images/Annotated Diseased Shrimp Images/2. WSSV/images/WSSV-58-img-2.jpg,/home/drnguyenvinh/notebooks/shrimp_dataset_eda_label_model_analysis_v1/kaggle_raw/shrimpdiseaseimagebd/ShrimpDiseaseImageBD An Image Dataset for Computer Vision-Based Detection of Shrimp Diseases in Bangladesh/Root/Annotated Diseased Shrimp Images/Annotated Diseased Shrimp Images/2. WSSV/labels/WSSV-58-img-2.txt,16,0,WSSV,WSSV-58-img-2,2048
1.0,1,WSSV,WSSV-58-img-3.jpg,154.0537109375,2048,/home/drnguyenvinh/notebooks/shrimp_dataset_eda_label_model_analysis_v1/kaggle_raw/shrimpdiseaseimagebd/ShrimpDiseaseImageBD An Image Dataset for Computer Vision-Based Detection of Shrimp Diseases in Bangladesh/Root/Annotated Diseased Shrimp Images/Annotated Diseased Shrimp Images/2. WSSV/images/WSSV-58-img-3.jpg,/home/drnguyenvinh/notebooks/shrimp_dataset_eda_label_model_analysis_v1/kaggle_raw/shrimpdiseaseimagebd/ShrimpDiseaseImageBD An Image Dataset for Computer Vision-Based Detection of Shrimp Diseases in Bangladesh/Root/Annotated Diseased Shrimp Images/Annotated Diseased Shrimp Images/2. WSSV/labels/WSSV-58-img-3.txt,30,0,WSSV,WSSV-58-img-3,2048
1.0,1,WSSV,WSSV-59-img-1.jpg,189.3203125,2048,/home/drnguyenvinh/notebooks/shrimp_dataset_eda_label_model_analysis_v1/kaggle_raw/shrimpdiseaseimagebd/ShrimpDiseaseImageBD An Image Dataset for Computer Vision-Based Detection of Shrimp Diseases in Bangladesh/Root/Annotated Diseased Shrimp Images/Annotated Diseased Shrimp Images/2. WSSV/images/WSSV-59-img-1.jpg,/home/drnguyenvinh/notebooks/shrimp_dataset_eda_label_model_analysis_v1/kaggle_raw/shrimpdiseaseimagebd/ShrimpDiseaseImageBD An Image Dataset for Computer Vision-Based Detection of Shrimp Diseases in Bangladesh/Root/Annotated Diseased Shrimp Images/Annotated Diseased Shrimp Images/2. WSSV/labels/WSSV-59-img-1.txt,10,0,WSSV,WSSV-59-img-1,2048
1.0,1,WSSV,WSSV-59-img-2.jpg,195.810546875,2048,/home/drnguyenvinh/notebooks/shrimp_dataset_eda_label_model_analysis_v1/kaggle_raw/shrimpdiseaseimagebd/ShrimpDiseaseImageBD An Image Dataset for Computer Vision-Based Detection of Shrimp Diseases in Bangladesh/Root/Annotated Diseased Shrimp Images/Annotated Diseased Shrimp Images/2. WSSV/images/WSSV-59-img-2.jpg,/home/drnguyenvinh/notebooks/shrimp_dataset_eda_label_model_analysis_v1/kaggle_raw/shrimpdiseaseimagebd/ShrimpDiseaseImageBD An Image Dataset for Computer Vision-Based Detection of Shrimp Diseases in Bangladesh/Root/Annotated Diseased Shrimp Images/Annotated Diseased Shrimp Images/2. WSSV/labels/WSSV-59-img-2.txt,6,0,WSSV,WSSV-59-img-2,2048
1.0,1,WSSV,WSSV-6-img-1.jpg,302.45703125,2048,/home/drnguyenvinh/notebooks/shrimp_dataset_eda_label_model_analysis_v1/kaggle_raw/shrimpdiseaseimagebd/ShrimpDiseaseImageBD An Image Dataset for Computer Vision-Based Detection of Shrimp Diseases in Bangladesh/Root/Annotated Diseased Shrimp Images/Annotated Diseased Shrimp Images/2. WSSV/images/WSSV-6-img-1.jpg,/home/drnguyenvinh/notebooks/shrimp_dataset_eda_label_model_analysis_v1/kaggle_raw/shrimpdiseaseimagebd/ShrimpDiseaseImageBD An Image Dataset for Computer Vision-Based Detection of Shrimp Diseases in Bangladesh/Root/Annotated Diseased Shrimp Images/Annotated Diseased Shrimp Images/2. WSSV/labels/WSSV-6-img-1.txt,10,0,WSSV,WSSV-6-img-1,2048
1.0,1,WSSV,WSSV-6-img-2.jpg,269.8896484375,2048,/home/drnguyenvinh/notebooks/shrimp_dataset_eda_label_model_analysis_v1/kaggle_raw/shrimpdiseaseimagebd/ShrimpDiseaseImageBD An Image Dataset for Computer Vision-Based Detection of Shrimp Diseases in Bangladesh/Root/Annotated Diseased Shrimp Images/Annotated Diseased Shrimp Images/2. WSSV/images/WSSV-6-img-2.jpg,/home/drnguyenvinh/notebooks/shrimp_dataset_eda_label_model_analysis_v1/kaggle_raw/shrimpdiseaseimagebd/ShrimpDiseaseImageBD An Image Dataset for Computer Vision-Based Detection of Shrimp Diseases in Bangladesh/Root/Annotated Diseased Shrimp Images/Annotated Diseased Shrimp Images/2. WSSV/labels/WSSV-6-img-2.txt,6,0,WSSV,WSSV-6-img-2,2048
1.0,1,WSSV,WSSV-6-img-3.jpg,326.943359375,2048,/home/drnguyenvinh/notebooks/shrimp_dataset_eda_label_model_analysis_v1/kaggle_raw/shrimpdiseaseimagebd/ShrimpDiseaseImageBD An Image Dataset for Computer Vision-Based Detection of Shrimp Diseases in Bangladesh/Root/Annotated Diseased Shrimp Images/Annotated Diseased Shrimp Images/2. WSSV/images/WSSV-6-img-3.jpg,/home/drnguyenvinh/notebooks/shrimp_dataset_eda_label_model_analysis_v1/kaggle_raw/shrimpdiseaseimagebd/ShrimpDiseaseImageBD An Image Dataset for Computer Vision-Based Detection of Shrimp Diseases in Bangladesh/Root/Annotated Diseased Shrimp Images/Annotated Diseased Shrimp Images/2. WSSV/labels/WSSV-6-img-3.txt,19,0,WSSV,WSSV-6-img-3,2048
1.0,1,WSSV,WSSV-60-img-1.jpg,190.1875,2048,/home/drnguyenvinh/notebooks/shrimp_dataset_eda_label_model_analysis_v1/kaggle_raw/shrimpdiseaseimagebd/ShrimpDiseaseImageBD An Image Dataset for Computer Vision-Based Detection of Shrimp Diseases in Bangladesh/Root/Annotated Diseased Shrimp Images/Annotated Diseased Shrimp Images/2. WSSV/images/WSSV-60-img-1.jpg,/home/drnguyenvinh/notebooks/shrimp_dataset_eda_label_model_analysis_v1/kaggle_raw/shrimpdiseaseimagebd/ShrimpDiseaseImageBD An Image Dataset for Computer Vision-Based Detection of Shrimp Diseases in Bangladesh/Root/Annotated Diseased Shrimp Images/Annotated Diseased Shrimp Images/2. WSSV/labels/WSSV-60-img-1.txt,22,0,WSSV,WSSV-60-img-1,2048
1.0,1,WSSV,WSSV-60-img-2.jpg,189.08203125,2048,/home/drnguyenvinh/notebooks/shrimp_dataset_eda_label_model_analysis_v1/kaggle_raw/shrimpdiseaseimagebd/ShrimpDiseaseImageBD An Image Dataset for Computer Vision-Based Detection of Shrimp Diseases in Bangladesh/Root/Annotated Diseased Shrimp Images/Annotated Diseased Shrimp Images/2. WSSV/images/WSSV-60-img-2.jpg,/home/drnguyenvinh/notebooks/shrimp_dataset_eda_label_model_analysis_v1/kaggle_raw/shrimpdiseaseimagebd/ShrimpDiseaseImageBD An Image Dataset for Computer Vision-Based Detection of Shrimp Diseases in Bangladesh/Root/Annotated Diseased Shrimp Images/Annotated Diseased Shrimp Images/2. WSSV/labels/WSSV-60-img-2.txt,6,0,WSSV,WSSV-60-img-2,2048
1.0,1,WSSV,WSSV-60-img-3.jpg,167.0771484375,2048,/home/drnguyenvinh/notebooks/shrimp_dataset_eda_label_model_analysis_v1/kaggle_raw/shrimpdiseaseimagebd/ShrimpDiseaseImageBD An Image Dataset for Computer Vision-Based Detection of Shrimp Diseases in Bangladesh/Root/Annotated Diseased Shrimp Images/Annotated Diseased Shrimp Images/2. WSSV/images/WSSV-60-img-3.jpg,/home/drnguyenvinh/notebooks/shrimp_dataset_eda_label_model_analysis_v1/kaggle_raw/shrimpdiseaseimagebd/ShrimpDiseaseImageBD An Image Dataset for Computer Vision-Based Detection of Shrimp Diseases in Bangladesh/Root/Annotated Diseased Shrimp Images/Annotated Diseased Shrimp Images/2. WSSV/labels/WSSV-60-img-3.txt,1,0,WSSV,WSSV-60-img-3,2048
1.0,1,WSSV,WSSV-61-img-1.jpg,132.8720703125,2048,/home/drnguyenvinh/notebooks/shrimp_dataset_eda_label_model_analysis_v1/kaggle_raw/shrimpdiseaseimagebd/ShrimpDiseaseImageBD An Image Dataset for Computer Vision-Based Detection of Shrimp Diseases in Bangladesh/Root/Annotated Diseased Shrimp Images/Annotated Diseased Shrimp Images/2. WSSV/images/WSSV-61-img-1.jpg,/home/drnguyenvinh/notebooks/shrimp_dataset_eda_label_model_analysis_v1/kaggle_raw/shrimpdiseaseimagebd/ShrimpDiseaseImageBD An Image Dataset for Computer Vision-Based Detection of Shrimp Diseases in Bangladesh/Root/Annotated Diseased Shrimp Images/Annotated Diseased Shrimp Images/2. WSSV/labels/WSSV-61-img-1.txt,8,0,WSSV,WSSV-61-img-1,2048
1.0,1,WSSV,WSSV-61-img-2.jpg,145.544921875,2048,/home/drnguyenvinh/notebooks/shrimp_dataset_eda_label_model_analysis_v1/kaggle_raw/shrimpdiseaseimagebd/ShrimpDiseaseImageBD An Image Dataset for Computer Vision-Based Detection of Shrimp Diseases in Bangladesh/Root/Annotated Diseased Shrimp Images/Annotated Diseased Shrimp Images/2. WSSV/images/WSSV-61-img-2.jpg,/home/drnguyenvinh/notebooks/shrimp_dataset_eda_label_model_analysis_v1/kaggle_raw/shrimpdiseaseimagebd/ShrimpDiseaseImageBD An Image Dataset for Computer Vision-Based Detection of Shrimp Diseases in Bangladesh/Root/Annotated Diseased Shrimp Images/Annotated Diseased Shrimp Images/2. WSSV/labels/WSSV-61-img-2.txt,14,0,WSSV,WSSV-61-img-2,2048
1.0,1,WSSV,WSSV-61-img-3.jpg,145.56640625,2048,/home/drnguyenvinh/notebooks/shrimp_dataset_eda_label_model_analysis_v1/kaggle_raw/shrimpdiseaseimagebd/ShrimpDiseaseImageBD An Image Dataset for Computer Vision-Based Detection of Shrimp Diseases in Bangladesh/Root/Annotated Diseased Shrimp Images/Annotated Diseased Shrimp Images/2. WSSV/images/WSSV-61-img-3.jpg,/home/drnguyenvinh/notebooks/shrimp_dataset_eda_label_model_analysis_v1/kaggle_raw/shrimpdiseaseimagebd/ShrimpDiseaseImageBD An Image Dataset for Computer Vision-Based Detection of Shrimp Diseases in Bangladesh/Root/Annotated Diseased Shrimp Images/Annotated Diseased Shrimp Images/2. WSSV/labels/WSSV-61-img-3.txt,13,0,WSSV,WSSV-61-img-3,2048
1.0,1,WSSV,WSSV-62-img-1.jpg,138.1591796875,2048,/home/drnguyenvinh/notebooks/shrimp_dataset_eda_label_model_analysis_v1/kaggle_raw/shrimpdiseaseimagebd/ShrimpDiseaseImageBD An Image Dataset for Computer Vision-Based Detection of Shrimp Diseases in Bangladesh/Root/Annotated Diseased Shrimp Images/Annotated Diseased Shrimp Images/2. WSSV/images/WSSV-62-img-1.jpg,/home/drnguyenvinh/notebooks/shrimp_dataset_eda_label_model_analysis_v1/kaggle_raw/shrimpdiseaseimagebd/ShrimpDiseaseImageBD An Image Dataset for Computer Vision-Based Detection of Shrimp Diseases in Bangladesh/Root/Annotated Diseased Shrimp Images/Annotated Diseased Shrimp Images/2. WSSV/labels/WSSV-62-img-1.txt,42,0,WSSV,WSSV-62-img-1,2048
1.0,1,WSSV,WSSV-62-img-2.jpg,142.9248046875,2048,/home/drnguyenvinh/notebooks/shrimp_dataset_eda_label_model_analysis_v1/kaggle_raw/shrimpdiseaseimagebd/ShrimpDiseaseImageBD An Image Dataset for Computer Vision-Based Detection of Shrimp Diseases in Bangladesh/Root/Annotated Diseased Shrimp Images/Annotated Diseased Shrimp Images/2. WSSV/images/WSSV-62-img-2.jpg,/home/drnguyenvinh/notebooks/shrimp_dataset_eda_label_model_analysis_v1/kaggle_raw/shrimpdiseaseimagebd/ShrimpDiseaseImageBD An Image Dataset for Computer Vision-Based Detection of Shrimp Diseases in Bangladesh/Root/Annotated Diseased Shrimp Images/Annotated Diseased Shrimp Images/2. WSSV/labels/WSSV-62-img-2.txt,24,0,WSSV,WSSV-62-img-2,2048
1.0,1,WSSV,WSSV-63-img-1.jpg,129.751953125,2048,/home/drnguyenvinh/notebooks/shrimp_dataset_eda_label_model_analysis_v1/kaggle_raw/shrimpdiseaseimagebd/ShrimpDiseaseImageBD An Image Dataset for Computer Vision-Based Detection of Shrimp Diseases in Bangladesh/Root/Annotated Diseased Shrimp Images/Annotated Diseased Shrimp Images/2. WSSV/images/WSSV-63-img-1.jpg,/home/drnguyenvinh/notebooks/shrimp_dataset_eda_label_model_analysis_v1/kaggle_raw/shrimpdiseaseimagebd/ShrimpDiseaseImageBD An Image Dataset for Computer Vision-Based Detection of Shrimp Diseases in Bangladesh/Root/Annotated Diseased Shrimp Images/Annotated Diseased Shrimp Images/2. WSSV/labels/WSSV-63-img-1.txt,3,0,WSSV,WSSV-63-img-1,2048
1.0,1,WSSV,WSSV-63-img-2.jpg,143.2470703125,2048,/home/drnguyenvinh/notebooks/shrimp_dataset_eda_label_model_analysis_v1/kaggle_raw/shrimpdiseaseimagebd/ShrimpDiseaseImageBD An Image Dataset for Computer Vision-Based Detection of Shrimp Diseases in Bangladesh/Root/Annotated Diseased Shrimp Images/Annotated Diseased Shrimp Images/2. WSSV/images/WSSV-63-img-2.jpg,/home/drnguyenvinh/notebooks/shrimp_dataset_eda_label_model_analysis_v1/kaggle_raw/shrimpdiseaseimagebd/ShrimpDiseaseImageBD An Image Dataset for Computer Vision-Based Detection of Shrimp Diseases in Bangladesh/Root/Annotated Diseased Shrimp Images/Annotated Diseased Shrimp Images/2. WSSV/labels/WSSV-63-img-2.txt,9,0,WSSV,WSSV-63-img-2,2048
1.0,1,WSSV,WSSV-63-img-3.jpg,128.91015625,2048,/home/drnguyenvinh/notebooks/shrimp_dataset_eda_label_model_analysis_v1/kaggle_raw/shrimpdiseaseimagebd/ShrimpDiseaseImageBD An Image Dataset for Computer Vision-Based Detection of Shrimp Diseases in Bangladesh/Root/Annotated Diseased Shrimp Images/Annotated Diseased Shrimp Images/2. WSSV/images/WSSV-63-img-3.jpg,/home/drnguyenvinh/notebooks/shrimp_dataset_eda_label_model_analysis_v1/kaggle_raw/shrimpdiseaseimagebd/ShrimpDiseaseImageBD An Image Dataset for Computer Vision-Based Detection of Shrimp Diseases in Bangladesh/Root/Annotated Diseased Shrimp Images/Annotated Diseased Shrimp Images/2. WSSV/labels/WSSV-63-img-3.txt,22,0,WSSV,WSSV-63-img-3,2048
1.0,1,WSSV,WSSV-64-img-1.jpg,149.951171875,2048,/home/drnguyenvinh/notebooks/shrimp_dataset_eda_label_model_analysis_v1/kaggle_raw/shrimpdiseaseimagebd/ShrimpDiseaseImageBD An Image Dataset for Computer Vision-Based Detection of Shrimp Diseases in Bangladesh/Root/Annotated Diseased Shrimp Images/Annotated Diseased Shrimp Images/2. WSSV/images/WSSV-64-img-1.jpg,/home/drnguyenvinh/notebooks/shrimp_dataset_eda_label_model_analysis_v1/kaggle_raw/shrimpdiseaseimagebd/ShrimpDiseaseImageBD An Image Dataset for Computer Vision-Based Detection of Shrimp Diseases in Bangladesh/Root/Annotated Diseased Shrimp Images/Annotated Diseased Shrimp Images/2. WSSV/labels/WSSV-64-img-1.txt,5,0,WSSV,WSSV-64-img-1,2048
1.0,1,WSSV,WSSV-64-img-2.jpg,147.064453125,2048,/home/drnguyenvinh/notebooks/shrimp_dataset_eda_label_model_analysis_v1/kaggle_raw/shrimpdiseaseimagebd/ShrimpDiseaseImageBD An Image Dataset for Computer Vision-Based Detection of Shrimp Diseases in Bangladesh/Root/Annotated Diseased Shrimp Images/Annotated Diseased Shrimp Images/2. WSSV/images/WSSV-64-img-2.jpg,/home/drnguyenvinh/notebooks/shrimp_dataset_eda_label_model_analysis_v1/kaggle_raw/shrimpdiseaseimagebd/ShrimpDiseaseImageBD An Image Dataset for Computer Vision-Based Detection of Shrimp Diseases in Bangladesh/Root/Annotated Diseased Shrimp Images/Annotated Diseased Shrimp Images/2. WSSV/labels/WSSV-64-img-2.txt,5,0,WSSV,WSSV-64-img-2,2048
1.0,1,WSSV,WSSV-64-img-3.jpg,148.1435546875,2048,/home/drnguyenvinh/notebooks/shrimp_dataset_eda_label_model_analysis_v1/kaggle_raw/shrimpdiseaseimagebd/ShrimpDiseaseImageBD An Image Dataset for Computer Vision-Based Detection of Shrimp Diseases in Bangladesh/Root/Annotated Diseased Shrimp Images/Annotated Diseased Shrimp Images/2. WSSV/images/WSSV-64-img-3.jpg,/home/drnguyenvinh/notebooks/shrimp_dataset_eda_label_model_analysis_v1/kaggle_raw/shrimpdiseaseimagebd/ShrimpDiseaseImageBD An Image Dataset for Computer Vision-Based Detection of Shrimp Diseases in Bangladesh/Root/Annotated Diseased Shrimp Images/Annotated Diseased Shrimp Images/2. WSSV/labels/WSSV-64-img-3.txt,21,0,WSSV,WSSV-64-img-3,2048
1.0,1,WSSV,WSSV-65-img-1.jpg,134.10546875,2048,/home/drnguyenvinh/notebooks/shrimp_dataset_eda_label_model_analysis_v1/kaggle_raw/shrimpdiseaseimagebd/ShrimpDiseaseImageBD An Image Dataset for Computer Vision-Based Detection of Shrimp Diseases in Bangladesh/Root/Annotated Diseased Shrimp Images/Annotated Diseased Shrimp Images/2. WSSV/images/WSSV-65-img-1.jpg,/home/drnguyenvinh/notebooks/shrimp_dataset_eda_label_model_analysis_v1/kaggle_raw/shrimpdiseaseimagebd/ShrimpDiseaseImageBD An Image Dataset for Computer Vision-Based Detection of Shrimp Diseases in Bangladesh/Root/Annotated Diseased Shrimp Images/Annotated Diseased Shrimp Images/2. WSSV/labels/WSSV-65-img-1.txt,10,0,WSSV,WSSV-65-img-1,2048
1.0,1,WSSV,WSSV-65-img-2.jpg,142.1357421875,2048,/home/drnguyenvinh/notebooks/shrimp_dataset_eda_label_model_analysis_v1/kaggle_raw/shrimpdiseaseimagebd/ShrimpDiseaseImageBD An Image Dataset for Computer Vision-Based Detection of Shrimp Diseases in Bangladesh/Root/Annotated Diseased Shrimp Images/Annotated Diseased Shrimp Images/2. WSSV/images/WSSV-65-img-2.jpg,/home/drnguyenvinh/notebooks/shrimp_dataset_eda_label_model_analysis_v1/kaggle_raw/shrimpdiseaseimagebd/ShrimpDiseaseImageBD An Image Dataset for Computer Vision-Based Detection of Shrimp Diseases in Bangladesh/Root/Annotated Diseased Shrimp Images/Annotated Diseased Shrimp Images/2. WSSV/labels/WSSV-65-img-2.txt,11,0,WSSV,WSSV-65-img-2,2048
1.0,1,WSSV,WSSV-65-img-3.jpg,147.9970703125,2048,/home/drnguyenvinh/notebooks/shrimp_dataset_eda_label_model_analysis_v1/kaggle_raw/shrimpdiseaseimagebd/ShrimpDiseaseImageBD An Image Dataset for Computer Vision-Based Detection of Shrimp Diseases in Bangladesh/Root/Annotated Diseased Shrimp Images/Annotated Diseased Shrimp Images/2. WSSV/images/WSSV-65-img-3.jpg,/home/drnguyenvinh/notebooks/shrimp_dataset_eda_label_model_analysis_v1/kaggle_raw/shrimpdiseaseimagebd/ShrimpDiseaseImageBD An Image Dataset for Computer Vision-Based Detection of Shrimp Diseases in Bangladesh/Root/Annotated Diseased Shrimp Images/Annotated Diseased Shrimp Images/2. WSSV/labels/WSSV-65-img-3.txt,22,0,WSSV,WSSV-65-img-3,2048
1.0,1,WSSV,WSSV-66-img-1.jpg,150.3369140625,2048,/home/drnguyenvinh/notebooks/shrimp_dataset_eda_label_model_analysis_v1/kaggle_raw/shrimpdiseaseimagebd/ShrimpDiseaseImageBD An Image Dataset for Computer Vision-Based Detection of Shrimp Diseases in Bangladesh/Root/Annotated Diseased Shrimp Images/Annotated Diseased Shrimp Images/2. WSSV/images/WSSV-66-img-1.jpg,/home/drnguyenvinh/notebooks/shrimp_dataset_eda_label_model_analysis_v1/kaggle_raw/shrimpdiseaseimagebd/ShrimpDiseaseImageBD An Image Dataset for Computer Vision-Based Detection of Shrimp Diseases in Bangladesh/Root/Annotated Diseased Shrimp Images/Annotated Diseased Shrimp Images/2. WSSV/labels/WSSV-66-img-1.txt,2,0,WSSV,WSSV-66-img-1,2048
1.0,1,WSSV,WSSV-66-img-2.jpg,145.0068359375,2048,/home/drnguyenvinh/notebooks/shrimp_dataset_eda_label_model_analysis_v1/kaggle_raw/shrimpdiseaseimagebd/ShrimpDiseaseImageBD An Image Dataset for Computer Vision-Based Detection of Shrimp Diseases in Bangladesh/Root/Annotated Diseased Shrimp Images/Annotated Diseased Shrimp Images/2. WSSV/images/WSSV-66-img-2.jpg,/home/drnguyenvinh/notebooks/shrimp_dataset_eda_label_model_analysis_v1/kaggle_raw/shrimpdiseaseimagebd/ShrimpDiseaseImageBD An Image Dataset for Computer Vision-Based Detection of Shrimp Diseases in Bangladesh/Root/Annotated Diseased Shrimp Images/Annotated Diseased Shrimp Images/2. WSSV/labels/WSSV-66-img-2.txt,9,0,WSSV,WSSV-66-img-2,2048
1.0,1,WSSV,WSSV-66-img-3.jpg,151.7333984375,2048,/home/drnguyenvinh/notebooks/shrimp_dataset_eda_label_model_analysis_v1/kaggle_raw/shrimpdiseaseimagebd/ShrimpDiseaseImageBD An Image Dataset for Computer Vision-Based Detection of Shrimp Diseases in Bangladesh/Root/Annotated Diseased Shrimp Images/Annotated Diseased Shrimp Images/2. WSSV/images/WSSV-66-img-3.jpg,/home/drnguyenvinh/notebooks/shrimp_dataset_eda_label_model_analysis_v1/kaggle_raw/shrimpdiseaseimagebd/ShrimpDiseaseImageBD An Image Dataset for Computer Vision-Based Detection of Shrimp Diseases in Bangladesh/Root/Annotated Diseased Shrimp Images/Annotated Diseased Shrimp Images/2. WSSV/labels/WSSV-66-img-3.txt,3,0,WSSV,WSSV-66-img-3,2048
1.0,1,WSSV,WSSV-67-img-1.jpg,142.1865234375,2048,/home/drnguyenvinh/notebooks/shrimp_dataset_eda_label_model_analysis_v1/kaggle_raw/shrimpdiseaseimagebd/ShrimpDiseaseImageBD An Image Dataset for Computer Vision-Based Detection of Shrimp Diseases in Bangladesh/Root/Annotated Diseased Shrimp Images/Annotated Diseased Shrimp Images/2. WSSV/images/WSSV-67-img-1.jpg,/home/drnguyenvinh/notebooks/shrimp_dataset_eda_label_model_analysis_v1/kaggle_raw/shrimpdiseaseimagebd/ShrimpDiseaseImageBD An Image Dataset for Computer Vision-Based Detection of Shrimp Diseases in Bangladesh/Root/Annotated Diseased Shrimp Images/Annotated Diseased Shrimp Images/2. WSSV/labels/WSSV-67-img-1.txt,6,0,WSSV,WSSV-67-img-1,2048
1.0,1,WSSV,WSSV-67-img-2.jpg,151.8310546875,2048,/home/drnguyenvinh/notebooks/shrimp_dataset_eda_label_model_analysis_v1/kaggle_raw/shrimpdiseaseimagebd/ShrimpDiseaseImageBD An Image Dataset for Computer Vision-Based Detection of Shrimp Diseases in Bangladesh/Root/Annotated Diseased Shrimp Images/Annotated Diseased Shrimp Images/2. WSSV/images/WSSV-67-img-2.jpg,/home/drnguyenvinh/notebooks/shrimp_dataset_eda_label_model_analysis_v1/kaggle_raw/shrimpdiseaseimagebd/ShrimpDiseaseImageBD An Image Dataset for Computer Vision-Based Detection of Shrimp Diseases in Bangladesh/Root/Annotated Diseased Shrimp Images/Annotated Diseased Shrimp Images/2. WSSV/labels/WSSV-67-img-2.txt,16,0,WSSV,WSSV-67-img-2,2048
1.0,1,WSSV,WSSV-67-img-3.jpg,128.16796875,2048,/home/drnguyenvinh/notebooks/shrimp_dataset_eda_label_model_analysis_v1/kaggle_raw/shrimpdiseaseimagebd/ShrimpDiseaseImageBD An Image Dataset for Computer Vision-Based Detection of Shrimp Diseases in Bangladesh/Root/Annotated Diseased Shrimp Images/Annotated Diseased Shrimp Images/2. WSSV/images/WSSV-67-img-3.jpg,/home/drnguyenvinh/notebooks/shrimp_dataset_eda_label_model_analysis_v1/kaggle_raw/shrimpdiseaseimagebd/ShrimpDiseaseImageBD An Image Dataset for Computer Vision-Based Detection of Shrimp Diseases in Bangladesh/Root/Annotated Diseased Shrimp Images/Annotated Diseased Shrimp Images/2. WSSV/labels/WSSV-67-img-3.txt,5,0,WSSV,WSSV-67-img-3,2048
1.0,1,WSSV,WSSV-68-img-1.jpg,162.9736328125,2048,/home/drnguyenvinh/notebooks/shrimp_dataset_eda_label_model_analysis_v1/kaggle_raw/shrimpdiseaseimagebd/ShrimpDiseaseImageBD An Image Dataset for Computer Vision-Based Detection of Shrimp Diseases in Bangladesh/Root/Annotated Diseased Shrimp Images/Annotated Diseased Shrimp Images/2. WSSV/images/WSSV-68-img-1.jpg,/home/drnguyenvinh/notebooks/shrimp_dataset_eda_label_model_analysis_v1/kaggle_raw/shrimpdiseaseimagebd/ShrimpDiseaseImageBD An Image Dataset for Computer Vision-Based Detection of Shrimp Diseases in Bangladesh/Root/Annotated Diseased Shrimp Images/Annotated Diseased Shrimp Images/2. WSSV/labels/WSSV-68-img-1.txt,17,0,WSSV,WSSV-68-img-1,2048
1.0,1,WSSV,WSSV-68-img-2.jpg,161.396484375,2048,/home/drnguyenvinh/notebooks/shrimp_dataset_eda_label_model_analysis_v1/kaggle_raw/shrimpdiseaseimagebd/ShrimpDiseaseImageBD An Image Dataset for Computer Vision-Based Detection of Shrimp Diseases in Bangladesh/Root/Annotated Diseased Shrimp Images/Annotated Diseased Shrimp Images/2. WSSV/images/WSSV-68-img-2.jpg,/home/drnguyenvinh/notebooks/shrimp_dataset_eda_label_model_analysis_v1/kaggle_raw/shrimpdiseaseimagebd/ShrimpDiseaseImageBD An Image Dataset for Computer Vision-Based Detection of Shrimp Diseases in Bangladesh/Root/Annotated Diseased Shrimp Images/Annotated Diseased Shrimp Images/2. WSSV/labels/WSSV-68-img-2.txt,17,0,WSSV,WSSV-68-img-2,2048
1.0,1,WSSV,WSSV-68-img-3.jpg,152.833984375,2048,/home/drnguyenvinh/notebooks/shrimp_dataset_eda_label_model_analysis_v1/kaggle_raw/shrimpdiseaseimagebd/ShrimpDiseaseImageBD An Image Dataset for Computer Vision-Based Detection of Shrimp Diseases in Bangladesh/Root/Annotated Diseased Shrimp Images/Annotated Diseased Shrimp Images/2. WSSV/images/WSSV-68-img-3.jpg,/home/drnguyenvinh/notebooks/shrimp_dataset_eda_label_model_analysis_v1/kaggle_raw/shrimpdiseaseimagebd/ShrimpDiseaseImageBD An Image Dataset for Computer Vision-Based Detection of Shrimp Diseases in Bangladesh/Root/Annotated Diseased Shrimp Images/Annotated Diseased Shrimp Images/2. WSSV/labels/WSSV-68-img-3.txt,15,0,WSSV,WSSV-68-img-3,2048
1.0,1,WSSV,WSSV-69-img-1.jpg,129.1357421875,2048,/home/drnguyenvinh/notebooks/shrimp_dataset_eda_label_model_analysis_v1/kaggle_raw/shrimpdiseaseimagebd/ShrimpDiseaseImageBD An Image Dataset for Computer Vision-Based Detection of Shrimp Diseases in Bangladesh/Root/Annotated Diseased Shrimp Images/Annotated Diseased Shrimp Images/2. WSSV/images/WSSV-69-img-1.jpg,/home/drnguyenvinh/notebooks/shrimp_dataset_eda_label_model_analysis_v1/kaggle_raw/shrimpdiseaseimagebd/ShrimpDiseaseImageBD An Image Dataset for Computer Vision-Based Detection of Shrimp Diseases in Bangladesh/Root/Annotated Diseased Shrimp Images/Annotated Diseased Shrimp Images/2. WSSV/labels/WSSV-69-img-1.txt,7,0,WSSV,WSSV-69-img-1,2048
1.0,1,WSSV,WSSV-69-img-2.jpg,142.1982421875,2048,/home/drnguyenvinh/notebooks/shrimp_dataset_eda_label_model_analysis_v1/kaggle_raw/shrimpdiseaseimagebd/ShrimpDiseaseImageBD An Image Dataset for Computer Vision-Based Detection of Shrimp Diseases in Bangladesh/Root/Annotated Diseased Shrimp Images/Annotated Diseased Shrimp Images/2. WSSV/images/WSSV-69-img-2.jpg,/home/drnguyenvinh/notebooks/shrimp_dataset_eda_label_model_analysis_v1/kaggle_raw/shrimpdiseaseimagebd/ShrimpDiseaseImageBD An Image Dataset for Computer Vision-Based Detection of Shrimp Diseases in Bangladesh/Root/Annotated Diseased Shrimp Images/Annotated Diseased Shrimp Images/2. WSSV/labels/WSSV-69-img-2.txt,12,0,WSSV,WSSV-69-img-2,2048
1.0,1,WSSV,WSSV-69-img-3.jpg,148.3720703125,2048,/home/drnguyenvinh/notebooks/shrimp_dataset_eda_label_model_analysis_v1/kaggle_raw/shrimpdiseaseimagebd/ShrimpDiseaseImageBD An Image Dataset for Computer Vision-Based Detection of Shrimp Diseases in Bangladesh/Root/Annotated Diseased Shrimp Images/Annotated Diseased Shrimp Images/2. WSSV/images/WSSV-69-img-3.jpg,/home/drnguyenvinh/notebooks/shrimp_dataset_eda_label_model_analysis_v1/kaggle_raw/shrimpdiseaseimagebd/ShrimpDiseaseImageBD An Image Dataset for Computer Vision-Based Detection of Shrimp Diseases in Bangladesh/Root/Annotated Diseased Shrimp Images/Annotated Diseased Shrimp Images/2. WSSV/labels/WSSV-69-img-3.txt,38,0,WSSV,WSSV-69-img-3,2048
1.0,1,WSSV,WSSV-7-img-1.jpg,766.6611328125,2048,/home/drnguyenvinh/notebooks/shrimp_dataset_eda_label_model_analysis_v1/kaggle_raw/shrimpdiseaseimagebd/ShrimpDiseaseImageBD An Image Dataset for Computer Vision-Based Detection of Shrimp Diseases in Bangladesh/Root/Annotated Diseased Shrimp Images/Annotated Diseased Shrimp Images/2. WSSV/images/WSSV-7-img-1.jpg,/home/drnguyenvinh/notebooks/shrimp_dataset_eda_label_model_analysis_v1/kaggle_raw/shrimpdiseaseimagebd/ShrimpDiseaseImageBD An Image Dataset for Computer Vision-Based Detection of Shrimp Diseases in Bangladesh/Root/Annotated Diseased Shrimp Images/Annotated Diseased Shrimp Images/2. WSSV/labels/WSSV-7-img-1.txt,5,0,WSSV,WSSV-7-img-1,2048
1.0,1,WSSV,WSSV-7-img-2.jpg,680.27734375,2048,/home/drnguyenvinh/notebooks/shrimp_dataset_eda_label_model_analysis_v1/kaggle_raw/shrimpdiseaseimagebd/ShrimpDiseaseImageBD An Image Dataset for Computer Vision-Based Detection of Shrimp Diseases in Bangladesh/Root/Annotated Diseased Shrimp Images/Annotated Diseased Shrimp Images/2. WSSV/images/WSSV-7-img-2.jpg,/home/drnguyenvinh/notebooks/shrimp_dataset_eda_label_model_analysis_v1/kaggle_raw/shrimpdiseaseimagebd/ShrimpDiseaseImageBD An Image Dataset for Computer Vision-Based Detection of Shrimp Diseases in Bangladesh/Root/Annotated Diseased Shrimp Images/Annotated Diseased Shrimp Images/2. WSSV/labels/WSSV-7-img-2.txt,1,0,WSSV,WSSV-7-img-2,2048
1.0,1,WSSV,WSSV-7-img-3.jpg,813.703125,2048,/home/drnguyenvinh/notebooks/shrimp_dataset_eda_label_model_analysis_v1/kaggle_raw/shrimpdiseaseimagebd/ShrimpDiseaseImageBD An Image Dataset for Computer Vision-Based Detection of Shrimp Diseases in Bangladesh/Root/Annotated Diseased Shrimp Images/Annotated Diseased Shrimp Images/2. WSSV/images/WSSV-7-img-3.jpg,/home/drnguyenvinh/notebooks/shrimp_dataset_eda_label_model_analysis_v1/kaggle_raw/shrimpdiseaseimagebd/ShrimpDiseaseImageBD An Image Dataset for Computer Vision-Based Detection of Shrimp Diseases in Bangladesh/Root/Annotated Diseased Shrimp Images/Annotated Diseased Shrimp Images/2. WSSV/labels/WSSV-7-img-3.txt,1,0,WSSV,WSSV-7-img-3,2048
1.0,1,WSSV,WSSV-70-img-1.jpg,151.4794921875,2048,/home/drnguyenvinh/notebooks/shrimp_dataset_eda_label_model_analysis_v1/kaggle_raw/shrimpdiseaseimagebd/ShrimpDiseaseImageBD An Image Dataset for Computer Vision-Based Detection of Shrimp Diseases in Bangladesh/Root/Annotated Diseased Shrimp Images/Annotated Diseased Shrimp Images/2. WSSV/images/WSSV-70-img-1.jpg,/home/drnguyenvinh/notebooks/shrimp_dataset_eda_label_model_analysis_v1/kaggle_raw/shrimpdiseaseimagebd/ShrimpDiseaseImageBD An Image Dataset for Computer Vision-Based Detection of Shrimp Diseases in Bangladesh/Root/Annotated Diseased Shrimp Images/Annotated Diseased Shrimp Images/2. WSSV/labels/WSSV-70-img-1.txt,9,0,WSSV,WSSV-70-img-1,2048
1.0,1,WSSV,WSSV-70-img-2.jpg,143.73046875,2048,/home/drnguyenvinh/notebooks/shrimp_dataset_eda_label_model_analysis_v1/kaggle_raw/shrimpdiseaseimagebd/ShrimpDiseaseImageBD An Image Dataset for Computer Vision-Based Detection of Shrimp Diseases in Bangladesh/Root/Annotated Diseased Shrimp Images/Annotated Diseased Shrimp Images/2. WSSV/images/WSSV-70-img-2.jpg,/home/drnguyenvinh/notebooks/shrimp_dataset_eda_label_model_analysis_v1/kaggle_raw/shrimpdiseaseimagebd/ShrimpDiseaseImageBD An Image Dataset for Computer Vision-Based Detection of Shrimp Diseases in Bangladesh/Root/Annotated Diseased Shrimp Images/Annotated Diseased Shrimp Images/2. WSSV/labels/WSSV-70-img-2.txt,29,0,WSSV,WSSV-70-img-2,2048
1.0,1,WSSV,WSSV-70-img-3.jpg,129.29296875,2048,/home/drnguyenvinh/notebooks/shrimp_dataset_eda_label_model_analysis_v1/kaggle_raw/shrimpdiseaseimagebd/ShrimpDiseaseImageBD An Image Dataset for Computer Vision-Based Detection of Shrimp Diseases in Bangladesh/Root/Annotated Diseased Shrimp Images/Annotated Diseased Shrimp Images/2. WSSV/images/WSSV-70-img-3.jpg,/home/drnguyenvinh/notebooks/shrimp_dataset_eda_label_model_analysis_v1/kaggle_raw/shrimpdiseaseimagebd/ShrimpDiseaseImageBD An Image Dataset for Computer Vision-Based Detection of Shrimp Diseases in Bangladesh/Root/Annotated Diseased Shrimp Images/Annotated Diseased Shrimp Images/2. WSSV/labels/WSSV-70-img-3.txt,18,0,WSSV,WSSV-70-img-3,2048
1.0,1,WSSV,WSSV-71-img-1.jpg,151.6630859375,2048,/home/drnguyenvinh/notebooks/shrimp_dataset_eda_label_model_analysis_v1/kaggle_raw/shrimpdiseaseimagebd/ShrimpDiseaseImageBD An Image Dataset for Computer Vision-Based Detection of Shrimp Diseases in Bangladesh/Root/Annotated Diseased Shrimp Images/Annotated Diseased Shrimp Images/2. WSSV/images/WSSV-71-img-1.jpg,/home/drnguyenvinh/notebooks/shrimp_dataset_eda_label_model_analysis_v1/kaggle_raw/shrimpdiseaseimagebd/ShrimpDiseaseImageBD An Image Dataset for Computer Vision-Based Detection of Shrimp Diseases in Bangladesh/Root/Annotated Diseased Shrimp Images/Annotated Diseased Shrimp Images/2. WSSV/labels/WSSV-71-img-1.txt,14,0,WSSV,WSSV-71-img-1,2048
1.0,1,WSSV,WSSV-71-img-2.jpg,145.267578125,2048,/home/drnguyenvinh/notebooks/shrimp_dataset_eda_label_model_analysis_v1/kaggle_raw/shrimpdiseaseimagebd/ShrimpDiseaseImageBD An Image Dataset for Computer Vision-Based Detection of Shrimp Diseases in Bangladesh/Root/Annotated Diseased Shrimp Images/Annotated Diseased Shrimp Images/2. WSSV/images/WSSV-71-img-2.jpg,/home/drnguyenvinh/notebooks/shrimp_dataset_eda_label_model_analysis_v1/kaggle_raw/shrimpdiseaseimagebd/ShrimpDiseaseImageBD An Image Dataset for Computer Vision-Based Detection of Shrimp Diseases in Bangladesh/Root/Annotated Diseased Shrimp Images/Annotated Diseased Shrimp Images/2. WSSV/labels/WSSV-71-img-2.txt,11,0,WSSV,WSSV-71-img-2,2048
1.0,1,WSSV,WSSV-71-img-3.jpg,146.72265625,2048,/home/drnguyenvinh/notebooks/shrimp_dataset_eda_label_model_analysis_v1/kaggle_raw/shrimpdiseaseimagebd/ShrimpDiseaseImageBD An Image Dataset for Computer Vision-Based Detection of Shrimp Diseases in Bangladesh/Root/Annotated Diseased Shrimp Images/Annotated Diseased Shrimp Images/2. WSSV/images/WSSV-71-img-3.jpg,/home/drnguyenvinh/notebooks/shrimp_dataset_eda_label_model_analysis_v1/kaggle_raw/shrimpdiseaseimagebd/ShrimpDiseaseImageBD An Image Dataset for Computer Vision-Based Detection of Shrimp Diseases in Bangladesh/Root/Annotated Diseased Shrimp Images/Annotated Diseased Shrimp Images/2. WSSV/labels/WSSV-71-img-3.txt,7,0,WSSV,WSSV-71-img-3,2048
1.0,1,WSSV,WSSV-72-img-1.jpg,144.189453125,2048,/home/drnguyenvinh/notebooks/shrimp_dataset_eda_label_model_analysis_v1/kaggle_raw/shrimpdiseaseimagebd/ShrimpDiseaseImageBD An Image Dataset for Computer Vision-Based Detection of Shrimp Diseases in Bangladesh/Root/Annotated Diseased Shrimp Images/Annotated Diseased Shrimp Images/2. WSSV/images/WSSV-72-img-1.jpg,/home/drnguyenvinh/notebooks/shrimp_dataset_eda_label_model_analysis_v1/kaggle_raw/shrimpdiseaseimagebd/ShrimpDiseaseImageBD An Image Dataset for Computer Vision-Based Detection of Shrimp Diseases in Bangladesh/Root/Annotated Diseased Shrimp Images/Annotated Diseased Shrimp Images/2. WSSV/labels/WSSV-72-img-1.txt,12,0,WSSV,WSSV-72-img-1,2048
1.0,1,WSSV,WSSV-72-img-2.jpg,154.0205078125,2048,/home/drnguyenvinh/notebooks/shrimp_dataset_eda_label_model_analysis_v1/kaggle_raw/shrimpdiseaseimagebd/ShrimpDiseaseImageBD An Image Dataset for Computer Vision-Based Detection of Shrimp Diseases in Bangladesh/Root/Annotated Diseased Shrimp Images/Annotated Diseased Shrimp Images/2. WSSV/images/WSSV-72-img-2.jpg,/home/drnguyenvinh/notebooks/shrimp_dataset_eda_label_model_analysis_v1/kaggle_raw/shrimpdiseaseimagebd/ShrimpDiseaseImageBD An Image Dataset for Computer Vision-Based Detection of Shrimp Diseases in Bangladesh/Root/Annotated Diseased Shrimp Images/Annotated Diseased Shrimp Images/2. WSSV/labels/WSSV-72-img-2.txt,11,0,WSSV,WSSV-72-img-2,2048
1.0,1,WSSV,WSSV-72-img-3.jpg,146.5517578125,2048,/home/drnguyenvinh/notebooks/shrimp_dataset_eda_label_model_analysis_v1/kaggle_raw/shrimpdiseaseimagebd/ShrimpDiseaseImageBD An Image Dataset for Computer Vision-Based Detection of Shrimp Diseases in Bangladesh/Root/Annotated Diseased Shrimp Images/Annotated Diseased Shrimp Images/2. WSSV/images/WSSV-72-img-3.jpg,/home/drnguyenvinh/notebooks/shrimp_dataset_eda_label_model_analysis_v1/kaggle_raw/shrimpdiseaseimagebd/ShrimpDiseaseImageBD An Image Dataset for Computer Vision-Based Detection of Shrimp Diseases in Bangladesh/Root/Annotated Diseased Shrimp Images/Annotated Diseased Shrimp Images/2. WSSV/labels/WSSV-72-img-3.txt,15,0,WSSV,WSSV-72-img-3,2048
1.0,1,WSSV,WSSV-73-img-1.jpg,160.603515625,2048,/home/drnguyenvinh/notebooks/shrimp_dataset_eda_label_model_analysis_v1/kaggle_raw/shrimpdiseaseimagebd/ShrimpDiseaseImageBD An Image Dataset for Computer Vision-Based Detection of Shrimp Diseases in Bangladesh/Root/Annotated Diseased Shrimp Images/Annotated Diseased Shrimp Images/2. WSSV/images/WSSV-73-img-1.jpg,/home/drnguyenvinh/notebooks/shrimp_dataset_eda_label_model_analysis_v1/kaggle_raw/shrimpdiseaseimagebd/ShrimpDiseaseImageBD An Image Dataset for Computer Vision-Based Detection of Shrimp Diseases in Bangladesh/Root/Annotated Diseased Shrimp Images/Annotated Diseased Shrimp Images/2. WSSV/labels/WSSV-73-img-1.txt,10,0,WSSV,WSSV-73-img-1,2048
1.0,1,WSSV,WSSV-73-img-2.jpg,156.9619140625,2048,/home/drnguyenvinh/notebooks/shrimp_dataset_eda_label_model_analysis_v1/kaggle_raw/shrimpdiseaseimagebd/ShrimpDiseaseImageBD An Image Dataset for Computer Vision-Based Detection of Shrimp Diseases in Bangladesh/Root/Annotated Diseased Shrimp Images/Annotated Diseased Shrimp Images/2. WSSV/images/WSSV-73-img-2.jpg,/home/drnguyenvinh/notebooks/shrimp_dataset_eda_label_model_analysis_v1/kaggle_raw/shrimpdiseaseimagebd/ShrimpDiseaseImageBD An Image Dataset for Computer Vision-Based Detection of Shrimp Diseases in Bangladesh/Root/Annotated Diseased Shrimp Images/Annotated Diseased Shrimp Images/2. WSSV/labels/WSSV-73-img-2.txt,10,0,WSSV,WSSV-73-img-2,2048
1.0,1,WSSV,WSSV-73-img-3.jpg,153.6591796875,2048,/home/drnguyenvinh/notebooks/shrimp_dataset_eda_label_model_analysis_v1/kaggle_raw/shrimpdiseaseimagebd/ShrimpDiseaseImageBD An Image Dataset for Computer Vision-Based Detection of Shrimp Diseases in Bangladesh/Root/Annotated Diseased Shrimp Images/Annotated Diseased Shrimp Images/2. WSSV/images/WSSV-73-img-3.jpg,/home/drnguyenvinh/notebooks/shrimp_dataset_eda_label_model_analysis_v1/kaggle_raw/shrimpdiseaseimagebd/ShrimpDiseaseImageBD An Image Dataset for Computer Vision-Based Detection of Shrimp Diseases in Bangladesh/Root/Annotated Diseased Shrimp Images/Annotated Diseased Shrimp Images/2. WSSV/labels/WSSV-73-img-3.txt,18,0,WSSV,WSSV-73-img-3,2048
1.0,1,WSSV,WSSV-74-img-1.jpg,171.658203125,2048,/home/drnguyenvinh/notebooks/shrimp_dataset_eda_label_model_analysis_v1/kaggle_raw/shrimpdiseaseimagebd/ShrimpDiseaseImageBD An Image Dataset for Computer Vision-Based Detection of Shrimp Diseases in Bangladesh/Root/Annotated Diseased Shrimp Images/Annotated Diseased Shrimp Images/2. WSSV/images/WSSV-74-img-1.jpg,/home/drnguyenvinh/notebooks/shrimp_dataset_eda_label_model_analysis_v1/kaggle_raw/shrimpdiseaseimagebd/ShrimpDiseaseImageBD An Image Dataset for Computer Vision-Based Detection of Shrimp Diseases in Bangladesh/Root/Annotated Diseased Shrimp Images/Annotated Diseased Shrimp Images/2. WSSV/labels/WSSV-74-img-1.txt,9,0,WSSV,WSSV-74-img-1,2048
1.0,1,WSSV,WSSV-74-img-2.jpg,180.2392578125,2048,/home/drnguyenvinh/notebooks/shrimp_dataset_eda_label_model_analysis_v1/kaggle_raw/shrimpdiseaseimagebd/ShrimpDiseaseImageBD An Image Dataset for Computer Vision-Based Detection of Shrimp Diseases in Bangladesh/Root/Annotated Diseased Shrimp Images/Annotated Diseased Shrimp Images/2. WSSV/images/WSSV-74-img-2.jpg,/home/drnguyenvinh/notebooks/shrimp_dataset_eda_label_model_analysis_v1/kaggle_raw/shrimpdiseaseimagebd/ShrimpDiseaseImageBD An Image Dataset for Computer Vision-Based Detection of Shrimp Diseases in Bangladesh/Root/Annotated Diseased Shrimp Images/Annotated Diseased Shrimp Images/2. WSSV/labels/WSSV-74-img-2.txt,14,0,WSSV,WSSV-74-img-2,2048
1.0,1,WSSV,WSSV-74-img-3.jpg,156.6845703125,2048,/home/drnguyenvinh/notebooks/shrimp_dataset_eda_label_model_analysis_v1/kaggle_raw/shrimpdiseaseimagebd/ShrimpDiseaseImageBD An Image Dataset for Computer Vision-Based Detection of Shrimp Diseases in Bangladesh/Root/Annotated Diseased Shrimp Images/Annotated Diseased Shrimp Images/2. WSSV/images/WSSV-74-img-3.jpg,/home/drnguyenvinh/notebooks/shrimp_dataset_eda_label_model_analysis_v1/kaggle_raw/shrimpdiseaseimagebd/ShrimpDiseaseImageBD An Image Dataset for Computer Vision-Based Detection of Shrimp Diseases in Bangladesh/Root/Annotated Diseased Shrimp Images/Annotated Diseased Shrimp Images/2. WSSV/labels/WSSV-74-img-3.txt,23,0,WSSV,WSSV-74-img-3,2048
1.0,1,WSSV,WSSV-75-img-1.jpg,159.9833984375,2048,/home/drnguyenvinh/notebooks/shrimp_dataset_eda_label_model_analysis_v1/kaggle_raw/shrimpdiseaseimagebd/ShrimpDiseaseImageBD An Image Dataset for Computer Vision-Based Detection of Shrimp Diseases in Bangladesh/Root/Annotated Diseased Shrimp Images/Annotated Diseased Shrimp Images/2. WSSV/images/WSSV-75-img-1.jpg,/home/drnguyenvinh/notebooks/shrimp_dataset_eda_label_model_analysis_v1/kaggle_raw/shrimpdiseaseimagebd/ShrimpDiseaseImageBD An Image Dataset for Computer Vision-Based Detection of Shrimp Diseases in Bangladesh/Root/Annotated Diseased Shrimp Images/Annotated Diseased Shrimp Images/2. WSSV/labels/WSSV-75-img-1.txt,6,0,WSSV,WSSV-75-img-1,2048
1.0,1,WSSV,WSSV-75-img-2.jpg,139.5732421875,2048,/home/drnguyenvinh/notebooks/shrimp_dataset_eda_label_model_analysis_v1/kaggle_raw/shrimpdiseaseimagebd/ShrimpDiseaseImageBD An Image Dataset for Computer Vision-Based Detection of Shrimp Diseases in Bangladesh/Root/Annotated Diseased Shrimp Images/Annotated Diseased Shrimp Images/2. WSSV/images/WSSV-75-img-2.jpg,/home/drnguyenvinh/notebooks/shrimp_dataset_eda_label_model_analysis_v1/kaggle_raw/shrimpdiseaseimagebd/ShrimpDiseaseImageBD An Image Dataset for Computer Vision-Based Detection of Shrimp Diseases in Bangladesh/Root/Annotated Diseased Shrimp Images/Annotated Diseased Shrimp Images/2. WSSV/labels/WSSV-75-img-2.txt,2,0,WSSV,WSSV-75-img-2,2048
1.0,1,WSSV,WSSV-76-img-1.jpg,130.5263671875,2048,/home/drnguyenvinh/notebooks/shrimp_dataset_eda_label_model_analysis_v1/kaggle_raw/shrimpdiseaseimagebd/ShrimpDiseaseImageBD An Image Dataset for Computer Vision-Based Detection of Shrimp Diseases in Bangladesh/Root/Annotated Diseased Shrimp Images/Annotated Diseased Shrimp Images/2. WSSV/images/WSSV-76-img-1.jpg,/home/drnguyenvinh/notebooks/shrimp_dataset_eda_label_model_analysis_v1/kaggle_raw/shrimpdiseaseimagebd/ShrimpDiseaseImageBD An Image Dataset for Computer Vision-Based Detection of Shrimp Diseases in Bangladesh/Root/Annotated Diseased Shrimp Images/Annotated Diseased Shrimp Images/2. WSSV/labels/WSSV-76-img-1.txt,5,0,WSSV,WSSV-76-img-1,2048
1.0,1,WSSV,WSSV-76-img-2.jpg,156.306640625,2048,/home/drnguyenvinh/notebooks/shrimp_dataset_eda_label_model_analysis_v1/kaggle_raw/shrimpdiseaseimagebd/ShrimpDiseaseImageBD An Image Dataset for Computer Vision-Based Detection of Shrimp Diseases in Bangladesh/Root/Annotated Diseased Shrimp Images/Annotated Diseased Shrimp Images/2. WSSV/images/WSSV-76-img-2.jpg,/home/drnguyenvinh/notebooks/shrimp_dataset_eda_label_model_analysis_v1/kaggle_raw/shrimpdiseaseimagebd/ShrimpDiseaseImageBD An Image Dataset for Computer Vision-Based Detection of Shrimp Diseases in Bangladesh/Root/Annotated Diseased Shrimp Images/Annotated Diseased Shrimp Images/2. WSSV/labels/WSSV-76-img-2.txt,7,0,WSSV,WSSV-76-img-2,2048
1.0,1,WSSV,WSSV-76-img-3.jpg,148.859375,2048,/home/drnguyenvinh/notebooks/shrimp_dataset_eda_label_model_analysis_v1/kaggle_raw/shrimpdiseaseimagebd/ShrimpDiseaseImageBD An Image Dataset for Computer Vision-Based Detection of Shrimp Diseases in Bangladesh/Root/Annotated Diseased Shrimp Images/Annotated Diseased Shrimp Images/2. WSSV/images/WSSV-76-img-3.jpg,/home/drnguyenvinh/notebooks/shrimp_dataset_eda_label_model_analysis_v1/kaggle_raw/shrimpdiseaseimagebd/ShrimpDiseaseImageBD An Image Dataset for Computer Vision-Based Detection of Shrimp Diseases in Bangladesh/Root/Annotated Diseased Shrimp Images/Annotated Diseased Shrimp Images/2. WSSV/labels/WSSV-76-img-3.txt,9,0,WSSV,WSSV-76-img-3,2048
1.0,1,WSSV,WSSV-77-img-1.jpg,153.2275390625,2048,/home/drnguyenvinh/notebooks/shrimp_dataset_eda_label_model_analysis_v1/kaggle_raw/shrimpdiseaseimagebd/ShrimpDiseaseImageBD An Image Dataset for Computer Vision-Based Detection of Shrimp Diseases in Bangladesh/Root/Annotated Diseased Shrimp Images/Annotated Diseased Shrimp Images/2. WSSV/images/WSSV-77-img-1.jpg,/home/drnguyenvinh/notebooks/shrimp_dataset_eda_label_model_analysis_v1/kaggle_raw/shrimpdiseaseimagebd/ShrimpDiseaseImageBD An Image Dataset for Computer Vision-Based Detection of Shrimp Diseases in Bangladesh/Root/Annotated Diseased Shrimp Images/Annotated Diseased Shrimp Images/2. WSSV/labels/WSSV-77-img-1.txt,5,0,WSSV,WSSV-77-img-1,2048
1.0,1,WSSV,WSSV-77-img-2.jpg,152.1396484375,2048,/home/drnguyenvinh/notebooks/shrimp_dataset_eda_label_model_analysis_v1/kaggle_raw/shrimpdiseaseimagebd/ShrimpDiseaseImageBD An Image Dataset for Computer Vision-Based Detection of Shrimp Diseases in Bangladesh/Root/Annotated Diseased Shrimp Images/Annotated Diseased Shrimp Images/2. WSSV/images/WSSV-77-img-2.jpg,/home/drnguyenvinh/notebooks/shrimp_dataset_eda_label_model_analysis_v1/kaggle_raw/shrimpdiseaseimagebd/ShrimpDiseaseImageBD An Image Dataset for Computer Vision-Based Detection of Shrimp Diseases in Bangladesh/Root/Annotated Diseased Shrimp Images/Annotated Diseased Shrimp Images/2. WSSV/labels/WSSV-77-img-2.txt,6,0,WSSV,WSSV-77-img-2,2048
1.0,1,WSSV,WSSV-77-img-3.jpg,150.939453125,2048,/home/drnguyenvinh/notebooks/shrimp_dataset_eda_label_model_analysis_v1/kaggle_raw/shrimpdiseaseimagebd/ShrimpDiseaseImageBD An Image Dataset for Computer Vision-Based Detection of Shrimp Diseases in Bangladesh/Root/Annotated Diseased Shrimp Images/Annotated Diseased Shrimp Images/2. WSSV/images/WSSV-77-img-3.jpg,/home/drnguyenvinh/notebooks/shrimp_dataset_eda_label_model_analysis_v1/kaggle_raw/shrimpdiseaseimagebd/ShrimpDiseaseImageBD An Image Dataset for Computer Vision-Based Detection of Shrimp Diseases in Bangladesh/Root/Annotated Diseased Shrimp Images/Annotated Diseased Shrimp Images/2. WSSV/labels/WSSV-77-img-3.txt,10,0,WSSV,WSSV-77-img-3,2048
1.0,1,WSSV,WSSV-78-img-1.jpg,149.8310546875,2048,/home/drnguyenvinh/notebooks/shrimp_dataset_eda_label_model_analysis_v1/kaggle_raw/shrimpdiseaseimagebd/ShrimpDiseaseImageBD An Image Dataset for Computer Vision-Based Detection of Shrimp Diseases in Bangladesh/Root/Annotated Diseased Shrimp Images/Annotated Diseased Shrimp Images/2. WSSV/images/WSSV-78-img-1.jpg,/home/drnguyenvinh/notebooks/shrimp_dataset_eda_label_model_analysis_v1/kaggle_raw/shrimpdiseaseimagebd/ShrimpDiseaseImageBD An Image Dataset for Computer Vision-Based Detection of Shrimp Diseases in Bangladesh/Root/Annotated Diseased Shrimp Images/Annotated Diseased Shrimp Images/2. WSSV/labels/WSSV-78-img-1.txt,3,0,WSSV,WSSV-78-img-1,2048
1.0,1,WSSV,WSSV-78-img-2.jpg,146.744140625,2048,/home/drnguyenvinh/notebooks/shrimp_dataset_eda_label_model_analysis_v1/kaggle_raw/shrimpdiseaseimagebd/ShrimpDiseaseImageBD An Image Dataset for Computer Vision-Based Detection of Shrimp Diseases in Bangladesh/Root/Annotated Diseased Shrimp Images/Annotated Diseased Shrimp Images/2. WSSV/images/WSSV-78-img-2.jpg,/home/drnguyenvinh/notebooks/shrimp_dataset_eda_label_model_analysis_v1/kaggle_raw/shrimpdiseaseimagebd/ShrimpDiseaseImageBD An Image Dataset for Computer Vision-Based Detection of Shrimp Diseases in Bangladesh/Root/Annotated Diseased Shrimp Images/Annotated Diseased Shrimp Images/2. WSSV/labels/WSSV-78-img-2.txt,3,0,WSSV,WSSV-78-img-2,2048
1.0,1,WSSV,WSSV-79-img-1.jpg,149.716796875,2048,/home/drnguyenvinh/notebooks/shrimp_dataset_eda_label_model_analysis_v1/kaggle_raw/shrimpdiseaseimagebd/ShrimpDiseaseImageBD An Image Dataset for Computer Vision-Based Detection of Shrimp Diseases in Bangladesh/Root/Annotated Diseased Shrimp Images/Annotated Diseased Shrimp Images/2. WSSV/images/WSSV-79-img-1.jpg,/home/drnguyenvinh/notebooks/shrimp_dataset_eda_label_model_analysis_v1/kaggle_raw/shrimpdiseaseimagebd/ShrimpDiseaseImageBD An Image Dataset for Computer Vision-Based Detection of Shrimp Diseases in Bangladesh/Root/Annotated Diseased Shrimp Images/Annotated Diseased Shrimp Images/2. WSSV/labels/WSSV-79-img-1.txt,3,0,WSSV,WSSV-79-img-1,2048
1.0,1,WSSV,WSSV-79-img-2.jpg,139.9384765625,2048,/home/drnguyenvinh/notebooks/shrimp_dataset_eda_label_model_analysis_v1/kaggle_raw/shrimpdiseaseimagebd/ShrimpDiseaseImageBD An Image Dataset for Computer Vision-Based Detection of Shrimp Diseases in Bangladesh/Root/Annotated Diseased Shrimp Images/Annotated Diseased Shrimp Images/2. WSSV/images/WSSV-79-img-2.jpg,/home/drnguyenvinh/notebooks/shrimp_dataset_eda_label_model_analysis_v1/kaggle_raw/shrimpdiseaseimagebd/ShrimpDiseaseImageBD An Image Dataset for Computer Vision-Based Detection of Shrimp Diseases in Bangladesh/Root/Annotated Diseased Shrimp Images/Annotated Diseased Shrimp Images/2. WSSV/labels/WSSV-79-img-2.txt,3,0,WSSV,WSSV-79-img-2,2048
1.0,1,WSSV,WSSV-79-img-3.jpg,137.2138671875,2048,/home/drnguyenvinh/notebooks/shrimp_dataset_eda_label_model_analysis_v1/kaggle_raw/shrimpdiseaseimagebd/ShrimpDiseaseImageBD An Image Dataset for Computer Vision-Based Detection of Shrimp Diseases in Bangladesh/Root/Annotated Diseased Shrimp Images/Annotated Diseased Shrimp Images/2. WSSV/images/WSSV-79-img-3.jpg,/home/drnguyenvinh/notebooks/shrimp_dataset_eda_label_model_analysis_v1/kaggle_raw/shrimpdiseaseimagebd/ShrimpDiseaseImageBD An Image Dataset for Computer Vision-Based Detection of Shrimp Diseases in Bangladesh/Root/Annotated Diseased Shrimp Images/Annotated Diseased Shrimp Images/2. WSSV/labels/WSSV-79-img-3.txt,2,0,WSSV,WSSV-79-img-3,2048
1.0,1,WSSV,WSSV-8-img-1.jpg,780.0947265625,2048,/home/drnguyenvinh/notebooks/shrimp_dataset_eda_label_model_analysis_v1/kaggle_raw/shrimpdiseaseimagebd/ShrimpDiseaseImageBD An Image Dataset for Computer Vision-Based Detection of Shrimp Diseases in Bangladesh/Root/Annotated Diseased Shrimp Images/Annotated Diseased Shrimp Images/2. WSSV/images/WSSV-8-img-1.jpg,/home/drnguyenvinh/notebooks/shrimp_dataset_eda_label_model_analysis_v1/kaggle_raw/shrimpdiseaseimagebd/ShrimpDiseaseImageBD An Image Dataset for Computer Vision-Based Detection of Shrimp Diseases in Bangladesh/Root/Annotated Diseased Shrimp Images/Annotated Diseased Shrimp Images/2. WSSV/labels/WSSV-8-img-1.txt,18,0,WSSV,WSSV-8-img-1,2048
1.0,1,WSSV,WSSV-8-img-2.jpg,748.5068359375,2048,/home/drnguyenvinh/notebooks/shrimp_dataset_eda_label_model_analysis_v1/kaggle_raw/shrimpdiseaseimagebd/ShrimpDiseaseImageBD An Image Dataset for Computer Vision-Based Detection of Shrimp Diseases in Bangladesh/Root/Annotated Diseased Shrimp Images/Annotated Diseased Shrimp Images/2. WSSV/images/WSSV-8-img-2.jpg,/home/drnguyenvinh/notebooks/shrimp_dataset_eda_label_model_analysis_v1/kaggle_raw/shrimpdiseaseimagebd/ShrimpDiseaseImageBD An Image Dataset for Computer Vision-Based Detection of Shrimp Diseases in Bangladesh/Root/Annotated Diseased Shrimp Images/Annotated Diseased Shrimp Images/2. WSSV/labels/WSSV-8-img-2.txt,15,0,WSSV,WSSV-8-img-2,2048
1.0,1,WSSV,WSSV-8-img-3.jpg,749.365234375,2048,/home/drnguyenvinh/notebooks/shrimp_dataset_eda_label_model_analysis_v1/kaggle_raw/shrimpdiseaseimagebd/ShrimpDiseaseImageBD An Image Dataset for Computer Vision-Based Detection of Shrimp Diseases in Bangladesh/Root/Annotated Diseased Shrimp Images/Annotated Diseased Shrimp Images/2. WSSV/images/WSSV-8-img-3.jpg,/home/drnguyenvinh/notebooks/shrimp_dataset_eda_label_model_analysis_v1/kaggle_raw/shrimpdiseaseimagebd/ShrimpDiseaseImageBD An Image Dataset for Computer Vision-Based Detection of Shrimp Diseases in Bangladesh/Root/Annotated Diseased Shrimp Images/Annotated Diseased Shrimp Images/2. WSSV/labels/WSSV-8-img-3.txt,13,0,WSSV,WSSV-8-img-3,2048
1.0,1,WSSV,WSSV-80-img-1.jpg,135.3310546875,2048,/home/drnguyenvinh/notebooks/shrimp_dataset_eda_label_model_analysis_v1/kaggle_raw/shrimpdiseaseimagebd/ShrimpDiseaseImageBD An Image Dataset for Computer Vision-Based Detection of Shrimp Diseases in Bangladesh/Root/Annotated Diseased Shrimp Images/Annotated Diseased Shrimp Images/2. WSSV/images/WSSV-80-img-1.jpg,/home/drnguyenvinh/notebooks/shrimp_dataset_eda_label_model_analysis_v1/kaggle_raw/shrimpdiseaseimagebd/ShrimpDiseaseImageBD An Image Dataset for Computer Vision-Based Detection of Shrimp Diseases in Bangladesh/Root/Annotated Diseased Shrimp Images/Annotated Diseased Shrimp Images/2. WSSV/labels/WSSV-80-img-1.txt,7,0,WSSV,WSSV-80-img-1,2048
1.0,1,WSSV,WSSV-80-img-2.jpg,144.994140625,2048,/home/drnguyenvinh/notebooks/shrimp_dataset_eda_label_model_analysis_v1/kaggle_raw/shrimpdiseaseimagebd/ShrimpDiseaseImageBD An Image Dataset for Computer Vision-Based Detection of Shrimp Diseases in Bangladesh/Root/Annotated Diseased Shrimp Images/Annotated Diseased Shrimp Images/2. WSSV/images/WSSV-80-img-2.jpg,/home/drnguyenvinh/notebooks/shrimp_dataset_eda_label_model_analysis_v1/kaggle_raw/shrimpdiseaseimagebd/ShrimpDiseaseImageBD An Image Dataset for Computer Vision-Based Detection of Shrimp Diseases in Bangladesh/Root/Annotated Diseased Shrimp Images/Annotated Diseased Shrimp Images/2. WSSV/labels/WSSV-80-img-2.txt,7,0,WSSV,WSSV-80-img-2,2048
1.0,1,WSSV,WSSV-80-img-3.jpg,128.0361328125,2048,/home/drnguyenvinh/notebooks/shrimp_dataset_eda_label_model_analysis_v1/kaggle_raw/shrimpdiseaseimagebd/ShrimpDiseaseImageBD An Image Dataset for Computer Vision-Based Detection of Shrimp Diseases in Bangladesh/Root/Annotated Diseased Shrimp Images/Annotated Diseased Shrimp Images/2. WSSV/images/WSSV-80-img-3.jpg,/home/drnguyenvinh/notebooks/shrimp_dataset_eda_label_model_analysis_v1/kaggle_raw/shrimpdiseaseimagebd/ShrimpDiseaseImageBD An Image Dataset for Computer Vision-Based Detection of Shrimp Diseases in Bangladesh/Root/Annotated Diseased Shrimp Images/Annotated Diseased Shrimp Images/2. WSSV/labels/WSSV-80-img-3.txt,6,0,WSSV,WSSV-80-img-3,2048
1.0,1,WSSV,WSSV-81-img-1.jpg,150.658203125,2048,/home/drnguyenvinh/notebooks/shrimp_dataset_eda_label_model_analysis_v1/kaggle_raw/shrimpdiseaseimagebd/ShrimpDiseaseImageBD An Image Dataset for Computer Vision-Based Detection of Shrimp Diseases in Bangladesh/Root/Annotated Diseased Shrimp Images/Annotated Diseased Shrimp Images/2. WSSV/images/WSSV-81-img-1.jpg,/home/drnguyenvinh/notebooks/shrimp_dataset_eda_label_model_analysis_v1/kaggle_raw/shrimpdiseaseimagebd/ShrimpDiseaseImageBD An Image Dataset for Computer Vision-Based Detection of Shrimp Diseases in Bangladesh/Root/Annotated Diseased Shrimp Images/Annotated Diseased Shrimp Images/2. WSSV/labels/WSSV-81-img-1.txt,9,0,WSSV,WSSV-81-img-1,2048
1.0,1,WSSV,WSSV-81-img-2.jpg,136.9794921875,2048,/home/drnguyenvinh/notebooks/shrimp_dataset_eda_label_model_analysis_v1/kaggle_raw/shrimpdiseaseimagebd/ShrimpDiseaseImageBD An Image Dataset for Computer Vision-Based Detection of Shrimp Diseases in Bangladesh/Root/Annotated Diseased Shrimp Images/Annotated Diseased Shrimp Images/2. WSSV/images/WSSV-81-img-2.jpg,/home/drnguyenvinh/notebooks/shrimp_dataset_eda_label_model_analysis_v1/kaggle_raw/shrimpdiseaseimagebd/ShrimpDiseaseImageBD An Image Dataset for Computer Vision-Based Detection of Shrimp Diseases in Bangladesh/Root/Annotated Diseased Shrimp Images/Annotated Diseased Shrimp Images/2. WSSV/labels/WSSV-81-img-2.txt,3,0,WSSV,WSSV-81-img-2,2048
1.0,1,WSSV,WSSV-82-img-1.jpg,288.52734375,2048,/home/drnguyenvinh/notebooks/shrimp_dataset_eda_label_model_analysis_v1/kaggle_raw/shrimpdiseaseimagebd/ShrimpDiseaseImageBD An Image Dataset for Computer Vision-Based Detection of Shrimp Diseases in Bangladesh/Root/Annotated Diseased Shrimp Images/Annotated Diseased Shrimp Images/2. WSSV/images/WSSV-82-img-1.jpg,/home/drnguyenvinh/notebooks/shrimp_dataset_eda_label_model_analysis_v1/kaggle_raw/shrimpdiseaseimagebd/ShrimpDiseaseImageBD An Image Dataset for Computer Vision-Based Detection of Shrimp Diseases in Bangladesh/Root/Annotated Diseased Shrimp Images/Annotated Diseased Shrimp Images/2. WSSV/labels/WSSV-82-img-1.txt,10,0,WSSV,WSSV-82-img-1,2048
1.0,1,WSSV,WSSV-82-img-2.jpg,241.015625,2048,/home/drnguyenvinh/notebooks/shrimp_dataset_eda_label_model_analysis_v1/kaggle_raw/shrimpdiseaseimagebd/ShrimpDiseaseImageBD An Image Dataset for Computer Vision-Based Detection of Shrimp Diseases in Bangladesh/Root/Annotated Diseased Shrimp Images/Annotated Diseased Shrimp Images/2. WSSV/images/WSSV-82-img-2.jpg,/home/drnguyenvinh/notebooks/shrimp_dataset_eda_label_model_analysis_v1/kaggle_raw/shrimpdiseaseimagebd/ShrimpDiseaseImageBD An Image Dataset for Computer Vision-Based Detection of Shrimp Diseases in Bangladesh/Root/Annotated Diseased Shrimp Images/Annotated Diseased Shrimp Images/2. WSSV/labels/WSSV-82-img-2.txt,5,0,WSSV,WSSV-82-img-2,2048
1.0,1,WSSV,WSSV-83-img-1.jpg,159.0205078125,2048,/home/drnguyenvinh/notebooks/shrimp_dataset_eda_label_model_analysis_v1/kaggle_raw/shrimpdiseaseimagebd/ShrimpDiseaseImageBD An Image Dataset for Computer Vision-Based Detection of Shrimp Diseases in Bangladesh/Root/Annotated Diseased Shrimp Images/Annotated Diseased Shrimp Images/2. WSSV/images/WSSV-83-img-1.jpg,/home/drnguyenvinh/notebooks/shrimp_dataset_eda_label_model_analysis_v1/kaggle_raw/shrimpdiseaseimagebd/ShrimpDiseaseImageBD An Image Dataset for Computer Vision-Based Detection of Shrimp Diseases in Bangladesh/Root/Annotated Diseased Shrimp Images/Annotated Diseased Shrimp Images/2. WSSV/labels/WSSV-83-img-1.txt,4,0,WSSV,WSSV-83-img-1,2048
1.0,1,WSSV,WSSV-84-img-1.jpg,234.484375,2048,/home/drnguyenvinh/notebooks/shrimp_dataset_eda_label_model_analysis_v1/kaggle_raw/shrimpdiseaseimagebd/ShrimpDiseaseImageBD An Image Dataset for Computer Vision-Based Detection of Shrimp Diseases in Bangladesh/Root/Annotated Diseased Shrimp Images/Annotated Diseased Shrimp Images/2. WSSV/images/WSSV-84-img-1.jpg,/home/drnguyenvinh/notebooks/shrimp_dataset_eda_label_model_analysis_v1/kaggle_raw/shrimpdiseaseimagebd/ShrimpDiseaseImageBD An Image Dataset for Computer Vision-Based Detection of Shrimp Diseases in Bangladesh/Root/Annotated Diseased Shrimp Images/Annotated Diseased Shrimp Images/2. WSSV/labels/WSSV-84-img-1.txt,8,0,WSSV,WSSV-84-img-1,2048
1.0,1,WSSV,WSSV-84-img-2.jpg,226.3427734375,2048,/home/drnguyenvinh/notebooks/shrimp_dataset_eda_label_model_analysis_v1/kaggle_raw/shrimpdiseaseimagebd/ShrimpDiseaseImageBD An Image Dataset for Computer Vision-Based Detection of Shrimp Diseases in Bangladesh/Root/Annotated Diseased Shrimp Images/Annotated Diseased Shrimp Images/2. WSSV/images/WSSV-84-img-2.jpg,/home/drnguyenvinh/notebooks/shrimp_dataset_eda_label_model_analysis_v1/kaggle_raw/shrimpdiseaseimagebd/ShrimpDiseaseImageBD An Image Dataset for Computer Vision-Based Detection of Shrimp Diseases in Bangladesh/Root/Annotated Diseased Shrimp Images/Annotated Diseased Shrimp Images/2. WSSV/labels/WSSV-84-img-2.txt,8,0,WSSV,WSSV-84-img-2,2048
1.0,1,WSSV,WSSV-84-img-3.jpg,217.4169921875,2048,/home/drnguyenvinh/notebooks/shrimp_dataset_eda_label_model_analysis_v1/kaggle_raw/shrimpdiseaseimagebd/ShrimpDiseaseImageBD An Image Dataset for Computer Vision-Based Detection of Shrimp Diseases in Bangladesh/Root/Annotated Diseased Shrimp Images/Annotated Diseased Shrimp Images/2. WSSV/images/WSSV-84-img-3.jpg,/home/drnguyenvinh/notebooks/shrimp_dataset_eda_label_model_analysis_v1/kaggle_raw/shrimpdiseaseimagebd/ShrimpDiseaseImageBD An Image Dataset for Computer Vision-Based Detection of Shrimp Diseases in Bangladesh/Root/Annotated Diseased Shrimp Images/Annotated Diseased Shrimp Images/2. WSSV/labels/WSSV-84-img-3.txt,11,0,WSSV,WSSV-84-img-3,2048
1.0,1,WSSV,WSSV-85-img-1.jpg,241.0888671875,2048,/home/drnguyenvinh/notebooks/shrimp_dataset_eda_label_model_analysis_v1/kaggle_raw/shrimpdiseaseimagebd/ShrimpDiseaseImageBD An Image Dataset for Computer Vision-Based Detection of Shrimp Diseases in Bangladesh/Root/Annotated Diseased Shrimp Images/Annotated Diseased Shrimp Images/2. WSSV/images/WSSV-85-img-1.jpg,/home/drnguyenvinh/notebooks/shrimp_dataset_eda_label_model_analysis_v1/kaggle_raw/shrimpdiseaseimagebd/ShrimpDiseaseImageBD An Image Dataset for Computer Vision-Based Detection of Shrimp Diseases in Bangladesh/Root/Annotated Diseased Shrimp Images/Annotated Diseased Shrimp Images/2. WSSV/labels/WSSV-85-img-1.txt,8,0,WSSV,WSSV-85-img-1,2048
1.0,1,WSSV,WSSV-85-img-2.jpg,220.4501953125,2048,/home/drnguyenvinh/notebooks/shrimp_dataset_eda_label_model_analysis_v1/kaggle_raw/shrimpdiseaseimagebd/ShrimpDiseaseImageBD An Image Dataset for Computer Vision-Based Detection of Shrimp Diseases in Bangladesh/Root/Annotated Diseased Shrimp Images/Annotated Diseased Shrimp Images/2. WSSV/images/WSSV-85-img-2.jpg,/home/drnguyenvinh/notebooks/shrimp_dataset_eda_label_model_analysis_v1/kaggle_raw/shrimpdiseaseimagebd/ShrimpDiseaseImageBD An Image Dataset for Computer Vision-Based Detection of Shrimp Diseases in Bangladesh/Root/Annotated Diseased Shrimp Images/Annotated Diseased Shrimp Images/2. WSSV/labels/WSSV-85-img-2.txt,10,0,WSSV,WSSV-85-img-2,2048
1.0,1,WSSV,WSSV-86-img-1.jpg,179.302734375,2048,/home/drnguyenvinh/notebooks/shrimp_dataset_eda_label_model_analysis_v1/kaggle_raw/shrimpdiseaseimagebd/ShrimpDiseaseImageBD An Image Dataset for Computer Vision-Based Detection of Shrimp Diseases in Bangladesh/Root/Annotated Diseased Shrimp Images/Annotated Diseased Shrimp Images/2. WSSV/images/WSSV-86-img-1.jpg,/home/drnguyenvinh/notebooks/shrimp_dataset_eda_label_model_analysis_v1/kaggle_raw/shrimpdiseaseimagebd/ShrimpDiseaseImageBD An Image Dataset for Computer Vision-Based Detection of Shrimp Diseases in Bangladesh/Root/Annotated Diseased Shrimp Images/Annotated Diseased Shrimp Images/2. WSSV/labels/WSSV-86-img-1.txt,3,0,WSSV,WSSV-86-img-1,2048
1.0,1,WSSV,WSSV-86-img-2.jpg,187.7783203125,2048,/home/drnguyenvinh/notebooks/shrimp_dataset_eda_label_model_analysis_v1/kaggle_raw/shrimpdiseaseimagebd/ShrimpDiseaseImageBD An Image Dataset for Computer Vision-Based Detection of Shrimp Diseases in Bangladesh/Root/Annotated Diseased Shrimp Images/Annotated Diseased Shrimp Images/2. WSSV/images/WSSV-86-img-2.jpg,/home/drnguyenvinh/notebooks/shrimp_dataset_eda_label_model_analysis_v1/kaggle_raw/shrimpdiseaseimagebd/ShrimpDiseaseImageBD An Image Dataset for Computer Vision-Based Detection of Shrimp Diseases in Bangladesh/Root/Annotated Diseased Shrimp Images/Annotated Diseased Shrimp Images/2. WSSV/labels/WSSV-86-img-2.txt,5,0,WSSV,WSSV-86-img-2,2048
1.0,1,WSSV,WSSV-86-img-3.jpg,215.7587890625,2048,/home/drnguyenvinh/notebooks/shrimp_dataset_eda_label_model_analysis_v1/kaggle_raw/shrimpdiseaseimagebd/ShrimpDiseaseImageBD An Image Dataset for Computer Vision-Based Detection of Shrimp Diseases in Bangladesh/Root/Annotated Diseased Shrimp Images/Annotated Diseased Shrimp Images/2. WSSV/images/WSSV-86-img-3.jpg,/home/drnguyenvinh/notebooks/shrimp_dataset_eda_label_model_analysis_v1/kaggle_raw/shrimpdiseaseimagebd/ShrimpDiseaseImageBD An Image Dataset for Computer Vision-Based Detection of Shrimp Diseases in Bangladesh/Root/Annotated Diseased Shrimp Images/Annotated Diseased Shrimp Images/2. WSSV/labels/WSSV-86-img-3.txt,9,0,WSSV,WSSV-86-img-3,2048
1.0,1,WSSV,WSSV-87-img-1.jpg,195.021484375,2048,/home/drnguyenvinh/notebooks/shrimp_dataset_eda_label_model_analysis_v1/kaggle_raw/shrimpdiseaseimagebd/ShrimpDiseaseImageBD An Image Dataset for Computer Vision-Based Detection of Shrimp Diseases in Bangladesh/Root/Annotated Diseased Shrimp Images/Annotated Diseased Shrimp Images/2. WSSV/images/WSSV-87-img-1.jpg,/home/drnguyenvinh/notebooks/shrimp_dataset_eda_label_model_analysis_v1/kaggle_raw/shrimpdiseaseimagebd/ShrimpDiseaseImageBD An Image Dataset for Computer Vision-Based Detection of Shrimp Diseases in Bangladesh/Root/Annotated Diseased Shrimp Images/Annotated Diseased Shrimp Images/2. WSSV/labels/WSSV-87-img-1.txt,7,0,WSSV,WSSV-87-img-1,2048
1.0,1,WSSV,WSSV-87-img-2.jpg,219.2939453125,2048,/home/drnguyenvinh/notebooks/shrimp_dataset_eda_label_model_analysis_v1/kaggle_raw/shrimpdiseaseimagebd/ShrimpDiseaseImageBD An Image Dataset for Computer Vision-Based Detection of Shrimp Diseases in Bangladesh/Root/Annotated Diseased Shrimp Images/Annotated Diseased Shrimp Images/2. WSSV/images/WSSV-87-img-2.jpg,/home/drnguyenvinh/notebooks/shrimp_dataset_eda_label_model_analysis_v1/kaggle_raw/shrimpdiseaseimagebd/ShrimpDiseaseImageBD An Image Dataset for Computer Vision-Based Detection of Shrimp Diseases in Bangladesh/Root/Annotated Diseased Shrimp Images/Annotated Diseased Shrimp Images/2. WSSV/labels/WSSV-87-img-2.txt,10,0,WSSV,WSSV-87-img-2,2048
1.0,1,WSSV,WSSV-88-img-1.jpg,169.4462890625,2048,/home/drnguyenvinh/notebooks/shrimp_dataset_eda_label_model_analysis_v1/kaggle_raw/shrimpdiseaseimagebd/ShrimpDiseaseImageBD An Image Dataset for Computer Vision-Based Detection of Shrimp Diseases in Bangladesh/Root/Annotated Diseased Shrimp Images/Annotated Diseased Shrimp Images/2. WSSV/images/WSSV-88-img-1.jpg,/home/drnguyenvinh/notebooks/shrimp_dataset_eda_label_model_analysis_v1/kaggle_raw/shrimpdiseaseimagebd/ShrimpDiseaseImageBD An Image Dataset for Computer Vision-Based Detection of Shrimp Diseases in Bangladesh/Root/Annotated Diseased Shrimp Images/Annotated Diseased Shrimp Images/2. WSSV/labels/WSSV-88-img-1.txt,9,0,WSSV,WSSV-88-img-1,2048
1.0,1,WSSV,WSSV-88-img-2.jpg,212.431640625,2048,/home/drnguyenvinh/notebooks/shrimp_dataset_eda_label_model_analysis_v1/kaggle_raw/shrimpdiseaseimagebd/ShrimpDiseaseImageBD An Image Dataset for Computer Vision-Based Detection of Shrimp Diseases in Bangladesh/Root/Annotated Diseased Shrimp Images/Annotated Diseased Shrimp Images/2. WSSV/images/WSSV-88-img-2.jpg,/home/drnguyenvinh/notebooks/shrimp_dataset_eda_label_model_analysis_v1/kaggle_raw/shrimpdiseaseimagebd/ShrimpDiseaseImageBD An Image Dataset for Computer Vision-Based Detection of Shrimp Diseases in Bangladesh/Root/Annotated Diseased Shrimp Images/Annotated Diseased Shrimp Images/2. WSSV/labels/WSSV-88-img-2.txt,13,0,WSSV,WSSV-88-img-2,2048
1.0,1,WSSV,WSSV-89-img-1.jpg,207.2685546875,2048,/home/drnguyenvinh/notebooks/shrimp_dataset_eda_label_model_analysis_v1/kaggle_raw/shrimpdiseaseimagebd/ShrimpDiseaseImageBD An Image Dataset for Computer Vision-Based Detection of Shrimp Diseases in Bangladesh/Root/Annotated Diseased Shrimp Images/Annotated Diseased Shrimp Images/2. WSSV/images/WSSV-89-img-1.jpg,/home/drnguyenvinh/notebooks/shrimp_dataset_eda_label_model_analysis_v1/kaggle_raw/shrimpdiseaseimagebd/ShrimpDiseaseImageBD An Image Dataset for Computer Vision-Based Detection of Shrimp Diseases in Bangladesh/Root/Annotated Diseased Shrimp Images/Annotated Diseased Shrimp Images/2. WSSV/labels/WSSV-89-img-1.txt,6,0,WSSV,WSSV-89-img-1,2048
1.0,1,WSSV,WSSV-89-img-2.jpg,206.8232421875,2048,/home/drnguyenvinh/notebooks/shrimp_dataset_eda_label_model_analysis_v1/kaggle_raw/shrimpdiseaseimagebd/ShrimpDiseaseImageBD An Image Dataset for Computer Vision-Based Detection of Shrimp Diseases in Bangladesh/Root/Annotated Diseased Shrimp Images/Annotated Diseased Shrimp Images/2. WSSV/images/WSSV-89-img-2.jpg,/home/drnguyenvinh/notebooks/shrimp_dataset_eda_label_model_analysis_v1/kaggle_raw/shrimpdiseaseimagebd/ShrimpDiseaseImageBD An Image Dataset for Computer Vision-Based Detection of Shrimp Diseases in Bangladesh/Root/Annotated Diseased Shrimp Images/Annotated Diseased Shrimp Images/2. WSSV/labels/WSSV-89-img-2.txt,8,0,WSSV,WSSV-89-img-2,2048
1.0,1,WSSV,WSSV-9-img-1.jpg,151.75,2048,/home/drnguyenvinh/notebooks/shrimp_dataset_eda_label_model_analysis_v1/kaggle_raw/shrimpdiseaseimagebd/ShrimpDiseaseImageBD An Image Dataset for Computer Vision-Based Detection of Shrimp Diseases in Bangladesh/Root/Annotated Diseased Shrimp Images/Annotated Diseased Shrimp Images/2. WSSV/images/WSSV-9-img-1.jpg,/home/drnguyenvinh/notebooks/shrimp_dataset_eda_label_model_analysis_v1/kaggle_raw/shrimpdiseaseimagebd/ShrimpDiseaseImageBD An Image Dataset for Computer Vision-Based Detection of Shrimp Diseases in Bangladesh/Root/Annotated Diseased Shrimp Images/Annotated Diseased Shrimp Images/2. WSSV/labels/WSSV-9-img-1.txt,7,0,WSSV,WSSV-9-img-1,2048
1.0,1,WSSV,WSSV-9-img-2.jpg,144.32421875,2048,/home/drnguyenvinh/notebooks/shrimp_dataset_eda_label_model_analysis_v1/kaggle_raw/shrimpdiseaseimagebd/ShrimpDiseaseImageBD An Image Dataset for Computer Vision-Based Detection of Shrimp Diseases in Bangladesh/Root/Annotated Diseased Shrimp Images/Annotated Diseased Shrimp Images/2. WSSV/images/WSSV-9-img-2.jpg,/home/drnguyenvinh/notebooks/shrimp_dataset_eda_label_model_analysis_v1/kaggle_raw/shrimpdiseaseimagebd/ShrimpDiseaseImageBD An Image Dataset for Computer Vision-Based Detection of Shrimp Diseases in Bangladesh/Root/Annotated Diseased Shrimp Images/Annotated Diseased Shrimp Images/2. WSSV/labels/WSSV-9-img-2.txt,6,0,WSSV,WSSV-9-img-2,2048
1.0,1,WSSV,WSSV-9-img-3.jpg,170.455078125,2048,/home/drnguyenvinh/notebooks/shrimp_dataset_eda_label_model_analysis_v1/kaggle_raw/shrimpdiseaseimagebd/ShrimpDiseaseImageBD An Image Dataset for Computer Vision-Based Detection of Shrimp Diseases in Bangladesh/Root/Annotated Diseased Shrimp Images/Annotated Diseased Shrimp Images/2. WSSV/images/WSSV-9-img-3.jpg,/home/drnguyenvinh/notebooks/shrimp_dataset_eda_label_model_analysis_v1/kaggle_raw/shrimpdiseaseimagebd/ShrimpDiseaseImageBD An Image Dataset for Computer Vision-Based Detection of Shrimp Diseases in Bangladesh/Root/Annotated Diseased Shrimp Images/Annotated Diseased Shrimp Images/2. WSSV/labels/WSSV-9-img-3.txt,7,0,WSSV,WSSV-9-img-3,2048
1.0,1,WSSV,WSSV-90-img-1.jpg,211.724609375,2048,/home/drnguyenvinh/notebooks/shrimp_dataset_eda_label_model_analysis_v1/kaggle_raw/shrimpdiseaseimagebd/ShrimpDiseaseImageBD An Image Dataset for Computer Vision-Based Detection of Shrimp Diseases in Bangladesh/Root/Annotated Diseased Shrimp Images/Annotated Diseased Shrimp Images/2. WSSV/images/WSSV-90-img-1.jpg,/home/drnguyenvinh/notebooks/shrimp_dataset_eda_label_model_analysis_v1/kaggle_raw/shrimpdiseaseimagebd/ShrimpDiseaseImageBD An Image Dataset for Computer Vision-Based Detection of Shrimp Diseases in Bangladesh/Root/Annotated Diseased Shrimp Images/Annotated Diseased Shrimp Images/2. WSSV/labels/WSSV-90-img-1.txt,13,0,WSSV,WSSV-90-img-1,2048
1.0,1,WSSV,WSSV-90-img-2.jpg,160.5986328125,2048,/home/drnguyenvinh/notebooks/shrimp_dataset_eda_label_model_analysis_v1/kaggle_raw/shrimpdiseaseimagebd/ShrimpDiseaseImageBD An Image Dataset for Computer Vision-Based Detection of Shrimp Diseases in Bangladesh/Root/Annotated Diseased Shrimp Images/Annotated Diseased Shrimp Images/2. WSSV/images/WSSV-90-img-2.jpg,/home/drnguyenvinh/notebooks/shrimp_dataset_eda_label_model_analysis_v1/kaggle_raw/shrimpdiseaseimagebd/ShrimpDiseaseImageBD An Image Dataset for Computer Vision-Based Detection of Shrimp Diseases in Bangladesh/Root/Annotated Diseased Shrimp Images/Annotated Diseased Shrimp Images/2. WSSV/labels/WSSV-90-img-2.txt,5,0,WSSV,WSSV-90-img-2,2048
1.0,1,WSSV,WSSV-91-img-1.jpg,213.8056640625,2048,/home/drnguyenvinh/notebooks/shrimp_dataset_eda_label_model_analysis_v1/kaggle_raw/shrimpdiseaseimagebd/ShrimpDiseaseImageBD An Image Dataset for Computer Vision-Based Detection of Shrimp Diseases in Bangladesh/Root/Annotated Diseased Shrimp Images/Annotated Diseased Shrimp Images/2. WSSV/images/WSSV-91-img-1.jpg,/home/drnguyenvinh/notebooks/shrimp_dataset_eda_label_model_analysis_v1/kaggle_raw/shrimpdiseaseimagebd/ShrimpDiseaseImageBD An Image Dataset for Computer Vision-Based Detection of Shrimp Diseases in Bangladesh/Root/Annotated Diseased Shrimp Images/Annotated Diseased Shrimp Images/2. WSSV/labels/WSSV-91-img-1.txt,2,0,WSSV,WSSV-91-img-1,2048
1.0,1,WSSV,WSSV-91-img-2.jpg,236.2451171875,2048,/home/drnguyenvinh/notebooks/shrimp_dataset_eda_label_model_analysis_v1/kaggle_raw/shrimpdiseaseimagebd/ShrimpDiseaseImageBD An Image Dataset for Computer Vision-Based Detection of Shrimp Diseases in Bangladesh/Root/Annotated Diseased Shrimp Images/Annotated Diseased Shrimp Images/2. WSSV/images/WSSV-91-img-2.jpg,/home/drnguyenvinh/notebooks/shrimp_dataset_eda_label_model_analysis_v1/kaggle_raw/shrimpdiseaseimagebd/ShrimpDiseaseImageBD An Image Dataset for Computer Vision-Based Detection of Shrimp Diseases in Bangladesh/Root/Annotated Diseased Shrimp Images/Annotated Diseased Shrimp Images/2. WSSV/labels/WSSV-91-img-2.txt,4,0,WSSV,WSSV-91-img-2,2048
1.0,1,WSSV,WSSV-91-img-3.jpg,175.595703125,2048,/home/drnguyenvinh/notebooks/shrimp_dataset_eda_label_model_analysis_v1/kaggle_raw/shrimpdiseaseimagebd/ShrimpDiseaseImageBD An Image Dataset for Computer Vision-Based Detection of Shrimp Diseases in Bangladesh/Root/Annotated Diseased Shrimp Images/Annotated Diseased Shrimp Images/2. WSSV/images/WSSV-91-img-3.jpg,/home/drnguyenvinh/notebooks/shrimp_dataset_eda_label_model_analysis_v1/kaggle_raw/shrimpdiseaseimagebd/ShrimpDiseaseImageBD An Image Dataset for Computer Vision-Based Detection of Shrimp Diseases in Bangladesh/Root/Annotated Diseased Shrimp Images/Annotated Diseased Shrimp Images/2. WSSV/labels/WSSV-91-img-3.txt,8,0,WSSV,WSSV-91-img-3,2048
1.0,1,WSSV,WSSV-92-img-1.jpg,244.708984375,2048,/home/drnguyenvinh/notebooks/shrimp_dataset_eda_label_model_analysis_v1/kaggle_raw/shrimpdiseaseimagebd/ShrimpDiseaseImageBD An Image Dataset for Computer Vision-Based Detection of Shrimp Diseases in Bangladesh/Root/Annotated Diseased Shrimp Images/Annotated Diseased Shrimp Images/2. WSSV/images/WSSV-92-img-1.jpg,/home/drnguyenvinh/notebooks/shrimp_dataset_eda_label_model_analysis_v1/kaggle_raw/shrimpdiseaseimagebd/ShrimpDiseaseImageBD An Image Dataset for Computer Vision-Based Detection of Shrimp Diseases in Bangladesh/Root/Annotated Diseased Shrimp Images/Annotated Diseased Shrimp Images/2. WSSV/labels/WSSV-92-img-1.txt,10,0,WSSV,WSSV-92-img-1,2048
1.0,1,WSSV,WSSV-92-img-2.jpg,213.716796875,2048,/home/drnguyenvinh/notebooks/shrimp_dataset_eda_label_model_analysis_v1/kaggle_raw/shrimpdiseaseimagebd/ShrimpDiseaseImageBD An Image Dataset for Computer Vision-Based Detection of Shrimp Diseases in Bangladesh/Root/Annotated Diseased Shrimp Images/Annotated Diseased Shrimp Images/2. WSSV/images/WSSV-92-img-2.jpg,/home/drnguyenvinh/notebooks/shrimp_dataset_eda_label_model_analysis_v1/kaggle_raw/shrimpdiseaseimagebd/ShrimpDiseaseImageBD An Image Dataset for Computer Vision-Based Detection of Shrimp Diseases in Bangladesh/Root/Annotated Diseased Shrimp Images/Annotated Diseased Shrimp Images/2. WSSV/labels/WSSV-92-img-2.txt,3,0,WSSV,WSSV-92-img-2,2048
1.0,1,WSSV,WSSV-92-img-3.jpg,181.7392578125,2048,/home/drnguyenvinh/notebooks/shrimp_dataset_eda_label_model_analysis_v1/kaggle_raw/shrimpdiseaseimagebd/ShrimpDiseaseImageBD An Image Dataset for Computer Vision-Based Detection of Shrimp Diseases in Bangladesh/Root/Annotated Diseased Shrimp Images/Annotated Diseased Shrimp Images/2. WSSV/images/WSSV-92-img-3.jpg,/home/drnguyenvinh/notebooks/shrimp_dataset_eda_label_model_analysis_v1/kaggle_raw/shrimpdiseaseimagebd/ShrimpDiseaseImageBD An Image Dataset for Computer Vision-Based Detection of Shrimp Diseases in Bangladesh/Root/Annotated Diseased Shrimp Images/Annotated Diseased Shrimp Images/2. WSSV/labels/WSSV-92-img-3.txt,4,0,WSSV,WSSV-92-img-3,2048
1.0,1,WSSV,WSSV-93-img-1.jpg,179.486328125,2048,/home/drnguyenvinh/notebooks/shrimp_dataset_eda_label_model_analysis_v1/kaggle_raw/shrimpdiseaseimagebd/ShrimpDiseaseImageBD An Image Dataset for Computer Vision-Based Detection of Shrimp Diseases in Bangladesh/Root/Annotated Diseased Shrimp Images/Annotated Diseased Shrimp Images/2. WSSV/images/WSSV-93-img-1.jpg,/home/drnguyenvinh/notebooks/shrimp_dataset_eda_label_model_analysis_v1/kaggle_raw/shrimpdiseaseimagebd/ShrimpDiseaseImageBD An Image Dataset for Computer Vision-Based Detection of Shrimp Diseases in Bangladesh/Root/Annotated Diseased Shrimp Images/Annotated Diseased Shrimp Images/2. WSSV/labels/WSSV-93-img-1.txt,5,0,WSSV,WSSV-93-img-1,2048
1.0,1,WSSV,WSSV-93-img-2.jpg,217.11328125,2048,/home/drnguyenvinh/notebooks/shrimp_dataset_eda_label_model_analysis_v1/kaggle_raw/shrimpdiseaseimagebd/ShrimpDiseaseImageBD An Image Dataset for Computer Vision-Based Detection of Shrimp Diseases in Bangladesh/Root/Annotated Diseased Shrimp Images/Annotated Diseased Shrimp Images/2. WSSV/images/WSSV-93-img-2.jpg,/home/drnguyenvinh/notebooks/shrimp_dataset_eda_label_model_analysis_v1/kaggle_raw/shrimpdiseaseimagebd/ShrimpDiseaseImageBD An Image Dataset for Computer Vision-Based Detection of Shrimp Diseases in Bangladesh/Root/Annotated Diseased Shrimp Images/Annotated Diseased Shrimp Images/2. WSSV/labels/WSSV-93-img-2.txt,5,0,WSSV,WSSV-93-img-2,2048
1.0,1,WSSV,WSSV-93-img-3.jpg,173.6923828125,2048,/home/drnguyenvinh/notebooks/shrimp_dataset_eda_label_model_analysis_v1/kaggle_raw/shrimpdiseaseimagebd/ShrimpDiseaseImageBD An Image Dataset for Computer Vision-Based Detection of Shrimp Diseases in Bangladesh/Root/Annotated Diseased Shrimp Images/Annotated Diseased Shrimp Images/2. WSSV/images/WSSV-93-img-3.jpg,/home/drnguyenvinh/notebooks/shrimp_dataset_eda_label_model_analysis_v1/kaggle_raw/shrimpdiseaseimagebd/ShrimpDiseaseImageBD An Image Dataset for Computer Vision-Based Detection of Shrimp Diseases in Bangladesh/Root/Annotated Diseased Shrimp Images/Annotated Diseased Shrimp Images/2. WSSV/labels/WSSV-93-img-3.txt,5,0,WSSV,WSSV-93-img-3,2048
1.0,1,WSSV,WSSV-94-img-1.jpg,208.5634765625,2048,/home/drnguyenvinh/notebooks/shrimp_dataset_eda_label_model_analysis_v1/kaggle_raw/shrimpdiseaseimagebd/ShrimpDiseaseImageBD An Image Dataset for Computer Vision-Based Detection of Shrimp Diseases in Bangladesh/Root/Annotated Diseased Shrimp Images/Annotated Diseased Shrimp Images/2. WSSV/images/WSSV-94-img-1.jpg,/home/drnguyenvinh/notebooks/shrimp_dataset_eda_label_model_analysis_v1/kaggle_raw/shrimpdiseaseimagebd/ShrimpDiseaseImageBD An Image Dataset for Computer Vision-Based Detection of Shrimp Diseases in Bangladesh/Root/Annotated Diseased Shrimp Images/Annotated Diseased Shrimp Images/2. WSSV/labels/WSSV-94-img-1.txt,5,0,WSSV,WSSV-94-img-1,2048
1.0,1,WSSV,WSSV-94-img-2.jpg,215.0361328125,2048,/home/drnguyenvinh/notebooks/shrimp_dataset_eda_label_model_analysis_v1/kaggle_raw/shrimpdiseaseimagebd/ShrimpDiseaseImageBD An Image Dataset for Computer Vision-Based Detection of Shrimp Diseases in Bangladesh/Root/Annotated Diseased Shrimp Images/Annotated Diseased Shrimp Images/2. WSSV/images/WSSV-94-img-2.jpg,/home/drnguyenvinh/notebooks/shrimp_dataset_eda_label_model_analysis_v1/kaggle_raw/shrimpdiseaseimagebd/ShrimpDiseaseImageBD An Image Dataset for Computer Vision-Based Detection of Shrimp Diseases in Bangladesh/Root/Annotated Diseased Shrimp Images/Annotated Diseased Shrimp Images/2. WSSV/labels/WSSV-94-img-2.txt,10,0,WSSV,WSSV-94-img-2,2048
1.0,1,WSSV,WSSV-94-img-3.jpg,216.62109375,2048,/home/drnguyenvinh/notebooks/shrimp_dataset_eda_label_model_analysis_v1/kaggle_raw/shrimpdiseaseimagebd/ShrimpDiseaseImageBD An Image Dataset for Computer Vision-Based Detection of Shrimp Diseases in Bangladesh/Root/Annotated Diseased Shrimp Images/Annotated Diseased Shrimp Images/2. WSSV/images/WSSV-94-img-3.jpg,/home/drnguyenvinh/notebooks/shrimp_dataset_eda_label_model_analysis_v1/kaggle_raw/shrimpdiseaseimagebd/ShrimpDiseaseImageBD An Image Dataset for Computer Vision-Based Detection of Shrimp Diseases in Bangladesh/Root/Annotated Diseased Shrimp Images/Annotated Diseased Shrimp Images/2. WSSV/labels/WSSV-94-img-3.txt,5,0,WSSV,WSSV-94-img-3,2048
1.0,1,WSSV,WSSV-95-img-1.jpg,266.9296875,2048,/home/drnguyenvinh/notebooks/shrimp_dataset_eda_label_model_analysis_v1/kaggle_raw/shrimpdiseaseimagebd/ShrimpDiseaseImageBD An Image Dataset for Computer Vision-Based Detection of Shrimp Diseases in Bangladesh/Root/Annotated Diseased Shrimp Images/Annotated Diseased Shrimp Images/2. WSSV/images/WSSV-95-img-1.jpg,/home/drnguyenvinh/notebooks/shrimp_dataset_eda_label_model_analysis_v1/kaggle_raw/shrimpdiseaseimagebd/ShrimpDiseaseImageBD An Image Dataset for Computer Vision-Based Detection of Shrimp Diseases in Bangladesh/Root/Annotated Diseased Shrimp Images/Annotated Diseased Shrimp Images/2. WSSV/labels/WSSV-95-img-1.txt,3,0,WSSV,WSSV-95-img-1,2048
1.0,1,WSSV,WSSV-95-img-2.jpg,226.3427734375,2048,/home/drnguyenvinh/notebooks/shrimp_dataset_eda_label_model_analysis_v1/kaggle_raw/shrimpdiseaseimagebd/ShrimpDiseaseImageBD An Image Dataset for Computer Vision-Based Detection of Shrimp Diseases in Bangladesh/Root/Annotated Diseased Shrimp Images/Annotated Diseased Shrimp Images/2. WSSV/images/WSSV-95-img-2.jpg,/home/drnguyenvinh/notebooks/shrimp_dataset_eda_label_model_analysis_v1/kaggle_raw/shrimpdiseaseimagebd/ShrimpDiseaseImageBD An Image Dataset for Computer Vision-Based Detection of Shrimp Diseases in Bangladesh/Root/Annotated Diseased Shrimp Images/Annotated Diseased Shrimp Images/2. WSSV/labels/WSSV-95-img-2.txt,5,0,WSSV,WSSV-95-img-2,2048
1.0,1,WSSV,WSSV-95-img-3.jpg,197.45703125,2048,/home/drnguyenvinh/notebooks/shrimp_dataset_eda_label_model_analysis_v1/kaggle_raw/shrimpdiseaseimagebd/ShrimpDiseaseImageBD An Image Dataset for Computer Vision-Based Detection of Shrimp Diseases in Bangladesh/Root/Annotated Diseased Shrimp Images/Annotated Diseased Shrimp Images/2. WSSV/images/WSSV-95-img-3.jpg,/home/drnguyenvinh/notebooks/shrimp_dataset_eda_label_model_analysis_v1/kaggle_raw/shrimpdiseaseimagebd/ShrimpDiseaseImageBD An Image Dataset for Computer Vision-Based Detection of Shrimp Diseases in Bangladesh/Root/Annotated Diseased Shrimp Images/Annotated Diseased Shrimp Images/2. WSSV/labels/WSSV-95-img-3.txt,3,0,WSSV,WSSV-95-img-3,2048
1.0,1,WSSV,WSSV-96-img-1.jpg,202.1728515625,2048,/home/drnguyenvinh/notebooks/shrimp_dataset_eda_label_model_analysis_v1/kaggle_raw/shrimpdiseaseimagebd/ShrimpDiseaseImageBD An Image Dataset for Computer Vision-Based Detection of Shrimp Diseases in Bangladesh/Root/Annotated Diseased Shrimp Images/Annotated Diseased Shrimp Images/2. WSSV/images/WSSV-96-img-1.jpg,/home/drnguyenvinh/notebooks/shrimp_dataset_eda_label_model_analysis_v1/kaggle_raw/shrimpdiseaseimagebd/ShrimpDiseaseImageBD An Image Dataset for Computer Vision-Based Detection of Shrimp Diseases in Bangladesh/Root/Annotated Diseased Shrimp Images/Annotated Diseased Shrimp Images/2. WSSV/labels/WSSV-96-img-1.txt,12,0,WSSV,WSSV-96-img-1,2048
1.0,1,WSSV,WSSV-96-img-2.jpg,210.6962890625,2048,/home/drnguyenvinh/notebooks/shrimp_dataset_eda_label_model_analysis_v1/kaggle_raw/shrimpdiseaseimagebd/ShrimpDiseaseImageBD An Image Dataset for Computer Vision-Based Detection of Shrimp Diseases in Bangladesh/Root/Annotated Diseased Shrimp Images/Annotated Diseased Shrimp Images/2. WSSV/images/WSSV-96-img-2.jpg,/home/drnguyenvinh/notebooks/shrimp_dataset_eda_label_model_analysis_v1/kaggle_raw/shrimpdiseaseimagebd/ShrimpDiseaseImageBD An Image Dataset for Computer Vision-Based Detection of Shrimp Diseases in Bangladesh/Root/Annotated Diseased Shrimp Images/Annotated Diseased Shrimp Images/2. WSSV/labels/WSSV-96-img-2.txt,9,0,WSSV,WSSV-96-img-2,2048
1.0,1,WSSV,WSSV-96-img-3.jpg,206.6005859375,2048,/home/drnguyenvinh/notebooks/shrimp_dataset_eda_label_model_analysis_v1/kaggle_raw/shrimpdiseaseimagebd/ShrimpDiseaseImageBD An Image Dataset for Computer Vision-Based Detection of Shrimp Diseases in Bangladesh/Root/Annotated Diseased Shrimp Images/Annotated Diseased Shrimp Images/2. WSSV/images/WSSV-96-img-3.jpg,/home/drnguyenvinh/notebooks/shrimp_dataset_eda_label_model_analysis_v1/kaggle_raw/shrimpdiseaseimagebd/ShrimpDiseaseImageBD An Image Dataset for Computer Vision-Based Detection of Shrimp Diseases in Bangladesh/Root/Annotated Diseased Shrimp Images/Annotated Diseased Shrimp Images/2. WSSV/labels/WSSV-96-img-3.txt,11,0,WSSV,WSSV-96-img-3,2048
1.0,1,WSSV,WSSV-97-img-1.jpg,197.5986328125,2048,/home/drnguyenvinh/notebooks/shrimp_dataset_eda_label_model_analysis_v1/kaggle_raw/shrimpdiseaseimagebd/ShrimpDiseaseImageBD An Image Dataset for Computer Vision-Based Detection of Shrimp Diseases in Bangladesh/Root/Annotated Diseased Shrimp Images/Annotated Diseased Shrimp Images/2. WSSV/images/WSSV-97-img-1.jpg,/home/drnguyenvinh/notebooks/shrimp_dataset_eda_label_model_analysis_v1/kaggle_raw/shrimpdiseaseimagebd/ShrimpDiseaseImageBD An Image Dataset for Computer Vision-Based Detection of Shrimp Diseases in Bangladesh/Root/Annotated Diseased Shrimp Images/Annotated Diseased Shrimp Images/2. WSSV/labels/WSSV-97-img-1.txt,4,0,WSSV,WSSV-97-img-1,2048
1.0,1,WSSV,WSSV-97-img-2.jpg,201.0810546875,2048,/home/drnguyenvinh/notebooks/shrimp_dataset_eda_label_model_analysis_v1/kaggle_raw/shrimpdiseaseimagebd/ShrimpDiseaseImageBD An Image Dataset for Computer Vision-Based Detection of Shrimp Diseases in Bangladesh/Root/Annotated Diseased Shrimp Images/Annotated Diseased Shrimp Images/2. WSSV/images/WSSV-97-img-2.jpg,/home/drnguyenvinh/notebooks/shrimp_dataset_eda_label_model_analysis_v1/kaggle_raw/shrimpdiseaseimagebd/ShrimpDiseaseImageBD An Image Dataset for Computer Vision-Based Detection of Shrimp Diseases in Bangladesh/Root/Annotated Diseased Shrimp Images/Annotated Diseased Shrimp Images/2. WSSV/labels/WSSV-97-img-2.txt,8,0,WSSV,WSSV-97-img-2,2048
1.0,1,WSSV,WSSV-97-img-3.jpg,174.5751953125,2048,/home/drnguyenvinh/notebooks/shrimp_dataset_eda_label_model_analysis_v1/kaggle_raw/shrimpdiseaseimagebd/ShrimpDiseaseImageBD An Image Dataset for Computer Vision-Based Detection of Shrimp Diseases in Bangladesh/Root/Annotated Diseased Shrimp Images/Annotated Diseased Shrimp Images/2. WSSV/images/WSSV-97-img-3.jpg,/home/drnguyenvinh/notebooks/shrimp_dataset_eda_label_model_analysis_v1/kaggle_raw/shrimpdiseaseimagebd/ShrimpDiseaseImageBD An Image Dataset for Computer Vision-Based Detection of Shrimp Diseases in Bangladesh/Root/Annotated Diseased Shrimp Images/Annotated Diseased Shrimp Images/2. WSSV/labels/WSSV-97-img-3.txt,7,0,WSSV,WSSV-97-img-3,2048
1.0,1,WSSV,WSSV-98-img-1.jpg,204.5498046875,2048,/home/drnguyenvinh/notebooks/shrimp_dataset_eda_label_model_analysis_v1/kaggle_raw/shrimpdiseaseimagebd/ShrimpDiseaseImageBD An Image Dataset for Computer Vision-Based Detection of Shrimp Diseases in Bangladesh/Root/Annotated Diseased Shrimp Images/Annotated Diseased Shrimp Images/2. WSSV/images/WSSV-98-img-1.jpg,/home/drnguyenvinh/notebooks/shrimp_dataset_eda_label_model_analysis_v1/kaggle_raw/shrimpdiseaseimagebd/ShrimpDiseaseImageBD An Image Dataset for Computer Vision-Based Detection of Shrimp Diseases in Bangladesh/Root/Annotated Diseased Shrimp Images/Annotated Diseased Shrimp Images/2. WSSV/labels/WSSV-98-img-1.txt,5,0,WSSV,WSSV-98-img-1,2048
1.0,1,WSSV,WSSV-98-img-2.jpg,224.9580078125,2048,/home/drnguyenvinh/notebooks/shrimp_dataset_eda_label_model_analysis_v1/kaggle_raw/shrimpdiseaseimagebd/ShrimpDiseaseImageBD An Image Dataset for Computer Vision-Based Detection of Shrimp Diseases in Bangladesh/Root/Annotated Diseased Shrimp Images/Annotated Diseased Shrimp Images/2. WSSV/images/WSSV-98-img-2.jpg,/home/drnguyenvinh/notebooks/shrimp_dataset_eda_label_model_analysis_v1/kaggle_raw/shrimpdiseaseimagebd/ShrimpDiseaseImageBD An Image Dataset for Computer Vision-Based Detection of Shrimp Diseases in Bangladesh/Root/Annotated Diseased Shrimp Images/Annotated Diseased Shrimp Images/2. WSSV/labels/WSSV-98-img-2.txt,11,0,WSSV,WSSV-98-img-2,2048
1.0,1,WSSV,WSSV-98-img-3.jpg,218.7373046875,2048,/home/drnguyenvinh/notebooks/shrimp_dataset_eda_label_model_analysis_v1/kaggle_raw/shrimpdiseaseimagebd/ShrimpDiseaseImageBD An Image Dataset for Computer Vision-Based Detection of Shrimp Diseases in Bangladesh/Root/Annotated Diseased Shrimp Images/Annotated Diseased Shrimp Images/2. WSSV/images/WSSV-98-img-3.jpg,/home/drnguyenvinh/notebooks/shrimp_dataset_eda_label_model_analysis_v1/kaggle_raw/shrimpdiseaseimagebd/ShrimpDiseaseImageBD An Image Dataset for Computer Vision-Based Detection of Shrimp Diseases in Bangladesh/Root/Annotated Diseased Shrimp Images/Annotated Diseased Shrimp Images/2. WSSV/labels/WSSV-98-img-3.txt,10,0,WSSV,WSSV-98-img-3,2048
1.0,1,WSSV,WSSV-99-img-1.jpg,202.7978515625,2048,/home/drnguyenvinh/notebooks/shrimp_dataset_eda_label_model_analysis_v1/kaggle_raw/shrimpdiseaseimagebd/ShrimpDiseaseImageBD An Image Dataset for Computer Vision-Based Detection of Shrimp Diseases in Bangladesh/Root/Annotated Diseased Shrimp Images/Annotated Diseased Shrimp Images/2. WSSV/images/WSSV-99-img-1.jpg,/home/drnguyenvinh/notebooks/shrimp_dataset_eda_label_model_analysis_v1/kaggle_raw/shrimpdiseaseimagebd/ShrimpDiseaseImageBD An Image Dataset for Computer Vision-Based Detection of Shrimp Diseases in Bangladesh/Root/Annotated Diseased Shrimp Images/Annotated Diseased Shrimp Images/2. WSSV/labels/WSSV-99-img-1.txt,13,0,WSSV,WSSV-99-img-1,2048
1.0,1,WSSV,WSSV-99-img-2.jpg,194.314453125,2048,/home/drnguyenvinh/notebooks/shrimp_dataset_eda_label_model_analysis_v1/kaggle_raw/shrimpdiseaseimagebd/ShrimpDiseaseImageBD An Image Dataset for Computer Vision-Based Detection of Shrimp Diseases in Bangladesh/Root/Annotated Diseased Shrimp Images/Annotated Diseased Shrimp Images/2. WSSV/images/WSSV-99-img-2.jpg,/home/drnguyenvinh/notebooks/shrimp_dataset_eda_label_model_analysis_v1/kaggle_raw/shrimpdiseaseimagebd/ShrimpDiseaseImageBD An Image Dataset for Computer Vision-Based Detection of Shrimp Diseases in Bangladesh/Root/Annotated Diseased Shrimp Images/Annotated Diseased Shrimp Images/2. WSSV/labels/WSSV-99-img-2.txt,11,0,WSSV,WSSV-99-img-2,2048
1.0,1,WSSV,WSSV-99-img-3.jpg,207.8291015625,2048,/home/drnguyenvinh/notebooks/shrimp_dataset_eda_label_model_analysis_v1/kaggle_raw/shrimpdiseaseimagebd/ShrimpDiseaseImageBD An Image Dataset for Computer Vision-Based Detection of Shrimp Diseases in Bangladesh/Root/Annotated Diseased Shrimp Images/Annotated Diseased Shrimp Images/2. WSSV/images/WSSV-99-img-3.jpg,/home/drnguyenvinh/notebooks/shrimp_dataset_eda_label_model_analysis_v1/kaggle_raw/shrimpdiseaseimagebd/ShrimpDiseaseImageBD An Image Dataset for Computer Vision-Based Detection of Shrimp Diseases in Bangladesh/Root/Annotated Diseased Shrimp Images/Annotated Diseased Shrimp Images/2. WSSV/labels/WSSV-99-img-3.txt,8,0,WSSV,WSSV-99-img-3,2048
1.0,0,BG,BG-1-img-1.jpg,864.0126953125,2048,/home/drnguyenvinh/notebooks/shrimp_dataset_eda_label_model_analysis_v1/kaggle_raw/shrimpdiseaseimagebd/ShrimpDiseaseImageBD An Image Dataset for Computer Vision-Based Detection of Shrimp Diseases in Bangladesh/Root/Annotated Diseased Shrimp Images/Annotated Diseased Shrimp Images/1. BG/images/BG-1-img-1.jpg,/home/drnguyenvinh/notebooks/shrimp_dataset_eda_label_model_analysis_v1/kaggle_raw/shrimpdiseaseimagebd/ShrimpDiseaseImageBD An Image Dataset for Computer Vision-Based Detection of Shrimp Diseases in Bangladesh/Root/Annotated Diseased Shrimp Images/Annotated Diseased Shrimp Images/1. BG/labels/BG-1-img-1.txt,1,0,BG,BG-1-img-1,2048
1.0,0,BG,BG-1-img-2.jpg,611.533203125,2048,/home/drnguyenvinh/notebooks/shrimp_dataset_eda_label_model_analysis_v1/kaggle_raw/shrimpdiseaseimagebd/ShrimpDiseaseImageBD An Image Dataset for Computer Vision-Based Detection of Shrimp Diseases in Bangladesh/Root/Annotated Diseased Shrimp Images/Annotated Diseased Shrimp Images/1. BG/images/BG-1-img-2.jpg,/home/drnguyenvinh/notebooks/shrimp_dataset_eda_label_model_analysis_v1/kaggle_raw/shrimpdiseaseimagebd/ShrimpDiseaseImageBD An Image Dataset for Computer Vision-Based Detection of Shrimp Diseases in Bangladesh/Root/Annotated Diseased Shrimp Images/Annotated Diseased Shrimp Images/1. BG/labels/BG-1-img-2.txt,1,0,BG,BG-1-img-2,2048
1.0,0,BG,BG-1-img-3.jpg,901.6943359375,2048,/home/drnguyenvinh/notebooks/shrimp_dataset_eda_label_model_analysis_v1/kaggle_raw/shrimpdiseaseimagebd/ShrimpDiseaseImageBD An Image Dataset for Computer Vision-Based Detection of Shrimp Diseases in Bangladesh/Root/Annotated Diseased Shrimp Images/Annotated Diseased Shrimp Images/1. BG/images/BG-1-img-3.jpg,/home/drnguyenvinh/notebooks/shrimp_dataset_eda_label_model_analysis_v1/kaggle_raw/shrimpdiseaseimagebd/ShrimpDiseaseImageBD An Image Dataset for Computer Vision-Based Detection of Shrimp Diseases in Bangladesh/Root/Annotated Diseased Shrimp Images/Annotated Diseased Shrimp Images/1. BG/labels/BG-1-img-3.txt,1,0,BG,BG-1-img-3,2048
1.0,0,BG,BG-10-img-1.jpg,857.509765625,2048,/home/drnguyenvinh/notebooks/shrimp_dataset_eda_label_model_analysis_v1/kaggle_raw/shrimpdiseaseimagebd/ShrimpDiseaseImageBD An Image Dataset for Computer Vision-Based Detection of Shrimp Diseases in Bangladesh/Root/Annotated Diseased Shrimp Images/Annotated Diseased Shrimp Images/1. BG/images/BG-10-img-1.jpg,/home/drnguyenvinh/notebooks/shrimp_dataset_eda_label_model_analysis_v1/kaggle_raw/shrimpdiseaseimagebd/ShrimpDiseaseImageBD An Image Dataset for Computer Vision-Based Detection of Shrimp Diseases in Bangladesh/Root/Annotated Diseased Shrimp Images/Annotated Diseased Shrimp Images/1. BG/labels/BG-10-img-1.txt,1,0,BG,BG-10-img-1,2048
1.0,0,BG,BG-10-img-2.jpg,935.513671875,2048,/home/drnguyenvinh/notebooks/shrimp_dataset_eda_label_model_analysis_v1/kaggle_raw/shrimpdiseaseimagebd/ShrimpDiseaseImageBD An Image Dataset for Computer Vision-Based Detection of Shrimp Diseases in Bangladesh/Root/Annotated Diseased Shrimp Images/Annotated Diseased Shrimp Images/1. BG/images/BG-10-img-2.jpg,/home/drnguyenvinh/notebooks/shrimp_dataset_eda_label_model_analysis_v1/kaggle_raw/shrimpdiseaseimagebd/ShrimpDiseaseImageBD An Image Dataset for Computer Vision-Based Detection of Shrimp Diseases in Bangladesh/Root/Annotated Diseased Shrimp Images/Annotated Diseased Shrimp Images/1. BG/labels/BG-10-img-2.txt,1,0,BG,BG-10-img-2,2048
1.0,0,BG,BG-10-img-3.jpg,908.22265625,2048,/home/drnguyenvinh/notebooks/shrimp_dataset_eda_label_model_analysis_v1/kaggle_raw/shrimpdiseaseimagebd/ShrimpDiseaseImageBD An Image Dataset for Computer Vision-Based Detection of Shrimp Diseases in Bangladesh/Root/Annotated Diseased Shrimp Images/Annotated Diseased Shrimp Images/1. BG/images/BG-10-img-3.jpg,/home/drnguyenvinh/notebooks/shrimp_dataset_eda_label_model_analysis_v1/kaggle_raw/shrimpdiseaseimagebd/ShrimpDiseaseImageBD An Image Dataset for Computer Vision-Based Detection of Shrimp Diseases in Bangladesh/Root/Annotated Diseased Shrimp Images/Annotated Diseased Shrimp Images/1. BG/labels/BG-10-img-3.txt,1,0,BG,BG-10-img-3,2048
1.0,0,BG,BG-11-img-1.jpg,638.55078125,2048,/home/drnguyenvinh/notebooks/shrimp_dataset_eda_label_model_analysis_v1/kaggle_raw/shrimpdiseaseimagebd/ShrimpDiseaseImageBD An Image Dataset for Computer Vision-Based Detection of Shrimp Diseases in Bangladesh/Root/Annotated Diseased Shrimp Images/Annotated Diseased Shrimp Images/1. BG/images/BG-11-img-1.jpg,/home/drnguyenvinh/notebooks/shrimp_dataset_eda_label_model_analysis_v1/kaggle_raw/shrimpdiseaseimagebd/ShrimpDiseaseImageBD An Image Dataset for Computer Vision-Based Detection of Shrimp Diseases in Bangladesh/Root/Annotated Diseased Shrimp Images/Annotated Diseased Shrimp Images/1. BG/labels/BG-11-img-1.txt,5,0,BG,BG-11-img-1,2048
1.0,0,BG,BG-11-img-2.jpg,579.0791015625,2048,/home/drnguyenvinh/notebooks/shrimp_dataset_eda_label_model_analysis_v1/kaggle_raw/shrimpdiseaseimagebd/ShrimpDiseaseImageBD An Image Dataset for Computer Vision-Based Detection of Shrimp Diseases in Bangladesh/Root/Annotated Diseased Shrimp Images/Annotated Diseased Shrimp Images/1. BG/images/BG-11-img-2.jpg,/home/drnguyenvinh/notebooks/shrimp_dataset_eda_label_model_analysis_v1/kaggle_raw/shrimpdiseaseimagebd/ShrimpDiseaseImageBD An Image Dataset for Computer Vision-Based Detection of Shrimp Diseases in Bangladesh/Root/Annotated Diseased Shrimp Images/Annotated Diseased Shrimp Images/1. BG/labels/BG-11-img-2.txt,5,0,BG,BG-11-img-2,2048
1.0,0,BG,BG-11-img-3.jpg,608.302734375,2048,/home/drnguyenvinh/notebooks/shrimp_dataset_eda_label_model_analysis_v1/kaggle_raw/shrimpdiseaseimagebd/ShrimpDiseaseImageBD An Image Dataset for Computer Vision-Based Detection of Shrimp Diseases in Bangladesh/Root/Annotated Diseased Shrimp Images/Annotated Diseased Shrimp Images/1. BG/images/BG-11-img-3.jpg,/home/drnguyenvinh/notebooks/shrimp_dataset_eda_label_model_analysis_v1/kaggle_raw/shrimpdiseaseimagebd/ShrimpDiseaseImageBD An Image Dataset for Computer Vision-Based Detection of Shrimp Diseases in Bangladesh/Root/Annotated Diseased Shrimp Images/Annotated Diseased Shrimp Images/1. BG/labels/BG-11-img-3.txt,5,0,BG,BG-11-img-3,2048
1.0,0,BG,BG-12-img-1.jpg,697.0205078125,2048,/home/drnguyenvinh/notebooks/shrimp_dataset_eda_label_model_analysis_v1/kaggle_raw/shrimpdiseaseimagebd/ShrimpDiseaseImageBD An Image Dataset for Computer Vision-Based Detection of Shrimp Diseases in Bangladesh/Root/Annotated Diseased Shrimp Images/Annotated Diseased Shrimp Images/1. BG/images/BG-12-img-1.jpg,/home/drnguyenvinh/notebooks/shrimp_dataset_eda_label_model_analysis_v1/kaggle_raw/shrimpdiseaseimagebd/ShrimpDiseaseImageBD An Image Dataset for Computer Vision-Based Detection of Shrimp Diseases in Bangladesh/Root/Annotated Diseased Shrimp Images/Annotated Diseased Shrimp Images/1. BG/labels/BG-12-img-1.txt,2,0,BG,BG-12-img-1,2048
1.0,0,BG,BG-12-img-2.jpg,658.673828125,2048,/home/drnguyenvinh/notebooks/shrimp_dataset_eda_label_model_analysis_v1/kaggle_raw/shrimpdiseaseimagebd/ShrimpDiseaseImageBD An Image Dataset for Computer Vision-Based Detection of Shrimp Diseases in Bangladesh/Root/Annotated Diseased Shrimp Images/Annotated Diseased Shrimp Images/1. BG/images/BG-12-img-2.jpg,/home/drnguyenvinh/notebooks/shrimp_dataset_eda_label_model_analysis_v1/kaggle_raw/shrimpdiseaseimagebd/ShrimpDiseaseImageBD An Image Dataset for Computer Vision-Based Detection of Shrimp Diseases in Bangladesh/Root/Annotated Diseased Shrimp Images/Annotated Diseased Shrimp Images/1. BG/labels/BG-12-img-2.txt,1,0,BG,BG-12-img-2,2048
1.0,0,BG,BG-12-img-3.jpg,715.7314453125,2048,/home/drnguyenvinh/notebooks/shrimp_dataset_eda_label_model_analysis_v1/kaggle_raw/shrimpdiseaseimagebd/ShrimpDiseaseImageBD An Image Dataset for Computer Vision-Based Detection of Shrimp Diseases in Bangladesh/Root/Annotated Diseased Shrimp Images/Annotated Diseased Shrimp Images/1. BG/images/BG-12-img-3.jpg,/home/drnguyenvinh/notebooks/shrimp_dataset_eda_label_model_analysis_v1/kaggle_raw/shrimpdiseaseimagebd/ShrimpDiseaseImageBD An Image Dataset for Computer Vision-Based Detection of Shrimp Diseases in Bangladesh/Root/Annotated Diseased Shrimp Images/Annotated Diseased Shrimp Images/1. BG/labels/BG-12-img-3.txt,1,0,BG,BG-12-img-3,2048
1.0,0,BG,BG-13-img-1.jpg,840.662109375,2048,/home/drnguyenvinh/notebooks/shrimp_dataset_eda_label_model_analysis_v1/kaggle_raw/shrimpdiseaseimagebd/ShrimpDiseaseImageBD An Image Dataset for Computer Vision-Based Detection of Shrimp Diseases in Bangladesh/Root/Annotated Diseased Shrimp Images/Annotated Diseased Shrimp Images/1. BG/images/BG-13-img-1.jpg,/home/drnguyenvinh/notebooks/shrimp_dataset_eda_label_model_analysis_v1/kaggle_raw/shrimpdiseaseimagebd/ShrimpDiseaseImageBD An Image Dataset for Computer Vision-Based Detection of Shrimp Diseases in Bangladesh/Root/Annotated Diseased Shrimp Images/Annotated Diseased Shrimp Images/1. BG/labels/BG-13-img-1.txt,1,0,BG,BG-13-img-1,2048
1.0,0,BG,BG-13-img-2.jpg,614.5107421875,2048,/home/drnguyenvinh/notebooks/shrimp_dataset_eda_label_model_analysis_v1/kaggle_raw/shrimpdiseaseimagebd/ShrimpDiseaseImageBD An Image Dataset for Computer Vision-Based Detection of Shrimp Diseases in Bangladesh/Root/Annotated Diseased Shrimp Images/Annotated Diseased Shrimp Images/1. BG/images/BG-13-img-2.jpg,/home/drnguyenvinh/notebooks/shrimp_dataset_eda_label_model_analysis_v1/kaggle_raw/shrimpdiseaseimagebd/ShrimpDiseaseImageBD An Image Dataset for Computer Vision-Based Detection of Shrimp Diseases in Bangladesh/Root/Annotated Diseased Shrimp Images/Annotated Diseased Shrimp Images/1. BG/labels/BG-13-img-2.txt,2,0,BG,BG-13-img-2,2048
1.0,0,BG,BG-13-img-3.jpg,581.04296875,2048,/home/drnguyenvinh/notebooks/shrimp_dataset_eda_label_model_analysis_v1/kaggle_raw/shrimpdiseaseimagebd/ShrimpDiseaseImageBD An Image Dataset for Computer Vision-Based Detection of Shrimp Diseases in Bangladesh/Root/Annotated Diseased Shrimp Images/Annotated Diseased Shrimp Images/1. BG/images/BG-13-img-3.jpg,/home/drnguyenvinh/notebooks/shrimp_dataset_eda_label_model_analysis_v1/kaggle_raw/shrimpdiseaseimagebd/ShrimpDiseaseImageBD An Image Dataset for Computer Vision-Based Detection of Shrimp Diseases in Bangladesh/Root/Annotated Diseased Shrimp Images/Annotated Diseased Shrimp Images/1. BG/labels/BG-13-img-3.txt,1,0,BG,BG-13-img-3,2048
1.0,0,BG,BG-14-img-1.jpg,294.849609375,2048,/home/drnguyenvinh/notebooks/shrimp_dataset_eda_label_model_analysis_v1/kaggle_raw/shrimpdiseaseimagebd/ShrimpDiseaseImageBD An Image Dataset for Computer Vision-Based Detection of Shrimp Diseases in Bangladesh/Root/Annotated Diseased Shrimp Images/Annotated Diseased Shrimp Images/1. BG/images/BG-14-img-1.jpg,/home/drnguyenvinh/notebooks/shrimp_dataset_eda_label_model_analysis_v1/kaggle_raw/shrimpdiseaseimagebd/ShrimpDiseaseImageBD An Image Dataset for Computer Vision-Based Detection of Shrimp Diseases in Bangladesh/Root/Annotated Diseased Shrimp Images/Annotated Diseased Shrimp Images/1. BG/labels/BG-14-img-1.txt,1,0,BG,BG-14-img-1,2048
1.0,0,BG,BG-15-img-1.jpg,184.20703125,2048,/home/drnguyenvinh/notebooks/shrimp_dataset_eda_label_model_analysis_v1/kaggle_raw/shrimpdiseaseimagebd/ShrimpDiseaseImageBD An Image Dataset for Computer Vision-Based Detection of Shrimp Diseases in Bangladesh/Root/Annotated Diseased Shrimp Images/Annotated Diseased Shrimp Images/1. BG/images/BG-15-img-1.jpg,/home/drnguyenvinh/notebooks/shrimp_dataset_eda_label_model_analysis_v1/kaggle_raw/shrimpdiseaseimagebd/ShrimpDiseaseImageBD An Image Dataset for Computer Vision-Based Detection of Shrimp Diseases in Bangladesh/Root/Annotated Diseased Shrimp Images/Annotated Diseased Shrimp Images/1. BG/labels/BG-15-img-1.txt,1,0,BG,BG-15-img-1,2048
1.0,0,BG,BG-15-img-2.jpg,173.892578125,2048,/home/drnguyenvinh/notebooks/shrimp_dataset_eda_label_model_analysis_v1/kaggle_raw/shrimpdiseaseimagebd/ShrimpDiseaseImageBD An Image Dataset for Computer Vision-Based Detection of Shrimp Diseases in Bangladesh/Root/Annotated Diseased Shrimp Images/Annotated Diseased Shrimp Images/1. BG/images/BG-15-img-2.jpg,/home/drnguyenvinh/notebooks/shrimp_dataset_eda_label_model_analysis_v1/kaggle_raw/shrimpdiseaseimagebd/ShrimpDiseaseImageBD An Image Dataset for Computer Vision-Based Detection of Shrimp Diseases in Bangladesh/Root/Annotated Diseased Shrimp Images/Annotated Diseased Shrimp Images/1. BG/labels/BG-15-img-2.txt,1,0,BG,BG-15-img-2,2048
1.0,0,BG,BG-16-img-1.jpg,202.64453125,2048,/home/drnguyenvinh/notebooks/shrimp_dataset_eda_label_model_analysis_v1/kaggle_raw/shrimpdiseaseimagebd/ShrimpDiseaseImageBD An Image Dataset for Computer Vision-Based Detection of Shrimp Diseases in Bangladesh/Root/Annotated Diseased Shrimp Images/Annotated Diseased Shrimp Images/1. BG/images/BG-16-img-1.jpg,/home/drnguyenvinh/notebooks/shrimp_dataset_eda_label_model_analysis_v1/kaggle_raw/shrimpdiseaseimagebd/ShrimpDiseaseImageBD An Image Dataset for Computer Vision-Based Detection of Shrimp Diseases in Bangladesh/Root/Annotated Diseased Shrimp Images/Annotated Diseased Shrimp Images/1. BG/labels/BG-16-img-1.txt,1,0,BG,BG-16-img-1,2048
1.0,0,BG,BG-17-img-1.jpg,146.8125,2048,/home/drnguyenvinh/notebooks/shrimp_dataset_eda_label_model_analysis_v1/kaggle_raw/shrimpdiseaseimagebd/ShrimpDiseaseImageBD An Image Dataset for Computer Vision-Based Detection of Shrimp Diseases in Bangladesh/Root/Annotated Diseased Shrimp Images/Annotated Diseased Shrimp Images/1. BG/images/BG-17-img-1.jpg,/home/drnguyenvinh/notebooks/shrimp_dataset_eda_label_model_analysis_v1/kaggle_raw/shrimpdiseaseimagebd/ShrimpDiseaseImageBD An Image Dataset for Computer Vision-Based Detection of Shrimp Diseases in Bangladesh/Root/Annotated Diseased Shrimp Images/Annotated Diseased Shrimp Images/1. BG/labels/BG-17-img-1.txt,1,0,BG,BG-17-img-1,2048
1.0,0,BG,BG-18-img-1.jpg,136.587890625,2048,/home/drnguyenvinh/notebooks/shrimp_dataset_eda_label_model_analysis_v1/kaggle_raw/shrimpdiseaseimagebd/ShrimpDiseaseImageBD An Image Dataset for Computer Vision-Based Detection of Shrimp Diseases in Bangladesh/Root/Annotated Diseased Shrimp Images/Annotated Diseased Shrimp Images/1. BG/images/BG-18-img-1.jpg,/home/drnguyenvinh/notebooks/shrimp_dataset_eda_label_model_analysis_v1/kaggle_raw/shrimpdiseaseimagebd/ShrimpDiseaseImageBD An Image Dataset for Computer Vision-Based Detection of Shrimp Diseases in Bangladesh/Root/Annotated Diseased Shrimp Images/Annotated Diseased Shrimp Images/1. BG/labels/BG-18-img-1.txt,1,0,BG,BG-18-img-1,2048
1.0,0,BG,BG-19-img-1.jpg,181.0458984375,2048,/home/drnguyenvinh/notebooks/shrimp_dataset_eda_label_model_analysis_v1/kaggle_raw/shrimpdiseaseimagebd/ShrimpDiseaseImageBD An Image Dataset for Computer Vision-Based Detection of Shrimp Diseases in Bangladesh/Root/Annotated Diseased Shrimp Images/Annotated Diseased Shrimp Images/1. BG/images/BG-19-img-1.jpg,/home/drnguyenvinh/notebooks/shrimp_dataset_eda_label_model_analysis_v1/kaggle_raw/shrimpdiseaseimagebd/ShrimpDiseaseImageBD An Image Dataset for Computer Vision-Based Detection of Shrimp Diseases in Bangladesh/Root/Annotated Diseased Shrimp Images/Annotated Diseased Shrimp Images/1. BG/labels/BG-19-img-1.txt,1,0,BG,BG-19-img-1,2048
1.0,0,BG,BG-19-img-2.jpg,164.748046875,2048,/home/drnguyenvinh/notebooks/shrimp_dataset_eda_label_model_analysis_v1/kaggle_raw/shrimpdiseaseimagebd/ShrimpDiseaseImageBD An Image Dataset for Computer Vision-Based Detection of Shrimp Diseases in Bangladesh/Root/Annotated Diseased Shrimp Images/Annotated Diseased Shrimp Images/1. BG/images/BG-19-img-2.jpg,/home/drnguyenvinh/notebooks/shrimp_dataset_eda_label_model_analysis_v1/kaggle_raw/shrimpdiseaseimagebd/ShrimpDiseaseImageBD An Image Dataset for Computer Vision-Based Detection of Shrimp Diseases in Bangladesh/Root/Annotated Diseased Shrimp Images/Annotated Diseased Shrimp Images/1. BG/labels/BG-19-img-2.txt,1,0,BG,BG-19-img-2,2048
1.0,0,BG,BG-2-img-1.jpg,875.4443359375,2048,/home/drnguyenvinh/notebooks/shrimp_dataset_eda_label_model_analysis_v1/kaggle_raw/shrimpdiseaseimagebd/ShrimpDiseaseImageBD An Image Dataset for Computer Vision-Based Detection of Shrimp Diseases in Bangladesh/Root/Annotated Diseased Shrimp Images/Annotated Diseased Shrimp Images/1. BG/images/BG-2-img-1.jpg,/home/drnguyenvinh/notebooks/shrimp_dataset_eda_label_model_analysis_v1/kaggle_raw/shrimpdiseaseimagebd/ShrimpDiseaseImageBD An Image Dataset for Computer Vision-Based Detection of Shrimp Diseases in Bangladesh/Root/Annotated Diseased Shrimp Images/Annotated Diseased Shrimp Images/1. BG/labels/BG-2-img-1.txt,1,0,BG,BG-2-img-1,2048
1.0,0,BG,BG-2-img-2.jpg,648.5927734375,2048,/home/drnguyenvinh/notebooks/shrimp_dataset_eda_label_model_analysis_v1/kaggle_raw/shrimpdiseaseimagebd/ShrimpDiseaseImageBD An Image Dataset for Computer Vision-Based Detection of Shrimp Diseases in Bangladesh/Root/Annotated Diseased Shrimp Images/Annotated Diseased Shrimp Images/1. BG/images/BG-2-img-2.jpg,/home/drnguyenvinh/notebooks/shrimp_dataset_eda_label_model_analysis_v1/kaggle_raw/shrimpdiseaseimagebd/ShrimpDiseaseImageBD An Image Dataset for Computer Vision-Based Detection of Shrimp Diseases in Bangladesh/Root/Annotated Diseased Shrimp Images/Annotated Diseased Shrimp Images/1. BG/labels/BG-2-img-2.txt,1,0,BG,BG-2-img-2,2048
1.0,0,BG,BG-2-img-3.jpg,916.798828125,2048,/home/drnguyenvinh/notebooks/shrimp_dataset_eda_label_model_analysis_v1/kaggle_raw/shrimpdiseaseimagebd/ShrimpDiseaseImageBD An Image Dataset for Computer Vision-Based Detection of Shrimp Diseases in Bangladesh/Root/Annotated Diseased Shrimp Images/Annotated Diseased Shrimp Images/1. BG/images/BG-2-img-3.jpg,/home/drnguyenvinh/notebooks/shrimp_dataset_eda_label_model_analysis_v1/kaggle_raw/shrimpdiseaseimagebd/ShrimpDiseaseImageBD An Image Dataset for Computer Vision-Based Detection of Shrimp Diseases in Bangladesh/Root/Annotated Diseased Shrimp Images/Annotated Diseased Shrimp Images/1. BG/labels/BG-2-img-3.txt,1,0,BG,BG-2-img-3,2048
1.0,0,BG,BG-20-img-1.jpg,163.3232421875,2048,/home/drnguyenvinh/notebooks/shrimp_dataset_eda_label_model_analysis_v1/kaggle_raw/shrimpdiseaseimagebd/ShrimpDiseaseImageBD An Image Dataset for Computer Vision-Based Detection of Shrimp Diseases in Bangladesh/Root/Annotated Diseased Shrimp Images/Annotated Diseased Shrimp Images/1. BG/images/BG-20-img-1.jpg,/home/drnguyenvinh/notebooks/shrimp_dataset_eda_label_model_analysis_v1/kaggle_raw/shrimpdiseaseimagebd/ShrimpDiseaseImageBD An Image Dataset for Computer Vision-Based Detection of Shrimp Diseases in Bangladesh/Root/Annotated Diseased Shrimp Images/Annotated Diseased Shrimp Images/1. BG/labels/BG-20-img-1.txt,1,0,BG,BG-20-img-1,2048
1.0,0,BG,BG-20-img-2.jpg,152.03515625,2048,/home/drnguyenvinh/notebooks/shrimp_dataset_eda_label_model_analysis_v1/kaggle_raw/shrimpdiseaseimagebd/ShrimpDiseaseImageBD An Image Dataset for Computer Vision-Based Detection of Shrimp Diseases in Bangladesh/Root/Annotated Diseased Shrimp Images/Annotated Diseased Shrimp Images/1. BG/images/BG-20-img-2.jpg,/home/drnguyenvinh/notebooks/shrimp_dataset_eda_label_model_analysis_v1/kaggle_raw/shrimpdiseaseimagebd/ShrimpDiseaseImageBD An Image Dataset for Computer Vision-Based Detection of Shrimp Diseases in Bangladesh/Root/Annotated Diseased Shrimp Images/Annotated Diseased Shrimp Images/1. BG/labels/BG-20-img-2.txt,2,0,BG,BG-20-img-2,2048
1.0,0,BG,BG-21-img-1.jpg,723.4873046875,2048,/home/drnguyenvinh/notebooks/shrimp_dataset_eda_label_model_analysis_v1/kaggle_raw/shrimpdiseaseimagebd/ShrimpDiseaseImageBD An Image Dataset for Computer Vision-Based Detection of Shrimp Diseases in Bangladesh/Root/Annotated Diseased Shrimp Images/Annotated Diseased Shrimp Images/1. BG/images/BG-21-img-1.jpg,/home/drnguyenvinh/notebooks/shrimp_dataset_eda_label_model_analysis_v1/kaggle_raw/shrimpdiseaseimagebd/ShrimpDiseaseImageBD An Image Dataset for Computer Vision-Based Detection of Shrimp Diseases in Bangladesh/Root/Annotated Diseased Shrimp Images/Annotated Diseased Shrimp Images/1. BG/labels/BG-21-img-1.txt,1,0,BG,BG-21-img-1,2048
1.0,0,BG,BG-21-img-2.jpg,646.9853515625,2048,/home/drnguyenvinh/notebooks/shrimp_dataset_eda_label_model_analysis_v1/kaggle_raw/shrimpdiseaseimagebd/ShrimpDiseaseImageBD An Image Dataset for Computer Vision-Based Detection of Shrimp Diseases in Bangladesh/Root/Annotated Diseased Shrimp Images/Annotated Diseased Shrimp Images/1. BG/images/BG-21-img-2.jpg,/home/drnguyenvinh/notebooks/shrimp_dataset_eda_label_model_analysis_v1/kaggle_raw/shrimpdiseaseimagebd/ShrimpDiseaseImageBD An Image Dataset for Computer Vision-Based Detection of Shrimp Diseases in Bangladesh/Root/Annotated Diseased Shrimp Images/Annotated Diseased Shrimp Images/1. BG/labels/BG-21-img-2.txt,2,0,BG,BG-21-img-2,2048
1.0,0,BG,BG-21-img-3.jpg,590.08984375,2048,/home/drnguyenvinh/notebooks/shrimp_dataset_eda_label_model_analysis_v1/kaggle_raw/shrimpdiseaseimagebd/ShrimpDiseaseImageBD An Image Dataset for Computer Vision-Based Detection of Shrimp Diseases in Bangladesh/Root/Annotated Diseased Shrimp Images/Annotated Diseased Shrimp Images/1. BG/images/BG-21-img-3.jpg,/home/drnguyenvinh/notebooks/shrimp_dataset_eda_label_model_analysis_v1/kaggle_raw/shrimpdiseaseimagebd/ShrimpDiseaseImageBD An Image Dataset for Computer Vision-Based Detection of Shrimp Diseases in Bangladesh/Root/Annotated Diseased Shrimp Images/Annotated Diseased Shrimp Images/1. BG/labels/BG-21-img-3.txt,2,0,BG,BG-21-img-3,2048
1.0,0,BG,BG-22-img-1.jpg,749.26171875,2048,/home/drnguyenvinh/notebooks/shrimp_dataset_eda_label_model_analysis_v1/kaggle_raw/shrimpdiseaseimagebd/ShrimpDiseaseImageBD An Image Dataset for Computer Vision-Based Detection of Shrimp Diseases in Bangladesh/Root/Annotated Diseased Shrimp Images/Annotated Diseased Shrimp Images/1. BG/images/BG-22-img-1.jpg,/home/drnguyenvinh/notebooks/shrimp_dataset_eda_label_model_analysis_v1/kaggle_raw/shrimpdiseaseimagebd/ShrimpDiseaseImageBD An Image Dataset for Computer Vision-Based Detection of Shrimp Diseases in Bangladesh/Root/Annotated Diseased Shrimp Images/Annotated Diseased Shrimp Images/1. BG/labels/BG-22-img-1.txt,1,0,BG,BG-22-img-1,2048
1.0,0,BG,BG-22-img-2.jpg,754.6357421875,2048,/home/drnguyenvinh/notebooks/shrimp_dataset_eda_label_model_analysis_v1/kaggle_raw/shrimpdiseaseimagebd/ShrimpDiseaseImageBD An Image Dataset for Computer Vision-Based Detection of Shrimp Diseases in Bangladesh/Root/Annotated Diseased Shrimp Images/Annotated Diseased Shrimp Images/1. BG/images/BG-22-img-2.jpg,/home/drnguyenvinh/notebooks/shrimp_dataset_eda_label_model_analysis_v1/kaggle_raw/shrimpdiseaseimagebd/ShrimpDiseaseImageBD An Image Dataset for Computer Vision-Based Detection of Shrimp Diseases in Bangladesh/Root/Annotated Diseased Shrimp Images/Annotated Diseased Shrimp Images/1. BG/labels/BG-22-img-2.txt,1,0,BG,BG-22-img-2,2048
1.0,0,BG,BG-22-img-3.jpg,731.2998046875,2048,/home/drnguyenvinh/notebooks/shrimp_dataset_eda_label_model_analysis_v1/kaggle_raw/shrimpdiseaseimagebd/ShrimpDiseaseImageBD An Image Dataset for Computer Vision-Based Detection of Shrimp Diseases in Bangladesh/Root/Annotated Diseased Shrimp Images/Annotated Diseased Shrimp Images/1. BG/images/BG-22-img-3.jpg,/home/drnguyenvinh/notebooks/shrimp_dataset_eda_label_model_analysis_v1/kaggle_raw/shrimpdiseaseimagebd/ShrimpDiseaseImageBD An Image Dataset for Computer Vision-Based Detection of Shrimp Diseases in Bangladesh/Root/Annotated Diseased Shrimp Images/Annotated Diseased Shrimp Images/1. BG/labels/BG-22-img-3.txt,1,0,BG,BG-22-img-3,2048
1.0,0,BG,BG-23-img-1.jpg,969.107421875,2048,/home/drnguyenvinh/notebooks/shrimp_dataset_eda_label_model_analysis_v1/kaggle_raw/shrimpdiseaseimagebd/ShrimpDiseaseImageBD An Image Dataset for Computer Vision-Based Detection of Shrimp Diseases in Bangladesh/Root/Annotated Diseased Shrimp Images/Annotated Diseased Shrimp Images/1. BG/images/BG-23-img-1.jpg,/home/drnguyenvinh/notebooks/shrimp_dataset_eda_label_model_analysis_v1/kaggle_raw/shrimpdiseaseimagebd/ShrimpDiseaseImageBD An Image Dataset for Computer Vision-Based Detection of Shrimp Diseases in Bangladesh/Root/Annotated Diseased Shrimp Images/Annotated Diseased Shrimp Images/1. BG/labels/BG-23-img-1.txt,2,0,BG,BG-23-img-1,2048
1.0,0,BG,BG-23-img-2.jpg,934.3740234375,2048,/home/drnguyenvinh/notebooks/shrimp_dataset_eda_label_model_analysis_v1/kaggle_raw/shrimpdiseaseimagebd/ShrimpDiseaseImageBD An Image Dataset for Computer Vision-Based Detection of Shrimp Diseases in Bangladesh/Root/Annotated Diseased Shrimp Images/Annotated Diseased Shrimp Images/1. BG/images/BG-23-img-2.jpg,/home/drnguyenvinh/notebooks/shrimp_dataset_eda_label_model_analysis_v1/kaggle_raw/shrimpdiseaseimagebd/ShrimpDiseaseImageBD An Image Dataset for Computer Vision-Based Detection of Shrimp Diseases in Bangladesh/Root/Annotated Diseased Shrimp Images/Annotated Diseased Shrimp Images/1. BG/labels/BG-23-img-2.txt,4,0,BG,BG-23-img-2,2048
1.0,0,BG,BG-23-img-3.jpg,806.9697265625,2048,/home/drnguyenvinh/notebooks/shrimp_dataset_eda_label_model_analysis_v1/kaggle_raw/shrimpdiseaseimagebd/ShrimpDiseaseImageBD An Image Dataset for Computer Vision-Based Detection of Shrimp Diseases in Bangladesh/Root/Annotated Diseased Shrimp Images/Annotated Diseased Shrimp Images/1. BG/images/BG-23-img-3.jpg,/home/drnguyenvinh/notebooks/shrimp_dataset_eda_label_model_analysis_v1/kaggle_raw/shrimpdiseaseimagebd/ShrimpDiseaseImageBD An Image Dataset for Computer Vision-Based Detection of Shrimp Diseases in Bangladesh/Root/Annotated Diseased Shrimp Images/Annotated Diseased Shrimp Images/1. BG/labels/BG-23-img-3.txt,3,0,BG,BG-23-img-3,2048
1.0,0,BG,BG-24-img-1.jpg,421.7470703125,2048,/home/drnguyenvinh/notebooks/shrimp_dataset_eda_label_model_analysis_v1/kaggle_raw/shrimpdiseaseimagebd/ShrimpDiseaseImageBD An Image Dataset for Computer Vision-Based Detection of Shrimp Diseases in Bangladesh/Root/Annotated Diseased Shrimp Images/Annotated Diseased Shrimp Images/1. BG/images/BG-24-img-1.jpg,/home/drnguyenvinh/notebooks/shrimp_dataset_eda_label_model_analysis_v1/kaggle_raw/shrimpdiseaseimagebd/ShrimpDiseaseImageBD An Image Dataset for Computer Vision-Based Detection of Shrimp Diseases in Bangladesh/Root/Annotated Diseased Shrimp Images/Annotated Diseased Shrimp Images/1. BG/labels/BG-24-img-1.txt,2,0,BG,BG-24-img-1,2048
1.0,0,BG,BG-24-img-2.jpg,569.9619140625,2048,/home/drnguyenvinh/notebooks/shrimp_dataset_eda_label_model_analysis_v1/kaggle_raw/shrimpdiseaseimagebd/ShrimpDiseaseImageBD An Image Dataset for Computer Vision-Based Detection of Shrimp Diseases in Bangladesh/Root/Annotated Diseased Shrimp Images/Annotated Diseased Shrimp Images/1. BG/images/BG-24-img-2.jpg,/home/drnguyenvinh/notebooks/shrimp_dataset_eda_label_model_analysis_v1/kaggle_raw/shrimpdiseaseimagebd/ShrimpDiseaseImageBD An Image Dataset for Computer Vision-Based Detection of Shrimp Diseases in Bangladesh/Root/Annotated Diseased Shrimp Images/Annotated Diseased Shrimp Images/1. BG/labels/BG-24-img-2.txt,2,0,BG,BG-24-img-2,2048
1.0,0,BG,BG-24-img-3.jpg,606.0439453125,2048,/home/drnguyenvinh/notebooks/shrimp_dataset_eda_label_model_analysis_v1/kaggle_raw/shrimpdiseaseimagebd/ShrimpDiseaseImageBD An Image Dataset for Computer Vision-Based Detection of Shrimp Diseases in Bangladesh/Root/Annotated Diseased Shrimp Images/Annotated Diseased Shrimp Images/1. BG/images/BG-24-img-3.jpg,/home/drnguyenvinh/notebooks/shrimp_dataset_eda_label_model_analysis_v1/kaggle_raw/shrimpdiseaseimagebd/ShrimpDiseaseImageBD An Image Dataset for Computer Vision-Based Detection of Shrimp Diseases in Bangladesh/Root/Annotated Diseased Shrimp Images/Annotated Diseased Shrimp Images/1. BG/labels/BG-24-img-3.txt,2,0,BG,BG-24-img-3,2048
1.0,0,BG,BG-25-img-1.jpg,880.2412109375,2048,/home/drnguyenvinh/notebooks/shrimp_dataset_eda_label_model_analysis_v1/kaggle_raw/shrimpdiseaseimagebd/ShrimpDiseaseImageBD An Image Dataset for Computer Vision-Based Detection of Shrimp Diseases in Bangladesh/Root/Annotated Diseased Shrimp Images/Annotated Diseased Shrimp Images/1. BG/images/BG-25-img-1.jpg,/home/drnguyenvinh/notebooks/shrimp_dataset_eda_label_model_analysis_v1/kaggle_raw/shrimpdiseaseimagebd/ShrimpDiseaseImageBD An Image Dataset for Computer Vision-Based Detection of Shrimp Diseases in Bangladesh/Root/Annotated Diseased Shrimp Images/Annotated Diseased Shrimp Images/1. BG/labels/BG-25-img-1.txt,1,0,BG,BG-25-img-1,2048
1.0,0,BG,BG-25-img-2.jpg,986.0380859375,2048,/home/drnguyenvinh/notebooks/shrimp_dataset_eda_label_model_analysis_v1/kaggle_raw/shrimpdiseaseimagebd/ShrimpDiseaseImageBD An Image Dataset for Computer Vision-Based Detection of Shrimp Diseases in Bangladesh/Root/Annotated Diseased Shrimp Images/Annotated Diseased Shrimp Images/1. BG/images/BG-25-img-2.jpg,/home/drnguyenvinh/notebooks/shrimp_dataset_eda_label_model_analysis_v1/kaggle_raw/shrimpdiseaseimagebd/ShrimpDiseaseImageBD An Image Dataset for Computer Vision-Based Detection of Shrimp Diseases in Bangladesh/Root/Annotated Diseased Shrimp Images/Annotated Diseased Shrimp Images/1. BG/labels/BG-25-img-2.txt,1,0,BG,BG-25-img-2,2048
1.0,0,BG,BG-25-img-3.jpg,862.3486328125,2048,/home/drnguyenvinh/notebooks/shrimp_dataset_eda_label_model_analysis_v1/kaggle_raw/shrimpdiseaseimagebd/ShrimpDiseaseImageBD An Image Dataset for Computer Vision-Based Detection of Shrimp Diseases in Bangladesh/Root/Annotated Diseased Shrimp Images/Annotated Diseased Shrimp Images/1. BG/images/BG-25-img-3.jpg,/home/drnguyenvinh/notebooks/shrimp_dataset_eda_label_model_analysis_v1/kaggle_raw/shrimpdiseaseimagebd/ShrimpDiseaseImageBD An Image Dataset for Computer Vision-Based Detection of Shrimp Diseases in Bangladesh/Root/Annotated Diseased Shrimp Images/Annotated Diseased Shrimp Images/1. BG/labels/BG-25-img-3.txt,1,0,BG,BG-25-img-3,2048
1.0,0,BG,BG-26-img-1.jpg,167.10546875,2048,/home/drnguyenvinh/notebooks/shrimp_dataset_eda_label_model_analysis_v1/kaggle_raw/shrimpdiseaseimagebd/ShrimpDiseaseImageBD An Image Dataset for Computer Vision-Based Detection of Shrimp Diseases in Bangladesh/Root/Annotated Diseased Shrimp Images/Annotated Diseased Shrimp Images/1. BG/images/BG-26-img-1.jpg,/home/drnguyenvinh/notebooks/shrimp_dataset_eda_label_model_analysis_v1/kaggle_raw/shrimpdiseaseimagebd/ShrimpDiseaseImageBD An Image Dataset for Computer Vision-Based Detection of Shrimp Diseases in Bangladesh/Root/Annotated Diseased Shrimp Images/Annotated Diseased Shrimp Images/1. BG/labels/BG-26-img-1.txt,2,0,BG,BG-26-img-1,2048
1.0,0,BG,BG-27-img-1.jpg,229.734375,2048,/home/drnguyenvinh/notebooks/shrimp_dataset_eda_label_model_analysis_v1/kaggle_raw/shrimpdiseaseimagebd/ShrimpDiseaseImageBD An Image Dataset for Computer Vision-Based Detection of Shrimp Diseases in Bangladesh/Root/Annotated Diseased Shrimp Images/Annotated Diseased Shrimp Images/1. BG/images/BG-27-img-1.jpg,/home/drnguyenvinh/notebooks/shrimp_dataset_eda_label_model_analysis_v1/kaggle_raw/shrimpdiseaseimagebd/ShrimpDiseaseImageBD An Image Dataset for Computer Vision-Based Detection of Shrimp Diseases in Bangladesh/Root/Annotated Diseased Shrimp Images/Annotated Diseased Shrimp Images/1. BG/labels/BG-27-img-1.txt,2,0,BG,BG-27-img-1,2048
1.0,0,BG,BG-27-img-2.jpg,239.1396484375,2048,/home/drnguyenvinh/notebooks/shrimp_dataset_eda_label_model_analysis_v1/kaggle_raw/shrimpdiseaseimagebd/ShrimpDiseaseImageBD An Image Dataset for Computer Vision-Based Detection of Shrimp Diseases in Bangladesh/Root/Annotated Diseased Shrimp Images/Annotated Diseased Shrimp Images/1. BG/images/BG-27-img-2.jpg,/home/drnguyenvinh/notebooks/shrimp_dataset_eda_label_model_analysis_v1/kaggle_raw/shrimpdiseaseimagebd/ShrimpDiseaseImageBD An Image Dataset for Computer Vision-Based Detection of Shrimp Diseases in Bangladesh/Root/Annotated Diseased Shrimp Images/Annotated Diseased Shrimp Images/1. BG/labels/BG-27-img-2.txt,2,0,BG,BG-27-img-2,2048
1.0,0,BG,BG-27-img-3.jpg,216.8828125,2048,/home/drnguyenvinh/notebooks/shrimp_dataset_eda_label_model_analysis_v1/kaggle_raw/shrimpdiseaseimagebd/ShrimpDiseaseImageBD An Image Dataset for Computer Vision-Based Detection of Shrimp Diseases in Bangladesh/Root/Annotated Diseased Shrimp Images/Annotated Diseased Shrimp Images/1. BG/images/BG-27-img-3.jpg,/home/drnguyenvinh/notebooks/shrimp_dataset_eda_label_model_analysis_v1/kaggle_raw/shrimpdiseaseimagebd/ShrimpDiseaseImageBD An Image Dataset for Computer Vision-Based Detection of Shrimp Diseases in Bangladesh/Root/Annotated Diseased Shrimp Images/Annotated Diseased Shrimp Images/1. BG/labels/BG-27-img-3.txt,2,0,BG,BG-27-img-3,2048
1.0,0,BG,BG-28-img-1.jpg,202.3583984375,2048,/home/drnguyenvinh/notebooks/shrimp_dataset_eda_label_model_analysis_v1/kaggle_raw/shrimpdiseaseimagebd/ShrimpDiseaseImageBD An Image Dataset for Computer Vision-Based Detection of Shrimp Diseases in Bangladesh/Root/Annotated Diseased Shrimp Images/Annotated Diseased Shrimp Images/1. BG/images/BG-28-img-1.jpg,/home/drnguyenvinh/notebooks/shrimp_dataset_eda_label_model_analysis_v1/kaggle_raw/shrimpdiseaseimagebd/ShrimpDiseaseImageBD An Image Dataset for Computer Vision-Based Detection of Shrimp Diseases in Bangladesh/Root/Annotated Diseased Shrimp Images/Annotated Diseased Shrimp Images/1. BG/labels/BG-28-img-1.txt,1,0,BG,BG-28-img-1,2048
1.0,0,BG,BG-28-img-2.jpg,170.09375,2048,/home/drnguyenvinh/notebooks/shrimp_dataset_eda_label_model_analysis_v1/kaggle_raw/shrimpdiseaseimagebd/ShrimpDiseaseImageBD An Image Dataset for Computer Vision-Based Detection of Shrimp Diseases in Bangladesh/Root/Annotated Diseased Shrimp Images/Annotated Diseased Shrimp Images/1. BG/images/BG-28-img-2.jpg,/home/drnguyenvinh/notebooks/shrimp_dataset_eda_label_model_analysis_v1/kaggle_raw/shrimpdiseaseimagebd/ShrimpDiseaseImageBD An Image Dataset for Computer Vision-Based Detection of Shrimp Diseases in Bangladesh/Root/Annotated Diseased Shrimp Images/Annotated Diseased Shrimp Images/1. BG/labels/BG-28-img-2.txt,1,0,BG,BG-28-img-2,2048
1.0,0,BG,BG-29-img-1.jpg,207.3525390625,2048,/home/drnguyenvinh/notebooks/shrimp_dataset_eda_label_model_analysis_v1/kaggle_raw/shrimpdiseaseimagebd/ShrimpDiseaseImageBD An Image Dataset for Computer Vision-Based Detection of Shrimp Diseases in Bangladesh/Root/Annotated Diseased Shrimp Images/Annotated Diseased Shrimp Images/1. BG/images/BG-29-img-1.jpg,/home/drnguyenvinh/notebooks/shrimp_dataset_eda_label_model_analysis_v1/kaggle_raw/shrimpdiseaseimagebd/ShrimpDiseaseImageBD An Image Dataset for Computer Vision-Based Detection of Shrimp Diseases in Bangladesh/Root/Annotated Diseased Shrimp Images/Annotated Diseased Shrimp Images/1. BG/labels/BG-29-img-1.txt,1,0,BG,BG-29-img-1,2048
1.0,0,BG,BG-29-img-2.jpg,147.4658203125,2048,/home/drnguyenvinh/notebooks/shrimp_dataset_eda_label_model_analysis_v1/kaggle_raw/shrimpdiseaseimagebd/ShrimpDiseaseImageBD An Image Dataset for Computer Vision-Based Detection of Shrimp Diseases in Bangladesh/Root/Annotated Diseased Shrimp Images/Annotated Diseased Shrimp Images/1. BG/images/BG-29-img-2.jpg,/home/drnguyenvinh/notebooks/shrimp_dataset_eda_label_model_analysis_v1/kaggle_raw/shrimpdiseaseimagebd/ShrimpDiseaseImageBD An Image Dataset for Computer Vision-Based Detection of Shrimp Diseases in Bangladesh/Root/Annotated Diseased Shrimp Images/Annotated Diseased Shrimp Images/1. BG/labels/BG-29-img-2.txt,2,0,BG,BG-29-img-2,2048
1.0,0,BG,BG-29-img-3.jpg,160.76171875,2048,/home/drnguyenvinh/notebooks/shrimp_dataset_eda_label_model_analysis_v1/kaggle_raw/shrimpdiseaseimagebd/ShrimpDiseaseImageBD An Image Dataset for Computer Vision-Based Detection of Shrimp Diseases in Bangladesh/Root/Annotated Diseased Shrimp Images/Annotated Diseased Shrimp Images/1. BG/images/BG-29-img-3.jpg,/home/drnguyenvinh/notebooks/shrimp_dataset_eda_label_model_analysis_v1/kaggle_raw/shrimpdiseaseimagebd/ShrimpDiseaseImageBD An Image Dataset for Computer Vision-Based Detection of Shrimp Diseases in Bangladesh/Root/Annotated Diseased Shrimp Images/Annotated Diseased Shrimp Images/1. BG/labels/BG-29-img-3.txt,1,0,BG,BG-29-img-3,2048
1.0,0,BG,BG-3-img-1.jpg,208.9169921875,2048,/home/drnguyenvinh/notebooks/shrimp_dataset_eda_label_model_analysis_v1/kaggle_raw/shrimpdiseaseimagebd/ShrimpDiseaseImageBD An Image Dataset for Computer Vision-Based Detection of Shrimp Diseases in Bangladesh/Root/Annotated Diseased Shrimp Images/Annotated Diseased Shrimp Images/1. BG/images/BG-3-img-1.jpg,/home/drnguyenvinh/notebooks/shrimp_dataset_eda_label_model_analysis_v1/kaggle_raw/shrimpdiseaseimagebd/ShrimpDiseaseImageBD An Image Dataset for Computer Vision-Based Detection of Shrimp Diseases in Bangladesh/Root/Annotated Diseased Shrimp Images/Annotated Diseased Shrimp Images/1. BG/labels/BG-3-img-1.txt,2,0,BG,BG-3-img-1,2048
1.0,0,BG,BG-3-img-2.jpg,202.9443359375,2048,/home/drnguyenvinh/notebooks/shrimp_dataset_eda_label_model_analysis_v1/kaggle_raw/shrimpdiseaseimagebd/ShrimpDiseaseImageBD An Image Dataset for Computer Vision-Based Detection of Shrimp Diseases in Bangladesh/Root/Annotated Diseased Shrimp Images/Annotated Diseased Shrimp Images/1. BG/images/BG-3-img-2.jpg,/home/drnguyenvinh/notebooks/shrimp_dataset_eda_label_model_analysis_v1/kaggle_raw/shrimpdiseaseimagebd/ShrimpDiseaseImageBD An Image Dataset for Computer Vision-Based Detection of Shrimp Diseases in Bangladesh/Root/Annotated Diseased Shrimp Images/Annotated Diseased Shrimp Images/1. BG/labels/BG-3-img-2.txt,1,0,BG,BG-3-img-2,2048
1.0,0,BG,BG-3-img-3.jpg,200.736328125,2048,/home/drnguyenvinh/notebooks/shrimp_dataset_eda_label_model_analysis_v1/kaggle_raw/shrimpdiseaseimagebd/ShrimpDiseaseImageBD An Image Dataset for Computer Vision-Based Detection of Shrimp Diseases in Bangladesh/Root/Annotated Diseased Shrimp Images/Annotated Diseased Shrimp Images/1. BG/images/BG-3-img-3.jpg,/home/drnguyenvinh/notebooks/shrimp_dataset_eda_label_model_analysis_v1/kaggle_raw/shrimpdiseaseimagebd/ShrimpDiseaseImageBD An Image Dataset for Computer Vision-Based Detection of Shrimp Diseases in Bangladesh/Root/Annotated Diseased Shrimp Images/Annotated Diseased Shrimp Images/1. BG/labels/BG-3-img-3.txt,1,0,BG,BG-3-img-3,2048
1.0,0,BG,BG-30-img-1.jpg,213.0224609375,2048,/home/drnguyenvinh/notebooks/shrimp_dataset_eda_label_model_analysis_v1/kaggle_raw/shrimpdiseaseimagebd/ShrimpDiseaseImageBD An Image Dataset for Computer Vision-Based Detection of Shrimp Diseases in Bangladesh/Root/Annotated Diseased Shrimp Images/Annotated Diseased Shrimp Images/1. BG/images/BG-30-img-1.jpg,/home/drnguyenvinh/notebooks/shrimp_dataset_eda_label_model_analysis_v1/kaggle_raw/shrimpdiseaseimagebd/ShrimpDiseaseImageBD An Image Dataset for Computer Vision-Based Detection of Shrimp Diseases in Bangladesh/Root/Annotated Diseased Shrimp Images/Annotated Diseased Shrimp Images/1. BG/labels/BG-30-img-1.txt,3,0,BG,BG-30-img-1,2048
1.0,0,BG,BG-30-img-2.jpg,240.6337890625,2048,/home/drnguyenvinh/notebooks/shrimp_dataset_eda_label_model_analysis_v1/kaggle_raw/shrimpdiseaseimagebd/ShrimpDiseaseImageBD An Image Dataset for Computer Vision-Based Detection of Shrimp Diseases in Bangladesh/Root/Annotated Diseased Shrimp Images/Annotated Diseased Shrimp Images/1. BG/images/BG-30-img-2.jpg,/home/drnguyenvinh/notebooks/shrimp_dataset_eda_label_model_analysis_v1/kaggle_raw/shrimpdiseaseimagebd/ShrimpDiseaseImageBD An Image Dataset for Computer Vision-Based Detection of Shrimp Diseases in Bangladesh/Root/Annotated Diseased Shrimp Images/Annotated Diseased Shrimp Images/1. BG/labels/BG-30-img-2.txt,3,0,BG,BG-30-img-2,2048
1.0,0,BG,BG-30-img-3.jpg,218.5244140625,2048,/home/drnguyenvinh/notebooks/shrimp_dataset_eda_label_model_analysis_v1/kaggle_raw/shrimpdiseaseimagebd/ShrimpDiseaseImageBD An Image Dataset for Computer Vision-Based Detection of Shrimp Diseases in Bangladesh/Root/Annotated Diseased Shrimp Images/Annotated Diseased Shrimp Images/1. BG/images/BG-30-img-3.jpg,/home/drnguyenvinh/notebooks/shrimp_dataset_eda_label_model_analysis_v1/kaggle_raw/shrimpdiseaseimagebd/ShrimpDiseaseImageBD An Image Dataset for Computer Vision-Based Detection of Shrimp Diseases in Bangladesh/Root/Annotated Diseased Shrimp Images/Annotated Diseased Shrimp Images/1. BG/labels/BG-30-img-3.txt,4,0,BG,BG-30-img-3,2048
1.0,0,BG,BG-31-img-1.jpg,213.7353515625,2048,/home/drnguyenvinh/notebooks/shrimp_dataset_eda_label_model_analysis_v1/kaggle_raw/shrimpdiseaseimagebd/ShrimpDiseaseImageBD An Image Dataset for Computer Vision-Based Detection of Shrimp Diseases in Bangladesh/Root/Annotated Diseased Shrimp Images/Annotated Diseased Shrimp Images/1. BG/images/BG-31-img-1.jpg,/home/drnguyenvinh/notebooks/shrimp_dataset_eda_label_model_analysis_v1/kaggle_raw/shrimpdiseaseimagebd/ShrimpDiseaseImageBD An Image Dataset for Computer Vision-Based Detection of Shrimp Diseases in Bangladesh/Root/Annotated Diseased Shrimp Images/Annotated Diseased Shrimp Images/1. BG/labels/BG-31-img-1.txt,2,0,BG,BG-31-img-1,2048
1.0,0,BG,BG-31-img-2.jpg,227.947265625,2048,/home/drnguyenvinh/notebooks/shrimp_dataset_eda_label_model_analysis_v1/kaggle_raw/shrimpdiseaseimagebd/ShrimpDiseaseImageBD An Image Dataset for Computer Vision-Based Detection of Shrimp Diseases in Bangladesh/Root/Annotated Diseased Shrimp Images/Annotated Diseased Shrimp Images/1. BG/images/BG-31-img-2.jpg,/home/drnguyenvinh/notebooks/shrimp_dataset_eda_label_model_analysis_v1/kaggle_raw/shrimpdiseaseimagebd/ShrimpDiseaseImageBD An Image Dataset for Computer Vision-Based Detection of Shrimp Diseases in Bangladesh/Root/Annotated Diseased Shrimp Images/Annotated Diseased Shrimp Images/1. BG/labels/BG-31-img-2.txt,1,0,BG,BG-31-img-2,2048
1.0,0,BG,BG-31-img-3.jpg,223.9912109375,2048,/home/drnguyenvinh/notebooks/shrimp_dataset_eda_label_model_analysis_v1/kaggle_raw/shrimpdiseaseimagebd/ShrimpDiseaseImageBD An Image Dataset for Computer Vision-Based Detection of Shrimp Diseases in Bangladesh/Root/Annotated Diseased Shrimp Images/Annotated Diseased Shrimp Images/1. BG/images/BG-31-img-3.jpg,/home/drnguyenvinh/notebooks/shrimp_dataset_eda_label_model_analysis_v1/kaggle_raw/shrimpdiseaseimagebd/ShrimpDiseaseImageBD An Image Dataset for Computer Vision-Based Detection of Shrimp Diseases in Bangladesh/Root/Annotated Diseased Shrimp Images/Annotated Diseased Shrimp Images/1. BG/labels/BG-31-img-3.txt,2,0,BG,BG-31-img-3,2048
1.0,0,BG,BG-32-img-1.jpg,174.9921875,2048,/home/drnguyenvinh/notebooks/shrimp_dataset_eda_label_model_analysis_v1/kaggle_raw/shrimpdiseaseimagebd/ShrimpDiseaseImageBD An Image Dataset for Computer Vision-Based Detection of Shrimp Diseases in Bangladesh/Root/Annotated Diseased Shrimp Images/Annotated Diseased Shrimp Images/1. BG/images/BG-32-img-1.jpg,/home/drnguyenvinh/notebooks/shrimp_dataset_eda_label_model_analysis_v1/kaggle_raw/shrimpdiseaseimagebd/ShrimpDiseaseImageBD An Image Dataset for Computer Vision-Based Detection of Shrimp Diseases in Bangladesh/Root/Annotated Diseased Shrimp Images/Annotated Diseased Shrimp Images/1. BG/labels/BG-32-img-1.txt,2,0,BG,BG-32-img-1,2048
1.0,0,BG,BG-32-img-2.jpg,212.845703125,2048,/home/drnguyenvinh/notebooks/shrimp_dataset_eda_label_model_analysis_v1/kaggle_raw/shrimpdiseaseimagebd/ShrimpDiseaseImageBD An Image Dataset for Computer Vision-Based Detection of Shrimp Diseases in Bangladesh/Root/Annotated Diseased Shrimp Images/Annotated Diseased Shrimp Images/1. BG/images/BG-32-img-2.jpg,/home/drnguyenvinh/notebooks/shrimp_dataset_eda_label_model_analysis_v1/kaggle_raw/shrimpdiseaseimagebd/ShrimpDiseaseImageBD An Image Dataset for Computer Vision-Based Detection of Shrimp Diseases in Bangladesh/Root/Annotated Diseased Shrimp Images/Annotated Diseased Shrimp Images/1. BG/labels/BG-32-img-2.txt,3,0,BG,BG-32-img-2,2048
1.0,0,BG,BG-33-img-1.jpg,177.0283203125,2048,/home/drnguyenvinh/notebooks/shrimp_dataset_eda_label_model_analysis_v1/kaggle_raw/shrimpdiseaseimagebd/ShrimpDiseaseImageBD An Image Dataset for Computer Vision-Based Detection of Shrimp Diseases in Bangladesh/Root/Annotated Diseased Shrimp Images/Annotated Diseased Shrimp Images/1. BG/images/BG-33-img-1.jpg,/home/drnguyenvinh/notebooks/shrimp_dataset_eda_label_model_analysis_v1/kaggle_raw/shrimpdiseaseimagebd/ShrimpDiseaseImageBD An Image Dataset for Computer Vision-Based Detection of Shrimp Diseases in Bangladesh/Root/Annotated Diseased Shrimp Images/Annotated Diseased Shrimp Images/1. BG/labels/BG-33-img-1.txt,2,0,BG,BG-33-img-1,2048
1.0,0,BG,BG-34-img-1.jpg,182.2958984375,2048,/home/drnguyenvinh/notebooks/shrimp_dataset_eda_label_model_analysis_v1/kaggle_raw/shrimpdiseaseimagebd/ShrimpDiseaseImageBD An Image Dataset for Computer Vision-Based Detection of Shrimp Diseases in Bangladesh/Root/Annotated Diseased Shrimp Images/Annotated Diseased Shrimp Images/1. BG/images/BG-34-img-1.jpg,/home/drnguyenvinh/notebooks/shrimp_dataset_eda_label_model_analysis_v1/kaggle_raw/shrimpdiseaseimagebd/ShrimpDiseaseImageBD An Image Dataset for Computer Vision-Based Detection of Shrimp Diseases in Bangladesh/Root/Annotated Diseased Shrimp Images/Annotated Diseased Shrimp Images/1. BG/labels/BG-34-img-1.txt,3,0,BG,BG-34-img-1,2048
1.0,0,BG,BG-34-img-2.jpg,209.4423828125,2048,/home/drnguyenvinh/notebooks/shrimp_dataset_eda_label_model_analysis_v1/kaggle_raw/shrimpdiseaseimagebd/ShrimpDiseaseImageBD An Image Dataset for Computer Vision-Based Detection of Shrimp Diseases in Bangladesh/Root/Annotated Diseased Shrimp Images/Annotated Diseased Shrimp Images/1. BG/images/BG-34-img-2.jpg,/home/drnguyenvinh/notebooks/shrimp_dataset_eda_label_model_analysis_v1/kaggle_raw/shrimpdiseaseimagebd/ShrimpDiseaseImageBD An Image Dataset for Computer Vision-Based Detection of Shrimp Diseases in Bangladesh/Root/Annotated Diseased Shrimp Images/Annotated Diseased Shrimp Images/1. BG/labels/BG-34-img-2.txt,1,0,BG,BG-34-img-2,2048
1.0,0,BG,BG-34-img-3.jpg,216.013671875,2048,/home/drnguyenvinh/notebooks/shrimp_dataset_eda_label_model_analysis_v1/kaggle_raw/shrimpdiseaseimagebd/ShrimpDiseaseImageBD An Image Dataset for Computer Vision-Based Detection of Shrimp Diseases in Bangladesh/Root/Annotated Diseased Shrimp Images/Annotated Diseased Shrimp Images/1. BG/images/BG-34-img-3.jpg,/home/drnguyenvinh/notebooks/shrimp_dataset_eda_label_model_analysis_v1/kaggle_raw/shrimpdiseaseimagebd/ShrimpDiseaseImageBD An Image Dataset for Computer Vision-Based Detection of Shrimp Diseases in Bangladesh/Root/Annotated Diseased Shrimp Images/Annotated Diseased Shrimp Images/1. BG/labels/BG-34-img-3.txt,3,0,BG,BG-34-img-3,2048
1.0,0,BG,BG-35-img-1.jpg,185.1103515625,2048,/home/drnguyenvinh/notebooks/shrimp_dataset_eda_label_model_analysis_v1/kaggle_raw/shrimpdiseaseimagebd/ShrimpDiseaseImageBD An Image Dataset for Computer Vision-Based Detection of Shrimp Diseases in Bangladesh/Root/Annotated Diseased Shrimp Images/Annotated Diseased Shrimp Images/1. BG/images/BG-35-img-1.jpg,/home/drnguyenvinh/notebooks/shrimp_dataset_eda_label_model_analysis_v1/kaggle_raw/shrimpdiseaseimagebd/ShrimpDiseaseImageBD An Image Dataset for Computer Vision-Based Detection of Shrimp Diseases in Bangladesh/Root/Annotated Diseased Shrimp Images/Annotated Diseased Shrimp Images/1. BG/labels/BG-35-img-1.txt,3,0,BG,BG-35-img-1,2048
1.0,0,BG,BG-35-img-2.jpg,171.2880859375,2048,/home/drnguyenvinh/notebooks/shrimp_dataset_eda_label_model_analysis_v1/kaggle_raw/shrimpdiseaseimagebd/ShrimpDiseaseImageBD An Image Dataset for Computer Vision-Based Detection of Shrimp Diseases in Bangladesh/Root/Annotated Diseased Shrimp Images/Annotated Diseased Shrimp Images/1. BG/images/BG-35-img-2.jpg,/home/drnguyenvinh/notebooks/shrimp_dataset_eda_label_model_analysis_v1/kaggle_raw/shrimpdiseaseimagebd/ShrimpDiseaseImageBD An Image Dataset for Computer Vision-Based Detection of Shrimp Diseases in Bangladesh/Root/Annotated Diseased Shrimp Images/Annotated Diseased Shrimp Images/1. BG/labels/BG-35-img-2.txt,2,0,BG,BG-35-img-2,2048
1.0,0,BG,BG-35-img-3.jpg,170.572265625,2048,/home/drnguyenvinh/notebooks/shrimp_dataset_eda_label_model_analysis_v1/kaggle_raw/shrimpdiseaseimagebd/ShrimpDiseaseImageBD An Image Dataset for Computer Vision-Based Detection of Shrimp Diseases in Bangladesh/Root/Annotated Diseased Shrimp Images/Annotated Diseased Shrimp Images/1. BG/images/BG-35-img-3.jpg,/home/drnguyenvinh/notebooks/shrimp_dataset_eda_label_model_analysis_v1/kaggle_raw/shrimpdiseaseimagebd/ShrimpDiseaseImageBD An Image Dataset for Computer Vision-Based Detection of Shrimp Diseases in Bangladesh/Root/Annotated Diseased Shrimp Images/Annotated Diseased Shrimp Images/1. BG/labels/BG-35-img-3.txt,2,0,BG,BG-35-img-3,2048
1.0,0,BG,BG-36-img-1.jpg,144.380859375,2048,/home/drnguyenvinh/notebooks/shrimp_dataset_eda_label_model_analysis_v1/kaggle_raw/shrimpdiseaseimagebd/ShrimpDiseaseImageBD An Image Dataset for Computer Vision-Based Detection of Shrimp Diseases in Bangladesh/Root/Annotated Diseased Shrimp Images/Annotated Diseased Shrimp Images/1. BG/images/BG-36-img-1.jpg,/home/drnguyenvinh/notebooks/shrimp_dataset_eda_label_model_analysis_v1/kaggle_raw/shrimpdiseaseimagebd/ShrimpDiseaseImageBD An Image Dataset for Computer Vision-Based Detection of Shrimp Diseases in Bangladesh/Root/Annotated Diseased Shrimp Images/Annotated Diseased Shrimp Images/1. BG/labels/BG-36-img-1.txt,5,0,BG,BG-36-img-1,2048
1.0,0,BG,BG-36-img-2.jpg,204.490234375,2048,/home/drnguyenvinh/notebooks/shrimp_dataset_eda_label_model_analysis_v1/kaggle_raw/shrimpdiseaseimagebd/ShrimpDiseaseImageBD An Image Dataset for Computer Vision-Based Detection of Shrimp Diseases in Bangladesh/Root/Annotated Diseased Shrimp Images/Annotated Diseased Shrimp Images/1. BG/images/BG-36-img-2.jpg,/home/drnguyenvinh/notebooks/shrimp_dataset_eda_label_model_analysis_v1/kaggle_raw/shrimpdiseaseimagebd/ShrimpDiseaseImageBD An Image Dataset for Computer Vision-Based Detection of Shrimp Diseases in Bangladesh/Root/Annotated Diseased Shrimp Images/Annotated Diseased Shrimp Images/1. BG/labels/BG-36-img-2.txt,2,0,BG,BG-36-img-2,2048
1.0,0,BG,BG-36-img-3.jpg,130.9736328125,2048,/home/drnguyenvinh/notebooks/shrimp_dataset_eda_label_model_analysis_v1/kaggle_raw/shrimpdiseaseimagebd/ShrimpDiseaseImageBD An Image Dataset for Computer Vision-Based Detection of Shrimp Diseases in Bangladesh/Root/Annotated Diseased Shrimp Images/Annotated Diseased Shrimp Images/1. BG/images/BG-36-img-3.jpg,/home/drnguyenvinh/notebooks/shrimp_dataset_eda_label_model_analysis_v1/kaggle_raw/shrimpdiseaseimagebd/ShrimpDiseaseImageBD An Image Dataset for Computer Vision-Based Detection of Shrimp Diseases in Bangladesh/Root/Annotated Diseased Shrimp Images/Annotated Diseased Shrimp Images/1. BG/labels/BG-36-img-3.txt,1,0,BG,BG-36-img-3,2048
1.0,0,BG,BG-37-img-1.jpg,172.7294921875,2048,/home/drnguyenvinh/notebooks/shrimp_dataset_eda_label_model_analysis_v1/kaggle_raw/shrimpdiseaseimagebd/ShrimpDiseaseImageBD An Image Dataset for Computer Vision-Based Detection of Shrimp Diseases in Bangladesh/Root/Annotated Diseased Shrimp Images/Annotated Diseased Shrimp Images/1. BG/images/BG-37-img-1.jpg,/home/drnguyenvinh/notebooks/shrimp_dataset_eda_label_model_analysis_v1/kaggle_raw/shrimpdiseaseimagebd/ShrimpDiseaseImageBD An Image Dataset for Computer Vision-Based Detection of Shrimp Diseases in Bangladesh/Root/Annotated Diseased Shrimp Images/Annotated Diseased Shrimp Images/1. BG/labels/BG-37-img-1.txt,3,0,BG,BG-37-img-1,2048
1.0,0,BG,BG-37-img-2.jpg,243.443359375,2048,/home/drnguyenvinh/notebooks/shrimp_dataset_eda_label_model_analysis_v1/kaggle_raw/shrimpdiseaseimagebd/ShrimpDiseaseImageBD An Image Dataset for Computer Vision-Based Detection of Shrimp Diseases in Bangladesh/Root/Annotated Diseased Shrimp Images/Annotated Diseased Shrimp Images/1. BG/images/BG-37-img-2.jpg,/home/drnguyenvinh/notebooks/shrimp_dataset_eda_label_model_analysis_v1/kaggle_raw/shrimpdiseaseimagebd/ShrimpDiseaseImageBD An Image Dataset for Computer Vision-Based Detection of Shrimp Diseases in Bangladesh/Root/Annotated Diseased Shrimp Images/Annotated Diseased Shrimp Images/1. BG/labels/BG-37-img-2.txt,3,0,BG,BG-37-img-2,2048
1.0,0,BG,BG-37-img-3.jpg,196.439453125,2048,/home/drnguyenvinh/notebooks/shrimp_dataset_eda_label_model_analysis_v1/kaggle_raw/shrimpdiseaseimagebd/ShrimpDiseaseImageBD An Image Dataset for Computer Vision-Based Detection of Shrimp Diseases in Bangladesh/Root/Annotated Diseased Shrimp Images/Annotated Diseased Shrimp Images/1. BG/images/BG-37-img-3.jpg,/home/drnguyenvinh/notebooks/shrimp_dataset_eda_label_model_analysis_v1/kaggle_raw/shrimpdiseaseimagebd/ShrimpDiseaseImageBD An Image Dataset for Computer Vision-Based Detection of Shrimp Diseases in Bangladesh/Root/Annotated Diseased Shrimp Images/Annotated Diseased Shrimp Images/1. BG/labels/BG-37-img-3.txt,5,0,BG,BG-37-img-3,2048
1.0,0,BG,BG-38-img-1.jpg,222.177734375,2048,/home/drnguyenvinh/notebooks/shrimp_dataset_eda_label_model_analysis_v1/kaggle_raw/shrimpdiseaseimagebd/ShrimpDiseaseImageBD An Image Dataset for Computer Vision-Based Detection of Shrimp Diseases in Bangladesh/Root/Annotated Diseased Shrimp Images/Annotated Diseased Shrimp Images/1. BG/images/BG-38-img-1.jpg,/home/drnguyenvinh/notebooks/shrimp_dataset_eda_label_model_analysis_v1/kaggle_raw/shrimpdiseaseimagebd/ShrimpDiseaseImageBD An Image Dataset for Computer Vision-Based Detection of Shrimp Diseases in Bangladesh/Root/Annotated Diseased Shrimp Images/Annotated Diseased Shrimp Images/1. BG/labels/BG-38-img-1.txt,4,0,BG,BG-38-img-1,2048
1.0,0,BG,BG-38-img-2.jpg,244.099609375,2048,/home/drnguyenvinh/notebooks/shrimp_dataset_eda_label_model_analysis_v1/kaggle_raw/shrimpdiseaseimagebd/ShrimpDiseaseImageBD An Image Dataset for Computer Vision-Based Detection of Shrimp Diseases in Bangladesh/Root/Annotated Diseased Shrimp Images/Annotated Diseased Shrimp Images/1. BG/images/BG-38-img-2.jpg,/home/drnguyenvinh/notebooks/shrimp_dataset_eda_label_model_analysis_v1/kaggle_raw/shrimpdiseaseimagebd/ShrimpDiseaseImageBD An Image Dataset for Computer Vision-Based Detection of Shrimp Diseases in Bangladesh/Root/Annotated Diseased Shrimp Images/Annotated Diseased Shrimp Images/1. BG/labels/BG-38-img-2.txt,3,0,BG,BG-38-img-2,2048
1.0,0,BG,BG-38-img-3.jpg,222.6162109375,2048,/home/drnguyenvinh/notebooks/shrimp_dataset_eda_label_model_analysis_v1/kaggle_raw/shrimpdiseaseimagebd/ShrimpDiseaseImageBD An Image Dataset for Computer Vision-Based Detection of Shrimp Diseases in Bangladesh/Root/Annotated Diseased Shrimp Images/Annotated Diseased Shrimp Images/1. BG/images/BG-38-img-3.jpg,/home/drnguyenvinh/notebooks/shrimp_dataset_eda_label_model_analysis_v1/kaggle_raw/shrimpdiseaseimagebd/ShrimpDiseaseImageBD An Image Dataset for Computer Vision-Based Detection of Shrimp Diseases in Bangladesh/Root/Annotated Diseased Shrimp Images/Annotated Diseased Shrimp Images/1. BG/labels/BG-38-img-3.txt,2,0,BG,BG-38-img-3,2048
1.0,0,BG,BG-39-img-1.jpg,212.9150390625,2048,/home/drnguyenvinh/notebooks/shrimp_dataset_eda_label_model_analysis_v1/kaggle_raw/shrimpdiseaseimagebd/ShrimpDiseaseImageBD An Image Dataset for Computer Vision-Based Detection of Shrimp Diseases in Bangladesh/Root/Annotated Diseased Shrimp Images/Annotated Diseased Shrimp Images/1. BG/images/BG-39-img-1.jpg,/home/drnguyenvinh/notebooks/shrimp_dataset_eda_label_model_analysis_v1/kaggle_raw/shrimpdiseaseimagebd/ShrimpDiseaseImageBD An Image Dataset for Computer Vision-Based Detection of Shrimp Diseases in Bangladesh/Root/Annotated Diseased Shrimp Images/Annotated Diseased Shrimp Images/1. BG/labels/BG-39-img-1.txt,2,0,BG,BG-39-img-1,2048
1.0,0,BG,BG-39-img-2.jpg,211.9619140625,2048,/home/drnguyenvinh/notebooks/shrimp_dataset_eda_label_model_analysis_v1/kaggle_raw/shrimpdiseaseimagebd/ShrimpDiseaseImageBD An Image Dataset for Computer Vision-Based Detection of Shrimp Diseases in Bangladesh/Root/Annotated Diseased Shrimp Images/Annotated Diseased Shrimp Images/1. BG/images/BG-39-img-2.jpg,/home/drnguyenvinh/notebooks/shrimp_dataset_eda_label_model_analysis_v1/kaggle_raw/shrimpdiseaseimagebd/ShrimpDiseaseImageBD An Image Dataset for Computer Vision-Based Detection of Shrimp Diseases in Bangladesh/Root/Annotated Diseased Shrimp Images/Annotated Diseased Shrimp Images/1. BG/labels/BG-39-img-2.txt,2,0,BG,BG-39-img-2,2048
1.0,0,BG,BG-39-img-3.jpg,280.4013671875,2048,/home/drnguyenvinh/notebooks/shrimp_dataset_eda_label_model_analysis_v1/kaggle_raw/shrimpdiseaseimagebd/ShrimpDiseaseImageBD An Image Dataset for Computer Vision-Based Detection of Shrimp Diseases in Bangladesh/Root/Annotated Diseased Shrimp Images/Annotated Diseased Shrimp Images/1. BG/images/BG-39-img-3.jpg,/home/drnguyenvinh/notebooks/shrimp_dataset_eda_label_model_analysis_v1/kaggle_raw/shrimpdiseaseimagebd/ShrimpDiseaseImageBD An Image Dataset for Computer Vision-Based Detection of Shrimp Diseases in Bangladesh/Root/Annotated Diseased Shrimp Images/Annotated Diseased Shrimp Images/1. BG/labels/BG-39-img-3.txt,3,0,BG,BG-39-img-3,2048
1.0,0,BG,BG-4-img-1.jpg,194.150390625,2048,/home/drnguyenvinh/notebooks/shrimp_dataset_eda_label_model_analysis_v1/kaggle_raw/shrimpdiseaseimagebd/ShrimpDiseaseImageBD An Image Dataset for Computer Vision-Based Detection of Shrimp Diseases in Bangladesh/Root/Annotated Diseased Shrimp Images/Annotated Diseased Shrimp Images/1. BG/images/BG-4-img-1.jpg,/home/drnguyenvinh/notebooks/shrimp_dataset_eda_label_model_analysis_v1/kaggle_raw/shrimpdiseaseimagebd/ShrimpDiseaseImageBD An Image Dataset for Computer Vision-Based Detection of Shrimp Diseases in Bangladesh/Root/Annotated Diseased Shrimp Images/Annotated Diseased Shrimp Images/1. BG/labels/BG-4-img-1.txt,2,0,BG,BG-4-img-1,2048
1.0,0,BG,BG-4-img-2.jpg,209.2744140625,2048,/home/drnguyenvinh/notebooks/shrimp_dataset_eda_label_model_analysis_v1/kaggle_raw/shrimpdiseaseimagebd/ShrimpDiseaseImageBD An Image Dataset for Computer Vision-Based Detection of Shrimp Diseases in Bangladesh/Root/Annotated Diseased Shrimp Images/Annotated Diseased Shrimp Images/1. BG/images/BG-4-img-2.jpg,/home/drnguyenvinh/notebooks/shrimp_dataset_eda_label_model_analysis_v1/kaggle_raw/shrimpdiseaseimagebd/ShrimpDiseaseImageBD An Image Dataset for Computer Vision-Based Detection of Shrimp Diseases in Bangladesh/Root/Annotated Diseased Shrimp Images/Annotated Diseased Shrimp Images/1. BG/labels/BG-4-img-2.txt,1,0,BG,BG-4-img-2,2048
1.0,0,BG,BG-4-img-3.jpg,247.375,2048,/home/drnguyenvinh/notebooks/shrimp_dataset_eda_label_model_analysis_v1/kaggle_raw/shrimpdiseaseimagebd/ShrimpDiseaseImageBD An Image Dataset for Computer Vision-Based Detection of Shrimp Diseases in Bangladesh/Root/Annotated Diseased Shrimp Images/Annotated Diseased Shrimp Images/1. BG/images/BG-4-img-3.jpg,/home/drnguyenvinh/notebooks/shrimp_dataset_eda_label_model_analysis_v1/kaggle_raw/shrimpdiseaseimagebd/ShrimpDiseaseImageBD An Image Dataset for Computer Vision-Based Detection of Shrimp Diseases in Bangladesh/Root/Annotated Diseased Shrimp Images/Annotated Diseased Shrimp Images/1. BG/labels/BG-4-img-3.txt,1,0,BG,BG-4-img-3,2048
1.0,0,BG,BG-40-img-1.jpg,249.2001953125,2048,/home/drnguyenvinh/notebooks/shrimp_dataset_eda_label_model_analysis_v1/kaggle_raw/shrimpdiseaseimagebd/ShrimpDiseaseImageBD An Image Dataset for Computer Vision-Based Detection of Shrimp Diseases in Bangladesh/Root/Annotated Diseased Shrimp Images/Annotated Diseased Shrimp Images/1. BG/images/BG-40-img-1.jpg,/home/drnguyenvinh/notebooks/shrimp_dataset_eda_label_model_analysis_v1/kaggle_raw/shrimpdiseaseimagebd/ShrimpDiseaseImageBD An Image Dataset for Computer Vision-Based Detection of Shrimp Diseases in Bangladesh/Root/Annotated Diseased Shrimp Images/Annotated Diseased Shrimp Images/1. BG/labels/BG-40-img-1.txt,5,0,BG,BG-40-img-1,2048
1.0,0,BG,BG-40-img-2.jpg,213.720703125,2048,/home/drnguyenvinh/notebooks/shrimp_dataset_eda_label_model_analysis_v1/kaggle_raw/shrimpdiseaseimagebd/ShrimpDiseaseImageBD An Image Dataset for Computer Vision-Based Detection of Shrimp Diseases in Bangladesh/Root/Annotated Diseased Shrimp Images/Annotated Diseased Shrimp Images/1. BG/images/BG-40-img-2.jpg,/home/drnguyenvinh/notebooks/shrimp_dataset_eda_label_model_analysis_v1/kaggle_raw/shrimpdiseaseimagebd/ShrimpDiseaseImageBD An Image Dataset for Computer Vision-Based Detection of Shrimp Diseases in Bangladesh/Root/Annotated Diseased Shrimp Images/Annotated Diseased Shrimp Images/1. BG/labels/BG-40-img-2.txt,5,0,BG,BG-40-img-2,2048
1.0,0,BG,BG-40-img-3.jpg,236.2529296875,2048,/home/drnguyenvinh/notebooks/shrimp_dataset_eda_label_model_analysis_v1/kaggle_raw/shrimpdiseaseimagebd/ShrimpDiseaseImageBD An Image Dataset for Computer Vision-Based Detection of Shrimp Diseases in Bangladesh/Root/Annotated Diseased Shrimp Images/Annotated Diseased Shrimp Images/1. BG/images/BG-40-img-3.jpg,/home/drnguyenvinh/notebooks/shrimp_dataset_eda_label_model_analysis_v1/kaggle_raw/shrimpdiseaseimagebd/ShrimpDiseaseImageBD An Image Dataset for Computer Vision-Based Detection of Shrimp Diseases in Bangladesh/Root/Annotated Diseased Shrimp Images/Annotated Diseased Shrimp Images/1. BG/labels/BG-40-img-3.txt,3,0,BG,BG-40-img-3,2048
1.0,0,BG,BG-41-img-1.jpg,233.8603515625,2048,/home/drnguyenvinh/notebooks/shrimp_dataset_eda_label_model_analysis_v1/kaggle_raw/shrimpdiseaseimagebd/ShrimpDiseaseImageBD An Image Dataset for Computer Vision-Based Detection of Shrimp Diseases in Bangladesh/Root/Annotated Diseased Shrimp Images/Annotated Diseased Shrimp Images/1. BG/images/BG-41-img-1.jpg,/home/drnguyenvinh/notebooks/shrimp_dataset_eda_label_model_analysis_v1/kaggle_raw/shrimpdiseaseimagebd/ShrimpDiseaseImageBD An Image Dataset for Computer Vision-Based Detection of Shrimp Diseases in Bangladesh/Root/Annotated Diseased Shrimp Images/Annotated Diseased Shrimp Images/1. BG/labels/BG-41-img-1.txt,4,0,BG,BG-41-img-1,2048
1.0,0,BG,BG-41-img-2.jpg,226.9716796875,2048,/home/drnguyenvinh/notebooks/shrimp_dataset_eda_label_model_analysis_v1/kaggle_raw/shrimpdiseaseimagebd/ShrimpDiseaseImageBD An Image Dataset for Computer Vision-Based Detection of Shrimp Diseases in Bangladesh/Root/Annotated Diseased Shrimp Images/Annotated Diseased Shrimp Images/1. BG/images/BG-41-img-2.jpg,/home/drnguyenvinh/notebooks/shrimp_dataset_eda_label_model_analysis_v1/kaggle_raw/shrimpdiseaseimagebd/ShrimpDiseaseImageBD An Image Dataset for Computer Vision-Based Detection of Shrimp Diseases in Bangladesh/Root/Annotated Diseased Shrimp Images/Annotated Diseased Shrimp Images/1. BG/labels/BG-41-img-2.txt,2,0,BG,BG-41-img-2,2048
1.0,0,BG,BG-41-img-3.jpg,228.38671875,2048,/home/drnguyenvinh/notebooks/shrimp_dataset_eda_label_model_analysis_v1/kaggle_raw/shrimpdiseaseimagebd/ShrimpDiseaseImageBD An Image Dataset for Computer Vision-Based Detection of Shrimp Diseases in Bangladesh/Root/Annotated Diseased Shrimp Images/Annotated Diseased Shrimp Images/1. BG/images/BG-41-img-3.jpg,/home/drnguyenvinh/notebooks/shrimp_dataset_eda_label_model_analysis_v1/kaggle_raw/shrimpdiseaseimagebd/ShrimpDiseaseImageBD An Image Dataset for Computer Vision-Based Detection of Shrimp Diseases in Bangladesh/Root/Annotated Diseased Shrimp Images/Annotated Diseased Shrimp Images/1. BG/labels/BG-41-img-3.txt,2,0,BG,BG-41-img-3,2048
1.0,0,BG,BG-42-img-1.jpg,237.9375,2048,/home/drnguyenvinh/notebooks/shrimp_dataset_eda_label_model_analysis_v1/kaggle_raw/shrimpdiseaseimagebd/ShrimpDiseaseImageBD An Image Dataset for Computer Vision-Based Detection of Shrimp Diseases in Bangladesh/Root/Annotated Diseased Shrimp Images/Annotated Diseased Shrimp Images/1. BG/images/BG-42-img-1.jpg,/home/drnguyenvinh/notebooks/shrimp_dataset_eda_label_model_analysis_v1/kaggle_raw/shrimpdiseaseimagebd/ShrimpDiseaseImageBD An Image Dataset for Computer Vision-Based Detection of Shrimp Diseases in Bangladesh/Root/Annotated Diseased Shrimp Images/Annotated Diseased Shrimp Images/1. BG/labels/BG-42-img-1.txt,1,0,BG,BG-42-img-1,2048
1.0,0,BG,BG-42-img-2.jpg,233.4326171875,2048,/home/drnguyenvinh/notebooks/shrimp_dataset_eda_label_model_analysis_v1/kaggle_raw/shrimpdiseaseimagebd/ShrimpDiseaseImageBD An Image Dataset for Computer Vision-Based Detection of Shrimp Diseases in Bangladesh/Root/Annotated Diseased Shrimp Images/Annotated Diseased Shrimp Images/1. BG/images/BG-42-img-2.jpg,/home/drnguyenvinh/notebooks/shrimp_dataset_eda_label_model_analysis_v1/kaggle_raw/shrimpdiseaseimagebd/ShrimpDiseaseImageBD An Image Dataset for Computer Vision-Based Detection of Shrimp Diseases in Bangladesh/Root/Annotated Diseased Shrimp Images/Annotated Diseased Shrimp Images/1. BG/labels/BG-42-img-2.txt,4,0,BG,BG-42-img-2,2048
1.0,0,BG,BG-42-img-3.jpg,251.5498046875,2048,/home/drnguyenvinh/notebooks/shrimp_dataset_eda_label_model_analysis_v1/kaggle_raw/shrimpdiseaseimagebd/ShrimpDiseaseImageBD An Image Dataset for Computer Vision-Based Detection of Shrimp Diseases in Bangladesh/Root/Annotated Diseased Shrimp Images/Annotated Diseased Shrimp Images/1. BG/images/BG-42-img-3.jpg,/home/drnguyenvinh/notebooks/shrimp_dataset_eda_label_model_analysis_v1/kaggle_raw/shrimpdiseaseimagebd/ShrimpDiseaseImageBD An Image Dataset for Computer Vision-Based Detection of Shrimp Diseases in Bangladesh/Root/Annotated Diseased Shrimp Images/Annotated Diseased Shrimp Images/1. BG/labels/BG-42-img-3.txt,3,0,BG,BG-42-img-3,2048
1.0,0,BG,BG-43-img-1.jpg,160.78125,2048,/home/drnguyenvinh/notebooks/shrimp_dataset_eda_label_model_analysis_v1/kaggle_raw/shrimpdiseaseimagebd/ShrimpDiseaseImageBD An Image Dataset for Computer Vision-Based Detection of Shrimp Diseases in Bangladesh/Root/Annotated Diseased Shrimp Images/Annotated Diseased Shrimp Images/1. BG/images/BG-43-img-1.jpg,/home/drnguyenvinh/notebooks/shrimp_dataset_eda_label_model_analysis_v1/kaggle_raw/shrimpdiseaseimagebd/ShrimpDiseaseImageBD An Image Dataset for Computer Vision-Based Detection of Shrimp Diseases in Bangladesh/Root/Annotated Diseased Shrimp Images/Annotated Diseased Shrimp Images/1. BG/labels/BG-43-img-1.txt,2,0,BG,BG-43-img-1,2048
1.0,0,BG,BG-43-img-2.jpg,193.5888671875,2048,/home/drnguyenvinh/notebooks/shrimp_dataset_eda_label_model_analysis_v1/kaggle_raw/shrimpdiseaseimagebd/ShrimpDiseaseImageBD An Image Dataset for Computer Vision-Based Detection of Shrimp Diseases in Bangladesh/Root/Annotated Diseased Shrimp Images/Annotated Diseased Shrimp Images/1. BG/images/BG-43-img-2.jpg,/home/drnguyenvinh/notebooks/shrimp_dataset_eda_label_model_analysis_v1/kaggle_raw/shrimpdiseaseimagebd/ShrimpDiseaseImageBD An Image Dataset for Computer Vision-Based Detection of Shrimp Diseases in Bangladesh/Root/Annotated Diseased Shrimp Images/Annotated Diseased Shrimp Images/1. BG/labels/BG-43-img-2.txt,2,0,BG,BG-43-img-2,2048
1.0,0,BG,BG-43-img-3.jpg,173.90625,2048,/home/drnguyenvinh/notebooks/shrimp_dataset_eda_label_model_analysis_v1/kaggle_raw/shrimpdiseaseimagebd/ShrimpDiseaseImageBD An Image Dataset for Computer Vision-Based Detection of Shrimp Diseases in Bangladesh/Root/Annotated Diseased Shrimp Images/Annotated Diseased Shrimp Images/1. BG/images/BG-43-img-3.jpg,/home/drnguyenvinh/notebooks/shrimp_dataset_eda_label_model_analysis_v1/kaggle_raw/shrimpdiseaseimagebd/ShrimpDiseaseImageBD An Image Dataset for Computer Vision-Based Detection of Shrimp Diseases in Bangladesh/Root/Annotated Diseased Shrimp Images/Annotated Diseased Shrimp Images/1. BG/labels/BG-43-img-3.txt,2,0,BG,BG-43-img-3,2048
1.0,0,BG,BG-44-img-1.jpg,223.22265625,2048,/home/drnguyenvinh/notebooks/shrimp_dataset_eda_label_model_analysis_v1/kaggle_raw/shrimpdiseaseimagebd/ShrimpDiseaseImageBD An Image Dataset for Computer Vision-Based Detection of Shrimp Diseases in Bangladesh/Root/Annotated Diseased Shrimp Images/Annotated Diseased Shrimp Images/1. BG/images/BG-44-img-1.jpg,/home/drnguyenvinh/notebooks/shrimp_dataset_eda_label_model_analysis_v1/kaggle_raw/shrimpdiseaseimagebd/ShrimpDiseaseImageBD An Image Dataset for Computer Vision-Based Detection of Shrimp Diseases in Bangladesh/Root/Annotated Diseased Shrimp Images/Annotated Diseased Shrimp Images/1. BG/labels/BG-44-img-1.txt,5,0,BG,BG-44-img-1,2048
1.0,0,BG,BG-44-img-2.jpg,222.2216796875,2048,/home/drnguyenvinh/notebooks/shrimp_dataset_eda_label_model_analysis_v1/kaggle_raw/shrimpdiseaseimagebd/ShrimpDiseaseImageBD An Image Dataset for Computer Vision-Based Detection of Shrimp Diseases in Bangladesh/Root/Annotated Diseased Shrimp Images/Annotated Diseased Shrimp Images/1. BG/images/BG-44-img-2.jpg,/home/drnguyenvinh/notebooks/shrimp_dataset_eda_label_model_analysis_v1/kaggle_raw/shrimpdiseaseimagebd/ShrimpDiseaseImageBD An Image Dataset for Computer Vision-Based Detection of Shrimp Diseases in Bangladesh/Root/Annotated Diseased Shrimp Images/Annotated Diseased Shrimp Images/1. BG/labels/BG-44-img-2.txt,3,0,BG,BG-44-img-2,2048
1.0,0,BG,BG-44-img-3.jpg,240.7451171875,2048,/home/drnguyenvinh/notebooks/shrimp_dataset_eda_label_model_analysis_v1/kaggle_raw/shrimpdiseaseimagebd/ShrimpDiseaseImageBD An Image Dataset for Computer Vision-Based Detection of Shrimp Diseases in Bangladesh/Root/Annotated Diseased Shrimp Images/Annotated Diseased Shrimp Images/1. BG/images/BG-44-img-3.jpg,/home/drnguyenvinh/notebooks/shrimp_dataset_eda_label_model_analysis_v1/kaggle_raw/shrimpdiseaseimagebd/ShrimpDiseaseImageBD An Image Dataset for Computer Vision-Based Detection of Shrimp Diseases in Bangladesh/Root/Annotated Diseased Shrimp Images/Annotated Diseased Shrimp Images/1. BG/labels/BG-44-img-3.txt,3,0,BG,BG-44-img-3,2048
1.0,0,BG,BG-45-img-1.jpg,176.7783203125,2048,/home/drnguyenvinh/notebooks/shrimp_dataset_eda_label_model_analysis_v1/kaggle_raw/shrimpdiseaseimagebd/ShrimpDiseaseImageBD An Image Dataset for Computer Vision-Based Detection of Shrimp Diseases in Bangladesh/Root/Annotated Diseased Shrimp Images/Annotated Diseased Shrimp Images/1. BG/images/BG-45-img-1.jpg,/home/drnguyenvinh/notebooks/shrimp_dataset_eda_label_model_analysis_v1/kaggle_raw/shrimpdiseaseimagebd/ShrimpDiseaseImageBD An Image Dataset for Computer Vision-Based Detection of Shrimp Diseases in Bangladesh/Root/Annotated Diseased Shrimp Images/Annotated Diseased Shrimp Images/1. BG/labels/BG-45-img-1.txt,1,0,BG,BG-45-img-1,2048
1.0,0,BG,BG-45-img-2.jpg,189.8154296875,2048,/home/drnguyenvinh/notebooks/shrimp_dataset_eda_label_model_analysis_v1/kaggle_raw/shrimpdiseaseimagebd/ShrimpDiseaseImageBD An Image Dataset for Computer Vision-Based Detection of Shrimp Diseases in Bangladesh/Root/Annotated Diseased Shrimp Images/Annotated Diseased Shrimp Images/1. BG/images/BG-45-img-2.jpg,/home/drnguyenvinh/notebooks/shrimp_dataset_eda_label_model_analysis_v1/kaggle_raw/shrimpdiseaseimagebd/ShrimpDiseaseImageBD An Image Dataset for Computer Vision-Based Detection of Shrimp Diseases in Bangladesh/Root/Annotated Diseased Shrimp Images/Annotated Diseased Shrimp Images/1. BG/labels/BG-45-img-2.txt,1,0,BG,BG-45-img-2,2048
1.0,0,BG,BG-45-img-3.jpg,210.23046875,2048,/home/drnguyenvinh/notebooks/shrimp_dataset_eda_label_model_analysis_v1/kaggle_raw/shrimpdiseaseimagebd/ShrimpDiseaseImageBD An Image Dataset for Computer Vision-Based Detection of Shrimp Diseases in Bangladesh/Root/Annotated Diseased Shrimp Images/Annotated Diseased Shrimp Images/1. BG/images/BG-45-img-3.jpg,/home/drnguyenvinh/notebooks/shrimp_dataset_eda_label_model_analysis_v1/kaggle_raw/shrimpdiseaseimagebd/ShrimpDiseaseImageBD An Image Dataset for Computer Vision-Based Detection of Shrimp Diseases in Bangladesh/Root/Annotated Diseased Shrimp Images/Annotated Diseased Shrimp Images/1. BG/labels/BG-45-img-3.txt,3,0,BG,BG-45-img-3,2048
1.0,0,BG,BG-46-img-1.jpg,162.18359375,2048,/home/drnguyenvinh/notebooks/shrimp_dataset_eda_label_model_analysis_v1/kaggle_raw/shrimpdiseaseimagebd/ShrimpDiseaseImageBD An Image Dataset for Computer Vision-Based Detection of Shrimp Diseases in Bangladesh/Root/Annotated Diseased Shrimp Images/Annotated Diseased Shrimp Images/1. BG/images/BG-46-img-1.jpg,/home/drnguyenvinh/notebooks/shrimp_dataset_eda_label_model_analysis_v1/kaggle_raw/shrimpdiseaseimagebd/ShrimpDiseaseImageBD An Image Dataset for Computer Vision-Based Detection of Shrimp Diseases in Bangladesh/Root/Annotated Diseased Shrimp Images/Annotated Diseased Shrimp Images/1. BG/labels/BG-46-img-1.txt,6,0,BG,BG-46-img-1,2048
1.0,0,BG,BG-46-img-2.jpg,164.6611328125,2048,/home/drnguyenvinh/notebooks/shrimp_dataset_eda_label_model_analysis_v1/kaggle_raw/shrimpdiseaseimagebd/ShrimpDiseaseImageBD An Image Dataset for Computer Vision-Based Detection of Shrimp Diseases in Bangladesh/Root/Annotated Diseased Shrimp Images/Annotated Diseased Shrimp Images/1. BG/images/BG-46-img-2.jpg,/home/drnguyenvinh/notebooks/shrimp_dataset_eda_label_model_analysis_v1/kaggle_raw/shrimpdiseaseimagebd/ShrimpDiseaseImageBD An Image Dataset for Computer Vision-Based Detection of Shrimp Diseases in Bangladesh/Root/Annotated Diseased Shrimp Images/Annotated Diseased Shrimp Images/1. BG/labels/BG-46-img-2.txt,3,0,BG,BG-46-img-2,2048
1.0,0,BG,BG-47-img-1.jpg,138.1875,2048,/home/drnguyenvinh/notebooks/shrimp_dataset_eda_label_model_analysis_v1/kaggle_raw/shrimpdiseaseimagebd/ShrimpDiseaseImageBD An Image Dataset for Computer Vision-Based Detection of Shrimp Diseases in Bangladesh/Root/Annotated Diseased Shrimp Images/Annotated Diseased Shrimp Images/1. BG/images/BG-47-img-1.jpg,/home/drnguyenvinh/notebooks/shrimp_dataset_eda_label_model_analysis_v1/kaggle_raw/shrimpdiseaseimagebd/ShrimpDiseaseImageBD An Image Dataset for Computer Vision-Based Detection of Shrimp Diseases in Bangladesh/Root/Annotated Diseased Shrimp Images/Annotated Diseased Shrimp Images/1. BG/labels/BG-47-img-1.txt,1,0,BG,BG-47-img-1,2048
1.0,0,BG,BG-47-img-2.jpg,212.62109375,2048,/home/drnguyenvinh/notebooks/shrimp_dataset_eda_label_model_analysis_v1/kaggle_raw/shrimpdiseaseimagebd/ShrimpDiseaseImageBD An Image Dataset for Computer Vision-Based Detection of Shrimp Diseases in Bangladesh/Root/Annotated Diseased Shrimp Images/Annotated Diseased Shrimp Images/1. BG/images/BG-47-img-2.jpg,/home/drnguyenvinh/notebooks/shrimp_dataset_eda_label_model_analysis_v1/kaggle_raw/shrimpdiseaseimagebd/ShrimpDiseaseImageBD An Image Dataset for Computer Vision-Based Detection of Shrimp Diseases in Bangladesh/Root/Annotated Diseased Shrimp Images/Annotated Diseased Shrimp Images/1. BG/labels/BG-47-img-2.txt,2,0,BG,BG-47-img-2,2048
1.0,0,BG,BG-47-img-3.jpg,205.591796875,2048,/home/drnguyenvinh/notebooks/shrimp_dataset_eda_label_model_analysis_v1/kaggle_raw/shrimpdiseaseimagebd/ShrimpDiseaseImageBD An Image Dataset for Computer Vision-Based Detection of Shrimp Diseases in Bangladesh/Root/Annotated Diseased Shrimp Images/Annotated Diseased Shrimp Images/1. BG/images/BG-47-img-3.jpg,/home/drnguyenvinh/notebooks/shrimp_dataset_eda_label_model_analysis_v1/kaggle_raw/shrimpdiseaseimagebd/ShrimpDiseaseImageBD An Image Dataset for Computer Vision-Based Detection of Shrimp Diseases in Bangladesh/Root/Annotated Diseased Shrimp Images/Annotated Diseased Shrimp Images/1. BG/labels/BG-47-img-3.txt,3,0,BG,BG-47-img-3,2048
1.0,0,BG,BG-48-img-1.jpg,150.9306640625,2048,/home/drnguyenvinh/notebooks/shrimp_dataset_eda_label_model_analysis_v1/kaggle_raw/shrimpdiseaseimagebd/ShrimpDiseaseImageBD An Image Dataset for Computer Vision-Based Detection of Shrimp Diseases in Bangladesh/Root/Annotated Diseased Shrimp Images/Annotated Diseased Shrimp Images/1. BG/images/BG-48-img-1.jpg,/home/drnguyenvinh/notebooks/shrimp_dataset_eda_label_model_analysis_v1/kaggle_raw/shrimpdiseaseimagebd/ShrimpDiseaseImageBD An Image Dataset for Computer Vision-Based Detection of Shrimp Diseases in Bangladesh/Root/Annotated Diseased Shrimp Images/Annotated Diseased Shrimp Images/1. BG/labels/BG-48-img-1.txt,1,0,BG,BG-48-img-1,2048
1.0,0,BG,BG-48-img-2.jpg,144.525390625,2048,/home/drnguyenvinh/notebooks/shrimp_dataset_eda_label_model_analysis_v1/kaggle_raw/shrimpdiseaseimagebd/ShrimpDiseaseImageBD An Image Dataset for Computer Vision-Based Detection of Shrimp Diseases in Bangladesh/Root/Annotated Diseased Shrimp Images/Annotated Diseased Shrimp Images/1. BG/images/BG-48-img-2.jpg,/home/drnguyenvinh/notebooks/shrimp_dataset_eda_label_model_analysis_v1/kaggle_raw/shrimpdiseaseimagebd/ShrimpDiseaseImageBD An Image Dataset for Computer Vision-Based Detection of Shrimp Diseases in Bangladesh/Root/Annotated Diseased Shrimp Images/Annotated Diseased Shrimp Images/1. BG/labels/BG-48-img-2.txt,3,0,BG,BG-48-img-2,2048
1.0,0,BG,BG-48-img-3.jpg,191.9873046875,2048,/home/drnguyenvinh/notebooks/shrimp_dataset_eda_label_model_analysis_v1/kaggle_raw/shrimpdiseaseimagebd/ShrimpDiseaseImageBD An Image Dataset for Computer Vision-Based Detection of Shrimp Diseases in Bangladesh/Root/Annotated Diseased Shrimp Images/Annotated Diseased Shrimp Images/1. BG/images/BG-48-img-3.jpg,/home/drnguyenvinh/notebooks/shrimp_dataset_eda_label_model_analysis_v1/kaggle_raw/shrimpdiseaseimagebd/ShrimpDiseaseImageBD An Image Dataset for Computer Vision-Based Detection of Shrimp Diseases in Bangladesh/Root/Annotated Diseased Shrimp Images/Annotated Diseased Shrimp Images/1. BG/labels/BG-48-img-3.txt,3,0,BG,BG-48-img-3,2048
1.0,0,BG,BG-49-img-1.jpg,155.97265625,2048,/home/drnguyenvinh/notebooks/shrimp_dataset_eda_label_model_analysis_v1/kaggle_raw/shrimpdiseaseimagebd/ShrimpDiseaseImageBD An Image Dataset for Computer Vision-Based Detection of Shrimp Diseases in Bangladesh/Root/Annotated Diseased Shrimp Images/Annotated Diseased Shrimp Images/1. BG/images/BG-49-img-1.jpg,/home/drnguyenvinh/notebooks/shrimp_dataset_eda_label_model_analysis_v1/kaggle_raw/shrimpdiseaseimagebd/ShrimpDiseaseImageBD An Image Dataset for Computer Vision-Based Detection of Shrimp Diseases in Bangladesh/Root/Annotated Diseased Shrimp Images/Annotated Diseased Shrimp Images/1. BG/labels/BG-49-img-1.txt,4,0,BG,BG-49-img-1,2048
1.0,0,BG,BG-49-img-2.jpg,202.4658203125,2048,/home/drnguyenvinh/notebooks/shrimp_dataset_eda_label_model_analysis_v1/kaggle_raw/shrimpdiseaseimagebd/ShrimpDiseaseImageBD An Image Dataset for Computer Vision-Based Detection of Shrimp Diseases in Bangladesh/Root/Annotated Diseased Shrimp Images/Annotated Diseased Shrimp Images/1. BG/images/BG-49-img-2.jpg,/home/drnguyenvinh/notebooks/shrimp_dataset_eda_label_model_analysis_v1/kaggle_raw/shrimpdiseaseimagebd/ShrimpDiseaseImageBD An Image Dataset for Computer Vision-Based Detection of Shrimp Diseases in Bangladesh/Root/Annotated Diseased Shrimp Images/Annotated Diseased Shrimp Images/1. BG/labels/BG-49-img-2.txt,1,0,BG,BG-49-img-2,2048
1.0,0,BG,BG-49-img-3.jpg,212.44140625,2048,/home/drnguyenvinh/notebooks/shrimp_dataset_eda_label_model_analysis_v1/kaggle_raw/shrimpdiseaseimagebd/ShrimpDiseaseImageBD An Image Dataset for Computer Vision-Based Detection of Shrimp Diseases in Bangladesh/Root/Annotated Diseased Shrimp Images/Annotated Diseased Shrimp Images/1. BG/images/BG-49-img-3.jpg,/home/drnguyenvinh/notebooks/shrimp_dataset_eda_label_model_analysis_v1/kaggle_raw/shrimpdiseaseimagebd/ShrimpDiseaseImageBD An Image Dataset for Computer Vision-Based Detection of Shrimp Diseases in Bangladesh/Root/Annotated Diseased Shrimp Images/Annotated Diseased Shrimp Images/1. BG/labels/BG-49-img-3.txt,3,0,BG,BG-49-img-3,2048
1.0,0,BG,BG-5-img-1.jpg,244.5439453125,2048,/home/drnguyenvinh/notebooks/shrimp_dataset_eda_label_model_analysis_v1/kaggle_raw/shrimpdiseaseimagebd/ShrimpDiseaseImageBD An Image Dataset for Computer Vision-Based Detection of Shrimp Diseases in Bangladesh/Root/Annotated Diseased Shrimp Images/Annotated Diseased Shrimp Images/1. BG/images/BG-5-img-1.jpg,/home/drnguyenvinh/notebooks/shrimp_dataset_eda_label_model_analysis_v1/kaggle_raw/shrimpdiseaseimagebd/ShrimpDiseaseImageBD An Image Dataset for Computer Vision-Based Detection of Shrimp Diseases in Bangladesh/Root/Annotated Diseased Shrimp Images/Annotated Diseased Shrimp Images/1. BG/labels/BG-5-img-1.txt,2,0,BG,BG-5-img-1,2048
1.0,0,BG,BG-50-img-1.jpg,146.7685546875,2048,/home/drnguyenvinh/notebooks/shrimp_dataset_eda_label_model_analysis_v1/kaggle_raw/shrimpdiseaseimagebd/ShrimpDiseaseImageBD An Image Dataset for Computer Vision-Based Detection of Shrimp Diseases in Bangladesh/Root/Annotated Diseased Shrimp Images/Annotated Diseased Shrimp Images/1. BG/images/BG-50-img-1.jpg,/home/drnguyenvinh/notebooks/shrimp_dataset_eda_label_model_analysis_v1/kaggle_raw/shrimpdiseaseimagebd/ShrimpDiseaseImageBD An Image Dataset for Computer Vision-Based Detection of Shrimp Diseases in Bangladesh/Root/Annotated Diseased Shrimp Images/Annotated Diseased Shrimp Images/1. BG/labels/BG-50-img-1.txt,1,0,BG,BG-50-img-1,2048
1.0,0,BG,BG-50-img-2.jpg,205.7822265625,2048,/home/drnguyenvinh/notebooks/shrimp_dataset_eda_label_model_analysis_v1/kaggle_raw/shrimpdiseaseimagebd/ShrimpDiseaseImageBD An Image Dataset for Computer Vision-Based Detection of Shrimp Diseases in Bangladesh/Root/Annotated Diseased Shrimp Images/Annotated Diseased Shrimp Images/1. BG/images/BG-50-img-2.jpg,/home/drnguyenvinh/notebooks/shrimp_dataset_eda_label_model_analysis_v1/kaggle_raw/shrimpdiseaseimagebd/ShrimpDiseaseImageBD An Image Dataset for Computer Vision-Based Detection of Shrimp Diseases in Bangladesh/Root/Annotated Diseased Shrimp Images/Annotated Diseased Shrimp Images/1. BG/labels/BG-50-img-2.txt,3,0,BG,BG-50-img-2,2048
1.0,0,BG,BG-51-img-1.jpg,145.0634765625,2048,/home/drnguyenvinh/notebooks/shrimp_dataset_eda_label_model_analysis_v1/kaggle_raw/shrimpdiseaseimagebd/ShrimpDiseaseImageBD An Image Dataset for Computer Vision-Based Detection of Shrimp Diseases in Bangladesh/Root/Annotated Diseased Shrimp Images/Annotated Diseased Shrimp Images/1. BG/images/BG-51-img-1.jpg,/home/drnguyenvinh/notebooks/shrimp_dataset_eda_label_model_analysis_v1/kaggle_raw/shrimpdiseaseimagebd/ShrimpDiseaseImageBD An Image Dataset for Computer Vision-Based Detection of Shrimp Diseases in Bangladesh/Root/Annotated Diseased Shrimp Images/Annotated Diseased Shrimp Images/1. BG/labels/BG-51-img-1.txt,1,0,BG,BG-51-img-1,2048
1.0,0,BG,BG-51-img-2.jpg,141.357421875,2048,/home/drnguyenvinh/notebooks/shrimp_dataset_eda_label_model_analysis_v1/kaggle_raw/shrimpdiseaseimagebd/ShrimpDiseaseImageBD An Image Dataset for Computer Vision-Based Detection of Shrimp Diseases in Bangladesh/Root/Annotated Diseased Shrimp Images/Annotated Diseased Shrimp Images/1. BG/images/BG-51-img-2.jpg,/home/drnguyenvinh/notebooks/shrimp_dataset_eda_label_model_analysis_v1/kaggle_raw/shrimpdiseaseimagebd/ShrimpDiseaseImageBD An Image Dataset for Computer Vision-Based Detection of Shrimp Diseases in Bangladesh/Root/Annotated Diseased Shrimp Images/Annotated Diseased Shrimp Images/1. BG/labels/BG-51-img-2.txt,2,0,BG,BG-51-img-2,2048
1.0,0,BG,BG-51-img-3.jpg,157.384765625,2048,/home/drnguyenvinh/notebooks/shrimp_dataset_eda_label_model_analysis_v1/kaggle_raw/shrimpdiseaseimagebd/ShrimpDiseaseImageBD An Image Dataset for Computer Vision-Based Detection of Shrimp Diseases in Bangladesh/Root/Annotated Diseased Shrimp Images/Annotated Diseased Shrimp Images/1. BG/images/BG-51-img-3.jpg,/home/drnguyenvinh/notebooks/shrimp_dataset_eda_label_model_analysis_v1/kaggle_raw/shrimpdiseaseimagebd/ShrimpDiseaseImageBD An Image Dataset for Computer Vision-Based Detection of Shrimp Diseases in Bangladesh/Root/Annotated Diseased Shrimp Images/Annotated Diseased Shrimp Images/1. BG/labels/BG-51-img-3.txt,3,0,BG,BG-51-img-3,2048
1.0,0,BG,BG-52-img-1.jpg,153.134765625,2048,/home/drnguyenvinh/notebooks/shrimp_dataset_eda_label_model_analysis_v1/kaggle_raw/shrimpdiseaseimagebd/ShrimpDiseaseImageBD An Image Dataset for Computer Vision-Based Detection of Shrimp Diseases in Bangladesh/Root/Annotated Diseased Shrimp Images/Annotated Diseased Shrimp Images/1. BG/images/BG-52-img-1.jpg,/home/drnguyenvinh/notebooks/shrimp_dataset_eda_label_model_analysis_v1/kaggle_raw/shrimpdiseaseimagebd/ShrimpDiseaseImageBD An Image Dataset for Computer Vision-Based Detection of Shrimp Diseases in Bangladesh/Root/Annotated Diseased Shrimp Images/Annotated Diseased Shrimp Images/1. BG/labels/BG-52-img-1.txt,2,0,BG,BG-52-img-1,2048
1.0,0,BG,BG-52-img-2.jpg,156.0478515625,2048,/home/drnguyenvinh/notebooks/shrimp_dataset_eda_label_model_analysis_v1/kaggle_raw/shrimpdiseaseimagebd/ShrimpDiseaseImageBD An Image Dataset for Computer Vision-Based Detection of Shrimp Diseases in Bangladesh/Root/Annotated Diseased Shrimp Images/Annotated Diseased Shrimp Images/1. BG/images/BG-52-img-2.jpg,/home/drnguyenvinh/notebooks/shrimp_dataset_eda_label_model_analysis_v1/kaggle_raw/shrimpdiseaseimagebd/ShrimpDiseaseImageBD An Image Dataset for Computer Vision-Based Detection of Shrimp Diseases in Bangladesh/Root/Annotated Diseased Shrimp Images/Annotated Diseased Shrimp Images/1. BG/labels/BG-52-img-2.txt,5,0,BG,BG-52-img-2,2048
1.0,0,BG,BG-52-img-3.jpg,138.1845703125,2048,/home/drnguyenvinh/notebooks/shrimp_dataset_eda_label_model_analysis_v1/kaggle_raw/shrimpdiseaseimagebd/ShrimpDiseaseImageBD An Image Dataset for Computer Vision-Based Detection of Shrimp Diseases in Bangladesh/Root/Annotated Diseased Shrimp Images/Annotated Diseased Shrimp Images/1. BG/images/BG-52-img-3.jpg,/home/drnguyenvinh/notebooks/shrimp_dataset_eda_label_model_analysis_v1/kaggle_raw/shrimpdiseaseimagebd/ShrimpDiseaseImageBD An Image Dataset for Computer Vision-Based Detection of Shrimp Diseases in Bangladesh/Root/Annotated Diseased Shrimp Images/Annotated Diseased Shrimp Images/1. BG/labels/BG-52-img-3.txt,2,0,BG,BG-52-img-3,2048
1.0,0,BG,BG-53-img-1.jpg,158.8798828125,2048,/home/drnguyenvinh/notebooks/shrimp_dataset_eda_label_model_analysis_v1/kaggle_raw/shrimpdiseaseimagebd/ShrimpDiseaseImageBD An Image Dataset for Computer Vision-Based Detection of Shrimp Diseases in Bangladesh/Root/Annotated Diseased Shrimp Images/Annotated Diseased Shrimp Images/1. BG/images/BG-53-img-1.jpg,/home/drnguyenvinh/notebooks/shrimp_dataset_eda_label_model_analysis_v1/kaggle_raw/shrimpdiseaseimagebd/ShrimpDiseaseImageBD An Image Dataset for Computer Vision-Based Detection of Shrimp Diseases in Bangladesh/Root/Annotated Diseased Shrimp Images/Annotated Diseased Shrimp Images/1. BG/labels/BG-53-img-1.txt,2,0,BG,BG-53-img-1,2048
1.0,0,BG,BG-53-img-2.jpg,207.17578125,2048,/home/drnguyenvinh/notebooks/shrimp_dataset_eda_label_model_analysis_v1/kaggle_raw/shrimpdiseaseimagebd/ShrimpDiseaseImageBD An Image Dataset for Computer Vision-Based Detection of Shrimp Diseases in Bangladesh/Root/Annotated Diseased Shrimp Images/Annotated Diseased Shrimp Images/1. BG/images/BG-53-img-2.jpg,/home/drnguyenvinh/notebooks/shrimp_dataset_eda_label_model_analysis_v1/kaggle_raw/shrimpdiseaseimagebd/ShrimpDiseaseImageBD An Image Dataset for Computer Vision-Based Detection of Shrimp Diseases in Bangladesh/Root/Annotated Diseased Shrimp Images/Annotated Diseased Shrimp Images/1. BG/labels/BG-53-img-2.txt,9,0,BG,BG-53-img-2,2048
1.0,0,BG,BG-53-img-3.jpg,220.5478515625,2048,/home/drnguyenvinh/notebooks/shrimp_dataset_eda_label_model_analysis_v1/kaggle_raw/shrimpdiseaseimagebd/ShrimpDiseaseImageBD An Image Dataset for Computer Vision-Based Detection of Shrimp Diseases in Bangladesh/Root/Annotated Diseased Shrimp Images/Annotated Diseased Shrimp Images/1. BG/images/BG-53-img-3.jpg,/home/drnguyenvinh/notebooks/shrimp_dataset_eda_label_model_analysis_v1/kaggle_raw/shrimpdiseaseimagebd/ShrimpDiseaseImageBD An Image Dataset for Computer Vision-Based Detection of Shrimp Diseases in Bangladesh/Root/Annotated Diseased Shrimp Images/Annotated Diseased Shrimp Images/1. BG/labels/BG-53-img-3.txt,1,0,BG,BG-53-img-3,2048
1.0,0,BG,BG-54-img-1.jpg,147.529296875,2048,/home/drnguyenvinh/notebooks/shrimp_dataset_eda_label_model_analysis_v1/kaggle_raw/shrimpdiseaseimagebd/ShrimpDiseaseImageBD An Image Dataset for Computer Vision-Based Detection of Shrimp Diseases in Bangladesh/Root/Annotated Diseased Shrimp Images/Annotated Diseased Shrimp Images/1. BG/images/BG-54-img-1.jpg,/home/drnguyenvinh/notebooks/shrimp_dataset_eda_label_model_analysis_v1/kaggle_raw/shrimpdiseaseimagebd/ShrimpDiseaseImageBD An Image Dataset for Computer Vision-Based Detection of Shrimp Diseases in Bangladesh/Root/Annotated Diseased Shrimp Images/Annotated Diseased Shrimp Images/1. BG/labels/BG-54-img-1.txt,4,0,BG,BG-54-img-1,2048
1.0,0,BG,BG-54-img-2.jpg,136.404296875,2048,/home/drnguyenvinh/notebooks/shrimp_dataset_eda_label_model_analysis_v1/kaggle_raw/shrimpdiseaseimagebd/ShrimpDiseaseImageBD An Image Dataset for Computer Vision-Based Detection of Shrimp Diseases in Bangladesh/Root/Annotated Diseased Shrimp Images/Annotated Diseased Shrimp Images/1. BG/images/BG-54-img-2.jpg,/home/drnguyenvinh/notebooks/shrimp_dataset_eda_label_model_analysis_v1/kaggle_raw/shrimpdiseaseimagebd/ShrimpDiseaseImageBD An Image Dataset for Computer Vision-Based Detection of Shrimp Diseases in Bangladesh/Root/Annotated Diseased Shrimp Images/Annotated Diseased Shrimp Images/1. BG/labels/BG-54-img-2.txt,5,0,BG,BG-54-img-2,2048
1.0,0,BG,BG-54-img-3.jpg,200.802734375,2048,/home/drnguyenvinh/notebooks/shrimp_dataset_eda_label_model_analysis_v1/kaggle_raw/shrimpdiseaseimagebd/ShrimpDiseaseImageBD An Image Dataset for Computer Vision-Based Detection of Shrimp Diseases in Bangladesh/Root/Annotated Diseased Shrimp Images/Annotated Diseased Shrimp Images/1. BG/images/BG-54-img-3.jpg,/home/drnguyenvinh/notebooks/shrimp_dataset_eda_label_model_analysis_v1/kaggle_raw/shrimpdiseaseimagebd/ShrimpDiseaseImageBD An Image Dataset for Computer Vision-Based Detection of Shrimp Diseases in Bangladesh/Root/Annotated Diseased Shrimp Images/Annotated Diseased Shrimp Images/1. BG/labels/BG-54-img-3.txt,1,0,BG,BG-54-img-3,2048
1.0,0,BG,BG-55-img-1.jpg,177.462890625,2048,/home/drnguyenvinh/notebooks/shrimp_dataset_eda_label_model_analysis_v1/kaggle_raw/shrimpdiseaseimagebd/ShrimpDiseaseImageBD An Image Dataset for Computer Vision-Based Detection of Shrimp Diseases in Bangladesh/Root/Annotated Diseased Shrimp Images/Annotated Diseased Shrimp Images/1. BG/images/BG-55-img-1.jpg,/home/drnguyenvinh/notebooks/shrimp_dataset_eda_label_model_analysis_v1/kaggle_raw/shrimpdiseaseimagebd/ShrimpDiseaseImageBD An Image Dataset for Computer Vision-Based Detection of Shrimp Diseases in Bangladesh/Root/Annotated Diseased Shrimp Images/Annotated Diseased Shrimp Images/1. BG/labels/BG-55-img-1.txt,1,0,BG,BG-55-img-1,2048
1.0,0,BG,BG-55-img-2.jpg,218.8603515625,2048,/home/drnguyenvinh/notebooks/shrimp_dataset_eda_label_model_analysis_v1/kaggle_raw/shrimpdiseaseimagebd/ShrimpDiseaseImageBD An Image Dataset for Computer Vision-Based Detection of Shrimp Diseases in Bangladesh/Root/Annotated Diseased Shrimp Images/Annotated Diseased Shrimp Images/1. BG/images/BG-55-img-2.jpg,/home/drnguyenvinh/notebooks/shrimp_dataset_eda_label_model_analysis_v1/kaggle_raw/shrimpdiseaseimagebd/ShrimpDiseaseImageBD An Image Dataset for Computer Vision-Based Detection of Shrimp Diseases in Bangladesh/Root/Annotated Diseased Shrimp Images/Annotated Diseased Shrimp Images/1. BG/labels/BG-55-img-2.txt,2,0,BG,BG-55-img-2,2048
1.0,0,BG,BG-55-img-3.jpg,238.625,2048,/home/drnguyenvinh/notebooks/shrimp_dataset_eda_label_model_analysis_v1/kaggle_raw/shrimpdiseaseimagebd/ShrimpDiseaseImageBD An Image Dataset for Computer Vision-Based Detection of Shrimp Diseases in Bangladesh/Root/Annotated Diseased Shrimp Images/Annotated Diseased Shrimp Images/1. BG/images/BG-55-img-3.jpg,/home/drnguyenvinh/notebooks/shrimp_dataset_eda_label_model_analysis_v1/kaggle_raw/shrimpdiseaseimagebd/ShrimpDiseaseImageBD An Image Dataset for Computer Vision-Based Detection of Shrimp Diseases in Bangladesh/Root/Annotated Diseased Shrimp Images/Annotated Diseased Shrimp Images/1. BG/labels/BG-55-img-3.txt,1,0,BG,BG-55-img-3,2048
1.0,0,BG,BG-56-img-1.jpg,143.5458984375,2048,/home/drnguyenvinh/notebooks/shrimp_dataset_eda_label_model_analysis_v1/kaggle_raw/shrimpdiseaseimagebd/ShrimpDiseaseImageBD An Image Dataset for Computer Vision-Based Detection of Shrimp Diseases in Bangladesh/Root/Annotated Diseased Shrimp Images/Annotated Diseased Shrimp Images/1. BG/images/BG-56-img-1.jpg,/home/drnguyenvinh/notebooks/shrimp_dataset_eda_label_model_analysis_v1/kaggle_raw/shrimpdiseaseimagebd/ShrimpDiseaseImageBD An Image Dataset for Computer Vision-Based Detection of Shrimp Diseases in Bangladesh/Root/Annotated Diseased Shrimp Images/Annotated Diseased Shrimp Images/1. BG/labels/BG-56-img-1.txt,1,0,BG,BG-56-img-1,2048
1.0,0,BG,BG-56-img-2.jpg,203.4619140625,2048,/home/drnguyenvinh/notebooks/shrimp_dataset_eda_label_model_analysis_v1/kaggle_raw/shrimpdiseaseimagebd/ShrimpDiseaseImageBD An Image Dataset for Computer Vision-Based Detection of Shrimp Diseases in Bangladesh/Root/Annotated Diseased Shrimp Images/Annotated Diseased Shrimp Images/1. BG/images/BG-56-img-2.jpg,/home/drnguyenvinh/notebooks/shrimp_dataset_eda_label_model_analysis_v1/kaggle_raw/shrimpdiseaseimagebd/ShrimpDiseaseImageBD An Image Dataset for Computer Vision-Based Detection of Shrimp Diseases in Bangladesh/Root/Annotated Diseased Shrimp Images/Annotated Diseased Shrimp Images/1. BG/labels/BG-56-img-2.txt,2,0,BG,BG-56-img-2,2048
1.0,0,BG,BG-56-img-3.jpg,181.9189453125,2048,/home/drnguyenvinh/notebooks/shrimp_dataset_eda_label_model_analysis_v1/kaggle_raw/shrimpdiseaseimagebd/ShrimpDiseaseImageBD An Image Dataset for Computer Vision-Based Detection of Shrimp Diseases in Bangladesh/Root/Annotated Diseased Shrimp Images/Annotated Diseased Shrimp Images/1. BG/images/BG-56-img-3.jpg,/home/drnguyenvinh/notebooks/shrimp_dataset_eda_label_model_analysis_v1/kaggle_raw/shrimpdiseaseimagebd/ShrimpDiseaseImageBD An Image Dataset for Computer Vision-Based Detection of Shrimp Diseases in Bangladesh/Root/Annotated Diseased Shrimp Images/Annotated Diseased Shrimp Images/1. BG/labels/BG-56-img-3.txt,2,0,BG,BG-56-img-3,2048
1.0,0,BG,BG-57-img-1.jpg,216.1357421875,2048,/home/drnguyenvinh/notebooks/shrimp_dataset_eda_label_model_analysis_v1/kaggle_raw/shrimpdiseaseimagebd/ShrimpDiseaseImageBD An Image Dataset for Computer Vision-Based Detection of Shrimp Diseases in Bangladesh/Root/Annotated Diseased Shrimp Images/Annotated Diseased Shrimp Images/1. BG/images/BG-57-img-1.jpg,/home/drnguyenvinh/notebooks/shrimp_dataset_eda_label_model_analysis_v1/kaggle_raw/shrimpdiseaseimagebd/ShrimpDiseaseImageBD An Image Dataset for Computer Vision-Based Detection of Shrimp Diseases in Bangladesh/Root/Annotated Diseased Shrimp Images/Annotated Diseased Shrimp Images/1. BG/labels/BG-57-img-1.txt,3,0,BG,BG-57-img-1,2048
1.0,0,BG,BG-58-img-1.jpg,186.1787109375,2048,/home/drnguyenvinh/notebooks/shrimp_dataset_eda_label_model_analysis_v1/kaggle_raw/shrimpdiseaseimagebd/ShrimpDiseaseImageBD An Image Dataset for Computer Vision-Based Detection of Shrimp Diseases in Bangladesh/Root/Annotated Diseased Shrimp Images/Annotated Diseased Shrimp Images/1. BG/images/BG-58-img-1.jpg,/home/drnguyenvinh/notebooks/shrimp_dataset_eda_label_model_analysis_v1/kaggle_raw/shrimpdiseaseimagebd/ShrimpDiseaseImageBD An Image Dataset for Computer Vision-Based Detection of Shrimp Diseases in Bangladesh/Root/Annotated Diseased Shrimp Images/Annotated Diseased Shrimp Images/1. BG/labels/BG-58-img-1.txt,1,0,BG,BG-58-img-1,2048
1.0,0,BG,BG-58-img-2.jpg,203.619140625,2048,/home/drnguyenvinh/notebooks/shrimp_dataset_eda_label_model_analysis_v1/kaggle_raw/shrimpdiseaseimagebd/ShrimpDiseaseImageBD An Image Dataset for Computer Vision-Based Detection of Shrimp Diseases in Bangladesh/Root/Annotated Diseased Shrimp Images/Annotated Diseased Shrimp Images/1. BG/images/BG-58-img-2.jpg,/home/drnguyenvinh/notebooks/shrimp_dataset_eda_label_model_analysis_v1/kaggle_raw/shrimpdiseaseimagebd/ShrimpDiseaseImageBD An Image Dataset for Computer Vision-Based Detection of Shrimp Diseases in Bangladesh/Root/Annotated Diseased Shrimp Images/Annotated Diseased Shrimp Images/1. BG/labels/BG-58-img-2.txt,1,0,BG,BG-58-img-2,2048
1.0,0,BG,BG-58-img-3.jpg,166.9736328125,2048,/home/drnguyenvinh/notebooks/shrimp_dataset_eda_label_model_analysis_v1/kaggle_raw/shrimpdiseaseimagebd/ShrimpDiseaseImageBD An Image Dataset for Computer Vision-Based Detection of Shrimp Diseases in Bangladesh/Root/Annotated Diseased Shrimp Images/Annotated Diseased Shrimp Images/1. BG/images/BG-58-img-3.jpg,/home/drnguyenvinh/notebooks/shrimp_dataset_eda_label_model_analysis_v1/kaggle_raw/shrimpdiseaseimagebd/ShrimpDiseaseImageBD An Image Dataset for Computer Vision-Based Detection of Shrimp Diseases in Bangladesh/Root/Annotated Diseased Shrimp Images/Annotated Diseased Shrimp Images/1. BG/labels/BG-58-img-3.txt,4,0,BG,BG-58-img-3,2048
1.0,0,BG,BG-59-img-1.jpg,173.7333984375,2048,/home/drnguyenvinh/notebooks/shrimp_dataset_eda_label_model_analysis_v1/kaggle_raw/shrimpdiseaseimagebd/ShrimpDiseaseImageBD An Image Dataset for Computer Vision-Based Detection of Shrimp Diseases in Bangladesh/Root/Annotated Diseased Shrimp Images/Annotated Diseased Shrimp Images/1. BG/images/BG-59-img-1.jpg,/home/drnguyenvinh/notebooks/shrimp_dataset_eda_label_model_analysis_v1/kaggle_raw/shrimpdiseaseimagebd/ShrimpDiseaseImageBD An Image Dataset for Computer Vision-Based Detection of Shrimp Diseases in Bangladesh/Root/Annotated Diseased Shrimp Images/Annotated Diseased Shrimp Images/1. BG/labels/BG-59-img-1.txt,2,0,BG,BG-59-img-1,2048
1.0,0,BG,BG-59-img-2.jpg,214.62109375,2048,/home/drnguyenvinh/notebooks/shrimp_dataset_eda_label_model_analysis_v1/kaggle_raw/shrimpdiseaseimagebd/ShrimpDiseaseImageBD An Image Dataset for Computer Vision-Based Detection of Shrimp Diseases in Bangladesh/Root/Annotated Diseased Shrimp Images/Annotated Diseased Shrimp Images/1. BG/images/BG-59-img-2.jpg,/home/drnguyenvinh/notebooks/shrimp_dataset_eda_label_model_analysis_v1/kaggle_raw/shrimpdiseaseimagebd/ShrimpDiseaseImageBD An Image Dataset for Computer Vision-Based Detection of Shrimp Diseases in Bangladesh/Root/Annotated Diseased Shrimp Images/Annotated Diseased Shrimp Images/1. BG/labels/BG-59-img-2.txt,2,0,BG,BG-59-img-2,2048
1.0,0,BG,BG-59-img-3.jpg,229.6865234375,2048,/home/drnguyenvinh/notebooks/shrimp_dataset_eda_label_model_analysis_v1/kaggle_raw/shrimpdiseaseimagebd/ShrimpDiseaseImageBD An Image Dataset for Computer Vision-Based Detection of Shrimp Diseases in Bangladesh/Root/Annotated Diseased Shrimp Images/Annotated Diseased Shrimp Images/1. BG/images/BG-59-img-3.jpg,/home/drnguyenvinh/notebooks/shrimp_dataset_eda_label_model_analysis_v1/kaggle_raw/shrimpdiseaseimagebd/ShrimpDiseaseImageBD An Image Dataset for Computer Vision-Based Detection of Shrimp Diseases in Bangladesh/Root/Annotated Diseased Shrimp Images/Annotated Diseased Shrimp Images/1. BG/labels/BG-59-img-3.txt,2,0,BG,BG-59-img-3,2048
1.0,0,BG,BG-6-img-1.jpg,749.208984375,2048,/home/drnguyenvinh/notebooks/shrimp_dataset_eda_label_model_analysis_v1/kaggle_raw/shrimpdiseaseimagebd/ShrimpDiseaseImageBD An Image Dataset for Computer Vision-Based Detection of Shrimp Diseases in Bangladesh/Root/Annotated Diseased Shrimp Images/Annotated Diseased Shrimp Images/1. BG/images/BG-6-img-1.jpg,/home/drnguyenvinh/notebooks/shrimp_dataset_eda_label_model_analysis_v1/kaggle_raw/shrimpdiseaseimagebd/ShrimpDiseaseImageBD An Image Dataset for Computer Vision-Based Detection of Shrimp Diseases in Bangladesh/Root/Annotated Diseased Shrimp Images/Annotated Diseased Shrimp Images/1. BG/labels/BG-6-img-1.txt,1,0,BG,BG-6-img-1,2048
1.0,0,BG,BG-6-img-2.jpg,812.5732421875,2048,/home/drnguyenvinh/notebooks/shrimp_dataset_eda_label_model_analysis_v1/kaggle_raw/shrimpdiseaseimagebd/ShrimpDiseaseImageBD An Image Dataset for Computer Vision-Based Detection of Shrimp Diseases in Bangladesh/Root/Annotated Diseased Shrimp Images/Annotated Diseased Shrimp Images/1. BG/images/BG-6-img-2.jpg,/home/drnguyenvinh/notebooks/shrimp_dataset_eda_label_model_analysis_v1/kaggle_raw/shrimpdiseaseimagebd/ShrimpDiseaseImageBD An Image Dataset for Computer Vision-Based Detection of Shrimp Diseases in Bangladesh/Root/Annotated Diseased Shrimp Images/Annotated Diseased Shrimp Images/1. BG/labels/BG-6-img-2.txt,1,0,BG,BG-6-img-2,2048
1.0,0,BG,BG-6-img-3.jpg,724.689453125,2048,/home/drnguyenvinh/notebooks/shrimp_dataset_eda_label_model_analysis_v1/kaggle_raw/shrimpdiseaseimagebd/ShrimpDiseaseImageBD An Image Dataset for Computer Vision-Based Detection of Shrimp Diseases in Bangladesh/Root/Annotated Diseased Shrimp Images/Annotated Diseased Shrimp Images/1. BG/images/BG-6-img-3.jpg,/home/drnguyenvinh/notebooks/shrimp_dataset_eda_label_model_analysis_v1/kaggle_raw/shrimpdiseaseimagebd/ShrimpDiseaseImageBD An Image Dataset for Computer Vision-Based Detection of Shrimp Diseases in Bangladesh/Root/Annotated Diseased Shrimp Images/Annotated Diseased Shrimp Images/1. BG/labels/BG-6-img-3.txt,1,0,BG,BG-6-img-3,2048
1.0,0,BG,BG-60-img-1.jpg,189.0400390625,2048,/home/drnguyenvinh/notebooks/shrimp_dataset_eda_label_model_analysis_v1/kaggle_raw/shrimpdiseaseimagebd/ShrimpDiseaseImageBD An Image Dataset for Computer Vision-Based Detection of Shrimp Diseases in Bangladesh/Root/Annotated Diseased Shrimp Images/Annotated Diseased Shrimp Images/1. BG/images/BG-60-img-1.jpg,/home/drnguyenvinh/notebooks/shrimp_dataset_eda_label_model_analysis_v1/kaggle_raw/shrimpdiseaseimagebd/ShrimpDiseaseImageBD An Image Dataset for Computer Vision-Based Detection of Shrimp Diseases in Bangladesh/Root/Annotated Diseased Shrimp Images/Annotated Diseased Shrimp Images/1. BG/labels/BG-60-img-1.txt,2,0,BG,BG-60-img-1,2048
1.0,0,BG,BG-60-img-2.jpg,210.875,2048,/home/drnguyenvinh/notebooks/shrimp_dataset_eda_label_model_analysis_v1/kaggle_raw/shrimpdiseaseimagebd/ShrimpDiseaseImageBD An Image Dataset for Computer Vision-Based Detection of Shrimp Diseases in Bangladesh/Root/Annotated Diseased Shrimp Images/Annotated Diseased Shrimp Images/1. BG/images/BG-60-img-2.jpg,/home/drnguyenvinh/notebooks/shrimp_dataset_eda_label_model_analysis_v1/kaggle_raw/shrimpdiseaseimagebd/ShrimpDiseaseImageBD An Image Dataset for Computer Vision-Based Detection of Shrimp Diseases in Bangladesh/Root/Annotated Diseased Shrimp Images/Annotated Diseased Shrimp Images/1. BG/labels/BG-60-img-2.txt,3,0,BG,BG-60-img-2,2048
1.0,0,BG,BG-61-img-1.jpg,202.1162109375,2048,/home/drnguyenvinh/notebooks/shrimp_dataset_eda_label_model_analysis_v1/kaggle_raw/shrimpdiseaseimagebd/ShrimpDiseaseImageBD An Image Dataset for Computer Vision-Based Detection of Shrimp Diseases in Bangladesh/Root/Annotated Diseased Shrimp Images/Annotated Diseased Shrimp Images/1. BG/images/BG-61-img-1.jpg,/home/drnguyenvinh/notebooks/shrimp_dataset_eda_label_model_analysis_v1/kaggle_raw/shrimpdiseaseimagebd/ShrimpDiseaseImageBD An Image Dataset for Computer Vision-Based Detection of Shrimp Diseases in Bangladesh/Root/Annotated Diseased Shrimp Images/Annotated Diseased Shrimp Images/1. BG/labels/BG-61-img-1.txt,2,0,BG,BG-61-img-1,2048
1.0,0,BG,BG-61-img-2.jpg,177.8525390625,2048,/home/drnguyenvinh/notebooks/shrimp_dataset_eda_label_model_analysis_v1/kaggle_raw/shrimpdiseaseimagebd/ShrimpDiseaseImageBD An Image Dataset for Computer Vision-Based Detection of Shrimp Diseases in Bangladesh/Root/Annotated Diseased Shrimp Images/Annotated Diseased Shrimp Images/1. BG/images/BG-61-img-2.jpg,/home/drnguyenvinh/notebooks/shrimp_dataset_eda_label_model_analysis_v1/kaggle_raw/shrimpdiseaseimagebd/ShrimpDiseaseImageBD An Image Dataset for Computer Vision-Based Detection of Shrimp Diseases in Bangladesh/Root/Annotated Diseased Shrimp Images/Annotated Diseased Shrimp Images/1. BG/labels/BG-61-img-2.txt,1,0,BG,BG-61-img-2,2048
1.0,0,BG,BG-61-img-3.jpg,194.57421875,2048,/home/drnguyenvinh/notebooks/shrimp_dataset_eda_label_model_analysis_v1/kaggle_raw/shrimpdiseaseimagebd/ShrimpDiseaseImageBD An Image Dataset for Computer Vision-Based Detection of Shrimp Diseases in Bangladesh/Root/Annotated Diseased Shrimp Images/Annotated Diseased Shrimp Images/1. BG/images/BG-61-img-3.jpg,/home/drnguyenvinh/notebooks/shrimp_dataset_eda_label_model_analysis_v1/kaggle_raw/shrimpdiseaseimagebd/ShrimpDiseaseImageBD An Image Dataset for Computer Vision-Based Detection of Shrimp Diseases in Bangladesh/Root/Annotated Diseased Shrimp Images/Annotated Diseased Shrimp Images/1. BG/labels/BG-61-img-3.txt,2,0,BG,BG-61-img-3,2048
1.0,0,BG,BG-62-img-1.jpg,180.3828125,2048,/home/drnguyenvinh/notebooks/shrimp_dataset_eda_label_model_analysis_v1/kaggle_raw/shrimpdiseaseimagebd/ShrimpDiseaseImageBD An Image Dataset for Computer Vision-Based Detection of Shrimp Diseases in Bangladesh/Root/Annotated Diseased Shrimp Images/Annotated Diseased Shrimp Images/1. BG/images/BG-62-img-1.jpg,/home/drnguyenvinh/notebooks/shrimp_dataset_eda_label_model_analysis_v1/kaggle_raw/shrimpdiseaseimagebd/ShrimpDiseaseImageBD An Image Dataset for Computer Vision-Based Detection of Shrimp Diseases in Bangladesh/Root/Annotated Diseased Shrimp Images/Annotated Diseased Shrimp Images/1. BG/labels/BG-62-img-1.txt,2,0,BG,BG-62-img-1,2048
1.0,0,BG,BG-62-img-2.jpg,184.130859375,2048,/home/drnguyenvinh/notebooks/shrimp_dataset_eda_label_model_analysis_v1/kaggle_raw/shrimpdiseaseimagebd/ShrimpDiseaseImageBD An Image Dataset for Computer Vision-Based Detection of Shrimp Diseases in Bangladesh/Root/Annotated Diseased Shrimp Images/Annotated Diseased Shrimp Images/1. BG/images/BG-62-img-2.jpg,/home/drnguyenvinh/notebooks/shrimp_dataset_eda_label_model_analysis_v1/kaggle_raw/shrimpdiseaseimagebd/ShrimpDiseaseImageBD An Image Dataset for Computer Vision-Based Detection of Shrimp Diseases in Bangladesh/Root/Annotated Diseased Shrimp Images/Annotated Diseased Shrimp Images/1. BG/labels/BG-62-img-2.txt,3,0,BG,BG-62-img-2,2048
1.0,0,BG,BG-62-img-3.jpg,205.130859375,2048,/home/drnguyenvinh/notebooks/shrimp_dataset_eda_label_model_analysis_v1/kaggle_raw/shrimpdiseaseimagebd/ShrimpDiseaseImageBD An Image Dataset for Computer Vision-Based Detection of Shrimp Diseases in Bangladesh/Root/Annotated Diseased Shrimp Images/Annotated Diseased Shrimp Images/1. BG/images/BG-62-img-3.jpg,/home/drnguyenvinh/notebooks/shrimp_dataset_eda_label_model_analysis_v1/kaggle_raw/shrimpdiseaseimagebd/ShrimpDiseaseImageBD An Image Dataset for Computer Vision-Based Detection of Shrimp Diseases in Bangladesh/Root/Annotated Diseased Shrimp Images/Annotated Diseased Shrimp Images/1. BG/labels/BG-62-img-3.txt,2,0,BG,BG-62-img-3,2048
1.0,0,BG,BG-63-img-1.jpg,177.7646484375,2048,/home/drnguyenvinh/notebooks/shrimp_dataset_eda_label_model_analysis_v1/kaggle_raw/shrimpdiseaseimagebd/ShrimpDiseaseImageBD An Image Dataset for Computer Vision-Based Detection of Shrimp Diseases in Bangladesh/Root/Annotated Diseased Shrimp Images/Annotated Diseased Shrimp Images/1. BG/images/BG-63-img-1.jpg,/home/drnguyenvinh/notebooks/shrimp_dataset_eda_label_model_analysis_v1/kaggle_raw/shrimpdiseaseimagebd/ShrimpDiseaseImageBD An Image Dataset for Computer Vision-Based Detection of Shrimp Diseases in Bangladesh/Root/Annotated Diseased Shrimp Images/Annotated Diseased Shrimp Images/1. BG/labels/BG-63-img-1.txt,2,0,BG,BG-63-img-1,2048
1.0,0,BG,BG-63-img-2.jpg,172.05859375,2048,/home/drnguyenvinh/notebooks/shrimp_dataset_eda_label_model_analysis_v1/kaggle_raw/shrimpdiseaseimagebd/ShrimpDiseaseImageBD An Image Dataset for Computer Vision-Based Detection of Shrimp Diseases in Bangladesh/Root/Annotated Diseased Shrimp Images/Annotated Diseased Shrimp Images/1. BG/images/BG-63-img-2.jpg,/home/drnguyenvinh/notebooks/shrimp_dataset_eda_label_model_analysis_v1/kaggle_raw/shrimpdiseaseimagebd/ShrimpDiseaseImageBD An Image Dataset for Computer Vision-Based Detection of Shrimp Diseases in Bangladesh/Root/Annotated Diseased Shrimp Images/Annotated Diseased Shrimp Images/1. BG/labels/BG-63-img-2.txt,2,0,BG,BG-63-img-2,2048
1.0,0,BG,BG-64-img-1.jpg,203.322265625,2048,/home/drnguyenvinh/notebooks/shrimp_dataset_eda_label_model_analysis_v1/kaggle_raw/shrimpdiseaseimagebd/ShrimpDiseaseImageBD An Image Dataset for Computer Vision-Based Detection of Shrimp Diseases in Bangladesh/Root/Annotated Diseased Shrimp Images/Annotated Diseased Shrimp Images/1. BG/images/BG-64-img-1.jpg,/home/drnguyenvinh/notebooks/shrimp_dataset_eda_label_model_analysis_v1/kaggle_raw/shrimpdiseaseimagebd/ShrimpDiseaseImageBD An Image Dataset for Computer Vision-Based Detection of Shrimp Diseases in Bangladesh/Root/Annotated Diseased Shrimp Images/Annotated Diseased Shrimp Images/1. BG/labels/BG-64-img-1.txt,8,0,BG,BG-64-img-1,2048
1.0,0,BG,BG-64-img-2.jpg,241.7607421875,2048,/home/drnguyenvinh/notebooks/shrimp_dataset_eda_label_model_analysis_v1/kaggle_raw/shrimpdiseaseimagebd/ShrimpDiseaseImageBD An Image Dataset for Computer Vision-Based Detection of Shrimp Diseases in Bangladesh/Root/Annotated Diseased Shrimp Images/Annotated Diseased Shrimp Images/1. BG/images/BG-64-img-2.jpg,/home/drnguyenvinh/notebooks/shrimp_dataset_eda_label_model_analysis_v1/kaggle_raw/shrimpdiseaseimagebd/ShrimpDiseaseImageBD An Image Dataset for Computer Vision-Based Detection of Shrimp Diseases in Bangladesh/Root/Annotated Diseased Shrimp Images/Annotated Diseased Shrimp Images/1. BG/labels/BG-64-img-2.txt,2,0,BG,BG-64-img-2,2048
1.0,0,BG,BG-64-img-3.jpg,228.306640625,2048,/home/drnguyenvinh/notebooks/shrimp_dataset_eda_label_model_analysis_v1/kaggle_raw/shrimpdiseaseimagebd/ShrimpDiseaseImageBD An Image Dataset for Computer Vision-Based Detection of Shrimp Diseases in Bangladesh/Root/Annotated Diseased Shrimp Images/Annotated Diseased Shrimp Images/1. BG/images/BG-64-img-3.jpg,/home/drnguyenvinh/notebooks/shrimp_dataset_eda_label_model_analysis_v1/kaggle_raw/shrimpdiseaseimagebd/ShrimpDiseaseImageBD An Image Dataset for Computer Vision-Based Detection of Shrimp Diseases in Bangladesh/Root/Annotated Diseased Shrimp Images/Annotated Diseased Shrimp Images/1. BG/labels/BG-64-img-3.txt,2,0,BG,BG-64-img-3,2048
1.0,0,BG,BG-65-img-1.jpg,214.56640625,2048,/home/drnguyenvinh/notebooks/shrimp_dataset_eda_label_model_analysis_v1/kaggle_raw/shrimpdiseaseimagebd/ShrimpDiseaseImageBD An Image Dataset for Computer Vision-Based Detection of Shrimp Diseases in Bangladesh/Root/Annotated Diseased Shrimp Images/Annotated Diseased Shrimp Images/1. BG/images/BG-65-img-1.jpg,/home/drnguyenvinh/notebooks/shrimp_dataset_eda_label_model_analysis_v1/kaggle_raw/shrimpdiseaseimagebd/ShrimpDiseaseImageBD An Image Dataset for Computer Vision-Based Detection of Shrimp Diseases in Bangladesh/Root/Annotated Diseased Shrimp Images/Annotated Diseased Shrimp Images/1. BG/labels/BG-65-img-1.txt,1,0,BG,BG-65-img-1,2048
1.0,0,BG,BG-66-img-1.jpg,212.666015625,2048,/home/drnguyenvinh/notebooks/shrimp_dataset_eda_label_model_analysis_v1/kaggle_raw/shrimpdiseaseimagebd/ShrimpDiseaseImageBD An Image Dataset for Computer Vision-Based Detection of Shrimp Diseases in Bangladesh/Root/Annotated Diseased Shrimp Images/Annotated Diseased Shrimp Images/1. BG/images/BG-66-img-1.jpg,/home/drnguyenvinh/notebooks/shrimp_dataset_eda_label_model_analysis_v1/kaggle_raw/shrimpdiseaseimagebd/ShrimpDiseaseImageBD An Image Dataset for Computer Vision-Based Detection of Shrimp Diseases in Bangladesh/Root/Annotated Diseased Shrimp Images/Annotated Diseased Shrimp Images/1. BG/labels/BG-66-img-1.txt,2,0,BG,BG-66-img-1,2048
1.0,0,BG,BG-66-img-2.jpg,218.9599609375,2048,/home/drnguyenvinh/notebooks/shrimp_dataset_eda_label_model_analysis_v1/kaggle_raw/shrimpdiseaseimagebd/ShrimpDiseaseImageBD An Image Dataset for Computer Vision-Based Detection of Shrimp Diseases in Bangladesh/Root/Annotated Diseased Shrimp Images/Annotated Diseased Shrimp Images/1. BG/images/BG-66-img-2.jpg,/home/drnguyenvinh/notebooks/shrimp_dataset_eda_label_model_analysis_v1/kaggle_raw/shrimpdiseaseimagebd/ShrimpDiseaseImageBD An Image Dataset for Computer Vision-Based Detection of Shrimp Diseases in Bangladesh/Root/Annotated Diseased Shrimp Images/Annotated Diseased Shrimp Images/1. BG/labels/BG-66-img-2.txt,1,0,BG,BG-66-img-2,2048
1.0,0,BG,BG-66-img-3.jpg,195.0771484375,2048,/home/drnguyenvinh/notebooks/shrimp_dataset_eda_label_model_analysis_v1/kaggle_raw/shrimpdiseaseimagebd/ShrimpDiseaseImageBD An Image Dataset for Computer Vision-Based Detection of Shrimp Diseases in Bangladesh/Root/Annotated Diseased Shrimp Images/Annotated Diseased Shrimp Images/1. BG/images/BG-66-img-3.jpg,/home/drnguyenvinh/notebooks/shrimp_dataset_eda_label_model_analysis_v1/kaggle_raw/shrimpdiseaseimagebd/ShrimpDiseaseImageBD An Image Dataset for Computer Vision-Based Detection of Shrimp Diseases in Bangladesh/Root/Annotated Diseased Shrimp Images/Annotated Diseased Shrimp Images/1. BG/labels/BG-66-img-3.txt,2,0,BG,BG-66-img-3,2048
1.0,0,BG,BG-67-img-1.jpg,228.5458984375,2048,/home/drnguyenvinh/notebooks/shrimp_dataset_eda_label_model_analysis_v1/kaggle_raw/shrimpdiseaseimagebd/ShrimpDiseaseImageBD An Image Dataset for Computer Vision-Based Detection of Shrimp Diseases in Bangladesh/Root/Annotated Diseased Shrimp Images/Annotated Diseased Shrimp Images/1. BG/images/BG-67-img-1.jpg,/home/drnguyenvinh/notebooks/shrimp_dataset_eda_label_model_analysis_v1/kaggle_raw/shrimpdiseaseimagebd/ShrimpDiseaseImageBD An Image Dataset for Computer Vision-Based Detection of Shrimp Diseases in Bangladesh/Root/Annotated Diseased Shrimp Images/Annotated Diseased Shrimp Images/1. BG/labels/BG-67-img-1.txt,2,0,BG,BG-67-img-1,2048
1.0,0,BG,BG-67-img-2.jpg,239.177734375,2048,/home/drnguyenvinh/notebooks/shrimp_dataset_eda_label_model_analysis_v1/kaggle_raw/shrimpdiseaseimagebd/ShrimpDiseaseImageBD An Image Dataset for Computer Vision-Based Detection of Shrimp Diseases in Bangladesh/Root/Annotated Diseased Shrimp Images/Annotated Diseased Shrimp Images/1. BG/images/BG-67-img-2.jpg,/home/drnguyenvinh/notebooks/shrimp_dataset_eda_label_model_analysis_v1/kaggle_raw/shrimpdiseaseimagebd/ShrimpDiseaseImageBD An Image Dataset for Computer Vision-Based Detection of Shrimp Diseases in Bangladesh/Root/Annotated Diseased Shrimp Images/Annotated Diseased Shrimp Images/1. BG/labels/BG-67-img-2.txt,2,0,BG,BG-67-img-2,2048
1.0,0,BG,BG-67-img-3.jpg,206.1611328125,2048,/home/drnguyenvinh/notebooks/shrimp_dataset_eda_label_model_analysis_v1/kaggle_raw/shrimpdiseaseimagebd/ShrimpDiseaseImageBD An Image Dataset for Computer Vision-Based Detection of Shrimp Diseases in Bangladesh/Root/Annotated Diseased Shrimp Images/Annotated Diseased Shrimp Images/1. BG/images/BG-67-img-3.jpg,/home/drnguyenvinh/notebooks/shrimp_dataset_eda_label_model_analysis_v1/kaggle_raw/shrimpdiseaseimagebd/ShrimpDiseaseImageBD An Image Dataset for Computer Vision-Based Detection of Shrimp Diseases in Bangladesh/Root/Annotated Diseased Shrimp Images/Annotated Diseased Shrimp Images/1. BG/labels/BG-67-img-3.txt,3,0,BG,BG-67-img-3,2048
1.0,0,BG,BG-68-img-1.jpg,180.8076171875,2048,/home/drnguyenvinh/notebooks/shrimp_dataset_eda_label_model_analysis_v1/kaggle_raw/shrimpdiseaseimagebd/ShrimpDiseaseImageBD An Image Dataset for Computer Vision-Based Detection of Shrimp Diseases in Bangladesh/Root/Annotated Diseased Shrimp Images/Annotated Diseased Shrimp Images/1. BG/images/BG-68-img-1.jpg,/home/drnguyenvinh/notebooks/shrimp_dataset_eda_label_model_analysis_v1/kaggle_raw/shrimpdiseaseimagebd/ShrimpDiseaseImageBD An Image Dataset for Computer Vision-Based Detection of Shrimp Diseases in Bangladesh/Root/Annotated Diseased Shrimp Images/Annotated Diseased Shrimp Images/1. BG/labels/BG-68-img-1.txt,3,0,BG,BG-68-img-1,2048
1.0,0,BG,BG-68-img-2.jpg,221.259765625,2048,/home/drnguyenvinh/notebooks/shrimp_dataset_eda_label_model_analysis_v1/kaggle_raw/shrimpdiseaseimagebd/ShrimpDiseaseImageBD An Image Dataset for Computer Vision-Based Detection of Shrimp Diseases in Bangladesh/Root/Annotated Diseased Shrimp Images/Annotated Diseased Shrimp Images/1. BG/images/BG-68-img-2.jpg,/home/drnguyenvinh/notebooks/shrimp_dataset_eda_label_model_analysis_v1/kaggle_raw/shrimpdiseaseimagebd/ShrimpDiseaseImageBD An Image Dataset for Computer Vision-Based Detection of Shrimp Diseases in Bangladesh/Root/Annotated Diseased Shrimp Images/Annotated Diseased Shrimp Images/1. BG/labels/BG-68-img-2.txt,4,0,BG,BG-68-img-2,2048
1.0,0,BG,BG-68-img-3.jpg,239.521484375,2048,/home/drnguyenvinh/notebooks/shrimp_dataset_eda_label_model_analysis_v1/kaggle_raw/shrimpdiseaseimagebd/ShrimpDiseaseImageBD An Image Dataset for Computer Vision-Based Detection of Shrimp Diseases in Bangladesh/Root/Annotated Diseased Shrimp Images/Annotated Diseased Shrimp Images/1. BG/images/BG-68-img-3.jpg,/home/drnguyenvinh/notebooks/shrimp_dataset_eda_label_model_analysis_v1/kaggle_raw/shrimpdiseaseimagebd/ShrimpDiseaseImageBD An Image Dataset for Computer Vision-Based Detection of Shrimp Diseases in Bangladesh/Root/Annotated Diseased Shrimp Images/Annotated Diseased Shrimp Images/1. BG/labels/BG-68-img-3.txt,3,0,BG,BG-68-img-3,2048
1.0,0,BG,BG-69-img-1.jpg,176.998046875,2048,/home/drnguyenvinh/notebooks/shrimp_dataset_eda_label_model_analysis_v1/kaggle_raw/shrimpdiseaseimagebd/ShrimpDiseaseImageBD An Image Dataset for Computer Vision-Based Detection of Shrimp Diseases in Bangladesh/Root/Annotated Diseased Shrimp Images/Annotated Diseased Shrimp Images/1. BG/images/BG-69-img-1.jpg,/home/drnguyenvinh/notebooks/shrimp_dataset_eda_label_model_analysis_v1/kaggle_raw/shrimpdiseaseimagebd/ShrimpDiseaseImageBD An Image Dataset for Computer Vision-Based Detection of Shrimp Diseases in Bangladesh/Root/Annotated Diseased Shrimp Images/Annotated Diseased Shrimp Images/1. BG/labels/BG-69-img-1.txt,3,0,BG,BG-69-img-1,2048
1.0,0,BG,BG-69-img-2.jpg,195.650390625,2048,/home/drnguyenvinh/notebooks/shrimp_dataset_eda_label_model_analysis_v1/kaggle_raw/shrimpdiseaseimagebd/ShrimpDiseaseImageBD An Image Dataset for Computer Vision-Based Detection of Shrimp Diseases in Bangladesh/Root/Annotated Diseased Shrimp Images/Annotated Diseased Shrimp Images/1. BG/images/BG-69-img-2.jpg,/home/drnguyenvinh/notebooks/shrimp_dataset_eda_label_model_analysis_v1/kaggle_raw/shrimpdiseaseimagebd/ShrimpDiseaseImageBD An Image Dataset for Computer Vision-Based Detection of Shrimp Diseases in Bangladesh/Root/Annotated Diseased Shrimp Images/Annotated Diseased Shrimp Images/1. BG/labels/BG-69-img-2.txt,4,0,BG,BG-69-img-2,2048
1.0,0,BG,BG-69-img-3.jpg,182.900390625,2048,/home/drnguyenvinh/notebooks/shrimp_dataset_eda_label_model_analysis_v1/kaggle_raw/shrimpdiseaseimagebd/ShrimpDiseaseImageBD An Image Dataset for Computer Vision-Based Detection of Shrimp Diseases in Bangladesh/Root/Annotated Diseased Shrimp Images/Annotated Diseased Shrimp Images/1. BG/images/BG-69-img-3.jpg,/home/drnguyenvinh/notebooks/shrimp_dataset_eda_label_model_analysis_v1/kaggle_raw/shrimpdiseaseimagebd/ShrimpDiseaseImageBD An Image Dataset for Computer Vision-Based Detection of Shrimp Diseases in Bangladesh/Root/Annotated Diseased Shrimp Images/Annotated Diseased Shrimp Images/1. BG/labels/BG-69-img-3.txt,4,0,BG,BG-69-img-3,2048
1.0,0,BG,BG-7-img-1.jpg,834.7470703125,2048,/home/drnguyenvinh/notebooks/shrimp_dataset_eda_label_model_analysis_v1/kaggle_raw/shrimpdiseaseimagebd/ShrimpDiseaseImageBD An Image Dataset for Computer Vision-Based Detection of Shrimp Diseases in Bangladesh/Root/Annotated Diseased Shrimp Images/Annotated Diseased Shrimp Images/1. BG/images/BG-7-img-1.jpg,/home/drnguyenvinh/notebooks/shrimp_dataset_eda_label_model_analysis_v1/kaggle_raw/shrimpdiseaseimagebd/ShrimpDiseaseImageBD An Image Dataset for Computer Vision-Based Detection of Shrimp Diseases in Bangladesh/Root/Annotated Diseased Shrimp Images/Annotated Diseased Shrimp Images/1. BG/labels/BG-7-img-1.txt,1,0,BG,BG-7-img-1,2048
1.0,0,BG,BG-7-img-2.jpg,433.337890625,2048,/home/drnguyenvinh/notebooks/shrimp_dataset_eda_label_model_analysis_v1/kaggle_raw/shrimpdiseaseimagebd/ShrimpDiseaseImageBD An Image Dataset for Computer Vision-Based Detection of Shrimp Diseases in Bangladesh/Root/Annotated Diseased Shrimp Images/Annotated Diseased Shrimp Images/1. BG/images/BG-7-img-2.jpg,/home/drnguyenvinh/notebooks/shrimp_dataset_eda_label_model_analysis_v1/kaggle_raw/shrimpdiseaseimagebd/ShrimpDiseaseImageBD An Image Dataset for Computer Vision-Based Detection of Shrimp Diseases in Bangladesh/Root/Annotated Diseased Shrimp Images/Annotated Diseased Shrimp Images/1. BG/labels/BG-7-img-2.txt,1,0,BG,BG-7-img-2,2048
1.0,0,BG,BG-7-img-3.jpg,424.7314453125,2048,/home/drnguyenvinh/notebooks/shrimp_dataset_eda_label_model_analysis_v1/kaggle_raw/shrimpdiseaseimagebd/ShrimpDiseaseImageBD An Image Dataset for Computer Vision-Based Detection of Shrimp Diseases in Bangladesh/Root/Annotated Diseased Shrimp Images/Annotated Diseased Shrimp Images/1. BG/images/BG-7-img-3.jpg,/home/drnguyenvinh/notebooks/shrimp_dataset_eda_label_model_analysis_v1/kaggle_raw/shrimpdiseaseimagebd/ShrimpDiseaseImageBD An Image Dataset for Computer Vision-Based Detection of Shrimp Diseases in Bangladesh/Root/Annotated Diseased Shrimp Images/Annotated Diseased Shrimp Images/1. BG/labels/BG-7-img-3.txt,1,0,BG,BG-7-img-3,2048
1.0,0,BG,BG-70-img-1.jpg,133.6298828125,2048,/home/drnguyenvinh/notebooks/shrimp_dataset_eda_label_model_analysis_v1/kaggle_raw/shrimpdiseaseimagebd/ShrimpDiseaseImageBD An Image Dataset for Computer Vision-Based Detection of Shrimp Diseases in Bangladesh/Root/Annotated Diseased Shrimp Images/Annotated Diseased Shrimp Images/1. BG/images/BG-70-img-1.jpg,/home/drnguyenvinh/notebooks/shrimp_dataset_eda_label_model_analysis_v1/kaggle_raw/shrimpdiseaseimagebd/ShrimpDiseaseImageBD An Image Dataset for Computer Vision-Based Detection of Shrimp Diseases in Bangladesh/Root/Annotated Diseased Shrimp Images/Annotated Diseased Shrimp Images/1. BG/labels/BG-70-img-1.txt,1,0,BG,BG-70-img-1,2048
1.0,0,BG,BG-70-img-2.jpg,194.314453125,2048,/home/drnguyenvinh/notebooks/shrimp_dataset_eda_label_model_analysis_v1/kaggle_raw/shrimpdiseaseimagebd/ShrimpDiseaseImageBD An Image Dataset for Computer Vision-Based Detection of Shrimp Diseases in Bangladesh/Root/Annotated Diseased Shrimp Images/Annotated Diseased Shrimp Images/1. BG/images/BG-70-img-2.jpg,/home/drnguyenvinh/notebooks/shrimp_dataset_eda_label_model_analysis_v1/kaggle_raw/shrimpdiseaseimagebd/ShrimpDiseaseImageBD An Image Dataset for Computer Vision-Based Detection of Shrimp Diseases in Bangladesh/Root/Annotated Diseased Shrimp Images/Annotated Diseased Shrimp Images/1. BG/labels/BG-70-img-2.txt,1,0,BG,BG-70-img-2,2048
1.0,0,BG,BG-70-img-3.jpg,179.828125,2048,/home/drnguyenvinh/notebooks/shrimp_dataset_eda_label_model_analysis_v1/kaggle_raw/shrimpdiseaseimagebd/ShrimpDiseaseImageBD An Image Dataset for Computer Vision-Based Detection of Shrimp Diseases in Bangladesh/Root/Annotated Diseased Shrimp Images/Annotated Diseased Shrimp Images/1. BG/images/BG-70-img-3.jpg,/home/drnguyenvinh/notebooks/shrimp_dataset_eda_label_model_analysis_v1/kaggle_raw/shrimpdiseaseimagebd/ShrimpDiseaseImageBD An Image Dataset for Computer Vision-Based Detection of Shrimp Diseases in Bangladesh/Root/Annotated Diseased Shrimp Images/Annotated Diseased Shrimp Images/1. BG/labels/BG-70-img-3.txt,2,0,BG,BG-70-img-3,2048
1.0,0,BG,BG-71-img-1.jpg,199.6552734375,2048,/home/drnguyenvinh/notebooks/shrimp_dataset_eda_label_model_analysis_v1/kaggle_raw/shrimpdiseaseimagebd/ShrimpDiseaseImageBD An Image Dataset for Computer Vision-Based Detection of Shrimp Diseases in Bangladesh/Root/Annotated Diseased Shrimp Images/Annotated Diseased Shrimp Images/1. BG/images/BG-71-img-1.jpg,/home/drnguyenvinh/notebooks/shrimp_dataset_eda_label_model_analysis_v1/kaggle_raw/shrimpdiseaseimagebd/ShrimpDiseaseImageBD An Image Dataset for Computer Vision-Based Detection of Shrimp Diseases in Bangladesh/Root/Annotated Diseased Shrimp Images/Annotated Diseased Shrimp Images/1. BG/labels/BG-71-img-1.txt,2,0,BG,BG-71-img-1,2048
1.0,0,BG,BG-71-img-2.jpg,192.232421875,2048,/home/drnguyenvinh/notebooks/shrimp_dataset_eda_label_model_analysis_v1/kaggle_raw/shrimpdiseaseimagebd/ShrimpDiseaseImageBD An Image Dataset for Computer Vision-Based Detection of Shrimp Diseases in Bangladesh/Root/Annotated Diseased Shrimp Images/Annotated Diseased Shrimp Images/1. BG/images/BG-71-img-2.jpg,/home/drnguyenvinh/notebooks/shrimp_dataset_eda_label_model_analysis_v1/kaggle_raw/shrimpdiseaseimagebd/ShrimpDiseaseImageBD An Image Dataset for Computer Vision-Based Detection of Shrimp Diseases in Bangladesh/Root/Annotated Diseased Shrimp Images/Annotated Diseased Shrimp Images/1. BG/labels/BG-71-img-2.txt,11,0,BG,BG-71-img-2,2048
1.0,0,BG,BG-71-img-3.jpg,201.7626953125,2048,/home/drnguyenvinh/notebooks/shrimp_dataset_eda_label_model_analysis_v1/kaggle_raw/shrimpdiseaseimagebd/ShrimpDiseaseImageBD An Image Dataset for Computer Vision-Based Detection of Shrimp Diseases in Bangladesh/Root/Annotated Diseased Shrimp Images/Annotated Diseased Shrimp Images/1. BG/images/BG-71-img-3.jpg,/home/drnguyenvinh/notebooks/shrimp_dataset_eda_label_model_analysis_v1/kaggle_raw/shrimpdiseaseimagebd/ShrimpDiseaseImageBD An Image Dataset for Computer Vision-Based Detection of Shrimp Diseases in Bangladesh/Root/Annotated Diseased Shrimp Images/Annotated Diseased Shrimp Images/1. BG/labels/BG-71-img-3.txt,9,0,BG,BG-71-img-3,2048
1.0,0,BG,BG-72-img-1.jpg,214.1044921875,2048,/home/drnguyenvinh/notebooks/shrimp_dataset_eda_label_model_analysis_v1/kaggle_raw/shrimpdiseaseimagebd/ShrimpDiseaseImageBD An Image Dataset for Computer Vision-Based Detection of Shrimp Diseases in Bangladesh/Root/Annotated Diseased Shrimp Images/Annotated Diseased Shrimp Images/1. BG/images/BG-72-img-1.jpg,/home/drnguyenvinh/notebooks/shrimp_dataset_eda_label_model_analysis_v1/kaggle_raw/shrimpdiseaseimagebd/ShrimpDiseaseImageBD An Image Dataset for Computer Vision-Based Detection of Shrimp Diseases in Bangladesh/Root/Annotated Diseased Shrimp Images/Annotated Diseased Shrimp Images/1. BG/labels/BG-72-img-1.txt,2,0,BG,BG-72-img-1,2048
1.0,0,BG,BG-72-img-2.jpg,146.650390625,2048,/home/drnguyenvinh/notebooks/shrimp_dataset_eda_label_model_analysis_v1/kaggle_raw/shrimpdiseaseimagebd/ShrimpDiseaseImageBD An Image Dataset for Computer Vision-Based Detection of Shrimp Diseases in Bangladesh/Root/Annotated Diseased Shrimp Images/Annotated Diseased Shrimp Images/1. BG/images/BG-72-img-2.jpg,/home/drnguyenvinh/notebooks/shrimp_dataset_eda_label_model_analysis_v1/kaggle_raw/shrimpdiseaseimagebd/ShrimpDiseaseImageBD An Image Dataset for Computer Vision-Based Detection of Shrimp Diseases in Bangladesh/Root/Annotated Diseased Shrimp Images/Annotated Diseased Shrimp Images/1. BG/labels/BG-72-img-2.txt,16,0,BG,BG-72-img-2,2048
1.0,0,BG,BG-72-img-3.jpg,202.8740234375,2048,/home/drnguyenvinh/notebooks/shrimp_dataset_eda_label_model_analysis_v1/kaggle_raw/shrimpdiseaseimagebd/ShrimpDiseaseImageBD An Image Dataset for Computer Vision-Based Detection of Shrimp Diseases in Bangladesh/Root/Annotated Diseased Shrimp Images/Annotated Diseased Shrimp Images/1. BG/images/BG-72-img-3.jpg,/home/drnguyenvinh/notebooks/shrimp_dataset_eda_label_model_analysis_v1/kaggle_raw/shrimpdiseaseimagebd/ShrimpDiseaseImageBD An Image Dataset for Computer Vision-Based Detection of Shrimp Diseases in Bangladesh/Root/Annotated Diseased Shrimp Images/Annotated Diseased Shrimp Images/1. BG/labels/BG-72-img-3.txt,15,0,BG,BG-72-img-3,2048
1.0,0,BG,BG-73-img-1.jpg,133.2724609375,2048,/home/drnguyenvinh/notebooks/shrimp_dataset_eda_label_model_analysis_v1/kaggle_raw/shrimpdiseaseimagebd/ShrimpDiseaseImageBD An Image Dataset for Computer Vision-Based Detection of Shrimp Diseases in Bangladesh/Root/Annotated Diseased Shrimp Images/Annotated Diseased Shrimp Images/1. BG/images/BG-73-img-1.jpg,/home/drnguyenvinh/notebooks/shrimp_dataset_eda_label_model_analysis_v1/kaggle_raw/shrimpdiseaseimagebd/ShrimpDiseaseImageBD An Image Dataset for Computer Vision-Based Detection of Shrimp Diseases in Bangladesh/Root/Annotated Diseased Shrimp Images/Annotated Diseased Shrimp Images/1. BG/labels/BG-73-img-1.txt,1,0,BG,BG-73-img-1,2048
1.0,0,BG,BG-73-img-2.jpg,141.560546875,2048,/home/drnguyenvinh/notebooks/shrimp_dataset_eda_label_model_analysis_v1/kaggle_raw/shrimpdiseaseimagebd/ShrimpDiseaseImageBD An Image Dataset for Computer Vision-Based Detection of Shrimp Diseases in Bangladesh/Root/Annotated Diseased Shrimp Images/Annotated Diseased Shrimp Images/1. BG/images/BG-73-img-2.jpg,/home/drnguyenvinh/notebooks/shrimp_dataset_eda_label_model_analysis_v1/kaggle_raw/shrimpdiseaseimagebd/ShrimpDiseaseImageBD An Image Dataset for Computer Vision-Based Detection of Shrimp Diseases in Bangladesh/Root/Annotated Diseased Shrimp Images/Annotated Diseased Shrimp Images/1. BG/labels/BG-73-img-2.txt,3,0,BG,BG-73-img-2,2048
1.0,0,BG,BG-73-img-3.jpg,207.0791015625,2048,/home/drnguyenvinh/notebooks/shrimp_dataset_eda_label_model_analysis_v1/kaggle_raw/shrimpdiseaseimagebd/ShrimpDiseaseImageBD An Image Dataset for Computer Vision-Based Detection of Shrimp Diseases in Bangladesh/Root/Annotated Diseased Shrimp Images/Annotated Diseased Shrimp Images/1. BG/images/BG-73-img-3.jpg,/home/drnguyenvinh/notebooks/shrimp_dataset_eda_label_model_analysis_v1/kaggle_raw/shrimpdiseaseimagebd/ShrimpDiseaseImageBD An Image Dataset for Computer Vision-Based Detection of Shrimp Diseases in Bangladesh/Root/Annotated Diseased Shrimp Images/Annotated Diseased Shrimp Images/1. BG/labels/BG-73-img-3.txt,1,0,BG,BG-73-img-3,2048
1.0,0,BG,BG-74-img-1.jpg,223.9140625,2048,/home/drnguyenvinh/notebooks/shrimp_dataset_eda_label_model_analysis_v1/kaggle_raw/shrimpdiseaseimagebd/ShrimpDiseaseImageBD An Image Dataset for Computer Vision-Based Detection of Shrimp Diseases in Bangladesh/Root/Annotated Diseased Shrimp Images/Annotated Diseased Shrimp Images/1. BG/images/BG-74-img-1.jpg,/home/drnguyenvinh/notebooks/shrimp_dataset_eda_label_model_analysis_v1/kaggle_raw/shrimpdiseaseimagebd/ShrimpDiseaseImageBD An Image Dataset for Computer Vision-Based Detection of Shrimp Diseases in Bangladesh/Root/Annotated Diseased Shrimp Images/Annotated Diseased Shrimp Images/1. BG/labels/BG-74-img-1.txt,23,0,BG,BG-74-img-1,2048
1.0,0,BG,BG-74-img-2.jpg,230.8740234375,2048,/home/drnguyenvinh/notebooks/shrimp_dataset_eda_label_model_analysis_v1/kaggle_raw/shrimpdiseaseimagebd/ShrimpDiseaseImageBD An Image Dataset for Computer Vision-Based Detection of Shrimp Diseases in Bangladesh/Root/Annotated Diseased Shrimp Images/Annotated Diseased Shrimp Images/1. BG/images/BG-74-img-2.jpg,/home/drnguyenvinh/notebooks/shrimp_dataset_eda_label_model_analysis_v1/kaggle_raw/shrimpdiseaseimagebd/ShrimpDiseaseImageBD An Image Dataset for Computer Vision-Based Detection of Shrimp Diseases in Bangladesh/Root/Annotated Diseased Shrimp Images/Annotated Diseased Shrimp Images/1. BG/labels/BG-74-img-2.txt,1,0,BG,BG-74-img-2,2048
1.0,0,BG,BG-74-img-3.jpg,205.0888671875,2048,/home/drnguyenvinh/notebooks/shrimp_dataset_eda_label_model_analysis_v1/kaggle_raw/shrimpdiseaseimagebd/ShrimpDiseaseImageBD An Image Dataset for Computer Vision-Based Detection of Shrimp Diseases in Bangladesh/Root/Annotated Diseased Shrimp Images/Annotated Diseased Shrimp Images/1. BG/images/BG-74-img-3.jpg,/home/drnguyenvinh/notebooks/shrimp_dataset_eda_label_model_analysis_v1/kaggle_raw/shrimpdiseaseimagebd/ShrimpDiseaseImageBD An Image Dataset for Computer Vision-Based Detection of Shrimp Diseases in Bangladesh/Root/Annotated Diseased Shrimp Images/Annotated Diseased Shrimp Images/1. BG/labels/BG-74-img-3.txt,2,0,BG,BG-74-img-3,2048
1.0,0,BG,BG-75-img-1.jpg,210.9970703125,2048,/home/drnguyenvinh/notebooks/shrimp_dataset_eda_label_model_analysis_v1/kaggle_raw/shrimpdiseaseimagebd/ShrimpDiseaseImageBD An Image Dataset for Computer Vision-Based Detection of Shrimp Diseases in Bangladesh/Root/Annotated Diseased Shrimp Images/Annotated Diseased Shrimp Images/1. BG/images/BG-75-img-1.jpg,/home/drnguyenvinh/notebooks/shrimp_dataset_eda_label_model_analysis_v1/kaggle_raw/shrimpdiseaseimagebd/ShrimpDiseaseImageBD An Image Dataset for Computer Vision-Based Detection of Shrimp Diseases in Bangladesh/Root/Annotated Diseased Shrimp Images/Annotated Diseased Shrimp Images/1. BG/labels/BG-75-img-1.txt,5,0,BG,BG-75-img-1,2048
1.0,0,BG,BG-75-img-2.jpg,209.80859375,2048,/home/drnguyenvinh/notebooks/shrimp_dataset_eda_label_model_analysis_v1/kaggle_raw/shrimpdiseaseimagebd/ShrimpDiseaseImageBD An Image Dataset for Computer Vision-Based Detection of Shrimp Diseases in Bangladesh/Root/Annotated Diseased Shrimp Images/Annotated Diseased Shrimp Images/1. BG/images/BG-75-img-2.jpg,/home/drnguyenvinh/notebooks/shrimp_dataset_eda_label_model_analysis_v1/kaggle_raw/shrimpdiseaseimagebd/ShrimpDiseaseImageBD An Image Dataset for Computer Vision-Based Detection of Shrimp Diseases in Bangladesh/Root/Annotated Diseased Shrimp Images/Annotated Diseased Shrimp Images/1. BG/labels/BG-75-img-2.txt,18,0,BG,BG-75-img-2,2048
1.0,0,BG,BG-75-img-3.jpg,197.162109375,2048,/home/drnguyenvinh/notebooks/shrimp_dataset_eda_label_model_analysis_v1/kaggle_raw/shrimpdiseaseimagebd/ShrimpDiseaseImageBD An Image Dataset for Computer Vision-Based Detection of Shrimp Diseases in Bangladesh/Root/Annotated Diseased Shrimp Images/Annotated Diseased Shrimp Images/1. BG/images/BG-75-img-3.jpg,/home/drnguyenvinh/notebooks/shrimp_dataset_eda_label_model_analysis_v1/kaggle_raw/shrimpdiseaseimagebd/ShrimpDiseaseImageBD An Image Dataset for Computer Vision-Based Detection of Shrimp Diseases in Bangladesh/Root/Annotated Diseased Shrimp Images/Annotated Diseased Shrimp Images/1. BG/labels/BG-75-img-3.txt,3,0,BG,BG-75-img-3,2048
1.0,0,BG,BG-8-img-1.jpg,710.57421875,2048,/home/drnguyenvinh/notebooks/shrimp_dataset_eda_label_model_analysis_v1/kaggle_raw/shrimpdiseaseimagebd/ShrimpDiseaseImageBD An Image Dataset for Computer Vision-Based Detection of Shrimp Diseases in Bangladesh/Root/Annotated Diseased Shrimp Images/Annotated Diseased Shrimp Images/1. BG/images/BG-8-img-1.jpg,/home/drnguyenvinh/notebooks/shrimp_dataset_eda_label_model_analysis_v1/kaggle_raw/shrimpdiseaseimagebd/ShrimpDiseaseImageBD An Image Dataset for Computer Vision-Based Detection of Shrimp Diseases in Bangladesh/Root/Annotated Diseased Shrimp Images/Annotated Diseased Shrimp Images/1. BG/labels/BG-8-img-1.txt,1,0,BG,BG-8-img-1,2048
1.0,0,BG,BG-8-img-2.jpg,604.6572265625,2048,/home/drnguyenvinh/notebooks/shrimp_dataset_eda_label_model_analysis_v1/kaggle_raw/shrimpdiseaseimagebd/ShrimpDiseaseImageBD An Image Dataset for Computer Vision-Based Detection of Shrimp Diseases in Bangladesh/Root/Annotated Diseased Shrimp Images/Annotated Diseased Shrimp Images/1. BG/images/BG-8-img-2.jpg,/home/drnguyenvinh/notebooks/shrimp_dataset_eda_label_model_analysis_v1/kaggle_raw/shrimpdiseaseimagebd/ShrimpDiseaseImageBD An Image Dataset for Computer Vision-Based Detection of Shrimp Diseases in Bangladesh/Root/Annotated Diseased Shrimp Images/Annotated Diseased Shrimp Images/1. BG/labels/BG-8-img-2.txt,2,0,BG,BG-8-img-2,2048
1.0,0,BG,BG-8-img-3.jpg,612.919921875,2048,/home/drnguyenvinh/notebooks/shrimp_dataset_eda_label_model_analysis_v1/kaggle_raw/shrimpdiseaseimagebd/ShrimpDiseaseImageBD An Image Dataset for Computer Vision-Based Detection of Shrimp Diseases in Bangladesh/Root/Annotated Diseased Shrimp Images/Annotated Diseased Shrimp Images/1. BG/images/BG-8-img-3.jpg,/home/drnguyenvinh/notebooks/shrimp_dataset_eda_label_model_analysis_v1/kaggle_raw/shrimpdiseaseimagebd/ShrimpDiseaseImageBD An Image Dataset for Computer Vision-Based Detection of Shrimp Diseases in Bangladesh/Root/Annotated Diseased Shrimp Images/Annotated Diseased Shrimp Images/1. BG/labels/BG-8-img-3.txt,2,0,BG,BG-8-img-3,2048
1.0,0,BG,BG-9-img-1.jpg,747.9365234375,2048,/home/drnguyenvinh/notebooks/shrimp_dataset_eda_label_model_analysis_v1/kaggle_raw/shrimpdiseaseimagebd/ShrimpDiseaseImageBD An Image Dataset for Computer Vision-Based Detection of Shrimp Diseases in Bangladesh/Root/Annotated Diseased Shrimp Images/Annotated Diseased Shrimp Images/1. BG/images/BG-9-img-1.jpg,/home/drnguyenvinh/notebooks/shrimp_dataset_eda_label_model_analysis_v1/kaggle_raw/shrimpdiseaseimagebd/ShrimpDiseaseImageBD An Image Dataset for Computer Vision-Based Detection of Shrimp Diseases in Bangladesh/Root/Annotated Diseased Shrimp Images/Annotated Diseased Shrimp Images/1. BG/labels/BG-9-img-1.txt,2,0,BG,BG-9-img-1,2048
1.0,0,BG,BG-9-img-2.jpg,918.9609375,2048,/home/drnguyenvinh/notebooks/shrimp_dataset_eda_label_model_analysis_v1/kaggle_raw/shrimpdiseaseimagebd/ShrimpDiseaseImageBD An Image Dataset for Computer Vision-Based Detection of Shrimp Diseases in Bangladesh/Root/Annotated Diseased Shrimp Images/Annotated Diseased Shrimp Images/1. BG/images/BG-9-img-2.jpg,/home/drnguyenvinh/notebooks/shrimp_dataset_eda_label_model_analysis_v1/kaggle_raw/shrimpdiseaseimagebd/ShrimpDiseaseImageBD An Image Dataset for Computer Vision-Based Detection of Shrimp Diseases in Bangladesh/Root/Annotated Diseased Shrimp Images/Annotated Diseased Shrimp Images/1. BG/labels/BG-9-img-2.txt,2,0,BG,BG-9-img-2,2048
1.0,0,BG,BG-9-img-3.jpg,922.9853515625,2048,/home/drnguyenvinh/notebooks/shrimp_dataset_eda_label_model_analysis_v1/kaggle_raw/shrimpdiseaseimagebd/ShrimpDiseaseImageBD An Image Dataset for Computer Vision-Based Detection of Shrimp Diseases in Bangladesh/Root/Annotated Diseased Shrimp Images/Annotated Diseased Shrimp Images/1. BG/images/BG-9-img-3.jpg,/home/drnguyenvinh/notebooks/shrimp_dataset_eda_label_model_analysis_v1/kaggle_raw/shrimpdiseaseimagebd/ShrimpDiseaseImageBD An Image Dataset for Computer Vision-Based Detection of Shrimp Diseases in Bangladesh/Root/Annotated Diseased Shrimp Images/Annotated Diseased Shrimp Images/1. BG/labels/BG-9-img-3.txt,2,0,BG,BG-9-img-3,2048
1.0,"0,1",WSSV_BG,WSSV_BG-1-img-1.jpg,946.7421875,2048,/home/drnguyenvinh/notebooks/shrimp_dataset_eda_label_model_analysis_v1/kaggle_raw/shrimpdiseaseimagebd/ShrimpDiseaseImageBD An Image Dataset for Computer Vision-Based Detection of Shrimp Diseases in Bangladesh/Root/Annotated Diseased Shrimp Images/Annotated Diseased Shrimp Images/4. WSSV_BG/images/WSSV_BG-1-img-1.jpg,/home/drnguyenvinh/notebooks/shrimp_dataset_eda_label_model_analysis_v1/kaggle_raw/shrimpdiseaseimagebd/ShrimpDiseaseImageBD An Image Dataset for Computer Vision-Based Detection of Shrimp Diseases in Bangladesh/Root/Annotated Diseased Shrimp Images/Annotated Diseased Shrimp Images/4. WSSV_BG/labels/WSSV_BG-1-img-1.txt,8,"0,1",WSSV_BG,WSSV_BG-1-img-1,2048
1.0,"0,1",WSSV_BG,WSSV_BG-1-img-2.jpg,953.80078125,2048,/home/drnguyenvinh/notebooks/shrimp_dataset_eda_label_model_analysis_v1/kaggle_raw/shrimpdiseaseimagebd/ShrimpDiseaseImageBD An Image Dataset for Computer Vision-Based Detection of Shrimp Diseases in Bangladesh/Root/Annotated Diseased Shrimp Images/Annotated Diseased Shrimp Images/4. WSSV_BG/images/WSSV_BG-1-img-2.jpg,/home/drnguyenvinh/notebooks/shrimp_dataset_eda_label_model_analysis_v1/kaggle_raw/shrimpdiseaseimagebd/ShrimpDiseaseImageBD An Image Dataset for Computer Vision-Based Detection of Shrimp Diseases in Bangladesh/Root/Annotated Diseased Shrimp Images/Annotated Diseased Shrimp Images/4. WSSV_BG/labels/WSSV_BG-1-img-2.txt,5,"0,1",WSSV_BG,WSSV_BG-1-img-2,2048
1.0,"0,1",WSSV_BG,WSSV_BG-1-img-3.jpg,928.0966796875,2048,/home/drnguyenvinh/notebooks/shrimp_dataset_eda_label_model_analysis_v1/kaggle_raw/shrimpdiseaseimagebd/ShrimpDiseaseImageBD An Image Dataset for Computer Vision-Based Detection of Shrimp Diseases in Bangladesh/Root/Annotated Diseased Shrimp Images/Annotated Diseased Shrimp Images/4. WSSV_BG/images/WSSV_BG-1-img-3.jpg,/home/drnguyenvinh/notebooks/shrimp_dataset_eda_label_model_analysis_v1/kaggle_raw/shrimpdiseaseimagebd/ShrimpDiseaseImageBD An Image Dataset for Computer Vision-Based Detection of Shrimp Diseases in Bangladesh/Root/Annotated Diseased Shrimp Images/Annotated Diseased Shrimp Images/4. WSSV_BG/labels/WSSV_BG-1-img-3.txt,6,"0,1",WSSV_BG,WSSV_BG-1-img-3,2048
1.0,"0,1",WSSV_BG,WSSV_BG-10-img-1.jpg,824.1064453125,2048,/home/drnguyenvinh/notebooks/shrimp_dataset_eda_label_model_analysis_v1/kaggle_raw/shrimpdiseaseimagebd/ShrimpDiseaseImageBD An Image Dataset for Computer Vision-Based Detection of Shrimp Diseases in Bangladesh/Root/Annotated Diseased Shrimp Images/Annotated Diseased Shrimp Images/4. WSSV_BG/images/WSSV_BG-10-img-1.jpg,/home/drnguyenvinh/notebooks/shrimp_dataset_eda_label_model_analysis_v1/kaggle_raw/shrimpdiseaseimagebd/ShrimpDiseaseImageBD An Image Dataset for Computer Vision-Based Detection of Shrimp Diseases in Bangladesh/Root/Annotated Diseased Shrimp Images/Annotated Diseased Shrimp Images/4. WSSV_BG/labels/WSSV_BG-10-img-1.txt,12,"0,1",WSSV_BG,WSSV_BG-10-img-1,2048
1.0,"0,1",WSSV_BG,WSSV_BG-10-img-2.jpg,872.0849609375,2048,/home/drnguyenvinh/notebooks/shrimp_dataset_eda_label_model_analysis_v1/kaggle_raw/shrimpdiseaseimagebd/ShrimpDiseaseImageBD An Image Dataset for Computer Vision-Based Detection of Shrimp Diseases in Bangladesh/Root/Annotated Diseased Shrimp Images/Annotated Diseased Shrimp Images/4. WSSV_BG/images/WSSV_BG-10-img-2.jpg,/home/drnguyenvinh/notebooks/shrimp_dataset_eda_label_model_analysis_v1/kaggle_raw/shrimpdiseaseimagebd/ShrimpDiseaseImageBD An Image Dataset for Computer Vision-Based Detection of Shrimp Diseases in Bangladesh/Root/Annotated Diseased Shrimp Images/Annotated Diseased Shrimp Images/4. WSSV_BG/labels/WSSV_BG-10-img-2.txt,7,"0,1",WSSV_BG,WSSV_BG-10-img-2,2048
1.0,"0,1",WSSV_BG,WSSV_BG-10-img-3.jpg,758.15234375,2048,/home/drnguyenvinh/notebooks/shrimp_dataset_eda_label_model_analysis_v1/kaggle_raw/shrimpdiseaseimagebd/ShrimpDiseaseImageBD An Image Dataset for Computer Vision-Based Detection of Shrimp Diseases in Bangladesh/Root/Annotated Diseased Shrimp Images/Annotated Diseased Shrimp Images/4. WSSV_BG/images/WSSV_BG-10-img-3.jpg,/home/drnguyenvinh/notebooks/shrimp_dataset_eda_label_model_analysis_v1/kaggle_raw/shrimpdiseaseimagebd/ShrimpDiseaseImageBD An Image Dataset for Computer Vision-Based Detection of Shrimp Diseases in Bangladesh/Root/Annotated Diseased Shrimp Images/Annotated Diseased Shrimp Images/4. WSSV_BG/labels/WSSV_BG-10-img-3.txt,9,"0,1",WSSV_BG,WSSV_BG-10-img-3,2048
1.0,"0,1",WSSV_BG,WSSV_BG-11-img-1.jpg,944.1455078125,2048,/home/drnguyenvinh/notebooks/shrimp_dataset_eda_label_model_analysis_v1/kaggle_raw/shrimpdiseaseimagebd/ShrimpDiseaseImageBD An Image Dataset for Computer Vision-Based Detection of Shrimp Diseases in Bangladesh/Root/Annotated Diseased Shrimp Images/Annotated Diseased Shrimp Images/4. WSSV_BG/images/WSSV_BG-11-img-1.jpg,/home/drnguyenvinh/notebooks/shrimp_dataset_eda_label_model_analysis_v1/kaggle_raw/shrimpdiseaseimagebd/ShrimpDiseaseImageBD An Image Dataset for Computer Vision-Based Detection of Shrimp Diseases in Bangladesh/Root/Annotated Diseased Shrimp Images/Annotated Diseased Shrimp Images/4. WSSV_BG/labels/WSSV_BG-11-img-1.txt,8,"0,1",WSSV_BG,WSSV_BG-11-img-1,2048
1.0,"0,1",WSSV_BG,WSSV_BG-11-img-2.jpg,917.0595703125,2048,/home/drnguyenvinh/notebooks/shrimp_dataset_eda_label_model_analysis_v1/kaggle_raw/shrimpdiseaseimagebd/ShrimpDiseaseImageBD An Image Dataset for Computer Vision-Based Detection of Shrimp Diseases in Bangladesh/Root/Annotated Diseased Shrimp Images/Annotated Diseased Shrimp Images/4. WSSV_BG/images/WSSV_BG-11-img-2.jpg,/home/drnguyenvinh/notebooks/shrimp_dataset_eda_label_model_analysis_v1/kaggle_raw/shrimpdiseaseimagebd/ShrimpDiseaseImageBD An Image Dataset for Computer Vision-Based Detection of Shrimp Diseases in Bangladesh/Root/Annotated Diseased Shrimp Images/Annotated Diseased Shrimp Images/4. WSSV_BG/labels/WSSV_BG-11-img-2.txt,7,"0,1",WSSV_BG,WSSV_BG-11-img-2,2048
1.0,"0,1",WSSV_BG,WSSV_BG-11-img-3.jpg,934.078125,2048,/home/drnguyenvinh/notebooks/shrimp_dataset_eda_label_model_analysis_v1/kaggle_raw/shrimpdiseaseimagebd/ShrimpDiseaseImageBD An Image Dataset for Computer Vision-Based Detection of Shrimp Diseases in Bangladesh/Root/Annotated Diseased Shrimp Images/Annotated Diseased Shrimp Images/4. WSSV_BG/images/WSSV_BG-11-img-3.jpg,/home/drnguyenvinh/notebooks/shrimp_dataset_eda_label_model_analysis_v1/kaggle_raw/shrimpdiseaseimagebd/ShrimpDiseaseImageBD An Image Dataset for Computer Vision-Based Detection of Shrimp Diseases in Bangladesh/Root/Annotated Diseased Shrimp Images/Annotated Diseased Shrimp Images/4. WSSV_BG/labels/WSSV_BG-11-img-3.txt,8,"0,1",WSSV_BG,WSSV_BG-11-img-3,2048
1.0,"0,1",WSSV_BG,WSSV_BG-12-img-1.jpg,907.6298828125,2048,/home/drnguyenvinh/notebooks/shrimp_dataset_eda_label_model_analysis_v1/kaggle_raw/shrimpdiseaseimagebd/ShrimpDiseaseImageBD An Image Dataset for Computer Vision-Based Detection of Shrimp Diseases in Bangladesh/Root/Annotated Diseased Shrimp Images/Annotated Diseased Shrimp Images/4. WSSV_BG/images/WSSV_BG-12-img-1.jpg,/home/drnguyenvinh/notebooks/shrimp_dataset_eda_label_model_analysis_v1/kaggle_raw/shrimpdiseaseimagebd/ShrimpDiseaseImageBD An Image Dataset for Computer Vision-Based Detection of Shrimp Diseases in Bangladesh/Root/Annotated Diseased Shrimp Images/Annotated Diseased Shrimp Images/4. WSSV_BG/labels/WSSV_BG-12-img-1.txt,5,"0,1",WSSV_BG,WSSV_BG-12-img-1,2048
1.0,"0,1",WSSV_BG,WSSV_BG-12-img-2.jpg,797.970703125,2048,/home/drnguyenvinh/notebooks/shrimp_dataset_eda_label_model_analysis_v1/kaggle_raw/shrimpdiseaseimagebd/ShrimpDiseaseImageBD An Image Dataset for Computer Vision-Based Detection of Shrimp Diseases in Bangladesh/Root/Annotated Diseased Shrimp Images/Annotated Diseased Shrimp Images/4. WSSV_BG/images/WSSV_BG-12-img-2.jpg,/home/drnguyenvinh/notebooks/shrimp_dataset_eda_label_model_analysis_v1/kaggle_raw/shrimpdiseaseimagebd/ShrimpDiseaseImageBD An Image Dataset for Computer Vision-Based Detection of Shrimp Diseases in Bangladesh/Root/Annotated Diseased Shrimp Images/Annotated Diseased Shrimp Images/4. WSSV_BG/labels/WSSV_BG-12-img-2.txt,6,"0,1",WSSV_BG,WSSV_BG-12-img-2,2048
1.0,"0,1",WSSV_BG,WSSV_BG-12-img-3.jpg,743.6044921875,2048,/home/drnguyenvinh/notebooks/shrimp_dataset_eda_label_model_analysis_v1/kaggle_raw/shrimpdiseaseimagebd/ShrimpDiseaseImageBD An Image Dataset for Computer Vision-Based Detection of Shrimp Diseases in Bangladesh/Root/Annotated Diseased Shrimp Images/Annotated Diseased Shrimp Images/4. WSSV_BG/images/WSSV_BG-12-img-3.jpg,/home/drnguyenvinh/notebooks/shrimp_dataset_eda_label_model_analysis_v1/kaggle_raw/shrimpdiseaseimagebd/ShrimpDiseaseImageBD An Image Dataset for Computer Vision-Based Detection of Shrimp Diseases in Bangladesh/Root/Annotated Diseased Shrimp Images/Annotated Diseased Shrimp Images/4. WSSV_BG/labels/WSSV_BG-12-img-3.txt,10,"0,1",WSSV_BG,WSSV_BG-12-img-3,2048
1.0,"0,1",WSSV_BG,WSSV_BG-13-img-1.jpg,786.1962890625,2048,/home/drnguyenvinh/notebooks/shrimp_dataset_eda_label_model_analysis_v1/kaggle_raw/shrimpdiseaseimagebd/ShrimpDiseaseImageBD An Image Dataset for Computer Vision-Based Detection of Shrimp Diseases in Bangladesh/Root/Annotated Diseased Shrimp Images/Annotated Diseased Shrimp Images/4. WSSV_BG/images/WSSV_BG-13-img-1.jpg,/home/drnguyenvinh/notebooks/shrimp_dataset_eda_label_model_analysis_v1/kaggle_raw/shrimpdiseaseimagebd/ShrimpDiseaseImageBD An Image Dataset for Computer Vision-Based Detection of Shrimp Diseases in Bangladesh/Root/Annotated Diseased Shrimp Images/Annotated Diseased Shrimp Images/4. WSSV_BG/labels/WSSV_BG-13-img-1.txt,16,"0,1",WSSV_BG,WSSV_BG-13-img-1,2048
1.0,"0,1",WSSV_BG,WSSV_BG-13-img-2.jpg,933.6337890625,2048,/home/drnguyenvinh/notebooks/shrimp_dataset_eda_label_model_analysis_v1/kaggle_raw/shrimpdiseaseimagebd/ShrimpDiseaseImageBD An Image Dataset for Computer Vision-Based Detection of Shrimp Diseases in Bangladesh/Root/Annotated Diseased Shrimp Images/Annotated Diseased Shrimp Images/4. WSSV_BG/images/WSSV_BG-13-img-2.jpg,/home/drnguyenvinh/notebooks/shrimp_dataset_eda_label_model_analysis_v1/kaggle_raw/shrimpdiseaseimagebd/ShrimpDiseaseImageBD An Image Dataset for Computer Vision-Based Detection of Shrimp Diseases in Bangladesh/Root/Annotated Diseased Shrimp Images/Annotated Diseased Shrimp Images/4. WSSV_BG/labels/WSSV_BG-13-img-2.txt,8,"0,1",WSSV_BG,WSSV_BG-13-img-2,2048
1.0,"0,1",WSSV_BG,WSSV_BG-13-img-3.jpg,831.3935546875,2048,/home/drnguyenvinh/notebooks/shrimp_dataset_eda_label_model_analysis_v1/kaggle_raw/shrimpdiseaseimagebd/ShrimpDiseaseImageBD An Image Dataset for Computer Vision-Based Detection of Shrimp Diseases in Bangladesh/Root/Annotated Diseased Shrimp Images/Annotated Diseased Shrimp Images/4. WSSV_BG/images/WSSV_BG-13-img-3.jpg,/home/drnguyenvinh/notebooks/shrimp_dataset_eda_label_model_analysis_v1/kaggle_raw/shrimpdiseaseimagebd/ShrimpDiseaseImageBD An Image Dataset for Computer Vision-Based Detection of Shrimp Diseases in Bangladesh/Root/Annotated Diseased Shrimp Images/Annotated Diseased Shrimp Images/4. WSSV_BG/labels/WSSV_BG-13-img-3.txt,11,"0,1",WSSV_BG,WSSV_BG-13-img-3,2048
1.0,"0,1",WSSV_BG,WSSV_BG-14-img-1.jpg,490.5654296875,2048,/home/drnguyenvinh/notebooks/shrimp_dataset_eda_label_model_analysis_v1/kaggle_raw/shrimpdiseaseimagebd/ShrimpDiseaseImageBD An Image Dataset for Computer Vision-Based Detection of Shrimp Diseases in Bangladesh/Root/Annotated Diseased Shrimp Images/Annotated Diseased Shrimp Images/4. WSSV_BG/images/WSSV_BG-14-img-1.jpg,/home/drnguyenvinh/notebooks/shrimp_dataset_eda_label_model_analysis_v1/kaggle_raw/shrimpdiseaseimagebd/ShrimpDiseaseImageBD An Image Dataset for Computer Vision-Based Detection of Shrimp Diseases in Bangladesh/Root/Annotated Diseased Shrimp Images/Annotated Diseased Shrimp Images/4. WSSV_BG/labels/WSSV_BG-14-img-1.txt,5,"0,1",WSSV_BG,WSSV_BG-14-img-1,2048
1.0,"0,1",WSSV_BG,WSSV_BG-14-img-2.jpg,545.1728515625,2048,/home/drnguyenvinh/notebooks/shrimp_dataset_eda_label_model_analysis_v1/kaggle_raw/shrimpdiseaseimagebd/ShrimpDiseaseImageBD An Image Dataset for Computer Vision-Based Detection of Shrimp Diseases in Bangladesh/Root/Annotated Diseased Shrimp Images/Annotated Diseased Shrimp Images/4. WSSV_BG/images/WSSV_BG-14-img-2.jpg,/home/drnguyenvinh/notebooks/shrimp_dataset_eda_label_model_analysis_v1/kaggle_raw/shrimpdiseaseimagebd/ShrimpDiseaseImageBD An Image Dataset for Computer Vision-Based Detection of Shrimp Diseases in Bangladesh/Root/Annotated Diseased Shrimp Images/Annotated Diseased Shrimp Images/4. WSSV_BG/labels/WSSV_BG-14-img-2.txt,6,"0,1",WSSV_BG,WSSV_BG-14-img-2,2048
1.0,"0,1",WSSV_BG,WSSV_BG-14-img-3.jpg,302.0009765625,2048,/home/drnguyenvinh/notebooks/shrimp_dataset_eda_label_model_analysis_v1/kaggle_raw/shrimpdiseaseimagebd/ShrimpDiseaseImageBD An Image Dataset for Computer Vision-Based Detection of Shrimp Diseases in Bangladesh/Root/Annotated Diseased Shrimp Images/Annotated Diseased Shrimp Images/4. WSSV_BG/images/WSSV_BG-14-img-3.jpg,/home/drnguyenvinh/notebooks/shrimp_dataset_eda_label_model_analysis_v1/kaggle_raw/shrimpdiseaseimagebd/ShrimpDiseaseImageBD An Image Dataset for Computer Vision-Based Detection of Shrimp Diseases in Bangladesh/Root/Annotated Diseased Shrimp Images/Annotated Diseased Shrimp Images/4. WSSV_BG/labels/WSSV_BG-14-img-3.txt,8,"0,1",WSSV_BG,WSSV_BG-14-img-3,2048
1.0,"0,1",WSSV_BG,WSSV_BG-15-img-1.jpg,781.2080078125,2048,/home/drnguyenvinh/notebooks/shrimp_dataset_eda_label_model_analysis_v1/kaggle_raw/shrimpdiseaseimagebd/ShrimpDiseaseImageBD An Image Dataset for Computer Vision-Based Detection of Shrimp Diseases in Bangladesh/Root/Annotated Diseased Shrimp Images/Annotated Diseased Shrimp Images/4. WSSV_BG/images/WSSV_BG-15-img-1.jpg,/home/drnguyenvinh/notebooks/shrimp_dataset_eda_label_model_analysis_v1/kaggle_raw/shrimpdiseaseimagebd/ShrimpDiseaseImageBD An Image Dataset for Computer Vision-Based Detection of Shrimp Diseases in Bangladesh/Root/Annotated Diseased Shrimp Images/Annotated Diseased Shrimp Images/4. WSSV_BG/labels/WSSV_BG-15-img-1.txt,3,"0,1",WSSV_BG,WSSV_BG-15-img-1,2048
1.0,"0,1",WSSV_BG,WSSV_BG-15-img-2.jpg,674.26953125,2048,/home/drnguyenvinh/notebooks/shrimp_dataset_eda_label_model_analysis_v1/kaggle_raw/shrimpdiseaseimagebd/ShrimpDiseaseImageBD An Image Dataset for Computer Vision-Based Detection of Shrimp Diseases in Bangladesh/Root/Annotated Diseased Shrimp Images/Annotated Diseased Shrimp Images/4. WSSV_BG/images/WSSV_BG-15-img-2.jpg,/home/drnguyenvinh/notebooks/shrimp_dataset_eda_label_model_analysis_v1/kaggle_raw/shrimpdiseaseimagebd/ShrimpDiseaseImageBD An Image Dataset for Computer Vision-Based Detection of Shrimp Diseases in Bangladesh/Root/Annotated Diseased Shrimp Images/Annotated Diseased Shrimp Images/4. WSSV_BG/labels/WSSV_BG-15-img-2.txt,3,"0,1",WSSV_BG,WSSV_BG-15-img-2,2048
1.0,"0,1",WSSV_BG,WSSV_BG-16-img-1.jpg,380.80859375,2048,/home/drnguyenvinh/notebooks/shrimp_dataset_eda_label_model_analysis_v1/kaggle_raw/shrimpdiseaseimagebd/ShrimpDiseaseImageBD An Image Dataset for Computer Vision-Based Detection of Shrimp Diseases in Bangladesh/Root/Annotated Diseased Shrimp Images/Annotated Diseased Shrimp Images/4. WSSV_BG/images/WSSV_BG-16-img-1.jpg,/home/drnguyenvinh/notebooks/shrimp_dataset_eda_label_model_analysis_v1/kaggle_raw/shrimpdiseaseimagebd/ShrimpDiseaseImageBD An Image Dataset for Computer Vision-Based Detection of Shrimp Diseases in Bangladesh/Root/Annotated Diseased Shrimp Images/Annotated Diseased Shrimp Images/4. WSSV_BG/labels/WSSV_BG-16-img-1.txt,9,"0,1",WSSV_BG,WSSV_BG-16-img-1,2048
1.0,"0,1",WSSV_BG,WSSV_BG-16-img-2.jpg,388.5185546875,2048,/home/drnguyenvinh/notebooks/shrimp_dataset_eda_label_model_analysis_v1/kaggle_raw/shrimpdiseaseimagebd/ShrimpDiseaseImageBD An Image Dataset for Computer Vision-Based Detection of Shrimp Diseases in Bangladesh/Root/Annotated Diseased Shrimp Images/Annotated Diseased Shrimp Images/4. WSSV_BG/images/WSSV_BG-16-img-2.jpg,/home/drnguyenvinh/notebooks/shrimp_dataset_eda_label_model_analysis_v1/kaggle_raw/shrimpdiseaseimagebd/ShrimpDiseaseImageBD An Image Dataset for Computer Vision-Based Detection of Shrimp Diseases in Bangladesh/Root/Annotated Diseased Shrimp Images/Annotated Diseased Shrimp Images/4. WSSV_BG/labels/WSSV_BG-16-img-2.txt,8,"0,1",WSSV_BG,WSSV_BG-16-img-2,2048
1.0,"0,1",WSSV_BG,WSSV_BG-16-img-3.jpg,398.7109375,2048,/home/drnguyenvinh/notebooks/shrimp_dataset_eda_label_model_analysis_v1/kaggle_raw/shrimpdiseaseimagebd/ShrimpDiseaseImageBD An Image Dataset for Computer Vision-Based Detection of Shrimp Diseases in Bangladesh/Root/Annotated Diseased Shrimp Images/Annotated Diseased Shrimp Images/4. WSSV_BG/images/WSSV_BG-16-img-3.jpg,/home/drnguyenvinh/notebooks/shrimp_dataset_eda_label_model_analysis_v1/kaggle_raw/shrimpdiseaseimagebd/ShrimpDiseaseImageBD An Image Dataset for Computer Vision-Based Detection of Shrimp Diseases in Bangladesh/Root/Annotated Diseased Shrimp Images/Annotated Diseased Shrimp Images/4. WSSV_BG/labels/WSSV_BG-16-img-3.txt,8,"0,1",WSSV_BG,WSSV_BG-16-img-3,2048
1.0,"0,1",WSSV_BG,WSSV_BG-17-img-1.jpg,449.904296875,2048,/home/drnguyenvinh/notebooks/shrimp_dataset_eda_label_model_analysis_v1/kaggle_raw/shrimpdiseaseimagebd/ShrimpDiseaseImageBD An Image Dataset for Computer Vision-Based Detection of Shrimp Diseases in Bangladesh/Root/Annotated Diseased Shrimp Images/Annotated Diseased Shrimp Images/4. WSSV_BG/images/WSSV_BG-17-img-1.jpg,/home/drnguyenvinh/notebooks/shrimp_dataset_eda_label_model_analysis_v1/kaggle_raw/shrimpdiseaseimagebd/ShrimpDiseaseImageBD An Image Dataset for Computer Vision-Based Detection of Shrimp Diseases in Bangladesh/Root/Annotated Diseased Shrimp Images/Annotated Diseased Shrimp Images/4. WSSV_BG/labels/WSSV_BG-17-img-1.txt,9,"0,1",WSSV_BG,WSSV_BG-17-img-1,2048
1.0,"0,1",WSSV_BG,WSSV_BG-17-img-2.jpg,558.828125,2048,/home/drnguyenvinh/notebooks/shrimp_dataset_eda_label_model_analysis_v1/kaggle_raw/shrimpdiseaseimagebd/ShrimpDiseaseImageBD An Image Dataset for Computer Vision-Based Detection of Shrimp Diseases in Bangladesh/Root/Annotated Diseased Shrimp Images/Annotated Diseased Shrimp Images/4. WSSV_BG/images/WSSV_BG-17-img-2.jpg,/home/drnguyenvinh/notebooks/shrimp_dataset_eda_label_model_analysis_v1/kaggle_raw/shrimpdiseaseimagebd/ShrimpDiseaseImageBD An Image Dataset for Computer Vision-Based Detection of Shrimp Diseases in Bangladesh/Root/Annotated Diseased Shrimp Images/Annotated Diseased Shrimp Images/4. WSSV_BG/labels/WSSV_BG-17-img-2.txt,12,"0,1",WSSV_BG,WSSV_BG-17-img-2,2048
1.0,"0,1",WSSV_BG,WSSV_BG-17-img-3.jpg,656.4091796875,2048,/home/drnguyenvinh/notebooks/shrimp_dataset_eda_label_model_analysis_v1/kaggle_raw/shrimpdiseaseimagebd/ShrimpDiseaseImageBD An Image Dataset for Computer Vision-Based Detection of Shrimp Diseases in Bangladesh/Root/Annotated Diseased Shrimp Images/Annotated Diseased Shrimp Images/4. WSSV_BG/images/WSSV_BG-17-img-3.jpg,/home/drnguyenvinh/notebooks/shrimp_dataset_eda_label_model_analysis_v1/kaggle_raw/shrimpdiseaseimagebd/ShrimpDiseaseImageBD An Image Dataset for Computer Vision-Based Detection of Shrimp Diseases in Bangladesh/Root/Annotated Diseased Shrimp Images/Annotated Diseased Shrimp Images/4. WSSV_BG/labels/WSSV_BG-17-img-3.txt,6,"0,1",WSSV_BG,WSSV_BG-17-img-3,2048
1.0,"0,1",WSSV_BG,WSSV_BG-18-img-1.jpg,737.2958984375,2048,/home/drnguyenvinh/notebooks/shrimp_dataset_eda_label_model_analysis_v1/kaggle_raw/shrimpdiseaseimagebd/ShrimpDiseaseImageBD An Image Dataset for Computer Vision-Based Detection of Shrimp Diseases in Bangladesh/Root/Annotated Diseased Shrimp Images/Annotated Diseased Shrimp Images/4. WSSV_BG/images/WSSV_BG-18-img-1.jpg,/home/drnguyenvinh/notebooks/shrimp_dataset_eda_label_model_analysis_v1/kaggle_raw/shrimpdiseaseimagebd/ShrimpDiseaseImageBD An Image Dataset for Computer Vision-Based Detection of Shrimp Diseases in Bangladesh/Root/Annotated Diseased Shrimp Images/Annotated Diseased Shrimp Images/4. WSSV_BG/labels/WSSV_BG-18-img-1.txt,7,"0,1",WSSV_BG,WSSV_BG-18-img-1,2048
1.0,"0,1",WSSV_BG,WSSV_BG-18-img-2.jpg,849.720703125,2048,/home/drnguyenvinh/notebooks/shrimp_dataset_eda_label_model_analysis_v1/kaggle_raw/shrimpdiseaseimagebd/ShrimpDiseaseImageBD An Image Dataset for Computer Vision-Based Detection of Shrimp Diseases in Bangladesh/Root/Annotated Diseased Shrimp Images/Annotated Diseased Shrimp Images/4. WSSV_BG/images/WSSV_BG-18-img-2.jpg,/home/drnguyenvinh/notebooks/shrimp_dataset_eda_label_model_analysis_v1/kaggle_raw/shrimpdiseaseimagebd/ShrimpDiseaseImageBD An Image Dataset for Computer Vision-Based Detection of Shrimp Diseases in Bangladesh/Root/Annotated Diseased Shrimp Images/Annotated Diseased Shrimp Images/4. WSSV_BG/labels/WSSV_BG-18-img-2.txt,7,"0,1",WSSV_BG,WSSV_BG-18-img-2,2048
1.0,"0,1",WSSV_BG,WSSV_BG-18-img-3.jpg,925.0634765625,2048,/home/drnguyenvinh/notebooks/shrimp_dataset_eda_label_model_analysis_v1/kaggle_raw/shrimpdiseaseimagebd/ShrimpDiseaseImageBD An Image Dataset for Computer Vision-Based Detection of Shrimp Diseases in Bangladesh/Root/Annotated Diseased Shrimp Images/Annotated Diseased Shrimp Images/4. WSSV_BG/images/WSSV_BG-18-img-3.jpg,/home/drnguyenvinh/notebooks/shrimp_dataset_eda_label_model_analysis_v1/kaggle_raw/shrimpdiseaseimagebd/ShrimpDiseaseImageBD An Image Dataset for Computer Vision-Based Detection of Shrimp Diseases in Bangladesh/Root/Annotated Diseased Shrimp Images/Annotated Diseased Shrimp Images/4. WSSV_BG/labels/WSSV_BG-18-img-3.txt,6,"0,1",WSSV_BG,WSSV_BG-18-img-3,2048
1.0,"0,1",WSSV_BG,WSSV_BG-19-img-1.jpg,858.6455078125,2048,/home/drnguyenvinh/notebooks/shrimp_dataset_eda_label_model_analysis_v1/kaggle_raw/shrimpdiseaseimagebd/ShrimpDiseaseImageBD An Image Dataset for Computer Vision-Based Detection of Shrimp Diseases in Bangladesh/Root/Annotated Diseased Shrimp Images/Annotated Diseased Shrimp Images/4. WSSV_BG/images/WSSV_BG-19-img-1.jpg,/home/drnguyenvinh/notebooks/shrimp_dataset_eda_label_model_analysis_v1/kaggle_raw/shrimpdiseaseimagebd/ShrimpDiseaseImageBD An Image Dataset for Computer Vision-Based Detection of Shrimp Diseases in Bangladesh/Root/Annotated Diseased Shrimp Images/Annotated Diseased Shrimp Images/4. WSSV_BG/labels/WSSV_BG-19-img-1.txt,8,"0,1",WSSV_BG,WSSV_BG-19-img-1,2048
1.0,"0,1",WSSV_BG,WSSV_BG-19-img-2.jpg,855.5615234375,2048,/home/drnguyenvinh/notebooks/shrimp_dataset_eda_label_model_analysis_v1/kaggle_raw/shrimpdiseaseimagebd/ShrimpDiseaseImageBD An Image Dataset for Computer Vision-Based Detection of Shrimp Diseases in Bangladesh/Root/Annotated Diseased Shrimp Images/Annotated Diseased Shrimp Images/4. WSSV_BG/images/WSSV_BG-19-img-2.jpg,/home/drnguyenvinh/notebooks/shrimp_dataset_eda_label_model_analysis_v1/kaggle_raw/shrimpdiseaseimagebd/ShrimpDiseaseImageBD An Image Dataset for Computer Vision-Based Detection of Shrimp Diseases in Bangladesh/Root/Annotated Diseased Shrimp Images/Annotated Diseased Shrimp Images/4. WSSV_BG/labels/WSSV_BG-19-img-2.txt,6,"0,1",WSSV_BG,WSSV_BG-19-img-2,2048
1.0,"0,1",WSSV_BG,WSSV_BG-19-img-3.jpg,1017.7744140625,2048,/home/drnguyenvinh/notebooks/shrimp_dataset_eda_label_model_analysis_v1/kaggle_raw/shrimpdiseaseimagebd/ShrimpDiseaseImageBD An Image Dataset for Computer Vision-Based Detection of Shrimp Diseases in Bangladesh/Root/Annotated Diseased Shrimp Images/Annotated Diseased Shrimp Images/4. WSSV_BG/images/WSSV_BG-19-img-3.jpg,/home/drnguyenvinh/notebooks/shrimp_dataset_eda_label_model_analysis_v1/kaggle_raw/shrimpdiseaseimagebd/ShrimpDiseaseImageBD An Image Dataset for Computer Vision-Based Detection of Shrimp Diseases in Bangladesh/Root/Annotated Diseased Shrimp Images/Annotated Diseased Shrimp Images/4. WSSV_BG/labels/WSSV_BG-19-img-3.txt,4,"0,1",WSSV_BG,WSSV_BG-19-img-3,2048
1.0,"0,1",WSSV_BG,WSSV_BG-2-img-1.jpg,979.5576171875,2048,/home/drnguyenvinh/notebooks/shrimp_dataset_eda_label_model_analysis_v1/kaggle_raw/shrimpdiseaseimagebd/ShrimpDiseaseImageBD An Image Dataset for Computer Vision-Based Detection of Shrimp Diseases in Bangladesh/Root/Annotated Diseased Shrimp Images/Annotated Diseased Shrimp Images/4. WSSV_BG/images/WSSV_BG-2-img-1.jpg,/home/drnguyenvinh/notebooks/shrimp_dataset_eda_label_model_analysis_v1/kaggle_raw/shrimpdiseaseimagebd/ShrimpDiseaseImageBD An Image Dataset for Computer Vision-Based Detection of Shrimp Diseases in Bangladesh/Root/Annotated Diseased Shrimp Images/Annotated Diseased Shrimp Images/4. WSSV_BG/labels/WSSV_BG-2-img-1.txt,9,"0,1",WSSV_BG,WSSV_BG-2-img-1,2048
1.0,"0,1",WSSV_BG,WSSV_BG-2-img-2.jpg,913.9267578125,2048,/home/drnguyenvinh/notebooks/shrimp_dataset_eda_label_model_analysis_v1/kaggle_raw/shrimpdiseaseimagebd/ShrimpDiseaseImageBD An Image Dataset for Computer Vision-Based Detection of Shrimp Diseases in Bangladesh/Root/Annotated Diseased Shrimp Images/Annotated Diseased Shrimp Images/4. WSSV_BG/images/WSSV_BG-2-img-2.jpg,/home/drnguyenvinh/notebooks/shrimp_dataset_eda_label_model_analysis_v1/kaggle_raw/shrimpdiseaseimagebd/ShrimpDiseaseImageBD An Image Dataset for Computer Vision-Based Detection of Shrimp Diseases in Bangladesh/Root/Annotated Diseased Shrimp Images/Annotated Diseased Shrimp Images/4. WSSV_BG/labels/WSSV_BG-2-img-2.txt,8,"0,1",WSSV_BG,WSSV_BG-2-img-2,2048
1.0,"0,1",WSSV_BG,WSSV_BG-2-img-3.jpg,901.0126953125,2048,/home/drnguyenvinh/notebooks/shrimp_dataset_eda_label_model_analysis_v1/kaggle_raw/shrimpdiseaseimagebd/ShrimpDiseaseImageBD An Image Dataset for Computer Vision-Based Detection of Shrimp Diseases in Bangladesh/Root/Annotated Diseased Shrimp Images/Annotated Diseased Shrimp Images/4. WSSV_BG/images/WSSV_BG-2-img-3.jpg,/home/drnguyenvinh/notebooks/shrimp_dataset_eda_label_model_analysis_v1/kaggle_raw/shrimpdiseaseimagebd/ShrimpDiseaseImageBD An Image Dataset for Computer Vision-Based Detection of Shrimp Diseases in Bangladesh/Root/Annotated Diseased Shrimp Images/Annotated Diseased Shrimp Images/4. WSSV_BG/labels/WSSV_BG-2-img-3.txt,6,"0,1",WSSV_BG,WSSV_BG-2-img-3,2048
1.0,"0,1",WSSV_BG,WSSV_BG-20-img-1.jpg,167.7822265625,2048,/home/drnguyenvinh/notebooks/shrimp_dataset_eda_label_model_analysis_v1/kaggle_raw/shrimpdiseaseimagebd/ShrimpDiseaseImageBD An Image Dataset for Computer Vision-Based Detection of Shrimp Diseases in Bangladesh/Root/Annotated Diseased Shrimp Images/Annotated Diseased Shrimp Images/4. WSSV_BG/images/WSSV_BG-20-img-1.jpg,/home/drnguyenvinh/notebooks/shrimp_dataset_eda_label_model_analysis_v1/kaggle_raw/shrimpdiseaseimagebd/ShrimpDiseaseImageBD An Image Dataset for Computer Vision-Based Detection of Shrimp Diseases in Bangladesh/Root/Annotated Diseased Shrimp Images/Annotated Diseased Shrimp Images/4. WSSV_BG/labels/WSSV_BG-20-img-1.txt,4,"0,1",WSSV_BG,WSSV_BG-20-img-1,2048
1.0,"0,1",WSSV_BG,WSSV_BG-20-img-2.jpg,179.833984375,2048,/home/drnguyenvinh/notebooks/shrimp_dataset_eda_label_model_analysis_v1/kaggle_raw/shrimpdiseaseimagebd/ShrimpDiseaseImageBD An Image Dataset for Computer Vision-Based Detection of Shrimp Diseases in Bangladesh/Root/Annotated Diseased Shrimp Images/Annotated Diseased Shrimp Images/4. WSSV_BG/images/WSSV_BG-20-img-2.jpg,/home/drnguyenvinh/notebooks/shrimp_dataset_eda_label_model_analysis_v1/kaggle_raw/shrimpdiseaseimagebd/ShrimpDiseaseImageBD An Image Dataset for Computer Vision-Based Detection of Shrimp Diseases in Bangladesh/Root/Annotated Diseased Shrimp Images/Annotated Diseased Shrimp Images/4. WSSV_BG/labels/WSSV_BG-20-img-2.txt,7,"0,1",WSSV_BG,WSSV_BG-20-img-2,2048
1.0,"0,1",WSSV_BG,WSSV_BG-20-img-3.jpg,147.6142578125,2048,/home/drnguyenvinh/notebooks/shrimp_dataset_eda_label_model_analysis_v1/kaggle_raw/shrimpdiseaseimagebd/ShrimpDiseaseImageBD An Image Dataset for Computer Vision-Based Detection of Shrimp Diseases in Bangladesh/Root/Annotated Diseased Shrimp Images/Annotated Diseased Shrimp Images/4. WSSV_BG/images/WSSV_BG-20-img-3.jpg,/home/drnguyenvinh/notebooks/shrimp_dataset_eda_label_model_analysis_v1/kaggle_raw/shrimpdiseaseimagebd/ShrimpDiseaseImageBD An Image Dataset for Computer Vision-Based Detection of Shrimp Diseases in Bangladesh/Root/Annotated Diseased Shrimp Images/Annotated Diseased Shrimp Images/4. WSSV_BG/labels/WSSV_BG-20-img-3.txt,4,"0,1",WSSV_BG,WSSV_BG-20-img-3,2048
1.0,"0,1",WSSV_BG,WSSV_BG-21-img-1.jpg,183.7060546875,2048,/home/drnguyenvinh/notebooks/shrimp_dataset_eda_label_model_analysis_v1/kaggle_raw/shrimpdiseaseimagebd/ShrimpDiseaseImageBD An Image Dataset for Computer Vision-Based Detection of Shrimp Diseases in Bangladesh/Root/Annotated Diseased Shrimp Images/Annotated Diseased Shrimp Images/4. WSSV_BG/images/WSSV_BG-21-img-1.jpg,/home/drnguyenvinh/notebooks/shrimp_dataset_eda_label_model_analysis_v1/kaggle_raw/shrimpdiseaseimagebd/ShrimpDiseaseImageBD An Image Dataset for Computer Vision-Based Detection of Shrimp Diseases in Bangladesh/Root/Annotated Diseased Shrimp Images/Annotated Diseased Shrimp Images/4. WSSV_BG/labels/WSSV_BG-21-img-1.txt,10,"0,1",WSSV_BG,WSSV_BG-21-img-1,2048
1.0,"0,1",WSSV_BG,WSSV_BG-21-img-2.jpg,179.0927734375,2048,/home/drnguyenvinh/notebooks/shrimp_dataset_eda_label_model_analysis_v1/kaggle_raw/shrimpdiseaseimagebd/ShrimpDiseaseImageBD An Image Dataset for Computer Vision-Based Detection of Shrimp Diseases in Bangladesh/Root/Annotated Diseased Shrimp Images/Annotated Diseased Shrimp Images/4. WSSV_BG/images/WSSV_BG-21-img-2.jpg,/home/drnguyenvinh/notebooks/shrimp_dataset_eda_label_model_analysis_v1/kaggle_raw/shrimpdiseaseimagebd/ShrimpDiseaseImageBD An Image Dataset for Computer Vision-Based Detection of Shrimp Diseases in Bangladesh/Root/Annotated Diseased Shrimp Images/Annotated Diseased Shrimp Images/4. WSSV_BG/labels/WSSV_BG-21-img-2.txt,9,"0,1",WSSV_BG,WSSV_BG-21-img-2,2048
1.0,"0,1",WSSV_BG,WSSV_BG-22-img-1.jpg,173.82421875,2048,/home/drnguyenvinh/notebooks/shrimp_dataset_eda_label_model_analysis_v1/kaggle_raw/shrimpdiseaseimagebd/ShrimpDiseaseImageBD An Image Dataset for Computer Vision-Based Detection of Shrimp Diseases in Bangladesh/Root/Annotated Diseased Shrimp Images/Annotated Diseased Shrimp Images/4. WSSV_BG/images/WSSV_BG-22-img-1.jpg,/home/drnguyenvinh/notebooks/shrimp_dataset_eda_label_model_analysis_v1/kaggle_raw/shrimpdiseaseimagebd/ShrimpDiseaseImageBD An Image Dataset for Computer Vision-Based Detection of Shrimp Diseases in Bangladesh/Root/Annotated Diseased Shrimp Images/Annotated Diseased Shrimp Images/4. WSSV_BG/labels/WSSV_BG-22-img-1.txt,13,"0,1",WSSV_BG,WSSV_BG-22-img-1,2048
1.0,"0,1",WSSV_BG,WSSV_BG-22-img-2.jpg,160.7744140625,2048,/home/drnguyenvinh/notebooks/shrimp_dataset_eda_label_model_analysis_v1/kaggle_raw/shrimpdiseaseimagebd/ShrimpDiseaseImageBD An Image Dataset for Computer Vision-Based Detection of Shrimp Diseases in Bangladesh/Root/Annotated Diseased Shrimp Images/Annotated Diseased Shrimp Images/4. WSSV_BG/images/WSSV_BG-22-img-2.jpg,/home/drnguyenvinh/notebooks/shrimp_dataset_eda_label_model_analysis_v1/kaggle_raw/shrimpdiseaseimagebd/ShrimpDiseaseImageBD An Image Dataset for Computer Vision-Based Detection of Shrimp Diseases in Bangladesh/Root/Annotated Diseased Shrimp Images/Annotated Diseased Shrimp Images/4. WSSV_BG/labels/WSSV_BG-22-img-2.txt,8,"0,1",WSSV_BG,WSSV_BG-22-img-2,2048
1.0,"0,1",WSSV_BG,WSSV_BG-22-img-3.jpg,171.109375,2048,/home/drnguyenvinh/notebooks/shrimp_dataset_eda_label_model_analysis_v1/kaggle_raw/shrimpdiseaseimagebd/ShrimpDiseaseImageBD An Image Dataset for Computer Vision-Based Detection of Shrimp Diseases in Bangladesh/Root/Annotated Diseased Shrimp Images/Annotated Diseased Shrimp Images/4. WSSV_BG/images/WSSV_BG-22-img-3.jpg,/home/drnguyenvinh/notebooks/shrimp_dataset_eda_label_model_analysis_v1/kaggle_raw/shrimpdiseaseimagebd/ShrimpDiseaseImageBD An Image Dataset for Computer Vision-Based Detection of Shrimp Diseases in Bangladesh/Root/Annotated Diseased Shrimp Images/Annotated Diseased Shrimp Images/4. WSSV_BG/labels/WSSV_BG-22-img-3.txt,10,"0,1",WSSV_BG,WSSV_BG-22-img-3,2048
1.0,"0,1",WSSV_BG,WSSV_BG-23-img-1.jpg,169.0068359375,2048,/home/drnguyenvinh/notebooks/shrimp_dataset_eda_label_model_analysis_v1/kaggle_raw/shrimpdiseaseimagebd/ShrimpDiseaseImageBD An Image Dataset for Computer Vision-Based Detection of Shrimp Diseases in Bangladesh/Root/Annotated Diseased Shrimp Images/Annotated Diseased Shrimp Images/4. WSSV_BG/images/WSSV_BG-23-img-1.jpg,/home/drnguyenvinh/notebooks/shrimp_dataset_eda_label_model_analysis_v1/kaggle_raw/shrimpdiseaseimagebd/ShrimpDiseaseImageBD An Image Dataset for Computer Vision-Based Detection of Shrimp Diseases in Bangladesh/Root/Annotated Diseased Shrimp Images/Annotated Diseased Shrimp Images/4. WSSV_BG/labels/WSSV_BG-23-img-1.txt,8,"0,1",WSSV_BG,WSSV_BG-23-img-1,2048
1.0,"0,1",WSSV_BG,WSSV_BG-24-img-1.jpg,155.2919921875,2048,/home/drnguyenvinh/notebooks/shrimp_dataset_eda_label_model_analysis_v1/kaggle_raw/shrimpdiseaseimagebd/ShrimpDiseaseImageBD An Image Dataset for Computer Vision-Based Detection of Shrimp Diseases in Bangladesh/Root/Annotated Diseased Shrimp Images/Annotated Diseased Shrimp Images/4. WSSV_BG/images/WSSV_BG-24-img-1.jpg,/home/drnguyenvinh/notebooks/shrimp_dataset_eda_label_model_analysis_v1/kaggle_raw/shrimpdiseaseimagebd/ShrimpDiseaseImageBD An Image Dataset for Computer Vision-Based Detection of Shrimp Diseases in Bangladesh/Root/Annotated Diseased Shrimp Images/Annotated Diseased Shrimp Images/4. WSSV_BG/labels/WSSV_BG-24-img-1.txt,27,"0,1",WSSV_BG,WSSV_BG-24-img-1,2048
1.0,"0,1",WSSV_BG,WSSV_BG-24-img-2.jpg,146.9521484375,2048,/home/drnguyenvinh/notebooks/shrimp_dataset_eda_label_model_analysis_v1/kaggle_raw/shrimpdiseaseimagebd/ShrimpDiseaseImageBD An Image Dataset for Computer Vision-Based Detection of Shrimp Diseases in Bangladesh/Root/Annotated Diseased Shrimp Images/Annotated Diseased Shrimp Images/4. WSSV_BG/images/WSSV_BG-24-img-2.jpg,/home/drnguyenvinh/notebooks/shrimp_dataset_eda_label_model_analysis_v1/kaggle_raw/shrimpdiseaseimagebd/ShrimpDiseaseImageBD An Image Dataset for Computer Vision-Based Detection of Shrimp Diseases in Bangladesh/Root/Annotated Diseased Shrimp Images/Annotated Diseased Shrimp Images/4. WSSV_BG/labels/WSSV_BG-24-img-2.txt,9,"0,1",WSSV_BG,WSSV_BG-24-img-2,2048
1.0,"0,1",WSSV_BG,WSSV_BG-24-img-3.jpg,146.765625,2048,/home/drnguyenvinh/notebooks/shrimp_dataset_eda_label_model_analysis_v1/kaggle_raw/shrimpdiseaseimagebd/ShrimpDiseaseImageBD An Image Dataset for Computer Vision-Based Detection of Shrimp Diseases in Bangladesh/Root/Annotated Diseased Shrimp Images/Annotated Diseased Shrimp Images/4. WSSV_BG/images/WSSV_BG-24-img-3.jpg,/home/drnguyenvinh/notebooks/shrimp_dataset_eda_label_model_analysis_v1/kaggle_raw/shrimpdiseaseimagebd/ShrimpDiseaseImageBD An Image Dataset for Computer Vision-Based Detection of Shrimp Diseases in Bangladesh/Root/Annotated Diseased Shrimp Images/Annotated Diseased Shrimp Images/4. WSSV_BG/labels/WSSV_BG-24-img-3.txt,12,"0,1",WSSV_BG,WSSV_BG-24-img-3,2048
1.0,"0,1",WSSV_BG,WSSV_BG-25-img-1.jpg,163.1904296875,2048,/home/drnguyenvinh/notebooks/shrimp_dataset_eda_label_model_analysis_v1/kaggle_raw/shrimpdiseaseimagebd/ShrimpDiseaseImageBD An Image Dataset for Computer Vision-Based Detection of Shrimp Diseases in Bangladesh/Root/Annotated Diseased Shrimp Images/Annotated Diseased Shrimp Images/4. WSSV_BG/images/WSSV_BG-25-img-1.jpg,/home/drnguyenvinh/notebooks/shrimp_dataset_eda_label_model_analysis_v1/kaggle_raw/shrimpdiseaseimagebd/ShrimpDiseaseImageBD An Image Dataset for Computer Vision-Based Detection of Shrimp Diseases in Bangladesh/Root/Annotated Diseased Shrimp Images/Annotated Diseased Shrimp Images/4. WSSV_BG/labels/WSSV_BG-25-img-1.txt,4,"0,1",WSSV_BG,WSSV_BG-25-img-1,2048
1.0,"0,1",WSSV_BG,WSSV_BG-25-img-2.jpg,179.291015625,2048,/home/drnguyenvinh/notebooks/shrimp_dataset_eda_label_model_analysis_v1/kaggle_raw/shrimpdiseaseimagebd/ShrimpDiseaseImageBD An Image Dataset for Computer Vision-Based Detection of Shrimp Diseases in Bangladesh/Root/Annotated Diseased Shrimp Images/Annotated Diseased Shrimp Images/4. WSSV_BG/images/WSSV_BG-25-img-2.jpg,/home/drnguyenvinh/notebooks/shrimp_dataset_eda_label_model_analysis_v1/kaggle_raw/shrimpdiseaseimagebd/ShrimpDiseaseImageBD An Image Dataset for Computer Vision-Based Detection of Shrimp Diseases in Bangladesh/Root/Annotated Diseased Shrimp Images/Annotated Diseased Shrimp Images/4. WSSV_BG/labels/WSSV_BG-25-img-2.txt,4,"0,1",WSSV_BG,WSSV_BG-25-img-2,2048
1.0,"0,1",WSSV_BG,WSSV_BG-25-img-3.jpg,160.947265625,2048,/home/drnguyenvinh/notebooks/shrimp_dataset_eda_label_model_analysis_v1/kaggle_raw/shrimpdiseaseimagebd/ShrimpDiseaseImageBD An Image Dataset for Computer Vision-Based Detection of Shrimp Diseases in Bangladesh/Root/Annotated Diseased Shrimp Images/Annotated Diseased Shrimp Images/4. WSSV_BG/images/WSSV_BG-25-img-3.jpg,/home/drnguyenvinh/notebooks/shrimp_dataset_eda_label_model_analysis_v1/kaggle_raw/shrimpdiseaseimagebd/ShrimpDiseaseImageBD An Image Dataset for Computer Vision-Based Detection of Shrimp Diseases in Bangladesh/Root/Annotated Diseased Shrimp Images/Annotated Diseased Shrimp Images/4. WSSV_BG/labels/WSSV_BG-25-img-3.txt,6,"0,1",WSSV_BG,WSSV_BG-25-img-3,2048
1.0,"0,1",WSSV_BG,WSSV_BG-26-img-1.jpg,141.056640625,2048,/home/drnguyenvinh/notebooks/shrimp_dataset_eda_label_model_analysis_v1/kaggle_raw/shrimpdiseaseimagebd/ShrimpDiseaseImageBD An Image Dataset for Computer Vision-Based Detection of Shrimp Diseases in Bangladesh/Root/Annotated Diseased Shrimp Images/Annotated Diseased Shrimp Images/4. WSSV_BG/images/WSSV_BG-26-img-1.jpg,/home/drnguyenvinh/notebooks/shrimp_dataset_eda_label_model_analysis_v1/kaggle_raw/shrimpdiseaseimagebd/ShrimpDiseaseImageBD An Image Dataset for Computer Vision-Based Detection of Shrimp Diseases in Bangladesh/Root/Annotated Diseased Shrimp Images/Annotated Diseased Shrimp Images/4. WSSV_BG/labels/WSSV_BG-26-img-1.txt,3,"0,1",WSSV_BG,WSSV_BG-26-img-1,2048
1.0,"0,1",WSSV_BG,WSSV_BG-26-img-2.jpg,160.5390625,2048,/home/drnguyenvinh/notebooks/shrimp_dataset_eda_label_model_analysis_v1/kaggle_raw/shrimpdiseaseimagebd/ShrimpDiseaseImageBD An Image Dataset for Computer Vision-Based Detection of Shrimp Diseases in Bangladesh/Root/Annotated Diseased Shrimp Images/Annotated Diseased Shrimp Images/4. WSSV_BG/images/WSSV_BG-26-img-2.jpg,/home/drnguyenvinh/notebooks/shrimp_dataset_eda_label_model_analysis_v1/kaggle_raw/shrimpdiseaseimagebd/ShrimpDiseaseImageBD An Image Dataset for Computer Vision-Based Detection of Shrimp Diseases in Bangladesh/Root/Annotated Diseased Shrimp Images/Annotated Diseased Shrimp Images/4. WSSV_BG/labels/WSSV_BG-26-img-2.txt,14,"0,1",WSSV_BG,WSSV_BG-26-img-2,2048
1.0,"0,1",WSSV_BG,WSSV_BG-26-img-3.jpg,139.2939453125,2048,/home/drnguyenvinh/notebooks/shrimp_dataset_eda_label_model_analysis_v1/kaggle_raw/shrimpdiseaseimagebd/ShrimpDiseaseImageBD An Image Dataset for Computer Vision-Based Detection of Shrimp Diseases in Bangladesh/Root/Annotated Diseased Shrimp Images/Annotated Diseased Shrimp Images/4. WSSV_BG/images/WSSV_BG-26-img-3.jpg,/home/drnguyenvinh/notebooks/shrimp_dataset_eda_label_model_analysis_v1/kaggle_raw/shrimpdiseaseimagebd/ShrimpDiseaseImageBD An Image Dataset for Computer Vision-Based Detection of Shrimp Diseases in Bangladesh/Root/Annotated Diseased Shrimp Images/Annotated Diseased Shrimp Images/4. WSSV_BG/labels/WSSV_BG-26-img-3.txt,10,"0,1",WSSV_BG,WSSV_BG-26-img-3,2048
1.0,"0,1",WSSV_BG,WSSV_BG-27-img-1.jpg,150.302734375,2048,/home/drnguyenvinh/notebooks/shrimp_dataset_eda_label_model_analysis_v1/kaggle_raw/shrimpdiseaseimagebd/ShrimpDiseaseImageBD An Image Dataset for Computer Vision-Based Detection of Shrimp Diseases in Bangladesh/Root/Annotated Diseased Shrimp Images/Annotated Diseased Shrimp Images/4. WSSV_BG/images/WSSV_BG-27-img-1.jpg,/home/drnguyenvinh/notebooks/shrimp_dataset_eda_label_model_analysis_v1/kaggle_raw/shrimpdiseaseimagebd/ShrimpDiseaseImageBD An Image Dataset for Computer Vision-Based Detection of Shrimp Diseases in Bangladesh/Root/Annotated Diseased Shrimp Images/Annotated Diseased Shrimp Images/4. WSSV_BG/labels/WSSV_BG-27-img-1.txt,14,"0,1",WSSV_BG,WSSV_BG-27-img-1,2048
1.0,"0,1",WSSV_BG,WSSV_BG-27-img-2.jpg,152.765625,2048,/home/drnguyenvinh/notebooks/shrimp_dataset_eda_label_model_analysis_v1/kaggle_raw/shrimpdiseaseimagebd/ShrimpDiseaseImageBD An Image Dataset for Computer Vision-Based Detection of Shrimp Diseases in Bangladesh/Root/Annotated Diseased Shrimp Images/Annotated Diseased Shrimp Images/4. WSSV_BG/images/WSSV_BG-27-img-2.jpg,/home/drnguyenvinh/notebooks/shrimp_dataset_eda_label_model_analysis_v1/kaggle_raw/shrimpdiseaseimagebd/ShrimpDiseaseImageBD An Image Dataset for Computer Vision-Based Detection of Shrimp Diseases in Bangladesh/Root/Annotated Diseased Shrimp Images/Annotated Diseased Shrimp Images/4. WSSV_BG/labels/WSSV_BG-27-img-2.txt,12,"0,1",WSSV_BG,WSSV_BG-27-img-2,2048
1.0,"0,1",WSSV_BG,WSSV_BG-28-img-1.jpg,132.302734375,2048,/home/drnguyenvinh/notebooks/shrimp_dataset_eda_label_model_analysis_v1/kaggle_raw/shrimpdiseaseimagebd/ShrimpDiseaseImageBD An Image Dataset for Computer Vision-Based Detection of Shrimp Diseases in Bangladesh/Root/Annotated Diseased Shrimp Images/Annotated Diseased Shrimp Images/4. WSSV_BG/images/WSSV_BG-28-img-1.jpg,/home/drnguyenvinh/notebooks/shrimp_dataset_eda_label_model_analysis_v1/kaggle_raw/shrimpdiseaseimagebd/ShrimpDiseaseImageBD An Image Dataset for Computer Vision-Based Detection of Shrimp Diseases in Bangladesh/Root/Annotated Diseased Shrimp Images/Annotated Diseased Shrimp Images/4. WSSV_BG/labels/WSSV_BG-28-img-1.txt,12,"0,1",WSSV_BG,WSSV_BG-28-img-1,2048
1.0,"0,1",WSSV_BG,WSSV_BG-28-img-2.jpg,148.2548828125,2048,/home/drnguyenvinh/notebooks/shrimp_dataset_eda_label_model_analysis_v1/kaggle_raw/shrimpdiseaseimagebd/ShrimpDiseaseImageBD An Image Dataset for Computer Vision-Based Detection of Shrimp Diseases in Bangladesh/Root/Annotated Diseased Shrimp Images/Annotated Diseased Shrimp Images/4. WSSV_BG/images/WSSV_BG-28-img-2.jpg,/home/drnguyenvinh/notebooks/shrimp_dataset_eda_label_model_analysis_v1/kaggle_raw/shrimpdiseaseimagebd/ShrimpDiseaseImageBD An Image Dataset for Computer Vision-Based Detection of Shrimp Diseases in Bangladesh/Root/Annotated Diseased Shrimp Images/Annotated Diseased Shrimp Images/4. WSSV_BG/labels/WSSV_BG-28-img-2.txt,11,"0,1",WSSV_BG,WSSV_BG-28-img-2,2048
1.0,"0,1",WSSV_BG,WSSV_BG-28-img-3.jpg,143.83203125,2048,/home/drnguyenvinh/notebooks/shrimp_dataset_eda_label_model_analysis_v1/kaggle_raw/shrimpdiseaseimagebd/ShrimpDiseaseImageBD An Image Dataset for Computer Vision-Based Detection of Shrimp Diseases in Bangladesh/Root/Annotated Diseased Shrimp Images/Annotated Diseased Shrimp Images/4. WSSV_BG/images/WSSV_BG-28-img-3.jpg,/home/drnguyenvinh/notebooks/shrimp_dataset_eda_label_model_analysis_v1/kaggle_raw/shrimpdiseaseimagebd/ShrimpDiseaseImageBD An Image Dataset for Computer Vision-Based Detection of Shrimp Diseases in Bangladesh/Root/Annotated Diseased Shrimp Images/Annotated Diseased Shrimp Images/4. WSSV_BG/labels/WSSV_BG-28-img-3.txt,5,"0,1",WSSV_BG,WSSV_BG-28-img-3,2048
1.0,"0,1",WSSV_BG,WSSV_BG-29-img-1.jpg,155.8955078125,2048,/home/drnguyenvinh/notebooks/shrimp_dataset_eda_label_model_analysis_v1/kaggle_raw/shrimpdiseaseimagebd/ShrimpDiseaseImageBD An Image Dataset for Computer Vision-Based Detection of Shrimp Diseases in Bangladesh/Root/Annotated Diseased Shrimp Images/Annotated Diseased Shrimp Images/4. WSSV_BG/images/WSSV_BG-29-img-1.jpg,/home/drnguyenvinh/notebooks/shrimp_dataset_eda_label_model_analysis_v1/kaggle_raw/shrimpdiseaseimagebd/ShrimpDiseaseImageBD An Image Dataset for Computer Vision-Based Detection of Shrimp Diseases in Bangladesh/Root/Annotated Diseased Shrimp Images/Annotated Diseased Shrimp Images/4. WSSV_BG/labels/WSSV_BG-29-img-1.txt,15,"0,1",WSSV_BG,WSSV_BG-29-img-1,2048
1.0,"0,1",WSSV_BG,WSSV_BG-29-img-2.jpg,147.3935546875,2048,/home/drnguyenvinh/notebooks/shrimp_dataset_eda_label_model_analysis_v1/kaggle_raw/shrimpdiseaseimagebd/ShrimpDiseaseImageBD An Image Dataset for Computer Vision-Based Detection of Shrimp Diseases in Bangladesh/Root/Annotated Diseased Shrimp Images/Annotated Diseased Shrimp Images/4. WSSV_BG/images/WSSV_BG-29-img-2.jpg,/home/drnguyenvinh/notebooks/shrimp_dataset_eda_label_model_analysis_v1/kaggle_raw/shrimpdiseaseimagebd/ShrimpDiseaseImageBD An Image Dataset for Computer Vision-Based Detection of Shrimp Diseases in Bangladesh/Root/Annotated Diseased Shrimp Images/Annotated Diseased Shrimp Images/4. WSSV_BG/labels/WSSV_BG-29-img-2.txt,12,"0,1",WSSV_BG,WSSV_BG-29-img-2,2048
1.0,"0,1",WSSV_BG,WSSV_BG-29-img-3.jpg,145.810546875,2048,/home/drnguyenvinh/notebooks/shrimp_dataset_eda_label_model_analysis_v1/kaggle_raw/shrimpdiseaseimagebd/ShrimpDiseaseImageBD An Image Dataset for Computer Vision-Based Detection of Shrimp Diseases in Bangladesh/Root/Annotated Diseased Shrimp Images/Annotated Diseased Shrimp Images/4. WSSV_BG/images/WSSV_BG-29-img-3.jpg,/home/drnguyenvinh/notebooks/shrimp_dataset_eda_label_model_analysis_v1/kaggle_raw/shrimpdiseaseimagebd/ShrimpDiseaseImageBD An Image Dataset for Computer Vision-Based Detection of Shrimp Diseases in Bangladesh/Root/Annotated Diseased Shrimp Images/Annotated Diseased Shrimp Images/4. WSSV_BG/labels/WSSV_BG-29-img-3.txt,9,"0,1",WSSV_BG,WSSV_BG-29-img-3,2048
1.0,"0,1",WSSV_BG,WSSV_BG-3-img-1.jpg,985.298828125,2048,/home/drnguyenvinh/notebooks/shrimp_dataset_eda_label_model_analysis_v1/kaggle_raw/shrimpdiseaseimagebd/ShrimpDiseaseImageBD An Image Dataset for Computer Vision-Based Detection of Shrimp Diseases in Bangladesh/Root/Annotated Diseased Shrimp Images/Annotated Diseased Shrimp Images/4. WSSV_BG/images/WSSV_BG-3-img-1.jpg,/home/drnguyenvinh/notebooks/shrimp_dataset_eda_label_model_analysis_v1/kaggle_raw/shrimpdiseaseimagebd/ShrimpDiseaseImageBD An Image Dataset for Computer Vision-Based Detection of Shrimp Diseases in Bangladesh/Root/Annotated Diseased Shrimp Images/Annotated Diseased Shrimp Images/4. WSSV_BG/labels/WSSV_BG-3-img-1.txt,2,"0,1",WSSV_BG,WSSV_BG-3-img-1,2048
1.0,"0,1",WSSV_BG,WSSV_BG-3-img-2.jpg,853.65234375,2048,/home/drnguyenvinh/notebooks/shrimp_dataset_eda_label_model_analysis_v1/kaggle_raw/shrimpdiseaseimagebd/ShrimpDiseaseImageBD An Image Dataset for Computer Vision-Based Detection of Shrimp Diseases in Bangladesh/Root/Annotated Diseased Shrimp Images/Annotated Diseased Shrimp Images/4. WSSV_BG/images/WSSV_BG-3-img-2.jpg,/home/drnguyenvinh/notebooks/shrimp_dataset_eda_label_model_analysis_v1/kaggle_raw/shrimpdiseaseimagebd/ShrimpDiseaseImageBD An Image Dataset for Computer Vision-Based Detection of Shrimp Diseases in Bangladesh/Root/Annotated Diseased Shrimp Images/Annotated Diseased Shrimp Images/4. WSSV_BG/labels/WSSV_BG-3-img-2.txt,4,"0,1",WSSV_BG,WSSV_BG-3-img-2,2048
1.0,"0,1",WSSV_BG,WSSV_BG-3-img-3.jpg,842.8349609375,2048,/home/drnguyenvinh/notebooks/shrimp_dataset_eda_label_model_analysis_v1/kaggle_raw/shrimpdiseaseimagebd/ShrimpDiseaseImageBD An Image Dataset for Computer Vision-Based Detection of Shrimp Diseases in Bangladesh/Root/Annotated Diseased Shrimp Images/Annotated Diseased Shrimp Images/4. WSSV_BG/images/WSSV_BG-3-img-3.jpg,/home/drnguyenvinh/notebooks/shrimp_dataset_eda_label_model_analysis_v1/kaggle_raw/shrimpdiseaseimagebd/ShrimpDiseaseImageBD An Image Dataset for Computer Vision-Based Detection of Shrimp Diseases in Bangladesh/Root/Annotated Diseased Shrimp Images/Annotated Diseased Shrimp Images/4. WSSV_BG/labels/WSSV_BG-3-img-3.txt,3,"0,1",WSSV_BG,WSSV_BG-3-img-3,2048
1.0,"0,1",WSSV_BG,WSSV_BG-30-img-1.jpg,179.9248046875,2048,/home/drnguyenvinh/notebooks/shrimp_dataset_eda_label_model_analysis_v1/kaggle_raw/shrimpdiseaseimagebd/ShrimpDiseaseImageBD An Image Dataset for Computer Vision-Based Detection of Shrimp Diseases in Bangladesh/Root/Annotated Diseased Shrimp Images/Annotated Diseased Shrimp Images/4. WSSV_BG/images/WSSV_BG-30-img-1.jpg,/home/drnguyenvinh/notebooks/shrimp_dataset_eda_label_model_analysis_v1/kaggle_raw/shrimpdiseaseimagebd/ShrimpDiseaseImageBD An Image Dataset for Computer Vision-Based Detection of Shrimp Diseases in Bangladesh/Root/Annotated Diseased Shrimp Images/Annotated Diseased Shrimp Images/4. WSSV_BG/labels/WSSV_BG-30-img-1.txt,2,"0,1",WSSV_BG,WSSV_BG-30-img-1,2048
1.0,"0,1",WSSV_BG,WSSV_BG-30-img-2.jpg,211.42578125,2048,/home/drnguyenvinh/notebooks/shrimp_dataset_eda_label_model_analysis_v1/kaggle_raw/shrimpdiseaseimagebd/ShrimpDiseaseImageBD An Image Dataset for Computer Vision-Based Detection of Shrimp Diseases in Bangladesh/Root/Annotated Diseased Shrimp Images/Annotated Diseased Shrimp Images/4. WSSV_BG/images/WSSV_BG-30-img-2.jpg,/home/drnguyenvinh/notebooks/shrimp_dataset_eda_label_model_analysis_v1/kaggle_raw/shrimpdiseaseimagebd/ShrimpDiseaseImageBD An Image Dataset for Computer Vision-Based Detection of Shrimp Diseases in Bangladesh/Root/Annotated Diseased Shrimp Images/Annotated Diseased Shrimp Images/4. WSSV_BG/labels/WSSV_BG-30-img-2.txt,9,"0,1",WSSV_BG,WSSV_BG-30-img-2,2048
1.0,"0,1",WSSV_BG,WSSV_BG-31-img-1.jpg,209.6982421875,2048,/home/drnguyenvinh/notebooks/shrimp_dataset_eda_label_model_analysis_v1/kaggle_raw/shrimpdiseaseimagebd/ShrimpDiseaseImageBD An Image Dataset for Computer Vision-Based Detection of Shrimp Diseases in Bangladesh/Root/Annotated Diseased Shrimp Images/Annotated Diseased Shrimp Images/4. WSSV_BG/images/WSSV_BG-31-img-1.jpg,/home/drnguyenvinh/notebooks/shrimp_dataset_eda_label_model_analysis_v1/kaggle_raw/shrimpdiseaseimagebd/ShrimpDiseaseImageBD An Image Dataset for Computer Vision-Based Detection of Shrimp Diseases in Bangladesh/Root/Annotated Diseased Shrimp Images/Annotated Diseased Shrimp Images/4. WSSV_BG/labels/WSSV_BG-31-img-1.txt,8,"0,1",WSSV_BG,WSSV_BG-31-img-1,2048
1.0,"0,1",WSSV_BG,WSSV_BG-31-img-2.jpg,189.88671875,2048,/home/drnguyenvinh/notebooks/shrimp_dataset_eda_label_model_analysis_v1/kaggle_raw/shrimpdiseaseimagebd/ShrimpDiseaseImageBD An Image Dataset for Computer Vision-Based Detection of Shrimp Diseases in Bangladesh/Root/Annotated Diseased Shrimp Images/Annotated Diseased Shrimp Images/4. WSSV_BG/images/WSSV_BG-31-img-2.jpg,/home/drnguyenvinh/notebooks/shrimp_dataset_eda_label_model_analysis_v1/kaggle_raw/shrimpdiseaseimagebd/ShrimpDiseaseImageBD An Image Dataset for Computer Vision-Based Detection of Shrimp Diseases in Bangladesh/Root/Annotated Diseased Shrimp Images/Annotated Diseased Shrimp Images/4. WSSV_BG/labels/WSSV_BG-31-img-2.txt,5,"0,1",WSSV_BG,WSSV_BG-31-img-2,2048
1.0,"0,1",WSSV_BG,WSSV_BG-31-img-3.jpg,212.3544921875,2048,/home/drnguyenvinh/notebooks/shrimp_dataset_eda_label_model_analysis_v1/kaggle_raw/shrimpdiseaseimagebd/ShrimpDiseaseImageBD An Image Dataset for Computer Vision-Based Detection of Shrimp Diseases in Bangladesh/Root/Annotated Diseased Shrimp Images/Annotated Diseased Shrimp Images/4. WSSV_BG/images/WSSV_BG-31-img-3.jpg,/home/drnguyenvinh/notebooks/shrimp_dataset_eda_label_model_analysis_v1/kaggle_raw/shrimpdiseaseimagebd/ShrimpDiseaseImageBD An Image Dataset for Computer Vision-Based Detection of Shrimp Diseases in Bangladesh/Root/Annotated Diseased Shrimp Images/Annotated Diseased Shrimp Images/4. WSSV_BG/labels/WSSV_BG-31-img-3.txt,5,"0,1",WSSV_BG,WSSV_BG-31-img-3,2048
1.0,"0,1",WSSV_BG,WSSV_BG-32-img-1.jpg,215.6083984375,2048,/home/drnguyenvinh/notebooks/shrimp_dataset_eda_label_model_analysis_v1/kaggle_raw/shrimpdiseaseimagebd/ShrimpDiseaseImageBD An Image Dataset for Computer Vision-Based Detection of Shrimp Diseases in Bangladesh/Root/Annotated Diseased Shrimp Images/Annotated Diseased Shrimp Images/4. WSSV_BG/images/WSSV_BG-32-img-1.jpg,/home/drnguyenvinh/notebooks/shrimp_dataset_eda_label_model_analysis_v1/kaggle_raw/shrimpdiseaseimagebd/ShrimpDiseaseImageBD An Image Dataset for Computer Vision-Based Detection of Shrimp Diseases in Bangladesh/Root/Annotated Diseased Shrimp Images/Annotated Diseased Shrimp Images/4. WSSV_BG/labels/WSSV_BG-32-img-1.txt,14,"0,1",WSSV_BG,WSSV_BG-32-img-1,2048
1.0,"0,1",WSSV_BG,WSSV_BG-32-img-2.jpg,228.2841796875,2048,/home/drnguyenvinh/notebooks/shrimp_dataset_eda_label_model_analysis_v1/kaggle_raw/shrimpdiseaseimagebd/ShrimpDiseaseImageBD An Image Dataset for Computer Vision-Based Detection of Shrimp Diseases in Bangladesh/Root/Annotated Diseased Shrimp Images/Annotated Diseased Shrimp Images/4. WSSV_BG/images/WSSV_BG-32-img-2.jpg,/home/drnguyenvinh/notebooks/shrimp_dataset_eda_label_model_analysis_v1/kaggle_raw/shrimpdiseaseimagebd/ShrimpDiseaseImageBD An Image Dataset for Computer Vision-Based Detection of Shrimp Diseases in Bangladesh/Root/Annotated Diseased Shrimp Images/Annotated Diseased Shrimp Images/4. WSSV_BG/labels/WSSV_BG-32-img-2.txt,12,"0,1",WSSV_BG,WSSV_BG-32-img-2,2048
1.0,"0,1",WSSV_BG,WSSV_BG-32-img-3.jpg,200.8828125,2048,/home/drnguyenvinh/notebooks/shrimp_dataset_eda_label_model_analysis_v1/kaggle_raw/shrimpdiseaseimagebd/ShrimpDiseaseImageBD An Image Dataset for Computer Vision-Based Detection of Shrimp Diseases in Bangladesh/Root/Annotated Diseased Shrimp Images/Annotated Diseased Shrimp Images/4. WSSV_BG/images/WSSV_BG-32-img-3.jpg,/home/drnguyenvinh/notebooks/shrimp_dataset_eda_label_model_analysis_v1/kaggle_raw/shrimpdiseaseimagebd/ShrimpDiseaseImageBD An Image Dataset for Computer Vision-Based Detection of Shrimp Diseases in Bangladesh/Root/Annotated Diseased Shrimp Images/Annotated Diseased Shrimp Images/4. WSSV_BG/labels/WSSV_BG-32-img-3.txt,8,"0,1",WSSV_BG,WSSV_BG-32-img-3,2048
1.0,"0,1",WSSV_BG,WSSV_BG-33-img-1.jpg,212.8623046875,2048,/home/drnguyenvinh/notebooks/shrimp_dataset_eda_label_model_analysis_v1/kaggle_raw/shrimpdiseaseimagebd/ShrimpDiseaseImageBD An Image Dataset for Computer Vision-Based Detection of Shrimp Diseases in Bangladesh/Root/Annotated Diseased Shrimp Images/Annotated Diseased Shrimp Images/4. WSSV_BG/images/WSSV_BG-33-img-1.jpg,/home/drnguyenvinh/notebooks/shrimp_dataset_eda_label_model_analysis_v1/kaggle_raw/shrimpdiseaseimagebd/ShrimpDiseaseImageBD An Image Dataset for Computer Vision-Based Detection of Shrimp Diseases in Bangladesh/Root/Annotated Diseased Shrimp Images/Annotated Diseased Shrimp Images/4. WSSV_BG/labels/WSSV_BG-33-img-1.txt,10,"0,1",WSSV_BG,WSSV_BG-33-img-1,2048
1.0,"0,1",WSSV_BG,WSSV_BG-33-img-2.jpg,222.1435546875,2048,/home/drnguyenvinh/notebooks/shrimp_dataset_eda_label_model_analysis_v1/kaggle_raw/shrimpdiseaseimagebd/ShrimpDiseaseImageBD An Image Dataset for Computer Vision-Based Detection of Shrimp Diseases in Bangladesh/Root/Annotated Diseased Shrimp Images/Annotated Diseased Shrimp Images/4. WSSV_BG/images/WSSV_BG-33-img-2.jpg,/home/drnguyenvinh/notebooks/shrimp_dataset_eda_label_model_analysis_v1/kaggle_raw/shrimpdiseaseimagebd/ShrimpDiseaseImageBD An Image Dataset for Computer Vision-Based Detection of Shrimp Diseases in Bangladesh/Root/Annotated Diseased Shrimp Images/Annotated Diseased Shrimp Images/4. WSSV_BG/labels/WSSV_BG-33-img-2.txt,10,"0,1",WSSV_BG,WSSV_BG-33-img-2,2048
1.0,"0,1",WSSV_BG,WSSV_BG-33-img-3.jpg,225.9013671875,2048,/home/drnguyenvinh/notebooks/shrimp_dataset_eda_label_model_analysis_v1/kaggle_raw/shrimpdiseaseimagebd/ShrimpDiseaseImageBD An Image Dataset for Computer Vision-Based Detection of Shrimp Diseases in Bangladesh/Root/Annotated Diseased Shrimp Images/Annotated Diseased Shrimp Images/4. WSSV_BG/images/WSSV_BG-33-img-3.jpg,/home/drnguyenvinh/notebooks/shrimp_dataset_eda_label_model_analysis_v1/kaggle_raw/shrimpdiseaseimagebd/ShrimpDiseaseImageBD An Image Dataset for Computer Vision-Based Detection of Shrimp Diseases in Bangladesh/Root/Annotated Diseased Shrimp Images/Annotated Diseased Shrimp Images/4. WSSV_BG/labels/WSSV_BG-33-img-3.txt,14,"0,1",WSSV_BG,WSSV_BG-33-img-3,2048
1.0,"0,1",WSSV_BG,WSSV_BG-34-img-1.jpg,208.7724609375,2048,/home/drnguyenvinh/notebooks/shrimp_dataset_eda_label_model_analysis_v1/kaggle_raw/shrimpdiseaseimagebd/ShrimpDiseaseImageBD An Image Dataset for Computer Vision-Based Detection of Shrimp Diseases in Bangladesh/Root/Annotated Diseased Shrimp Images/Annotated Diseased Shrimp Images/4. WSSV_BG/images/WSSV_BG-34-img-1.jpg,/home/drnguyenvinh/notebooks/shrimp_dataset_eda_label_model_analysis_v1/kaggle_raw/shrimpdiseaseimagebd/ShrimpDiseaseImageBD An Image Dataset for Computer Vision-Based Detection of Shrimp Diseases in Bangladesh/Root/Annotated Diseased Shrimp Images/Annotated Diseased Shrimp Images/4. WSSV_BG/labels/WSSV_BG-34-img-1.txt,7,"0,1",WSSV_BG,WSSV_BG-34-img-1,2048
1.0,"0,1",WSSV_BG,WSSV_BG-34-img-2.jpg,227.4140625,2048,/home/drnguyenvinh/notebooks/shrimp_dataset_eda_label_model_analysis_v1/kaggle_raw/shrimpdiseaseimagebd/ShrimpDiseaseImageBD An Image Dataset for Computer Vision-Based Detection of Shrimp Diseases in Bangladesh/Root/Annotated Diseased Shrimp Images/Annotated Diseased Shrimp Images/4. WSSV_BG/images/WSSV_BG-34-img-2.jpg,/home/drnguyenvinh/notebooks/shrimp_dataset_eda_label_model_analysis_v1/kaggle_raw/shrimpdiseaseimagebd/ShrimpDiseaseImageBD An Image Dataset for Computer Vision-Based Detection of Shrimp Diseases in Bangladesh/Root/Annotated Diseased Shrimp Images/Annotated Diseased Shrimp Images/4. WSSV_BG/labels/WSSV_BG-34-img-2.txt,5,"0,1",WSSV_BG,WSSV_BG-34-img-2,2048
1.0,"0,1",WSSV_BG,WSSV_BG-34-img-3.jpg,188.1416015625,2048,/home/drnguyenvinh/notebooks/shrimp_dataset_eda_label_model_analysis_v1/kaggle_raw/shrimpdiseaseimagebd/ShrimpDiseaseImageBD An Image Dataset for Computer Vision-Based Detection of Shrimp Diseases in Bangladesh/Root/Annotated Diseased Shrimp Images/Annotated Diseased Shrimp Images/4. WSSV_BG/images/WSSV_BG-34-img-3.jpg,/home/drnguyenvinh/notebooks/shrimp_dataset_eda_label_model_analysis_v1/kaggle_raw/shrimpdiseaseimagebd/ShrimpDiseaseImageBD An Image Dataset for Computer Vision-Based Detection of Shrimp Diseases in Bangladesh/Root/Annotated Diseased Shrimp Images/Annotated Diseased Shrimp Images/4. WSSV_BG/labels/WSSV_BG-34-img-3.txt,8,"0,1",WSSV_BG,WSSV_BG-34-img-3,2048
1.0,"0,1",WSSV_BG,WSSV_BG-35-img-1.jpg,214.4931640625,2048,/home/drnguyenvinh/notebooks/shrimp_dataset_eda_label_model_analysis_v1/kaggle_raw/shrimpdiseaseimagebd/ShrimpDiseaseImageBD An Image Dataset for Computer Vision-Based Detection of Shrimp Diseases in Bangladesh/Root/Annotated Diseased Shrimp Images/Annotated Diseased Shrimp Images/4. WSSV_BG/images/WSSV_BG-35-img-1.jpg,/home/drnguyenvinh/notebooks/shrimp_dataset_eda_label_model_analysis_v1/kaggle_raw/shrimpdiseaseimagebd/ShrimpDiseaseImageBD An Image Dataset for Computer Vision-Based Detection of Shrimp Diseases in Bangladesh/Root/Annotated Diseased Shrimp Images/Annotated Diseased Shrimp Images/4. WSSV_BG/labels/WSSV_BG-35-img-1.txt,3,"0,1",WSSV_BG,WSSV_BG-35-img-1,2048
1.0,"0,1",WSSV_BG,WSSV_BG-35-img-2.jpg,228.0478515625,2048,/home/drnguyenvinh/notebooks/shrimp_dataset_eda_label_model_analysis_v1/kaggle_raw/shrimpdiseaseimagebd/ShrimpDiseaseImageBD An Image Dataset for Computer Vision-Based Detection of Shrimp Diseases in Bangladesh/Root/Annotated Diseased Shrimp Images/Annotated Diseased Shrimp Images/4. WSSV_BG/images/WSSV_BG-35-img-2.jpg,/home/drnguyenvinh/notebooks/shrimp_dataset_eda_label_model_analysis_v1/kaggle_raw/shrimpdiseaseimagebd/ShrimpDiseaseImageBD An Image Dataset for Computer Vision-Based Detection of Shrimp Diseases in Bangladesh/Root/Annotated Diseased Shrimp Images/Annotated Diseased Shrimp Images/4. WSSV_BG/labels/WSSV_BG-35-img-2.txt,8,"0,1",WSSV_BG,WSSV_BG-35-img-2,2048
1.0,"0,1",WSSV_BG,WSSV_BG-36-img-1.jpg,209.568359375,2048,/home/drnguyenvinh/notebooks/shrimp_dataset_eda_label_model_analysis_v1/kaggle_raw/shrimpdiseaseimagebd/ShrimpDiseaseImageBD An Image Dataset for Computer Vision-Based Detection of Shrimp Diseases in Bangladesh/Root/Annotated Diseased Shrimp Images/Annotated Diseased Shrimp Images/4. WSSV_BG/images/WSSV_BG-36-img-1.jpg,/home/drnguyenvinh/notebooks/shrimp_dataset_eda_label_model_analysis_v1/kaggle_raw/shrimpdiseaseimagebd/ShrimpDiseaseImageBD An Image Dataset for Computer Vision-Based Detection of Shrimp Diseases in Bangladesh/Root/Annotated Diseased Shrimp Images/Annotated Diseased Shrimp Images/4. WSSV_BG/labels/WSSV_BG-36-img-1.txt,6,"0,1",WSSV_BG,WSSV_BG-36-img-1,2048
1.0,"0,1",WSSV_BG,WSSV_BG-36-img-2.jpg,189.767578125,2048,/home/drnguyenvinh/notebooks/shrimp_dataset_eda_label_model_analysis_v1/kaggle_raw/shrimpdiseaseimagebd/ShrimpDiseaseImageBD An Image Dataset for Computer Vision-Based Detection of Shrimp Diseases in Bangladesh/Root/Annotated Diseased Shrimp Images/Annotated Diseased Shrimp Images/4. WSSV_BG/images/WSSV_BG-36-img-2.jpg,/home/drnguyenvinh/notebooks/shrimp_dataset_eda_label_model_analysis_v1/kaggle_raw/shrimpdiseaseimagebd/ShrimpDiseaseImageBD An Image Dataset for Computer Vision-Based Detection of Shrimp Diseases in Bangladesh/Root/Annotated Diseased Shrimp Images/Annotated Diseased Shrimp Images/4. WSSV_BG/labels/WSSV_BG-36-img-2.txt,7,"0,1",WSSV_BG,WSSV_BG-36-img-2,2048
1.0,"0,1",WSSV_BG,WSSV_BG-36-img-3.jpg,213.2314453125,2048,/home/drnguyenvinh/notebooks/shrimp_dataset_eda_label_model_analysis_v1/kaggle_raw/shrimpdiseaseimagebd/ShrimpDiseaseImageBD An Image Dataset for Computer Vision-Based Detection of Shrimp Diseases in Bangladesh/Root/Annotated Diseased Shrimp Images/Annotated Diseased Shrimp Images/4. WSSV_BG/images/WSSV_BG-36-img-3.jpg,/home/drnguyenvinh/notebooks/shrimp_dataset_eda_label_model_analysis_v1/kaggle_raw/shrimpdiseaseimagebd/ShrimpDiseaseImageBD An Image Dataset for Computer Vision-Based Detection of Shrimp Diseases in Bangladesh/Root/Annotated Diseased Shrimp Images/Annotated Diseased Shrimp Images/4. WSSV_BG/labels/WSSV_BG-36-img-3.txt,7,"0,1",WSSV_BG,WSSV_BG-36-img-3,2048
1.0,"0,1",WSSV_BG,WSSV_BG-37-img-1.jpg,204.546875,2048,/home/drnguyenvinh/notebooks/shrimp_dataset_eda_label_model_analysis_v1/kaggle_raw/shrimpdiseaseimagebd/ShrimpDiseaseImageBD An Image Dataset for Computer Vision-Based Detection of Shrimp Diseases in Bangladesh/Root/Annotated Diseased Shrimp Images/Annotated Diseased Shrimp Images/4. WSSV_BG/images/WSSV_BG-37-img-1.jpg,/home/drnguyenvinh/notebooks/shrimp_dataset_eda_label_model_analysis_v1/kaggle_raw/shrimpdiseaseimagebd/ShrimpDiseaseImageBD An Image Dataset for Computer Vision-Based Detection of Shrimp Diseases in Bangladesh/Root/Annotated Diseased Shrimp Images/Annotated Diseased Shrimp Images/4. WSSV_BG/labels/WSSV_BG-37-img-1.txt,5,"0,1",WSSV_BG,WSSV_BG-37-img-1,2048
1.0,"0,1",WSSV_BG,WSSV_BG-37-img-2.jpg,230.3603515625,2048,/home/drnguyenvinh/notebooks/shrimp_dataset_eda_label_model_analysis_v1/kaggle_raw/shrimpdiseaseimagebd/ShrimpDiseaseImageBD An Image Dataset for Computer Vision-Based Detection of Shrimp Diseases in Bangladesh/Root/Annotated Diseased Shrimp Images/Annotated Diseased Shrimp Images/4. WSSV_BG/images/WSSV_BG-37-img-2.jpg,/home/drnguyenvinh/notebooks/shrimp_dataset_eda_label_model_analysis_v1/kaggle_raw/shrimpdiseaseimagebd/ShrimpDiseaseImageBD An Image Dataset for Computer Vision-Based Detection of Shrimp Diseases in Bangladesh/Root/Annotated Diseased Shrimp Images/Annotated Diseased Shrimp Images/4. WSSV_BG/labels/WSSV_BG-37-img-2.txt,7,"0,1",WSSV_BG,WSSV_BG-37-img-2,2048
1.0,"0,1",WSSV_BG,WSSV_BG-37-img-3.jpg,219.521484375,2048,/home/drnguyenvinh/notebooks/shrimp_dataset_eda_label_model_analysis_v1/kaggle_raw/shrimpdiseaseimagebd/ShrimpDiseaseImageBD An Image Dataset for Computer Vision-Based Detection of Shrimp Diseases in Bangladesh/Root/Annotated Diseased Shrimp Images/Annotated Diseased Shrimp Images/4. WSSV_BG/images/WSSV_BG-37-img-3.jpg,/home/drnguyenvinh/notebooks/shrimp_dataset_eda_label_model_analysis_v1/kaggle_raw/shrimpdiseaseimagebd/ShrimpDiseaseImageBD An Image Dataset for Computer Vision-Based Detection of Shrimp Diseases in Bangladesh/Root/Annotated Diseased Shrimp Images/Annotated Diseased Shrimp Images/4. WSSV_BG/labels/WSSV_BG-37-img-3.txt,8,"0,1",WSSV_BG,WSSV_BG-37-img-3,2048
1.0,"0,1",WSSV_BG,WSSV_BG-38-img-1.jpg,159.4658203125,2048,/home/drnguyenvinh/notebooks/shrimp_dataset_eda_label_model_analysis_v1/kaggle_raw/shrimpdiseaseimagebd/ShrimpDiseaseImageBD An Image Dataset for Computer Vision-Based Detection of Shrimp Diseases in Bangladesh/Root/Annotated Diseased Shrimp Images/Annotated Diseased Shrimp Images/4. WSSV_BG/images/WSSV_BG-38-img-1.jpg,/home/drnguyenvinh/notebooks/shrimp_dataset_eda_label_model_analysis_v1/kaggle_raw/shrimpdiseaseimagebd/ShrimpDiseaseImageBD An Image Dataset for Computer Vision-Based Detection of Shrimp Diseases in Bangladesh/Root/Annotated Diseased Shrimp Images/Annotated Diseased Shrimp Images/4. WSSV_BG/labels/WSSV_BG-38-img-1.txt,5,"0,1",WSSV_BG,WSSV_BG-38-img-1,2048
1.0,"0,1",WSSV_BG,WSSV_BG-38-img-2.jpg,161.5390625,2048,/home/drnguyenvinh/notebooks/shrimp_dataset_eda_label_model_analysis_v1/kaggle_raw/shrimpdiseaseimagebd/ShrimpDiseaseImageBD An Image Dataset for Computer Vision-Based Detection of Shrimp Diseases in Bangladesh/Root/Annotated Diseased Shrimp Images/Annotated Diseased Shrimp Images/4. WSSV_BG/images/WSSV_BG-38-img-2.jpg,/home/drnguyenvinh/notebooks/shrimp_dataset_eda_label_model_analysis_v1/kaggle_raw/shrimpdiseaseimagebd/ShrimpDiseaseImageBD An Image Dataset for Computer Vision-Based Detection of Shrimp Diseases in Bangladesh/Root/Annotated Diseased Shrimp Images/Annotated Diseased Shrimp Images/4. WSSV_BG/labels/WSSV_BG-38-img-2.txt,13,"0,1",WSSV_BG,WSSV_BG-38-img-2,2048
1.0,"0,1",WSSV_BG,WSSV_BG-38-img-3.jpg,256.1259765625,2048,/home/drnguyenvinh/notebooks/shrimp_dataset_eda_label_model_analysis_v1/kaggle_raw/shrimpdiseaseimagebd/ShrimpDiseaseImageBD An Image Dataset for Computer Vision-Based Detection of Shrimp Diseases in Bangladesh/Root/Annotated Diseased Shrimp Images/Annotated Diseased Shrimp Images/4. WSSV_BG/images/WSSV_BG-38-img-3.jpg,/home/drnguyenvinh/notebooks/shrimp_dataset_eda_label_model_analysis_v1/kaggle_raw/shrimpdiseaseimagebd/ShrimpDiseaseImageBD An Image Dataset for Computer Vision-Based Detection of Shrimp Diseases in Bangladesh/Root/Annotated Diseased Shrimp Images/Annotated Diseased Shrimp Images/4. WSSV_BG/labels/WSSV_BG-38-img-3.txt,10,"0,1",WSSV_BG,WSSV_BG-38-img-3,2048
1.0,"0,1",WSSV_BG,WSSV_BG-39-img-1.jpg,195.732421875,2048,/home/drnguyenvinh/notebooks/shrimp_dataset_eda_label_model_analysis_v1/kaggle_raw/shrimpdiseaseimagebd/ShrimpDiseaseImageBD An Image Dataset for Computer Vision-Based Detection of Shrimp Diseases in Bangladesh/Root/Annotated Diseased Shrimp Images/Annotated Diseased Shrimp Images/4. WSSV_BG/images/WSSV_BG-39-img-1.jpg,/home/drnguyenvinh/notebooks/shrimp_dataset_eda_label_model_analysis_v1/kaggle_raw/shrimpdiseaseimagebd/ShrimpDiseaseImageBD An Image Dataset for Computer Vision-Based Detection of Shrimp Diseases in Bangladesh/Root/Annotated Diseased Shrimp Images/Annotated Diseased Shrimp Images/4. WSSV_BG/labels/WSSV_BG-39-img-1.txt,8,"0,1",WSSV_BG,WSSV_BG-39-img-1,2048
1.0,"0,1",WSSV_BG,WSSV_BG-39-img-2.jpg,215.74609375,2048,/home/drnguyenvinh/notebooks/shrimp_dataset_eda_label_model_analysis_v1/kaggle_raw/shrimpdiseaseimagebd/ShrimpDiseaseImageBD An Image Dataset for Computer Vision-Based Detection of Shrimp Diseases in Bangladesh/Root/Annotated Diseased Shrimp Images/Annotated Diseased Shrimp Images/4. WSSV_BG/images/WSSV_BG-39-img-2.jpg,/home/drnguyenvinh/notebooks/shrimp_dataset_eda_label_model_analysis_v1/kaggle_raw/shrimpdiseaseimagebd/ShrimpDiseaseImageBD An Image Dataset for Computer Vision-Based Detection of Shrimp Diseases in Bangladesh/Root/Annotated Diseased Shrimp Images/Annotated Diseased Shrimp Images/4. WSSV_BG/labels/WSSV_BG-39-img-2.txt,8,"0,1",WSSV_BG,WSSV_BG-39-img-2,2048
1.0,"0,1",WSSV_BG,WSSV_BG-4-img-1.jpg,761.8662109375,2048,/home/drnguyenvinh/notebooks/shrimp_dataset_eda_label_model_analysis_v1/kaggle_raw/shrimpdiseaseimagebd/ShrimpDiseaseImageBD An Image Dataset for Computer Vision-Based Detection of Shrimp Diseases in Bangladesh/Root/Annotated Diseased Shrimp Images/Annotated Diseased Shrimp Images/4. WSSV_BG/images/WSSV_BG-4-img-1.jpg,/home/drnguyenvinh/notebooks/shrimp_dataset_eda_label_model_analysis_v1/kaggle_raw/shrimpdiseaseimagebd/ShrimpDiseaseImageBD An Image Dataset for Computer Vision-Based Detection of Shrimp Diseases in Bangladesh/Root/Annotated Diseased Shrimp Images/Annotated Diseased Shrimp Images/4. WSSV_BG/labels/WSSV_BG-4-img-1.txt,9,"0,1",WSSV_BG,WSSV_BG-4-img-1,2048
1.0,"0,1",WSSV_BG,WSSV_BG-4-img-2.jpg,848.7978515625,2048,/home/drnguyenvinh/notebooks/shrimp_dataset_eda_label_model_analysis_v1/kaggle_raw/shrimpdiseaseimagebd/ShrimpDiseaseImageBD An Image Dataset for Computer Vision-Based Detection of Shrimp Diseases in Bangladesh/Root/Annotated Diseased Shrimp Images/Annotated Diseased Shrimp Images/4. WSSV_BG/images/WSSV_BG-4-img-2.jpg,/home/drnguyenvinh/notebooks/shrimp_dataset_eda_label_model_analysis_v1/kaggle_raw/shrimpdiseaseimagebd/ShrimpDiseaseImageBD An Image Dataset for Computer Vision-Based Detection of Shrimp Diseases in Bangladesh/Root/Annotated Diseased Shrimp Images/Annotated Diseased Shrimp Images/4. WSSV_BG/labels/WSSV_BG-4-img-2.txt,9,"0,1",WSSV_BG,WSSV_BG-4-img-2,2048
1.0,"0,1",WSSV_BG,WSSV_BG-4-img-3.jpg,868.27734375,2048,/home/drnguyenvinh/notebooks/shrimp_dataset_eda_label_model_analysis_v1/kaggle_raw/shrimpdiseaseimagebd/ShrimpDiseaseImageBD An Image Dataset for Computer Vision-Based Detection of Shrimp Diseases in Bangladesh/Root/Annotated Diseased Shrimp Images/Annotated Diseased Shrimp Images/4. WSSV_BG/images/WSSV_BG-4-img-3.jpg,/home/drnguyenvinh/notebooks/shrimp_dataset_eda_label_model_analysis_v1/kaggle_raw/shrimpdiseaseimagebd/ShrimpDiseaseImageBD An Image Dataset for Computer Vision-Based Detection of Shrimp Diseases in Bangladesh/Root/Annotated Diseased Shrimp Images/Annotated Diseased Shrimp Images/4. WSSV_BG/labels/WSSV_BG-4-img-3.txt,12,"0,1",WSSV_BG,WSSV_BG-4-img-3,2048
1.0,"0,1",WSSV_BG,WSSV_BG-40-img-1.jpg,166.4990234375,2048,/home/drnguyenvinh/notebooks/shrimp_dataset_eda_label_model_analysis_v1/kaggle_raw/shrimpdiseaseimagebd/ShrimpDiseaseImageBD An Image Dataset for Computer Vision-Based Detection of Shrimp Diseases in Bangladesh/Root/Annotated Diseased Shrimp Images/Annotated Diseased Shrimp Images/4. WSSV_BG/images/WSSV_BG-40-img-1.jpg,/home/drnguyenvinh/notebooks/shrimp_dataset_eda_label_model_analysis_v1/kaggle_raw/shrimpdiseaseimagebd/ShrimpDiseaseImageBD An Image Dataset for Computer Vision-Based Detection of Shrimp Diseases in Bangladesh/Root/Annotated Diseased Shrimp Images/Annotated Diseased Shrimp Images/4. WSSV_BG/labels/WSSV_BG-40-img-1.txt,3,"0,1",WSSV_BG,WSSV_BG-40-img-1,2048
1.0,"0,1",WSSV_BG,WSSV_BG-40-img-2.jpg,182.734375,2048,/home/drnguyenvinh/notebooks/shrimp_dataset_eda_label_model_analysis_v1/kaggle_raw/shrimpdiseaseimagebd/ShrimpDiseaseImageBD An Image Dataset for Computer Vision-Based Detection of Shrimp Diseases in Bangladesh/Root/Annotated Diseased Shrimp Images/Annotated Diseased Shrimp Images/4. WSSV_BG/images/WSSV_BG-40-img-2.jpg,/home/drnguyenvinh/notebooks/shrimp_dataset_eda_label_model_analysis_v1/kaggle_raw/shrimpdiseaseimagebd/ShrimpDiseaseImageBD An Image Dataset for Computer Vision-Based Detection of Shrimp Diseases in Bangladesh/Root/Annotated Diseased Shrimp Images/Annotated Diseased Shrimp Images/4. WSSV_BG/labels/WSSV_BG-40-img-2.txt,7,"0,1",WSSV_BG,WSSV_BG-40-img-2,2048
1.0,"0,1",WSSV_BG,WSSV_BG-40-img-3.jpg,173.779296875,2048,/home/drnguyenvinh/notebooks/shrimp_dataset_eda_label_model_analysis_v1/kaggle_raw/shrimpdiseaseimagebd/ShrimpDiseaseImageBD An Image Dataset for Computer Vision-Based Detection of Shrimp Diseases in Bangladesh/Root/Annotated Diseased Shrimp Images/Annotated Diseased Shrimp Images/4. WSSV_BG/images/WSSV_BG-40-img-3.jpg,/home/drnguyenvinh/notebooks/shrimp_dataset_eda_label_model_analysis_v1/kaggle_raw/shrimpdiseaseimagebd/ShrimpDiseaseImageBD An Image Dataset for Computer Vision-Based Detection of Shrimp Diseases in Bangladesh/Root/Annotated Diseased Shrimp Images/Annotated Diseased Shrimp Images/4. WSSV_BG/labels/WSSV_BG-40-img-3.txt,8,"0,1",WSSV_BG,WSSV_BG-40-img-3,2048
1.0,"0,1",WSSV_BG,WSSV_BG-41-img-1.jpg,187.3564453125,2048,/home/drnguyenvinh/notebooks/shrimp_dataset_eda_label_model_analysis_v1/kaggle_raw/shrimpdiseaseimagebd/ShrimpDiseaseImageBD An Image Dataset for Computer Vision-Based Detection of Shrimp Diseases in Bangladesh/Root/Annotated Diseased Shrimp Images/Annotated Diseased Shrimp Images/4. WSSV_BG/images/WSSV_BG-41-img-1.jpg,/home/drnguyenvinh/notebooks/shrimp_dataset_eda_label_model_analysis_v1/kaggle_raw/shrimpdiseaseimagebd/ShrimpDiseaseImageBD An Image Dataset for Computer Vision-Based Detection of Shrimp Diseases in Bangladesh/Root/Annotated Diseased Shrimp Images/Annotated Diseased Shrimp Images/4. WSSV_BG/labels/WSSV_BG-41-img-1.txt,7,"0,1",WSSV_BG,WSSV_BG-41-img-1,2048
1.0,"0,1",WSSV_BG,WSSV_BG-41-img-2.jpg,211.5439453125,2048,/home/drnguyenvinh/notebooks/shrimp_dataset_eda_label_model_analysis_v1/kaggle_raw/shrimpdiseaseimagebd/ShrimpDiseaseImageBD An Image Dataset for Computer Vision-Based Detection of Shrimp Diseases in Bangladesh/Root/Annotated Diseased Shrimp Images/Annotated Diseased Shrimp Images/4. WSSV_BG/images/WSSV_BG-41-img-2.jpg,/home/drnguyenvinh/notebooks/shrimp_dataset_eda_label_model_analysis_v1/kaggle_raw/shrimpdiseaseimagebd/ShrimpDiseaseImageBD An Image Dataset for Computer Vision-Based Detection of Shrimp Diseases in Bangladesh/Root/Annotated Diseased Shrimp Images/Annotated Diseased Shrimp Images/4. WSSV_BG/labels/WSSV_BG-41-img-2.txt,8,"0,1",WSSV_BG,WSSV_BG-41-img-2,2048
1.0,"0,1",WSSV_BG,WSSV_BG-41-img-3.jpg,233.5361328125,2048,/home/drnguyenvinh/notebooks/shrimp_dataset_eda_label_model_analysis_v1/kaggle_raw/shrimpdiseaseimagebd/ShrimpDiseaseImageBD An Image Dataset for Computer Vision-Based Detection of Shrimp Diseases in Bangladesh/Root/Annotated Diseased Shrimp Images/Annotated Diseased Shrimp Images/4. WSSV_BG/images/WSSV_BG-41-img-3.jpg,/home/drnguyenvinh/notebooks/shrimp_dataset_eda_label_model_analysis_v1/kaggle_raw/shrimpdiseaseimagebd/ShrimpDiseaseImageBD An Image Dataset for Computer Vision-Based Detection of Shrimp Diseases in Bangladesh/Root/Annotated Diseased Shrimp Images/Annotated Diseased Shrimp Images/4. WSSV_BG/labels/WSSV_BG-41-img-3.txt,2,"0,1",WSSV_BG,WSSV_BG-41-img-3,2048
1.0,0,BG,WSSV_BG-42-img-1.jpg,170.7626953125,2048,/home/drnguyenvinh/notebooks/shrimp_dataset_eda_label_model_analysis_v1/kaggle_raw/shrimpdiseaseimagebd/ShrimpDiseaseImageBD An Image Dataset for Computer Vision-Based Detection of Shrimp Diseases in Bangladesh/Root/Annotated Diseased Shrimp Images/Annotated Diseased Shrimp Images/4. WSSV_BG/images/WSSV_BG-42-img-1.jpg,/home/drnguyenvinh/notebooks/shrimp_dataset_eda_label_model_analysis_v1/kaggle_raw/shrimpdiseaseimagebd/ShrimpDiseaseImageBD An Image Dataset for Computer Vision-Based Detection of Shrimp Diseases in Bangladesh/Root/Annotated Diseased Shrimp Images/Annotated Diseased Shrimp Images/4. WSSV_BG/labels/WSSV_BG-42-img-1.txt,2,1,WSSV_BG,WSSV_BG-42-img-1,2048
1.0,"0,1",WSSV_BG,WSSV_BG-42-img-2.jpg,214.3046875,2048,/home/drnguyenvinh/notebooks/shrimp_dataset_eda_label_model_analysis_v1/kaggle_raw/shrimpdiseaseimagebd/ShrimpDiseaseImageBD An Image Dataset for Computer Vision-Based Detection of Shrimp Diseases in Bangladesh/Root/Annotated Diseased Shrimp Images/Annotated Diseased Shrimp Images/4. WSSV_BG/images/WSSV_BG-42-img-2.jpg,/home/drnguyenvinh/notebooks/shrimp_dataset_eda_label_model_analysis_v1/kaggle_raw/shrimpdiseaseimagebd/ShrimpDiseaseImageBD An Image Dataset for Computer Vision-Based Detection of Shrimp Diseases in Bangladesh/Root/Annotated Diseased Shrimp Images/Annotated Diseased Shrimp Images/4. WSSV_BG/labels/WSSV_BG-42-img-2.txt,9,"0,1",WSSV_BG,WSSV_BG-42-img-2,2048
1.0,"0,1",WSSV_BG,WSSV_BG-42-img-3.jpg,192.5849609375,2048,/home/drnguyenvinh/notebooks/shrimp_dataset_eda_label_model_analysis_v1/kaggle_raw/shrimpdiseaseimagebd/ShrimpDiseaseImageBD An Image Dataset for Computer Vision-Based Detection of Shrimp Diseases in Bangladesh/Root/Annotated Diseased Shrimp Images/Annotated Diseased Shrimp Images/4. WSSV_BG/images/WSSV_BG-42-img-3.jpg,/home/drnguyenvinh/notebooks/shrimp_dataset_eda_label_model_analysis_v1/kaggle_raw/shrimpdiseaseimagebd/ShrimpDiseaseImageBD An Image Dataset for Computer Vision-Based Detection of Shrimp Diseases in Bangladesh/Root/Annotated Diseased Shrimp Images/Annotated Diseased Shrimp Images/4. WSSV_BG/labels/WSSV_BG-42-img-3.txt,7,"0,1",WSSV_BG,WSSV_BG-42-img-3,2048
1.0,"0,1",WSSV_BG,WSSV_BG-43-img-1.jpg,179.021484375,2048,/home/drnguyenvinh/notebooks/shrimp_dataset_eda_label_model_analysis_v1/kaggle_raw/shrimpdiseaseimagebd/ShrimpDiseaseImageBD An Image Dataset for Computer Vision-Based Detection of Shrimp Diseases in Bangladesh/Root/Annotated Diseased Shrimp Images/Annotated Diseased Shrimp Images/4. WSSV_BG/images/WSSV_BG-43-img-1.jpg,/home/drnguyenvinh/notebooks/shrimp_dataset_eda_label_model_analysis_v1/kaggle_raw/shrimpdiseaseimagebd/ShrimpDiseaseImageBD An Image Dataset for Computer Vision-Based Detection of Shrimp Diseases in Bangladesh/Root/Annotated Diseased Shrimp Images/Annotated Diseased Shrimp Images/4. WSSV_BG/labels/WSSV_BG-43-img-1.txt,8,"0,1",WSSV_BG,WSSV_BG-43-img-1,2048
1.0,"0,1",WSSV_BG,WSSV_BG-43-img-2.jpg,194.9716796875,2048,/home/drnguyenvinh/notebooks/shrimp_dataset_eda_label_model_analysis_v1/kaggle_raw/shrimpdiseaseimagebd/ShrimpDiseaseImageBD An Image Dataset for Computer Vision-Based Detection of Shrimp Diseases in Bangladesh/Root/Annotated Diseased Shrimp Images/Annotated Diseased Shrimp Images/4. WSSV_BG/images/WSSV_BG-43-img-2.jpg,/home/drnguyenvinh/notebooks/shrimp_dataset_eda_label_model_analysis_v1/kaggle_raw/shrimpdiseaseimagebd/ShrimpDiseaseImageBD An Image Dataset for Computer Vision-Based Detection of Shrimp Diseases in Bangladesh/Root/Annotated Diseased Shrimp Images/Annotated Diseased Shrimp Images/4. WSSV_BG/labels/WSSV_BG-43-img-2.txt,7,"0,1",WSSV_BG,WSSV_BG-43-img-2,2048
1.0,"0,1",WSSV_BG,WSSV_BG-44-img-1.jpg,181.9111328125,2048,/home/drnguyenvinh/notebooks/shrimp_dataset_eda_label_model_analysis_v1/kaggle_raw/shrimpdiseaseimagebd/ShrimpDiseaseImageBD An Image Dataset for Computer Vision-Based Detection of Shrimp Diseases in Bangladesh/Root/Annotated Diseased Shrimp Images/Annotated Diseased Shrimp Images/4. WSSV_BG/images/WSSV_BG-44-img-1.jpg,/home/drnguyenvinh/notebooks/shrimp_dataset_eda_label_model_analysis_v1/kaggle_raw/shrimpdiseaseimagebd/ShrimpDiseaseImageBD An Image Dataset for Computer Vision-Based Detection of Shrimp Diseases in Bangladesh/Root/Annotated Diseased Shrimp Images/Annotated Diseased Shrimp Images/4. WSSV_BG/labels/WSSV_BG-44-img-1.txt,4,"0,1",WSSV_BG,WSSV_BG-44-img-1,2048
1.0,"0,1",WSSV_BG,WSSV_BG-44-img-2.jpg,196.1611328125,2048,/home/drnguyenvinh/notebooks/shrimp_dataset_eda_label_model_analysis_v1/kaggle_raw/shrimpdiseaseimagebd/ShrimpDiseaseImageBD An Image Dataset for Computer Vision-Based Detection of Shrimp Diseases in Bangladesh/Root/Annotated Diseased Shrimp Images/Annotated Diseased Shrimp Images/4. WSSV_BG/images/WSSV_BG-44-img-2.jpg,/home/drnguyenvinh/notebooks/shrimp_dataset_eda_label_model_analysis_v1/kaggle_raw/shrimpdiseaseimagebd/ShrimpDiseaseImageBD An Image Dataset for Computer Vision-Based Detection of Shrimp Diseases in Bangladesh/Root/Annotated Diseased Shrimp Images/Annotated Diseased Shrimp Images/4. WSSV_BG/labels/WSSV_BG-44-img-2.txt,5,"0,1",WSSV_BG,WSSV_BG-44-img-2,2048
1.0,"0,1",WSSV_BG,WSSV_BG-45-img-1.jpg,197.2431640625,2048,/home/drnguyenvinh/notebooks/shrimp_dataset_eda_label_model_analysis_v1/kaggle_raw/shrimpdiseaseimagebd/ShrimpDiseaseImageBD An Image Dataset for Computer Vision-Based Detection of Shrimp Diseases in Bangladesh/Root/Annotated Diseased Shrimp Images/Annotated Diseased Shrimp Images/4. WSSV_BG/images/WSSV_BG-45-img-1.jpg,/home/drnguyenvinh/notebooks/shrimp_dataset_eda_label_model_analysis_v1/kaggle_raw/shrimpdiseaseimagebd/ShrimpDiseaseImageBD An Image Dataset for Computer Vision-Based Detection of Shrimp Diseases in Bangladesh/Root/Annotated Diseased Shrimp Images/Annotated Diseased Shrimp Images/4. WSSV_BG/labels/WSSV_BG-45-img-1.txt,9,"0,1",WSSV_BG,WSSV_BG-45-img-1,2048
1.0,"0,1",WSSV_BG,WSSV_BG-45-img-2.jpg,196.6728515625,2048,/home/drnguyenvinh/notebooks/shrimp_dataset_eda_label_model_analysis_v1/kaggle_raw/shrimpdiseaseimagebd/ShrimpDiseaseImageBD An Image Dataset for Computer Vision-Based Detection of Shrimp Diseases in Bangladesh/Root/Annotated Diseased Shrimp Images/Annotated Diseased Shrimp Images/4. WSSV_BG/images/WSSV_BG-45-img-2.jpg,/home/drnguyenvinh/notebooks/shrimp_dataset_eda_label_model_analysis_v1/kaggle_raw/shrimpdiseaseimagebd/ShrimpDiseaseImageBD An Image Dataset for Computer Vision-Based Detection of Shrimp Diseases in Bangladesh/Root/Annotated Diseased Shrimp Images/Annotated Diseased Shrimp Images/4. WSSV_BG/labels/WSSV_BG-45-img-2.txt,5,"0,1",WSSV_BG,WSSV_BG-45-img-2,2048
1.0,"0,1",WSSV_BG,WSSV_BG-46-img-1.jpg,234.515625,2048,/home/drnguyenvinh/notebooks/shrimp_dataset_eda_label_model_analysis_v1/kaggle_raw/shrimpdiseaseimagebd/ShrimpDiseaseImageBD An Image Dataset for Computer Vision-Based Detection of Shrimp Diseases in Bangladesh/Root/Annotated Diseased Shrimp Images/Annotated Diseased Shrimp Images/4. WSSV_BG/images/WSSV_BG-46-img-1.jpg,/home/drnguyenvinh/notebooks/shrimp_dataset_eda_label_model_analysis_v1/kaggle_raw/shrimpdiseaseimagebd/ShrimpDiseaseImageBD An Image Dataset for Computer Vision-Based Detection of Shrimp Diseases in Bangladesh/Root/Annotated Diseased Shrimp Images/Annotated Diseased Shrimp Images/4. WSSV_BG/labels/WSSV_BG-46-img-1.txt,8,"0,1",WSSV_BG,WSSV_BG-46-img-1,2048
1.0,"0,1",WSSV_BG,WSSV_BG-46-img-2.jpg,198.8134765625,2048,/home/drnguyenvinh/notebooks/shrimp_dataset_eda_label_model_analysis_v1/kaggle_raw/shrimpdiseaseimagebd/ShrimpDiseaseImageBD An Image Dataset for Computer Vision-Based Detection of Shrimp Diseases in Bangladesh/Root/Annotated Diseased Shrimp Images/Annotated Diseased Shrimp Images/4. WSSV_BG/images/WSSV_BG-46-img-2.jpg,/home/drnguyenvinh/notebooks/shrimp_dataset_eda_label_model_analysis_v1/kaggle_raw/shrimpdiseaseimagebd/ShrimpDiseaseImageBD An Image Dataset for Computer Vision-Based Detection of Shrimp Diseases in Bangladesh/Root/Annotated Diseased Shrimp Images/Annotated Diseased Shrimp Images/4. WSSV_BG/labels/WSSV_BG-46-img-2.txt,6,"0,1",WSSV_BG,WSSV_BG-46-img-2,2048
1.0,"0,1",WSSV_BG,WSSV_BG-46-img-3.jpg,184.24609375,2048,/home/drnguyenvinh/notebooks/shrimp_dataset_eda_label_model_analysis_v1/kaggle_raw/shrimpdiseaseimagebd/ShrimpDiseaseImageBD An Image Dataset for Computer Vision-Based Detection of Shrimp Diseases in Bangladesh/Root/Annotated Diseased Shrimp Images/Annotated Diseased Shrimp Images/4. WSSV_BG/images/WSSV_BG-46-img-3.jpg,/home/drnguyenvinh/notebooks/shrimp_dataset_eda_label_model_analysis_v1/kaggle_raw/shrimpdiseaseimagebd/ShrimpDiseaseImageBD An Image Dataset for Computer Vision-Based Detection of Shrimp Diseases in Bangladesh/Root/Annotated Diseased Shrimp Images/Annotated Diseased Shrimp Images/4. WSSV_BG/labels/WSSV_BG-46-img-3.txt,6,"0,1",WSSV_BG,WSSV_BG-46-img-3,2048
1.0,"0,1",WSSV_BG,WSSV_BG-47-img-1.jpg,201.328125,2048,/home/drnguyenvinh/notebooks/shrimp_dataset_eda_label_model_analysis_v1/kaggle_raw/shrimpdiseaseimagebd/ShrimpDiseaseImageBD An Image Dataset for Computer Vision-Based Detection of Shrimp Diseases in Bangladesh/Root/Annotated Diseased Shrimp Images/Annotated Diseased Shrimp Images/4. WSSV_BG/images/WSSV_BG-47-img-1.jpg,/home/drnguyenvinh/notebooks/shrimp_dataset_eda_label_model_analysis_v1/kaggle_raw/shrimpdiseaseimagebd/ShrimpDiseaseImageBD An Image Dataset for Computer Vision-Based Detection of Shrimp Diseases in Bangladesh/Root/Annotated Diseased Shrimp Images/Annotated Diseased Shrimp Images/4. WSSV_BG/labels/WSSV_BG-47-img-1.txt,11,"0,1",WSSV_BG,WSSV_BG-47-img-1,2048
1.0,"0,1",WSSV_BG,WSSV_BG-47-img-2.jpg,194.5625,2048,/home/drnguyenvinh/notebooks/shrimp_dataset_eda_label_model_analysis_v1/kaggle_raw/shrimpdiseaseimagebd/ShrimpDiseaseImageBD An Image Dataset for Computer Vision-Based Detection of Shrimp Diseases in Bangladesh/Root/Annotated Diseased Shrimp Images/Annotated Diseased Shrimp Images/4. WSSV_BG/images/WSSV_BG-47-img-2.jpg,/home/drnguyenvinh/notebooks/shrimp_dataset_eda_label_model_analysis_v1/kaggle_raw/shrimpdiseaseimagebd/ShrimpDiseaseImageBD An Image Dataset for Computer Vision-Based Detection of Shrimp Diseases in Bangladesh/Root/Annotated Diseased Shrimp Images/Annotated Diseased Shrimp Images/4. WSSV_BG/labels/WSSV_BG-47-img-2.txt,8,"0,1",WSSV_BG,WSSV_BG-47-img-2,2048
1.0,"0,1",WSSV_BG,WSSV_BG-47-img-3.jpg,198.05859375,2048,/home/drnguyenvinh/notebooks/shrimp_dataset_eda_label_model_analysis_v1/kaggle_raw/shrimpdiseaseimagebd/ShrimpDiseaseImageBD An Image Dataset for Computer Vision-Based Detection of Shrimp Diseases in Bangladesh/Root/Annotated Diseased Shrimp Images/Annotated Diseased Shrimp Images/4. WSSV_BG/images/WSSV_BG-47-img-3.jpg,/home/drnguyenvinh/notebooks/shrimp_dataset_eda_label_model_analysis_v1/kaggle_raw/shrimpdiseaseimagebd/ShrimpDiseaseImageBD An Image Dataset for Computer Vision-Based Detection of Shrimp Diseases in Bangladesh/Root/Annotated Diseased Shrimp Images/Annotated Diseased Shrimp Images/4. WSSV_BG/labels/WSSV_BG-47-img-3.txt,10,"0,1",WSSV_BG,WSSV_BG-47-img-3,2048
1.0,"0,1",WSSV_BG,WSSV_BG-48-img-1.jpg,198.71875,2048,/home/drnguyenvinh/notebooks/shrimp_dataset_eda_label_model_analysis_v1/kaggle_raw/shrimpdiseaseimagebd/ShrimpDiseaseImageBD An Image Dataset for Computer Vision-Based Detection of Shrimp Diseases in Bangladesh/Root/Annotated Diseased Shrimp Images/Annotated Diseased Shrimp Images/4. WSSV_BG/images/WSSV_BG-48-img-1.jpg,/home/drnguyenvinh/notebooks/shrimp_dataset_eda_label_model_analysis_v1/kaggle_raw/shrimpdiseaseimagebd/ShrimpDiseaseImageBD An Image Dataset for Computer Vision-Based Detection of Shrimp Diseases in Bangladesh/Root/Annotated Diseased Shrimp Images/Annotated Diseased Shrimp Images/4. WSSV_BG/labels/WSSV_BG-48-img-1.txt,9,"0,1",WSSV_BG,WSSV_BG-48-img-1,2048
1.0,"0,1",WSSV_BG,WSSV_BG-48-img-2.jpg,239.5205078125,2048,/home/drnguyenvinh/notebooks/shrimp_dataset_eda_label_model_analysis_v1/kaggle_raw/shrimpdiseaseimagebd/ShrimpDiseaseImageBD An Image Dataset for Computer Vision-Based Detection of Shrimp Diseases in Bangladesh/Root/Annotated Diseased Shrimp Images/Annotated Diseased Shrimp Images/4. WSSV_BG/images/WSSV_BG-48-img-2.jpg,/home/drnguyenvinh/notebooks/shrimp_dataset_eda_label_model_analysis_v1/kaggle_raw/shrimpdiseaseimagebd/ShrimpDiseaseImageBD An Image Dataset for Computer Vision-Based Detection of Shrimp Diseases in Bangladesh/Root/Annotated Diseased Shrimp Images/Annotated Diseased Shrimp Images/4. WSSV_BG/labels/WSSV_BG-48-img-2.txt,20,"0,1",WSSV_BG,WSSV_BG-48-img-2,2048
1.0,"0,1",WSSV_BG,WSSV_BG-48-img-3.jpg,250.5478515625,2048,/home/drnguyenvinh/notebooks/shrimp_dataset_eda_label_model_analysis_v1/kaggle_raw/shrimpdiseaseimagebd/ShrimpDiseaseImageBD An Image Dataset for Computer Vision-Based Detection of Shrimp Diseases in Bangladesh/Root/Annotated Diseased Shrimp Images/Annotated Diseased Shrimp Images/4. WSSV_BG/images/WSSV_BG-48-img-3.jpg,/home/drnguyenvinh/notebooks/shrimp_dataset_eda_label_model_analysis_v1/kaggle_raw/shrimpdiseaseimagebd/ShrimpDiseaseImageBD An Image Dataset for Computer Vision-Based Detection of Shrimp Diseases in Bangladesh/Root/Annotated Diseased Shrimp Images/Annotated Diseased Shrimp Images/4. WSSV_BG/labels/WSSV_BG-48-img-3.txt,11,"0,1",WSSV_BG,WSSV_BG-48-img-3,2048
1.0,"0,1",WSSV_BG,WSSV_BG-49-img-1.jpg,225.9580078125,2048,/home/drnguyenvinh/notebooks/shrimp_dataset_eda_label_model_analysis_v1/kaggle_raw/shrimpdiseaseimagebd/ShrimpDiseaseImageBD An Image Dataset for Computer Vision-Based Detection of Shrimp Diseases in Bangladesh/Root/Annotated Diseased Shrimp Images/Annotated Diseased Shrimp Images/4. WSSV_BG/images/WSSV_BG-49-img-1.jpg,/home/drnguyenvinh/notebooks/shrimp_dataset_eda_label_model_analysis_v1/kaggle_raw/shrimpdiseaseimagebd/ShrimpDiseaseImageBD An Image Dataset for Computer Vision-Based Detection of Shrimp Diseases in Bangladesh/Root/Annotated Diseased Shrimp Images/Annotated Diseased Shrimp Images/4. WSSV_BG/labels/WSSV_BG-49-img-1.txt,11,"0,1",WSSV_BG,WSSV_BG-49-img-1,2048
1.0,"0,1",WSSV_BG,WSSV_BG-49-img-2.jpg,215.4560546875,2048,/home/drnguyenvinh/notebooks/shrimp_dataset_eda_label_model_analysis_v1/kaggle_raw/shrimpdiseaseimagebd/ShrimpDiseaseImageBD An Image Dataset for Computer Vision-Based Detection of Shrimp Diseases in Bangladesh/Root/Annotated Diseased Shrimp Images/Annotated Diseased Shrimp Images/4. WSSV_BG/images/WSSV_BG-49-img-2.jpg,/home/drnguyenvinh/notebooks/shrimp_dataset_eda_label_model_analysis_v1/kaggle_raw/shrimpdiseaseimagebd/ShrimpDiseaseImageBD An Image Dataset for Computer Vision-Based Detection of Shrimp Diseases in Bangladesh/Root/Annotated Diseased Shrimp Images/Annotated Diseased Shrimp Images/4. WSSV_BG/labels/WSSV_BG-49-img-2.txt,10,"0,1",WSSV_BG,WSSV_BG-49-img-2,2048
1.0,"0,1",WSSV_BG,WSSV_BG-49-img-3.jpg,185.3017578125,2048,/home/drnguyenvinh/notebooks/shrimp_dataset_eda_label_model_analysis_v1/kaggle_raw/shrimpdiseaseimagebd/ShrimpDiseaseImageBD An Image Dataset for Computer Vision-Based Detection of Shrimp Diseases in Bangladesh/Root/Annotated Diseased Shrimp Images/Annotated Diseased Shrimp Images/4. WSSV_BG/images/WSSV_BG-49-img-3.jpg,/home/drnguyenvinh/notebooks/shrimp_dataset_eda_label_model_analysis_v1/kaggle_raw/shrimpdiseaseimagebd/ShrimpDiseaseImageBD An Image Dataset for Computer Vision-Based Detection of Shrimp Diseases in Bangladesh/Root/Annotated Diseased Shrimp Images/Annotated Diseased Shrimp Images/4. WSSV_BG/labels/WSSV_BG-49-img-3.txt,6,"0,1",WSSV_BG,WSSV_BG-49-img-3,2048
1.0,"0,1",WSSV_BG,WSSV_BG-5-img-1.jpg,854.435546875,2048,/home/drnguyenvinh/notebooks/shrimp_dataset_eda_label_model_analysis_v1/kaggle_raw/shrimpdiseaseimagebd/ShrimpDiseaseImageBD An Image Dataset for Computer Vision-Based Detection of Shrimp Diseases in Bangladesh/Root/Annotated Diseased Shrimp Images/Annotated Diseased Shrimp Images/4. WSSV_BG/images/WSSV_BG-5-img-1.jpg,/home/drnguyenvinh/notebooks/shrimp_dataset_eda_label_model_analysis_v1/kaggle_raw/shrimpdiseaseimagebd/ShrimpDiseaseImageBD An Image Dataset for Computer Vision-Based Detection of Shrimp Diseases in Bangladesh/Root/Annotated Diseased Shrimp Images/Annotated Diseased Shrimp Images/4. WSSV_BG/labels/WSSV_BG-5-img-1.txt,11,"0,1",WSSV_BG,WSSV_BG-5-img-1,2048
1.0,"0,1",WSSV_BG,WSSV_BG-5-img-2.jpg,701.49609375,2048,/home/drnguyenvinh/notebooks/shrimp_dataset_eda_label_model_analysis_v1/kaggle_raw/shrimpdiseaseimagebd/ShrimpDiseaseImageBD An Image Dataset for Computer Vision-Based Detection of Shrimp Diseases in Bangladesh/Root/Annotated Diseased Shrimp Images/Annotated Diseased Shrimp Images/4. WSSV_BG/images/WSSV_BG-5-img-2.jpg,/home/drnguyenvinh/notebooks/shrimp_dataset_eda_label_model_analysis_v1/kaggle_raw/shrimpdiseaseimagebd/ShrimpDiseaseImageBD An Image Dataset for Computer Vision-Based Detection of Shrimp Diseases in Bangladesh/Root/Annotated Diseased Shrimp Images/Annotated Diseased Shrimp Images/4. WSSV_BG/labels/WSSV_BG-5-img-2.txt,17,"0,1",WSSV_BG,WSSV_BG-5-img-2,2048
1.0,"0,1",WSSV_BG,WSSV_BG-5-img-3.jpg,734.3203125,2048,/home/drnguyenvinh/notebooks/shrimp_dataset_eda_label_model_analysis_v1/kaggle_raw/shrimpdiseaseimagebd/ShrimpDiseaseImageBD An Image Dataset for Computer Vision-Based Detection of Shrimp Diseases in Bangladesh/Root/Annotated Diseased Shrimp Images/Annotated Diseased Shrimp Images/4. WSSV_BG/images/WSSV_BG-5-img-3.jpg,/home/drnguyenvinh/notebooks/shrimp_dataset_eda_label_model_analysis_v1/kaggle_raw/shrimpdiseaseimagebd/ShrimpDiseaseImageBD An Image Dataset for Computer Vision-Based Detection of Shrimp Diseases in Bangladesh/Root/Annotated Diseased Shrimp Images/Annotated Diseased Shrimp Images/4. WSSV_BG/labels/WSSV_BG-5-img-3.txt,14,"0,1",WSSV_BG,WSSV_BG-5-img-3,2048
1.0,"0,1",WSSV_BG,WSSV_BG-50-img-1.jpg,236.330078125,2048,/home/drnguyenvinh/notebooks/shrimp_dataset_eda_label_model_analysis_v1/kaggle_raw/shrimpdiseaseimagebd/ShrimpDiseaseImageBD An Image Dataset for Computer Vision-Based Detection of Shrimp Diseases in Bangladesh/Root/Annotated Diseased Shrimp Images/Annotated Diseased Shrimp Images/4. WSSV_BG/images/WSSV_BG-50-img-1.jpg,/home/drnguyenvinh/notebooks/shrimp_dataset_eda_label_model_analysis_v1/kaggle_raw/shrimpdiseaseimagebd/ShrimpDiseaseImageBD An Image Dataset for Computer Vision-Based Detection of Shrimp Diseases in Bangladesh/Root/Annotated Diseased Shrimp Images/Annotated Diseased Shrimp Images/4. WSSV_BG/labels/WSSV_BG-50-img-1.txt,11,"0,1",WSSV_BG,WSSV_BG-50-img-1,2048
1.0,"0,1",WSSV_BG,WSSV_BG-50-img-2.jpg,251.4267578125,2048,/home/drnguyenvinh/notebooks/shrimp_dataset_eda_label_model_analysis_v1/kaggle_raw/shrimpdiseaseimagebd/ShrimpDiseaseImageBD An Image Dataset for Computer Vision-Based Detection of Shrimp Diseases in Bangladesh/Root/Annotated Diseased Shrimp Images/Annotated Diseased Shrimp Images/4. WSSV_BG/images/WSSV_BG-50-img-2.jpg,/home/drnguyenvinh/notebooks/shrimp_dataset_eda_label_model_analysis_v1/kaggle_raw/shrimpdiseaseimagebd/ShrimpDiseaseImageBD An Image Dataset for Computer Vision-Based Detection of Shrimp Diseases in Bangladesh/Root/Annotated Diseased Shrimp Images/Annotated Diseased Shrimp Images/4. WSSV_BG/labels/WSSV_BG-50-img-2.txt,8,"0,1",WSSV_BG,WSSV_BG-50-img-2,2048
1.0,"0,1",WSSV_BG,WSSV_BG-50-img-3.jpg,199.0146484375,2048,/home/drnguyenvinh/notebooks/shrimp_dataset_eda_label_model_analysis_v1/kaggle_raw/shrimpdiseaseimagebd/ShrimpDiseaseImageBD An Image Dataset for Computer Vision-Based Detection of Shrimp Diseases in Bangladesh/Root/Annotated Diseased Shrimp Images/Annotated Diseased Shrimp Images/4. WSSV_BG/images/WSSV_BG-50-img-3.jpg,/home/drnguyenvinh/notebooks/shrimp_dataset_eda_label_model_analysis_v1/kaggle_raw/shrimpdiseaseimagebd/ShrimpDiseaseImageBD An Image Dataset for Computer Vision-Based Detection of Shrimp Diseases in Bangladesh/Root/Annotated Diseased Shrimp Images/Annotated Diseased Shrimp Images/4. WSSV_BG/labels/WSSV_BG-50-img-3.txt,16,"0,1",WSSV_BG,WSSV_BG-50-img-3,2048
1.0,"0,1",WSSV_BG,WSSV_BG-51-img-1.jpg,226.6162109375,2048,/home/drnguyenvinh/notebooks/shrimp_dataset_eda_label_model_analysis_v1/kaggle_raw/shrimpdiseaseimagebd/ShrimpDiseaseImageBD An Image Dataset for Computer Vision-Based Detection of Shrimp Diseases in Bangladesh/Root/Annotated Diseased Shrimp Images/Annotated Diseased Shrimp Images/4. WSSV_BG/images/WSSV_BG-51-img-1.jpg,/home/drnguyenvinh/notebooks/shrimp_dataset_eda_label_model_analysis_v1/kaggle_raw/shrimpdiseaseimagebd/ShrimpDiseaseImageBD An Image Dataset for Computer Vision-Based Detection of Shrimp Diseases in Bangladesh/Root/Annotated Diseased Shrimp Images/Annotated Diseased Shrimp Images/4. WSSV_BG/labels/WSSV_BG-51-img-1.txt,21,"0,1",WSSV_BG,WSSV_BG-51-img-1,2048
1.0,"0,1",WSSV_BG,WSSV_BG-51-img-2.jpg,237.208984375,2048,/home/drnguyenvinh/notebooks/shrimp_dataset_eda_label_model_analysis_v1/kaggle_raw/shrimpdiseaseimagebd/ShrimpDiseaseImageBD An Image Dataset for Computer Vision-Based Detection of Shrimp Diseases in Bangladesh/Root/Annotated Diseased Shrimp Images/Annotated Diseased Shrimp Images/4. WSSV_BG/images/WSSV_BG-51-img-2.jpg,/home/drnguyenvinh/notebooks/shrimp_dataset_eda_label_model_analysis_v1/kaggle_raw/shrimpdiseaseimagebd/ShrimpDiseaseImageBD An Image Dataset for Computer Vision-Based Detection of Shrimp Diseases in Bangladesh/Root/Annotated Diseased Shrimp Images/Annotated Diseased Shrimp Images/4. WSSV_BG/labels/WSSV_BG-51-img-2.txt,8,"0,1",WSSV_BG,WSSV_BG-51-img-2,2048
1.0,"0,1",WSSV_BG,WSSV_BG-51-img-3.jpg,245.68359375,2048,/home/drnguyenvinh/notebooks/shrimp_dataset_eda_label_model_analysis_v1/kaggle_raw/shrimpdiseaseimagebd/ShrimpDiseaseImageBD An Image Dataset for Computer Vision-Based Detection of Shrimp Diseases in Bangladesh/Root/Annotated Diseased Shrimp Images/Annotated Diseased Shrimp Images/4. WSSV_BG/images/WSSV_BG-51-img-3.jpg,/home/drnguyenvinh/notebooks/shrimp_dataset_eda_label_model_analysis_v1/kaggle_raw/shrimpdiseaseimagebd/ShrimpDiseaseImageBD An Image Dataset for Computer Vision-Based Detection of Shrimp Diseases in Bangladesh/Root/Annotated Diseased Shrimp Images/Annotated Diseased Shrimp Images/4. WSSV_BG/labels/WSSV_BG-51-img-3.txt,14,"0,1",WSSV_BG,WSSV_BG-51-img-3,2048
1.0,"0,1",WSSV_BG,WSSV_BG-52-img-1.jpg,224.8017578125,2048,/home/drnguyenvinh/notebooks/shrimp_dataset_eda_label_model_analysis_v1/kaggle_raw/shrimpdiseaseimagebd/ShrimpDiseaseImageBD An Image Dataset for Computer Vision-Based Detection of Shrimp Diseases in Bangladesh/Root/Annotated Diseased Shrimp Images/Annotated Diseased Shrimp Images/4. WSSV_BG/images/WSSV_BG-52-img-1.jpg,/home/drnguyenvinh/notebooks/shrimp_dataset_eda_label_model_analysis_v1/kaggle_raw/shrimpdiseaseimagebd/ShrimpDiseaseImageBD An Image Dataset for Computer Vision-Based Detection of Shrimp Diseases in Bangladesh/Root/Annotated Diseased Shrimp Images/Annotated Diseased Shrimp Images/4. WSSV_BG/labels/WSSV_BG-52-img-1.txt,10,"0,1",WSSV_BG,WSSV_BG-52-img-1,2048
1.0,"0,1",WSSV_BG,WSSV_BG-52-img-2.jpg,240.140625,2048,/home/drnguyenvinh/notebooks/shrimp_dataset_eda_label_model_analysis_v1/kaggle_raw/shrimpdiseaseimagebd/ShrimpDiseaseImageBD An Image Dataset for Computer Vision-Based Detection of Shrimp Diseases in Bangladesh/Root/Annotated Diseased Shrimp Images/Annotated Diseased Shrimp Images/4. WSSV_BG/images/WSSV_BG-52-img-2.jpg,/home/drnguyenvinh/notebooks/shrimp_dataset_eda_label_model_analysis_v1/kaggle_raw/shrimpdiseaseimagebd/ShrimpDiseaseImageBD An Image Dataset for Computer Vision-Based Detection of Shrimp Diseases in Bangladesh/Root/Annotated Diseased Shrimp Images/Annotated Diseased Shrimp Images/4. WSSV_BG/labels/WSSV_BG-52-img-2.txt,7,"0,1",WSSV_BG,WSSV_BG-52-img-2,2048
1.0,"0,1",WSSV_BG,WSSV_BG-52-img-3.jpg,215.5048828125,2048,/home/drnguyenvinh/notebooks/shrimp_dataset_eda_label_model_analysis_v1/kaggle_raw/shrimpdiseaseimagebd/ShrimpDiseaseImageBD An Image Dataset for Computer Vision-Based Detection of Shrimp Diseases in Bangladesh/Root/Annotated Diseased Shrimp Images/Annotated Diseased Shrimp Images/4. WSSV_BG/images/WSSV_BG-52-img-3.jpg,/home/drnguyenvinh/notebooks/shrimp_dataset_eda_label_model_analysis_v1/kaggle_raw/shrimpdiseaseimagebd/ShrimpDiseaseImageBD An Image Dataset for Computer Vision-Based Detection of Shrimp Diseases in Bangladesh/Root/Annotated Diseased Shrimp Images/Annotated Diseased Shrimp Images/4. WSSV_BG/labels/WSSV_BG-52-img-3.txt,17,"0,1",WSSV_BG,WSSV_BG-52-img-3,2048
1.0,"0,1",WSSV_BG,WSSV_BG-53-img-1.jpg,246.79296875,2048,/home/drnguyenvinh/notebooks/shrimp_dataset_eda_label_model_analysis_v1/kaggle_raw/shrimpdiseaseimagebd/ShrimpDiseaseImageBD An Image Dataset for Computer Vision-Based Detection of Shrimp Diseases in Bangladesh/Root/Annotated Diseased Shrimp Images/Annotated Diseased Shrimp Images/4. WSSV_BG/images/WSSV_BG-53-img-1.jpg,/home/drnguyenvinh/notebooks/shrimp_dataset_eda_label_model_analysis_v1/kaggle_raw/shrimpdiseaseimagebd/ShrimpDiseaseImageBD An Image Dataset for Computer Vision-Based Detection of Shrimp Diseases in Bangladesh/Root/Annotated Diseased Shrimp Images/Annotated Diseased Shrimp Images/4. WSSV_BG/labels/WSSV_BG-53-img-1.txt,17,"0,1",WSSV_BG,WSSV_BG-53-img-1,2048
1.0,"0,1",WSSV_BG,WSSV_BG-54-img-1.jpg,221.552734375,2048,/home/drnguyenvinh/notebooks/shrimp_dataset_eda_label_model_analysis_v1/kaggle_raw/shrimpdiseaseimagebd/ShrimpDiseaseImageBD An Image Dataset for Computer Vision-Based Detection of Shrimp Diseases in Bangladesh/Root/Annotated Diseased Shrimp Images/Annotated Diseased Shrimp Images/4. WSSV_BG/images/WSSV_BG-54-img-1.jpg,/home/drnguyenvinh/notebooks/shrimp_dataset_eda_label_model_analysis_v1/kaggle_raw/shrimpdiseaseimagebd/ShrimpDiseaseImageBD An Image Dataset for Computer Vision-Based Detection of Shrimp Diseases in Bangladesh/Root/Annotated Diseased Shrimp Images/Annotated Diseased Shrimp Images/4. WSSV_BG/labels/WSSV_BG-54-img-1.txt,12,"0,1",WSSV_BG,WSSV_BG-54-img-1,2048
1.0,"0,1",WSSV_BG,WSSV_BG-54-img-2.jpg,195.0048828125,2048,/home/drnguyenvinh/notebooks/shrimp_dataset_eda_label_model_analysis_v1/kaggle_raw/shrimpdiseaseimagebd/ShrimpDiseaseImageBD An Image Dataset for Computer Vision-Based Detection of Shrimp Diseases in Bangladesh/Root/Annotated Diseased Shrimp Images/Annotated Diseased Shrimp Images/4. WSSV_BG/images/WSSV_BG-54-img-2.jpg,/home/drnguyenvinh/notebooks/shrimp_dataset_eda_label_model_analysis_v1/kaggle_raw/shrimpdiseaseimagebd/ShrimpDiseaseImageBD An Image Dataset for Computer Vision-Based Detection of Shrimp Diseases in Bangladesh/Root/Annotated Diseased Shrimp Images/Annotated Diseased Shrimp Images/4. WSSV_BG/labels/WSSV_BG-54-img-2.txt,15,"0,1",WSSV_BG,WSSV_BG-54-img-2,2048
1.0,"0,1",WSSV_BG,WSSV_BG-55-img-1.jpg,215.5927734375,2048,/home/drnguyenvinh/notebooks/shrimp_dataset_eda_label_model_analysis_v1/kaggle_raw/shrimpdiseaseimagebd/ShrimpDiseaseImageBD An Image Dataset for Computer Vision-Based Detection of Shrimp Diseases in Bangladesh/Root/Annotated Diseased Shrimp Images/Annotated Diseased Shrimp Images/4. WSSV_BG/images/WSSV_BG-55-img-1.jpg,/home/drnguyenvinh/notebooks/shrimp_dataset_eda_label_model_analysis_v1/kaggle_raw/shrimpdiseaseimagebd/ShrimpDiseaseImageBD An Image Dataset for Computer Vision-Based Detection of Shrimp Diseases in Bangladesh/Root/Annotated Diseased Shrimp Images/Annotated Diseased Shrimp Images/4. WSSV_BG/labels/WSSV_BG-55-img-1.txt,6,"0,1",WSSV_BG,WSSV_BG-55-img-1,2048
1.0,"0,1",WSSV_BG,WSSV_BG-56-img-1.jpg,192.9794921875,2048,/home/drnguyenvinh/notebooks/shrimp_dataset_eda_label_model_analysis_v1/kaggle_raw/shrimpdiseaseimagebd/ShrimpDiseaseImageBD An Image Dataset for Computer Vision-Based Detection of Shrimp Diseases in Bangladesh/Root/Annotated Diseased Shrimp Images/Annotated Diseased Shrimp Images/4. WSSV_BG/images/WSSV_BG-56-img-1.jpg,/home/drnguyenvinh/notebooks/shrimp_dataset_eda_label_model_analysis_v1/kaggle_raw/shrimpdiseaseimagebd/ShrimpDiseaseImageBD An Image Dataset for Computer Vision-Based Detection of Shrimp Diseases in Bangladesh/Root/Annotated Diseased Shrimp Images/Annotated Diseased Shrimp Images/4. WSSV_BG/labels/WSSV_BG-56-img-1.txt,11,"0,1",WSSV_BG,WSSV_BG-56-img-1,2048
1.0,"0,1",WSSV_BG,WSSV_BG-56-img-2.jpg,201.5576171875,2048,/home/drnguyenvinh/notebooks/shrimp_dataset_eda_label_model_analysis_v1/kaggle_raw/shrimpdiseaseimagebd/ShrimpDiseaseImageBD An Image Dataset for Computer Vision-Based Detection of Shrimp Diseases in Bangladesh/Root/Annotated Diseased Shrimp Images/Annotated Diseased Shrimp Images/4. WSSV_BG/images/WSSV_BG-56-img-2.jpg,/home/drnguyenvinh/notebooks/shrimp_dataset_eda_label_model_analysis_v1/kaggle_raw/shrimpdiseaseimagebd/ShrimpDiseaseImageBD An Image Dataset for Computer Vision-Based Detection of Shrimp Diseases in Bangladesh/Root/Annotated Diseased Shrimp Images/Annotated Diseased Shrimp Images/4. WSSV_BG/labels/WSSV_BG-56-img-2.txt,12,"0,1",WSSV_BG,WSSV_BG-56-img-2,2048
1.0,"0,1",WSSV_BG,WSSV_BG-56-img-3.jpg,217.677734375,2048,/home/drnguyenvinh/notebooks/shrimp_dataset_eda_label_model_analysis_v1/kaggle_raw/shrimpdiseaseimagebd/ShrimpDiseaseImageBD An Image Dataset for Computer Vision-Based Detection of Shrimp Diseases in Bangladesh/Root/Annotated Diseased Shrimp Images/Annotated Diseased Shrimp Images/4. WSSV_BG/images/WSSV_BG-56-img-3.jpg,/home/drnguyenvinh/notebooks/shrimp_dataset_eda_label_model_analysis_v1/kaggle_raw/shrimpdiseaseimagebd/ShrimpDiseaseImageBD An Image Dataset for Computer Vision-Based Detection of Shrimp Diseases in Bangladesh/Root/Annotated Diseased Shrimp Images/Annotated Diseased Shrimp Images/4. WSSV_BG/labels/WSSV_BG-56-img-3.txt,7,"0,1",WSSV_BG,WSSV_BG-56-img-3,2048
1.0,"0,1",WSSV_BG,WSSV_BG-57-img-1.jpg,207.259765625,2048,/home/drnguyenvinh/notebooks/shrimp_dataset_eda_label_model_analysis_v1/kaggle_raw/shrimpdiseaseimagebd/ShrimpDiseaseImageBD An Image Dataset for Computer Vision-Based Detection of Shrimp Diseases in Bangladesh/Root/Annotated Diseased Shrimp Images/Annotated Diseased Shrimp Images/4. WSSV_BG/images/WSSV_BG-57-img-1.jpg,/home/drnguyenvinh/notebooks/shrimp_dataset_eda_label_model_analysis_v1/kaggle_raw/shrimpdiseaseimagebd/ShrimpDiseaseImageBD An Image Dataset for Computer Vision-Based Detection of Shrimp Diseases in Bangladesh/Root/Annotated Diseased Shrimp Images/Annotated Diseased Shrimp Images/4. WSSV_BG/labels/WSSV_BG-57-img-1.txt,13,"0,1",WSSV_BG,WSSV_BG-57-img-1,2048
1.0,"0,1",WSSV_BG,WSSV_BG-57-img-2.jpg,219.33203125,2048,/home/drnguyenvinh/notebooks/shrimp_dataset_eda_label_model_analysis_v1/kaggle_raw/shrimpdiseaseimagebd/ShrimpDiseaseImageBD An Image Dataset for Computer Vision-Based Detection of Shrimp Diseases in Bangladesh/Root/Annotated Diseased Shrimp Images/Annotated Diseased Shrimp Images/4. WSSV_BG/images/WSSV_BG-57-img-2.jpg,/home/drnguyenvinh/notebooks/shrimp_dataset_eda_label_model_analysis_v1/kaggle_raw/shrimpdiseaseimagebd/ShrimpDiseaseImageBD An Image Dataset for Computer Vision-Based Detection of Shrimp Diseases in Bangladesh/Root/Annotated Diseased Shrimp Images/Annotated Diseased Shrimp Images/4. WSSV_BG/labels/WSSV_BG-57-img-2.txt,11,"0,1",WSSV_BG,WSSV_BG-57-img-2,2048
1.0,"0,1",WSSV_BG,WSSV_BG-57-img-3.jpg,176.0859375,2048,/home/drnguyenvinh/notebooks/shrimp_dataset_eda_label_model_analysis_v1/kaggle_raw/shrimpdiseaseimagebd/ShrimpDiseaseImageBD An Image Dataset for Computer Vision-Based Detection of Shrimp Diseases in Bangladesh/Root/Annotated Diseased Shrimp Images/Annotated Diseased Shrimp Images/4. WSSV_BG/images/WSSV_BG-57-img-3.jpg,/home/drnguyenvinh/notebooks/shrimp_dataset_eda_label_model_analysis_v1/kaggle_raw/shrimpdiseaseimagebd/ShrimpDiseaseImageBD An Image Dataset for Computer Vision-Based Detection of Shrimp Diseases in Bangladesh/Root/Annotated Diseased Shrimp Images/Annotated Diseased Shrimp Images/4. WSSV_BG/labels/WSSV_BG-57-img-3.txt,5,"0,1",WSSV_BG,WSSV_BG-57-img-3,2048
1.0,"0,1",WSSV_BG,WSSV_BG-58-img-1.jpg,149.87890625,2048,/home/drnguyenvinh/notebooks/shrimp_dataset_eda_label_model_analysis_v1/kaggle_raw/shrimpdiseaseimagebd/ShrimpDiseaseImageBD An Image Dataset for Computer Vision-Based Detection of Shrimp Diseases in Bangladesh/Root/Annotated Diseased Shrimp Images/Annotated Diseased Shrimp Images/4. WSSV_BG/images/WSSV_BG-58-img-1.jpg,/home/drnguyenvinh/notebooks/shrimp_dataset_eda_label_model_analysis_v1/kaggle_raw/shrimpdiseaseimagebd/ShrimpDiseaseImageBD An Image Dataset for Computer Vision-Based Detection of Shrimp Diseases in Bangladesh/Root/Annotated Diseased Shrimp Images/Annotated Diseased Shrimp Images/4. WSSV_BG/labels/WSSV_BG-58-img-1.txt,7,"0,1",WSSV_BG,WSSV_BG-58-img-1,2048
1.0,0,BG,WSSV_BG-58-img-2.jpg,162.466796875,2048,/home/drnguyenvinh/notebooks/shrimp_dataset_eda_label_model_analysis_v1/kaggle_raw/shrimpdiseaseimagebd/ShrimpDiseaseImageBD An Image Dataset for Computer Vision-Based Detection of Shrimp Diseases in Bangladesh/Root/Annotated Diseased Shrimp Images/Annotated Diseased Shrimp Images/4. WSSV_BG/images/WSSV_BG-58-img-2.jpg,/home/drnguyenvinh/notebooks/shrimp_dataset_eda_label_model_analysis_v1/kaggle_raw/shrimpdiseaseimagebd/ShrimpDiseaseImageBD An Image Dataset for Computer Vision-Based Detection of Shrimp Diseases in Bangladesh/Root/Annotated Diseased Shrimp Images/Annotated Diseased Shrimp Images/4. WSSV_BG/labels/WSSV_BG-58-img-2.txt,4,1,WSSV_BG,WSSV_BG-58-img-2,2048
1.0,"0,1",WSSV_BG,WSSV_BG-58-img-3.jpg,186.1640625,2048,/home/drnguyenvinh/notebooks/shrimp_dataset_eda_label_model_analysis_v1/kaggle_raw/shrimpdiseaseimagebd/ShrimpDiseaseImageBD An Image Dataset for Computer Vision-Based Detection of Shrimp Diseases in Bangladesh/Root/Annotated Diseased Shrimp Images/Annotated Diseased Shrimp Images/4. WSSV_BG/images/WSSV_BG-58-img-3.jpg,/home/drnguyenvinh/notebooks/shrimp_dataset_eda_label_model_analysis_v1/kaggle_raw/shrimpdiseaseimagebd/ShrimpDiseaseImageBD An Image Dataset for Computer Vision-Based Detection of Shrimp Diseases in Bangladesh/Root/Annotated Diseased Shrimp Images/Annotated Diseased Shrimp Images/4. WSSV_BG/labels/WSSV_BG-58-img-3.txt,14,"0,1",WSSV_BG,WSSV_BG-58-img-3,2048
1.0,"0,1",WSSV_BG,WSSV_BG-59-img-1.jpg,202.6279296875,2048,/home/drnguyenvinh/notebooks/shrimp_dataset_eda_label_model_analysis_v1/kaggle_raw/shrimpdiseaseimagebd/ShrimpDiseaseImageBD An Image Dataset for Computer Vision-Based Detection of Shrimp Diseases in Bangladesh/Root/Annotated Diseased Shrimp Images/Annotated Diseased Shrimp Images/4. WSSV_BG/images/WSSV_BG-59-img-1.jpg,/home/drnguyenvinh/notebooks/shrimp_dataset_eda_label_model_analysis_v1/kaggle_raw/shrimpdiseaseimagebd/ShrimpDiseaseImageBD An Image Dataset for Computer Vision-Based Detection of Shrimp Diseases in Bangladesh/Root/Annotated Diseased Shrimp Images/Annotated Diseased Shrimp Images/4. WSSV_BG/labels/WSSV_BG-59-img-1.txt,8,"0,1",WSSV_BG,WSSV_BG-59-img-1,2048
1.0,"0,1",WSSV_BG,WSSV_BG-59-img-2.jpg,206.01171875,2048,/home/drnguyenvinh/notebooks/shrimp_dataset_eda_label_model_analysis_v1/kaggle_raw/shrimpdiseaseimagebd/ShrimpDiseaseImageBD An Image Dataset for Computer Vision-Based Detection of Shrimp Diseases in Bangladesh/Root/Annotated Diseased Shrimp Images/Annotated Diseased Shrimp Images/4. WSSV_BG/images/WSSV_BG-59-img-2.jpg,/home/drnguyenvinh/notebooks/shrimp_dataset_eda_label_model_analysis_v1/kaggle_raw/shrimpdiseaseimagebd/ShrimpDiseaseImageBD An Image Dataset for Computer Vision-Based Detection of Shrimp Diseases in Bangladesh/Root/Annotated Diseased Shrimp Images/Annotated Diseased Shrimp Images/4. WSSV_BG/labels/WSSV_BG-59-img-2.txt,19,"0,1",WSSV_BG,WSSV_BG-59-img-2,2048
1.0,"0,1",WSSV_BG,WSSV_BG-6-img-1.jpg,697.3828125,2048,/home/drnguyenvinh/notebooks/shrimp_dataset_eda_label_model_analysis_v1/kaggle_raw/shrimpdiseaseimagebd/ShrimpDiseaseImageBD An Image Dataset for Computer Vision-Based Detection of Shrimp Diseases in Bangladesh/Root/Annotated Diseased Shrimp Images/Annotated Diseased Shrimp Images/4. WSSV_BG/images/WSSV_BG-6-img-1.jpg,/home/drnguyenvinh/notebooks/shrimp_dataset_eda_label_model_analysis_v1/kaggle_raw/shrimpdiseaseimagebd/ShrimpDiseaseImageBD An Image Dataset for Computer Vision-Based Detection of Shrimp Diseases in Bangladesh/Root/Annotated Diseased Shrimp Images/Annotated Diseased Shrimp Images/4. WSSV_BG/labels/WSSV_BG-6-img-1.txt,8,"0,1",WSSV_BG,WSSV_BG-6-img-1,2048
1.0,"0,1",WSSV_BG,WSSV_BG-6-img-2.jpg,788.0673828125,2048,/home/drnguyenvinh/notebooks/shrimp_dataset_eda_label_model_analysis_v1/kaggle_raw/shrimpdiseaseimagebd/ShrimpDiseaseImageBD An Image Dataset for Computer Vision-Based Detection of Shrimp Diseases in Bangladesh/Root/Annotated Diseased Shrimp Images/Annotated Diseased Shrimp Images/4. WSSV_BG/images/WSSV_BG-6-img-2.jpg,/home/drnguyenvinh/notebooks/shrimp_dataset_eda_label_model_analysis_v1/kaggle_raw/shrimpdiseaseimagebd/ShrimpDiseaseImageBD An Image Dataset for Computer Vision-Based Detection of Shrimp Diseases in Bangladesh/Root/Annotated Diseased Shrimp Images/Annotated Diseased Shrimp Images/4. WSSV_BG/labels/WSSV_BG-6-img-2.txt,3,"0,1",WSSV_BG,WSSV_BG-6-img-2,2048
1.0,"0,1",WSSV_BG,WSSV_BG-6-img-3.jpg,657.181640625,2048,/home/drnguyenvinh/notebooks/shrimp_dataset_eda_label_model_analysis_v1/kaggle_raw/shrimpdiseaseimagebd/ShrimpDiseaseImageBD An Image Dataset for Computer Vision-Based Detection of Shrimp Diseases in Bangladesh/Root/Annotated Diseased Shrimp Images/Annotated Diseased Shrimp Images/4. WSSV_BG/images/WSSV_BG-6-img-3.jpg,/home/drnguyenvinh/notebooks/shrimp_dataset_eda_label_model_analysis_v1/kaggle_raw/shrimpdiseaseimagebd/ShrimpDiseaseImageBD An Image Dataset for Computer Vision-Based Detection of Shrimp Diseases in Bangladesh/Root/Annotated Diseased Shrimp Images/Annotated Diseased Shrimp Images/4. WSSV_BG/labels/WSSV_BG-6-img-3.txt,7,"0,1",WSSV_BG,WSSV_BG-6-img-3,2048
1.0,"0,1",WSSV_BG,WSSV_BG-60-img-1.jpg,217.076171875,2048,/home/drnguyenvinh/notebooks/shrimp_dataset_eda_label_model_analysis_v1/kaggle_raw/shrimpdiseaseimagebd/ShrimpDiseaseImageBD An Image Dataset for Computer Vision-Based Detection of Shrimp Diseases in Bangladesh/Root/Annotated Diseased Shrimp Images/Annotated Diseased Shrimp Images/4. WSSV_BG/images/WSSV_BG-60-img-1.jpg,/home/drnguyenvinh/notebooks/shrimp_dataset_eda_label_model_analysis_v1/kaggle_raw/shrimpdiseaseimagebd/ShrimpDiseaseImageBD An Image Dataset for Computer Vision-Based Detection of Shrimp Diseases in Bangladesh/Root/Annotated Diseased Shrimp Images/Annotated Diseased Shrimp Images/4. WSSV_BG/labels/WSSV_BG-60-img-1.txt,10,"0,1",WSSV_BG,WSSV_BG-60-img-1,2048
1.0,"0,1",WSSV_BG,WSSV_BG-61-img-1.jpg,166.7158203125,2048,/home/drnguyenvinh/notebooks/shrimp_dataset_eda_label_model_analysis_v1/kaggle_raw/shrimpdiseaseimagebd/ShrimpDiseaseImageBD An Image Dataset for Computer Vision-Based Detection of Shrimp Diseases in Bangladesh/Root/Annotated Diseased Shrimp Images/Annotated Diseased Shrimp Images/4. WSSV_BG/images/WSSV_BG-61-img-1.jpg,/home/drnguyenvinh/notebooks/shrimp_dataset_eda_label_model_analysis_v1/kaggle_raw/shrimpdiseaseimagebd/ShrimpDiseaseImageBD An Image Dataset for Computer Vision-Based Detection of Shrimp Diseases in Bangladesh/Root/Annotated Diseased Shrimp Images/Annotated Diseased Shrimp Images/4. WSSV_BG/labels/WSSV_BG-61-img-1.txt,4,"0,1",WSSV_BG,WSSV_BG-61-img-1,2048
1.0,"0,1",WSSV_BG,WSSV_BG-61-img-2.jpg,172.228515625,2048,/home/drnguyenvinh/notebooks/shrimp_dataset_eda_label_model_analysis_v1/kaggle_raw/shrimpdiseaseimagebd/ShrimpDiseaseImageBD An Image Dataset for Computer Vision-Based Detection of Shrimp Diseases in Bangladesh/Root/Annotated Diseased Shrimp Images/Annotated Diseased Shrimp Images/4. WSSV_BG/images/WSSV_BG-61-img-2.jpg,/home/drnguyenvinh/notebooks/shrimp_dataset_eda_label_model_analysis_v1/kaggle_raw/shrimpdiseaseimagebd/ShrimpDiseaseImageBD An Image Dataset for Computer Vision-Based Detection of Shrimp Diseases in Bangladesh/Root/Annotated Diseased Shrimp Images/Annotated Diseased Shrimp Images/4. WSSV_BG/labels/WSSV_BG-61-img-2.txt,6,"0,1",WSSV_BG,WSSV_BG-61-img-2,2048
1.0,"0,1",WSSV_BG,WSSV_BG-61-img-3.jpg,222.8369140625,2048,/home/drnguyenvinh/notebooks/shrimp_dataset_eda_label_model_analysis_v1/kaggle_raw/shrimpdiseaseimagebd/ShrimpDiseaseImageBD An Image Dataset for Computer Vision-Based Detection of Shrimp Diseases in Bangladesh/Root/Annotated Diseased Shrimp Images/Annotated Diseased Shrimp Images/4. WSSV_BG/images/WSSV_BG-61-img-3.jpg,/home/drnguyenvinh/notebooks/shrimp_dataset_eda_label_model_analysis_v1/kaggle_raw/shrimpdiseaseimagebd/ShrimpDiseaseImageBD An Image Dataset for Computer Vision-Based Detection of Shrimp Diseases in Bangladesh/Root/Annotated Diseased Shrimp Images/Annotated Diseased Shrimp Images/4. WSSV_BG/labels/WSSV_BG-61-img-3.txt,7,"0,1",WSSV_BG,WSSV_BG-61-img-3,2048
1.0,"0,1",WSSV_BG,WSSV_BG-62-img-1.jpg,215.70703125,2048,/home/drnguyenvinh/notebooks/shrimp_dataset_eda_label_model_analysis_v1/kaggle_raw/shrimpdiseaseimagebd/ShrimpDiseaseImageBD An Image Dataset for Computer Vision-Based Detection of Shrimp Diseases in Bangladesh/Root/Annotated Diseased Shrimp Images/Annotated Diseased Shrimp Images/4. WSSV_BG/images/WSSV_BG-62-img-1.jpg,/home/drnguyenvinh/notebooks/shrimp_dataset_eda_label_model_analysis_v1/kaggle_raw/shrimpdiseaseimagebd/ShrimpDiseaseImageBD An Image Dataset for Computer Vision-Based Detection of Shrimp Diseases in Bangladesh/Root/Annotated Diseased Shrimp Images/Annotated Diseased Shrimp Images/4. WSSV_BG/labels/WSSV_BG-62-img-1.txt,10,"0,1",WSSV_BG,WSSV_BG-62-img-1,2048
1.0,"0,1",WSSV_BG,WSSV_BG-62-img-2.jpg,232.8349609375,2048,/home/drnguyenvinh/notebooks/shrimp_dataset_eda_label_model_analysis_v1/kaggle_raw/shrimpdiseaseimagebd/ShrimpDiseaseImageBD An Image Dataset for Computer Vision-Based Detection of Shrimp Diseases in Bangladesh/Root/Annotated Diseased Shrimp Images/Annotated Diseased Shrimp Images/4. WSSV_BG/images/WSSV_BG-62-img-2.jpg,/home/drnguyenvinh/notebooks/shrimp_dataset_eda_label_model_analysis_v1/kaggle_raw/shrimpdiseaseimagebd/ShrimpDiseaseImageBD An Image Dataset for Computer Vision-Based Detection of Shrimp Diseases in Bangladesh/Root/Annotated Diseased Shrimp Images/Annotated Diseased Shrimp Images/4. WSSV_BG/labels/WSSV_BG-62-img-2.txt,9,"0,1",WSSV_BG,WSSV_BG-62-img-2,2048
1.0,"0,1",WSSV_BG,WSSV_BG-62-img-3.jpg,191.337890625,2048,/home/drnguyenvinh/notebooks/shrimp_dataset_eda_label_model_analysis_v1/kaggle_raw/shrimpdiseaseimagebd/ShrimpDiseaseImageBD An Image Dataset for Computer Vision-Based Detection of Shrimp Diseases in Bangladesh/Root/Annotated Diseased Shrimp Images/Annotated Diseased Shrimp Images/4. WSSV_BG/images/WSSV_BG-62-img-3.jpg,/home/drnguyenvinh/notebooks/shrimp_dataset_eda_label_model_analysis_v1/kaggle_raw/shrimpdiseaseimagebd/ShrimpDiseaseImageBD An Image Dataset for Computer Vision-Based Detection of Shrimp Diseases in Bangladesh/Root/Annotated Diseased Shrimp Images/Annotated Diseased Shrimp Images/4. WSSV_BG/labels/WSSV_BG-62-img-3.txt,9,"0,1",WSSV_BG,WSSV_BG-62-img-3,2048
1.0,"0,1",WSSV_BG,WSSV_BG-63-img-1.jpg,225.31640625,2048,/home/drnguyenvinh/notebooks/shrimp_dataset_eda_label_model_analysis_v1/kaggle_raw/shrimpdiseaseimagebd/ShrimpDiseaseImageBD An Image Dataset for Computer Vision-Based Detection of Shrimp Diseases in Bangladesh/Root/Annotated Diseased Shrimp Images/Annotated Diseased Shrimp Images/4. WSSV_BG/images/WSSV_BG-63-img-1.jpg,/home/drnguyenvinh/notebooks/shrimp_dataset_eda_label_model_analysis_v1/kaggle_raw/shrimpdiseaseimagebd/ShrimpDiseaseImageBD An Image Dataset for Computer Vision-Based Detection of Shrimp Diseases in Bangladesh/Root/Annotated Diseased Shrimp Images/Annotated Diseased Shrimp Images/4. WSSV_BG/labels/WSSV_BG-63-img-1.txt,9,"0,1",WSSV_BG,WSSV_BG-63-img-1,2048
1.0,"0,1",WSSV_BG,WSSV_BG-63-img-2.jpg,226.67578125,2048,/home/drnguyenvinh/notebooks/shrimp_dataset_eda_label_model_analysis_v1/kaggle_raw/shrimpdiseaseimagebd/ShrimpDiseaseImageBD An Image Dataset for Computer Vision-Based Detection of Shrimp Diseases in Bangladesh/Root/Annotated Diseased Shrimp Images/Annotated Diseased Shrimp Images/4. WSSV_BG/images/WSSV_BG-63-img-2.jpg,/home/drnguyenvinh/notebooks/shrimp_dataset_eda_label_model_analysis_v1/kaggle_raw/shrimpdiseaseimagebd/ShrimpDiseaseImageBD An Image Dataset for Computer Vision-Based Detection of Shrimp Diseases in Bangladesh/Root/Annotated Diseased Shrimp Images/Annotated Diseased Shrimp Images/4. WSSV_BG/labels/WSSV_BG-63-img-2.txt,4,"0,1",WSSV_BG,WSSV_BG-63-img-2,2048
1.0,"0,1",WSSV_BG,WSSV_BG-63-img-3.jpg,203.931640625,2048,/home/drnguyenvinh/notebooks/shrimp_dataset_eda_label_model_analysis_v1/kaggle_raw/shrimpdiseaseimagebd/ShrimpDiseaseImageBD An Image Dataset for Computer Vision-Based Detection of Shrimp Diseases in Bangladesh/Root/Annotated Diseased Shrimp Images/Annotated Diseased Shrimp Images/4. WSSV_BG/images/WSSV_BG-63-img-3.jpg,/home/drnguyenvinh/notebooks/shrimp_dataset_eda_label_model_analysis_v1/kaggle_raw/shrimpdiseaseimagebd/ShrimpDiseaseImageBD An Image Dataset for Computer Vision-Based Detection of Shrimp Diseases in Bangladesh/Root/Annotated Diseased Shrimp Images/Annotated Diseased Shrimp Images/4. WSSV_BG/labels/WSSV_BG-63-img-3.txt,10,"0,1",WSSV_BG,WSSV_BG-63-img-3,2048
1.0,"0,1",WSSV_BG,WSSV_BG-64-img-1.jpg,231.041015625,2048,/home/drnguyenvinh/notebooks/shrimp_dataset_eda_label_model_analysis_v1/kaggle_raw/shrimpdiseaseimagebd/ShrimpDiseaseImageBD An Image Dataset for Computer Vision-Based Detection of Shrimp Diseases in Bangladesh/Root/Annotated Diseased Shrimp Images/Annotated Diseased Shrimp Images/4. WSSV_BG/images/WSSV_BG-64-img-1.jpg,/home/drnguyenvinh/notebooks/shrimp_dataset_eda_label_model_analysis_v1/kaggle_raw/shrimpdiseaseimagebd/ShrimpDiseaseImageBD An Image Dataset for Computer Vision-Based Detection of Shrimp Diseases in Bangladesh/Root/Annotated Diseased Shrimp Images/Annotated Diseased Shrimp Images/4. WSSV_BG/labels/WSSV_BG-64-img-1.txt,8,"0,1",WSSV_BG,WSSV_BG-64-img-1,2048
1.0,"0,1",WSSV_BG,WSSV_BG-64-img-2.jpg,213.2939453125,2048,/home/drnguyenvinh/notebooks/shrimp_dataset_eda_label_model_analysis_v1/kaggle_raw/shrimpdiseaseimagebd/ShrimpDiseaseImageBD An Image Dataset for Computer Vision-Based Detection of Shrimp Diseases in Bangladesh/Root/Annotated Diseased Shrimp Images/Annotated Diseased Shrimp Images/4. WSSV_BG/images/WSSV_BG-64-img-2.jpg,/home/drnguyenvinh/notebooks/shrimp_dataset_eda_label_model_analysis_v1/kaggle_raw/shrimpdiseaseimagebd/ShrimpDiseaseImageBD An Image Dataset for Computer Vision-Based Detection of Shrimp Diseases in Bangladesh/Root/Annotated Diseased Shrimp Images/Annotated Diseased Shrimp Images/4. WSSV_BG/labels/WSSV_BG-64-img-2.txt,8,"0,1",WSSV_BG,WSSV_BG-64-img-2,2048
1.0,"0,1",WSSV_BG,WSSV_BG-64-img-3.jpg,228.21484375,2048,/home/drnguyenvinh/notebooks/shrimp_dataset_eda_label_model_analysis_v1/kaggle_raw/shrimpdiseaseimagebd/ShrimpDiseaseImageBD An Image Dataset for Computer Vision-Based Detection of Shrimp Diseases in Bangladesh/Root/Annotated Diseased Shrimp Images/Annotated Diseased Shrimp Images/4. WSSV_BG/images/WSSV_BG-64-img-3.jpg,/home/drnguyenvinh/notebooks/shrimp_dataset_eda_label_model_analysis_v1/kaggle_raw/shrimpdiseaseimagebd/ShrimpDiseaseImageBD An Image Dataset for Computer Vision-Based Detection of Shrimp Diseases in Bangladesh/Root/Annotated Diseased Shrimp Images/Annotated Diseased Shrimp Images/4. WSSV_BG/labels/WSSV_BG-64-img-3.txt,10,"0,1",WSSV_BG,WSSV_BG-64-img-3,2048
1.0,"0,1",WSSV_BG,WSSV_BG-65-img-1.jpg,199.7138671875,2048,/home/drnguyenvinh/notebooks/shrimp_dataset_eda_label_model_analysis_v1/kaggle_raw/shrimpdiseaseimagebd/ShrimpDiseaseImageBD An Image Dataset for Computer Vision-Based Detection of Shrimp Diseases in Bangladesh/Root/Annotated Diseased Shrimp Images/Annotated Diseased Shrimp Images/4. WSSV_BG/images/WSSV_BG-65-img-1.jpg,/home/drnguyenvinh/notebooks/shrimp_dataset_eda_label_model_analysis_v1/kaggle_raw/shrimpdiseaseimagebd/ShrimpDiseaseImageBD An Image Dataset for Computer Vision-Based Detection of Shrimp Diseases in Bangladesh/Root/Annotated Diseased Shrimp Images/Annotated Diseased Shrimp Images/4. WSSV_BG/labels/WSSV_BG-65-img-1.txt,18,"0,1",WSSV_BG,WSSV_BG-65-img-1,2048
1.0,"0,1",WSSV_BG,WSSV_BG-65-img-2.jpg,202.4443359375,2048,/home/drnguyenvinh/notebooks/shrimp_dataset_eda_label_model_analysis_v1/kaggle_raw/shrimpdiseaseimagebd/ShrimpDiseaseImageBD An Image Dataset for Computer Vision-Based Detection of Shrimp Diseases in Bangladesh/Root/Annotated Diseased Shrimp Images/Annotated Diseased Shrimp Images/4. WSSV_BG/images/WSSV_BG-65-img-2.jpg,/home/drnguyenvinh/notebooks/shrimp_dataset_eda_label_model_analysis_v1/kaggle_raw/shrimpdiseaseimagebd/ShrimpDiseaseImageBD An Image Dataset for Computer Vision-Based Detection of Shrimp Diseases in Bangladesh/Root/Annotated Diseased Shrimp Images/Annotated Diseased Shrimp Images/4. WSSV_BG/labels/WSSV_BG-65-img-2.txt,14,"0,1",WSSV_BG,WSSV_BG-65-img-2,2048
1.0,"0,1",WSSV_BG,WSSV_BG-65-img-3.jpg,220.2958984375,2048,/home/drnguyenvinh/notebooks/shrimp_dataset_eda_label_model_analysis_v1/kaggle_raw/shrimpdiseaseimagebd/ShrimpDiseaseImageBD An Image Dataset for Computer Vision-Based Detection of Shrimp Diseases in Bangladesh/Root/Annotated Diseased Shrimp Images/Annotated Diseased Shrimp Images/4. WSSV_BG/images/WSSV_BG-65-img-3.jpg,/home/drnguyenvinh/notebooks/shrimp_dataset_eda_label_model_analysis_v1/kaggle_raw/shrimpdiseaseimagebd/ShrimpDiseaseImageBD An Image Dataset for Computer Vision-Based Detection of Shrimp Diseases in Bangladesh/Root/Annotated Diseased Shrimp Images/Annotated Diseased Shrimp Images/4. WSSV_BG/labels/WSSV_BG-65-img-3.txt,6,"0,1",WSSV_BG,WSSV_BG-65-img-3,2048
1.0,"0,1",WSSV_BG,WSSV_BG-66-img-1.jpg,233.3798828125,2048,/home/drnguyenvinh/notebooks/shrimp_dataset_eda_label_model_analysis_v1/kaggle_raw/shrimpdiseaseimagebd/ShrimpDiseaseImageBD An Image Dataset for Computer Vision-Based Detection of Shrimp Diseases in Bangladesh/Root/Annotated Diseased Shrimp Images/Annotated Diseased Shrimp Images/4. WSSV_BG/images/WSSV_BG-66-img-1.jpg,/home/drnguyenvinh/notebooks/shrimp_dataset_eda_label_model_analysis_v1/kaggle_raw/shrimpdiseaseimagebd/ShrimpDiseaseImageBD An Image Dataset for Computer Vision-Based Detection of Shrimp Diseases in Bangladesh/Root/Annotated Diseased Shrimp Images/Annotated Diseased Shrimp Images/4. WSSV_BG/labels/WSSV_BG-66-img-1.txt,9,"0,1",WSSV_BG,WSSV_BG-66-img-1,2048
1.0,"0,1",WSSV_BG,WSSV_BG-66-img-2.jpg,233.1875,2048,/home/drnguyenvinh/notebooks/shrimp_dataset_eda_label_model_analysis_v1/kaggle_raw/shrimpdiseaseimagebd/ShrimpDiseaseImageBD An Image Dataset for Computer Vision-Based Detection of Shrimp Diseases in Bangladesh/Root/Annotated Diseased Shrimp Images/Annotated Diseased Shrimp Images/4. WSSV_BG/images/WSSV_BG-66-img-2.jpg,/home/drnguyenvinh/notebooks/shrimp_dataset_eda_label_model_analysis_v1/kaggle_raw/shrimpdiseaseimagebd/ShrimpDiseaseImageBD An Image Dataset for Computer Vision-Based Detection of Shrimp Diseases in Bangladesh/Root/Annotated Diseased Shrimp Images/Annotated Diseased Shrimp Images/4. WSSV_BG/labels/WSSV_BG-66-img-2.txt,10,"0,1",WSSV_BG,WSSV_BG-66-img-2,2048
1.0,"0,1",WSSV_BG,WSSV_BG-66-img-3.jpg,203.3095703125,2048,/home/drnguyenvinh/notebooks/shrimp_dataset_eda_label_model_analysis_v1/kaggle_raw/shrimpdiseaseimagebd/ShrimpDiseaseImageBD An Image Dataset for Computer Vision-Based Detection of Shrimp Diseases in Bangladesh/Root/Annotated Diseased Shrimp Images/Annotated Diseased Shrimp Images/4. WSSV_BG/images/WSSV_BG-66-img-3.jpg,/home/drnguyenvinh/notebooks/shrimp_dataset_eda_label_model_analysis_v1/kaggle_raw/shrimpdiseaseimagebd/ShrimpDiseaseImageBD An Image Dataset for Computer Vision-Based Detection of Shrimp Diseases in Bangladesh/Root/Annotated Diseased Shrimp Images/Annotated Diseased Shrimp Images/4. WSSV_BG/labels/WSSV_BG-66-img-3.txt,10,"0,1",WSSV_BG,WSSV_BG-66-img-3,2048
1.0,"0,1",WSSV_BG,WSSV_BG-67-img-1.jpg,212.7060546875,2048,/home/drnguyenvinh/notebooks/shrimp_dataset_eda_label_model_analysis_v1/kaggle_raw/shrimpdiseaseimagebd/ShrimpDiseaseImageBD An Image Dataset for Computer Vision-Based Detection of Shrimp Diseases in Bangladesh/Root/Annotated Diseased Shrimp Images/Annotated Diseased Shrimp Images/4. WSSV_BG/images/WSSV_BG-67-img-1.jpg,/home/drnguyenvinh/notebooks/shrimp_dataset_eda_label_model_analysis_v1/kaggle_raw/shrimpdiseaseimagebd/ShrimpDiseaseImageBD An Image Dataset for Computer Vision-Based Detection of Shrimp Diseases in Bangladesh/Root/Annotated Diseased Shrimp Images/Annotated Diseased Shrimp Images/4. WSSV_BG/labels/WSSV_BG-67-img-1.txt,10,"0,1",WSSV_BG,WSSV_BG-67-img-1,2048
1.0,"0,1",WSSV_BG,WSSV_BG-67-img-2.jpg,217.8095703125,2048,/home/drnguyenvinh/notebooks/shrimp_dataset_eda_label_model_analysis_v1/kaggle_raw/shrimpdiseaseimagebd/ShrimpDiseaseImageBD An Image Dataset for Computer Vision-Based Detection of Shrimp Diseases in Bangladesh/Root/Annotated Diseased Shrimp Images/Annotated Diseased Shrimp Images/4. WSSV_BG/images/WSSV_BG-67-img-2.jpg,/home/drnguyenvinh/notebooks/shrimp_dataset_eda_label_model_analysis_v1/kaggle_raw/shrimpdiseaseimagebd/ShrimpDiseaseImageBD An Image Dataset for Computer Vision-Based Detection of Shrimp Diseases in Bangladesh/Root/Annotated Diseased Shrimp Images/Annotated Diseased Shrimp Images/4. WSSV_BG/labels/WSSV_BG-67-img-2.txt,7,"0,1",WSSV_BG,WSSV_BG-67-img-2,2048
1.0,"0,1",WSSV_BG,WSSV_BG-67-img-3.jpg,228.9501953125,2048,/home/drnguyenvinh/notebooks/shrimp_dataset_eda_label_model_analysis_v1/kaggle_raw/shrimpdiseaseimagebd/ShrimpDiseaseImageBD An Image Dataset for Computer Vision-Based Detection of Shrimp Diseases in Bangladesh/Root/Annotated Diseased Shrimp Images/Annotated Diseased Shrimp Images/4. WSSV_BG/images/WSSV_BG-67-img-3.jpg,/home/drnguyenvinh/notebooks/shrimp_dataset_eda_label_model_analysis_v1/kaggle_raw/shrimpdiseaseimagebd/ShrimpDiseaseImageBD An Image Dataset for Computer Vision-Based Detection of Shrimp Diseases in Bangladesh/Root/Annotated Diseased Shrimp Images/Annotated Diseased Shrimp Images/4. WSSV_BG/labels/WSSV_BG-67-img-3.txt,7,"0,1",WSSV_BG,WSSV_BG-67-img-3,2048
1.0,"0,1",WSSV_BG,WSSV_BG-68-img-1.jpg,216.7412109375,2048,/home/drnguyenvinh/notebooks/shrimp_dataset_eda_label_model_analysis_v1/kaggle_raw/shrimpdiseaseimagebd/ShrimpDiseaseImageBD An Image Dataset for Computer Vision-Based Detection of Shrimp Diseases in Bangladesh/Root/Annotated Diseased Shrimp Images/Annotated Diseased Shrimp Images/4. WSSV_BG/images/WSSV_BG-68-img-1.jpg,/home/drnguyenvinh/notebooks/shrimp_dataset_eda_label_model_analysis_v1/kaggle_raw/shrimpdiseaseimagebd/ShrimpDiseaseImageBD An Image Dataset for Computer Vision-Based Detection of Shrimp Diseases in Bangladesh/Root/Annotated Diseased Shrimp Images/Annotated Diseased Shrimp Images/4. WSSV_BG/labels/WSSV_BG-68-img-1.txt,14,"0,1",WSSV_BG,WSSV_BG-68-img-1,2048
1.0,"0,1",WSSV_BG,WSSV_BG-68-img-2.jpg,219.9140625,2048,/home/drnguyenvinh/notebooks/shrimp_dataset_eda_label_model_analysis_v1/kaggle_raw/shrimpdiseaseimagebd/ShrimpDiseaseImageBD An Image Dataset for Computer Vision-Based Detection of Shrimp Diseases in Bangladesh/Root/Annotated Diseased Shrimp Images/Annotated Diseased Shrimp Images/4. WSSV_BG/images/WSSV_BG-68-img-2.jpg,/home/drnguyenvinh/notebooks/shrimp_dataset_eda_label_model_analysis_v1/kaggle_raw/shrimpdiseaseimagebd/ShrimpDiseaseImageBD An Image Dataset for Computer Vision-Based Detection of Shrimp Diseases in Bangladesh/Root/Annotated Diseased Shrimp Images/Annotated Diseased Shrimp Images/4. WSSV_BG/labels/WSSV_BG-68-img-2.txt,11,"0,1",WSSV_BG,WSSV_BG-68-img-2,2048
1.0,"0,1",WSSV_BG,WSSV_BG-68-img-3.jpg,237.876953125,2048,/home/drnguyenvinh/notebooks/shrimp_dataset_eda_label_model_analysis_v1/kaggle_raw/shrimpdiseaseimagebd/ShrimpDiseaseImageBD An Image Dataset for Computer Vision-Based Detection of Shrimp Diseases in Bangladesh/Root/Annotated Diseased Shrimp Images/Annotated Diseased Shrimp Images/4. WSSV_BG/images/WSSV_BG-68-img-3.jpg,/home/drnguyenvinh/notebooks/shrimp_dataset_eda_label_model_analysis_v1/kaggle_raw/shrimpdiseaseimagebd/ShrimpDiseaseImageBD An Image Dataset for Computer Vision-Based Detection of Shrimp Diseases in Bangladesh/Root/Annotated Diseased Shrimp Images/Annotated Diseased Shrimp Images/4. WSSV_BG/labels/WSSV_BG-68-img-3.txt,8,"0,1",WSSV_BG,WSSV_BG-68-img-3,2048
1.0,"0,1",WSSV_BG,WSSV_BG-69-img-1.jpg,193.232421875,2048,/home/drnguyenvinh/notebooks/shrimp_dataset_eda_label_model_analysis_v1/kaggle_raw/shrimpdiseaseimagebd/ShrimpDiseaseImageBD An Image Dataset for Computer Vision-Based Detection of Shrimp Diseases in Bangladesh/Root/Annotated Diseased Shrimp Images/Annotated Diseased Shrimp Images/4. WSSV_BG/images/WSSV_BG-69-img-1.jpg,/home/drnguyenvinh/notebooks/shrimp_dataset_eda_label_model_analysis_v1/kaggle_raw/shrimpdiseaseimagebd/ShrimpDiseaseImageBD An Image Dataset for Computer Vision-Based Detection of Shrimp Diseases in Bangladesh/Root/Annotated Diseased Shrimp Images/Annotated Diseased Shrimp Images/4. WSSV_BG/labels/WSSV_BG-69-img-1.txt,16,"0,1",WSSV_BG,WSSV_BG-69-img-1,2048
1.0,"0,1",WSSV_BG,WSSV_BG-69-img-2.jpg,190.75,2048,/home/drnguyenvinh/notebooks/shrimp_dataset_eda_label_model_analysis_v1/kaggle_raw/shrimpdiseaseimagebd/ShrimpDiseaseImageBD An Image Dataset for Computer Vision-Based Detection of Shrimp Diseases in Bangladesh/Root/Annotated Diseased Shrimp Images/Annotated Diseased Shrimp Images/4. WSSV_BG/images/WSSV_BG-69-img-2.jpg,/home/drnguyenvinh/notebooks/shrimp_dataset_eda_label_model_analysis_v1/kaggle_raw/shrimpdiseaseimagebd/ShrimpDiseaseImageBD An Image Dataset for Computer Vision-Based Detection of Shrimp Diseases in Bangladesh/Root/Annotated Diseased Shrimp Images/Annotated Diseased Shrimp Images/4. WSSV_BG/labels/WSSV_BG-69-img-2.txt,14,"0,1",WSSV_BG,WSSV_BG-69-img-2,2048
1.0,"0,1",WSSV_BG,WSSV_BG-69-img-3.jpg,205.173828125,2048,/home/drnguyenvinh/notebooks/shrimp_dataset_eda_label_model_analysis_v1/kaggle_raw/shrimpdiseaseimagebd/ShrimpDiseaseImageBD An Image Dataset for Computer Vision-Based Detection of Shrimp Diseases in Bangladesh/Root/Annotated Diseased Shrimp Images/Annotated Diseased Shrimp Images/4. WSSV_BG/images/WSSV_BG-69-img-3.jpg,/home/drnguyenvinh/notebooks/shrimp_dataset_eda_label_model_analysis_v1/kaggle_raw/shrimpdiseaseimagebd/ShrimpDiseaseImageBD An Image Dataset for Computer Vision-Based Detection of Shrimp Diseases in Bangladesh/Root/Annotated Diseased Shrimp Images/Annotated Diseased Shrimp Images/4. WSSV_BG/labels/WSSV_BG-69-img-3.txt,11,"0,1",WSSV_BG,WSSV_BG-69-img-3,2048
1.0,"0,1",WSSV_BG,WSSV_BG-7-img-1.jpg,864.509765625,2048,/home/drnguyenvinh/notebooks/shrimp_dataset_eda_label_model_analysis_v1/kaggle_raw/shrimpdiseaseimagebd/ShrimpDiseaseImageBD An Image Dataset for Computer Vision-Based Detection of Shrimp Diseases in Bangladesh/Root/Annotated Diseased Shrimp Images/Annotated Diseased Shrimp Images/4. WSSV_BG/images/WSSV_BG-7-img-1.jpg,/home/drnguyenvinh/notebooks/shrimp_dataset_eda_label_model_analysis_v1/kaggle_raw/shrimpdiseaseimagebd/ShrimpDiseaseImageBD An Image Dataset for Computer Vision-Based Detection of Shrimp Diseases in Bangladesh/Root/Annotated Diseased Shrimp Images/Annotated Diseased Shrimp Images/4. WSSV_BG/labels/WSSV_BG-7-img-1.txt,7,"0,1",WSSV_BG,WSSV_BG-7-img-1,2048
1.0,"0,1",WSSV_BG,WSSV_BG-7-img-2.jpg,769.13671875,2048,/home/drnguyenvinh/notebooks/shrimp_dataset_eda_label_model_analysis_v1/kaggle_raw/shrimpdiseaseimagebd/ShrimpDiseaseImageBD An Image Dataset for Computer Vision-Based Detection of Shrimp Diseases in Bangladesh/Root/Annotated Diseased Shrimp Images/Annotated Diseased Shrimp Images/4. WSSV_BG/images/WSSV_BG-7-img-2.jpg,/home/drnguyenvinh/notebooks/shrimp_dataset_eda_label_model_analysis_v1/kaggle_raw/shrimpdiseaseimagebd/ShrimpDiseaseImageBD An Image Dataset for Computer Vision-Based Detection of Shrimp Diseases in Bangladesh/Root/Annotated Diseased Shrimp Images/Annotated Diseased Shrimp Images/4. WSSV_BG/labels/WSSV_BG-7-img-2.txt,5,"0,1",WSSV_BG,WSSV_BG-7-img-2,2048
1.0,"0,1",WSSV_BG,WSSV_BG-7-img-3.jpg,579.8408203125,2048,/home/drnguyenvinh/notebooks/shrimp_dataset_eda_label_model_analysis_v1/kaggle_raw/shrimpdiseaseimagebd/ShrimpDiseaseImageBD An Image Dataset for Computer Vision-Based Detection of Shrimp Diseases in Bangladesh/Root/Annotated Diseased Shrimp Images/Annotated Diseased Shrimp Images/4. WSSV_BG/images/WSSV_BG-7-img-3.jpg,/home/drnguyenvinh/notebooks/shrimp_dataset_eda_label_model_analysis_v1/kaggle_raw/shrimpdiseaseimagebd/ShrimpDiseaseImageBD An Image Dataset for Computer Vision-Based Detection of Shrimp Diseases in Bangladesh/Root/Annotated Diseased Shrimp Images/Annotated Diseased Shrimp Images/4. WSSV_BG/labels/WSSV_BG-7-img-3.txt,10,"0,1",WSSV_BG,WSSV_BG-7-img-3,2048
1.0,"0,1",WSSV_BG,WSSV_BG-70-img-1.jpg,203.4677734375,2048,/home/drnguyenvinh/notebooks/shrimp_dataset_eda_label_model_analysis_v1/kaggle_raw/shrimpdiseaseimagebd/ShrimpDiseaseImageBD An Image Dataset for Computer Vision-Based Detection of Shrimp Diseases in Bangladesh/Root/Annotated Diseased Shrimp Images/Annotated Diseased Shrimp Images/4. WSSV_BG/images/WSSV_BG-70-img-1.jpg,/home/drnguyenvinh/notebooks/shrimp_dataset_eda_label_model_analysis_v1/kaggle_raw/shrimpdiseaseimagebd/ShrimpDiseaseImageBD An Image Dataset for Computer Vision-Based Detection of Shrimp Diseases in Bangladesh/Root/Annotated Diseased Shrimp Images/Annotated Diseased Shrimp Images/4. WSSV_BG/labels/WSSV_BG-70-img-1.txt,18,"0,1",WSSV_BG,WSSV_BG-70-img-1,2048
1.0,"0,1",WSSV_BG,WSSV_BG-70-img-2.jpg,196.4453125,2048,/home/drnguyenvinh/notebooks/shrimp_dataset_eda_label_model_analysis_v1/kaggle_raw/shrimpdiseaseimagebd/ShrimpDiseaseImageBD An Image Dataset for Computer Vision-Based Detection of Shrimp Diseases in Bangladesh/Root/Annotated Diseased Shrimp Images/Annotated Diseased Shrimp Images/4. WSSV_BG/images/WSSV_BG-70-img-2.jpg,/home/drnguyenvinh/notebooks/shrimp_dataset_eda_label_model_analysis_v1/kaggle_raw/shrimpdiseaseimagebd/ShrimpDiseaseImageBD An Image Dataset for Computer Vision-Based Detection of Shrimp Diseases in Bangladesh/Root/Annotated Diseased Shrimp Images/Annotated Diseased Shrimp Images/4. WSSV_BG/labels/WSSV_BG-70-img-2.txt,13,"0,1",WSSV_BG,WSSV_BG-70-img-2,2048
1.0,"0,1",WSSV_BG,WSSV_BG-70-img-3.jpg,186.056640625,2048,/home/drnguyenvinh/notebooks/shrimp_dataset_eda_label_model_analysis_v1/kaggle_raw/shrimpdiseaseimagebd/ShrimpDiseaseImageBD An Image Dataset for Computer Vision-Based Detection of Shrimp Diseases in Bangladesh/Root/Annotated Diseased Shrimp Images/Annotated Diseased Shrimp Images/4. WSSV_BG/images/WSSV_BG-70-img-3.jpg,/home/drnguyenvinh/notebooks/shrimp_dataset_eda_label_model_analysis_v1/kaggle_raw/shrimpdiseaseimagebd/ShrimpDiseaseImageBD An Image Dataset for Computer Vision-Based Detection of Shrimp Diseases in Bangladesh/Root/Annotated Diseased Shrimp Images/Annotated Diseased Shrimp Images/4. WSSV_BG/labels/WSSV_BG-70-img-3.txt,15,"0,1",WSSV_BG,WSSV_BG-70-img-3,2048
1.0,"0,1",WSSV_BG,WSSV_BG-71-img-1.jpg,198.8203125,2048,/home/drnguyenvinh/notebooks/shrimp_dataset_eda_label_model_analysis_v1/kaggle_raw/shrimpdiseaseimagebd/ShrimpDiseaseImageBD An Image Dataset for Computer Vision-Based Detection of Shrimp Diseases in Bangladesh/Root/Annotated Diseased Shrimp Images/Annotated Diseased Shrimp Images/4. WSSV_BG/images/WSSV_BG-71-img-1.jpg,/home/drnguyenvinh/notebooks/shrimp_dataset_eda_label_model_analysis_v1/kaggle_raw/shrimpdiseaseimagebd/ShrimpDiseaseImageBD An Image Dataset for Computer Vision-Based Detection of Shrimp Diseases in Bangladesh/Root/Annotated Diseased Shrimp Images/Annotated Diseased Shrimp Images/4. WSSV_BG/labels/WSSV_BG-71-img-1.txt,8,"0,1",WSSV_BG,WSSV_BG-71-img-1,2048
1.0,"0,1",WSSV_BG,WSSV_BG-71-img-2.jpg,212.990234375,2048,/home/drnguyenvinh/notebooks/shrimp_dataset_eda_label_model_analysis_v1/kaggle_raw/shrimpdiseaseimagebd/ShrimpDiseaseImageBD An Image Dataset for Computer Vision-Based Detection of Shrimp Diseases in Bangladesh/Root/Annotated Diseased Shrimp Images/Annotated Diseased Shrimp Images/4. WSSV_BG/images/WSSV_BG-71-img-2.jpg,/home/drnguyenvinh/notebooks/shrimp_dataset_eda_label_model_analysis_v1/kaggle_raw/shrimpdiseaseimagebd/ShrimpDiseaseImageBD An Image Dataset for Computer Vision-Based Detection of Shrimp Diseases in Bangladesh/Root/Annotated Diseased Shrimp Images/Annotated Diseased Shrimp Images/4. WSSV_BG/labels/WSSV_BG-71-img-2.txt,13,"0,1",WSSV_BG,WSSV_BG-71-img-2,2048
1.0,"0,1",WSSV_BG,WSSV_BG-71-img-3.jpg,200.0126953125,2048,/home/drnguyenvinh/notebooks/shrimp_dataset_eda_label_model_analysis_v1/kaggle_raw/shrimpdiseaseimagebd/ShrimpDiseaseImageBD An Image Dataset for Computer Vision-Based Detection of Shrimp Diseases in Bangladesh/Root/Annotated Diseased Shrimp Images/Annotated Diseased Shrimp Images/4. WSSV_BG/images/WSSV_BG-71-img-3.jpg,/home/drnguyenvinh/notebooks/shrimp_dataset_eda_label_model_analysis_v1/kaggle_raw/shrimpdiseaseimagebd/ShrimpDiseaseImageBD An Image Dataset for Computer Vision-Based Detection of Shrimp Diseases in Bangladesh/Root/Annotated Diseased Shrimp Images/Annotated Diseased Shrimp Images/4. WSSV_BG/labels/WSSV_BG-71-img-3.txt,14,"0,1",WSSV_BG,WSSV_BG-71-img-3,2048
1.0,"0,1",WSSV_BG,WSSV_BG-72-img-1.jpg,205.2783203125,2048,/home/drnguyenvinh/notebooks/shrimp_dataset_eda_label_model_analysis_v1/kaggle_raw/shrimpdiseaseimagebd/ShrimpDiseaseImageBD An Image Dataset for Computer Vision-Based Detection of Shrimp Diseases in Bangladesh/Root/Annotated Diseased Shrimp Images/Annotated Diseased Shrimp Images/4. WSSV_BG/images/WSSV_BG-72-img-1.jpg,/home/drnguyenvinh/notebooks/shrimp_dataset_eda_label_model_analysis_v1/kaggle_raw/shrimpdiseaseimagebd/ShrimpDiseaseImageBD An Image Dataset for Computer Vision-Based Detection of Shrimp Diseases in Bangladesh/Root/Annotated Diseased Shrimp Images/Annotated Diseased Shrimp Images/4. WSSV_BG/labels/WSSV_BG-72-img-1.txt,11,"0,1",WSSV_BG,WSSV_BG-72-img-1,2048
1.0,"0,1",WSSV_BG,WSSV_BG-72-img-2.jpg,197.6259765625,2048,/home/drnguyenvinh/notebooks/shrimp_dataset_eda_label_model_analysis_v1/kaggle_raw/shrimpdiseaseimagebd/ShrimpDiseaseImageBD An Image Dataset for Computer Vision-Based Detection of Shrimp Diseases in Bangladesh/Root/Annotated Diseased Shrimp Images/Annotated Diseased Shrimp Images/4. WSSV_BG/images/WSSV_BG-72-img-2.jpg,/home/drnguyenvinh/notebooks/shrimp_dataset_eda_label_model_analysis_v1/kaggle_raw/shrimpdiseaseimagebd/ShrimpDiseaseImageBD An Image Dataset for Computer Vision-Based Detection of Shrimp Diseases in Bangladesh/Root/Annotated Diseased Shrimp Images/Annotated Diseased Shrimp Images/4. WSSV_BG/labels/WSSV_BG-72-img-2.txt,13,"0,1",WSSV_BG,WSSV_BG-72-img-2,2048
1.0,"0,1",WSSV_BG,WSSV_BG-72-img-3.jpg,206.7314453125,2048,/home/drnguyenvinh/notebooks/shrimp_dataset_eda_label_model_analysis_v1/kaggle_raw/shrimpdiseaseimagebd/ShrimpDiseaseImageBD An Image Dataset for Computer Vision-Based Detection of Shrimp Diseases in Bangladesh/Root/Annotated Diseased Shrimp Images/Annotated Diseased Shrimp Images/4. WSSV_BG/images/WSSV_BG-72-img-3.jpg,/home/drnguyenvinh/notebooks/shrimp_dataset_eda_label_model_analysis_v1/kaggle_raw/shrimpdiseaseimagebd/ShrimpDiseaseImageBD An Image Dataset for Computer Vision-Based Detection of Shrimp Diseases in Bangladesh/Root/Annotated Diseased Shrimp Images/Annotated Diseased Shrimp Images/4. WSSV_BG/labels/WSSV_BG-72-img-3.txt,8,"0,1",WSSV_BG,WSSV_BG-72-img-3,2048
1.0,"0,1",WSSV_BG,WSSV_BG-73-img-1.jpg,205.1201171875,2048,/home/drnguyenvinh/notebooks/shrimp_dataset_eda_label_model_analysis_v1/kaggle_raw/shrimpdiseaseimagebd/ShrimpDiseaseImageBD An Image Dataset for Computer Vision-Based Detection of Shrimp Diseases in Bangladesh/Root/Annotated Diseased Shrimp Images/Annotated Diseased Shrimp Images/4. WSSV_BG/images/WSSV_BG-73-img-1.jpg,/home/drnguyenvinh/notebooks/shrimp_dataset_eda_label_model_analysis_v1/kaggle_raw/shrimpdiseaseimagebd/ShrimpDiseaseImageBD An Image Dataset for Computer Vision-Based Detection of Shrimp Diseases in Bangladesh/Root/Annotated Diseased Shrimp Images/Annotated Diseased Shrimp Images/4. WSSV_BG/labels/WSSV_BG-73-img-1.txt,12,"0,1",WSSV_BG,WSSV_BG-73-img-1,2048
1.0,"0,1",WSSV_BG,WSSV_BG-74-img-1.jpg,227.1240234375,2048,/home/drnguyenvinh/notebooks/shrimp_dataset_eda_label_model_analysis_v1/kaggle_raw/shrimpdiseaseimagebd/ShrimpDiseaseImageBD An Image Dataset for Computer Vision-Based Detection of Shrimp Diseases in Bangladesh/Root/Annotated Diseased Shrimp Images/Annotated Diseased Shrimp Images/4. WSSV_BG/images/WSSV_BG-74-img-1.jpg,/home/drnguyenvinh/notebooks/shrimp_dataset_eda_label_model_analysis_v1/kaggle_raw/shrimpdiseaseimagebd/ShrimpDiseaseImageBD An Image Dataset for Computer Vision-Based Detection of Shrimp Diseases in Bangladesh/Root/Annotated Diseased Shrimp Images/Annotated Diseased Shrimp Images/4. WSSV_BG/labels/WSSV_BG-74-img-1.txt,10,"0,1",WSSV_BG,WSSV_BG-74-img-1,2048
1.0,"0,1",WSSV_BG,WSSV_BG-74-img-2.jpg,224.884765625,2048,/home/drnguyenvinh/notebooks/shrimp_dataset_eda_label_model_analysis_v1/kaggle_raw/shrimpdiseaseimagebd/ShrimpDiseaseImageBD An Image Dataset for Computer Vision-Based Detection of Shrimp Diseases in Bangladesh/Root/Annotated Diseased Shrimp Images/Annotated Diseased Shrimp Images/4. WSSV_BG/images/WSSV_BG-74-img-2.jpg,/home/drnguyenvinh/notebooks/shrimp_dataset_eda_label_model_analysis_v1/kaggle_raw/shrimpdiseaseimagebd/ShrimpDiseaseImageBD An Image Dataset for Computer Vision-Based Detection of Shrimp Diseases in Bangladesh/Root/Annotated Diseased Shrimp Images/Annotated Diseased Shrimp Images/4. WSSV_BG/labels/WSSV_BG-74-img-2.txt,8,"0,1",WSSV_BG,WSSV_BG-74-img-2,2048
1.0,"0,1",WSSV_BG,WSSV_BG-74-img-3.jpg,205.392578125,2048,/home/drnguyenvinh/notebooks/shrimp_dataset_eda_label_model_analysis_v1/kaggle_raw/shrimpdiseaseimagebd/ShrimpDiseaseImageBD An Image Dataset for Computer Vision-Based Detection of Shrimp Diseases in Bangladesh/Root/Annotated Diseased Shrimp Images/Annotated Diseased Shrimp Images/4. WSSV_BG/images/WSSV_BG-74-img-3.jpg,/home/drnguyenvinh/notebooks/shrimp_dataset_eda_label_model_analysis_v1/kaggle_raw/shrimpdiseaseimagebd/ShrimpDiseaseImageBD An Image Dataset for Computer Vision-Based Detection of Shrimp Diseases in Bangladesh/Root/Annotated Diseased Shrimp Images/Annotated Diseased Shrimp Images/4. WSSV_BG/labels/WSSV_BG-74-img-3.txt,8,"0,1",WSSV_BG,WSSV_BG-74-img-3,2048
1.0,"0,1",WSSV_BG,WSSV_BG-75-img-1.jpg,227.01953125,2048,/home/drnguyenvinh/notebooks/shrimp_dataset_eda_label_model_analysis_v1/kaggle_raw/shrimpdiseaseimagebd/ShrimpDiseaseImageBD An Image Dataset for Computer Vision-Based Detection of Shrimp Diseases in Bangladesh/Root/Annotated Diseased Shrimp Images/Annotated Diseased Shrimp Images/4. WSSV_BG/images/WSSV_BG-75-img-1.jpg,/home/drnguyenvinh/notebooks/shrimp_dataset_eda_label_model_analysis_v1/kaggle_raw/shrimpdiseaseimagebd/ShrimpDiseaseImageBD An Image Dataset for Computer Vision-Based Detection of Shrimp Diseases in Bangladesh/Root/Annotated Diseased Shrimp Images/Annotated Diseased Shrimp Images/4. WSSV_BG/labels/WSSV_BG-75-img-1.txt,5,"0,1",WSSV_BG,WSSV_BG-75-img-1,2048
1.0,"0,1",WSSV_BG,WSSV_BG-75-img-2.jpg,235.7744140625,2048,/home/drnguyenvinh/notebooks/shrimp_dataset_eda_label_model_analysis_v1/kaggle_raw/shrimpdiseaseimagebd/ShrimpDiseaseImageBD An Image Dataset for Computer Vision-Based Detection of Shrimp Diseases in Bangladesh/Root/Annotated Diseased Shrimp Images/Annotated Diseased Shrimp Images/4. WSSV_BG/images/WSSV_BG-75-img-2.jpg,/home/drnguyenvinh/notebooks/shrimp_dataset_eda_label_model_analysis_v1/kaggle_raw/shrimpdiseaseimagebd/ShrimpDiseaseImageBD An Image Dataset for Computer Vision-Based Detection of Shrimp Diseases in Bangladesh/Root/Annotated Diseased Shrimp Images/Annotated Diseased Shrimp Images/4. WSSV_BG/labels/WSSV_BG-75-img-2.txt,10,"0,1",WSSV_BG,WSSV_BG-75-img-2,2048
1.0,"0,1",WSSV_BG,WSSV_BG-76-img-1.jpg,222.5166015625,2048,/home/drnguyenvinh/notebooks/shrimp_dataset_eda_label_model_analysis_v1/kaggle_raw/shrimpdiseaseimagebd/ShrimpDiseaseImageBD An Image Dataset for Computer Vision-Based Detection of Shrimp Diseases in Bangladesh/Root/Annotated Diseased Shrimp Images/Annotated Diseased Shrimp Images/4. WSSV_BG/images/WSSV_BG-76-img-1.jpg,/home/drnguyenvinh/notebooks/shrimp_dataset_eda_label_model_analysis_v1/kaggle_raw/shrimpdiseaseimagebd/ShrimpDiseaseImageBD An Image Dataset for Computer Vision-Based Detection of Shrimp Diseases in Bangladesh/Root/Annotated Diseased Shrimp Images/Annotated Diseased Shrimp Images/4. WSSV_BG/labels/WSSV_BG-76-img-1.txt,10,"0,1",WSSV_BG,WSSV_BG-76-img-1,2048
1.0,"0,1",WSSV_BG,WSSV_BG-76-img-2.jpg,229.5302734375,2048,/home/drnguyenvinh/notebooks/shrimp_dataset_eda_label_model_analysis_v1/kaggle_raw/shrimpdiseaseimagebd/ShrimpDiseaseImageBD An Image Dataset for Computer Vision-Based Detection of Shrimp Diseases in Bangladesh/Root/Annotated Diseased Shrimp Images/Annotated Diseased Shrimp Images/4. WSSV_BG/images/WSSV_BG-76-img-2.jpg,/home/drnguyenvinh/notebooks/shrimp_dataset_eda_label_model_analysis_v1/kaggle_raw/shrimpdiseaseimagebd/ShrimpDiseaseImageBD An Image Dataset for Computer Vision-Based Detection of Shrimp Diseases in Bangladesh/Root/Annotated Diseased Shrimp Images/Annotated Diseased Shrimp Images/4. WSSV_BG/labels/WSSV_BG-76-img-2.txt,14,"0,1",WSSV_BG,WSSV_BG-76-img-2,2048
1.0,"0,1",WSSV_BG,WSSV_BG-76-img-3.jpg,220.96484375,2048,/home/drnguyenvinh/notebooks/shrimp_dataset_eda_label_model_analysis_v1/kaggle_raw/shrimpdiseaseimagebd/ShrimpDiseaseImageBD An Image Dataset for Computer Vision-Based Detection of Shrimp Diseases in Bangladesh/Root/Annotated Diseased Shrimp Images/Annotated Diseased Shrimp Images/4. WSSV_BG/images/WSSV_BG-76-img-3.jpg,/home/drnguyenvinh/notebooks/shrimp_dataset_eda_label_model_analysis_v1/kaggle_raw/shrimpdiseaseimagebd/ShrimpDiseaseImageBD An Image Dataset for Computer Vision-Based Detection of Shrimp Diseases in Bangladesh/Root/Annotated Diseased Shrimp Images/Annotated Diseased Shrimp Images/4. WSSV_BG/labels/WSSV_BG-76-img-3.txt,16,"0,1",WSSV_BG,WSSV_BG-76-img-3,2048
1.0,"0,1",WSSV_BG,WSSV_BG-77-img-1.jpg,200.2421875,2048,/home/drnguyenvinh/notebooks/shrimp_dataset_eda_label_model_analysis_v1/kaggle_raw/shrimpdiseaseimagebd/ShrimpDiseaseImageBD An Image Dataset for Computer Vision-Based Detection of Shrimp Diseases in Bangladesh/Root/Annotated Diseased Shrimp Images/Annotated Diseased Shrimp Images/4. WSSV_BG/images/WSSV_BG-77-img-1.jpg,/home/drnguyenvinh/notebooks/shrimp_dataset_eda_label_model_analysis_v1/kaggle_raw/shrimpdiseaseimagebd/ShrimpDiseaseImageBD An Image Dataset for Computer Vision-Based Detection of Shrimp Diseases in Bangladesh/Root/Annotated Diseased Shrimp Images/Annotated Diseased Shrimp Images/4. WSSV_BG/labels/WSSV_BG-77-img-1.txt,10,"0,1",WSSV_BG,WSSV_BG-77-img-1,2048
1.0,"0,1",WSSV_BG,WSSV_BG-77-img-2.jpg,234.080078125,2048,/home/drnguyenvinh/notebooks/shrimp_dataset_eda_label_model_analysis_v1/kaggle_raw/shrimpdiseaseimagebd/ShrimpDiseaseImageBD An Image Dataset for Computer Vision-Based Detection of Shrimp Diseases in Bangladesh/Root/Annotated Diseased Shrimp Images/Annotated Diseased Shrimp Images/4. WSSV_BG/images/WSSV_BG-77-img-2.jpg,/home/drnguyenvinh/notebooks/shrimp_dataset_eda_label_model_analysis_v1/kaggle_raw/shrimpdiseaseimagebd/ShrimpDiseaseImageBD An Image Dataset for Computer Vision-Based Detection of Shrimp Diseases in Bangladesh/Root/Annotated Diseased Shrimp Images/Annotated Diseased Shrimp Images/4. WSSV_BG/labels/WSSV_BG-77-img-2.txt,7,"0,1",WSSV_BG,WSSV_BG-77-img-2,2048
1.0,"0,1",WSSV_BG,WSSV_BG-77-img-3.jpg,185.83984375,2048,/home/drnguyenvinh/notebooks/shrimp_dataset_eda_label_model_analysis_v1/kaggle_raw/shrimpdiseaseimagebd/ShrimpDiseaseImageBD An Image Dataset for Computer Vision-Based Detection of Shrimp Diseases in Bangladesh/Root/Annotated Diseased Shrimp Images/Annotated Diseased Shrimp Images/4. WSSV_BG/images/WSSV_BG-77-img-3.jpg,/home/drnguyenvinh/notebooks/shrimp_dataset_eda_label_model_analysis_v1/kaggle_raw/shrimpdiseaseimagebd/ShrimpDiseaseImageBD An Image Dataset for Computer Vision-Based Detection of Shrimp Diseases in Bangladesh/Root/Annotated Diseased Shrimp Images/Annotated Diseased Shrimp Images/4. WSSV_BG/labels/WSSV_BG-77-img-3.txt,8,"0,1",WSSV_BG,WSSV_BG-77-img-3,2048
1.0,"0,1",WSSV_BG,WSSV_BG-78-img-1.jpg,213.375,2048,/home/drnguyenvinh/notebooks/shrimp_dataset_eda_label_model_analysis_v1/kaggle_raw/shrimpdiseaseimagebd/ShrimpDiseaseImageBD An Image Dataset for Computer Vision-Based Detection of Shrimp Diseases in Bangladesh/Root/Annotated Diseased Shrimp Images/Annotated Diseased Shrimp Images/4. WSSV_BG/images/WSSV_BG-78-img-1.jpg,/home/drnguyenvinh/notebooks/shrimp_dataset_eda_label_model_analysis_v1/kaggle_raw/shrimpdiseaseimagebd/ShrimpDiseaseImageBD An Image Dataset for Computer Vision-Based Detection of Shrimp Diseases in Bangladesh/Root/Annotated Diseased Shrimp Images/Annotated Diseased Shrimp Images/4. WSSV_BG/labels/WSSV_BG-78-img-1.txt,7,"0,1",WSSV_BG,WSSV_BG-78-img-1,2048
1.0,"0,1",WSSV_BG,WSSV_BG-78-img-2.jpg,210.2158203125,2048,/home/drnguyenvinh/notebooks/shrimp_dataset_eda_label_model_analysis_v1/kaggle_raw/shrimpdiseaseimagebd/ShrimpDiseaseImageBD An Image Dataset for Computer Vision-Based Detection of Shrimp Diseases in Bangladesh/Root/Annotated Diseased Shrimp Images/Annotated Diseased Shrimp Images/4. WSSV_BG/images/WSSV_BG-78-img-2.jpg,/home/drnguyenvinh/notebooks/shrimp_dataset_eda_label_model_analysis_v1/kaggle_raw/shrimpdiseaseimagebd/ShrimpDiseaseImageBD An Image Dataset for Computer Vision-Based Detection of Shrimp Diseases in Bangladesh/Root/Annotated Diseased Shrimp Images/Annotated Diseased Shrimp Images/4. WSSV_BG/labels/WSSV_BG-78-img-2.txt,11,"0,1",WSSV_BG,WSSV_BG-78-img-2,2048
1.0,"0,1",WSSV_BG,WSSV_BG-78-img-3.jpg,222.587890625,2048,/home/drnguyenvinh/notebooks/shrimp_dataset_eda_label_model_analysis_v1/kaggle_raw/shrimpdiseaseimagebd/ShrimpDiseaseImageBD An Image Dataset for Computer Vision-Based Detection of Shrimp Diseases in Bangladesh/Root/Annotated Diseased Shrimp Images/Annotated Diseased Shrimp Images/4. WSSV_BG/images/WSSV_BG-78-img-3.jpg,/home/drnguyenvinh/notebooks/shrimp_dataset_eda_label_model_analysis_v1/kaggle_raw/shrimpdiseaseimagebd/ShrimpDiseaseImageBD An Image Dataset for Computer Vision-Based Detection of Shrimp Diseases in Bangladesh/Root/Annotated Diseased Shrimp Images/Annotated Diseased Shrimp Images/4. WSSV_BG/labels/WSSV_BG-78-img-3.txt,15,"0,1",WSSV_BG,WSSV_BG-78-img-3,2048
1.0,"0,1",WSSV_BG,WSSV_BG-79-img-1.jpg,199.3515625,2048,/home/drnguyenvinh/notebooks/shrimp_dataset_eda_label_model_analysis_v1/kaggle_raw/shrimpdiseaseimagebd/ShrimpDiseaseImageBD An Image Dataset for Computer Vision-Based Detection of Shrimp Diseases in Bangladesh/Root/Annotated Diseased Shrimp Images/Annotated Diseased Shrimp Images/4. WSSV_BG/images/WSSV_BG-79-img-1.jpg,/home/drnguyenvinh/notebooks/shrimp_dataset_eda_label_model_analysis_v1/kaggle_raw/shrimpdiseaseimagebd/ShrimpDiseaseImageBD An Image Dataset for Computer Vision-Based Detection of Shrimp Diseases in Bangladesh/Root/Annotated Diseased Shrimp Images/Annotated Diseased Shrimp Images/4. WSSV_BG/labels/WSSV_BG-79-img-1.txt,12,"0,1",WSSV_BG,WSSV_BG-79-img-1,2048
1.0,"0,1",WSSV_BG,WSSV_BG-79-img-2.jpg,252.619140625,2048,/home/drnguyenvinh/notebooks/shrimp_dataset_eda_label_model_analysis_v1/kaggle_raw/shrimpdiseaseimagebd/ShrimpDiseaseImageBD An Image Dataset for Computer Vision-Based Detection of Shrimp Diseases in Bangladesh/Root/Annotated Diseased Shrimp Images/Annotated Diseased Shrimp Images/4. WSSV_BG/images/WSSV_BG-79-img-2.jpg,/home/drnguyenvinh/notebooks/shrimp_dataset_eda_label_model_analysis_v1/kaggle_raw/shrimpdiseaseimagebd/ShrimpDiseaseImageBD An Image Dataset for Computer Vision-Based Detection of Shrimp Diseases in Bangladesh/Root/Annotated Diseased Shrimp Images/Annotated Diseased Shrimp Images/4. WSSV_BG/labels/WSSV_BG-79-img-2.txt,9,"0,1",WSSV_BG,WSSV_BG-79-img-2,2048
1.0,"0,1",WSSV_BG,WSSV_BG-79-img-3.jpg,201.4521484375,2048,/home/drnguyenvinh/notebooks/shrimp_dataset_eda_label_model_analysis_v1/kaggle_raw/shrimpdiseaseimagebd/ShrimpDiseaseImageBD An Image Dataset for Computer Vision-Based Detection of Shrimp Diseases in Bangladesh/Root/Annotated Diseased Shrimp Images/Annotated Diseased Shrimp Images/4. WSSV_BG/images/WSSV_BG-79-img-3.jpg,/home/drnguyenvinh/notebooks/shrimp_dataset_eda_label_model_analysis_v1/kaggle_raw/shrimpdiseaseimagebd/ShrimpDiseaseImageBD An Image Dataset for Computer Vision-Based Detection of Shrimp Diseases in Bangladesh/Root/Annotated Diseased Shrimp Images/Annotated Diseased Shrimp Images/4. WSSV_BG/labels/WSSV_BG-79-img-3.txt,12,"0,1",WSSV_BG,WSSV_BG-79-img-3,2048
1.0,"0,1",WSSV_BG,WSSV_BG-8-img-1.jpg,784.830078125,2048,/home/drnguyenvinh/notebooks/shrimp_dataset_eda_label_model_analysis_v1/kaggle_raw/shrimpdiseaseimagebd/ShrimpDiseaseImageBD An Image Dataset for Computer Vision-Based Detection of Shrimp Diseases in Bangladesh/Root/Annotated Diseased Shrimp Images/Annotated Diseased Shrimp Images/4. WSSV_BG/images/WSSV_BG-8-img-1.jpg,/home/drnguyenvinh/notebooks/shrimp_dataset_eda_label_model_analysis_v1/kaggle_raw/shrimpdiseaseimagebd/ShrimpDiseaseImageBD An Image Dataset for Computer Vision-Based Detection of Shrimp Diseases in Bangladesh/Root/Annotated Diseased Shrimp Images/Annotated Diseased Shrimp Images/4. WSSV_BG/labels/WSSV_BG-8-img-1.txt,14,"0,1",WSSV_BG,WSSV_BG-8-img-1,2048
1.0,"0,1",WSSV_BG,WSSV_BG-8-img-2.jpg,697.986328125,2048,/home/drnguyenvinh/notebooks/shrimp_dataset_eda_label_model_analysis_v1/kaggle_raw/shrimpdiseaseimagebd/ShrimpDiseaseImageBD An Image Dataset for Computer Vision-Based Detection of Shrimp Diseases in Bangladesh/Root/Annotated Diseased Shrimp Images/Annotated Diseased Shrimp Images/4. WSSV_BG/images/WSSV_BG-8-img-2.jpg,/home/drnguyenvinh/notebooks/shrimp_dataset_eda_label_model_analysis_v1/kaggle_raw/shrimpdiseaseimagebd/ShrimpDiseaseImageBD An Image Dataset for Computer Vision-Based Detection of Shrimp Diseases in Bangladesh/Root/Annotated Diseased Shrimp Images/Annotated Diseased Shrimp Images/4. WSSV_BG/labels/WSSV_BG-8-img-2.txt,8,"0,1",WSSV_BG,WSSV_BG-8-img-2,2048
1.0,"0,1",WSSV_BG,WSSV_BG-8-img-3.jpg,742.5146484375,2048,/home/drnguyenvinh/notebooks/shrimp_dataset_eda_label_model_analysis_v1/kaggle_raw/shrimpdiseaseimagebd/ShrimpDiseaseImageBD An Image Dataset for Computer Vision-Based Detection of Shrimp Diseases in Bangladesh/Root/Annotated Diseased Shrimp Images/Annotated Diseased Shrimp Images/4. WSSV_BG/images/WSSV_BG-8-img-3.jpg,/home/drnguyenvinh/notebooks/shrimp_dataset_eda_label_model_analysis_v1/kaggle_raw/shrimpdiseaseimagebd/ShrimpDiseaseImageBD An Image Dataset for Computer Vision-Based Detection of Shrimp Diseases in Bangladesh/Root/Annotated Diseased Shrimp Images/Annotated Diseased Shrimp Images/4. WSSV_BG/labels/WSSV_BG-8-img-3.txt,8,"0,1",WSSV_BG,WSSV_BG-8-img-3,2048
1.0,"0,1",WSSV_BG,WSSV_BG-80-img-1.jpg,195.9345703125,2048,/home/drnguyenvinh/notebooks/shrimp_dataset_eda_label_model_analysis_v1/kaggle_raw/shrimpdiseaseimagebd/ShrimpDiseaseImageBD An Image Dataset for Computer Vision-Based Detection of Shrimp Diseases in Bangladesh/Root/Annotated Diseased Shrimp Images/Annotated Diseased Shrimp Images/4. WSSV_BG/images/WSSV_BG-80-img-1.jpg,/home/drnguyenvinh/notebooks/shrimp_dataset_eda_label_model_analysis_v1/kaggle_raw/shrimpdiseaseimagebd/ShrimpDiseaseImageBD An Image Dataset for Computer Vision-Based Detection of Shrimp Diseases in Bangladesh/Root/Annotated Diseased Shrimp Images/Annotated Diseased Shrimp Images/4. WSSV_BG/labels/WSSV_BG-80-img-1.txt,19,"0,1",WSSV_BG,WSSV_BG-80-img-1,2048
1.0,"0,1",WSSV_BG,WSSV_BG-80-img-2.jpg,191.404296875,2048,/home/drnguyenvinh/notebooks/shrimp_dataset_eda_label_model_analysis_v1/kaggle_raw/shrimpdiseaseimagebd/ShrimpDiseaseImageBD An Image Dataset for Computer Vision-Based Detection of Shrimp Diseases in Bangladesh/Root/Annotated Diseased Shrimp Images/Annotated Diseased Shrimp Images/4. WSSV_BG/images/WSSV_BG-80-img-2.jpg,/home/drnguyenvinh/notebooks/shrimp_dataset_eda_label_model_analysis_v1/kaggle_raw/shrimpdiseaseimagebd/ShrimpDiseaseImageBD An Image Dataset for Computer Vision-Based Detection of Shrimp Diseases in Bangladesh/Root/Annotated Diseased Shrimp Images/Annotated Diseased Shrimp Images/4. WSSV_BG/labels/WSSV_BG-80-img-2.txt,14,"0,1",WSSV_BG,WSSV_BG-80-img-2,2048
1.0,"0,1",WSSV_BG,WSSV_BG-80-img-3.jpg,182.1904296875,2048,/home/drnguyenvinh/notebooks/shrimp_dataset_eda_label_model_analysis_v1/kaggle_raw/shrimpdiseaseimagebd/ShrimpDiseaseImageBD An Image Dataset for Computer Vision-Based Detection of Shrimp Diseases in Bangladesh/Root/Annotated Diseased Shrimp Images/Annotated Diseased Shrimp Images/4. WSSV_BG/images/WSSV_BG-80-img-3.jpg,/home/drnguyenvinh/notebooks/shrimp_dataset_eda_label_model_analysis_v1/kaggle_raw/shrimpdiseaseimagebd/ShrimpDiseaseImageBD An Image Dataset for Computer Vision-Based Detection of Shrimp Diseases in Bangladesh/Root/Annotated Diseased Shrimp Images/Annotated Diseased Shrimp Images/4. WSSV_BG/labels/WSSV_BG-80-img-3.txt,14,"0,1",WSSV_BG,WSSV_BG-80-img-3,2048
1.0,"0,1",WSSV_BG,WSSV_BG-81-img-1.jpg,225.591796875,2048,/home/drnguyenvinh/notebooks/shrimp_dataset_eda_label_model_analysis_v1/kaggle_raw/shrimpdiseaseimagebd/ShrimpDiseaseImageBD An Image Dataset for Computer Vision-Based Detection of Shrimp Diseases in Bangladesh/Root/Annotated Diseased Shrimp Images/Annotated Diseased Shrimp Images/4. WSSV_BG/images/WSSV_BG-81-img-1.jpg,/home/drnguyenvinh/notebooks/shrimp_dataset_eda_label_model_analysis_v1/kaggle_raw/shrimpdiseaseimagebd/ShrimpDiseaseImageBD An Image Dataset for Computer Vision-Based Detection of Shrimp Diseases in Bangladesh/Root/Annotated Diseased Shrimp Images/Annotated Diseased Shrimp Images/4. WSSV_BG/labels/WSSV_BG-81-img-1.txt,9,"0,1",WSSV_BG,WSSV_BG-81-img-1,2048
1.0,"0,1",WSSV_BG,WSSV_BG-81-img-2.jpg,218.9775390625,2048,/home/drnguyenvinh/notebooks/shrimp_dataset_eda_label_model_analysis_v1/kaggle_raw/shrimpdiseaseimagebd/ShrimpDiseaseImageBD An Image Dataset for Computer Vision-Based Detection of Shrimp Diseases in Bangladesh/Root/Annotated Diseased Shrimp Images/Annotated Diseased Shrimp Images/4. WSSV_BG/images/WSSV_BG-81-img-2.jpg,/home/drnguyenvinh/notebooks/shrimp_dataset_eda_label_model_analysis_v1/kaggle_raw/shrimpdiseaseimagebd/ShrimpDiseaseImageBD An Image Dataset for Computer Vision-Based Detection of Shrimp Diseases in Bangladesh/Root/Annotated Diseased Shrimp Images/Annotated Diseased Shrimp Images/4. WSSV_BG/labels/WSSV_BG-81-img-2.txt,10,"0,1",WSSV_BG,WSSV_BG-81-img-2,2048
1.0,"0,1",WSSV_BG,WSSV_BG-9-img-1.jpg,831.85546875,2048,/home/drnguyenvinh/notebooks/shrimp_dataset_eda_label_model_analysis_v1/kaggle_raw/shrimpdiseaseimagebd/ShrimpDiseaseImageBD An Image Dataset for Computer Vision-Based Detection of Shrimp Diseases in Bangladesh/Root/Annotated Diseased Shrimp Images/Annotated Diseased Shrimp Images/4. WSSV_BG/images/WSSV_BG-9-img-1.jpg,/home/drnguyenvinh/notebooks/shrimp_dataset_eda_label_model_analysis_v1/kaggle_raw/shrimpdiseaseimagebd/ShrimpDiseaseImageBD An Image Dataset for Computer Vision-Based Detection of Shrimp Diseases in Bangladesh/Root/Annotated Diseased Shrimp Images/Annotated Diseased Shrimp Images/4. WSSV_BG/labels/WSSV_BG-9-img-1.txt,14,"0,1",WSSV_BG,WSSV_BG-9-img-1,2048
1.0,"0,1",WSSV_BG,WSSV_BG-9-img-2.jpg,833.8818359375,2048,/home/drnguyenvinh/notebooks/shrimp_dataset_eda_label_model_analysis_v1/kaggle_raw/shrimpdiseaseimagebd/ShrimpDiseaseImageBD An Image Dataset for Computer Vision-Based Detection of Shrimp Diseases in Bangladesh/Root/Annotated Diseased Shrimp Images/Annotated Diseased Shrimp Images/4. WSSV_BG/images/WSSV_BG-9-img-2.jpg,/home/drnguyenvinh/notebooks/shrimp_dataset_eda_label_model_analysis_v1/kaggle_raw/shrimpdiseaseimagebd/ShrimpDiseaseImageBD An Image Dataset for Computer Vision-Based Detection of Shrimp Diseases in Bangladesh/Root/Annotated Diseased Shrimp Images/Annotated Diseased Shrimp Images/4. WSSV_BG/labels/WSSV_BG-9-img-2.txt,6,"0,1",WSSV_BG,WSSV_BG-9-img-2,2048
1.0,"0,1",WSSV_BG,WSSV_BG-9-img-3.jpg,954.0986328125,2048,/home/drnguyenvinh/notebooks/shrimp_dataset_eda_label_model_analysis_v1/kaggle_raw/shrimpdiseaseimagebd/ShrimpDiseaseImageBD An Image Dataset for Computer Vision-Based Detection of Shrimp Diseases in Bangladesh/Root/Annotated Diseased Shrimp Images/Annotated Diseased Shrimp Images/4. WSSV_BG/images/WSSV_BG-9-img-3.jpg,/home/drnguyenvinh/notebooks/shrimp_dataset_eda_label_model_analysis_v1/kaggle_raw/shrimpdiseaseimagebd/ShrimpDiseaseImageBD An Image Dataset for Computer Vision-Based Detection of Shrimp Diseases in Bangladesh/Root/Annotated Diseased Shrimp Images/Annotated Diseased Shrimp Images/4. WSSV_BG/labels/WSSV_BG-9-img-3.txt,13,"0,1",WSSV_BG,WSSV_BG-9-img-3,2048
