"rel_path","filename","class_dir","class_name","label","md5","split"
"1. Healthy/Healthy-1-img-1_nobg.png","Healthy-1-img-1_nobg.png","1. Healthy","Healthy","0","","train"
"1. Healthy/Healthy-1-img-3_nobg.png","Healthy-1-img-3_nobg.png","1. Healthy","Healthy","0","","train"
"1. Healthy/Healthy-10-img-1_nobg.png","Healthy-10-img-1_nobg.png","1. Healthy","Healthy","0","","train"
"1. Healthy/Healthy-10-img-3_nobg.png","Healthy-10-img-3_nobg.png","1. Healthy","Healthy","0","","train"
"1. Healthy/Healthy-100-img-1_nobg.png","Healthy-100-img-1_nobg.png","1. Healthy","Healthy","0","","train"
"1. Healthy/Healthy-100-img-2_nobg.png","Healthy-100-img-2_nobg.png","1. Healthy","Healthy","0","","train"
"1. Healthy/Healthy-101-img-1_nobg.png","Healthy-101-img-1_nobg.png","1. Healthy","Healthy","0","","train"
"1. Healthy/Healthy-101-img-2_nobg.png","Healthy-101-img-2_nobg.png","1. Healthy","Healthy","0","","train"
"1. Healthy/Healthy-101-img-3_nobg.png","Healthy-101-img-3_nobg.png","1. Healthy","Healthy","0","","train"
"1. Healthy/Healthy-102-img-1_nobg.png","Healthy-102-img-1_nobg.png","1. Healthy","Healthy","0","","train"
"1. Healthy/Healthy-103-img-1_nobg.png","Healthy-103-img-1_nobg.png","1. Healthy","Healthy","0","","train"
"1. Healthy/Healthy-103-img-2_nobg.png","Healthy-103-img-2_nobg.png","1. Healthy","Healthy","0","","train"
"1. Healthy/Healthy-103-img-3_nobg.png","Healthy-103-img-3_nobg.png","1. Healthy","Healthy","0","","train"
"1. Healthy/Healthy-104-img-1_nobg.png","Healthy-104-img-1_nobg.png","1. Healthy","Healthy","0","","train"
"1. Healthy/Healthy-104-img-2_nobg.png","Healthy-104-img-2_nobg.png","1. Healthy","Healthy","0","","train"
"1. Healthy/Healthy-105-img-3_nobg.png","Healthy-105-img-3_nobg.png","1. Healthy","Healthy","0","","train"
"1. Healthy/Healthy-106-img-1_nobg.png","Healthy-106-img-1_nobg.png","1. Healthy","Healthy","0","","train"
"1. Healthy/Healthy-106-img-2_nobg.png","Healthy-106-img-2_nobg.png","1. Healthy","Healthy","0","","train"
"1. Healthy/Healthy-106-img-3_nobg.png","Healthy-106-img-3_nobg.png","1. Healthy","Healthy","0","","train"
"1. Healthy/Healthy-107-img-1_nobg.png","Healthy-107-img-1_nobg.png","1. Healthy","Healthy","0","","train"
"1. Healthy/Healthy-107-img-3_nobg.png","Healthy-107-img-3_nobg.png","1. Healthy","Healthy","0","","train"
"1. Healthy/Healthy-108-img-1_nobg.png","Healthy-108-img-1_nobg.png","1. Healthy","Healthy","0","","train"
"1. Healthy/Healthy-108-img-2_nobg.png","Healthy-108-img-2_nobg.png","1. Healthy","Healthy","0","","train"
"1. Healthy/Healthy-108-img-3_nobg.png","Healthy-108-img-3_nobg.png","1. Healthy","Healthy","0","","train"
"1. Healthy/Healthy-109-img-2_nobg.png","Healthy-109-img-2_nobg.png","1. Healthy","Healthy","0","","train"
"1. Healthy/Healthy-11-img-1_nobg.png","Healthy-11-img-1_nobg.png","1. Healthy","Healthy","0","","train"
"1. Healthy/Healthy-11-img-2_nobg.png","Healthy-11-img-2_nobg.png","1. Healthy","Healthy","0","","train"
"1. Healthy/Healthy-11-img-3_nobg.png","Healthy-11-img-3_nobg.png","1. Healthy","Healthy","0","","train"
"1. Healthy/Healthy-110-img-1_nobg.png","Healthy-110-img-1_nobg.png","1. Healthy","Healthy","0","","train"
"1. Healthy/Healthy-110-img-2_nobg.png","Healthy-110-img-2_nobg.png","1. Healthy","Healthy","0","","train"
"1. Healthy/Healthy-111-img-1_nobg.png","Healthy-111-img-1_nobg.png","1. Healthy","Healthy","0","","train"
"1. Healthy/Healthy-111-img-2_nobg.png","Healthy-111-img-2_nobg.png","1. Healthy","Healthy","0","","train"
"1. Healthy/Healthy-112-img-1_nobg.png","Healthy-112-img-1_nobg.png","1. Healthy","Healthy","0","","train"
"1. Healthy/Healthy-112-img-2_nobg.png","Healthy-112-img-2_nobg.png","1. Healthy","Healthy","0","","train"
"1. Healthy/Healthy-112-img-3_nobg.png","Healthy-112-img-3_nobg.png","1. Healthy","Healthy","0","","train"
"1. Healthy/Healthy-114-img-2_nobg.png","Healthy-114-img-2_nobg.png","1. Healthy","Healthy","0","","train"
"1. Healthy/Healthy-115-img-3_nobg.png","Healthy-115-img-3_nobg.png","1. Healthy","Healthy","0","","train"
"1. Healthy/Healthy-116-img-1_nobg.png","Healthy-116-img-1_nobg.png","1. Healthy","Healthy","0","","train"
"1. Healthy/Healthy-117-img-1_nobg.png","Healthy-117-img-1_nobg.png","1. Healthy","Healthy","0","","train"
"1. Healthy/Healthy-117-img-3_nobg.png","Healthy-117-img-3_nobg.png","1. Healthy","Healthy","0","","train"
"1. Healthy/Healthy-118-img-1_nobg.png","Healthy-118-img-1_nobg.png","1. Healthy","Healthy","0","","train"
"1. Healthy/Healthy-119-img-1_nobg.png","Healthy-119-img-1_nobg.png","1. Healthy","Healthy","0","","train"
"1. Healthy/Healthy-119-img-3_nobg.png","Healthy-119-img-3_nobg.png","1. Healthy","Healthy","0","","train"
"1. Healthy/Healthy-12-img-1_nobg.png","Healthy-12-img-1_nobg.png","1. Healthy","Healthy","0","","train"
"1. Healthy/Healthy-12-img-2_nobg.png","Healthy-12-img-2_nobg.png","1. Healthy","Healthy","0","","train"
"1. Healthy/Healthy-12-img-3_nobg.png","Healthy-12-img-3_nobg.png","1. Healthy","Healthy","0","","train"
"1. Healthy/Healthy-120-img-1_nobg.png","Healthy-120-img-1_nobg.png","1. Healthy","Healthy","0","","train"
"1. Healthy/Healthy-120-img-2_nobg.png","Healthy-120-img-2_nobg.png","1. Healthy","Healthy","0","","train"
"1. Healthy/Healthy-121-img-1_nobg.png","Healthy-121-img-1_nobg.png","1. Healthy","Healthy","0","","train"
"1. Healthy/Healthy-121-img-2_nobg.png","Healthy-121-img-2_nobg.png","1. Healthy","Healthy","0","","train"
"1. Healthy/Healthy-121-img-3_nobg.png","Healthy-121-img-3_nobg.png","1. Healthy","Healthy","0","","train"
"1. Healthy/Healthy-122-img-1_nobg.png","Healthy-122-img-1_nobg.png","1. Healthy","Healthy","0","","train"
"1. Healthy/Healthy-122-img-2_nobg.png","Healthy-122-img-2_nobg.png","1. Healthy","Healthy","0","","train"
"1. Healthy/Healthy-122-img-3_nobg.png","Healthy-122-img-3_nobg.png","1. Healthy","Healthy","0","","train"
"1. Healthy/Healthy-123-img-1_nobg.png","Healthy-123-img-1_nobg.png","1. Healthy","Healthy","0","","train"
"1. Healthy/Healthy-123-img-2_nobg.png","Healthy-123-img-2_nobg.png","1. Healthy","Healthy","0","","train"
"1. Healthy/Healthy-124-img-1_nobg.png","Healthy-124-img-1_nobg.png","1. Healthy","Healthy","0","","train"
"1. Healthy/Healthy-124-img-2_nobg.png","Healthy-124-img-2_nobg.png","1. Healthy","Healthy","0","","train"
"1. Healthy/Healthy-124-img-3_nobg.png","Healthy-124-img-3_nobg.png","1. Healthy","Healthy","0","","train"
"1. Healthy/Healthy-125-img-1_nobg.png","Healthy-125-img-1_nobg.png","1. Healthy","Healthy","0","","train"
"1. Healthy/Healthy-125-img-2_nobg.png","Healthy-125-img-2_nobg.png","1. Healthy","Healthy","0","","train"
"1. Healthy/Healthy-125-img-3_nobg.png","Healthy-125-img-3_nobg.png","1. Healthy","Healthy","0","","train"
"1. Healthy/Healthy-126-img-3_nobg.png","Healthy-126-img-3_nobg.png","1. Healthy","Healthy","0","","train"
"1. Healthy/Healthy-127-img-1_nobg.png","Healthy-127-img-1_nobg.png","1. Healthy","Healthy","0","","train"
"1. Healthy/Healthy-127-img-3_nobg.png","Healthy-127-img-3_nobg.png","1. Healthy","Healthy","0","","train"
"1. Healthy/Healthy-128-img-1_nobg.png","Healthy-128-img-1_nobg.png","1. Healthy","Healthy","0","","train"
"1. Healthy/Healthy-128-img-2_nobg.png","Healthy-128-img-2_nobg.png","1. Healthy","Healthy","0","","train"
"1. Healthy/Healthy-128-img-3_nobg.png","Healthy-128-img-3_nobg.png","1. Healthy","Healthy","0","","train"
"1. Healthy/Healthy-129-img-1_nobg.png","Healthy-129-img-1_nobg.png","1. Healthy","Healthy","0","","train"
"1. Healthy/Healthy-129-img-2_nobg.png","Healthy-129-img-2_nobg.png","1. Healthy","Healthy","0","","train"
"1. Healthy/Healthy-13-img-3_nobg.png","Healthy-13-img-3_nobg.png","1. Healthy","Healthy","0","","train"
"1. Healthy/Healthy-130-img-2_nobg.png","Healthy-130-img-2_nobg.png","1. Healthy","Healthy","0","","train"
"1. Healthy/Healthy-130-img-3_nobg.png","Healthy-130-img-3_nobg.png","1. Healthy","Healthy","0","","train"
"1. Healthy/Healthy-131-img-3_nobg.png","Healthy-131-img-3_nobg.png","1. Healthy","Healthy","0","","train"
"1. Healthy/Healthy-132-img-1_nobg.png","Healthy-132-img-1_nobg.png","1. Healthy","Healthy","0","","train"
"1. Healthy/Healthy-132-img-2_nobg.png","Healthy-132-img-2_nobg.png","1. Healthy","Healthy","0","","train"
"1. Healthy/Healthy-132-img-3_nobg.png","Healthy-132-img-3_nobg.png","1. Healthy","Healthy","0","","train"
"1. Healthy/Healthy-133-img-1_nobg.png","Healthy-133-img-1_nobg.png","1. Healthy","Healthy","0","","train"
"1. Healthy/Healthy-133-img-2_nobg.png","Healthy-133-img-2_nobg.png","1. Healthy","Healthy","0","","train"
"1. Healthy/Healthy-133-img-3_nobg.png","Healthy-133-img-3_nobg.png","1. Healthy","Healthy","0","","train"
"1. Healthy/Healthy-134-img-1_nobg.png","Healthy-134-img-1_nobg.png","1. Healthy","Healthy","0","","train"
"1. Healthy/Healthy-134-img-2_nobg.png","Healthy-134-img-2_nobg.png","1. Healthy","Healthy","0","","train"
"1. Healthy/Healthy-134-img-3_nobg.png","Healthy-134-img-3_nobg.png","1. Healthy","Healthy","0","","train"
"1. Healthy/Healthy-135-img-1_nobg.png","Healthy-135-img-1_nobg.png","1. Healthy","Healthy","0","","train"
"1. Healthy/Healthy-135-img-2_nobg.png","Healthy-135-img-2_nobg.png","1. Healthy","Healthy","0","","train"
"1. Healthy/Healthy-135-img-3_nobg.png","Healthy-135-img-3_nobg.png","1. Healthy","Healthy","0","","train"
"1. Healthy/Healthy-136-img-1_nobg.png","Healthy-136-img-1_nobg.png","1. Healthy","Healthy","0","","train"
"1. Healthy/Healthy-136-img-3_nobg.png","Healthy-136-img-3_nobg.png","1. Healthy","Healthy","0","","train"
"1. Healthy/Healthy-137-img-1_nobg.png","Healthy-137-img-1_nobg.png","1. Healthy","Healthy","0","","train"
"1. Healthy/Healthy-137-img-2_nobg.png","Healthy-137-img-2_nobg.png","1. Healthy","Healthy","0","","train"
"1. Healthy/Healthy-137-img-3_nobg.png","Healthy-137-img-3_nobg.png","1. Healthy","Healthy","0","","train"
"1. Healthy/Healthy-138-img-1_nobg.png","Healthy-138-img-1_nobg.png","1. Healthy","Healthy","0","","train"
"1. Healthy/Healthy-138-img-2_nobg.png","Healthy-138-img-2_nobg.png","1. Healthy","Healthy","0","","train"
"1. Healthy/Healthy-139-img-1_nobg.png","Healthy-139-img-1_nobg.png","1. Healthy","Healthy","0","","train"
"1. Healthy/Healthy-139-img-3_nobg.png","Healthy-139-img-3_nobg.png","1. Healthy","Healthy","0","","train"
"1. Healthy/Healthy-14-img-1_nobg.png","Healthy-14-img-1_nobg.png","1. Healthy","Healthy","0","","train"
"1. Healthy/Healthy-14-img-2_nobg.png","Healthy-14-img-2_nobg.png","1. Healthy","Healthy","0","","train"
"1. Healthy/Healthy-140-img-2_nobg.png","Healthy-140-img-2_nobg.png","1. Healthy","Healthy","0","","train"
"1. Healthy/Healthy-140-img-3_nobg.png","Healthy-140-img-3_nobg.png","1. Healthy","Healthy","0","","train"
"1. Healthy/Healthy-141-img-2_nobg.png","Healthy-141-img-2_nobg.png","1. Healthy","Healthy","0","","train"
"1. Healthy/Healthy-141-img-3_nobg.png","Healthy-141-img-3_nobg.png","1. Healthy","Healthy","0","","train"
"1. Healthy/Healthy-142-img-1_nobg.png","Healthy-142-img-1_nobg.png","1. Healthy","Healthy","0","","train"
"1. Healthy/Healthy-142-img-2_nobg.png","Healthy-142-img-2_nobg.png","1. Healthy","Healthy","0","","train"
"1. Healthy/Healthy-142-img-3_nobg.png","Healthy-142-img-3_nobg.png","1. Healthy","Healthy","0","","train"
"1. Healthy/Healthy-15-img-1_nobg.png","Healthy-15-img-1_nobg.png","1. Healthy","Healthy","0","","train"
"1. Healthy/Healthy-15-img-2_nobg.png","Healthy-15-img-2_nobg.png","1. Healthy","Healthy","0","","train"
"1. Healthy/Healthy-15-img-3_nobg.png","Healthy-15-img-3_nobg.png","1. Healthy","Healthy","0","","train"
"1. Healthy/Healthy-16-img-1_nobg.png","Healthy-16-img-1_nobg.png","1. Healthy","Healthy","0","","train"
"1. Healthy/Healthy-16-img-2_nobg.png","Healthy-16-img-2_nobg.png","1. Healthy","Healthy","0","","train"
"1. Healthy/Healthy-17-img-1_nobg.png","Healthy-17-img-1_nobg.png","1. Healthy","Healthy","0","","train"
"1. Healthy/Healthy-17-img-3_nobg.png","Healthy-17-img-3_nobg.png","1. Healthy","Healthy","0","","train"
"1. Healthy/Healthy-18-img-1_nobg.png","Healthy-18-img-1_nobg.png","1. Healthy","Healthy","0","","train"
"1. Healthy/Healthy-18-img-2_nobg.png","Healthy-18-img-2_nobg.png","1. Healthy","Healthy","0","","train"
"1. Healthy/Healthy-18-img-3_nobg.png","Healthy-18-img-3_nobg.png","1. Healthy","Healthy","0","","train"
"1. Healthy/Healthy-19-img-2_nobg.png","Healthy-19-img-2_nobg.png","1. Healthy","Healthy","0","","train"
"1. Healthy/Healthy-19-img-3_nobg.png","Healthy-19-img-3_nobg.png","1. Healthy","Healthy","0","","train"
"1. Healthy/Healthy-2-img-1_nobg.png","Healthy-2-img-1_nobg.png","1. Healthy","Healthy","0","","train"
"1. Healthy/Healthy-20-img-2_nobg.png","Healthy-20-img-2_nobg.png","1. Healthy","Healthy","0","","train"
"1. Healthy/Healthy-20-img-3_nobg.png","Healthy-20-img-3_nobg.png","1. Healthy","Healthy","0","","train"
"1. Healthy/Healthy-21-img-1_nobg.png","Healthy-21-img-1_nobg.png","1. Healthy","Healthy","0","","train"
"1. Healthy/Healthy-23-img-1_nobg.png","Healthy-23-img-1_nobg.png","1. Healthy","Healthy","0","","train"
"1. Healthy/Healthy-24-img-1_nobg.png","Healthy-24-img-1_nobg.png","1. Healthy","Healthy","0","","train"
"1. Healthy/Healthy-25-img-2_nobg.png","Healthy-25-img-2_nobg.png","1. Healthy","Healthy","0","","train"
"1. Healthy/Healthy-26-img-1_nobg.png","Healthy-26-img-1_nobg.png","1. Healthy","Healthy","0","","train"
"1. Healthy/Healthy-26-img-2_nobg.png","Healthy-26-img-2_nobg.png","1. Healthy","Healthy","0","","train"
"1. Healthy/Healthy-27-img-2_nobg.png","Healthy-27-img-2_nobg.png","1. Healthy","Healthy","0","","train"
"1. Healthy/Healthy-27-img-3_nobg.png","Healthy-27-img-3_nobg.png","1. Healthy","Healthy","0","","train"
"1. Healthy/Healthy-28-img-1_nobg.png","Healthy-28-img-1_nobg.png","1. Healthy","Healthy","0","","train"
"1. Healthy/Healthy-28-img-2_nobg.png","Healthy-28-img-2_nobg.png","1. Healthy","Healthy","0","","train"
"1. Healthy/Healthy-28-img-3_nobg.png","Healthy-28-img-3_nobg.png","1. Healthy","Healthy","0","","train"
"1. Healthy/Healthy-29-img-1_nobg.png","Healthy-29-img-1_nobg.png","1. Healthy","Healthy","0","","train"
"1. Healthy/Healthy-29-img-2_nobg.png","Healthy-29-img-2_nobg.png","1. Healthy","Healthy","0","","train"
"1. Healthy/Healthy-29-img-3_nobg.png","Healthy-29-img-3_nobg.png","1. Healthy","Healthy","0","","train"
"1. Healthy/Healthy-3-img-1_nobg.png","Healthy-3-img-1_nobg.png","1. Healthy","Healthy","0","","train"
"1. Healthy/Healthy-3-img-2_nobg.png","Healthy-3-img-2_nobg.png","1. Healthy","Healthy","0","","train"
"1. Healthy/Healthy-3-img-3_nobg.png","Healthy-3-img-3_nobg.png","1. Healthy","Healthy","0","","train"
"1. Healthy/Healthy-30-img-1_nobg.png","Healthy-30-img-1_nobg.png","1. Healthy","Healthy","0","","train"
"1. Healthy/Healthy-32-img-3_nobg.png","Healthy-32-img-3_nobg.png","1. Healthy","Healthy","0","","train"
"1. Healthy/Healthy-33-img-1_nobg.png","Healthy-33-img-1_nobg.png","1. Healthy","Healthy","0","","train"
"1. Healthy/Healthy-33-img-2_nobg.png","Healthy-33-img-2_nobg.png","1. Healthy","Healthy","0","","train"
"1. Healthy/Healthy-33-img-3_nobg.png","Healthy-33-img-3_nobg.png","1. Healthy","Healthy","0","","train"
"1. Healthy/Healthy-34-img-1_nobg.png","Healthy-34-img-1_nobg.png","1. Healthy","Healthy","0","","train"
"1. Healthy/Healthy-34-img-2_nobg.png","Healthy-34-img-2_nobg.png","1. Healthy","Healthy","0","","train"
"1. Healthy/Healthy-34-img-3_nobg.png","Healthy-34-img-3_nobg.png","1. Healthy","Healthy","0","","train"
"1. Healthy/Healthy-35-img-1_nobg.png","Healthy-35-img-1_nobg.png","1. Healthy","Healthy","0","","train"
"1. Healthy/Healthy-36-img-1_nobg.png","Healthy-36-img-1_nobg.png","1. Healthy","Healthy","0","","train"
"1. Healthy/Healthy-36-img-2_nobg.png","Healthy-36-img-2_nobg.png","1. Healthy","Healthy","0","","train"
"1. Healthy/Healthy-36-img-3_nobg.png","Healthy-36-img-3_nobg.png","1. Healthy","Healthy","0","","train"
"1. Healthy/Healthy-37-img-2_nobg.png","Healthy-37-img-2_nobg.png","1. Healthy","Healthy","0","","train"
"1. Healthy/Healthy-38-img-1_nobg.png","Healthy-38-img-1_nobg.png","1. Healthy","Healthy","0","","train"
"1. Healthy/Healthy-38-img-2_nobg.png","Healthy-38-img-2_nobg.png","1. Healthy","Healthy","0","","train"
"1. Healthy/Healthy-38-img-3_nobg.png","Healthy-38-img-3_nobg.png","1. Healthy","Healthy","0","","train"
"1. Healthy/Healthy-39-img-1_nobg.png","Healthy-39-img-1_nobg.png","1. Healthy","Healthy","0","","train"
"1. Healthy/Healthy-40-img-2_nobg.png","Healthy-40-img-2_nobg.png","1. Healthy","Healthy","0","","train"
"1. Healthy/Healthy-40-img-3_nobg.png","Healthy-40-img-3_nobg.png","1. Healthy","Healthy","0","","train"
"1. Healthy/Healthy-41-img-1_nobg.png","Healthy-41-img-1_nobg.png","1. Healthy","Healthy","0","","train"
"1. Healthy/Healthy-42-img-1_nobg.png","Healthy-42-img-1_nobg.png","1. Healthy","Healthy","0","","train"
"1. Healthy/Healthy-42-img-2_nobg.png","Healthy-42-img-2_nobg.png","1. Healthy","Healthy","0","","train"
"1. Healthy/Healthy-42-img-3_nobg.png","Healthy-42-img-3_nobg.png","1. Healthy","Healthy","0","","train"
"1. Healthy/Healthy-43-img-1_nobg.png","Healthy-43-img-1_nobg.png","1. Healthy","Healthy","0","","train"
"1. Healthy/Healthy-43-img-2_nobg.png","Healthy-43-img-2_nobg.png","1. Healthy","Healthy","0","","train"
"1. Healthy/Healthy-44-img-1_nobg.png","Healthy-44-img-1_nobg.png","1. Healthy","Healthy","0","","train"
"1. Healthy/Healthy-44-img-2_nobg.png","Healthy-44-img-2_nobg.png","1. Healthy","Healthy","0","","train"
"1. Healthy/Healthy-44-img-3_nobg.png","Healthy-44-img-3_nobg.png","1. Healthy","Healthy","0","","train"
"1. Healthy/Healthy-45-img-2_nobg.png","Healthy-45-img-2_nobg.png","1. Healthy","Healthy","0","","train"
"1. Healthy/Healthy-45-img-3_nobg.png","Healthy-45-img-3_nobg.png","1. Healthy","Healthy","0","","train"
"1. Healthy/Healthy-46-img-1_nobg.png","Healthy-46-img-1_nobg.png","1. Healthy","Healthy","0","","train"
"1. Healthy/Healthy-46-img-2_nobg.png","Healthy-46-img-2_nobg.png","1. Healthy","Healthy","0","","train"
"1. Healthy/Healthy-47-img-2_nobg.png","Healthy-47-img-2_nobg.png","1. Healthy","Healthy","0","","train"
"1. Healthy/Healthy-47-img-3_nobg.png","Healthy-47-img-3_nobg.png","1. Healthy","Healthy","0","","train"
"1. Healthy/Healthy-48-img-1_nobg.png","Healthy-48-img-1_nobg.png","1. Healthy","Healthy","0","","train"
"1. Healthy/Healthy-48-img-2_nobg.png","Healthy-48-img-2_nobg.png","1. Healthy","Healthy","0","","train"
"1. Healthy/Healthy-49-img-1_nobg.png","Healthy-49-img-1_nobg.png","1. Healthy","Healthy","0","","train"
"1. Healthy/Healthy-49-img-3_nobg.png","Healthy-49-img-3_nobg.png","1. Healthy","Healthy","0","","train"
"1. Healthy/Healthy-5-img-1_nobg.png","Healthy-5-img-1_nobg.png","1. Healthy","Healthy","0","","train"
"1. Healthy/Healthy-5-img-2_nobg.png","Healthy-5-img-2_nobg.png","1. Healthy","Healthy","0","","train"
"1. Healthy/Healthy-5-img-3_nobg.png","Healthy-5-img-3_nobg.png","1. Healthy","Healthy","0","","train"
"1. Healthy/Healthy-50-img-1_nobg.png","Healthy-50-img-1_nobg.png","1. Healthy","Healthy","0","","train"
"1. Healthy/Healthy-50-img-2_nobg.png","Healthy-50-img-2_nobg.png","1. Healthy","Healthy","0","","train"
"1. Healthy/Healthy-50-img-3_nobg.png","Healthy-50-img-3_nobg.png","1. Healthy","Healthy","0","","train"
"1. Healthy/Healthy-51-img-3_nobg.png","Healthy-51-img-3_nobg.png","1. Healthy","Healthy","0","","train"
"1. Healthy/Healthy-52-img-1_nobg.png","Healthy-52-img-1_nobg.png","1. Healthy","Healthy","0","","train"
"1. Healthy/Healthy-52-img-2_nobg.png","Healthy-52-img-2_nobg.png","1. Healthy","Healthy","0","","train"
"1. Healthy/Healthy-53-img-2_nobg.png","Healthy-53-img-2_nobg.png","1. Healthy","Healthy","0","","train"
"1. Healthy/Healthy-55-img-1_nobg.png","Healthy-55-img-1_nobg.png","1. Healthy","Healthy","0","","train"
"1. Healthy/Healthy-55-img-2_nobg.png","Healthy-55-img-2_nobg.png","1. Healthy","Healthy","0","","train"
"1. Healthy/Healthy-56-img-2_nobg.png","Healthy-56-img-2_nobg.png","1. Healthy","Healthy","0","","train"
"1. Healthy/Healthy-56-img-3_nobg.png","Healthy-56-img-3_nobg.png","1. Healthy","Healthy","0","","train"
"1. Healthy/Healthy-57-img-2_nobg.png","Healthy-57-img-2_nobg.png","1. Healthy","Healthy","0","","train"
"1. Healthy/Healthy-58-img-2_nobg.png","Healthy-58-img-2_nobg.png","1. Healthy","Healthy","0","","train"
"1. Healthy/Healthy-58-img-3_nobg.png","Healthy-58-img-3_nobg.png","1. Healthy","Healthy","0","","train"
"1. Healthy/Healthy-59-img-2_nobg.png","Healthy-59-img-2_nobg.png","1. Healthy","Healthy","0","","train"
"1. Healthy/Healthy-59-img-3_nobg.png","Healthy-59-img-3_nobg.png","1. Healthy","Healthy","0","","train"
"1. Healthy/Healthy-6-img-2_nobg.png","Healthy-6-img-2_nobg.png","1. Healthy","Healthy","0","","train"
"1. Healthy/Healthy-6-img-3_nobg.png","Healthy-6-img-3_nobg.png","1. Healthy","Healthy","0","","train"
"1. Healthy/Healthy-60-img-2_nobg.png","Healthy-60-img-2_nobg.png","1. Healthy","Healthy","0","","train"
"1. Healthy/Healthy-60-img-3_nobg.png","Healthy-60-img-3_nobg.png","1. Healthy","Healthy","0","","train"
"1. Healthy/Healthy-61-img-1_nobg.png","Healthy-61-img-1_nobg.png","1. Healthy","Healthy","0","","train"
"1. Healthy/Healthy-61-img-2_nobg.png","Healthy-61-img-2_nobg.png","1. Healthy","Healthy","0","","train"
"1. Healthy/Healthy-61-img-3_nobg.png","Healthy-61-img-3_nobg.png","1. Healthy","Healthy","0","","train"
"1. Healthy/Healthy-62-img-1_nobg.png","Healthy-62-img-1_nobg.png","1. Healthy","Healthy","0","","train"
"1. Healthy/Healthy-62-img-2_nobg.png","Healthy-62-img-2_nobg.png","1. Healthy","Healthy","0","","train"
"1. Healthy/Healthy-62-img-3_nobg.png","Healthy-62-img-3_nobg.png","1. Healthy","Healthy","0","","train"
"1. Healthy/Healthy-63-img-2_nobg.png","Healthy-63-img-2_nobg.png","1. Healthy","Healthy","0","","train"
"1. Healthy/Healthy-63-img-3_nobg.png","Healthy-63-img-3_nobg.png","1. Healthy","Healthy","0","","train"
"1. Healthy/Healthy-64-img-1_nobg.png","Healthy-64-img-1_nobg.png","1. Healthy","Healthy","0","","train"
"1. Healthy/Healthy-64-img-2_nobg.png","Healthy-64-img-2_nobg.png","1. Healthy","Healthy","0","","train"
"1. Healthy/Healthy-65-img-1_nobg.png","Healthy-65-img-1_nobg.png","1. Healthy","Healthy","0","","train"
"1. Healthy/Healthy-65-img-3_nobg.png","Healthy-65-img-3_nobg.png","1. Healthy","Healthy","0","","train"
"1. Healthy/Healthy-66-img-1_nobg.png","Healthy-66-img-1_nobg.png","1. Healthy","Healthy","0","","train"
"1. Healthy/Healthy-66-img-2_nobg.png","Healthy-66-img-2_nobg.png","1. Healthy","Healthy","0","","train"
"1. Healthy/Healthy-66-img-3_nobg.png","Healthy-66-img-3_nobg.png","1. Healthy","Healthy","0","","train"
"1. Healthy/Healthy-67-img-2_nobg.png","Healthy-67-img-2_nobg.png","1. Healthy","Healthy","0","","train"
"1. Healthy/Healthy-67-img-3_nobg.png","Healthy-67-img-3_nobg.png","1. Healthy","Healthy","0","","train"
"1. Healthy/Healthy-68-img-2_nobg.png","Healthy-68-img-2_nobg.png","1. Healthy","Healthy","0","","train"
"1. Healthy/Healthy-69-img-1_nobg.png","Healthy-69-img-1_nobg.png","1. Healthy","Healthy","0","","train"
"1. Healthy/Healthy-69-img-3_nobg.png","Healthy-69-img-3_nobg.png","1. Healthy","Healthy","0","","train"
"1. Healthy/Healthy-7-img-3_nobg.png","Healthy-7-img-3_nobg.png","1. Healthy","Healthy","0","","train"
"1. Healthy/Healthy-70-img-1_nobg.png","Healthy-70-img-1_nobg.png","1. Healthy","Healthy","0","","train"
"1. Healthy/Healthy-70-img-2_nobg.png","Healthy-70-img-2_nobg.png","1. Healthy","Healthy","0","","train"
"1. Healthy/Healthy-71-img-3_nobg.png","Healthy-71-img-3_nobg.png","1. Healthy","Healthy","0","","train"
"1. Healthy/Healthy-72-img-1_nobg.png","Healthy-72-img-1_nobg.png","1. Healthy","Healthy","0","","train"
"1. Healthy/Healthy-72-img-2_nobg.png","Healthy-72-img-2_nobg.png","1. Healthy","Healthy","0","","train"
"1. Healthy/Healthy-73-img-1_nobg.png","Healthy-73-img-1_nobg.png","1. Healthy","Healthy","0","","train"
"1. Healthy/Healthy-73-img-2_nobg.png","Healthy-73-img-2_nobg.png","1. Healthy","Healthy","0","","train"
"1. Healthy/Healthy-73-img-3_nobg.png","Healthy-73-img-3_nobg.png","1. Healthy","Healthy","0","","train"
"1. Healthy/Healthy-74-img-1_nobg.png","Healthy-74-img-1_nobg.png","1. Healthy","Healthy","0","","train"
"1. Healthy/Healthy-74-img-2_nobg.png","Healthy-74-img-2_nobg.png","1. Healthy","Healthy","0","","train"
"1. Healthy/Healthy-75-img-1_nobg.png","Healthy-75-img-1_nobg.png","1. Healthy","Healthy","0","","train"
"1. Healthy/Healthy-75-img-2_nobg.png","Healthy-75-img-2_nobg.png","1. Healthy","Healthy","0","","train"
"1. Healthy/Healthy-76-img-1_nobg.png","Healthy-76-img-1_nobg.png","1. Healthy","Healthy","0","","train"
"1. Healthy/Healthy-76-img-3_nobg.png","Healthy-76-img-3_nobg.png","1. Healthy","Healthy","0","","train"
"1. Healthy/Healthy-77-img-1_nobg.png","Healthy-77-img-1_nobg.png","1. Healthy","Healthy","0","","train"
"1. Healthy/Healthy-77-img-2_nobg.png","Healthy-77-img-2_nobg.png","1. Healthy","Healthy","0","","train"
"1. Healthy/Healthy-77-img-3_nobg.png","Healthy-77-img-3_nobg.png","1. Healthy","Healthy","0","","train"
"1. Healthy/Healthy-78-img-1_nobg.png","Healthy-78-img-1_nobg.png","1. Healthy","Healthy","0","","train"
"1. Healthy/Healthy-78-img-2_nobg.png","Healthy-78-img-2_nobg.png","1. Healthy","Healthy","0","","train"
"1. Healthy/Healthy-78-img-3_nobg.png","Healthy-78-img-3_nobg.png","1. Healthy","Healthy","0","","train"
"1. Healthy/Healthy-79-img-1_nobg.png","Healthy-79-img-1_nobg.png","1. Healthy","Healthy","0","","train"
"1. Healthy/Healthy-8-img-1_nobg.png","Healthy-8-img-1_nobg.png","1. Healthy","Healthy","0","","train"
"1. Healthy/Healthy-8-img-3_nobg.png","Healthy-8-img-3_nobg.png","1. Healthy","Healthy","0","","train"
"1. Healthy/Healthy-81-img-1_nobg.png","Healthy-81-img-1_nobg.png","1. Healthy","Healthy","0","","train"
"1. Healthy/Healthy-82-img-1_nobg.png","Healthy-82-img-1_nobg.png","1. Healthy","Healthy","0","","train"
"1. Healthy/Healthy-82-img-2_nobg.png","Healthy-82-img-2_nobg.png","1. Healthy","Healthy","0","","train"
"1. Healthy/Healthy-82-img-3_nobg.png","Healthy-82-img-3_nobg.png","1. Healthy","Healthy","0","","train"
"1. Healthy/Healthy-83-img-1_nobg.png","Healthy-83-img-1_nobg.png","1. Healthy","Healthy","0","","train"
"1. Healthy/Healthy-83-img-2_nobg.png","Healthy-83-img-2_nobg.png","1. Healthy","Healthy","0","","train"
"1. Healthy/Healthy-83-img-3_nobg.png","Healthy-83-img-3_nobg.png","1. Healthy","Healthy","0","","train"
"1. Healthy/Healthy-84-img-1_nobg.png","Healthy-84-img-1_nobg.png","1. Healthy","Healthy","0","","train"
"1. Healthy/Healthy-84-img-2_nobg.png","Healthy-84-img-2_nobg.png","1. Healthy","Healthy","0","","train"
"1. Healthy/Healthy-84-img-3_nobg.png","Healthy-84-img-3_nobg.png","1. Healthy","Healthy","0","","train"
"1. Healthy/Healthy-86-img-1_nobg.png","Healthy-86-img-1_nobg.png","1. Healthy","Healthy","0","","train"
"1. Healthy/Healthy-86-img-2_nobg.png","Healthy-86-img-2_nobg.png","1. Healthy","Healthy","0","","train"
"1. Healthy/Healthy-87-img-1_nobg.png","Healthy-87-img-1_nobg.png","1. Healthy","Healthy","0","","train"
"1. Healthy/Healthy-87-img-2_nobg.png","Healthy-87-img-2_nobg.png","1. Healthy","Healthy","0","","train"
"1. Healthy/Healthy-87-img-3_nobg.png","Healthy-87-img-3_nobg.png","1. Healthy","Healthy","0","","train"
"1. Healthy/Healthy-89-img-1_nobg.png","Healthy-89-img-1_nobg.png","1. Healthy","Healthy","0","","train"
"1. Healthy/Healthy-89-img-2_nobg.png","Healthy-89-img-2_nobg.png","1. Healthy","Healthy","0","","train"
"1. Healthy/Healthy-9-img-1_nobg.png","Healthy-9-img-1_nobg.png","1. Healthy","Healthy","0","","train"
"1. Healthy/Healthy-9-img-2_nobg.png","Healthy-9-img-2_nobg.png","1. Healthy","Healthy","0","","train"
"1. Healthy/Healthy-9-img-3_nobg.png","Healthy-9-img-3_nobg.png","1. Healthy","Healthy","0","","train"
"1. Healthy/Healthy-90-img-1_nobg.png","Healthy-90-img-1_nobg.png","1. Healthy","Healthy","0","","train"
"1. Healthy/Healthy-90-img-2_nobg.png","Healthy-90-img-2_nobg.png","1. Healthy","Healthy","0","","train"
"1. Healthy/Healthy-90-img-3_nobg.png","Healthy-90-img-3_nobg.png","1. Healthy","Healthy","0","","train"
"1. Healthy/Healthy-91-img-1_nobg.png","Healthy-91-img-1_nobg.png","1. Healthy","Healthy","0","","train"
"1. Healthy/Healthy-91-img-2_nobg.png","Healthy-91-img-2_nobg.png","1. Healthy","Healthy","0","","train"
"1. Healthy/Healthy-91-img-3_nobg.png","Healthy-91-img-3_nobg.png","1. Healthy","Healthy","0","","train"
"1. Healthy/Healthy-92-img-2_nobg.png","Healthy-92-img-2_nobg.png","1. Healthy","Healthy","0","","train"
"1. Healthy/Healthy-92-img-3_nobg.png","Healthy-92-img-3_nobg.png","1. Healthy","Healthy","0","","train"
"1. Healthy/Healthy-93-img-1_nobg.png","Healthy-93-img-1_nobg.png","1. Healthy","Healthy","0","","train"
"1. Healthy/Healthy-94-img-2_nobg.png","Healthy-94-img-2_nobg.png","1. Healthy","Healthy","0","","train"
"1. Healthy/Healthy-94-img-3_nobg.png","Healthy-94-img-3_nobg.png","1. Healthy","Healthy","0","","train"
"1. Healthy/Healthy-95-img-1_nobg.png","Healthy-95-img-1_nobg.png","1. Healthy","Healthy","0","","train"
"1. Healthy/Healthy-95-img-2_nobg.png","Healthy-95-img-2_nobg.png","1. Healthy","Healthy","0","","train"
"1. Healthy/Healthy-95-img-3_nobg.png","Healthy-95-img-3_nobg.png","1. Healthy","Healthy","0","","train"
"1. Healthy/Healthy-96-img-1_nobg.png","Healthy-96-img-1_nobg.png","1. Healthy","Healthy","0","","train"
"1. Healthy/Healthy-97-img-1_nobg.png","Healthy-97-img-1_nobg.png","1. Healthy","Healthy","0","","train"
"1. Healthy/Healthy-97-img-2_nobg.png","Healthy-97-img-2_nobg.png","1. Healthy","Healthy","0","","train"
"1. Healthy/Healthy-98-img-1_nobg.png","Healthy-98-img-1_nobg.png","1. Healthy","Healthy","0","","train"
"1. Healthy/Healthy-98-img-2_nobg.png","Healthy-98-img-2_nobg.png","1. Healthy","Healthy","0","","train"
"1. Healthy/Healthy-98-img-3_nobg.png","Healthy-98-img-3_nobg.png","1. Healthy","Healthy","0","","train"
"1. Healthy/Healthy-99-img-2_nobg.png","Healthy-99-img-2_nobg.png","1. Healthy","Healthy","0","","train"
"2. BG/BG-1-img-2_nobg.png","BG-1-img-2_nobg.png","2. BG","BG","1","","train"
"2. BG/BG-1-img-3_nobg.png","BG-1-img-3_nobg.png","2. BG","BG","1","","train"
"2. BG/BG-10-img-1_nobg.png","BG-10-img-1_nobg.png","2. BG","BG","1","","train"
"2. BG/BG-10-img-2_nobg.png","BG-10-img-2_nobg.png","2. BG","BG","1","","train"
"2. BG/BG-10-img-3_nobg.png","BG-10-img-3_nobg.png","2. BG","BG","1","","train"
"2. BG/BG-11-img-1_nobg.png","BG-11-img-1_nobg.png","2. BG","BG","1","","train"
"2. BG/BG-11-img-2_nobg.png","BG-11-img-2_nobg.png","2. BG","BG","1","","train"
"2. BG/BG-11-img-3_nobg.png","BG-11-img-3_nobg.png","2. BG","BG","1","","train"
"2. BG/BG-12-img-2_nobg.png","BG-12-img-2_nobg.png","2. BG","BG","1","","train"
"2. BG/BG-12-img-3_nobg.png","BG-12-img-3_nobg.png","2. BG","BG","1","","train"
"2. BG/BG-13-img-2_nobg.png","BG-13-img-2_nobg.png","2. BG","BG","1","","train"
"2. BG/BG-13-img-3_nobg.png","BG-13-img-3_nobg.png","2. BG","BG","1","","train"
"2. BG/BG-15-img-1_nobg.png","BG-15-img-1_nobg.png","2. BG","BG","1","","train"
"2. BG/BG-15-img-2_nobg.png","BG-15-img-2_nobg.png","2. BG","BG","1","","train"
"2. BG/BG-17-img-1_nobg.png","BG-17-img-1_nobg.png","2. BG","BG","1","","train"
"2. BG/BG-18-img-1_nobg.png","BG-18-img-1_nobg.png","2. BG","BG","1","","train"
"2. BG/BG-2-img-1_nobg.png","BG-2-img-1_nobg.png","2. BG","BG","1","","train"
"2. BG/BG-2-img-2_nobg.png","BG-2-img-2_nobg.png","2. BG","BG","1","","train"
"2. BG/BG-2-img-3_nobg.png","BG-2-img-3_nobg.png","2. BG","BG","1","","train"
"2. BG/BG-20-img-1_nobg.png","BG-20-img-1_nobg.png","2. BG","BG","1","","train"
"2. BG/BG-20-img-2_nobg.png","BG-20-img-2_nobg.png","2. BG","BG","1","","train"
"2. BG/BG-21-img-2_nobg.png","BG-21-img-2_nobg.png","2. BG","BG","1","","train"
"2. BG/BG-21-img-3_nobg.png","BG-21-img-3_nobg.png","2. BG","BG","1","","train"
"2. BG/BG-22-img-1_nobg.png","BG-22-img-1_nobg.png","2. BG","BG","1","","train"
"2. BG/BG-23-img-1_nobg.png","BG-23-img-1_nobg.png","2. BG","BG","1","","train"
"2. BG/BG-23-img-2_nobg.png","BG-23-img-2_nobg.png","2. BG","BG","1","","train"
"2. BG/BG-23-img-3_nobg.png","BG-23-img-3_nobg.png","2. BG","BG","1","","train"
"2. BG/BG-24-img-1_nobg.png","BG-24-img-1_nobg.png","2. BG","BG","1","","train"
"2. BG/BG-24-img-3_nobg.png","BG-24-img-3_nobg.png","2. BG","BG","1","","train"
"2. BG/BG-25-img-1_nobg.png","BG-25-img-1_nobg.png","2. BG","BG","1","","train"
"2. BG/BG-25-img-2_nobg.png","BG-25-img-2_nobg.png","2. BG","BG","1","","train"
"2. BG/BG-25-img-3_nobg.png","BG-25-img-3_nobg.png","2. BG","BG","1","","train"
"2. BG/BG-26-img-1_nobg.png","BG-26-img-1_nobg.png","2. BG","BG","1","","train"
"2. BG/BG-27-img-1_nobg.png","BG-27-img-1_nobg.png","2. BG","BG","1","","train"
"2. BG/BG-27-img-2_nobg.png","BG-27-img-2_nobg.png","2. BG","BG","1","","train"
"2. BG/BG-28-img-2_nobg.png","BG-28-img-2_nobg.png","2. BG","BG","1","","train"
"2. BG/BG-29-img-1_nobg.png","BG-29-img-1_nobg.png","2. BG","BG","1","","train"
"2. BG/BG-29-img-2_nobg.png","BG-29-img-2_nobg.png","2. BG","BG","1","","train"
"2. BG/BG-3-img-1_nobg.png","BG-3-img-1_nobg.png","2. BG","BG","1","","train"
"2. BG/BG-3-img-2_nobg.png","BG-3-img-2_nobg.png","2. BG","BG","1","","train"
"2. BG/BG-30-img-1_nobg.png","BG-30-img-1_nobg.png","2. BG","BG","1","","train"
"2. BG/BG-30-img-2_nobg.png","BG-30-img-2_nobg.png","2. BG","BG","1","","train"
"2. BG/BG-31-img-1_nobg.png","BG-31-img-1_nobg.png","2. BG","BG","1","","train"
"2. BG/BG-31-img-2_nobg.png","BG-31-img-2_nobg.png","2. BG","BG","1","","train"
"2. BG/BG-31-img-3_nobg.png","BG-31-img-3_nobg.png","2. BG","BG","1","","train"
"2. BG/BG-33-img-1_nobg.png","BG-33-img-1_nobg.png","2. BG","BG","1","","train"
"2. BG/BG-34-img-1_nobg.png","BG-34-img-1_nobg.png","2. BG","BG","1","","train"
"2. BG/BG-34-img-2_nobg.png","BG-34-img-2_nobg.png","2. BG","BG","1","","train"
"2. BG/BG-34-img-3_nobg.png","BG-34-img-3_nobg.png","2. BG","BG","1","","train"
"2. BG/BG-35-img-1_nobg.png","BG-35-img-1_nobg.png","2. BG","BG","1","","train"
"2. BG/BG-35-img-3_nobg.png","BG-35-img-3_nobg.png","2. BG","BG","1","","train"
"2. BG/BG-36-img-1_nobg.png","BG-36-img-1_nobg.png","2. BG","BG","1","","train"
"2. BG/BG-36-img-2_nobg.png","BG-36-img-2_nobg.png","2. BG","BG","1","","train"
"2. BG/BG-36-img-3_nobg.png","BG-36-img-3_nobg.png","2. BG","BG","1","","train"
"2. BG/BG-37-img-1_nobg.png","BG-37-img-1_nobg.png","2. BG","BG","1","","train"
"2. BG/BG-37-img-2_nobg.png","BG-37-img-2_nobg.png","2. BG","BG","1","","train"
"2. BG/BG-38-img-1_nobg.png","BG-38-img-1_nobg.png","2. BG","BG","1","","train"
"2. BG/BG-38-img-2_nobg.png","BG-38-img-2_nobg.png","2. BG","BG","1","","train"
"2. BG/BG-38-img-3_nobg.png","BG-38-img-3_nobg.png","2. BG","BG","1","","train"
"2. BG/BG-39-img-1_nobg.png","BG-39-img-1_nobg.png","2. BG","BG","1","","train"
"2. BG/BG-39-img-2_nobg.png","BG-39-img-2_nobg.png","2. BG","BG","1","","train"
"2. BG/BG-39-img-3_nobg.png","BG-39-img-3_nobg.png","2. BG","BG","1","","train"
"2. BG/BG-4-img-1_nobg.png","BG-4-img-1_nobg.png","2. BG","BG","1","","train"
"2. BG/BG-4-img-2_nobg.png","BG-4-img-2_nobg.png","2. BG","BG","1","","train"
"2. BG/BG-40-img-2_nobg.png","BG-40-img-2_nobg.png","2. BG","BG","1","","train"
"2. BG/BG-40-img-3_nobg.png","BG-40-img-3_nobg.png","2. BG","BG","1","","train"
"2. BG/BG-41-img-3_nobg.png","BG-41-img-3_nobg.png","2. BG","BG","1","","train"
"2. BG/BG-43-img-1_nobg.png","BG-43-img-1_nobg.png","2. BG","BG","1","","train"
"2. BG/BG-43-img-3_nobg.png","BG-43-img-3_nobg.png","2. BG","BG","1","","train"
"2. BG/BG-44-img-1_nobg.png","BG-44-img-1_nobg.png","2. BG","BG","1","","train"
"2. BG/BG-45-img-2_nobg.png","BG-45-img-2_nobg.png","2. BG","BG","1","","train"
"2. BG/BG-45-img-3_nobg.png","BG-45-img-3_nobg.png","2. BG","BG","1","","train"
"2. BG/BG-46-img-1_nobg.png","BG-46-img-1_nobg.png","2. BG","BG","1","","train"
"2. BG/BG-46-img-2_nobg.png","BG-46-img-2_nobg.png","2. BG","BG","1","","train"
"2. BG/BG-47-img-2_nobg.png","BG-47-img-2_nobg.png","2. BG","BG","1","","train"
"2. BG/BG-47-img-3_nobg.png","BG-47-img-3_nobg.png","2. BG","BG","1","","train"
"2. BG/BG-48-img-1_nobg.png","BG-48-img-1_nobg.png","2. BG","BG","1","","train"
"2. BG/BG-48-img-2_nobg.png","BG-48-img-2_nobg.png","2. BG","BG","1","","train"
"2. BG/BG-48-img-3_nobg.png","BG-48-img-3_nobg.png","2. BG","BG","1","","train"
"2. BG/BG-49-img-1_nobg.png","BG-49-img-1_nobg.png","2. BG","BG","1","","train"
"2. BG/BG-49-img-2_nobg.png","BG-49-img-2_nobg.png","2. BG","BG","1","","train"
"2. BG/BG-5-img-1_nobg.png","BG-5-img-1_nobg.png","2. BG","BG","1","","train"
"2. BG/BG-50-img-1_nobg.png","BG-50-img-1_nobg.png","2. BG","BG","1","","train"
"2. BG/BG-51-img-2_nobg.png","BG-51-img-2_nobg.png","2. BG","BG","1","","train"
"2. BG/BG-52-img-1_nobg.png","BG-52-img-1_nobg.png","2. BG","BG","1","","train"
"2. BG/BG-52-img-3_nobg.png","BG-52-img-3_nobg.png","2. BG","BG","1","","train"
"2. BG/BG-53-img-2_nobg.png","BG-53-img-2_nobg.png","2. BG","BG","1","","train"
"2. BG/BG-54-img-2_nobg.png","BG-54-img-2_nobg.png","2. BG","BG","1","","train"
"2. BG/BG-55-img-1_nobg.png","BG-55-img-1_nobg.png","2. BG","BG","1","","train"
"2. BG/BG-55-img-2_nobg.png","BG-55-img-2_nobg.png","2. BG","BG","1","","train"
"2. BG/BG-55-img-3_nobg.png","BG-55-img-3_nobg.png","2. BG","BG","1","","train"
"2. BG/BG-56-img-1_nobg.png","BG-56-img-1_nobg.png","2. BG","BG","1","","train"
"2. BG/BG-56-img-2_nobg.png","BG-56-img-2_nobg.png","2. BG","BG","1","","train"
"2. BG/BG-56-img-3_nobg.png","BG-56-img-3_nobg.png","2. BG","BG","1","","train"
"2. BG/BG-57-img-1_nobg.png","BG-57-img-1_nobg.png","2. BG","BG","1","","train"
"2. BG/BG-58-img-2_nobg.png","BG-58-img-2_nobg.png","2. BG","BG","1","","train"
"2. BG/BG-58-img-3_nobg.png","BG-58-img-3_nobg.png","2. BG","BG","1","","train"
"2. BG/BG-59-img-2_nobg.png","BG-59-img-2_nobg.png","2. BG","BG","1","","train"
"2. BG/BG-59-img-3_nobg.png","BG-59-img-3_nobg.png","2. BG","BG","1","","train"
"2. BG/BG-6-img-1_nobg.png","BG-6-img-1_nobg.png","2. BG","BG","1","","train"
"2. BG/BG-60-img-1_nobg.png","BG-60-img-1_nobg.png","2. BG","BG","1","","train"
"2. BG/BG-61-img-1_nobg.png","BG-61-img-1_nobg.png","2. BG","BG","1","","train"
"2. BG/BG-61-img-2_nobg.png","BG-61-img-2_nobg.png","2. BG","BG","1","","train"
"2. BG/BG-61-img-3_nobg.png","BG-61-img-3_nobg.png","2. BG","BG","1","","train"
"2. BG/BG-62-img-1_nobg.png","BG-62-img-1_nobg.png","2. BG","BG","1","","train"
"2. BG/BG-62-img-2_nobg.png","BG-62-img-2_nobg.png","2. BG","BG","1","","train"
"2. BG/BG-63-img-2_nobg.png","BG-63-img-2_nobg.png","2. BG","BG","1","","train"
"2. BG/BG-64-img-2_nobg.png","BG-64-img-2_nobg.png","2. BG","BG","1","","train"
"2. BG/BG-65-img-1_nobg.png","BG-65-img-1_nobg.png","2. BG","BG","1","","train"
"2. BG/BG-66-img-1_nobg.png","BG-66-img-1_nobg.png","2. BG","BG","1","","train"
"2. BG/BG-66-img-3_nobg.png","BG-66-img-3_nobg.png","2. BG","BG","1","","train"
"2. BG/BG-67-img-1_nobg.png","BG-67-img-1_nobg.png","2. BG","BG","1","","train"
"2. BG/BG-67-img-2_nobg.png","BG-67-img-2_nobg.png","2. BG","BG","1","","train"
"2. BG/BG-67-img-3_nobg.png","BG-67-img-3_nobg.png","2. BG","BG","1","","train"
"2. BG/BG-68-img-1_nobg.png","BG-68-img-1_nobg.png","2. BG","BG","1","","train"
"2. BG/BG-68-img-2_nobg.png","BG-68-img-2_nobg.png","2. BG","BG","1","","train"
"2. BG/BG-69-img-1_nobg.png","BG-69-img-1_nobg.png","2. BG","BG","1","","train"
"2. BG/BG-69-img-3_nobg.png","BG-69-img-3_nobg.png","2. BG","BG","1","","train"
"2. BG/BG-7-img-1_nobg.png","BG-7-img-1_nobg.png","2. BG","BG","1","","train"
"2. BG/BG-7-img-2_nobg.png","BG-7-img-2_nobg.png","2. BG","BG","1","","train"
"2. BG/BG-70-img-1_nobg.png","BG-70-img-1_nobg.png","2. BG","BG","1","","train"
"2. BG/BG-70-img-2_nobg.png","BG-70-img-2_nobg.png","2. BG","BG","1","","train"
"2. BG/BG-70-img-3_nobg.png","BG-70-img-3_nobg.png","2. BG","BG","1","","train"
"2. BG/BG-71-img-2_nobg.png","BG-71-img-2_nobg.png","2. BG","BG","1","","train"
"2. BG/BG-72-img-1_nobg.png","BG-72-img-1_nobg.png","2. BG","BG","1","","train"
"2. BG/BG-72-img-3_nobg.png","BG-72-img-3_nobg.png","2. BG","BG","1","","train"
"2. BG/BG-73-img-1_nobg.png","BG-73-img-1_nobg.png","2. BG","BG","1","","train"
"2. BG/BG-73-img-2_nobg.png","BG-73-img-2_nobg.png","2. BG","BG","1","","train"
"2. BG/BG-73-img-3_nobg.png","BG-73-img-3_nobg.png","2. BG","BG","1","","train"
"2. BG/BG-74-img-1_nobg.png","BG-74-img-1_nobg.png","2. BG","BG","1","","train"
"2. BG/BG-74-img-3_nobg.png","BG-74-img-3_nobg.png","2. BG","BG","1","","train"
"2. BG/BG-75-img-1_nobg.png","BG-75-img-1_nobg.png","2. BG","BG","1","","train"
"2. BG/BG-75-img-2_nobg.png","BG-75-img-2_nobg.png","2. BG","BG","1","","train"
"2. BG/BG-75-img-3_nobg.png","BG-75-img-3_nobg.png","2. BG","BG","1","","train"
"2. BG/BG-8-img-1_nobg.png","BG-8-img-1_nobg.png","2. BG","BG","1","","train"
"2. BG/BG-8-img-3_nobg.png","BG-8-img-3_nobg.png","2. BG","BG","1","","train"
"2. BG/BG-9-img-1_nobg.png","BG-9-img-1_nobg.png","2. BG","BG","1","","train"
"2. BG/BG-9-img-2_nobg.png","BG-9-img-2_nobg.png","2. BG","BG","1","","train"
"2. BG/BG-9-img-3_nobg.png","BG-9-img-3_nobg.png","2. BG","BG","1","","train"
"3. WSSV/WSSV-1-img-2_nobg.png","WSSV-1-img-2_nobg.png","3. WSSV","WSSV","2","","train"
"3. WSSV/WSSV-1-img-3_nobg.png","WSSV-1-img-3_nobg.png","3. WSSV","WSSV","2","","train"
"3. WSSV/WSSV-10-img-1_nobg.png","WSSV-10-img-1_nobg.png","3. WSSV","WSSV","2","","train"
"3. WSSV/WSSV-10-img-3_nobg.png","WSSV-10-img-3_nobg.png","3. WSSV","WSSV","2","","train"
"3. WSSV/WSSV-100-img-1_nobg.png","WSSV-100-img-1_nobg.png","3. WSSV","WSSV","2","","train"
"3. WSSV/WSSV-100-img-3_nobg.png","WSSV-100-img-3_nobg.png","3. WSSV","WSSV","2","","train"
"3. WSSV/WSSV-102-img-2_nobg.png","WSSV-102-img-2_nobg.png","3. WSSV","WSSV","2","","train"
"3. WSSV/WSSV-103-img-2_nobg.png","WSSV-103-img-2_nobg.png","3. WSSV","WSSV","2","","train"
"3. WSSV/WSSV-103-img-3_nobg.png","WSSV-103-img-3_nobg.png","3. WSSV","WSSV","2","","train"
"3. WSSV/WSSV-104-img-1_nobg.png","WSSV-104-img-1_nobg.png","3. WSSV","WSSV","2","","train"
"3. WSSV/WSSV-104-img-2_nobg.png","WSSV-104-img-2_nobg.png","3. WSSV","WSSV","2","","train"
"3. WSSV/WSSV-105-img-2_nobg.png","WSSV-105-img-2_nobg.png","3. WSSV","WSSV","2","","train"
"3. WSSV/WSSV-105-img-3_nobg.png","WSSV-105-img-3_nobg.png","3. WSSV","WSSV","2","","train"
"3. WSSV/WSSV-106-img-1_nobg.png","WSSV-106-img-1_nobg.png","3. WSSV","WSSV","2","","train"
"3. WSSV/WSSV-106-img-2_nobg.png","WSSV-106-img-2_nobg.png","3. WSSV","WSSV","2","","train"
"3. WSSV/WSSV-106-img-3_nobg.png","WSSV-106-img-3_nobg.png","3. WSSV","WSSV","2","","train"
"3. WSSV/WSSV-108-img-1_nobg.png","WSSV-108-img-1_nobg.png","3. WSSV","WSSV","2","","train"
"3. WSSV/WSSV-108-img-3_nobg.png","WSSV-108-img-3_nobg.png","3. WSSV","WSSV","2","","train"
"3. WSSV/WSSV-109-img-1_nobg.png","WSSV-109-img-1_nobg.png","3. WSSV","WSSV","2","","train"
"3. WSSV/WSSV-109-img-3_nobg.png","WSSV-109-img-3_nobg.png","3. WSSV","WSSV","2","","train"
"3. WSSV/WSSV-11-img-2_nobg.png","WSSV-11-img-2_nobg.png","3. WSSV","WSSV","2","","train"
"3. WSSV/WSSV-11-img-3_nobg.png","WSSV-11-img-3_nobg.png","3. WSSV","WSSV","2","","train"
"3. WSSV/WSSV-110-img-1_nobg.png","WSSV-110-img-1_nobg.png","3. WSSV","WSSV","2","","train"
"3. WSSV/WSSV-111-img-1_nobg.png","WSSV-111-img-1_nobg.png","3. WSSV","WSSV","2","","train"
"3. WSSV/WSSV-111-img-3_nobg.png","WSSV-111-img-3_nobg.png","3. WSSV","WSSV","2","","train"
"3. WSSV/WSSV-112-img-1_nobg.png","WSSV-112-img-1_nobg.png","3. WSSV","WSSV","2","","train"
"3. WSSV/WSSV-112-img-3_nobg.png","WSSV-112-img-3_nobg.png","3. WSSV","WSSV","2","","train"
"3. WSSV/WSSV-113-img-3_nobg.png","WSSV-113-img-3_nobg.png","3. WSSV","WSSV","2","","train"
"3. WSSV/WSSV-114-img-1_nobg.png","WSSV-114-img-1_nobg.png","3. WSSV","WSSV","2","","train"
"3. WSSV/WSSV-114-img-2_nobg.png","WSSV-114-img-2_nobg.png","3. WSSV","WSSV","2","","train"
"3. WSSV/WSSV-115-img-1_nobg.png","WSSV-115-img-1_nobg.png","3. WSSV","WSSV","2","","train"
"3. WSSV/WSSV-115-img-2_nobg.png","WSSV-115-img-2_nobg.png","3. WSSV","WSSV","2","","train"
"3. WSSV/WSSV-115-img-3_nobg.png","WSSV-115-img-3_nobg.png","3. WSSV","WSSV","2","","train"
"3. WSSV/WSSV-116-img-2_nobg.png","WSSV-116-img-2_nobg.png","3. WSSV","WSSV","2","","train"
"3. WSSV/WSSV-117-img-1_nobg.png","WSSV-117-img-1_nobg.png","3. WSSV","WSSV","2","","train"
"3. WSSV/WSSV-118-img-2_nobg.png","WSSV-118-img-2_nobg.png","3. WSSV","WSSV","2","","train"
"3. WSSV/WSSV-118-img-3_nobg.png","WSSV-118-img-3_nobg.png","3. WSSV","WSSV","2","","train"
"3. WSSV/WSSV-12-img-1_nobg.png","WSSV-12-img-1_nobg.png","3. WSSV","WSSV","2","","train"
"3. WSSV/WSSV-13-img-1_nobg.png","WSSV-13-img-1_nobg.png","3. WSSV","WSSV","2","","train"
"3. WSSV/WSSV-13-img-3_nobg.png","WSSV-13-img-3_nobg.png","3. WSSV","WSSV","2","","train"
"3. WSSV/WSSV-14-img-1_nobg.png","WSSV-14-img-1_nobg.png","3. WSSV","WSSV","2","","train"
"3. WSSV/WSSV-14-img-2_nobg.png","WSSV-14-img-2_nobg.png","3. WSSV","WSSV","2","","train"
"3. WSSV/WSSV-14-img-3_nobg.png","WSSV-14-img-3_nobg.png","3. WSSV","WSSV","2","","train"
"3. WSSV/WSSV-15-img-1_nobg.png","WSSV-15-img-1_nobg.png","3. WSSV","WSSV","2","","train"
"3. WSSV/WSSV-15-img-2_nobg.png","WSSV-15-img-2_nobg.png","3. WSSV","WSSV","2","","train"
"3. WSSV/WSSV-15-img-3_nobg.png","WSSV-15-img-3_nobg.png","3. WSSV","WSSV","2","","train"
"3. WSSV/WSSV-16-img-1_nobg.png","WSSV-16-img-1_nobg.png","3. WSSV","WSSV","2","","train"
"3. WSSV/WSSV-16-img-2_nobg.png","WSSV-16-img-2_nobg.png","3. WSSV","WSSV","2","","train"
"3. WSSV/WSSV-16-img-3_nobg.png","WSSV-16-img-3_nobg.png","3. WSSV","WSSV","2","","train"
"3. WSSV/WSSV-17-img-1_nobg.png","WSSV-17-img-1_nobg.png","3. WSSV","WSSV","2","","train"
"3. WSSV/WSSV-17-img-2_nobg.png","WSSV-17-img-2_nobg.png","3. WSSV","WSSV","2","","train"
"3. WSSV/WSSV-17-img-3_nobg.png","WSSV-17-img-3_nobg.png","3. WSSV","WSSV","2","","train"
"3. WSSV/WSSV-18-img-1_nobg.png","WSSV-18-img-1_nobg.png","3. WSSV","WSSV","2","","train"
"3. WSSV/WSSV-18-img-3_nobg.png","WSSV-18-img-3_nobg.png","3. WSSV","WSSV","2","","train"
"3. WSSV/WSSV-19-img-2_nobg.png","WSSV-19-img-2_nobg.png","3. WSSV","WSSV","2","","train"
"3. WSSV/WSSV-19-img-3_nobg.png","WSSV-19-img-3_nobg.png","3. WSSV","WSSV","2","","train"
"3. WSSV/WSSV-2-img-3_nobg.png","WSSV-2-img-3_nobg.png","3. WSSV","WSSV","2","","train"
"3. WSSV/WSSV-20-img-1_nobg.png","WSSV-20-img-1_nobg.png","3. WSSV","WSSV","2","","train"
"3. WSSV/WSSV-20-img-2_nobg.png","WSSV-20-img-2_nobg.png","3. WSSV","WSSV","2","","train"
"3. WSSV/WSSV-21-img-2_nobg.png","WSSV-21-img-2_nobg.png","3. WSSV","WSSV","2","","train"
"3. WSSV/WSSV-21-img-3_nobg.png","WSSV-21-img-3_nobg.png","3. WSSV","WSSV","2","","train"
"3. WSSV/WSSV-22-img-1_nobg.png","WSSV-22-img-1_nobg.png","3. WSSV","WSSV","2","","train"
"3. WSSV/WSSV-22-img-2_nobg.png","WSSV-22-img-2_nobg.png","3. WSSV","WSSV","2","","train"
"3. WSSV/WSSV-23-img-1_nobg.png","WSSV-23-img-1_nobg.png","3. WSSV","WSSV","2","","train"
"3. WSSV/WSSV-23-img-2_nobg.png","WSSV-23-img-2_nobg.png","3. WSSV","WSSV","2","","train"
"3. WSSV/WSSV-24-img-1_nobg.png","WSSV-24-img-1_nobg.png","3. WSSV","WSSV","2","","train"
"3. WSSV/WSSV-24-img-2_nobg.png","WSSV-24-img-2_nobg.png","3. WSSV","WSSV","2","","train"
"3. WSSV/WSSV-24-img-3_nobg.png","WSSV-24-img-3_nobg.png","3. WSSV","WSSV","2","","train"
"3. WSSV/WSSV-25-img-1_nobg.png","WSSV-25-img-1_nobg.png","3. WSSV","WSSV","2","","train"
"3. WSSV/WSSV-25-img-2_nobg.png","WSSV-25-img-2_nobg.png","3. WSSV","WSSV","2","","train"
"3. WSSV/WSSV-25-img-3_nobg.png","WSSV-25-img-3_nobg.png","3. WSSV","WSSV","2","","train"
"3. WSSV/WSSV-26-img-1_nobg.png","WSSV-26-img-1_nobg.png","3. WSSV","WSSV","2","","train"
"3. WSSV/WSSV-26-img-2_nobg.png","WSSV-26-img-2_nobg.png","3. WSSV","WSSV","2","","train"
"3. WSSV/WSSV-26-img-3_nobg.png","WSSV-26-img-3_nobg.png","3. WSSV","WSSV","2","","train"
"3. WSSV/WSSV-27-img-1_nobg.png","WSSV-27-img-1_nobg.png","3. WSSV","WSSV","2","","train"
"3. WSSV/WSSV-27-img-3_nobg.png","WSSV-27-img-3_nobg.png","3. WSSV","WSSV","2","","train"
"3. WSSV/WSSV-28-img-1_nobg.png","WSSV-28-img-1_nobg.png","3. WSSV","WSSV","2","","train"
"3. WSSV/WSSV-28-img-2_nobg.png","WSSV-28-img-2_nobg.png","3. WSSV","WSSV","2","","train"
"3. WSSV/WSSV-28-img-3_nobg.png","WSSV-28-img-3_nobg.png","3. WSSV","WSSV","2","","train"
"3. WSSV/WSSV-29-img-1_nobg.png","WSSV-29-img-1_nobg.png","3. WSSV","WSSV","2","","train"
"3. WSSV/WSSV-29-img-2_nobg.png","WSSV-29-img-2_nobg.png","3. WSSV","WSSV","2","","train"
"3. WSSV/WSSV-3-img-1_nobg.png","WSSV-3-img-1_nobg.png","3. WSSV","WSSV","2","","train"
"3. WSSV/WSSV-31-img-1_nobg.png","WSSV-31-img-1_nobg.png","3. WSSV","WSSV","2","","train"
"3. WSSV/WSSV-31-img-2_nobg.png","WSSV-31-img-2_nobg.png","3. WSSV","WSSV","2","","train"
"3. WSSV/WSSV-32-img-1_nobg.png","WSSV-32-img-1_nobg.png","3. WSSV","WSSV","2","","train"
"3. WSSV/WSSV-32-img-2_nobg.png","WSSV-32-img-2_nobg.png","3. WSSV","WSSV","2","","train"
"3. WSSV/WSSV-32-img-3_nobg.png","WSSV-32-img-3_nobg.png","3. WSSV","WSSV","2","","train"
"3. WSSV/WSSV-33-img-2_nobg.png","WSSV-33-img-2_nobg.png","3. WSSV","WSSV","2","","train"
"3. WSSV/WSSV-33-img-3_nobg.png","WSSV-33-img-3_nobg.png","3. WSSV","WSSV","2","","train"
"3. WSSV/WSSV-34-img-1_nobg.png","WSSV-34-img-1_nobg.png","3. WSSV","WSSV","2","","train"
"3. WSSV/WSSV-34-img-2_nobg.png","WSSV-34-img-2_nobg.png","3. WSSV","WSSV","2","","train"
"3. WSSV/WSSV-35-img-1_nobg.png","WSSV-35-img-1_nobg.png","3. WSSV","WSSV","2","","train"
"3. WSSV/WSSV-35-img-2_nobg.png","WSSV-35-img-2_nobg.png","3. WSSV","WSSV","2","","train"
"3. WSSV/WSSV-35-img-3_nobg.png","WSSV-35-img-3_nobg.png","3. WSSV","WSSV","2","","train"
"3. WSSV/WSSV-36-img-2_nobg.png","WSSV-36-img-2_nobg.png","3. WSSV","WSSV","2","","train"
"3. WSSV/WSSV-37-img-1_nobg.png","WSSV-37-img-1_nobg.png","3. WSSV","WSSV","2","","train"
"3. WSSV/WSSV-37-img-2_nobg.png","WSSV-37-img-2_nobg.png","3. WSSV","WSSV","2","","train"
"3. WSSV/WSSV-38-img-1_nobg.png","WSSV-38-img-1_nobg.png","3. WSSV","WSSV","2","","train"
"3. WSSV/WSSV-38-img-2_nobg.png","WSSV-38-img-2_nobg.png","3. WSSV","WSSV","2","","train"
"3. WSSV/WSSV-39-img-1_nobg.png","WSSV-39-img-1_nobg.png","3. WSSV","WSSV","2","","train"
"3. WSSV/WSSV-40-img-3_nobg.png","WSSV-40-img-3_nobg.png","3. WSSV","WSSV","2","","train"
"3. WSSV/WSSV-41-img-1_nobg.png","WSSV-41-img-1_nobg.png","3. WSSV","WSSV","2","","train"
"3. WSSV/WSSV-41-img-2_nobg.png","WSSV-41-img-2_nobg.png","3. WSSV","WSSV","2","","train"
"3. WSSV/WSSV-41-img-3_nobg.png","WSSV-41-img-3_nobg.png","3. WSSV","WSSV","2","","train"
"3. WSSV/WSSV-42-img-1_nobg.png","WSSV-42-img-1_nobg.png","3. WSSV","WSSV","2","","train"
"3. WSSV/WSSV-42-img-2_nobg.png","WSSV-42-img-2_nobg.png","3. WSSV","WSSV","2","","train"
"3. WSSV/WSSV-43-img-1_nobg.png","WSSV-43-img-1_nobg.png","3. WSSV","WSSV","2","","train"
"3. WSSV/WSSV-43-img-2_nobg.png","WSSV-43-img-2_nobg.png","3. WSSV","WSSV","2","","train"
"3. WSSV/WSSV-43-img-3_nobg.png","WSSV-43-img-3_nobg.png","3. WSSV","WSSV","2","","train"
"3. WSSV/WSSV-44-img-3_nobg.png","WSSV-44-img-3_nobg.png","3. WSSV","WSSV","2","","train"
"3. WSSV/WSSV-45-img-1_nobg.png","WSSV-45-img-1_nobg.png","3. WSSV","WSSV","2","","train"
"3. WSSV/WSSV-45-img-3_nobg.png","WSSV-45-img-3_nobg.png","3. WSSV","WSSV","2","","train"
"3. WSSV/WSSV-46-img-1_nobg.png","WSSV-46-img-1_nobg.png","3. WSSV","WSSV","2","","train"
"3. WSSV/WSSV-46-img-3_nobg.png","WSSV-46-img-3_nobg.png","3. WSSV","WSSV","2","","train"
"3. WSSV/WSSV-47-img-1_nobg.png","WSSV-47-img-1_nobg.png","3. WSSV","WSSV","2","","train"
"3. WSSV/WSSV-47-img-2_nobg.png","WSSV-47-img-2_nobg.png","3. WSSV","WSSV","2","","train"
"3. WSSV/WSSV-47-img-3_nobg.png","WSSV-47-img-3_nobg.png","3. WSSV","WSSV","2","","train"
"3. WSSV/WSSV-48-img-1_nobg.png","WSSV-48-img-1_nobg.png","3. WSSV","WSSV","2","","train"
"3. WSSV/WSSV-48-img-3_nobg.png","WSSV-48-img-3_nobg.png","3. WSSV","WSSV","2","","train"
"3. WSSV/WSSV-49-img-1_nobg.png","WSSV-49-img-1_nobg.png","3. WSSV","WSSV","2","","train"
"3. WSSV/WSSV-49-img-2_nobg.png","WSSV-49-img-2_nobg.png","3. WSSV","WSSV","2","","train"
"3. WSSV/WSSV-5-img-2_nobg.png","WSSV-5-img-2_nobg.png","3. WSSV","WSSV","2","","train"
"3. WSSV/WSSV-5-img-3_nobg.png","WSSV-5-img-3_nobg.png","3. WSSV","WSSV","2","","train"
"3. WSSV/WSSV-50-img-1_nobg.png","WSSV-50-img-1_nobg.png","3. WSSV","WSSV","2","","train"
"3. WSSV/WSSV-50-img-3_nobg.png","WSSV-50-img-3_nobg.png","3. WSSV","WSSV","2","","train"
"3. WSSV/WSSV-51-img-1_nobg.png","WSSV-51-img-1_nobg.png","3. WSSV","WSSV","2","","train"
"3. WSSV/WSSV-51-img-2_nobg.png","WSSV-51-img-2_nobg.png","3. WSSV","WSSV","2","","train"
"3. WSSV/WSSV-52-img-1_nobg.png","WSSV-52-img-1_nobg.png","3. WSSV","WSSV","2","","train"
"3. WSSV/WSSV-52-img-2_nobg.png","WSSV-52-img-2_nobg.png","3. WSSV","WSSV","2","","train"
"3. WSSV/WSSV-52-img-3_nobg.png","WSSV-52-img-3_nobg.png","3. WSSV","WSSV","2","","train"
"3. WSSV/WSSV-54-img-1_nobg.png","WSSV-54-img-1_nobg.png","3. WSSV","WSSV","2","","train"
"3. WSSV/WSSV-54-img-2_nobg.png","WSSV-54-img-2_nobg.png","3. WSSV","WSSV","2","","train"
"3. WSSV/WSSV-54-img-3_nobg.png","WSSV-54-img-3_nobg.png","3. WSSV","WSSV","2","","train"
"3. WSSV/WSSV-55-img-1_nobg.png","WSSV-55-img-1_nobg.png","3. WSSV","WSSV","2","","train"
"3. WSSV/WSSV-55-img-3_nobg.png","WSSV-55-img-3_nobg.png","3. WSSV","WSSV","2","","train"
"3. WSSV/WSSV-56-img-1_nobg.png","WSSV-56-img-1_nobg.png","3. WSSV","WSSV","2","","train"
"3. WSSV/WSSV-56-img-2_nobg.png","WSSV-56-img-2_nobg.png","3. WSSV","WSSV","2","","train"
"3. WSSV/WSSV-58-img-1_nobg.png","WSSV-58-img-1_nobg.png","3. WSSV","WSSV","2","","train"
"3. WSSV/WSSV-58-img-3_nobg.png","WSSV-58-img-3_nobg.png","3. WSSV","WSSV","2","","train"
"3. WSSV/WSSV-59-img-1_nobg.png","WSSV-59-img-1_nobg.png","3. WSSV","WSSV","2","","train"
"3. WSSV/WSSV-59-img-2_nobg.png","WSSV-59-img-2_nobg.png","3. WSSV","WSSV","2","","train"
"3. WSSV/WSSV-6-img-1_nobg.png","WSSV-6-img-1_nobg.png","3. WSSV","WSSV","2","","train"
"3. WSSV/WSSV-6-img-2_nobg.png","WSSV-6-img-2_nobg.png","3. WSSV","WSSV","2","","train"
"3. WSSV/WSSV-6-img-3_nobg.png","WSSV-6-img-3_nobg.png","3. WSSV","WSSV","2","","train"
"3. WSSV/WSSV-60-img-3_nobg.png","WSSV-60-img-3_nobg.png","3. WSSV","WSSV","2","","train"
"3. WSSV/WSSV-61-img-1_nobg.png","WSSV-61-img-1_nobg.png","3. WSSV","WSSV","2","","train"
"3. WSSV/WSSV-61-img-2_nobg.png","WSSV-61-img-2_nobg.png","3. WSSV","WSSV","2","","train"
"3. WSSV/WSSV-62-img-1_nobg.png","WSSV-62-img-1_nobg.png","3. WSSV","WSSV","2","","train"
"3. WSSV/WSSV-62-img-2_nobg.png","WSSV-62-img-2_nobg.png","3. WSSV","WSSV","2","","train"
"3. WSSV/WSSV-63-img-2_nobg.png","WSSV-63-img-2_nobg.png","3. WSSV","WSSV","2","","train"
"3. WSSV/WSSV-63-img-3_nobg.png","WSSV-63-img-3_nobg.png","3. WSSV","WSSV","2","","train"
"3. WSSV/WSSV-64-img-1_nobg.png","WSSV-64-img-1_nobg.png","3. WSSV","WSSV","2","","train"
"3. WSSV/WSSV-64-img-3_nobg.png","WSSV-64-img-3_nobg.png","3. WSSV","WSSV","2","","train"
"3. WSSV/WSSV-65-img-1_nobg.png","WSSV-65-img-1_nobg.png","3. WSSV","WSSV","2","","train"
"3. WSSV/WSSV-66-img-2_nobg.png","WSSV-66-img-2_nobg.png","3. WSSV","WSSV","2","","train"
"3. WSSV/WSSV-66-img-3_nobg.png","WSSV-66-img-3_nobg.png","3. WSSV","WSSV","2","","train"
"3. WSSV/WSSV-67-img-1_nobg.png","WSSV-67-img-1_nobg.png","3. WSSV","WSSV","2","","train"
"3. WSSV/WSSV-67-img-3_nobg.png","WSSV-67-img-3_nobg.png","3. WSSV","WSSV","2","","train"
"3. WSSV/WSSV-68-img-1_nobg.png","WSSV-68-img-1_nobg.png","3. WSSV","WSSV","2","","train"
"3. WSSV/WSSV-68-img-2_nobg.png","WSSV-68-img-2_nobg.png","3. WSSV","WSSV","2","","train"
"3. WSSV/WSSV-68-img-3_nobg.png","WSSV-68-img-3_nobg.png","3. WSSV","WSSV","2","","train"
"3. WSSV/WSSV-69-img-1_nobg.png","WSSV-69-img-1_nobg.png","3. WSSV","WSSV","2","","train"
"3. WSSV/WSSV-7-img-1_nobg.png","WSSV-7-img-1_nobg.png","3. WSSV","WSSV","2","","train"
"3. WSSV/WSSV-7-img-3_nobg.png","WSSV-7-img-3_nobg.png","3. WSSV","WSSV","2","","train"
"3. WSSV/WSSV-70-img-1_nobg.png","WSSV-70-img-1_nobg.png","3. WSSV","WSSV","2","","train"
"3. WSSV/WSSV-70-img-2_nobg.png","WSSV-70-img-2_nobg.png","3. WSSV","WSSV","2","","train"
"3. WSSV/WSSV-70-img-3_nobg.png","WSSV-70-img-3_nobg.png","3. WSSV","WSSV","2","","train"
"3. WSSV/WSSV-71-img-1_nobg.png","WSSV-71-img-1_nobg.png","3. WSSV","WSSV","2","","train"
"3. WSSV/WSSV-71-img-3_nobg.png","WSSV-71-img-3_nobg.png","3. WSSV","WSSV","2","","train"
"3. WSSV/WSSV-72-img-1_nobg.png","WSSV-72-img-1_nobg.png","3. WSSV","WSSV","2","","train"
"3. WSSV/WSSV-73-img-3_nobg.png","WSSV-73-img-3_nobg.png","3. WSSV","WSSV","2","","train"
"3. WSSV/WSSV-74-img-2_nobg.png","WSSV-74-img-2_nobg.png","3. WSSV","WSSV","2","","train"
"3. WSSV/WSSV-74-img-3_nobg.png","WSSV-74-img-3_nobg.png","3. WSSV","WSSV","2","","train"
"3. WSSV/WSSV-75-img-2_nobg.png","WSSV-75-img-2_nobg.png","3. WSSV","WSSV","2","","train"
"3. WSSV/WSSV-76-img-1_nobg.png","WSSV-76-img-1_nobg.png","3. WSSV","WSSV","2","","train"
"3. WSSV/WSSV-76-img-2_nobg.png","WSSV-76-img-2_nobg.png","3. WSSV","WSSV","2","","train"
"3. WSSV/WSSV-76-img-3_nobg.png","WSSV-76-img-3_nobg.png","3. WSSV","WSSV","2","","train"
"3. WSSV/WSSV-77-img-1_nobg.png","WSSV-77-img-1_nobg.png","3. WSSV","WSSV","2","","train"
"3. WSSV/WSSV-77-img-2_nobg.png","WSSV-77-img-2_nobg.png","3. WSSV","WSSV","2","","train"
"3. WSSV/WSSV-77-img-3_nobg.png","WSSV-77-img-3_nobg.png","3. WSSV","WSSV","2","","train"
"3. WSSV/WSSV-78-img-1_nobg.png","WSSV-78-img-1_nobg.png","3. WSSV","WSSV","2","","train"
"3. WSSV/WSSV-78-img-2_nobg.png","WSSV-78-img-2_nobg.png","3. WSSV","WSSV","2","","train"
"3. WSSV/WSSV-79-img-1_nobg.png","WSSV-79-img-1_nobg.png","3. WSSV","WSSV","2","","train"
"3. WSSV/WSSV-79-img-2_nobg.png","WSSV-79-img-2_nobg.png","3. WSSV","WSSV","2","","train"
"3. WSSV/WSSV-79-img-3_nobg.png","WSSV-79-img-3_nobg.png","3. WSSV","WSSV","2","","train"
"3. WSSV/WSSV-8-img-2_nobg.png","WSSV-8-img-2_nobg.png","3. WSSV","WSSV","2","","train"
"3. WSSV/WSSV-8-img-3_nobg.png","WSSV-8-img-3_nobg.png","3. WSSV","WSSV","2","","train"
"3. WSSV/WSSV-80-img-2_nobg.png","WSSV-80-img-2_nobg.png","3. WSSV","WSSV","2","","train"
"3. WSSV/WSSV-80-img-3_nobg.png","WSSV-80-img-3_nobg.png","3. WSSV","WSSV","2","","train"
"3. WSSV/WSSV-81-img-1_nobg.png","WSSV-81-img-1_nobg.png","3. WSSV","WSSV","2","","train"
"3. WSSV/WSSV-81-img-2_nobg.png","WSSV-81-img-2_nobg.png","3. WSSV","WSSV","2","","train"
"3. WSSV/WSSV-82-img-1_nobg.png","WSSV-82-img-1_nobg.png","3. WSSV","WSSV","2","","train"
"3. WSSV/WSSV-82-img-2_nobg.png","WSSV-82-img-2_nobg.png","3. WSSV","WSSV","2","","train"
"3. WSSV/WSSV-84-img-2_nobg.png","WSSV-84-img-2_nobg.png","3. WSSV","WSSV","2","","train"
"3. WSSV/WSSV-84-img-3_nobg.png","WSSV-84-img-3_nobg.png","3. WSSV","WSSV","2","","train"
"3. WSSV/WSSV-85-img-1_nobg.png","WSSV-85-img-1_nobg.png","3. WSSV","WSSV","2","","train"
"3. WSSV/WSSV-85-img-2_nobg.png","WSSV-85-img-2_nobg.png","3. WSSV","WSSV","2","","train"
"3. WSSV/WSSV-86-img-1_nobg.png","WSSV-86-img-1_nobg.png","3. WSSV","WSSV","2","","train"
"3. WSSV/WSSV-86-img-2_nobg.png","WSSV-86-img-2_nobg.png","3. WSSV","WSSV","2","","train"
"3. WSSV/WSSV-86-img-3_nobg.png","WSSV-86-img-3_nobg.png","3. WSSV","WSSV","2","","train"
"3. WSSV/WSSV-87-img-1_nobg.png","WSSV-87-img-1_nobg.png","3. WSSV","WSSV","2","","train"
"3. WSSV/WSSV-87-img-2_nobg.png","WSSV-87-img-2_nobg.png","3. WSSV","WSSV","2","","train"
"3. WSSV/WSSV-88-img-1_nobg.png","WSSV-88-img-1_nobg.png","3. WSSV","WSSV","2","","train"
"3. WSSV/WSSV-88-img-2_nobg.png","WSSV-88-img-2_nobg.png","3. WSSV","WSSV","2","","train"
"3. WSSV/WSSV-89-img-1_nobg.png","WSSV-89-img-1_nobg.png","3. WSSV","WSSV","2","","train"
"3. WSSV/WSSV-9-img-1_nobg.png","WSSV-9-img-1_nobg.png","3. WSSV","WSSV","2","","train"
"3. WSSV/WSSV-9-img-2_nobg.png","WSSV-9-img-2_nobg.png","3. WSSV","WSSV","2","","train"
"3. WSSV/WSSV-9-img-3_nobg.png","WSSV-9-img-3_nobg.png","3. WSSV","WSSV","2","","train"
"3. WSSV/WSSV-90-img-1_nobg.png","WSSV-90-img-1_nobg.png","3. WSSV","WSSV","2","","train"
"3. WSSV/WSSV-90-img-2_nobg.png","WSSV-90-img-2_nobg.png","3. WSSV","WSSV","2","","train"
"3. WSSV/WSSV-91-img-1_nobg.png","WSSV-91-img-1_nobg.png","3. WSSV","WSSV","2","","train"
"3. WSSV/WSSV-91-img-3_nobg.png","WSSV-91-img-3_nobg.png","3. WSSV","WSSV","2","","train"
"3. WSSV/WSSV-92-img-1_nobg.png","WSSV-92-img-1_nobg.png","3. WSSV","WSSV","2","","train"
"3. WSSV/WSSV-92-img-3_nobg.png","WSSV-92-img-3_nobg.png","3. WSSV","WSSV","2","","train"
"3. WSSV/WSSV-93-img-1_nobg.png","WSSV-93-img-1_nobg.png","3. WSSV","WSSV","2","","train"
"3. WSSV/WSSV-93-img-2_nobg.png","WSSV-93-img-2_nobg.png","3. WSSV","WSSV","2","","train"
"3. WSSV/WSSV-93-img-3_nobg.png","WSSV-93-img-3_nobg.png","3. WSSV","WSSV","2","","train"
"3. WSSV/WSSV-94-img-1_nobg.png","WSSV-94-img-1_nobg.png","3. WSSV","WSSV","2","","train"
"3. WSSV/WSSV-94-img-2_nobg.png","WSSV-94-img-2_nobg.png","3. WSSV","WSSV","2","","train"
"3. WSSV/WSSV-95-img-1_nobg.png","WSSV-95-img-1_nobg.png","3. WSSV","WSSV","2","","train"
"3. WSSV/WSSV-95-img-3_nobg.png","WSSV-95-img-3_nobg.png","3. WSSV","WSSV","2","","train"
"3. WSSV/WSSV-96-img-3_nobg.png","WSSV-96-img-3_nobg.png","3. WSSV","WSSV","2","","train"
"3. WSSV/WSSV-97-img-3_nobg.png","WSSV-97-img-3_nobg.png","3. WSSV","WSSV","2","","train"
"3. WSSV/WSSV-98-img-1_nobg.png","WSSV-98-img-1_nobg.png","3. WSSV","WSSV","2","","train"
"3. WSSV/WSSV-98-img-2_nobg.png","WSSV-98-img-2_nobg.png","3. WSSV","WSSV","2","","train"
"3. WSSV/WSSV-98-img-3_nobg.png","WSSV-98-img-3_nobg.png","3. WSSV","WSSV","2","","train"
"3. WSSV/WSSV-99-img-1_nobg.png","WSSV-99-img-1_nobg.png","3. WSSV","WSSV","2","","train"
"3. WSSV/WSSV-99-img-2_nobg.png","WSSV-99-img-2_nobg.png","3. WSSV","WSSV","2","","train"
"3. WSSV/WSSV-99-img-3_nobg.png","WSSV-99-img-3_nobg.png","3. WSSV","WSSV","2","","train"
"4. WSSV_BG/WSSV_BG-1-img-2_nobg.png","WSSV_BG-1-img-2_nobg.png","4. WSSV_BG","WSSV_BG","3","","train"
"4. WSSV_BG/WSSV_BG-10-img-1_nobg.png","WSSV_BG-10-img-1_nobg.png","4. WSSV_BG","WSSV_BG","3","","train"
"4. WSSV_BG/WSSV_BG-10-img-3_nobg.png","WSSV_BG-10-img-3_nobg.png","4. WSSV_BG","WSSV_BG","3","","train"
"4. WSSV_BG/WSSV_BG-11-img-1_nobg.png","WSSV_BG-11-img-1_nobg.png","4. WSSV_BG","WSSV_BG","3","","train"
"4. WSSV_BG/WSSV_BG-11-img-2_nobg.png","WSSV_BG-11-img-2_nobg.png","4. WSSV_BG","WSSV_BG","3","","train"
"4. WSSV_BG/WSSV_BG-12-img-3_nobg.png","WSSV_BG-12-img-3_nobg.png","4. WSSV_BG","WSSV_BG","3","","train"
"4. WSSV_BG/WSSV_BG-13-img-2_nobg.png","WSSV_BG-13-img-2_nobg.png","4. WSSV_BG","WSSV_BG","3","","train"
"4. WSSV_BG/WSSV_BG-13-img-3_nobg.png","WSSV_BG-13-img-3_nobg.png","4. WSSV_BG","WSSV_BG","3","","train"
"4. WSSV_BG/WSSV_BG-14-img-1_nobg.png","WSSV_BG-14-img-1_nobg.png","4. WSSV_BG","WSSV_BG","3","","train"
"4. WSSV_BG/WSSV_BG-14-img-3_nobg.png","WSSV_BG-14-img-3_nobg.png","4. WSSV_BG","WSSV_BG","3","","train"
"4. WSSV_BG/WSSV_BG-16-img-1_nobg.png","WSSV_BG-16-img-1_nobg.png","4. WSSV_BG","WSSV_BG","3","","train"
"4. WSSV_BG/WSSV_BG-16-img-2_nobg.png","WSSV_BG-16-img-2_nobg.png","4. WSSV_BG","WSSV_BG","3","","train"
"4. WSSV_BG/WSSV_BG-16-img-3_nobg.png","WSSV_BG-16-img-3_nobg.png","4. WSSV_BG","WSSV_BG","3","","train"
"4. WSSV_BG/WSSV_BG-17-img-1_nobg.png","WSSV_BG-17-img-1_nobg.png","4. WSSV_BG","WSSV_BG","3","","train"
"4. WSSV_BG/WSSV_BG-17-img-2_nobg.png","WSSV_BG-17-img-2_nobg.png","4. WSSV_BG","WSSV_BG","3","","train"
"4. WSSV_BG/WSSV_BG-17-img-3_nobg.png","WSSV_BG-17-img-3_nobg.png","4. WSSV_BG","WSSV_BG","3","","train"
"4. WSSV_BG/WSSV_BG-18-img-1_nobg.png","WSSV_BG-18-img-1_nobg.png","4. WSSV_BG","WSSV_BG","3","","train"
"4. WSSV_BG/WSSV_BG-18-img-2_nobg.png","WSSV_BG-18-img-2_nobg.png","4. WSSV_BG","WSSV_BG","3","","train"
"4. WSSV_BG/WSSV_BG-18-img-3_nobg.png","WSSV_BG-18-img-3_nobg.png","4. WSSV_BG","WSSV_BG","3","","train"
"4. WSSV_BG/WSSV_BG-19-img-1_nobg.png","WSSV_BG-19-img-1_nobg.png","4. WSSV_BG","WSSV_BG","3","","train"
"4. WSSV_BG/WSSV_BG-19-img-2_nobg.png","WSSV_BG-19-img-2_nobg.png","4. WSSV_BG","WSSV_BG","3","","train"
"4. WSSV_BG/WSSV_BG-19-img-3_nobg.png","WSSV_BG-19-img-3_nobg.png","4. WSSV_BG","WSSV_BG","3","","train"
"4. WSSV_BG/WSSV_BG-2-img-1_nobg.png","WSSV_BG-2-img-1_nobg.png","4. WSSV_BG","WSSV_BG","3","","train"
"4. WSSV_BG/WSSV_BG-2-img-2_nobg.png","WSSV_BG-2-img-2_nobg.png","4. WSSV_BG","WSSV_BG","3","","train"
"4. WSSV_BG/WSSV_BG-20-img-1_nobg.png","WSSV_BG-20-img-1_nobg.png","4. WSSV_BG","WSSV_BG","3","","train"
"4. WSSV_BG/WSSV_BG-21-img-1_nobg.png","WSSV_BG-21-img-1_nobg.png","4. WSSV_BG","WSSV_BG","3","","train"
"4. WSSV_BG/WSSV_BG-22-img-1_nobg.png","WSSV_BG-22-img-1_nobg.png","4. WSSV_BG","WSSV_BG","3","","train"
"4. WSSV_BG/WSSV_BG-22-img-2_nobg.png","WSSV_BG-22-img-2_nobg.png","4. WSSV_BG","WSSV_BG","3","","train"
"4. WSSV_BG/WSSV_BG-22-img-3_nobg.png","WSSV_BG-22-img-3_nobg.png","4. WSSV_BG","WSSV_BG","3","","train"
"4. WSSV_BG/WSSV_BG-23-img-1_nobg.png","WSSV_BG-23-img-1_nobg.png","4. WSSV_BG","WSSV_BG","3","","train"
"4. WSSV_BG/WSSV_BG-24-img-1_nobg.png","WSSV_BG-24-img-1_nobg.png","4. WSSV_BG","WSSV_BG","3","","train"
"4. WSSV_BG/WSSV_BG-24-img-2_nobg.png","WSSV_BG-24-img-2_nobg.png","4. WSSV_BG","WSSV_BG","3","","train"
"4. WSSV_BG/WSSV_BG-25-img-1_nobg.png","WSSV_BG-25-img-1_nobg.png","4. WSSV_BG","WSSV_BG","3","","train"
"4. WSSV_BG/WSSV_BG-25-img-3_nobg.png","WSSV_BG-25-img-3_nobg.png","4. WSSV_BG","WSSV_BG","3","","train"
"4. WSSV_BG/WSSV_BG-26-img-1_nobg.png","WSSV_BG-26-img-1_nobg.png","4. WSSV_BG","WSSV_BG","3","","train"
"4. WSSV_BG/WSSV_BG-26-img-2_nobg.png","WSSV_BG-26-img-2_nobg.png","4. WSSV_BG","WSSV_BG","3","","train"
"4. WSSV_BG/WSSV_BG-26-img-3_nobg.png","WSSV_BG-26-img-3_nobg.png","4. WSSV_BG","WSSV_BG","3","","train"
"4. WSSV_BG/WSSV_BG-27-img-1_nobg.png","WSSV_BG-27-img-1_nobg.png","4. WSSV_BG","WSSV_BG","3","","train"
"4. WSSV_BG/WSSV_BG-27-img-2_nobg.png","WSSV_BG-27-img-2_nobg.png","4. WSSV_BG","WSSV_BG","3","","train"
"4. WSSV_BG/WSSV_BG-28-img-1_nobg.png","WSSV_BG-28-img-1_nobg.png","4. WSSV_BG","WSSV_BG","3","","train"
"4. WSSV_BG/WSSV_BG-28-img-2_nobg.png","WSSV_BG-28-img-2_nobg.png","4. WSSV_BG","WSSV_BG","3","","train"
"4. WSSV_BG/WSSV_BG-28-img-3_nobg.png","WSSV_BG-28-img-3_nobg.png","4. WSSV_BG","WSSV_BG","3","","train"
"4. WSSV_BG/WSSV_BG-29-img-1_nobg.png","WSSV_BG-29-img-1_nobg.png","4. WSSV_BG","WSSV_BG","3","","train"
"4. WSSV_BG/WSSV_BG-29-img-3_nobg.png","WSSV_BG-29-img-3_nobg.png","4. WSSV_BG","WSSV_BG","3","","train"
"4. WSSV_BG/WSSV_BG-30-img-2_nobg.png","WSSV_BG-30-img-2_nobg.png","4. WSSV_BG","WSSV_BG","3","","train"
"4. WSSV_BG/WSSV_BG-31-img-1_nobg.png","WSSV_BG-31-img-1_nobg.png","4. WSSV_BG","WSSV_BG","3","","train"
"4. WSSV_BG/WSSV_BG-32-img-2_nobg.png","WSSV_BG-32-img-2_nobg.png","4. WSSV_BG","WSSV_BG","3","","train"
"4. WSSV_BG/WSSV_BG-33-img-2_nobg.png","WSSV_BG-33-img-2_nobg.png","4. WSSV_BG","WSSV_BG","3","","train"
"4. WSSV_BG/WSSV_BG-33-img-3_nobg.png","WSSV_BG-33-img-3_nobg.png","4. WSSV_BG","WSSV_BG","3","","train"
"4. WSSV_BG/WSSV_BG-35-img-1_nobg.png","WSSV_BG-35-img-1_nobg.png","4. WSSV_BG","WSSV_BG","3","","train"
"4. WSSV_BG/WSSV_BG-35-img-2_nobg.png","WSSV_BG-35-img-2_nobg.png","4. WSSV_BG","WSSV_BG","3","","train"
"4. WSSV_BG/WSSV_BG-36-img-1_nobg.png","WSSV_BG-36-img-1_nobg.png","4. WSSV_BG","WSSV_BG","3","","train"
"4. WSSV_BG/WSSV_BG-36-img-2_nobg.png","WSSV_BG-36-img-2_nobg.png","4. WSSV_BG","WSSV_BG","3","","train"
"4. WSSV_BG/WSSV_BG-36-img-3_nobg.png","WSSV_BG-36-img-3_nobg.png","4. WSSV_BG","WSSV_BG","3","","train"
"4. WSSV_BG/WSSV_BG-37-img-2_nobg.png","WSSV_BG-37-img-2_nobg.png","4. WSSV_BG","WSSV_BG","3","","train"
"4. WSSV_BG/WSSV_BG-37-img-3_nobg.png","WSSV_BG-37-img-3_nobg.png","4. WSSV_BG","WSSV_BG","3","","train"
"4. WSSV_BG/WSSV_BG-38-img-1_nobg.png","WSSV_BG-38-img-1_nobg.png","4. WSSV_BG","WSSV_BG","3","","train"
"4. WSSV_BG/WSSV_BG-38-img-2_nobg.png","WSSV_BG-38-img-2_nobg.png","4. WSSV_BG","WSSV_BG","3","","train"
"4. WSSV_BG/WSSV_BG-38-img-3_nobg.png","WSSV_BG-38-img-3_nobg.png","4. WSSV_BG","WSSV_BG","3","","train"
"4. WSSV_BG/WSSV_BG-39-img-2_nobg.png","WSSV_BG-39-img-2_nobg.png","4. WSSV_BG","WSSV_BG","3","","train"
"4. WSSV_BG/WSSV_BG-4-img-1_nobg.png","WSSV_BG-4-img-1_nobg.png","4. WSSV_BG","WSSV_BG","3","","train"
"4. WSSV_BG/WSSV_BG-40-img-2_nobg.png","WSSV_BG-40-img-2_nobg.png","4. WSSV_BG","WSSV_BG","3","","train"
"4. WSSV_BG/WSSV_BG-40-img-3_nobg.png","WSSV_BG-40-img-3_nobg.png","4. WSSV_BG","WSSV_BG","3","","train"
"4. WSSV_BG/WSSV_BG-41-img-1_nobg.png","WSSV_BG-41-img-1_nobg.png","4. WSSV_BG","WSSV_BG","3","","train"
"4. WSSV_BG/WSSV_BG-41-img-2_nobg.png","WSSV_BG-41-img-2_nobg.png","4. WSSV_BG","WSSV_BG","3","","train"
"4. WSSV_BG/WSSV_BG-42-img-2_nobg.png","WSSV_BG-42-img-2_nobg.png","4. WSSV_BG","WSSV_BG","3","","train"
"4. WSSV_BG/WSSV_BG-42-img-3_nobg.png","WSSV_BG-42-img-3_nobg.png","4. WSSV_BG","WSSV_BG","3","","train"
"4. WSSV_BG/WSSV_BG-43-img-1_nobg.png","WSSV_BG-43-img-1_nobg.png","4. WSSV_BG","WSSV_BG","3","","train"
"4. WSSV_BG/WSSV_BG-43-img-2_nobg.png","WSSV_BG-43-img-2_nobg.png","4. WSSV_BG","WSSV_BG","3","","train"
"4. WSSV_BG/WSSV_BG-44-img-1_nobg.png","WSSV_BG-44-img-1_nobg.png","4. WSSV_BG","WSSV_BG","3","","train"
"4. WSSV_BG/WSSV_BG-44-img-2_nobg.png","WSSV_BG-44-img-2_nobg.png","4. WSSV_BG","WSSV_BG","3","","train"
"4. WSSV_BG/WSSV_BG-45-img-1_nobg.png","WSSV_BG-45-img-1_nobg.png","4. WSSV_BG","WSSV_BG","3","","train"
"4. WSSV_BG/WSSV_BG-45-img-2_nobg.png","WSSV_BG-45-img-2_nobg.png","4. WSSV_BG","WSSV_BG","3","","train"
"4. WSSV_BG/WSSV_BG-46-img-1_nobg.png","WSSV_BG-46-img-1_nobg.png","4. WSSV_BG","WSSV_BG","3","","train"
"4. WSSV_BG/WSSV_BG-46-img-2_nobg.png","WSSV_BG-46-img-2_nobg.png","4. WSSV_BG","WSSV_BG","3","","train"
"4. WSSV_BG/WSSV_BG-46-img-3_nobg.png","WSSV_BG-46-img-3_nobg.png","4. WSSV_BG","WSSV_BG","3","","train"
"4. WSSV_BG/WSSV_BG-47-img-2_nobg.png","WSSV_BG-47-img-2_nobg.png","4. WSSV_BG","WSSV_BG","3","","train"
"4. WSSV_BG/WSSV_BG-47-img-3_nobg.png","WSSV_BG-47-img-3_nobg.png","4. WSSV_BG","WSSV_BG","3","","train"
"4. WSSV_BG/WSSV_BG-48-img-1_nobg.png","WSSV_BG-48-img-1_nobg.png","4. WSSV_BG","WSSV_BG","3","","train"
"4. WSSV_BG/WSSV_BG-49-img-1_nobg.png","WSSV_BG-49-img-1_nobg.png","4. WSSV_BG","WSSV_BG","3","","train"
"4. WSSV_BG/WSSV_BG-49-img-3_nobg.png","WSSV_BG-49-img-3_nobg.png","4. WSSV_BG","WSSV_BG","3","","train"
"4. WSSV_BG/WSSV_BG-5-img-1_nobg.png","WSSV_BG-5-img-1_nobg.png","4. WSSV_BG","WSSV_BG","3","","train"
"4. WSSV_BG/WSSV_BG-5-img-2_nobg.png","WSSV_BG-5-img-2_nobg.png","4. WSSV_BG","WSSV_BG","3","","train"
"4. WSSV_BG/WSSV_BG-5-img-3_nobg.png","WSSV_BG-5-img-3_nobg.png","4. WSSV_BG","WSSV_BG","3","","train"
"4. WSSV_BG/WSSV_BG-50-img-1_nobg.png","WSSV_BG-50-img-1_nobg.png","4. WSSV_BG","WSSV_BG","3","","train"
"4. WSSV_BG/WSSV_BG-50-img-3_nobg.png","WSSV_BG-50-img-3_nobg.png","4. WSSV_BG","WSSV_BG","3","","train"
"4. WSSV_BG/WSSV_BG-51-img-1_nobg.png","WSSV_BG-51-img-1_nobg.png","4. WSSV_BG","WSSV_BG","3","","train"
"4. WSSV_BG/WSSV_BG-51-img-2_nobg.png","WSSV_BG-51-img-2_nobg.png","4. WSSV_BG","WSSV_BG","3","","train"
"4. WSSV_BG/WSSV_BG-52-img-1_nobg.png","WSSV_BG-52-img-1_nobg.png","4. WSSV_BG","WSSV_BG","3","","train"
"4. WSSV_BG/WSSV_BG-52-img-2_nobg.png","WSSV_BG-52-img-2_nobg.png","4. WSSV_BG","WSSV_BG","3","","train"
"4. WSSV_BG/WSSV_BG-54-img-1_nobg.png","WSSV_BG-54-img-1_nobg.png","4. WSSV_BG","WSSV_BG","3","","train"
"4. WSSV_BG/WSSV_BG-54-img-2_nobg.png","WSSV_BG-54-img-2_nobg.png","4. WSSV_BG","WSSV_BG","3","","train"
"4. WSSV_BG/WSSV_BG-57-img-1_nobg.png","WSSV_BG-57-img-1_nobg.png","4. WSSV_BG","WSSV_BG","3","","train"
"4. WSSV_BG/WSSV_BG-58-img-1_nobg.png","WSSV_BG-58-img-1_nobg.png","4. WSSV_BG","WSSV_BG","3","","train"
"4. WSSV_BG/WSSV_BG-58-img-2_nobg.png","WSSV_BG-58-img-2_nobg.png","4. WSSV_BG","WSSV_BG","3","","train"
"4. WSSV_BG/WSSV_BG-58-img-3_nobg.png","WSSV_BG-58-img-3_nobg.png","4. WSSV_BG","WSSV_BG","3","","train"
"4. WSSV_BG/WSSV_BG-59-img-1_nobg.png","WSSV_BG-59-img-1_nobg.png","4. WSSV_BG","WSSV_BG","3","","train"
"4. WSSV_BG/WSSV_BG-59-img-2_nobg.png","WSSV_BG-59-img-2_nobg.png","4. WSSV_BG","WSSV_BG","3","","train"
"4. WSSV_BG/WSSV_BG-6-img-1_nobg.png","WSSV_BG-6-img-1_nobg.png","4. WSSV_BG","WSSV_BG","3","","train"
"4. WSSV_BG/WSSV_BG-61-img-1_nobg.png","WSSV_BG-61-img-1_nobg.png","4. WSSV_BG","WSSV_BG","3","","train"
"4. WSSV_BG/WSSV_BG-61-img-3_nobg.png","WSSV_BG-61-img-3_nobg.png","4. WSSV_BG","WSSV_BG","3","","train"
"4. WSSV_BG/WSSV_BG-62-img-1_nobg.png","WSSV_BG-62-img-1_nobg.png","4. WSSV_BG","WSSV_BG","3","","train"
"4. WSSV_BG/WSSV_BG-62-img-2_nobg.png","WSSV_BG-62-img-2_nobg.png","4. WSSV_BG","WSSV_BG","3","","train"
"4. WSSV_BG/WSSV_BG-62-img-3_nobg.png","WSSV_BG-62-img-3_nobg.png","4. WSSV_BG","WSSV_BG","3","","train"
"4. WSSV_BG/WSSV_BG-63-img-1_nobg.png","WSSV_BG-63-img-1_nobg.png","4. WSSV_BG","WSSV_BG","3","","train"
"4. WSSV_BG/WSSV_BG-63-img-2_nobg.png","WSSV_BG-63-img-2_nobg.png","4. WSSV_BG","WSSV_BG","3","","train"
"4. WSSV_BG/WSSV_BG-64-img-3_nobg.png","WSSV_BG-64-img-3_nobg.png","4. WSSV_BG","WSSV_BG","3","","train"
"4. WSSV_BG/WSSV_BG-65-img-1_nobg.png","WSSV_BG-65-img-1_nobg.png","4. WSSV_BG","WSSV_BG","3","","train"
"4. WSSV_BG/WSSV_BG-65-img-2_nobg.png","WSSV_BG-65-img-2_nobg.png","4. WSSV_BG","WSSV_BG","3","","train"
"4. WSSV_BG/WSSV_BG-65-img-3_nobg.png","WSSV_BG-65-img-3_nobg.png","4. WSSV_BG","WSSV_BG","3","","train"
"4. WSSV_BG/WSSV_BG-66-img-2_nobg.png","WSSV_BG-66-img-2_nobg.png","4. WSSV_BG","WSSV_BG","3","","train"
"4. WSSV_BG/WSSV_BG-66-img-3_nobg.png","WSSV_BG-66-img-3_nobg.png","4. WSSV_BG","WSSV_BG","3","","train"
"4. WSSV_BG/WSSV_BG-67-img-1_nobg.png","WSSV_BG-67-img-1_nobg.png","4. WSSV_BG","WSSV_BG","3","","train"
"4. WSSV_BG/WSSV_BG-67-img-3_nobg.png","WSSV_BG-67-img-3_nobg.png","4. WSSV_BG","WSSV_BG","3","","train"
"4. WSSV_BG/WSSV_BG-68-img-1_nobg.png","WSSV_BG-68-img-1_nobg.png","4. WSSV_BG","WSSV_BG","3","","train"
"4. WSSV_BG/WSSV_BG-68-img-2_nobg.png","WSSV_BG-68-img-2_nobg.png","4. WSSV_BG","WSSV_BG","3","","train"
"4. WSSV_BG/WSSV_BG-68-img-3_nobg.png","WSSV_BG-68-img-3_nobg.png","4. WSSV_BG","WSSV_BG","3","","train"
"4. WSSV_BG/WSSV_BG-69-img-1_nobg.png","WSSV_BG-69-img-1_nobg.png","4. WSSV_BG","WSSV_BG","3","","train"
"4. WSSV_BG/WSSV_BG-69-img-3_nobg.png","WSSV_BG-69-img-3_nobg.png","4. WSSV_BG","WSSV_BG","3","","train"
"4. WSSV_BG/WSSV_BG-7-img-1_nobg.png","WSSV_BG-7-img-1_nobg.png","4. WSSV_BG","WSSV_BG","3","","train"
"4. WSSV_BG/WSSV_BG-7-img-2_nobg.png","WSSV_BG-7-img-2_nobg.png","4. WSSV_BG","WSSV_BG","3","","train"
"4. WSSV_BG/WSSV_BG-7-img-3_nobg.png","WSSV_BG-7-img-3_nobg.png","4. WSSV_BG","WSSV_BG","3","","train"
"4. WSSV_BG/WSSV_BG-70-img-1_nobg.png","WSSV_BG-70-img-1_nobg.png","4. WSSV_BG","WSSV_BG","3","","train"
"4. WSSV_BG/WSSV_BG-70-img-2_nobg.png","WSSV_BG-70-img-2_nobg.png","4. WSSV_BG","WSSV_BG","3","","train"
"4. WSSV_BG/WSSV_BG-70-img-3_nobg.png","WSSV_BG-70-img-3_nobg.png","4. WSSV_BG","WSSV_BG","3","","train"
"4. WSSV_BG/WSSV_BG-71-img-1_nobg.png","WSSV_BG-71-img-1_nobg.png","4. WSSV_BG","WSSV_BG","3","","train"
"4. WSSV_BG/WSSV_BG-71-img-2_nobg.png","WSSV_BG-71-img-2_nobg.png","4. WSSV_BG","WSSV_BG","3","","train"
"4. WSSV_BG/WSSV_BG-71-img-3_nobg.png","WSSV_BG-71-img-3_nobg.png","4. WSSV_BG","WSSV_BG","3","","train"
"4. WSSV_BG/WSSV_BG-72-img-1_nobg.png","WSSV_BG-72-img-1_nobg.png","4. WSSV_BG","WSSV_BG","3","","train"
"4. WSSV_BG/WSSV_BG-72-img-3_nobg.png","WSSV_BG-72-img-3_nobg.png","4. WSSV_BG","WSSV_BG","3","","train"
"4. WSSV_BG/WSSV_BG-73-img-1_nobg.png","WSSV_BG-73-img-1_nobg.png","4. WSSV_BG","WSSV_BG","3","","train"
"4. WSSV_BG/WSSV_BG-74-img-1_nobg.png","WSSV_BG-74-img-1_nobg.png","4. WSSV_BG","WSSV_BG","3","","train"
"4. WSSV_BG/WSSV_BG-74-img-2_nobg.png","WSSV_BG-74-img-2_nobg.png","4. WSSV_BG","WSSV_BG","3","","train"
"4. WSSV_BG/WSSV_BG-74-img-3_nobg.png","WSSV_BG-74-img-3_nobg.png","4. WSSV_BG","WSSV_BG","3","","train"
"4. WSSV_BG/WSSV_BG-75-img-1_nobg.png","WSSV_BG-75-img-1_nobg.png","4. WSSV_BG","WSSV_BG","3","","train"
"4. WSSV_BG/WSSV_BG-75-img-2_nobg.png","WSSV_BG-75-img-2_nobg.png","4. WSSV_BG","WSSV_BG","3","","train"
"4. WSSV_BG/WSSV_BG-76-img-2_nobg.png","WSSV_BG-76-img-2_nobg.png","4. WSSV_BG","WSSV_BG","3","","train"
"4. WSSV_BG/WSSV_BG-76-img-3_nobg.png","WSSV_BG-76-img-3_nobg.png","4. WSSV_BG","WSSV_BG","3","","train"
"4. WSSV_BG/WSSV_BG-77-img-1_nobg.png","WSSV_BG-77-img-1_nobg.png","4. WSSV_BG","WSSV_BG","3","","train"
"4. WSSV_BG/WSSV_BG-77-img-2_nobg.png","WSSV_BG-77-img-2_nobg.png","4. WSSV_BG","WSSV_BG","3","","train"
"4. WSSV_BG/WSSV_BG-77-img-3_nobg.png","WSSV_BG-77-img-3_nobg.png","4. WSSV_BG","WSSV_BG","3","","train"
"4. WSSV_BG/WSSV_BG-78-img-1_nobg.png","WSSV_BG-78-img-1_nobg.png","4. WSSV_BG","WSSV_BG","3","","train"
"4. WSSV_BG/WSSV_BG-79-img-1_nobg.png","WSSV_BG-79-img-1_nobg.png","4. WSSV_BG","WSSV_BG","3","","train"
"4. WSSV_BG/WSSV_BG-79-img-2_nobg.png","WSSV_BG-79-img-2_nobg.png","4. WSSV_BG","WSSV_BG","3","","train"
"4. WSSV_BG/WSSV_BG-8-img-1_nobg.png","WSSV_BG-8-img-1_nobg.png","4. WSSV_BG","WSSV_BG","3","","train"
"4. WSSV_BG/WSSV_BG-8-img-2_nobg.png","WSSV_BG-8-img-2_nobg.png","4. WSSV_BG","WSSV_BG","3","","train"
"4. WSSV_BG/WSSV_BG-80-img-1_nobg.png","WSSV_BG-80-img-1_nobg.png","4. WSSV_BG","WSSV_BG","3","","train"
"4. WSSV_BG/WSSV_BG-80-img-2_nobg.png","WSSV_BG-80-img-2_nobg.png","4. WSSV_BG","WSSV_BG","3","","train"
"4. WSSV_BG/WSSV_BG-80-img-3_nobg.png","WSSV_BG-80-img-3_nobg.png","4. WSSV_BG","WSSV_BG","3","","train"
"4. WSSV_BG/WSSV_BG-81-img-1_nobg.png","WSSV_BG-81-img-1_nobg.png","4. WSSV_BG","WSSV_BG","3","","train"
"4. WSSV_BG/WSSV_BG-81-img-2_nobg.png","WSSV_BG-81-img-2_nobg.png","4. WSSV_BG","WSSV_BG","3","","train"
"4. WSSV_BG/WSSV_BG-9-img-1_nobg.png","WSSV_BG-9-img-1_nobg.png","4. WSSV_BG","WSSV_BG","3","","train"
"4. WSSV_BG/WSSV_BG-9-img-2_nobg.png","WSSV_BG-9-img-2_nobg.png","4. WSSV_BG","WSSV_BG","3","","train"
"4. WSSV_BG/WSSV_BG-9-img-3_nobg.png","WSSV_BG-9-img-3_nobg.png","4. WSSV_BG","WSSV_BG","3","","train"
"1. Healthy/Healthy-1-img-2_nobg.png","Healthy-1-img-2_nobg.png","1. Healthy","Healthy","0","","val"
"1. Healthy/Healthy-10-img-2_nobg.png","Healthy-10-img-2_nobg.png","1. Healthy","Healthy","0","","val"
"1. Healthy/Healthy-102-img-2_nobg.png","Healthy-102-img-2_nobg.png","1. Healthy","Healthy","0","","val"
"1. Healthy/Healthy-102-img-3_nobg.png","Healthy-102-img-3_nobg.png","1. Healthy","Healthy","0","","val"
"1. Healthy/Healthy-107-img-2_nobg.png","Healthy-107-img-2_nobg.png","1. Healthy","Healthy","0","","val"
"1. Healthy/Healthy-109-img-3_nobg.png","Healthy-109-img-3_nobg.png","1. Healthy","Healthy","0","","val"
"1. Healthy/Healthy-110-img-3_nobg.png","Healthy-110-img-3_nobg.png","1. Healthy","Healthy","0","","val"
"1. Healthy/Healthy-111-img-3_nobg.png","Healthy-111-img-3_nobg.png","1. Healthy","Healthy","0","","val"
"1. Healthy/Healthy-113-img-1_nobg.png","Healthy-113-img-1_nobg.png","1. Healthy","Healthy","0","","val"
"1. Healthy/Healthy-113-img-3_nobg.png","Healthy-113-img-3_nobg.png","1. Healthy","Healthy","0","","val"
"1. Healthy/Healthy-117-img-2_nobg.png","Healthy-117-img-2_nobg.png","1. Healthy","Healthy","0","","val"
"1. Healthy/Healthy-118-img-2_nobg.png","Healthy-118-img-2_nobg.png","1. Healthy","Healthy","0","","val"
"1. Healthy/Healthy-118-img-3_nobg.png","Healthy-118-img-3_nobg.png","1. Healthy","Healthy","0","","val"
"1. Healthy/Healthy-126-img-1_nobg.png","Healthy-126-img-1_nobg.png","1. Healthy","Healthy","0","","val"
"1. Healthy/Healthy-127-img-2_nobg.png","Healthy-127-img-2_nobg.png","1. Healthy","Healthy","0","","val"
"1. Healthy/Healthy-130-img-1_nobg.png","Healthy-130-img-1_nobg.png","1. Healthy","Healthy","0","","val"
"1. Healthy/Healthy-131-img-1_nobg.png","Healthy-131-img-1_nobg.png","1. Healthy","Healthy","0","","val"
"1. Healthy/Healthy-131-img-2_nobg.png","Healthy-131-img-2_nobg.png","1. Healthy","Healthy","0","","val"
"1. Healthy/Healthy-136-img-2_nobg.png","Healthy-136-img-2_nobg.png","1. Healthy","Healthy","0","","val"
"1. Healthy/Healthy-139-img-2_nobg.png","Healthy-139-img-2_nobg.png","1. Healthy","Healthy","0","","val"
"1. Healthy/Healthy-140-img-1_nobg.png","Healthy-140-img-1_nobg.png","1. Healthy","Healthy","0","","val"
"1. Healthy/Healthy-141-img-1_nobg.png","Healthy-141-img-1_nobg.png","1. Healthy","Healthy","0","","val"
"1. Healthy/Healthy-16-img-3_nobg.png","Healthy-16-img-3_nobg.png","1. Healthy","Healthy","0","","val"
"1. Healthy/Healthy-17-img-2_nobg.png","Healthy-17-img-2_nobg.png","1. Healthy","Healthy","0","","val"
"1. Healthy/Healthy-2-img-2_nobg.png","Healthy-2-img-2_nobg.png","1. Healthy","Healthy","0","","val"
"1. Healthy/Healthy-2-img-3_nobg.png","Healthy-2-img-3_nobg.png","1. Healthy","Healthy","0","","val"
"1. Healthy/Healthy-20-img-1_nobg.png","Healthy-20-img-1_nobg.png","1. Healthy","Healthy","0","","val"
"1. Healthy/Healthy-27-img-1_nobg.png","Healthy-27-img-1_nobg.png","1. Healthy","Healthy","0","","val"
"1. Healthy/Healthy-31-img-1_nobg.png","Healthy-31-img-1_nobg.png","1. Healthy","Healthy","0","","val"
"1. Healthy/Healthy-31-img-2_nobg.png","Healthy-31-img-2_nobg.png","1. Healthy","Healthy","0","","val"
"1. Healthy/Healthy-31-img-3_nobg.png","Healthy-31-img-3_nobg.png","1. Healthy","Healthy","0","","val"
"1. Healthy/Healthy-32-img-2_nobg.png","Healthy-32-img-2_nobg.png","1. Healthy","Healthy","0","","val"
"1. Healthy/Healthy-39-img-2_nobg.png","Healthy-39-img-2_nobg.png","1. Healthy","Healthy","0","","val"
"1. Healthy/Healthy-4-img-1_nobg.png","Healthy-4-img-1_nobg.png","1. Healthy","Healthy","0","","val"
"1. Healthy/Healthy-4-img-3_nobg.png","Healthy-4-img-3_nobg.png","1. Healthy","Healthy","0","","val"
"1. Healthy/Healthy-40-img-1_nobg.png","Healthy-40-img-1_nobg.png","1. Healthy","Healthy","0","","val"
"1. Healthy/Healthy-43-img-3_nobg.png","Healthy-43-img-3_nobg.png","1. Healthy","Healthy","0","","val"
"1. Healthy/Healthy-45-img-1_nobg.png","Healthy-45-img-1_nobg.png","1. Healthy","Healthy","0","","val"
"1. Healthy/Healthy-53-img-1_nobg.png","Healthy-53-img-1_nobg.png","1. Healthy","Healthy","0","","val"
"1. Healthy/Healthy-54-img-1_nobg.png","Healthy-54-img-1_nobg.png","1. Healthy","Healthy","0","","val"
"1. Healthy/Healthy-54-img-2_nobg.png","Healthy-54-img-2_nobg.png","1. Healthy","Healthy","0","","val"
"1. Healthy/Healthy-56-img-1_nobg.png","Healthy-56-img-1_nobg.png","1. Healthy","Healthy","0","","val"
"1. Healthy/Healthy-57-img-1_nobg.png","Healthy-57-img-1_nobg.png","1. Healthy","Healthy","0","","val"
"1. Healthy/Healthy-65-img-2_nobg.png","Healthy-65-img-2_nobg.png","1. Healthy","Healthy","0","","val"
"1. Healthy/Healthy-69-img-2_nobg.png","Healthy-69-img-2_nobg.png","1. Healthy","Healthy","0","","val"
"1. Healthy/Healthy-7-img-1_nobg.png","Healthy-7-img-1_nobg.png","1. Healthy","Healthy","0","","val"
"1. Healthy/Healthy-71-img-1_nobg.png","Healthy-71-img-1_nobg.png","1. Healthy","Healthy","0","","val"
"1. Healthy/Healthy-72-img-3_nobg.png","Healthy-72-img-3_nobg.png","1. Healthy","Healthy","0","","val"
"1. Healthy/Healthy-74-img-3_nobg.png","Healthy-74-img-3_nobg.png","1. Healthy","Healthy","0","","val"
"1. Healthy/Healthy-76-img-2_nobg.png","Healthy-76-img-2_nobg.png","1. Healthy","Healthy","0","","val"
"1. Healthy/Healthy-80-img-2_nobg.png","Healthy-80-img-2_nobg.png","1. Healthy","Healthy","0","","val"
"1. Healthy/Healthy-80-img-3_nobg.png","Healthy-80-img-3_nobg.png","1. Healthy","Healthy","0","","val"
"1. Healthy/Healthy-81-img-2_nobg.png","Healthy-81-img-2_nobg.png","1. Healthy","Healthy","0","","val"
"1. Healthy/Healthy-85-img-1_nobg.png","Healthy-85-img-1_nobg.png","1. Healthy","Healthy","0","","val"
"1. Healthy/Healthy-85-img-2_nobg.png","Healthy-85-img-2_nobg.png","1. Healthy","Healthy","0","","val"
"1. Healthy/Healthy-86-img-3_nobg.png","Healthy-86-img-3_nobg.png","1. Healthy","Healthy","0","","val"
"1. Healthy/Healthy-88-img-1_nobg.png","Healthy-88-img-1_nobg.png","1. Healthy","Healthy","0","","val"
"1. Healthy/Healthy-88-img-3_nobg.png","Healthy-88-img-3_nobg.png","1. Healthy","Healthy","0","","val"
"1. Healthy/Healthy-94-img-1_nobg.png","Healthy-94-img-1_nobg.png","1. Healthy","Healthy","0","","val"
"1. Healthy/Healthy-96-img-2_nobg.png","Healthy-96-img-2_nobg.png","1. Healthy","Healthy","0","","val"
"2. BG/BG-1-img-1_nobg.png","BG-1-img-1_nobg.png","2. BG","BG","1","","val"
"2. BG/BG-12-img-1_nobg.png","BG-12-img-1_nobg.png","2. BG","BG","1","","val"
"2. BG/BG-13-img-1_nobg.png","BG-13-img-1_nobg.png","2. BG","BG","1","","val"
"2. BG/BG-14-img-1_nobg.png","BG-14-img-1_nobg.png","2. BG","BG","1","","val"
"2. BG/BG-19-img-1_nobg.png","BG-19-img-1_nobg.png","2. BG","BG","1","","val"
"2. BG/BG-22-img-2_nobg.png","BG-22-img-2_nobg.png","2. BG","BG","1","","val"
"2. BG/BG-22-img-3_nobg.png","BG-22-img-3_nobg.png","2. BG","BG","1","","val"
"2. BG/BG-27-img-3_nobg.png","BG-27-img-3_nobg.png","2. BG","BG","1","","val"
"2. BG/BG-28-img-1_nobg.png","BG-28-img-1_nobg.png","2. BG","BG","1","","val"
"2. BG/BG-29-img-3_nobg.png","BG-29-img-3_nobg.png","2. BG","BG","1","","val"
"2. BG/BG-3-img-3_nobg.png","BG-3-img-3_nobg.png","2. BG","BG","1","","val"
"2. BG/BG-32-img-2_nobg.png","BG-32-img-2_nobg.png","2. BG","BG","1","","val"
"2. BG/BG-35-img-2_nobg.png","BG-35-img-2_nobg.png","2. BG","BG","1","","val"
"2. BG/BG-4-img-3_nobg.png","BG-4-img-3_nobg.png","2. BG","BG","1","","val"
"2. BG/BG-40-img-1_nobg.png","BG-40-img-1_nobg.png","2. BG","BG","1","","val"
"2. BG/BG-41-img-2_nobg.png","BG-41-img-2_nobg.png","2. BG","BG","1","","val"
"2. BG/BG-42-img-2_nobg.png","BG-42-img-2_nobg.png","2. BG","BG","1","","val"
"2. BG/BG-43-img-2_nobg.png","BG-43-img-2_nobg.png","2. BG","BG","1","","val"
"2. BG/BG-44-img-3_nobg.png","BG-44-img-3_nobg.png","2. BG","BG","1","","val"
"2. BG/BG-45-img-1_nobg.png","BG-45-img-1_nobg.png","2. BG","BG","1","","val"
"2. BG/BG-50-img-2_nobg.png","BG-50-img-2_nobg.png","2. BG","BG","1","","val"
"2. BG/BG-54-img-3_nobg.png","BG-54-img-3_nobg.png","2. BG","BG","1","","val"
"2. BG/BG-59-img-1_nobg.png","BG-59-img-1_nobg.png","2. BG","BG","1","","val"
"2. BG/BG-60-img-2_nobg.png","BG-60-img-2_nobg.png","2. BG","BG","1","","val"
"2. BG/BG-62-img-3_nobg.png","BG-62-img-3_nobg.png","2. BG","BG","1","","val"
"2. BG/BG-66-img-2_nobg.png","BG-66-img-2_nobg.png","2. BG","BG","1","","val"
"2. BG/BG-68-img-3_nobg.png","BG-68-img-3_nobg.png","2. BG","BG","1","","val"
"2. BG/BG-7-img-3_nobg.png","BG-7-img-3_nobg.png","2. BG","BG","1","","val"
"2. BG/BG-71-img-1_nobg.png","BG-71-img-1_nobg.png","2. BG","BG","1","","val"
"2. BG/BG-8-img-2_nobg.png","BG-8-img-2_nobg.png","2. BG","BG","1","","val"
"3. WSSV/WSSV-10-img-2_nobg.png","WSSV-10-img-2_nobg.png","3. WSSV","WSSV","2","","val"
"3. WSSV/WSSV-101-img-1_nobg.png","WSSV-101-img-1_nobg.png","3. WSSV","WSSV","2","","val"
"3. WSSV/WSSV-101-img-2_nobg.png","WSSV-101-img-2_nobg.png","3. WSSV","WSSV","2","","val"
"3. WSSV/WSSV-102-img-1_nobg.png","WSSV-102-img-1_nobg.png","3. WSSV","WSSV","2","","val"
"3. WSSV/WSSV-105-img-1_nobg.png","WSSV-105-img-1_nobg.png","3. WSSV","WSSV","2","","val"
"3. WSSV/WSSV-107-img-1_nobg.png","WSSV-107-img-1_nobg.png","3. WSSV","WSSV","2","","val"
"3. WSSV/WSSV-109-img-2_nobg.png","WSSV-109-img-2_nobg.png","3. WSSV","WSSV","2","","val"
"3. WSSV/WSSV-111-img-2_nobg.png","WSSV-111-img-2_nobg.png","3. WSSV","WSSV","2","","val"
"3. WSSV/WSSV-113-img-1_nobg.png","WSSV-113-img-1_nobg.png","3. WSSV","WSSV","2","","val"
"3. WSSV/WSSV-116-img-3_nobg.png","WSSV-116-img-3_nobg.png","3. WSSV","WSSV","2","","val"
"3. WSSV/WSSV-117-img-2_nobg.png","WSSV-117-img-2_nobg.png","3. WSSV","WSSV","2","","val"
"3. WSSV/WSSV-118-img-1_nobg.png","WSSV-118-img-1_nobg.png","3. WSSV","WSSV","2","","val"
"3. WSSV/WSSV-19-img-1_nobg.png","WSSV-19-img-1_nobg.png","3. WSSV","WSSV","2","","val"
"3. WSSV/WSSV-2-img-2_nobg.png","WSSV-2-img-2_nobg.png","3. WSSV","WSSV","2","","val"
"3. WSSV/WSSV-20-img-3_nobg.png","WSSV-20-img-3_nobg.png","3. WSSV","WSSV","2","","val"
"3. WSSV/WSSV-21-img-1_nobg.png","WSSV-21-img-1_nobg.png","3. WSSV","WSSV","2","","val"
"3. WSSV/WSSV-23-img-3_nobg.png","WSSV-23-img-3_nobg.png","3. WSSV","WSSV","2","","val"
"3. WSSV/WSSV-31-img-3_nobg.png","WSSV-31-img-3_nobg.png","3. WSSV","WSSV","2","","val"
"3. WSSV/WSSV-36-img-3_nobg.png","WSSV-36-img-3_nobg.png","3. WSSV","WSSV","2","","val"
"3. WSSV/WSSV-38-img-3_nobg.png","WSSV-38-img-3_nobg.png","3. WSSV","WSSV","2","","val"
"3. WSSV/WSSV-39-img-2_nobg.png","WSSV-39-img-2_nobg.png","3. WSSV","WSSV","2","","val"
"3. WSSV/WSSV-39-img-3_nobg.png","WSSV-39-img-3_nobg.png","3. WSSV","WSSV","2","","val"
"3. WSSV/WSSV-4-img-1_nobg.png","WSSV-4-img-1_nobg.png","3. WSSV","WSSV","2","","val"
"3. WSSV/WSSV-4-img-2_nobg.png","WSSV-4-img-2_nobg.png","3. WSSV","WSSV","2","","val"
"3. WSSV/WSSV-40-img-2_nobg.png","WSSV-40-img-2_nobg.png","3. WSSV","WSSV","2","","val"
"3. WSSV/WSSV-42-img-3_nobg.png","WSSV-42-img-3_nobg.png","3. WSSV","WSSV","2","","val"
"3. WSSV/WSSV-45-img-2_nobg.png","WSSV-45-img-2_nobg.png","3. WSSV","WSSV","2","","val"
"3. WSSV/WSSV-46-img-2_nobg.png","WSSV-46-img-2_nobg.png","3. WSSV","WSSV","2","","val"
"3. WSSV/WSSV-48-img-2_nobg.png","WSSV-48-img-2_nobg.png","3. WSSV","WSSV","2","","val"
"3. WSSV/WSSV-5-img-1_nobg.png","WSSV-5-img-1_nobg.png","3. WSSV","WSSV","2","","val"
"3. WSSV/WSSV-51-img-3_nobg.png","WSSV-51-img-3_nobg.png","3. WSSV","WSSV","2","","val"
"3. WSSV/WSSV-53-img-1_nobg.png","WSSV-53-img-1_nobg.png","3. WSSV","WSSV","2","","val"
"3. WSSV/WSSV-53-img-2_nobg.png","WSSV-53-img-2_nobg.png","3. WSSV","WSSV","2","","val"
"3. WSSV/WSSV-53-img-3_nobg.png","WSSV-53-img-3_nobg.png","3. WSSV","WSSV","2","","val"
"3. WSSV/WSSV-57-img-1_nobg.png","WSSV-57-img-1_nobg.png","3. WSSV","WSSV","2","","val"
"3. WSSV/WSSV-57-img-2_nobg.png","WSSV-57-img-2_nobg.png","3. WSSV","WSSV","2","","val"
"3. WSSV/WSSV-60-img-2_nobg.png","WSSV-60-img-2_nobg.png","3. WSSV","WSSV","2","","val"
"3. WSSV/WSSV-61-img-3_nobg.png","WSSV-61-img-3_nobg.png","3. WSSV","WSSV","2","","val"
"3. WSSV/WSSV-63-img-1_nobg.png","WSSV-63-img-1_nobg.png","3. WSSV","WSSV","2","","val"
"3. WSSV/WSSV-66-img-1_nobg.png","WSSV-66-img-1_nobg.png","3. WSSV","WSSV","2","","val"
"3. WSSV/WSSV-69-img-2_nobg.png","WSSV-69-img-2_nobg.png","3. WSSV","WSSV","2","","val"
"3. WSSV/WSSV-72-img-2_nobg.png","WSSV-72-img-2_nobg.png","3. WSSV","WSSV","2","","val"
"3. WSSV/WSSV-72-img-3_nobg.png","WSSV-72-img-3_nobg.png","3. WSSV","WSSV","2","","val"
"3. WSSV/WSSV-73-img-1_nobg.png","WSSV-73-img-1_nobg.png","3. WSSV","WSSV","2","","val"
"3. WSSV/WSSV-84-img-1_nobg.png","WSSV-84-img-1_nobg.png","3. WSSV","WSSV","2","","val"
"3. WSSV/WSSV-89-img-2_nobg.png","WSSV-89-img-2_nobg.png","3. WSSV","WSSV","2","","val"
"3. WSSV/WSSV-92-img-2_nobg.png","WSSV-92-img-2_nobg.png","3. WSSV","WSSV","2","","val"
"3. WSSV/WSSV-95-img-2_nobg.png","WSSV-95-img-2_nobg.png","3. WSSV","WSSV","2","","val"
"3. WSSV/WSSV-96-img-2_nobg.png","WSSV-96-img-2_nobg.png","3. WSSV","WSSV","2","","val"
"4. WSSV_BG/WSSV_BG-10-img-2_nobg.png","WSSV_BG-10-img-2_nobg.png","4. WSSV_BG","WSSV_BG","3","","val"
"4. WSSV_BG/WSSV_BG-12-img-1_nobg.png","WSSV_BG-12-img-1_nobg.png","4. WSSV_BG","WSSV_BG","3","","val"
"4. WSSV_BG/WSSV_BG-12-img-2_nobg.png","WSSV_BG-12-img-2_nobg.png","4. WSSV_BG","WSSV_BG","3","","val"
"4. WSSV_BG/WSSV_BG-14-img-2_nobg.png","WSSV_BG-14-img-2_nobg.png","4. WSSV_BG","WSSV_BG","3","","val"
"4. WSSV_BG/WSSV_BG-2-img-3_nobg.png","WSSV_BG-2-img-3_nobg.png","4. WSSV_BG","WSSV_BG","3","","val"
"4. WSSV_BG/WSSV_BG-20-img-2_nobg.png","WSSV_BG-20-img-2_nobg.png","4. WSSV_BG","WSSV_BG","3","","val"
"4. WSSV_BG/WSSV_BG-20-img-3_nobg.png","WSSV_BG-20-img-3_nobg.png","4. WSSV_BG","WSSV_BG","3","","val"
"4. WSSV_BG/WSSV_BG-21-img-2_nobg.png","WSSV_BG-21-img-2_nobg.png","4. WSSV_BG","WSSV_BG","3","","val"
"4. WSSV_BG/WSSV_BG-24-img-3_nobg.png","WSSV_BG-24-img-3_nobg.png","4. WSSV_BG","WSSV_BG","3","","val"
"4. WSSV_BG/WSSV_BG-25-img-2_nobg.png","WSSV_BG-25-img-2_nobg.png","4. WSSV_BG","WSSV_BG","3","","val"
"4. WSSV_BG/WSSV_BG-29-img-2_nobg.png","WSSV_BG-29-img-2_nobg.png","4. WSSV_BG","WSSV_BG","3","","val"
"4. WSSV_BG/WSSV_BG-3-img-1_nobg.png","WSSV_BG-3-img-1_nobg.png","4. WSSV_BG","WSSV_BG","3","","val"
"4. WSSV_BG/WSSV_BG-3-img-3_nobg.png","WSSV_BG-3-img-3_nobg.png","4. WSSV_BG","WSSV_BG","3","","val"
"4. WSSV_BG/WSSV_BG-31-img-3_nobg.png","WSSV_BG-31-img-3_nobg.png","4. WSSV_BG","WSSV_BG","3","","val"
"4. WSSV_BG/WSSV_BG-32-img-3_nobg.png","WSSV_BG-32-img-3_nobg.png","4. WSSV_BG","WSSV_BG","3","","val"
"4. WSSV_BG/WSSV_BG-34-img-2_nobg.png","WSSV_BG-34-img-2_nobg.png","4. WSSV_BG","WSSV_BG","3","","val"
"4. WSSV_BG/WSSV_BG-34-img-3_nobg.png","WSSV_BG-34-img-3_nobg.png","4. WSSV_BG","WSSV_BG","3","","val"
"4. WSSV_BG/WSSV_BG-4-img-2_nobg.png","WSSV_BG-4-img-2_nobg.png","4. WSSV_BG","WSSV_BG","3","","val"
"4. WSSV_BG/WSSV_BG-4-img-3_nobg.png","WSSV_BG-4-img-3_nobg.png","4. WSSV_BG","WSSV_BG","3","","val"
"4. WSSV_BG/WSSV_BG-42-img-1_nobg.png","WSSV_BG-42-img-1_nobg.png","4. WSSV_BG","WSSV_BG","3","","val"
"4. WSSV_BG/WSSV_BG-48-img-2_nobg.png","WSSV_BG-48-img-2_nobg.png","4. WSSV_BG","WSSV_BG","3","","val"
"4. WSSV_BG/WSSV_BG-49-img-2_nobg.png","WSSV_BG-49-img-2_nobg.png","4. WSSV_BG","WSSV_BG","3","","val"
"4. WSSV_BG/WSSV_BG-55-img-1_nobg.png","WSSV_BG-55-img-1_nobg.png","4. WSSV_BG","WSSV_BG","3","","val"
"4. WSSV_BG/WSSV_BG-56-img-1_nobg.png","WSSV_BG-56-img-1_nobg.png","4. WSSV_BG","WSSV_BG","3","","val"
"4. WSSV_BG/WSSV_BG-57-img-2_nobg.png","WSSV_BG-57-img-2_nobg.png","4. WSSV_BG","WSSV_BG","3","","val"
"4. WSSV_BG/WSSV_BG-6-img-2_nobg.png","WSSV_BG-6-img-2_nobg.png","4. WSSV_BG","WSSV_BG","3","","val"
"4. WSSV_BG/WSSV_BG-6-img-3_nobg.png","WSSV_BG-6-img-3_nobg.png","4. WSSV_BG","WSSV_BG","3","","val"
"4. WSSV_BG/WSSV_BG-61-img-2_nobg.png","WSSV_BG-61-img-2_nobg.png","4. WSSV_BG","WSSV_BG","3","","val"
"4. WSSV_BG/WSSV_BG-63-img-3_nobg.png","WSSV_BG-63-img-3_nobg.png","4. WSSV_BG","WSSV_BG","3","","val"
"4. WSSV_BG/WSSV_BG-64-img-1_nobg.png","WSSV_BG-64-img-1_nobg.png","4. WSSV_BG","WSSV_BG","3","","val"
"4. WSSV_BG/WSSV_BG-66-img-1_nobg.png","WSSV_BG-66-img-1_nobg.png","4. WSSV_BG","WSSV_BG","3","","val"
"4. WSSV_BG/WSSV_BG-69-img-2_nobg.png","WSSV_BG-69-img-2_nobg.png","4. WSSV_BG","WSSV_BG","3","","val"
"4. WSSV_BG/WSSV_BG-8-img-3_nobg.png","WSSV_BG-8-img-3_nobg.png","4. WSSV_BG","WSSV_BG","3","","val"
"1. Healthy/Healthy-100-img-3_nobg.png","Healthy-100-img-3_nobg.png","1. Healthy","Healthy","0","","test"
"1. Healthy/Healthy-105-img-1_nobg.png","Healthy-105-img-1_nobg.png","1. Healthy","Healthy","0","","test"
"1. Healthy/Healthy-105-img-2_nobg.png","Healthy-105-img-2_nobg.png","1. Healthy","Healthy","0","","test"
"1. Healthy/Healthy-109-img-1_nobg.png","Healthy-109-img-1_nobg.png","1. Healthy","Healthy","0","","test"
"1. Healthy/Healthy-113-img-2_nobg.png","Healthy-113-img-2_nobg.png","1. Healthy","Healthy","0","","test"
"1. Healthy/Healthy-114-img-1_nobg.png","Healthy-114-img-1_nobg.png","1. Healthy","Healthy","0","","test"
"1. Healthy/Healthy-114-img-3_nobg.png","Healthy-114-img-3_nobg.png","1. Healthy","Healthy","0","","test"
"1. Healthy/Healthy-115-img-1_nobg.png","Healthy-115-img-1_nobg.png","1. Healthy","Healthy","0","","test"
"1. Healthy/Healthy-115-img-2_nobg.png","Healthy-115-img-2_nobg.png","1. Healthy","Healthy","0","","test"
"1. Healthy/Healthy-119-img-2_nobg.png","Healthy-119-img-2_nobg.png","1. Healthy","Healthy","0","","test"
"1. Healthy/Healthy-120-img-3_nobg.png","Healthy-120-img-3_nobg.png","1. Healthy","Healthy","0","","test"
"1. Healthy/Healthy-123-img-3_nobg.png","Healthy-123-img-3_nobg.png","1. Healthy","Healthy","0","","test"
"1. Healthy/Healthy-126-img-2_nobg.png","Healthy-126-img-2_nobg.png","1. Healthy","Healthy","0","","test"
"1. Healthy/Healthy-129-img-3_nobg.png","Healthy-129-img-3_nobg.png","1. Healthy","Healthy","0","","test"
"1. Healthy/Healthy-13-img-1_nobg.png","Healthy-13-img-1_nobg.png","1. Healthy","Healthy","0","","test"
"1. Healthy/Healthy-13-img-2_nobg.png","Healthy-13-img-2_nobg.png","1. Healthy","Healthy","0","","test"
"1. Healthy/Healthy-138-img-3_nobg.png","Healthy-138-img-3_nobg.png","1. Healthy","Healthy","0","","test"
"1. Healthy/Healthy-14-img-3_nobg.png","Healthy-14-img-3_nobg.png","1. Healthy","Healthy","0","","test"
"1. Healthy/Healthy-19-img-1_nobg.png","Healthy-19-img-1_nobg.png","1. Healthy","Healthy","0","","test"
"1. Healthy/Healthy-22-img-1_nobg.png","Healthy-22-img-1_nobg.png","1. Healthy","Healthy","0","","test"
"1. Healthy/Healthy-25-img-1_nobg.png","Healthy-25-img-1_nobg.png","1. Healthy","Healthy","0","","test"
"1. Healthy/Healthy-25-img-3_nobg.png","Healthy-25-img-3_nobg.png","1. Healthy","Healthy","0","","test"
"1. Healthy/Healthy-32-img-1_nobg.png","Healthy-32-img-1_nobg.png","1. Healthy","Healthy","0","","test"
"1. Healthy/Healthy-35-img-2_nobg.png","Healthy-35-img-2_nobg.png","1. Healthy","Healthy","0","","test"
"1. Healthy/Healthy-35-img-3_nobg.png","Healthy-35-img-3_nobg.png","1. Healthy","Healthy","0","","test"
"1. Healthy/Healthy-37-img-1_nobg.png","Healthy-37-img-1_nobg.png","1. Healthy","Healthy","0","","test"
"1. Healthy/Healthy-37-img-3_nobg.png","Healthy-37-img-3_nobg.png","1. Healthy","Healthy","0","","test"
"1. Healthy/Healthy-39-img-3_nobg.png","Healthy-39-img-3_nobg.png","1. Healthy","Healthy","0","","test"
"1. Healthy/Healthy-4-img-2_nobg.png","Healthy-4-img-2_nobg.png","1. Healthy","Healthy","0","","test"
"1. Healthy/Healthy-46-img-3_nobg.png","Healthy-46-img-3_nobg.png","1. Healthy","Healthy","0","","test"
"1. Healthy/Healthy-47-img-1_nobg.png","Healthy-47-img-1_nobg.png","1. Healthy","Healthy","0","","test"
"1. Healthy/Healthy-48-img-3_nobg.png","Healthy-48-img-3_nobg.png","1. Healthy","Healthy","0","","test"
"1. Healthy/Healthy-49-img-2_nobg.png","Healthy-49-img-2_nobg.png","1. Healthy","Healthy","0","","test"
"1. Healthy/Healthy-51-img-1_nobg.png","Healthy-51-img-1_nobg.png","1. Healthy","Healthy","0","","test"
"1. Healthy/Healthy-51-img-2_nobg.png","Healthy-51-img-2_nobg.png","1. Healthy","Healthy","0","","test"
"1. Healthy/Healthy-52-img-3_nobg.png","Healthy-52-img-3_nobg.png","1. Healthy","Healthy","0","","test"
"1. Healthy/Healthy-55-img-3_nobg.png","Healthy-55-img-3_nobg.png","1. Healthy","Healthy","0","","test"
"1. Healthy/Healthy-57-img-3_nobg.png","Healthy-57-img-3_nobg.png","1. Healthy","Healthy","0","","test"
"1. Healthy/Healthy-58-img-1_nobg.png","Healthy-58-img-1_nobg.png","1. Healthy","Healthy","0","","test"
"1. Healthy/Healthy-59-img-1_nobg.png","Healthy-59-img-1_nobg.png","1. Healthy","Healthy","0","","test"
"1. Healthy/Healthy-6-img-1_nobg.png","Healthy-6-img-1_nobg.png","1. Healthy","Healthy","0","","test"
"1. Healthy/Healthy-60-img-1_nobg.png","Healthy-60-img-1_nobg.png","1. Healthy","Healthy","0","","test"
"1. Healthy/Healthy-63-img-1_nobg.png","Healthy-63-img-1_nobg.png","1. Healthy","Healthy","0","","test"
"1. Healthy/Healthy-64-img-3_nobg.png","Healthy-64-img-3_nobg.png","1. Healthy","Healthy","0","","test"
"1. Healthy/Healthy-67-img-1_nobg.png","Healthy-67-img-1_nobg.png","1. Healthy","Healthy","0","","test"
"1. Healthy/Healthy-68-img-1_nobg.png","Healthy-68-img-1_nobg.png","1. Healthy","Healthy","0","","test"
"1. Healthy/Healthy-7-img-2_nobg.png","Healthy-7-img-2_nobg.png","1. Healthy","Healthy","0","","test"
"1. Healthy/Healthy-70-img-3_nobg.png","Healthy-70-img-3_nobg.png","1. Healthy","Healthy","0","","test"
"1. Healthy/Healthy-71-img-2_nobg.png","Healthy-71-img-2_nobg.png","1. Healthy","Healthy","0","","test"
"1. Healthy/Healthy-75-img-3_nobg.png","Healthy-75-img-3_nobg.png","1. Healthy","Healthy","0","","test"
"1. Healthy/Healthy-79-img-2_nobg.png","Healthy-79-img-2_nobg.png","1. Healthy","Healthy","0","","test"
"1. Healthy/Healthy-8-img-2_nobg.png","Healthy-8-img-2_nobg.png","1. Healthy","Healthy","0","","test"
"1. Healthy/Healthy-80-img-1_nobg.png","Healthy-80-img-1_nobg.png","1. Healthy","Healthy","0","","test"
"1. Healthy/Healthy-81-img-3_nobg.png","Healthy-81-img-3_nobg.png","1. Healthy","Healthy","0","","test"
"1. Healthy/Healthy-85-img-3_nobg.png","Healthy-85-img-3_nobg.png","1. Healthy","Healthy","0","","test"
"1. Healthy/Healthy-88-img-2_nobg.png","Healthy-88-img-2_nobg.png","1. Healthy","Healthy","0","","test"
"1. Healthy/Healthy-89-img-3_nobg.png","Healthy-89-img-3_nobg.png","1. Healthy","Healthy","0","","test"
"1. Healthy/Healthy-92-img-1_nobg.png","Healthy-92-img-1_nobg.png","1. Healthy","Healthy","0","","test"
"1. Healthy/Healthy-97-img-3_nobg.png","Healthy-97-img-3_nobg.png","1. Healthy","Healthy","0","","test"
"1. Healthy/Healthy-99-img-1_nobg.png","Healthy-99-img-1_nobg.png","1. Healthy","Healthy","0","","test"
"1. Healthy/Healthy-99-img-3_nobg.png","Healthy-99-img-3_nobg.png","1. Healthy","Healthy","0","","test"
"2. BG/BG-16-img-1_nobg.png","BG-16-img-1_nobg.png","2. BG","BG","1","","test"
"2. BG/BG-19-img-2_nobg.png","BG-19-img-2_nobg.png","2. BG","BG","1","","test"
"2. BG/BG-21-img-1_nobg.png","BG-21-img-1_nobg.png","2. BG","BG","1","","test"
"2. BG/BG-24-img-2_nobg.png","BG-24-img-2_nobg.png","2. BG","BG","1","","test"
"2. BG/BG-30-img-3_nobg.png","BG-30-img-3_nobg.png","2. BG","BG","1","","test"
"2. BG/BG-32-img-1_nobg.png","BG-32-img-1_nobg.png","2. BG","BG","1","","test"
"2. BG/BG-37-img-3_nobg.png","BG-37-img-3_nobg.png","2. BG","BG","1","","test"
"2. BG/BG-41-img-1_nobg.png","BG-41-img-1_nobg.png","2. BG","BG","1","","test"
"2. BG/BG-42-img-1_nobg.png","BG-42-img-1_nobg.png","2. BG","BG","1","","test"
"2. BG/BG-42-img-3_nobg.png","BG-42-img-3_nobg.png","2. BG","BG","1","","test"
"2. BG/BG-44-img-2_nobg.png","BG-44-img-2_nobg.png","2. BG","BG","1","","test"
"2. BG/BG-47-img-1_nobg.png","BG-47-img-1_nobg.png","2. BG","BG","1","","test"
"2. BG/BG-49-img-3_nobg.png","BG-49-img-3_nobg.png","2. BG","BG","1","","test"
"2. BG/BG-51-img-1_nobg.png","BG-51-img-1_nobg.png","2. BG","BG","1","","test"
"2. BG/BG-51-img-3_nobg.png","BG-51-img-3_nobg.png","2. BG","BG","1","","test"
"2. BG/BG-52-img-2_nobg.png","BG-52-img-2_nobg.png","2. BG","BG","1","","test"
"2. BG/BG-53-img-1_nobg.png","BG-53-img-1_nobg.png","2. BG","BG","1","","test"
"2. BG/BG-53-img-3_nobg.png","BG-53-img-3_nobg.png","2. BG","BG","1","","test"
"2. BG/BG-54-img-1_nobg.png","BG-54-img-1_nobg.png","2. BG","BG","1","","test"
"2. BG/BG-58-img-1_nobg.png","BG-58-img-1_nobg.png","2. BG","BG","1","","test"
"2. BG/BG-6-img-2_nobg.png","BG-6-img-2_nobg.png","2. BG","BG","1","","test"
"2. BG/BG-6-img-3_nobg.png","BG-6-img-3_nobg.png","2. BG","BG","1","","test"
"2. BG/BG-63-img-1_nobg.png","BG-63-img-1_nobg.png","2. BG","BG","1","","test"
"2. BG/BG-64-img-1_nobg.png","BG-64-img-1_nobg.png","2. BG","BG","1","","test"
"2. BG/BG-64-img-3_nobg.png","BG-64-img-3_nobg.png","2. BG","BG","1","","test"
"2. BG/BG-69-img-2_nobg.png","BG-69-img-2_nobg.png","2. BG","BG","1","","test"
"2. BG/BG-71-img-3_nobg.png","BG-71-img-3_nobg.png","2. BG","BG","1","","test"
"2. BG/BG-72-img-2_nobg.png","BG-72-img-2_nobg.png","2. BG","BG","1","","test"
"2. BG/BG-74-img-2_nobg.png","BG-74-img-2_nobg.png","2. BG","BG","1","","test"
"3. WSSV/WSSV-1-img-1_nobg.png","WSSV-1-img-1_nobg.png","3. WSSV","WSSV","2","","test"
"3. WSSV/WSSV-100-img-2_nobg.png","WSSV-100-img-2_nobg.png","3. WSSV","WSSV","2","","test"
"3. WSSV/WSSV-103-img-1_nobg.png","WSSV-103-img-1_nobg.png","3. WSSV","WSSV","2","","test"
"3. WSSV/WSSV-104-img-3_nobg.png","WSSV-104-img-3_nobg.png","3. WSSV","WSSV","2","","test"
"3. WSSV/WSSV-107-img-2_nobg.png","WSSV-107-img-2_nobg.png","3. WSSV","WSSV","2","","test"
"3. WSSV/WSSV-107-img-3_nobg.png","WSSV-107-img-3_nobg.png","3. WSSV","WSSV","2","","test"
"3. WSSV/WSSV-108-img-2_nobg.png","WSSV-108-img-2_nobg.png","3. WSSV","WSSV","2","","test"
"3. WSSV/WSSV-11-img-1_nobg.png","WSSV-11-img-1_nobg.png","3. WSSV","WSSV","2","","test"
"3. WSSV/WSSV-110-img-2_nobg.png","WSSV-110-img-2_nobg.png","3. WSSV","WSSV","2","","test"
"3. WSSV/WSSV-112-img-2_nobg.png","WSSV-112-img-2_nobg.png","3. WSSV","WSSV","2","","test"
"3. WSSV/WSSV-113-img-2_nobg.png","WSSV-113-img-2_nobg.png","3. WSSV","WSSV","2","","test"
"3. WSSV/WSSV-116-img-1_nobg.png","WSSV-116-img-1_nobg.png","3. WSSV","WSSV","2","","test"
"3. WSSV/WSSV-12-img-2_nobg.png","WSSV-12-img-2_nobg.png","3. WSSV","WSSV","2","","test"
"3. WSSV/WSSV-13-img-2_nobg.png","WSSV-13-img-2_nobg.png","3. WSSV","WSSV","2","","test"
"3. WSSV/WSSV-18-img-2_nobg.png","WSSV-18-img-2_nobg.png","3. WSSV","WSSV","2","","test"
"3. WSSV/WSSV-2-img-1_nobg.png","WSSV-2-img-1_nobg.png","3. WSSV","WSSV","2","","test"
"3. WSSV/WSSV-27-img-2_nobg.png","WSSV-27-img-2_nobg.png","3. WSSV","WSSV","2","","test"
"3. WSSV/WSSV-30-img-1_nobg.png","WSSV-30-img-1_nobg.png","3. WSSV","WSSV","2","","test"
"3. WSSV/WSSV-30-img-2_nobg.png","WSSV-30-img-2_nobg.png","3. WSSV","WSSV","2","","test"
"3. WSSV/WSSV-30-img-3_nobg.png","WSSV-30-img-3_nobg.png","3. WSSV","WSSV","2","","test"
"3. WSSV/WSSV-33-img-1_nobg.png","WSSV-33-img-1_nobg.png","3. WSSV","WSSV","2","","test"
"3. WSSV/WSSV-36-img-1_nobg.png","WSSV-36-img-1_nobg.png","3. WSSV","WSSV","2","","test"
"3. WSSV/WSSV-4-img-3_nobg.png","WSSV-4-img-3_nobg.png","3. WSSV","WSSV","2","","test"
"3. WSSV/WSSV-40-img-1_nobg.png","WSSV-40-img-1_nobg.png","3. WSSV","WSSV","2","","test"
"3. WSSV/WSSV-44-img-1_nobg.png","WSSV-44-img-1_nobg.png","3. WSSV","WSSV","2","","test"
"3. WSSV/WSSV-44-img-2_nobg.png","WSSV-44-img-2_nobg.png","3. WSSV","WSSV","2","","test"
"3. WSSV/WSSV-49-img-3_nobg.png","WSSV-49-img-3_nobg.png","3. WSSV","WSSV","2","","test"
"3. WSSV/WSSV-50-img-2_nobg.png","WSSV-50-img-2_nobg.png","3. WSSV","WSSV","2","","test"
"3. WSSV/WSSV-55-img-2_nobg.png","WSSV-55-img-2_nobg.png","3. WSSV","WSSV","2","","test"
"3. WSSV/WSSV-56-img-3_nobg.png","WSSV-56-img-3_nobg.png","3. WSSV","WSSV","2","","test"
"3. WSSV/WSSV-58-img-2_nobg.png","WSSV-58-img-2_nobg.png","3. WSSV","WSSV","2","","test"
"3. WSSV/WSSV-60-img-1_nobg.png","WSSV-60-img-1_nobg.png","3. WSSV","WSSV","2","","test"
"3. WSSV/WSSV-64-img-2_nobg.png","WSSV-64-img-2_nobg.png","3. WSSV","WSSV","2","","test"
"3. WSSV/WSSV-65-img-2_nobg.png","WSSV-65-img-2_nobg.png","3. WSSV","WSSV","2","","test"
"3. WSSV/WSSV-65-img-3_nobg.png","WSSV-65-img-3_nobg.png","3. WSSV","WSSV","2","","test"
"3. WSSV/WSSV-67-img-2_nobg.png","WSSV-67-img-2_nobg.png","3. WSSV","WSSV","2","","test"
"3. WSSV/WSSV-69-img-3_nobg.png","WSSV-69-img-3_nobg.png","3. WSSV","WSSV","2","","test"
"3. WSSV/WSSV-7-img-2_nobg.png","WSSV-7-img-2_nobg.png","3. WSSV","WSSV","2","","test"
"3. WSSV/WSSV-71-img-2_nobg.png","WSSV-71-img-2_nobg.png","3. WSSV","WSSV","2","","test"
"3. WSSV/WSSV-73-img-2_nobg.png","WSSV-73-img-2_nobg.png","3. WSSV","WSSV","2","","test"
"3. WSSV/WSSV-74-img-1_nobg.png","WSSV-74-img-1_nobg.png","3. WSSV","WSSV","2","","test"
"3. WSSV/WSSV-75-img-1_nobg.png","WSSV-75-img-1_nobg.png","3. WSSV","WSSV","2","","test"
"3. WSSV/WSSV-8-img-1_nobg.png","WSSV-8-img-1_nobg.png","3. WSSV","WSSV","2","","test"
"3. WSSV/WSSV-80-img-1_nobg.png","WSSV-80-img-1_nobg.png","3. WSSV","WSSV","2","","test"
"3. WSSV/WSSV-83-img-1_nobg.png","WSSV-83-img-1_nobg.png","3. WSSV","WSSV","2","","test"
"3. WSSV/WSSV-91-img-2_nobg.png","WSSV-91-img-2_nobg.png","3. WSSV","WSSV","2","","test"
"3. WSSV/WSSV-94-img-3_nobg.png","WSSV-94-img-3_nobg.png","3. WSSV","WSSV","2","","test"
"3. WSSV/WSSV-96-img-1_nobg.png","WSSV-96-img-1_nobg.png","3. WSSV","WSSV","2","","test"
"3. WSSV/WSSV-97-img-1_nobg.png","WSSV-97-img-1_nobg.png","3. WSSV","WSSV","2","","test"
"3. WSSV/WSSV-97-img-2_nobg.png","WSSV-97-img-2_nobg.png","3. WSSV","WSSV","2","","test"
"4. WSSV_BG/WSSV_BG-1-img-1_nobg.png","WSSV_BG-1-img-1_nobg.png","4. WSSV_BG","WSSV_BG","3","","test"
"4. WSSV_BG/WSSV_BG-1-img-3_nobg.png","WSSV_BG-1-img-3_nobg.png","4. WSSV_BG","WSSV_BG","3","","test"
"4. WSSV_BG/WSSV_BG-11-img-3_nobg.png","WSSV_BG-11-img-3_nobg.png","4. WSSV_BG","WSSV_BG","3","","test"
"4. WSSV_BG/WSSV_BG-13-img-1_nobg.png","WSSV_BG-13-img-1_nobg.png","4. WSSV_BG","WSSV_BG","3","","test"
"4. WSSV_BG/WSSV_BG-15-img-1_nobg.png","WSSV_BG-15-img-1_nobg.png","4. WSSV_BG","WSSV_BG","3","","test"
"4. WSSV_BG/WSSV_BG-15-img-2_nobg.png","WSSV_BG-15-img-2_nobg.png","4. WSSV_BG","WSSV_BG","3","","test"
"4. WSSV_BG/WSSV_BG-3-img-2_nobg.png","WSSV_BG-3-img-2_nobg.png","4. WSSV_BG","WSSV_BG","3","","test"
"4. WSSV_BG/WSSV_BG-30-img-1_nobg.png","WSSV_BG-30-img-1_nobg.png","4. WSSV_BG","WSSV_BG","3","","test"
"4. WSSV_BG/WSSV_BG-31-img-2_nobg.png","WSSV_BG-31-img-2_nobg.png","4. WSSV_BG","WSSV_BG","3","","test"
"4. WSSV_BG/WSSV_BG-32-img-1_nobg.png","WSSV_BG-32-img-1_nobg.png","4. WSSV_BG","WSSV_BG","3","","test"
"4. WSSV_BG/WSSV_BG-33-img-1_nobg.png","WSSV_BG-33-img-1_nobg.png","4. WSSV_BG","WSSV_BG","3","","test"
"4. WSSV_BG/WSSV_BG-34-img-1_nobg.png","WSSV_BG-34-img-1_nobg.png","4. WSSV_BG","WSSV_BG","3","","test"
"4. WSSV_BG/WSSV_BG-37-img-1_nobg.png","WSSV_BG-37-img-1_nobg.png","4. WSSV_BG","WSSV_BG","3","","test"
"4. WSSV_BG/WSSV_BG-39-img-1_nobg.png","WSSV_BG-39-img-1_nobg.png","4. WSSV_BG","WSSV_BG","3","","test"
"4. WSSV_BG/WSSV_BG-40-img-1_nobg.png","WSSV_BG-40-img-1_nobg.png","4. WSSV_BG","WSSV_BG","3","","test"
"4. WSSV_BG/WSSV_BG-41-img-3_nobg.png","WSSV_BG-41-img-3_nobg.png","4. WSSV_BG","WSSV_BG","3","","test"
"4. WSSV_BG/WSSV_BG-47-img-1_nobg.png","WSSV_BG-47-img-1_nobg.png","4. WSSV_BG","WSSV_BG","3","","test"
"4. WSSV_BG/WSSV_BG-48-img-3_nobg.png","WSSV_BG-48-img-3_nobg.png","4. WSSV_BG","WSSV_BG","3","","test"
"4. WSSV_BG/WSSV_BG-50-img-2_nobg.png","WSSV_BG-50-img-2_nobg.png","4. WSSV_BG","WSSV_BG","3","","test"
"4. WSSV_BG/WSSV_BG-51-img-3_nobg.png","WSSV_BG-51-img-3_nobg.png","4. WSSV_BG","WSSV_BG","3","","test"
"4. WSSV_BG/WSSV_BG-52-img-3_nobg.png","WSSV_BG-52-img-3_nobg.png","4. WSSV_BG","WSSV_BG","3","","test"
"4. WSSV_BG/WSSV_BG-53-img-1_nobg.png","WSSV_BG-53-img-1_nobg.png","4. WSSV_BG","WSSV_BG","3","","test"
"4. WSSV_BG/WSSV_BG-56-img-2_nobg.png","WSSV_BG-56-img-2_nobg.png","4. WSSV_BG","WSSV_BG","3","","test"
"4. WSSV_BG/WSSV_BG-56-img-3_nobg.png","WSSV_BG-56-img-3_nobg.png","4. WSSV_BG","WSSV_BG","3","","test"
"4. WSSV_BG/WSSV_BG-57-img-3_nobg.png","WSSV_BG-57-img-3_nobg.png","4. WSSV_BG","WSSV_BG","3","","test"
"4. WSSV_BG/WSSV_BG-60-img-1_nobg.png","WSSV_BG-60-img-1_nobg.png","4. WSSV_BG","WSSV_BG","3","","test"
"4. WSSV_BG/WSSV_BG-64-img-2_nobg.png","WSSV_BG-64-img-2_nobg.png","4. WSSV_BG","WSSV_BG","3","","test"
"4. WSSV_BG/WSSV_BG-67-img-2_nobg.png","WSSV_BG-67-img-2_nobg.png","4. WSSV_BG","WSSV_BG","3","","test"
"4. WSSV_BG/WSSV_BG-72-img-2_nobg.png","WSSV_BG-72-img-2_nobg.png","4. WSSV_BG","WSSV_BG","3","","test"
"4. WSSV_BG/WSSV_BG-76-img-1_nobg.png","WSSV_BG-76-img-1_nobg.png","4. WSSV_BG","WSSV_BG","3","","test"
"4. WSSV_BG/WSSV_BG-78-img-2_nobg.png","WSSV_BG-78-img-2_nobg.png","4. WSSV_BG","WSSV_BG","3","","test"
"4. WSSV_BG/WSSV_BG-78-img-3_nobg.png","WSSV_BG-78-img-3_nobg.png","4. WSSV_BG","WSSV_BG","3","","test"
"4. WSSV_BG/WSSV_BG-79-img-3_nobg.png","WSSV_BG-79-img-3_nobg.png","4. WSSV_BG","WSSV_BG","3","","test"
