split,image,group_key,disease,shrimp_id,mask_instances,is_labeled,class_ids,has_bg_mask,has_wssv_mask,is_coinfection
test,BG-13-img-2_jpg.rf.8e9d8f93a400155a1648c196d26a3e90.jpg,bg::13,bg,13,1,True,0,True,False,False
test,BG-2-img-1_jpg.rf.807563b950fd75d83301a0c2d920a1ee.jpg,bg::2,bg,2,1,True,0,True,False,False
test,BG-29-img-3_jpg.rf.0003ffc1905d215be85139ae238a1a37.jpg,bg::29,bg,29,1,True,0,True,False,False
test,BG-3-img-3_jpg.rf.bc789ff5f7d852ca316d91b349d79bf2.jpg,bg::3,bg,3,1,True,0,True,False,False
test,BG-32-img-1_jpg.rf.68ee5319c9cd9b9d932af3817b564812.jpg,bg::32,bg,32,1,True,0,True,False,False
test,BG-34-img-2_jpg.rf.32342e069f3b6eb45959ed1bfdc8bea2.jpg,bg::34,bg,34,1,True,0,True,False,False
test,BG-41-img-1_jpg.rf.aa13aa4fb34fb3e341ff4c47902d7db0.jpg,bg::41,bg,41,1,True,0,True,False,False
test,BG-42-img-3_jpg.rf.7310ba5be1ca1e0e5bf93e1737413fb5.jpg,bg::42,bg,42,1,True,0,True,False,False
test,BG-43-img-3_jpg.rf.1c35e11d5ddee02a69d1b02027476246.jpg,bg::43,bg,43,1,True,0,True,False,False
test,BG-5-img-1_jpg.rf.0c20206e55648442107bc4e5f6bceb25.jpg,bg::5,bg,5,1,True,0,True,False,False
test,BG-55-img-2_jpg.rf.6626fc4619253f3e6c9247a6ae39b3e1.jpg,bg::55,bg,55,1,True,0,True,False,False
test,BG-57-img-1_jpg.rf.82dab8c627a37ef6d6d7427f3ad867d2.jpg,bg::57,bg,57,1,True,0,True,False,False
test,BG-6-img-1_jpg.rf.eab7c9e98de9028dc40a0fb56a6c2684.jpg,bg::6,bg,6,1,True,0,True,False,False
test,BG-60-img-2_jpg.rf.c027dcda62b6fc0bb1bc3fff143ab45a.jpg,bg::60,bg,60,1,True,0,True,False,False
test,BG-66-img-3_jpg.rf.70654874b8219ef64c4f9e5c1da1dfbd.jpg,bg::66,bg,66,1,True,0,True,False,False
test,BG-67-img-2_jpg.rf.ebce637cf07b3ca4ac46ee4d597ceb3a.jpg,bg::67,bg,67,1,True,0,True,False,False
test,BG-71-img-2_jpg.rf.41f869350ad5f656a78357d9bf6ec695.jpg,bg::71,bg,71,1,True,0,True,False,False
test,BG-74-img-1_jpg.rf.84161f82e87d683dcee12be450a68dbf.jpg,bg::74,bg,74,1,True,0,True,False,False
test,BG-75-img-1_jpg.rf.b1d81a974b9cf4ac80392a6bd3711920.jpg,bg::75,bg,75,1,True,0,True,False,False
test,BG-75-img-3_jpg.rf.597568b9475bc41778498e23f2c9e1a5.jpg,bg::75,bg,75,1,True,0,True,False,False
test,Healthy-1-img-1_jpg.rf.f93b4a3457bce7948be3327640d8e629.jpg,healthy::1,healthy,1,0,False,,False,False,False
test,Healthy-100-img-3_jpg.rf.2d955a1e69b6970e6b23ab63ed59c558.jpg,healthy::100,healthy,100,0,False,,False,False,False
test,Healthy-101-img-3_jpg.rf.024f45e85cafb67e0d621515582b9dab.jpg,healthy::101,healthy,101,0,False,,False,False,False
test,Healthy-107-img-1_jpg.rf.d800eb662e3bd980f3bf2b0ff99b797c.jpg,healthy::107,healthy,107,0,False,,False,False,False
test,Healthy-108-img-2_jpg.rf.5ce71d8adcfa96f2b14683e5b1393b89.jpg,healthy::108,healthy,108,0,False,,False,False,False
test,Healthy-11-img-2_jpg.rf.08feef63238632a7eb13e4eb529afa42.jpg,healthy::11,healthy,11,0,False,,False,False,False
test,Healthy-117-img-1_jpg.rf.9672032b98edfc1b7d1b12f7052b0eeb.jpg,healthy::117,healthy,117,0,False,,False,False,False
test,Healthy-125-img-2_jpg.rf.a0cb669ef7adf02dd3876208fb65d929.jpg,healthy::125,healthy,125,0,False,,False,False,False
test,Healthy-126-img-1_jpg.rf.fb26b9d2007f47054e30fe899b468dd4.jpg,healthy::126,healthy,126,0,False,,False,False,False
test,Healthy-128-img-2_jpg.rf.f0a677a7040c90ced8dc12678bd55bce.jpg,healthy::128,healthy,128,0,False,,False,False,False
test,Healthy-134-img-2_jpg.rf.2cae2d7404c7b97e49e5a7f5430e92fa.jpg,healthy::134,healthy,134,0,False,,False,False,False
test,Healthy-136-img-1_jpg.rf.fdc35bb6ce35b407deb6c6efb264c819.jpg,healthy::136,healthy,136,0,False,,False,False,False
test,Healthy-137-img-3_jpg.rf.aed2db7181044426d199543a38cadb2c.jpg,healthy::137,healthy,137,0,False,,False,False,False
test,Healthy-138-img-3_jpg.rf.384345d0084dd7bce1614b6af9b4ae7d.jpg,healthy::138,healthy,138,0,False,,False,False,False
test,Healthy-139-img-1_jpg.rf.e701d9fbc24b862ec1de84c4d48d581d.jpg,healthy::139,healthy,139,0,False,,False,False,False
test,Healthy-140-img-1_jpg.rf.22c13720609d35e85e4f5d8162da4a34.jpg,healthy::140,healthy,140,0,False,,False,False,False
test,Healthy-140-img-2_jpg.rf.1eeec1674495cc776753ef50a17a2078.jpg,healthy::140,healthy,140,0,False,,False,False,False
test,Healthy-17-img-3_jpg.rf.cd117e9e452ccd0671a9f6502e9c00bf.jpg,healthy::17,healthy,17,0,False,,False,False,False
test,Healthy-33-img-3_jpg.rf.d7eaedafeb8b8f2ffd237c73839a632f.jpg,healthy::33,healthy,33,0,False,,False,False,False
test,Healthy-38-img-2_jpg.rf.0ac5bf04888f3d02a02b61cd3828c830.jpg,healthy::38,healthy,38,0,False,,False,False,False
test,Healthy-45-img-2_jpg.rf.ed2f7cda53a5915105535b9edc7decaa.jpg,healthy::45,healthy,45,0,False,,False,False,False
test,Healthy-46-img-2_jpg.rf.912fd7b6ff4e156f962a9b824bb03761.jpg,healthy::46,healthy,46,0,False,,False,False,False
test,Healthy-47-img-2_jpg.rf.068003196667b9c9f81a2f2a1155777c.jpg,healthy::47,healthy,47,0,False,,False,False,False
test,Healthy-49-img-1_jpg.rf.a1ef20d33f5a0b72b166d404ec931a0e.jpg,healthy::49,healthy,49,0,False,,False,False,False
test,Healthy-50-img-2_jpg.rf.9561525058af9c4b6b76295a974d460c.jpg,healthy::50,healthy,50,0,False,,False,False,False
test,Healthy-51-img-1_jpg.rf.4751f95b68e15ea80a77cb952cecb082.jpg,healthy::51,healthy,51,0,False,,False,False,False
test,Healthy-51-img-3_jpg.rf.93a593ba84a98840c9857111b99316f8.jpg,healthy::51,healthy,51,0,False,,False,False,False
test,Healthy-54-img-1_jpg.rf.82e9010dd97de33a97ccba5f4619f41c.jpg,healthy::54,healthy,54,0,False,,False,False,False
test,Healthy-57-img-2_jpg.rf.5c7266910ecf7a8885d7519041720fad.jpg,healthy::57,healthy,57,0,False,,False,False,False
test,Healthy-58-img-2_jpg.rf.a88f730041ea5a8716e6b7184237777b.jpg,healthy::58,healthy,58,0,False,,False,False,False
test,Healthy-6-img-3_jpg.rf.4e359eded68df37c90d0f7763198b120.jpg,healthy::6,healthy,6,0,False,,False,False,False
test,Healthy-68-img-1_jpg.rf.79febbb5a4568a0ca9eae013ffe2c316.jpg,healthy::68,healthy,68,0,False,,False,False,False
test,Healthy-69-img-3_jpg.rf.997d790c564b40ac3f7dea17a3974557.jpg,healthy::69,healthy,69,0,False,,False,False,False
test,Healthy-71-img-3_jpg.rf.cbc8c0ed351c734b32b9965dd3515b02.jpg,healthy::71,healthy,71,0,False,,False,False,False
test,Healthy-8-img-1_jpg.rf.f8d232044de050dd6f6051c6f64c57c5.jpg,healthy::8,healthy,8,0,False,,False,False,False
test,Healthy-80-img-1_jpg.rf.6f3d9f09d1ede0b9a89662a24d072dff.jpg,healthy::80,healthy,80,0,False,,False,False,False
test,Healthy-80-img-2_jpg.rf.8086318e7c479ac4778a47eea3d268bf.jpg,healthy::80,healthy,80,0,False,,False,False,False
test,Healthy-81-img-3_jpg.rf.a158d85c428e54988fa624e79129f648.jpg,healthy::81,healthy,81,0,False,,False,False,False
test,Healthy-82-img-2_jpg.rf.9a930dff3bdc89d982d8681eaa7617e4.jpg,healthy::82,healthy,82,0,False,,False,False,False
test,Healthy-83-img-3_jpg.rf.6b2bbdb88435906dc5a23dc1b7f7cf9c.jpg,healthy::83,healthy,83,0,False,,False,False,False
test,Healthy-87-img-2_jpg.rf.3cb0a031be3b5ff74e1741093fd1a6d2.jpg,healthy::87,healthy,87,0,False,,False,False,False
test,Healthy-89-img-2_jpg.rf.861cd047a830b903baa093461573356b.jpg,healthy::89,healthy,89,0,False,,False,False,False
test,Healthy-97-img-1_jpg.rf.013266e9cc0291994e1e936264db989a.jpg,healthy::97,healthy,97,0,False,,False,False,False
test,Healthy-99-img-3_jpg.rf.a435bc186600738ca23b379b7c68dfaf.jpg,healthy::99,healthy,99,0,False,,False,False,False
test,WSSV-1-img-1_jpg.rf.c276fa7eebf46bba4309e92da030c4ce.jpg,wssv::1,wssv,1,1,True,1,False,True,False
test,WSSV-112-img-2_jpg.rf.08764be7efdabf9e2e5babb4b18e7023.jpg,wssv::112,wssv,112,1,True,1,False,True,False
test,WSSV-113-img-1_jpg.rf.b972780529ad3e5d0024fb9c091c292f.jpg,wssv::113,wssv,113,1,True,1,False,True,False
test,WSSV-13-img-1_jpg.rf.302bfcdb458ead160ff65d3e3040d7d7.jpg,wssv::13,wssv,13,1,True,1,False,True,False
test,WSSV-20-img-2_jpg.rf.8fdd547435b83f71145b32e53479ef09.jpg,wssv::20,wssv,20,1,True,1,False,True,False
test,WSSV-23-img-1_jpg.rf.f88fe2aa6cd97769b462b647b7b57f66.jpg,wssv::23,wssv,23,1,True,1,False,True,False
test,WSSV-25-img-3_jpg.rf.45a39355ba0d6b013fe7bb3eeb3e81bd.jpg,wssv::25,wssv,25,1,True,1,False,True,False
test,WSSV-33-img-2_jpg.rf.bc267a64649a872e4e6f89177cc4d3f2.jpg,wssv::33,wssv,33,1,True,1,False,True,False
test,WSSV-36-img-2_jpg.rf.e3cdae4881637d0c52430cc243be89f0.jpg,wssv::36,wssv,36,1,True,1,False,True,False
test,WSSV-38-img-2_jpg.rf.eedd6b3d57dbee3d68a6b03ed7d52a3d.jpg,wssv::38,wssv,38,1,True,1,False,True,False
test,WSSV-38-img-3_jpg.rf.135b07c0dc9f625f2f9e47ff20b6410c.jpg,wssv::38,wssv,38,1,True,1,False,True,False
test,WSSV-4-img-3_jpg.rf.1e863cf937538f9cde39546756aeb050.jpg,wssv::4,wssv,4,1,True,1,False,True,False
test,WSSV-43-img-2_jpg.rf.892a0012673c9e3a8dea7f6d756be447.jpg,wssv::43,wssv,43,1,True,1,False,True,False
test,WSSV-49-img-1_jpg.rf.f1d61e52a71e14de69144d40c04b4425.jpg,wssv::49,wssv,49,1,True,1,False,True,False
test,WSSV-49-img-3_jpg.rf.faac2551bc742f63c94a668c0129c7a0.jpg,wssv::49,wssv,49,1,True,1,False,True,False
test,WSSV-5-img-1_jpg.rf.b3a4683c309e471d91ae9f369edec48b.jpg,wssv::5,wssv,5,1,True,1,False,True,False
test,WSSV-50-img-1_jpg.rf.9d93f37a2b2273facb56b067fbed83f4.jpg,wssv::50,wssv,50,1,True,1,False,True,False
test,WSSV-52-img-2_jpg.rf.6e963f1028e995a67fa4f51f8a8f62d8.jpg,wssv::52,wssv,52,1,True,1,False,True,False
test,WSSV-6-img-2_jpg.rf.7b6045ae078418954626922f621f31ac.jpg,wssv::6,wssv,6,1,True,1,False,True,False
test,WSSV-61-img-3_jpg.rf.355db745afdea77ef59d95eb5fbbf67d.jpg,wssv::61,wssv,61,1,True,1,False,True,False
test,WSSV-63-img-2_jpg.rf.067cd64129b51144d08fa08806d816e2.jpg,wssv::63,wssv,63,1,True,1,False,True,False
test,WSSV-75-img-1_jpg.rf.c0c7662c84b234de62ea047c444439ba.jpg,wssv::75,wssv,75,1,True,1,False,True,False
test,WSSV-77-img-1_jpg.rf.8a2db042e9252c79c7250ebade55d1d8.jpg,wssv::77,wssv,77,1,True,1,False,True,False
test,WSSV-77-img-2_jpg.rf.6bbd31c7e5414e0ebfb2d65f6dc06b58.jpg,wssv::77,wssv,77,1,True,1,False,True,False
test,WSSV-80-img-3_jpg.rf.16597596f2b028bbcfbbe353b03c7e1d.jpg,wssv::80,wssv,80,1,True,1,False,True,False
test,WSSV-86-img-3_jpg.rf.80118a9711a142d3701fae74dfc4807a.jpg,wssv::86,wssv,86,1,True,1,False,True,False
test,WSSV-96-img-3_jpg.rf.220bc878a563bcbcd7a123625b00b6d5.jpg,wssv::96,wssv,96,1,True,1,False,True,False
test,WSSV-99-img-3_jpg.rf.ae93da4c00e457f84622a27860bc107f.jpg,wssv::99,wssv,99,1,True,1,False,True,False
test,WSSV_BG-12-img-2_jpg.rf.b9fa4c63149fc54389c043256e3a68a8.jpg,wssv_bg::12,wssv_bg,12,4,True,"0,1",True,True,True
test,WSSV_BG-12-img-3_jpg.rf.021a4e9745621e043a15b6ba51d52848.jpg,wssv_bg::12,wssv_bg,12,4,True,"0,1",True,True,True
test,WSSV_BG-14-img-3_jpg.rf.a48f225ac9e2bef4723843a3238acbbc.jpg,wssv_bg::14,wssv_bg,14,2,True,"0,1",True,True,True
test,WSSV_BG-19-img-1_jpg.rf.84c36d501f8d050fbc7d4147657c3a05.jpg,wssv_bg::19,wssv_bg,19,2,True,"0,1",True,True,True
test,WSSV_BG-36-img-2_jpg.rf.d6034a26c91ed58493c92a4e75868777.jpg,wssv_bg::36,wssv_bg,36,3,True,"0,1",True,True,True
test,WSSV_BG-4-img-3_jpg.rf.ac35a6d44850e9a0590190d4e90b1150.jpg,wssv_bg::4,wssv_bg,4,3,True,"0,1",True,True,True
test,WSSV_BG-44-img-1_jpg.rf.59a5927fe9546ade704d4df45ca25b1f.jpg,wssv_bg::44,wssv_bg,44,2,True,"0,1",True,True,True
test,WSSV_BG-47-img-3_jpg.rf.c91d3719f1e521e490115eb2cee1be5e.jpg,wssv_bg::47,wssv_bg,47,2,True,"0,1",True,True,True
test,WSSV_BG-6-img-2_jpg.rf.030cf3f3fd59de951e60c6eb5c594f18.jpg,wssv_bg::6,wssv_bg,6,2,True,"0,1",True,True,True
test,WSSV_BG-62-img-3_jpg.rf.c0ccda3eaf74e613f34383c0ab51fda8.jpg,wssv_bg::62,wssv_bg,62,2,True,"0,1",True,True,True
test,WSSV_BG-66-img-3_jpg.rf.41a29a4f23ed823480f7265352910898.jpg,wssv_bg::66,wssv_bg,66,2,True,"0,1",True,True,True
test,WSSV_BG-71-img-2_jpg.rf.47015505ec2f98d547aa52437b32b539.jpg,wssv_bg::71,wssv_bg,71,2,True,"0,1",True,True,True
test,WSSV_BG-71-img-3_jpg.rf.8245a8c822c9a37eb6e6c52034c8d72f.jpg,wssv_bg::71,wssv_bg,71,2,True,"0,1",True,True,True
test,WSSV_BG-74-img-1_jpg.rf.1a1bc2e97da7276f64ecb5cc4188ac30.jpg,wssv_bg::74,wssv_bg,74,2,True,"0,1",True,True,True
test,WSSV_BG-74-img-2_jpg.rf.543d3c9ef5a8ce7389c669a89d2aab52.jpg,wssv_bg::74,wssv_bg,74,2,True,"0,1",True,True,True
test,WSSV_BG-76-img-1_jpg.rf.23633b7d14cb53f5fb6e497d22a732af.jpg,wssv_bg::76,wssv_bg,76,2,True,"0,1",True,True,True
test,WSSV_BG-78-img-3_jpg.rf.2c702ad95591793509defcccc66b0731.jpg,wssv_bg::78,wssv_bg,78,3,True,"0,1",True,True,True
test,WSSV_BG-8-img-1_jpg.rf.3ab05bd6365d9bed8716e4efeb12737b.jpg,wssv_bg::8,wssv_bg,8,2,True,"0,1",True,True,True
test,WSSV_BG-8-img-2_jpg.rf.325c9b0d50bdbf8f7e4d37ed2b99cda0.jpg,wssv_bg::8,wssv_bg,8,3,True,"0,1",True,True,True
test,WSSV_BG-80-img-1_jpg.rf.e464dd9bdbe08451375df68a5a327f91.jpg,wssv_bg::80,wssv_bg,80,2,True,"0,1",True,True,True
test,WSSV_BG-80-img-2_jpg.rf.b99b40010c5afe7ea729bf712b733343.jpg,wssv_bg::80,wssv_bg,80,2,True,"0,1",True,True,True
test,WSSV_BG-80-img-3_jpg.rf.9814603d237cf227e02077e8ddf62e82.jpg,wssv_bg::80,wssv_bg,80,2,True,"0,1",True,True,True
test,WSSV_BG-81-img-2_jpg.rf.92d891d43ef541807b13d027ce6f7c23.jpg,wssv_bg::81,wssv_bg,81,2,True,"0,1",True,True,True
test,WSSV_BG-9-img-3_jpg.rf.5754dc3a188c9b4ccb5bdbdcc48fdd46.jpg,wssv_bg::9,wssv_bg,9,2,True,"0,1",True,True,True
train,BG-1-img-2_jpg.rf.5d2a98483593cdf82ef899ac53384484.jpg,bg::1,bg,1,1,True,0,True,False,False
train,BG-1-img-3_jpg.rf.1ee3e870db4a42a18f168a74c222cd5b.jpg,bg::1,bg,1,1,True,0,True,False,False
train,BG-10-img-1_jpg.rf.ce9bab42d5bae653a94195d8e441a8f5.jpg,bg::10,bg,10,1,True,0,True,False,False
train,BG-10-img-2_jpg.rf.de295b366b516406d9ba3e7c08f4badf.jpg,bg::10,bg,10,1,True,0,True,False,False
train,BG-10-img-3_jpg.rf.c95c068acee42317db9c77c919efbeb3.jpg,bg::10,bg,10,1,True,0,True,False,False
train,BG-11-img-3_jpg.rf.00c942067cb839215ad29304d315927c.jpg,bg::11,bg,11,1,True,0,True,False,False
train,BG-12-img-1_jpg.rf.708272e382248001db295859561f22e6.jpg,bg::12,bg,12,1,True,0,True,False,False
train,BG-12-img-2_jpg.rf.23d8c4232fa92d49b0c9b3852c3643e5.jpg,bg::12,bg,12,1,True,0,True,False,False
train,BG-12-img-3_jpg.rf.ac2e62d7b1663a60c0a6e63544fc484a.jpg,bg::12,bg,12,1,True,0,True,False,False
train,BG-13-img-1_jpg.rf.3fc4cd9a8e9e4a55a7c660629c2241c5.jpg,bg::13,bg,13,1,True,0,True,False,False
train,BG-13-img-3_jpg.rf.2e4066282af225bb2f84407953d0551f.jpg,bg::13,bg,13,1,True,0,True,False,False
train,BG-14-img-1_jpg.rf.87acd1fa4095080cb037b1d1fc30acc9.jpg,bg::14,bg,14,1,True,0,True,False,False
train,BG-15-img-1_jpg.rf.93ea80774fa1da70e0c0737c08ef0d83.jpg,bg::15,bg,15,1,True,0,True,False,False
train,BG-15-img-2_jpg.rf.d9390cd7a4b74c953f62cd3d7ac81e78.jpg,bg::15,bg,15,1,True,0,True,False,False
train,BG-16-img-1_jpg.rf.6bc750da94db34b6f1e9006feea843d1.jpg,bg::16,bg,16,1,True,0,True,False,False
train,BG-18-img-1_jpg.rf.b1483e0be25d68af23819e78a729649e.jpg,bg::18,bg,18,1,True,0,True,False,False
train,BG-19-img-2_jpg.rf.4fccba27e982f3e6e6a554306f2ec3ba.jpg,bg::19,bg,19,1,True,0,True,False,False
train,BG-2-img-2_jpg.rf.84e2717fba1e765f18323d2eee0895c9.jpg,bg::2,bg,2,1,True,0,True,False,False
train,BG-2-img-3_jpg.rf.53a00a0ada37cdb3cc6abd21e5bf21f5.jpg,bg::2,bg,2,1,True,0,True,False,False
train,BG-20-img-1_jpg.rf.c7f36e27667b4c372c4679274518a523.jpg,bg::20,bg,20,1,True,0,True,False,False
train,BG-20-img-2_jpg.rf.71ad1021d5fe4ff4dcc2f0cfbb5db1d1.jpg,bg::20,bg,20,1,True,0,True,False,False
train,BG-21-img-1_jpg.rf.9bfc050bcfb821988aa4b65da8264bbb.jpg,bg::21,bg,21,1,True,0,True,False,False
train,BG-21-img-2_jpg.rf.782a5eed29865423babedbe507fbad57.jpg,bg::21,bg,21,1,True,0,True,False,False
train,BG-21-img-3_jpg.rf.d36cc7e6d0e54f65c50d4fd36f874f00.jpg,bg::21,bg,21,1,True,0,True,False,False
train,BG-22-img-1_jpg.rf.9fe3062eac4d9aafb88d19ef3a08c978.jpg,bg::22,bg,22,1,True,0,True,False,False
train,BG-22-img-3_jpg.rf.e616464c5b9ecc5e951f55bc14c6a991.jpg,bg::22,bg,22,1,True,0,True,False,False
train,BG-23-img-1_jpg.rf.9b5996530f5d2841b028448c1d6d145e.jpg,bg::23,bg,23,1,True,0,True,False,False
train,BG-23-img-2_jpg.rf.f6035ea1d073f8138e53c1b9b2ce4b9a.jpg,bg::23,bg,23,1,True,0,True,False,False
train,BG-23-img-3_jpg.rf.ef114f1114b3c6d3d7fc933fa0c11573.jpg,bg::23,bg,23,1,True,0,True,False,False
train,BG-24-img-1_jpg.rf.0f2a130b3166f56731aad1b9541d5165.jpg,bg::24,bg,24,1,True,0,True,False,False
train,BG-24-img-2_jpg.rf.cc8679d32ad8ef27990895c4fe8cc3b9.jpg,bg::24,bg,24,1,True,0,True,False,False
train,BG-24-img-3_jpg.rf.7e2dde502262cd8acb25e8a87301b2f0.jpg,bg::24,bg,24,1,True,0,True,False,False
train,BG-25-img-1_jpg.rf.4eb4f46d8bd2c0a589167cf9455b51b0.jpg,bg::25,bg,25,1,True,0,True,False,False
train,BG-25-img-2_jpg.rf.d0cd8eab6ea2f1cc30811a9f018894c7.jpg,bg::25,bg,25,1,True,0,True,False,False
train,BG-25-img-3_jpg.rf.14eefcf98934b41b2aeb8d9ac85b9f01.jpg,bg::25,bg,25,1,True,0,True,False,False
train,BG-26-img-1_jpg.rf.e7d20ad4f21764ee56336ad611aeaea2.jpg,bg::26,bg,26,1,True,0,True,False,False
train,BG-27-img-1_jpg.rf.92cb1f6485f17281971997635227fdff.jpg,bg::27,bg,27,3,True,0,True,False,False
train,BG-27-img-2_jpg.rf.5fad044418ee2fe91c097fc4941e2b66.jpg,bg::27,bg,27,3,True,0,True,False,False
train,BG-27-img-3_jpg.rf.b880268858893f40fefa64764eb7d2c6.jpg,bg::27,bg,27,3,True,0,True,False,False
train,BG-28-img-1_jpg.rf.91096c879f72ff15fe217490ea3300a3.jpg,bg::28,bg,28,1,True,0,True,False,False
train,BG-28-img-2_jpg.rf.131ff4e2fc82d5782af707c7346f1838.jpg,bg::28,bg,28,1,True,0,True,False,False
train,BG-29-img-1_jpg.rf.4c7eee5317b6d1773e9b0254527097bd.jpg,bg::29,bg,29,1,True,0,True,False,False
train,BG-29-img-2_jpg.rf.42170cbc0d9610fa7dc8d238b164c6e6.jpg,bg::29,bg,29,1,True,0,True,False,False
train,BG-3-img-1_jpg.rf.64cc76e5fc36f391175fc4390b83c434.jpg,bg::3,bg,3,1,True,0,True,False,False
train,BG-3-img-2_jpg.rf.f220f24fc3031b1f936588d19bbea490.jpg,bg::3,bg,3,1,True,0,True,False,False
train,BG-30-img-1_jpg.rf.f09088577bacad89d22309abbd5d618d.jpg,bg::30,bg,30,1,True,0,True,False,False
train,BG-30-img-2_jpg.rf.0bb0106c9b8ae0a23bc9904a97999f72.jpg,bg::30,bg,30,1,True,0,True,False,False
train,BG-30-img-3_jpg.rf.0bc7166a194aef245764c9c6d2b83853.jpg,bg::30,bg,30,1,True,0,True,False,False
train,BG-31-img-1_jpg.rf.c749d23b5fa2972e576d82ac3d4b482d.jpg,bg::31,bg,31,1,True,0,True,False,False
train,BG-32-img-2_jpg.rf.04ae9e5437b891ecf33f34403c147536.jpg,bg::32,bg,32,1,True,0,True,False,False
train,BG-33-img-1_jpg.rf.6884775d4705a024f3a89ad9353ee936.jpg,bg::33,bg,33,1,True,0,True,False,False
train,BG-34-img-1_jpg.rf.59eaa5e342d3a64aebfd613971038687.jpg,bg::34,bg,34,1,True,0,True,False,False
train,BG-34-img-3_jpg.rf.3fb3aab4879f2d0fb5c99b5f86f96418.jpg,bg::34,bg,34,1,True,0,True,False,False
train,BG-35-img-1_jpg.rf.d6ca09f61ee2b428d7f89f7c677bcf84.jpg,bg::35,bg,35,1,True,0,True,False,False
train,BG-35-img-2_jpg.rf.dfb2563e5722c77e0dfb8d1f5466f69b.jpg,bg::35,bg,35,1,True,0,True,False,False
train,BG-36-img-2_jpg.rf.36e06cd36797a1d910374ee174e5341b.jpg,bg::36,bg,36,1,True,0,True,False,False
train,BG-37-img-1_jpg.rf.38369ed1ef3614e2611023da4c40dc5e.jpg,bg::37,bg,37,1,True,0,True,False,False
train,BG-37-img-2_jpg.rf.75a19b46fd446d0662d1ed604e91ecf1.jpg,bg::37,bg,37,1,True,0,True,False,False
train,BG-37-img-3_jpg.rf.bf8a9503a35caa02600cbc4adf1b58ef.jpg,bg::37,bg,37,1,True,0,True,False,False
train,BG-38-img-1_jpg.rf.ca3c8e67e272bc4dbf6c26be35a3ac97.jpg,bg::38,bg,38,1,True,0,True,False,False
train,BG-38-img-2_jpg.rf.c9dd3c73dd9f4dba91aad84353f99465.jpg,bg::38,bg,38,1,True,0,True,False,False
train,BG-38-img-3_jpg.rf.40a788423bad2692769e69162041a4de.jpg,bg::38,bg,38,1,True,0,True,False,False
train,BG-39-img-1_jpg.rf.bbd73f0d83cd8e8ec28febebe613b5f1.jpg,bg::39,bg,39,1,True,0,True,False,False
train,BG-39-img-3_jpg.rf.2623cc05e98a15fa03abbea3eb834214.jpg,bg::39,bg,39,1,True,0,True,False,False
train,BG-4-img-1_jpg.rf.3094de5d9dff9ff755f064def1161c6c.jpg,bg::4,bg,4,1,True,0,True,False,False
train,BG-4-img-2_jpg.rf.5db07e33e39e0ef2c26288f89ed4a6d3.jpg,bg::4,bg,4,1,True,0,True,False,False
train,BG-4-img-3_jpg.rf.46dfcaffd2b9908ed57437ba7c22af19.jpg,bg::4,bg,4,1,True,0,True,False,False
train,BG-40-img-1_jpg.rf.878512823ad930ec664e9614b89d783b.jpg,bg::40,bg,40,1,True,0,True,False,False
train,BG-40-img-2_jpg.rf.d0d4130a382469c90e523ec6afbe12a4.jpg,bg::40,bg,40,1,True,0,True,False,False
train,BG-41-img-2_jpg.rf.698ab1840c3193a59221e2eeb28f7b3c.jpg,bg::41,bg,41,1,True,0,True,False,False
train,BG-41-img-3_jpg.rf.3bbf8a3d7c36eb81647e2687e943606c.jpg,bg::41,bg,41,1,True,0,True,False,False
train,BG-42-img-1_jpg.rf.7313ebf745f4e300ba7e867f41bc74a5.jpg,bg::42,bg,42,1,True,0,True,False,False
train,BG-42-img-2_jpg.rf.e670408c57631d1902000cb22a1778dd.jpg,bg::42,bg,42,1,True,0,True,False,False
train,BG-43-img-1_jpg.rf.d532f298c94be628bf53405bf21e9efe.jpg,bg::43,bg,43,1,True,0,True,False,False
train,BG-43-img-2_jpg.rf.4b386467b795b31f3b5fe7728745af93.jpg,bg::43,bg,43,1,True,0,True,False,False
train,BG-44-img-1_jpg.rf.c4af678645af047817df972ba7dcc7d8.jpg,bg::44,bg,44,1,True,0,True,False,False
train,BG-44-img-2_jpg.rf.e6f5eaca938520e0a4d787266798b6d9.jpg,bg::44,bg,44,1,True,0,True,False,False
train,BG-44-img-3_jpg.rf.1ab9529191af5d1e4405ff70b8dec108.jpg,bg::44,bg,44,1,True,0,True,False,False
train,BG-45-img-1_jpg.rf.83fcca5fb799db8d40c51a36829f1d50.jpg,bg::45,bg,45,1,True,0,True,False,False
train,BG-45-img-2_jpg.rf.1baed072c797b73b2a6dd5deab1f0588.jpg,bg::45,bg,45,1,True,0,True,False,False
train,BG-45-img-3_jpg.rf.bc10025c7ace743c0d65f62af9fb6e52.jpg,bg::45,bg,45,1,True,0,True,False,False
train,BG-46-img-1_jpg.rf.80885eab4ba69a08336488592e2ad1f3.jpg,bg::46,bg,46,1,True,0,True,False,False
train,BG-46-img-2_jpg.rf.26f77ac80aafaa823637c72aa09c20b3.jpg,bg::46,bg,46,1,True,0,True,False,False
train,BG-47-img-1_jpg.rf.9a2c1b110bef246b286b045e71b3d90b.jpg,bg::47,bg,47,1,True,0,True,False,False
train,BG-47-img-2_jpg.rf.10154fd8cc7d1a3c7cb14cc140e65f51.jpg,bg::47,bg,47,1,True,0,True,False,False
train,BG-47-img-3_jpg.rf.4ab7b7fa51a9dcc233846dda3fd5620a.jpg,bg::47,bg,47,1,True,0,True,False,False
train,BG-48-img-1_jpg.rf.2b90e8a72af576edd0b51d0c57910738.jpg,bg::48,bg,48,1,True,0,True,False,False
train,BG-48-img-2_jpg.rf.66c9101b95151c683749d8df6ae915fd.jpg,bg::48,bg,48,1,True,0,True,False,False
train,BG-48-img-3_jpg.rf.aaaa3239fbb6a6adbbce02fd6009b232.jpg,bg::48,bg,48,1,True,0,True,False,False
train,BG-49-img-1_jpg.rf.8e82f6087133783cac7b88cb70862678.jpg,bg::49,bg,49,1,True,0,True,False,False
train,BG-49-img-2_jpg.rf.0f82a0f45a33add98b9377fdf341e56f.jpg,bg::49,bg,49,1,True,0,True,False,False
train,BG-49-img-3_jpg.rf.076c455359c84772d78b100b56b2e98f.jpg,bg::49,bg,49,1,True,0,True,False,False
train,BG-50-img-1_jpg.rf.7b387307a4291285fc9b16696e1a4599.jpg,bg::50,bg,50,1,True,0,True,False,False
train,BG-50-img-2_jpg.rf.80d3002d0a2ccae820520730bb1b67eb.jpg,bg::50,bg,50,1,True,0,True,False,False
train,BG-51-img-1_jpg.rf.c9d8fe50a1cbedf91d13ad8a181a94bf.jpg,bg::51,bg,51,1,True,0,True,False,False
train,BG-51-img-2_jpg.rf.566097141f9d8b3899ce48b48dcf93b9.jpg,bg::51,bg,51,1,True,0,True,False,False
train,BG-51-img-3_jpg.rf.abb58534dd1782de999c96db00bb00f2.jpg,bg::51,bg,51,1,True,0,True,False,False
train,BG-52-img-1_jpg.rf.b5efd91684316c9d36eb535d6bfab967.jpg,bg::52,bg,52,1,True,0,True,False,False
train,BG-52-img-2_jpg.rf.edbe6dfda595e1d66dbc350611e29186.jpg,bg::52,bg,52,1,True,0,True,False,False
train,BG-52-img-3_jpg.rf.0f091a272df63c8a6e80f73c6f0dfa17.jpg,bg::52,bg,52,1,True,0,True,False,False
train,BG-53-img-2_jpg.rf.3c15ce96e703974a426eaa9d5869cd3d.jpg,bg::53,bg,53,1,True,0,True,False,False
train,BG-53-img-3_jpg.rf.395aac0fd8265044c1cc3ac51122bae9.jpg,bg::53,bg,53,1,True,0,True,False,False
train,BG-54-img-1_jpg.rf.86c7be088c565d1478a1d96a4e13ee25.jpg,bg::54,bg,54,1,True,0,True,False,False
train,BG-54-img-2_jpg.rf.e834cce8e67889dac2a9283689573530.jpg,bg::54,bg,54,1,True,0,True,False,False
train,BG-55-img-1_jpg.rf.e22d0f302728419f3f1677e0ce97ee66.jpg,bg::55,bg,55,1,True,0,True,False,False
train,BG-56-img-1_jpg.rf.44d0b0831a3e63dcebbed201df6c6916.jpg,bg::56,bg,56,1,True,0,True,False,False
train,BG-56-img-2_jpg.rf.a4ad05a4f97dd6402aa265574298fb31.jpg,bg::56,bg,56,1,True,0,True,False,False
train,BG-56-img-3_jpg.rf.5c54e23319dfa7b5f1be47b2a2e55b78.jpg,bg::56,bg,56,1,True,0,True,False,False
train,BG-58-img-1_jpg.rf.3e3671a05b9857eec212c12323fb55ba.jpg,bg::58,bg,58,1,True,0,True,False,False
train,BG-58-img-2_jpg.rf.c66a5383b1cb5daf5d5927d599927053.jpg,bg::58,bg,58,1,True,0,True,False,False
train,BG-58-img-3_jpg.rf.98ffd70d74159c4b78ce2c0cf9849181.jpg,bg::58,bg,58,1,True,0,True,False,False
train,BG-59-img-1_jpg.rf.7677f93ede0eb0fbfb0b41195b27348f.jpg,bg::59,bg,59,1,True,0,True,False,False
train,BG-59-img-2_jpg.rf.8c2e1779ebc53b041289fcaa3092ece3.jpg,bg::59,bg,59,1,True,0,True,False,False
train,BG-59-img-3_jpg.rf.64ee46f40212cd55eb7a2a90f020ed18.jpg,bg::59,bg,59,1,True,0,True,False,False
train,BG-6-img-2_jpg.rf.a5494e35971c4b00d0a08f2bb0b47bff.jpg,bg::6,bg,6,1,True,0,True,False,False
train,BG-6-img-3_jpg.rf.529778ed4de7937bd953263eca2d1e38.jpg,bg::6,bg,6,1,True,0,True,False,False
train,BG-60-img-1_jpg.rf.9a258a52561dbaa9191b73301a0e75e2.jpg,bg::60,bg,60,1,True,0,True,False,False
train,BG-61-img-1_jpg.rf.53ba41b647276ec21cf8050e3652dcf4.jpg,bg::61,bg,61,1,True,0,True,False,False
train,BG-61-img-2_jpg.rf.af1eb1935f5e378cd394a3c275dbd8fa.jpg,bg::61,bg,61,1,True,0,True,False,False
train,BG-61-img-3_jpg.rf.245cc146a0914c4bf0e41ff15e848e2b.jpg,bg::61,bg,61,1,True,0,True,False,False
train,BG-62-img-1_jpg.rf.7de093511fcfe01fec31aab1b29003d8.jpg,bg::62,bg,62,1,True,0,True,False,False
train,BG-62-img-2_jpg.rf.337f1f1c4939ddf10c8a167341c2362d.jpg,bg::62,bg,62,1,True,0,True,False,False
train,BG-62-img-3_jpg.rf.dad4372cc9d48a71b014aa81801097da.jpg,bg::62,bg,62,1,True,0,True,False,False
train,BG-63-img-1_jpg.rf.e038f029321015fd79edd9590fc6945d.jpg,bg::63,bg,63,1,True,0,True,False,False
train,BG-63-img-2_jpg.rf.b40bcbad4fa96c95178767d264d23e9a.jpg,bg::63,bg,63,1,True,0,True,False,False
train,BG-64-img-1_jpg.rf.81884b4443484d8f0ef17ccc941afb27.jpg,bg::64,bg,64,1,True,0,True,False,False
train,BG-64-img-2_jpg.rf.99d126f9a66a9401e2257cb3aded1b9a.jpg,bg::64,bg,64,1,True,0,True,False,False
train,BG-64-img-3_jpg.rf.1cc2b8ad048057d6527dee2a03f4055f.jpg,bg::64,bg,64,1,True,0,True,False,False
train,BG-65-img-1_jpg.rf.501a77c5929a073194ff4b1387b1b9e9.jpg,bg::65,bg,65,1,True,0,True,False,False
train,BG-66-img-1_jpg.rf.67a4fbff0203217b1b34ee974a902891.jpg,bg::66,bg,66,1,True,0,True,False,False
train,BG-66-img-2_jpg.rf.d3b3bf5e1c0e73a23aab4f261c5506c8.jpg,bg::66,bg,66,1,True,0,True,False,False
train,BG-67-img-1_jpg.rf.85fdc35cf338e989683ebb010532cdcc.jpg,bg::67,bg,67,1,True,0,True,False,False
train,BG-67-img-3_jpg.rf.df139735376990caf170625265ec0142.jpg,bg::67,bg,67,1,True,0,True,False,False
train,BG-68-img-2_jpg.rf.89e464e8bf4a029214160e9e4cee826f.jpg,bg::68,bg,68,1,True,0,True,False,False
train,BG-68-img-3_jpg.rf.4eab7dfcb4a4a5485c11df6e516cbe32.jpg,bg::68,bg,68,1,True,0,True,False,False
train,BG-69-img-1_jpg.rf.0a30c057ea069d51270e8789341fc861.jpg,bg::69,bg,69,1,True,0,True,False,False
train,BG-69-img-3_jpg.rf.153fa8b5ec1704a7f80ae140912c1118.jpg,bg::69,bg,69,1,True,0,True,False,False
train,BG-7-img-1_jpg.rf.14693a1632af911300d4c042cefa86de.jpg,bg::7,bg,7,1,True,0,True,False,False
train,BG-7-img-2_jpg.rf.00c85bbc6bdfec7845519a2c8350bd40.jpg,bg::7,bg,7,1,True,0,True,False,False
train,BG-7-img-3_jpg.rf.d880f204ac683e2758d40c454f9ef9b2.jpg,bg::7,bg,7,1,True,0,True,False,False
train,BG-70-img-1_jpg.rf.8a756d3792ff2cc7186135eea54c3fd3.jpg,bg::70,bg,70,2,True,0,True,False,False
train,BG-70-img-2_jpg.rf.c2883bdde7ac5974ba42d2fdbe26fc14.jpg,bg::70,bg,70,2,True,0,True,False,False
train,BG-70-img-3_jpg.rf.a573f1e997e709c57ae91759e1ebdbcc.jpg,bg::70,bg,70,2,True,0,True,False,False
train,BG-71-img-1_jpg.rf.14c9b83cc0d161d2c90a0ec9ec00750e.jpg,bg::71,bg,71,1,True,0,True,False,False
train,BG-71-img-3_jpg.rf.4c3a4de7591410ea023c82bd84f27a72.jpg,bg::71,bg,71,1,True,0,True,False,False
train,BG-72-img-1_jpg.rf.b5187b28a8b1c4ed5a1d2b7657b0df88.jpg,bg::72,bg,72,1,True,0,True,False,False
train,BG-72-img-2_jpg.rf.cb56a1d668679a9e819d8174834d7982.jpg,bg::72,bg,72,1,True,0,True,False,False
train,BG-72-img-3_jpg.rf.0fabd4b73159ca02e34b4b87e988924b.jpg,bg::72,bg,72,1,True,0,True,False,False
train,BG-73-img-1_jpg.rf.cb5d79a6eacbe9b54d21c39e3fe59488.jpg,bg::73,bg,73,1,True,0,True,False,False
train,BG-73-img-2_jpg.rf.40310531057bb9ad18d0fb93550fee45.jpg,bg::73,bg,73,1,True,0,True,False,False
train,BG-73-img-3_jpg.rf.9a8a69ccd19ac15d23a99d636393f9a7.jpg,bg::73,bg,73,1,True,0,True,False,False
train,BG-74-img-2_jpg.rf.6f0ecfec678415913e90ae4573116579.jpg,bg::74,bg,74,1,True,0,True,False,False
train,BG-74-img-3_jpg.rf.01679e23de6db6c658eb8f20fb4a9030.jpg,bg::74,bg,74,1,True,0,True,False,False
train,BG-75-img-2_jpg.rf.c9a64902a2d1d35ad83fde5ea3eaaf47.jpg,bg::75,bg,75,1,True,0,True,False,False
train,BG-8-img-1_jpg.rf.89ec73f6d85460271e005d2326a968cd.jpg,bg::8,bg,8,1,True,0,True,False,False
train,BG-8-img-2_jpg.rf.f1fb4a4d3b76b8655250b400e3052eb1.jpg,bg::8,bg,8,1,True,0,True,False,False
train,BG-8-img-3_jpg.rf.d9c548ebf11c6f0c3d7a2af16ba73aae.jpg,bg::8,bg,8,1,True,0,True,False,False
train,BG-9-img-1_jpg.rf.b2c49f6a1d886d1fa528eae99ab9298b.jpg,bg::9,bg,9,1,True,0,True,False,False
train,BG-9-img-2_jpg.rf.1cf266d76c3facd3d55a3b7e53ad8b6a.jpg,bg::9,bg,9,1,True,0,True,False,False
train,BG-9-img-3_jpg.rf.f516f049d0789e8234c2097830dcbacc.jpg,bg::9,bg,9,1,True,0,True,False,False
train,Healthy-1-img-2_jpg.rf.c8285fb17738bf84436ba8e460f78a60.jpg,healthy::1,healthy,1,0,False,,False,False,False
train,Healthy-1-img-3_jpg.rf.8094fb7fa56cf76bb8f886a53eef738a.jpg,healthy::1,healthy,1,0,False,,False,False,False
train,Healthy-10-img-1_jpg.rf.9dfbcdb4ee0732a4e76851cfded55cf9.jpg,healthy::10,healthy,10,0,False,,False,False,False
train,Healthy-10-img-2_jpg.rf.0ca391334ab74956b9eea11b586b71f4.jpg,healthy::10,healthy,10,0,False,,False,False,False
train,Healthy-10-img-3_jpg.rf.c0742f19a3a32cf0a940f15678c18ef6.jpg,healthy::10,healthy,10,0,False,,False,False,False
train,Healthy-100-img-1_jpg.rf.313c74560f9b9ea6a22e5b0bcdeb801e.jpg,healthy::100,healthy,100,0,False,,False,False,False
train,Healthy-101-img-1_jpg.rf.1cb15ffdc335179fead1ecf821e28b0f.jpg,healthy::101,healthy,101,0,False,,False,False,False
train,Healthy-101-img-2_jpg.rf.01d4f6b37d6f2a82f27ae7ed3c92989a.jpg,healthy::101,healthy,101,0,False,,False,False,False
train,Healthy-102-img-1_jpg.rf.25a4a790665ec0f21f750f73f30ec12a.jpg,healthy::102,healthy,102,0,False,,False,False,False
train,Healthy-102-img-2_jpg.rf.76d43862b05c1298ed4460d26082cf39.jpg,healthy::102,healthy,102,0,False,,False,False,False
train,Healthy-102-img-3_jpg.rf.2facad713f144344c895226bd21a5314.jpg,healthy::102,healthy,102,0,False,,False,False,False
train,Healthy-103-img-1_jpg.rf.a4caff47c30677705238b93b3c360287.jpg,healthy::103,healthy,103,0,False,,False,False,False
train,Healthy-103-img-2_jpg.rf.8b1cb9fa54803133d53a52a06ee0aa94.jpg,healthy::103,healthy,103,0,False,,False,False,False
train,Healthy-103-img-3_jpg.rf.54bb53e7701fdab0b14042ee9e88e791.jpg,healthy::103,healthy,103,0,False,,False,False,False
train,Healthy-105-img-1_jpg.rf.6be39d913e3568a19b8153744c6fd07e.jpg,healthy::105,healthy,105,0,False,,False,False,False
train,Healthy-105-img-3_jpg.rf.fb920fb6684ea78e4b13db987c4923a3.jpg,healthy::105,healthy,105,0,False,,False,False,False
train,Healthy-106-img-1_jpg.rf.074b913de4d1f8d49720681693a59ce6.jpg,healthy::106,healthy,106,0,False,,False,False,False
train,Healthy-106-img-2_jpg.rf.299bedd7c14dbb8836e01ef68caeee74.jpg,healthy::106,healthy,106,0,False,,False,False,False
train,Healthy-106-img-3_jpg.rf.0d69f4349293b2d089f12f7beb5345c7.jpg,healthy::106,healthy,106,0,False,,False,False,False
train,Healthy-107-img-3_jpg.rf.402eb1baacca109575ff0512113f2eba.jpg,healthy::107,healthy,107,0,False,,False,False,False
train,Healthy-108-img-1_jpg.rf.f6d0a390d04b66215a6999a2c1e9134c.jpg,healthy::108,healthy,108,0,False,,False,False,False
train,Healthy-108-img-3_jpg.rf.6627f80f5bc819f0cc53999b4cce7dbd.jpg,healthy::108,healthy,108,0,False,,False,False,False
train,Healthy-109-img-2_jpg.rf.f226af473b90e700ff4b499835324399.jpg,healthy::109,healthy,109,0,False,,False,False,False
train,Healthy-109-img-3_jpg.rf.927d9c23fc54b2920f1a9a385502b8b2.jpg,healthy::109,healthy,109,0,False,,False,False,False
train,Healthy-11-img-1_jpg.rf.fe22c54dac74df13c855cbeb4894118a.jpg,healthy::11,healthy,11,0,False,,False,False,False
train,Healthy-110-img-1_jpg.rf.b80e8b3efdd45ca3b3c28b54e41cb934.jpg,healthy::110,healthy,110,0,False,,False,False,False
train,Healthy-110-img-2_jpg.rf.c08c28dca58ab5780e636cefee1230ab.jpg,healthy::110,healthy,110,0,False,,False,False,False
train,Healthy-110-img-3_jpg.rf.00ccef020e7be7820ea59c01dd8dab56.jpg,healthy::110,healthy,110,0,False,,False,False,False
train,Healthy-111-img-1_jpg.rf.9f2421ddb071fac4c2d8c7652b61d3ec.jpg,healthy::111,healthy,111,0,False,,False,False,False
train,Healthy-111-img-2_jpg.rf.d07a00387b763997a6d88f71795be9d4.jpg,healthy::111,healthy,111,0,False,,False,False,False
train,Healthy-111-img-3_jpg.rf.6b3377624850b4399a142da4fe06f8d0.jpg,healthy::111,healthy,111,0,False,,False,False,False
train,Healthy-112-img-1_jpg.rf.cfbc8832059174d9479779469987e785.jpg,healthy::112,healthy,112,0,False,,False,False,False
train,Healthy-112-img-3_jpg.rf.7dc17053394c36651621e8b4a91a5250.jpg,healthy::112,healthy,112,0,False,,False,False,False
train,Healthy-113-img-3_jpg.rf.7dbaae297945b57d36e65785ef2a55a9.jpg,healthy::113,healthy,113,0,False,,False,False,False
train,Healthy-114-img-2_jpg.rf.c6e2c33314802d79002f4c4a4ab7cc7d.jpg,healthy::114,healthy,114,0,False,,False,False,False
train,Healthy-114-img-3_jpg.rf.f800e93f4c7deec9fa4905a29b20f15b.jpg,healthy::114,healthy,114,0,False,,False,False,False
train,Healthy-115-img-1_jpg.rf.4441721e2643660f875c100ae64b86f6.jpg,healthy::115,healthy,115,0,False,,False,False,False
train,Healthy-115-img-2_jpg.rf.f48f3576213ba659fd9529a9e15edb0d.jpg,healthy::115,healthy,115,0,False,,False,False,False
train,Healthy-116-img-1_jpg.rf.1d81594517c4e1c767c84edff00625f8.jpg,healthy::116,healthy,116,0,False,,False,False,False
train,Healthy-117-img-2_jpg.rf.acbc52093293c7428a572289ce13841c.jpg,healthy::117,healthy,117,0,False,,False,False,False
train,Healthy-117-img-3_jpg.rf.c703d547148227b3448099370ec0f724.jpg,healthy::117,healthy,117,0,False,,False,False,False
train,Healthy-118-img-1_jpg.rf.6bd462504aa9af7900054c2e984baa23.jpg,healthy::118,healthy,118,0,False,,False,False,False
train,Healthy-118-img-2_jpg.rf.a85417228775c661789a12e5e86d7477.jpg,healthy::118,healthy,118,0,False,,False,False,False
train,Healthy-118-img-3_jpg.rf.989dc2d713b1012f90cb914279bd756e.jpg,healthy::118,healthy,118,0,False,,False,False,False
train,Healthy-119-img-1_jpg.rf.d7d8fa2c062f812a1486d90fb25aa1c4.jpg,healthy::119,healthy,119,0,False,,False,False,False
train,Healthy-119-img-2_jpg.rf.fefcbe877d63ee49a6387a96534ff1be.jpg,healthy::119,healthy,119,0,False,,False,False,False
train,Healthy-119-img-3_jpg.rf.ed4afaf8fd97acb4f58cc9875b3d8aa4.jpg,healthy::119,healthy,119,0,False,,False,False,False
train,Healthy-12-img-1_jpg.rf.d853c2656d4003fca3547abdaa60dfd7.jpg,healthy::12,healthy,12,0,False,,False,False,False
train,Healthy-12-img-2_jpg.rf.72ffcff31ab848a9d5acaacc8617793c.jpg,healthy::12,healthy,12,0,False,,False,False,False
train,Healthy-12-img-3_jpg.rf.f30d2ee9a7aa69c00c22512c2ee6ebca.jpg,healthy::12,healthy,12,0,False,,False,False,False
train,Healthy-120-img-1_jpg.rf.90cce675cd02ebfab71399b4afcc1fc6.jpg,healthy::120,healthy,120,0,False,,False,False,False
train,Healthy-120-img-2_jpg.rf.ac62f04f3852d4eeffaa72b9a4fa987f.jpg,healthy::120,healthy,120,0,False,,False,False,False
train,Healthy-120-img-3_jpg.rf.e431bd99038e67e0f9e426e0003ece26.jpg,healthy::120,healthy,120,0,False,,False,False,False
train,Healthy-121-img-1_jpg.rf.6bb3d1ef4ab049a71e42e8d97485aac1.jpg,healthy::121,healthy,121,0,False,,False,False,False
train,Healthy-121-img-3_jpg.rf.d857fc48b3bc66de15b4f919e19dd516.jpg,healthy::121,healthy,121,0,False,,False,False,False
train,Healthy-122-img-1_jpg.rf.01d9ec939081f4d89cc4c938efdd874f.jpg,healthy::122,healthy,122,0,False,,False,False,False
train,Healthy-122-img-2_jpg.rf.d868db28f44db38dda2c78646401876a.jpg,healthy::122,healthy,122,0,False,,False,False,False
train,Healthy-122-img-3_jpg.rf.2e6fd338344e6785c9f34e16ad5235aa.jpg,healthy::122,healthy,122,0,False,,False,False,False
train,Healthy-123-img-1_jpg.rf.f8302a326b26f14b3434e695bb179de9.jpg,healthy::123,healthy,123,0,False,,False,False,False
train,Healthy-123-img-2_jpg.rf.7aaa02004684fc8ba64ae3a735a6b08d.jpg,healthy::123,healthy,123,0,False,,False,False,False
train,Healthy-123-img-3_jpg.rf.60eb81dd4c59ae1b8505c04e26df5dff.jpg,healthy::123,healthy,123,0,False,,False,False,False
train,Healthy-124-img-1_jpg.rf.985ac6813e4ef916ed66c035aa0b7592.jpg,healthy::124,healthy,124,0,False,,False,False,False
train,Healthy-124-img-2_jpg.rf.8927f5e05ab67a70e51316a7bec31ccb.jpg,healthy::124,healthy,124,0,False,,False,False,False
train,Healthy-124-img-3_jpg.rf.8e22c7049ce3c85c7eeea5d2146aa8ed.jpg,healthy::124,healthy,124,0,False,,False,False,False
train,Healthy-125-img-1_jpg.rf.03c9e00a5a4e508a1ef708cede21ef64.jpg,healthy::125,healthy,125,0,False,,False,False,False
train,Healthy-125-img-3_jpg.rf.7647da64bfafaf943f4be3eedd18ba80.jpg,healthy::125,healthy,125,0,False,,False,False,False
train,Healthy-126-img-2_jpg.rf.5552fbbbd9663b1f8b7bfa97e6ca24a8.jpg,healthy::126,healthy,126,0,False,,False,False,False
train,Healthy-126-img-3_jpg.rf.4a2ad1e8106316c10425ec489582559b.jpg,healthy::126,healthy,126,0,False,,False,False,False
train,Healthy-127-img-1_jpg.rf.3e4ce73963818372bfb6be308e8954d6.jpg,healthy::127,healthy,127,0,False,,False,False,False
train,Healthy-127-img-2_jpg.rf.a74b01e34c20516d95674268b286790b.jpg,healthy::127,healthy,127,0,False,,False,False,False
train,Healthy-127-img-3_jpg.rf.31dbe9fe80f6b95be33f902a1d234d86.jpg,healthy::127,healthy,127,0,False,,False,False,False
train,Healthy-128-img-1_jpg.rf.669bd6c05a39b73a79b8b655048dc3b6.jpg,healthy::128,healthy,128,0,False,,False,False,False
train,Healthy-128-img-3_jpg.rf.1de9f8016a814ad545c28b8f1dd84aa4.jpg,healthy::128,healthy,128,0,False,,False,False,False
train,Healthy-129-img-1_jpg.rf.be5fbea0c13fa287e7ef4630cc77a69d.jpg,healthy::129,healthy,129,0,False,,False,False,False
train,Healthy-129-img-2_jpg.rf.d9d93a654567e5c0ecefe4cfdbc9ee9a.jpg,healthy::129,healthy,129,0,False,,False,False,False
train,Healthy-129-img-3_jpg.rf.9738afd8e1744c083389f313377a060d.jpg,healthy::129,healthy,129,0,False,,False,False,False
train,Healthy-13-img-1_jpg.rf.ccd870b9c804e67b0f1a05ee7d5705b6.jpg,healthy::13,healthy,13,0,False,,False,False,False
train,Healthy-13-img-2_jpg.rf.f37b7f079a54171ef84ab9e0c7afccbb.jpg,healthy::13,healthy,13,0,False,,False,False,False
train,Healthy-13-img-3_jpg.rf.ec7976d3a53a5495507965eb7b725768.jpg,healthy::13,healthy,13,0,False,,False,False,False
train,Healthy-130-img-1_jpg.rf.2715e85e0a620e180c92cfcad9814f24.jpg,healthy::130,healthy,130,0,False,,False,False,False
train,Healthy-130-img-2_jpg.rf.0d385324354751697e2a99136e5ea979.jpg,healthy::130,healthy,130,0,False,,False,False,False
train,Healthy-130-img-3_jpg.rf.8c499c0403ca67f19af5bce3bd2be026.jpg,healthy::130,healthy,130,0,False,,False,False,False
train,Healthy-131-img-1_jpg.rf.84c0f68a16f87bfe0f7e26fe9d92ca38.jpg,healthy::131,healthy,131,0,False,,False,False,False
train,Healthy-131-img-2_jpg.rf.f4540e25cce9bfbd7880439baff7474c.jpg,healthy::131,healthy,131,0,False,,False,False,False
train,Healthy-131-img-3_jpg.rf.aa6ad6d7082a288496c118324330443f.jpg,healthy::131,healthy,131,0,False,,False,False,False
train,Healthy-132-img-1_jpg.rf.562ac8a8c4972cbda446517d4d712879.jpg,healthy::132,healthy,132,0,False,,False,False,False
train,Healthy-132-img-2_jpg.rf.aef77a1d7ab8c3c4127f1e1c0aa45e41.jpg,healthy::132,healthy,132,0,False,,False,False,False
train,Healthy-132-img-3_jpg.rf.c87d2d0f35698b636a0fc906bb1fe5d8.jpg,healthy::132,healthy,132,0,False,,False,False,False
train,Healthy-133-img-1_jpg.rf.6782664ade7d9f8fcd27909205b16842.jpg,healthy::133,healthy,133,0,False,,False,False,False
train,Healthy-133-img-2_jpg.rf.c79a6623b097592bbd6282670003ae5a.jpg,healthy::133,healthy,133,0,False,,False,False,False
train,Healthy-133-img-3_jpg.rf.a0cc79444523c08a43878b93688aa04f.jpg,healthy::133,healthy,133,0,False,,False,False,False
train,Healthy-134-img-1_jpg.rf.d4a1f4fded21e0b761c0206eb6a58d17.jpg,healthy::134,healthy,134,0,False,,False,False,False
train,Healthy-135-img-1_jpg.rf.63314e2b4a4fcdb7d3c83b3bf6101b88.jpg,healthy::135,healthy,135,0,False,,False,False,False
train,Healthy-135-img-2_jpg.rf.e1c8703e3d837dbb10bd7007ee2779d4.jpg,healthy::135,healthy,135,0,False,,False,False,False
train,Healthy-135-img-3_jpg.rf.7872d76184e606df37159e9e4426187c.jpg,healthy::135,healthy,135,0,False,,False,False,False
train,Healthy-136-img-3_jpg.rf.cf2f2c8821f81d042b5a6f917b458031.jpg,healthy::136,healthy,136,0,False,,False,False,False
train,Healthy-137-img-1_jpg.rf.a4fc671119d04708770a9c442b33175a.jpg,healthy::137,healthy,137,0,False,,False,False,False
train,Healthy-137-img-2_jpg.rf.4d0c127f7d1e3c81b6eccbdfb7104322.jpg,healthy::137,healthy,137,0,False,,False,False,False
train,Healthy-138-img-1_jpg.rf.2ddae488dc045e8985cdef755b0aaaf6.jpg,healthy::138,healthy,138,0,False,,False,False,False
train,Healthy-138-img-2_jpg.rf.0c0d1a2cd9a80650d313eb76a61ddbca.jpg,healthy::138,healthy,138,0,False,,False,False,False
train,Healthy-139-img-2_jpg.rf.f348c553d2d92c05eb84ef01b79c6c15.jpg,healthy::139,healthy,139,0,False,,False,False,False
train,Healthy-139-img-3_jpg.rf.ff13ce395fd23eb405f34c176681de70.jpg,healthy::139,healthy,139,0,False,,False,False,False
train,Healthy-14-img-1_jpg.rf.2f7d0ae68a96a2d31c227ec28adc5298.jpg,healthy::14,healthy,14,0,False,,False,False,False
train,Healthy-14-img-3_jpg.rf.505437300bda96097e930f04c87ddc25.jpg,healthy::14,healthy,14,0,False,,False,False,False
train,Healthy-140-img-3_jpg.rf.cfa00cd6e2d8eee3369734ecec096670.jpg,healthy::140,healthy,140,0,False,,False,False,False
train,Healthy-141-img-1_jpg.rf.4fe42c3131670a1a1388db2c94f7c335.jpg,healthy::141,healthy,141,0,False,,False,False,False
train,Healthy-141-img-2_jpg.rf.419dc4c8a94a87f3a488ee29202a9356.jpg,healthy::141,healthy,141,0,False,,False,False,False
train,Healthy-142-img-1_jpg.rf.72e87c818e699522245cfea8fccc9344.jpg,healthy::142,healthy,142,0,False,,False,False,False
train,Healthy-142-img-2_jpg.rf.da0b16df336a39654a04d60f55159de3.jpg,healthy::142,healthy,142,0,False,,False,False,False
train,Healthy-142-img-3_jpg.rf.61878f554ee03f93568dc84506ecd0ab.jpg,healthy::142,healthy,142,0,False,,False,False,False
train,Healthy-15-img-1_jpg.rf.eb95d12d4b22bdecc9faa0df96c07118.jpg,healthy::15,healthy,15,0,False,,False,False,False
train,Healthy-15-img-2_jpg.rf.eac23616d901dfe1764cf474401dd204.jpg,healthy::15,healthy,15,0,False,,False,False,False
train,Healthy-15-img-3_jpg.rf.7ca366ad47f17383fac0ab5b956ffc53.jpg,healthy::15,healthy,15,0,False,,False,False,False
train,Healthy-16-img-1_jpg.rf.ea763895fdf04b763d931df4a2aebde8.jpg,healthy::16,healthy,16,0,False,,False,False,False
train,Healthy-16-img-3_jpg.rf.f9f242e60e0a19644459c8e430138d4f.jpg,healthy::16,healthy,16,0,False,,False,False,False
train,Healthy-17-img-1_jpg.rf.b74e14d17559d0c58304a1956154661f.jpg,healthy::17,healthy,17,0,False,,False,False,False
train,Healthy-17-img-2_jpg.rf.6a04f9da0b5f4b2a9294b33841b55a86.jpg,healthy::17,healthy,17,0,False,,False,False,False
train,Healthy-18-img-1_jpg.rf.e7df3ac3f8004f3eebe2fa10296737dc.jpg,healthy::18,healthy,18,0,False,,False,False,False
train,Healthy-18-img-2_jpg.rf.bdffea0dd98f82dc6897c29663872912.jpg,healthy::18,healthy,18,0,False,,False,False,False
train,Healthy-18-img-3_jpg.rf.55f26bddce95328fbac323970bc61935.jpg,healthy::18,healthy,18,0,False,,False,False,False
train,Healthy-19-img-1_jpg.rf.1e98e4f1d27756808e47f1419405bd02.jpg,healthy::19,healthy,19,0,False,,False,False,False
train,Healthy-19-img-2_jpg.rf.2c7a387ddaaa4e78ef0efff34f77cd8d.jpg,healthy::19,healthy,19,0,False,,False,False,False
train,Healthy-19-img-3_jpg.rf.e847a87a1e76b32d7bf481b446270daa.jpg,healthy::19,healthy,19,0,False,,False,False,False
train,Healthy-2-img-1_jpg.rf.9d9bd463d7a5ead8896b96e32d816013.jpg,healthy::2,healthy,2,0,False,,False,False,False
train,Healthy-2-img-2_jpg.rf.864982ed05aa06b4173ae14a144c661e.jpg,healthy::2,healthy,2,0,False,,False,False,False
train,Healthy-2-img-3_jpg.rf.124549d5f1644245a88addbe87dc526c.jpg,healthy::2,healthy,2,0,False,,False,False,False
train,Healthy-20-img-1_jpg.rf.85a9403540aa390d4f1c8da7bb03c291.jpg,healthy::20,healthy,20,0,False,,False,False,False
train,Healthy-20-img-2_jpg.rf.17880ef54ae27983f601c084bde98969.jpg,healthy::20,healthy,20,0,False,,False,False,False
train,Healthy-20-img-3_jpg.rf.48616b19d937e7a1ed6154e43ae43b64.jpg,healthy::20,healthy,20,0,False,,False,False,False
train,Healthy-21-img-1_jpg.rf.3faa0b4dc154e5cc826c004cf69a5f35.jpg,healthy::21,healthy,21,0,False,,False,False,False
train,Healthy-22-img-1_jpg.rf.888f34e972f8670b46568dc4ba2e4299.jpg,healthy::22,healthy,22,0,False,,False,False,False
train,Healthy-24-img-1_jpg.rf.2d9528a8cb2c07cc6030bf13bd36f8f6.jpg,healthy::24,healthy,24,0,False,,False,False,False
train,Healthy-25-img-1_jpg.rf.3b79f8803f914b62e319a77aa21311c1.jpg,healthy::25,healthy,25,0,False,,False,False,False
train,Healthy-25-img-2_jpg.rf.6b6974cd56e31aec71c84311412857c5.jpg,healthy::25,healthy,25,0,False,,False,False,False
train,Healthy-25-img-3_jpg.rf.0e7c524936a2429937890724df6fd3b8.jpg,healthy::25,healthy,25,0,False,,False,False,False
train,Healthy-26-img-1_jpg.rf.38e348e46de5ec3f06ea73d132296de0.jpg,healthy::26,healthy,26,0,False,,False,False,False
train,Healthy-27-img-1_jpg.rf.a7863445dfd744d84940285b4a863626.jpg,healthy::27,healthy,27,0,False,,False,False,False
train,Healthy-27-img-2_jpg.rf.77c2066f7909ae88551a238eb43159ee.jpg,healthy::27,healthy,27,0,False,,False,False,False
train,Healthy-27-img-3_jpg.rf.30228541784922c5200982d947cabfae.jpg,healthy::27,healthy,27,0,False,,False,False,False
train,Healthy-28-img-1_jpg.rf.eb94f1fe707e55225d9dfa0612a0524e.jpg,healthy::28,healthy,28,0,False,,False,False,False
train,Healthy-28-img-2_jpg.rf.ce5bb93a5c86ebb0c398736386cf019b.jpg,healthy::28,healthy,28,0,False,,False,False,False
train,Healthy-28-img-3_jpg.rf.c9b3a85dca2003a1fe9d0228c5c66f24.jpg,healthy::28,healthy,28,0,False,,False,False,False
train,Healthy-29-img-1_jpg.rf.845171f650ada025991b27bab5868bfc.jpg,healthy::29,healthy,29,0,False,,False,False,False
train,Healthy-29-img-2_jpg.rf.43a3e8cc28131a12f9498021d5be6194.jpg,healthy::29,healthy,29,0,False,,False,False,False
train,Healthy-29-img-3_jpg.rf.b1f32e16c48321f747084f26efb149ba.jpg,healthy::29,healthy,29,0,False,,False,False,False
train,Healthy-3-img-1_jpg.rf.b9275945aab72c9ea2b5a08717cfb0ee.jpg,healthy::3,healthy,3,0,False,,False,False,False
train,Healthy-3-img-3_jpg.rf.99d28fa69a6f5074d1417fa0e8aea378.jpg,healthy::3,healthy,3,0,False,,False,False,False
train,Healthy-30-img-1_jpg.rf.962e08455901716eaba1805c7563829f.jpg,healthy::30,healthy,30,0,False,,False,False,False
train,Healthy-31-img-1_jpg.rf.9e0b462006efe5f1efaf5c78dee585c2.jpg,healthy::31,healthy,31,0,False,,False,False,False
train,Healthy-31-img-2_jpg.rf.1ebd62d7a277f675c95c17c8403938d7.jpg,healthy::31,healthy,31,0,False,,False,False,False
train,Healthy-31-img-3_jpg.rf.451627a8d70fe084c7485dbeae57ff61.jpg,healthy::31,healthy,31,0,False,,False,False,False
train,Healthy-32-img-1_jpg.rf.a2040a283eba2ff0ce334d9b5b9efbe2.jpg,healthy::32,healthy,32,0,False,,False,False,False
train,Healthy-32-img-2_jpg.rf.2db3bf9a7f53ef014f94c089dddd7329.jpg,healthy::32,healthy,32,0,False,,False,False,False
train,Healthy-32-img-3_jpg.rf.b8c2755afeb873e00e74dbf953046f77.jpg,healthy::32,healthy,32,0,False,,False,False,False
train,Healthy-33-img-1_jpg.rf.dbd8ed56ab1c05366e27d4e750dd86df.jpg,healthy::33,healthy,33,0,False,,False,False,False
train,Healthy-33-img-2_jpg.rf.16889307e800c6cd74e08f6e30610af5.jpg,healthy::33,healthy,33,0,False,,False,False,False
train,Healthy-34-img-1_jpg.rf.5dab41452cd2c0a05f0a9647c2c9bbbd.jpg,healthy::34,healthy,34,0,False,,False,False,False
train,Healthy-34-img-2_jpg.rf.8099e526cbcc9ee2232c9574db979f67.jpg,healthy::34,healthy,34,0,False,,False,False,False
train,Healthy-34-img-3_jpg.rf.72320c602cfe25d043971c04e9f208d0.jpg,healthy::34,healthy,34,0,False,,False,False,False
train,Healthy-35-img-1_jpg.rf.496fa905ae6ab080109c26a35168880d.jpg,healthy::35,healthy,35,0,False,,False,False,False
train,Healthy-35-img-2_jpg.rf.96df815a7bbd116ccdf5b5e46c2d5ce8.jpg,healthy::35,healthy,35,0,False,,False,False,False
train,Healthy-35-img-3_jpg.rf.7f867343a1842e9c01339cb3fadceff1.jpg,healthy::35,healthy,35,0,False,,False,False,False
train,Healthy-36-img-1_jpg.rf.38b64a5c893bb9e2c33a3d6d7d753f5d.jpg,healthy::36,healthy,36,0,False,,False,False,False
train,Healthy-36-img-2_jpg.rf.b2ef34b8cc38b3bc5c75b8b962b67360.jpg,healthy::36,healthy,36,0,False,,False,False,False
train,Healthy-36-img-3_jpg.rf.c3e6a0ebc1df3a2e632ee27ffe931e50.jpg,healthy::36,healthy,36,0,False,,False,False,False
train,Healthy-37-img-1_jpg.rf.dfba5f03a23e350d51447b707874d780.jpg,healthy::37,healthy,37,0,False,,False,False,False
train,Healthy-37-img-2_jpg.rf.ecebc4870da88712d20fcb7b35dddc11.jpg,healthy::37,healthy,37,0,False,,False,False,False
train,Healthy-37-img-3_jpg.rf.71852b113d3de93e83a553a4063f55ea.jpg,healthy::37,healthy,37,0,False,,False,False,False
train,Healthy-38-img-1_jpg.rf.5fba56a1b7d76b07b30cc0f75a987409.jpg,healthy::38,healthy,38,0,False,,False,False,False
train,Healthy-39-img-1_jpg.rf.55205de6adada2769e91f93bd3a18bc0.jpg,healthy::39,healthy,39,0,False,,False,False,False
train,Healthy-39-img-2_jpg.rf.29a4b97b4fef054f1e7a110a29590007.jpg,healthy::39,healthy,39,0,False,,False,False,False
train,Healthy-39-img-3_jpg.rf.80be8a1af4d1b7e5c8af61610503be8d.jpg,healthy::39,healthy,39,0,False,,False,False,False
train,Healthy-4-img-1_jpg.rf.973213a4c726b03115ec539f7b235c7a.jpg,healthy::4,healthy,4,0,False,,False,False,False
train,Healthy-4-img-2_jpg.rf.25a81aede0c34ea948d4c2196cc654c5.jpg,healthy::4,healthy,4,0,False,,False,False,False
train,Healthy-4-img-3_jpg.rf.61d8549ecdbde37d5b5e5bb89cdb76a7.jpg,healthy::4,healthy,4,0,False,,False,False,False
train,Healthy-40-img-1_jpg.rf.26c1d17ce6676fac8b440291ee8ce970.jpg,healthy::40,healthy,40,0,False,,False,False,False
train,Healthy-40-img-2_jpg.rf.3d51cfc2c5de8972821e9b95fb5b44b6.jpg,healthy::40,healthy,40,0,False,,False,False,False
train,Healthy-40-img-3_jpg.rf.935cb96e1d89e5f791734c997107a92d.jpg,healthy::40,healthy,40,0,False,,False,False,False
train,Healthy-41-img-1_jpg.rf.8ad10e78c4c74e5360ccf1de06f3aba2.jpg,healthy::41,healthy,41,0,False,,False,False,False
train,Healthy-42-img-1_jpg.rf.968bdd8162da140c8f43a6ec651c4947.jpg,healthy::42,healthy,42,0,False,,False,False,False
train,Healthy-42-img-2_jpg.rf.a437a7210cdc101a46a3941ec168047a.jpg,healthy::42,healthy,42,0,False,,False,False,False
train,Healthy-42-img-3_jpg.rf.81f141774189315fc7b8f7a095919b97.jpg,healthy::42,healthy,42,0,False,,False,False,False
train,Healthy-43-img-1_jpg.rf.a2754044f13be16f24e7daa256843b7f.jpg,healthy::43,healthy,43,0,False,,False,False,False
train,Healthy-43-img-2_jpg.rf.5e4cd27fa41d39d88c36e69bbbc5ee50.jpg,healthy::43,healthy,43,0,False,,False,False,False
train,Healthy-43-img-3_jpg.rf.8666a98a2815b4450800529c8c5f0824.jpg,healthy::43,healthy,43,0,False,,False,False,False
train,Healthy-44-img-1_jpg.rf.ee5ffc2477bd0650797d7c67b365433c.jpg,healthy::44,healthy,44,0,False,,False,False,False
train,Healthy-44-img-2_jpg.rf.8440a3ad978e76f95d9d785fd7cc7e47.jpg,healthy::44,healthy,44,0,False,,False,False,False
train,Healthy-44-img-3_jpg.rf.2530b2448e1897698a54d1ae9a32e5b0.jpg,healthy::44,healthy,44,0,False,,False,False,False
train,Healthy-45-img-1_jpg.rf.fc407a63effca80bb2005b9fd4de923a.jpg,healthy::45,healthy,45,0,False,,False,False,False
train,Healthy-45-img-3_jpg.rf.c5ab4e29a3f58c7f3aa51c5e0664f8f1.jpg,healthy::45,healthy,45,0,False,,False,False,False
train,Healthy-46-img-1_jpg.rf.5b3e87faba4f477fd1943c0d2948b248.jpg,healthy::46,healthy,46,0,False,,False,False,False
train,Healthy-47-img-1_jpg.rf.4c76423531ba63d463896220dffee28e.jpg,healthy::47,healthy,47,0,False,,False,False,False
train,Healthy-47-img-3_jpg.rf.9b811084ac3f0fa6bbb06cc3573784db.jpg,healthy::47,healthy,47,0,False,,False,False,False
train,Healthy-48-img-1_jpg.rf.505b07b4247a1ace50a2afcc03b2b412.jpg,healthy::48,healthy,48,0,False,,False,False,False
train,Healthy-48-img-2_jpg.rf.966a1d55b233ee553ba8afc123e72566.jpg,healthy::48,healthy,48,0,False,,False,False,False
train,Healthy-48-img-3_jpg.rf.ba712da8b1b77155f05bd6b8180d4e3a.jpg,healthy::48,healthy,48,0,False,,False,False,False
train,Healthy-49-img-2_jpg.rf.304b65cdc93f4ab16e32ffa2952fc220.jpg,healthy::49,healthy,49,0,False,,False,False,False
train,Healthy-49-img-3_jpg.rf.8ac254f0101c5a67c0228e145e00ded3.jpg,healthy::49,healthy,49,0,False,,False,False,False
train,Healthy-5-img-1_jpg.rf.58bc8696ff1822b1a24786733ab0ce7a.jpg,healthy::5,healthy,5,0,False,,False,False,False
train,Healthy-5-img-2_jpg.rf.c7b141c78bf97e930b22b14bbe4fef46.jpg,healthy::5,healthy,5,0,False,,False,False,False
train,Healthy-5-img-3_jpg.rf.044880a4677a3d1161cb4a4a9c020f45.jpg,healthy::5,healthy,5,0,False,,False,False,False
train,Healthy-50-img-1_jpg.rf.c90008eb9c2e83622b2d764f8266fcf6.jpg,healthy::50,healthy,50,0,False,,False,False,False
train,Healthy-51-img-2_jpg.rf.60345becf8bc72881e59a31ab686bea0.jpg,healthy::51,healthy,51,0,False,,False,False,False
train,Healthy-52-img-1_jpg.rf.2e485b48b4181d1971e6d9b0ba4a2111.jpg,healthy::52,healthy,52,0,False,,False,False,False
train,Healthy-52-img-2_jpg.rf.85e0ec7390014f7a02b62cb4d9db3642.jpg,healthy::52,healthy,52,0,False,,False,False,False
train,Healthy-52-img-3_jpg.rf.56fca9e12ade6e0898597c7e1912398d.jpg,healthy::52,healthy,52,0,False,,False,False,False
train,Healthy-53-img-1_jpg.rf.54ebdc3e11582a8eebf6c71ccb8d9690.jpg,healthy::53,healthy,53,0,False,,False,False,False
train,Healthy-53-img-2_jpg.rf.29cdacf43768a737bb90983ee8ab30db.jpg,healthy::53,healthy,53,0,False,,False,False,False
train,Healthy-54-img-2_jpg.rf.b4ff4a57b30f67b3a2df5bb1cadb6b53.jpg,healthy::54,healthy,54,0,False,,False,False,False
train,Healthy-55-img-1_jpg.rf.d623416cce97617ec83636d1b8e67a4a.jpg,healthy::55,healthy,55,0,False,,False,False,False
train,Healthy-55-img-2_jpg.rf.ad21c82e94754ffb3a4edcd7d4fcc28f.jpg,healthy::55,healthy,55,0,False,,False,False,False
train,Healthy-55-img-3_jpg.rf.d3f167d18f4084186d44ae3b368579ea.jpg,healthy::55,healthy,55,0,False,,False,False,False
train,Healthy-56-img-2_jpg.rf.181fb8a24ddce61a1f21a171fca4953c.jpg,healthy::56,healthy,56,0,False,,False,False,False
train,Healthy-56-img-3_jpg.rf.c5b5d26ab3b8cb8df87ee787cbde0a12.jpg,healthy::56,healthy,56,0,False,,False,False,False
train,Healthy-57-img-1_jpg.rf.e4fb141d6f9815f1ac3ff5dcd0c6ce53.jpg,healthy::57,healthy,57,0,False,,False,False,False
train,Healthy-57-img-3_jpg.rf.4acd67d8b6e6e1ab32841209cbbb8f4d.jpg,healthy::57,healthy,57,0,False,,False,False,False
train,Healthy-58-img-1_jpg.rf.f267061bfa8e64e0492cf2a847249d67.jpg,healthy::58,healthy,58,0,False,,False,False,False
train,Healthy-58-img-3_jpg.rf.0d459b8f7a7c92d69de12c3e8c09cce5.jpg,healthy::58,healthy,58,0,False,,False,False,False
train,Healthy-59-img-1_jpg.rf.8abce86b01b0aa3530b9d7c2536bfbec.jpg,healthy::59,healthy,59,0,False,,False,False,False
train,Healthy-59-img-2_jpg.rf.e66308a634d27c8c7656e79760202388.jpg,healthy::59,healthy,59,0,False,,False,False,False
train,Healthy-59-img-3_jpg.rf.cf52fd72672abec2b296fb7b9bcdaac7.jpg,healthy::59,healthy,59,0,False,,False,False,False
train,Healthy-6-img-1_jpg.rf.0ebbbe4a93160a5be8ad43615790f2b2.jpg,healthy::6,healthy,6,0,False,,False,False,False
train,Healthy-6-img-2_jpg.rf.dafe43298b2d57b4ec79abe08696c0b7.jpg,healthy::6,healthy,6,0,False,,False,False,False
train,Healthy-60-img-1_jpg.rf.9c8e2c589562e64822de9537fa6955a5.jpg,healthy::60,healthy,60,0,False,,False,False,False
train,Healthy-60-img-2_jpg.rf.d4007ca3ff249fbe014a48aec7fa9e39.jpg,healthy::60,healthy,60,0,False,,False,False,False
train,Healthy-60-img-3_jpg.rf.df412d9cb94412b748d5355d88467e7a.jpg,healthy::60,healthy,60,0,False,,False,False,False
train,Healthy-61-img-1_jpg.rf.cbd648e2ab12d2adedb7f9739a571505.jpg,healthy::61,healthy,61,0,False,,False,False,False
train,Healthy-61-img-2_jpg.rf.e5983eae5c986c1b842cc40bf9006cc3.jpg,healthy::61,healthy,61,0,False,,False,False,False
train,Healthy-61-img-3_jpg.rf.bf7fa2d9ec23c7277f75e14605bdaae8.jpg,healthy::61,healthy,61,0,False,,False,False,False
train,Healthy-62-img-1_jpg.rf.4cb9e2dc431ac9565412502bdd4bf48c.jpg,healthy::62,healthy,62,0,False,,False,False,False
train,Healthy-62-img-3_jpg.rf.3af9fd8c9011b7b3f6edce1b7805cb38.jpg,healthy::62,healthy,62,0,False,,False,False,False
train,Healthy-63-img-2_jpg.rf.09529ce798e87ad7ea15d51c416e086a.jpg,healthy::63,healthy,63,0,False,,False,False,False
train,Healthy-63-img-3_jpg.rf.b1ca4310887e7374ea67afd661aebbce.jpg,healthy::63,healthy,63,0,False,,False,False,False
train,Healthy-64-img-1_jpg.rf.c27529dee3dac6f0330f257aea04423d.jpg,healthy::64,healthy,64,0,False,,False,False,False
train,Healthy-64-img-2_jpg.rf.7edfc5df124936f9ce102a1bf3993192.jpg,healthy::64,healthy,64,0,False,,False,False,False
train,Healthy-64-img-3_jpg.rf.cbfa904d84ecfabb37584cc298a977f8.jpg,healthy::64,healthy,64,0,False,,False,False,False
train,Healthy-65-img-1_jpg.rf.c860ff236161ce0d835badb857658b7d.jpg,healthy::65,healthy,65,0,False,,False,False,False
train,Healthy-65-img-2_jpg.rf.c48bdb2642c756e5e03ad38ad1cef4fa.jpg,healthy::65,healthy,65,0,False,,False,False,False
train,Healthy-65-img-3_jpg.rf.a9a50ee9b6751f42933e40ace0725ceb.jpg,healthy::65,healthy,65,0,False,,False,False,False
train,Healthy-66-img-1_jpg.rf.c04f103c9ea15ac90faa10f0cae80fe3.jpg,healthy::66,healthy,66,0,False,,False,False,False
train,Healthy-66-img-2_jpg.rf.6b8a6175cdd39d3b2d33dd79d5c0b5ee.jpg,healthy::66,healthy,66,0,False,,False,False,False
train,Healthy-67-img-1_jpg.rf.05ba4a3e53fedc6661def79a14510a69.jpg,healthy::67,healthy,67,0,False,,False,False,False
train,Healthy-67-img-2_jpg.rf.bd00e9f55bbe74f33d3bb5060628f585.jpg,healthy::67,healthy,67,0,False,,False,False,False
train,Healthy-68-img-2_jpg.rf.d4c4959a6c7032d48edf9e96ba43cbca.jpg,healthy::68,healthy,68,0,False,,False,False,False
train,Healthy-69-img-1_jpg.rf.e3c7f2892142c9f2c3a36f5d610291e9.jpg,healthy::69,healthy,69,0,False,,False,False,False
train,Healthy-69-img-2_jpg.rf.bc2d70f758d1802379d52e6aa6ceb885.jpg,healthy::69,healthy,69,0,False,,False,False,False
train,Healthy-7-img-1_jpg.rf.a7f43a5491740b72ac731485bfe16a06.jpg,healthy::7,healthy,7,0,False,,False,False,False
train,Healthy-7-img-2_jpg.rf.b355a24983ce7cf921b1a94744c4026c.jpg,healthy::7,healthy,7,0,False,,False,False,False
train,Healthy-7-img-3_jpg.rf.76bb1c49e60ac58a2170e3be4aa83042.jpg,healthy::7,healthy,7,0,False,,False,False,False
train,Healthy-70-img-1_jpg.rf.2650df5d4c41e55f84fb304ed26171f3.jpg,healthy::70,healthy,70,0,False,,False,False,False
train,Healthy-70-img-2_jpg.rf.50912d5e6777adaa942c19a72e531ee5.jpg,healthy::70,healthy,70,0,False,,False,False,False
train,Healthy-70-img-3_jpg.rf.f398f1cd758eee6c5c76338cfcf0be03.jpg,healthy::70,healthy,70,0,False,,False,False,False
train,Healthy-71-img-1_jpg.rf.7cdcc53ee8ebe9ce4f2dc9150b1e00af.jpg,healthy::71,healthy,71,0,False,,False,False,False
train,Healthy-71-img-2_jpg.rf.da55f2653ce39ae831db829d144fe4eb.jpg,healthy::71,healthy,71,0,False,,False,False,False
train,Healthy-72-img-1_jpg.rf.616e5df5a36caa9f8392e230d2342575.jpg,healthy::72,healthy,72,0,False,,False,False,False
train,Healthy-72-img-2_jpg.rf.fd971d681a5fbaf56484f2ca327de60f.jpg,healthy::72,healthy,72,0,False,,False,False,False
train,Healthy-72-img-3_jpg.rf.ba124ede681618a0df218cf74d5be782.jpg,healthy::72,healthy,72,0,False,,False,False,False
train,Healthy-73-img-1_jpg.rf.ea9f63e858f682f8352c544401298b6b.jpg,healthy::73,healthy,73,0,False,,False,False,False
train,Healthy-73-img-2_jpg.rf.6aba811b234a2372a21d645206ea2c25.jpg,healthy::73,healthy,73,0,False,,False,False,False
train,Healthy-73-img-3_jpg.rf.98b0575408c0ea1388e21a5806dbe27c.jpg,healthy::73,healthy,73,0,False,,False,False,False
train,Healthy-74-img-1_jpg.rf.5b3a42504e30e4791a230f3885c2f252.jpg,healthy::74,healthy,74,0,False,,False,False,False
train,Healthy-74-img-2_jpg.rf.5ca090ded4d7f05a0539b993a841f770.jpg,healthy::74,healthy,74,0,False,,False,False,False
train,Healthy-74-img-3_jpg.rf.27d9f35343557b30aa2514d1af162629.jpg,healthy::74,healthy,74,0,False,,False,False,False
train,Healthy-75-img-1_jpg.rf.07917d50d97cfe92cc343b800ad40adf.jpg,healthy::75,healthy,75,0,False,,False,False,False
train,Healthy-75-img-2_jpg.rf.f25e1f6554ccc6656a9a16be77d93bee.jpg,healthy::75,healthy,75,0,False,,False,False,False
train,Healthy-76-img-1_jpg.rf.290a6bf7d476ee1ccb08c8679fec5b4f.jpg,healthy::76,healthy,76,0,False,,False,False,False
train,Healthy-76-img-2_jpg.rf.e27f0ca0d6f10d6f8ed87e9bc4fe35b9.jpg,healthy::76,healthy,76,0,False,,False,False,False
train,Healthy-77-img-1_jpg.rf.8b18f490c8205a596cb0c95b95e332cc.jpg,healthy::77,healthy,77,0,False,,False,False,False
train,Healthy-77-img-2_jpg.rf.ef1282b22d97f9f5bf01904c3fbe27ee.jpg,healthy::77,healthy,77,0,False,,False,False,False
train,Healthy-77-img-3_jpg.rf.076afab01f8448ad870a74925cf5e290.jpg,healthy::77,healthy,77,0,False,,False,False,False
train,Healthy-78-img-1_jpg.rf.330e36589d57e31cfa5a8202c9637733.jpg,healthy::78,healthy,78,0,False,,False,False,False
train,Healthy-78-img-2_jpg.rf.a3b2cf1f57a7640088ed8102fa91aac2.jpg,healthy::78,healthy,78,0,False,,False,False,False
train,Healthy-78-img-3_jpg.rf.a198dc1ca7e49b8e02c29ed16e2b0afb.jpg,healthy::78,healthy,78,0,False,,False,False,False
train,Healthy-79-img-1_jpg.rf.61cecc18d8f371a613f6b96599456de2.jpg,healthy::79,healthy,79,0,False,,False,False,False
train,Healthy-79-img-2_jpg.rf.b262e6c28db9c00d729ca7c435e7a3fe.jpg,healthy::79,healthy,79,0,False,,False,False,False
train,Healthy-81-img-1_jpg.rf.7006312fbe9a2fe407954f645515df48.jpg,healthy::81,healthy,81,0,False,,False,False,False
train,Healthy-82-img-1_jpg.rf.a15f73f1185596db25aeb3cedc440fc9.jpg,healthy::82,healthy,82,0,False,,False,False,False
train,Healthy-82-img-3_jpg.rf.62551ff52178b408b639aec6faeea2af.jpg,healthy::82,healthy,82,0,False,,False,False,False
train,Healthy-83-img-1_jpg.rf.8ebd36cffba25d757315238ee7cd9345.jpg,healthy::83,healthy,83,0,False,,False,False,False
train,Healthy-83-img-2_jpg.rf.88ba4c8d16a11d48e9eaf30c2c087c93.jpg,healthy::83,healthy,83,0,False,,False,False,False
train,Healthy-84-img-1_jpg.rf.026da6b6aa999e92652a91c4fb12c894.jpg,healthy::84,healthy,84,0,False,,False,False,False
train,Healthy-84-img-2_jpg.rf.fadeb1abb8db197a01fa0344dd0ba307.jpg,healthy::84,healthy,84,0,False,,False,False,False
train,Healthy-84-img-3_jpg.rf.3e98b7c5d54e173e76f2adc040afe5fa.jpg,healthy::84,healthy,84,0,False,,False,False,False
train,Healthy-85-img-1_jpg.rf.0e05810247713a2006ce56c71f85dda5.jpg,healthy::85,healthy,85,0,False,,False,False,False
train,Healthy-85-img-2_jpg.rf.48e776148cfb1b7cf50d57201d968acd.jpg,healthy::85,healthy,85,0,False,,False,False,False
train,Healthy-85-img-3_jpg.rf.2e0f599be0d68443ee384391bac57d8a.jpg,healthy::85,healthy,85,0,False,,False,False,False
train,Healthy-86-img-1_jpg.rf.dba80f6c071895e3f4d03b097bdbed9e.jpg,healthy::86,healthy,86,0,False,,False,False,False
train,Healthy-86-img-2_jpg.rf.855e1e5f31e6c59f54db5ffbe66793a7.jpg,healthy::86,healthy,86,0,False,,False,False,False
train,Healthy-86-img-3_jpg.rf.8258d676bf81cd2560a8d4374226b82c.jpg,healthy::86,healthy,86,0,False,,False,False,False
train,Healthy-87-img-3_jpg.rf.b2190b79e94bb0acd8e2d7461c1495e3.jpg,healthy::87,healthy,87,0,False,,False,False,False
train,Healthy-88-img-1_jpg.rf.a1eb7d86ba09f9be5f237d1c4aae2ddc.jpg,healthy::88,healthy,88,0,False,,False,False,False
train,Healthy-88-img-2_jpg.rf.3fce6c9ce3fec34ff71394233b640049.jpg,healthy::88,healthy,88,0,False,,False,False,False
train,Healthy-89-img-1_jpg.rf.9f4b593b9d0a615336b3c41b5a1c73da.jpg,healthy::89,healthy,89,0,False,,False,False,False
train,Healthy-89-img-3_jpg.rf.2d072a1f4e2e70565fdbac1a3e7c3a2d.jpg,healthy::89,healthy,89,0,False,,False,False,False
train,Healthy-9-img-1_jpg.rf.787c68102d1b806c4adfbee3a8d141f4.jpg,healthy::9,healthy,9,0,False,,False,False,False
train,Healthy-9-img-2_jpg.rf.d26dd587a9d1b5bd26207adbd73c3c36.jpg,healthy::9,healthy,9,0,False,,False,False,False
train,Healthy-9-img-3_jpg.rf.64a78888c87189e6c6eecb2376fc99fe.jpg,healthy::9,healthy,9,0,False,,False,False,False
train,Healthy-90-img-1_jpg.rf.865b34116defa4a2a74293770dba7cfa.jpg,healthy::90,healthy,90,0,False,,False,False,False
train,Healthy-90-img-2_jpg.rf.d7f2dc486e88e7980515fab5a73e1b6d.jpg,healthy::90,healthy,90,0,False,,False,False,False
train,Healthy-90-img-3_jpg.rf.daad1273410d1c00d22ef0a67dbfe225.jpg,healthy::90,healthy,90,0,False,,False,False,False
train,Healthy-91-img-1_jpg.rf.0ef0288652ad4fd1528de259020d5fc9.jpg,healthy::91,healthy,91,0,False,,False,False,False
train,Healthy-91-img-2_jpg.rf.916dfb54b8dab077fb7dab7aa2146864.jpg,healthy::91,healthy,91,0,False,,False,False,False
train,Healthy-91-img-3_jpg.rf.ba4f72fbe5234eadceb19f7ad6560825.jpg,healthy::91,healthy,91,0,False,,False,False,False
train,Healthy-92-img-2_jpg.rf.ef1f15306a80ab67cb084e75ef2c8bde.jpg,healthy::92,healthy,92,0,False,,False,False,False
train,Healthy-92-img-3_jpg.rf.5892fce381023f2b3f0c244feae4f041.jpg,healthy::92,healthy,92,0,False,,False,False,False
train,Healthy-93-img-1_jpg.rf.824e79b2352c5d57082ac68591fa530b.jpg,healthy::93,healthy,93,0,False,,False,False,False
train,Healthy-94-img-2_jpg.rf.c15b5775640f16a3e0d04eb7a9cdfe6f.jpg,healthy::94,healthy,94,0,False,,False,False,False
train,Healthy-94-img-3_jpg.rf.edf64c46ab08fdf243d9121a5b8edbf8.jpg,healthy::94,healthy,94,0,False,,False,False,False
train,Healthy-95-img-1_jpg.rf.03fb2ab9df934e9a1c62eb5a47326161.jpg,healthy::95,healthy,95,0,False,,False,False,False
train,Healthy-95-img-2_jpg.rf.073256165fad3f79053f3b8c93d1133f.jpg,healthy::95,healthy,95,0,False,,False,False,False
train,Healthy-95-img-3_jpg.rf.49d850f772acbadc3615000303c5ab5d.jpg,healthy::95,healthy,95,0,False,,False,False,False
train,Healthy-96-img-2_jpg.rf.57c030e6cce631cafa4f611e45115d01.jpg,healthy::96,healthy,96,0,False,,False,False,False
train,Healthy-97-img-2_jpg.rf.df5a894d38c99e122d866d1fcd2ec33f.jpg,healthy::97,healthy,97,0,False,,False,False,False
train,Healthy-97-img-3_jpg.rf.07048f13f2ac0ba9adeeab9a5bf9a08f.jpg,healthy::97,healthy,97,0,False,,False,False,False
train,Healthy-98-img-1_jpg.rf.734e5d363fe6df882512338218ad415a.jpg,healthy::98,healthy,98,0,False,,False,False,False
train,Healthy-98-img-2_jpg.rf.7dbb7ca59b08d15fd68438911048773e.jpg,healthy::98,healthy,98,0,False,,False,False,False
train,Healthy-98-img-3_jpg.rf.fe275dcb30e1b2865756aeff59a4de8c.jpg,healthy::98,healthy,98,0,False,,False,False,False
train,Healthy-99-img-1_jpg.rf.b781faf5722c59b96de751fb22af89df.jpg,healthy::99,healthy,99,0,False,,False,False,False
train,Healthy-99-img-2_jpg.rf.22bff60ad662ad44dd4d7662756e9cb6.jpg,healthy::99,healthy,99,0,False,,False,False,False
train,WSSV-1-img-3_jpg.rf.e56a7cb07d838c58d7e1ff70d342984f.jpg,wssv::1,wssv,1,1,True,1,False,True,False
train,WSSV-10-img-1_jpg.rf.95d1021a8ebfa600ceedfb8cf5fd5b4c.jpg,wssv::10,wssv,10,1,True,1,False,True,False
train,WSSV-10-img-2_jpg.rf.7aba248624b49d50f5a43bd3a3c376d9.jpg,wssv::10,wssv,10,1,True,1,False,True,False
train,WSSV-10-img-3_jpg.rf.b3014bcb222bbc3ccdac83259644f3a1.jpg,wssv::10,wssv,10,1,True,1,False,True,False
train,WSSV-100-img-1_jpg.rf.afc70ade872dcd9269e08d68513e4259.jpg,wssv::100,wssv,100,1,True,1,False,True,False
train,WSSV-100-img-2_jpg.rf.862e6ca121e0f8142f321d620cdd0b3e.jpg,wssv::100,wssv,100,1,True,1,False,True,False
train,WSSV-100-img-3_jpg.rf.3f15b3f772e3bc13b7ed26f346061c0d.jpg,wssv::100,wssv,100,1,True,1,False,True,False
train,WSSV-101-img-1_jpg.rf.c5f4933ad87364575bad9cf6c9f3c4d9.jpg,wssv::101,wssv,101,1,True,1,False,True,False
train,WSSV-102-img-1_jpg.rf.72239b6ceb9c6d35e37b575d8535fdf8.jpg,wssv::102,wssv,102,1,True,1,False,True,False
train,WSSV-103-img-1_jpg.rf.66a898e1879b5c20e0da97c6bd6d1326.jpg,wssv::103,wssv,103,1,True,1,False,True,False
train,WSSV-103-img-2_jpg.rf.7b38a0d5a97fe351f1e8ae0dd905099d.jpg,wssv::103,wssv,103,1,True,1,False,True,False
train,WSSV-103-img-3_jpg.rf.a5348c3621aaa75f122b05675104b80e.jpg,wssv::103,wssv,103,1,True,1,False,True,False
train,WSSV-104-img-1_jpg.rf.b20c1cc74d33dc4f8a250128b8234676.jpg,wssv::104,wssv,104,1,True,1,False,True,False
train,WSSV-104-img-2_jpg.rf.0433807bc44bc4afb87f9e16c719fd2f.jpg,wssv::104,wssv,104,1,True,1,False,True,False
train,WSSV-104-img-3_jpg.rf.8e3bf7fa72b102fc40fdd70cc236a14c.jpg,wssv::104,wssv,104,1,True,1,False,True,False
train,WSSV-105-img-1_jpg.rf.d5d6a747468018b0406b853b2da6707f.jpg,wssv::105,wssv,105,1,True,1,False,True,False
train,WSSV-105-img-3_jpg.rf.fef30b08dc01aca809559b2405ac7112.jpg,wssv::105,wssv,105,1,True,1,False,True,False
train,WSSV-106-img-1_jpg.rf.5b3223949a792582a81abb9965daaeda.jpg,wssv::106,wssv,106,1,True,1,False,True,False
train,WSSV-106-img-2_jpg.rf.512b1a953e19dc4b8f39b731b5ff16cf.jpg,wssv::106,wssv,106,1,True,1,False,True,False
train,WSSV-106-img-3_jpg.rf.c33b6257d26b0c720890f360cde5ebf5.jpg,wssv::106,wssv,106,1,True,1,False,True,False
train,WSSV-107-img-1_jpg.rf.28ba36f738afc70fa3d4c7584cb6b6d1.jpg,wssv::107,wssv,107,1,True,1,False,True,False
train,WSSV-107-img-2_jpg.rf.466f395b48eb8a73da55214fcc7a1cc2.jpg,wssv::107,wssv,107,1,True,1,False,True,False
train,WSSV-107-img-3_jpg.rf.72593e321db397402b18bfa262af99af.jpg,wssv::107,wssv,107,1,True,1,False,True,False
train,WSSV-108-img-1_jpg.rf.39f5b3531db4e0de947b9c56d974b281.jpg,wssv::108,wssv,108,1,True,1,False,True,False
train,WSSV-108-img-2_jpg.rf.612ee237a383dc07bd419ce5dc10541c.jpg,wssv::108,wssv,108,1,True,1,False,True,False
train,WSSV-108-img-3_jpg.rf.fc26834d11a1107d8b320e632182955e.jpg,wssv::108,wssv,108,1,True,1,False,True,False
train,WSSV-109-img-1_jpg.rf.d390594203a51ebd53350cc02b060bf1.jpg,wssv::109,wssv,109,1,True,1,False,True,False
train,WSSV-109-img-2_jpg.rf.4d93768b6f210b9431a1aa103dd8c58f.jpg,wssv::109,wssv,109,1,True,1,False,True,False
train,WSSV-109-img-3_jpg.rf.0f7144a8962d9af2b337d0a059340e1a.jpg,wssv::109,wssv,109,1,True,1,False,True,False
train,WSSV-11-img-1_jpg.rf.e7de0da7b818c01308f4490784138a75.jpg,wssv::11,wssv,11,1,True,1,False,True,False
train,WSSV-11-img-2_jpg.rf.66f967256da121e1149c96516e22e5f9.jpg,wssv::11,wssv,11,1,True,1,False,True,False
train,WSSV-11-img-3_jpg.rf.6d77d5ecbd7912dd73273b8aedeffecf.jpg,wssv::11,wssv,11,1,True,1,False,True,False
train,WSSV-110-img-1_jpg.rf.7bbd24da614113fc570bf2e82dbf44be.jpg,wssv::110,wssv,110,1,True,1,False,True,False
train,WSSV-110-img-2_jpg.rf.012dcd3e648b03f0cf4bca79eb16085b.jpg,wssv::110,wssv,110,1,True,1,False,True,False
train,WSSV-111-img-1_jpg.rf.d990927abbc977342d11a990ab9fe169.jpg,wssv::111,wssv,111,1,True,1,False,True,False
train,WSSV-111-img-2_jpg.rf.8e3f43376f2698bb70cc958f12849636.jpg,wssv::111,wssv,111,1,True,1,False,True,False
train,WSSV-111-img-3_jpg.rf.d7b9e643164ed303df6bcba9148b878f.jpg,wssv::111,wssv,111,1,True,1,False,True,False
train,WSSV-112-img-1_jpg.rf.5206c54ebd9c7b53b4bddc8f4aacaef2.jpg,wssv::112,wssv,112,1,True,1,False,True,False
train,WSSV-112-img-3_jpg.rf.774522cc77596441fd88ef6b8b83e18d.jpg,wssv::112,wssv,112,1,True,1,False,True,False
train,WSSV-113-img-2_jpg.rf.d5090cc769486e6669a2dd9f3f351fce.jpg,wssv::113,wssv,113,1,True,1,False,True,False
train,WSSV-113-img-3_jpg.rf.7685e93558751761e665bb4b04b74a63.jpg,wssv::113,wssv,113,1,True,1,False,True,False
train,WSSV-114-img-1_jpg.rf.5b00ba82dd8296840bd803018de7d8a1.jpg,wssv::114,wssv,114,1,True,1,False,True,False
train,WSSV-114-img-2_jpg.rf.8030be1f5ef42dc4ac975f0126d73e7d.jpg,wssv::114,wssv,114,1,True,1,False,True,False
train,WSSV-115-img-1_jpg.rf.a8e6e72adb5a5e0a49b96faec39fae2d.jpg,wssv::115,wssv,115,1,True,1,False,True,False
train,WSSV-115-img-2_jpg.rf.10efe1f7f194a90cfee00cb4b10b37c7.jpg,wssv::115,wssv,115,1,True,1,False,True,False
train,WSSV-115-img-3_jpg.rf.4ba97ba2a1c55bf2599c2024044b1572.jpg,wssv::115,wssv,115,1,True,1,False,True,False
train,WSSV-116-img-1_jpg.rf.ed8e9f764d8362ca3175db77295170c1.jpg,wssv::116,wssv,116,1,True,1,False,True,False
train,WSSV-116-img-2_jpg.rf.3ca7aedb8b6f5ecaa8fe4bf522882d4b.jpg,wssv::116,wssv,116,1,True,1,False,True,False
train,WSSV-116-img-3_jpg.rf.f42a300f0a0155f2568f60ee683c9885.jpg,wssv::116,wssv,116,1,True,1,False,True,False
train,WSSV-117-img-1_jpg.rf.d22225b9b14bd98f7ddb3eea3280c7ee.jpg,wssv::117,wssv,117,1,True,1,False,True,False
train,WSSV-117-img-2_jpg.rf.190249456067f4e122939b3337ce5448.jpg,wssv::117,wssv,117,1,True,1,False,True,False
train,WSSV-118-img-1_jpg.rf.1d619863d76a7aee69934ed3a628e05e.jpg,wssv::118,wssv,118,1,True,1,False,True,False
train,WSSV-118-img-2_jpg.rf.00276b505e5fdff9cb6a3ce077822ef6.jpg,wssv::118,wssv,118,1,True,1,False,True,False
train,WSSV-118-img-3_jpg.rf.2902281a03f8818fc0392e044c80e626.jpg,wssv::118,wssv,118,1,True,1,False,True,False
train,WSSV-12-img-1_jpg.rf.63a3f095659a5f9aa75ab5021cd13155.jpg,wssv::12,wssv,12,1,True,1,False,True,False
train,WSSV-12-img-2_jpg.rf.2830646328eb93339ffeedd66475d566.jpg,wssv::12,wssv,12,1,True,1,False,True,False
train,WSSV-13-img-3_jpg.rf.192bdd5d9015ad51bfbdbc26afb557d4.jpg,wssv::13,wssv,13,1,True,1,False,True,False
train,WSSV-14-img-1_jpg.rf.686774d82bfba428b73d3c0a15adf3ed.jpg,wssv::14,wssv,14,1,True,1,False,True,False
train,WSSV-14-img-2_jpg.rf.786f16e92ecc3f053916bfa3581b1e64.jpg,wssv::14,wssv,14,1,True,1,False,True,False
train,WSSV-14-img-3_jpg.rf.a8a526b4781b983e121dd5c9f83d7e2d.jpg,wssv::14,wssv,14,1,True,1,False,True,False
train,WSSV-15-img-1_jpg.rf.d4fe988dd99394907a4b88873c89db87.jpg,wssv::15,wssv,15,1,True,1,False,True,False
train,WSSV-15-img-2_jpg.rf.46d072ea7dd7e02e1ad76baf013e1b68.jpg,wssv::15,wssv,15,1,True,1,False,True,False
train,WSSV-15-img-3_jpg.rf.e8ecc5c5c4a8e369466d33fe3b540c2f.jpg,wssv::15,wssv,15,1,True,1,False,True,False
train,WSSV-16-img-1_jpg.rf.91cca85ade934a88ab5078de1d1f2ffb.jpg,wssv::16,wssv,16,1,True,1,False,True,False
train,WSSV-16-img-2_jpg.rf.a19cc25cc776551d60ae8332cea8ea0a.jpg,wssv::16,wssv,16,1,True,1,False,True,False
train,WSSV-17-img-1_jpg.rf.417e83f656a30a56e04b87e3d9aea8a9.jpg,wssv::17,wssv,17,1,True,1,False,True,False
train,WSSV-17-img-2_jpg.rf.879209de8cf619a711a535a9385ff0c6.jpg,wssv::17,wssv,17,1,True,1,False,True,False
train,WSSV-17-img-3_jpg.rf.3981235b26deb92116790e9d68147bc3.jpg,wssv::17,wssv,17,1,True,1,False,True,False
train,WSSV-18-img-1_jpg.rf.72b318e2bdda72a085cbe1a02d4e4c9a.jpg,wssv::18,wssv,18,1,True,1,False,True,False
train,WSSV-18-img-2_jpg.rf.73a4abd889d17222e3d6dd795be929c1.jpg,wssv::18,wssv,18,1,True,1,False,True,False
train,WSSV-18-img-3_jpg.rf.fd00f14466ebaa2e151291c345293465.jpg,wssv::18,wssv,18,1,True,1,False,True,False
train,WSSV-19-img-1_jpg.rf.260c9a5ff9d86f35e6e2ea41607ded2c.jpg,wssv::19,wssv,19,1,True,1,False,True,False
train,WSSV-19-img-2_jpg.rf.62a78b5e0e48205859a5f80cd218115b.jpg,wssv::19,wssv,19,1,True,1,False,True,False
train,WSSV-19-img-3_jpg.rf.a18c5d021c76547354fe8ea07b312612.jpg,wssv::19,wssv,19,1,True,1,False,True,False
train,WSSV-2-img-2_jpg.rf.4dcc78c0e4b82d6dcd8865bef81a0d32.jpg,wssv::2,wssv,2,1,True,1,False,True,False
train,WSSV-20-img-1_jpg.rf.da3cd372a73542ce034a8f66d4134cd9.jpg,wssv::20,wssv,20,1,True,1,False,True,False
train,WSSV-20-img-3_jpg.rf.dd7c5c259550ea827b2ac1fd91dbbfdc.jpg,wssv::20,wssv,20,1,True,1,False,True,False
train,WSSV-21-img-1_jpg.rf.cae60b5481b4f29e125b7cd392d4128b.jpg,wssv::21,wssv,21,1,True,1,False,True,False
train,WSSV-21-img-2_jpg.rf.cf7a887f61ce6edbd5f45c3761d1cfb5.jpg,wssv::21,wssv,21,1,True,1,False,True,False
train,WSSV-21-img-3_jpg.rf.12396ce656657438c7f98732d0ca9676.jpg,wssv::21,wssv,21,1,True,1,False,True,False
train,WSSV-22-img-1_jpg.rf.4d54b20c7678189c42a3b16bafbf119a.jpg,wssv::22,wssv,22,1,True,1,False,True,False
train,WSSV-22-img-2_jpg.rf.8b9ab6a8fd100ef972fc52a572589b9a.jpg,wssv::22,wssv,22,1,True,1,False,True,False
train,WSSV-23-img-2_jpg.rf.00114ba2c7935ebdd4892f1f453c2b23.jpg,wssv::23,wssv,23,1,True,1,False,True,False
train,WSSV-23-img-3_jpg.rf.f86104f144c940d341b59eef4a4c403b.jpg,wssv::23,wssv,23,1,True,1,False,True,False
train,WSSV-24-img-1_jpg.rf.d24fcd08e0e57c57c0a9526caad38460.jpg,wssv::24,wssv,24,1,True,1,False,True,False
train,WSSV-24-img-2_jpg.rf.2a375e5cc1c3742cbac39e46b7ee05cb.jpg,wssv::24,wssv,24,1,True,1,False,True,False
train,WSSV-24-img-3_jpg.rf.00a2b3f8377a532a221e18095a93dac6.jpg,wssv::24,wssv,24,1,True,1,False,True,False
train,WSSV-25-img-1_jpg.rf.a597ede6e84cf810a5b74922b6be2b6c.jpg,wssv::25,wssv,25,1,True,1,False,True,False
train,WSSV-25-img-2_jpg.rf.922574f72fd42517e8144a7ca2ea3a53.jpg,wssv::25,wssv,25,1,True,1,False,True,False
train,WSSV-26-img-1_jpg.rf.d32a3b4d766b2ab6e3da17ad6e26c664.jpg,wssv::26,wssv,26,1,True,1,False,True,False
train,WSSV-26-img-3_jpg.rf.a44fe93022a005816403ac274401f693.jpg,wssv::26,wssv,26,1,True,1,False,True,False
train,WSSV-27-img-1_jpg.rf.8104a857d3303c7feb8e01f1b9ba44bf.jpg,wssv::27,wssv,27,1,True,1,False,True,False
train,WSSV-27-img-2_jpg.rf.fdc91093cc5d8bb6a8f7dc87e1d3efd2.jpg,wssv::27,wssv,27,1,True,1,False,True,False
train,WSSV-27-img-3_jpg.rf.235c56e51520c80a5a5e446418658ce7.jpg,wssv::27,wssv,27,1,True,1,False,True,False
train,WSSV-28-img-1_jpg.rf.a43ee460976dce0b20eaa8daf9bd338b.jpg,wssv::28,wssv,28,1,True,1,False,True,False
train,WSSV-28-img-2_jpg.rf.0c2bc49ce6c7f0f3d3fa6dc5d788a7a7.jpg,wssv::28,wssv,28,1,True,1,False,True,False
train,WSSV-28-img-3_jpg.rf.503e3401e5be3b1dc82127c94d8e2503.jpg,wssv::28,wssv,28,1,True,1,False,True,False
train,WSSV-29-img-1_jpg.rf.74c936bf13aaacc7fbae258fcaeb6d4e.jpg,wssv::29,wssv,29,1,True,1,False,True,False
train,WSSV-29-img-2_jpg.rf.006c36324f6456866ce42210cfb9e898.jpg,wssv::29,wssv,29,1,True,1,False,True,False
train,WSSV-3-img-1_jpg.rf.d18c0cd5062769d2d8937ac55ba73008.jpg,wssv::3,wssv,3,1,True,1,False,True,False
train,WSSV-30-img-1_jpg.rf.0ebe8e31a31c86729883c299d593599d.jpg,wssv::30,wssv,30,1,True,1,False,True,False
train,WSSV-30-img-2_jpg.rf.d174c74dba17c27ea8b54fa6039ad8a0.jpg,wssv::30,wssv,30,1,True,1,False,True,False
train,WSSV-30-img-3_jpg.rf.16118b98d11f5a1602a1e7d735cc7880.jpg,wssv::30,wssv,30,1,True,1,False,True,False
train,WSSV-31-img-1_jpg.rf.82eb63fcab98e2d44e1f3b40f4011706.jpg,wssv::31,wssv,31,1,True,1,False,True,False
train,WSSV-31-img-2_jpg.rf.7c78188c6f8e8fc04e03e66ff74b9148.jpg,wssv::31,wssv,31,1,True,1,False,True,False
train,WSSV-31-img-3_jpg.rf.ba9cfd21aeb736edb32bc87411e54df4.jpg,wssv::31,wssv,31,1,True,1,False,True,False
train,WSSV-32-img-1_jpg.rf.51bbe426ce2be1ad3c7b71b0bd414633.jpg,wssv::32,wssv,32,1,True,1,False,True,False
train,WSSV-32-img-3_jpg.rf.c23880217b3cc1fdd7f8141fa868fca7.jpg,wssv::32,wssv,32,1,True,1,False,True,False
train,WSSV-33-img-1_jpg.rf.5d9f0d160d3243a099c031f889be341a.jpg,wssv::33,wssv,33,1,True,1,False,True,False
train,WSSV-33-img-3_jpg.rf.0e2e84da7403deb16eaee3f24460c24e.jpg,wssv::33,wssv,33,1,True,1,False,True,False
train,WSSV-34-img-1_jpg.rf.4afab58a6c4587fcb5213b190838bc64.jpg,wssv::34,wssv,34,1,True,1,False,True,False
train,WSSV-35-img-1_jpg.rf.6805ff7d80db7e79dfcbdf18347beb82.jpg,wssv::35,wssv,35,1,True,1,False,True,False
train,WSSV-35-img-2_jpg.rf.aa9c733ef2de15baa52b53c0b1bb2ab2.jpg,wssv::35,wssv,35,1,True,1,False,True,False
train,WSSV-35-img-3_jpg.rf.7ec5c64aa7a468b3555ea19e2d082915.jpg,wssv::35,wssv,35,1,True,1,False,True,False
train,WSSV-36-img-1_jpg.rf.f5b5735f7e8c7321793925b898da29c5.jpg,wssv::36,wssv,36,1,True,1,False,True,False
train,WSSV-36-img-3_jpg.rf.57b2ce0c4b488afd991b41db8adc0899.jpg,wssv::36,wssv,36,1,True,1,False,True,False
train,WSSV-37-img-1_jpg.rf.4013ef7c7303f713ed21bfcb732d308a.jpg,wssv::37,wssv,37,1,True,1,False,True,False
train,WSSV-37-img-2_jpg.rf.3b279b9557f2a4be379593ba26d1ec80.jpg,wssv::37,wssv,37,1,True,1,False,True,False
train,WSSV-38-img-1_jpg.rf.0184ab0d1a4692445c5d379d6352f1d4.jpg,wssv::38,wssv,38,1,True,1,False,True,False
train,WSSV-39-img-1_jpg.rf.e2aa4f503ec2890f40aa7d4c53a73c0c.jpg,wssv::39,wssv,39,1,True,1,False,True,False
train,WSSV-39-img-2_jpg.rf.9b76e9989e87016b4a0b7c2429aaf793.jpg,wssv::39,wssv,39,1,True,1,False,True,False
train,WSSV-39-img-3_jpg.rf.13f19f29e23f5db94277a11151c529e6.jpg,wssv::39,wssv,39,1,True,1,False,True,False
train,WSSV-4-img-1_jpg.rf.4b1e750a176bfd8d132664ecc28e3e18.jpg,wssv::4,wssv,4,1,True,1,False,True,False
train,WSSV-4-img-2_jpg.rf.5a823088a9c955ff3c2029038bcf74e8.jpg,wssv::4,wssv,4,1,True,1,False,True,False
train,WSSV-40-img-1_jpg.rf.44e63e85790d5f07265a0716e1a487b7.jpg,wssv::40,wssv,40,1,True,1,False,True,False
train,WSSV-40-img-3_jpg.rf.64aee48a6d444b9c2ccbd7a5288991b4.jpg,wssv::40,wssv,40,1,True,1,False,True,False
train,WSSV-41-img-1_jpg.rf.0e9cccda6c7c7f12db908ba18e120966.jpg,wssv::41,wssv,41,1,True,1,False,True,False
train,WSSV-41-img-2_jpg.rf.eb0c98269b7a94d8573f231a7e316788.jpg,wssv::41,wssv,41,1,True,1,False,True,False
train,WSSV-41-img-3_jpg.rf.34dc70f5be8d9852f0f49b8cdc65dc6c.jpg,wssv::41,wssv,41,1,True,1,False,True,False
train,WSSV-42-img-1_jpg.rf.ffefd589f2d887d3dfaa8338af372370.jpg,wssv::42,wssv,42,1,True,1,False,True,False
train,WSSV-42-img-2_jpg.rf.9cb7542154fbef106d71cc28cd918b04.jpg,wssv::42,wssv,42,1,True,1,False,True,False
train,WSSV-42-img-3_jpg.rf.6ff48350982832a44eb86ba45bcd75d8.jpg,wssv::42,wssv,42,1,True,1,False,True,False
train,WSSV-43-img-1_jpg.rf.e7712374da0239a5f361d181c8719b4c.jpg,wssv::43,wssv,43,1,True,1,False,True,False
train,WSSV-43-img-3_jpg.rf.af224f947616ba438155c7a6a987faec.jpg,wssv::43,wssv,43,1,True,1,False,True,False
train,WSSV-44-img-1_jpg.rf.7283dcceb3911d100f4858d6a4eab56e.jpg,wssv::44,wssv,44,1,True,1,False,True,False
train,WSSV-44-img-2_jpg.rf.6614283056d5637fb009628fefad1c14.jpg,wssv::44,wssv,44,1,True,1,False,True,False
train,WSSV-44-img-3_jpg.rf.f7e06489492b0f5f9bf1cb79782d7560.jpg,wssv::44,wssv,44,1,True,1,False,True,False
train,WSSV-45-img-1_jpg.rf.6993944fa72d99b8bced0a2189737ed6.jpg,wssv::45,wssv,45,1,True,1,False,True,False
train,WSSV-45-img-2_jpg.rf.b4b586a0f4bab6b7c33941897dc6adce.jpg,wssv::45,wssv,45,1,True,1,False,True,False
train,WSSV-46-img-1_jpg.rf.b5374c46a427fa970f79a8911c4b5d5d.jpg,wssv::46,wssv,46,1,True,1,False,True,False
train,WSSV-46-img-2_jpg.rf.60c30fd3e109f76fc1873ec250071ebc.jpg,wssv::46,wssv,46,1,True,1,False,True,False
train,WSSV-46-img-3_jpg.rf.a4e4a500b1eb80e6f5ccf2cae3aad5d7.jpg,wssv::46,wssv,46,1,True,1,False,True,False
train,WSSV-47-img-1_jpg.rf.596917efe2ca93e0afd886c3fcaf5f99.jpg,wssv::47,wssv,47,1,True,1,False,True,False
train,WSSV-47-img-2_jpg.rf.7b28eb410b6dbbead090586851c1b6e6.jpg,wssv::47,wssv,47,1,True,1,False,True,False
train,WSSV-47-img-3_jpg.rf.92a25f55a3a602bd92d2839697cc8f57.jpg,wssv::47,wssv,47,1,True,1,False,True,False
train,WSSV-48-img-1_jpg.rf.59a8892adecac5e34e5d72d8a3a06b03.jpg,wssv::48,wssv,48,1,True,1,False,True,False
train,WSSV-48-img-3_jpg.rf.e4181ac33c53aacb884037177173a5a8.jpg,wssv::48,wssv,48,1,True,1,False,True,False
train,WSSV-49-img-2_jpg.rf.cd4a0d4bed5fa06b845b58d6e1239587.jpg,wssv::49,wssv,49,1,True,1,False,True,False
train,WSSV-5-img-2_jpg.rf.88438d21a1a743dfe5a167cea35bc04c.jpg,wssv::5,wssv,5,1,True,1,False,True,False
train,WSSV-50-img-2_jpg.rf.0944eecd0e06a713ae437aa3b47002d0.jpg,wssv::50,wssv,50,1,True,1,False,True,False
train,WSSV-50-img-3_jpg.rf.33b774231e330f801bf2c66419ee8ce2.jpg,wssv::50,wssv,50,1,True,1,False,True,False
train,WSSV-51-img-2_jpg.rf.52fca9d1b91291de5c75d77c7b396021.jpg,wssv::51,wssv,51,1,True,1,False,True,False
train,WSSV-51-img-3_jpg.rf.431a87854f04bf1c299344d60adb7dc5.jpg,wssv::51,wssv,51,1,True,1,False,True,False
train,WSSV-52-img-1_jpg.rf.b20da609e497887808fd7a44cbc90b05.jpg,wssv::52,wssv,52,1,True,1,False,True,False
train,WSSV-52-img-3_jpg.rf.0f66467be7e7279677a9e388fd72bc82.jpg,wssv::52,wssv,52,1,True,1,False,True,False
train,WSSV-53-img-1_jpg.rf.2111b4e5c94c93a8ffcef0b0745ae0d2.jpg,wssv::53,wssv,53,1,True,1,False,True,False
train,WSSV-53-img-2_jpg.rf.113a7a3cde95523271160b5b80e4198a.jpg,wssv::53,wssv,53,1,True,1,False,True,False
train,WSSV-53-img-3_jpg.rf.587f555d4e909f1adc6b73719da8123e.jpg,wssv::53,wssv,53,1,True,1,False,True,False
train,WSSV-54-img-1_jpg.rf.0326b7fe1df57bddcb40d969998ed8c5.jpg,wssv::54,wssv,54,1,True,1,False,True,False
train,WSSV-54-img-2_jpg.rf.96231fe98fad61ede28fab66349c8e58.jpg,wssv::54,wssv,54,1,True,1,False,True,False
train,WSSV-54-img-3_jpg.rf.a433639f4447bf9ea19d734971c6774c.jpg,wssv::54,wssv,54,1,True,1,False,True,False
train,WSSV-55-img-1_jpg.rf.ed9e9fc5f6fbc280ea499e2216df7fd0.jpg,wssv::55,wssv,55,1,True,1,False,True,False
train,WSSV-55-img-3_jpg.rf.61044ae6d7feeda0c94c1cd87063a852.jpg,wssv::55,wssv,55,1,True,1,False,True,False
train,WSSV-56-img-1_jpg.rf.24cce8970039cdb862882fd28165a26c.jpg,wssv::56,wssv,56,1,True,1,False,True,False
train,WSSV-56-img-2_jpg.rf.04075728b62fc414f18d6b8ccb3c7978.jpg,wssv::56,wssv,56,1,True,1,False,True,False
train,WSSV-56-img-3_jpg.rf.f582c9ee213d3a4bb27828a08c97d744.jpg,wssv::56,wssv,56,1,True,1,False,True,False
train,WSSV-57-img-1_jpg.rf.9d50e39b1d61db051db45558c97c5bbf.jpg,wssv::57,wssv,57,1,True,1,False,True,False
train,WSSV-58-img-1_jpg.rf.4f7fb2f426b441b25a1d2ed2ed71ad56.jpg,wssv::58,wssv,58,1,True,1,False,True,False
train,WSSV-58-img-2_jpg.rf.619d48e16be9fbedd23b73f8aee1c9d8.jpg,wssv::58,wssv,58,1,True,1,False,True,False
train,WSSV-58-img-3_jpg.rf.ba7bb93ae9cb70a4db0c9207eecf5f8c.jpg,wssv::58,wssv,58,1,True,1,False,True,False
train,WSSV-59-img-1_jpg.rf.fddd4f1c53e8647605c3900085f5875d.jpg,wssv::59,wssv,59,1,True,1,False,True,False
train,WSSV-59-img-2_jpg.rf.0f32c74df287442565decb5b840c67e0.jpg,wssv::59,wssv,59,1,True,1,False,True,False
train,WSSV-6-img-1_jpg.rf.489e7fd024fdb28994b81b43c1cf74be.jpg,wssv::6,wssv,6,1,True,1,False,True,False
train,WSSV-6-img-3_jpg.rf.8e8d7cd540c41c48e24307b58f4cc329.jpg,wssv::6,wssv,6,1,True,1,False,True,False
train,WSSV-60-img-1_jpg.rf.9d00df46268801aa656ccd2827eb8728.jpg,wssv::60,wssv,60,1,True,1,False,True,False
train,WSSV-60-img-2_jpg.rf.24d7d3c9d44eb96a2fa793b91d0bb1f8.jpg,wssv::60,wssv,60,1,True,1,False,True,False
train,WSSV-60-img-3_jpg.rf.279f495ce6b9ae1bb05929b6f8f70e49.jpg,wssv::60,wssv,60,1,True,1,False,True,False
train,WSSV-61-img-1_jpg.rf.c69f34a2baf2ac924b2006a6c179b6cf.jpg,wssv::61,wssv,61,1,True,1,False,True,False
train,WSSV-61-img-2_jpg.rf.869095e9bca47cc45e295e23d7849a20.jpg,wssv::61,wssv,61,1,True,1,False,True,False
train,WSSV-62-img-1_jpg.rf.843eea0e0c6e16a12d1dbfcfeccbf59f.jpg,wssv::62,wssv,62,1,True,1,False,True,False
train,WSSV-62-img-2_jpg.rf.26a85088ed7d9226cbe8adf9cd9c0ed1.jpg,wssv::62,wssv,62,1,True,1,False,True,False
train,WSSV-63-img-1_jpg.rf.7baa3126be9748b45eba10404bb68973.jpg,wssv::63,wssv,63,1,True,1,False,True,False
train,WSSV-63-img-3_jpg.rf.f3da5dda223e444cba5acc176a92521d.jpg,wssv::63,wssv,63,1,True,1,False,True,False
train,WSSV-64-img-1_jpg.rf.8360a0d3429a2d1b30eebf9899373b9f.jpg,wssv::64,wssv,64,1,True,1,False,True,False
train,WSSV-64-img-2_jpg.rf.6abda3f7cdb5b82fef50e394c868fee8.jpg,wssv::64,wssv,64,1,True,1,False,True,False
train,WSSV-64-img-3_jpg.rf.688c8137f2718a20e4550dfaa9d48337.jpg,wssv::64,wssv,64,1,True,1,False,True,False
train,WSSV-65-img-2_jpg.rf.abb01d32582d917262e396602a9a1bca.jpg,wssv::65,wssv,65,1,True,1,False,True,False
train,WSSV-65-img-3_jpg.rf.f4a72a362d654ab8bd44a97d89138d80.jpg,wssv::65,wssv,65,1,True,1,False,True,False
train,WSSV-66-img-1_jpg.rf.0d9f0f5bcac685894cdbf2d84f13ad45.jpg,wssv::66,wssv,66,1,True,1,False,True,False
train,WSSV-66-img-2_jpg.rf.939c7e1e6f4894cd53580ba1226f9fb7.jpg,wssv::66,wssv,66,1,True,1,False,True,False
train,WSSV-66-img-3_jpg.rf.6b068ed4219a2dee0fc76900692e5f69.jpg,wssv::66,wssv,66,1,True,1,False,True,False
train,WSSV-67-img-1_jpg.rf.5f4d76a16c0ec867290c247e07f9bf90.jpg,wssv::67,wssv,67,1,True,1,False,True,False
train,WSSV-67-img-2_jpg.rf.d48746046bbf8abfc5f275bff3d0adf6.jpg,wssv::67,wssv,67,1,True,1,False,True,False
train,WSSV-67-img-3_jpg.rf.883f48a90c7c5c4be085a026b52e7cbb.jpg,wssv::67,wssv,67,1,True,1,False,True,False
train,WSSV-68-img-2_jpg.rf.e6a9bcdcffc4e6251069cad9ebbaf857.jpg,wssv::68,wssv,68,1,True,1,False,True,False
train,WSSV-68-img-3_jpg.rf.b13aa75c4b55af30a1d4a1fa11950587.jpg,wssv::68,wssv,68,1,True,1,False,True,False
train,WSSV-69-img-1_jpg.rf.ab3d1e1b9e72b675f04500dbbbdf2982.jpg,wssv::69,wssv,69,1,True,1,False,True,False
train,WSSV-69-img-2_jpg.rf.a9547d1e4853fb8a2f1b3b6fde1c8546.jpg,wssv::69,wssv,69,1,True,1,False,True,False
train,WSSV-69-img-3_jpg.rf.3d2e8691d99c248f73a0101fd2779252.jpg,wssv::69,wssv,69,1,True,1,False,True,False
train,WSSV-7-img-1_jpg.rf.6e7b6506031ff5e7f93c26393686078b.jpg,wssv::7,wssv,7,1,True,1,False,True,False
train,WSSV-7-img-2_jpg.rf.d1bc54906596155f581fa8cf169242ec.jpg,wssv::7,wssv,7,1,True,1,False,True,False
train,WSSV-7-img-3_jpg.rf.cd5c93196d66c942f51f8036602cbe5e.jpg,wssv::7,wssv,7,1,True,1,False,True,False
train,WSSV-70-img-1_jpg.rf.e95eec9eb89f97af775beceee8a748eb.jpg,wssv::70,wssv,70,1,True,1,False,True,False
train,WSSV-70-img-2_jpg.rf.e6db15612cd6dd1aa845ce582c6fd3ed.jpg,wssv::70,wssv,70,1,True,1,False,True,False
train,WSSV-70-img-3_jpg.rf.ff8ca6a553adc754735051958398b783.jpg,wssv::70,wssv,70,1,True,1,False,True,False
train,WSSV-71-img-1_jpg.rf.8213a8f80d8260fcf867855ba101ef25.jpg,wssv::71,wssv,71,1,True,1,False,True,False
train,WSSV-71-img-2_jpg.rf.d70e2a546a8e5565b4d633f401a151ce.jpg,wssv::71,wssv,71,1,True,1,False,True,False
train,WSSV-71-img-3_jpg.rf.fb0c6238f7dd546ac7efc957324cbd9c.jpg,wssv::71,wssv,71,1,True,1,False,True,False
train,WSSV-72-img-1_jpg.rf.cdcd900f8f18cbfd1a2bd896eccab2fe.jpg,wssv::72,wssv,72,1,True,1,False,True,False
train,WSSV-72-img-3_jpg.rf.69596e540283ede6a01788418c7c9411.jpg,wssv::72,wssv,72,1,True,1,False,True,False
train,WSSV-73-img-1_jpg.rf.615a96b3fbfc2c40380d244a42414d0f.jpg,wssv::73,wssv,73,1,True,1,False,True,False
train,WSSV-73-img-2_jpg.rf.a2035f157b8c4a64bee123f873b98f7e.jpg,wssv::73,wssv,73,1,True,1,False,True,False
train,WSSV-73-img-3_jpg.rf.768880f77605a326416878d75b92242b.jpg,wssv::73,wssv,73,1,True,1,False,True,False
train,WSSV-74-img-1_jpg.rf.acbdde165b1135c650f33ba9aaf6231d.jpg,wssv::74,wssv,74,1,True,1,False,True,False
train,WSSV-74-img-2_jpg.rf.b10b56bacdab7f7408f59b368c086fc0.jpg,wssv::74,wssv,74,1,True,1,False,True,False
train,WSSV-74-img-3_jpg.rf.35e1afb6dcdd526c0d891c74a9e57402.jpg,wssv::74,wssv,74,1,True,1,False,True,False
train,WSSV-75-img-2_jpg.rf.6438b3d7cfc4359453faeee95d08065d.jpg,wssv::75,wssv,75,1,True,1,False,True,False
train,WSSV-76-img-1_jpg.rf.9ebf326a740a6a1ef794782307f1fe1d.jpg,wssv::76,wssv,76,1,True,1,False,True,False
train,WSSV-76-img-2_jpg.rf.ebeb24bc5c680fd06febe69d7630af7a.jpg,wssv::76,wssv,76,1,True,1,False,True,False
train,WSSV-76-img-3_jpg.rf.1a97e80ab947c604831f82e81cfcf9da.jpg,wssv::76,wssv,76,1,True,1,False,True,False
train,WSSV-77-img-3_jpg.rf.e3f1cf7b60d59c9efcdcbbd69da54cc5.jpg,wssv::77,wssv,77,1,True,1,False,True,False
train,WSSV-78-img-1_jpg.rf.313ee1b562abfd9e22eeb7b3bab9bcbb.jpg,wssv::78,wssv,78,1,True,1,False,True,False
train,WSSV-78-img-2_jpg.rf.95c5666392ccd85d39b2a5f14246bac6.jpg,wssv::78,wssv,78,1,True,1,False,True,False
train,WSSV-79-img-1_jpg.rf.9858e1ec03feba38aedcd441b28a9128.jpg,wssv::79,wssv,79,1,True,1,False,True,False
train,WSSV-79-img-2_jpg.rf.ba1c59834f3068c3a03225b1c92b34cd.jpg,wssv::79,wssv,79,1,True,1,False,True,False
train,WSSV-79-img-3_jpg.rf.d14e3d8a7d1e96335ea1f79a68ebf6d1.jpg,wssv::79,wssv,79,1,True,1,False,True,False
train,WSSV-8-img-1_jpg.rf.b2e696e948605008b4c0b87df755186f.jpg,wssv::8,wssv,8,1,True,1,False,True,False
train,WSSV-8-img-2_jpg.rf.b8feb8fc93fec2e662b5775aec1d2876.jpg,wssv::8,wssv,8,1,True,1,False,True,False
train,WSSV-8-img-3_jpg.rf.f10ba5c34df3dcef94b28c110a9e11ee.jpg,wssv::8,wssv,8,1,True,1,False,True,False
train,WSSV-80-img-1_jpg.rf.f8371255f3568c657646f81633cb686a.jpg,wssv::80,wssv,80,1,True,1,False,True,False
train,WSSV-80-img-2_jpg.rf.a32c8f794f1c19412c073b0cfd329e83.jpg,wssv::80,wssv,80,1,True,1,False,True,False
train,WSSV-81-img-1_jpg.rf.56f56ee40f3ed9b9e840207a7bc7e7ad.jpg,wssv::81,wssv,81,1,True,1,False,True,False
train,WSSV-81-img-2_jpg.rf.6e808c0c4174140f7c35a44e301e062a.jpg,wssv::81,wssv,81,1,True,1,False,True,False
train,WSSV-82-img-2_jpg.rf.9270c712fe7e1655886be718794a6dfb.jpg,wssv::82,wssv,82,1,True,1,False,True,False
train,WSSV-83-img-1_jpg.rf.ed1efad8f43f64b6a6e5195f24bc77d4.jpg,wssv::83,wssv,83,1,True,1,False,True,False
train,WSSV-84-img-1_jpg.rf.0c471f4332713ad9cf2dfca9f611af67.jpg,wssv::84,wssv,84,1,True,1,False,True,False
train,WSSV-84-img-2_jpg.rf.684df45da9ec719e378218ed10c0f1fd.jpg,wssv::84,wssv,84,1,True,1,False,True,False
train,WSSV-84-img-3_jpg.rf.e0a8bed854822b1baf1eb502ad76aeae.jpg,wssv::84,wssv,84,1,True,1,False,True,False
train,WSSV-85-img-1_jpg.rf.dcd263d0046f22d07a09d3b31e58672f.jpg,wssv::85,wssv,85,1,True,1,False,True,False
train,WSSV-85-img-2_jpg.rf.234504cf4191bb052a93c0878814df00.jpg,wssv::85,wssv,85,1,True,1,False,True,False
train,WSSV-86-img-1_jpg.rf.d91c8f3c12c3c1e78b52d0ae700cc555.jpg,wssv::86,wssv,86,1,True,1,False,True,False
train,WSSV-86-img-2_jpg.rf.d2cb77a0089ad0d234db2928e3ab4f53.jpg,wssv::86,wssv,86,1,True,1,False,True,False
train,WSSV-87-img-1_jpg.rf.99c3ad33298526a45d3f3372db7535e9.jpg,wssv::87,wssv,87,1,True,1,False,True,False
train,WSSV-87-img-2_jpg.rf.35698174f838fca4150181f28ce1c3ad.jpg,wssv::87,wssv,87,1,True,1,False,True,False
train,WSSV-88-img-2_jpg.rf.eca3fa6ac0ab1f41c04fdd8c726e83d7.jpg,wssv::88,wssv,88,1,True,1,False,True,False
train,WSSV-89-img-1_jpg.rf.c3fa76825c9819b4e0b0c11383c80d30.jpg,wssv::89,wssv,89,1,True,1,False,True,False
train,WSSV-89-img-2_jpg.rf.1aa9d42a30479448b899f88552dde534.jpg,wssv::89,wssv,89,1,True,1,False,True,False
train,WSSV-9-img-1_jpg.rf.6aec36dfdd5d8c68a8ef4cad6b529852.jpg,wssv::9,wssv,9,1,True,1,False,True,False
train,WSSV-9-img-2_jpg.rf.3aaf05b1aef16d452ab1e8e4b061bc8d.jpg,wssv::9,wssv,9,1,True,1,False,True,False
train,WSSV-90-img-1_jpg.rf.2c795f9d14a627379f335a9cc0cdb8a1.jpg,wssv::90,wssv,90,1,True,1,False,True,False
train,WSSV-90-img-2_jpg.rf.d0d85b981b5d48eb815a450a1fd9d66e.jpg,wssv::90,wssv,90,1,True,1,False,True,False
train,WSSV-91-img-1_jpg.rf.2ba670c96d0f845b80c36ab4d0b681d5.jpg,wssv::91,wssv,91,1,True,1,False,True,False
train,WSSV-91-img-3_jpg.rf.28e09771392ab391bb1ec0b3c351346c.jpg,wssv::91,wssv,91,1,True,1,False,True,False
train,WSSV-92-img-1_jpg.rf.a127e2861d39d2b1a41caaf57d6aa923.jpg,wssv::92,wssv,92,1,True,1,False,True,False
train,WSSV-92-img-2_jpg.rf.4de58cc2b5e1ee9d51aa4966abde7dae.jpg,wssv::92,wssv,92,1,True,1,False,True,False
train,WSSV-92-img-3_jpg.rf.72d2ea4f0d1d5ef3f1f4f6e8484c95b5.jpg,wssv::92,wssv,92,1,True,1,False,True,False
train,WSSV-93-img-1_jpg.rf.ee6b99860087ebebcec71fd29b8fcf91.jpg,wssv::93,wssv,93,1,True,1,False,True,False
train,WSSV-93-img-2_jpg.rf.e80b9ae818fabe952838fdb749d763d7.jpg,wssv::93,wssv,93,1,True,1,False,True,False
train,WSSV-93-img-3_jpg.rf.58624d4d8965a7c6959a2beeaad71bb3.jpg,wssv::93,wssv,93,1,True,1,False,True,False
train,WSSV-94-img-1_jpg.rf.cb156c7b73f813d6a30e36e42a35725f.jpg,wssv::94,wssv,94,1,True,1,False,True,False
train,WSSV-94-img-2_jpg.rf.b0666aed5a8ed657d5445c2228684e8b.jpg,wssv::94,wssv,94,1,True,1,False,True,False
train,WSSV-94-img-3_jpg.rf.4f8af9698e2d3f9fe1be42bd9f1e8acb.jpg,wssv::94,wssv,94,1,True,1,False,True,False
train,WSSV-95-img-1_jpg.rf.23b66674f5e748d2a82b1424759b956a.jpg,wssv::95,wssv,95,1,True,1,False,True,False
train,WSSV-95-img-2_jpg.rf.fe0fc68cb173816c99862541fd0ae13d.jpg,wssv::95,wssv,95,1,True,1,False,True,False
train,WSSV-95-img-3_jpg.rf.29203ea3f48ccf4b1ea17e11faee9a34.jpg,wssv::95,wssv,95,1,True,1,False,True,False
train,WSSV-96-img-1_jpg.rf.a3da0be27f2c79c820065f64bf4d570f.jpg,wssv::96,wssv,96,1,True,1,False,True,False
train,WSSV-96-img-2_jpg.rf.49f23a289d0c594403443ee5efbc5b35.jpg,wssv::96,wssv,96,1,True,1,False,True,False
train,WSSV-97-img-1_jpg.rf.39ef3f5349d33e27ca789b60e3433123.jpg,wssv::97,wssv,97,1,True,1,False,True,False
train,WSSV-97-img-3_jpg.rf.94101195c540b2a49baf19f63188a6c4.jpg,wssv::97,wssv,97,1,True,1,False,True,False
train,WSSV-98-img-2_jpg.rf.da0e7ab1ca9b61b6862d3aa034dd882e.jpg,wssv::98,wssv,98,1,True,1,False,True,False
train,WSSV-98-img-3_jpg.rf.b57af29684d3df394a1d6831ff0ad122.jpg,wssv::98,wssv,98,1,True,1,False,True,False
train,WSSV-99-img-1_jpg.rf.612202cbc52bc66acd004c27e5bf21d6.jpg,wssv::99,wssv,99,1,True,1,False,True,False
train,WSSV_BG-1-img-2_jpg.rf.386e8974819061f3752bb278f461a58b.jpg,wssv_bg::1,wssv_bg,1,2,True,"0,1",True,True,True
train,WSSV_BG-1-img-3_jpg.rf.8fca44e5f7365cc0e1e98a12831b5fc2.jpg,wssv_bg::1,wssv_bg,1,2,True,"0,1",True,True,True
train,WSSV_BG-10-img-1_jpg.rf.61fffe03855d5e5323e1033b66a449c7.jpg,wssv_bg::10,wssv_bg,10,3,True,"0,1",True,True,True
train,WSSV_BG-10-img-2_jpg.rf.147f4fae25f866a4210e05bd48dd4491.jpg,wssv_bg::10,wssv_bg,10,3,True,"0,1",True,True,True
train,WSSV_BG-10-img-3_jpg.rf.87db521af8a33f1bbedaf3b54ffdb040.jpg,wssv_bg::10,wssv_bg,10,3,True,"0,1",True,True,True
train,WSSV_BG-11-img-1_jpg.rf.c31de6a867ba5495adc077c2a0d73a7b.jpg,wssv_bg::11,wssv_bg,11,2,True,"0,1",True,True,True
train,WSSV_BG-11-img-2_jpg.rf.8728d40411f4afd68b124f87acb36b03.jpg,wssv_bg::11,wssv_bg,11,2,True,"0,1",True,True,True
train,WSSV_BG-11-img-3_jpg.rf.6c5ff3a8c422fd7854e82ffe5dff3bf1.jpg,wssv_bg::11,wssv_bg,11,2,True,"0,1",True,True,True
train,WSSV_BG-12-img-1_jpg.rf.83e5597e6c6b7fe0daeb5f76cffc0dbc.jpg,wssv_bg::12,wssv_bg,12,4,True,"0,1",True,True,True
train,WSSV_BG-13-img-1_jpg.rf.f96e70e4f67eed336271fbc6a2d0e2f0.jpg,wssv_bg::13,wssv_bg,13,2,True,"0,1",True,True,True
train,WSSV_BG-13-img-2_jpg.rf.c5c4bdbe54f58efd08cc9a367be4b4a3.jpg,wssv_bg::13,wssv_bg,13,2,True,"0,1",True,True,True
train,WSSV_BG-13-img-3_jpg.rf.5179196b92bcb915dcab20c379c259b5.jpg,wssv_bg::13,wssv_bg,13,2,True,"0,1",True,True,True
train,WSSV_BG-14-img-2_jpg.rf.6a04d14e2d208359d39c307c9501442d.jpg,wssv_bg::14,wssv_bg,14,2,True,"0,1",True,True,True
train,WSSV_BG-15-img-1_jpg.rf.37c186aba56de200b0ed29b425cd7553.jpg,wssv_bg::15,wssv_bg,15,3,True,"0,1",True,True,True
train,WSSV_BG-15-img-2_jpg.rf.9ba10f2afa594e8ee2ca4dbc53fd0159.jpg,wssv_bg::15,wssv_bg,15,3,True,"0,1",True,True,True
train,WSSV_BG-16-img-1_jpg.rf.8829945dc6b0d0ca1bedd527ad892ff6.jpg,wssv_bg::16,wssv_bg,16,2,True,"0,1",True,True,True
train,WSSV_BG-16-img-2_jpg.rf.fb1683b0c67c64c7c0cdaaf7f4d02123.jpg,wssv_bg::16,wssv_bg,16,2,True,"0,1",True,True,True
train,WSSV_BG-17-img-2_jpg.rf.9b994f42245f9e8fb49c3e8cb58a484c.jpg,wssv_bg::17,wssv_bg,17,3,True,"0,1",True,True,True
train,WSSV_BG-17-img-3_jpg.rf.09600dc698cc17c6c55123e74c8a4b00.jpg,wssv_bg::17,wssv_bg,17,3,True,"0,1",True,True,True
train,WSSV_BG-18-img-1_jpg.rf.584dde3b73fe37470dd8a95f1e3a21a8.jpg,wssv_bg::18,wssv_bg,18,2,True,"0,1",True,True,True
train,WSSV_BG-18-img-2_jpg.rf.b0fccd47b8dc3b29103558073c8b544d.jpg,wssv_bg::18,wssv_bg,18,2,True,"0,1",True,True,True
train,WSSV_BG-18-img-3_jpg.rf.dc4d4460b497d93eef12d942f229b6df.jpg,wssv_bg::18,wssv_bg,18,2,True,"0,1",True,True,True
train,WSSV_BG-19-img-2_jpg.rf.d3992973ae4b003374c4381474c38e9a.jpg,wssv_bg::19,wssv_bg,19,2,True,"0,1",True,True,True
train,WSSV_BG-19-img-3_jpg.rf.bd796cbebb063a12e8df9e41003051d8.jpg,wssv_bg::19,wssv_bg,19,2,True,"0,1",True,True,True
train,WSSV_BG-2-img-1_jpg.rf.7fab84f226913dadb6bf76eecaf3b51a.jpg,wssv_bg::2,wssv_bg,2,2,True,"0,1",True,True,True
train,WSSV_BG-2-img-2_jpg.rf.114740523056a4edf8d72cd4f0c38c12.jpg,wssv_bg::2,wssv_bg,2,2,True,"0,1",True,True,True
train,WSSV_BG-2-img-3_jpg.rf.7c6f6fa96cec9e9afe0a49dd383bbaf2.jpg,wssv_bg::2,wssv_bg,2,2,True,"0,1",True,True,True
train,WSSV_BG-20-img-1_jpg.rf.1fc35a3fea7bab34e402173d2be0bfe5.jpg,wssv_bg::20,wssv_bg,20,2,True,"0,1",True,True,True
train,WSSV_BG-20-img-2_jpg.rf.bd48f00ee74863d3193d43bcb328f12c.jpg,wssv_bg::20,wssv_bg,20,2,True,"0,1",True,True,True
train,WSSV_BG-20-img-3_jpg.rf.4a796869f62b2bdba5aaa5603fb18a3e.jpg,wssv_bg::20,wssv_bg,20,2,True,"0,1",True,True,True
train,WSSV_BG-21-img-1_jpg.rf.a11d9e387354dabe6e1f3aee3dfcb8f6.jpg,wssv_bg::21,wssv_bg,21,2,True,"0,1",True,True,True
train,WSSV_BG-21-img-2_jpg.rf.be46baf70c89c3b91065c4dc8f095bde.jpg,wssv_bg::21,wssv_bg,21,2,True,"0,1",True,True,True
train,WSSV_BG-22-img-2_jpg.rf.b740c541272495f70368a81927b66fc5.jpg,wssv_bg::22,wssv_bg,22,2,True,"0,1",True,True,True
train,WSSV_BG-22-img-3_jpg.rf.d6789f4b10cf68088e17060bd48d0656.jpg,wssv_bg::22,wssv_bg,22,2,True,"0,1",True,True,True
train,WSSV_BG-23-img-1_jpg.rf.c21c30f8f074efa8131992e0113afeae.jpg,wssv_bg::23,wssv_bg,23,2,True,"0,1",True,True,True
train,WSSV_BG-24-img-2_jpg.rf.e13ef4bc1f1ac6418eb14aee07ace2dc.jpg,wssv_bg::24,wssv_bg,24,2,True,"0,1",True,True,True
train,WSSV_BG-24-img-3_jpg.rf.b626784e55aa44c11b2f16767feb2c94.jpg,wssv_bg::24,wssv_bg,24,2,True,"0,1",True,True,True
train,WSSV_BG-25-img-2_jpg.rf.05c799de72fa71bfe6df816b529a259b.jpg,wssv_bg::25,wssv_bg,25,2,True,"0,1",True,True,True
train,WSSV_BG-25-img-3_jpg.rf.b2488bf95ea8d2ff34a499683cd202b7.jpg,wssv_bg::25,wssv_bg,25,2,True,"0,1",True,True,True
train,WSSV_BG-26-img-1_jpg.rf.7d4581453cb80929a2c7f1565d10c0e2.jpg,wssv_bg::26,wssv_bg,26,2,True,"0,1",True,True,True
train,WSSV_BG-26-img-2_jpg.rf.f81a7a485b72b2009afc83c37be682b4.jpg,wssv_bg::26,wssv_bg,26,2,True,"0,1",True,True,True
train,WSSV_BG-26-img-3_jpg.rf.cb0655c4ad502cd9c6ab111da2040e3f.jpg,wssv_bg::26,wssv_bg,26,2,True,"0,1",True,True,True
train,WSSV_BG-27-img-1_jpg.rf.870f3412573640ca87e663d32f6d60a2.jpg,wssv_bg::27,wssv_bg,27,2,True,"0,1",True,True,True
train,WSSV_BG-27-img-2_jpg.rf.0fe26059fa8f22aab66f8959e6779770.jpg,wssv_bg::27,wssv_bg,27,2,True,"0,1",True,True,True
train,WSSV_BG-28-img-1_jpg.rf.aa8df3a1f061d043c7389a68273b4792.jpg,wssv_bg::28,wssv_bg,28,2,True,"0,1",True,True,True
train,WSSV_BG-28-img-2_jpg.rf.e8658e79f3d079ef9bba200de7045a98.jpg,wssv_bg::28,wssv_bg,28,2,True,"0,1",True,True,True
train,WSSV_BG-28-img-3_jpg.rf.e37ec1b0890928c2868ed6f6843422ca.jpg,wssv_bg::28,wssv_bg,28,2,True,"0,1",True,True,True
train,WSSV_BG-29-img-1_jpg.rf.6c9f37c97bfc6c6ca422637a93d24f37.jpg,wssv_bg::29,wssv_bg,29,2,True,"0,1",True,True,True
train,WSSV_BG-29-img-2_jpg.rf.62b792b0f699ec5c5811baf33084aa9a.jpg,wssv_bg::29,wssv_bg,29,2,True,"0,1",True,True,True
train,WSSV_BG-29-img-3_jpg.rf.df831ddc79dc497d8c25ae31ce79ff05.jpg,wssv_bg::29,wssv_bg,29,2,True,"0,1",True,True,True
train,WSSV_BG-3-img-1_jpg.rf.370a37409c96beb75c3156b766c9b0ff.jpg,wssv_bg::3,wssv_bg,3,2,True,"0,1",True,True,True
train,WSSV_BG-3-img-2_jpg.rf.9d0d8f2cc83b818d44dfe0d95501142e.jpg,wssv_bg::3,wssv_bg,3,2,True,"0,1",True,True,True
train,WSSV_BG-3-img-3_jpg.rf.5df542acbd410642979f664a9aea362c.jpg,wssv_bg::3,wssv_bg,3,2,True,"0,1",True,True,True
train,WSSV_BG-30-img-2_jpg.rf.088fda0f1bf984015929ed22814b121a.jpg,wssv_bg::30,wssv_bg,30,2,True,"0,1",True,True,True
train,WSSV_BG-31-img-1_jpg.rf.abaf46d0de8cb71d6420c96a32908542.jpg,wssv_bg::31,wssv_bg,31,2,True,"0,1",True,True,True
train,WSSV_BG-31-img-2_jpg.rf.27d8741ba5b8a645973e287f106bf884.jpg,wssv_bg::31,wssv_bg,31,2,True,"0,1",True,True,True
train,WSSV_BG-32-img-1_jpg.rf.8a0884f924363bd760300b9065affcac.jpg,wssv_bg::32,wssv_bg,32,2,True,"0,1",True,True,True
train,WSSV_BG-32-img-2_jpg.rf.89c14d087ab548c725df3446cc3c5319.jpg,wssv_bg::32,wssv_bg,32,2,True,"0,1",True,True,True
train,WSSV_BG-32-img-3_jpg.rf.5357246028f7d9f20613a33b142945f6.jpg,wssv_bg::32,wssv_bg,32,3,True,"0,1",True,True,True
train,WSSV_BG-33-img-1_jpg.rf.90d11fdfacbbb40f5dcb57837e5e0a1e.jpg,wssv_bg::33,wssv_bg,33,2,True,"0,1",True,True,True
train,WSSV_BG-33-img-2_jpg.rf.bb7f66f7b91d78ebf1dfb74cd627beae.jpg,wssv_bg::33,wssv_bg,33,2,True,"0,1",True,True,True
train,WSSV_BG-33-img-3_jpg.rf.996b2d9e647242ab2010efeecb7a115c.jpg,wssv_bg::33,wssv_bg,33,2,True,"0,1",True,True,True
train,WSSV_BG-34-img-2_jpg.rf.b7971d85c6ea1854e504f145799e860e.jpg,wssv_bg::34,wssv_bg,34,3,True,"0,1",True,True,True
train,WSSV_BG-35-img-1_jpg.rf.3b16d5207e2e3338b78d4f40e59aaf79.jpg,wssv_bg::35,wssv_bg,35,2,True,"0,1",True,True,True
train,WSSV_BG-36-img-1_jpg.rf.2c244fac4bc2e53555be218e68ff54bf.jpg,wssv_bg::36,wssv_bg,36,3,True,"0,1",True,True,True
train,WSSV_BG-36-img-3_jpg.rf.605478ced3cd80e5a18d80694c90128f.jpg,wssv_bg::36,wssv_bg,36,2,True,"0,1",True,True,True
train,WSSV_BG-37-img-1_jpg.rf.d92b2cad91f83aad5ecfadf222aedabd.jpg,wssv_bg::37,wssv_bg,37,2,True,"0,1",True,True,True
train,WSSV_BG-37-img-2_jpg.rf.6fd49f3129c859eeef29cfc810d0e59e.jpg,wssv_bg::37,wssv_bg,37,2,True,"0,1",True,True,True
train,WSSV_BG-37-img-3_jpg.rf.a8f25c6708ad231f5834feaf7266b498.jpg,wssv_bg::37,wssv_bg,37,2,True,"0,1",True,True,True
train,WSSV_BG-38-img-1_jpg.rf.d6a6dfdf1f80608e53a3357978f7be72.jpg,wssv_bg::38,wssv_bg,38,3,True,"0,1",True,True,True
train,WSSV_BG-38-img-2_jpg.rf.2b29c8c5601f0c3baf0d363cdb220e07.jpg,wssv_bg::38,wssv_bg,38,6,True,"0,1",True,True,True
train,WSSV_BG-38-img-3_jpg.rf.38f4fa1d4dc03bd4e57fbffa872525e8.jpg,wssv_bg::38,wssv_bg,38,6,True,"0,1",True,True,True
train,WSSV_BG-39-img-1_jpg.rf.93049bdfb52b0da94055c67c99d547db.jpg,wssv_bg::39,wssv_bg,39,2,True,"0,1",True,True,True
train,WSSV_BG-39-img-2_jpg.rf.001f7adac550de74cea447eeec0bfbb7.jpg,wssv_bg::39,wssv_bg,39,2,True,"0,1",True,True,True
train,WSSV_BG-4-img-2_jpg.rf.31ae5fc52e438d7b99a716254264916e.jpg,wssv_bg::4,wssv_bg,4,3,True,"0,1",True,True,True
train,WSSV_BG-40-img-1_jpg.rf.5826ae1dffa22ef3bacad0abb8ccd8c2.jpg,wssv_bg::40,wssv_bg,40,2,True,"0,1",True,True,True
train,WSSV_BG-40-img-2_jpg.rf.052bcb6570a5239658685baf97d0b371.jpg,wssv_bg::40,wssv_bg,40,3,True,"0,1",True,True,True
train,WSSV_BG-41-img-1_jpg.rf.8cecb39ef898a0715ca772006668c415.jpg,wssv_bg::41,wssv_bg,41,2,True,"0,1",True,True,True
train,WSSV_BG-41-img-2_jpg.rf.bfc752f1f62c8bfad049729a1590f18d.jpg,wssv_bg::41,wssv_bg,41,2,True,"0,1",True,True,True
train,WSSV_BG-41-img-3_jpg.rf.2fddcf9d045126039504e7c8e5a367e6.jpg,wssv_bg::41,wssv_bg,41,3,True,"0,1",True,True,True
train,WSSV_BG-42-img-1_jpg.rf.5075a83934f03f0ca510c8f2f83ae6b1.jpg,wssv_bg::42,wssv_bg,42,2,True,"0,1",True,True,True
train,WSSV_BG-42-img-2_jpg.rf.bb470ae3a4c65d6168d63707c17622b1.jpg,wssv_bg::42,wssv_bg,42,2,True,"0,1",True,True,True
train,WSSV_BG-42-img-3_jpg.rf.3fd702ff8b74ce5c37259ef18ea4c728.jpg,wssv_bg::42,wssv_bg,42,2,True,"0,1",True,True,True
train,WSSV_BG-43-img-1_jpg.rf.c6405f5619be182139b5ede545483a42.jpg,wssv_bg::43,wssv_bg,43,2,True,"0,1",True,True,True
train,WSSV_BG-43-img-2_jpg.rf.75649be61bfd037e6923a39efccf3385.jpg,wssv_bg::43,wssv_bg,43,2,True,"0,1",True,True,True
train,WSSV_BG-44-img-2_jpg.rf.815b7c313f1820021e85a5de99ce626b.jpg,wssv_bg::44,wssv_bg,44,2,True,"0,1",True,True,True
train,WSSV_BG-45-img-1_jpg.rf.eb4d23cbab2fe49ed219a475dcc40806.jpg,wssv_bg::45,wssv_bg,45,3,True,"0,1",True,True,True
train,WSSV_BG-45-img-2_jpg.rf.f7182e1afe6376431d5e71c538bf806e.jpg,wssv_bg::45,wssv_bg,45,3,True,"0,1",True,True,True
train,WSSV_BG-46-img-1_jpg.rf.a3f23f96783ebde9b37e9936ae3325f6.jpg,wssv_bg::46,wssv_bg,46,2,True,"0,1",True,True,True
train,WSSV_BG-46-img-3_jpg.rf.7eb5d96e290721b599cda2ad8e2f5128.jpg,wssv_bg::46,wssv_bg,46,2,True,"0,1",True,True,True
train,WSSV_BG-47-img-1_jpg.rf.2782a289aa1b282a5666359232f43aa8.jpg,wssv_bg::47,wssv_bg,47,2,True,"0,1",True,True,True
train,WSSV_BG-47-img-2_jpg.rf.86d4f026c80855dc7ff9f965d3271bbd.jpg,wssv_bg::47,wssv_bg,47,2,True,"0,1",True,True,True
train,WSSV_BG-48-img-1_jpg.rf.bb677062c6832fb66b98541c2fade949.jpg,wssv_bg::48,wssv_bg,48,2,True,"0,1",True,True,True
train,WSSV_BG-48-img-2_jpg.rf.064c27b131945362eaef14ec792f2774.jpg,wssv_bg::48,wssv_bg,48,2,True,"0,1",True,True,True
train,WSSV_BG-48-img-3_jpg.rf.5a2d153128bf2f6ccda84cab890709c8.jpg,wssv_bg::48,wssv_bg,48,2,True,"0,1",True,True,True
train,WSSV_BG-49-img-1_jpg.rf.4e0f5e5ceaf4b412c9e477fa3a29e998.jpg,wssv_bg::49,wssv_bg,49,3,True,"0,1",True,True,True
train,WSSV_BG-49-img-3_jpg.rf.460657032e11b034a8912d19ce5ea696.jpg,wssv_bg::49,wssv_bg,49,3,True,"0,1",True,True,True
train,WSSV_BG-5-img-1_jpg.rf.50c489eaf835e6d70c61139d27a0a2c0.jpg,wssv_bg::5,wssv_bg,5,3,True,"0,1",True,True,True
train,WSSV_BG-5-img-2_jpg.rf.7b8fec0d5c328edb96598aa67950cd78.jpg,wssv_bg::5,wssv_bg,5,3,True,"0,1",True,True,True
train,WSSV_BG-5-img-3_jpg.rf.5dac42bdd405c74822f70509e9f5c0fc.jpg,wssv_bg::5,wssv_bg,5,3,True,"0,1",True,True,True
train,WSSV_BG-50-img-1_jpg.rf.27832a8a950869eb791c13ea016beb60.jpg,wssv_bg::50,wssv_bg,50,2,True,"0,1",True,True,True
train,WSSV_BG-50-img-2_jpg.rf.fa08367671cf63c3772837d34e3278a5.jpg,wssv_bg::50,wssv_bg,50,2,True,"0,1",True,True,True
train,WSSV_BG-50-img-3_jpg.rf.f528720d6570ae89aa3c8eb840ca9f33.jpg,wssv_bg::50,wssv_bg,50,2,True,"0,1",True,True,True
train,WSSV_BG-51-img-1_jpg.rf.006d1da91948feae9d26d944e66c05fa.jpg,wssv_bg::51,wssv_bg,51,2,True,"0,1",True,True,True
train,WSSV_BG-51-img-2_jpg.rf.d8467e38bea02cee2a88c84a7cab0384.jpg,wssv_bg::51,wssv_bg,51,2,True,"0,1",True,True,True
train,WSSV_BG-51-img-3_jpg.rf.02806782603cba845687ca66cdaa6b95.jpg,wssv_bg::51,wssv_bg,51,2,True,"0,1",True,True,True
train,WSSV_BG-52-img-1_jpg.rf.afdf9c98d1a1bf5f8ebd6bf6a971ce83.jpg,wssv_bg::52,wssv_bg,52,2,True,"0,1",True,True,True
train,WSSV_BG-52-img-2_jpg.rf.26b33750903d7bf6da0c981a14bfbf03.jpg,wssv_bg::52,wssv_bg,52,2,True,"0,1",True,True,True
train,WSSV_BG-53-img-1_jpg.rf.6414c257dd5e952dd95aea3ce398aaeb.jpg,wssv_bg::53,wssv_bg,53,2,True,"0,1",True,True,True
train,WSSV_BG-54-img-1_jpg.rf.b4aeac1bddffc79b8b152da1547d5b77.jpg,wssv_bg::54,wssv_bg,54,2,True,"0,1",True,True,True
train,WSSV_BG-54-img-2_jpg.rf.e1c6820fe3a101500aafb82c3d26bbe9.jpg,wssv_bg::54,wssv_bg,54,2,True,"0,1",True,True,True
train,WSSV_BG-55-img-1_jpg.rf.d4f18fc6a513f4c9ef56fe41b3b41cd3.jpg,wssv_bg::55,wssv_bg,55,2,True,"0,1",True,True,True
train,WSSV_BG-56-img-1_jpg.rf.2ec502d07c6d28ef9c5fdc11f333351e.jpg,wssv_bg::56,wssv_bg,56,2,True,"0,1",True,True,True
train,WSSV_BG-56-img-2_jpg.rf.a6ecc5dfd7c985917c83b92ad19140c0.jpg,wssv_bg::56,wssv_bg,56,2,True,"0,1",True,True,True
train,WSSV_BG-56-img-3_jpg.rf.5d68d77cdf8697b8ad1b9b177f801aa3.jpg,wssv_bg::56,wssv_bg,56,2,True,"0,1",True,True,True
train,WSSV_BG-57-img-1_jpg.rf.8f306cffec31828dbcb185bbb7c4b871.jpg,wssv_bg::57,wssv_bg,57,2,True,"0,1",True,True,True
train,WSSV_BG-57-img-3_jpg.rf.e5583c307baa4667f37c22d9bbaccabf.jpg,wssv_bg::57,wssv_bg,57,2,True,"0,1",True,True,True
train,WSSV_BG-58-img-1_jpg.rf.86e54ce5d183866773f96e99ac688af8.jpg,wssv_bg::58,wssv_bg,58,2,True,"0,1",True,True,True
train,WSSV_BG-59-img-1_jpg.rf.da8b2e46ae693cb793cc531106453185.jpg,wssv_bg::59,wssv_bg,59,2,True,"0,1",True,True,True
train,WSSV_BG-6-img-1_jpg.rf.8468bfd9d9329ec9d9104c4396c12fd5.jpg,wssv_bg::6,wssv_bg,6,2,True,"0,1",True,True,True
train,WSSV_BG-60-img-1_jpg.rf.245a0cdf5d0d9da46a34d10e0aa99064.jpg,wssv_bg::60,wssv_bg,60,2,True,"0,1",True,True,True
train,WSSV_BG-61-img-2_jpg.rf.223ebe8e63801d64152f5fe26df41fbc.jpg,wssv_bg::61,wssv_bg,61,2,True,"0,1",True,True,True
train,WSSV_BG-61-img-3_jpg.rf.92d13ce794bbd1dcb50f78c477ebc574.jpg,wssv_bg::61,wssv_bg,61,2,True,"0,1",True,True,True
train,WSSV_BG-62-img-1_jpg.rf.71e91574a1492af2c83bbbadc7709171.jpg,wssv_bg::62,wssv_bg,62,2,True,"0,1",True,True,True
train,WSSV_BG-62-img-2_jpg.rf.c284ecbc9306143856a75a09631d2a11.jpg,wssv_bg::62,wssv_bg,62,2,True,"0,1",True,True,True
train,WSSV_BG-63-img-1_jpg.rf.514417cd284700ffe2ff3b2e504e6e9d.jpg,wssv_bg::63,wssv_bg,63,2,True,"0,1",True,True,True
train,WSSV_BG-63-img-2_jpg.rf.0563dfd54e07b682af2917917ae1386a.jpg,wssv_bg::63,wssv_bg,63,2,True,"0,1",True,True,True
train,WSSV_BG-63-img-3_jpg.rf.e29c2308f9f3cbd17d57df2d5987d091.jpg,wssv_bg::63,wssv_bg,63,2,True,"0,1",True,True,True
train,WSSV_BG-64-img-1_jpg.rf.3208a596daf246301f58b12bddc0681a.jpg,wssv_bg::64,wssv_bg,64,3,True,"0,1",True,True,True
train,WSSV_BG-64-img-3_jpg.rf.84ba62073be24f47f7980abe7a1bb2ed.jpg,wssv_bg::64,wssv_bg,64,3,True,"0,1",True,True,True
train,WSSV_BG-65-img-1_jpg.rf.45f8dc35ad97eadb0308d450ab12ea06.jpg,wssv_bg::65,wssv_bg,65,2,True,"0,1",True,True,True
train,WSSV_BG-65-img-3_jpg.rf.2e4bdef19f4c563b1b6cfde5243c1b24.jpg,wssv_bg::65,wssv_bg,65,2,True,"0,1",True,True,True
train,WSSV_BG-66-img-1_jpg.rf.8a9845b0fccffd847775599856f89906.jpg,wssv_bg::66,wssv_bg,66,2,True,"0,1",True,True,True
train,WSSV_BG-66-img-2_jpg.rf.f54828b3cf5cf89cd3af71a3d9340e12.jpg,wssv_bg::66,wssv_bg,66,2,True,"0,1",True,True,True
train,WSSV_BG-67-img-1_jpg.rf.b49dc3c4a3c8719a17818ed25a9a6dbb.jpg,wssv_bg::67,wssv_bg,67,3,True,"0,1",True,True,True
train,WSSV_BG-67-img-2_jpg.rf.1a0d21da8a3562d532cb87a8119d9b5c.jpg,wssv_bg::67,wssv_bg,67,3,True,"0,1",True,True,True
train,WSSV_BG-67-img-3_jpg.rf.85d503e2ea6fa890bee9f9d0a251eeb9.jpg,wssv_bg::67,wssv_bg,67,3,True,"0,1",True,True,True
train,WSSV_BG-68-img-1_jpg.rf.467f4fa2ddc82e4b61fd786784db8674.jpg,wssv_bg::68,wssv_bg,68,2,True,"0,1",True,True,True
train,WSSV_BG-68-img-3_jpg.rf.8e85d8998938700763e6f87a2eaa945b.jpg,wssv_bg::68,wssv_bg,68,2,True,"0,1",True,True,True
train,WSSV_BG-69-img-1_jpg.rf.e347b796f06287798293bf4fdd0323db.jpg,wssv_bg::69,wssv_bg,69,2,True,"0,1",True,True,True
train,WSSV_BG-69-img-2_jpg.rf.09ab8d1307ea10f697553e423a506597.jpg,wssv_bg::69,wssv_bg,69,2,True,"0,1",True,True,True
train,WSSV_BG-69-img-3_jpg.rf.6ed6a6ccbe25d10b97993f40b3ac2f25.jpg,wssv_bg::69,wssv_bg,69,2,True,"0,1",True,True,True
train,WSSV_BG-7-img-1_jpg.rf.b8f87384bf5c334faa031ea22b0cce71.jpg,wssv_bg::7,wssv_bg,7,2,True,"0,1",True,True,True
train,WSSV_BG-7-img-3_jpg.rf.5b902f5e1676aa5b2d4de56ac15d3256.jpg,wssv_bg::7,wssv_bg,7,2,True,"0,1",True,True,True
train,WSSV_BG-70-img-1_jpg.rf.86f27ec1d9b7efa7bf6dde9942f77309.jpg,wssv_bg::70,wssv_bg,70,2,True,"0,1",True,True,True
train,WSSV_BG-70-img-2_jpg.rf.ab51a017d9053d02de1800e6aa07ca29.jpg,wssv_bg::70,wssv_bg,70,2,True,"0,1",True,True,True
train,WSSV_BG-70-img-3_jpg.rf.5033bdc470e5b492d233cbe315e835d3.jpg,wssv_bg::70,wssv_bg,70,2,True,"0,1",True,True,True
train,WSSV_BG-71-img-1_jpg.rf.13517643a452a8163174de65d362ffe1.jpg,wssv_bg::71,wssv_bg,71,2,True,"0,1",True,True,True
train,WSSV_BG-72-img-1_jpg.rf.8c6a54779ee80188ee4ae46cb087d273.jpg,wssv_bg::72,wssv_bg,72,3,True,"0,1",True,True,True
train,WSSV_BG-72-img-2_jpg.rf.de44a33bb2fe25f7674b595bdd3a2df4.jpg,wssv_bg::72,wssv_bg,72,3,True,"0,1",True,True,True
train,WSSV_BG-72-img-3_jpg.rf.87fc36dd2652d233d8000d97eee2fa37.jpg,wssv_bg::72,wssv_bg,72,3,True,"0,1",True,True,True
train,WSSV_BG-73-img-1_jpg.rf.b8dcb4d920826751743337fb3b5796a7.jpg,wssv_bg::73,wssv_bg,73,2,True,"0,1",True,True,True
train,WSSV_BG-74-img-3_jpg.rf.42eafdc28beeafbba38e042ce11304c0.jpg,wssv_bg::74,wssv_bg,74,2,True,"0,1",True,True,True
train,WSSV_BG-75-img-1_jpg.rf.765d783e97f869a4327e168d023541ee.jpg,wssv_bg::75,wssv_bg,75,3,True,"0,1",True,True,True
train,WSSV_BG-75-img-2_jpg.rf.d48e1f530b059b7e4c3dd04771c23b25.jpg,wssv_bg::75,wssv_bg,75,3,True,"0,1",True,True,True
train,WSSV_BG-76-img-2_jpg.rf.7409204bdab90514d80c4a6cac2a8e01.jpg,wssv_bg::76,wssv_bg,76,2,True,"0,1",True,True,True
train,WSSV_BG-76-img-3_jpg.rf.20e406d6892da60f5e3e5266cc528b39.jpg,wssv_bg::76,wssv_bg,76,2,True,"0,1",True,True,True
train,WSSV_BG-77-img-1_jpg.rf.386c013c2904ca2271199eb580b698c7.jpg,wssv_bg::77,wssv_bg,77,2,True,"0,1",True,True,True
train,WSSV_BG-77-img-2_jpg.rf.6044202351c09747853d251d329ecb88.jpg,wssv_bg::77,wssv_bg,77,2,True,"0,1",True,True,True
train,WSSV_BG-78-img-1_jpg.rf.9200247a145dae6ca6d1b19ff0007136.jpg,wssv_bg::78,wssv_bg,78,2,True,"0,1",True,True,True
train,WSSV_BG-78-img-2_jpg.rf.940689d2497d81f7eaf0fe229a96c08a.jpg,wssv_bg::78,wssv_bg,78,2,True,"0,1",True,True,True
train,WSSV_BG-79-img-1_jpg.rf.0dd2678c90af3b09cb7ad8e213e71b23.jpg,wssv_bg::79,wssv_bg,79,2,True,"0,1",True,True,True
train,WSSV_BG-79-img-2_jpg.rf.c7e571fbac6a88b6f0c986bd29fc4806.jpg,wssv_bg::79,wssv_bg,79,2,True,"0,1",True,True,True
train,WSSV_BG-79-img-3_jpg.rf.3a0311e8220a82d4f0624ab9689ee0dd.jpg,wssv_bg::79,wssv_bg,79,2,True,"0,1",True,True,True
train,WSSV_BG-8-img-3_jpg.rf.d9bd6382a22e9fc27eea1c9fbaa62a41.jpg,wssv_bg::8,wssv_bg,8,3,True,"0,1",True,True,True
train,WSSV_BG-81-img-1_jpg.rf.e804a3c40c19a1bf16154b0520481e14.jpg,wssv_bg::81,wssv_bg,81,2,True,"0,1",True,True,True
train,WSSV_BG-9-img-1_jpg.rf.62e45c84896b65f7d089b951a3011d9c.jpg,wssv_bg::9,wssv_bg,9,2,True,"0,1",True,True,True
train,WSSV_BG-9-img-2_jpg.rf.17c75b06864fae000aad19083142753a.jpg,wssv_bg::9,wssv_bg,9,2,True,"0,1",True,True,True
valid,BG-1-img-1_jpg.rf.7644eb4f1642ef8949a0cb2cc904c0cf.jpg,bg::1,bg,1,1,True,0,True,False,False
valid,BG-11-img-1_jpg.rf.af853d7ac1f120d2ff2e7a8504e19f7f.jpg,bg::11,bg,11,1,True,0,True,False,False
valid,BG-11-img-2_jpg.rf.777be664a0bc1998c510a5aab49fc26e.jpg,bg::11,bg,11,1,True,0,True,False,False
valid,BG-17-img-1_jpg.rf.e50e30daca8479d943c18a821ce73f3b.jpg,bg::17,bg,17,1,True,0,True,False,False
valid,BG-19-img-1_jpg.rf.4077ca2bc7501cfff1b738f8d81bc9e7.jpg,bg::19,bg,19,1,True,0,True,False,False
valid,BG-22-img-2_jpg.rf.df72b43b444c61c5168de0db4c796926.jpg,bg::22,bg,22,1,True,0,True,False,False
valid,BG-31-img-2_jpg.rf.c575f17fea8904356d4979c6bdd50bc3.jpg,bg::31,bg,31,1,True,0,True,False,False
valid,BG-31-img-3_jpg.rf.f3297f5d28fe82ccf541f72a044180d9.jpg,bg::31,bg,31,1,True,0,True,False,False
valid,BG-35-img-3_jpg.rf.40e461c434aed60914ce256df455f5fd.jpg,bg::35,bg,35,1,True,0,True,False,False
valid,BG-36-img-1_jpg.rf.c0682b9eefd4aafa1cc3f5cdcc597d23.jpg,bg::36,bg,36,1,True,0,True,False,False
valid,BG-36-img-3_jpg.rf.70b965d9b6f143e628234bde47413d7d.jpg,bg::36,bg,36,1,True,0,True,False,False
valid,BG-39-img-2_jpg.rf.46fc49216ebab4344fa041787af40d45.jpg,bg::39,bg,39,1,True,0,True,False,False
valid,BG-40-img-3_jpg.rf.7cad746bc15aa5a5787db0da8f05bd21.jpg,bg::40,bg,40,1,True,0,True,False,False
valid,BG-53-img-1_jpg.rf.cab7ead4030794c954c825d5514ccba0.jpg,bg::53,bg,53,1,True,0,True,False,False
valid,BG-54-img-3_jpg.rf.eb7dc83b501618338d62023fd17a1bdd.jpg,bg::54,bg,54,1,True,0,True,False,False
valid,BG-55-img-3_jpg.rf.0963881c1ec01bf515d8a043f4e94b07.jpg,bg::55,bg,55,1,True,0,True,False,False
valid,BG-68-img-1_jpg.rf.7b35a61127d5328f1a1f97073493d816.jpg,bg::68,bg,68,1,True,0,True,False,False
valid,BG-69-img-2_jpg.rf.4e6ef954f558b67e3f8e8b8c4878ae3e.jpg,bg::69,bg,69,1,True,0,True,False,False
valid,Healthy-100-img-2_jpg.rf.6db068dea378a405dcf81e6f99861d17.jpg,healthy::100,healthy,100,0,False,,False,False,False
valid,Healthy-104-img-1_jpg.rf.0db9dd846957824528bd82013fc39354.jpg,healthy::104,healthy,104,0,False,,False,False,False
valid,Healthy-104-img-2_jpg.rf.43cb7d7c83d04c063cc93c9d97a2424e.jpg,healthy::104,healthy,104,0,False,,False,False,False
valid,Healthy-105-img-2_jpg.rf.e379304251bb31ab3bbb9fbb1dec51af.jpg,healthy::105,healthy,105,0,False,,False,False,False
valid,Healthy-107-img-2_jpg.rf.03f989f174d96f542a4311836717046b.jpg,healthy::107,healthy,107,0,False,,False,False,False
valid,Healthy-109-img-1_jpg.rf.b582a9ea9c2d7305615ffb81b36b7c5f.jpg,healthy::109,healthy,109,0,False,,False,False,False
valid,Healthy-11-img-3_jpg.rf.ba6bede3f0e2b3bb21f8d32b12bedc4e.jpg,healthy::11,healthy,11,0,False,,False,False,False
valid,Healthy-112-img-2_jpg.rf.6df183916de5bcf718209d6a7f0a4c8c.jpg,healthy::112,healthy,112,0,False,,False,False,False
valid,Healthy-113-img-1_jpg.rf.e4043c35bf0049b3e42c0c415686eb8d.jpg,healthy::113,healthy,113,0,False,,False,False,False
valid,Healthy-113-img-2_jpg.rf.a2cf84551fa6b9e8600ec033111f70b2.jpg,healthy::113,healthy,113,0,False,,False,False,False
valid,Healthy-114-img-1_jpg.rf.45d0e11407927f4ad1eac2c6546793a0.jpg,healthy::114,healthy,114,0,False,,False,False,False
valid,Healthy-115-img-3_jpg.rf.85254cc71bb752b340543489b552f143.jpg,healthy::115,healthy,115,0,False,,False,False,False
valid,Healthy-121-img-2_jpg.rf.01653c99ccbd4ac0a4ba4c7d04a576c0.jpg,healthy::121,healthy,121,0,False,,False,False,False
valid,Healthy-134-img-3_jpg.rf.e2db7b28fc66f3c9fcc42c5b62ca6f9c.jpg,healthy::134,healthy,134,0,False,,False,False,False
valid,Healthy-136-img-2_jpg.rf.a2a513d9986ba387f62ed694ffd45fb5.jpg,healthy::136,healthy,136,0,False,,False,False,False
valid,Healthy-14-img-2_jpg.rf.590275ce6233e674ebfa924b23063374.jpg,healthy::14,healthy,14,0,False,,False,False,False
valid,Healthy-141-img-3_jpg.rf.f1e9e3b0e8731e419e874d0c79d9e434.jpg,healthy::141,healthy,141,0,False,,False,False,False
valid,Healthy-16-img-2_jpg.rf.87d5b10f781ec2a6a3d4e3128aa5b5dd.jpg,healthy::16,healthy,16,0,False,,False,False,False
valid,Healthy-23-img-1_jpg.rf.10146303b3472a09f6830e99c32daa1f.jpg,healthy::23,healthy,23,0,False,,False,False,False
valid,Healthy-26-img-2_jpg.rf.d6000befa8de76ee47c5c0fa0523f757.jpg,healthy::26,healthy,26,0,False,,False,False,False
valid,Healthy-3-img-2_jpg.rf.74306d6371c72b36159fc2eb3e2158ca.jpg,healthy::3,healthy,3,0,False,,False,False,False
valid,Healthy-38-img-3_jpg.rf.63bade7defbdb136c6f91ae3251863f7.jpg,healthy::38,healthy,38,0,False,,False,False,False
valid,Healthy-46-img-3_jpg.rf.cd7ce0c85b7b58ae0d96860a1df55c3a.jpg,healthy::46,healthy,46,0,False,,False,False,False
valid,Healthy-50-img-3_jpg.rf.f019f95ab105d9eb10efa6451e52536d.jpg,healthy::50,healthy,50,0,False,,False,False,False
valid,Healthy-56-img-1_jpg.rf.218f0ef7dae7d2ca84d0c15e5eaeae45.jpg,healthy::56,healthy,56,0,False,,False,False,False
valid,Healthy-62-img-2_jpg.rf.ce6f4c6c2c9d60ca56bd5721d4ced2b5.jpg,healthy::62,healthy,62,0,False,,False,False,False
valid,Healthy-63-img-1_jpg.rf.2cb2e02a91c6a91aa76628ddb485ab2e.jpg,healthy::63,healthy,63,0,False,,False,False,False
valid,Healthy-66-img-3_jpg.rf.96d260271b2a3c60d26365d9a53ec26e.jpg,healthy::66,healthy,66,0,False,,False,False,False
valid,Healthy-67-img-3_jpg.rf.3500cafc95377f3629014c5846ea39cc.jpg,healthy::67,healthy,67,0,False,,False,False,False
valid,Healthy-75-img-3_jpg.rf.87bf1890ba67e53ef8cd4ad750714b27.jpg,healthy::75,healthy,75,0,False,,False,False,False
valid,Healthy-76-img-3_jpg.rf.ef17b840d0ffd8eb7e187fcb37a8f393.jpg,healthy::76,healthy,76,0,False,,False,False,False
valid,Healthy-8-img-2_jpg.rf.b1f75b884ed77f231bce36e971085699.jpg,healthy::8,healthy,8,0,False,,False,False,False
valid,Healthy-8-img-3_jpg.rf.db39ea56a3fd564851156b11281c380a.jpg,healthy::8,healthy,8,0,False,,False,False,False
valid,Healthy-80-img-3_jpg.rf.5a8cd44ff785bafca3ad3d9777bddd6a.jpg,healthy::80,healthy,80,0,False,,False,False,False
valid,Healthy-81-img-2_jpg.rf.6f2b15e3bf764774c290a103a8d4c725.jpg,healthy::81,healthy,81,0,False,,False,False,False
valid,Healthy-87-img-1_jpg.rf.51a961d222365303325187a529dc9ce3.jpg,healthy::87,healthy,87,0,False,,False,False,False
valid,Healthy-88-img-3_jpg.rf.6f7d9a96b56d7f6a80061f5c3ff7bcdd.jpg,healthy::88,healthy,88,0,False,,False,False,False
valid,Healthy-92-img-1_jpg.rf.6bba0d81b29e0abcf762aff50b2097e5.jpg,healthy::92,healthy,92,0,False,,False,False,False
valid,Healthy-94-img-1_jpg.rf.e7d72bd624df13ec80312dd0d9af8537.jpg,healthy::94,healthy,94,0,False,,False,False,False
valid,Healthy-96-img-1_jpg.rf.f3c6f59d92721246d9dc8a95cea2f5c5.jpg,healthy::96,healthy,96,0,False,,False,False,False
valid,WSSV-1-img-2_jpg.rf.40688fc7481929d84ec37db2c3cac016.jpg,wssv::1,wssv,1,1,True,1,False,True,False
valid,WSSV-101-img-2_jpg.rf.b7fde986b6331a214dcffd3f712277f8.jpg,wssv::101,wssv,101,1,True,1,False,True,False
valid,WSSV-102-img-2_jpg.rf.ef0fa555d13da1146800e02e51cbc60e.jpg,wssv::102,wssv,102,1,True,1,False,True,False
valid,WSSV-105-img-2_jpg.rf.903105e7f468ab3b44fa6ff4c630ce08.jpg,wssv::105,wssv,105,1,True,1,False,True,False
valid,WSSV-13-img-2_jpg.rf.d097612d27ccf078fb76173f770d7bbd.jpg,wssv::13,wssv,13,1,True,1,False,True,False
valid,WSSV-16-img-3_jpg.rf.326fb75426f0843dda8c028d01850652.jpg,wssv::16,wssv,16,1,True,1,False,True,False
valid,WSSV-2-img-1_jpg.rf.9bfc96814cf8b7cde794cfeaeac53b10.jpg,wssv::2,wssv,2,1,True,1,False,True,False
valid,WSSV-2-img-3_jpg.rf.2be653420c5a75fe538de167acb07879.jpg,wssv::2,wssv,2,1,True,1,False,True,False
valid,WSSV-26-img-2_jpg.rf.42e00496bcb2e420c8a5d36ec08cd08e.jpg,wssv::26,wssv,26,1,True,1,False,True,False
valid,WSSV-32-img-2_jpg.rf.8f3c0c70f787380ceef99317bf6c065d.jpg,wssv::32,wssv,32,1,True,1,False,True,False
valid,WSSV-34-img-2_jpg.rf.9fb399e8242234ec287a0393bd82b881.jpg,wssv::34,wssv,34,1,True,1,False,True,False
valid,WSSV-40-img-2_jpg.rf.9a2cfe8e5d2a8022b7961ca566d03475.jpg,wssv::40,wssv,40,1,True,1,False,True,False
valid,WSSV-45-img-3_jpg.rf.2c93bc43faae80467ad779589e509608.jpg,wssv::45,wssv,45,1,True,1,False,True,False
valid,WSSV-48-img-2_jpg.rf.6b37af331d09510eaadae6f57edd2ab9.jpg,wssv::48,wssv,48,1,True,1,False,True,False
valid,WSSV-5-img-3_jpg.rf.61338cb2a112030ad09344a0246b0380.jpg,wssv::5,wssv,5,1,True,1,False,True,False
valid,WSSV-51-img-1_jpg.rf.7073ae7252c03d92354c8ec889906040.jpg,wssv::51,wssv,51,1,True,1,False,True,False
valid,WSSV-55-img-2_jpg.rf.48eeef7ea60b7f5fc489609ce4838870.jpg,wssv::55,wssv,55,1,True,1,False,True,False
valid,WSSV-57-img-2_jpg.rf.bc22f5bb37f074586105b265b67b478f.jpg,wssv::57,wssv,57,1,True,1,False,True,False
valid,WSSV-65-img-1_jpg.rf.372e114e391ddf86199f680d0ecf3afc.jpg,wssv::65,wssv,65,1,True,1,False,True,False
valid,WSSV-68-img-1_jpg.rf.8e128a42513273267b76ce5432e75a91.jpg,wssv::68,wssv,68,1,True,1,False,True,False
valid,WSSV-72-img-2_jpg.rf.b28b08e646b95908f182d3add474a653.jpg,wssv::72,wssv,72,1,True,1,False,True,False
valid,WSSV-82-img-1_jpg.rf.4ea0ba66390a7d2f202e81a7de9ab10c.jpg,wssv::82,wssv,82,1,True,1,False,True,False
valid,WSSV-88-img-1_jpg.rf.038983b1cf5da8d0791396259e5160d4.jpg,wssv::88,wssv,88,1,True,1,False,True,False
valid,WSSV-9-img-3_jpg.rf.c79dbeda19fad66bc1d72035eedcc21b.jpg,wssv::9,wssv,9,1,True,1,False,True,False
valid,WSSV-91-img-2_jpg.rf.69d94f3e24d957ee0f2feb48a6f7ba41.jpg,wssv::91,wssv,91,1,True,1,False,True,False
valid,WSSV-97-img-2_jpg.rf.184c71bf2069143adbd35aa9f22a9993.jpg,wssv::97,wssv,97,1,True,1,False,True,False
valid,WSSV-98-img-1_jpg.rf.851c9d96412a1212e4030e19e7594600.jpg,wssv::98,wssv,98,1,True,1,False,True,False
valid,WSSV-99-img-2_jpg.rf.ce86a402f6363ac65fca0f4c1347fe82.jpg,wssv::99,wssv,99,1,True,1,False,True,False
valid,WSSV_BG-1-img-1_jpg.rf.0b272870762f3d389643c6cad5d80415.jpg,wssv_bg::1,wssv_bg,1,2,True,"0,1",True,True,True
valid,WSSV_BG-14-img-1_jpg.rf.75ee373dd3e040fa17b069336e93470d.jpg,wssv_bg::14,wssv_bg,14,2,True,"0,1",True,True,True
valid,WSSV_BG-16-img-3_jpg.rf.c9f6796fb254fcc4eb4e49ef6a750f5a.jpg,wssv_bg::16,wssv_bg,16,2,True,"0,1",True,True,True
valid,WSSV_BG-17-img-1_jpg.rf.68d09e532f6b38495d0305759ab3b201.jpg,wssv_bg::17,wssv_bg,17,3,True,"0,1",True,True,True
valid,WSSV_BG-22-img-1_jpg.rf.1385b3e42fa7bff483809a2a8f0036cd.jpg,wssv_bg::22,wssv_bg,22,2,True,"0,1",True,True,True
valid,WSSV_BG-24-img-1_jpg.rf.d5880f23fe77a97777aadfdcf135fa74.jpg,wssv_bg::24,wssv_bg,24,2,True,"0,1",True,True,True
valid,WSSV_BG-25-img-1_jpg.rf.7e374c8ef9f2f8d2def60a8b24fe9b7d.jpg,wssv_bg::25,wssv_bg,25,2,True,"0,1",True,True,True
valid,WSSV_BG-30-img-1_jpg.rf.e16e0841bc17fd33c1c3aaa1ddfa6cbf.jpg,wssv_bg::30,wssv_bg,30,2,True,"0,1",True,True,True
valid,WSSV_BG-31-img-3_jpg.rf.7eb4e85400fdfb3120bd666294031b83.jpg,wssv_bg::31,wssv_bg,31,2,True,"0,1",True,True,True
valid,WSSV_BG-34-img-1_jpg.rf.d41b14f0dd74ef43154a61616a371ef8.jpg,wssv_bg::34,wssv_bg,34,3,True,"0,1",True,True,True
valid,WSSV_BG-34-img-3_jpg.rf.6f07d3fd3e351249f99e23a6b0be5187.jpg,wssv_bg::34,wssv_bg,34,3,True,"0,1",True,True,True
valid,WSSV_BG-35-img-2_jpg.rf.9e8aa987ac8ec59dbbb5a5dec8c8cecd.jpg,wssv_bg::35,wssv_bg,35,2,True,"0,1",True,True,True
valid,WSSV_BG-4-img-1_jpg.rf.26f8c44549c9c5fe09423785b30d15a8.jpg,wssv_bg::4,wssv_bg,4,3,True,"0,1",True,True,True
valid,WSSV_BG-40-img-3_jpg.rf.2cc93f240109ef9deb626e48d6b0bced.jpg,wssv_bg::40,wssv_bg,40,2,True,"0,1",True,True,True
valid,WSSV_BG-46-img-2_jpg.rf.5cdc647d3194df6ef956da4a5abd7cd8.jpg,wssv_bg::46,wssv_bg,46,2,True,"0,1",True,True,True
valid,WSSV_BG-49-img-2_jpg.rf.8800fae2047e6f2a6f43dbe501c5661a.jpg,wssv_bg::49,wssv_bg,49,3,True,"0,1",True,True,True
valid,WSSV_BG-52-img-3_jpg.rf.e99bd88ce1147a655e02a901cfb63aa9.jpg,wssv_bg::52,wssv_bg,52,2,True,"0,1",True,True,True
valid,WSSV_BG-57-img-2_jpg.rf.9fed60270e41e393ad9259ae2e8f9711.jpg,wssv_bg::57,wssv_bg,57,2,True,"0,1",True,True,True
valid,WSSV_BG-58-img-2_jpg.rf.309de253f103119506669b53fe80ffa2.jpg,wssv_bg::58,wssv_bg,58,2,True,"0,1",True,True,True
valid,WSSV_BG-58-img-3_jpg.rf.d0134dacabdd55b1a88bacc96d7e7dbf.jpg,wssv_bg::58,wssv_bg,58,2,True,"0,1",True,True,True
valid,WSSV_BG-59-img-2_jpg.rf.6b128e60ad017e92f3589f6253ba17dc.jpg,wssv_bg::59,wssv_bg,59,2,True,"0,1",True,True,True
valid,WSSV_BG-6-img-3_jpg.rf.dac29d6709d6b6c346eab629f766851c.jpg,wssv_bg::6,wssv_bg,6,2,True,"0,1",True,True,True
valid,WSSV_BG-61-img-1_jpg.rf.21e6814f5f54d20b05b88000e86c22b9.jpg,wssv_bg::61,wssv_bg,61,2,True,"0,1",True,True,True
valid,WSSV_BG-64-img-2_jpg.rf.bdfd884342d783df6c0486bad64dd517.jpg,wssv_bg::64,wssv_bg,64,3,True,"0,1",True,True,True
valid,WSSV_BG-65-img-2_jpg.rf.d285f159d34024ab8c4a197a3ba1cd10.jpg,wssv_bg::65,wssv_bg,65,2,True,"0,1",True,True,True
valid,WSSV_BG-68-img-2_jpg.rf.9a8ab6be40cbabddf3bb301a5290c019.jpg,wssv_bg::68,wssv_bg,68,2,True,"0,1",True,True,True
valid,WSSV_BG-7-img-2_jpg.rf.e1f100783de640a6e82d631eac722f94.jpg,wssv_bg::7,wssv_bg,7,2,True,"0,1",True,True,True
valid,WSSV_BG-77-img-3_jpg.rf.1c8766fc18faac41d48a6b463d746c65.jpg,wssv_bg::77,wssv_bg,77,2,True,"0,1",True,True,True
