split,kind,path,size_bytes,sha256
train,image,/home/drnguyenvinh/notebooks/shrimp_yolo_canonical_bg_wssv_2cls_split70_15_15/images/train/BG-1-img-1.jpg,884749,2aa1952b5e417b0f84aeac664f6a3a5d82290b61b7d53e40db007bb1ee58de91
train,label,/home/drnguyenvinh/notebooks/shrimp_yolo_canonical_bg_wssv_2cls_split70_15_15/labels/train/BG-1-img-1.txt,38,a1e6bd3e916f6e127c9a80dc5a22d69e8bc37a9ad13a21661fa6057d519d3a31
train,image,/home/drnguyenvinh/notebooks/shrimp_yolo_canonical_bg_wssv_2cls_split70_15_15/images/train/BG-1-img-3.jpg,923335,b0cafc9871fc4a4b49e12c9884389566139f0aea4ea000a8e4a9b328f030e01d
train,label,/home/drnguyenvinh/notebooks/shrimp_yolo_canonical_bg_wssv_2cls_split70_15_15/labels/train/BG-1-img-3.txt,38,632f4b7b3a4f61a71e6f5975b4912d1d08c75aa954f4e2c44002d177d30ec17f
train,image,/home/drnguyenvinh/notebooks/shrimp_yolo_canonical_bg_wssv_2cls_split70_15_15/images/train/BG-10-img-1.jpg,878090,0c7555357451adcc4caa368fbb5f7f2c4369dd24d1ba0c4b93020984c3bd9ac2
train,label,/home/drnguyenvinh/notebooks/shrimp_yolo_canonical_bg_wssv_2cls_split70_15_15/labels/train/BG-10-img-1.txt,38,fd68f6758dcc74b89829d844bae0fd004417146ac20d1a845a78bfa6edd1f231
train,image,/home/drnguyenvinh/notebooks/shrimp_yolo_canonical_bg_wssv_2cls_split70_15_15/images/train/BG-10-img-2.jpg,957966,7b89b030302d3a2b5a4492b1904d70c2007cc112e49d89700374b85e82b2c6e8
train,label,/home/drnguyenvinh/notebooks/shrimp_yolo_canonical_bg_wssv_2cls_split70_15_15/labels/train/BG-10-img-2.txt,38,35ebd1d78e412727df85dbcc07abf3e2613e10f7ad8882711bc8673a02b37868
train,image,/home/drnguyenvinh/notebooks/shrimp_yolo_canonical_bg_wssv_2cls_split70_15_15/images/train/BG-10-img-3.jpg,930020,5c9771a7ac34c17337b39ce77da72016c5fd49976fb6bdc711a844b305a49925
train,label,/home/drnguyenvinh/notebooks/shrimp_yolo_canonical_bg_wssv_2cls_split70_15_15/labels/train/BG-10-img-3.txt,38,6177be826a4d686bfdeb07e2a6500b3fe03f72cf8cdb74a0a53386e545400b43
train,image,/home/drnguyenvinh/notebooks/shrimp_yolo_canonical_bg_wssv_2cls_split70_15_15/images/train/BG-12-img-1.jpg,713749,34f489624b140588c554615fb345a351d35a867dfbf3854dd952ecfb08ffff22
train,label,/home/drnguyenvinh/notebooks/shrimp_yolo_canonical_bg_wssv_2cls_split70_15_15/labels/train/BG-12-img-1.txt,76,f23efe549bfed7e6bb2ebf2d54cd4a67f79a2851cb5c118e214f2e91e2b8eb9c
train,image,/home/drnguyenvinh/notebooks/shrimp_yolo_canonical_bg_wssv_2cls_split70_15_15/images/train/BG-12-img-2.jpg,674482,17c910b765bba579a5fac92a3980d6d79e4d9ba2ae3c89430ad758371e0b2df7
train,label,/home/drnguyenvinh/notebooks/shrimp_yolo_canonical_bg_wssv_2cls_split70_15_15/labels/train/BG-12-img-2.txt,38,b06406a45d289ac261b41370c1d0ab46a76691fada28f9416205bb555a9921de
train,image,/home/drnguyenvinh/notebooks/shrimp_yolo_canonical_bg_wssv_2cls_split70_15_15/images/train/BG-13-img-1.jpg,860838,4acde02f985196cbcbf2f5cfb7061dce68eedac15ad3f5eda235bc9b38a2f5eb
train,label,/home/drnguyenvinh/notebooks/shrimp_yolo_canonical_bg_wssv_2cls_split70_15_15/labels/train/BG-13-img-1.txt,38,e7b4369fc28b4ff3e9cffe11e3318a716b0172d4f72fd48ecc8667754e93c2e5
train,image,/home/drnguyenvinh/notebooks/shrimp_yolo_canonical_bg_wssv_2cls_split70_15_15/images/train/BG-13-img-2.jpg,629259,5aff4c572d78de74a468ae0cdc3c9e4da1e87a0815527b843b565762f125c25b
train,label,/home/drnguyenvinh/notebooks/shrimp_yolo_canonical_bg_wssv_2cls_split70_15_15/labels/train/BG-13-img-2.txt,76,76721d819db8bd51c9e584c5a6a89712f5241b61c9a403f6ab0cbf9cc786c130
train,image,/home/drnguyenvinh/notebooks/shrimp_yolo_canonical_bg_wssv_2cls_split70_15_15/images/train/BG-13-img-3.jpg,594988,6dd6aca9d1ed2b80f8e651b03bb255172139654953c4126e40fbec27006b01cf
train,label,/home/drnguyenvinh/notebooks/shrimp_yolo_canonical_bg_wssv_2cls_split70_15_15/labels/train/BG-13-img-3.txt,38,e290cf714c97bc8074b8e49983d4aea525eb15400af1598465af7dcb2bd6518a
train,image,/home/drnguyenvinh/notebooks/shrimp_yolo_canonical_bg_wssv_2cls_split70_15_15/images/train/BG-14-img-1.jpg,301926,82c835217d9d8bbba1bfd2a42085b41004ade1394f9294e57875e73bec2e4e0c
train,label,/home/drnguyenvinh/notebooks/shrimp_yolo_canonical_bg_wssv_2cls_split70_15_15/labels/train/BG-14-img-1.txt,38,a2997d4066136450710ce145d92fdb25a799ddd7bd3d1d887e8995f2a8600b54
train,image,/home/drnguyenvinh/notebooks/shrimp_yolo_canonical_bg_wssv_2cls_split70_15_15/images/train/BG-15-img-1.jpg,188628,c7fb651ee8ba472abcbea0a720dfbddfe185fa433f0a76fc7af196be2b16eec1
train,label,/home/drnguyenvinh/notebooks/shrimp_yolo_canonical_bg_wssv_2cls_split70_15_15/labels/train/BG-15-img-1.txt,38,6facd30edd61ba80680b99359bacb36c0fc9809598acc0cdcbad5afaa7038173
train,image,/home/drnguyenvinh/notebooks/shrimp_yolo_canonical_bg_wssv_2cls_split70_15_15/images/train/BG-16-img-1.jpg,207508,45b2a3543e71d11aa6205cd7f9848a0808d64bdc2da33d9a213c0eb6fba02f8c
train,label,/home/drnguyenvinh/notebooks/shrimp_yolo_canonical_bg_wssv_2cls_split70_15_15/labels/train/BG-16-img-1.txt,38,fd61da9dfc565a95a43d8481c424ee070061ffa1b76d64560616374367f1cba0
train,image,/home/drnguyenvinh/notebooks/shrimp_yolo_canonical_bg_wssv_2cls_split70_15_15/images/train/BG-17-img-1.jpg,150336,5b83347bc17802faf15690194328995d816b764e5aea481d4721eea1e29cd13d
train,label,/home/drnguyenvinh/notebooks/shrimp_yolo_canonical_bg_wssv_2cls_split70_15_15/labels/train/BG-17-img-1.txt,38,e6dfb32e0a35dbbca5c73d9ba7572c0d4be6461e59c201fef21d5475837b3ab3
train,image,/home/drnguyenvinh/notebooks/shrimp_yolo_canonical_bg_wssv_2cls_split70_15_15/images/train/BG-19-img-1.jpg,185391,e03624b43a9f2c566d2b6c983a5f7753e4ee446d3c9899eac9849256e18bda73
train,label,/home/drnguyenvinh/notebooks/shrimp_yolo_canonical_bg_wssv_2cls_split70_15_15/labels/train/BG-19-img-1.txt,38,3e6a29aa62791f06d21cc387a1c4b7550d2940868d98ae7a3866c77e29484a0f
train,image,/home/drnguyenvinh/notebooks/shrimp_yolo_canonical_bg_wssv_2cls_split70_15_15/images/train/BG-2-img-3.jpg,938802,a2757286c5fcc8d8de98f61ca0eb795b097b2a7504cda3ee9a5122ced1525270
train,label,/home/drnguyenvinh/notebooks/shrimp_yolo_canonical_bg_wssv_2cls_split70_15_15/labels/train/BG-2-img-3.txt,38,be061730f088f6d062cebc5f372205a0530831d28d5e9f30bdb1c789573b1a6b
train,image,/home/drnguyenvinh/notebooks/shrimp_yolo_canonical_bg_wssv_2cls_split70_15_15/images/train/BG-20-img-2.jpg,155684,8991e5c89bc41ad40d6ba4f4406f3fb79c4e279f234e337840e4056243d7e41c
train,label,/home/drnguyenvinh/notebooks/shrimp_yolo_canonical_bg_wssv_2cls_split70_15_15/labels/train/BG-20-img-2.txt,76,8667da504c371a7bd87ae49942edac137eabfa69608fc9ee7bc3424ec21b679c
train,image,/home/drnguyenvinh/notebooks/shrimp_yolo_canonical_bg_wssv_2cls_split70_15_15/images/train/BG-21-img-2.jpg,662513,2d153f83eff507c71055f2949e1eb575d0a077b459bc95b2fe5570ae5145c67f
train,label,/home/drnguyenvinh/notebooks/shrimp_yolo_canonical_bg_wssv_2cls_split70_15_15/labels/train/BG-21-img-2.txt,76,22a23563f8000977d89c085c922457499fd1fd2ae7d34bf6fb813881b41a92f7
train,image,/home/drnguyenvinh/notebooks/shrimp_yolo_canonical_bg_wssv_2cls_split70_15_15/images/train/BG-21-img-3.jpg,604252,0e72e923fe0ae08e00e3c1ab1022fce90a27f378e7ded0e6e78817d98a6d9c28
train,label,/home/drnguyenvinh/notebooks/shrimp_yolo_canonical_bg_wssv_2cls_split70_15_15/labels/train/BG-21-img-3.txt,76,19b1f4e6159c4572f22da11757b20c537e9e594975c6d0b674f500e2c9cf5eb0
train,image,/home/drnguyenvinh/notebooks/shrimp_yolo_canonical_bg_wssv_2cls_split70_15_15/images/train/BG-22-img-2.jpg,772747,8fd3d0df48262cbb58bc7b532ef180e3e5c9ea8a754cef02787bafc9f02bee0d
train,label,/home/drnguyenvinh/notebooks/shrimp_yolo_canonical_bg_wssv_2cls_split70_15_15/labels/train/BG-22-img-2.txt,38,2f61e2146ff1d6d0952c3ec24bda19b66f8a21ade77be88eb521f1dd9cac5442
train,image,/home/drnguyenvinh/notebooks/shrimp_yolo_canonical_bg_wssv_2cls_split70_15_15/images/train/BG-22-img-3.jpg,748851,d47ced6d9dbefaee6178a13d20dc33a20018d32e591cbb69fd4508f63705acbc
train,label,/home/drnguyenvinh/notebooks/shrimp_yolo_canonical_bg_wssv_2cls_split70_15_15/labels/train/BG-22-img-3.txt,38,44387978f4a48ecf95cc10a5e58ce13a0ce795a26be8cdfe6bf322e55b4a017d
train,image,/home/drnguyenvinh/notebooks/shrimp_yolo_canonical_bg_wssv_2cls_split70_15_15/images/train/BG-23-img-1.jpg,992366,018bb309a3bf982fdcf694b65843d7704d23596f8fad4485b65047e1b1090e74
train,label,/home/drnguyenvinh/notebooks/shrimp_yolo_canonical_bg_wssv_2cls_split70_15_15/labels/train/BG-23-img-1.txt,76,4b2f9effdc4c468e8ee04d3cbe6d4c9e5212ca4ae0d6a4ad01adccc308fd9ba8
train,image,/home/drnguyenvinh/notebooks/shrimp_yolo_canonical_bg_wssv_2cls_split70_15_15/images/train/BG-23-img-3.jpg,826337,fa8eab1c272bacb29eede54fa67e4c50cf90992703526137693e0fa7ae19414b
train,label,/home/drnguyenvinh/notebooks/shrimp_yolo_canonical_bg_wssv_2cls_split70_15_15/labels/train/BG-23-img-3.txt,114,3761c25927404417e42365ced4d646206301be9d4cd2140cf5a2721f311e9b5c
train,image,/home/drnguyenvinh/notebooks/shrimp_yolo_canonical_bg_wssv_2cls_split70_15_15/images/train/BG-24-img-1.jpg,431869,aabddab7b5baab9dd51f1502345ae434615db89856590ee040fdb294620f33d9
train,label,/home/drnguyenvinh/notebooks/shrimp_yolo_canonical_bg_wssv_2cls_split70_15_15/labels/train/BG-24-img-1.txt,76,3cd494340d43da3be850618b79bd6f8d2ede63c0e978f7655319093b83d7b8fc
train,image,/home/drnguyenvinh/notebooks/shrimp_yolo_canonical_bg_wssv_2cls_split70_15_15/images/train/BG-24-img-2.jpg,583641,5e86ad26f4bebb3b06aab121dae1c74b6dc110afef676e7756b6f658709fa18c
train,label,/home/drnguyenvinh/notebooks/shrimp_yolo_canonical_bg_wssv_2cls_split70_15_15/labels/train/BG-24-img-2.txt,76,fd9663d64d6b7e585cd8ee33746178256049efc3d9baf1a3543590f2e5dc62b9
train,image,/home/drnguyenvinh/notebooks/shrimp_yolo_canonical_bg_wssv_2cls_split70_15_15/images/train/BG-25-img-2.jpg,1009703,ba59a46070b66495a57a2cc5bb9f66e61134c6db1c505f7a2f663ffa53ef62f9
train,label,/home/drnguyenvinh/notebooks/shrimp_yolo_canonical_bg_wssv_2cls_split70_15_15/labels/train/BG-25-img-2.txt,38,c7e7ac16ee07d4b85926eeaef4d2c94d83da73b60f552fe10fbac3a275431a73
train,image,/home/drnguyenvinh/notebooks/shrimp_yolo_canonical_bg_wssv_2cls_split70_15_15/images/train/BG-25-img-3.jpg,883045,28fc1b0a711cfb9a3a002f468d50cb1cfeac7cf3ee90043efa0e811be04cfebf
train,label,/home/drnguyenvinh/notebooks/shrimp_yolo_canonical_bg_wssv_2cls_split70_15_15/labels/train/BG-25-img-3.txt,38,7823fb615ad1ee0ede1d117bc8365deb3458437169e30c78734f94a22efccb7f
train,image,/home/drnguyenvinh/notebooks/shrimp_yolo_canonical_bg_wssv_2cls_split70_15_15/images/train/BG-26-img-1.jpg,171116,f2c651006c2dff9b993a028b5b10e240e716cd75006e52c2e9a9c704869530e9
train,label,/home/drnguyenvinh/notebooks/shrimp_yolo_canonical_bg_wssv_2cls_split70_15_15/labels/train/BG-26-img-1.txt,76,3db0835dd3c834218e26dc6efe5150ead49e3ab6ba0b1fba5e51bba3acc428eb
train,image,/home/drnguyenvinh/notebooks/shrimp_yolo_canonical_bg_wssv_2cls_split70_15_15/images/train/BG-27-img-1.jpg,235248,d69b6b2c18807297c0f24a9f32bb0174c896a4670b9a892933bba99376652cf2
train,label,/home/drnguyenvinh/notebooks/shrimp_yolo_canonical_bg_wssv_2cls_split70_15_15/labels/train/BG-27-img-1.txt,76,d6eb0a04937e5b038b4aa0297c9e285745d72d6ebf0b6183a229fed26a352752
train,image,/home/drnguyenvinh/notebooks/shrimp_yolo_canonical_bg_wssv_2cls_split70_15_15/images/train/BG-27-img-2.jpg,244879,a626cb56923b7fad30fb26ef3b2158cf6861acdd727d312439ccbb1536692096
train,label,/home/drnguyenvinh/notebooks/shrimp_yolo_canonical_bg_wssv_2cls_split70_15_15/labels/train/BG-27-img-2.txt,76,175f6723de4d007cfc0d578feead387a4a623d0b88046225072f97da2c4e8988
train,image,/home/drnguyenvinh/notebooks/shrimp_yolo_canonical_bg_wssv_2cls_split70_15_15/images/train/BG-27-img-3.jpg,222088,e86f848b9549409bd41f4bc5975e30e7e3a64ca75b84879e0b5151bb8a733898
train,label,/home/drnguyenvinh/notebooks/shrimp_yolo_canonical_bg_wssv_2cls_split70_15_15/labels/train/BG-27-img-3.txt,76,3b3243801db9f16b195f127d4d6f18f2617722be90d30f70a281a4bb65e1434f
train,image,/home/drnguyenvinh/notebooks/shrimp_yolo_canonical_bg_wssv_2cls_split70_15_15/images/train/BG-28-img-1.jpg,207215,66cfc796f0a5486b8afa97aa389ebe291010d7d722d1385cd1f1b36745e31fec
train,label,/home/drnguyenvinh/notebooks/shrimp_yolo_canonical_bg_wssv_2cls_split70_15_15/labels/train/BG-28-img-1.txt,38,d36bb94e8bde7f7c4d7842d0197481b7fff880df9122e3601c54993b941690d4
train,image,/home/drnguyenvinh/notebooks/shrimp_yolo_canonical_bg_wssv_2cls_split70_15_15/images/train/BG-28-img-2.jpg,174176,0047e595287c2d875bdee175f12e242b45dd66449ced2c1586c38bda788fd37b
train,label,/home/drnguyenvinh/notebooks/shrimp_yolo_canonical_bg_wssv_2cls_split70_15_15/labels/train/BG-28-img-2.txt,38,a6a6a3302b92ac29ac7e491a403541c50ab9b1c0f0a7f1489f528ef245acdbd3
train,image,/home/drnguyenvinh/notebooks/shrimp_yolo_canonical_bg_wssv_2cls_split70_15_15/images/train/BG-29-img-3.jpg,164620,6d0839d574cd65c1054fabc695ebd2c3303f5b6f8a120569d5df9f9992e861a3
train,label,/home/drnguyenvinh/notebooks/shrimp_yolo_canonical_bg_wssv_2cls_split70_15_15/labels/train/BG-29-img-3.txt,38,ceac92a211b8e92684781e7d395b16317f0a69df88d18c15289e7fcf5d077eb0
train,image,/home/drnguyenvinh/notebooks/shrimp_yolo_canonical_bg_wssv_2cls_split70_15_15/images/train/BG-3-img-1.jpg,213931,a9f415be037a42f6d68437701d1e4d7c684fe71f378211ccabd0117c8a7d470a
train,label,/home/drnguyenvinh/notebooks/shrimp_yolo_canonical_bg_wssv_2cls_split70_15_15/labels/train/BG-3-img-1.txt,76,5cff7a20cf75e75e7ff2660725922979f76f7743795fde2e67aad21a3f7db058
train,image,/home/drnguyenvinh/notebooks/shrimp_yolo_canonical_bg_wssv_2cls_split70_15_15/images/train/BG-3-img-2.jpg,207815,2d53f0e7821b549e62c191d62982a8c50d0470d5b8ba6ad9f8a28e03b7ab1663
train,label,/home/drnguyenvinh/notebooks/shrimp_yolo_canonical_bg_wssv_2cls_split70_15_15/labels/train/BG-3-img-2.txt,38,4b3b2a7265cc649496fde38f0717c1ce2f8d1786c7494412c7970f3b6137f10d
train,image,/home/drnguyenvinh/notebooks/shrimp_yolo_canonical_bg_wssv_2cls_split70_15_15/images/train/BG-3-img-3.jpg,205554,82db8aeac5d515bbc23bd8ef7ad51b2ead1a34251513666424de9e6d5d083770
train,label,/home/drnguyenvinh/notebooks/shrimp_yolo_canonical_bg_wssv_2cls_split70_15_15/labels/train/BG-3-img-3.txt,38,e4020eb7071740ff4137727fa7dcf35535388d450ad18a7659ddfa8649aacf2e
train,image,/home/drnguyenvinh/notebooks/shrimp_yolo_canonical_bg_wssv_2cls_split70_15_15/images/train/BG-31-img-1.jpg,218865,c874f891fac9d0fe89ccf87fb700f39b1eb224818cdfeb9d18f9fd64cc8ec84d
train,label,/home/drnguyenvinh/notebooks/shrimp_yolo_canonical_bg_wssv_2cls_split70_15_15/labels/train/BG-31-img-1.txt,76,f5c9b9add2961f261a552e14207260a23e515635a3be91bdbdb18e23da32da70
train,image,/home/drnguyenvinh/notebooks/shrimp_yolo_canonical_bg_wssv_2cls_split70_15_15/images/train/BG-31-img-3.jpg,229367,c0a2d9e6177ad3797a88e17f0c6103740bc82a159f6fe288a1337c5b23c146ea
train,label,/home/drnguyenvinh/notebooks/shrimp_yolo_canonical_bg_wssv_2cls_split70_15_15/labels/train/BG-31-img-3.txt,76,546c02bb8fb218d15884ff78f8a723001e8e4c177f1ab264c105cd25aaa06d0d
train,image,/home/drnguyenvinh/notebooks/shrimp_yolo_canonical_bg_wssv_2cls_split70_15_15/images/train/BG-32-img-1.jpg,179192,2c0d3663abc5611958c8cc5d704b5ea7caca1ebb0ad6bd078d97c4c5c9a1fc62
train,label,/home/drnguyenvinh/notebooks/shrimp_yolo_canonical_bg_wssv_2cls_split70_15_15/labels/train/BG-32-img-1.txt,76,4dce16d86a22ebde21600f62c057c4139084bdaff8af479a6ba18d0b7976f763
train,image,/home/drnguyenvinh/notebooks/shrimp_yolo_canonical_bg_wssv_2cls_split70_15_15/images/train/BG-33-img-1.jpg,181277,7d292cc0b1d78f31ee2d5d5f682c772b11e0a5aebb5ca03d2899055da00151fc
train,label,/home/drnguyenvinh/notebooks/shrimp_yolo_canonical_bg_wssv_2cls_split70_15_15/labels/train/BG-33-img-1.txt,76,f8dc9231250a5c4766f1a83584b253401d6a068df7aa1558024d28db971bbfe0
train,image,/home/drnguyenvinh/notebooks/shrimp_yolo_canonical_bg_wssv_2cls_split70_15_15/images/train/BG-34-img-1.jpg,186671,4291adb4e1dbbf8a57f3a82d823ec976acebdf619b0edf55a3feefb26513f219
train,label,/home/drnguyenvinh/notebooks/shrimp_yolo_canonical_bg_wssv_2cls_split70_15_15/labels/train/BG-34-img-1.txt,114,33acf06018d8a76a5ce941efa6837ac81c0d9deeba113721726f36d8c206729e
train,image,/home/drnguyenvinh/notebooks/shrimp_yolo_canonical_bg_wssv_2cls_split70_15_15/images/train/BG-34-img-2.jpg,214469,917e1f2f8e943f0bde10a8bba585fa81f53a71f9b5fd5c2a790cad41c38bbd64
train,label,/home/drnguyenvinh/notebooks/shrimp_yolo_canonical_bg_wssv_2cls_split70_15_15/labels/train/BG-34-img-2.txt,38,5cc46068813cee2e55684fc8f350d2a934b5e7762d3f90f38ed99a8cb3b2b4e0
train,image,/home/drnguyenvinh/notebooks/shrimp_yolo_canonical_bg_wssv_2cls_split70_15_15/images/train/BG-34-img-3.jpg,221198,62761d99fc3b0c22cf7f777e40a8de8ba8296b08d57f0a2c3182915131e6696f
train,label,/home/drnguyenvinh/notebooks/shrimp_yolo_canonical_bg_wssv_2cls_split70_15_15/labels/train/BG-34-img-3.txt,114,5b49a3dee4fbbaf0cc01aedca0ad6f4f054d44277c323e062f4a5d2f3e641b04
train,image,/home/drnguyenvinh/notebooks/shrimp_yolo_canonical_bg_wssv_2cls_split70_15_15/images/train/BG-35-img-2.jpg,175399,d10f5425b6b96310106067e84baea891871cdd6949dc5b7b8ec16ecbaa597072
train,label,/home/drnguyenvinh/notebooks/shrimp_yolo_canonical_bg_wssv_2cls_split70_15_15/labels/train/BG-35-img-2.txt,76,d69e5f6651d5757d8d9c6c4720ffd938078f90583aab962c0b2a04e8dc651ea2
train,image,/home/drnguyenvinh/notebooks/shrimp_yolo_canonical_bg_wssv_2cls_split70_15_15/images/train/BG-35-img-3.jpg,174666,fac61768ad6eb3019394dac3c64e369998e2ab795a16e0c711ce4bb8246d96d4
train,label,/home/drnguyenvinh/notebooks/shrimp_yolo_canonical_bg_wssv_2cls_split70_15_15/labels/train/BG-35-img-3.txt,76,9d68b846a1abff2324837148457548dd3e7bfda779948d15ceca3bead4f6dee5
train,image,/home/drnguyenvinh/notebooks/shrimp_yolo_canonical_bg_wssv_2cls_split70_15_15/images/train/BG-36-img-3.jpg,134117,512e20a030b09b2b2319c94cb752d769b58d7455b002e0e2d34bb4dd9d7573b1
train,label,/home/drnguyenvinh/notebooks/shrimp_yolo_canonical_bg_wssv_2cls_split70_15_15/labels/train/BG-36-img-3.txt,38,9a44012adb39d03819643e7c989ab170ef342cfca7dad331bdd08074434b8636
train,image,/home/drnguyenvinh/notebooks/shrimp_yolo_canonical_bg_wssv_2cls_split70_15_15/images/train/BG-37-img-1.jpg,176875,14e41c80f62f948b4fecd1f9c02d60b33e59c5f1567f42a6dd04444c1d1f2075
train,label,/home/drnguyenvinh/notebooks/shrimp_yolo_canonical_bg_wssv_2cls_split70_15_15/labels/train/BG-37-img-1.txt,114,90e0c9d94cf1aa693cf3ca85728c0eac0394c55daca53cf5095f307f8470b4f8
train,image,/home/drnguyenvinh/notebooks/shrimp_yolo_canonical_bg_wssv_2cls_split70_15_15/images/train/BG-37-img-2.jpg,249286,4e66bdb322e7d85939fd7c93b429a14685bb34a92309d1bfa1ed049dbb995aa2
train,label,/home/drnguyenvinh/notebooks/shrimp_yolo_canonical_bg_wssv_2cls_split70_15_15/labels/train/BG-37-img-2.txt,114,160c1d591c89235a9067de988ab918a69c288f22b88dca084f159be7c993e579
train,image,/home/drnguyenvinh/notebooks/shrimp_yolo_canonical_bg_wssv_2cls_split70_15_15/images/train/BG-38-img-1.jpg,227510,c1cc258b030dc2c116a0c6422e7c902f75c2d59f3ba88790c0c274da6c42b349
train,label,/home/drnguyenvinh/notebooks/shrimp_yolo_canonical_bg_wssv_2cls_split70_15_15/labels/train/BG-38-img-1.txt,152,4359322c462a1cd37b5c8d3a1692658ca0cf0fb35610f475dd5ebdc46fb2f605
train,image,/home/drnguyenvinh/notebooks/shrimp_yolo_canonical_bg_wssv_2cls_split70_15_15/images/train/BG-38-img-2.jpg,249958,32bec1b1c6250b7506e93be7a750adf3bda215d686a13ab07d6782ff34050b04
train,label,/home/drnguyenvinh/notebooks/shrimp_yolo_canonical_bg_wssv_2cls_split70_15_15/labels/train/BG-38-img-2.txt,114,270fd0f1aaa946c2f140fcc329315b4ba533b68afcf814444676de0cb9d14f88
train,image,/home/drnguyenvinh/notebooks/shrimp_yolo_canonical_bg_wssv_2cls_split70_15_15/images/train/BG-38-img-3.jpg,227959,ad167e3b02ae84fd4c140addba23c8406fa3b5b1319baaaae92953815ebcd0bd
train,label,/home/drnguyenvinh/notebooks/shrimp_yolo_canonical_bg_wssv_2cls_split70_15_15/labels/train/BG-38-img-3.txt,76,8863140622a4eab407f904110fc5f6610154ae533fca30e7de0128d681432d2c
train,image,/home/drnguyenvinh/notebooks/shrimp_yolo_canonical_bg_wssv_2cls_split70_15_15/images/train/BG-39-img-1.jpg,218025,7a96007cbfb3afd5b51bad8f815fab0468be852825ba9d2163028c7c808331e9
train,label,/home/drnguyenvinh/notebooks/shrimp_yolo_canonical_bg_wssv_2cls_split70_15_15/labels/train/BG-39-img-1.txt,76,0dd571ea6d5ea35533814cc4cd5ce60d92edb6864addb1fd6804c05b74c8b738
train,image,/home/drnguyenvinh/notebooks/shrimp_yolo_canonical_bg_wssv_2cls_split70_15_15/images/train/BG-39-img-2.jpg,217049,df1c99d87e5bbc3949e47d1ebb306992352b987f4bd2a6565ae9ab30657daa0c
train,label,/home/drnguyenvinh/notebooks/shrimp_yolo_canonical_bg_wssv_2cls_split70_15_15/labels/train/BG-39-img-2.txt,76,b94771e80d00a2394f4fd9c3fa1a61e8ceccd477cdd0d6a15394773fa409f661
train,image,/home/drnguyenvinh/notebooks/shrimp_yolo_canonical_bg_wssv_2cls_split70_15_15/images/train/BG-39-img-3.jpg,287131,c4c4fa6e5d55f070bd7ff054dae0353f6b1f8f909bf1df44daa0b76fa4c1ce59
train,label,/home/drnguyenvinh/notebooks/shrimp_yolo_canonical_bg_wssv_2cls_split70_15_15/labels/train/BG-39-img-3.txt,114,687bdeec8808d65f4c0b85c94f2c74b63222f909696e6c23ce3dc339a240aae7
train,image,/home/drnguyenvinh/notebooks/shrimp_yolo_canonical_bg_wssv_2cls_split70_15_15/images/train/BG-4-img-1.jpg,198810,9ab657ffffdee2ed53c0d4f82545ac6b9207dc99539ab8bda962abab89f0e179
train,label,/home/drnguyenvinh/notebooks/shrimp_yolo_canonical_bg_wssv_2cls_split70_15_15/labels/train/BG-4-img-1.txt,76,4509203194a08d62ba8f5a4c02d4d2c5cdec4156f4b70a85aabbba0f6048a2ed
train,image,/home/drnguyenvinh/notebooks/shrimp_yolo_canonical_bg_wssv_2cls_split70_15_15/images/train/BG-4-img-2.jpg,214297,c6a64b9d9c96aee10a6974d69aae1d4d30fb77f30afb546a912699663ffc7604
train,label,/home/drnguyenvinh/notebooks/shrimp_yolo_canonical_bg_wssv_2cls_split70_15_15/labels/train/BG-4-img-2.txt,38,45b41d90933e1d18c5923d8e477a0540ae846df15660387fa77fdc12bb155039
train,image,/home/drnguyenvinh/notebooks/shrimp_yolo_canonical_bg_wssv_2cls_split70_15_15/images/train/BG-4-img-3.jpg,253312,7b24fe69d1928ed5c1babbd21ffe8e650d86ee0ae19c794b131bb960c50cd10f
train,label,/home/drnguyenvinh/notebooks/shrimp_yolo_canonical_bg_wssv_2cls_split70_15_15/labels/train/BG-4-img-3.txt,38,7ed2ddc6bb40ad2159c798a14145a40f3b6b54b27ba0fe3c8f2ea4ab6dec64f4
train,image,/home/drnguyenvinh/notebooks/shrimp_yolo_canonical_bg_wssv_2cls_split70_15_15/images/train/BG-40-img-1.jpg,255181,4f9aac664266b16a2619c0120ecc3aa65ca31c74517a2a55ccdc01b2ab4ffcf6
train,label,/home/drnguyenvinh/notebooks/shrimp_yolo_canonical_bg_wssv_2cls_split70_15_15/labels/train/BG-40-img-1.txt,190,525ea8f00050a1cc6b64860c89f852cff60993b4e744b0955d30d914d2a43983
train,image,/home/drnguyenvinh/notebooks/shrimp_yolo_canonical_bg_wssv_2cls_split70_15_15/images/train/BG-41-img-2.jpg,232419,bc181aa50c8b4fdbf2a012a63b31b3a3fd6c75d165821ca11e1c6332efbb7620
train,label,/home/drnguyenvinh/notebooks/shrimp_yolo_canonical_bg_wssv_2cls_split70_15_15/labels/train/BG-41-img-2.txt,76,d61a57ba48560ea0f9ba804dfc163914f7684b97cc080f68e45d61149c16d8ae
train,image,/home/drnguyenvinh/notebooks/shrimp_yolo_canonical_bg_wssv_2cls_split70_15_15/images/train/BG-41-img-3.jpg,233868,b31bd2fa1aed1dcde293b94e3707c57fec9d2167d104b8f7e5f8e05f98078252
train,label,/home/drnguyenvinh/notebooks/shrimp_yolo_canonical_bg_wssv_2cls_split70_15_15/labels/train/BG-41-img-3.txt,76,6528668ced07a08570da3e07d8c83d6413552019afe7445cc7b3e205e6bdb8c1
train,image,/home/drnguyenvinh/notebooks/shrimp_yolo_canonical_bg_wssv_2cls_split70_15_15/images/train/BG-42-img-3.jpg,257587,2a5243fac91c120e141a689ce79a1a44384a293ca6a59371521c8945ea695df1
train,label,/home/drnguyenvinh/notebooks/shrimp_yolo_canonical_bg_wssv_2cls_split70_15_15/labels/train/BG-42-img-3.txt,114,c1a28cedfd65890508328eb302e083981aaaafa1d0365269f8f7191b1fddd68d
train,image,/home/drnguyenvinh/notebooks/shrimp_yolo_canonical_bg_wssv_2cls_split70_15_15/images/train/BG-43-img-1.jpg,164640,15e0271f6069631f8cb23956975560c6f6837927fad175b2a88f6ed169cb632f
train,label,/home/drnguyenvinh/notebooks/shrimp_yolo_canonical_bg_wssv_2cls_split70_15_15/labels/train/BG-43-img-1.txt,76,f4cfdb34a3b53396cdd2b16db4e5f076e804afee809b75d665f6d669610aa48f
train,image,/home/drnguyenvinh/notebooks/shrimp_yolo_canonical_bg_wssv_2cls_split70_15_15/images/train/BG-43-img-2.jpg,198235,2cd3af066620b6dfb522274d1dfe029b6f2e115470a55ef8612c18449fb64500
train,label,/home/drnguyenvinh/notebooks/shrimp_yolo_canonical_bg_wssv_2cls_split70_15_15/labels/train/BG-43-img-2.txt,76,59c7589d60ccc796efa244fda2f11ae205c5e60245f1732362e6084016ff4f99
train,image,/home/drnguyenvinh/notebooks/shrimp_yolo_canonical_bg_wssv_2cls_split70_15_15/images/train/BG-44-img-2.jpg,227555,81019addf3c5f7fba4fc7f982239f57612426fc45a58488856ea488c4e283fe9
train,label,/home/drnguyenvinh/notebooks/shrimp_yolo_canonical_bg_wssv_2cls_split70_15_15/labels/train/BG-44-img-2.txt,114,597d91b07fc6a525e007b52969115ee73f825ab720670e94f6e7b401dda22cba
train,image,/home/drnguyenvinh/notebooks/shrimp_yolo_canonical_bg_wssv_2cls_split70_15_15/images/train/BG-44-img-3.jpg,246523,c48fe975efcb9aa63adb260b57fd2eac8a0bf7a0a9318208884486abef6fc26e
train,label,/home/drnguyenvinh/notebooks/shrimp_yolo_canonical_bg_wssv_2cls_split70_15_15/labels/train/BG-44-img-3.txt,114,93385c2d0608be5f09ea804776d63bd031a93f4b87706cc88fda585f849fa837
train,image,/home/drnguyenvinh/notebooks/shrimp_yolo_canonical_bg_wssv_2cls_split70_15_15/images/train/BG-45-img-1.jpg,181021,45fe70fa481377681e7523123cd588f71bc0025ad96104178342326eed259a3a
train,label,/home/drnguyenvinh/notebooks/shrimp_yolo_canonical_bg_wssv_2cls_split70_15_15/labels/train/BG-45-img-1.txt,38,ffa739ef320532bb5bc8093ad5b90bc78c3d0ce78302a9fe1676cc6f95809145
train,image,/home/drnguyenvinh/notebooks/shrimp_yolo_canonical_bg_wssv_2cls_split70_15_15/images/train/BG-45-img-2.jpg,194371,632f68ed382b6df98f3bbe61ebc15fbd00876105c74d5aa0b477d7419d9103f1
train,label,/home/drnguyenvinh/notebooks/shrimp_yolo_canonical_bg_wssv_2cls_split70_15_15/labels/train/BG-45-img-2.txt,38,eb13ccd03cfdb6c2cf52bab81382a8075be07669533ea0efadc5847a7c6485dc
train,image,/home/drnguyenvinh/notebooks/shrimp_yolo_canonical_bg_wssv_2cls_split70_15_15/images/train/BG-45-img-3.jpg,215276,50805992f2157c2d35119c2296ec9634bac9042367ca58b4a64e4cbb7f191017
train,label,/home/drnguyenvinh/notebooks/shrimp_yolo_canonical_bg_wssv_2cls_split70_15_15/labels/train/BG-45-img-3.txt,114,694d6ab3eeaab64ecea1e13648fae57183969618b047e5b5e44ef74f04e7dbf8
train,image,/home/drnguyenvinh/notebooks/shrimp_yolo_canonical_bg_wssv_2cls_split70_15_15/images/train/BG-46-img-1.jpg,166076,720c8b0b84030dc7f99a9ac454ba3cc26db58caab69e881f720aa1760c78b818
train,label,/home/drnguyenvinh/notebooks/shrimp_yolo_canonical_bg_wssv_2cls_split70_15_15/labels/train/BG-46-img-1.txt,228,7fea7a893e04235ca6e433ad5f778fb26b174b5ec108c0a68479b0736b56fb32
train,image,/home/drnguyenvinh/notebooks/shrimp_yolo_canonical_bg_wssv_2cls_split70_15_15/images/train/BG-46-img-2.jpg,168613,10272fb62c64399e23c494e815c41e100d40f96d687849a4a638fba6dff86352
train,label,/home/drnguyenvinh/notebooks/shrimp_yolo_canonical_bg_wssv_2cls_split70_15_15/labels/train/BG-46-img-2.txt,114,d32649166020b27104f93060ce92a80309637a20166a8e4caa63d1ee4b57de9b
train,image,/home/drnguyenvinh/notebooks/shrimp_yolo_canonical_bg_wssv_2cls_split70_15_15/images/train/BG-47-img-1.jpg,141504,2ff6d9a95656ba6046767bf460d222af4f073e45cd1f67962b0361cea69cc31b
train,label,/home/drnguyenvinh/notebooks/shrimp_yolo_canonical_bg_wssv_2cls_split70_15_15/labels/train/BG-47-img-1.txt,38,26b3da7968c9c8c2dbee04a990194dbe9feaa6e660e6070e1c67fe82b582463b
train,image,/home/drnguyenvinh/notebooks/shrimp_yolo_canonical_bg_wssv_2cls_split70_15_15/images/train/BG-47-img-2.jpg,217724,a6c705b21e36b5643e0b99ab2705c40c27a81f2f1277135d01af80fa628bcd67
train,label,/home/drnguyenvinh/notebooks/shrimp_yolo_canonical_bg_wssv_2cls_split70_15_15/labels/train/BG-47-img-2.txt,76,ddbb4c9d566bc4f309e25fdeea89674fc6889adf09323f64d3d1a396499d213e
train,image,/home/drnguyenvinh/notebooks/shrimp_yolo_canonical_bg_wssv_2cls_split70_15_15/images/train/BG-48-img-2.jpg,147994,038639e22dd5de480088c11f22daeaf2e920ccf69d52c598123c9e7d0c4c539b
train,label,/home/drnguyenvinh/notebooks/shrimp_yolo_canonical_bg_wssv_2cls_split70_15_15/labels/train/BG-48-img-2.txt,114,e3ea837d5f9b8ac6599822c38876f966cc0c1995027b3f10f6054579467b6a99
train,image,/home/drnguyenvinh/notebooks/shrimp_yolo_canonical_bg_wssv_2cls_split70_15_15/images/train/BG-48-img-3.jpg,196595,0eeaf0d9b349de5897913a19bdbb19bc009ee3242f75d08a20bf42b700ecd732
train,label,/home/drnguyenvinh/notebooks/shrimp_yolo_canonical_bg_wssv_2cls_split70_15_15/labels/train/BG-48-img-3.txt,114,fd3b1400f49d8468faf5e1226a11c20ff1ef448d4c4f79b6c7636db2860abf0b
train,image,/home/drnguyenvinh/notebooks/shrimp_yolo_canonical_bg_wssv_2cls_split70_15_15/images/train/BG-49-img-1.jpg,159716,629ba2d75dd39df3e3f9c1ce6e41870c33f0d27b751ee60b49f19b076692b306
train,label,/home/drnguyenvinh/notebooks/shrimp_yolo_canonical_bg_wssv_2cls_split70_15_15/labels/train/BG-49-img-1.txt,152,a40d2b54b54e28a07eceeff0aadaad908a758c4e0b7f104421ca820a34e8bd3e
train,image,/home/drnguyenvinh/notebooks/shrimp_yolo_canonical_bg_wssv_2cls_split70_15_15/images/train/BG-49-img-2.jpg,207325,29d229eeebfdb3f0257a9f32b48246ffc4ab052323021a3d918f0fb5214cdb28
train,label,/home/drnguyenvinh/notebooks/shrimp_yolo_canonical_bg_wssv_2cls_split70_15_15/labels/train/BG-49-img-2.txt,38,cccc143ac05eba105ac7e0bc30753b46516f189f67c329893a514c80b2bb3984
train,image,/home/drnguyenvinh/notebooks/shrimp_yolo_canonical_bg_wssv_2cls_split70_15_15/images/train/BG-49-img-3.jpg,217540,8ffc6845fa74ae3d70301c63d645a1776f3824ea1d8eb2b6f7d490c6d0c34250
train,label,/home/drnguyenvinh/notebooks/shrimp_yolo_canonical_bg_wssv_2cls_split70_15_15/labels/train/BG-49-img-3.txt,114,473bf72d8e9932262646a4d157d7509c4699aa2768bad5c1278a2d49eaff492d
train,image,/home/drnguyenvinh/notebooks/shrimp_yolo_canonical_bg_wssv_2cls_split70_15_15/images/train/BG-50-img-1.jpg,150291,47f6abd2d62aa26ce6437c686fb07e2d7a564a91c856a4b56b9fd2629a1b5ce9
train,label,/home/drnguyenvinh/notebooks/shrimp_yolo_canonical_bg_wssv_2cls_split70_15_15/labels/train/BG-50-img-1.txt,38,a283f5aa63a2723a105efb169b58a02c98222771edb110d30488ff91f6f5a895
train,image,/home/drnguyenvinh/notebooks/shrimp_yolo_canonical_bg_wssv_2cls_split70_15_15/images/train/BG-50-img-2.jpg,210721,8d8c49ebeb16239c45d37ebb6a7b6174b1e416b381e8b614a64b5ae6f65dde30
train,label,/home/drnguyenvinh/notebooks/shrimp_yolo_canonical_bg_wssv_2cls_split70_15_15/labels/train/BG-50-img-2.txt,114,3cedb8ae0284da2168378c98df23783455597401fa0ecdc721083b3cf34a9d65
train,image,/home/drnguyenvinh/notebooks/shrimp_yolo_canonical_bg_wssv_2cls_split70_15_15/images/train/BG-51-img-2.jpg,144750,e68e2e782243a724ecbb05d900aad0a289d8584e73267903f722481166fa9a3c
train,label,/home/drnguyenvinh/notebooks/shrimp_yolo_canonical_bg_wssv_2cls_split70_15_15/labels/train/BG-51-img-2.txt,76,ee8d122db1bdeb5a51c311680d1077acf6ad4446840835cba95a256b804770a7
train,image,/home/drnguyenvinh/notebooks/shrimp_yolo_canonical_bg_wssv_2cls_split70_15_15/images/train/BG-51-img-3.jpg,161162,c5aa06eab5efbc0dbfe0c1f45bdeb3a97832716cd165fe9b335b97890f54875f
train,label,/home/drnguyenvinh/notebooks/shrimp_yolo_canonical_bg_wssv_2cls_split70_15_15/labels/train/BG-51-img-3.txt,114,4bfd494a7c11e8a6d3574ca67028fca5bb2333112f79f0efcd9331e2459a143c
train,image,/home/drnguyenvinh/notebooks/shrimp_yolo_canonical_bg_wssv_2cls_split70_15_15/images/train/BG-52-img-1.jpg,156810,81053db6b43e7a65c1efa10bcf58181ecf0e548de623504a41c4180f715acf1a
train,label,/home/drnguyenvinh/notebooks/shrimp_yolo_canonical_bg_wssv_2cls_split70_15_15/labels/train/BG-52-img-1.txt,76,e20bd724ae81c4783d56a03e8f6dd912b8a2a1cbc49cab1becec1d929049a827
train,image,/home/drnguyenvinh/notebooks/shrimp_yolo_canonical_bg_wssv_2cls_split70_15_15/images/train/BG-52-img-2.jpg,159793,f6669f0aebce1ae1b40c4e81eb77e881a284d0eaa6a83f8cb43fe3d141b9a4bf
train,label,/home/drnguyenvinh/notebooks/shrimp_yolo_canonical_bg_wssv_2cls_split70_15_15/labels/train/BG-52-img-2.txt,190,4f22d91be312e5ee96e9dbc9f13e0a3845bc175a1b76b5fb3e268bd437ac9838
train,image,/home/drnguyenvinh/notebooks/shrimp_yolo_canonical_bg_wssv_2cls_split70_15_15/images/train/BG-52-img-3.jpg,141501,8cedec781ebddb5fc061e402966d149fff83a586b04100632cec3f9953966c2b
train,label,/home/drnguyenvinh/notebooks/shrimp_yolo_canonical_bg_wssv_2cls_split70_15_15/labels/train/BG-52-img-3.txt,76,3d792c08fc6072b3a328df0e6756fea1b2125650f1240f76467da101a4bb9be8
train,image,/home/drnguyenvinh/notebooks/shrimp_yolo_canonical_bg_wssv_2cls_split70_15_15/images/train/BG-53-img-1.jpg,162693,15661ceea421f3cebc4843b014dbab72d4f30cf8b21795b91651e66825012a62
train,label,/home/drnguyenvinh/notebooks/shrimp_yolo_canonical_bg_wssv_2cls_split70_15_15/labels/train/BG-53-img-1.txt,76,d4c28bf75b39f6e3a91e35ff7faf3ca195ea2caca637a0f0d2f59083f73f9a88
train,image,/home/drnguyenvinh/notebooks/shrimp_yolo_canonical_bg_wssv_2cls_split70_15_15/images/train/BG-53-img-2.jpg,212148,c3086963940466dce7ede26e8d5c47dbf8582e2a7a40db144635246c5469445f
train,label,/home/drnguyenvinh/notebooks/shrimp_yolo_canonical_bg_wssv_2cls_split70_15_15/labels/train/BG-53-img-2.txt,342,c4f165f0a0b42fe2bf38f2450be379ce2b4558434872f757f77002335b6ffba2
train,image,/home/drnguyenvinh/notebooks/shrimp_yolo_canonical_bg_wssv_2cls_split70_15_15/images/train/BG-53-img-3.jpg,225841,eefe235aef140d9e12e5ad33543dd3f7757dd39a52a3c30558cbee8cbd3aa77b
train,label,/home/drnguyenvinh/notebooks/shrimp_yolo_canonical_bg_wssv_2cls_split70_15_15/labels/train/BG-53-img-3.txt,38,4cafaf3f309340fad227f05a1a52d02950c2195b04a591e1491bd3bed1e26787
train,image,/home/drnguyenvinh/notebooks/shrimp_yolo_canonical_bg_wssv_2cls_split70_15_15/images/train/BG-54-img-1.jpg,151070,c9ddd12ed39538ea53fcc3398b3eee411f2860b1bec9cf322ec12762b08228ad
train,label,/home/drnguyenvinh/notebooks/shrimp_yolo_canonical_bg_wssv_2cls_split70_15_15/labels/train/BG-54-img-1.txt,152,fa56cd27e7c06662d84784bd4ce8f686872094f5325f7b2ea7e62df87ce24d27
train,image,/home/drnguyenvinh/notebooks/shrimp_yolo_canonical_bg_wssv_2cls_split70_15_15/images/train/BG-54-img-2.jpg,139678,78f6cad81cc417b2c69ac4267ea4ffcb6bc3b3b9a4db4b77e38652d7917c1117
train,label,/home/drnguyenvinh/notebooks/shrimp_yolo_canonical_bg_wssv_2cls_split70_15_15/labels/train/BG-54-img-2.txt,190,764132f911ba9c4d8bd6fc8f0f3c8fe1c221950674ed24c54ebda5b7076976ef
train,image,/home/drnguyenvinh/notebooks/shrimp_yolo_canonical_bg_wssv_2cls_split70_15_15/images/train/BG-54-img-3.jpg,205622,762b0c81def19b5af9e220ddd5e8cfb7126b4c9b91aa75b21499aca4c2501190
train,label,/home/drnguyenvinh/notebooks/shrimp_yolo_canonical_bg_wssv_2cls_split70_15_15/labels/train/BG-54-img-3.txt,38,9bcf643a26ab0630c697a05a52ea46e94313630117ef27fa5c025ad43b1953ee
train,image,/home/drnguyenvinh/notebooks/shrimp_yolo_canonical_bg_wssv_2cls_split70_15_15/images/train/BG-55-img-2.jpg,224113,0ccfea9be69198b603a9ac00bbe7d87d49050e6115e7f3cb026dca78aa61669d
train,label,/home/drnguyenvinh/notebooks/shrimp_yolo_canonical_bg_wssv_2cls_split70_15_15/labels/train/BG-55-img-2.txt,76,6cf25bd0793bd0731d9e4407ec216a6c6a34c456de900a39d3af3395e8bf1db8
train,image,/home/drnguyenvinh/notebooks/shrimp_yolo_canonical_bg_wssv_2cls_split70_15_15/images/train/BG-55-img-3.jpg,244352,25174cd613694d6bbaf9c7ad0a33a9f36c458a0bbc7ee0840a114a6a8c20fe44
train,label,/home/drnguyenvinh/notebooks/shrimp_yolo_canonical_bg_wssv_2cls_split70_15_15/labels/train/BG-55-img-3.txt,38,a40b70aa309c88be868cb9c978f0ddb7c9f6fe641f43fcbc7f4769b0c3a4cd83
train,image,/home/drnguyenvinh/notebooks/shrimp_yolo_canonical_bg_wssv_2cls_split70_15_15/images/train/BG-56-img-1.jpg,146991,6d1aae2b5202793b1622445bb232bd4dbeb231d83857defb2c5bd9833bb6253c
train,label,/home/drnguyenvinh/notebooks/shrimp_yolo_canonical_bg_wssv_2cls_split70_15_15/labels/train/BG-56-img-1.txt,38,d3600859af37d368dcb2ad6a0905eaa8e93e1e7c412cf287f8c89d508c986b57
train,image,/home/drnguyenvinh/notebooks/shrimp_yolo_canonical_bg_wssv_2cls_split70_15_15/images/train/BG-56-img-2.jpg,208345,d83c8da59f69c2d2c3eb3ea368a44215afc0cce63e769850cc3b1a65bf80bb43
train,label,/home/drnguyenvinh/notebooks/shrimp_yolo_canonical_bg_wssv_2cls_split70_15_15/labels/train/BG-56-img-2.txt,76,976af32ea1c3b7790b12b0deb98cefe9cb92907e9fd51ef182501f00c6df9f63
train,image,/home/drnguyenvinh/notebooks/shrimp_yolo_canonical_bg_wssv_2cls_split70_15_15/images/train/BG-56-img-3.jpg,186285,58844b8914755592c8e690002a1d4943dc9ae105d708f1a8f9de72c7987f7931
train,label,/home/drnguyenvinh/notebooks/shrimp_yolo_canonical_bg_wssv_2cls_split70_15_15/labels/train/BG-56-img-3.txt,76,ea528b9fa23dbd0b0449409eeed6193b7554e11c3f4a1823dea584a689cea5ac
train,image,/home/drnguyenvinh/notebooks/shrimp_yolo_canonical_bg_wssv_2cls_split70_15_15/images/train/BG-57-img-1.jpg,221323,1634b63ba3a9d81c0b4424547b30ea001a01f7016a131af4d57db4f880b885b1
train,label,/home/drnguyenvinh/notebooks/shrimp_yolo_canonical_bg_wssv_2cls_split70_15_15/labels/train/BG-57-img-1.txt,114,0b836deb088f4f2def1104edb3f5b44e75e9053d7e709902d8ada7c823deb0b7
train,image,/home/drnguyenvinh/notebooks/shrimp_yolo_canonical_bg_wssv_2cls_split70_15_15/images/train/BG-58-img-1.jpg,190647,7d14e071c20cb3756d3880f6cdee2c576dfe6120590e85e8797225f6769ec046
train,label,/home/drnguyenvinh/notebooks/shrimp_yolo_canonical_bg_wssv_2cls_split70_15_15/labels/train/BG-58-img-1.txt,38,bbd11adce309ed7269102109a0e781dc5a9758f0437d58a0581bd2dbcc07f896
train,image,/home/drnguyenvinh/notebooks/shrimp_yolo_canonical_bg_wssv_2cls_split70_15_15/images/train/BG-58-img-3.jpg,170981,85a269d87546c75158f691ba2c5d9e3c3c5b8bed6d173bd44d2ea96eed6d426d
train,label,/home/drnguyenvinh/notebooks/shrimp_yolo_canonical_bg_wssv_2cls_split70_15_15/labels/train/BG-58-img-3.txt,152,3388823da0984305b7b474cefb45fa450c2be5891edc3d29745ccc175847b997
train,image,/home/drnguyenvinh/notebooks/shrimp_yolo_canonical_bg_wssv_2cls_split70_15_15/images/train/BG-59-img-2.jpg,219772,c51220a7660da48e9f92ca0672f3ef876fd6746a113b19d54bdc05f2a0a35787
train,label,/home/drnguyenvinh/notebooks/shrimp_yolo_canonical_bg_wssv_2cls_split70_15_15/labels/train/BG-59-img-2.txt,76,8b551a3ed38084071ea7b00ca31227efd776ad857714d4c59921a085f264fba2
train,image,/home/drnguyenvinh/notebooks/shrimp_yolo_canonical_bg_wssv_2cls_split70_15_15/images/train/BG-6-img-1.jpg,767190,20b0dec1d887b003b3fd9d517224b9641a7d67d58739395a6efb0fd9ef31210d
train,label,/home/drnguyenvinh/notebooks/shrimp_yolo_canonical_bg_wssv_2cls_split70_15_15/labels/train/BG-6-img-1.txt,38,7ad218d4805e668ff158b9c40088607b00c63f922ad83f260e20a73ee9873b92
train,image,/home/drnguyenvinh/notebooks/shrimp_yolo_canonical_bg_wssv_2cls_split70_15_15/images/train/BG-6-img-3.jpg,742082,617b6749ee6b40aea1a5073f43b5a2f731fa58c9f55e860b0c976058ed9f43c5
train,label,/home/drnguyenvinh/notebooks/shrimp_yolo_canonical_bg_wssv_2cls_split70_15_15/labels/train/BG-6-img-3.txt,38,fdd3a5baa3e4c0076f16a2809c7cc02c530164ab13e1567a633da145f3056875
train,image,/home/drnguyenvinh/notebooks/shrimp_yolo_canonical_bg_wssv_2cls_split70_15_15/images/train/BG-60-img-1.jpg,193577,0e90eeb8ddc434c9b6165a9631573f9eb45bd0e6445e38b3db4caac34e2fcd32
train,label,/home/drnguyenvinh/notebooks/shrimp_yolo_canonical_bg_wssv_2cls_split70_15_15/labels/train/BG-60-img-1.txt,76,be418e1e1c7478e20e033a8180e1271a5ec413d39ee68bff41e0838c48875b28
train,image,/home/drnguyenvinh/notebooks/shrimp_yolo_canonical_bg_wssv_2cls_split70_15_15/images/train/BG-60-img-2.jpg,215936,9519bf7b97d67365e6827a7436820ed19946bf4d1a1eafe2f6946a8fce529b04
train,label,/home/drnguyenvinh/notebooks/shrimp_yolo_canonical_bg_wssv_2cls_split70_15_15/labels/train/BG-60-img-2.txt,114,7516fd5fca6d1ea8f8848075201851c139aa6faa2c2622e89cfc9d34a88540e2
train,image,/home/drnguyenvinh/notebooks/shrimp_yolo_canonical_bg_wssv_2cls_split70_15_15/images/train/BG-61-img-1.jpg,206967,38c80c04ab163b5759071181a4be5e9305ce739ebef47c311a8da2f8acfe9941
train,label,/home/drnguyenvinh/notebooks/shrimp_yolo_canonical_bg_wssv_2cls_split70_15_15/labels/train/BG-61-img-1.txt,76,d289fae18483953378ed6e48ae86a2f945dff05dad565a9567d95da5a7ee704b
train,image,/home/drnguyenvinh/notebooks/shrimp_yolo_canonical_bg_wssv_2cls_split70_15_15/images/train/BG-61-img-2.jpg,182121,f37f99753e5c4844680bbd218d11ba58d5fc47aeeab9b5207ecf0982c2d8a1db
train,label,/home/drnguyenvinh/notebooks/shrimp_yolo_canonical_bg_wssv_2cls_split70_15_15/labels/train/BG-61-img-2.txt,38,73f2d267766a0d1118b3e81fe499bf3219536952c172d44c0e406a7f339d0fb0
train,image,/home/drnguyenvinh/notebooks/shrimp_yolo_canonical_bg_wssv_2cls_split70_15_15/images/train/BG-61-img-3.jpg,199244,5f2133602af88469ab6a61e16511302dc5003451bebcfb5321976f950b8740e6
train,label,/home/drnguyenvinh/notebooks/shrimp_yolo_canonical_bg_wssv_2cls_split70_15_15/labels/train/BG-61-img-3.txt,76,72243f5814205ec71daf2999a05d8a2796574c0be640c9a9c358326aa7c6fcbb
train,image,/home/drnguyenvinh/notebooks/shrimp_yolo_canonical_bg_wssv_2cls_split70_15_15/images/train/BG-62-img-3.jpg,210054,64aa7b945a0daac8b7d8016113c49d56f4851f0e1bb83b0a119b00392d689bd6
train,label,/home/drnguyenvinh/notebooks/shrimp_yolo_canonical_bg_wssv_2cls_split70_15_15/labels/train/BG-62-img-3.txt,76,fef5ed97ae8958bc9400480a391a992d890654ca18af228b1e386fb99a38ec22
train,image,/home/drnguyenvinh/notebooks/shrimp_yolo_canonical_bg_wssv_2cls_split70_15_15/images/train/BG-63-img-1.jpg,182031,17c214f76649058e835e840bba4b917a541dfd3228636fa8924a7754a8af252e
train,label,/home/drnguyenvinh/notebooks/shrimp_yolo_canonical_bg_wssv_2cls_split70_15_15/labels/train/BG-63-img-1.txt,76,300cd631bf0be0bbb4938084ce8702afcd4768747a01ff34ea24604878326cb3
train,image,/home/drnguyenvinh/notebooks/shrimp_yolo_canonical_bg_wssv_2cls_split70_15_15/images/train/BG-64-img-1.jpg,208202,5a6472b572c7403067b95ea82cf5035125226bd01027d3cf3e6efd21fee2745e
train,label,/home/drnguyenvinh/notebooks/shrimp_yolo_canonical_bg_wssv_2cls_split70_15_15/labels/train/BG-64-img-1.txt,304,b4c52d73288d9bd18f3d62b8a57c0d4015e6f7279ec1c3995d596312ea4bed7e
train,image,/home/drnguyenvinh/notebooks/shrimp_yolo_canonical_bg_wssv_2cls_split70_15_15/images/train/BG-64-img-2.jpg,247563,291c200b81860ca239ff8076793c040a16c1e5eef756d6aafdc25bc094834e3e
train,label,/home/drnguyenvinh/notebooks/shrimp_yolo_canonical_bg_wssv_2cls_split70_15_15/labels/train/BG-64-img-2.txt,76,4a3a40103a8efcb68deff1ed73a0416e592b2722cbef96cae1b30f0ef4037976
train,image,/home/drnguyenvinh/notebooks/shrimp_yolo_canonical_bg_wssv_2cls_split70_15_15/images/train/BG-64-img-3.jpg,233786,a83736ffd04bf66f1ec10df532dac2b54c4d0cf4ea5991273186b9a93f6c99e5
train,label,/home/drnguyenvinh/notebooks/shrimp_yolo_canonical_bg_wssv_2cls_split70_15_15/labels/train/BG-64-img-3.txt,76,5d986ac28442b690b629a77b039edcd7042832efa02f66eeddd4c0d3e9c88fb5
train,image,/home/drnguyenvinh/notebooks/shrimp_yolo_canonical_bg_wssv_2cls_split70_15_15/images/train/BG-65-img-1.jpg,219716,7ea382440cf9eacb9d9304b5c000c7e3026b6a6ae7b8c850761fd6f60cf5e482
train,label,/home/drnguyenvinh/notebooks/shrimp_yolo_canonical_bg_wssv_2cls_split70_15_15/labels/train/BG-65-img-1.txt,38,6b40b3ff1242fe9dfd8913781fd7e6d82212f630ea9d7be45b714a57cdb82199
train,image,/home/drnguyenvinh/notebooks/shrimp_yolo_canonical_bg_wssv_2cls_split70_15_15/images/train/BG-66-img-1.jpg,217770,caef8cb1d4f7fe8fea84df2c3b08e20acf7123e57f7f2067dd3e2e21187bf1ab
train,label,/home/drnguyenvinh/notebooks/shrimp_yolo_canonical_bg_wssv_2cls_split70_15_15/labels/train/BG-66-img-1.txt,76,064f7e170f5806b6364aa09594053aa8bf381fd211508fbf4bf649a762c1648c
train,image,/home/drnguyenvinh/notebooks/shrimp_yolo_canonical_bg_wssv_2cls_split70_15_15/images/train/BG-66-img-2.jpg,224215,d383dd72108675bd2ab92cf4afb4006732e9d7867594a6ac13fda04f129c31db
train,label,/home/drnguyenvinh/notebooks/shrimp_yolo_canonical_bg_wssv_2cls_split70_15_15/labels/train/BG-66-img-2.txt,38,d733c4f0d5455f01c6a9785806fffadd8b282de8c512a3165e7129fb43804a4b
train,image,/home/drnguyenvinh/notebooks/shrimp_yolo_canonical_bg_wssv_2cls_split70_15_15/images/train/BG-66-img-3.jpg,199759,63192e577f3cc8139d0b59514773a8a53100dece894f7ab295d9bdf23b7439fe
train,label,/home/drnguyenvinh/notebooks/shrimp_yolo_canonical_bg_wssv_2cls_split70_15_15/labels/train/BG-66-img-3.txt,76,b3b2dd75f9816e4e00804fa5d10773fb5b69fd455bc88ecb658040cf811efff8
train,image,/home/drnguyenvinh/notebooks/shrimp_yolo_canonical_bg_wssv_2cls_split70_15_15/images/train/BG-67-img-1.jpg,234031,6c5bfe34ef47ee4004c57fa7a18d374d2f34bbd92820e37a2bd500cb7f989eae
train,label,/home/drnguyenvinh/notebooks/shrimp_yolo_canonical_bg_wssv_2cls_split70_15_15/labels/train/BG-67-img-1.txt,76,a9949f5b9db7278a50cd0db481b724bf38a9d6c769edb24093a200cbfa78ffc0
train,image,/home/drnguyenvinh/notebooks/shrimp_yolo_canonical_bg_wssv_2cls_split70_15_15/images/train/BG-67-img-3.jpg,211109,8f6d894354df4814a25cfebc20697a2bc29f6e60619f03c6a25bb2b63479f40b
train,label,/home/drnguyenvinh/notebooks/shrimp_yolo_canonical_bg_wssv_2cls_split70_15_15/labels/train/BG-67-img-3.txt,114,4e90ffe09c76ca66f3774c215d87bc4730dcca6b2501b8810de8e15208f9ab82
train,image,/home/drnguyenvinh/notebooks/shrimp_yolo_canonical_bg_wssv_2cls_split70_15_15/images/train/BG-68-img-1.jpg,185147,a195fe495a0181cb03ae79e63c14796cbf313c75af831ff2532c6623f2cb537a
train,label,/home/drnguyenvinh/notebooks/shrimp_yolo_canonical_bg_wssv_2cls_split70_15_15/labels/train/BG-68-img-1.txt,114,083152efe9ec508a19f2976cde3a9493381485a8b0e59af18786298a1db5cd73
train,image,/home/drnguyenvinh/notebooks/shrimp_yolo_canonical_bg_wssv_2cls_split70_15_15/images/train/BG-69-img-1.jpg,181246,e270d528c5ecff6b3e0a4a92d09ae5442642a0880fede55a086cf2edcc2dae73
train,label,/home/drnguyenvinh/notebooks/shrimp_yolo_canonical_bg_wssv_2cls_split70_15_15/labels/train/BG-69-img-1.txt,114,e02d14948ba63b0810ad0b71d2c7c7ec1eed41835133e1313c190d3d9cf354a3
train,image,/home/drnguyenvinh/notebooks/shrimp_yolo_canonical_bg_wssv_2cls_split70_15_15/images/train/BG-69-img-2.jpg,200346,587f271bac8d94171bcd3d465ae513f6226b6ec662876ec8f6b9266c38605cd3
train,label,/home/drnguyenvinh/notebooks/shrimp_yolo_canonical_bg_wssv_2cls_split70_15_15/labels/train/BG-69-img-2.txt,152,7f01c86fbad62e3c22d8b615246d0c1408f70c1093499a6f6c55ba65d143420c
train,image,/home/drnguyenvinh/notebooks/shrimp_yolo_canonical_bg_wssv_2cls_split70_15_15/images/train/BG-69-img-3.jpg,187290,61df8c8eef69bf3c7591f3e020edd7c8b6137e38ca4deeadb562bcc68fd322c7
train,label,/home/drnguyenvinh/notebooks/shrimp_yolo_canonical_bg_wssv_2cls_split70_15_15/labels/train/BG-69-img-3.txt,152,e2cb09714d03f8331079a5be348f6abc62740c4cdb64258bbe332e6bbb917385
train,image,/home/drnguyenvinh/notebooks/shrimp_yolo_canonical_bg_wssv_2cls_split70_15_15/images/train/BG-7-img-1.jpg,854781,3dfb8000a5156956fec2e8bc094c1c0593ccf6f062aca4178dc1274a9387dd04
train,label,/home/drnguyenvinh/notebooks/shrimp_yolo_canonical_bg_wssv_2cls_split70_15_15/labels/train/BG-7-img-1.txt,38,080b0e3bf15f904b947e297cc95224b4600897403fe83339025a53010c70fa0c
train,image,/home/drnguyenvinh/notebooks/shrimp_yolo_canonical_bg_wssv_2cls_split70_15_15/images/train/BG-70-img-1.jpg,136837,35ac2996d8b55730ad0a2669be729cccd4301f7117858114a883d9ed66884dc6
train,label,/home/drnguyenvinh/notebooks/shrimp_yolo_canonical_bg_wssv_2cls_split70_15_15/labels/train/BG-70-img-1.txt,38,53f15db8438a60e05418acdcde5d27d0a257772d98e0888c09528f56214978ef
train,image,/home/drnguyenvinh/notebooks/shrimp_yolo_canonical_bg_wssv_2cls_split70_15_15/images/train/BG-70-img-2.jpg,198978,b24f192655f0f15541c6cda25317a82665bbd1ebdb2c178be4239375e184d4c5
train,label,/home/drnguyenvinh/notebooks/shrimp_yolo_canonical_bg_wssv_2cls_split70_15_15/labels/train/BG-70-img-2.txt,38,24997e6ca3be30531d0660392d696257fba0ac6fd3effd115c6468f01555c02d
train,image,/home/drnguyenvinh/notebooks/shrimp_yolo_canonical_bg_wssv_2cls_split70_15_15/images/train/BG-70-img-3.jpg,184144,2417ac4eb6e3ca464271718282f359bcdb13d8049c7c6a1d15237090d839b105
train,label,/home/drnguyenvinh/notebooks/shrimp_yolo_canonical_bg_wssv_2cls_split70_15_15/labels/train/BG-70-img-3.txt,76,924a04720245c9a33be554b32b3d8ac8a748cfb200d508993e8fea4da513394f
train,image,/home/drnguyenvinh/notebooks/shrimp_yolo_canonical_bg_wssv_2cls_split70_15_15/images/train/BG-71-img-1.jpg,204447,a5c8d5f5a473e9c9ac20806ae0f9270ef3fa28a6a595f53fb06ae083bca73e6a
train,label,/home/drnguyenvinh/notebooks/shrimp_yolo_canonical_bg_wssv_2cls_split70_15_15/labels/train/BG-71-img-1.txt,76,7dd8145b472354cbeafc7f87586d9726dd7903c0f74bf290c27317f1c1f600ea
train,image,/home/drnguyenvinh/notebooks/shrimp_yolo_canonical_bg_wssv_2cls_split70_15_15/images/train/BG-71-img-2.jpg,196846,61ad1ff579fb77a424e8a2bc8457a3514164413569a3f22a0a016ba4d08f548a
train,label,/home/drnguyenvinh/notebooks/shrimp_yolo_canonical_bg_wssv_2cls_split70_15_15/labels/train/BG-71-img-2.txt,418,4d5b3be2769cee8d1bc5f4ea299b7e7a8cadd6219e04eb33e7c9d1b1e7d16677
train,image,/home/drnguyenvinh/notebooks/shrimp_yolo_canonical_bg_wssv_2cls_split70_15_15/images/train/BG-72-img-2.jpg,150170,c420ed68ee21a0d43778f13b80edc740d412427039e16455f93533f34207489e
train,label,/home/drnguyenvinh/notebooks/shrimp_yolo_canonical_bg_wssv_2cls_split70_15_15/labels/train/BG-72-img-2.txt,608,5afbc46b37185aac1ef0d37e356a4622de4852ed6f26b450578e651c246e769d
train,image,/home/drnguyenvinh/notebooks/shrimp_yolo_canonical_bg_wssv_2cls_split70_15_15/images/train/BG-72-img-3.jpg,207743,24358501acc6a4a939402cbc196217a45b778b9fc037b2556f18102181facd40
train,label,/home/drnguyenvinh/notebooks/shrimp_yolo_canonical_bg_wssv_2cls_split70_15_15/labels/train/BG-72-img-3.txt,570,55d1383ad3a3797db32924afbbfada170f8500ac335b944afc414402cdfed8b1
train,image,/home/drnguyenvinh/notebooks/shrimp_yolo_canonical_bg_wssv_2cls_split70_15_15/images/train/BG-73-img-2.jpg,144958,42dc0be8659bea2ad96c0c18dc0d9009f75813456af1fff3ebd7d302ceeffad5
train,label,/home/drnguyenvinh/notebooks/shrimp_yolo_canonical_bg_wssv_2cls_split70_15_15/labels/train/BG-73-img-2.txt,114,6c133269f08c1dd3e72a33388a738e95fa283d35fc3ae4a96d9b7fc69bdea607
train,image,/home/drnguyenvinh/notebooks/shrimp_yolo_canonical_bg_wssv_2cls_split70_15_15/images/train/BG-73-img-3.jpg,212049,1a78526deb6b75ce2b07bbd486287d149eb574b92875f80f9cd324d5a09c3ccb
train,label,/home/drnguyenvinh/notebooks/shrimp_yolo_canonical_bg_wssv_2cls_split70_15_15/labels/train/BG-73-img-3.txt,38,45f16b14cfe8a38a1911d01d7e85750e48be3cee8173b85619345ae29dfe9aa7
train,image,/home/drnguyenvinh/notebooks/shrimp_yolo_canonical_bg_wssv_2cls_split70_15_15/images/train/BG-74-img-2.jpg,236415,3acfb2ebfac8bef30c880d6e8c2b1e1b652780deca04e1cbb8a06e940c848545
train,label,/home/drnguyenvinh/notebooks/shrimp_yolo_canonical_bg_wssv_2cls_split70_15_15/labels/train/BG-74-img-2.txt,38,68de987eafd013b0caa08c9e461717c507b5709ce037bc8fa2937a073cea31bd
train,image,/home/drnguyenvinh/notebooks/shrimp_yolo_canonical_bg_wssv_2cls_split70_15_15/images/train/BG-75-img-2.jpg,214844,e537b041b56fc98b5cf8f74220501941204737c40b5bddf7f43c2df3c605ee2d
train,label,/home/drnguyenvinh/notebooks/shrimp_yolo_canonical_bg_wssv_2cls_split70_15_15/labels/train/BG-75-img-2.txt,684,fa77815390777751e02c5aad95b0dd707c10e99d3a09533109f59a5347a1f2b7
train,image,/home/drnguyenvinh/notebooks/shrimp_yolo_canonical_bg_wssv_2cls_split70_15_15/images/train/BG-75-img-3.jpg,201894,da493fdb32fa0081c2a530b3e674b2caf3b84c5a1ed2bc0bd688eadcd6e81d43
train,label,/home/drnguyenvinh/notebooks/shrimp_yolo_canonical_bg_wssv_2cls_split70_15_15/labels/train/BG-75-img-3.txt,114,bb41a6396138f90fcb4423c1cb1ff2ebe1463d595aac3ad56b8f1811d9e4d45e
train,image,/home/drnguyenvinh/notebooks/shrimp_yolo_canonical_bg_wssv_2cls_split70_15_15/images/train/BG-8-img-1.jpg,727628,7da290c88a112d0c2d1e4151b2af0f096f5476de5460e8cb545a222f5d5686cb
train,label,/home/drnguyenvinh/notebooks/shrimp_yolo_canonical_bg_wssv_2cls_split70_15_15/labels/train/BG-8-img-1.txt,38,71b928b7fe8cdef06e365c549e3504645836d27d0a118ad188acf0eb5b61c041
train,image,/home/drnguyenvinh/notebooks/shrimp_yolo_canonical_bg_wssv_2cls_split70_15_15/images/train/BG-8-img-2.jpg,619169,ea11b2854cbdaf8e7aa6c4e0e2ec20148297ca80dda995d3843c0c2d641dfc4f
train,label,/home/drnguyenvinh/notebooks/shrimp_yolo_canonical_bg_wssv_2cls_split70_15_15/labels/train/BG-8-img-2.txt,76,28686d45bc0126b3aa57f25a1eea4df7e3ef47a19d10194e952bf94cb63d656e
train,image,/home/drnguyenvinh/notebooks/shrimp_yolo_canonical_bg_wssv_2cls_split70_15_15/images/train/BG-9-img-2.jpg,941016,6bb7d9abaf7c41fa49c31ebbb1f55fc71fecf4a5c10cd4a261ca59d7165a77a9
train,label,/home/drnguyenvinh/notebooks/shrimp_yolo_canonical_bg_wssv_2cls_split70_15_15/labels/train/BG-9-img-2.txt,76,dfdb3cad894c3bdf58960f3c503c6846b365339f9b5f590b314a919ff3860b30
train,image,/home/drnguyenvinh/notebooks/shrimp_yolo_canonical_bg_wssv_2cls_split70_15_15/images/train/BG-9-img-3.jpg,945137,eb03dbaf16c0eaaf0b0f44398637702f7646b1271c5627583e3220fc40ab2a90
train,label,/home/drnguyenvinh/notebooks/shrimp_yolo_canonical_bg_wssv_2cls_split70_15_15/labels/train/BG-9-img-3.txt,76,b1e20abaa29817532b5062dc24ccfced549dbb8e83b582c2ac88d634f297ec37
train,image,/home/drnguyenvinh/notebooks/shrimp_yolo_canonical_bg_wssv_2cls_split70_15_15/images/train/WSSV-1-img-1.jpg,248891,8c9fa622a4f89e3ca4ab73a88519f044b291df8440c78d2b51c204b21ec0f2c0
train,label,/home/drnguyenvinh/notebooks/shrimp_yolo_canonical_bg_wssv_2cls_split70_15_15/labels/train/WSSV-1-img-1.txt,456,8bc59b3a9f1f4844e67fced12608a9ceba3bc92a7f5d75018c43c4ebec252d8a
train,image,/home/drnguyenvinh/notebooks/shrimp_yolo_canonical_bg_wssv_2cls_split70_15_15/images/train/WSSV-1-img-2.jpg,217012,c70d49cb6eed107c45f2b473c3cb87f203782a2299696061a4defbafadcfb001
train,label,/home/drnguyenvinh/notebooks/shrimp_yolo_canonical_bg_wssv_2cls_split70_15_15/labels/train/WSSV-1-img-2.txt,152,776db53c9cf360dc3d29a190d52f5d4d0f79a112a2212ef0d34026298da5bc0e
train,image,/home/drnguyenvinh/notebooks/shrimp_yolo_canonical_bg_wssv_2cls_split70_15_15/images/train/WSSV-1-img-3.jpg,296584,5f6eb8be15cd8686082e433743d91e4c5ba82e2daef25d600adcb277a82d4c61
train,label,/home/drnguyenvinh/notebooks/shrimp_yolo_canonical_bg_wssv_2cls_split70_15_15/labels/train/WSSV-1-img-3.txt,190,7b66494ea1f548dc21c75d5931fec3ee19ab40b7e86f5557cfe6e996491e8633
train,image,/home/drnguyenvinh/notebooks/shrimp_yolo_canonical_bg_wssv_2cls_split70_15_15/images/train/WSSV-10-img-2.jpg,217948,dbae4e8d40598e7e43b5b1881f532030eedc035138411fe80650af88a3e612a7
train,label,/home/drnguyenvinh/notebooks/shrimp_yolo_canonical_bg_wssv_2cls_split70_15_15/labels/train/WSSV-10-img-2.txt,1026,43bdd02cc14b296ee62d6639312afd8d5bae0047acf95ad3f68153f246e7ff44
train,image,/home/drnguyenvinh/notebooks/shrimp_yolo_canonical_bg_wssv_2cls_split70_15_15/images/train/WSSV-10-img-3.jpg,180716,1871c8129b2eb3829e5be83e6a70eb0f00c3fa891cfd913477645343e0d0089a
train,label,/home/drnguyenvinh/notebooks/shrimp_yolo_canonical_bg_wssv_2cls_split70_15_15/labels/train/WSSV-10-img-3.txt,342,421cd8eade25b1162c93fd7dd3973e4e16a689d3b40c2bb13b5c7867702cb1a2
train,image,/home/drnguyenvinh/notebooks/shrimp_yolo_canonical_bg_wssv_2cls_split70_15_15/images/train/WSSV-100-img-1.jpg,254593,2d05634944a5d01c469f71841d16181fdd7eb7719ec3f8ef9bc52aa115ccc2e2
train,label,/home/drnguyenvinh/notebooks/shrimp_yolo_canonical_bg_wssv_2cls_split70_15_15/labels/train/WSSV-100-img-1.txt,228,ca7ac391b50f08bf937dc3632d6fbd542e90ba96f88089bd43cba5aa09e9a647
train,image,/home/drnguyenvinh/notebooks/shrimp_yolo_canonical_bg_wssv_2cls_split70_15_15/images/train/WSSV-100-img-2.jpg,259617,011cc6d717abea7626fb8b8810b2912ab1d3212b11760eb883cdb9110bbb7450
train,label,/home/drnguyenvinh/notebooks/shrimp_yolo_canonical_bg_wssv_2cls_split70_15_15/labels/train/WSSV-100-img-2.txt,304,99aa6e131c55e7bde367eb90885d5600d360b44da876f4e87567c5bdc79608d5
train,image,/home/drnguyenvinh/notebooks/shrimp_yolo_canonical_bg_wssv_2cls_split70_15_15/images/train/WSSV-100-img-3.jpg,172314,f7154cad96ac5352db6c47f838637e83288e0a46e46f69ad3c167e8ef1e76c1f
train,label,/home/drnguyenvinh/notebooks/shrimp_yolo_canonical_bg_wssv_2cls_split70_15_15/labels/train/WSSV-100-img-3.txt,342,373b1c8eb00fbcc3953cec6caa21be788d6b415d11675ec9a6b9954a31221ba3
train,image,/home/drnguyenvinh/notebooks/shrimp_yolo_canonical_bg_wssv_2cls_split70_15_15/images/train/WSSV-101-img-1.jpg,218337,4523566b7f36349084e8b0e8f48143b02ceada019868088abafaf617780d3a0d
train,label,/home/drnguyenvinh/notebooks/shrimp_yolo_canonical_bg_wssv_2cls_split70_15_15/labels/train/WSSV-101-img-1.txt,266,d31de2a2815525671ce14ceb5ce1f28757da2f0e7e805ca466e4be1671b5c7dc
train,image,/home/drnguyenvinh/notebooks/shrimp_yolo_canonical_bg_wssv_2cls_split70_15_15/images/train/WSSV-102-img-1.jpg,174469,55b12c3908b05a6e9543fb8f746b7c5b9f88211c5783e20c3edf66108e1a13b6
train,label,/home/drnguyenvinh/notebooks/shrimp_yolo_canonical_bg_wssv_2cls_split70_15_15/labels/train/WSSV-102-img-1.txt,380,1b642de7aa942684a3b19cefc4ce97ac78db133edeb76ba4eb318f5442a8948a
train,image,/home/drnguyenvinh/notebooks/shrimp_yolo_canonical_bg_wssv_2cls_split70_15_15/images/train/WSSV-103-img-1.jpg,207725,2c42341708235ac25c413b0472fe63d753b498d593d161c2ff9c93d179233982
train,label,/home/drnguyenvinh/notebooks/shrimp_yolo_canonical_bg_wssv_2cls_split70_15_15/labels/train/WSSV-103-img-1.txt,304,05d0236ab82a94ceb20fe9a82086e9076427127ee920f23cfd84b06c1b88f6c3
train,image,/home/drnguyenvinh/notebooks/shrimp_yolo_canonical_bg_wssv_2cls_split70_15_15/images/train/WSSV-103-img-2.jpg,250849,f28fc4f0162f268667ccc17b8822bc86bb1ad3545e1f6b6eb156a55f748bb2e9
train,label,/home/drnguyenvinh/notebooks/shrimp_yolo_canonical_bg_wssv_2cls_split70_15_15/labels/train/WSSV-103-img-2.txt,304,bde8d12f001aecb212bab6d2586e2d20ab735a69895f6ecf812a9fcf2228aa93
train,image,/home/drnguyenvinh/notebooks/shrimp_yolo_canonical_bg_wssv_2cls_split70_15_15/images/train/WSSV-104-img-2.jpg,203892,e95d77e6c9d69122f429cbc2adb6bd30dde7a167d47a0fb22e8b95807301b668
train,label,/home/drnguyenvinh/notebooks/shrimp_yolo_canonical_bg_wssv_2cls_split70_15_15/labels/train/WSSV-104-img-2.txt,114,9f30fd697fd8eb92689ba27358a2c22287840fc371e63ed9e0cd754258e829b9
train,image,/home/drnguyenvinh/notebooks/shrimp_yolo_canonical_bg_wssv_2cls_split70_15_15/images/train/WSSV-104-img-3.jpg,215472,b1e8062b74124ebd753efcdbfb7062867ad120eaa82d4ef7b82f997e640b4896
train,label,/home/drnguyenvinh/notebooks/shrimp_yolo_canonical_bg_wssv_2cls_split70_15_15/labels/train/WSSV-104-img-3.txt,76,14ace748ed82434e69721d4789371e6f73dfad35de6886a1af6267ccfcc81e69
train,image,/home/drnguyenvinh/notebooks/shrimp_yolo_canonical_bg_wssv_2cls_split70_15_15/images/train/WSSV-105-img-1.jpg,210589,761fba8865779a64c0307424cbc96d0b29ccf99338c62db1a3e8faa6b6809ab0
train,label,/home/drnguyenvinh/notebooks/shrimp_yolo_canonical_bg_wssv_2cls_split70_15_15/labels/train/WSSV-105-img-1.txt,152,d2188201de79caf2ed9e6e947002b46d66c6347593487d2d622a42cca1e14cce
train,image,/home/drnguyenvinh/notebooks/shrimp_yolo_canonical_bg_wssv_2cls_split70_15_15/images/train/WSSV-105-img-2.jpg,227983,be53652139ac26e82c1a9de719d2f106e55a6be65291d6f0f72e578e37ad7177
train,label,/home/drnguyenvinh/notebooks/shrimp_yolo_canonical_bg_wssv_2cls_split70_15_15/labels/train/WSSV-105-img-2.txt,304,2d3071e6492d033c2beeb1ced8e344662680fe68d955643b72589fc3e5273d2b
train,image,/home/drnguyenvinh/notebooks/shrimp_yolo_canonical_bg_wssv_2cls_split70_15_15/images/train/WSSV-105-img-3.jpg,218284,035d8bc4fd062e40b919d609a7c9f82d55a648fd7787d8514734c4410c5334e5
train,label,/home/drnguyenvinh/notebooks/shrimp_yolo_canonical_bg_wssv_2cls_split70_15_15/labels/train/WSSV-105-img-3.txt,418,7e414b39e027db466bd44bf5612e993eed22b9b673d1cf4b80b6255ee8f0759b
train,image,/home/drnguyenvinh/notebooks/shrimp_yolo_canonical_bg_wssv_2cls_split70_15_15/images/train/WSSV-106-img-1.jpg,207274,f03e4f75f1963be769c6fe63b9ff1c829b35373203d180a609755976356b6308
train,label,/home/drnguyenvinh/notebooks/shrimp_yolo_canonical_bg_wssv_2cls_split70_15_15/labels/train/WSSV-106-img-1.txt,418,7e9559fc8c0189b0a4c1f0937cdcc24fb43c004f1eece8464f246a87510ed361
train,image,/home/drnguyenvinh/notebooks/shrimp_yolo_canonical_bg_wssv_2cls_split70_15_15/images/train/WSSV-106-img-3.jpg,228413,f8f3ca3c96d0b8814a2246585717253bbd718723118f8bfb262b57ea402973e4
train,label,/home/drnguyenvinh/notebooks/shrimp_yolo_canonical_bg_wssv_2cls_split70_15_15/labels/train/WSSV-106-img-3.txt,266,1e3e5c1a6fa0970660fffefe3eb3fe168ceaf30eb56b5a007c0cbde0b373b52c
train,image,/home/drnguyenvinh/notebooks/shrimp_yolo_canonical_bg_wssv_2cls_split70_15_15/images/train/WSSV-107-img-2.jpg,211189,ba835affa006dfc39ad3f64b7d05d03f20a515d1d35ee262a265d556363c1b08
train,label,/home/drnguyenvinh/notebooks/shrimp_yolo_canonical_bg_wssv_2cls_split70_15_15/labels/train/WSSV-107-img-2.txt,114,9fd5e6234f71db4bcc7c993e282ee60f6967c2a796f23ddb2d608c860fd9c601
train,image,/home/drnguyenvinh/notebooks/shrimp_yolo_canonical_bg_wssv_2cls_split70_15_15/images/train/WSSV-108-img-1.jpg,234833,6bfcf248bd2ef41ce9b0913b00328fe219ec65937598bd1cbaafdc2db6ca8009
train,label,/home/drnguyenvinh/notebooks/shrimp_yolo_canonical_bg_wssv_2cls_split70_15_15/labels/train/WSSV-108-img-1.txt,114,882b077542c0f8524942c282daa10d177ef39cdf75df48380d4952d645414690
train,image,/home/drnguyenvinh/notebooks/shrimp_yolo_canonical_bg_wssv_2cls_split70_15_15/images/train/WSSV-108-img-2.jpg,218070,1a92543c21755bfca29a47d1974f6ee979d77702c92540633e997dc4acaddbe0
train,label,/home/drnguyenvinh/notebooks/shrimp_yolo_canonical_bg_wssv_2cls_split70_15_15/labels/train/WSSV-108-img-2.txt,228,0519d87f65ba2d4eed0ea5c64d6d57e4468a91abe2b3112b55f349d6b69439db
train,image,/home/drnguyenvinh/notebooks/shrimp_yolo_canonical_bg_wssv_2cls_split70_15_15/images/train/WSSV-109-img-3.jpg,222393,eea5a05b63361fc94802fd4b61f3cf21aba6828c261a550b347749bafd3783b4
train,label,/home/drnguyenvinh/notebooks/shrimp_yolo_canonical_bg_wssv_2cls_split70_15_15/labels/train/WSSV-109-img-3.txt,190,d1a2d48649dd5039bf6dd73d1c994c3494da17b09a1802e6ce705b0a4f7ab31a
train,image,/home/drnguyenvinh/notebooks/shrimp_yolo_canonical_bg_wssv_2cls_split70_15_15/images/train/WSSV-11-img-2.jpg,159735,0e3033ebe4a1cf2c509baaeef0ee9e55411fcd575bd23abc427b37b20e9d100e
train,label,/home/drnguyenvinh/notebooks/shrimp_yolo_canonical_bg_wssv_2cls_split70_15_15/labels/train/WSSV-11-img-2.txt,494,c77ca763df925077a452db8944c80f33144e39541c39af3e42d24dc45476bb5a
train,image,/home/drnguyenvinh/notebooks/shrimp_yolo_canonical_bg_wssv_2cls_split70_15_15/images/train/WSSV-110-img-1.jpg,227618,81d3e41949de25d2126f294d7568512157c00804a91cbd0feb2e8007852b2b5f
train,label,/home/drnguyenvinh/notebooks/shrimp_yolo_canonical_bg_wssv_2cls_split70_15_15/labels/train/WSSV-110-img-1.txt,418,fdc802969eabebce17e5da3499cc7988cc037c398525ddeabe22d5bc8a13456d
train,image,/home/drnguyenvinh/notebooks/shrimp_yolo_canonical_bg_wssv_2cls_split70_15_15/images/train/WSSV-111-img-1.jpg,177784,ca8d66afa27d10082d94ef614db12ae0488a60391d44bb46f3512fa7731779c6
train,label,/home/drnguyenvinh/notebooks/shrimp_yolo_canonical_bg_wssv_2cls_split70_15_15/labels/train/WSSV-111-img-1.txt,114,4f7c14fd093376f035f867d0494bd5d0d300f1123d40130c85b7cfd61d139b23
train,image,/home/drnguyenvinh/notebooks/shrimp_yolo_canonical_bg_wssv_2cls_split70_15_15/images/train/WSSV-111-img-2.jpg,199852,ead46cd9fb5a3afe04a47f5e4895cc6d1fda6bb57d3b18149d5f8cd5c6873624
train,label,/home/drnguyenvinh/notebooks/shrimp_yolo_canonical_bg_wssv_2cls_split70_15_15/labels/train/WSSV-111-img-2.txt,114,9399a57063dd9f1c4f2a1e5e8eccf64f539b9505ae22a79f7fadf3575f52851e
train,image,/home/drnguyenvinh/notebooks/shrimp_yolo_canonical_bg_wssv_2cls_split70_15_15/images/train/WSSV-111-img-3.jpg,205780,7a3046ad00ff898f6aeb5e92151e9605704adca74497a02cfe16113cb54b2a6a
train,label,/home/drnguyenvinh/notebooks/shrimp_yolo_canonical_bg_wssv_2cls_split70_15_15/labels/train/WSSV-111-img-3.txt,152,c5026aa15fd4dabdb3d8df21109a2c47251065397cfa643bc0673beaec824910
train,image,/home/drnguyenvinh/notebooks/shrimp_yolo_canonical_bg_wssv_2cls_split70_15_15/images/train/WSSV-112-img-2.jpg,211839,3c284f5e685abd41e57dc6578cd362aa92194072828905d85e7cf52d6c75cab8
train,label,/home/drnguyenvinh/notebooks/shrimp_yolo_canonical_bg_wssv_2cls_split70_15_15/labels/train/WSSV-112-img-2.txt,76,ab916ee44534e7a2622c33721560b97ec3898247881e5cbaeaeb8fc17c98533a
train,image,/home/drnguyenvinh/notebooks/shrimp_yolo_canonical_bg_wssv_2cls_split70_15_15/images/train/WSSV-112-img-3.jpg,159267,30eab005254e5cf4f729d0f86e3f4075e99d04f7d9cad8e2072ae60cc1aa158f
train,label,/home/drnguyenvinh/notebooks/shrimp_yolo_canonical_bg_wssv_2cls_split70_15_15/labels/train/WSSV-112-img-3.txt,152,6e06094d21dacfbb18c6f8b8c5a96bb165965d752af49cd412e7436b8b147d1a
train,image,/home/drnguyenvinh/notebooks/shrimp_yolo_canonical_bg_wssv_2cls_split70_15_15/images/train/WSSV-113-img-1.jpg,200140,bc30d8c8f1e33b2ae0675588e86d36c0f3c2ad14ffa3d230f1d86dcac92eae89
train,label,/home/drnguyenvinh/notebooks/shrimp_yolo_canonical_bg_wssv_2cls_split70_15_15/labels/train/WSSV-113-img-1.txt,228,6b4b7e07d4c84b118291111403ac3148995ea1c93f64135530c6955e6b7abb3a
train,image,/home/drnguyenvinh/notebooks/shrimp_yolo_canonical_bg_wssv_2cls_split70_15_15/images/train/WSSV-113-img-2.jpg,206831,7bdd1527dad39d7bece0d0d34d1471d70f3af620ff3cf4b64d75a47a121acf9e
train,label,/home/drnguyenvinh/notebooks/shrimp_yolo_canonical_bg_wssv_2cls_split70_15_15/labels/train/WSSV-113-img-2.txt,266,85ef37a65b18e1f69e287c9dda418f83203b64e01e2e6fda258f13f2667f0299
train,image,/home/drnguyenvinh/notebooks/shrimp_yolo_canonical_bg_wssv_2cls_split70_15_15/images/train/WSSV-113-img-3.jpg,205476,0e9a7d1b1196811f70d23861243e11fde88449428d25387d31b35d2787506aff
train,label,/home/drnguyenvinh/notebooks/shrimp_yolo_canonical_bg_wssv_2cls_split70_15_15/labels/train/WSSV-113-img-3.txt,570,1550de2ad6606e7e4fea3dc08d94f7561a648d801da39ade4e520d033d206194
train,image,/home/drnguyenvinh/notebooks/shrimp_yolo_canonical_bg_wssv_2cls_split70_15_15/images/train/WSSV-115-img-2.jpg,223661,0594970b0be9f3610be545c05b6acbafe5a64c407d776f92fce1ae911c9ad7f1
train,label,/home/drnguyenvinh/notebooks/shrimp_yolo_canonical_bg_wssv_2cls_split70_15_15/labels/train/WSSV-115-img-2.txt,646,1caba0bcbcf1277e56972270bd33687c163714c2a6a96a4c7a4fdf0c1c6cc7ba
train,image,/home/drnguyenvinh/notebooks/shrimp_yolo_canonical_bg_wssv_2cls_split70_15_15/images/train/WSSV-115-img-3.jpg,222883,b584eab79297564b0c918283861492aed9aae38dbc6bbeddeb3bd54e9fb810e1
train,label,/home/drnguyenvinh/notebooks/shrimp_yolo_canonical_bg_wssv_2cls_split70_15_15/labels/train/WSSV-115-img-3.txt,266,7599bd6a3a998c5d870ab9fb15782a19ff155a8fd4ff51ab3d992121aebdca8a
train,image,/home/drnguyenvinh/notebooks/shrimp_yolo_canonical_bg_wssv_2cls_split70_15_15/images/train/WSSV-116-img-1.jpg,233224,6df8c912cbf0db0b8f4d390a97239ae311dbc4d42926e0a2d50dccb30e2d1223
train,label,/home/drnguyenvinh/notebooks/shrimp_yolo_canonical_bg_wssv_2cls_split70_15_15/labels/train/WSSV-116-img-1.txt,190,58f247f60c56d66dfd702c3476c2c0fb587c4768a3b2e88794c5ac00796bb11d
train,image,/home/drnguyenvinh/notebooks/shrimp_yolo_canonical_bg_wssv_2cls_split70_15_15/images/train/WSSV-117-img-1.jpg,200657,ce616879a203b2873e325ca0fc812aef142d430168ae836482c595da636f53c9
train,label,/home/drnguyenvinh/notebooks/shrimp_yolo_canonical_bg_wssv_2cls_split70_15_15/labels/train/WSSV-117-img-1.txt,152,3a1989d02a5b85fa0a9c138c5ce3e32326248534d72e86e0211259933b95dca6
train,image,/home/drnguyenvinh/notebooks/shrimp_yolo_canonical_bg_wssv_2cls_split70_15_15/images/train/WSSV-117-img-2.jpg,201578,b45bc137822d9cce3eadb3d2b6547555bedeabb703c3c2ecd9a24cc2251488e9
train,label,/home/drnguyenvinh/notebooks/shrimp_yolo_canonical_bg_wssv_2cls_split70_15_15/labels/train/WSSV-117-img-2.txt,304,5aa5d83bec6843880a298612fc78f8329b78c82abef32022a4acfc90bd64a87f
train,image,/home/drnguyenvinh/notebooks/shrimp_yolo_canonical_bg_wssv_2cls_split70_15_15/images/train/WSSV-118-img-1.jpg,218348,4abe0a3047ddecf6db57e006d134cf154b8eac4cc1074792e4fa49a9319908e2
train,label,/home/drnguyenvinh/notebooks/shrimp_yolo_canonical_bg_wssv_2cls_split70_15_15/labels/train/WSSV-118-img-1.txt,152,c3423dc33af5f69111ef4d0b9fb0e373bd3bb30b2208b6a94921731858227c80
train,image,/home/drnguyenvinh/notebooks/shrimp_yolo_canonical_bg_wssv_2cls_split70_15_15/images/train/WSSV-118-img-2.jpg,206588,b33dee060eb754d37f2096b4c42e51c56fe612f2e6207296f6419bcb09f25537
train,label,/home/drnguyenvinh/notebooks/shrimp_yolo_canonical_bg_wssv_2cls_split70_15_15/labels/train/WSSV-118-img-2.txt,190,e6174a2f0348d91849ae8155a6e4727ee1d4a351d6ffe021df3d3aab2c4becf6
train,image,/home/drnguyenvinh/notebooks/shrimp_yolo_canonical_bg_wssv_2cls_split70_15_15/images/train/WSSV-12-img-2.jpg,180351,d0cd6a86f4e3756b5f706e8f61bec9b9acd56f2690b5c056580e75dfe67f4b9f
train,label,/home/drnguyenvinh/notebooks/shrimp_yolo_canonical_bg_wssv_2cls_split70_15_15/labels/train/WSSV-12-img-2.txt,418,581c09e62c7a974220e03a815f58311a12104f08b4f69c329c01a52458c130d6
train,image,/home/drnguyenvinh/notebooks/shrimp_yolo_canonical_bg_wssv_2cls_split70_15_15/images/train/WSSV-13-img-1.jpg,202178,2894f7c3b95ddb7e6cc2d659e7140cb7fad923189534cb5868ca201b19fcbcab
train,label,/home/drnguyenvinh/notebooks/shrimp_yolo_canonical_bg_wssv_2cls_split70_15_15/labels/train/WSSV-13-img-1.txt,380,d6164575586237fa74f5c1a624813287036bb520b00e5408ec4bb3553e6ea738
train,image,/home/drnguyenvinh/notebooks/shrimp_yolo_canonical_bg_wssv_2cls_split70_15_15/images/train/WSSV-13-img-2.jpg,207904,eb6ad8cf5dff0591673b51c8e46839837ba43eec7f2cfd04c987c229ce50a48a
train,label,/home/drnguyenvinh/notebooks/shrimp_yolo_canonical_bg_wssv_2cls_split70_15_15/labels/train/WSSV-13-img-2.txt,152,0dfb710fee73733843e3ff969d1f3dc001a6fc6c43063e41299cf763c433bfaf
train,image,/home/drnguyenvinh/notebooks/shrimp_yolo_canonical_bg_wssv_2cls_split70_15_15/images/train/WSSV-14-img-1.jpg,210363,d77ddbb1e5e47c078d62b95e76ffdae4d0c4c18b66dc73fecc09be59b7850d83
train,label,/home/drnguyenvinh/notebooks/shrimp_yolo_canonical_bg_wssv_2cls_split70_15_15/labels/train/WSSV-14-img-1.txt,114,f1bc7a915b47e620c682cd7160b4426d2a7637ffd6309e7c4685dcde519f4e06
train,image,/home/drnguyenvinh/notebooks/shrimp_yolo_canonical_bg_wssv_2cls_split70_15_15/images/train/WSSV-14-img-3.jpg,189256,d687be4326bf74b119256235b6cf979872c0206fd9b339d36422989a53d21051
train,label,/home/drnguyenvinh/notebooks/shrimp_yolo_canonical_bg_wssv_2cls_split70_15_15/labels/train/WSSV-14-img-3.txt,114,3ea3a7a48a7239989fc04a2facd0992d9dc59156de81115d8b0180d23abf0223
train,image,/home/drnguyenvinh/notebooks/shrimp_yolo_canonical_bg_wssv_2cls_split70_15_15/images/train/WSSV-15-img-1.jpg,205842,f258099f2506125b60c89cb0fd2f76a255fb5531ca9d2c5eca2a8a6f71504b31
train,label,/home/drnguyenvinh/notebooks/shrimp_yolo_canonical_bg_wssv_2cls_split70_15_15/labels/train/WSSV-15-img-1.txt,950,e680072a1dca5dc6538409c7ad4ed4c4c14d1f9b023466a7421a307e3bfd3d77
train,image,/home/drnguyenvinh/notebooks/shrimp_yolo_canonical_bg_wssv_2cls_split70_15_15/images/train/WSSV-15-img-2.jpg,201570,ea49c96bebbb5b2b9efda41f4fbba0834cb22fe96622adfdf4a119425b68e4d7
train,label,/home/drnguyenvinh/notebooks/shrimp_yolo_canonical_bg_wssv_2cls_split70_15_15/labels/train/WSSV-15-img-2.txt,76,347663def2987b6499aeff57ada7708420f475b8414a67a4bd158cc75ed15203
train,image,/home/drnguyenvinh/notebooks/shrimp_yolo_canonical_bg_wssv_2cls_split70_15_15/images/train/WSSV-16-img-1.jpg,212249,e501ff6ba71ea7e47a143228f80dd6ff8f722dab401a9db16a59843032c50bae
train,label,/home/drnguyenvinh/notebooks/shrimp_yolo_canonical_bg_wssv_2cls_split70_15_15/labels/train/WSSV-16-img-1.txt,76,e928af41476458871bef3426982f26dfb19dd33acd1e112368940a10265e4f1e
train,image,/home/drnguyenvinh/notebooks/shrimp_yolo_canonical_bg_wssv_2cls_split70_15_15/images/train/WSSV-16-img-2.jpg,205812,82edf66b6cde561c4d27b61afd46de84531cc9f6fb3f8616ee02c2e4794fa670
train,label,/home/drnguyenvinh/notebooks/shrimp_yolo_canonical_bg_wssv_2cls_split70_15_15/labels/train/WSSV-16-img-2.txt,38,5861f4f318efdd2d416311715813475afca54510635b3bf031189f2980172341
train,image,/home/drnguyenvinh/notebooks/shrimp_yolo_canonical_bg_wssv_2cls_split70_15_15/images/train/WSSV-16-img-3.jpg,190647,f3d5b0285db59ebbf49f089cb9e88592662da29d8df1940476c9d200ab096c9f
train,label,/home/drnguyenvinh/notebooks/shrimp_yolo_canonical_bg_wssv_2cls_split70_15_15/labels/train/WSSV-16-img-3.txt,190,9121c8b42da7ed08e2e2b57ca940d12412b8fee5868ba310065996750b740fc4
train,image,/home/drnguyenvinh/notebooks/shrimp_yolo_canonical_bg_wssv_2cls_split70_15_15/images/train/WSSV-17-img-1.jpg,185253,863c7c1fb53bb3913f5144d412280e5b8af559206a46d69cbfe6514543cbfed0
train,label,/home/drnguyenvinh/notebooks/shrimp_yolo_canonical_bg_wssv_2cls_split70_15_15/labels/train/WSSV-17-img-1.txt,152,e175eac407480e960a648eee3b25dc3a4780edec0111eb6b88fad6b91bbe86e4
train,image,/home/drnguyenvinh/notebooks/shrimp_yolo_canonical_bg_wssv_2cls_split70_15_15/images/train/WSSV-17-img-2.jpg,170045,e3f6686176517d2aeefaf73bed7ff43d249e5701243a2847a23f13f710648bea
train,label,/home/drnguyenvinh/notebooks/shrimp_yolo_canonical_bg_wssv_2cls_split70_15_15/labels/train/WSSV-17-img-2.txt,38,4fde471139e750678c0a8ba575b96ae550325d8ab83c23419d29edc9da14e633
train,image,/home/drnguyenvinh/notebooks/shrimp_yolo_canonical_bg_wssv_2cls_split70_15_15/images/train/WSSV-17-img-3.jpg,165797,f0536908e7b3d66b038a74243e414134df026a00fddd59bda1ce262c978d281c
train,label,/home/drnguyenvinh/notebooks/shrimp_yolo_canonical_bg_wssv_2cls_split70_15_15/labels/train/WSSV-17-img-3.txt,228,3a293a574213df760d3a5eef5f72855db12b60f87473ccbbb9b2acd9bd550957
train,image,/home/drnguyenvinh/notebooks/shrimp_yolo_canonical_bg_wssv_2cls_split70_15_15/images/train/WSSV-18-img-1.jpg,180743,cb5e82c7434837714c1b7dfafda2dc78a3210160168a651a64900cdccebecfde
train,label,/home/drnguyenvinh/notebooks/shrimp_yolo_canonical_bg_wssv_2cls_split70_15_15/labels/train/WSSV-18-img-1.txt,190,0304cdf90735b0b18016fa7b9daa5dc557d0b3e0c618e65b964969323d1edc21
train,image,/home/drnguyenvinh/notebooks/shrimp_yolo_canonical_bg_wssv_2cls_split70_15_15/images/train/WSSV-18-img-2.jpg,172729,e146d17c2b28883bb0a50ec64e3679e3b3d63c69b8a89eca8043fde87e676656
train,label,/home/drnguyenvinh/notebooks/shrimp_yolo_canonical_bg_wssv_2cls_split70_15_15/labels/train/WSSV-18-img-2.txt,190,088a1057b0937e0bd03ac57cadf1c8e1660d81ab47afa07388a493928c879cb4
train,image,/home/drnguyenvinh/notebooks/shrimp_yolo_canonical_bg_wssv_2cls_split70_15_15/images/train/WSSV-18-img-3.jpg,172036,cb20f18c08904e307b2d8383c14cce8fa2a4d03710fe5db71e9076a62f1594a0
train,label,/home/drnguyenvinh/notebooks/shrimp_yolo_canonical_bg_wssv_2cls_split70_15_15/labels/train/WSSV-18-img-3.txt,76,9d90a0e62a01758d7fd026b37386a9fa943ff2194df9c0a39c8635d949ca4d4f
train,image,/home/drnguyenvinh/notebooks/shrimp_yolo_canonical_bg_wssv_2cls_split70_15_15/images/train/WSSV-19-img-1.jpg,162125,d307310594e888aeacb77aa890beb7f6fb815359068718c471461e47ffe3c885
train,label,/home/drnguyenvinh/notebooks/shrimp_yolo_canonical_bg_wssv_2cls_split70_15_15/labels/train/WSSV-19-img-1.txt,380,b2293db4898fa655089e34c074139411d0b83be4d34ee704f872629753ff7148
train,image,/home/drnguyenvinh/notebooks/shrimp_yolo_canonical_bg_wssv_2cls_split70_15_15/images/train/WSSV-19-img-2.jpg,159979,8704c8c56700e3ed05569283241985ccbc5f7b2b64e16b197a68eee26b7c8bbe
train,label,/home/drnguyenvinh/notebooks/shrimp_yolo_canonical_bg_wssv_2cls_split70_15_15/labels/train/WSSV-19-img-2.txt,380,4dd71d64bfc3ccc39ec02def784c460f669d10bd99640f44da8aae1f458d5119
train,image,/home/drnguyenvinh/notebooks/shrimp_yolo_canonical_bg_wssv_2cls_split70_15_15/images/train/WSSV-19-img-3.jpg,165512,387d4db7fdaee68deec18588d888a914d1a8f3cea9678050e4197adc1615a94c
train,label,/home/drnguyenvinh/notebooks/shrimp_yolo_canonical_bg_wssv_2cls_split70_15_15/labels/train/WSSV-19-img-3.txt,418,8bce4a5f0784c65a81577f281c90a6e525d1e374e4ce3b8c11ee75a9fcbd56b2
train,image,/home/drnguyenvinh/notebooks/shrimp_yolo_canonical_bg_wssv_2cls_split70_15_15/images/train/WSSV-2-img-2.jpg,648313,ad05ddc55e192c28cbb331eaeb408b5ba51db314ecb09ca21de7d317249c42cd
train,label,/home/drnguyenvinh/notebooks/shrimp_yolo_canonical_bg_wssv_2cls_split70_15_15/labels/train/WSSV-2-img-2.txt,152,0480fdcc2bebdcb389b035ec9cb8fc3c3c3a8497658f9d8fc99cd7f1b67eefac
train,image,/home/drnguyenvinh/notebooks/shrimp_yolo_canonical_bg_wssv_2cls_split70_15_15/images/train/WSSV-2-img-3.jpg,654266,cb6fd26097c683b9e00c6e4ebeac256b21a2609e4c2512d49df658c4f2b3fec1
train,label,/home/drnguyenvinh/notebooks/shrimp_yolo_canonical_bg_wssv_2cls_split70_15_15/labels/train/WSSV-2-img-3.txt,152,f96fade01905f750fd79c67f1d96390ceee474c7fa5258ea91fafc3718ea95ba
train,image,/home/drnguyenvinh/notebooks/shrimp_yolo_canonical_bg_wssv_2cls_split70_15_15/images/train/WSSV-20-img-1.jpg,167219,f19b3c7805efc0dfae87bfbac630e52124164480b81bebc0036ef369bdfb44e9
train,label,/home/drnguyenvinh/notebooks/shrimp_yolo_canonical_bg_wssv_2cls_split70_15_15/labels/train/WSSV-20-img-1.txt,266,23ffce047490ab6efb5df29e50eb85db01ddf3424e453d86cc4dc6c2065e168e
train,image,/home/drnguyenvinh/notebooks/shrimp_yolo_canonical_bg_wssv_2cls_split70_15_15/images/train/WSSV-20-img-2.jpg,156346,41b7d65913cb1b85fef74b86b00e4b9fc59ec46196bf6459a22d5e9cc806e3ba
train,label,/home/drnguyenvinh/notebooks/shrimp_yolo_canonical_bg_wssv_2cls_split70_15_15/labels/train/WSSV-20-img-2.txt,380,135607fcc8edfb746665bd53cf47c62830b2f51c9d6eea231792b8667c6636dd
train,image,/home/drnguyenvinh/notebooks/shrimp_yolo_canonical_bg_wssv_2cls_split70_15_15/images/train/WSSV-20-img-3.jpg,166649,80f284a90a848620a1b54794ae935b02f16a7738e5e75f5ac241dfc67b6f1c7e
train,label,/home/drnguyenvinh/notebooks/shrimp_yolo_canonical_bg_wssv_2cls_split70_15_15/labels/train/WSSV-20-img-3.txt,152,a482849a896b5a261b323341c942a288a66dbe88bfec8f7c34516b7da60535a2
train,image,/home/drnguyenvinh/notebooks/shrimp_yolo_canonical_bg_wssv_2cls_split70_15_15/images/train/WSSV-21-img-1.jpg,157535,43513659ca5633961e96b405495cc79bb50d315262af3eaf89b5102c7d1a34b4
train,label,/home/drnguyenvinh/notebooks/shrimp_yolo_canonical_bg_wssv_2cls_split70_15_15/labels/train/WSSV-21-img-1.txt,228,65b69d99f70e6438c27f95650e3510183b1334cd40d5ab450858a57c33ce998a
train,image,/home/drnguyenvinh/notebooks/shrimp_yolo_canonical_bg_wssv_2cls_split70_15_15/images/train/WSSV-21-img-2.jpg,169814,29fde0d6b80d14c57bc01265270ad8359a1e2387cb5540490e2998bc662ba311
train,label,/home/drnguyenvinh/notebooks/shrimp_yolo_canonical_bg_wssv_2cls_split70_15_15/labels/train/WSSV-21-img-2.txt,76,5c6cd88100b3d2368c67ec6faefaaff8a1896a20da3225ed6d8b06e1386c97df
train,image,/home/drnguyenvinh/notebooks/shrimp_yolo_canonical_bg_wssv_2cls_split70_15_15/images/train/WSSV-21-img-3.jpg,163842,808c787671b2cb8ae692e312aba3cdf8e33a555e33d17986b83ea7a6ac49b391
train,label,/home/drnguyenvinh/notebooks/shrimp_yolo_canonical_bg_wssv_2cls_split70_15_15/labels/train/WSSV-21-img-3.txt,114,f9a9cfd913ddb67b31ef9789fdb3eaba6bb744a740ddc95a0663b0be6f4644e3
train,image,/home/drnguyenvinh/notebooks/shrimp_yolo_canonical_bg_wssv_2cls_split70_15_15/images/train/WSSV-22-img-2.jpg,164180,31912102ef013d5c23b607d8f2fa0165bcbf0f3d205cf1669d4a3fca2a115086
train,label,/home/drnguyenvinh/notebooks/shrimp_yolo_canonical_bg_wssv_2cls_split70_15_15/labels/train/WSSV-22-img-2.txt,266,50d0efd811d6db0e9d434f5ce88f3ef73fdfe3becaab7ce6e76b91090251a23e
train,image,/home/drnguyenvinh/notebooks/shrimp_yolo_canonical_bg_wssv_2cls_split70_15_15/images/train/WSSV-23-img-1.jpg,161347,80d203769470cf43e2b110d3ca97fe29c322dfc60e5623a1fbd3be0076f554f7
train,label,/home/drnguyenvinh/notebooks/shrimp_yolo_canonical_bg_wssv_2cls_split70_15_15/labels/train/WSSV-23-img-1.txt,266,c8d1213433ab938e45ff9ba252c8e288698c801badcc7bd65ca78afdd28ecf2c
train,image,/home/drnguyenvinh/notebooks/shrimp_yolo_canonical_bg_wssv_2cls_split70_15_15/images/train/WSSV-23-img-2.jpg,163309,657a81fab126bd0bfeb98bef4dfaa60722b30de3e45f9a55bdb3af3302833e7f
train,label,/home/drnguyenvinh/notebooks/shrimp_yolo_canonical_bg_wssv_2cls_split70_15_15/labels/train/WSSV-23-img-2.txt,570,c1d1911528a242d3bb73625e43e5e7e7253eb30a85afd700946d4225d45b67e8
train,image,/home/drnguyenvinh/notebooks/shrimp_yolo_canonical_bg_wssv_2cls_split70_15_15/images/train/WSSV-24-img-2.jpg,160981,7efdaf45aa9e001febb64d09144f81d0ce051bbdcde61f6e1ba0a150da7d14cf
train,label,/home/drnguyenvinh/notebooks/shrimp_yolo_canonical_bg_wssv_2cls_split70_15_15/labels/train/WSSV-24-img-2.txt,380,dfc1c2a2b15d27c64dbfaede4df03f9166573dc40e3cab3fce91dd844d986d5f
train,image,/home/drnguyenvinh/notebooks/shrimp_yolo_canonical_bg_wssv_2cls_split70_15_15/images/train/WSSV-24-img-3.jpg,161071,3f8979ec9c2c0db1fdb3e3d6207309c609dc9550c7399a082690593715dabafd
train,label,/home/drnguyenvinh/notebooks/shrimp_yolo_canonical_bg_wssv_2cls_split70_15_15/labels/train/WSSV-24-img-3.txt,874,987606d244fcbf897b03f8deb65362debe08898c983f642ebaf41cd9ce12dc96
train,image,/home/drnguyenvinh/notebooks/shrimp_yolo_canonical_bg_wssv_2cls_split70_15_15/images/train/WSSV-25-img-1.jpg,172675,955025d5b6a990be01682e08351770b81e09c9ea86e58c36acab5d3ff160e2d7
train,label,/home/drnguyenvinh/notebooks/shrimp_yolo_canonical_bg_wssv_2cls_split70_15_15/labels/train/WSSV-25-img-1.txt,190,b63266e1699338289e66a966024523c2769b6ff0097eb0e99bd770f760e9c744
train,image,/home/drnguyenvinh/notebooks/shrimp_yolo_canonical_bg_wssv_2cls_split70_15_15/images/train/WSSV-25-img-3.jpg,184059,174e517b75645f04ee9888dccf51bc6ed2a989130c3daa1e4ac6e218aef8abdd
train,label,/home/drnguyenvinh/notebooks/shrimp_yolo_canonical_bg_wssv_2cls_split70_15_15/labels/train/WSSV-25-img-3.txt,114,0693ed839b02da5311cac14ced9836e3ff4411d0c70f2045d3870518d1d8ec1e
train,image,/home/drnguyenvinh/notebooks/shrimp_yolo_canonical_bg_wssv_2cls_split70_15_15/images/train/WSSV-26-img-2.jpg,198273,85f0cd85186696aceb9713f95a9b201ec7da2695a6c9395ea347e3adfdcbe598
train,label,/home/drnguyenvinh/notebooks/shrimp_yolo_canonical_bg_wssv_2cls_split70_15_15/labels/train/WSSV-26-img-2.txt,228,ecda3fb3e90f8ad4d3ab57829ef589552a0c867bd08257b796e68a2523a270a6
train,image,/home/drnguyenvinh/notebooks/shrimp_yolo_canonical_bg_wssv_2cls_split70_15_15/images/train/WSSV-26-img-3.jpg,194409,fd2ec95f30c04a59d3e574004ecffe574559991c57c23638346b2d7cafcad5db
train,label,/home/drnguyenvinh/notebooks/shrimp_yolo_canonical_bg_wssv_2cls_split70_15_15/labels/train/WSSV-26-img-3.txt,304,9046842e7f02ccda14ac9d4b190677586d975115d7061342f8b3e1cf004f2595
train,image,/home/drnguyenvinh/notebooks/shrimp_yolo_canonical_bg_wssv_2cls_split70_15_15/images/train/WSSV-27-img-1.jpg,212526,2f6a3005e778d1e6991cb221670c334a1b82c9c4b492ecd7173ac7caa10c9d81
train,label,/home/drnguyenvinh/notebooks/shrimp_yolo_canonical_bg_wssv_2cls_split70_15_15/labels/train/WSSV-27-img-1.txt,152,a58aca7dd5479a74e312114fb8a39aff8038685595823825d1e7a46e5201ce07
train,image,/home/drnguyenvinh/notebooks/shrimp_yolo_canonical_bg_wssv_2cls_split70_15_15/images/train/WSSV-28-img-1.jpg,219034,61654967765598035738db02511b959f5ce6d57c00c22747c9480e30551e57d9
train,label,/home/drnguyenvinh/notebooks/shrimp_yolo_canonical_bg_wssv_2cls_split70_15_15/labels/train/WSSV-28-img-1.txt,266,1d7b6d72ef724692a57df734b5b574be3d9ebebacf47aea631dcfb0931ff5ef2
train,image,/home/drnguyenvinh/notebooks/shrimp_yolo_canonical_bg_wssv_2cls_split70_15_15/images/train/WSSV-28-img-2.jpg,186737,4ed2921b1134600a4340e656ee8b9285e543e8d45616bfae76e3eb6bd7b54e6b
train,label,/home/drnguyenvinh/notebooks/shrimp_yolo_canonical_bg_wssv_2cls_split70_15_15/labels/train/WSSV-28-img-2.txt,152,3059710b403abe692b34f7deb7ed2453a1a1076d968a6f3bf7fc6684362868d0
train,image,/home/drnguyenvinh/notebooks/shrimp_yolo_canonical_bg_wssv_2cls_split70_15_15/images/train/WSSV-29-img-1.jpg,204332,fb8efbe721c5403ca166d540657c42f06bd8d4d6f0e5a99c2ed0fdb9a853ecff
train,label,/home/drnguyenvinh/notebooks/shrimp_yolo_canonical_bg_wssv_2cls_split70_15_15/labels/train/WSSV-29-img-1.txt,228,935ef047401a3a718fc08f722a2b8150f2ebadd54aa6ea4d2c0dcd89117e7f43
train,image,/home/drnguyenvinh/notebooks/shrimp_yolo_canonical_bg_wssv_2cls_split70_15_15/images/train/WSSV-29-img-2.jpg,217553,99686f49833627849742a2c38e071d6e58f798c94506b18c51fecd6310e8f075
train,label,/home/drnguyenvinh/notebooks/shrimp_yolo_canonical_bg_wssv_2cls_split70_15_15/labels/train/WSSV-29-img-2.txt,190,23a296a2844631b2d3c98e27c01f6b2fa95fb3b39ec76e3d121ca1db22fcb36d
train,image,/home/drnguyenvinh/notebooks/shrimp_yolo_canonical_bg_wssv_2cls_split70_15_15/images/train/WSSV-30-img-1.jpg,221819,5d6be113e068c0b85788847be64a0ea48dc978bf5c7f6858e15a72fc1610937c
train,label,/home/drnguyenvinh/notebooks/shrimp_yolo_canonical_bg_wssv_2cls_split70_15_15/labels/train/WSSV-30-img-1.txt,342,14781c2d04493065c910c403655c9e06b09fd636c49af255c2910071934d9ad9
train,image,/home/drnguyenvinh/notebooks/shrimp_yolo_canonical_bg_wssv_2cls_split70_15_15/images/train/WSSV-30-img-3.jpg,215087,84215eb97aea919e619c78277610b29197a48fb15470b4c5b093fc4c6162b00b
train,label,/home/drnguyenvinh/notebooks/shrimp_yolo_canonical_bg_wssv_2cls_split70_15_15/labels/train/WSSV-30-img-3.txt,456,52e6e50b7a1dcb5395b3c12db51002a814b47c30dd8af88fa02b2bea5bbf2151
train,image,/home/drnguyenvinh/notebooks/shrimp_yolo_canonical_bg_wssv_2cls_split70_15_15/images/train/WSSV-31-img-1.jpg,162532,1e22bd1bc2eb326b65dde6e6882daf749df41b62fef24a979e4d44010b2b60f8
train,label,/home/drnguyenvinh/notebooks/shrimp_yolo_canonical_bg_wssv_2cls_split70_15_15/labels/train/WSSV-31-img-1.txt,760,ac5ac150fe650b139c43b554f50c1d25b28b4dc5c087d14ff0853375c5b2352c
train,image,/home/drnguyenvinh/notebooks/shrimp_yolo_canonical_bg_wssv_2cls_split70_15_15/images/train/WSSV-31-img-2.jpg,154466,57b6adb6a34c1654b11a467045bbce4b8fcd9a38a98ee90092da1e0546f7cae9
train,label,/home/drnguyenvinh/notebooks/shrimp_yolo_canonical_bg_wssv_2cls_split70_15_15/labels/train/WSSV-31-img-2.txt,304,7597a21907f27a413d0fa9b597dd3740a5fbea7ad1ba25a0f2e1ce15993921c4
train,image,/home/drnguyenvinh/notebooks/shrimp_yolo_canonical_bg_wssv_2cls_split70_15_15/images/train/WSSV-32-img-1.jpg,157594,1ecb8e022c223058c8e7e5493a98e73f2364176f7afd371ae24ea2eda56d411e
train,label,/home/drnguyenvinh/notebooks/shrimp_yolo_canonical_bg_wssv_2cls_split70_15_15/labels/train/WSSV-32-img-1.txt,646,e038ba91b10affef6455ff6154f9ca37f01907075b363812c11b849b7dc8f8bf
train,image,/home/drnguyenvinh/notebooks/shrimp_yolo_canonical_bg_wssv_2cls_split70_15_15/images/train/WSSV-33-img-1.jpg,163489,f563827c43e534e3abae398c56a0f8d18fb63d3694673702d53e957c65e0deaf
train,label,/home/drnguyenvinh/notebooks/shrimp_yolo_canonical_bg_wssv_2cls_split70_15_15/labels/train/WSSV-33-img-1.txt,684,58fcb701bed25ae54cae7bc34dcf3d05f85a7d5d7c4b11c81f430118ec575f3e
train,image,/home/drnguyenvinh/notebooks/shrimp_yolo_canonical_bg_wssv_2cls_split70_15_15/images/train/WSSV-34-img-1.jpg,147792,41fae8c8f7230aeb1d69b255d30ff77d79145e65841f28b4a44958495ffbe509
train,label,/home/drnguyenvinh/notebooks/shrimp_yolo_canonical_bg_wssv_2cls_split70_15_15/labels/train/WSSV-34-img-1.txt,304,f9c78c1dd658b30af2fae35f769ae004f84a8fa485232b85d5dbf48ba0b8952b
train,image,/home/drnguyenvinh/notebooks/shrimp_yolo_canonical_bg_wssv_2cls_split70_15_15/images/train/WSSV-34-img-2.jpg,165511,7085ec83723fbede7fe1a2516c1875e471be3cb009e16c788d4fa8a81dd269a8
train,label,/home/drnguyenvinh/notebooks/shrimp_yolo_canonical_bg_wssv_2cls_split70_15_15/labels/train/WSSV-34-img-2.txt,456,b899304deaa1558b41ba22ae75feb23a8b591c61382bbdce78130a3c733d944b
train,image,/home/drnguyenvinh/notebooks/shrimp_yolo_canonical_bg_wssv_2cls_split70_15_15/images/train/WSSV-35-img-1.jpg,183725,bab84af21bc5f872ed2dcb246a553bce28c123ab4195e9ba516e3c84be17df2c
train,label,/home/drnguyenvinh/notebooks/shrimp_yolo_canonical_bg_wssv_2cls_split70_15_15/labels/train/WSSV-35-img-1.txt,418,e0889901e86522f3fc6da3291373e026ddc7d2311a1d7b09a79539320516c672
train,image,/home/drnguyenvinh/notebooks/shrimp_yolo_canonical_bg_wssv_2cls_split70_15_15/images/train/WSSV-35-img-2.jpg,196854,e1b080293ab1d303b724336482c8db1b2022c46a1f4292c2460dc7497042ef3b
train,label,/home/drnguyenvinh/notebooks/shrimp_yolo_canonical_bg_wssv_2cls_split70_15_15/labels/train/WSSV-35-img-2.txt,1520,7184c791a52a6ce30e56edff82dfac3aa641df1f57e151c3dcb537d16d39e09e
train,image,/home/drnguyenvinh/notebooks/shrimp_yolo_canonical_bg_wssv_2cls_split70_15_15/images/train/WSSV-35-img-3.jpg,165839,b3daa6a52272cbb1e8900be0f26c0a0df2721eb0b2aa83ec8be8430c85508db2
train,label,/home/drnguyenvinh/notebooks/shrimp_yolo_canonical_bg_wssv_2cls_split70_15_15/labels/train/WSSV-35-img-3.txt,228,cc9c8b28f8fd740a0289612e5dab7795963465ea47d437d492afb20e05b1565e
train,image,/home/drnguyenvinh/notebooks/shrimp_yolo_canonical_bg_wssv_2cls_split70_15_15/images/train/WSSV-36-img-1.jpg,168269,e16dab7759a38cfd6b50ae48a2b90d9982517b922dd8960f00de868fb1e883ea
train,label,/home/drnguyenvinh/notebooks/shrimp_yolo_canonical_bg_wssv_2cls_split70_15_15/labels/train/WSSV-36-img-1.txt,1064,c17c710401b2110e953549e5a053029a82b04640404b1cb2255053689c234ce1
train,image,/home/drnguyenvinh/notebooks/shrimp_yolo_canonical_bg_wssv_2cls_split70_15_15/images/train/WSSV-36-img-2.jpg,168618,bd0433f94164fe169c2b631e1b7f219d157842d05abe49180cb11726f134a358
train,label,/home/drnguyenvinh/notebooks/shrimp_yolo_canonical_bg_wssv_2cls_split70_15_15/labels/train/WSSV-36-img-2.txt,798,6bd0eb486ace89569fb7f62f609a35065d793806b99fed0df3e76d08a9e653dd
train,image,/home/drnguyenvinh/notebooks/shrimp_yolo_canonical_bg_wssv_2cls_split70_15_15/images/train/WSSV-37-img-1.jpg,145836,4cc574c9761c8a098bd9c78df3b2892f07ba3d47e27176e9ee713c08870fbf80
train,label,/home/drnguyenvinh/notebooks/shrimp_yolo_canonical_bg_wssv_2cls_split70_15_15/labels/train/WSSV-37-img-1.txt,418,feecec350473dd724b87ebf217838c56194f3cdc9be81c678e346e10093db233
train,image,/home/drnguyenvinh/notebooks/shrimp_yolo_canonical_bg_wssv_2cls_split70_15_15/images/train/WSSV-37-img-2.jpg,140461,3a159492b66e57f7c54580940464835c13249a22c0474cbab96a30b7a6463efe
train,label,/home/drnguyenvinh/notebooks/shrimp_yolo_canonical_bg_wssv_2cls_split70_15_15/labels/train/WSSV-37-img-2.txt,912,87a8cd793469d6bf7273f4be3797e25e408da6dc25823bd86684484857cbe238
train,image,/home/drnguyenvinh/notebooks/shrimp_yolo_canonical_bg_wssv_2cls_split70_15_15/images/train/WSSV-38-img-2.jpg,150896,0442afe972d70fd681dae73b651f75cb9a362093af276ff017eddf9e46203d57
train,label,/home/drnguyenvinh/notebooks/shrimp_yolo_canonical_bg_wssv_2cls_split70_15_15/labels/train/WSSV-38-img-2.txt,76,7b42e74929e94c6dea0c02f3ba4d722b84bcb9849bae2173bc0ef4d4898e8a60
train,image,/home/drnguyenvinh/notebooks/shrimp_yolo_canonical_bg_wssv_2cls_split70_15_15/images/train/WSSV-39-img-1.jpg,156290,7e53d1899aafee026746e44cbfc561d4e054b01bf272cc32cda7831f6ab950a9
train,label,/home/drnguyenvinh/notebooks/shrimp_yolo_canonical_bg_wssv_2cls_split70_15_15/labels/train/WSSV-39-img-1.txt,114,750b5802b27049328408730c9cb0b7109414949fcc1c7c16f9cc4c4fca3f66dc
train,image,/home/drnguyenvinh/notebooks/shrimp_yolo_canonical_bg_wssv_2cls_split70_15_15/images/train/WSSV-39-img-3.jpg,145852,382f7488d19a2e6b6ed7578d4de85926b6600cdae44e72b0b8a961ceaa15fb8b
train,label,/home/drnguyenvinh/notebooks/shrimp_yolo_canonical_bg_wssv_2cls_split70_15_15/labels/train/WSSV-39-img-3.txt,152,32702388001461ab0865a0f501b562c7b3572d9b348c2cb1947e3a679313d78e
train,image,/home/drnguyenvinh/notebooks/shrimp_yolo_canonical_bg_wssv_2cls_split70_15_15/images/train/WSSV-4-img-1.jpg,324084,af78510bd3371a6121afc5909d12950af3112d03e5c06f17970f1cc4701226a9
train,label,/home/drnguyenvinh/notebooks/shrimp_yolo_canonical_bg_wssv_2cls_split70_15_15/labels/train/WSSV-4-img-1.txt,114,dce7c6c738087f3747e5b04761dc7b13959c81a0eb4df5751087f3b87e38a577
train,image,/home/drnguyenvinh/notebooks/shrimp_yolo_canonical_bg_wssv_2cls_split70_15_15/images/train/WSSV-4-img-2.jpg,262767,3ea58ecf1caef82cc8413446c45e77d0990a2d5112d87c62a31bde33b915c8cf
train,label,/home/drnguyenvinh/notebooks/shrimp_yolo_canonical_bg_wssv_2cls_split70_15_15/labels/train/WSSV-4-img-2.txt,114,1d3961cf0f880dbb5e6652fd8f086a6ab8e7b25a5f18e469923475d894d9e719
train,image,/home/drnguyenvinh/notebooks/shrimp_yolo_canonical_bg_wssv_2cls_split70_15_15/images/train/WSSV-4-img-3.jpg,273553,0ec5eade91e73915325fbb11786ecea00ff439bd0e8ff9969bf8030bdb4f7de6
train,label,/home/drnguyenvinh/notebooks/shrimp_yolo_canonical_bg_wssv_2cls_split70_15_15/labels/train/WSSV-4-img-3.txt,114,c338672b7d98f24fecbb561985a0a345bdc2a87cbefc53c7e615fc99f9f86893
train,image,/home/drnguyenvinh/notebooks/shrimp_yolo_canonical_bg_wssv_2cls_split70_15_15/images/train/WSSV-40-img-1.jpg,170172,454adb6b7772e6a7cc760ae690e06eb3fdb03547578ee2a64620c29133a59d78
train,label,/home/drnguyenvinh/notebooks/shrimp_yolo_canonical_bg_wssv_2cls_split70_15_15/labels/train/WSSV-40-img-1.txt,190,c88f4d42fedb75b78f9a4e395fa351c49802dbdd1052d9e3ed869e01a1fd02cd
train,image,/home/drnguyenvinh/notebooks/shrimp_yolo_canonical_bg_wssv_2cls_split70_15_15/images/train/WSSV-40-img-2.jpg,165115,e80e005888c4a07b95df0f6d6d6e6972fe294096b7b6148f5f92c680627750b4
train,label,/home/drnguyenvinh/notebooks/shrimp_yolo_canonical_bg_wssv_2cls_split70_15_15/labels/train/WSSV-40-img-2.txt,266,531c35b4dd1e538658f7e73d2725fc13f76b6808108e37f297d2f7f756274932
train,image,/home/drnguyenvinh/notebooks/shrimp_yolo_canonical_bg_wssv_2cls_split70_15_15/images/train/WSSV-40-img-3.jpg,160930,1d7e04abfcd1a7130e77401430f4e8b987fa7c4f7de08e6994002e98507bcfa3
train,label,/home/drnguyenvinh/notebooks/shrimp_yolo_canonical_bg_wssv_2cls_split70_15_15/labels/train/WSSV-40-img-3.txt,190,944f5f4f022fc41880a0e87195fe98d7f3764d8342f691d1571de8e3df3e5e03
train,image,/home/drnguyenvinh/notebooks/shrimp_yolo_canonical_bg_wssv_2cls_split70_15_15/images/train/WSSV-41-img-1.jpg,153109,098b16aab5119dbbbc8a7007b8a6bead67fbdbe1023bcaeee613b74e60e5f3fd
train,label,/home/drnguyenvinh/notebooks/shrimp_yolo_canonical_bg_wssv_2cls_split70_15_15/labels/train/WSSV-41-img-1.txt,76,0d2522153e3c4aaadc98706d357801704d88b92a943974a7bd9a43bc1acb5ff8
train,image,/home/drnguyenvinh/notebooks/shrimp_yolo_canonical_bg_wssv_2cls_split70_15_15/images/train/WSSV-41-img-2.jpg,155293,20bc3ff14c1ba455064473fc11ad50c4204ede04e6e3016f04e1a1a5a8720fd9
train,label,/home/drnguyenvinh/notebooks/shrimp_yolo_canonical_bg_wssv_2cls_split70_15_15/labels/train/WSSV-41-img-2.txt,114,2bb33f7c8964c7d6341bcee9079c8a8eaf4577ba24dcb1a37e780446f13bb92d
train,image,/home/drnguyenvinh/notebooks/shrimp_yolo_canonical_bg_wssv_2cls_split70_15_15/images/train/WSSV-41-img-3.jpg,155098,5001041d210703819dca43c7973c4b8d1c6a42ed63dfc08fcdc7569166fff79a
train,label,/home/drnguyenvinh/notebooks/shrimp_yolo_canonical_bg_wssv_2cls_split70_15_15/labels/train/WSSV-41-img-3.txt,152,148be2dee64c833caa771ec1a94a459fd1e114b768bc40f5108edf0269ba31e5
train,image,/home/drnguyenvinh/notebooks/shrimp_yolo_canonical_bg_wssv_2cls_split70_15_15/images/train/WSSV-42-img-1.jpg,156229,27e683b9e154093b577f1e60218b74cfb8829320870ba8ae6bfab690984f19d3
train,label,/home/drnguyenvinh/notebooks/shrimp_yolo_canonical_bg_wssv_2cls_split70_15_15/labels/train/WSSV-42-img-1.txt,152,44bba25acee3c7a45d176b5be1e55f5ee55adf89356326627430c1b70c53c9b1
train,image,/home/drnguyenvinh/notebooks/shrimp_yolo_canonical_bg_wssv_2cls_split70_15_15/images/train/WSSV-42-img-2.jpg,149462,ba8fb4b8f3865fd519e216b716acc9623969c8f9dcbcb5a6be3e5e12ce2ae7cf
train,label,/home/drnguyenvinh/notebooks/shrimp_yolo_canonical_bg_wssv_2cls_split70_15_15/labels/train/WSSV-42-img-2.txt,152,131bfb318f74ff004d9e464b00638484b897e5dcfb134f4b21917c136c70878f
train,image,/home/drnguyenvinh/notebooks/shrimp_yolo_canonical_bg_wssv_2cls_split70_15_15/images/train/WSSV-42-img-3.jpg,148430,e3c64f65654de48a7d944a1da33b3521c892f0aa6801c2decdb4d8d8f23c9e08
train,label,/home/drnguyenvinh/notebooks/shrimp_yolo_canonical_bg_wssv_2cls_split70_15_15/labels/train/WSSV-42-img-3.txt,190,0ccaf3a53a6e3845b8e001e5be07646f5fb6563a64b80386c3abe266bffbc88f
train,image,/home/drnguyenvinh/notebooks/shrimp_yolo_canonical_bg_wssv_2cls_split70_15_15/images/train/WSSV-43-img-1.jpg,154574,80a0a3fb5277a90825aeb3cdae12f8bd115d209c191d6f8acb6a69e6d66491c2
train,label,/home/drnguyenvinh/notebooks/shrimp_yolo_canonical_bg_wssv_2cls_split70_15_15/labels/train/WSSV-43-img-1.txt,152,90a80ef6a33069dd70742a2eaf8ba8be42815ff6a83a4cd46b9e73df47348f03
train,image,/home/drnguyenvinh/notebooks/shrimp_yolo_canonical_bg_wssv_2cls_split70_15_15/images/train/WSSV-43-img-2.jpg,144316,2b482232c49ce4b77c6de8027c8b78f725ee4f4b1ab522568bbce944090ee8ae
train,label,/home/drnguyenvinh/notebooks/shrimp_yolo_canonical_bg_wssv_2cls_split70_15_15/labels/train/WSSV-43-img-2.txt,114,aebd68dcf6eb48b0fb9b72851f5ffc6e8c9f195c93238fe1d27f1f044b9b3174
train,image,/home/drnguyenvinh/notebooks/shrimp_yolo_canonical_bg_wssv_2cls_split70_15_15/images/train/WSSV-43-img-3.jpg,150925,7457ab5109e8e95270e10729d44c9d94f763c7df66448c311f6613de32866d05
train,label,/home/drnguyenvinh/notebooks/shrimp_yolo_canonical_bg_wssv_2cls_split70_15_15/labels/train/WSSV-43-img-3.txt,228,d6b21abcb1fc5252b03b299d8a2143b672c61f860236dda99b6803b60f824cfa
train,image,/home/drnguyenvinh/notebooks/shrimp_yolo_canonical_bg_wssv_2cls_split70_15_15/images/train/WSSV-44-img-2.jpg,165880,343adb159f962a642b48324d28cd5d8b62f9fc87384087ce462b628ba634c77f
train,label,/home/drnguyenvinh/notebooks/shrimp_yolo_canonical_bg_wssv_2cls_split70_15_15/labels/train/WSSV-44-img-2.txt,114,7efd5a261fabee564065804b574b80c54b03199433011c6adc4d9a2f4f1d6679
train,image,/home/drnguyenvinh/notebooks/shrimp_yolo_canonical_bg_wssv_2cls_split70_15_15/images/train/WSSV-44-img-3.jpg,154631,12410c7d2366c0ff1d18c6f101cf03f18f56d8ff60a997fb9e23f3120af5830e
train,label,/home/drnguyenvinh/notebooks/shrimp_yolo_canonical_bg_wssv_2cls_split70_15_15/labels/train/WSSV-44-img-3.txt,114,e4d1422c09cd76ed2b2eec8d3f903fdb9095e331682f881290ed0dc0b4fb3962
train,image,/home/drnguyenvinh/notebooks/shrimp_yolo_canonical_bg_wssv_2cls_split70_15_15/images/train/WSSV-45-img-1.jpg,167969,983dfdffa3908d2a2c13bdc3f418b4f021ee21672d0bcd5657c72db5133d3e95
train,label,/home/drnguyenvinh/notebooks/shrimp_yolo_canonical_bg_wssv_2cls_split70_15_15/labels/train/WSSV-45-img-1.txt,228,bd30c408cb0c86c649e62bb96cd430521374f71c43685e3d503b75e057a80d58
train,image,/home/drnguyenvinh/notebooks/shrimp_yolo_canonical_bg_wssv_2cls_split70_15_15/images/train/WSSV-45-img-2.jpg,164273,0245cb5829159b0d2b9827e9dc1c8ee6ba144455ad8dbccdf8a966ee7e76ce6e
train,label,/home/drnguyenvinh/notebooks/shrimp_yolo_canonical_bg_wssv_2cls_split70_15_15/labels/train/WSSV-45-img-2.txt,304,04220a91673ca817abc04f247a2a6b87f1bc5ca22fd3d2aec3c3995c0655f1cf
train,image,/home/drnguyenvinh/notebooks/shrimp_yolo_canonical_bg_wssv_2cls_split70_15_15/images/train/WSSV-45-img-3.jpg,160633,8d546c6934363b9c667cd29614085bb1b4508d5d37190469260be718b18668c4
train,label,/home/drnguyenvinh/notebooks/shrimp_yolo_canonical_bg_wssv_2cls_split70_15_15/labels/train/WSSV-45-img-3.txt,304,f38bf335e414d33e727b620ca5c5b37974afd76938458bbcf448422283eccb55
train,image,/home/drnguyenvinh/notebooks/shrimp_yolo_canonical_bg_wssv_2cls_split70_15_15/images/train/WSSV-46-img-1.jpg,151502,767537da9097f61c35425a322030e4500a1ca757a8f33bb9616ebf19ab12eeb9
train,label,/home/drnguyenvinh/notebooks/shrimp_yolo_canonical_bg_wssv_2cls_split70_15_15/labels/train/WSSV-46-img-1.txt,494,5e8ed2e1979b863c39d69c21d025bd9c8f5fce625559dab2a2cf126d12f79177
train,image,/home/drnguyenvinh/notebooks/shrimp_yolo_canonical_bg_wssv_2cls_split70_15_15/images/train/WSSV-46-img-3.jpg,164881,09e1e0ea187f5446957db3de86de802d9a949d9cf496de7aee1f696401fbb5e8
train,label,/home/drnguyenvinh/notebooks/shrimp_yolo_canonical_bg_wssv_2cls_split70_15_15/labels/train/WSSV-46-img-3.txt,494,d76f66f2df9c865718deba6748da29aa275eeb6c8b46ad8fb0b07e6f2f6bfb78
train,image,/home/drnguyenvinh/notebooks/shrimp_yolo_canonical_bg_wssv_2cls_split70_15_15/images/train/WSSV-47-img-1.jpg,247586,e7509ab55aff1fc39acf06c2498c5a82456c66ade26485282d3520165b473dcd
train,label,/home/drnguyenvinh/notebooks/shrimp_yolo_canonical_bg_wssv_2cls_split70_15_15/labels/train/WSSV-47-img-1.txt,646,9dd3da49ebee6d49db1f8a1c228c087bbc3c0862efddf9f8226dd316635b3698
train,image,/home/drnguyenvinh/notebooks/shrimp_yolo_canonical_bg_wssv_2cls_split70_15_15/images/train/WSSV-47-img-3.jpg,173521,a621a007625ec1a9a4f5625ec8c56a6409b87196a78f08bc934ddc3bcb459336
train,label,/home/drnguyenvinh/notebooks/shrimp_yolo_canonical_bg_wssv_2cls_split70_15_15/labels/train/WSSV-47-img-3.txt,494,d38f8fdd5a2c5f9dc081b5274129e755e7d65697fe798d849bbd6588e73d6d3c
train,image,/home/drnguyenvinh/notebooks/shrimp_yolo_canonical_bg_wssv_2cls_split70_15_15/images/train/WSSV-48-img-1.jpg,176482,4b8914fd219f8ba3375ee730235e548e7cab06f6cde0b75033d46ef149ed3647
train,label,/home/drnguyenvinh/notebooks/shrimp_yolo_canonical_bg_wssv_2cls_split70_15_15/labels/train/WSSV-48-img-1.txt,684,486323c611dfb0fb47896fc45c6ebe518118dc71e146b12f81e21edb7d8eb79d
train,image,/home/drnguyenvinh/notebooks/shrimp_yolo_canonical_bg_wssv_2cls_split70_15_15/images/train/WSSV-48-img-2.jpg,180711,0bf36376b0b43f2d2dfb25bc084de70e094cdbf116bce9f1a5364241cc150db3
train,label,/home/drnguyenvinh/notebooks/shrimp_yolo_canonical_bg_wssv_2cls_split70_15_15/labels/train/WSSV-48-img-2.txt,646,5e558dabaa5e5546f7605dc2ca59c05185fdbb855c7090009b66c23366ddbdb2
train,image,/home/drnguyenvinh/notebooks/shrimp_yolo_canonical_bg_wssv_2cls_split70_15_15/images/train/WSSV-49-img-1.jpg,162414,b471242d7a63da961c4cc2500db0f90a97ffc33f40df35e6728725ffe2a37071
train,label,/home/drnguyenvinh/notebooks/shrimp_yolo_canonical_bg_wssv_2cls_split70_15_15/labels/train/WSSV-49-img-1.txt,722,9bc503045b088a5851b63eb5115f9c2a4ed66c020dea939ff58115966e18ab9a
train,image,/home/drnguyenvinh/notebooks/shrimp_yolo_canonical_bg_wssv_2cls_split70_15_15/images/train/WSSV-49-img-2.jpg,163006,ca3f89fb326db7442d5e80bc586c8e34b3b15aea17cc0cecbb8e7e2d72ee448e
train,label,/home/drnguyenvinh/notebooks/shrimp_yolo_canonical_bg_wssv_2cls_split70_15_15/labels/train/WSSV-49-img-2.txt,1064,0ac7ef83291921f40a2d1f73ee83d08d956f00c5e8be31d823786ed2bc2b2338
train,image,/home/drnguyenvinh/notebooks/shrimp_yolo_canonical_bg_wssv_2cls_split70_15_15/images/train/WSSV-49-img-3.jpg,200085,8edd230c1d9ba76c85bc43a0c36957cfea04ff0b086243a9abd1408c6f115e1c
train,label,/home/drnguyenvinh/notebooks/shrimp_yolo_canonical_bg_wssv_2cls_split70_15_15/labels/train/WSSV-49-img-3.txt,494,4e95e9ef03ad0e10b86b74578fdd9aa8a4a9441ba808e8319591588e3d634c0a
train,image,/home/drnguyenvinh/notebooks/shrimp_yolo_canonical_bg_wssv_2cls_split70_15_15/images/train/WSSV-5-img-1.jpg,219473,2b486ae3bade22e0058e93c26f01a31618498829ab3dc728bc319856b0814d4d
train,label,/home/drnguyenvinh/notebooks/shrimp_yolo_canonical_bg_wssv_2cls_split70_15_15/labels/train/WSSV-5-img-1.txt,190,402e67ca896cf56da9ba3366b6aeb8a72a28bcaf65061d02696fafb916844120
train,image,/home/drnguyenvinh/notebooks/shrimp_yolo_canonical_bg_wssv_2cls_split70_15_15/images/train/WSSV-5-img-2.jpg,202270,3c099ce75d55680ac5657faab8ece5b911bcf8dee1519e4d045eb891bda2a66a
train,label,/home/drnguyenvinh/notebooks/shrimp_yolo_canonical_bg_wssv_2cls_split70_15_15/labels/train/WSSV-5-img-2.txt,342,a4ebe6a83ede25273d9ba92f92b431c1a50deda77a466d99fc042b4e3d03ed42
train,image,/home/drnguyenvinh/notebooks/shrimp_yolo_canonical_bg_wssv_2cls_split70_15_15/images/train/WSSV-5-img-3.jpg,205296,0f2f4548f9ddb3f061fea4738a6154a3e0e08c44214cbf0e3e08d305f77e68f1
train,label,/home/drnguyenvinh/notebooks/shrimp_yolo_canonical_bg_wssv_2cls_split70_15_15/labels/train/WSSV-5-img-3.txt,266,7ec07bd3c243866b2b70a9ce84a36e17173b1ba0ef320f9ff49b0344d365fe6e
train,image,/home/drnguyenvinh/notebooks/shrimp_yolo_canonical_bg_wssv_2cls_split70_15_15/images/train/WSSV-50-img-1.jpg,172450,65b51765b0600a47569cbf1ad4b5c07953eaeea400fa656e06a34884c6a48dd0
train,label,/home/drnguyenvinh/notebooks/shrimp_yolo_canonical_bg_wssv_2cls_split70_15_15/labels/train/WSSV-50-img-1.txt,1216,5e225e719f8c8507cd6ce6b25091d274134649af45d0f712ab49df6cc089091c
train,image,/home/drnguyenvinh/notebooks/shrimp_yolo_canonical_bg_wssv_2cls_split70_15_15/images/train/WSSV-50-img-3.jpg,179544,3554eb4f7f2c5a3ad2e477fd9c86e4c349e7ab094a7128d281b991110d65a57e
train,label,/home/drnguyenvinh/notebooks/shrimp_yolo_canonical_bg_wssv_2cls_split70_15_15/labels/train/WSSV-50-img-3.txt,266,73a7a9bf6edaca668133e89150a986c9eaab589ca76e4000ecf1ec0f7012f576
train,image,/home/drnguyenvinh/notebooks/shrimp_yolo_canonical_bg_wssv_2cls_split70_15_15/images/train/WSSV-51-img-1.jpg,164186,86ee8829b1d05919cb88a80a6ba181fcd143ae244a80267ccb97d3f023639d51
train,label,/home/drnguyenvinh/notebooks/shrimp_yolo_canonical_bg_wssv_2cls_split70_15_15/labels/train/WSSV-51-img-1.txt,684,e2257e742c0264f305d990abc25ad02d42867ae591a8640a55164b337b1a2f53
train,image,/home/drnguyenvinh/notebooks/shrimp_yolo_canonical_bg_wssv_2cls_split70_15_15/images/train/WSSV-51-img-2.jpg,187641,0e1e26e81c260ade8b245f3b8db0044401e3fe89143abb42520702cec49a59fd
train,label,/home/drnguyenvinh/notebooks/shrimp_yolo_canonical_bg_wssv_2cls_split70_15_15/labels/train/WSSV-51-img-2.txt,190,7613dd82de1d04be6b20b0217f3004df3371cd10430cbdd48d2d92a7cbbcf0a9
train,image,/home/drnguyenvinh/notebooks/shrimp_yolo_canonical_bg_wssv_2cls_split70_15_15/images/train/WSSV-51-img-3.jpg,179021,d8cf7124c252e4a41ab43c7fb5e9f9b80b4bd7e5bdf0abf31d7b20b59f0d48e8
train,label,/home/drnguyenvinh/notebooks/shrimp_yolo_canonical_bg_wssv_2cls_split70_15_15/labels/train/WSSV-51-img-3.txt,418,b1bfafe8cb2eab448d1cbf93f07b78f0fedef038dc8b2a9b565abab338e06cea
train,image,/home/drnguyenvinh/notebooks/shrimp_yolo_canonical_bg_wssv_2cls_split70_15_15/images/train/WSSV-52-img-1.jpg,154275,e5990c1cea18835e6e1bb1d37b4914b83c9b6521a86305084872aff6b7d2ff0a
train,label,/home/drnguyenvinh/notebooks/shrimp_yolo_canonical_bg_wssv_2cls_split70_15_15/labels/train/WSSV-52-img-1.txt,1140,74783dbf24aaa3ed49767f77a329408478b9dd26f2afe60d2c6e7db7150622f2
train,image,/home/drnguyenvinh/notebooks/shrimp_yolo_canonical_bg_wssv_2cls_split70_15_15/images/train/WSSV-52-img-2.jpg,191687,da02ea5af95d2c36511f0137a233b10c0c5ffc19dd64d09c0770a36cd29d6b1a
train,label,/home/drnguyenvinh/notebooks/shrimp_yolo_canonical_bg_wssv_2cls_split70_15_15/labels/train/WSSV-52-img-2.txt,228,93d172bae11e1512c7441e1dd8a338c4247a5521e7bdee4cac592d196b981844
train,image,/home/drnguyenvinh/notebooks/shrimp_yolo_canonical_bg_wssv_2cls_split70_15_15/images/train/WSSV-52-img-3.jpg,148453,75f73693263b7e84ab8250c5c63bc34d0f2a76def9323e88f530abfb171a38ea
train,label,/home/drnguyenvinh/notebooks/shrimp_yolo_canonical_bg_wssv_2cls_split70_15_15/labels/train/WSSV-52-img-3.txt,608,809309129933ad88b118537bff63b8410c3a3e54da0cbb999550712fc3521183
train,image,/home/drnguyenvinh/notebooks/shrimp_yolo_canonical_bg_wssv_2cls_split70_15_15/images/train/WSSV-53-img-1.jpg,151703,487cd0437bb3f63c4d51a7da8e972168f124c147d9189be8a7aed1babf513de7
train,label,/home/drnguyenvinh/notebooks/shrimp_yolo_canonical_bg_wssv_2cls_split70_15_15/labels/train/WSSV-53-img-1.txt,608,69c8619ee0671d9358af5508782b17254ed55b60a37fd5a2a1771c8a3b127a9b
train,image,/home/drnguyenvinh/notebooks/shrimp_yolo_canonical_bg_wssv_2cls_split70_15_15/images/train/WSSV-53-img-2.jpg,154509,ea101b217e769814ad9e99e26d09e37b413041a13d76006d8a94e484541d5e00
train,label,/home/drnguyenvinh/notebooks/shrimp_yolo_canonical_bg_wssv_2cls_split70_15_15/labels/train/WSSV-53-img-2.txt,760,54e4bfc761eba7accd5fac3f13069ca32b80b7752258a458879ed64f09a31115
train,image,/home/drnguyenvinh/notebooks/shrimp_yolo_canonical_bg_wssv_2cls_split70_15_15/images/train/WSSV-54-img-2.jpg,162299,4514f1174b078f56a7252d607a8b9dd793d7690bc8d779b21f4a2912c057ead4
train,label,/home/drnguyenvinh/notebooks/shrimp_yolo_canonical_bg_wssv_2cls_split70_15_15/labels/train/WSSV-54-img-2.txt,608,66c732526e77d54f92d9ff9369e257f79edc54bc8b31174e7bf2c0b8d70df6de
train,image,/home/drnguyenvinh/notebooks/shrimp_yolo_canonical_bg_wssv_2cls_split70_15_15/images/train/WSSV-54-img-3.jpg,159577,95829210a5afec41d4df8832ba631df8b4a586f7d28d0a9ba7f457392563d43d
train,label,/home/drnguyenvinh/notebooks/shrimp_yolo_canonical_bg_wssv_2cls_split70_15_15/labels/train/WSSV-54-img-3.txt,228,5ec436599c430bfb197b731bbae0a5b7a38ed0140b691bd29876b43c14d46b0e
train,image,/home/drnguyenvinh/notebooks/shrimp_yolo_canonical_bg_wssv_2cls_split70_15_15/images/train/WSSV-55-img-1.jpg,161064,ae8a5e607ced5b602b2907d32184a71d1718300479303738b6b5d39c41558258
train,label,/home/drnguyenvinh/notebooks/shrimp_yolo_canonical_bg_wssv_2cls_split70_15_15/labels/train/WSSV-55-img-1.txt,228,ba966a594d0409e5c66d86c36abf0b3a02b48021b0db789b35182c182b80c3e1
train,image,/home/drnguyenvinh/notebooks/shrimp_yolo_canonical_bg_wssv_2cls_split70_15_15/images/train/WSSV-55-img-2.jpg,172667,a908cf813f3d9df6dc20c784677371db8715d40aee1f344fd2ddbf5229e16532
train,label,/home/drnguyenvinh/notebooks/shrimp_yolo_canonical_bg_wssv_2cls_split70_15_15/labels/train/WSSV-55-img-2.txt,190,78258238e4456614c35b1f36ac347d73ce7d2b72e12b06c1faf029ee5487b36a
train,image,/home/drnguyenvinh/notebooks/shrimp_yolo_canonical_bg_wssv_2cls_split70_15_15/images/train/WSSV-55-img-3.jpg,156951,66c96fa15cd3b7eeb0c6c8f59b67732f9325c6c9a261c1693fcf20ea62515cf5
train,label,/home/drnguyenvinh/notebooks/shrimp_yolo_canonical_bg_wssv_2cls_split70_15_15/labels/train/WSSV-55-img-3.txt,114,37e750e41e2e1423c56ce04f20e53225ef38d3b9abc945c215a1e01292ee8d65
train,image,/home/drnguyenvinh/notebooks/shrimp_yolo_canonical_bg_wssv_2cls_split70_15_15/images/train/WSSV-56-img-1.jpg,143578,b689929c0761d5e7e8d5435e4fb1395f394083d0888fcd760d24863fb098007b
train,label,/home/drnguyenvinh/notebooks/shrimp_yolo_canonical_bg_wssv_2cls_split70_15_15/labels/train/WSSV-56-img-1.txt,304,6c1c913955acc22042668dcf73336caac859816b82e4fa9eea9120a7d594ea92
train,image,/home/drnguyenvinh/notebooks/shrimp_yolo_canonical_bg_wssv_2cls_split70_15_15/images/train/WSSV-56-img-2.jpg,137751,51e87b14a3f2a056bc8d2b1c037997c3e60ffa2bccc1ba7ba17ab6b84e4b7cb7
train,label,/home/drnguyenvinh/notebooks/shrimp_yolo_canonical_bg_wssv_2cls_split70_15_15/labels/train/WSSV-56-img-2.txt,190,8d6f7889b77d20fbadc5dfc4c100d45550c473add408a67832d92090dca5e2af
train,image,/home/drnguyenvinh/notebooks/shrimp_yolo_canonical_bg_wssv_2cls_split70_15_15/images/train/WSSV-56-img-3.jpg,133600,28d88fb1fd439a2af1d98874674c818e6ad9b58f0acc507ab80271758f448561
train,label,/home/drnguyenvinh/notebooks/shrimp_yolo_canonical_bg_wssv_2cls_split70_15_15/labels/train/WSSV-56-img-3.txt,190,646ffd5a5737a6003b89cb1eeaf7bdf2743738747d5e002d7486a59d34161ec7
train,image,/home/drnguyenvinh/notebooks/shrimp_yolo_canonical_bg_wssv_2cls_split70_15_15/images/train/WSSV-57-img-1.jpg,144204,3539b405d062b51fb2539dfaf2a4f979dc3e35b8568e39cf3490d4cffa92a33c
train,label,/home/drnguyenvinh/notebooks/shrimp_yolo_canonical_bg_wssv_2cls_split70_15_15/labels/train/WSSV-57-img-1.txt,532,def6e5f5a2bc984418dec52832d110d4e333399d6bcf795d538d6bc27a68369a
train,image,/home/drnguyenvinh/notebooks/shrimp_yolo_canonical_bg_wssv_2cls_split70_15_15/images/train/WSSV-57-img-2.jpg,161469,ebec5e89b55c4f24dbba55b8f36696693ef445221eab8ce016f36c0f93285aad
train,label,/home/drnguyenvinh/notebooks/shrimp_yolo_canonical_bg_wssv_2cls_split70_15_15/labels/train/WSSV-57-img-2.txt,418,ba4f690afdc848152fab20219d75e052564d108f017c18fa1846c2d9ec6db614
train,image,/home/drnguyenvinh/notebooks/shrimp_yolo_canonical_bg_wssv_2cls_split70_15_15/images/train/WSSV-58-img-1.jpg,160720,afae09a1294c1a3fd84786eceead2186d78ae12f4d41f41c35a9a5d1557ab286
train,label,/home/drnguyenvinh/notebooks/shrimp_yolo_canonical_bg_wssv_2cls_split70_15_15/labels/train/WSSV-58-img-1.txt,532,8609e02a1ada47345b7e793dfc14c423715f40b1722dd033f62056e7c95a6118
train,image,/home/drnguyenvinh/notebooks/shrimp_yolo_canonical_bg_wssv_2cls_split70_15_15/images/train/WSSV-58-img-3.jpg,157751,abf961317b28761a1496518864190f1dcdd55c0759b49108707e769eaccff6f2
train,label,/home/drnguyenvinh/notebooks/shrimp_yolo_canonical_bg_wssv_2cls_split70_15_15/labels/train/WSSV-58-img-3.txt,1140,9f391a042d3a3d38caae40ca229d497ba3cb8589fc69a27949f5608161ceee46
train,image,/home/drnguyenvinh/notebooks/shrimp_yolo_canonical_bg_wssv_2cls_split70_15_15/images/train/WSSV-59-img-2.jpg,200510,899b577199ba8ca9329d489298515c4178e64a06268d80b14d9e44ca6341c824
train,label,/home/drnguyenvinh/notebooks/shrimp_yolo_canonical_bg_wssv_2cls_split70_15_15/labels/train/WSSV-59-img-2.txt,228,091fb12926d7f4db6c122592cbb58bf174a719aa592bffd8778c3edcea6e4f4b
train,image,/home/drnguyenvinh/notebooks/shrimp_yolo_canonical_bg_wssv_2cls_split70_15_15/images/train/WSSV-6-img-2.jpg,276367,030fcaa9c84981ba2df15ca6dbdbe818de3d0b096604134d7207c7c06fd45389
train,label,/home/drnguyenvinh/notebooks/shrimp_yolo_canonical_bg_wssv_2cls_split70_15_15/labels/train/WSSV-6-img-2.txt,228,e2e2ff372ab9eb68fa1d129baba629765f731641074a96cc03efdaf65571ef46
train,image,/home/drnguyenvinh/notebooks/shrimp_yolo_canonical_bg_wssv_2cls_split70_15_15/images/train/WSSV-60-img-1.jpg,194752,9d3e8120f7a77efae011f31a6105f86cd7d2fc11aec11d7a247812aaf38cd40a
train,label,/home/drnguyenvinh/notebooks/shrimp_yolo_canonical_bg_wssv_2cls_split70_15_15/labels/train/WSSV-60-img-1.txt,836,99466f48744c61ea87c6fc41fd5e585fcc925c29b3667836082291f226aa487f
train,image,/home/drnguyenvinh/notebooks/shrimp_yolo_canonical_bg_wssv_2cls_split70_15_15/images/train/WSSV-60-img-2.jpg,193620,962ceb79f82728f7b0c0693039a7b59e4136570085d352a06119adc0f68b2242
train,label,/home/drnguyenvinh/notebooks/shrimp_yolo_canonical_bg_wssv_2cls_split70_15_15/labels/train/WSSV-60-img-2.txt,228,d5176d52743975591c647a31a826b35b0ba82f7ea3b748889a55764e602ff2b4
train,image,/home/drnguyenvinh/notebooks/shrimp_yolo_canonical_bg_wssv_2cls_split70_15_15/images/train/WSSV-60-img-3.jpg,171087,be3680b484e0363bfc69fe3fc7b1a629db603b135c0e64ce5064b6ccb5ba26e7
train,label,/home/drnguyenvinh/notebooks/shrimp_yolo_canonical_bg_wssv_2cls_split70_15_15/labels/train/WSSV-60-img-3.txt,38,032b7196f6ee64a8e2f022da86747c33611a2c92521bdb900f1440f6c0334e02
train,image,/home/drnguyenvinh/notebooks/shrimp_yolo_canonical_bg_wssv_2cls_split70_15_15/images/train/WSSV-61-img-2.jpg,149038,42b1bd76dd7ec0e6f930aa1bf2b9ebaf6067aa7eab27b526397c7d495947338d
train,label,/home/drnguyenvinh/notebooks/shrimp_yolo_canonical_bg_wssv_2cls_split70_15_15/labels/train/WSSV-61-img-2.txt,532,eca354961f733a0b0522d270322e3f3e37a8f95a39d8390fd127750f404a01ce
train,image,/home/drnguyenvinh/notebooks/shrimp_yolo_canonical_bg_wssv_2cls_split70_15_15/images/train/WSSV-62-img-2.jpg,146355,21f6b88cb51b5265aa1047ccd62fb014a893dbffd70ccb0cdb063863aa212990
train,label,/home/drnguyenvinh/notebooks/shrimp_yolo_canonical_bg_wssv_2cls_split70_15_15/labels/train/WSSV-62-img-2.txt,912,aa084fabd93eb3e786683e6b889e9abb85890467e07d979a8f67594ff1bd476e
train,image,/home/drnguyenvinh/notebooks/shrimp_yolo_canonical_bg_wssv_2cls_split70_15_15/images/train/WSSV-64-img-1.jpg,153550,5fca607c4d6fd54ba0a30b5c84ec4470f5ae8bc97b776aecc716ff86a9b761c9
train,label,/home/drnguyenvinh/notebooks/shrimp_yolo_canonical_bg_wssv_2cls_split70_15_15/labels/train/WSSV-64-img-1.txt,190,a3c945ed3a84de9ffe532a447099d5fb0153e751edac638955f25cbca5d663ab
train,image,/home/drnguyenvinh/notebooks/shrimp_yolo_canonical_bg_wssv_2cls_split70_15_15/images/train/WSSV-64-img-2.jpg,150594,189b465b838eaf58c74d39059ad15fff18095120cd7f4b7d927b34b1c44b7a3d
train,label,/home/drnguyenvinh/notebooks/shrimp_yolo_canonical_bg_wssv_2cls_split70_15_15/labels/train/WSSV-64-img-2.txt,190,9eebb0f0da6696e29e1ea3e762f3daf27e7b7e3119bef9fa412ad37e210e3bfe
train,image,/home/drnguyenvinh/notebooks/shrimp_yolo_canonical_bg_wssv_2cls_split70_15_15/images/train/WSSV-65-img-1.jpg,137324,93270c974f412a74f747f981d230067315f15951ee7563dbe5f3547840b81c63
train,label,/home/drnguyenvinh/notebooks/shrimp_yolo_canonical_bg_wssv_2cls_split70_15_15/labels/train/WSSV-65-img-1.txt,380,3ab0754624daffd6cdac0f5427bc10771e3f1486ebded3882f85376ea9b406f1
train,image,/home/drnguyenvinh/notebooks/shrimp_yolo_canonical_bg_wssv_2cls_split70_15_15/images/train/WSSV-65-img-3.jpg,151549,21990468ab3b6e084691541fa9caef55196ebb32e6cb8703cf157eede908683a
train,label,/home/drnguyenvinh/notebooks/shrimp_yolo_canonical_bg_wssv_2cls_split70_15_15/labels/train/WSSV-65-img-3.txt,836,3a58082beb17b7da0b4ffbd540b3056dc918489cfaebeb6747327289f8273751
train,image,/home/drnguyenvinh/notebooks/shrimp_yolo_canonical_bg_wssv_2cls_split70_15_15/images/train/WSSV-66-img-1.jpg,153945,1ba11d1b648dc99e361925c1028633311ed8e4b27875f5c287b1cd05780a105b
train,label,/home/drnguyenvinh/notebooks/shrimp_yolo_canonical_bg_wssv_2cls_split70_15_15/labels/train/WSSV-66-img-1.txt,76,62663c71f311d04452da4fb337c3ed6d7fb310f57de6246e9b6502bb64368624
train,image,/home/drnguyenvinh/notebooks/shrimp_yolo_canonical_bg_wssv_2cls_split70_15_15/images/train/WSSV-66-img-3.jpg,155375,1c19ae77ad2050a31f190914897cbc3611635d6d898b9c69ad405c87de4eb3cb
train,label,/home/drnguyenvinh/notebooks/shrimp_yolo_canonical_bg_wssv_2cls_split70_15_15/labels/train/WSSV-66-img-3.txt,114,f85ff3fe1d260d83eece48d1324889f0ed8948ca5a0e4473e8a8e2ec1cedcf45
train,image,/home/drnguyenvinh/notebooks/shrimp_yolo_canonical_bg_wssv_2cls_split70_15_15/images/train/WSSV-67-img-2.jpg,155475,8c9ef45db2a7b0f164d3226f27021f243e608c1d939610f629128e2ad0919137
train,label,/home/drnguyenvinh/notebooks/shrimp_yolo_canonical_bg_wssv_2cls_split70_15_15/labels/train/WSSV-67-img-2.txt,608,4d43e5afbc356e7a14a6f12bc21549337e43730dbad4aa18ebff86861b2ab5e4
train,image,/home/drnguyenvinh/notebooks/shrimp_yolo_canonical_bg_wssv_2cls_split70_15_15/images/train/WSSV-67-img-3.jpg,131244,fb869221c2e938052e21236cbecb207ea52e807565ea7fd6108adf788394f149
train,label,/home/drnguyenvinh/notebooks/shrimp_yolo_canonical_bg_wssv_2cls_split70_15_15/labels/train/WSSV-67-img-3.txt,190,0e7754d8cf75df75096aad8a4cb1204f4a1ac06933876d77b4695405d5e3f5a0
train,image,/home/drnguyenvinh/notebooks/shrimp_yolo_canonical_bg_wssv_2cls_split70_15_15/images/train/WSSV-68-img-1.jpg,166885,3029d0de1c307db12e16786026fc8c60d1741b979f573ff2d5c7547f6dd2cc63
train,label,/home/drnguyenvinh/notebooks/shrimp_yolo_canonical_bg_wssv_2cls_split70_15_15/labels/train/WSSV-68-img-1.txt,646,46661f3daaa106188c5216a064689a0e83cac106e5ecf5ed621d2ac5f754c7b7
train,image,/home/drnguyenvinh/notebooks/shrimp_yolo_canonical_bg_wssv_2cls_split70_15_15/images/train/WSSV-68-img-2.jpg,165270,3023aec71dbca6f8097d7ceb69bc7708bbd3967f864ce563d576a00c9f233cf3
train,label,/home/drnguyenvinh/notebooks/shrimp_yolo_canonical_bg_wssv_2cls_split70_15_15/labels/train/WSSV-68-img-2.txt,646,ce743fdd88ca69f121416d97f19b4ca2329a98c95fa868b8cca1bec70703b1d1
train,image,/home/drnguyenvinh/notebooks/shrimp_yolo_canonical_bg_wssv_2cls_split70_15_15/images/train/WSSV-69-img-2.jpg,145611,4194dc71f11af368db51dee00780cf89933c085a640cab4d1afa85941ed208db
train,label,/home/drnguyenvinh/notebooks/shrimp_yolo_canonical_bg_wssv_2cls_split70_15_15/labels/train/WSSV-69-img-2.txt,456,9b6f15c8bf13a69addb1e5b0f770189e1729f3b2195ef0c2393c6f72efa6dcb4
train,image,/home/drnguyenvinh/notebooks/shrimp_yolo_canonical_bg_wssv_2cls_split70_15_15/images/train/WSSV-7-img-1.jpg,785061,9f206f9c0260a6409037d3426fde6febd07161d72a7cde8852c458b5eedd906d
train,label,/home/drnguyenvinh/notebooks/shrimp_yolo_canonical_bg_wssv_2cls_split70_15_15/labels/train/WSSV-7-img-1.txt,190,d0cfe9363ec6bb8a7e5d908c11f6a315f378cd92a7b1cac9c7a41266cb0b42af
train,image,/home/drnguyenvinh/notebooks/shrimp_yolo_canonical_bg_wssv_2cls_split70_15_15/images/train/WSSV-7-img-2.jpg,696604,82efa0d1fe2ca8bdf1a3f6a360d5bdfd59ff13bd37ff2201066728f0ec9b4bc2
train,label,/home/drnguyenvinh/notebooks/shrimp_yolo_canonical_bg_wssv_2cls_split70_15_15/labels/train/WSSV-7-img-2.txt,38,756cc87c3372667a553fb3d5c759f8ae17c963d08b981e78bf8204b3550d2ffa
train,image,/home/drnguyenvinh/notebooks/shrimp_yolo_canonical_bg_wssv_2cls_split70_15_15/images/train/WSSV-70-img-2.jpg,147180,fc80c0b353b885dfd5045add66dd93b65333d06758a31a281005ace196b4bb6f
train,label,/home/drnguyenvinh/notebooks/shrimp_yolo_canonical_bg_wssv_2cls_split70_15_15/labels/train/WSSV-70-img-2.txt,1102,7f60b228d450ccdd7656959697e934ea2d7df212d9eb5174f7694a0c253e415e
train,image,/home/drnguyenvinh/notebooks/shrimp_yolo_canonical_bg_wssv_2cls_split70_15_15/images/train/WSSV-70-img-3.jpg,132396,593021ba8e951749d408242b7ae8baf9ff0dc414c6755cd2c4b9632b5d733954
train,label,/home/drnguyenvinh/notebooks/shrimp_yolo_canonical_bg_wssv_2cls_split70_15_15/labels/train/WSSV-70-img-3.txt,684,7341d0f51d4217c8d74f36e476f072ff1c6d35aa122ffbc17075c381a002be54
train,image,/home/drnguyenvinh/notebooks/shrimp_yolo_canonical_bg_wssv_2cls_split70_15_15/images/train/WSSV-71-img-1.jpg,155303,54f0bbabc4e010d9d4dbd7df70fd6b2a9f31da5e809e97e1ce7496a086b12836
train,label,/home/drnguyenvinh/notebooks/shrimp_yolo_canonical_bg_wssv_2cls_split70_15_15/labels/train/WSSV-71-img-1.txt,532,47ddd18fadadffd50630ce21dc87f59af1901a40d7395d822fd0789b01ff6a9f
train,image,/home/drnguyenvinh/notebooks/shrimp_yolo_canonical_bg_wssv_2cls_split70_15_15/images/train/WSSV-71-img-2.jpg,148754,ec4eba88090bfc6a867f96512557e67f67faf64b0e52992124efdcbed9c483a8
train,label,/home/drnguyenvinh/notebooks/shrimp_yolo_canonical_bg_wssv_2cls_split70_15_15/labels/train/WSSV-71-img-2.txt,418,7fba01f7a8f839d5bd25810cfcb442f633f6b69dd81ee936d02ba6f7d7ae4a02
train,image,/home/drnguyenvinh/notebooks/shrimp_yolo_canonical_bg_wssv_2cls_split70_15_15/images/train/WSSV-72-img-1.jpg,147650,b9d116daf7e72d70f0b2ce30bdafdfb19f35dd6864fe1d8278341bab08e0a73d
train,label,/home/drnguyenvinh/notebooks/shrimp_yolo_canonical_bg_wssv_2cls_split70_15_15/labels/train/WSSV-72-img-1.txt,456,197b11a849295e4f8a7e020e04aaec2223889f4de87c8c24aba930122c7dae5f
train,image,/home/drnguyenvinh/notebooks/shrimp_yolo_canonical_bg_wssv_2cls_split70_15_15/images/train/WSSV-72-img-2.jpg,157717,886bc38972b39702e077aa7b41f4039bfa7f3c2e9bcd7b068dbe26d7bf264bcc
train,label,/home/drnguyenvinh/notebooks/shrimp_yolo_canonical_bg_wssv_2cls_split70_15_15/labels/train/WSSV-72-img-2.txt,418,4946849a117462e16da1f74ed9338d98550b24e09d59db56b21de86061bc0557
train,image,/home/drnguyenvinh/notebooks/shrimp_yolo_canonical_bg_wssv_2cls_split70_15_15/images/train/WSSV-72-img-3.jpg,150069,4d3506faa3f0fd463f1f2f3d27c4b591ee7327e692e0bd2f31a12e7387f7cd8e
train,label,/home/drnguyenvinh/notebooks/shrimp_yolo_canonical_bg_wssv_2cls_split70_15_15/labels/train/WSSV-72-img-3.txt,570,df200e3c52036a9510c0371a0f09ea79e6a9bdf7ef861be403e4ee110299b7c0
train,image,/home/drnguyenvinh/notebooks/shrimp_yolo_canonical_bg_wssv_2cls_split70_15_15/images/train/WSSV-73-img-1.jpg,164458,e1835a6dccb72f051e19ff44e4054806bbdeddd6ddbb2889771ceac90843f1f6
train,label,/home/drnguyenvinh/notebooks/shrimp_yolo_canonical_bg_wssv_2cls_split70_15_15/labels/train/WSSV-73-img-1.txt,380,0f0a3e648579d8794665c2262bb37021ba2bf7972a4fcabde50575c340b5b6d6
train,image,/home/drnguyenvinh/notebooks/shrimp_yolo_canonical_bg_wssv_2cls_split70_15_15/images/train/WSSV-73-img-2.jpg,160729,88eed9715e6599765a0cc272ae122bde89f78973140044683bc4ee1774b11dd2
train,label,/home/drnguyenvinh/notebooks/shrimp_yolo_canonical_bg_wssv_2cls_split70_15_15/labels/train/WSSV-73-img-2.txt,380,694b55863cbb8c4ebf45b40b50bb19fcdb3062a2672313e79892a8cac90d1c78
train,image,/home/drnguyenvinh/notebooks/shrimp_yolo_canonical_bg_wssv_2cls_split70_15_15/images/train/WSSV-73-img-3.jpg,157347,99b5bdb1ec96a29fc4db63b04461e156195c1bb3829a38fb09cae79030c9cdbc
train,label,/home/drnguyenvinh/notebooks/shrimp_yolo_canonical_bg_wssv_2cls_split70_15_15/labels/train/WSSV-73-img-3.txt,684,4c37638f62272df1a07284440c8146a8ad68e5f73f679032ee4b2527629eae17
train,image,/home/drnguyenvinh/notebooks/shrimp_yolo_canonical_bg_wssv_2cls_split70_15_15/images/train/WSSV-74-img-1.jpg,175778,342a40e8bee503eb3d27152a066d3faf958406c9df5718ffbb17ebbec2d04cd7
train,label,/home/drnguyenvinh/notebooks/shrimp_yolo_canonical_bg_wssv_2cls_split70_15_15/labels/train/WSSV-74-img-1.txt,342,88bc4cd0161d700b4c00f193bb82a2034ffe85b96bf9191f88d4833a6b015c3b
train,image,/home/drnguyenvinh/notebooks/shrimp_yolo_canonical_bg_wssv_2cls_split70_15_15/images/train/WSSV-74-img-2.jpg,184565,937987abb4b73b77a8dba4484aa4523500e45d1f950991446e4092a2cad7c82e
train,label,/home/drnguyenvinh/notebooks/shrimp_yolo_canonical_bg_wssv_2cls_split70_15_15/labels/train/WSSV-74-img-2.txt,532,a6ea808d2bb2dc0696b0b489503839655654c05358362f4d97045f723776ae5d
train,image,/home/drnguyenvinh/notebooks/shrimp_yolo_canonical_bg_wssv_2cls_split70_15_15/images/train/WSSV-74-img-3.jpg,160445,d98a294732bde31ad7c164bafea1a5b2cb57c050c4db5b7787797092ae3012f3
train,label,/home/drnguyenvinh/notebooks/shrimp_yolo_canonical_bg_wssv_2cls_split70_15_15/labels/train/WSSV-74-img-3.txt,874,817d7c489fd540a69a2ddd1d020ac5977177efd72b3021266d5519cb32ed43bf
train,image,/home/drnguyenvinh/notebooks/shrimp_yolo_canonical_bg_wssv_2cls_split70_15_15/images/train/WSSV-75-img-1.jpg,163823,df27526ff2f238e8875ec8d5d1ab8ba06e40515d1518959c2cd1dddd1cc7e4bb
train,label,/home/drnguyenvinh/notebooks/shrimp_yolo_canonical_bg_wssv_2cls_split70_15_15/labels/train/WSSV-75-img-1.txt,228,3a2b2329d1485246bba2fca339ee8f19d4dab16b0c9977cd391e24566a1f3bee
train,image,/home/drnguyenvinh/notebooks/shrimp_yolo_canonical_bg_wssv_2cls_split70_15_15/images/train/WSSV-75-img-2.jpg,142923,38225d072d324634a748bf928feacd80199f8140784ee720424abeb6a331e35b
train,label,/home/drnguyenvinh/notebooks/shrimp_yolo_canonical_bg_wssv_2cls_split70_15_15/labels/train/WSSV-75-img-2.txt,76,3d31e4659e9ccfe812b1f75f724fce986ea72d1580c8d22e278de9d77cb7a106
train,image,/home/drnguyenvinh/notebooks/shrimp_yolo_canonical_bg_wssv_2cls_split70_15_15/images/train/WSSV-76-img-1.jpg,133659,b44b9996c0c75322222c0f80f094f05c22e64f7e5a11fe6c1efac0419263b0d5
train,label,/home/drnguyenvinh/notebooks/shrimp_yolo_canonical_bg_wssv_2cls_split70_15_15/labels/train/WSSV-76-img-1.txt,190,e01fea052c70e0dca769b9d4a86fd975b7452f53bbf5aca8b57a97723a22ba22
train,image,/home/drnguyenvinh/notebooks/shrimp_yolo_canonical_bg_wssv_2cls_split70_15_15/images/train/WSSV-76-img-2.jpg,160058,560e3367afb1e9415753d65c3109528d0cd251a6afae0010a056430cec29b147
train,label,/home/drnguyenvinh/notebooks/shrimp_yolo_canonical_bg_wssv_2cls_split70_15_15/labels/train/WSSV-76-img-2.txt,266,d981def6bc6e989b434bb7e72bbfc65787ee6064ad17493bc5fb7039018c5db4
train,image,/home/drnguyenvinh/notebooks/shrimp_yolo_canonical_bg_wssv_2cls_split70_15_15/images/train/WSSV-76-img-3.jpg,152432,eb9f50b21844051a063a934475c1d65272033057d9c4f3e179143e80da96bf9e
train,label,/home/drnguyenvinh/notebooks/shrimp_yolo_canonical_bg_wssv_2cls_split70_15_15/labels/train/WSSV-76-img-3.txt,342,0938c613bd0a55c60c411b9aca94c5114f54b6a15499dded33f917162d7268bf
train,image,/home/drnguyenvinh/notebooks/shrimp_yolo_canonical_bg_wssv_2cls_split70_15_15/images/train/WSSV-77-img-3.jpg,154562,f596d9854ba71bd77ca862a98992a3b79744090eddc89bf83b675ecfda1263e1
train,label,/home/drnguyenvinh/notebooks/shrimp_yolo_canonical_bg_wssv_2cls_split70_15_15/labels/train/WSSV-77-img-3.txt,380,c09b603b384b79ba918d2100f6f549a68eef7cb9ef0cc4ddf0fe4e3de7972efc
train,image,/home/drnguyenvinh/notebooks/shrimp_yolo_canonical_bg_wssv_2cls_split70_15_15/images/train/WSSV-78-img-2.jpg,150266,b0ffd067abb42dc2f2a34cb7ac7cf7d06d1b9ae1bcd37ca4dbf014ad9bbffaae
train,label,/home/drnguyenvinh/notebooks/shrimp_yolo_canonical_bg_wssv_2cls_split70_15_15/labels/train/WSSV-78-img-2.txt,114,42b1ad135a3cf0d4d72769b73aaaf9eca3f51509e8f8eb35e31eea3ff2f1716e
train,image,/home/drnguyenvinh/notebooks/shrimp_yolo_canonical_bg_wssv_2cls_split70_15_15/images/train/WSSV-79-img-1.jpg,153310,3d292eeae8a46b76b0bcb0a8b54b59da842086df5e84ad00680ff26e8f385e80
train,label,/home/drnguyenvinh/notebooks/shrimp_yolo_canonical_bg_wssv_2cls_split70_15_15/labels/train/WSSV-79-img-1.txt,114,0724e0469612239a0daab48f96b1124fffe7cd2495708601e4de3db2ce198f89
train,image,/home/drnguyenvinh/notebooks/shrimp_yolo_canonical_bg_wssv_2cls_split70_15_15/images/train/WSSV-8-img-1.jpg,798817,ea64ce0e5cac9dcb0dd57549a12e0e902859b4ad2e545d6112ebe016af57a55d
train,label,/home/drnguyenvinh/notebooks/shrimp_yolo_canonical_bg_wssv_2cls_split70_15_15/labels/train/WSSV-8-img-1.txt,684,5c5c8d6615231e1fbc0bbf4bea05a80a61c728a431d7094234c5eb030a6207aa
train,image,/home/drnguyenvinh/notebooks/shrimp_yolo_canonical_bg_wssv_2cls_split70_15_15/images/train/WSSV-8-img-2.jpg,766471,94b44d42a81cf98d8b347560db233b952f39b01564cc6b63f53f3e95fe9bbccf
train,label,/home/drnguyenvinh/notebooks/shrimp_yolo_canonical_bg_wssv_2cls_split70_15_15/labels/train/WSSV-8-img-2.txt,570,b3442e08d24062f04f7729a685fd475e706a40a1c6b348553d356b2d43699198
train,image,/home/drnguyenvinh/notebooks/shrimp_yolo_canonical_bg_wssv_2cls_split70_15_15/images/train/WSSV-80-img-1.jpg,138579,3bf8c6606f4767dcd1e87d581a24915e209d93d7322ce1c5e0ffb9d03a3eb673
train,label,/home/drnguyenvinh/notebooks/shrimp_yolo_canonical_bg_wssv_2cls_split70_15_15/labels/train/WSSV-80-img-1.txt,266,af68f7ae1243f91efeb15e245aaa06fd9f7f6bcbc07ebd9c8de1867ec73cfba9
train,image,/home/drnguyenvinh/notebooks/shrimp_yolo_canonical_bg_wssv_2cls_split70_15_15/images/train/WSSV-81-img-2.jpg,140267,ab65fbec77e05cf7fb2a7fd64e5f40d70ee37089bf2f8bace17e49c0477aed09
train,label,/home/drnguyenvinh/notebooks/shrimp_yolo_canonical_bg_wssv_2cls_split70_15_15/labels/train/WSSV-81-img-2.txt,114,5300f96b1f93f3d0e6d19e68663886b30cfd4e16a47d3f1405fe8747d704dbd5
train,image,/home/drnguyenvinh/notebooks/shrimp_yolo_canonical_bg_wssv_2cls_split70_15_15/images/train/WSSV-82-img-1.jpg,295452,174cb2fa3b76ae0b5e44a3a758f63d2ea80ea621cf612c6083122727295b5bb0
train,label,/home/drnguyenvinh/notebooks/shrimp_yolo_canonical_bg_wssv_2cls_split70_15_15/labels/train/WSSV-82-img-1.txt,380,269ac4296ab748331bd73a521361119899940590e428498dd6c34c78999fd91e
train,image,/home/drnguyenvinh/notebooks/shrimp_yolo_canonical_bg_wssv_2cls_split70_15_15/images/train/WSSV-84-img-1.jpg,240112,448bef2166c9d25bcde4616222ece0005c1e58f0a0f25aaa1701eace2c31c6df
train,label,/home/drnguyenvinh/notebooks/shrimp_yolo_canonical_bg_wssv_2cls_split70_15_15/labels/train/WSSV-84-img-1.txt,304,ec3fb8e92eaa5eb16389ecaff255c756553b98a85382df6e2173b9b5f1339e90
train,image,/home/drnguyenvinh/notebooks/shrimp_yolo_canonical_bg_wssv_2cls_split70_15_15/images/train/WSSV-85-img-1.jpg,246875,c6e7691d4dbb664362c578a576f296d3143f6f4a1bbaa0ec7295e22c872458f4
train,label,/home/drnguyenvinh/notebooks/shrimp_yolo_canonical_bg_wssv_2cls_split70_15_15/labels/train/WSSV-85-img-1.txt,304,1c6478d72d37593307269f53077ff9d2e34a0390c52049927c1a334a1ecbe431
train,image,/home/drnguyenvinh/notebooks/shrimp_yolo_canonical_bg_wssv_2cls_split70_15_15/images/train/WSSV-85-img-2.jpg,225741,a374d9ef0548781729cbf4156e90875e5838eb4238dc7df1d534c0a7f8d9d8ac
train,label,/home/drnguyenvinh/notebooks/shrimp_yolo_canonical_bg_wssv_2cls_split70_15_15/labels/train/WSSV-85-img-2.txt,380,1cf2ed32d6e331f6494b3f69856049b511e9a38e9c9d5f7d2488def6a9290e31
train,image,/home/drnguyenvinh/notebooks/shrimp_yolo_canonical_bg_wssv_2cls_split70_15_15/images/train/WSSV-86-img-1.jpg,183606,2ebf76e0f9a26969e0178035184b9802bd76e4eca70e7305524e1386d515cea2
train,label,/home/drnguyenvinh/notebooks/shrimp_yolo_canonical_bg_wssv_2cls_split70_15_15/labels/train/WSSV-86-img-1.txt,114,1c6fc69c49f0649565378300ec739401a5c8ab380add7e9174bb6d22424fac63
train,image,/home/drnguyenvinh/notebooks/shrimp_yolo_canonical_bg_wssv_2cls_split70_15_15/images/train/WSSV-86-img-2.jpg,192285,8dcaaf7f474f1e3031c8e0c11236374dcd97654869716f2565e4507f13408be5
train,label,/home/drnguyenvinh/notebooks/shrimp_yolo_canonical_bg_wssv_2cls_split70_15_15/labels/train/WSSV-86-img-2.txt,190,60caee97410ad6e0ee97512221aaab849129f5e66bec4115c9c3c506c42e4439
train,image,/home/drnguyenvinh/notebooks/shrimp_yolo_canonical_bg_wssv_2cls_split70_15_15/images/train/WSSV-87-img-1.jpg,199702,173eff710ec91617e4e5a22f64efc301b5b1f6c4bfb3ae805d84f993182bdd9c
train,label,/home/drnguyenvinh/notebooks/shrimp_yolo_canonical_bg_wssv_2cls_split70_15_15/labels/train/WSSV-87-img-1.txt,266,700e6c30612eded175e5b8269240b642bcf297f926188534306d9cc142449423
train,image,/home/drnguyenvinh/notebooks/shrimp_yolo_canonical_bg_wssv_2cls_split70_15_15/images/train/WSSV-87-img-2.jpg,224557,cc974fdf1be20743941077f6a8f581938ed2b10937dd77582293997e3abf4749
train,label,/home/drnguyenvinh/notebooks/shrimp_yolo_canonical_bg_wssv_2cls_split70_15_15/labels/train/WSSV-87-img-2.txt,380,5cb6bc87d7a439eea0e37ceea02d57b8315befdac65b3950878e8470a9bfa589
train,image,/home/drnguyenvinh/notebooks/shrimp_yolo_canonical_bg_wssv_2cls_split70_15_15/images/train/WSSV-88-img-1.jpg,173513,93c981381df33f5fd11532c2ea05c20e4251b7684a433564dc6c5177febd9f54
train,label,/home/drnguyenvinh/notebooks/shrimp_yolo_canonical_bg_wssv_2cls_split70_15_15/labels/train/WSSV-88-img-1.txt,342,de061abb03ef6551534481cc7856bcbfc44d1b54a10fc3ad4cdd63850120e99c
train,image,/home/drnguyenvinh/notebooks/shrimp_yolo_canonical_bg_wssv_2cls_split70_15_15/images/train/WSSV-88-img-2.jpg,217530,5c80ce2394e91c90579f79f8e7cd5b3e96e16a5897de6f9fae0dde7f022c0a96
train,label,/home/drnguyenvinh/notebooks/shrimp_yolo_canonical_bg_wssv_2cls_split70_15_15/labels/train/WSSV-88-img-2.txt,494,ba872a5b1928bbc0cff07f556dd2090297cf4cd7ab6e6e11eef4c59ca2d141e8
train,image,/home/drnguyenvinh/notebooks/shrimp_yolo_canonical_bg_wssv_2cls_split70_15_15/images/train/WSSV-89-img-1.jpg,212243,4fe4397f355d96ac04c0fe5aa73f711b8fc51f53d7da51e4bf1fcc6bd1032f93
train,label,/home/drnguyenvinh/notebooks/shrimp_yolo_canonical_bg_wssv_2cls_split70_15_15/labels/train/WSSV-89-img-1.txt,228,017869fb11797359a4b2ae201adf51cfcfc8d140dd0464bbff0887f85c7da188
train,image,/home/drnguyenvinh/notebooks/shrimp_yolo_canonical_bg_wssv_2cls_split70_15_15/images/train/WSSV-89-img-2.jpg,211787,65eec929c42bc84278a4cddd7e01b93c4079ecadbcee82e987cdccb1d4e4c5a1
train,label,/home/drnguyenvinh/notebooks/shrimp_yolo_canonical_bg_wssv_2cls_split70_15_15/labels/train/WSSV-89-img-2.txt,304,cf96fe2d13f9e6145d555ea85abd265f72888513bf0e930c032d74e8f4c1ad4b
train,image,/home/drnguyenvinh/notebooks/shrimp_yolo_canonical_bg_wssv_2cls_split70_15_15/images/train/WSSV-9-img-1.jpg,155392,9257a2e632dc61b92a50957c7082e84c01077a53bf9364604fc038871bddb9c3
train,label,/home/drnguyenvinh/notebooks/shrimp_yolo_canonical_bg_wssv_2cls_split70_15_15/labels/train/WSSV-9-img-1.txt,266,005132b00d5b21af91b4627a00b6d74a16bd596f5bdd7b2d57887b37c3197211
train,image,/home/drnguyenvinh/notebooks/shrimp_yolo_canonical_bg_wssv_2cls_split70_15_15/images/train/WSSV-9-img-2.jpg,147788,adf26d1d00ba75ee9a80d904de715b146d2e98731e57e13f96f5d025a15b8af6
train,label,/home/drnguyenvinh/notebooks/shrimp_yolo_canonical_bg_wssv_2cls_split70_15_15/labels/train/WSSV-9-img-2.txt,228,4ca656007ea0bce522ab6e8a106f67a59a50885b4118dc5d63f456e8e3207ad2
train,image,/home/drnguyenvinh/notebooks/shrimp_yolo_canonical_bg_wssv_2cls_split70_15_15/images/train/WSSV-90-img-2.jpg,164453,89ce1570ec3648c5985cc30f05cecb0c616fc761d9f6669ec0410cd99334fb0e
train,label,/home/drnguyenvinh/notebooks/shrimp_yolo_canonical_bg_wssv_2cls_split70_15_15/labels/train/WSSV-90-img-2.txt,190,de037e522c0b9dc6c99f13064537d2ddda559882a32066d75dea3f3f090fb9a1
train,image,/home/drnguyenvinh/notebooks/shrimp_yolo_canonical_bg_wssv_2cls_split70_15_15/images/train/WSSV-92-img-2.jpg,218846,50227f1be3d394f5a0406dd6d4cb4f14d4b91c4560cfab835c54c0d76ff90161
train,label,/home/drnguyenvinh/notebooks/shrimp_yolo_canonical_bg_wssv_2cls_split70_15_15/labels/train/WSSV-92-img-2.txt,114,5de62ea7f656f24ca893b3c35499b0f4cb4286950f47be8df8077d021c776cba
train,image,/home/drnguyenvinh/notebooks/shrimp_yolo_canonical_bg_wssv_2cls_split70_15_15/images/train/WSSV-93-img-1.jpg,183794,599349a4f9dd9b7791cc89ad9b318892bce75461e6c54c46899bd68ce00a307e
train,label,/home/drnguyenvinh/notebooks/shrimp_yolo_canonical_bg_wssv_2cls_split70_15_15/labels/train/WSSV-93-img-1.txt,190,bd29ff2a9c69099c935d94f1380b18bd89c90c943b9255cae44cde5707e56e9e
train,image,/home/drnguyenvinh/notebooks/shrimp_yolo_canonical_bg_wssv_2cls_split70_15_15/images/train/WSSV-93-img-2.jpg,222324,8104f97732fb3a3e66e3eb2234ad06cfeeb9d3e9c74baf118f4f01d8e3f3183b
train,label,/home/drnguyenvinh/notebooks/shrimp_yolo_canonical_bg_wssv_2cls_split70_15_15/labels/train/WSSV-93-img-2.txt,190,3c73d100e02e3c87fe785c214bf69d58a4bffd002dc73f91e62bffad175d44af
train,image,/home/drnguyenvinh/notebooks/shrimp_yolo_canonical_bg_wssv_2cls_split70_15_15/images/train/WSSV-93-img-3.jpg,177861,943eb4b2874d51844a18ebd42d58917c4dd8054a3977eadc6f83a81db3716d30
train,label,/home/drnguyenvinh/notebooks/shrimp_yolo_canonical_bg_wssv_2cls_split70_15_15/labels/train/WSSV-93-img-3.txt,190,ac0accff4ee5dad98c142f2c1bddc3821f5ddfe3ffac4d2b18dc0285b9b6389f
train,image,/home/drnguyenvinh/notebooks/shrimp_yolo_canonical_bg_wssv_2cls_split70_15_15/images/train/WSSV-94-img-3.jpg,221820,e59d68e48b1afd50036c8180c19a83bef5c97c2b460042f14891e73d5413f91e
train,label,/home/drnguyenvinh/notebooks/shrimp_yolo_canonical_bg_wssv_2cls_split70_15_15/labels/train/WSSV-94-img-3.txt,190,584c5aabc7815351d4d9b47cbe37576e5b15ac8a1bfeb0cc009a5eee48cac484
train,image,/home/drnguyenvinh/notebooks/shrimp_yolo_canonical_bg_wssv_2cls_split70_15_15/images/train/WSSV-95-img-1.jpg,273336,ffc5ccbe57d3bad70067b337295aa3110524faa0a27b8c97762b6105444e5da9
train,label,/home/drnguyenvinh/notebooks/shrimp_yolo_canonical_bg_wssv_2cls_split70_15_15/labels/train/WSSV-95-img-1.txt,114,5b9bec4b13271978b0d68d58e5dd84faa252f09f6a10c7722c661dbdf80354ad
train,image,/home/drnguyenvinh/notebooks/shrimp_yolo_canonical_bg_wssv_2cls_split70_15_15/images/train/WSSV-95-img-2.jpg,231775,d8e3aa4cae250169d4fcc1048af1e2ff572d6854490e9faadf01cc8a655df6a7
train,label,/home/drnguyenvinh/notebooks/shrimp_yolo_canonical_bg_wssv_2cls_split70_15_15/labels/train/WSSV-95-img-2.txt,190,2337a998cac14828aeb19fc74cdea7eb9e245c2a1f11728b9a669324a01776be
train,image,/home/drnguyenvinh/notebooks/shrimp_yolo_canonical_bg_wssv_2cls_split70_15_15/images/train/WSSV-95-img-3.jpg,202196,8ce38b884e6bc076b8360bc9514a57679a609937091529c53038040d018dcc5b
train,label,/home/drnguyenvinh/notebooks/shrimp_yolo_canonical_bg_wssv_2cls_split70_15_15/labels/train/WSSV-95-img-3.txt,114,b0724f519024d5fccf0cbf6d427689862a8f025c0cca45c45de22ed5ee996b5d
train,image,/home/drnguyenvinh/notebooks/shrimp_yolo_canonical_bg_wssv_2cls_split70_15_15/images/train/WSSV-96-img-1.jpg,207025,7d5ebe40ca16a18c6c9a69b74255e4b556ba7e62a1fd142a121c4f378a213411
train,label,/home/drnguyenvinh/notebooks/shrimp_yolo_canonical_bg_wssv_2cls_split70_15_15/labels/train/WSSV-96-img-1.txt,456,1cedc2efabfda63d63d93803324b8f4841ded51ea013759118ea838bcfc7b23e
train,image,/home/drnguyenvinh/notebooks/shrimp_yolo_canonical_bg_wssv_2cls_split70_15_15/images/train/WSSV-97-img-1.jpg,202341,9ee0f009e313317aaf244720d95e8fa49c7f3c40e3f9a78d3abb516cdec652f6
train,label,/home/drnguyenvinh/notebooks/shrimp_yolo_canonical_bg_wssv_2cls_split70_15_15/labels/train/WSSV-97-img-1.txt,152,b7f1c7bc05cffc1ca013e5d66966592bcceba1f55c0a16bccec7e9679b0c2f34
train,image,/home/drnguyenvinh/notebooks/shrimp_yolo_canonical_bg_wssv_2cls_split70_15_15/images/train/WSSV-97-img-3.jpg,178765,c973308006c4f20ac1701b12d61146d4942c747862268c4cfda0d56358437d4f
train,label,/home/drnguyenvinh/notebooks/shrimp_yolo_canonical_bg_wssv_2cls_split70_15_15/labels/train/WSSV-97-img-3.txt,266,116df58108ff02a1a5894e37acabfa2b82133a053ad008988619f0c7d1e9b446
train,image,/home/drnguyenvinh/notebooks/shrimp_yolo_canonical_bg_wssv_2cls_split70_15_15/images/train/WSSV-98-img-1.jpg,209459,a456148b613f19bf5402e277bbc2fdaffdde1dcb7c93a19fa275ba10000f8f34
train,label,/home/drnguyenvinh/notebooks/shrimp_yolo_canonical_bg_wssv_2cls_split70_15_15/labels/train/WSSV-98-img-1.txt,190,8de5aec1b90d4ac4fff99b6e44160e8364b783cd64c6ddbd4d0f6f771514be21
train,image,/home/drnguyenvinh/notebooks/shrimp_yolo_canonical_bg_wssv_2cls_split70_15_15/images/train/WSSV-98-img-2.jpg,230357,3ab5e7fc65900e390d0d4a8554bb11555b9aa84feada8c54dadf777e1d312b49
train,label,/home/drnguyenvinh/notebooks/shrimp_yolo_canonical_bg_wssv_2cls_split70_15_15/labels/train/WSSV-98-img-2.txt,418,9ed6e84b98feaebbfd5f6028d11df128cab9d654cdfca2be0ad0c2404afd7bd1
train,image,/home/drnguyenvinh/notebooks/shrimp_yolo_canonical_bg_wssv_2cls_split70_15_15/images/train/WSSV-98-img-3.jpg,223987,b97cd30a48e2b1762ee15e70fb001b7739bf169eb7c6b4e56325749853a3d617
train,label,/home/drnguyenvinh/notebooks/shrimp_yolo_canonical_bg_wssv_2cls_split70_15_15/labels/train/WSSV-98-img-3.txt,380,101fa2acd0b371426ce0104c57296f3dace6e90ae0c796248454007cfee6c80b
train,image,/home/drnguyenvinh/notebooks/shrimp_yolo_canonical_bg_wssv_2cls_split70_15_15/images/train/WSSV-99-img-1.jpg,207665,fd4864fd5d2bc9424648bca4247e8a4dee433fe5240090b8177fb4aaa8dc3733
train,label,/home/drnguyenvinh/notebooks/shrimp_yolo_canonical_bg_wssv_2cls_split70_15_15/labels/train/WSSV-99-img-1.txt,494,793ca6da95c7275b61addd6770229211297ec9bbf13df33d3d8efb23420b5410
train,image,/home/drnguyenvinh/notebooks/shrimp_yolo_canonical_bg_wssv_2cls_split70_15_15/images/train/WSSV-99-img-2.jpg,198978,80c284f34a9fecbde782b5843bfc90bac0f23fa5cc97d54b810f7ddc6d6f17b4
train,label,/home/drnguyenvinh/notebooks/shrimp_yolo_canonical_bg_wssv_2cls_split70_15_15/labels/train/WSSV-99-img-2.txt,418,3ed7de5685b5baa6500ff28c88a03609ad0e5de97410435367eb0221514b666e
train,image,/home/drnguyenvinh/notebooks/shrimp_yolo_canonical_bg_wssv_2cls_split70_15_15/images/train/WSSV-99-img-3.jpg,212817,d7a81aa763252c9982787ec5f849d3636dd739695b3e40ef12ab6f87a0dfeed2
train,label,/home/drnguyenvinh/notebooks/shrimp_yolo_canonical_bg_wssv_2cls_split70_15_15/labels/train/WSSV-99-img-3.txt,304,2b950bd9fe8249e700ae11084d28bb1ee490baafede41ef1ceba5a1d26c4534f
train,image,/home/drnguyenvinh/notebooks/shrimp_yolo_canonical_bg_wssv_2cls_split70_15_15/images/train/WSSV_BG-1-img-2.jpg,976692,a7abbb7a18ffb0569cee0d5ff743e62f810e113fca0ac038ef927c69b6477c84
train,label,/home/drnguyenvinh/notebooks/shrimp_yolo_canonical_bg_wssv_2cls_split70_15_15/labels/train/WSSV_BG-1-img-2.txt,190,17d81172bca57f75a56a5578c1d4b0dcc16b11ed049658b0e9c1b957dbc93474
train,image,/home/drnguyenvinh/notebooks/shrimp_yolo_canonical_bg_wssv_2cls_split70_15_15/images/train/WSSV_BG-1-img-3.jpg,950371,7cc332471cd236ae620987f153695391ad40b4a83a642c7eda1b19cbe8a99b6d
train,label,/home/drnguyenvinh/notebooks/shrimp_yolo_canonical_bg_wssv_2cls_split70_15_15/labels/train/WSSV_BG-1-img-3.txt,228,0387ffd234010532577325b13caad5e1ae9cda3637c71c9f028783a9d3b627b2
train,image,/home/drnguyenvinh/notebooks/shrimp_yolo_canonical_bg_wssv_2cls_split70_15_15/images/train/WSSV_BG-10-img-1.jpg,843885,fdbb40eddccfa1b480f8c7786489ea364a7451857eca4d4b8c4731f88e71c800
train,label,/home/drnguyenvinh/notebooks/shrimp_yolo_canonical_bg_wssv_2cls_split70_15_15/labels/train/WSSV_BG-10-img-1.txt,456,e08c59cb21cf7705993e42d5d2497809f67e1775f21a34a6178af58010c9172c
train,image,/home/drnguyenvinh/notebooks/shrimp_yolo_canonical_bg_wssv_2cls_split70_15_15/images/train/WSSV_BG-10-img-2.jpg,893015,afa676a66aa05b3a8926f21b3e794f5bf1c9cc9edf83a6c740b050df718719d1
train,label,/home/drnguyenvinh/notebooks/shrimp_yolo_canonical_bg_wssv_2cls_split70_15_15/labels/train/WSSV_BG-10-img-2.txt,266,6555f196538d324591233bfdb9e9b36451cdd7a649ef45110195bb2ebd219ad5
train,image,/home/drnguyenvinh/notebooks/shrimp_yolo_canonical_bg_wssv_2cls_split70_15_15/images/train/WSSV_BG-10-img-3.jpg,776348,fb403c628c399e764341eaf3cafeb309bd58ce7e39db9a543780bd30c102f392
train,label,/home/drnguyenvinh/notebooks/shrimp_yolo_canonical_bg_wssv_2cls_split70_15_15/labels/train/WSSV_BG-10-img-3.txt,342,8dd3ac80223fd06affdcf28a7686f56f77374cb0eeb0f3fd412be811974cb666
train,image,/home/drnguyenvinh/notebooks/shrimp_yolo_canonical_bg_wssv_2cls_split70_15_15/images/train/WSSV_BG-11-img-2.jpg,939069,7826ef0b528fef7f88eec82adc0fd5194f273eaebdb5f554ea11515cc7d04fd8
train,label,/home/drnguyenvinh/notebooks/shrimp_yolo_canonical_bg_wssv_2cls_split70_15_15/labels/train/WSSV_BG-11-img-2.txt,266,5c2b0be1114afc113e212f328aae00d2b20e4ab34657155fb0033cf0da0b54df
train,image,/home/drnguyenvinh/notebooks/shrimp_yolo_canonical_bg_wssv_2cls_split70_15_15/images/train/WSSV_BG-11-img-3.jpg,956496,d0788344cb8f7070658b0dc0d11275353d981ff93b4522aa8216a68987b4e66b
train,label,/home/drnguyenvinh/notebooks/shrimp_yolo_canonical_bg_wssv_2cls_split70_15_15/labels/train/WSSV_BG-11-img-3.txt,304,17da1f9ef62d6ae25838fdbb8c91e764c7436ee8864667da8ea494db910aad43
train,image,/home/drnguyenvinh/notebooks/shrimp_yolo_canonical_bg_wssv_2cls_split70_15_15/images/train/WSSV_BG-12-img-1.jpg,929413,1c8ecf9a4e391b0278df522b89233e221162e962b2ffdebeb6e5e9ea50bedc63
train,label,/home/drnguyenvinh/notebooks/shrimp_yolo_canonical_bg_wssv_2cls_split70_15_15/labels/train/WSSV_BG-12-img-1.txt,190,17991690a408e966a87e44987503004821fe281890709f0983c1a3b81ebb0ea9
train,image,/home/drnguyenvinh/notebooks/shrimp_yolo_canonical_bg_wssv_2cls_split70_15_15/images/train/WSSV_BG-12-img-2.jpg,817122,fd967315778d2b6b0478dee2fac4035681065c46b2debdb2cb4a34dc25a637fa
train,label,/home/drnguyenvinh/notebooks/shrimp_yolo_canonical_bg_wssv_2cls_split70_15_15/labels/train/WSSV_BG-12-img-2.txt,228,7563dfb760a152dd071a3a3fa829c389abd3bded95dcd9016796e034ac65056a
train,image,/home/drnguyenvinh/notebooks/shrimp_yolo_canonical_bg_wssv_2cls_split70_15_15/images/train/WSSV_BG-13-img-1.jpg,805065,6c29a3a8f96e89f55de4090ef518d8c0a7fc635f51e5cc1fa9592dd9c0fb7f81
train,label,/home/drnguyenvinh/notebooks/shrimp_yolo_canonical_bg_wssv_2cls_split70_15_15/labels/train/WSSV_BG-13-img-1.txt,608,0f4da014838256a52d1a26593ea4d45d75a33dcce760f03480944bb66aecff11
train,image,/home/drnguyenvinh/notebooks/shrimp_yolo_canonical_bg_wssv_2cls_split70_15_15/images/train/WSSV_BG-13-img-2.jpg,956041,6e3d45d9a1ebb5d1bf91aaea30ccd6af9c799b02263001460788e00d1ff3adc1
train,label,/home/drnguyenvinh/notebooks/shrimp_yolo_canonical_bg_wssv_2cls_split70_15_15/labels/train/WSSV_BG-13-img-2.txt,304,c34f72e66c12a4ac79eba1d3f8cfcc294d4974dc7dbeeb352ba4386ea75fcd29
train,image,/home/drnguyenvinh/notebooks/shrimp_yolo_canonical_bg_wssv_2cls_split70_15_15/images/train/WSSV_BG-13-img-3.jpg,851347,b4538beaadac896f6f6e324e34916616d57cd839107180368e5ee614805ab5d6
train,label,/home/drnguyenvinh/notebooks/shrimp_yolo_canonical_bg_wssv_2cls_split70_15_15/labels/train/WSSV_BG-13-img-3.txt,418,e834e9dbffc3b725aa938a8462a4402a9479ddc39611224938b8a3fe97bfc478
train,image,/home/drnguyenvinh/notebooks/shrimp_yolo_canonical_bg_wssv_2cls_split70_15_15/images/train/WSSV_BG-14-img-1.jpg,502339,5e033f387e251c366d29973bb3f017b19c6367ef2b18206e197afd5d852ae4ec
train,label,/home/drnguyenvinh/notebooks/shrimp_yolo_canonical_bg_wssv_2cls_split70_15_15/labels/train/WSSV_BG-14-img-1.txt,190,a579c3a590d9ee531e9515e44b1108fc78b784b917e648a3be3bf7cc5cd9a20f
train,image,/home/drnguyenvinh/notebooks/shrimp_yolo_canonical_bg_wssv_2cls_split70_15_15/images/train/WSSV_BG-14-img-2.jpg,558257,e16f185902baf4f777d54c8d70b38bebe3d6a035feebc8fc2c20905a95adc7bc
train,label,/home/drnguyenvinh/notebooks/shrimp_yolo_canonical_bg_wssv_2cls_split70_15_15/labels/train/WSSV_BG-14-img-2.txt,228,7ffee0c6fe71a46f0f7a478843bac885518a1268b12cf6e7815e1a5bc322a80d
train,image,/home/drnguyenvinh/notebooks/shrimp_yolo_canonical_bg_wssv_2cls_split70_15_15/images/train/WSSV_BG-14-img-3.jpg,309249,c90f0cd5867eb6da5dcc873c09a1765325a434c95fdf58114c316bb686cbabc4
train,label,/home/drnguyenvinh/notebooks/shrimp_yolo_canonical_bg_wssv_2cls_split70_15_15/labels/train/WSSV_BG-14-img-3.txt,304,bdce2e9fefaa954f30493e19e429738a8c54be2599ad56cbaa39818e48e0de24
train,image,/home/drnguyenvinh/notebooks/shrimp_yolo_canonical_bg_wssv_2cls_split70_15_15/images/train/WSSV_BG-15-img-2.jpg,690452,72e787f097e61698da617e1f5ed030e083a480125f78a3eb0d51c450aa4cf60d
train,label,/home/drnguyenvinh/notebooks/shrimp_yolo_canonical_bg_wssv_2cls_split70_15_15/labels/train/WSSV_BG-15-img-2.txt,114,26c7ae4face4aa5dbf1ff3d39b3e6e0949f6df9ed64e455c3609a1e9d560ce7c
train,image,/home/drnguyenvinh/notebooks/shrimp_yolo_canonical_bg_wssv_2cls_split70_15_15/images/train/WSSV_BG-16-img-1.jpg,389948,9a1fba83493ae7bb8e71570790c143176d8df5dd5a97a0c4c6bc0fe1f10bbc4c
train,label,/home/drnguyenvinh/notebooks/shrimp_yolo_canonical_bg_wssv_2cls_split70_15_15/labels/train/WSSV_BG-16-img-1.txt,342,21beb0ba0174cb80865f60b9ee0a9a117bc3b7134ef12461841092a08449aea1
train,image,/home/drnguyenvinh/notebooks/shrimp_yolo_canonical_bg_wssv_2cls_split70_15_15/images/train/WSSV_BG-16-img-3.jpg,408280,7fd9a27a41d18c95ab8b98e91d575d36f95030dc64bc6d717007f23278391db6
train,label,/home/drnguyenvinh/notebooks/shrimp_yolo_canonical_bg_wssv_2cls_split70_15_15/labels/train/WSSV_BG-16-img-3.txt,304,6363e3c978f57cdc2c3048d3fc1526c50531458203ee6bd041c3750a0262edac
train,image,/home/drnguyenvinh/notebooks/shrimp_yolo_canonical_bg_wssv_2cls_split70_15_15/images/train/WSSV_BG-17-img-2.jpg,572240,aa16d9019b1be01bd1adaa865b280ee7e38e74d19b4de70f4f9f05b20b80546e
train,label,/home/drnguyenvinh/notebooks/shrimp_yolo_canonical_bg_wssv_2cls_split70_15_15/labels/train/WSSV_BG-17-img-2.txt,456,dad0d96df38d5d9d2b46c0aa9bcacf02680cf43da2e5e2ee0474a4764f6c90d1
train,image,/home/drnguyenvinh/notebooks/shrimp_yolo_canonical_bg_wssv_2cls_split70_15_15/images/train/WSSV_BG-17-img-3.jpg,672163,70a606e980b37c86806c1a95b37f45ca5d509f45c89a7faa004cd61f94056ab6
train,label,/home/drnguyenvinh/notebooks/shrimp_yolo_canonical_bg_wssv_2cls_split70_15_15/labels/train/WSSV_BG-17-img-3.txt,228,9356284929be635d43c6bca48bdbf42b0b586cc0a3d603ec1fdb6cf1a99c0149
train,image,/home/drnguyenvinh/notebooks/shrimp_yolo_canonical_bg_wssv_2cls_split70_15_15/images/train/WSSV_BG-18-img-1.jpg,754991,b5e5543107f1949528da2a352147a67879d87d08c35c395e3e25b44b254d4fe9
train,label,/home/drnguyenvinh/notebooks/shrimp_yolo_canonical_bg_wssv_2cls_split70_15_15/labels/train/WSSV_BG-18-img-1.txt,266,c8dd1c9e5ddd2e19ceb02302ba11f277507ce7d5dcc3c2feab1f081e05c8ecfb
train,image,/home/drnguyenvinh/notebooks/shrimp_yolo_canonical_bg_wssv_2cls_split70_15_15/images/train/WSSV_BG-18-img-2.jpg,870114,c418fc27cef72cc5aaf86931c1fb6bee5fca8363930fd367f34e722d1ce98d58
train,label,/home/drnguyenvinh/notebooks/shrimp_yolo_canonical_bg_wssv_2cls_split70_15_15/labels/train/WSSV_BG-18-img-2.txt,266,90aff878ecf06ad5df8e20ea68e7ff79e77a27fe80ed4fb20d12384113833b5c
train,image,/home/drnguyenvinh/notebooks/shrimp_yolo_canonical_bg_wssv_2cls_split70_15_15/images/train/WSSV_BG-18-img-3.jpg,947265,44910a6ce9d4dbd4fa65aa05b9dda145cb2271b2ce0eff590e6c2e4301dca1a7
train,label,/home/drnguyenvinh/notebooks/shrimp_yolo_canonical_bg_wssv_2cls_split70_15_15/labels/train/WSSV_BG-18-img-3.txt,228,707801b3eff649b74339cb364779e83f360a853c2e320d71949e5d22d2b9638e
train,image,/home/drnguyenvinh/notebooks/shrimp_yolo_canonical_bg_wssv_2cls_split70_15_15/images/train/WSSV_BG-19-img-1.jpg,879253,6b31c68c2220d20f881d97bb68c76d27694fa79294f91d99ebe72efecc46885f
train,label,/home/drnguyenvinh/notebooks/shrimp_yolo_canonical_bg_wssv_2cls_split70_15_15/labels/train/WSSV_BG-19-img-1.txt,304,2ae739333320dcc726efbdc00ac21b5fd09dfed2d91f730fa13c813cf75a9bb6
train,image,/home/drnguyenvinh/notebooks/shrimp_yolo_canonical_bg_wssv_2cls_split70_15_15/images/train/WSSV_BG-19-img-2.jpg,876095,5c5f8c9a9a2f95b84f7f4399f84f61a72e4d8641f2834b4166e110da48210626
train,label,/home/drnguyenvinh/notebooks/shrimp_yolo_canonical_bg_wssv_2cls_split70_15_15/labels/train/WSSV_BG-19-img-2.txt,228,fa764c1fbf83f1e1126a90bf25c0e3394d41f121c856bd2c2232c853529a147d
train,image,/home/drnguyenvinh/notebooks/shrimp_yolo_canonical_bg_wssv_2cls_split70_15_15/images/train/WSSV_BG-19-img-3.jpg,1042201,5506c1ac34ebb5c45aace6eddca0496e0a541e23065cbbf41bb7eeb575ce7a29
train,label,/home/drnguyenvinh/notebooks/shrimp_yolo_canonical_bg_wssv_2cls_split70_15_15/labels/train/WSSV_BG-19-img-3.txt,152,15751e50ee7025f987bd406fee0dda866a200b57159ca220c7e74b32b1aa81c4
train,image,/home/drnguyenvinh/notebooks/shrimp_yolo_canonical_bg_wssv_2cls_split70_15_15/images/train/WSSV_BG-2-img-2.jpg,935861,a31b9760e09dddf2e5763c13fc665b1e97263f1e5beff18c253adc8872171d63
train,label,/home/drnguyenvinh/notebooks/shrimp_yolo_canonical_bg_wssv_2cls_split70_15_15/labels/train/WSSV_BG-2-img-2.txt,304,15ca12c54840927d4fb9e9af989c6342a5d036e68f127e9c78083e793da2bf76
train,image,/home/drnguyenvinh/notebooks/shrimp_yolo_canonical_bg_wssv_2cls_split70_15_15/images/train/WSSV_BG-2-img-3.jpg,922637,fb6b69e10d3ea1030dd362343e64e09d034607f082e3f772eef67dd7d1de1c03
train,label,/home/drnguyenvinh/notebooks/shrimp_yolo_canonical_bg_wssv_2cls_split70_15_15/labels/train/WSSV_BG-2-img-3.txt,228,0b131ddd90fef402baf79b048cc00d73190d005675cb492947f249816c6639c1
train,image,/home/drnguyenvinh/notebooks/shrimp_yolo_canonical_bg_wssv_2cls_split70_15_15/images/train/WSSV_BG-20-img-1.jpg,171809,d943d0ead313673b9cf3ce415acd8fc6bd18831b4757797287b322fa1005ecdc
train,label,/home/drnguyenvinh/notebooks/shrimp_yolo_canonical_bg_wssv_2cls_split70_15_15/labels/train/WSSV_BG-20-img-1.txt,152,59b45f8211c83863b11bad280260992c33d02e85bf7dc5ff6cbe4cc3940ea7f4
train,image,/home/drnguyenvinh/notebooks/shrimp_yolo_canonical_bg_wssv_2cls_split70_15_15/images/train/WSSV_BG-20-img-2.jpg,184150,95122238351acabbde93eb96129034a79f9854ae168434257639b2c5e9def1a8
train,label,/home/drnguyenvinh/notebooks/shrimp_yolo_canonical_bg_wssv_2cls_split70_15_15/labels/train/WSSV_BG-20-img-2.txt,266,82ebca3366667cdb1a7bfaa2efb1c42f228004d47fc935893251b33ca058da0e
train,image,/home/drnguyenvinh/notebooks/shrimp_yolo_canonical_bg_wssv_2cls_split70_15_15/images/train/WSSV_BG-21-img-1.jpg,188115,1ca48526291a59b5bcc096c9419b93bb84127f3fd52a393b5c7d0dc558d915a6
train,label,/home/drnguyenvinh/notebooks/shrimp_yolo_canonical_bg_wssv_2cls_split70_15_15/labels/train/WSSV_BG-21-img-1.txt,380,40ddf8b96653e595255196848ce0ebac17aa697e667916c6403dd951685f4429
train,image,/home/drnguyenvinh/notebooks/shrimp_yolo_canonical_bg_wssv_2cls_split70_15_15/images/train/WSSV_BG-21-img-2.jpg,183391,a32f8db033a05f9216a1973924d4162663ddce0fd41a02f27111c0e541b0de13
train,label,/home/drnguyenvinh/notebooks/shrimp_yolo_canonical_bg_wssv_2cls_split70_15_15/labels/train/WSSV_BG-21-img-2.txt,342,a32a92f9f3fb9c08a68221ef420721c894e41b41cfd41b60a200c613b2b33967
train,image,/home/drnguyenvinh/notebooks/shrimp_yolo_canonical_bg_wssv_2cls_split70_15_15/images/train/WSSV_BG-22-img-1.jpg,177996,842510f01d844f8b0546ae328521ce1712c52bac96baf0c8f30b1b712fffe40d
train,label,/home/drnguyenvinh/notebooks/shrimp_yolo_canonical_bg_wssv_2cls_split70_15_15/labels/train/WSSV_BG-22-img-1.txt,494,bc8558b1545e65ef794b103c70121576539d2bfffe46d1d05159528b62652f67
train,image,/home/drnguyenvinh/notebooks/shrimp_yolo_canonical_bg_wssv_2cls_split70_15_15/images/train/WSSV_BG-22-img-2.jpg,164633,da99a59fd4e28ef55b83e00187dc47557125fb4e138ec745769a1fde6de1edea
train,label,/home/drnguyenvinh/notebooks/shrimp_yolo_canonical_bg_wssv_2cls_split70_15_15/labels/train/WSSV_BG-22-img-2.txt,304,996aa25317e947043b49f6e9ca541db709b690f55b0630bb2c59e76eb99d0367
train,image,/home/drnguyenvinh/notebooks/shrimp_yolo_canonical_bg_wssv_2cls_split70_15_15/images/train/WSSV_BG-22-img-3.jpg,175216,c37dfc93573614ecbadcdae12522345582cee3b2c2883b93c8c417f436fc7ae6
train,label,/home/drnguyenvinh/notebooks/shrimp_yolo_canonical_bg_wssv_2cls_split70_15_15/labels/train/WSSV_BG-22-img-3.txt,380,f12b6dd6037ee80a2daf483fdcbcfa90d51cf6a183196f33a829836faf42a550
train,image,/home/drnguyenvinh/notebooks/shrimp_yolo_canonical_bg_wssv_2cls_split70_15_15/images/train/WSSV_BG-24-img-2.jpg,150479,d3c118628c3b23aa1686132ac3f81af028d516a472632179817e9de3c6cf8b2e
train,label,/home/drnguyenvinh/notebooks/shrimp_yolo_canonical_bg_wssv_2cls_split70_15_15/labels/train/WSSV_BG-24-img-2.txt,342,1e59880a890ae984729b712e64be80baed5429fbd0c2593bd4c5a4b94995a2c0
train,image,/home/drnguyenvinh/notebooks/shrimp_yolo_canonical_bg_wssv_2cls_split70_15_15/images/train/WSSV_BG-24-img-3.jpg,150288,541561190f6fe2960f24873eea69a91fc8e1eb2bdf1a6322db5a2eacab125ed6
train,label,/home/drnguyenvinh/notebooks/shrimp_yolo_canonical_bg_wssv_2cls_split70_15_15/labels/train/WSSV_BG-24-img-3.txt,456,cbccf0e6147d2ea3a984dd958ca4a95cc5aaea6147ba5c027dd6f9ab40fe932d
train,image,/home/drnguyenvinh/notebooks/shrimp_yolo_canonical_bg_wssv_2cls_split70_15_15/images/train/WSSV_BG-25-img-1.jpg,167107,fdceda338b3e00b98971c93f6ea0427cca002659536538cc2532afa587018386
train,label,/home/drnguyenvinh/notebooks/shrimp_yolo_canonical_bg_wssv_2cls_split70_15_15/labels/train/WSSV_BG-25-img-1.txt,152,033ca8ba4e3137bf9573000a567293e5b2ffcf52e3f302501bedb0900326dece
train,image,/home/drnguyenvinh/notebooks/shrimp_yolo_canonical_bg_wssv_2cls_split70_15_15/images/train/WSSV_BG-25-img-2.jpg,183594,4e2cff8c5fdaf028e86bc1e07965d29a9ab27c33ac3bf3d43c4a12456636a343
train,label,/home/drnguyenvinh/notebooks/shrimp_yolo_canonical_bg_wssv_2cls_split70_15_15/labels/train/WSSV_BG-25-img-2.txt,152,b594ab192d8ef05506fa9d6813c4046c5a0ce5b7f869be0c284adc293666b874
train,image,/home/drnguyenvinh/notebooks/shrimp_yolo_canonical_bg_wssv_2cls_split70_15_15/images/train/WSSV_BG-26-img-2.jpg,164392,df9feb6d104ab04c29235491a1c2bef21ead373d98ca2c38d002b5eba492e2d0
train,label,/home/drnguyenvinh/notebooks/shrimp_yolo_canonical_bg_wssv_2cls_split70_15_15/labels/train/WSSV_BG-26-img-2.txt,532,b9a94e1a3720aa3a431fd4b62e1f0f8c84f6e5cf5351432bfd1818451a6ac756
train,image,/home/drnguyenvinh/notebooks/shrimp_yolo_canonical_bg_wssv_2cls_split70_15_15/images/train/WSSV_BG-26-img-3.jpg,142637,c6883dc2bf86902f4166085f63d06573bdb0633a9c412b8492905cfad0f4e996
train,label,/home/drnguyenvinh/notebooks/shrimp_yolo_canonical_bg_wssv_2cls_split70_15_15/labels/train/WSSV_BG-26-img-3.txt,380,0e7be037b5765236f7864cd77feae451afbd516ef8d6f6c74dbfa43fbe41a0cf
train,image,/home/drnguyenvinh/notebooks/shrimp_yolo_canonical_bg_wssv_2cls_split70_15_15/images/train/WSSV_BG-28-img-1.jpg,135478,2c8cda8c65d74be4beb69e68d402b03565df21cd059d37a2db6060b203b76f7a
train,label,/home/drnguyenvinh/notebooks/shrimp_yolo_canonical_bg_wssv_2cls_split70_15_15/labels/train/WSSV_BG-28-img-1.txt,456,69bd5364e41264e158b7c5b1cb8dd72100580720fd94741e2046da7951ea1e48
train,image,/home/drnguyenvinh/notebooks/shrimp_yolo_canonical_bg_wssv_2cls_split70_15_15/images/train/WSSV_BG-28-img-2.jpg,151813,d3135b8d26c33d3366998cd5496bfba978007e933388c2324adf9a7681b621b9
train,label,/home/drnguyenvinh/notebooks/shrimp_yolo_canonical_bg_wssv_2cls_split70_15_15/labels/train/WSSV_BG-28-img-2.txt,418,eb87e549bb2147fee938882cc2e36522daf6a6f5d4c5f43e1f98c5b66e527310
train,image,/home/drnguyenvinh/notebooks/shrimp_yolo_canonical_bg_wssv_2cls_split70_15_15/images/train/WSSV_BG-29-img-1.jpg,159637,807aa5c3fd7e8a7641faf8a0fe75ad4c2601b8f361253e04e17aea302e80dd92
train,label,/home/drnguyenvinh/notebooks/shrimp_yolo_canonical_bg_wssv_2cls_split70_15_15/labels/train/WSSV_BG-29-img-1.txt,570,c8bec751b09d0734425a6a36165590c9802abb2005b0c7b5e22c7bc2bf015980
train,image,/home/drnguyenvinh/notebooks/shrimp_yolo_canonical_bg_wssv_2cls_split70_15_15/images/train/WSSV_BG-29-img-2.jpg,150931,8461b2b55c0188beebed109bcb96a1942a778ee67e321ed72af69aa525bb629f
train,label,/home/drnguyenvinh/notebooks/shrimp_yolo_canonical_bg_wssv_2cls_split70_15_15/labels/train/WSSV_BG-29-img-2.txt,456,080b78b6eb6176b9bf679b4134bdea370e56fee03f4f2806451de067d782443a
train,image,/home/drnguyenvinh/notebooks/shrimp_yolo_canonical_bg_wssv_2cls_split70_15_15/images/train/WSSV_BG-3-img-1.jpg,1008946,21ded7f52f172556bedb38a03040a9b77750a7b5957f57d6cfd45d666ed609e3
train,label,/home/drnguyenvinh/notebooks/shrimp_yolo_canonical_bg_wssv_2cls_split70_15_15/labels/train/WSSV_BG-3-img-1.txt,76,11cfd7f4b1d0548cdf8735654203b3eb4c27928409f52983d8f1d0344d19d461
train,image,/home/drnguyenvinh/notebooks/shrimp_yolo_canonical_bg_wssv_2cls_split70_15_15/images/train/WSSV_BG-3-img-3.jpg,863063,0f3838e22590cf66df243cab6dc90a19ebdcdd8cfc4ad6828ea6bbd2a952790f
train,label,/home/drnguyenvinh/notebooks/shrimp_yolo_canonical_bg_wssv_2cls_split70_15_15/labels/train/WSSV_BG-3-img-3.txt,114,d180252a8b30ba22467cde72e547af8ed357aa2d8d62d2ed86201049aafb0d99
train,image,/home/drnguyenvinh/notebooks/shrimp_yolo_canonical_bg_wssv_2cls_split70_15_15/images/train/WSSV_BG-30-img-1.jpg,184243,a3564d76662da14ec2b285a5ac7f474634ae9b435ac42a7e9156f8c53c51465e
train,label,/home/drnguyenvinh/notebooks/shrimp_yolo_canonical_bg_wssv_2cls_split70_15_15/labels/train/WSSV_BG-30-img-1.txt,76,00e0c0270fd60c8d927661414af1d6fdfb8cfa66b83988881bf2159400e1c630
train,image,/home/drnguyenvinh/notebooks/shrimp_yolo_canonical_bg_wssv_2cls_split70_15_15/images/train/WSSV_BG-30-img-2.jpg,216500,851fd6ae3f2d8003bdc97f28a8dc39c147b6c3f0811f114f88cb88c0de3c8f31
train,label,/home/drnguyenvinh/notebooks/shrimp_yolo_canonical_bg_wssv_2cls_split70_15_15/labels/train/WSSV_BG-30-img-2.txt,342,8b1e41b2ff6d67eab4c0eaf43cc891a14b478f4ac5dc07eb3ff0ed889899bfd4
train,image,/home/drnguyenvinh/notebooks/shrimp_yolo_canonical_bg_wssv_2cls_split70_15_15/images/train/WSSV_BG-31-img-1.jpg,214731,1a0fafe2617f772f6362084d48e0a48d859e3aa1c7216e7da44074a044b1befa
train,label,/home/drnguyenvinh/notebooks/shrimp_yolo_canonical_bg_wssv_2cls_split70_15_15/labels/train/WSSV_BG-31-img-1.txt,304,650049c7dee1256dd3470ba1c49cf04d55581c6a134866f42d943e27d358943c
train,image,/home/drnguyenvinh/notebooks/shrimp_yolo_canonical_bg_wssv_2cls_split70_15_15/images/train/WSSV_BG-31-img-2.jpg,194444,4cef176738f62245d2b18c70326863155432b0fca1a08f6138e9163fedb4ff42
train,label,/home/drnguyenvinh/notebooks/shrimp_yolo_canonical_bg_wssv_2cls_split70_15_15/labels/train/WSSV_BG-31-img-2.txt,190,3426e5fc232b580dcbebaba5585bf14d1e0bad5f774a3ede9a15cfd8c6e578f8
train,image,/home/drnguyenvinh/notebooks/shrimp_yolo_canonical_bg_wssv_2cls_split70_15_15/images/train/WSSV_BG-31-img-3.jpg,217451,a45c4708dba5eb865815079acd1aaff01bd20b3ff7a58ee38067f4203e2cb3c2
train,label,/home/drnguyenvinh/notebooks/shrimp_yolo_canonical_bg_wssv_2cls_split70_15_15/labels/train/WSSV_BG-31-img-3.txt,190,968ffdb0018650f27c89252998b771724c5f55840b74839fee77f2d4a3cf7fda
train,image,/home/drnguyenvinh/notebooks/shrimp_yolo_canonical_bg_wssv_2cls_split70_15_15/images/train/WSSV_BG-32-img-1.jpg,220783,88cebf58f0d5c92b8d6e30cff6754825e227a75e3557fefdd3be027ab7a65cba
train,label,/home/drnguyenvinh/notebooks/shrimp_yolo_canonical_bg_wssv_2cls_split70_15_15/labels/train/WSSV_BG-32-img-1.txt,532,0306c56f0585c0a929799e2db83952615b2ba02b8a395bc6e43659c43044d9f5
train,image,/home/drnguyenvinh/notebooks/shrimp_yolo_canonical_bg_wssv_2cls_split70_15_15/images/train/WSSV_BG-32-img-2.jpg,233763,df154a0fed541facca1f4b0b7d149b81fab505ff28103bdf783309d67a3ba4be
train,label,/home/drnguyenvinh/notebooks/shrimp_yolo_canonical_bg_wssv_2cls_split70_15_15/labels/train/WSSV_BG-32-img-2.txt,456,15075f87cb47007a69756df4a72ffacded9a9887a169f26688b2d0add5bd0792
train,image,/home/drnguyenvinh/notebooks/shrimp_yolo_canonical_bg_wssv_2cls_split70_15_15/images/train/WSSV_BG-32-img-3.jpg,205704,26fa833a8b026e26db52f6659d5a0893aa2729cbc3b1fd155af10e2bc7b9af64
train,label,/home/drnguyenvinh/notebooks/shrimp_yolo_canonical_bg_wssv_2cls_split70_15_15/labels/train/WSSV_BG-32-img-3.txt,304,343dc57b01212d9d19e1259a7e93cba62160510b2860354eceb2aa0b282a1b60
train,image,/home/drnguyenvinh/notebooks/shrimp_yolo_canonical_bg_wssv_2cls_split70_15_15/images/train/WSSV_BG-33-img-3.jpg,231323,f45e9167261738488c21533a45e08efc03ac9da58e73cc4734d014dffc1ff6fb
train,label,/home/drnguyenvinh/notebooks/shrimp_yolo_canonical_bg_wssv_2cls_split70_15_15/labels/train/WSSV_BG-33-img-3.txt,532,2a096f275e1a467f582c011bdd9f438a9412b20e1613a83f7241483649d75030
train,image,/home/drnguyenvinh/notebooks/shrimp_yolo_canonical_bg_wssv_2cls_split70_15_15/images/train/WSSV_BG-35-img-1.jpg,219641,28eed69b70b8c157cc0d0a6c221431df36d01fea55ed9688706b9bf4938d98ea
train,label,/home/drnguyenvinh/notebooks/shrimp_yolo_canonical_bg_wssv_2cls_split70_15_15/labels/train/WSSV_BG-35-img-1.txt,114,ac1eb1f17b87e53abbd03cc2117429bb9e05e66e7574357214b5e469b52108c8
train,image,/home/drnguyenvinh/notebooks/shrimp_yolo_canonical_bg_wssv_2cls_split70_15_15/images/train/WSSV_BG-36-img-1.jpg,214598,15e4d33dfd098a231391b911fea4125fc4119551d091a23303e3d1c4a4cd5c47
train,label,/home/drnguyenvinh/notebooks/shrimp_yolo_canonical_bg_wssv_2cls_split70_15_15/labels/train/WSSV_BG-36-img-1.txt,228,e39f5055176bd7778029f6d4379ec5d88e7092eda7d00c1d990f785e0670eae6
train,image,/home/drnguyenvinh/notebooks/shrimp_yolo_canonical_bg_wssv_2cls_split70_15_15/images/train/WSSV_BG-36-img-2.jpg,194322,1ac2a7bfbd606b960b9ae9adc42b459dec7bba6ddc03d7e840e19b3c1e45ee17
train,label,/home/drnguyenvinh/notebooks/shrimp_yolo_canonical_bg_wssv_2cls_split70_15_15/labels/train/WSSV_BG-36-img-2.txt,266,4fcb9cffcc0885cb807d4151aaa4c374bb9ed606807ac8b8960ea0fbf74da6a4
train,image,/home/drnguyenvinh/notebooks/shrimp_yolo_canonical_bg_wssv_2cls_split70_15_15/images/train/WSSV_BG-37-img-2.jpg,235889,7d10afa1e361824ce787829bc2aa5e1e7df8f97cc1a5de15fde223a370388e1a
train,label,/home/drnguyenvinh/notebooks/shrimp_yolo_canonical_bg_wssv_2cls_split70_15_15/labels/train/WSSV_BG-37-img-2.txt,266,459b5b27b7e81ab5ef18c9ee248dfd3db55de1a8e1944ac461bc598726b32ecc
train,image,/home/drnguyenvinh/notebooks/shrimp_yolo_canonical_bg_wssv_2cls_split70_15_15/images/train/WSSV_BG-38-img-1.jpg,163293,df008e124415dbc8743c1734ee9795c12a1f9b93c09a21cb53f6cfb22a078a1b
train,label,/home/drnguyenvinh/notebooks/shrimp_yolo_canonical_bg_wssv_2cls_split70_15_15/labels/train/WSSV_BG-38-img-1.txt,190,35fd7045f805db956d0b38990cac9b30474ea59acfbd8ccbc6ae5a174aee672c
train,image,/home/drnguyenvinh/notebooks/shrimp_yolo_canonical_bg_wssv_2cls_split70_15_15/images/train/WSSV_BG-38-img-2.jpg,165416,c1a1df3fd61e069c2834716890a301b202d679e15b2a3909caa4050ee3472259
train,label,/home/drnguyenvinh/notebooks/shrimp_yolo_canonical_bg_wssv_2cls_split70_15_15/labels/train/WSSV_BG-38-img-2.txt,494,656f37ace13d4cc4183fa9d6ed44c2d60b6480bec91285d3743d3344899b0554
train,image,/home/drnguyenvinh/notebooks/shrimp_yolo_canonical_bg_wssv_2cls_split70_15_15/images/train/WSSV_BG-38-img-3.jpg,262273,8a6ef4f851877384e9448c94ca439cf9052c6a4372a7ed816912639e3bebf8c8
train,label,/home/drnguyenvinh/notebooks/shrimp_yolo_canonical_bg_wssv_2cls_split70_15_15/labels/train/WSSV_BG-38-img-3.txt,380,ccb604f94117adcc0a2603feb6302fec1b7f2709ded255d80087bf2a8aa6abca
train,image,/home/drnguyenvinh/notebooks/shrimp_yolo_canonical_bg_wssv_2cls_split70_15_15/images/train/WSSV_BG-39-img-1.jpg,200430,c42c8d7df002542b4e8d500bc2a36887fc8a277b825a559341b3cf5a714d9968
train,label,/home/drnguyenvinh/notebooks/shrimp_yolo_canonical_bg_wssv_2cls_split70_15_15/labels/train/WSSV_BG-39-img-1.txt,304,51be8b195726ddafc6119d87f25771d16d80a1686b9224fa25d151bf5b5d2a9f
train,image,/home/drnguyenvinh/notebooks/shrimp_yolo_canonical_bg_wssv_2cls_split70_15_15/images/train/WSSV_BG-39-img-2.jpg,220924,994dbbfce0653e02522f9e2a50e625e22aae2a957d3bcbfa83155ceb8603ed4b
train,label,/home/drnguyenvinh/notebooks/shrimp_yolo_canonical_bg_wssv_2cls_split70_15_15/labels/train/WSSV_BG-39-img-2.txt,304,6ed943cd7fd20c213e1c016b445dac1d0f0d62f9af9dfc0e40299cd5d5814bbc
train,image,/home/drnguyenvinh/notebooks/shrimp_yolo_canonical_bg_wssv_2cls_split70_15_15/images/train/WSSV_BG-4-img-1.jpg,780151,bd845c4fb9ecc55a6cc8297c813a9bbcd88fa18bbf6f627cbcc63766cd08588e
train,label,/home/drnguyenvinh/notebooks/shrimp_yolo_canonical_bg_wssv_2cls_split70_15_15/labels/train/WSSV_BG-4-img-1.txt,342,c4e50444b5f27043e69ac8db31a281f53cb45ec1518ee66e598b3d0453b79714
train,image,/home/drnguyenvinh/notebooks/shrimp_yolo_canonical_bg_wssv_2cls_split70_15_15/images/train/WSSV_BG-4-img-2.jpg,869169,55730a3e7243af86531e9b1546f284b7b9b1c651e092dae2e613abbad1f9151c
train,label,/home/drnguyenvinh/notebooks/shrimp_yolo_canonical_bg_wssv_2cls_split70_15_15/labels/train/WSSV_BG-4-img-2.txt,342,89dbabdc316782d727b9888bcdde3c3e92310742633e0b9acb7a52aa81f1a6bd
train,image,/home/drnguyenvinh/notebooks/shrimp_yolo_canonical_bg_wssv_2cls_split70_15_15/images/train/WSSV_BG-4-img-3.jpg,889116,e3e90bfa57967e4c7a78ac4363f16dc869dbe3490473404e2d8c10023c4a42fd
train,label,/home/drnguyenvinh/notebooks/shrimp_yolo_canonical_bg_wssv_2cls_split70_15_15/labels/train/WSSV_BG-4-img-3.txt,456,5aa3c39d01c70956299afe26bbba90fb7813a558207e94fae6f80ca0038fcda2
train,image,/home/drnguyenvinh/notebooks/shrimp_yolo_canonical_bg_wssv_2cls_split70_15_15/images/train/WSSV_BG-40-img-1.jpg,170495,b3706d3825decc986d196958e358462b19e3cc365131ab561f2cae4b479e1576
train,label,/home/drnguyenvinh/notebooks/shrimp_yolo_canonical_bg_wssv_2cls_split70_15_15/labels/train/WSSV_BG-40-img-1.txt,114,fc11887e8bf156dea8273bfebe25c25316addb761a7de70d9d4e6536526611c8
train,image,/home/drnguyenvinh/notebooks/shrimp_yolo_canonical_bg_wssv_2cls_split70_15_15/images/train/WSSV_BG-40-img-2.jpg,187120,7cbe2a6da035ae8dc4bcae6997f4076e1e81dd37e9a33b15a81379a57a2498b4
train,label,/home/drnguyenvinh/notebooks/shrimp_yolo_canonical_bg_wssv_2cls_split70_15_15/labels/train/WSSV_BG-40-img-2.txt,266,b5e2bc093c43839311c3a74b83f55a29cb2457d13772767879b60d0565938e2c
train,image,/home/drnguyenvinh/notebooks/shrimp_yolo_canonical_bg_wssv_2cls_split70_15_15/images/train/WSSV_BG-40-img-3.jpg,177950,4d8fe121239475c000fbbadbb990e528f0014ab727f97ff6a7fc6abd285e8da2
train,label,/home/drnguyenvinh/notebooks/shrimp_yolo_canonical_bg_wssv_2cls_split70_15_15/labels/train/WSSV_BG-40-img-3.txt,304,4162181a346e458aa68b55ee7e331a45536a8ec3a29ee8da737c4cef4b98570d
train,image,/home/drnguyenvinh/notebooks/shrimp_yolo_canonical_bg_wssv_2cls_split70_15_15/images/train/WSSV_BG-41-img-3.jpg,239141,4cdd6a47c441c6017f9ee0e51310867baab6e6c3dbe233d572d515af17f23dc4
train,label,/home/drnguyenvinh/notebooks/shrimp_yolo_canonical_bg_wssv_2cls_split70_15_15/labels/train/WSSV_BG-41-img-3.txt,76,edd6fe190c3f7643a3283f24135773c0a3c60df9afe0eecd33d59263f9a34e11
train,image,/home/drnguyenvinh/notebooks/shrimp_yolo_canonical_bg_wssv_2cls_split70_15_15/images/train/WSSV_BG-42-img-1.jpg,174861,6f72e154365bb2297d6e90cf6b5816ee7f3e2102095d9fd581c3f8d42eef2bd5
train,label,/home/drnguyenvinh/notebooks/shrimp_yolo_canonical_bg_wssv_2cls_split70_15_15/labels/train/WSSV_BG-42-img-1.txt,76,848b93e03ad802c6e7e6042bdc298aef385cb7b07e85c915b1a73e91a66185bb
train,image,/home/drnguyenvinh/notebooks/shrimp_yolo_canonical_bg_wssv_2cls_split70_15_15/images/train/WSSV_BG-42-img-2.jpg,219448,e47110d5f184d25519cb111f96b087707562676c08c105884f37c55e13fee110
train,label,/home/drnguyenvinh/notebooks/shrimp_yolo_canonical_bg_wssv_2cls_split70_15_15/labels/train/WSSV_BG-42-img-2.txt,342,30f3e9711b8addce5827b8d3afedc7bc87662098ff6b6423caeaaba0cd3f97b9
train,image,/home/drnguyenvinh/notebooks/shrimp_yolo_canonical_bg_wssv_2cls_split70_15_15/images/train/WSSV_BG-42-img-3.jpg,197207,354a1dba60864ec2bcfa81a02b941be9cf91faa17bdcf115f766981a62e4af63
train,label,/home/drnguyenvinh/notebooks/shrimp_yolo_canonical_bg_wssv_2cls_split70_15_15/labels/train/WSSV_BG-42-img-3.txt,266,58546bdaeb8a48d33f8766abc3cedf59b87a8c000b8afe0663cda8d65ddfa295
train,image,/home/drnguyenvinh/notebooks/shrimp_yolo_canonical_bg_wssv_2cls_split70_15_15/images/train/WSSV_BG-44-img-1.jpg,186277,82c21ce0515240b4acf75ae107510c160c9b6b6cb1940bc9e5d412c9e0172faf
train,label,/home/drnguyenvinh/notebooks/shrimp_yolo_canonical_bg_wssv_2cls_split70_15_15/labels/train/WSSV_BG-44-img-1.txt,152,aa8bb5d26b00c931ba8c5ebd655d293d0d024c27206ac7dfdce085e4d62f0544
train,image,/home/drnguyenvinh/notebooks/shrimp_yolo_canonical_bg_wssv_2cls_split70_15_15/images/train/WSSV_BG-45-img-2.jpg,201393,a61c224d94d8f5e0a79a2c8de76d0db594480750d54d9ddf9c0eb6ac5b5525cd
train,label,/home/drnguyenvinh/notebooks/shrimp_yolo_canonical_bg_wssv_2cls_split70_15_15/labels/train/WSSV_BG-45-img-2.txt,190,43bcc48e931b0766c54fd678aae0ed2b31e0079a4cfa9b699dfa7afaa35f8eda
train,image,/home/drnguyenvinh/notebooks/shrimp_yolo_canonical_bg_wssv_2cls_split70_15_15/images/train/WSSV_BG-46-img-1.jpg,240144,889a1c14cc576f4741feae0e41f3317ad46fa5d82575e8d4f33cbc21a9612ab0
train,label,/home/drnguyenvinh/notebooks/shrimp_yolo_canonical_bg_wssv_2cls_split70_15_15/labels/train/WSSV_BG-46-img-1.txt,304,b26248dded23ec82d9e560e9cf5f40d6e617f72d118dd9a4f4b84aa37a730815
train,image,/home/drnguyenvinh/notebooks/shrimp_yolo_canonical_bg_wssv_2cls_split70_15_15/images/train/WSSV_BG-46-img-3.jpg,188668,bfc819038c2e92e2ce912b98ce12a296b4fcdd903edcbfb0b5a3c36991ee1e9b
train,label,/home/drnguyenvinh/notebooks/shrimp_yolo_canonical_bg_wssv_2cls_split70_15_15/labels/train/WSSV_BG-46-img-3.txt,228,68acc290b0aef00f9e18b1ccead620361f72479345c858e9543ca8d862b23a1a
train,image,/home/drnguyenvinh/notebooks/shrimp_yolo_canonical_bg_wssv_2cls_split70_15_15/images/train/WSSV_BG-47-img-1.jpg,206160,2a9e91754bfe101f109d0e399500e86803e1c6dcf981dd7cca85e890c8239b55
train,label,/home/drnguyenvinh/notebooks/shrimp_yolo_canonical_bg_wssv_2cls_split70_15_15/labels/train/WSSV_BG-47-img-1.txt,418,b61895aef6c7b6fa349a2408c44079220b74fb3f2596276b93da7df6fc4f2b80
train,image,/home/drnguyenvinh/notebooks/shrimp_yolo_canonical_bg_wssv_2cls_split70_15_15/images/train/WSSV_BG-47-img-3.jpg,202812,07d5740556c6cfdb236f4746c4352dd6a2149b7c6c5c1256457027400d39d366
train,label,/home/drnguyenvinh/notebooks/shrimp_yolo_canonical_bg_wssv_2cls_split70_15_15/labels/train/WSSV_BG-47-img-3.txt,380,34d4cab73a71b978365d2c335c24c8cd8a73d54902b5305c6867f4a693f1b7d0
train,image,/home/drnguyenvinh/notebooks/shrimp_yolo_canonical_bg_wssv_2cls_split70_15_15/images/train/WSSV_BG-48-img-1.jpg,203488,60085d22ca719984304bb92ce10c23e33e601b4aa1c57b566ad88127c76e5ee3
train,label,/home/drnguyenvinh/notebooks/shrimp_yolo_canonical_bg_wssv_2cls_split70_15_15/labels/train/WSSV_BG-48-img-1.txt,342,91d90f26cd4975092f473afe22b19fdace9d22525aad0a53058bf3ba07fa8773
train,image,/home/drnguyenvinh/notebooks/shrimp_yolo_canonical_bg_wssv_2cls_split70_15_15/images/train/WSSV_BG-48-img-3.jpg,256561,2ae7aad308bc1f0e957740024c0e214431ac9f5752f712fc54ed58d9f8532626
train,label,/home/drnguyenvinh/notebooks/shrimp_yolo_canonical_bg_wssv_2cls_split70_15_15/labels/train/WSSV_BG-48-img-3.txt,418,f071b0e5919f0140d077d8b7e1211d855959d148eb67f0ad1ff37a9b175f1b32
train,image,/home/drnguyenvinh/notebooks/shrimp_yolo_canonical_bg_wssv_2cls_split70_15_15/images/train/WSSV_BG-49-img-1.jpg,231381,8bebf5221a13809baf12d663e1d86cab294c20f40a7f011a83c9f6a46c9cf137
train,label,/home/drnguyenvinh/notebooks/shrimp_yolo_canonical_bg_wssv_2cls_split70_15_15/labels/train/WSSV_BG-49-img-1.txt,418,0b5971e58434ac07c35e120c83d00aed374f7a5f0f1547357ac389d805d4b2bd
train,image,/home/drnguyenvinh/notebooks/shrimp_yolo_canonical_bg_wssv_2cls_split70_15_15/images/train/WSSV_BG-49-img-3.jpg,189749,a40001cff26a91102c6c9045502f1340db2cf78666c6332764ea68097a9af698
train,label,/home/drnguyenvinh/notebooks/shrimp_yolo_canonical_bg_wssv_2cls_split70_15_15/labels/train/WSSV_BG-49-img-3.txt,228,68000a9768a19ca646c33f4e5527cbbf52b24f8bf56ef946a3f9604e26d68795
train,image,/home/drnguyenvinh/notebooks/shrimp_yolo_canonical_bg_wssv_2cls_split70_15_15/images/train/WSSV_BG-5-img-2.jpg,718332,0a107a18eaf6f152d55b9fd315bb32abfed33e918584e45391162c4b8366f0bd
train,label,/home/drnguyenvinh/notebooks/shrimp_yolo_canonical_bg_wssv_2cls_split70_15_15/labels/train/WSSV_BG-5-img-2.txt,646,bbfe5bc3ead01fa5087eedb3e69d6027c59ba4e52510d48271f7a24b2ea9ab6d
train,image,/home/drnguyenvinh/notebooks/shrimp_yolo_canonical_bg_wssv_2cls_split70_15_15/images/train/WSSV_BG-5-img-3.jpg,751944,8c8a557f775876f96cc6ee896f230216f34c9906af02551942c1e3c08c42cfa2
train,label,/home/drnguyenvinh/notebooks/shrimp_yolo_canonical_bg_wssv_2cls_split70_15_15/labels/train/WSSV_BG-5-img-3.txt,532,91e0ce02145e66f16b20e2cbccc2391711d20d247182a114e43cb2fed00023e1
train,image,/home/drnguyenvinh/notebooks/shrimp_yolo_canonical_bg_wssv_2cls_split70_15_15/images/train/WSSV_BG-50-img-1.jpg,242002,ca684d1eec4fff7a14065586d3d11782840e00213554c12feb3887ac1dfd92f1
train,label,/home/drnguyenvinh/notebooks/shrimp_yolo_canonical_bg_wssv_2cls_split70_15_15/labels/train/WSSV_BG-50-img-1.txt,418,0b26df85b068b8f40f887838c47694913443294ba70445e4e90e817c20e7b9cc
train,image,/home/drnguyenvinh/notebooks/shrimp_yolo_canonical_bg_wssv_2cls_split70_15_15/images/train/WSSV_BG-50-img-2.jpg,257461,0db0a7c1e24a642d7562c2107c750aa7cbaed78e147bae9f22a1f589bdbbf729
train,label,/home/drnguyenvinh/notebooks/shrimp_yolo_canonical_bg_wssv_2cls_split70_15_15/labels/train/WSSV_BG-50-img-2.txt,304,4dfea2e8e93158c1faf27e0ea8f0bfd1ec490b99dce9382dc9a9a4353f2fc1cd
train,image,/home/drnguyenvinh/notebooks/shrimp_yolo_canonical_bg_wssv_2cls_split70_15_15/images/train/WSSV_BG-50-img-3.jpg,203791,1ab65f6487b5e3ca2ef8e16a57ca39e9bd9a62eb3ff43bc35ad5cadb1f6ab61c
train,label,/home/drnguyenvinh/notebooks/shrimp_yolo_canonical_bg_wssv_2cls_split70_15_15/labels/train/WSSV_BG-50-img-3.txt,608,3f0e29edc322f79e080a42b335ec7029f32ccfe307692bd3e434da86fdebec7c
train,image,/home/drnguyenvinh/notebooks/shrimp_yolo_canonical_bg_wssv_2cls_split70_15_15/images/train/WSSV_BG-51-img-1.jpg,232055,790105ac6021fe07dbd9c134af49d99497fb218978060cfe1a3e5d67bd1885e8
train,label,/home/drnguyenvinh/notebooks/shrimp_yolo_canonical_bg_wssv_2cls_split70_15_15/labels/train/WSSV_BG-51-img-1.txt,798,2610ac3c7b409db4d6a2057bca4dde4b9790a31399482c0664bc8b32d8f7dc72
train,image,/home/drnguyenvinh/notebooks/shrimp_yolo_canonical_bg_wssv_2cls_split70_15_15/images/train/WSSV_BG-51-img-2.jpg,242902,1eb5db3643ee22976e7c447d35ff19cb5c72df924003129a804f853379fa5c40
train,label,/home/drnguyenvinh/notebooks/shrimp_yolo_canonical_bg_wssv_2cls_split70_15_15/labels/train/WSSV_BG-51-img-2.txt,304,03745c8ef16ce4eba45077abfec835eab7ebd36b67f50637fc54b997ce17c687
train,image,/home/drnguyenvinh/notebooks/shrimp_yolo_canonical_bg_wssv_2cls_split70_15_15/images/train/WSSV_BG-52-img-3.jpg,220677,5825cc71ffd73515c239e47d8fd5efd88771e5ac5c3464b3e9b3d2b8d4c5df90
train,label,/home/drnguyenvinh/notebooks/shrimp_yolo_canonical_bg_wssv_2cls_split70_15_15/labels/train/WSSV_BG-52-img-3.txt,646,7f48c22984dbce999a86140b3f8b8b47e9be6321be7e45064a878c9dd1d3255e
train,image,/home/drnguyenvinh/notebooks/shrimp_yolo_canonical_bg_wssv_2cls_split70_15_15/images/train/WSSV_BG-53-img-1.jpg,252716,a0119ee378b2351d24719952f3a06eaa27a64dc2db6c65171a8ee746d4fe3d52
train,label,/home/drnguyenvinh/notebooks/shrimp_yolo_canonical_bg_wssv_2cls_split70_15_15/labels/train/WSSV_BG-53-img-1.txt,646,c44302ca2fba9f173c002ef1449be99c70714fcc6db3c4b07cf324b4348be61a
train,image,/home/drnguyenvinh/notebooks/shrimp_yolo_canonical_bg_wssv_2cls_split70_15_15/images/train/WSSV_BG-54-img-1.jpg,226870,7975572dab38184888ff8158163efde851f2d6def1ae77dd1f56e12cfac9d191
train,label,/home/drnguyenvinh/notebooks/shrimp_yolo_canonical_bg_wssv_2cls_split70_15_15/labels/train/WSSV_BG-54-img-1.txt,456,6bc15011d0982a39f3e5d49157064aebeffaee76a8ac217d259fcc30ca50c29f
train,image,/home/drnguyenvinh/notebooks/shrimp_yolo_canonical_bg_wssv_2cls_split70_15_15/images/train/WSSV_BG-54-img-2.jpg,199685,7a585148eb230e76616653abbb14df2c8728b6f42914c566999c86bafd2f4b22
train,label,/home/drnguyenvinh/notebooks/shrimp_yolo_canonical_bg_wssv_2cls_split70_15_15/labels/train/WSSV_BG-54-img-2.txt,570,d7dd961ccb69629f6c37107c7dece9bc0fb25e3b8051d6c8b33aa7e97d322d6b
train,image,/home/drnguyenvinh/notebooks/shrimp_yolo_canonical_bg_wssv_2cls_split70_15_15/images/train/WSSV_BG-55-img-1.jpg,220767,29ff917141440f1349ab6a8c1493deb85dc22ab68b153d437a1327a95aa06274
train,label,/home/drnguyenvinh/notebooks/shrimp_yolo_canonical_bg_wssv_2cls_split70_15_15/labels/train/WSSV_BG-55-img-1.txt,228,0a7d85506eaf311dd82c7e837e6746ac0fbbdec71fe6b41875a05bc182efb606
train,image,/home/drnguyenvinh/notebooks/shrimp_yolo_canonical_bg_wssv_2cls_split70_15_15/images/train/WSSV_BG-56-img-1.jpg,197611,024c705bc13b0c72fedbed008916b05d3b348cd198bff1768e9b4619739d8d68
train,label,/home/drnguyenvinh/notebooks/shrimp_yolo_canonical_bg_wssv_2cls_split70_15_15/labels/train/WSSV_BG-56-img-1.txt,418,d179347c794b891a7975b4cce9c8ca421f73b14d252a5335f8c1c718766f78e0
train,image,/home/drnguyenvinh/notebooks/shrimp_yolo_canonical_bg_wssv_2cls_split70_15_15/images/train/WSSV_BG-56-img-2.jpg,206395,4441a89e4223372b6b2cc0fe02a4e8ee18f9e6920d9f76538d7450fc33ff2ea6
train,label,/home/drnguyenvinh/notebooks/shrimp_yolo_canonical_bg_wssv_2cls_split70_15_15/labels/train/WSSV_BG-56-img-2.txt,456,68ec5b8008942b0738f00ba270a362c31cdcfb26ab3d3fa001734fe38a9f5c63
train,image,/home/drnguyenvinh/notebooks/shrimp_yolo_canonical_bg_wssv_2cls_split70_15_15/images/train/WSSV_BG-56-img-3.jpg,222902,71a0c274b7cf53a1355c87c9e9de2f6cedc5ed9d56a98c26a16f095b7b95872b
train,label,/home/drnguyenvinh/notebooks/shrimp_yolo_canonical_bg_wssv_2cls_split70_15_15/labels/train/WSSV_BG-56-img-3.txt,266,e4aa3800a7950b4be92dcaf7b3227c53fab53c59320ce2fb21bd0283cdcc2aeb
train,image,/home/drnguyenvinh/notebooks/shrimp_yolo_canonical_bg_wssv_2cls_split70_15_15/images/train/WSSV_BG-57-img-3.jpg,180312,889ff0b35708e7f3a337c20108f49d663288876b6181184bad3ef73cdcc61256
train,label,/home/drnguyenvinh/notebooks/shrimp_yolo_canonical_bg_wssv_2cls_split70_15_15/labels/train/WSSV_BG-57-img-3.txt,190,49458bd06b52abb9955e59b9a771bd84a3ece22daeb9ad45fd46a76afb2604c4
train,image,/home/drnguyenvinh/notebooks/shrimp_yolo_canonical_bg_wssv_2cls_split70_15_15/images/train/WSSV_BG-58-img-1.jpg,153476,853bab50cf79f384cdbaeb493c179c5b9237c692416a118c8f8975bdc074b182
train,label,/home/drnguyenvinh/notebooks/shrimp_yolo_canonical_bg_wssv_2cls_split70_15_15/labels/train/WSSV_BG-58-img-1.txt,266,1137f60933c3cd902ee5d6cfd0086b7f27ef1d9252b6cc5a99bf36db8f18f9df
train,image,/home/drnguyenvinh/notebooks/shrimp_yolo_canonical_bg_wssv_2cls_split70_15_15/images/train/WSSV_BG-58-img-2.jpg,166366,3177b0afd972578e3d483d4ff68d9d4da83ddb4bbbacac924c6c0c6afb802d4a
train,label,/home/drnguyenvinh/notebooks/shrimp_yolo_canonical_bg_wssv_2cls_split70_15_15/labels/train/WSSV_BG-58-img-2.txt,152,fc2944b15c7d100bcd18679128c988d1faff4ca96ca4c118eba0d81e19f6b53a
train,image,/home/drnguyenvinh/notebooks/shrimp_yolo_canonical_bg_wssv_2cls_split70_15_15/images/train/WSSV_BG-59-img-1.jpg,207491,6619c7add303f392b2767cb07c8528befec8fe80a18bf35363ea2bd85fa530ee
train,label,/home/drnguyenvinh/notebooks/shrimp_yolo_canonical_bg_wssv_2cls_split70_15_15/labels/train/WSSV_BG-59-img-1.txt,304,6802505f9691e7b9c0a81237cb3a7b87c7517fc9d97f745fa22a1e920c6759c1
train,image,/home/drnguyenvinh/notebooks/shrimp_yolo_canonical_bg_wssv_2cls_split70_15_15/images/train/WSSV_BG-6-img-2.jpg,806981,2cf5a4535988d57d936e17ba1bbef8c73bd534fa79d6df5b0612beca7a372ce3
train,label,/home/drnguyenvinh/notebooks/shrimp_yolo_canonical_bg_wssv_2cls_split70_15_15/labels/train/WSSV_BG-6-img-2.txt,114,5187cb87669ab65aba62c87dcfcd35417a4dcb3242c0dd25fc6e85660cd32476
train,image,/home/drnguyenvinh/notebooks/shrimp_yolo_canonical_bg_wssv_2cls_split70_15_15/images/train/WSSV_BG-6-img-3.jpg,672954,9ab1b2f25dfe6e0f75bbff40c1b829927a39122c3f27e70229bac8f2760a798b
train,label,/home/drnguyenvinh/notebooks/shrimp_yolo_canonical_bg_wssv_2cls_split70_15_15/labels/train/WSSV_BG-6-img-3.txt,266,554a0f8bd32cb2cca680450638a533f7c1dba9709062fcc1bc3750b95dfbd1d8
train,image,/home/drnguyenvinh/notebooks/shrimp_yolo_canonical_bg_wssv_2cls_split70_15_15/images/train/WSSV_BG-60-img-1.jpg,222286,0e2fe7a073e2ca633498b254fdb600144559de94ee76f1ac9315cc8af0881724
train,label,/home/drnguyenvinh/notebooks/shrimp_yolo_canonical_bg_wssv_2cls_split70_15_15/labels/train/WSSV_BG-60-img-1.txt,380,d11ab642d2489dd5e47d9ca14ab420507f62c15316c95344da011b85f35461fc
train,image,/home/drnguyenvinh/notebooks/shrimp_yolo_canonical_bg_wssv_2cls_split70_15_15/images/train/WSSV_BG-61-img-1.jpg,170717,6694b77c07e7ab2d98b17a7b51bedaeac14b82c8075b002b00ba23f66d98df58
train,label,/home/drnguyenvinh/notebooks/shrimp_yolo_canonical_bg_wssv_2cls_split70_15_15/labels/train/WSSV_BG-61-img-1.txt,152,3e448a1c264aeaf08c4a339886e8d36cc269f5dfa320d9813d746a1d435be114
train,image,/home/drnguyenvinh/notebooks/shrimp_yolo_canonical_bg_wssv_2cls_split70_15_15/images/train/WSSV_BG-61-img-2.jpg,176362,efdf3c97e08ce58b957e492cabaa3bb5d25c3300292673a389416dd4b7656b1a
train,label,/home/drnguyenvinh/notebooks/shrimp_yolo_canonical_bg_wssv_2cls_split70_15_15/labels/train/WSSV_BG-61-img-2.txt,228,7d50bd624dd6bbfa293482b89a8c0aed454b164ec7af65598ade082be62699d8
train,image,/home/drnguyenvinh/notebooks/shrimp_yolo_canonical_bg_wssv_2cls_split70_15_15/images/train/WSSV_BG-61-img-3.jpg,228185,ccbe6d949efdad4b0467cb654eb8bfa8fcff7571308090df0d53ebd83dff3649
train,label,/home/drnguyenvinh/notebooks/shrimp_yolo_canonical_bg_wssv_2cls_split70_15_15/labels/train/WSSV_BG-61-img-3.txt,266,bf0188bafce21d97b72e61771c52a5ad6a2461782fc35e0600655257b7d9ad3e
train,image,/home/drnguyenvinh/notebooks/shrimp_yolo_canonical_bg_wssv_2cls_split70_15_15/images/train/WSSV_BG-63-img-2.jpg,232116,2c88e1bfc7bef3c6911dc269ab1bb373b26412d2b82bddec09efae6043ba348e
train,label,/home/drnguyenvinh/notebooks/shrimp_yolo_canonical_bg_wssv_2cls_split70_15_15/labels/train/WSSV_BG-63-img-2.txt,152,b05ac9df0d314bed6c0c268e4e7fe2fac800ff9105ff7d371ec84430c0eaf4c0
train,image,/home/drnguyenvinh/notebooks/shrimp_yolo_canonical_bg_wssv_2cls_split70_15_15/images/train/WSSV_BG-63-img-3.jpg,208826,055c1d32c18626950b72b0bbe1b24d765084d497a184ee2271459d1cab116797
train,label,/home/drnguyenvinh/notebooks/shrimp_yolo_canonical_bg_wssv_2cls_split70_15_15/labels/train/WSSV_BG-63-img-3.txt,380,83bbcc4cb58781f88a82be3414b138e2067d46770543c7dbfd81b7d7a3a9fa4b
train,image,/home/drnguyenvinh/notebooks/shrimp_yolo_canonical_bg_wssv_2cls_split70_15_15/images/train/WSSV_BG-64-img-1.jpg,236586,58e7ed040f6c5feff4218f1b4edd1186e50c432ef2e0734ee74f0780937421ac
train,label,/home/drnguyenvinh/notebooks/shrimp_yolo_canonical_bg_wssv_2cls_split70_15_15/labels/train/WSSV_BG-64-img-1.txt,304,bfd2998dee86ee3eccabf4e313c59c39f172c830ee9a582f55c3f0dff9311335
train,image,/home/drnguyenvinh/notebooks/shrimp_yolo_canonical_bg_wssv_2cls_split70_15_15/images/train/WSSV_BG-64-img-3.jpg,233692,c6fbe41928907d106cd83cb031c1540f448a70b297fa0708c2d29d0fb14b1bf9
train,label,/home/drnguyenvinh/notebooks/shrimp_yolo_canonical_bg_wssv_2cls_split70_15_15/labels/train/WSSV_BG-64-img-3.txt,380,21ebcad0b2bff982433baec4e5fd53865586a1ff359404c52a2dfb7dffaa9315
train,image,/home/drnguyenvinh/notebooks/shrimp_yolo_canonical_bg_wssv_2cls_split70_15_15/images/train/WSSV_BG-65-img-1.jpg,204507,05799df5e6231dce21058beee7ba7d7d04d6c35ae7abc22f43ffb195e6f9d1ab
train,label,/home/drnguyenvinh/notebooks/shrimp_yolo_canonical_bg_wssv_2cls_split70_15_15/labels/train/WSSV_BG-65-img-1.txt,684,101c292454643a6a55914f27575e00eb8df3d2a115c277e74342c7eeb9b5fe48
train,image,/home/drnguyenvinh/notebooks/shrimp_yolo_canonical_bg_wssv_2cls_split70_15_15/images/train/WSSV_BG-65-img-2.jpg,207303,c798d27d1491a78b9e4f7745e62505ac15eec5d7e6e1ac49cb875c65612b5ed9
train,label,/home/drnguyenvinh/notebooks/shrimp_yolo_canonical_bg_wssv_2cls_split70_15_15/labels/train/WSSV_BG-65-img-2.txt,532,2529d5952ce3682a338b60f106241534d6ae6217da511371421e00ec41234915
train,image,/home/drnguyenvinh/notebooks/shrimp_yolo_canonical_bg_wssv_2cls_split70_15_15/images/train/WSSV_BG-65-img-3.jpg,225583,7322c7b230e7ca8e5f07de5fba5779afbc4eb5ba0fd32dfc5df5fb390923e0e9
train,label,/home/drnguyenvinh/notebooks/shrimp_yolo_canonical_bg_wssv_2cls_split70_15_15/labels/train/WSSV_BG-65-img-3.txt,228,4e542043449d4fafa13adbc5815a5cc8be62dd947634d062e78e6bad38b7a6b5
train,image,/home/drnguyenvinh/notebooks/shrimp_yolo_canonical_bg_wssv_2cls_split70_15_15/images/train/WSSV_BG-67-img-2.jpg,223037,387d48d1a07774c4055b6ba6d8e7d31df0dda17693ea7cb3cb0db0c4ea1fd2f9
train,label,/home/drnguyenvinh/notebooks/shrimp_yolo_canonical_bg_wssv_2cls_split70_15_15/labels/train/WSSV_BG-67-img-2.txt,266,ac007be12a2486808f151e5dcc819b2085968d4ad38d3b62161fddbd46ed5e64
train,image,/home/drnguyenvinh/notebooks/shrimp_yolo_canonical_bg_wssv_2cls_split70_15_15/images/train/WSSV_BG-68-img-2.jpg,225192,e74f548f636c749860781355a65f13d2dff3063b9319389c5ec968d0a1dda70a
train,label,/home/drnguyenvinh/notebooks/shrimp_yolo_canonical_bg_wssv_2cls_split70_15_15/labels/train/WSSV_BG-68-img-2.txt,418,fd39633235958507c0bd4efd68df057106aa8aff49076810e9a213b1434c3751
train,image,/home/drnguyenvinh/notebooks/shrimp_yolo_canonical_bg_wssv_2cls_split70_15_15/images/train/WSSV_BG-68-img-3.jpg,243586,72aebb626a91b27fff7c1dbd6db7ef47145aca3e4791304521a8cbf2af407c10
train,label,/home/drnguyenvinh/notebooks/shrimp_yolo_canonical_bg_wssv_2cls_split70_15_15/labels/train/WSSV_BG-68-img-3.txt,304,d5b4d399ca1f7aa8643dbf5a6bbe858a18cb0e53ed3c34b4d1d5dd06b4cce8e3
train,image,/home/drnguyenvinh/notebooks/shrimp_yolo_canonical_bg_wssv_2cls_split70_15_15/images/train/WSSV_BG-69-img-1.jpg,197870,0a99e48d198cdbddb2b23ae88b0440fc82af40ec59dd0297667034bc28274011
train,label,/home/drnguyenvinh/notebooks/shrimp_yolo_canonical_bg_wssv_2cls_split70_15_15/labels/train/WSSV_BG-69-img-1.txt,608,81eaf8efaf222c30f51fcd0ebfaf834e8b92357609152c7420439b19c05ca1bb
train,image,/home/drnguyenvinh/notebooks/shrimp_yolo_canonical_bg_wssv_2cls_split70_15_15/images/train/WSSV_BG-69-img-2.jpg,195328,92674b68880b0559046ee0ea59bc5a86e4a2569e9194b9dc354fe040bdb55c12
train,label,/home/drnguyenvinh/notebooks/shrimp_yolo_canonical_bg_wssv_2cls_split70_15_15/labels/train/WSSV_BG-69-img-2.txt,532,636f2ffab73b74f89aba2d686b706898379f6139d2ce5ce4bf4d9e3101f3e4c4
train,image,/home/drnguyenvinh/notebooks/shrimp_yolo_canonical_bg_wssv_2cls_split70_15_15/images/train/WSSV_BG-7-img-1.jpg,885258,1944ef81ba67536dc438f9cccf3cac8f1198d7c66d1ba6e665252b10473935fd
train,label,/home/drnguyenvinh/notebooks/shrimp_yolo_canonical_bg_wssv_2cls_split70_15_15/labels/train/WSSV_BG-7-img-1.txt,266,9bd55bf4634ed7991ea561562e48d143eae80d1a7b6c620260291e2d6ea783ec
train,image,/home/drnguyenvinh/notebooks/shrimp_yolo_canonical_bg_wssv_2cls_split70_15_15/images/train/WSSV_BG-7-img-3.jpg,593757,8336a9c971e775510aefeb8e9b606e153c7cf88904091195d8c91cffda2a087a
train,label,/home/drnguyenvinh/notebooks/shrimp_yolo_canonical_bg_wssv_2cls_split70_15_15/labels/train/WSSV_BG-7-img-3.txt,380,6b8626f23c6e3d89e7084b4f4888bd636c853d83092fc281bf62ea6d0af1078f
train,image,/home/drnguyenvinh/notebooks/shrimp_yolo_canonical_bg_wssv_2cls_split70_15_15/images/train/WSSV_BG-70-img-1.jpg,208351,bb0e3e44b034974d278a4ed9807c46530494c70556681d1809c9104711c8b3b5
train,label,/home/drnguyenvinh/notebooks/shrimp_yolo_canonical_bg_wssv_2cls_split70_15_15/labels/train/WSSV_BG-70-img-1.txt,684,70e5999909f1834bfd9ecccca22cdbe6a99a44ec8226ebb072937d0ffcef8712
train,image,/home/drnguyenvinh/notebooks/shrimp_yolo_canonical_bg_wssv_2cls_split70_15_15/images/train/WSSV_BG-70-img-2.jpg,201160,30238d98c1de26447c00b055b914881d7755208e2b7449d9aa6185f57391b6e3
train,label,/home/drnguyenvinh/notebooks/shrimp_yolo_canonical_bg_wssv_2cls_split70_15_15/labels/train/WSSV_BG-70-img-2.txt,494,b7b2b3a5bca9490615ae974c75af41172433aefaabc1a498202f7a8f9d794b9c
train,image,/home/drnguyenvinh/notebooks/shrimp_yolo_canonical_bg_wssv_2cls_split70_15_15/images/train/WSSV_BG-71-img-2.jpg,218102,5d7c036e9aed03f41ed09aa4274fb16086d0f4d5809a7a1f6a819b583342b43a
train,label,/home/drnguyenvinh/notebooks/shrimp_yolo_canonical_bg_wssv_2cls_split70_15_15/labels/train/WSSV_BG-71-img-2.txt,494,8ad380e5a3e9ea635e969db4e73c5937b8b14efdd2df4b439c677526639afedb
train,image,/home/drnguyenvinh/notebooks/shrimp_yolo_canonical_bg_wssv_2cls_split70_15_15/images/train/WSSV_BG-71-img-3.jpg,204813,6a08d7ae94dda961501f21cf217e4c7186548206ba04c9bcdbaf6e2c9a0847f0
train,label,/home/drnguyenvinh/notebooks/shrimp_yolo_canonical_bg_wssv_2cls_split70_15_15/labels/train/WSSV_BG-71-img-3.txt,532,4de2dc6f1adc463f59e22594d83de510f648b01e91c4b35d45ebc98803fe69f3
train,image,/home/drnguyenvinh/notebooks/shrimp_yolo_canonical_bg_wssv_2cls_split70_15_15/images/train/WSSV_BG-72-img-1.jpg,210205,75fbc027da9a74d3190b8a677b6d3c7aa9f23d3b4008891a483aadc406bd7986
train,label,/home/drnguyenvinh/notebooks/shrimp_yolo_canonical_bg_wssv_2cls_split70_15_15/labels/train/WSSV_BG-72-img-1.txt,418,57a0b33ee5c5b6f9dc31bbd6e9b067d9459e166d907efd53bac86dae5152ccdc
train,image,/home/drnguyenvinh/notebooks/shrimp_yolo_canonical_bg_wssv_2cls_split70_15_15/images/train/WSSV_BG-72-img-2.jpg,202369,fd9aa8be5b2144318ef0e62d0f9ae189266a5eb5c60076c2540a29c2546dc25e
train,label,/home/drnguyenvinh/notebooks/shrimp_yolo_canonical_bg_wssv_2cls_split70_15_15/labels/train/WSSV_BG-72-img-2.txt,494,407dd51b3b21c4de17ea44dd340a80d162d6dfe5d84d8295250ea610e366c7b3
train,image,/home/drnguyenvinh/notebooks/shrimp_yolo_canonical_bg_wssv_2cls_split70_15_15/images/train/WSSV_BG-72-img-3.jpg,211693,80da2133a00c45a42381fb008ae22e068c40ed166be762e4d7ff9783963f2161
train,label,/home/drnguyenvinh/notebooks/shrimp_yolo_canonical_bg_wssv_2cls_split70_15_15/labels/train/WSSV_BG-72-img-3.txt,304,612e700530e09a4fc0099441d56e5c4b5381dc12deb1b95170ae2d10dd541608
train,image,/home/drnguyenvinh/notebooks/shrimp_yolo_canonical_bg_wssv_2cls_split70_15_15/images/train/WSSV_BG-74-img-1.jpg,232575,79964747943d3d542abff91463d19a7d04c84471b13ea91df8f5d0561e8de174
train,label,/home/drnguyenvinh/notebooks/shrimp_yolo_canonical_bg_wssv_2cls_split70_15_15/labels/train/WSSV_BG-74-img-1.txt,380,58ec96d52e25c16e4464cd4e0a8fdd5db7ae70b7a04eb86e1aa4ed7675e87077
train,image,/home/drnguyenvinh/notebooks/shrimp_yolo_canonical_bg_wssv_2cls_split70_15_15/images/train/WSSV_BG-74-img-2.jpg,230282,0ddc659fcf8167499efd5a4c81dbe07cda8e36ebc3f8f07b3ede14521915448d
train,label,/home/drnguyenvinh/notebooks/shrimp_yolo_canonical_bg_wssv_2cls_split70_15_15/labels/train/WSSV_BG-74-img-2.txt,304,8675d32571e2cf2837710f5bb5d4970e64b5ac344ad3791ee98fdd066ce31df2
train,image,/home/drnguyenvinh/notebooks/shrimp_yolo_canonical_bg_wssv_2cls_split70_15_15/images/train/WSSV_BG-74-img-3.jpg,210322,f026b2f54610b42507cf7abb5c2090e37316471f0dd416cdcbbce92618a1cf2e
train,label,/home/drnguyenvinh/notebooks/shrimp_yolo_canonical_bg_wssv_2cls_split70_15_15/labels/train/WSSV_BG-74-img-3.txt,304,459d2f8e411d0773ad0e274306d6483f719b15e50454297318acc9e6415741e4
train,image,/home/drnguyenvinh/notebooks/shrimp_yolo_canonical_bg_wssv_2cls_split70_15_15/images/train/WSSV_BG-75-img-1.jpg,232468,02606560b4582d6609889202ba96200a2c2b307484e4c3d97caf0f42f159fd2e
train,label,/home/drnguyenvinh/notebooks/shrimp_yolo_canonical_bg_wssv_2cls_split70_15_15/labels/train/WSSV_BG-75-img-1.txt,190,0f0616d299aaae3c3bbbae8ae989e4975a5f8a926edc6fca8f2f43e8e4119194
train,image,/home/drnguyenvinh/notebooks/shrimp_yolo_canonical_bg_wssv_2cls_split70_15_15/images/train/WSSV_BG-75-img-2.jpg,241433,ee0ed8a16c475e8958fb02425f93a1bdb042bd6a53d17f4caa78f278ee923720
train,label,/home/drnguyenvinh/notebooks/shrimp_yolo_canonical_bg_wssv_2cls_split70_15_15/labels/train/WSSV_BG-75-img-2.txt,380,6c835f44fef3ef01362f3d8233db03e41bc0ae0b1de712a427bba4afd5f8f88f
train,image,/home/drnguyenvinh/notebooks/shrimp_yolo_canonical_bg_wssv_2cls_split70_15_15/images/train/WSSV_BG-76-img-1.jpg,227857,262ed293f9c793bfaba8f571588dc158d07f1352c33eba76ec7f3d6314e53084
train,label,/home/drnguyenvinh/notebooks/shrimp_yolo_canonical_bg_wssv_2cls_split70_15_15/labels/train/WSSV_BG-76-img-1.txt,380,e65b2652eacbb27ccecb08e1185a3dd46937bfdca3bb8bddef009aa0855b5ddd
train,image,/home/drnguyenvinh/notebooks/shrimp_yolo_canonical_bg_wssv_2cls_split70_15_15/images/train/WSSV_BG-76-img-3.jpg,226268,7e3e2a3471685b0afd445678a5682dd7c88a699f61ab91603c819e8dff7b3916
train,label,/home/drnguyenvinh/notebooks/shrimp_yolo_canonical_bg_wssv_2cls_split70_15_15/labels/train/WSSV_BG-76-img-3.txt,608,d89a3a94657e4a793dba689fa5d86baeac99c0a640ab8b73b4ecbf088dc872dd
train,image,/home/drnguyenvinh/notebooks/shrimp_yolo_canonical_bg_wssv_2cls_split70_15_15/images/train/WSSV_BG-77-img-1.jpg,205048,20e7416ecf76cebf9e5290d1b1b0721d8b4b88153bf0bd26ca19a8e993c864b0
train,label,/home/drnguyenvinh/notebooks/shrimp_yolo_canonical_bg_wssv_2cls_split70_15_15/labels/train/WSSV_BG-77-img-1.txt,380,479c388f18b6fa3dd72b9a56bef029a58d4bfa43964041cf6899219165a1f614
train,image,/home/drnguyenvinh/notebooks/shrimp_yolo_canonical_bg_wssv_2cls_split70_15_15/images/train/WSSV_BG-77-img-2.jpg,239698,fd81402716038524c31359fa4b36b2b8c32b20db70e8fe66babe3054f67aaf95
train,label,/home/drnguyenvinh/notebooks/shrimp_yolo_canonical_bg_wssv_2cls_split70_15_15/labels/train/WSSV_BG-77-img-2.txt,266,ae025880350ac81e83caaba4a6fc9754b83e214c628d4491d7dcef976a2722d5
train,image,/home/drnguyenvinh/notebooks/shrimp_yolo_canonical_bg_wssv_2cls_split70_15_15/images/train/WSSV_BG-77-img-3.jpg,190300,9cd56ef6ed4718540e26e4c321cf82fa510acff0c299340b25de7520ea88d770
train,label,/home/drnguyenvinh/notebooks/shrimp_yolo_canonical_bg_wssv_2cls_split70_15_15/labels/train/WSSV_BG-77-img-3.txt,304,1cbd84e013fd21786acaa8d73df57ff3aef51be6635439dddc59558ba89e1012
train,image,/home/drnguyenvinh/notebooks/shrimp_yolo_canonical_bg_wssv_2cls_split70_15_15/images/train/WSSV_BG-78-img-1.jpg,218496,b1653c88d275bc4b3bbf444af3fd5eaa6a0f66b15e63dd28c5bfd516c5f2f67d
train,label,/home/drnguyenvinh/notebooks/shrimp_yolo_canonical_bg_wssv_2cls_split70_15_15/labels/train/WSSV_BG-78-img-1.txt,266,863e8ea5b0dadb55dec06b3cd997d1661ee5889d2e9ccf60d96521760d2400d3
train,image,/home/drnguyenvinh/notebooks/shrimp_yolo_canonical_bg_wssv_2cls_split70_15_15/images/train/WSSV_BG-78-img-2.jpg,215261,98477010715a1c9e01ed908ecdc16ad1c0c6495890b94e6b9109e8ad40e9a0f9
train,label,/home/drnguyenvinh/notebooks/shrimp_yolo_canonical_bg_wssv_2cls_split70_15_15/labels/train/WSSV_BG-78-img-2.txt,418,42fe00208319f68091459de6f513a5162f3ed10a30d79e5313625ec3b6ae7fb5
train,image,/home/drnguyenvinh/notebooks/shrimp_yolo_canonical_bg_wssv_2cls_split70_15_15/images/train/WSSV_BG-78-img-3.jpg,227930,f5ea43865f87d1a02849e2d705d93b3cee4794e6bab3403b04117911d7a1ddbd
train,label,/home/drnguyenvinh/notebooks/shrimp_yolo_canonical_bg_wssv_2cls_split70_15_15/labels/train/WSSV_BG-78-img-3.txt,570,b769371e6260a6c3286318d1578a7ca9b933c070ac071686d7c9903e88f6f953
train,image,/home/drnguyenvinh/notebooks/shrimp_yolo_canonical_bg_wssv_2cls_split70_15_15/images/train/WSSV_BG-79-img-1.jpg,204136,2bfbad0f5a9eff78ad06879618ddbbce99dc9dbd2312f6e05a1114ba9b5b7700
train,label,/home/drnguyenvinh/notebooks/shrimp_yolo_canonical_bg_wssv_2cls_split70_15_15/labels/train/WSSV_BG-79-img-1.txt,456,77ff6269e20e05691937a24c77f95d5163a47ce6c3f4dcaaad797bc5ef11c6cc
train,image,/home/drnguyenvinh/notebooks/shrimp_yolo_canonical_bg_wssv_2cls_split70_15_15/images/train/WSSV_BG-79-img-3.jpg,206287,15d9c59b0c95390fefb7b1f83ae6fee4f49641843579245209b2d068e52caf6b
train,label,/home/drnguyenvinh/notebooks/shrimp_yolo_canonical_bg_wssv_2cls_split70_15_15/labels/train/WSSV_BG-79-img-3.txt,456,f404472e78cbc6e4a16e6bad0783c76ac44eea83895562424bbdabf7ce8cf98b
train,image,/home/drnguyenvinh/notebooks/shrimp_yolo_canonical_bg_wssv_2cls_split70_15_15/images/train/WSSV_BG-8-img-1.jpg,803666,da28257146c141d3c63ead3b3191a3591cc6c96822f806c1d9f65e465952be0a
train,label,/home/drnguyenvinh/notebooks/shrimp_yolo_canonical_bg_wssv_2cls_split70_15_15/labels/train/WSSV_BG-8-img-1.txt,532,a2f82a5e2c400a8209b812d835560135af18c6569e63876bcb2b341177175a48
train,image,/home/drnguyenvinh/notebooks/shrimp_yolo_canonical_bg_wssv_2cls_split70_15_15/images/train/WSSV_BG-8-img-2.jpg,714738,895d707dcccc1c81912f242872d789b6274127339b125d939cc6c9ee73f54a91
train,label,/home/drnguyenvinh/notebooks/shrimp_yolo_canonical_bg_wssv_2cls_split70_15_15/labels/train/WSSV_BG-8-img-2.txt,304,56090a715af75d8396317a0b09c50657316535114f4980fbade2f574564540fc
train,image,/home/drnguyenvinh/notebooks/shrimp_yolo_canonical_bg_wssv_2cls_split70_15_15/images/train/WSSV_BG-8-img-3.jpg,760335,46757565e909b3832be14735ab383f2a708feef0fb28f8cb79258862f625d682
train,label,/home/drnguyenvinh/notebooks/shrimp_yolo_canonical_bg_wssv_2cls_split70_15_15/labels/train/WSSV_BG-8-img-3.txt,304,4a1f95dedfdb0a9ef5c4455fd968df3104f145d91cfef3b478613377a95d459b
train,image,/home/drnguyenvinh/notebooks/shrimp_yolo_canonical_bg_wssv_2cls_split70_15_15/images/train/WSSV_BG-80-img-2.jpg,195998,9e34cd10df37303cf99390d0b5373535adef843d182e6fdf0a25218c1e13468a
train,label,/home/drnguyenvinh/notebooks/shrimp_yolo_canonical_bg_wssv_2cls_split70_15_15/labels/train/WSSV_BG-80-img-2.txt,532,9b89a3b251b38a882273b2665a0a92bd3791afbbef46ab1f7add8ba4de1fd219
train,image,/home/drnguyenvinh/notebooks/shrimp_yolo_canonical_bg_wssv_2cls_split70_15_15/images/train/WSSV_BG-80-img-3.jpg,186563,f5a7bcf7f76b60855a81dadf4292a92441da4e44b22fadb35948231c23890015
train,label,/home/drnguyenvinh/notebooks/shrimp_yolo_canonical_bg_wssv_2cls_split70_15_15/labels/train/WSSV_BG-80-img-3.txt,532,d355f54a06ad4331478069fc3a7ff8b2925b91e0bf7f16c97f57afbf45d5a356
train,image,/home/drnguyenvinh/notebooks/shrimp_yolo_canonical_bg_wssv_2cls_split70_15_15/images/train/WSSV_BG-9-img-1.jpg,851820,24be82f63f0a51aa42b8ae5b4e5da5f20fd0bf02fa4922da8f5da4c499439abd
train,label,/home/drnguyenvinh/notebooks/shrimp_yolo_canonical_bg_wssv_2cls_split70_15_15/labels/train/WSSV_BG-9-img-1.txt,532,adfd2dd73eb05a885bb4180322688e86373470566ebeac2b7d4a3080ac78380d
train,image,/home/drnguyenvinh/notebooks/shrimp_yolo_canonical_bg_wssv_2cls_split70_15_15/images/train/WSSV_BG-9-img-2.jpg,853895,7e373ed72b1077c8517e55c40d47453f74f730e5bf34f6dfb520fee426617808
train,label,/home/drnguyenvinh/notebooks/shrimp_yolo_canonical_bg_wssv_2cls_split70_15_15/labels/train/WSSV_BG-9-img-2.txt,228,e22dc206c4a6855d4cb1df72393d17cafb4c174a696df6114dce924f1ad721b5
train,image,/home/drnguyenvinh/notebooks/shrimp_yolo_canonical_bg_wssv_2cls_split70_15_15/images/train/WSSV_BG-9-img-3.jpg,976997,a84a74385c0c0b83b7990b8e8cabeaf1d73f7a49b983eee7d784727ea48e108b
train,label,/home/drnguyenvinh/notebooks/shrimp_yolo_canonical_bg_wssv_2cls_split70_15_15/labels/train/WSSV_BG-9-img-3.txt,494,c5fe186e503ce4af5f22af4ff9ad6c38a486e08bc959f06059c9b53c7dea1c86
val,image,/home/drnguyenvinh/notebooks/shrimp_yolo_canonical_bg_wssv_2cls_split70_15_15/images/val/BG-1-img-2.jpg,626210,8125147ef3c258c5506bdb498a436f82ffd76fbc9abaa54dfa39403e6cb8c057
val,label,/home/drnguyenvinh/notebooks/shrimp_yolo_canonical_bg_wssv_2cls_split70_15_15/labels/val/BG-1-img-2.txt,38,5232e37a911977f2dc966c44b2a948e395eee07d686fb86e5e0cfdae938b37c5
val,image,/home/drnguyenvinh/notebooks/shrimp_yolo_canonical_bg_wssv_2cls_split70_15_15/images/val/BG-12-img-3.jpg,732909,b6f3407ade70828918c9152b4c24ec1abb3c1efa26f4e26c7afc9b2004558b86
val,label,/home/drnguyenvinh/notebooks/shrimp_yolo_canonical_bg_wssv_2cls_split70_15_15/labels/val/BG-12-img-3.txt,38,9f561f6b936281ce87f2fa3afb63bbcc4768be7d842f2c15697e133e45ae566a
val,image,/home/drnguyenvinh/notebooks/shrimp_yolo_canonical_bg_wssv_2cls_split70_15_15/images/val/BG-15-img-2.jpg,178066,6a7c4e7848758d4487a574021fae184aedf87a002c86feea69b888e290ddb30f
val,label,/home/drnguyenvinh/notebooks/shrimp_yolo_canonical_bg_wssv_2cls_split70_15_15/labels/val/BG-15-img-2.txt,38,52d4b28b66cce5c79515ef3fa863a61dfb7a066e79b81c74703c21fecb2f9d9d
val,image,/home/drnguyenvinh/notebooks/shrimp_yolo_canonical_bg_wssv_2cls_split70_15_15/images/val/BG-18-img-1.jpg,139866,4bac03a6de21d416adf82cf23bc399a638fae28882e6f649ff6ed485ded59974
val,label,/home/drnguyenvinh/notebooks/shrimp_yolo_canonical_bg_wssv_2cls_split70_15_15/labels/val/BG-18-img-1.txt,38,e72e3af739dd3fa386155aebae27ee242d7a9d6d1c5a4a9c981ccd2e1295ac3b
val,image,/home/drnguyenvinh/notebooks/shrimp_yolo_canonical_bg_wssv_2cls_split70_15_15/images/val/BG-2-img-2.jpg,664159,cc19411986c645132f1dd0d65aa8dc5dae4ca6a7d9f1008c24bc0c193941414e
val,label,/home/drnguyenvinh/notebooks/shrimp_yolo_canonical_bg_wssv_2cls_split70_15_15/labels/val/BG-2-img-2.txt,38,c5f939ac86c45bc5259cb2c055cab3e78a18b2c1a92154581f6fc6b0c710353b
val,image,/home/drnguyenvinh/notebooks/shrimp_yolo_canonical_bg_wssv_2cls_split70_15_15/images/val/BG-22-img-1.jpg,767244,9245367d9a35d3274396107200bb5db505f93f1ca050ee4d36d8872cc926341c
val,label,/home/drnguyenvinh/notebooks/shrimp_yolo_canonical_bg_wssv_2cls_split70_15_15/labels/val/BG-22-img-1.txt,38,095a3b55999595c5377442eb4e41871735f3d7b846b27ababb4d7f76626ae1d3
val,image,/home/drnguyenvinh/notebooks/shrimp_yolo_canonical_bg_wssv_2cls_split70_15_15/images/val/BG-24-img-3.jpg,620589,e1bb7fdb80e1c5aa6c342dae1d9253c7c2c3b700c0e9ce0aa983d665a6e9fd5d
val,label,/home/drnguyenvinh/notebooks/shrimp_yolo_canonical_bg_wssv_2cls_split70_15_15/labels/val/BG-24-img-3.txt,76,e3895f7d521acfedd3f4cb63e66f0473d8d7e06da6045f7e802eea29d4c9c6a1
val,image,/home/drnguyenvinh/notebooks/shrimp_yolo_canonical_bg_wssv_2cls_split70_15_15/images/val/BG-25-img-1.jpg,901367,0b9da0d89c378eb1197c0f017a640ffa7e79d3b2e40ca82c6aa0aafbcaf0bea7
val,label,/home/drnguyenvinh/notebooks/shrimp_yolo_canonical_bg_wssv_2cls_split70_15_15/labels/val/BG-25-img-1.txt,38,d703b2d6e312696405588b3f16d91490636b3e1937b7a1e2caaf486b39967558
val,image,/home/drnguyenvinh/notebooks/shrimp_yolo_canonical_bg_wssv_2cls_split70_15_15/images/val/BG-29-img-1.jpg,212329,49dd001213ea91ba6cc3c53a1308874708abae8d777edf14e74d1ac4fd63b5c6
val,label,/home/drnguyenvinh/notebooks/shrimp_yolo_canonical_bg_wssv_2cls_split70_15_15/labels/val/BG-29-img-1.txt,38,bc2100460c773ac31d68dfd7c600d377a74c4b7008e88ca47b960fe2f43dfae2
val,image,/home/drnguyenvinh/notebooks/shrimp_yolo_canonical_bg_wssv_2cls_split70_15_15/images/val/BG-35-img-1.jpg,189553,a00a41b073fee732526335ed4de03375e49d5a26cffc24b90ea9cdb9f13b42eb
val,label,/home/drnguyenvinh/notebooks/shrimp_yolo_canonical_bg_wssv_2cls_split70_15_15/labels/val/BG-35-img-1.txt,114,e337c4340871c395ad8f0fb8728e786a4beb70435ddc6a6f59aa09da483d4d24
val,image,/home/drnguyenvinh/notebooks/shrimp_yolo_canonical_bg_wssv_2cls_split70_15_15/images/val/BG-36-img-2.jpg,209398,ff6fd0ed97ce0eabe2c103c2f05aede0e4f088160e6069936dcd462e166e33ed
val,label,/home/drnguyenvinh/notebooks/shrimp_yolo_canonical_bg_wssv_2cls_split70_15_15/labels/val/BG-36-img-2.txt,76,358ca9035b553af991f7536db1c7c3f8ad447fc0336d1e86fc9f3f37a9a6380b
val,image,/home/drnguyenvinh/notebooks/shrimp_yolo_canonical_bg_wssv_2cls_split70_15_15/images/val/BG-37-img-3.jpg,201154,6db88f7a7396f4419ba4985118670a9b485456128ebe2752fe603e0b449bc4e3
val,label,/home/drnguyenvinh/notebooks/shrimp_yolo_canonical_bg_wssv_2cls_split70_15_15/labels/val/BG-37-img-3.txt,190,d9bf79508e0e7b8a43e08892eb0d666b949640d1ccd58e501eb3a8b89e6ed824
val,image,/home/drnguyenvinh/notebooks/shrimp_yolo_canonical_bg_wssv_2cls_split70_15_15/images/val/BG-40-img-2.jpg,218850,cabc861052b9e110f73cafec7d9e0ae723caadec74628659338edb08de3d5053
val,label,/home/drnguyenvinh/notebooks/shrimp_yolo_canonical_bg_wssv_2cls_split70_15_15/labels/val/BG-40-img-2.txt,190,979e28d3543811aabecb7297985cece11219d3ced5a0054ed9e4ffe920e8cb6c
val,image,/home/drnguyenvinh/notebooks/shrimp_yolo_canonical_bg_wssv_2cls_split70_15_15/images/val/BG-40-img-3.jpg,241923,53d2d541e5248727de0630951c7123617f35a7e9bbcbd165815bd1b032b50a22
val,label,/home/drnguyenvinh/notebooks/shrimp_yolo_canonical_bg_wssv_2cls_split70_15_15/labels/val/BG-40-img-3.txt,114,59366df4c77413ba366f262bc10a3c0773d2161f14ba50d8788c43f7b9947ad1
val,image,/home/drnguyenvinh/notebooks/shrimp_yolo_canonical_bg_wssv_2cls_split70_15_15/images/val/BG-41-img-1.jpg,239473,69957f4780dba757406666c7009a9dbb8e92fec23e54abdc055bd18d7a75f36b
val,label,/home/drnguyenvinh/notebooks/shrimp_yolo_canonical_bg_wssv_2cls_split70_15_15/labels/val/BG-41-img-1.txt,152,900e6c4af4eb0aef96a8114f5b9add4bbfe1e337143dd24d74d1461f43809427
val,image,/home/drnguyenvinh/notebooks/shrimp_yolo_canonical_bg_wssv_2cls_split70_15_15/images/val/BG-42-img-1.jpg,243648,24f8b45a4a6896844c6e9b8a6dd6e27ac646e45e9205b404eed162f9bb81e729
val,label,/home/drnguyenvinh/notebooks/shrimp_yolo_canonical_bg_wssv_2cls_split70_15_15/labels/val/BG-42-img-1.txt,38,7ea8930bf01dbe5e2e97f6d0b1621b64ccc5b175dd4f678689cd984e56bb7a0b
val,image,/home/drnguyenvinh/notebooks/shrimp_yolo_canonical_bg_wssv_2cls_split70_15_15/images/val/BG-42-img-2.jpg,239035,1c4e2a29037a2d584e68f18abcba553a6133a7816609c8645b34bcda8c7ab59f
val,label,/home/drnguyenvinh/notebooks/shrimp_yolo_canonical_bg_wssv_2cls_split70_15_15/labels/val/BG-42-img-2.txt,152,87e3ade2d9dbead35272c5a8a628583a11694f3628cae7fe39567f849f5ae43d
val,image,/home/drnguyenvinh/notebooks/shrimp_yolo_canonical_bg_wssv_2cls_split70_15_15/images/val/BG-43-img-3.jpg,178080,b178435f5b3f94fe44607d8bb7d6dba4f16e937bcd43db4cbb35e48d0836d6ef
val,label,/home/drnguyenvinh/notebooks/shrimp_yolo_canonical_bg_wssv_2cls_split70_15_15/labels/val/BG-43-img-3.txt,76,1e4d0a39dbba37b7bfa900bac362d511e8a6aeba6ebc6b1815809db42cb5ddee
val,image,/home/drnguyenvinh/notebooks/shrimp_yolo_canonical_bg_wssv_2cls_split70_15_15/images/val/BG-44-img-1.jpg,228580,4a39e82e194dd3326053e68db40379cc48a3caf698cad6ff4485b235a3182ebe
val,label,/home/drnguyenvinh/notebooks/shrimp_yolo_canonical_bg_wssv_2cls_split70_15_15/labels/val/BG-44-img-1.txt,190,00144bc9e6f062f66fda052250e3660ccc503d54d4a2e407b4c0200d6d299b78
val,image,/home/drnguyenvinh/notebooks/shrimp_yolo_canonical_bg_wssv_2cls_split70_15_15/images/val/BG-5-img-1.jpg,250413,242b6bc64671868258a515c384c5a4f9ae455bc145c8d4ee6d46a32ff950c90c
val,label,/home/drnguyenvinh/notebooks/shrimp_yolo_canonical_bg_wssv_2cls_split70_15_15/labels/val/BG-5-img-1.txt,76,506f3089686f3237efddab68c8ff4a958b850f74f17118eff31f37f37727c2e4
val,image,/home/drnguyenvinh/notebooks/shrimp_yolo_canonical_bg_wssv_2cls_split70_15_15/images/val/BG-51-img-1.jpg,148545,9ae8154528d9bf6b26b1ec371aa9feb34f80aff28d01fde01dfc4de57ed619fa
val,label,/home/drnguyenvinh/notebooks/shrimp_yolo_canonical_bg_wssv_2cls_split70_15_15/labels/val/BG-51-img-1.txt,38,a07237d60abd0ffb456333c972ec14823275d629043e7c96c954ee7ebd8c4f29
val,image,/home/drnguyenvinh/notebooks/shrimp_yolo_canonical_bg_wssv_2cls_split70_15_15/images/val/BG-58-img-2.jpg,208506,0f8a2463988c35fea8e5b49eb34a25511ebfbdd1d16dd8ebf39bf24093b4a400
val,label,/home/drnguyenvinh/notebooks/shrimp_yolo_canonical_bg_wssv_2cls_split70_15_15/labels/val/BG-58-img-2.txt,38,887788e9362b6044a126f2816f9b826221ec24392b89b0d844d6e13fc5d76da5
val,image,/home/drnguyenvinh/notebooks/shrimp_yolo_canonical_bg_wssv_2cls_split70_15_15/images/val/BG-59-img-3.jpg,235199,a2ffd5e374da2addee730cb319773f8e442ef56335a9b070c8db1456e54c40c9
val,label,/home/drnguyenvinh/notebooks/shrimp_yolo_canonical_bg_wssv_2cls_split70_15_15/labels/val/BG-59-img-3.txt,76,e0568dcc7f17f6e94136920fa8facceaf736bfb914a1ddf8f56c149c36c902c0
val,image,/home/drnguyenvinh/notebooks/shrimp_yolo_canonical_bg_wssv_2cls_split70_15_15/images/val/BG-62-img-1.jpg,184712,772a49f28e6bd43cbad7f9ca403a431a47186f9fb226f0183eae5e18220cbcc6
val,label,/home/drnguyenvinh/notebooks/shrimp_yolo_canonical_bg_wssv_2cls_split70_15_15/labels/val/BG-62-img-1.txt,76,02f6d6b76f7ffedad770fcc84958cd1111edd092c8ea22c09590e5f8248d05c4
val,image,/home/drnguyenvinh/notebooks/shrimp_yolo_canonical_bg_wssv_2cls_split70_15_15/images/val/BG-68-img-3.jpg,245270,d065014e07360ffdde1fa1c44336275f5c3cc5cc5dfc48c5585fb6101a39b37f
val,label,/home/drnguyenvinh/notebooks/shrimp_yolo_canonical_bg_wssv_2cls_split70_15_15/labels/val/BG-68-img-3.txt,114,644edfb93f05764b4e150b2788171774bec480614c35b536dae0410448e38c1b
val,image,/home/drnguyenvinh/notebooks/shrimp_yolo_canonical_bg_wssv_2cls_split70_15_15/images/val/BG-7-img-2.jpg,443738,aee048e6bb3a8bfef94face2a61c1bb7fb7cdef4f7a79e0e4b7eea016de6d5e3
val,label,/home/drnguyenvinh/notebooks/shrimp_yolo_canonical_bg_wssv_2cls_split70_15_15/labels/val/BG-7-img-2.txt,38,50409f66c74312c0c578c1764fe0ed73f6a8e5dc8e7e60a9fa897ded5e643c45
val,image,/home/drnguyenvinh/notebooks/shrimp_yolo_canonical_bg_wssv_2cls_split70_15_15/images/val/BG-71-img-3.jpg,206605,e8ac1ffdf47ba1e2777192eea363b28fb32b7564bf0f06140ba63423aa3b6522
val,label,/home/drnguyenvinh/notebooks/shrimp_yolo_canonical_bg_wssv_2cls_split70_15_15/labels/val/BG-71-img-3.txt,342,4ce15669db394235ba72f0f52ff318b2a7477955d07a63192a7cb10bf694f520
val,image,/home/drnguyenvinh/notebooks/shrimp_yolo_canonical_bg_wssv_2cls_split70_15_15/images/val/BG-72-img-1.jpg,219243,701dd215f2760406db52ea2841095ecabb87cbe9d28fffb4a889302e24162a31
val,label,/home/drnguyenvinh/notebooks/shrimp_yolo_canonical_bg_wssv_2cls_split70_15_15/labels/val/BG-72-img-1.txt,76,4269e57c3f8bdbc701112cc11c5667cf400e6516f6d3c95fc8bc36e14f99cc2c
val,image,/home/drnguyenvinh/notebooks/shrimp_yolo_canonical_bg_wssv_2cls_split70_15_15/images/val/BG-73-img-1.jpg,136471,2b8dc42d7dae91b7dcaa4b5b9e507781c98c5eba418433b15345bbd785e92b96
val,label,/home/drnguyenvinh/notebooks/shrimp_yolo_canonical_bg_wssv_2cls_split70_15_15/labels/val/BG-73-img-1.txt,38,98be1314bb63d462591504ec32b110ad7802e9a62fe08d41856a33bdf4b6a005
val,image,/home/drnguyenvinh/notebooks/shrimp_yolo_canonical_bg_wssv_2cls_split70_15_15/images/val/BG-8-img-3.jpg,627630,699e39bd32de7f80956a5a6af0a1445b73a194ce8c7b2e46aa524e7d7405648b
val,label,/home/drnguyenvinh/notebooks/shrimp_yolo_canonical_bg_wssv_2cls_split70_15_15/labels/val/BG-8-img-3.txt,76,d2fbf7bbbb4df28c1f00eb6bdce2bdbb52753decd13f4ee9cd841b18e1d50273
val,image,/home/drnguyenvinh/notebooks/shrimp_yolo_canonical_bg_wssv_2cls_split70_15_15/images/val/WSSV-102-img-2.jpg,178113,3787171dff29ebd60b0f5d9eef1c105ff82f10ae8694de4aa6f3f54c35326dcf
val,label,/home/drnguyenvinh/notebooks/shrimp_yolo_canonical_bg_wssv_2cls_split70_15_15/labels/val/WSSV-102-img-2.txt,304,80320f7eb858baa665bfa5c5b6c9c571990a1ded9463e75fb676422c9000fe75
val,image,/home/drnguyenvinh/notebooks/shrimp_yolo_canonical_bg_wssv_2cls_split70_15_15/images/val/WSSV-103-img-3.jpg,181619,68642304c757070a7d88b70febde36b257830838bb92abb5fe1dd1f8b995248c
val,label,/home/drnguyenvinh/notebooks/shrimp_yolo_canonical_bg_wssv_2cls_split70_15_15/labels/val/WSSV-103-img-3.txt,1064,cc0aad6ffdbff072a85ff34cd078b6256928e532b2f4b9e6c1ccb9461c44dd54
val,image,/home/drnguyenvinh/notebooks/shrimp_yolo_canonical_bg_wssv_2cls_split70_15_15/images/val/WSSV-106-img-2.jpg,204761,1e53afe84ad982c2df96bc2361780af5d985f660268e341f6523a4df07d6d7ce
val,label,/home/drnguyenvinh/notebooks/shrimp_yolo_canonical_bg_wssv_2cls_split70_15_15/labels/val/WSSV-106-img-2.txt,152,fce22bc83319a72e2a667e257e0f6b5291aad5fc462af8997bc49154cca42ece
val,image,/home/drnguyenvinh/notebooks/shrimp_yolo_canonical_bg_wssv_2cls_split70_15_15/images/val/WSSV-107-img-1.jpg,184566,7d0cd3a8704d274cea6cb70dfdbd2f98bf46425f5b1bdf20ccb499ed3816c44d
val,label,/home/drnguyenvinh/notebooks/shrimp_yolo_canonical_bg_wssv_2cls_split70_15_15/labels/val/WSSV-107-img-1.txt,114,1556ef61745ed73037edb5d415f3ce65f0455185c64fdbe66359c6fce42e3162
val,image,/home/drnguyenvinh/notebooks/shrimp_yolo_canonical_bg_wssv_2cls_split70_15_15/images/val/WSSV-107-img-3.jpg,200071,7f9bfd1b9be4848edb46ba6fa90c40f77492ad29e3b954834614f539a530d419
val,label,/home/drnguyenvinh/notebooks/shrimp_yolo_canonical_bg_wssv_2cls_split70_15_15/labels/val/WSSV-107-img-3.txt,38,97477db32b92a0f10485b2708ad39454e887e5a5d7699abd8e4bea7a25415427
val,image,/home/drnguyenvinh/notebooks/shrimp_yolo_canonical_bg_wssv_2cls_split70_15_15/images/val/WSSV-109-img-1.jpg,220956,3c15bc6488b4287b9c7501c87b9cbe0ca46e5ede506add13c57e29106c72913e
val,label,/home/drnguyenvinh/notebooks/shrimp_yolo_canonical_bg_wssv_2cls_split70_15_15/labels/val/WSSV-109-img-1.txt,266,24470648b29fb17047c3a6f2b5fc18fefbd16aeaae728831d22256c6211a96db
val,image,/home/drnguyenvinh/notebooks/shrimp_yolo_canonical_bg_wssv_2cls_split70_15_15/images/val/WSSV-110-img-2.jpg,211903,510f3718fb8add2365da9b23b7bb7be1058f4b1b3bedb1814721b06908ff3214
val,label,/home/drnguyenvinh/notebooks/shrimp_yolo_canonical_bg_wssv_2cls_split70_15_15/labels/val/WSSV-110-img-2.txt,570,ee69a1a22584b02c73dfc4af54f1bdf3b7a416feff388d9362941972dcd37842
val,image,/home/drnguyenvinh/notebooks/shrimp_yolo_canonical_bg_wssv_2cls_split70_15_15/images/val/WSSV-112-img-1.jpg,205941,ba337276e66e798074dc806d725198d20257751a61ec4ddd05ea23c209bafc79
val,label,/home/drnguyenvinh/notebooks/shrimp_yolo_canonical_bg_wssv_2cls_split70_15_15/labels/val/WSSV-112-img-1.txt,114,6b74f5b54553946bc40e0146f571b6653c0ba863a9c0dd306163ab86127be6a7
val,image,/home/drnguyenvinh/notebooks/shrimp_yolo_canonical_bg_wssv_2cls_split70_15_15/images/val/WSSV-114-img-2.jpg,215972,e63033771efbf551bc9a3117295f1a15b23fe1913164a52aa31f5b98fd367d7d
val,label,/home/drnguyenvinh/notebooks/shrimp_yolo_canonical_bg_wssv_2cls_split70_15_15/labels/val/WSSV-114-img-2.txt,228,74fa392480667b153ad7a19dc660560228b4ca7d99824b077250fd08cd08c43c
val,image,/home/drnguyenvinh/notebooks/shrimp_yolo_canonical_bg_wssv_2cls_split70_15_15/images/val/WSSV-115-img-1.jpg,212886,e00d1028d1e321b7840d0da67a7a3093b582fd509889199b67b180b8b622e234
val,label,/home/drnguyenvinh/notebooks/shrimp_yolo_canonical_bg_wssv_2cls_split70_15_15/labels/val/WSSV-115-img-1.txt,304,8ea26ace07b953d28f19c5ac1121aba3287b71c35f17517654079f12621b2d7b
val,image,/home/drnguyenvinh/notebooks/shrimp_yolo_canonical_bg_wssv_2cls_split70_15_15/images/val/WSSV-116-img-2.jpg,248371,ce1d07199034dc364b2568c0cdd95d75aca0f47ea8808cb655af87098db4cdda
val,label,/home/drnguyenvinh/notebooks/shrimp_yolo_canonical_bg_wssv_2cls_split70_15_15/labels/val/WSSV-116-img-2.txt,228,495901600e3487048ed2a23c49863a6f6cd799c9b60494651970013bbf0befc1
val,image,/home/drnguyenvinh/notebooks/shrimp_yolo_canonical_bg_wssv_2cls_split70_15_15/images/val/WSSV-116-img-3.jpg,247142,0f3c83d6161aa8fb30fd6d7f4cb033458af6ce09b19e94a23887f90dbff43437
val,label,/home/drnguyenvinh/notebooks/shrimp_yolo_canonical_bg_wssv_2cls_split70_15_15/labels/val/WSSV-116-img-3.txt,342,f5ca0d4d11fe20d8e3949034852eff76b41a6ed811c610319bd0da24cf162240
val,image,/home/drnguyenvinh/notebooks/shrimp_yolo_canonical_bg_wssv_2cls_split70_15_15/images/val/WSSV-118-img-3.jpg,188938,ffe159347ab5d3d58049f949c98585a394bd3e1fe407dfa3b8d9b56b74613b39
val,label,/home/drnguyenvinh/notebooks/shrimp_yolo_canonical_bg_wssv_2cls_split70_15_15/labels/val/WSSV-118-img-3.txt,342,ebe10d25fde1b991373538c450bd137d84fa63171a046efc62d8a70a69fe37ba
val,image,/home/drnguyenvinh/notebooks/shrimp_yolo_canonical_bg_wssv_2cls_split70_15_15/images/val/WSSV-15-img-3.jpg,203683,16ca5acca67f9b65b0bc24518e8b50f0cb8e13e1fdde57446950c8912a88cf3e
val,label,/home/drnguyenvinh/notebooks/shrimp_yolo_canonical_bg_wssv_2cls_split70_15_15/labels/val/WSSV-15-img-3.txt,76,6bbc1c9006061951ea797e08018368809a6fbad7a252bd67c026761d837d89ab
val,image,/home/drnguyenvinh/notebooks/shrimp_yolo_canonical_bg_wssv_2cls_split70_15_15/images/val/WSSV-22-img-1.jpg,161316,121efa8eb102a8304a62009efd05f5437bf0163569bddeee055c9a5f39d42c5f
val,label,/home/drnguyenvinh/notebooks/shrimp_yolo_canonical_bg_wssv_2cls_split70_15_15/labels/val/WSSV-22-img-1.txt,76,5cb3735ac53068e191f788709c5287569f6c682e185e7525b15583529cb5024a
val,image,/home/drnguyenvinh/notebooks/shrimp_yolo_canonical_bg_wssv_2cls_split70_15_15/images/val/WSSV-24-img-1.jpg,157183,deab5950607524fd9594e1c62f2646c6dccc3c29167b692383ce3e98b35bad0a
val,label,/home/drnguyenvinh/notebooks/shrimp_yolo_canonical_bg_wssv_2cls_split70_15_15/labels/val/WSSV-24-img-1.txt,608,dd8cabbfb1d86b37fe1a5c47698cff1f1926bcfcab01629644abe494502f3788
val,image,/home/drnguyenvinh/notebooks/shrimp_yolo_canonical_bg_wssv_2cls_split70_15_15/images/val/WSSV-26-img-1.jpg,184323,9e9ae7f43b3934009cec2176e98226ae63a30e77cfe93b932b2d6d042fb0215d
val,label,/home/drnguyenvinh/notebooks/shrimp_yolo_canonical_bg_wssv_2cls_split70_15_15/labels/val/WSSV-26-img-1.txt,266,e4fdcc6a61e8d40498331e611d0fc951084ecdc47a46e4d73f9b336d7e90407a
val,image,/home/drnguyenvinh/notebooks/shrimp_yolo_canonical_bg_wssv_2cls_split70_15_15/images/val/WSSV-32-img-2.jpg,168376,29adf5d3bcc2924df93faaef40ac7d4cb24862c6f60bb012cd0233ddea150d07
val,label,/home/drnguyenvinh/notebooks/shrimp_yolo_canonical_bg_wssv_2cls_split70_15_15/labels/val/WSSV-32-img-2.txt,76,a8751cc31eadc15fef9c8b93b0b51ac92066234131c01bdb571cd730a11524e6
val,image,/home/drnguyenvinh/notebooks/shrimp_yolo_canonical_bg_wssv_2cls_split70_15_15/images/val/WSSV-33-img-3.jpg,149892,b4bfbcf596a5fa10c36175d4a8fa136199cf35f4ef3c291bd0f0a3322e8c5345
val,label,/home/drnguyenvinh/notebooks/shrimp_yolo_canonical_bg_wssv_2cls_split70_15_15/labels/val/WSSV-33-img-3.txt,76,5369fdf1e422b91dbe2704df7f8b59dbd1bbcec112c69eecead343f48d0987dd
val,image,/home/drnguyenvinh/notebooks/shrimp_yolo_canonical_bg_wssv_2cls_split70_15_15/images/val/WSSV-38-img-1.jpg,149550,c23d3e216355ebf0453a18846a438724bc1856b4bc5207fcad278462b65da12b
val,label,/home/drnguyenvinh/notebooks/shrimp_yolo_canonical_bg_wssv_2cls_split70_15_15/labels/val/WSSV-38-img-1.txt,418,c7d895446c7b072ed25d770ed65519078b59c39e4e1e1b48d7cf70508711bc8c
val,image,/home/drnguyenvinh/notebooks/shrimp_yolo_canonical_bg_wssv_2cls_split70_15_15/images/val/WSSV-38-img-3.jpg,151008,d30c541aa8e4d94dc47fe90affe0e0e1cb5e97042c02978b59408d2931b8f227
val,label,/home/drnguyenvinh/notebooks/shrimp_yolo_canonical_bg_wssv_2cls_split70_15_15/labels/val/WSSV-38-img-3.txt,228,5eec015d7d0670fc35987870870db18cef9f43bc4b319a7c8264fe2f8bba0528
val,image,/home/drnguyenvinh/notebooks/shrimp_yolo_canonical_bg_wssv_2cls_split70_15_15/images/val/WSSV-46-img-2.jpg,170306,9f83ccdac954353a7e062c5f8360d54bd14d3e0960a771b610b4ef3bf5124c7d
val,label,/home/drnguyenvinh/notebooks/shrimp_yolo_canonical_bg_wssv_2cls_split70_15_15/labels/val/WSSV-46-img-2.txt,190,085a0525b2e5729aa6d31ee65eb52f206d7363434a2f7c1f60cd3b846f5fab28
val,image,/home/drnguyenvinh/notebooks/shrimp_yolo_canonical_bg_wssv_2cls_split70_15_15/images/val/WSSV-50-img-2.jpg,177868,8b21f9d003d5e7a42c45f19633992913150a530a18abd18fd2ab0e6999634a43
val,label,/home/drnguyenvinh/notebooks/shrimp_yolo_canonical_bg_wssv_2cls_split70_15_15/labels/val/WSSV-50-img-2.txt,342,37c86ed674afebcae2af3c1c7264c414640d617af76d48ce6cd1902d1c3a24a2
val,image,/home/drnguyenvinh/notebooks/shrimp_yolo_canonical_bg_wssv_2cls_split70_15_15/images/val/WSSV-54-img-1.jpg,135398,3ce8f33756441bca67bca27131fea2805b01f61bd5ef0a092b4b53158b390010
val,label,/home/drnguyenvinh/notebooks/shrimp_yolo_canonical_bg_wssv_2cls_split70_15_15/labels/val/WSSV-54-img-1.txt,722,2f26193635cbde4f1f0cc3d4a3473132315d47857854041411c7c1c39bdc631c
val,image,/home/drnguyenvinh/notebooks/shrimp_yolo_canonical_bg_wssv_2cls_split70_15_15/images/val/WSSV-59-img-1.jpg,193864,396b7b7b4b775fb4350cdd884a9e7634d8a0a4753173fb7e300eb2c96d5630d1
val,label,/home/drnguyenvinh/notebooks/shrimp_yolo_canonical_bg_wssv_2cls_split70_15_15/labels/val/WSSV-59-img-1.txt,380,a1c69d51cf2dbcc763789452d5fc23c00959b77e7cb3daee99a2b02d3c18cc21
val,image,/home/drnguyenvinh/notebooks/shrimp_yolo_canonical_bg_wssv_2cls_split70_15_15/images/val/WSSV-6-img-3.jpg,334790,2dce56a8dc7fdbcae84fdc1ddbc535a4516a31842e884f11d9bb9c93930c079a
val,label,/home/drnguyenvinh/notebooks/shrimp_yolo_canonical_bg_wssv_2cls_split70_15_15/labels/val/WSSV-6-img-3.txt,722,2bb23facf8e97ae2648e4cb583850ab5a5b3c5a7cbbc269664d6d8c8c83cc1ba
val,image,/home/drnguyenvinh/notebooks/shrimp_yolo_canonical_bg_wssv_2cls_split70_15_15/images/val/WSSV-61-img-1.jpg,136061,d6548b37a7130d8d5ba9d4233f4ecd3b20fc4d72ba3c81c58c148e8b96452786
val,label,/home/drnguyenvinh/notebooks/shrimp_yolo_canonical_bg_wssv_2cls_split70_15_15/labels/val/WSSV-61-img-1.txt,304,96bf323a3851327e84cec362b58030e89c66caa45e9f25a40e1bb0a1c85ce590
val,image,/home/drnguyenvinh/notebooks/shrimp_yolo_canonical_bg_wssv_2cls_split70_15_15/images/val/WSSV-62-img-1.jpg,141475,ef4af80ca6ee14ddbf2b9fa41070ac937e95e451ed5c8e7a1795e31c8668a077
val,label,/home/drnguyenvinh/notebooks/shrimp_yolo_canonical_bg_wssv_2cls_split70_15_15/labels/val/WSSV-62-img-1.txt,1596,e1fd12bb31f25213b1cde369b997df46214973aee1165a64598469f520c529ce
val,image,/home/drnguyenvinh/notebooks/shrimp_yolo_canonical_bg_wssv_2cls_split70_15_15/images/val/WSSV-63-img-1.jpg,132866,93ed274b58142b4455caae788664fd56b5f628269ed8023572370f35203f3dfd
val,label,/home/drnguyenvinh/notebooks/shrimp_yolo_canonical_bg_wssv_2cls_split70_15_15/labels/val/WSSV-63-img-1.txt,114,ff203625feee5226418f7e1b193eee312b36e11824861fb51de5d19a0e9120d8
val,image,/home/drnguyenvinh/notebooks/shrimp_yolo_canonical_bg_wssv_2cls_split70_15_15/images/val/WSSV-63-img-2.jpg,146685,82fcc07996fac371a0066973c43d36b6d2883bd786a40460357bc5f330300423
val,label,/home/drnguyenvinh/notebooks/shrimp_yolo_canonical_bg_wssv_2cls_split70_15_15/labels/val/WSSV-63-img-2.txt,342,6768d1e17d1b56e179b5946029aa9f47c0f07db86d7743050377ae695230ffc1
val,image,/home/drnguyenvinh/notebooks/shrimp_yolo_canonical_bg_wssv_2cls_split70_15_15/images/val/WSSV-63-img-3.jpg,132004,7bdcae1e533384c2a417649070b58fa0213eb44ed969365bb798944bddf4862b
val,label,/home/drnguyenvinh/notebooks/shrimp_yolo_canonical_bg_wssv_2cls_split70_15_15/labels/val/WSSV-63-img-3.txt,836,23d9068e0a3e483791d6c83d3be37c4cd4fd6814c65400f702c5b1e82ac82baa
val,image,/home/drnguyenvinh/notebooks/shrimp_yolo_canonical_bg_wssv_2cls_split70_15_15/images/val/WSSV-65-img-2.jpg,145547,1d208ad8ff4f45a470c65f0585a9f05629f90b2d2a0bb63e48072e67cce5bb68
val,label,/home/drnguyenvinh/notebooks/shrimp_yolo_canonical_bg_wssv_2cls_split70_15_15/labels/val/WSSV-65-img-2.txt,418,937846f3bf8a5a06ffb8dcf6b66ef1fd21a466295c493337756e1c0c2019aaa8
val,image,/home/drnguyenvinh/notebooks/shrimp_yolo_canonical_bg_wssv_2cls_split70_15_15/images/val/WSSV-66-img-2.jpg,148487,921effa6735a9efa6130eab71f870fe47ee71982415d3c03b8ce9808223d96d6
val,label,/home/drnguyenvinh/notebooks/shrimp_yolo_canonical_bg_wssv_2cls_split70_15_15/labels/val/WSSV-66-img-2.txt,342,dd90fc49214e10ac4d76095e5315655958ff1b5e6fa701683f54e918353e2ab1
val,image,/home/drnguyenvinh/notebooks/shrimp_yolo_canonical_bg_wssv_2cls_split70_15_15/images/val/WSSV-68-img-3.jpg,156502,0b3a51333d1831712e425209e7d676e5daf18be4a9eb22e1858672a2570f6780
val,label,/home/drnguyenvinh/notebooks/shrimp_yolo_canonical_bg_wssv_2cls_split70_15_15/labels/val/WSSV-68-img-3.txt,570,d667e47912a4680007ffbcc01c478d7f00da0213c00a34ce297d9154c9f85f8c
val,image,/home/drnguyenvinh/notebooks/shrimp_yolo_canonical_bg_wssv_2cls_split70_15_15/images/val/WSSV-69-img-1.jpg,132235,2a9b56e8d7e79b032511fdfe00194ea254a6b72006300b31401b7d6e4fae31d7
val,label,/home/drnguyenvinh/notebooks/shrimp_yolo_canonical_bg_wssv_2cls_split70_15_15/labels/val/WSSV-69-img-1.txt,266,4892fa9ce82b896e1a134ffff7e99aa1d32266c356c3f3e69a613842858e7ff4
val,image,/home/drnguyenvinh/notebooks/shrimp_yolo_canonical_bg_wssv_2cls_split70_15_15/images/val/WSSV-69-img-3.jpg,151933,7d4c5f8d17f267f1496e7261cf6ca83268e930fb69257fd7cc6467844d459a71
val,label,/home/drnguyenvinh/notebooks/shrimp_yolo_canonical_bg_wssv_2cls_split70_15_15/labels/val/WSSV-69-img-3.txt,1444,82c2de086f4bb25a2be7a9c1f7f2dca69efb5f4c9f5a17d0946b8eeef53f7da3
val,image,/home/drnguyenvinh/notebooks/shrimp_yolo_canonical_bg_wssv_2cls_split70_15_15/images/val/WSSV-78-img-1.jpg,153427,7d240197f46d957d807b2dbef861bc7b3cb0092be9c0d216d15ea5ec79e7ed19
val,label,/home/drnguyenvinh/notebooks/shrimp_yolo_canonical_bg_wssv_2cls_split70_15_15/labels/val/WSSV-78-img-1.txt,114,5e6120d3b16eaacdb6d1b352f49c67c99d3f4b3cbe2fe8bc5a4f5d44c29d626a
val,image,/home/drnguyenvinh/notebooks/shrimp_yolo_canonical_bg_wssv_2cls_split70_15_15/images/val/WSSV-79-img-2.jpg,143297,671996f6f0dbe4a4f6ddbc01cc656f15bff7b0b9ea34f25e0753cfc5df3fe771
val,label,/home/drnguyenvinh/notebooks/shrimp_yolo_canonical_bg_wssv_2cls_split70_15_15/labels/val/WSSV-79-img-2.txt,114,589313da00f691c22bdc9ad8977865aaff5b48a5b947dccba645f887bfb95ab7
val,image,/home/drnguyenvinh/notebooks/shrimp_yolo_canonical_bg_wssv_2cls_split70_15_15/images/val/WSSV-8-img-3.jpg,767350,02698fb8be95af35ded2b1a7f77fc3180e9cd1778dacfd8c54ffbd2dc9ef8043
val,label,/home/drnguyenvinh/notebooks/shrimp_yolo_canonical_bg_wssv_2cls_split70_15_15/labels/val/WSSV-8-img-3.txt,494,f891019c64b3c5107f148ef11ba31121c0e68ff82dd94236d5baaa19b82ef5bb
val,image,/home/drnguyenvinh/notebooks/shrimp_yolo_canonical_bg_wssv_2cls_split70_15_15/images/val/WSSV-80-img-2.jpg,148474,fec74ef61f0ed7ffe5b7fc1db950d8ec49ae2251f96a0bd90b955667ccc070c3
val,label,/home/drnguyenvinh/notebooks/shrimp_yolo_canonical_bg_wssv_2cls_split70_15_15/labels/val/WSSV-80-img-2.txt,266,2af9666b9650a7f128f66f10bbb7ac30d49083652ff34a46c77a22923b97fae3
val,image,/home/drnguyenvinh/notebooks/shrimp_yolo_canonical_bg_wssv_2cls_split70_15_15/images/val/WSSV-81-img-1.jpg,154274,25c5f9113171e40a173b07fad0dae593b73b93918120d39502fe8ad033c82fa6
val,label,/home/drnguyenvinh/notebooks/shrimp_yolo_canonical_bg_wssv_2cls_split70_15_15/labels/val/WSSV-81-img-1.txt,342,bed31e296c556b2bac5e2a19ab236c2059beef64bdc1a1701805f19f7987734f
val,image,/home/drnguyenvinh/notebooks/shrimp_yolo_canonical_bg_wssv_2cls_split70_15_15/images/val/WSSV-82-img-2.jpg,246800,27aa16a17f9a98446e439fcfdc5d65c3bad8fcd2d85ade86c17dd0821db575d4
val,label,/home/drnguyenvinh/notebooks/shrimp_yolo_canonical_bg_wssv_2cls_split70_15_15/labels/val/WSSV-82-img-2.txt,190,6d2b9da362f4d0a354aa78005772c252b224f32bfa796be7864c9c2fa534fa9b
val,image,/home/drnguyenvinh/notebooks/shrimp_yolo_canonical_bg_wssv_2cls_split70_15_15/images/val/WSSV-86-img-3.jpg,220937,d6592278a05fe04c3148f8481870655951142d387db5fd0e49f2d289de785ff3
val,label,/home/drnguyenvinh/notebooks/shrimp_yolo_canonical_bg_wssv_2cls_split70_15_15/labels/val/WSSV-86-img-3.txt,342,8d365dd7bc0927b402cf886d20733816b82318231bab3d916dc27e203e5f572f
val,image,/home/drnguyenvinh/notebooks/shrimp_yolo_canonical_bg_wssv_2cls_split70_15_15/images/val/WSSV-90-img-1.jpg,216806,e5bb1be051b0306b64d2d07cab11c29fcad1fd5f2b4a6875188b627cfde40469
val,label,/home/drnguyenvinh/notebooks/shrimp_yolo_canonical_bg_wssv_2cls_split70_15_15/labels/val/WSSV-90-img-1.txt,494,518775aa3052961f8dc6fec86a29c8da2b2dd26c0561bb645d48c509e700908e
val,image,/home/drnguyenvinh/notebooks/shrimp_yolo_canonical_bg_wssv_2cls_split70_15_15/images/val/WSSV-91-img-3.jpg,179810,6d023fc05c55610b5220b5e8f4fda7843e802f55963297ddbce74e61515fb29b
val,label,/home/drnguyenvinh/notebooks/shrimp_yolo_canonical_bg_wssv_2cls_split70_15_15/labels/val/WSSV-91-img-3.txt,304,695d84ec6810d872392bffd2f38dc1a01bd5d0d8414d77a8dfdb09576da4494a
val,image,/home/drnguyenvinh/notebooks/shrimp_yolo_canonical_bg_wssv_2cls_split70_15_15/images/val/WSSV-92-img-3.jpg,186101,4939715bbcca6b41aee7ecfffbf0d7f7f4872defab5f3bdaa9c7e0fd967ffcc4
val,label,/home/drnguyenvinh/notebooks/shrimp_yolo_canonical_bg_wssv_2cls_split70_15_15/labels/val/WSSV-92-img-3.txt,152,f48da9d9876151ae8a8af0de2f3e6bc1bfc7f23a39a3d6774ce888d50a5d08fc
val,image,/home/drnguyenvinh/notebooks/shrimp_yolo_canonical_bg_wssv_2cls_split70_15_15/images/val/WSSV-94-img-2.jpg,220197,46eb1f3c9911d8c33fe8fa34b876ab079b57f67f02c708f9444b7f90620638da
val,label,/home/drnguyenvinh/notebooks/shrimp_yolo_canonical_bg_wssv_2cls_split70_15_15/labels/val/WSSV-94-img-2.txt,380,53f47fb6a010162f6652389a0872324ee3f3d5dea813c6c470154d27e9e57bce
val,image,/home/drnguyenvinh/notebooks/shrimp_yolo_canonical_bg_wssv_2cls_split70_15_15/images/val/WSSV-96-img-2.jpg,215753,ffa5037e9fbc62d9154292cac7b30898f9e520e8d4ca76d2fe71cef9a261fa0a
val,label,/home/drnguyenvinh/notebooks/shrimp_yolo_canonical_bg_wssv_2cls_split70_15_15/labels/val/WSSV-96-img-2.txt,342,237f13c0fa647971269421317c913dd059fce7356b7cc3b7189722d8a3d573ba
val,image,/home/drnguyenvinh/notebooks/shrimp_yolo_canonical_bg_wssv_2cls_split70_15_15/images/val/WSSV-97-img-2.jpg,205907,08c8f92025e0f0d378252b3463876cbedef32e5055dc5a3fb63b081442c418d9
val,label,/home/drnguyenvinh/notebooks/shrimp_yolo_canonical_bg_wssv_2cls_split70_15_15/labels/val/WSSV-97-img-2.txt,304,c16f4659df738e707d44eac526ab02f62e67645d130554155bb981ce5d279029
val,image,/home/drnguyenvinh/notebooks/shrimp_yolo_canonical_bg_wssv_2cls_split70_15_15/images/val/WSSV_BG-11-img-1.jpg,966805,1302f02907dcfd3113755d4f194edf39897fff6de79e658dc14d668d0ed8b158
val,label,/home/drnguyenvinh/notebooks/shrimp_yolo_canonical_bg_wssv_2cls_split70_15_15/labels/val/WSSV_BG-11-img-1.txt,304,78dffbd2643c9a484eb6281d0d1fb1e10aabd732b43b1944cb10a3aa930c9290
val,image,/home/drnguyenvinh/notebooks/shrimp_yolo_canonical_bg_wssv_2cls_split70_15_15/images/val/WSSV_BG-12-img-3.jpg,761451,e058cd3cb1e6e1dca6b19141dea748c567b1826672aac80719b565f53d91de69
val,label,/home/drnguyenvinh/notebooks/shrimp_yolo_canonical_bg_wssv_2cls_split70_15_15/labels/val/WSSV_BG-12-img-3.txt,380,b4431b5901ae3f06c01ca21359c4302d2dd2f663fbc73d0b0c7706906a7511b2
val,image,/home/drnguyenvinh/notebooks/shrimp_yolo_canonical_bg_wssv_2cls_split70_15_15/images/val/WSSV_BG-15-img-1.jpg,799957,339bdc99503aebf9dae01f5f36f89bb98f251a7fd4e98de0c98c46e6c4478e20
val,label,/home/drnguyenvinh/notebooks/shrimp_yolo_canonical_bg_wssv_2cls_split70_15_15/labels/val/WSSV_BG-15-img-1.txt,114,d52861494f54e0907a03f52ed33f9dcd79ca480a7b54d7cc674e192913c90de4
val,image,/home/drnguyenvinh/notebooks/shrimp_yolo_canonical_bg_wssv_2cls_split70_15_15/images/val/WSSV_BG-16-img-2.jpg,397843,79e65a860a668bb13b8787897a1db6828e25db6a3981de78573683cc58c66c99
val,label,/home/drnguyenvinh/notebooks/shrimp_yolo_canonical_bg_wssv_2cls_split70_15_15/labels/val/WSSV_BG-16-img-2.txt,304,128647ace07b19dafbea20976cacad34f7b409a91a8829b45e283aab7b6076e6
val,image,/home/drnguyenvinh/notebooks/shrimp_yolo_canonical_bg_wssv_2cls_split70_15_15/images/val/WSSV_BG-17-img-1.jpg,460702,49d5e8cd7742d8415d8e8eea6589832cab4780072ba66fec24d396abbacd6a14
val,label,/home/drnguyenvinh/notebooks/shrimp_yolo_canonical_bg_wssv_2cls_split70_15_15/labels/val/WSSV_BG-17-img-1.txt,342,f3504933bf7c433ad73f73ffade14b88b25bcc9528a7e88f8e7d9cd9d45784e3
val,image,/home/drnguyenvinh/notebooks/shrimp_yolo_canonical_bg_wssv_2cls_split70_15_15/images/val/WSSV_BG-20-img-3.jpg,151157,33a11853e57fe2c99516136497baa9bdd08ccaefbbeeeed5d1d87e49390dc21b
val,label,/home/drnguyenvinh/notebooks/shrimp_yolo_canonical_bg_wssv_2cls_split70_15_15/labels/val/WSSV_BG-20-img-3.txt,152,cc224f4085924e172ecd1fc828685e17bac79a7a4502fe3f5989e20795d15948
val,image,/home/drnguyenvinh/notebooks/shrimp_yolo_canonical_bg_wssv_2cls_split70_15_15/images/val/WSSV_BG-23-img-1.jpg,173063,aa7c312cc88bbe9c2126cff8ed1459cf948e3171db1fbbb0f6412ede9e67eaa0
val,label,/home/drnguyenvinh/notebooks/shrimp_yolo_canonical_bg_wssv_2cls_split70_15_15/labels/val/WSSV_BG-23-img-1.txt,304,e68dc4ee0f0926c8f41598373392c1a5726741b8b653de0aee76808f6be80ddb
val,image,/home/drnguyenvinh/notebooks/shrimp_yolo_canonical_bg_wssv_2cls_split70_15_15/images/val/WSSV_BG-26-img-1.jpg,144442,a4c9c23e4c10e9df38e578944ea241fa52047c2360fe5bb71c42df2bce80d853
val,label,/home/drnguyenvinh/notebooks/shrimp_yolo_canonical_bg_wssv_2cls_split70_15_15/labels/val/WSSV_BG-26-img-1.txt,114,a8619bdd891b5789ca7611501347e676b26f6c823028019627b9251735068e7b
val,image,/home/drnguyenvinh/notebooks/shrimp_yolo_canonical_bg_wssv_2cls_split70_15_15/images/val/WSSV_BG-27-img-2.jpg,156432,3590b6d9523b6c9236ac9ce1cd632b7e1a90ef066eee5dd70fe6ad2e1a15423a
val,label,/home/drnguyenvinh/notebooks/shrimp_yolo_canonical_bg_wssv_2cls_split70_15_15/labels/val/WSSV_BG-27-img-2.txt,456,dd6b029d2443f9e140f732b9bd58282e30e890781561c1bed30a082534a5762a
val,image,/home/drnguyenvinh/notebooks/shrimp_yolo_canonical_bg_wssv_2cls_split70_15_15/images/val/WSSV_BG-28-img-3.jpg,147284,5312b865f27bca0724c7aedb9986698b943b38f05727c8c4fa4f3112407d14f6
val,label,/home/drnguyenvinh/notebooks/shrimp_yolo_canonical_bg_wssv_2cls_split70_15_15/labels/val/WSSV_BG-28-img-3.txt,190,3954a7f654e53636c537909dfe95ac7742b6ad2ed4d5c86f8cd8427a9c2da071
val,image,/home/drnguyenvinh/notebooks/shrimp_yolo_canonical_bg_wssv_2cls_split70_15_15/images/val/WSSV_BG-29-img-3.jpg,149310,ca8576756d313ae47a362a53f29af1de617cc9705a2a2f67b37219df19aaf237
val,label,/home/drnguyenvinh/notebooks/shrimp_yolo_canonical_bg_wssv_2cls_split70_15_15/labels/val/WSSV_BG-29-img-3.txt,342,255932528b1fdd40ebec5832986da21fb0bdc4eba25b0f8f8cf22987c65599fb
val,image,/home/drnguyenvinh/notebooks/shrimp_yolo_canonical_bg_wssv_2cls_split70_15_15/images/val/WSSV_BG-3-img-2.jpg,874140,a11a30e1aeee074f258817e41297bf186abfeb21945aa3750fb7bf8fa13fc9e1
val,label,/home/drnguyenvinh/notebooks/shrimp_yolo_canonical_bg_wssv_2cls_split70_15_15/labels/val/WSSV_BG-3-img-2.txt,152,e369520457b3199df4e363aec7c8db325914c36b42b47459a2b557640e4fbdcd
val,image,/home/drnguyenvinh/notebooks/shrimp_yolo_canonical_bg_wssv_2cls_split70_15_15/images/val/WSSV_BG-33-img-1.jpg,217971,dfbf9165721feb11d9182355dc9417158b4cf2287a89ca38890c082c5984729c
val,label,/home/drnguyenvinh/notebooks/shrimp_yolo_canonical_bg_wssv_2cls_split70_15_15/labels/val/WSSV_BG-33-img-1.txt,380,d38be1ee93d6300f6c41155b537dcb699eede791f2b86cf2166d16ae85821f5b
val,image,/home/drnguyenvinh/notebooks/shrimp_yolo_canonical_bg_wssv_2cls_split70_15_15/images/val/WSSV_BG-37-img-3.jpg,224790,95891422a9beb8aa84b6fcf0f9e581cfd43d286158b0bb8462a29af10f38eb5c
val,label,/home/drnguyenvinh/notebooks/shrimp_yolo_canonical_bg_wssv_2cls_split70_15_15/labels/val/WSSV_BG-37-img-3.txt,304,54f7d767bf6dc9552d9c4d6630655cc1c42bcb02d4d7fd8e02914c2e2e03a877
val,image,/home/drnguyenvinh/notebooks/shrimp_yolo_canonical_bg_wssv_2cls_split70_15_15/images/val/WSSV_BG-41-img-2.jpg,216621,3b9f503a0a72e4cc41125a0ad3b25b197e9bf0a10cc8975847e898fd8b4ec3a9
val,label,/home/drnguyenvinh/notebooks/shrimp_yolo_canonical_bg_wssv_2cls_split70_15_15/labels/val/WSSV_BG-41-img-2.txt,304,f08fabca6539f95fe7031871a34b922dd0f1ad9e94b5ef4d5854cb09ed2cd9e2
val,image,/home/drnguyenvinh/notebooks/shrimp_yolo_canonical_bg_wssv_2cls_split70_15_15/images/val/WSSV_BG-44-img-2.jpg,200869,ca5a8412241f924e25484def238c3d2741ea4909fdf9ea5ca4a103559120f3d3
val,label,/home/drnguyenvinh/notebooks/shrimp_yolo_canonical_bg_wssv_2cls_split70_15_15/labels/val/WSSV_BG-44-img-2.txt,190,685cb90473fedd61e44b0b73c2f9c52d00569210ecff8de4bcb6a4bb24ea7e94
val,image,/home/drnguyenvinh/notebooks/shrimp_yolo_canonical_bg_wssv_2cls_split70_15_15/images/val/WSSV_BG-47-img-2.jpg,199232,f4171c5494d44547022959fc9134dd0f1e0a84147820f55f76a8369638836828
val,label,/home/drnguyenvinh/notebooks/shrimp_yolo_canonical_bg_wssv_2cls_split70_15_15/labels/val/WSSV_BG-47-img-2.txt,304,1c59912e755fc4c08cc6c9f007c66da86a4143ef0256fb0ecd353fc11fdd6613
val,image,/home/drnguyenvinh/notebooks/shrimp_yolo_canonical_bg_wssv_2cls_split70_15_15/images/val/WSSV_BG-48-img-2.jpg,245269,3a6d0db7083ba88316ff7b1b7dd92000273168ae75835205162b92cf4f6d5fa3
val,label,/home/drnguyenvinh/notebooks/shrimp_yolo_canonical_bg_wssv_2cls_split70_15_15/labels/val/WSSV_BG-48-img-2.txt,760,717fc2711825d846c7d1a47d57d20a99626c832c568e46274f54ad078b4104da
val,image,/home/drnguyenvinh/notebooks/shrimp_yolo_canonical_bg_wssv_2cls_split70_15_15/images/val/WSSV_BG-49-img-2.jpg,220627,84a96a195b4501f190377b2a015e525d4bc4f74c3eca5b5d801e8126037b7a3c
val,label,/home/drnguyenvinh/notebooks/shrimp_yolo_canonical_bg_wssv_2cls_split70_15_15/labels/val/WSSV_BG-49-img-2.txt,380,08e346c9f3f8f0ab7440fb83aa096df531ab7015cb59ed16e13e462fa5cc120c
val,image,/home/drnguyenvinh/notebooks/shrimp_yolo_canonical_bg_wssv_2cls_split70_15_15/images/val/WSSV_BG-5-img-1.jpg,874942,8879a2c89a68a3a5d527776c69b2066c4ecce11113db3332df56a36eccda8468
val,label,/home/drnguyenvinh/notebooks/shrimp_yolo_canonical_bg_wssv_2cls_split70_15_15/labels/val/WSSV_BG-5-img-1.txt,418,a63e5c8b34f34322e648b92862d3c69d3e73b86fc23af58b8201edca9ee1defa
val,image,/home/drnguyenvinh/notebooks/shrimp_yolo_canonical_bg_wssv_2cls_split70_15_15/images/val/WSSV_BG-52-img-1.jpg,230197,ff50ae8a0fa4fcf6589894ccee5be725a46978af8443317826327bdf88ed6d8f
val,label,/home/drnguyenvinh/notebooks/shrimp_yolo_canonical_bg_wssv_2cls_split70_15_15/labels/val/WSSV_BG-52-img-1.txt,380,002a99fdc5c64871d38f9049fee2dd549549ec76fc050df36c19b3a382972b2d
val,image,/home/drnguyenvinh/notebooks/shrimp_yolo_canonical_bg_wssv_2cls_split70_15_15/images/val/WSSV_BG-52-img-2.jpg,245904,431614b38e65058252478d344331116cb8479fb8cb7721e1aff5be014ffee0bd
val,label,/home/drnguyenvinh/notebooks/shrimp_yolo_canonical_bg_wssv_2cls_split70_15_15/labels/val/WSSV_BG-52-img-2.txt,266,2464325a2eca98153b1731961ad51709183dc9e918469930fa227b91907fc7e4
val,image,/home/drnguyenvinh/notebooks/shrimp_yolo_canonical_bg_wssv_2cls_split70_15_15/images/val/WSSV_BG-59-img-2.jpg,210956,effc41cd87ab117f766c3fe74a59b425e3c56d1ab6bae7e57d58113ae4640f33
val,label,/home/drnguyenvinh/notebooks/shrimp_yolo_canonical_bg_wssv_2cls_split70_15_15/labels/val/WSSV_BG-59-img-2.txt,722,dac80d6687260bbd946551159dc9dc82f66881990131f4e924836af993c1379b
val,image,/home/drnguyenvinh/notebooks/shrimp_yolo_canonical_bg_wssv_2cls_split70_15_15/images/val/WSSV_BG-62-img-2.jpg,238423,8d322bab893168d1106399bd6080a23019ebe608743b68dd590b03e842c52a56
val,label,/home/drnguyenvinh/notebooks/shrimp_yolo_canonical_bg_wssv_2cls_split70_15_15/labels/val/WSSV_BG-62-img-2.txt,342,fa5dcc210f428cee08b61c0e4dc0d0250c345c28ffd709c464dcb70645afa109
val,image,/home/drnguyenvinh/notebooks/shrimp_yolo_canonical_bg_wssv_2cls_split70_15_15/images/val/WSSV_BG-63-img-1.jpg,230724,ef98107df484304857d3874a4fa3c1149b7b90fba23cf71d9a21d03597d006dc
val,label,/home/drnguyenvinh/notebooks/shrimp_yolo_canonical_bg_wssv_2cls_split70_15_15/labels/val/WSSV_BG-63-img-1.txt,342,c7b97e62069c3c2b1d45ef6fa4e28393e430344f8664fe73c66e884731f8785b
val,image,/home/drnguyenvinh/notebooks/shrimp_yolo_canonical_bg_wssv_2cls_split70_15_15/images/val/WSSV_BG-64-img-2.jpg,218413,00602351ac33ad7cedc86d1a7119cf0fc8659bf176424e8c54bc648e7288bb6f
val,label,/home/drnguyenvinh/notebooks/shrimp_yolo_canonical_bg_wssv_2cls_split70_15_15/labels/val/WSSV_BG-64-img-2.txt,304,1050bcd4226776a754ee8a1d624f4a5d5f0a65b0dda607bd3e0711deaadf6295
val,image,/home/drnguyenvinh/notebooks/shrimp_yolo_canonical_bg_wssv_2cls_split70_15_15/images/val/WSSV_BG-66-img-2.jpg,238784,b2635d466a3543e98f27edc47060adee48c46b0dbfcadfbb81822f5c1e328aa2
val,label,/home/drnguyenvinh/notebooks/shrimp_yolo_canonical_bg_wssv_2cls_split70_15_15/labels/val/WSSV_BG-66-img-2.txt,380,da7ee40d49e20b0833529e81a2d5bfb3f358ac6ec214275197b364a4994ca01a
val,image,/home/drnguyenvinh/notebooks/shrimp_yolo_canonical_bg_wssv_2cls_split70_15_15/images/val/WSSV_BG-66-img-3.jpg,208189,ce09a6453bdf99411c17f7e4ea4848e5a98750817bbc2fd9c83557aa47d9ce1d
val,label,/home/drnguyenvinh/notebooks/shrimp_yolo_canonical_bg_wssv_2cls_split70_15_15/labels/val/WSSV_BG-66-img-3.txt,380,0bb014ddfea5b0f8d4bda1bee7f35243114f93644c7311a42eef556b1b19b60e
val,image,/home/drnguyenvinh/notebooks/shrimp_yolo_canonical_bg_wssv_2cls_split70_15_15/images/val/WSSV_BG-67-img-3.jpg,234445,dd185d2a6a09bfc8950f8b55eb825dc3c97c1b27c2dcaee46af23f6df71da5b8
val,label,/home/drnguyenvinh/notebooks/shrimp_yolo_canonical_bg_wssv_2cls_split70_15_15/labels/val/WSSV_BG-67-img-3.txt,266,e25d720644e96a0750af18e9ec6a6bfb6d77cb5ff032928164e21c884122d886
val,image,/home/drnguyenvinh/notebooks/shrimp_yolo_canonical_bg_wssv_2cls_split70_15_15/images/val/WSSV_BG-7-img-2.jpg,787596,9932dc48ac439604ab01160f728a3a4b9e6ad5fe60f4c52f7b672d5500457e4e
val,label,/home/drnguyenvinh/notebooks/shrimp_yolo_canonical_bg_wssv_2cls_split70_15_15/labels/val/WSSV_BG-7-img-2.txt,190,436c1a4b66dda76be2632c2411c6e43b1c6bc5c9a67f5faa11651387d8b1f239
val,image,/home/drnguyenvinh/notebooks/shrimp_yolo_canonical_bg_wssv_2cls_split70_15_15/images/val/WSSV_BG-71-img-1.jpg,203592,6665a42ea780edd36c591f42c3ae40eaa6b53ae930b420c07bf470a14a69cf98
val,label,/home/drnguyenvinh/notebooks/shrimp_yolo_canonical_bg_wssv_2cls_split70_15_15/labels/val/WSSV_BG-71-img-1.txt,304,12b58b2ffd8e2295e328c392d79e6ba5fa2dbc51a8bf91a7883667e2def496ba
val,image,/home/drnguyenvinh/notebooks/shrimp_yolo_canonical_bg_wssv_2cls_split70_15_15/images/val/WSSV_BG-79-img-2.jpg,258682,bcdf7fc336e4e3cee1c5e318646e9cd5be59a54c226b287d239ccf8a1569a2d4
val,label,/home/drnguyenvinh/notebooks/shrimp_yolo_canonical_bg_wssv_2cls_split70_15_15/labels/val/WSSV_BG-79-img-2.txt,342,240d2cfb54dc152710a4fb79f02b6e098fad3e1ac0f6b0a52bba1301c694be21
val,image,/home/drnguyenvinh/notebooks/shrimp_yolo_canonical_bg_wssv_2cls_split70_15_15/images/val/WSSV_BG-81-img-2.jpg,224233,73e73f639045979ec90b5ca444da54d5b20b9c46b07c29325b13f5c45557efa4
val,label,/home/drnguyenvinh/notebooks/shrimp_yolo_canonical_bg_wssv_2cls_split70_15_15/labels/val/WSSV_BG-81-img-2.txt,380,1533291d9659406bbc7bd2c185d1e0cd246626b85aea3ace31b10c97fac08301
test,image,/home/drnguyenvinh/notebooks/shrimp_yolo_canonical_bg_wssv_2cls_split70_15_15/images/test/BG-11-img-1.jpg,653876,1a96029d442230d882a1c0fc23e75b4f99e4acc8e2ee4ea934ebaeb0713b17d8
test,label,/home/drnguyenvinh/notebooks/shrimp_yolo_canonical_bg_wssv_2cls_split70_15_15/labels/test/BG-11-img-1.txt,190,310cd51250ab0fa01f7aac67961a0375f3e27a87f9385313a80aec04592d74da
test,image,/home/drnguyenvinh/notebooks/shrimp_yolo_canonical_bg_wssv_2cls_split70_15_15/images/test/BG-11-img-2.jpg,592977,5b99e8c75d0d60317a7902f734146630bdff3a973e5ca420953e0ccb417dd16f
test,label,/home/drnguyenvinh/notebooks/shrimp_yolo_canonical_bg_wssv_2cls_split70_15_15/labels/test/BG-11-img-2.txt,190,fcdac86692d41f17ac072a8432358b21e89f4eda241bf3e557745e80ef9baefc
test,image,/home/drnguyenvinh/notebooks/shrimp_yolo_canonical_bg_wssv_2cls_split70_15_15/images/test/BG-11-img-3.jpg,622902,05eac106415bfca041ad4eb2c663a72c68116fb9a9eec946333577ae4dbde6d5
test,label,/home/drnguyenvinh/notebooks/shrimp_yolo_canonical_bg_wssv_2cls_split70_15_15/labels/test/BG-11-img-3.txt,190,ad78f647e40929e654c9a73632f72184cf794db0fc54c12f37a7a770e768b1ce
test,image,/home/drnguyenvinh/notebooks/shrimp_yolo_canonical_bg_wssv_2cls_split70_15_15/images/test/BG-19-img-2.jpg,168702,a5aa084134c3a73ea443d0ebfa92d3ab1ebec54244b79b88dda3f4992e60a942
test,label,/home/drnguyenvinh/notebooks/shrimp_yolo_canonical_bg_wssv_2cls_split70_15_15/labels/test/BG-19-img-2.txt,38,d03e66d8b4c8fc8ea1f2f4e92e9dfe4892e942c460fed804d39462e8d1cd08c4
test,image,/home/drnguyenvinh/notebooks/shrimp_yolo_canonical_bg_wssv_2cls_split70_15_15/images/test/BG-2-img-1.jpg,896455,c514b57313a3bdf798dc477d44d64856d40acc101df35ce650bee9458d8221fe
test,label,/home/drnguyenvinh/notebooks/shrimp_yolo_canonical_bg_wssv_2cls_split70_15_15/labels/test/BG-2-img-1.txt,38,6d7f1a3008bb9cc29ebce59db3c3df5df955a96d8792cb239104b3e1523589a6
test,image,/home/drnguyenvinh/notebooks/shrimp_yolo_canonical_bg_wssv_2cls_split70_15_15/images/test/BG-20-img-1.jpg,167243,d8098a0c5ebb3838401811887a94e36d71711bad6b53cae63904d63b47b4f006
test,label,/home/drnguyenvinh/notebooks/shrimp_yolo_canonical_bg_wssv_2cls_split70_15_15/labels/test/BG-20-img-1.txt,38,0ab3211cf7fd8ab56fd205e0a8c936435bb72cc9248c4ad0b995702216077171
test,image,/home/drnguyenvinh/notebooks/shrimp_yolo_canonical_bg_wssv_2cls_split70_15_15/images/test/BG-21-img-1.jpg,740851,ac8cb3f7b504e1c18567db80ec9f8ff67f2f4df9ec46616ca52eca04f77a3d9d
test,label,/home/drnguyenvinh/notebooks/shrimp_yolo_canonical_bg_wssv_2cls_split70_15_15/labels/test/BG-21-img-1.txt,38,17f9402c33b263bc4cf879bffda40e80d188c3cb5c1a54a1cb49ea8fbf90808e
test,image,/home/drnguyenvinh/notebooks/shrimp_yolo_canonical_bg_wssv_2cls_split70_15_15/images/test/BG-23-img-2.jpg,956799,314449336fd02b30ee1af3999f1e8dae26a7cb843e3cd6b7a9fba4900e27a92c
test,label,/home/drnguyenvinh/notebooks/shrimp_yolo_canonical_bg_wssv_2cls_split70_15_15/labels/test/BG-23-img-2.txt,152,ae4c97be0a483d29fc9668f1545aa5e466705dda30b4aa750f07c404283daf7c
test,image,/home/drnguyenvinh/notebooks/shrimp_yolo_canonical_bg_wssv_2cls_split70_15_15/images/test/BG-29-img-2.jpg,151005,fdf20539dbf55620a2a1eea9b9bc5baa8a2b236583b507b753b7010babba2c45
test,label,/home/drnguyenvinh/notebooks/shrimp_yolo_canonical_bg_wssv_2cls_split70_15_15/labels/test/BG-29-img-2.txt,76,4a51bdca1bbff8aede9d226ac4eae252d27c5f9855c184be1ce7508bc59c79d8
test,image,/home/drnguyenvinh/notebooks/shrimp_yolo_canonical_bg_wssv_2cls_split70_15_15/images/test/BG-30-img-1.jpg,218135,d070bf7ad22b7cfc231d7458684387a1d904273da79a0815cde46eb2822b3a77
test,label,/home/drnguyenvinh/notebooks/shrimp_yolo_canonical_bg_wssv_2cls_split70_15_15/labels/test/BG-30-img-1.txt,114,388d97ef71b4fb140dbee8679ab190198e8b604ffe3ed6cbe47bc7a88b5d3539
test,image,/home/drnguyenvinh/notebooks/shrimp_yolo_canonical_bg_wssv_2cls_split70_15_15/images/test/BG-30-img-2.jpg,246409,8c12832f61038073d2b599aad2d8e6e021ebbe715f2625ac5a4d7858a36150cc
test,label,/home/drnguyenvinh/notebooks/shrimp_yolo_canonical_bg_wssv_2cls_split70_15_15/labels/test/BG-30-img-2.txt,114,d66cd728d996ec5e38ea0c321e9d83d898dd5dab42545a963e1ae35dda3814a0
test,image,/home/drnguyenvinh/notebooks/shrimp_yolo_canonical_bg_wssv_2cls_split70_15_15/images/test/BG-30-img-3.jpg,223769,62d415c01e7d12e3193b71637c85cfacc7c91327ebacaf217ed1804ef8a2cad2
test,label,/home/drnguyenvinh/notebooks/shrimp_yolo_canonical_bg_wssv_2cls_split70_15_15/labels/test/BG-30-img-3.txt,152,5475568245875bdb619498a55f87b32d9f0222e4dedd9997e8707ba6979ae468
test,image,/home/drnguyenvinh/notebooks/shrimp_yolo_canonical_bg_wssv_2cls_split70_15_15/images/test/BG-31-img-2.jpg,233418,37e437b1d0474092aca81ab362b7b5f0bcc3a9645f5c762922e697de4ac5b6b4
test,label,/home/drnguyenvinh/notebooks/shrimp_yolo_canonical_bg_wssv_2cls_split70_15_15/labels/test/BG-31-img-2.txt,38,76f0b7c1a1558e37e64e3bc7b70cb01091408c858b23642611f2e130744a77fd
test,image,/home/drnguyenvinh/notebooks/shrimp_yolo_canonical_bg_wssv_2cls_split70_15_15/images/test/BG-32-img-2.jpg,217954,56faf81e72c49c632812c4a983e0c117d3a90ee59dab578586eeeacfe69c4fa6
test,label,/home/drnguyenvinh/notebooks/shrimp_yolo_canonical_bg_wssv_2cls_split70_15_15/labels/test/BG-32-img-2.txt,114,cebe22058d3c1f877e6b46ba91457c22a397cbb6d6b859ff218487481d31d9d0
test,image,/home/drnguyenvinh/notebooks/shrimp_yolo_canonical_bg_wssv_2cls_split70_15_15/images/test/BG-36-img-1.jpg,147846,13afca0b442144e2bf9f16281116e6a3b8754f889cbe785f896f4c7a365378fe
test,label,/home/drnguyenvinh/notebooks/shrimp_yolo_canonical_bg_wssv_2cls_split70_15_15/labels/test/BG-36-img-1.txt,190,522333c0c58f7cd2957aec0baedb14680193850d7281651eef530dda16bf94f9
test,image,/home/drnguyenvinh/notebooks/shrimp_yolo_canonical_bg_wssv_2cls_split70_15_15/images/test/BG-47-img-3.jpg,210526,07ef39874f4fd027844de0faf87ca1a2362e627554c75f379f85daf8bab93e38
test,label,/home/drnguyenvinh/notebooks/shrimp_yolo_canonical_bg_wssv_2cls_split70_15_15/labels/test/BG-47-img-3.txt,114,edbf08105ccdc20d612190470df28080cbc3b76c6058cc58e30511914fa3056c
test,image,/home/drnguyenvinh/notebooks/shrimp_yolo_canonical_bg_wssv_2cls_split70_15_15/images/test/BG-48-img-1.jpg,154553,432e7e6bcf7ed51038c2888b1ed6fa050713235d83f9c7112bf51adde0a68a17
test,label,/home/drnguyenvinh/notebooks/shrimp_yolo_canonical_bg_wssv_2cls_split70_15_15/labels/test/BG-48-img-1.txt,38,e380133099cb748df0b98a5ef14806dab8f754b5bfa1506646300ef693c648ee
test,image,/home/drnguyenvinh/notebooks/shrimp_yolo_canonical_bg_wssv_2cls_split70_15_15/images/test/BG-55-img-1.jpg,181722,b4c29540939567156e3f3d189c1dc2fe2bbc561899c64b23851f5083cda46413
test,label,/home/drnguyenvinh/notebooks/shrimp_yolo_canonical_bg_wssv_2cls_split70_15_15/labels/test/BG-55-img-1.txt,38,2f50dba3eddf6856787f6dc87b618e20def539752cf3fc2b0ea121d5751028d0
test,image,/home/drnguyenvinh/notebooks/shrimp_yolo_canonical_bg_wssv_2cls_split70_15_15/images/test/BG-59-img-1.jpg,177903,cce7d439063ff00ff56dce6f1e34bd7f1354a291cb62e2d3960b53a68c98c606
test,label,/home/drnguyenvinh/notebooks/shrimp_yolo_canonical_bg_wssv_2cls_split70_15_15/labels/test/BG-59-img-1.txt,76,6e29484d9ac80d5e4d0311f45c3a896e4cfad9e4a81e53a92eb4218ad50998d8
test,image,/home/drnguyenvinh/notebooks/shrimp_yolo_canonical_bg_wssv_2cls_split70_15_15/images/test/BG-6-img-2.jpg,832075,046a8359eb4fac6dbf4f1362597a9dae9e111306461f39d18ed13c4be3a7fb95
test,label,/home/drnguyenvinh/notebooks/shrimp_yolo_canonical_bg_wssv_2cls_split70_15_15/labels/test/BG-6-img-2.txt,38,535caa119bfb3ed61976d02e5a209da9720e61e98cae4530cb7dd55eef592466
test,image,/home/drnguyenvinh/notebooks/shrimp_yolo_canonical_bg_wssv_2cls_split70_15_15/images/test/BG-62-img-2.jpg,188550,52ca0cc4b10da6b317796790af537ce180aebae7b75a7150283b27b5270eb3c4
test,label,/home/drnguyenvinh/notebooks/shrimp_yolo_canonical_bg_wssv_2cls_split70_15_15/labels/test/BG-62-img-2.txt,114,87284b929178f6d988eee87eb86dcdc36b30464273ba4c7e3590eb580fd53f85
test,image,/home/drnguyenvinh/notebooks/shrimp_yolo_canonical_bg_wssv_2cls_split70_15_15/images/test/BG-63-img-2.jpg,176188,cc6ececa0a92b264e8bac604191182eaf9aea59973e69cf0a3ed62a0392cf28c
test,label,/home/drnguyenvinh/notebooks/shrimp_yolo_canonical_bg_wssv_2cls_split70_15_15/labels/test/BG-63-img-2.txt,76,f233c00b6da90da721200643847d0ec9e73c7096ef27816d16ff4472b4ea865d
test,image,/home/drnguyenvinh/notebooks/shrimp_yolo_canonical_bg_wssv_2cls_split70_15_15/images/test/BG-67-img-2.jpg,244918,82fdb7db672454e4266a6eb6d6c22c6dbd3c97aa9da697fd32b91bf05378d270
test,label,/home/drnguyenvinh/notebooks/shrimp_yolo_canonical_bg_wssv_2cls_split70_15_15/labels/test/BG-67-img-2.txt,76,64ea8d353125359270016dd17dcbd704b682d65b183b4d6d4ee91c81895444b6
test,image,/home/drnguyenvinh/notebooks/shrimp_yolo_canonical_bg_wssv_2cls_split70_15_15/images/test/BG-68-img-2.jpg,226570,3517371d7f36741f2a0a196c75c52a5b162a0f5164176ccc1895910fe2981af3
test,label,/home/drnguyenvinh/notebooks/shrimp_yolo_canonical_bg_wssv_2cls_split70_15_15/labels/test/BG-68-img-2.txt,152,adb8c978fffc9ea0eccf310e865044ee46b36471eede262f27d175fe4d70d729
test,image,/home/drnguyenvinh/notebooks/shrimp_yolo_canonical_bg_wssv_2cls_split70_15_15/images/test/BG-7-img-3.jpg,434925,5e5fa67c9594f1837c2deda9d4eaca1823d294dcb7a299198aed9fe5c1afcfb5
test,label,/home/drnguyenvinh/notebooks/shrimp_yolo_canonical_bg_wssv_2cls_split70_15_15/labels/test/BG-7-img-3.txt,38,f2cb4865189bd781f3b8d5a37b8d6557aebbd54635165438183955f3ae9d6ddb
test,image,/home/drnguyenvinh/notebooks/shrimp_yolo_canonical_bg_wssv_2cls_split70_15_15/images/test/BG-74-img-1.jpg,229288,79762c631610282954e3c98ad13b66bd377945a1bbee485bdd3d4474a5f65a59
test,label,/home/drnguyenvinh/notebooks/shrimp_yolo_canonical_bg_wssv_2cls_split70_15_15/labels/test/BG-74-img-1.txt,874,4fbacd498d52eca2224997dd2c3df26f23aacaa95c1719bbb7044da15f5030bc
test,image,/home/drnguyenvinh/notebooks/shrimp_yolo_canonical_bg_wssv_2cls_split70_15_15/images/test/BG-74-img-3.jpg,210011,f0a079bfd194b272f395cb02a01217f3333496590349402e037d5899383e9b7a
test,label,/home/drnguyenvinh/notebooks/shrimp_yolo_canonical_bg_wssv_2cls_split70_15_15/labels/test/BG-74-img-3.txt,76,ec4385a1c074cab1ab9aab18cdeb4df670eb58b1e3d7e31ca57cfa39edef16bb
test,image,/home/drnguyenvinh/notebooks/shrimp_yolo_canonical_bg_wssv_2cls_split70_15_15/images/test/BG-75-img-1.jpg,216061,6ebfba48309dabeb7c023cd42e4d1f5c7f73ca0883dbfb8ad04055a4229f7cd2
test,label,/home/drnguyenvinh/notebooks/shrimp_yolo_canonical_bg_wssv_2cls_split70_15_15/labels/test/BG-75-img-1.txt,190,5cb91b5f0baeb841c9d1969d9ad7dc0d3a1f833cb2bb15095cd0a9c466869619
test,image,/home/drnguyenvinh/notebooks/shrimp_yolo_canonical_bg_wssv_2cls_split70_15_15/images/test/BG-9-img-1.jpg,765887,22286380dacf95180bfe506b0e5bc090f972f4ef5a6ff4263b4a6354a50fa882
test,label,/home/drnguyenvinh/notebooks/shrimp_yolo_canonical_bg_wssv_2cls_split70_15_15/labels/test/BG-9-img-1.txt,76,b27ecff47e0907650e881ad075d0ef423be04cecc3c28d9b54a72da70077956e
test,image,/home/drnguyenvinh/notebooks/shrimp_yolo_canonical_bg_wssv_2cls_split70_15_15/images/test/WSSV-10-img-1.jpg,180120,1465fb5a0f9ff5b0c5f8d24162da80950df069d5eb58f740c9ef62aceb17cdf2
test,label,/home/drnguyenvinh/notebooks/shrimp_yolo_canonical_bg_wssv_2cls_split70_15_15/labels/test/WSSV-10-img-1.txt,266,2081e3730fe8d85f9da3e69f0e2134eccc13c4590e484a5b9696bc741ea3b21f
test,image,/home/drnguyenvinh/notebooks/shrimp_yolo_canonical_bg_wssv_2cls_split70_15_15/images/test/WSSV-101-img-2.jpg,140472,36c087af568ca710cc4b91be9571b96c5fb9ba8651fae16141a25fe1155e1190
test,label,/home/drnguyenvinh/notebooks/shrimp_yolo_canonical_bg_wssv_2cls_split70_15_15/labels/test/WSSV-101-img-2.txt,304,92292c5774f91572b8a444f99771ab98bdeb918869c3787350153208a295cc54
test,image,/home/drnguyenvinh/notebooks/shrimp_yolo_canonical_bg_wssv_2cls_split70_15_15/images/test/WSSV-104-img-1.jpg,188960,bd021488a2e83d512a00c93bf241ca167ff5effa20e779ed25c439a28767cb38
test,label,/home/drnguyenvinh/notebooks/shrimp_yolo_canonical_bg_wssv_2cls_split70_15_15/labels/test/WSSV-104-img-1.txt,114,34f2ad36f25a5c1a8325733920ef3511d7f921bc5fb975eda6aed39d2abd930d
test,image,/home/drnguyenvinh/notebooks/shrimp_yolo_canonical_bg_wssv_2cls_split70_15_15/images/test/WSSV-108-img-3.jpg,208790,d23a684909982ca9b8b9cb3814dddba5603c8db6bdbd383c179b685b38fd30b7
test,label,/home/drnguyenvinh/notebooks/shrimp_yolo_canonical_bg_wssv_2cls_split70_15_15/labels/test/WSSV-108-img-3.txt,190,cf2226a5149ebff6d06f8f32dc464d2094db72b2b4d5c1f94b2b75993548fa56
test,image,/home/drnguyenvinh/notebooks/shrimp_yolo_canonical_bg_wssv_2cls_split70_15_15/images/test/WSSV-109-img-2.jpg,222616,17ea29e8290a26cdc5e0fbe32c0198953618fd8f9946f688f1ee96817e987718
test,label,/home/drnguyenvinh/notebooks/shrimp_yolo_canonical_bg_wssv_2cls_split70_15_15/labels/test/WSSV-109-img-2.txt,380,de3dd173446b348852097f978a5e5205943cd6be1a8783b2a047009f19ad75e0
test,image,/home/drnguyenvinh/notebooks/shrimp_yolo_canonical_bg_wssv_2cls_split70_15_15/images/test/WSSV-11-img-1.jpg,172797,18b528b6df6926679d27fb6c2f50e0dc033bece779fe3a4917e7e304e18d0994
test,label,/home/drnguyenvinh/notebooks/shrimp_yolo_canonical_bg_wssv_2cls_split70_15_15/labels/test/WSSV-11-img-1.txt,266,34653e5bc3e05708d9281e698613c0fe0f90d4bc87f8b4603b35d4390d4b9f9b
test,image,/home/drnguyenvinh/notebooks/shrimp_yolo_canonical_bg_wssv_2cls_split70_15_15/images/test/WSSV-11-img-3.jpg,162485,d2489d6d5765b91deb1aa2505bf53b313af38418da8d8f0c50bd8f475d7dc28c
test,label,/home/drnguyenvinh/notebooks/shrimp_yolo_canonical_bg_wssv_2cls_split70_15_15/labels/test/WSSV-11-img-3.txt,798,8e50bbeaca5855c4975dc357878e9dbdc9084b806b3f86451a9c01bf6e9b6c65
test,image,/home/drnguyenvinh/notebooks/shrimp_yolo_canonical_bg_wssv_2cls_split70_15_15/images/test/WSSV-114-img-1.jpg,177429,c766f542ac3e180f5aed7a5e984cc6a600e0668e3177299925c46fbcf2173ade
test,label,/home/drnguyenvinh/notebooks/shrimp_yolo_canonical_bg_wssv_2cls_split70_15_15/labels/test/WSSV-114-img-1.txt,266,825783d5cdd5e7b6377d776f0af573a9868ff21120c9981dd7e49b017cdef9c3
test,image,/home/drnguyenvinh/notebooks/shrimp_yolo_canonical_bg_wssv_2cls_split70_15_15/images/test/WSSV-12-img-1.jpg,206108,d5647d0c42784a4f647b0e84ec4ad29d753ca759cda13376d494e60662e8ab2f
test,label,/home/drnguyenvinh/notebooks/shrimp_yolo_canonical_bg_wssv_2cls_split70_15_15/labels/test/WSSV-12-img-1.txt,228,85d319328bf216518fa95de0ef1f2a99055fe732757c33bb72a091a0361e8d11
test,image,/home/drnguyenvinh/notebooks/shrimp_yolo_canonical_bg_wssv_2cls_split70_15_15/images/test/WSSV-13-img-3.jpg,204936,bcf8e551a3a23e8f93883b310d98a3b1b0056e5364ef5948ae0c0a3043e450f4
test,label,/home/drnguyenvinh/notebooks/shrimp_yolo_canonical_bg_wssv_2cls_split70_15_15/labels/test/WSSV-13-img-3.txt,76,299821b337ccebc2359c9fdf87763b4bd8f554d7069052be8fcb17eae47ba6b7
test,image,/home/drnguyenvinh/notebooks/shrimp_yolo_canonical_bg_wssv_2cls_split70_15_15/images/test/WSSV-14-img-2.jpg,217457,36335c6724d36ebda143219934efe44d4b7d35d158cc0daa4ec6cfbcb7a0d53e
test,label,/home/drnguyenvinh/notebooks/shrimp_yolo_canonical_bg_wssv_2cls_split70_15_15/labels/test/WSSV-14-img-2.txt,456,b1243a5d73157fdcc6fee7f288eab781acbe520085d47edb919fed998032897b
test,image,/home/drnguyenvinh/notebooks/shrimp_yolo_canonical_bg_wssv_2cls_split70_15_15/images/test/WSSV-2-img-1.jpg,666839,36b04d974962ded90cee13f4073aa426169879fdb2be08f2df4c1742af98f5ad
test,label,/home/drnguyenvinh/notebooks/shrimp_yolo_canonical_bg_wssv_2cls_split70_15_15/labels/test/WSSV-2-img-1.txt,114,32b125513916235ae1db5a02082cfb92d69576dbc8f9267381a4c03fb7e451ff
test,image,/home/drnguyenvinh/notebooks/shrimp_yolo_canonical_bg_wssv_2cls_split70_15_15/images/test/WSSV-23-img-3.jpg,149604,d3ba436507954e7eb2ca743200dad1cfc78415ca663966a40bb1ab7b05779c3d
test,label,/home/drnguyenvinh/notebooks/shrimp_yolo_canonical_bg_wssv_2cls_split70_15_15/labels/test/WSSV-23-img-3.txt,114,329425ab629e4e9874392158dc88e8b3b91130db60921d149c1b1c4c592f4b8c
test,image,/home/drnguyenvinh/notebooks/shrimp_yolo_canonical_bg_wssv_2cls_split70_15_15/images/test/WSSV-25-img-2.jpg,184273,36f7dfb9615c431646350e6118c5735bf51a05e79445f46a1137770f866fdc49
test,label,/home/drnguyenvinh/notebooks/shrimp_yolo_canonical_bg_wssv_2cls_split70_15_15/labels/test/WSSV-25-img-2.txt,190,9caba2911d358df91a40585407c44b91dcb90554d45b0a1c9c66b449be47300c
test,image,/home/drnguyenvinh/notebooks/shrimp_yolo_canonical_bg_wssv_2cls_split70_15_15/images/test/WSSV-27-img-2.jpg,218717,0666cc28258abc6ed47535a47c2895a0b21a15f92bb6183d7d1ff47082f09c56
test,label,/home/drnguyenvinh/notebooks/shrimp_yolo_canonical_bg_wssv_2cls_split70_15_15/labels/test/WSSV-27-img-2.txt,380,c6ed11b242034f7b6644b54d4e08633f09c26a181ae556a269dc1ab0a67953d9
test,image,/home/drnguyenvinh/notebooks/shrimp_yolo_canonical_bg_wssv_2cls_split70_15_15/images/test/WSSV-27-img-3.jpg,221949,b05d7139e2586cedd4e7ac1c1afdcc31b1836096448c1095c3ec075cd402008f
test,label,/home/drnguyenvinh/notebooks/shrimp_yolo_canonical_bg_wssv_2cls_split70_15_15/labels/test/WSSV-27-img-3.txt,152,0cde101999736815cdb36c335cfe280955156697bc8ff828628743f6c7574a55
test,image,/home/drnguyenvinh/notebooks/shrimp_yolo_canonical_bg_wssv_2cls_split70_15_15/images/test/WSSV-28-img-3.jpg,191670,9e71c98d9f506530a0a4ef299d44058f459b88a9f142a97068a9581fc7686d58
test,label,/home/drnguyenvinh/notebooks/shrimp_yolo_canonical_bg_wssv_2cls_split70_15_15/labels/test/WSSV-28-img-3.txt,114,5caa739c82a02bdc75645f21302b6254b12989b95a03e47ae6494b1bdf5ee7bf
test,image,/home/drnguyenvinh/notebooks/shrimp_yolo_canonical_bg_wssv_2cls_split70_15_15/images/test/WSSV-3-img-1.jpg,421232,169a006ea9f0e3db0b496974bc239ec7cecbfd5379e16fc165c1ef0989f19e64
test,label,/home/drnguyenvinh/notebooks/shrimp_yolo_canonical_bg_wssv_2cls_split70_15_15/labels/test/WSSV-3-img-1.txt,684,f58eff04ef83f4f93c268c83c4e68949d0348031242591e1c4a0fe035f570f61
test,image,/home/drnguyenvinh/notebooks/shrimp_yolo_canonical_bg_wssv_2cls_split70_15_15/images/test/WSSV-30-img-2.jpg,262898,f05542bc4ff88262238b13ce3030081b68d090f6f0b65ea9472b5acc9f1f9818
test,label,/home/drnguyenvinh/notebooks/shrimp_yolo_canonical_bg_wssv_2cls_split70_15_15/labels/test/WSSV-30-img-2.txt,304,5194de37d769be6fccd406c804f6e88f8da0f32ebc7082670e29470a98aca7b2
test,image,/home/drnguyenvinh/notebooks/shrimp_yolo_canonical_bg_wssv_2cls_split70_15_15/images/test/WSSV-31-img-3.jpg,154773,07845ba51a49034d634f482e2f3def88266b38afbc5c7532afd9f6a1ec2c748a
test,label,/home/drnguyenvinh/notebooks/shrimp_yolo_canonical_bg_wssv_2cls_split70_15_15/labels/test/WSSV-31-img-3.txt,418,396835c3eebc42c71dd09fb522a2a54e2fc671599f8b51a225da3fe1f9aaf6d1
test,image,/home/drnguyenvinh/notebooks/shrimp_yolo_canonical_bg_wssv_2cls_split70_15_15/images/test/WSSV-32-img-3.jpg,164148,fd0ae7ad1307bcfeb7190c5094e8b1c236717ce95cdd49b28f8a477382e2021d
test,label,/home/drnguyenvinh/notebooks/shrimp_yolo_canonical_bg_wssv_2cls_split70_15_15/labels/test/WSSV-32-img-3.txt,608,365a6c56f5c7dfd8807acdd00228671bf16667a585af81b5a84ea471c6c1f09d
test,image,/home/drnguyenvinh/notebooks/shrimp_yolo_canonical_bg_wssv_2cls_split70_15_15/images/test/WSSV-33-img-2.jpg,190891,3c502ac92eab24266e53e4f2436e79839aada4a145df9e3b9cb06ba8d90ef1c6
test,label,/home/drnguyenvinh/notebooks/shrimp_yolo_canonical_bg_wssv_2cls_split70_15_15/labels/test/WSSV-33-img-2.txt,418,256d780acc7faadcba79b5232f229c2d4bc32988d8781bea65e0955ca26043d5
test,image,/home/drnguyenvinh/notebooks/shrimp_yolo_canonical_bg_wssv_2cls_split70_15_15/images/test/WSSV-36-img-3.jpg,172301,2b5f45d7cbdc944dfe6d83a49f5af8a959574e3cd1281ab6667967bfc4d509b5
test,label,/home/drnguyenvinh/notebooks/shrimp_yolo_canonical_bg_wssv_2cls_split70_15_15/labels/test/WSSV-36-img-3.txt,1406,6448239adcda129d3974edf352add3940a0043919e74f0af2de7775fa0057eb1
test,image,/home/drnguyenvinh/notebooks/shrimp_yolo_canonical_bg_wssv_2cls_split70_15_15/images/test/WSSV-39-img-2.jpg,170816,aa12229deb04c8563b00e3217862c8cdb7788104dc24a34353ac28b832943ffb
test,label,/home/drnguyenvinh/notebooks/shrimp_yolo_canonical_bg_wssv_2cls_split70_15_15/labels/test/WSSV-39-img-2.txt,114,bb576776ef979df5927653a04f4a1e01c5b5ccb93ef7d713bd1a55c45495494c
test,image,/home/drnguyenvinh/notebooks/shrimp_yolo_canonical_bg_wssv_2cls_split70_15_15/images/test/WSSV-44-img-1.jpg,154171,8d5d66a0e2138c7b1118f441c5e049d69495cc035157e3f262fd6c49f164c6d4
test,label,/home/drnguyenvinh/notebooks/shrimp_yolo_canonical_bg_wssv_2cls_split70_15_15/labels/test/WSSV-44-img-1.txt,228,c4313987b89c71da97a123a77e7231793b3a8536db247344b542714c46c9cfbf
test,image,/home/drnguyenvinh/notebooks/shrimp_yolo_canonical_bg_wssv_2cls_split70_15_15/images/test/WSSV-47-img-2.jpg,223666,14ed9ef60e98b354ada84bb5dba2f71d4780a0a16fe8ab24303a4165841120f1
test,label,/home/drnguyenvinh/notebooks/shrimp_yolo_canonical_bg_wssv_2cls_split70_15_15/labels/test/WSSV-47-img-2.txt,760,0f81bdc7f50a7d441167e3c46b2171a85a093c0cc539740540ddd74b4edeadbf
test,image,/home/drnguyenvinh/notebooks/shrimp_yolo_canonical_bg_wssv_2cls_split70_15_15/images/test/WSSV-48-img-3.jpg,179980,4ecd1994255cc95b872e473e0ca0ae22fc084abcd748b258c1c0c3bfebbf1d30
test,label,/home/drnguyenvinh/notebooks/shrimp_yolo_canonical_bg_wssv_2cls_split70_15_15/labels/test/WSSV-48-img-3.txt,950,82312c1f009efec91871adac2dd7911e39d3481a8edd08aba87b6f25b26b91d1
test,image,/home/drnguyenvinh/notebooks/shrimp_yolo_canonical_bg_wssv_2cls_split70_15_15/images/test/WSSV-53-img-3.jpg,159738,b2fe2fd86a81c95af3cc844096a8acaeb9542399e2e4831f19d994f5a1cfa499
test,label,/home/drnguyenvinh/notebooks/shrimp_yolo_canonical_bg_wssv_2cls_split70_15_15/labels/test/WSSV-53-img-3.txt,1672,36f31b87e370316b4ab17c353e60dd40cf3d1a6dd8dc672c54561ce22d7608f3
test,image,/home/drnguyenvinh/notebooks/shrimp_yolo_canonical_bg_wssv_2cls_split70_15_15/images/test/WSSV-58-img-2.jpg,155912,3a56c8d9eb46a54c705d26a7a6676c80eead7bbbc77a52ad67ea0ea581e16403
test,label,/home/drnguyenvinh/notebooks/shrimp_yolo_canonical_bg_wssv_2cls_split70_15_15/labels/test/WSSV-58-img-2.txt,608,6982e45bc8394f1f61b41cddce4792b7687ee62a4b70af8ac84c94ee86350605
test,image,/home/drnguyenvinh/notebooks/shrimp_yolo_canonical_bg_wssv_2cls_split70_15_15/images/test/WSSV-6-img-1.jpg,309716,b1b826900f3b8c2772fe1807957f74229576b9d3d93ac921f04c2f403d217732
test,label,/home/drnguyenvinh/notebooks/shrimp_yolo_canonical_bg_wssv_2cls_split70_15_15/labels/test/WSSV-6-img-1.txt,380,766c946279cb88c4950f1b2ab25ae3fae28ed058612bbce3ec3d9996c5a002f4
test,image,/home/drnguyenvinh/notebooks/shrimp_yolo_canonical_bg_wssv_2cls_split70_15_15/images/test/WSSV-61-img-3.jpg,149060,872bfcca2d4c3e03cb92f8b9eb79fc73cd66a9ca93465334cb2b98cca200d67f
test,label,/home/drnguyenvinh/notebooks/shrimp_yolo_canonical_bg_wssv_2cls_split70_15_15/labels/test/WSSV-61-img-3.txt,494,8255876c57254dc3df09a72bf622420b03a6342fd96ba8a4de4c92b0f5ffe74a
test,image,/home/drnguyenvinh/notebooks/shrimp_yolo_canonical_bg_wssv_2cls_split70_15_15/images/test/WSSV-64-img-3.jpg,151699,3431db545dfbdd904e50642ea34d5b584f971a7519a22534f129e89abac569f3
test,label,/home/drnguyenvinh/notebooks/shrimp_yolo_canonical_bg_wssv_2cls_split70_15_15/labels/test/WSSV-64-img-3.txt,798,e5268d3309dc99fb2868c3d0ed5320b583e7c4460b406bea49bf6ba1e4b8a934
test,image,/home/drnguyenvinh/notebooks/shrimp_yolo_canonical_bg_wssv_2cls_split70_15_15/images/test/WSSV-67-img-1.jpg,145599,f7917d8329c03b322ba29fc81c372599266899de0933a62cb1d4074e6e10fa37
test,label,/home/drnguyenvinh/notebooks/shrimp_yolo_canonical_bg_wssv_2cls_split70_15_15/labels/test/WSSV-67-img-1.txt,228,aa45aef7a33844e571b74b1bd27e660e50a1d3a7a081dde8ad8449ada33a4245
test,image,/home/drnguyenvinh/notebooks/shrimp_yolo_canonical_bg_wssv_2cls_split70_15_15/images/test/WSSV-7-img-3.jpg,833232,3854ec5210c76c664316e1b5c94e2b9bea1a434cb5b08fc5d3ec02cc8bd6155f
test,label,/home/drnguyenvinh/notebooks/shrimp_yolo_canonical_bg_wssv_2cls_split70_15_15/labels/test/WSSV-7-img-3.txt,38,5d6fc886e2c482a4196a3040b545757ca326d2377f3332b396375b8557aefa23
test,image,/home/drnguyenvinh/notebooks/shrimp_yolo_canonical_bg_wssv_2cls_split70_15_15/images/test/WSSV-70-img-1.jpg,155115,d841b564f27dbbc78a6692bf881c0d74db1e23c9d39737133868f5da2069960a
test,label,/home/drnguyenvinh/notebooks/shrimp_yolo_canonical_bg_wssv_2cls_split70_15_15/labels/test/WSSV-70-img-1.txt,342,b31de55bc7e0b35632e42b2321ae7aed5dee446f506d52f871dcfcd4bc1cd5cf
test,image,/home/drnguyenvinh/notebooks/shrimp_yolo_canonical_bg_wssv_2cls_split70_15_15/images/test/WSSV-71-img-3.jpg,150244,d7702be02eedbb92ddfb3f4bece2568592fd7b3cb9caf84f5ed4c75b5db0748d
test,label,/home/drnguyenvinh/notebooks/shrimp_yolo_canonical_bg_wssv_2cls_split70_15_15/labels/test/WSSV-71-img-3.txt,266,b2b9d652b3841b953ef87a8929821c18c78a47168aad01e08685445bea82f336
test,image,/home/drnguyenvinh/notebooks/shrimp_yolo_canonical_bg_wssv_2cls_split70_15_15/images/test/WSSV-77-img-1.jpg,156905,823b6984175ada9b3624dd23cdb2a0d09f402f5a6956747a00668bcc77b5d0fb
test,label,/home/drnguyenvinh/notebooks/shrimp_yolo_canonical_bg_wssv_2cls_split70_15_15/labels/test/WSSV-77-img-1.txt,190,d78c58b37a36b6d815358f593eeb68ffd2eff947320913acada08a78233acdda
test,image,/home/drnguyenvinh/notebooks/shrimp_yolo_canonical_bg_wssv_2cls_split70_15_15/images/test/WSSV-77-img-2.jpg,155791,0dff6e28100515c1b863f5d6aec9dbc45b5714f384c61e562831a29a32181960
test,label,/home/drnguyenvinh/notebooks/shrimp_yolo_canonical_bg_wssv_2cls_split70_15_15/labels/test/WSSV-77-img-2.txt,228,ecb84bbbe832ed861a6eb49c1c2993b2e89baf4e3e52bf27b538d505e6941ce8
test,image,/home/drnguyenvinh/notebooks/shrimp_yolo_canonical_bg_wssv_2cls_split70_15_15/images/test/WSSV-79-img-3.jpg,140507,c6ff4e82e8581355be43491fb3a536e7d5e4e2517a28f93fd17d4f760fa7421d
test,label,/home/drnguyenvinh/notebooks/shrimp_yolo_canonical_bg_wssv_2cls_split70_15_15/labels/test/WSSV-79-img-3.txt,76,cd7e2b9207af71d043326ee5a3638e636793f7d3759edb67131bebc726fceb23
test,image,/home/drnguyenvinh/notebooks/shrimp_yolo_canonical_bg_wssv_2cls_split70_15_15/images/test/WSSV-80-img-3.jpg,131109,fed12e636e70512dbad43f679be121402fa8819592d6d6dd81169a5864e80054
test,label,/home/drnguyenvinh/notebooks/shrimp_yolo_canonical_bg_wssv_2cls_split70_15_15/labels/test/WSSV-80-img-3.txt,228,a4cbbf516ad62aee3b68e85b4a05f45a69a85cc7af575ff6ad24029b86cf65e4
test,image,/home/drnguyenvinh/notebooks/shrimp_yolo_canonical_bg_wssv_2cls_split70_15_15/images/test/WSSV-83-img-1.jpg,162837,a3fdb84f86f7f9604c8819259342490b2ba3149b10798c52eeea281afc8d9cbe
test,label,/home/drnguyenvinh/notebooks/shrimp_yolo_canonical_bg_wssv_2cls_split70_15_15/labels/test/WSSV-83-img-1.txt,152,a39046d90ff9e88f216f945b91a37d18a0e0a9b4d1da8ba484f71bef90edb8ff
test,image,/home/drnguyenvinh/notebooks/shrimp_yolo_canonical_bg_wssv_2cls_split70_15_15/images/test/WSSV-84-img-2.jpg,231775,078271472958f77073709a1f8c7a941ac06a4eb9ec8edc7aa10c9f33c0d9b537
test,label,/home/drnguyenvinh/notebooks/shrimp_yolo_canonical_bg_wssv_2cls_split70_15_15/labels/test/WSSV-84-img-2.txt,304,a15ad7ba1ff7bd79d4814d2b36cd59c3d26397d39705e7ba0eb68c1e91a74149
test,image,/home/drnguyenvinh/notebooks/shrimp_yolo_canonical_bg_wssv_2cls_split70_15_15/images/test/WSSV-84-img-3.jpg,222635,833b3ebac48575fde691501da07cdea9639bf19a3b87642700ed0923f7566439
test,label,/home/drnguyenvinh/notebooks/shrimp_yolo_canonical_bg_wssv_2cls_split70_15_15/labels/test/WSSV-84-img-3.txt,418,ee4ce0f4521a0a563ee1be5286cd89560a60a1a8764069da41596fbcde31f868
test,image,/home/drnguyenvinh/notebooks/shrimp_yolo_canonical_bg_wssv_2cls_split70_15_15/images/test/WSSV-9-img-3.jpg,174546,39470853a0bf2902078783b2aa68a652f635689cf2dd8bfdd3a124d02bd2635e
test,label,/home/drnguyenvinh/notebooks/shrimp_yolo_canonical_bg_wssv_2cls_split70_15_15/labels/test/WSSV-9-img-3.txt,266,c8b18a03688c477069b46c00eb89fb5fb3bb3faeba7d2e95fcdf267f8b3ab75c
test,image,/home/drnguyenvinh/notebooks/shrimp_yolo_canonical_bg_wssv_2cls_split70_15_15/images/test/WSSV-91-img-1.jpg,218937,a5afcb9e253a68e6d513e4b8ca4af535e8eb117d605cb3a227fbeaaedb7bfacf
test,label,/home/drnguyenvinh/notebooks/shrimp_yolo_canonical_bg_wssv_2cls_split70_15_15/labels/test/WSSV-91-img-1.txt,76,753523e1514faeebd448e9f176e5eb341921c3de2c3ade75239052092017e9d5
test,image,/home/drnguyenvinh/notebooks/shrimp_yolo_canonical_bg_wssv_2cls_split70_15_15/images/test/WSSV-91-img-2.jpg,241915,9f54b804148128759e39a4f31046759da513cccd3f539d71ae8dca92ff76b6cf
test,label,/home/drnguyenvinh/notebooks/shrimp_yolo_canonical_bg_wssv_2cls_split70_15_15/labels/test/WSSV-91-img-2.txt,152,351beb2e7359ba787594829afbc7b0a4221b5a0d9f732ceb89e1a9f668f87eb5
test,image,/home/drnguyenvinh/notebooks/shrimp_yolo_canonical_bg_wssv_2cls_split70_15_15/images/test/WSSV-92-img-1.jpg,250582,ca0cf47ffb733de873a9a05f46ce1dd31ae59359391fd6c6a8b8f0d939d1d9e2
test,label,/home/drnguyenvinh/notebooks/shrimp_yolo_canonical_bg_wssv_2cls_split70_15_15/labels/test/WSSV-92-img-1.txt,380,6931bd3a62fd79e0a91a4a31449423af0e9fb1df01b72dd35f1b3f49cc9e4261
test,image,/home/drnguyenvinh/notebooks/shrimp_yolo_canonical_bg_wssv_2cls_split70_15_15/images/test/WSSV-94-img-1.jpg,213569,c9ff38af658ade988c636e63d066ed6a75d79011323e740ba4ed9b8ccc4b1a97
test,label,/home/drnguyenvinh/notebooks/shrimp_yolo_canonical_bg_wssv_2cls_split70_15_15/labels/test/WSSV-94-img-1.txt,190,845631633c312ca22efd0f0b8d56c33c756b0e408d5446425db0348434cfd6db
test,image,/home/drnguyenvinh/notebooks/shrimp_yolo_canonical_bg_wssv_2cls_split70_15_15/images/test/WSSV-96-img-3.jpg,211559,ec98df38e12207c9a5ad68c132d4da530ad585805f7857be8a24a168323e1e2b
test,label,/home/drnguyenvinh/notebooks/shrimp_yolo_canonical_bg_wssv_2cls_split70_15_15/labels/test/WSSV-96-img-3.txt,418,fba5dc9ec9780def22fa46295a30200f9aeeb76725ee5d7b1a6eace4ba373562
test,image,/home/drnguyenvinh/notebooks/shrimp_yolo_canonical_bg_wssv_2cls_split70_15_15/images/test/WSSV_BG-1-img-1.jpg,969464,8962b35d679e700dd5c1693d67936c69d0315bb6256e9f8e7c64d21890779520
test,label,/home/drnguyenvinh/notebooks/shrimp_yolo_canonical_bg_wssv_2cls_split70_15_15/labels/test/WSSV_BG-1-img-1.txt,304,2150e637b06fd5d7a9a97bdea59d526a9b62efa2dadd82a4506e7dead2ae8f00
test,image,/home/drnguyenvinh/notebooks/shrimp_yolo_canonical_bg_wssv_2cls_split70_15_15/images/test/WSSV_BG-2-img-1.jpg,1003067,a8e3b32dc7f8cb4c2d7c7857be3a02b5b2ed8ea4f10a4a37fa8765238653aacc
test,label,/home/drnguyenvinh/notebooks/shrimp_yolo_canonical_bg_wssv_2cls_split70_15_15/labels/test/WSSV_BG-2-img-1.txt,342,419d9d21f0b667a632eac778edde1d7ff6d656aa57a2f5afef7b6916bc768bbc
test,image,/home/drnguyenvinh/notebooks/shrimp_yolo_canonical_bg_wssv_2cls_split70_15_15/images/test/WSSV_BG-24-img-1.jpg,159019,27f822ec9f575c49cbdc9b864a1bdc5f43d996c36d4aad8aca2f826d938251f6
test,label,/home/drnguyenvinh/notebooks/shrimp_yolo_canonical_bg_wssv_2cls_split70_15_15/labels/test/WSSV_BG-24-img-1.txt,1026,2afd1d8a53ce44cb1f103366918316e8353ade3bff880be691420360878e4282
test,image,/home/drnguyenvinh/notebooks/shrimp_yolo_canonical_bg_wssv_2cls_split70_15_15/images/test/WSSV_BG-25-img-3.jpg,164810,99bc72dceceff02cf62dd290bea6c4012bd30a7ad8b76a507856a806149a1363
test,label,/home/drnguyenvinh/notebooks/shrimp_yolo_canonical_bg_wssv_2cls_split70_15_15/labels/test/WSSV_BG-25-img-3.txt,228,cb30d72da88b4cd9e13c40467ae66944d98e92bf8a24213596527c04e86c92cf
test,image,/home/drnguyenvinh/notebooks/shrimp_yolo_canonical_bg_wssv_2cls_split70_15_15/images/test/WSSV_BG-27-img-1.jpg,153910,0b77f7a1a9da1a0f6356aca88aababcbd0d129a7a5a2b364e430f2c85810bdbb
test,label,/home/drnguyenvinh/notebooks/shrimp_yolo_canonical_bg_wssv_2cls_split70_15_15/labels/test/WSSV_BG-27-img-1.txt,532,4243cfaa01156518b8bd48af14b966ba093ff17b053daa37ff0345ead9a2fc23
test,image,/home/drnguyenvinh/notebooks/shrimp_yolo_canonical_bg_wssv_2cls_split70_15_15/images/test/WSSV_BG-33-img-2.jpg,227475,5ddb0de77571b4a5090df82d42f0f35b2c8aff1dbcae7659b6016bc8d7628f1b
test,label,/home/drnguyenvinh/notebooks/shrimp_yolo_canonical_bg_wssv_2cls_split70_15_15/labels/test/WSSV_BG-33-img-2.txt,380,2fccd90a36ddbbbc6984ef6fc07b378dd7b4a6d990c6fe3a278953789168bdd4
test,image,/home/drnguyenvinh/notebooks/shrimp_yolo_canonical_bg_wssv_2cls_split70_15_15/images/test/WSSV_BG-34-img-1.jpg,213783,10058b5168968412a736725329bcd297502b7b99b21fa859f3d3bae8f4270e7f
test,label,/home/drnguyenvinh/notebooks/shrimp_yolo_canonical_bg_wssv_2cls_split70_15_15/labels/test/WSSV_BG-34-img-1.txt,266,825053be3b5ff3387a1948f73adbb51c88170f15daa7970c93e6bb7d61bf5f94
test,image,/home/drnguyenvinh/notebooks/shrimp_yolo_canonical_bg_wssv_2cls_split70_15_15/images/test/WSSV_BG-34-img-2.jpg,232872,a77a2e9ffc28db4d0f7623ab605507314a1b6dc14ad1f0f0c75c51e564f4c22f
test,label,/home/drnguyenvinh/notebooks/shrimp_yolo_canonical_bg_wssv_2cls_split70_15_15/labels/test/WSSV_BG-34-img-2.txt,190,3e7f2aa5fa4816397ecc3ecbfe322324a76a56a913ce8fcf4ea79bbbe453ddc5
test,image,/home/drnguyenvinh/notebooks/shrimp_yolo_canonical_bg_wssv_2cls_split70_15_15/images/test/WSSV_BG-34-img-3.jpg,192657,9dffe9324c5cb0ee7e1cc08a008b37169650c39086522f60335d22a0607a6fe5
test,label,/home/drnguyenvinh/notebooks/shrimp_yolo_canonical_bg_wssv_2cls_split70_15_15/labels/test/WSSV_BG-34-img-3.txt,304,2a6ce03efdde209d65ffc14540a913ce8ee6c626f25b68e03cf16bf056849114
test,image,/home/drnguyenvinh/notebooks/shrimp_yolo_canonical_bg_wssv_2cls_split70_15_15/images/test/WSSV_BG-35-img-2.jpg,233521,b57a010440ade05da0d6fc4e87d93c027f1915fdb2466bd0ae341b7bd68b43ee
test,label,/home/drnguyenvinh/notebooks/shrimp_yolo_canonical_bg_wssv_2cls_split70_15_15/labels/test/WSSV_BG-35-img-2.txt,304,2e2ed7b1617eac5b299585cc229cf4b9ad60951cf556cfc114b748d5b8bf1211
test,image,/home/drnguyenvinh/notebooks/shrimp_yolo_canonical_bg_wssv_2cls_split70_15_15/images/test/WSSV_BG-36-img-3.jpg,218349,9af9e94bbfb4ed8730d7f76d4965e1a6d582e21f69660f38b7f2d28eab00cebc
test,label,/home/drnguyenvinh/notebooks/shrimp_yolo_canonical_bg_wssv_2cls_split70_15_15/labels/test/WSSV_BG-36-img-3.txt,266,3d6ae87f6e0b9328488691c97bca1cd96e4bbb42c759892f1d6737ced155c385
test,image,/home/drnguyenvinh/notebooks/shrimp_yolo_canonical_bg_wssv_2cls_split70_15_15/images/test/WSSV_BG-37-img-1.jpg,209456,3bd29e21a3f7b1971e011ccbccc0f8775c51c5685b6ddd6716260f90113a383b
test,label,/home/drnguyenvinh/notebooks/shrimp_yolo_canonical_bg_wssv_2cls_split70_15_15/labels/test/WSSV_BG-37-img-1.txt,190,15e0be65bed3ffcd91a42a82689f134b087573d380f634f3fb62eacf9a84d860
test,image,/home/drnguyenvinh/notebooks/shrimp_yolo_canonical_bg_wssv_2cls_split70_15_15/images/test/WSSV_BG-41-img-1.jpg,191853,f2f94617ee2338cef417cf37e407e6be00f03eabe76393e376c04d3c904f614b
test,label,/home/drnguyenvinh/notebooks/shrimp_yolo_canonical_bg_wssv_2cls_split70_15_15/labels/test/WSSV_BG-41-img-1.txt,266,fa278530c01e45255661f2bcb4fed69090f415feeb7b21ff1b405195bdcdcade
test,image,/home/drnguyenvinh/notebooks/shrimp_yolo_canonical_bg_wssv_2cls_split70_15_15/images/test/WSSV_BG-43-img-1.jpg,183318,e8ae9fe124aa3152f63d0fd51dbfbd06c6160f83fa904dd7239b40144c52a5af
test,label,/home/drnguyenvinh/notebooks/shrimp_yolo_canonical_bg_wssv_2cls_split70_15_15/labels/test/WSSV_BG-43-img-1.txt,304,e51d782855b4e4633815c1ad7376d7a2d86a34c3a3b9a5542ae114ffad460a3a
test,image,/home/drnguyenvinh/notebooks/shrimp_yolo_canonical_bg_wssv_2cls_split70_15_15/images/test/WSSV_BG-43-img-2.jpg,199651,f8176545351aa9dc8938313c105c3c497ad5cb2f097a5512dc284621f653ffcb
test,label,/home/drnguyenvinh/notebooks/shrimp_yolo_canonical_bg_wssv_2cls_split70_15_15/labels/test/WSSV_BG-43-img-2.txt,266,d8746fbf85489cf8e03ea5a337f1f149a967e73b5c23e3c86b65d7ff4745402c
test,image,/home/drnguyenvinh/notebooks/shrimp_yolo_canonical_bg_wssv_2cls_split70_15_15/images/test/WSSV_BG-45-img-1.jpg,201977,d4887739c8c22cf389fc1c22caef7658d4befbc4b283dcc8cb310ca36af64b85
test,label,/home/drnguyenvinh/notebooks/shrimp_yolo_canonical_bg_wssv_2cls_split70_15_15/labels/test/WSSV_BG-45-img-1.txt,342,549319934b8aa60870fc9437fa5db7423a2bd5e429532f4e95d55e4b1ee24aba
test,image,/home/drnguyenvinh/notebooks/shrimp_yolo_canonical_bg_wssv_2cls_split70_15_15/images/test/WSSV_BG-46-img-2.jpg,203585,0e70111127a4e4a5bab7df5422efd3bfb32c64e251a0f18632b358370d4fb930
test,label,/home/drnguyenvinh/notebooks/shrimp_yolo_canonical_bg_wssv_2cls_split70_15_15/labels/test/WSSV_BG-46-img-2.txt,228,99ce57544025c9c36f97043da295afb9e04acf41e28bb21f5738639dcfdc2f95
test,image,/home/drnguyenvinh/notebooks/shrimp_yolo_canonical_bg_wssv_2cls_split70_15_15/images/test/WSSV_BG-51-img-3.jpg,251580,33d236dccb98834a1c4f1e461e2d256197fdd7f0fc1c71b65bbd2eab80f6a66c
test,label,/home/drnguyenvinh/notebooks/shrimp_yolo_canonical_bg_wssv_2cls_split70_15_15/labels/test/WSSV_BG-51-img-3.txt,532,71e9064b7234f65d2398333f8a601ecb127f6f873fb68c084506003e5cfb6e2e
test,image,/home/drnguyenvinh/notebooks/shrimp_yolo_canonical_bg_wssv_2cls_split70_15_15/images/test/WSSV_BG-57-img-1.jpg,212234,63b68d984f1442ea0986138dc727b059e1f3a7178c596b2186c62972ac01b0ba
test,label,/home/drnguyenvinh/notebooks/shrimp_yolo_canonical_bg_wssv_2cls_split70_15_15/labels/test/WSSV_BG-57-img-1.txt,494,f1e14e471d890c7cc3219fc86fc256b9c328f9b35d245bb6ec106dd0478e0692
test,image,/home/drnguyenvinh/notebooks/shrimp_yolo_canonical_bg_wssv_2cls_split70_15_15/images/test/WSSV_BG-57-img-2.jpg,224596,a9f26b040a88da0ea73d85532bdeca6b584ab1375629a3fb586b2e8628fa9e26
test,label,/home/drnguyenvinh/notebooks/shrimp_yolo_canonical_bg_wssv_2cls_split70_15_15/labels/test/WSSV_BG-57-img-2.txt,418,7b6e61a7180e58c6cb45d72193dcd597273113a395aebc84c5d4ecca78ca8c6f
test,image,/home/drnguyenvinh/notebooks/shrimp_yolo_canonical_bg_wssv_2cls_split70_15_15/images/test/WSSV_BG-58-img-3.jpg,190632,d78ec159c23e9313cf4de2a2ea94edac9974e46812aaebf3f36f06ffafe7e6cc
test,label,/home/drnguyenvinh/notebooks/shrimp_yolo_canonical_bg_wssv_2cls_split70_15_15/labels/test/WSSV_BG-58-img-3.txt,532,e5219c8dc76b7496a1a2d5d68031765cf7a54da14cc466cff8dde204881bce91
test,image,/home/drnguyenvinh/notebooks/shrimp_yolo_canonical_bg_wssv_2cls_split70_15_15/images/test/WSSV_BG-6-img-1.jpg,714120,95b69cf54419b62bae7304d2f77bb22088a29112d32ee6514851f45989ed5b98
test,label,/home/drnguyenvinh/notebooks/shrimp_yolo_canonical_bg_wssv_2cls_split70_15_15/labels/test/WSSV_BG-6-img-1.txt,304,e2e9d5a46e3ffa8b99e5f193eca96206464101211d2a2c2db8cb901f6ba17e51
test,image,/home/drnguyenvinh/notebooks/shrimp_yolo_canonical_bg_wssv_2cls_split70_15_15/images/test/WSSV_BG-62-img-1.jpg,220884,9d0a77e819f1cef13135b0f1a81d7f4bfeeab4ad764da8f904255f650a4a9d08
test,label,/home/drnguyenvinh/notebooks/shrimp_yolo_canonical_bg_wssv_2cls_split70_15_15/labels/test/WSSV_BG-62-img-1.txt,380,3df8f7e555a7dc5c376f7ef9aeb76b85bda43ccc586c0bb1197e09bed0c7fb22
test,image,/home/drnguyenvinh/notebooks/shrimp_yolo_canonical_bg_wssv_2cls_split70_15_15/images/test/WSSV_BG-62-img-3.jpg,195930,a7289be82214214bfa168bfa8804eba2b67dc2716b1496e5dcb4ea40a9189bee
test,label,/home/drnguyenvinh/notebooks/shrimp_yolo_canonical_bg_wssv_2cls_split70_15_15/labels/test/WSSV_BG-62-img-3.txt,342,523145919a2e880bf285c093cfdf2dff9add2bf1d16f88e394e219666f60276a
test,image,/home/drnguyenvinh/notebooks/shrimp_yolo_canonical_bg_wssv_2cls_split70_15_15/images/test/WSSV_BG-66-img-1.jpg,238981,1456ece4bd797d44c2edcaea83124e43ca465e50bdea50166d9ed10e717cc1bc
test,label,/home/drnguyenvinh/notebooks/shrimp_yolo_canonical_bg_wssv_2cls_split70_15_15/labels/test/WSSV_BG-66-img-1.txt,342,7ab568cb34d32b6d72cbda49cded01c3f8df28df9673d75acc7f76f8b38c0699
test,image,/home/drnguyenvinh/notebooks/shrimp_yolo_canonical_bg_wssv_2cls_split70_15_15/images/test/WSSV_BG-67-img-1.jpg,217811,1d3cd17edfa3c623e7d15fd10f6221d497e78dd3e67cbd63df5fea6bb54988bb
test,label,/home/drnguyenvinh/notebooks/shrimp_yolo_canonical_bg_wssv_2cls_split70_15_15/labels/test/WSSV_BG-67-img-1.txt,380,62c62e1d4a79a6e8f21dac05a5aa6eda26eb8a81263def8a7f9eff91cad53369
test,image,/home/drnguyenvinh/notebooks/shrimp_yolo_canonical_bg_wssv_2cls_split70_15_15/images/test/WSSV_BG-68-img-1.jpg,221943,2b4e1ac916669e49b53c2434f4152301aaa30bdd780f6662d2cde18d70363b49
test,label,/home/drnguyenvinh/notebooks/shrimp_yolo_canonical_bg_wssv_2cls_split70_15_15/labels/test/WSSV_BG-68-img-1.txt,532,4058570e344d0db1abb5812abd98d748f4c736dd250fc014cd0e052fe19e6452
test,image,/home/drnguyenvinh/notebooks/shrimp_yolo_canonical_bg_wssv_2cls_split70_15_15/images/test/WSSV_BG-69-img-3.jpg,210098,d050cd476e641a06cfdd85e13781f69b2562a9611ae79764213d421e97fe58c9
test,label,/home/drnguyenvinh/notebooks/shrimp_yolo_canonical_bg_wssv_2cls_split70_15_15/labels/test/WSSV_BG-69-img-3.txt,418,887ce2a9da36986c06adf89e466c8a3a0328769883df1088980a81cf0dcbef5c
test,image,/home/drnguyenvinh/notebooks/shrimp_yolo_canonical_bg_wssv_2cls_split70_15_15/images/test/WSSV_BG-70-img-3.jpg,190522,eeb17d62ff56447895c34417e80ccdb447bb1bc91e93f45c92b0095db6012d54
test,label,/home/drnguyenvinh/notebooks/shrimp_yolo_canonical_bg_wssv_2cls_split70_15_15/labels/test/WSSV_BG-70-img-3.txt,570,6d1cd7f0a09653d5b01a292e0ae466690315668da57fff1ba64f3df21d4fb43f
test,image,/home/drnguyenvinh/notebooks/shrimp_yolo_canonical_bg_wssv_2cls_split70_15_15/images/test/WSSV_BG-73-img-1.jpg,210043,fbeabd422852251b18098f571a5736500cdf9d06ee313b5b7ccb0980fe432de8
test,label,/home/drnguyenvinh/notebooks/shrimp_yolo_canonical_bg_wssv_2cls_split70_15_15/labels/test/WSSV_BG-73-img-1.txt,456,74b32aa4f5bf7620253cbfa425239d98c9957a2dbbd2a4b141970413f9e2fa85
test,image,/home/drnguyenvinh/notebooks/shrimp_yolo_canonical_bg_wssv_2cls_split70_15_15/images/test/WSSV_BG-76-img-2.jpg,235039,1c13f69b816332460c21dad5f8b13166744fcf15c436bf6ede3d87ebd9773430
test,label,/home/drnguyenvinh/notebooks/shrimp_yolo_canonical_bg_wssv_2cls_split70_15_15/labels/test/WSSV_BG-76-img-2.txt,532,0b09040ed10372cb53e07dcf02c24d4333f3280da1990bf8a59bfe6928f20e19
test,image,/home/drnguyenvinh/notebooks/shrimp_yolo_canonical_bg_wssv_2cls_split70_15_15/images/test/WSSV_BG-80-img-1.jpg,200637,83452438cac66d384348569ad19a1d3440a9fcc5c214400816bda12b45bd4b85
test,label,/home/drnguyenvinh/notebooks/shrimp_yolo_canonical_bg_wssv_2cls_split70_15_15/labels/test/WSSV_BG-80-img-1.txt,722,c48c2da6e841f80789cd0e5f726c764bdb48ece198b3a46de6b98f2114c1afc6
test,image,/home/drnguyenvinh/notebooks/shrimp_yolo_canonical_bg_wssv_2cls_split70_15_15/images/test/WSSV_BG-81-img-1.jpg,231006,993e27ab02a2719ec6d636d69c96cf4f87b64b3d61b3ef0def7a55eace734d49
test,label,/home/drnguyenvinh/notebooks/shrimp_yolo_canonical_bg_wssv_2cls_split70_15_15/labels/test/WSSV_BG-81-img-1.txt,342,3b3ffb61df9bc3b163b89a7761a1cdf5df498dc39064951447c11544b77090d0
