split,image_path,image_name,image_stem,image_ext,exists,label_path,label_exists,width_px,height_px,channels,megapixels,aspect_ratio_image,file_size_kb,image_ok,image_error,box_count,has_objects,audit_errors
train,/home/drnguyenvinh/notebooks/shrimp_yolo_canonical_bg_wssv_2cls_split70_15_15/images/train/BG-1-img-1.jpg,BG-1-img-1.jpg,BG-1-img-1,.jpg,True,/home/drnguyenvinh/notebooks/shrimp_yolo_canonical_bg_wssv_2cls_split70_15_15/labels/train/BG-1-img-1.txt,True,2048,2048,3,4.194304,1.0,864.0126953125,True,,1,True,
train,/home/drnguyenvinh/notebooks/shrimp_yolo_canonical_bg_wssv_2cls_split70_15_15/images/train/BG-1-img-3.jpg,BG-1-img-3.jpg,BG-1-img-3,.jpg,True,/home/drnguyenvinh/notebooks/shrimp_yolo_canonical_bg_wssv_2cls_split70_15_15/labels/train/BG-1-img-3.txt,True,2048,2048,3,4.194304,1.0,901.6943359375,True,,1,True,
train,/home/drnguyenvinh/notebooks/shrimp_yolo_canonical_bg_wssv_2cls_split70_15_15/images/train/BG-10-img-1.jpg,BG-10-img-1.jpg,BG-10-img-1,.jpg,True,/home/drnguyenvinh/notebooks/shrimp_yolo_canonical_bg_wssv_2cls_split70_15_15/labels/train/BG-10-img-1.txt,True,2048,2048,3,4.194304,1.0,857.509765625,True,,1,True,
train,/home/drnguyenvinh/notebooks/shrimp_yolo_canonical_bg_wssv_2cls_split70_15_15/images/train/BG-10-img-2.jpg,BG-10-img-2.jpg,BG-10-img-2,.jpg,True,/home/drnguyenvinh/notebooks/shrimp_yolo_canonical_bg_wssv_2cls_split70_15_15/labels/train/BG-10-img-2.txt,True,2048,2048,3,4.194304,1.0,935.513671875,True,,1,True,
train,/home/drnguyenvinh/notebooks/shrimp_yolo_canonical_bg_wssv_2cls_split70_15_15/images/train/BG-10-img-3.jpg,BG-10-img-3.jpg,BG-10-img-3,.jpg,True,/home/drnguyenvinh/notebooks/shrimp_yolo_canonical_bg_wssv_2cls_split70_15_15/labels/train/BG-10-img-3.txt,True,2048,2048,3,4.194304,1.0,908.22265625,True,,1,True,
train,/home/drnguyenvinh/notebooks/shrimp_yolo_canonical_bg_wssv_2cls_split70_15_15/images/train/BG-12-img-1.jpg,BG-12-img-1.jpg,BG-12-img-1,.jpg,True,/home/drnguyenvinh/notebooks/shrimp_yolo_canonical_bg_wssv_2cls_split70_15_15/labels/train/BG-12-img-1.txt,True,2048,2048,3,4.194304,1.0,697.0205078125,True,,2,True,
train,/home/drnguyenvinh/notebooks/shrimp_yolo_canonical_bg_wssv_2cls_split70_15_15/images/train/BG-12-img-2.jpg,BG-12-img-2.jpg,BG-12-img-2,.jpg,True,/home/drnguyenvinh/notebooks/shrimp_yolo_canonical_bg_wssv_2cls_split70_15_15/labels/train/BG-12-img-2.txt,True,2048,2048,3,4.194304,1.0,658.673828125,True,,1,True,
train,/home/drnguyenvinh/notebooks/shrimp_yolo_canonical_bg_wssv_2cls_split70_15_15/images/train/BG-13-img-1.jpg,BG-13-img-1.jpg,BG-13-img-1,.jpg,True,/home/drnguyenvinh/notebooks/shrimp_yolo_canonical_bg_wssv_2cls_split70_15_15/labels/train/BG-13-img-1.txt,True,2048,2048,3,4.194304,1.0,840.662109375,True,,1,True,
train,/home/drnguyenvinh/notebooks/shrimp_yolo_canonical_bg_wssv_2cls_split70_15_15/images/train/BG-13-img-2.jpg,BG-13-img-2.jpg,BG-13-img-2,.jpg,True,/home/drnguyenvinh/notebooks/shrimp_yolo_canonical_bg_wssv_2cls_split70_15_15/labels/train/BG-13-img-2.txt,True,2048,2048,3,4.194304,1.0,614.5107421875,True,,2,True,
train,/home/drnguyenvinh/notebooks/shrimp_yolo_canonical_bg_wssv_2cls_split70_15_15/images/train/BG-13-img-3.jpg,BG-13-img-3.jpg,BG-13-img-3,.jpg,True,/home/drnguyenvinh/notebooks/shrimp_yolo_canonical_bg_wssv_2cls_split70_15_15/labels/train/BG-13-img-3.txt,True,2048,2048,3,4.194304,1.0,581.04296875,True,,1,True,
train,/home/drnguyenvinh/notebooks/shrimp_yolo_canonical_bg_wssv_2cls_split70_15_15/images/train/BG-14-img-1.jpg,BG-14-img-1.jpg,BG-14-img-1,.jpg,True,/home/drnguyenvinh/notebooks/shrimp_yolo_canonical_bg_wssv_2cls_split70_15_15/labels/train/BG-14-img-1.txt,True,2048,2048,3,4.194304,1.0,294.849609375,True,,1,True,
train,/home/drnguyenvinh/notebooks/shrimp_yolo_canonical_bg_wssv_2cls_split70_15_15/images/train/BG-15-img-1.jpg,BG-15-img-1.jpg,BG-15-img-1,.jpg,True,/home/drnguyenvinh/notebooks/shrimp_yolo_canonical_bg_wssv_2cls_split70_15_15/labels/train/BG-15-img-1.txt,True,2048,2048,3,4.194304,1.0,184.20703125,True,,1,True,
train,/home/drnguyenvinh/notebooks/shrimp_yolo_canonical_bg_wssv_2cls_split70_15_15/images/train/BG-16-img-1.jpg,BG-16-img-1.jpg,BG-16-img-1,.jpg,True,/home/drnguyenvinh/notebooks/shrimp_yolo_canonical_bg_wssv_2cls_split70_15_15/labels/train/BG-16-img-1.txt,True,2048,2048,3,4.194304,1.0,202.64453125,True,,1,True,
train,/home/drnguyenvinh/notebooks/shrimp_yolo_canonical_bg_wssv_2cls_split70_15_15/images/train/BG-17-img-1.jpg,BG-17-img-1.jpg,BG-17-img-1,.jpg,True,/home/drnguyenvinh/notebooks/shrimp_yolo_canonical_bg_wssv_2cls_split70_15_15/labels/train/BG-17-img-1.txt,True,2048,2048,3,4.194304,1.0,146.8125,True,,1,True,
train,/home/drnguyenvinh/notebooks/shrimp_yolo_canonical_bg_wssv_2cls_split70_15_15/images/train/BG-19-img-1.jpg,BG-19-img-1.jpg,BG-19-img-1,.jpg,True,/home/drnguyenvinh/notebooks/shrimp_yolo_canonical_bg_wssv_2cls_split70_15_15/labels/train/BG-19-img-1.txt,True,2048,2048,3,4.194304,1.0,181.0458984375,True,,1,True,
train,/home/drnguyenvinh/notebooks/shrimp_yolo_canonical_bg_wssv_2cls_split70_15_15/images/train/BG-2-img-3.jpg,BG-2-img-3.jpg,BG-2-img-3,.jpg,True,/home/drnguyenvinh/notebooks/shrimp_yolo_canonical_bg_wssv_2cls_split70_15_15/labels/train/BG-2-img-3.txt,True,2048,2048,3,4.194304,1.0,916.798828125,True,,1,True,
train,/home/drnguyenvinh/notebooks/shrimp_yolo_canonical_bg_wssv_2cls_split70_15_15/images/train/BG-20-img-2.jpg,BG-20-img-2.jpg,BG-20-img-2,.jpg,True,/home/drnguyenvinh/notebooks/shrimp_yolo_canonical_bg_wssv_2cls_split70_15_15/labels/train/BG-20-img-2.txt,True,2048,2048,3,4.194304,1.0,152.03515625,True,,2,True,
train,/home/drnguyenvinh/notebooks/shrimp_yolo_canonical_bg_wssv_2cls_split70_15_15/images/train/BG-21-img-2.jpg,BG-21-img-2.jpg,BG-21-img-2,.jpg,True,/home/drnguyenvinh/notebooks/shrimp_yolo_canonical_bg_wssv_2cls_split70_15_15/labels/train/BG-21-img-2.txt,True,2048,2048,3,4.194304,1.0,646.9853515625,True,,2,True,
train,/home/drnguyenvinh/notebooks/shrimp_yolo_canonical_bg_wssv_2cls_split70_15_15/images/train/BG-21-img-3.jpg,BG-21-img-3.jpg,BG-21-img-3,.jpg,True,/home/drnguyenvinh/notebooks/shrimp_yolo_canonical_bg_wssv_2cls_split70_15_15/labels/train/BG-21-img-3.txt,True,2048,2048,3,4.194304,1.0,590.08984375,True,,2,True,
train,/home/drnguyenvinh/notebooks/shrimp_yolo_canonical_bg_wssv_2cls_split70_15_15/images/train/BG-22-img-2.jpg,BG-22-img-2.jpg,BG-22-img-2,.jpg,True,/home/drnguyenvinh/notebooks/shrimp_yolo_canonical_bg_wssv_2cls_split70_15_15/labels/train/BG-22-img-2.txt,True,2048,2048,3,4.194304,1.0,754.6357421875,True,,1,True,
train,/home/drnguyenvinh/notebooks/shrimp_yolo_canonical_bg_wssv_2cls_split70_15_15/images/train/BG-22-img-3.jpg,BG-22-img-3.jpg,BG-22-img-3,.jpg,True,/home/drnguyenvinh/notebooks/shrimp_yolo_canonical_bg_wssv_2cls_split70_15_15/labels/train/BG-22-img-3.txt,True,2048,2048,3,4.194304,1.0,731.2998046875,True,,1,True,
train,/home/drnguyenvinh/notebooks/shrimp_yolo_canonical_bg_wssv_2cls_split70_15_15/images/train/BG-23-img-1.jpg,BG-23-img-1.jpg,BG-23-img-1,.jpg,True,/home/drnguyenvinh/notebooks/shrimp_yolo_canonical_bg_wssv_2cls_split70_15_15/labels/train/BG-23-img-1.txt,True,2048,2048,3,4.194304,1.0,969.107421875,True,,2,True,
train,/home/drnguyenvinh/notebooks/shrimp_yolo_canonical_bg_wssv_2cls_split70_15_15/images/train/BG-23-img-3.jpg,BG-23-img-3.jpg,BG-23-img-3,.jpg,True,/home/drnguyenvinh/notebooks/shrimp_yolo_canonical_bg_wssv_2cls_split70_15_15/labels/train/BG-23-img-3.txt,True,2048,2048,3,4.194304,1.0,806.9697265625,True,,3,True,
train,/home/drnguyenvinh/notebooks/shrimp_yolo_canonical_bg_wssv_2cls_split70_15_15/images/train/BG-24-img-1.jpg,BG-24-img-1.jpg,BG-24-img-1,.jpg,True,/home/drnguyenvinh/notebooks/shrimp_yolo_canonical_bg_wssv_2cls_split70_15_15/labels/train/BG-24-img-1.txt,True,2048,2048,3,4.194304,1.0,421.7470703125,True,,2,True,
train,/home/drnguyenvinh/notebooks/shrimp_yolo_canonical_bg_wssv_2cls_split70_15_15/images/train/BG-24-img-2.jpg,BG-24-img-2.jpg,BG-24-img-2,.jpg,True,/home/drnguyenvinh/notebooks/shrimp_yolo_canonical_bg_wssv_2cls_split70_15_15/labels/train/BG-24-img-2.txt,True,2048,2048,3,4.194304,1.0,569.9619140625,True,,2,True,
train,/home/drnguyenvinh/notebooks/shrimp_yolo_canonical_bg_wssv_2cls_split70_15_15/images/train/BG-25-img-2.jpg,BG-25-img-2.jpg,BG-25-img-2,.jpg,True,/home/drnguyenvinh/notebooks/shrimp_yolo_canonical_bg_wssv_2cls_split70_15_15/labels/train/BG-25-img-2.txt,True,2048,2048,3,4.194304,1.0,986.0380859375,True,,1,True,
train,/home/drnguyenvinh/notebooks/shrimp_yolo_canonical_bg_wssv_2cls_split70_15_15/images/train/BG-25-img-3.jpg,BG-25-img-3.jpg,BG-25-img-3,.jpg,True,/home/drnguyenvinh/notebooks/shrimp_yolo_canonical_bg_wssv_2cls_split70_15_15/labels/train/BG-25-img-3.txt,True,2048,2048,3,4.194304,1.0,862.3486328125,True,,1,True,
train,/home/drnguyenvinh/notebooks/shrimp_yolo_canonical_bg_wssv_2cls_split70_15_15/images/train/BG-26-img-1.jpg,BG-26-img-1.jpg,BG-26-img-1,.jpg,True,/home/drnguyenvinh/notebooks/shrimp_yolo_canonical_bg_wssv_2cls_split70_15_15/labels/train/BG-26-img-1.txt,True,2048,2048,3,4.194304,1.0,167.10546875,True,,2,True,
train,/home/drnguyenvinh/notebooks/shrimp_yolo_canonical_bg_wssv_2cls_split70_15_15/images/train/BG-27-img-1.jpg,BG-27-img-1.jpg,BG-27-img-1,.jpg,True,/home/drnguyenvinh/notebooks/shrimp_yolo_canonical_bg_wssv_2cls_split70_15_15/labels/train/BG-27-img-1.txt,True,2048,2048,3,4.194304,1.0,229.734375,True,,2,True,
train,/home/drnguyenvinh/notebooks/shrimp_yolo_canonical_bg_wssv_2cls_split70_15_15/images/train/BG-27-img-2.jpg,BG-27-img-2.jpg,BG-27-img-2,.jpg,True,/home/drnguyenvinh/notebooks/shrimp_yolo_canonical_bg_wssv_2cls_split70_15_15/labels/train/BG-27-img-2.txt,True,2048,2048,3,4.194304,1.0,239.1396484375,True,,2,True,
train,/home/drnguyenvinh/notebooks/shrimp_yolo_canonical_bg_wssv_2cls_split70_15_15/images/train/BG-27-img-3.jpg,BG-27-img-3.jpg,BG-27-img-3,.jpg,True,/home/drnguyenvinh/notebooks/shrimp_yolo_canonical_bg_wssv_2cls_split70_15_15/labels/train/BG-27-img-3.txt,True,2048,2048,3,4.194304,1.0,216.8828125,True,,2,True,
train,/home/drnguyenvinh/notebooks/shrimp_yolo_canonical_bg_wssv_2cls_split70_15_15/images/train/BG-28-img-1.jpg,BG-28-img-1.jpg,BG-28-img-1,.jpg,True,/home/drnguyenvinh/notebooks/shrimp_yolo_canonical_bg_wssv_2cls_split70_15_15/labels/train/BG-28-img-1.txt,True,2048,2048,3,4.194304,1.0,202.3583984375,True,,1,True,
train,/home/drnguyenvinh/notebooks/shrimp_yolo_canonical_bg_wssv_2cls_split70_15_15/images/train/BG-28-img-2.jpg,BG-28-img-2.jpg,BG-28-img-2,.jpg,True,/home/drnguyenvinh/notebooks/shrimp_yolo_canonical_bg_wssv_2cls_split70_15_15/labels/train/BG-28-img-2.txt,True,2048,2048,3,4.194304,1.0,170.09375,True,,1,True,
train,/home/drnguyenvinh/notebooks/shrimp_yolo_canonical_bg_wssv_2cls_split70_15_15/images/train/BG-29-img-3.jpg,BG-29-img-3.jpg,BG-29-img-3,.jpg,True,/home/drnguyenvinh/notebooks/shrimp_yolo_canonical_bg_wssv_2cls_split70_15_15/labels/train/BG-29-img-3.txt,True,2048,2048,3,4.194304,1.0,160.76171875,True,,1,True,
train,/home/drnguyenvinh/notebooks/shrimp_yolo_canonical_bg_wssv_2cls_split70_15_15/images/train/BG-3-img-1.jpg,BG-3-img-1.jpg,BG-3-img-1,.jpg,True,/home/drnguyenvinh/notebooks/shrimp_yolo_canonical_bg_wssv_2cls_split70_15_15/labels/train/BG-3-img-1.txt,True,2048,2048,3,4.194304,1.0,208.9169921875,True,,2,True,
train,/home/drnguyenvinh/notebooks/shrimp_yolo_canonical_bg_wssv_2cls_split70_15_15/images/train/BG-3-img-2.jpg,BG-3-img-2.jpg,BG-3-img-2,.jpg,True,/home/drnguyenvinh/notebooks/shrimp_yolo_canonical_bg_wssv_2cls_split70_15_15/labels/train/BG-3-img-2.txt,True,2048,2048,3,4.194304,1.0,202.9443359375,True,,1,True,
train,/home/drnguyenvinh/notebooks/shrimp_yolo_canonical_bg_wssv_2cls_split70_15_15/images/train/BG-3-img-3.jpg,BG-3-img-3.jpg,BG-3-img-3,.jpg,True,/home/drnguyenvinh/notebooks/shrimp_yolo_canonical_bg_wssv_2cls_split70_15_15/labels/train/BG-3-img-3.txt,True,2048,2048,3,4.194304,1.0,200.736328125,True,,1,True,
train,/home/drnguyenvinh/notebooks/shrimp_yolo_canonical_bg_wssv_2cls_split70_15_15/images/train/BG-31-img-1.jpg,BG-31-img-1.jpg,BG-31-img-1,.jpg,True,/home/drnguyenvinh/notebooks/shrimp_yolo_canonical_bg_wssv_2cls_split70_15_15/labels/train/BG-31-img-1.txt,True,2048,2048,3,4.194304,1.0,213.7353515625,True,,2,True,
train,/home/drnguyenvinh/notebooks/shrimp_yolo_canonical_bg_wssv_2cls_split70_15_15/images/train/BG-31-img-3.jpg,BG-31-img-3.jpg,BG-31-img-3,.jpg,True,/home/drnguyenvinh/notebooks/shrimp_yolo_canonical_bg_wssv_2cls_split70_15_15/labels/train/BG-31-img-3.txt,True,2048,2048,3,4.194304,1.0,223.9912109375,True,,2,True,
train,/home/drnguyenvinh/notebooks/shrimp_yolo_canonical_bg_wssv_2cls_split70_15_15/images/train/BG-32-img-1.jpg,BG-32-img-1.jpg,BG-32-img-1,.jpg,True,/home/drnguyenvinh/notebooks/shrimp_yolo_canonical_bg_wssv_2cls_split70_15_15/labels/train/BG-32-img-1.txt,True,2048,2048,3,4.194304,1.0,174.9921875,True,,2,True,
train,/home/drnguyenvinh/notebooks/shrimp_yolo_canonical_bg_wssv_2cls_split70_15_15/images/train/BG-33-img-1.jpg,BG-33-img-1.jpg,BG-33-img-1,.jpg,True,/home/drnguyenvinh/notebooks/shrimp_yolo_canonical_bg_wssv_2cls_split70_15_15/labels/train/BG-33-img-1.txt,True,2048,2048,3,4.194304,1.0,177.0283203125,True,,2,True,
train,/home/drnguyenvinh/notebooks/shrimp_yolo_canonical_bg_wssv_2cls_split70_15_15/images/train/BG-34-img-1.jpg,BG-34-img-1.jpg,BG-34-img-1,.jpg,True,/home/drnguyenvinh/notebooks/shrimp_yolo_canonical_bg_wssv_2cls_split70_15_15/labels/train/BG-34-img-1.txt,True,2048,2048,3,4.194304,1.0,182.2958984375,True,,3,True,
train,/home/drnguyenvinh/notebooks/shrimp_yolo_canonical_bg_wssv_2cls_split70_15_15/images/train/BG-34-img-2.jpg,BG-34-img-2.jpg,BG-34-img-2,.jpg,True,/home/drnguyenvinh/notebooks/shrimp_yolo_canonical_bg_wssv_2cls_split70_15_15/labels/train/BG-34-img-2.txt,True,2048,2048,3,4.194304,1.0,209.4423828125,True,,1,True,
train,/home/drnguyenvinh/notebooks/shrimp_yolo_canonical_bg_wssv_2cls_split70_15_15/images/train/BG-34-img-3.jpg,BG-34-img-3.jpg,BG-34-img-3,.jpg,True,/home/drnguyenvinh/notebooks/shrimp_yolo_canonical_bg_wssv_2cls_split70_15_15/labels/train/BG-34-img-3.txt,True,2048,2048,3,4.194304,1.0,216.013671875,True,,3,True,
train,/home/drnguyenvinh/notebooks/shrimp_yolo_canonical_bg_wssv_2cls_split70_15_15/images/train/BG-35-img-2.jpg,BG-35-img-2.jpg,BG-35-img-2,.jpg,True,/home/drnguyenvinh/notebooks/shrimp_yolo_canonical_bg_wssv_2cls_split70_15_15/labels/train/BG-35-img-2.txt,True,2048,2048,3,4.194304,1.0,171.2880859375,True,,2,True,
train,/home/drnguyenvinh/notebooks/shrimp_yolo_canonical_bg_wssv_2cls_split70_15_15/images/train/BG-35-img-3.jpg,BG-35-img-3.jpg,BG-35-img-3,.jpg,True,/home/drnguyenvinh/notebooks/shrimp_yolo_canonical_bg_wssv_2cls_split70_15_15/labels/train/BG-35-img-3.txt,True,2048,2048,3,4.194304,1.0,170.572265625,True,,2,True,
train,/home/drnguyenvinh/notebooks/shrimp_yolo_canonical_bg_wssv_2cls_split70_15_15/images/train/BG-36-img-3.jpg,BG-36-img-3.jpg,BG-36-img-3,.jpg,True,/home/drnguyenvinh/notebooks/shrimp_yolo_canonical_bg_wssv_2cls_split70_15_15/labels/train/BG-36-img-3.txt,True,2048,2048,3,4.194304,1.0,130.9736328125,True,,1,True,
train,/home/drnguyenvinh/notebooks/shrimp_yolo_canonical_bg_wssv_2cls_split70_15_15/images/train/BG-37-img-1.jpg,BG-37-img-1.jpg,BG-37-img-1,.jpg,True,/home/drnguyenvinh/notebooks/shrimp_yolo_canonical_bg_wssv_2cls_split70_15_15/labels/train/BG-37-img-1.txt,True,2048,2048,3,4.194304,1.0,172.7294921875,True,,3,True,
train,/home/drnguyenvinh/notebooks/shrimp_yolo_canonical_bg_wssv_2cls_split70_15_15/images/train/BG-37-img-2.jpg,BG-37-img-2.jpg,BG-37-img-2,.jpg,True,/home/drnguyenvinh/notebooks/shrimp_yolo_canonical_bg_wssv_2cls_split70_15_15/labels/train/BG-37-img-2.txt,True,2048,2048,3,4.194304,1.0,243.443359375,True,,3,True,
train,/home/drnguyenvinh/notebooks/shrimp_yolo_canonical_bg_wssv_2cls_split70_15_15/images/train/BG-38-img-1.jpg,BG-38-img-1.jpg,BG-38-img-1,.jpg,True,/home/drnguyenvinh/notebooks/shrimp_yolo_canonical_bg_wssv_2cls_split70_15_15/labels/train/BG-38-img-1.txt,True,2048,2048,3,4.194304,1.0,222.177734375,True,,4,True,
train,/home/drnguyenvinh/notebooks/shrimp_yolo_canonical_bg_wssv_2cls_split70_15_15/images/train/BG-38-img-2.jpg,BG-38-img-2.jpg,BG-38-img-2,.jpg,True,/home/drnguyenvinh/notebooks/shrimp_yolo_canonical_bg_wssv_2cls_split70_15_15/labels/train/BG-38-img-2.txt,True,2048,2048,3,4.194304,1.0,244.099609375,True,,3,True,
train,/home/drnguyenvinh/notebooks/shrimp_yolo_canonical_bg_wssv_2cls_split70_15_15/images/train/BG-38-img-3.jpg,BG-38-img-3.jpg,BG-38-img-3,.jpg,True,/home/drnguyenvinh/notebooks/shrimp_yolo_canonical_bg_wssv_2cls_split70_15_15/labels/train/BG-38-img-3.txt,True,2048,2048,3,4.194304,1.0,222.6162109375,True,,2,True,
train,/home/drnguyenvinh/notebooks/shrimp_yolo_canonical_bg_wssv_2cls_split70_15_15/images/train/BG-39-img-1.jpg,BG-39-img-1.jpg,BG-39-img-1,.jpg,True,/home/drnguyenvinh/notebooks/shrimp_yolo_canonical_bg_wssv_2cls_split70_15_15/labels/train/BG-39-img-1.txt,True,2048,2048,3,4.194304,1.0,212.9150390625,True,,2,True,
train,/home/drnguyenvinh/notebooks/shrimp_yolo_canonical_bg_wssv_2cls_split70_15_15/images/train/BG-39-img-2.jpg,BG-39-img-2.jpg,BG-39-img-2,.jpg,True,/home/drnguyenvinh/notebooks/shrimp_yolo_canonical_bg_wssv_2cls_split70_15_15/labels/train/BG-39-img-2.txt,True,2048,2048,3,4.194304,1.0,211.9619140625,True,,2,True,
train,/home/drnguyenvinh/notebooks/shrimp_yolo_canonical_bg_wssv_2cls_split70_15_15/images/train/BG-39-img-3.jpg,BG-39-img-3.jpg,BG-39-img-3,.jpg,True,/home/drnguyenvinh/notebooks/shrimp_yolo_canonical_bg_wssv_2cls_split70_15_15/labels/train/BG-39-img-3.txt,True,2048,2048,3,4.194304,1.0,280.4013671875,True,,3,True,
train,/home/drnguyenvinh/notebooks/shrimp_yolo_canonical_bg_wssv_2cls_split70_15_15/images/train/BG-4-img-1.jpg,BG-4-img-1.jpg,BG-4-img-1,.jpg,True,/home/drnguyenvinh/notebooks/shrimp_yolo_canonical_bg_wssv_2cls_split70_15_15/labels/train/BG-4-img-1.txt,True,2048,2048,3,4.194304,1.0,194.150390625,True,,2,True,
train,/home/drnguyenvinh/notebooks/shrimp_yolo_canonical_bg_wssv_2cls_split70_15_15/images/train/BG-4-img-2.jpg,BG-4-img-2.jpg,BG-4-img-2,.jpg,True,/home/drnguyenvinh/notebooks/shrimp_yolo_canonical_bg_wssv_2cls_split70_15_15/labels/train/BG-4-img-2.txt,True,2048,2048,3,4.194304,1.0,209.2744140625,True,,1,True,
train,/home/drnguyenvinh/notebooks/shrimp_yolo_canonical_bg_wssv_2cls_split70_15_15/images/train/BG-4-img-3.jpg,BG-4-img-3.jpg,BG-4-img-3,.jpg,True,/home/drnguyenvinh/notebooks/shrimp_yolo_canonical_bg_wssv_2cls_split70_15_15/labels/train/BG-4-img-3.txt,True,2048,2048,3,4.194304,1.0,247.375,True,,1,True,
train,/home/drnguyenvinh/notebooks/shrimp_yolo_canonical_bg_wssv_2cls_split70_15_15/images/train/BG-40-img-1.jpg,BG-40-img-1.jpg,BG-40-img-1,.jpg,True,/home/drnguyenvinh/notebooks/shrimp_yolo_canonical_bg_wssv_2cls_split70_15_15/labels/train/BG-40-img-1.txt,True,2048,2048,3,4.194304,1.0,249.2001953125,True,,5,True,
train,/home/drnguyenvinh/notebooks/shrimp_yolo_canonical_bg_wssv_2cls_split70_15_15/images/train/BG-41-img-2.jpg,BG-41-img-2.jpg,BG-41-img-2,.jpg,True,/home/drnguyenvinh/notebooks/shrimp_yolo_canonical_bg_wssv_2cls_split70_15_15/labels/train/BG-41-img-2.txt,True,2048,2048,3,4.194304,1.0,226.9716796875,True,,2,True,
train,/home/drnguyenvinh/notebooks/shrimp_yolo_canonical_bg_wssv_2cls_split70_15_15/images/train/BG-41-img-3.jpg,BG-41-img-3.jpg,BG-41-img-3,.jpg,True,/home/drnguyenvinh/notebooks/shrimp_yolo_canonical_bg_wssv_2cls_split70_15_15/labels/train/BG-41-img-3.txt,True,2048,2048,3,4.194304,1.0,228.38671875,True,,2,True,
train,/home/drnguyenvinh/notebooks/shrimp_yolo_canonical_bg_wssv_2cls_split70_15_15/images/train/BG-42-img-3.jpg,BG-42-img-3.jpg,BG-42-img-3,.jpg,True,/home/drnguyenvinh/notebooks/shrimp_yolo_canonical_bg_wssv_2cls_split70_15_15/labels/train/BG-42-img-3.txt,True,2048,2048,3,4.194304,1.0,251.5498046875,True,,3,True,
train,/home/drnguyenvinh/notebooks/shrimp_yolo_canonical_bg_wssv_2cls_split70_15_15/images/train/BG-43-img-1.jpg,BG-43-img-1.jpg,BG-43-img-1,.jpg,True,/home/drnguyenvinh/notebooks/shrimp_yolo_canonical_bg_wssv_2cls_split70_15_15/labels/train/BG-43-img-1.txt,True,2048,2048,3,4.194304,1.0,160.78125,True,,2,True,
train,/home/drnguyenvinh/notebooks/shrimp_yolo_canonical_bg_wssv_2cls_split70_15_15/images/train/BG-43-img-2.jpg,BG-43-img-2.jpg,BG-43-img-2,.jpg,True,/home/drnguyenvinh/notebooks/shrimp_yolo_canonical_bg_wssv_2cls_split70_15_15/labels/train/BG-43-img-2.txt,True,2048,2048,3,4.194304,1.0,193.5888671875,True,,2,True,
train,/home/drnguyenvinh/notebooks/shrimp_yolo_canonical_bg_wssv_2cls_split70_15_15/images/train/BG-44-img-2.jpg,BG-44-img-2.jpg,BG-44-img-2,.jpg,True,/home/drnguyenvinh/notebooks/shrimp_yolo_canonical_bg_wssv_2cls_split70_15_15/labels/train/BG-44-img-2.txt,True,2048,2048,3,4.194304,1.0,222.2216796875,True,,3,True,
train,/home/drnguyenvinh/notebooks/shrimp_yolo_canonical_bg_wssv_2cls_split70_15_15/images/train/BG-44-img-3.jpg,BG-44-img-3.jpg,BG-44-img-3,.jpg,True,/home/drnguyenvinh/notebooks/shrimp_yolo_canonical_bg_wssv_2cls_split70_15_15/labels/train/BG-44-img-3.txt,True,2048,2048,3,4.194304,1.0,240.7451171875,True,,3,True,
train,/home/drnguyenvinh/notebooks/shrimp_yolo_canonical_bg_wssv_2cls_split70_15_15/images/train/BG-45-img-1.jpg,BG-45-img-1.jpg,BG-45-img-1,.jpg,True,/home/drnguyenvinh/notebooks/shrimp_yolo_canonical_bg_wssv_2cls_split70_15_15/labels/train/BG-45-img-1.txt,True,2048,2048,3,4.194304,1.0,176.7783203125,True,,1,True,
train,/home/drnguyenvinh/notebooks/shrimp_yolo_canonical_bg_wssv_2cls_split70_15_15/images/train/BG-45-img-2.jpg,BG-45-img-2.jpg,BG-45-img-2,.jpg,True,/home/drnguyenvinh/notebooks/shrimp_yolo_canonical_bg_wssv_2cls_split70_15_15/labels/train/BG-45-img-2.txt,True,2048,2048,3,4.194304,1.0,189.8154296875,True,,1,True,
train,/home/drnguyenvinh/notebooks/shrimp_yolo_canonical_bg_wssv_2cls_split70_15_15/images/train/BG-45-img-3.jpg,BG-45-img-3.jpg,BG-45-img-3,.jpg,True,/home/drnguyenvinh/notebooks/shrimp_yolo_canonical_bg_wssv_2cls_split70_15_15/labels/train/BG-45-img-3.txt,True,2048,2048,3,4.194304,1.0,210.23046875,True,,3,True,
train,/home/drnguyenvinh/notebooks/shrimp_yolo_canonical_bg_wssv_2cls_split70_15_15/images/train/BG-46-img-1.jpg,BG-46-img-1.jpg,BG-46-img-1,.jpg,True,/home/drnguyenvinh/notebooks/shrimp_yolo_canonical_bg_wssv_2cls_split70_15_15/labels/train/BG-46-img-1.txt,True,2048,2048,3,4.194304,1.0,162.18359375,True,,6,True,
train,/home/drnguyenvinh/notebooks/shrimp_yolo_canonical_bg_wssv_2cls_split70_15_15/images/train/BG-46-img-2.jpg,BG-46-img-2.jpg,BG-46-img-2,.jpg,True,/home/drnguyenvinh/notebooks/shrimp_yolo_canonical_bg_wssv_2cls_split70_15_15/labels/train/BG-46-img-2.txt,True,2048,2048,3,4.194304,1.0,164.6611328125,True,,3,True,
train,/home/drnguyenvinh/notebooks/shrimp_yolo_canonical_bg_wssv_2cls_split70_15_15/images/train/BG-47-img-1.jpg,BG-47-img-1.jpg,BG-47-img-1,.jpg,True,/home/drnguyenvinh/notebooks/shrimp_yolo_canonical_bg_wssv_2cls_split70_15_15/labels/train/BG-47-img-1.txt,True,2048,2048,3,4.194304,1.0,138.1875,True,,1,True,
train,/home/drnguyenvinh/notebooks/shrimp_yolo_canonical_bg_wssv_2cls_split70_15_15/images/train/BG-47-img-2.jpg,BG-47-img-2.jpg,BG-47-img-2,.jpg,True,/home/drnguyenvinh/notebooks/shrimp_yolo_canonical_bg_wssv_2cls_split70_15_15/labels/train/BG-47-img-2.txt,True,2048,2048,3,4.194304,1.0,212.62109375,True,,2,True,
train,/home/drnguyenvinh/notebooks/shrimp_yolo_canonical_bg_wssv_2cls_split70_15_15/images/train/BG-48-img-2.jpg,BG-48-img-2.jpg,BG-48-img-2,.jpg,True,/home/drnguyenvinh/notebooks/shrimp_yolo_canonical_bg_wssv_2cls_split70_15_15/labels/train/BG-48-img-2.txt,True,2048,2048,3,4.194304,1.0,144.525390625,True,,3,True,
train,/home/drnguyenvinh/notebooks/shrimp_yolo_canonical_bg_wssv_2cls_split70_15_15/images/train/BG-48-img-3.jpg,BG-48-img-3.jpg,BG-48-img-3,.jpg,True,/home/drnguyenvinh/notebooks/shrimp_yolo_canonical_bg_wssv_2cls_split70_15_15/labels/train/BG-48-img-3.txt,True,2048,2048,3,4.194304,1.0,191.9873046875,True,,3,True,
train,/home/drnguyenvinh/notebooks/shrimp_yolo_canonical_bg_wssv_2cls_split70_15_15/images/train/BG-49-img-1.jpg,BG-49-img-1.jpg,BG-49-img-1,.jpg,True,/home/drnguyenvinh/notebooks/shrimp_yolo_canonical_bg_wssv_2cls_split70_15_15/labels/train/BG-49-img-1.txt,True,2048,2048,3,4.194304,1.0,155.97265625,True,,4,True,
train,/home/drnguyenvinh/notebooks/shrimp_yolo_canonical_bg_wssv_2cls_split70_15_15/images/train/BG-49-img-2.jpg,BG-49-img-2.jpg,BG-49-img-2,.jpg,True,/home/drnguyenvinh/notebooks/shrimp_yolo_canonical_bg_wssv_2cls_split70_15_15/labels/train/BG-49-img-2.txt,True,2048,2048,3,4.194304,1.0,202.4658203125,True,,1,True,
train,/home/drnguyenvinh/notebooks/shrimp_yolo_canonical_bg_wssv_2cls_split70_15_15/images/train/BG-49-img-3.jpg,BG-49-img-3.jpg,BG-49-img-3,.jpg,True,/home/drnguyenvinh/notebooks/shrimp_yolo_canonical_bg_wssv_2cls_split70_15_15/labels/train/BG-49-img-3.txt,True,2048,2048,3,4.194304,1.0,212.44140625,True,,3,True,
train,/home/drnguyenvinh/notebooks/shrimp_yolo_canonical_bg_wssv_2cls_split70_15_15/images/train/BG-50-img-1.jpg,BG-50-img-1.jpg,BG-50-img-1,.jpg,True,/home/drnguyenvinh/notebooks/shrimp_yolo_canonical_bg_wssv_2cls_split70_15_15/labels/train/BG-50-img-1.txt,True,2048,2048,3,4.194304,1.0,146.7685546875,True,,1,True,
train,/home/drnguyenvinh/notebooks/shrimp_yolo_canonical_bg_wssv_2cls_split70_15_15/images/train/BG-50-img-2.jpg,BG-50-img-2.jpg,BG-50-img-2,.jpg,True,/home/drnguyenvinh/notebooks/shrimp_yolo_canonical_bg_wssv_2cls_split70_15_15/labels/train/BG-50-img-2.txt,True,2048,2048,3,4.194304,1.0,205.7822265625,True,,3,True,
train,/home/drnguyenvinh/notebooks/shrimp_yolo_canonical_bg_wssv_2cls_split70_15_15/images/train/BG-51-img-2.jpg,BG-51-img-2.jpg,BG-51-img-2,.jpg,True,/home/drnguyenvinh/notebooks/shrimp_yolo_canonical_bg_wssv_2cls_split70_15_15/labels/train/BG-51-img-2.txt,True,2048,2048,3,4.194304,1.0,141.357421875,True,,2,True,
train,/home/drnguyenvinh/notebooks/shrimp_yolo_canonical_bg_wssv_2cls_split70_15_15/images/train/BG-51-img-3.jpg,BG-51-img-3.jpg,BG-51-img-3,.jpg,True,/home/drnguyenvinh/notebooks/shrimp_yolo_canonical_bg_wssv_2cls_split70_15_15/labels/train/BG-51-img-3.txt,True,2048,2048,3,4.194304,1.0,157.384765625,True,,3,True,
train,/home/drnguyenvinh/notebooks/shrimp_yolo_canonical_bg_wssv_2cls_split70_15_15/images/train/BG-52-img-1.jpg,BG-52-img-1.jpg,BG-52-img-1,.jpg,True,/home/drnguyenvinh/notebooks/shrimp_yolo_canonical_bg_wssv_2cls_split70_15_15/labels/train/BG-52-img-1.txt,True,2048,2048,3,4.194304,1.0,153.134765625,True,,2,True,
train,/home/drnguyenvinh/notebooks/shrimp_yolo_canonical_bg_wssv_2cls_split70_15_15/images/train/BG-52-img-2.jpg,BG-52-img-2.jpg,BG-52-img-2,.jpg,True,/home/drnguyenvinh/notebooks/shrimp_yolo_canonical_bg_wssv_2cls_split70_15_15/labels/train/BG-52-img-2.txt,True,2048,2048,3,4.194304,1.0,156.0478515625,True,,5,True,
train,/home/drnguyenvinh/notebooks/shrimp_yolo_canonical_bg_wssv_2cls_split70_15_15/images/train/BG-52-img-3.jpg,BG-52-img-3.jpg,BG-52-img-3,.jpg,True,/home/drnguyenvinh/notebooks/shrimp_yolo_canonical_bg_wssv_2cls_split70_15_15/labels/train/BG-52-img-3.txt,True,2048,2048,3,4.194304,1.0,138.1845703125,True,,2,True,
train,/home/drnguyenvinh/notebooks/shrimp_yolo_canonical_bg_wssv_2cls_split70_15_15/images/train/BG-53-img-1.jpg,BG-53-img-1.jpg,BG-53-img-1,.jpg,True,/home/drnguyenvinh/notebooks/shrimp_yolo_canonical_bg_wssv_2cls_split70_15_15/labels/train/BG-53-img-1.txt,True,2048,2048,3,4.194304,1.0,158.8798828125,True,,2,True,
train,/home/drnguyenvinh/notebooks/shrimp_yolo_canonical_bg_wssv_2cls_split70_15_15/images/train/BG-53-img-2.jpg,BG-53-img-2.jpg,BG-53-img-2,.jpg,True,/home/drnguyenvinh/notebooks/shrimp_yolo_canonical_bg_wssv_2cls_split70_15_15/labels/train/BG-53-img-2.txt,True,2048,2048,3,4.194304,1.0,207.17578125,True,,9,True,
train,/home/drnguyenvinh/notebooks/shrimp_yolo_canonical_bg_wssv_2cls_split70_15_15/images/train/BG-53-img-3.jpg,BG-53-img-3.jpg,BG-53-img-3,.jpg,True,/home/drnguyenvinh/notebooks/shrimp_yolo_canonical_bg_wssv_2cls_split70_15_15/labels/train/BG-53-img-3.txt,True,2048,2048,3,4.194304,1.0,220.5478515625,True,,1,True,
train,/home/drnguyenvinh/notebooks/shrimp_yolo_canonical_bg_wssv_2cls_split70_15_15/images/train/BG-54-img-1.jpg,BG-54-img-1.jpg,BG-54-img-1,.jpg,True,/home/drnguyenvinh/notebooks/shrimp_yolo_canonical_bg_wssv_2cls_split70_15_15/labels/train/BG-54-img-1.txt,True,2048,2048,3,4.194304,1.0,147.529296875,True,,4,True,
train,/home/drnguyenvinh/notebooks/shrimp_yolo_canonical_bg_wssv_2cls_split70_15_15/images/train/BG-54-img-2.jpg,BG-54-img-2.jpg,BG-54-img-2,.jpg,True,/home/drnguyenvinh/notebooks/shrimp_yolo_canonical_bg_wssv_2cls_split70_15_15/labels/train/BG-54-img-2.txt,True,2048,2048,3,4.194304,1.0,136.404296875,True,,5,True,
train,/home/drnguyenvinh/notebooks/shrimp_yolo_canonical_bg_wssv_2cls_split70_15_15/images/train/BG-54-img-3.jpg,BG-54-img-3.jpg,BG-54-img-3,.jpg,True,/home/drnguyenvinh/notebooks/shrimp_yolo_canonical_bg_wssv_2cls_split70_15_15/labels/train/BG-54-img-3.txt,True,2048,2048,3,4.194304,1.0,200.802734375,True,,1,True,
train,/home/drnguyenvinh/notebooks/shrimp_yolo_canonical_bg_wssv_2cls_split70_15_15/images/train/BG-55-img-2.jpg,BG-55-img-2.jpg,BG-55-img-2,.jpg,True,/home/drnguyenvinh/notebooks/shrimp_yolo_canonical_bg_wssv_2cls_split70_15_15/labels/train/BG-55-img-2.txt,True,2048,2048,3,4.194304,1.0,218.8603515625,True,,2,True,
train,/home/drnguyenvinh/notebooks/shrimp_yolo_canonical_bg_wssv_2cls_split70_15_15/images/train/BG-55-img-3.jpg,BG-55-img-3.jpg,BG-55-img-3,.jpg,True,/home/drnguyenvinh/notebooks/shrimp_yolo_canonical_bg_wssv_2cls_split70_15_15/labels/train/BG-55-img-3.txt,True,2048,2048,3,4.194304,1.0,238.625,True,,1,True,
train,/home/drnguyenvinh/notebooks/shrimp_yolo_canonical_bg_wssv_2cls_split70_15_15/images/train/BG-56-img-1.jpg,BG-56-img-1.jpg,BG-56-img-1,.jpg,True,/home/drnguyenvinh/notebooks/shrimp_yolo_canonical_bg_wssv_2cls_split70_15_15/labels/train/BG-56-img-1.txt,True,2048,2048,3,4.194304,1.0,143.5458984375,True,,1,True,
train,/home/drnguyenvinh/notebooks/shrimp_yolo_canonical_bg_wssv_2cls_split70_15_15/images/train/BG-56-img-2.jpg,BG-56-img-2.jpg,BG-56-img-2,.jpg,True,/home/drnguyenvinh/notebooks/shrimp_yolo_canonical_bg_wssv_2cls_split70_15_15/labels/train/BG-56-img-2.txt,True,2048,2048,3,4.194304,1.0,203.4619140625,True,,2,True,
train,/home/drnguyenvinh/notebooks/shrimp_yolo_canonical_bg_wssv_2cls_split70_15_15/images/train/BG-56-img-3.jpg,BG-56-img-3.jpg,BG-56-img-3,.jpg,True,/home/drnguyenvinh/notebooks/shrimp_yolo_canonical_bg_wssv_2cls_split70_15_15/labels/train/BG-56-img-3.txt,True,2048,2048,3,4.194304,1.0,181.9189453125,True,,2,True,
train,/home/drnguyenvinh/notebooks/shrimp_yolo_canonical_bg_wssv_2cls_split70_15_15/images/train/BG-57-img-1.jpg,BG-57-img-1.jpg,BG-57-img-1,.jpg,True,/home/drnguyenvinh/notebooks/shrimp_yolo_canonical_bg_wssv_2cls_split70_15_15/labels/train/BG-57-img-1.txt,True,2048,2048,3,4.194304,1.0,216.1357421875,True,,3,True,
train,/home/drnguyenvinh/notebooks/shrimp_yolo_canonical_bg_wssv_2cls_split70_15_15/images/train/BG-58-img-1.jpg,BG-58-img-1.jpg,BG-58-img-1,.jpg,True,/home/drnguyenvinh/notebooks/shrimp_yolo_canonical_bg_wssv_2cls_split70_15_15/labels/train/BG-58-img-1.txt,True,2048,2048,3,4.194304,1.0,186.1787109375,True,,1,True,
train,/home/drnguyenvinh/notebooks/shrimp_yolo_canonical_bg_wssv_2cls_split70_15_15/images/train/BG-58-img-3.jpg,BG-58-img-3.jpg,BG-58-img-3,.jpg,True,/home/drnguyenvinh/notebooks/shrimp_yolo_canonical_bg_wssv_2cls_split70_15_15/labels/train/BG-58-img-3.txt,True,2048,2048,3,4.194304,1.0,166.9736328125,True,,4,True,
train,/home/drnguyenvinh/notebooks/shrimp_yolo_canonical_bg_wssv_2cls_split70_15_15/images/train/BG-59-img-2.jpg,BG-59-img-2.jpg,BG-59-img-2,.jpg,True,/home/drnguyenvinh/notebooks/shrimp_yolo_canonical_bg_wssv_2cls_split70_15_15/labels/train/BG-59-img-2.txt,True,2048,2048,3,4.194304,1.0,214.62109375,True,,2,True,
train,/home/drnguyenvinh/notebooks/shrimp_yolo_canonical_bg_wssv_2cls_split70_15_15/images/train/BG-6-img-1.jpg,BG-6-img-1.jpg,BG-6-img-1,.jpg,True,/home/drnguyenvinh/notebooks/shrimp_yolo_canonical_bg_wssv_2cls_split70_15_15/labels/train/BG-6-img-1.txt,True,2048,2048,3,4.194304,1.0,749.208984375,True,,1,True,
train,/home/drnguyenvinh/notebooks/shrimp_yolo_canonical_bg_wssv_2cls_split70_15_15/images/train/BG-6-img-3.jpg,BG-6-img-3.jpg,BG-6-img-3,.jpg,True,/home/drnguyenvinh/notebooks/shrimp_yolo_canonical_bg_wssv_2cls_split70_15_15/labels/train/BG-6-img-3.txt,True,2048,2048,3,4.194304,1.0,724.689453125,True,,1,True,
train,/home/drnguyenvinh/notebooks/shrimp_yolo_canonical_bg_wssv_2cls_split70_15_15/images/train/BG-60-img-1.jpg,BG-60-img-1.jpg,BG-60-img-1,.jpg,True,/home/drnguyenvinh/notebooks/shrimp_yolo_canonical_bg_wssv_2cls_split70_15_15/labels/train/BG-60-img-1.txt,True,2048,2048,3,4.194304,1.0,189.0400390625,True,,2,True,
train,/home/drnguyenvinh/notebooks/shrimp_yolo_canonical_bg_wssv_2cls_split70_15_15/images/train/BG-60-img-2.jpg,BG-60-img-2.jpg,BG-60-img-2,.jpg,True,/home/drnguyenvinh/notebooks/shrimp_yolo_canonical_bg_wssv_2cls_split70_15_15/labels/train/BG-60-img-2.txt,True,2048,2048,3,4.194304,1.0,210.875,True,,3,True,
train,/home/drnguyenvinh/notebooks/shrimp_yolo_canonical_bg_wssv_2cls_split70_15_15/images/train/BG-61-img-1.jpg,BG-61-img-1.jpg,BG-61-img-1,.jpg,True,/home/drnguyenvinh/notebooks/shrimp_yolo_canonical_bg_wssv_2cls_split70_15_15/labels/train/BG-61-img-1.txt,True,2048,2048,3,4.194304,1.0,202.1162109375,True,,2,True,
train,/home/drnguyenvinh/notebooks/shrimp_yolo_canonical_bg_wssv_2cls_split70_15_15/images/train/BG-61-img-2.jpg,BG-61-img-2.jpg,BG-61-img-2,.jpg,True,/home/drnguyenvinh/notebooks/shrimp_yolo_canonical_bg_wssv_2cls_split70_15_15/labels/train/BG-61-img-2.txt,True,2048,2048,3,4.194304,1.0,177.8525390625,True,,1,True,
train,/home/drnguyenvinh/notebooks/shrimp_yolo_canonical_bg_wssv_2cls_split70_15_15/images/train/BG-61-img-3.jpg,BG-61-img-3.jpg,BG-61-img-3,.jpg,True,/home/drnguyenvinh/notebooks/shrimp_yolo_canonical_bg_wssv_2cls_split70_15_15/labels/train/BG-61-img-3.txt,True,2048,2048,3,4.194304,1.0,194.57421875,True,,2,True,
train,/home/drnguyenvinh/notebooks/shrimp_yolo_canonical_bg_wssv_2cls_split70_15_15/images/train/BG-62-img-3.jpg,BG-62-img-3.jpg,BG-62-img-3,.jpg,True,/home/drnguyenvinh/notebooks/shrimp_yolo_canonical_bg_wssv_2cls_split70_15_15/labels/train/BG-62-img-3.txt,True,2048,2048,3,4.194304,1.0,205.130859375,True,,2,True,
train,/home/drnguyenvinh/notebooks/shrimp_yolo_canonical_bg_wssv_2cls_split70_15_15/images/train/BG-63-img-1.jpg,BG-63-img-1.jpg,BG-63-img-1,.jpg,True,/home/drnguyenvinh/notebooks/shrimp_yolo_canonical_bg_wssv_2cls_split70_15_15/labels/train/BG-63-img-1.txt,True,2048,2048,3,4.194304,1.0,177.7646484375,True,,2,True,
train,/home/drnguyenvinh/notebooks/shrimp_yolo_canonical_bg_wssv_2cls_split70_15_15/images/train/BG-64-img-1.jpg,BG-64-img-1.jpg,BG-64-img-1,.jpg,True,/home/drnguyenvinh/notebooks/shrimp_yolo_canonical_bg_wssv_2cls_split70_15_15/labels/train/BG-64-img-1.txt,True,2048,2048,3,4.194304,1.0,203.322265625,True,,8,True,
train,/home/drnguyenvinh/notebooks/shrimp_yolo_canonical_bg_wssv_2cls_split70_15_15/images/train/BG-64-img-2.jpg,BG-64-img-2.jpg,BG-64-img-2,.jpg,True,/home/drnguyenvinh/notebooks/shrimp_yolo_canonical_bg_wssv_2cls_split70_15_15/labels/train/BG-64-img-2.txt,True,2048,2048,3,4.194304,1.0,241.7607421875,True,,2,True,
train,/home/drnguyenvinh/notebooks/shrimp_yolo_canonical_bg_wssv_2cls_split70_15_15/images/train/BG-64-img-3.jpg,BG-64-img-3.jpg,BG-64-img-3,.jpg,True,/home/drnguyenvinh/notebooks/shrimp_yolo_canonical_bg_wssv_2cls_split70_15_15/labels/train/BG-64-img-3.txt,True,2048,2048,3,4.194304,1.0,228.306640625,True,,2,True,
train,/home/drnguyenvinh/notebooks/shrimp_yolo_canonical_bg_wssv_2cls_split70_15_15/images/train/BG-65-img-1.jpg,BG-65-img-1.jpg,BG-65-img-1,.jpg,True,/home/drnguyenvinh/notebooks/shrimp_yolo_canonical_bg_wssv_2cls_split70_15_15/labels/train/BG-65-img-1.txt,True,2048,2048,3,4.194304,1.0,214.56640625,True,,1,True,
train,/home/drnguyenvinh/notebooks/shrimp_yolo_canonical_bg_wssv_2cls_split70_15_15/images/train/BG-66-img-1.jpg,BG-66-img-1.jpg,BG-66-img-1,.jpg,True,/home/drnguyenvinh/notebooks/shrimp_yolo_canonical_bg_wssv_2cls_split70_15_15/labels/train/BG-66-img-1.txt,True,2048,2048,3,4.194304,1.0,212.666015625,True,,2,True,
train,/home/drnguyenvinh/notebooks/shrimp_yolo_canonical_bg_wssv_2cls_split70_15_15/images/train/BG-66-img-2.jpg,BG-66-img-2.jpg,BG-66-img-2,.jpg,True,/home/drnguyenvinh/notebooks/shrimp_yolo_canonical_bg_wssv_2cls_split70_15_15/labels/train/BG-66-img-2.txt,True,2048,2048,3,4.194304,1.0,218.9599609375,True,,1,True,
train,/home/drnguyenvinh/notebooks/shrimp_yolo_canonical_bg_wssv_2cls_split70_15_15/images/train/BG-66-img-3.jpg,BG-66-img-3.jpg,BG-66-img-3,.jpg,True,/home/drnguyenvinh/notebooks/shrimp_yolo_canonical_bg_wssv_2cls_split70_15_15/labels/train/BG-66-img-3.txt,True,2048,2048,3,4.194304,1.0,195.0771484375,True,,2,True,
train,/home/drnguyenvinh/notebooks/shrimp_yolo_canonical_bg_wssv_2cls_split70_15_15/images/train/BG-67-img-1.jpg,BG-67-img-1.jpg,BG-67-img-1,.jpg,True,/home/drnguyenvinh/notebooks/shrimp_yolo_canonical_bg_wssv_2cls_split70_15_15/labels/train/BG-67-img-1.txt,True,2048,2048,3,4.194304,1.0,228.5458984375,True,,2,True,
train,/home/drnguyenvinh/notebooks/shrimp_yolo_canonical_bg_wssv_2cls_split70_15_15/images/train/BG-67-img-3.jpg,BG-67-img-3.jpg,BG-67-img-3,.jpg,True,/home/drnguyenvinh/notebooks/shrimp_yolo_canonical_bg_wssv_2cls_split70_15_15/labels/train/BG-67-img-3.txt,True,2048,2048,3,4.194304,1.0,206.1611328125,True,,3,True,
train,/home/drnguyenvinh/notebooks/shrimp_yolo_canonical_bg_wssv_2cls_split70_15_15/images/train/BG-68-img-1.jpg,BG-68-img-1.jpg,BG-68-img-1,.jpg,True,/home/drnguyenvinh/notebooks/shrimp_yolo_canonical_bg_wssv_2cls_split70_15_15/labels/train/BG-68-img-1.txt,True,2048,2048,3,4.194304,1.0,180.8076171875,True,,3,True,
train,/home/drnguyenvinh/notebooks/shrimp_yolo_canonical_bg_wssv_2cls_split70_15_15/images/train/BG-69-img-1.jpg,BG-69-img-1.jpg,BG-69-img-1,.jpg,True,/home/drnguyenvinh/notebooks/shrimp_yolo_canonical_bg_wssv_2cls_split70_15_15/labels/train/BG-69-img-1.txt,True,2048,2048,3,4.194304,1.0,176.998046875,True,,3,True,
train,/home/drnguyenvinh/notebooks/shrimp_yolo_canonical_bg_wssv_2cls_split70_15_15/images/train/BG-69-img-2.jpg,BG-69-img-2.jpg,BG-69-img-2,.jpg,True,/home/drnguyenvinh/notebooks/shrimp_yolo_canonical_bg_wssv_2cls_split70_15_15/labels/train/BG-69-img-2.txt,True,2048,2048,3,4.194304,1.0,195.650390625,True,,4,True,
train,/home/drnguyenvinh/notebooks/shrimp_yolo_canonical_bg_wssv_2cls_split70_15_15/images/train/BG-69-img-3.jpg,BG-69-img-3.jpg,BG-69-img-3,.jpg,True,/home/drnguyenvinh/notebooks/shrimp_yolo_canonical_bg_wssv_2cls_split70_15_15/labels/train/BG-69-img-3.txt,True,2048,2048,3,4.194304,1.0,182.900390625,True,,4,True,
train,/home/drnguyenvinh/notebooks/shrimp_yolo_canonical_bg_wssv_2cls_split70_15_15/images/train/BG-7-img-1.jpg,BG-7-img-1.jpg,BG-7-img-1,.jpg,True,/home/drnguyenvinh/notebooks/shrimp_yolo_canonical_bg_wssv_2cls_split70_15_15/labels/train/BG-7-img-1.txt,True,2048,2048,3,4.194304,1.0,834.7470703125,True,,1,True,
train,/home/drnguyenvinh/notebooks/shrimp_yolo_canonical_bg_wssv_2cls_split70_15_15/images/train/BG-70-img-1.jpg,BG-70-img-1.jpg,BG-70-img-1,.jpg,True,/home/drnguyenvinh/notebooks/shrimp_yolo_canonical_bg_wssv_2cls_split70_15_15/labels/train/BG-70-img-1.txt,True,2048,2048,3,4.194304,1.0,133.6298828125,True,,1,True,
train,/home/drnguyenvinh/notebooks/shrimp_yolo_canonical_bg_wssv_2cls_split70_15_15/images/train/BG-70-img-2.jpg,BG-70-img-2.jpg,BG-70-img-2,.jpg,True,/home/drnguyenvinh/notebooks/shrimp_yolo_canonical_bg_wssv_2cls_split70_15_15/labels/train/BG-70-img-2.txt,True,2048,2048,3,4.194304,1.0,194.314453125,True,,1,True,
train,/home/drnguyenvinh/notebooks/shrimp_yolo_canonical_bg_wssv_2cls_split70_15_15/images/train/BG-70-img-3.jpg,BG-70-img-3.jpg,BG-70-img-3,.jpg,True,/home/drnguyenvinh/notebooks/shrimp_yolo_canonical_bg_wssv_2cls_split70_15_15/labels/train/BG-70-img-3.txt,True,2048,2048,3,4.194304,1.0,179.828125,True,,2,True,
train,/home/drnguyenvinh/notebooks/shrimp_yolo_canonical_bg_wssv_2cls_split70_15_15/images/train/BG-71-img-1.jpg,BG-71-img-1.jpg,BG-71-img-1,.jpg,True,/home/drnguyenvinh/notebooks/shrimp_yolo_canonical_bg_wssv_2cls_split70_15_15/labels/train/BG-71-img-1.txt,True,2048,2048,3,4.194304,1.0,199.6552734375,True,,2,True,
train,/home/drnguyenvinh/notebooks/shrimp_yolo_canonical_bg_wssv_2cls_split70_15_15/images/train/BG-71-img-2.jpg,BG-71-img-2.jpg,BG-71-img-2,.jpg,True,/home/drnguyenvinh/notebooks/shrimp_yolo_canonical_bg_wssv_2cls_split70_15_15/labels/train/BG-71-img-2.txt,True,2048,2048,3,4.194304,1.0,192.232421875,True,,11,True,
train,/home/drnguyenvinh/notebooks/shrimp_yolo_canonical_bg_wssv_2cls_split70_15_15/images/train/BG-72-img-2.jpg,BG-72-img-2.jpg,BG-72-img-2,.jpg,True,/home/drnguyenvinh/notebooks/shrimp_yolo_canonical_bg_wssv_2cls_split70_15_15/labels/train/BG-72-img-2.txt,True,2048,2048,3,4.194304,1.0,146.650390625,True,,16,True,
train,/home/drnguyenvinh/notebooks/shrimp_yolo_canonical_bg_wssv_2cls_split70_15_15/images/train/BG-72-img-3.jpg,BG-72-img-3.jpg,BG-72-img-3,.jpg,True,/home/drnguyenvinh/notebooks/shrimp_yolo_canonical_bg_wssv_2cls_split70_15_15/labels/train/BG-72-img-3.txt,True,2048,2048,3,4.194304,1.0,202.8740234375,True,,15,True,
train,/home/drnguyenvinh/notebooks/shrimp_yolo_canonical_bg_wssv_2cls_split70_15_15/images/train/BG-73-img-2.jpg,BG-73-img-2.jpg,BG-73-img-2,.jpg,True,/home/drnguyenvinh/notebooks/shrimp_yolo_canonical_bg_wssv_2cls_split70_15_15/labels/train/BG-73-img-2.txt,True,2048,2048,3,4.194304,1.0,141.560546875,True,,3,True,
train,/home/drnguyenvinh/notebooks/shrimp_yolo_canonical_bg_wssv_2cls_split70_15_15/images/train/BG-73-img-3.jpg,BG-73-img-3.jpg,BG-73-img-3,.jpg,True,/home/drnguyenvinh/notebooks/shrimp_yolo_canonical_bg_wssv_2cls_split70_15_15/labels/train/BG-73-img-3.txt,True,2048,2048,3,4.194304,1.0,207.0791015625,True,,1,True,
train,/home/drnguyenvinh/notebooks/shrimp_yolo_canonical_bg_wssv_2cls_split70_15_15/images/train/BG-74-img-2.jpg,BG-74-img-2.jpg,BG-74-img-2,.jpg,True,/home/drnguyenvinh/notebooks/shrimp_yolo_canonical_bg_wssv_2cls_split70_15_15/labels/train/BG-74-img-2.txt,True,2048,2048,3,4.194304,1.0,230.8740234375,True,,1,True,
train,/home/drnguyenvinh/notebooks/shrimp_yolo_canonical_bg_wssv_2cls_split70_15_15/images/train/BG-75-img-2.jpg,BG-75-img-2.jpg,BG-75-img-2,.jpg,True,/home/drnguyenvinh/notebooks/shrimp_yolo_canonical_bg_wssv_2cls_split70_15_15/labels/train/BG-75-img-2.txt,True,2048,2048,3,4.194304,1.0,209.80859375,True,,18,True,
train,/home/drnguyenvinh/notebooks/shrimp_yolo_canonical_bg_wssv_2cls_split70_15_15/images/train/BG-75-img-3.jpg,BG-75-img-3.jpg,BG-75-img-3,.jpg,True,/home/drnguyenvinh/notebooks/shrimp_yolo_canonical_bg_wssv_2cls_split70_15_15/labels/train/BG-75-img-3.txt,True,2048,2048,3,4.194304,1.0,197.162109375,True,,3,True,
train,/home/drnguyenvinh/notebooks/shrimp_yolo_canonical_bg_wssv_2cls_split70_15_15/images/train/BG-8-img-1.jpg,BG-8-img-1.jpg,BG-8-img-1,.jpg,True,/home/drnguyenvinh/notebooks/shrimp_yolo_canonical_bg_wssv_2cls_split70_15_15/labels/train/BG-8-img-1.txt,True,2048,2048,3,4.194304,1.0,710.57421875,True,,1,True,
train,/home/drnguyenvinh/notebooks/shrimp_yolo_canonical_bg_wssv_2cls_split70_15_15/images/train/BG-8-img-2.jpg,BG-8-img-2.jpg,BG-8-img-2,.jpg,True,/home/drnguyenvinh/notebooks/shrimp_yolo_canonical_bg_wssv_2cls_split70_15_15/labels/train/BG-8-img-2.txt,True,2048,2048,3,4.194304,1.0,604.6572265625,True,,2,True,
train,/home/drnguyenvinh/notebooks/shrimp_yolo_canonical_bg_wssv_2cls_split70_15_15/images/train/BG-9-img-2.jpg,BG-9-img-2.jpg,BG-9-img-2,.jpg,True,/home/drnguyenvinh/notebooks/shrimp_yolo_canonical_bg_wssv_2cls_split70_15_15/labels/train/BG-9-img-2.txt,True,2048,2048,3,4.194304,1.0,918.9609375,True,,2,True,
train,/home/drnguyenvinh/notebooks/shrimp_yolo_canonical_bg_wssv_2cls_split70_15_15/images/train/BG-9-img-3.jpg,BG-9-img-3.jpg,BG-9-img-3,.jpg,True,/home/drnguyenvinh/notebooks/shrimp_yolo_canonical_bg_wssv_2cls_split70_15_15/labels/train/BG-9-img-3.txt,True,2048,2048,3,4.194304,1.0,922.9853515625,True,,2,True,
train,/home/drnguyenvinh/notebooks/shrimp_yolo_canonical_bg_wssv_2cls_split70_15_15/images/train/WSSV-1-img-1.jpg,WSSV-1-img-1.jpg,WSSV-1-img-1,.jpg,True,/home/drnguyenvinh/notebooks/shrimp_yolo_canonical_bg_wssv_2cls_split70_15_15/labels/train/WSSV-1-img-1.txt,True,2048,2048,3,4.194304,1.0,243.0576171875,True,,12,True,
train,/home/drnguyenvinh/notebooks/shrimp_yolo_canonical_bg_wssv_2cls_split70_15_15/images/train/WSSV-1-img-2.jpg,WSSV-1-img-2.jpg,WSSV-1-img-2,.jpg,True,/home/drnguyenvinh/notebooks/shrimp_yolo_canonical_bg_wssv_2cls_split70_15_15/labels/train/WSSV-1-img-2.txt,True,2048,2048,3,4.194304,1.0,211.92578125,True,,4,True,
train,/home/drnguyenvinh/notebooks/shrimp_yolo_canonical_bg_wssv_2cls_split70_15_15/images/train/WSSV-1-img-3.jpg,WSSV-1-img-3.jpg,WSSV-1-img-3,.jpg,True,/home/drnguyenvinh/notebooks/shrimp_yolo_canonical_bg_wssv_2cls_split70_15_15/labels/train/WSSV-1-img-3.txt,True,2048,2048,3,4.194304,1.0,289.6328125,True,,5,True,
train,/home/drnguyenvinh/notebooks/shrimp_yolo_canonical_bg_wssv_2cls_split70_15_15/images/train/WSSV-10-img-2.jpg,WSSV-10-img-2.jpg,WSSV-10-img-2,.jpg,True,/home/drnguyenvinh/notebooks/shrimp_yolo_canonical_bg_wssv_2cls_split70_15_15/labels/train/WSSV-10-img-2.txt,True,2048,2048,3,4.194304,1.0,212.83984375,True,,27,True,
train,/home/drnguyenvinh/notebooks/shrimp_yolo_canonical_bg_wssv_2cls_split70_15_15/images/train/WSSV-10-img-3.jpg,WSSV-10-img-3.jpg,WSSV-10-img-3,.jpg,True,/home/drnguyenvinh/notebooks/shrimp_yolo_canonical_bg_wssv_2cls_split70_15_15/labels/train/WSSV-10-img-3.txt,True,2048,2048,3,4.194304,1.0,176.48046875,True,,9,True,
train,/home/drnguyenvinh/notebooks/shrimp_yolo_canonical_bg_wssv_2cls_split70_15_15/images/train/WSSV-100-img-1.jpg,WSSV-100-img-1.jpg,WSSV-100-img-1,.jpg,True,/home/drnguyenvinh/notebooks/shrimp_yolo_canonical_bg_wssv_2cls_split70_15_15/labels/train/WSSV-100-img-1.txt,True,2048,2048,3,4.194304,1.0,248.6259765625,True,,6,True,
train,/home/drnguyenvinh/notebooks/shrimp_yolo_canonical_bg_wssv_2cls_split70_15_15/images/train/WSSV-100-img-2.jpg,WSSV-100-img-2.jpg,WSSV-100-img-2,.jpg,True,/home/drnguyenvinh/notebooks/shrimp_yolo_canonical_bg_wssv_2cls_split70_15_15/labels/train/WSSV-100-img-2.txt,True,2048,2048,3,4.194304,1.0,253.5322265625,True,,8,True,
train,/home/drnguyenvinh/notebooks/shrimp_yolo_canonical_bg_wssv_2cls_split70_15_15/images/train/WSSV-100-img-3.jpg,WSSV-100-img-3.jpg,WSSV-100-img-3,.jpg,True,/home/drnguyenvinh/notebooks/shrimp_yolo_canonical_bg_wssv_2cls_split70_15_15/labels/train/WSSV-100-img-3.txt,True,2048,2048,3,4.194304,1.0,168.275390625,True,,9,True,
train,/home/drnguyenvinh/notebooks/shrimp_yolo_canonical_bg_wssv_2cls_split70_15_15/images/train/WSSV-101-img-1.jpg,WSSV-101-img-1.jpg,WSSV-101-img-1,.jpg,True,/home/drnguyenvinh/notebooks/shrimp_yolo_canonical_bg_wssv_2cls_split70_15_15/labels/train/WSSV-101-img-1.txt,True,2048,2048,3,4.194304,1.0,213.2197265625,True,,7,True,
train,/home/drnguyenvinh/notebooks/shrimp_yolo_canonical_bg_wssv_2cls_split70_15_15/images/train/WSSV-102-img-1.jpg,WSSV-102-img-1.jpg,WSSV-102-img-1,.jpg,True,/home/drnguyenvinh/notebooks/shrimp_yolo_canonical_bg_wssv_2cls_split70_15_15/labels/train/WSSV-102-img-1.txt,True,2048,2048,3,4.194304,1.0,170.3798828125,True,,10,True,
train,/home/drnguyenvinh/notebooks/shrimp_yolo_canonical_bg_wssv_2cls_split70_15_15/images/train/WSSV-103-img-1.jpg,WSSV-103-img-1.jpg,WSSV-103-img-1,.jpg,True,/home/drnguyenvinh/notebooks/shrimp_yolo_canonical_bg_wssv_2cls_split70_15_15/labels/train/WSSV-103-img-1.txt,True,2048,2048,3,4.194304,1.0,202.8564453125,True,,8,True,
train,/home/drnguyenvinh/notebooks/shrimp_yolo_canonical_bg_wssv_2cls_split70_15_15/images/train/WSSV-103-img-2.jpg,WSSV-103-img-2.jpg,WSSV-103-img-2,.jpg,True,/home/drnguyenvinh/notebooks/shrimp_yolo_canonical_bg_wssv_2cls_split70_15_15/labels/train/WSSV-103-img-2.txt,True,2048,2048,3,4.194304,1.0,244.9697265625,True,,8,True,
train,/home/drnguyenvinh/notebooks/shrimp_yolo_canonical_bg_wssv_2cls_split70_15_15/images/train/WSSV-104-img-2.jpg,WSSV-104-img-2.jpg,WSSV-104-img-2,.jpg,True,/home/drnguyenvinh/notebooks/shrimp_yolo_canonical_bg_wssv_2cls_split70_15_15/labels/train/WSSV-104-img-2.txt,True,2048,2048,3,4.194304,1.0,199.11328125,True,,3,True,
train,/home/drnguyenvinh/notebooks/shrimp_yolo_canonical_bg_wssv_2cls_split70_15_15/images/train/WSSV-104-img-3.jpg,WSSV-104-img-3.jpg,WSSV-104-img-3,.jpg,True,/home/drnguyenvinh/notebooks/shrimp_yolo_canonical_bg_wssv_2cls_split70_15_15/labels/train/WSSV-104-img-3.txt,True,2048,2048,3,4.194304,1.0,210.421875,True,,2,True,
train,/home/drnguyenvinh/notebooks/shrimp_yolo_canonical_bg_wssv_2cls_split70_15_15/images/train/WSSV-105-img-1.jpg,WSSV-105-img-1.jpg,WSSV-105-img-1,.jpg,True,/home/drnguyenvinh/notebooks/shrimp_yolo_canonical_bg_wssv_2cls_split70_15_15/labels/train/WSSV-105-img-1.txt,True,2048,2048,3,4.194304,1.0,205.6533203125,True,,4,True,
train,/home/drnguyenvinh/notebooks/shrimp_yolo_canonical_bg_wssv_2cls_split70_15_15/images/train/WSSV-105-img-2.jpg,WSSV-105-img-2.jpg,WSSV-105-img-2,.jpg,True,/home/drnguyenvinh/notebooks/shrimp_yolo_canonical_bg_wssv_2cls_split70_15_15/labels/train/WSSV-105-img-2.txt,True,2048,2048,3,4.194304,1.0,222.6396484375,True,,8,True,
train,/home/drnguyenvinh/notebooks/shrimp_yolo_canonical_bg_wssv_2cls_split70_15_15/images/train/WSSV-105-img-3.jpg,WSSV-105-img-3.jpg,WSSV-105-img-3,.jpg,True,/home/drnguyenvinh/notebooks/shrimp_yolo_canonical_bg_wssv_2cls_split70_15_15/labels/train/WSSV-105-img-3.txt,True,2048,2048,3,4.194304,1.0,213.16796875,True,,11,True,
train,/home/drnguyenvinh/notebooks/shrimp_yolo_canonical_bg_wssv_2cls_split70_15_15/images/train/WSSV-106-img-1.jpg,WSSV-106-img-1.jpg,WSSV-106-img-1,.jpg,True,/home/drnguyenvinh/notebooks/shrimp_yolo_canonical_bg_wssv_2cls_split70_15_15/labels/train/WSSV-106-img-1.txt,True,2048,2048,3,4.194304,1.0,202.416015625,True,,11,True,
train,/home/drnguyenvinh/notebooks/shrimp_yolo_canonical_bg_wssv_2cls_split70_15_15/images/train/WSSV-106-img-3.jpg,WSSV-106-img-3.jpg,WSSV-106-img-3,.jpg,True,/home/drnguyenvinh/notebooks/shrimp_yolo_canonical_bg_wssv_2cls_split70_15_15/labels/train/WSSV-106-img-3.txt,True,2048,2048,3,4.194304,1.0,223.0595703125,True,,7,True,
train,/home/drnguyenvinh/notebooks/shrimp_yolo_canonical_bg_wssv_2cls_split70_15_15/images/train/WSSV-107-img-2.jpg,WSSV-107-img-2.jpg,WSSV-107-img-2,.jpg,True,/home/drnguyenvinh/notebooks/shrimp_yolo_canonical_bg_wssv_2cls_split70_15_15/labels/train/WSSV-107-img-2.txt,True,2048,2048,3,4.194304,1.0,206.2392578125,True,,3,True,
train,/home/drnguyenvinh/notebooks/shrimp_yolo_canonical_bg_wssv_2cls_split70_15_15/images/train/WSSV-108-img-1.jpg,WSSV-108-img-1.jpg,WSSV-108-img-1,.jpg,True,/home/drnguyenvinh/notebooks/shrimp_yolo_canonical_bg_wssv_2cls_split70_15_15/labels/train/WSSV-108-img-1.txt,True,2048,2048,3,4.194304,1.0,229.3291015625,True,,3,True,
train,/home/drnguyenvinh/notebooks/shrimp_yolo_canonical_bg_wssv_2cls_split70_15_15/images/train/WSSV-108-img-2.jpg,WSSV-108-img-2.jpg,WSSV-108-img-2,.jpg,True,/home/drnguyenvinh/notebooks/shrimp_yolo_canonical_bg_wssv_2cls_split70_15_15/labels/train/WSSV-108-img-2.txt,True,2048,2048,3,4.194304,1.0,212.958984375,True,,6,True,
train,/home/drnguyenvinh/notebooks/shrimp_yolo_canonical_bg_wssv_2cls_split70_15_15/images/train/WSSV-109-img-3.jpg,WSSV-109-img-3.jpg,WSSV-109-img-3,.jpg,True,/home/drnguyenvinh/notebooks/shrimp_yolo_canonical_bg_wssv_2cls_split70_15_15/labels/train/WSSV-109-img-3.txt,True,2048,2048,3,4.194304,1.0,217.1806640625,True,,5,True,
train,/home/drnguyenvinh/notebooks/shrimp_yolo_canonical_bg_wssv_2cls_split70_15_15/images/train/WSSV-11-img-2.jpg,WSSV-11-img-2.jpg,WSSV-11-img-2,.jpg,True,/home/drnguyenvinh/notebooks/shrimp_yolo_canonical_bg_wssv_2cls_split70_15_15/labels/train/WSSV-11-img-2.txt,True,2048,2048,3,4.194304,1.0,155.9912109375,True,,13,True,
train,/home/drnguyenvinh/notebooks/shrimp_yolo_canonical_bg_wssv_2cls_split70_15_15/images/train/WSSV-110-img-1.jpg,WSSV-110-img-1.jpg,WSSV-110-img-1,.jpg,True,/home/drnguyenvinh/notebooks/shrimp_yolo_canonical_bg_wssv_2cls_split70_15_15/labels/train/WSSV-110-img-1.txt,True,2048,2048,3,4.194304,1.0,222.283203125,True,,11,True,
train,/home/drnguyenvinh/notebooks/shrimp_yolo_canonical_bg_wssv_2cls_split70_15_15/images/train/WSSV-111-img-1.jpg,WSSV-111-img-1.jpg,WSSV-111-img-1,.jpg,True,/home/drnguyenvinh/notebooks/shrimp_yolo_canonical_bg_wssv_2cls_split70_15_15/labels/train/WSSV-111-img-1.txt,True,2048,2048,3,4.194304,1.0,173.6171875,True,,3,True,
train,/home/drnguyenvinh/notebooks/shrimp_yolo_canonical_bg_wssv_2cls_split70_15_15/images/train/WSSV-111-img-2.jpg,WSSV-111-img-2.jpg,WSSV-111-img-2,.jpg,True,/home/drnguyenvinh/notebooks/shrimp_yolo_canonical_bg_wssv_2cls_split70_15_15/labels/train/WSSV-111-img-2.txt,True,2048,2048,3,4.194304,1.0,195.16796875,True,,3,True,
train,/home/drnguyenvinh/notebooks/shrimp_yolo_canonical_bg_wssv_2cls_split70_15_15/images/train/WSSV-111-img-3.jpg,WSSV-111-img-3.jpg,WSSV-111-img-3,.jpg,True,/home/drnguyenvinh/notebooks/shrimp_yolo_canonical_bg_wssv_2cls_split70_15_15/labels/train/WSSV-111-img-3.txt,True,2048,2048,3,4.194304,1.0,200.95703125,True,,4,True,
train,/home/drnguyenvinh/notebooks/shrimp_yolo_canonical_bg_wssv_2cls_split70_15_15/images/train/WSSV-112-img-2.jpg,WSSV-112-img-2.jpg,WSSV-112-img-2,.jpg,True,/home/drnguyenvinh/notebooks/shrimp_yolo_canonical_bg_wssv_2cls_split70_15_15/labels/train/WSSV-112-img-2.txt,True,2048,2048,3,4.194304,1.0,206.8740234375,True,,2,True,
train,/home/drnguyenvinh/notebooks/shrimp_yolo_canonical_bg_wssv_2cls_split70_15_15/images/train/WSSV-112-img-3.jpg,WSSV-112-img-3.jpg,WSSV-112-img-3,.jpg,True,/home/drnguyenvinh/notebooks/shrimp_yolo_canonical_bg_wssv_2cls_split70_15_15/labels/train/WSSV-112-img-3.txt,True,2048,2048,3,4.194304,1.0,155.5341796875,True,,4,True,
train,/home/drnguyenvinh/notebooks/shrimp_yolo_canonical_bg_wssv_2cls_split70_15_15/images/train/WSSV-113-img-1.jpg,WSSV-113-img-1.jpg,WSSV-113-img-1,.jpg,True,/home/drnguyenvinh/notebooks/shrimp_yolo_canonical_bg_wssv_2cls_split70_15_15/labels/train/WSSV-113-img-1.txt,True,2048,2048,3,4.194304,1.0,195.44921875,True,,6,True,
train,/home/drnguyenvinh/notebooks/shrimp_yolo_canonical_bg_wssv_2cls_split70_15_15/images/train/WSSV-113-img-2.jpg,WSSV-113-img-2.jpg,WSSV-113-img-2,.jpg,True,/home/drnguyenvinh/notebooks/shrimp_yolo_canonical_bg_wssv_2cls_split70_15_15/labels/train/WSSV-113-img-2.txt,True,2048,2048,3,4.194304,1.0,201.9833984375,True,,7,True,
train,/home/drnguyenvinh/notebooks/shrimp_yolo_canonical_bg_wssv_2cls_split70_15_15/images/train/WSSV-113-img-3.jpg,WSSV-113-img-3.jpg,WSSV-113-img-3,.jpg,True,/home/drnguyenvinh/notebooks/shrimp_yolo_canonical_bg_wssv_2cls_split70_15_15/labels/train/WSSV-113-img-3.txt,True,2048,2048,3,4.194304,1.0,200.66015625,True,,15,True,
train,/home/drnguyenvinh/notebooks/shrimp_yolo_canonical_bg_wssv_2cls_split70_15_15/images/train/WSSV-115-img-2.jpg,WSSV-115-img-2.jpg,WSSV-115-img-2,.jpg,True,/home/drnguyenvinh/notebooks/shrimp_yolo_canonical_bg_wssv_2cls_split70_15_15/labels/train/WSSV-115-img-2.txt,True,2048,2048,3,4.194304,1.0,218.4189453125,True,,17,True,
train,/home/drnguyenvinh/notebooks/shrimp_yolo_canonical_bg_wssv_2cls_split70_15_15/images/train/WSSV-115-img-3.jpg,WSSV-115-img-3.jpg,WSSV-115-img-3,.jpg,True,/home/drnguyenvinh/notebooks/shrimp_yolo_canonical_bg_wssv_2cls_split70_15_15/labels/train/WSSV-115-img-3.txt,True,2048,2048,3,4.194304,1.0,217.6591796875,True,,7,True,
train,/home/drnguyenvinh/notebooks/shrimp_yolo_canonical_bg_wssv_2cls_split70_15_15/images/train/WSSV-116-img-1.jpg,WSSV-116-img-1.jpg,WSSV-116-img-1,.jpg,True,/home/drnguyenvinh/notebooks/shrimp_yolo_canonical_bg_wssv_2cls_split70_15_15/labels/train/WSSV-116-img-1.txt,True,2048,2048,3,4.194304,1.0,227.7578125,True,,5,True,
train,/home/drnguyenvinh/notebooks/shrimp_yolo_canonical_bg_wssv_2cls_split70_15_15/images/train/WSSV-117-img-1.jpg,WSSV-117-img-1.jpg,WSSV-117-img-1,.jpg,True,/home/drnguyenvinh/notebooks/shrimp_yolo_canonical_bg_wssv_2cls_split70_15_15/labels/train/WSSV-117-img-1.txt,True,2048,2048,3,4.194304,1.0,195.9541015625,True,,4,True,
train,/home/drnguyenvinh/notebooks/shrimp_yolo_canonical_bg_wssv_2cls_split70_15_15/images/train/WSSV-117-img-2.jpg,WSSV-117-img-2.jpg,WSSV-117-img-2,.jpg,True,/home/drnguyenvinh/notebooks/shrimp_yolo_canonical_bg_wssv_2cls_split70_15_15/labels/train/WSSV-117-img-2.txt,True,2048,2048,3,4.194304,1.0,196.853515625,True,,8,True,
train,/home/drnguyenvinh/notebooks/shrimp_yolo_canonical_bg_wssv_2cls_split70_15_15/images/train/WSSV-118-img-1.jpg,WSSV-118-img-1.jpg,WSSV-118-img-1,.jpg,True,/home/drnguyenvinh/notebooks/shrimp_yolo_canonical_bg_wssv_2cls_split70_15_15/labels/train/WSSV-118-img-1.txt,True,2048,2048,3,4.194304,1.0,213.23046875,True,,4,True,
train,/home/drnguyenvinh/notebooks/shrimp_yolo_canonical_bg_wssv_2cls_split70_15_15/images/train/WSSV-118-img-2.jpg,WSSV-118-img-2.jpg,WSSV-118-img-2,.jpg,True,/home/drnguyenvinh/notebooks/shrimp_yolo_canonical_bg_wssv_2cls_split70_15_15/labels/train/WSSV-118-img-2.txt,True,2048,2048,3,4.194304,1.0,201.74609375,True,,5,True,
train,/home/drnguyenvinh/notebooks/shrimp_yolo_canonical_bg_wssv_2cls_split70_15_15/images/train/WSSV-12-img-2.jpg,WSSV-12-img-2.jpg,WSSV-12-img-2,.jpg,True,/home/drnguyenvinh/notebooks/shrimp_yolo_canonical_bg_wssv_2cls_split70_15_15/labels/train/WSSV-12-img-2.txt,True,2048,2048,3,4.194304,1.0,176.1240234375,True,,11,True,
train,/home/drnguyenvinh/notebooks/shrimp_yolo_canonical_bg_wssv_2cls_split70_15_15/images/train/WSSV-13-img-1.jpg,WSSV-13-img-1.jpg,WSSV-13-img-1,.jpg,True,/home/drnguyenvinh/notebooks/shrimp_yolo_canonical_bg_wssv_2cls_split70_15_15/labels/train/WSSV-13-img-1.txt,True,2048,2048,3,4.194304,1.0,197.439453125,True,,10,True,
train,/home/drnguyenvinh/notebooks/shrimp_yolo_canonical_bg_wssv_2cls_split70_15_15/images/train/WSSV-13-img-2.jpg,WSSV-13-img-2.jpg,WSSV-13-img-2,.jpg,True,/home/drnguyenvinh/notebooks/shrimp_yolo_canonical_bg_wssv_2cls_split70_15_15/labels/train/WSSV-13-img-2.txt,True,2048,2048,3,4.194304,1.0,203.03125,True,,4,True,
train,/home/drnguyenvinh/notebooks/shrimp_yolo_canonical_bg_wssv_2cls_split70_15_15/images/train/WSSV-14-img-1.jpg,WSSV-14-img-1.jpg,WSSV-14-img-1,.jpg,True,/home/drnguyenvinh/notebooks/shrimp_yolo_canonical_bg_wssv_2cls_split70_15_15/labels/train/WSSV-14-img-1.txt,True,2048,2048,3,4.194304,1.0,205.4326171875,True,,3,True,
train,/home/drnguyenvinh/notebooks/shrimp_yolo_canonical_bg_wssv_2cls_split70_15_15/images/train/WSSV-14-img-3.jpg,WSSV-14-img-3.jpg,WSSV-14-img-3,.jpg,True,/home/drnguyenvinh/notebooks/shrimp_yolo_canonical_bg_wssv_2cls_split70_15_15/labels/train/WSSV-14-img-3.txt,True,2048,2048,3,4.194304,1.0,184.8203125,True,,3,True,
train,/home/drnguyenvinh/notebooks/shrimp_yolo_canonical_bg_wssv_2cls_split70_15_15/images/train/WSSV-15-img-1.jpg,WSSV-15-img-1.jpg,WSSV-15-img-1,.jpg,True,/home/drnguyenvinh/notebooks/shrimp_yolo_canonical_bg_wssv_2cls_split70_15_15/labels/train/WSSV-15-img-1.txt,True,2048,2048,3,4.194304,1.0,201.017578125,True,,25,True,
train,/home/drnguyenvinh/notebooks/shrimp_yolo_canonical_bg_wssv_2cls_split70_15_15/images/train/WSSV-15-img-2.jpg,WSSV-15-img-2.jpg,WSSV-15-img-2,.jpg,True,/home/drnguyenvinh/notebooks/shrimp_yolo_canonical_bg_wssv_2cls_split70_15_15/labels/train/WSSV-15-img-2.txt,True,2048,2048,3,4.194304,1.0,196.845703125,True,,2,True,
train,/home/drnguyenvinh/notebooks/shrimp_yolo_canonical_bg_wssv_2cls_split70_15_15/images/train/WSSV-16-img-1.jpg,WSSV-16-img-1.jpg,WSSV-16-img-1,.jpg,True,/home/drnguyenvinh/notebooks/shrimp_yolo_canonical_bg_wssv_2cls_split70_15_15/labels/train/WSSV-16-img-1.txt,True,2048,2048,3,4.194304,1.0,207.2744140625,True,,2,True,
train,/home/drnguyenvinh/notebooks/shrimp_yolo_canonical_bg_wssv_2cls_split70_15_15/images/train/WSSV-16-img-2.jpg,WSSV-16-img-2.jpg,WSSV-16-img-2,.jpg,True,/home/drnguyenvinh/notebooks/shrimp_yolo_canonical_bg_wssv_2cls_split70_15_15/labels/train/WSSV-16-img-2.txt,True,2048,2048,3,4.194304,1.0,200.98828125,True,,1,True,
train,/home/drnguyenvinh/notebooks/shrimp_yolo_canonical_bg_wssv_2cls_split70_15_15/images/train/WSSV-16-img-3.jpg,WSSV-16-img-3.jpg,WSSV-16-img-3,.jpg,True,/home/drnguyenvinh/notebooks/shrimp_yolo_canonical_bg_wssv_2cls_split70_15_15/labels/train/WSSV-16-img-3.txt,True,2048,2048,3,4.194304,1.0,186.1787109375,True,,5,True,
train,/home/drnguyenvinh/notebooks/shrimp_yolo_canonical_bg_wssv_2cls_split70_15_15/images/train/WSSV-17-img-1.jpg,WSSV-17-img-1.jpg,WSSV-17-img-1,.jpg,True,/home/drnguyenvinh/notebooks/shrimp_yolo_canonical_bg_wssv_2cls_split70_15_15/labels/train/WSSV-17-img-1.txt,True,2048,2048,3,4.194304,1.0,180.9111328125,True,,4,True,
train,/home/drnguyenvinh/notebooks/shrimp_yolo_canonical_bg_wssv_2cls_split70_15_15/images/train/WSSV-17-img-2.jpg,WSSV-17-img-2.jpg,WSSV-17-img-2,.jpg,True,/home/drnguyenvinh/notebooks/shrimp_yolo_canonical_bg_wssv_2cls_split70_15_15/labels/train/WSSV-17-img-2.txt,True,2048,2048,3,4.194304,1.0,166.0595703125,True,,1,True,
train,/home/drnguyenvinh/notebooks/shrimp_yolo_canonical_bg_wssv_2cls_split70_15_15/images/train/WSSV-17-img-3.jpg,WSSV-17-img-3.jpg,WSSV-17-img-3,.jpg,True,/home/drnguyenvinh/notebooks/shrimp_yolo_canonical_bg_wssv_2cls_split70_15_15/labels/train/WSSV-17-img-3.txt,True,2048,2048,3,4.194304,1.0,161.9111328125,True,,6,True,
train,/home/drnguyenvinh/notebooks/shrimp_yolo_canonical_bg_wssv_2cls_split70_15_15/images/train/WSSV-18-img-1.jpg,WSSV-18-img-1.jpg,WSSV-18-img-1,.jpg,True,/home/drnguyenvinh/notebooks/shrimp_yolo_canonical_bg_wssv_2cls_split70_15_15/labels/train/WSSV-18-img-1.txt,True,2048,2048,3,4.194304,1.0,176.5068359375,True,,5,True,
train,/home/drnguyenvinh/notebooks/shrimp_yolo_canonical_bg_wssv_2cls_split70_15_15/images/train/WSSV-18-img-2.jpg,WSSV-18-img-2.jpg,WSSV-18-img-2,.jpg,True,/home/drnguyenvinh/notebooks/shrimp_yolo_canonical_bg_wssv_2cls_split70_15_15/labels/train/WSSV-18-img-2.txt,True,2048,2048,3,4.194304,1.0,168.6806640625,True,,5,True,
train,/home/drnguyenvinh/notebooks/shrimp_yolo_canonical_bg_wssv_2cls_split70_15_15/images/train/WSSV-18-img-3.jpg,WSSV-18-img-3.jpg,WSSV-18-img-3,.jpg,True,/home/drnguyenvinh/notebooks/shrimp_yolo_canonical_bg_wssv_2cls_split70_15_15/labels/train/WSSV-18-img-3.txt,True,2048,2048,3,4.194304,1.0,168.00390625,True,,2,True,
train,/home/drnguyenvinh/notebooks/shrimp_yolo_canonical_bg_wssv_2cls_split70_15_15/images/train/WSSV-19-img-1.jpg,WSSV-19-img-1.jpg,WSSV-19-img-1,.jpg,True,/home/drnguyenvinh/notebooks/shrimp_yolo_canonical_bg_wssv_2cls_split70_15_15/labels/train/WSSV-19-img-1.txt,True,2048,2048,3,4.194304,1.0,158.3251953125,True,,10,True,
train,/home/drnguyenvinh/notebooks/shrimp_yolo_canonical_bg_wssv_2cls_split70_15_15/images/train/WSSV-19-img-2.jpg,WSSV-19-img-2.jpg,WSSV-19-img-2,.jpg,True,/home/drnguyenvinh/notebooks/shrimp_yolo_canonical_bg_wssv_2cls_split70_15_15/labels/train/WSSV-19-img-2.txt,True,2048,2048,3,4.194304,1.0,156.2294921875,True,,10,True,
train,/home/drnguyenvinh/notebooks/shrimp_yolo_canonical_bg_wssv_2cls_split70_15_15/images/train/WSSV-19-img-3.jpg,WSSV-19-img-3.jpg,WSSV-19-img-3,.jpg,True,/home/drnguyenvinh/notebooks/shrimp_yolo_canonical_bg_wssv_2cls_split70_15_15/labels/train/WSSV-19-img-3.txt,True,2048,2048,3,4.194304,1.0,161.6328125,True,,11,True,
train,/home/drnguyenvinh/notebooks/shrimp_yolo_canonical_bg_wssv_2cls_split70_15_15/images/train/WSSV-2-img-2.jpg,WSSV-2-img-2.jpg,WSSV-2-img-2,.jpg,True,/home/drnguyenvinh/notebooks/shrimp_yolo_canonical_bg_wssv_2cls_split70_15_15/labels/train/WSSV-2-img-2.txt,True,2048,2048,3,4.194304,1.0,633.1181640625,True,,4,True,
train,/home/drnguyenvinh/notebooks/shrimp_yolo_canonical_bg_wssv_2cls_split70_15_15/images/train/WSSV-2-img-3.jpg,WSSV-2-img-3.jpg,WSSV-2-img-3,.jpg,True,/home/drnguyenvinh/notebooks/shrimp_yolo_canonical_bg_wssv_2cls_split70_15_15/labels/train/WSSV-2-img-3.txt,True,2048,2048,3,4.194304,1.0,638.931640625,True,,4,True,
train,/home/drnguyenvinh/notebooks/shrimp_yolo_canonical_bg_wssv_2cls_split70_15_15/images/train/WSSV-20-img-1.jpg,WSSV-20-img-1.jpg,WSSV-20-img-1,.jpg,True,/home/drnguyenvinh/notebooks/shrimp_yolo_canonical_bg_wssv_2cls_split70_15_15/labels/train/WSSV-20-img-1.txt,True,2048,2048,3,4.194304,1.0,163.2998046875,True,,7,True,
train,/home/drnguyenvinh/notebooks/shrimp_yolo_canonical_bg_wssv_2cls_split70_15_15/images/train/WSSV-20-img-2.jpg,WSSV-20-img-2.jpg,WSSV-20-img-2,.jpg,True,/home/drnguyenvinh/notebooks/shrimp_yolo_canonical_bg_wssv_2cls_split70_15_15/labels/train/WSSV-20-img-2.txt,True,2048,2048,3,4.194304,1.0,152.681640625,True,,10,True,
train,/home/drnguyenvinh/notebooks/shrimp_yolo_canonical_bg_wssv_2cls_split70_15_15/images/train/WSSV-20-img-3.jpg,WSSV-20-img-3.jpg,WSSV-20-img-3,.jpg,True,/home/drnguyenvinh/notebooks/shrimp_yolo_canonical_bg_wssv_2cls_split70_15_15/labels/train/WSSV-20-img-3.txt,True,2048,2048,3,4.194304,1.0,162.7431640625,True,,4,True,
train,/home/drnguyenvinh/notebooks/shrimp_yolo_canonical_bg_wssv_2cls_split70_15_15/images/train/WSSV-21-img-1.jpg,WSSV-21-img-1.jpg,WSSV-21-img-1,.jpg,True,/home/drnguyenvinh/notebooks/shrimp_yolo_canonical_bg_wssv_2cls_split70_15_15/labels/train/WSSV-21-img-1.txt,True,2048,2048,3,4.194304,1.0,153.8427734375,True,,6,True,
train,/home/drnguyenvinh/notebooks/shrimp_yolo_canonical_bg_wssv_2cls_split70_15_15/images/train/WSSV-21-img-2.jpg,WSSV-21-img-2.jpg,WSSV-21-img-2,.jpg,True,/home/drnguyenvinh/notebooks/shrimp_yolo_canonical_bg_wssv_2cls_split70_15_15/labels/train/WSSV-21-img-2.txt,True,2048,2048,3,4.194304,1.0,165.833984375,True,,2,True,
train,/home/drnguyenvinh/notebooks/shrimp_yolo_canonical_bg_wssv_2cls_split70_15_15/images/train/WSSV-21-img-3.jpg,WSSV-21-img-3.jpg,WSSV-21-img-3,.jpg,True,/home/drnguyenvinh/notebooks/shrimp_yolo_canonical_bg_wssv_2cls_split70_15_15/labels/train/WSSV-21-img-3.txt,True,2048,2048,3,4.194304,1.0,160.001953125,True,,3,True,
train,/home/drnguyenvinh/notebooks/shrimp_yolo_canonical_bg_wssv_2cls_split70_15_15/images/train/WSSV-22-img-2.jpg,WSSV-22-img-2.jpg,WSSV-22-img-2,.jpg,True,/home/drnguyenvinh/notebooks/shrimp_yolo_canonical_bg_wssv_2cls_split70_15_15/labels/train/WSSV-22-img-2.txt,True,2048,2048,3,4.194304,1.0,160.33203125,True,,7,True,
train,/home/drnguyenvinh/notebooks/shrimp_yolo_canonical_bg_wssv_2cls_split70_15_15/images/train/WSSV-23-img-1.jpg,WSSV-23-img-1.jpg,WSSV-23-img-1,.jpg,True,/home/drnguyenvinh/notebooks/shrimp_yolo_canonical_bg_wssv_2cls_split70_15_15/labels/train/WSSV-23-img-1.txt,True,2048,2048,3,4.194304,1.0,157.5654296875,True,,7,True,
train,/home/drnguyenvinh/notebooks/shrimp_yolo_canonical_bg_wssv_2cls_split70_15_15/images/train/WSSV-23-img-2.jpg,WSSV-23-img-2.jpg,WSSV-23-img-2,.jpg,True,/home/drnguyenvinh/notebooks/shrimp_yolo_canonical_bg_wssv_2cls_split70_15_15/labels/train/WSSV-23-img-2.txt,True,2048,2048,3,4.194304,1.0,159.4814453125,True,,15,True,
train,/home/drnguyenvinh/notebooks/shrimp_yolo_canonical_bg_wssv_2cls_split70_15_15/images/train/WSSV-24-img-2.jpg,WSSV-24-img-2.jpg,WSSV-24-img-2,.jpg,True,/home/drnguyenvinh/notebooks/shrimp_yolo_canonical_bg_wssv_2cls_split70_15_15/labels/train/WSSV-24-img-2.txt,True,2048,2048,3,4.194304,1.0,157.2080078125,True,,10,True,
train,/home/drnguyenvinh/notebooks/shrimp_yolo_canonical_bg_wssv_2cls_split70_15_15/images/train/WSSV-24-img-3.jpg,WSSV-24-img-3.jpg,WSSV-24-img-3,.jpg,True,/home/drnguyenvinh/notebooks/shrimp_yolo_canonical_bg_wssv_2cls_split70_15_15/labels/train/WSSV-24-img-3.txt,True,2048,2048,3,4.194304,1.0,157.2958984375,True,,23,True,
train,/home/drnguyenvinh/notebooks/shrimp_yolo_canonical_bg_wssv_2cls_split70_15_15/images/train/WSSV-25-img-1.jpg,WSSV-25-img-1.jpg,WSSV-25-img-1,.jpg,True,/home/drnguyenvinh/notebooks/shrimp_yolo_canonical_bg_wssv_2cls_split70_15_15/labels/train/WSSV-25-img-1.txt,True,2048,2048,3,4.194304,1.0,168.6279296875,True,,5,True,
train,/home/drnguyenvinh/notebooks/shrimp_yolo_canonical_bg_wssv_2cls_split70_15_15/images/train/WSSV-25-img-3.jpg,WSSV-25-img-3.jpg,WSSV-25-img-3,.jpg,True,/home/drnguyenvinh/notebooks/shrimp_yolo_canonical_bg_wssv_2cls_split70_15_15/labels/train/WSSV-25-img-3.txt,True,2048,2048,3,4.194304,1.0,179.7451171875,True,,3,True,
train,/home/drnguyenvinh/notebooks/shrimp_yolo_canonical_bg_wssv_2cls_split70_15_15/images/train/WSSV-26-img-2.jpg,WSSV-26-img-2.jpg,WSSV-26-img-2,.jpg,True,/home/drnguyenvinh/notebooks/shrimp_yolo_canonical_bg_wssv_2cls_split70_15_15/labels/train/WSSV-26-img-2.txt,True,2048,2048,3,4.194304,1.0,193.6259765625,True,,6,True,
train,/home/drnguyenvinh/notebooks/shrimp_yolo_canonical_bg_wssv_2cls_split70_15_15/images/train/WSSV-26-img-3.jpg,WSSV-26-img-3.jpg,WSSV-26-img-3,.jpg,True,/home/drnguyenvinh/notebooks/shrimp_yolo_canonical_bg_wssv_2cls_split70_15_15/labels/train/WSSV-26-img-3.txt,True,2048,2048,3,4.194304,1.0,189.8525390625,True,,8,True,
train,/home/drnguyenvinh/notebooks/shrimp_yolo_canonical_bg_wssv_2cls_split70_15_15/images/train/WSSV-27-img-1.jpg,WSSV-27-img-1.jpg,WSSV-27-img-1,.jpg,True,/home/drnguyenvinh/notebooks/shrimp_yolo_canonical_bg_wssv_2cls_split70_15_15/labels/train/WSSV-27-img-1.txt,True,2048,2048,3,4.194304,1.0,207.544921875,True,,4,True,
train,/home/drnguyenvinh/notebooks/shrimp_yolo_canonical_bg_wssv_2cls_split70_15_15/images/train/WSSV-28-img-1.jpg,WSSV-28-img-1.jpg,WSSV-28-img-1,.jpg,True,/home/drnguyenvinh/notebooks/shrimp_yolo_canonical_bg_wssv_2cls_split70_15_15/labels/train/WSSV-28-img-1.txt,True,2048,2048,3,4.194304,1.0,213.900390625,True,,7,True,
train,/home/drnguyenvinh/notebooks/shrimp_yolo_canonical_bg_wssv_2cls_split70_15_15/images/train/WSSV-28-img-2.jpg,WSSV-28-img-2.jpg,WSSV-28-img-2,.jpg,True,/home/drnguyenvinh/notebooks/shrimp_yolo_canonical_bg_wssv_2cls_split70_15_15/labels/train/WSSV-28-img-2.txt,True,2048,2048,3,4.194304,1.0,182.3603515625,True,,4,True,
train,/home/drnguyenvinh/notebooks/shrimp_yolo_canonical_bg_wssv_2cls_split70_15_15/images/train/WSSV-29-img-1.jpg,WSSV-29-img-1.jpg,WSSV-29-img-1,.jpg,True,/home/drnguyenvinh/notebooks/shrimp_yolo_canonical_bg_wssv_2cls_split70_15_15/labels/train/WSSV-29-img-1.txt,True,2048,2048,3,4.194304,1.0,199.54296875,True,,6,True,
train,/home/drnguyenvinh/notebooks/shrimp_yolo_canonical_bg_wssv_2cls_split70_15_15/images/train/WSSV-29-img-2.jpg,WSSV-29-img-2.jpg,WSSV-29-img-2,.jpg,True,/home/drnguyenvinh/notebooks/shrimp_yolo_canonical_bg_wssv_2cls_split70_15_15/labels/train/WSSV-29-img-2.txt,True,2048,2048,3,4.194304,1.0,212.4541015625,True,,5,True,
train,/home/drnguyenvinh/notebooks/shrimp_yolo_canonical_bg_wssv_2cls_split70_15_15/images/train/WSSV-30-img-1.jpg,WSSV-30-img-1.jpg,WSSV-30-img-1,.jpg,True,/home/drnguyenvinh/notebooks/shrimp_yolo_canonical_bg_wssv_2cls_split70_15_15/labels/train/WSSV-30-img-1.txt,True,2048,2048,3,4.194304,1.0,216.6201171875,True,,9,True,
train,/home/drnguyenvinh/notebooks/shrimp_yolo_canonical_bg_wssv_2cls_split70_15_15/images/train/WSSV-30-img-3.jpg,WSSV-30-img-3.jpg,WSSV-30-img-3,.jpg,True,/home/drnguyenvinh/notebooks/shrimp_yolo_canonical_bg_wssv_2cls_split70_15_15/labels/train/WSSV-30-img-3.txt,True,2048,2048,3,4.194304,1.0,210.0458984375,True,,12,True,
train,/home/drnguyenvinh/notebooks/shrimp_yolo_canonical_bg_wssv_2cls_split70_15_15/images/train/WSSV-31-img-1.jpg,WSSV-31-img-1.jpg,WSSV-31-img-1,.jpg,True,/home/drnguyenvinh/notebooks/shrimp_yolo_canonical_bg_wssv_2cls_split70_15_15/labels/train/WSSV-31-img-1.txt,True,2048,2048,3,4.194304,1.0,158.72265625,True,,20,True,
train,/home/drnguyenvinh/notebooks/shrimp_yolo_canonical_bg_wssv_2cls_split70_15_15/images/train/WSSV-31-img-2.jpg,WSSV-31-img-2.jpg,WSSV-31-img-2,.jpg,True,/home/drnguyenvinh/notebooks/shrimp_yolo_canonical_bg_wssv_2cls_split70_15_15/labels/train/WSSV-31-img-2.txt,True,2048,2048,3,4.194304,1.0,150.845703125,True,,8,True,
train,/home/drnguyenvinh/notebooks/shrimp_yolo_canonical_bg_wssv_2cls_split70_15_15/images/train/WSSV-32-img-1.jpg,WSSV-32-img-1.jpg,WSSV-32-img-1,.jpg,True,/home/drnguyenvinh/notebooks/shrimp_yolo_canonical_bg_wssv_2cls_split70_15_15/labels/train/WSSV-32-img-1.txt,True,2048,2048,3,4.194304,1.0,153.900390625,True,,17,True,
train,/home/drnguyenvinh/notebooks/shrimp_yolo_canonical_bg_wssv_2cls_split70_15_15/images/train/WSSV-33-img-1.jpg,WSSV-33-img-1.jpg,WSSV-33-img-1,.jpg,True,/home/drnguyenvinh/notebooks/shrimp_yolo_canonical_bg_wssv_2cls_split70_15_15/labels/train/WSSV-33-img-1.txt,True,2048,2048,3,4.194304,1.0,159.6572265625,True,,18,True,
train,/home/drnguyenvinh/notebooks/shrimp_yolo_canonical_bg_wssv_2cls_split70_15_15/images/train/WSSV-34-img-1.jpg,WSSV-34-img-1.jpg,WSSV-34-img-1,.jpg,True,/home/drnguyenvinh/notebooks/shrimp_yolo_canonical_bg_wssv_2cls_split70_15_15/labels/train/WSSV-34-img-1.txt,True,2048,2048,3,4.194304,1.0,144.328125,True,,8,True,
train,/home/drnguyenvinh/notebooks/shrimp_yolo_canonical_bg_wssv_2cls_split70_15_15/images/train/WSSV-34-img-2.jpg,WSSV-34-img-2.jpg,WSSV-34-img-2,.jpg,True,/home/drnguyenvinh/notebooks/shrimp_yolo_canonical_bg_wssv_2cls_split70_15_15/labels/train/WSSV-34-img-2.txt,True,2048,2048,3,4.194304,1.0,161.6318359375,True,,12,True,
train,/home/drnguyenvinh/notebooks/shrimp_yolo_canonical_bg_wssv_2cls_split70_15_15/images/train/WSSV-35-img-1.jpg,WSSV-35-img-1.jpg,WSSV-35-img-1,.jpg,True,/home/drnguyenvinh/notebooks/shrimp_yolo_canonical_bg_wssv_2cls_split70_15_15/labels/train/WSSV-35-img-1.txt,True,2048,2048,3,4.194304,1.0,179.4189453125,True,,11,True,
train,/home/drnguyenvinh/notebooks/shrimp_yolo_canonical_bg_wssv_2cls_split70_15_15/images/train/WSSV-35-img-2.jpg,WSSV-35-img-2.jpg,WSSV-35-img-2,.jpg,True,/home/drnguyenvinh/notebooks/shrimp_yolo_canonical_bg_wssv_2cls_split70_15_15/labels/train/WSSV-35-img-2.txt,True,2048,2048,3,4.194304,1.0,192.240234375,True,,40,True,
train,/home/drnguyenvinh/notebooks/shrimp_yolo_canonical_bg_wssv_2cls_split70_15_15/images/train/WSSV-35-img-3.jpg,WSSV-35-img-3.jpg,WSSV-35-img-3,.jpg,True,/home/drnguyenvinh/notebooks/shrimp_yolo_canonical_bg_wssv_2cls_split70_15_15/labels/train/WSSV-35-img-3.txt,True,2048,2048,3,4.194304,1.0,161.9521484375,True,,6,True,
train,/home/drnguyenvinh/notebooks/shrimp_yolo_canonical_bg_wssv_2cls_split70_15_15/images/train/WSSV-36-img-1.jpg,WSSV-36-img-1.jpg,WSSV-36-img-1,.jpg,True,/home/drnguyenvinh/notebooks/shrimp_yolo_canonical_bg_wssv_2cls_split70_15_15/labels/train/WSSV-36-img-1.txt,True,2048,2048,3,4.194304,1.0,164.3251953125,True,,28,True,
train,/home/drnguyenvinh/notebooks/shrimp_yolo_canonical_bg_wssv_2cls_split70_15_15/images/train/WSSV-36-img-2.jpg,WSSV-36-img-2.jpg,WSSV-36-img-2,.jpg,True,/home/drnguyenvinh/notebooks/shrimp_yolo_canonical_bg_wssv_2cls_split70_15_15/labels/train/WSSV-36-img-2.txt,True,2048,2048,3,4.194304,1.0,164.666015625,True,,21,True,
train,/home/drnguyenvinh/notebooks/shrimp_yolo_canonical_bg_wssv_2cls_split70_15_15/images/train/WSSV-37-img-1.jpg,WSSV-37-img-1.jpg,WSSV-37-img-1,.jpg,True,/home/drnguyenvinh/notebooks/shrimp_yolo_canonical_bg_wssv_2cls_split70_15_15/labels/train/WSSV-37-img-1.txt,True,2048,2048,3,4.194304,1.0,142.41796875,True,,11,True,
train,/home/drnguyenvinh/notebooks/shrimp_yolo_canonical_bg_wssv_2cls_split70_15_15/images/train/WSSV-37-img-2.jpg,WSSV-37-img-2.jpg,WSSV-37-img-2,.jpg,True,/home/drnguyenvinh/notebooks/shrimp_yolo_canonical_bg_wssv_2cls_split70_15_15/labels/train/WSSV-37-img-2.txt,True,2048,2048,3,4.194304,1.0,137.1689453125,True,,24,True,
train,/home/drnguyenvinh/notebooks/shrimp_yolo_canonical_bg_wssv_2cls_split70_15_15/images/train/WSSV-38-img-2.jpg,WSSV-38-img-2.jpg,WSSV-38-img-2,.jpg,True,/home/drnguyenvinh/notebooks/shrimp_yolo_canonical_bg_wssv_2cls_split70_15_15/labels/train/WSSV-38-img-2.txt,True,2048,2048,3,4.194304,1.0,147.359375,True,,2,True,
train,/home/drnguyenvinh/notebooks/shrimp_yolo_canonical_bg_wssv_2cls_split70_15_15/images/train/WSSV-39-img-1.jpg,WSSV-39-img-1.jpg,WSSV-39-img-1,.jpg,True,/home/drnguyenvinh/notebooks/shrimp_yolo_canonical_bg_wssv_2cls_split70_15_15/labels/train/WSSV-39-img-1.txt,True,2048,2048,3,4.194304,1.0,152.626953125,True,,3,True,
train,/home/drnguyenvinh/notebooks/shrimp_yolo_canonical_bg_wssv_2cls_split70_15_15/images/train/WSSV-39-img-3.jpg,WSSV-39-img-3.jpg,WSSV-39-img-3,.jpg,True,/home/drnguyenvinh/notebooks/shrimp_yolo_canonical_bg_wssv_2cls_split70_15_15/labels/train/WSSV-39-img-3.txt,True,2048,2048,3,4.194304,1.0,142.43359375,True,,4,True,
train,/home/drnguyenvinh/notebooks/shrimp_yolo_canonical_bg_wssv_2cls_split70_15_15/images/train/WSSV-4-img-1.jpg,WSSV-4-img-1.jpg,WSSV-4-img-1,.jpg,True,/home/drnguyenvinh/notebooks/shrimp_yolo_canonical_bg_wssv_2cls_split70_15_15/labels/train/WSSV-4-img-1.txt,True,2048,2048,3,4.194304,1.0,316.48828125,True,,3,True,
train,/home/drnguyenvinh/notebooks/shrimp_yolo_canonical_bg_wssv_2cls_split70_15_15/images/train/WSSV-4-img-2.jpg,WSSV-4-img-2.jpg,WSSV-4-img-2,.jpg,True,/home/drnguyenvinh/notebooks/shrimp_yolo_canonical_bg_wssv_2cls_split70_15_15/labels/train/WSSV-4-img-2.txt,True,2048,2048,3,4.194304,1.0,256.6083984375,True,,3,True,
train,/home/drnguyenvinh/notebooks/shrimp_yolo_canonical_bg_wssv_2cls_split70_15_15/images/train/WSSV-4-img-3.jpg,WSSV-4-img-3.jpg,WSSV-4-img-3,.jpg,True,/home/drnguyenvinh/notebooks/shrimp_yolo_canonical_bg_wssv_2cls_split70_15_15/labels/train/WSSV-4-img-3.txt,True,2048,2048,3,4.194304,1.0,267.1416015625,True,,3,True,
train,/home/drnguyenvinh/notebooks/shrimp_yolo_canonical_bg_wssv_2cls_split70_15_15/images/train/WSSV-40-img-1.jpg,WSSV-40-img-1.jpg,WSSV-40-img-1,.jpg,True,/home/drnguyenvinh/notebooks/shrimp_yolo_canonical_bg_wssv_2cls_split70_15_15/labels/train/WSSV-40-img-1.txt,True,2048,2048,3,4.194304,1.0,166.18359375,True,,5,True,
train,/home/drnguyenvinh/notebooks/shrimp_yolo_canonical_bg_wssv_2cls_split70_15_15/images/train/WSSV-40-img-2.jpg,WSSV-40-img-2.jpg,WSSV-40-img-2,.jpg,True,/home/drnguyenvinh/notebooks/shrimp_yolo_canonical_bg_wssv_2cls_split70_15_15/labels/train/WSSV-40-img-2.txt,True,2048,2048,3,4.194304,1.0,161.2451171875,True,,7,True,
train,/home/drnguyenvinh/notebooks/shrimp_yolo_canonical_bg_wssv_2cls_split70_15_15/images/train/WSSV-40-img-3.jpg,WSSV-40-img-3.jpg,WSSV-40-img-3,.jpg,True,/home/drnguyenvinh/notebooks/shrimp_yolo_canonical_bg_wssv_2cls_split70_15_15/labels/train/WSSV-40-img-3.txt,True,2048,2048,3,4.194304,1.0,157.158203125,True,,5,True,
train,/home/drnguyenvinh/notebooks/shrimp_yolo_canonical_bg_wssv_2cls_split70_15_15/images/train/WSSV-41-img-1.jpg,WSSV-41-img-1.jpg,WSSV-41-img-1,.jpg,True,/home/drnguyenvinh/notebooks/shrimp_yolo_canonical_bg_wssv_2cls_split70_15_15/labels/train/WSSV-41-img-1.txt,True,2048,2048,3,4.194304,1.0,149.5205078125,True,,2,True,
train,/home/drnguyenvinh/notebooks/shrimp_yolo_canonical_bg_wssv_2cls_split70_15_15/images/train/WSSV-41-img-2.jpg,WSSV-41-img-2.jpg,WSSV-41-img-2,.jpg,True,/home/drnguyenvinh/notebooks/shrimp_yolo_canonical_bg_wssv_2cls_split70_15_15/labels/train/WSSV-41-img-2.txt,True,2048,2048,3,4.194304,1.0,151.6533203125,True,,3,True,
train,/home/drnguyenvinh/notebooks/shrimp_yolo_canonical_bg_wssv_2cls_split70_15_15/images/train/WSSV-41-img-3.jpg,WSSV-41-img-3.jpg,WSSV-41-img-3,.jpg,True,/home/drnguyenvinh/notebooks/shrimp_yolo_canonical_bg_wssv_2cls_split70_15_15/labels/train/WSSV-41-img-3.txt,True,2048,2048,3,4.194304,1.0,151.462890625,True,,4,True,
train,/home/drnguyenvinh/notebooks/shrimp_yolo_canonical_bg_wssv_2cls_split70_15_15/images/train/WSSV-42-img-1.jpg,WSSV-42-img-1.jpg,WSSV-42-img-1,.jpg,True,/home/drnguyenvinh/notebooks/shrimp_yolo_canonical_bg_wssv_2cls_split70_15_15/labels/train/WSSV-42-img-1.txt,True,2048,2048,3,4.194304,1.0,152.5673828125,True,,4,True,
train,/home/drnguyenvinh/notebooks/shrimp_yolo_canonical_bg_wssv_2cls_split70_15_15/images/train/WSSV-42-img-2.jpg,WSSV-42-img-2.jpg,WSSV-42-img-2,.jpg,True,/home/drnguyenvinh/notebooks/shrimp_yolo_canonical_bg_wssv_2cls_split70_15_15/labels/train/WSSV-42-img-2.txt,True,2048,2048,3,4.194304,1.0,145.958984375,True,,4,True,
train,/home/drnguyenvinh/notebooks/shrimp_yolo_canonical_bg_wssv_2cls_split70_15_15/images/train/WSSV-42-img-3.jpg,WSSV-42-img-3.jpg,WSSV-42-img-3,.jpg,True,/home/drnguyenvinh/notebooks/shrimp_yolo_canonical_bg_wssv_2cls_split70_15_15/labels/train/WSSV-42-img-3.txt,True,2048,2048,3,4.194304,1.0,144.951171875,True,,5,True,
train,/home/drnguyenvinh/notebooks/shrimp_yolo_canonical_bg_wssv_2cls_split70_15_15/images/train/WSSV-43-img-1.jpg,WSSV-43-img-1.jpg,WSSV-43-img-1,.jpg,True,/home/drnguyenvinh/notebooks/shrimp_yolo_canonical_bg_wssv_2cls_split70_15_15/labels/train/WSSV-43-img-1.txt,True,2048,2048,3,4.194304,1.0,150.951171875,True,,4,True,
train,/home/drnguyenvinh/notebooks/shrimp_yolo_canonical_bg_wssv_2cls_split70_15_15/images/train/WSSV-43-img-2.jpg,WSSV-43-img-2.jpg,WSSV-43-img-2,.jpg,True,/home/drnguyenvinh/notebooks/shrimp_yolo_canonical_bg_wssv_2cls_split70_15_15/labels/train/WSSV-43-img-2.txt,True,2048,2048,3,4.194304,1.0,140.93359375,True,,3,True,
train,/home/drnguyenvinh/notebooks/shrimp_yolo_canonical_bg_wssv_2cls_split70_15_15/images/train/WSSV-43-img-3.jpg,WSSV-43-img-3.jpg,WSSV-43-img-3,.jpg,True,/home/drnguyenvinh/notebooks/shrimp_yolo_canonical_bg_wssv_2cls_split70_15_15/labels/train/WSSV-43-img-3.txt,True,2048,2048,3,4.194304,1.0,147.3876953125,True,,6,True,
train,/home/drnguyenvinh/notebooks/shrimp_yolo_canonical_bg_wssv_2cls_split70_15_15/images/train/WSSV-44-img-2.jpg,WSSV-44-img-2.jpg,WSSV-44-img-2,.jpg,True,/home/drnguyenvinh/notebooks/shrimp_yolo_canonical_bg_wssv_2cls_split70_15_15/labels/train/WSSV-44-img-2.txt,True,2048,2048,3,4.194304,1.0,161.9921875,True,,3,True,
train,/home/drnguyenvinh/notebooks/shrimp_yolo_canonical_bg_wssv_2cls_split70_15_15/images/train/WSSV-44-img-3.jpg,WSSV-44-img-3.jpg,WSSV-44-img-3,.jpg,True,/home/drnguyenvinh/notebooks/shrimp_yolo_canonical_bg_wssv_2cls_split70_15_15/labels/train/WSSV-44-img-3.txt,True,2048,2048,3,4.194304,1.0,151.0068359375,True,,3,True,
train,/home/drnguyenvinh/notebooks/shrimp_yolo_canonical_bg_wssv_2cls_split70_15_15/images/train/WSSV-45-img-1.jpg,WSSV-45-img-1.jpg,WSSV-45-img-1,.jpg,True,/home/drnguyenvinh/notebooks/shrimp_yolo_canonical_bg_wssv_2cls_split70_15_15/labels/train/WSSV-45-img-1.txt,True,2048,2048,3,4.194304,1.0,164.0322265625,True,,6,True,
train,/home/drnguyenvinh/notebooks/shrimp_yolo_canonical_bg_wssv_2cls_split70_15_15/images/train/WSSV-45-img-2.jpg,WSSV-45-img-2.jpg,WSSV-45-img-2,.jpg,True,/home/drnguyenvinh/notebooks/shrimp_yolo_canonical_bg_wssv_2cls_split70_15_15/labels/train/WSSV-45-img-2.txt,True,2048,2048,3,4.194304,1.0,160.4228515625,True,,8,True,
train,/home/drnguyenvinh/notebooks/shrimp_yolo_canonical_bg_wssv_2cls_split70_15_15/images/train/WSSV-45-img-3.jpg,WSSV-45-img-3.jpg,WSSV-45-img-3,.jpg,True,/home/drnguyenvinh/notebooks/shrimp_yolo_canonical_bg_wssv_2cls_split70_15_15/labels/train/WSSV-45-img-3.txt,True,2048,2048,3,4.194304,1.0,156.8681640625,True,,8,True,
train,/home/drnguyenvinh/notebooks/shrimp_yolo_canonical_bg_wssv_2cls_split70_15_15/images/train/WSSV-46-img-1.jpg,WSSV-46-img-1.jpg,WSSV-46-img-1,.jpg,True,/home/drnguyenvinh/notebooks/shrimp_yolo_canonical_bg_wssv_2cls_split70_15_15/labels/train/WSSV-46-img-1.txt,True,2048,2048,3,4.194304,1.0,147.951171875,True,,13,True,
train,/home/drnguyenvinh/notebooks/shrimp_yolo_canonical_bg_wssv_2cls_split70_15_15/images/train/WSSV-46-img-3.jpg,WSSV-46-img-3.jpg,WSSV-46-img-3,.jpg,True,/home/drnguyenvinh/notebooks/shrimp_yolo_canonical_bg_wssv_2cls_split70_15_15/labels/train/WSSV-46-img-3.txt,True,2048,2048,3,4.194304,1.0,161.0166015625,True,,13,True,
train,/home/drnguyenvinh/notebooks/shrimp_yolo_canonical_bg_wssv_2cls_split70_15_15/images/train/WSSV-47-img-1.jpg,WSSV-47-img-1.jpg,WSSV-47-img-1,.jpg,True,/home/drnguyenvinh/notebooks/shrimp_yolo_canonical_bg_wssv_2cls_split70_15_15/labels/train/WSSV-47-img-1.txt,True,2048,2048,3,4.194304,1.0,241.783203125,True,,17,True,
train,/home/drnguyenvinh/notebooks/shrimp_yolo_canonical_bg_wssv_2cls_split70_15_15/images/train/WSSV-47-img-3.jpg,WSSV-47-img-3.jpg,WSSV-47-img-3,.jpg,True,/home/drnguyenvinh/notebooks/shrimp_yolo_canonical_bg_wssv_2cls_split70_15_15/labels/train/WSSV-47-img-3.txt,True,2048,2048,3,4.194304,1.0,169.4541015625,True,,13,True,
train,/home/drnguyenvinh/notebooks/shrimp_yolo_canonical_bg_wssv_2cls_split70_15_15/images/train/WSSV-48-img-1.jpg,WSSV-48-img-1.jpg,WSSV-48-img-1,.jpg,True,/home/drnguyenvinh/notebooks/shrimp_yolo_canonical_bg_wssv_2cls_split70_15_15/labels/train/WSSV-48-img-1.txt,True,2048,2048,3,4.194304,1.0,172.345703125,True,,18,True,
train,/home/drnguyenvinh/notebooks/shrimp_yolo_canonical_bg_wssv_2cls_split70_15_15/images/train/WSSV-48-img-2.jpg,WSSV-48-img-2.jpg,WSSV-48-img-2,.jpg,True,/home/drnguyenvinh/notebooks/shrimp_yolo_canonical_bg_wssv_2cls_split70_15_15/labels/train/WSSV-48-img-2.txt,True,2048,2048,3,4.194304,1.0,176.4755859375,True,,17,True,
train,/home/drnguyenvinh/notebooks/shrimp_yolo_canonical_bg_wssv_2cls_split70_15_15/images/train/WSSV-49-img-1.jpg,WSSV-49-img-1.jpg,WSSV-49-img-1,.jpg,True,/home/drnguyenvinh/notebooks/shrimp_yolo_canonical_bg_wssv_2cls_split70_15_15/labels/train/WSSV-49-img-1.txt,True,2048,2048,3,4.194304,1.0,158.607421875,True,,19,True,
train,/home/drnguyenvinh/notebooks/shrimp_yolo_canonical_bg_wssv_2cls_split70_15_15/images/train/WSSV-49-img-2.jpg,WSSV-49-img-2.jpg,WSSV-49-img-2,.jpg,True,/home/drnguyenvinh/notebooks/shrimp_yolo_canonical_bg_wssv_2cls_split70_15_15/labels/train/WSSV-49-img-2.txt,True,2048,2048,3,4.194304,1.0,159.185546875,True,,28,True,
train,/home/drnguyenvinh/notebooks/shrimp_yolo_canonical_bg_wssv_2cls_split70_15_15/images/train/WSSV-49-img-3.jpg,WSSV-49-img-3.jpg,WSSV-49-img-3,.jpg,True,/home/drnguyenvinh/notebooks/shrimp_yolo_canonical_bg_wssv_2cls_split70_15_15/labels/train/WSSV-49-img-3.txt,True,2048,2048,3,4.194304,1.0,195.3955078125,True,,13,True,
train,/home/drnguyenvinh/notebooks/shrimp_yolo_canonical_bg_wssv_2cls_split70_15_15/images/train/WSSV-5-img-1.jpg,WSSV-5-img-1.jpg,WSSV-5-img-1,.jpg,True,/home/drnguyenvinh/notebooks/shrimp_yolo_canonical_bg_wssv_2cls_split70_15_15/labels/train/WSSV-5-img-1.txt,True,2048,2048,3,4.194304,1.0,214.3291015625,True,,5,True,
train,/home/drnguyenvinh/notebooks/shrimp_yolo_canonical_bg_wssv_2cls_split70_15_15/images/train/WSSV-5-img-2.jpg,WSSV-5-img-2.jpg,WSSV-5-img-2,.jpg,True,/home/drnguyenvinh/notebooks/shrimp_yolo_canonical_bg_wssv_2cls_split70_15_15/labels/train/WSSV-5-img-2.txt,True,2048,2048,3,4.194304,1.0,197.529296875,True,,9,True,
train,/home/drnguyenvinh/notebooks/shrimp_yolo_canonical_bg_wssv_2cls_split70_15_15/images/train/WSSV-5-img-3.jpg,WSSV-5-img-3.jpg,WSSV-5-img-3,.jpg,True,/home/drnguyenvinh/notebooks/shrimp_yolo_canonical_bg_wssv_2cls_split70_15_15/labels/train/WSSV-5-img-3.txt,True,2048,2048,3,4.194304,1.0,200.484375,True,,7,True,
train,/home/drnguyenvinh/notebooks/shrimp_yolo_canonical_bg_wssv_2cls_split70_15_15/images/train/WSSV-50-img-1.jpg,WSSV-50-img-1.jpg,WSSV-50-img-1,.jpg,True,/home/drnguyenvinh/notebooks/shrimp_yolo_canonical_bg_wssv_2cls_split70_15_15/labels/train/WSSV-50-img-1.txt,True,2048,2048,3,4.194304,1.0,168.408203125,True,,32,True,
train,/home/drnguyenvinh/notebooks/shrimp_yolo_canonical_bg_wssv_2cls_split70_15_15/images/train/WSSV-50-img-3.jpg,WSSV-50-img-3.jpg,WSSV-50-img-3,.jpg,True,/home/drnguyenvinh/notebooks/shrimp_yolo_canonical_bg_wssv_2cls_split70_15_15/labels/train/WSSV-50-img-3.txt,True,2048,2048,3,4.194304,1.0,175.3359375,True,,7,True,
train,/home/drnguyenvinh/notebooks/shrimp_yolo_canonical_bg_wssv_2cls_split70_15_15/images/train/WSSV-51-img-1.jpg,WSSV-51-img-1.jpg,WSSV-51-img-1,.jpg,True,/home/drnguyenvinh/notebooks/shrimp_yolo_canonical_bg_wssv_2cls_split70_15_15/labels/train/WSSV-51-img-1.txt,True,2048,2048,3,4.194304,1.0,160.337890625,True,,18,True,
train,/home/drnguyenvinh/notebooks/shrimp_yolo_canonical_bg_wssv_2cls_split70_15_15/images/train/WSSV-51-img-2.jpg,WSSV-51-img-2.jpg,WSSV-51-img-2,.jpg,True,/home/drnguyenvinh/notebooks/shrimp_yolo_canonical_bg_wssv_2cls_split70_15_15/labels/train/WSSV-51-img-2.txt,True,2048,2048,3,4.194304,1.0,183.2431640625,True,,5,True,
train,/home/drnguyenvinh/notebooks/shrimp_yolo_canonical_bg_wssv_2cls_split70_15_15/images/train/WSSV-51-img-3.jpg,WSSV-51-img-3.jpg,WSSV-51-img-3,.jpg,True,/home/drnguyenvinh/notebooks/shrimp_yolo_canonical_bg_wssv_2cls_split70_15_15/labels/train/WSSV-51-img-3.txt,True,2048,2048,3,4.194304,1.0,174.8251953125,True,,11,True,
train,/home/drnguyenvinh/notebooks/shrimp_yolo_canonical_bg_wssv_2cls_split70_15_15/images/train/WSSV-52-img-1.jpg,WSSV-52-img-1.jpg,WSSV-52-img-1,.jpg,True,/home/drnguyenvinh/notebooks/shrimp_yolo_canonical_bg_wssv_2cls_split70_15_15/labels/train/WSSV-52-img-1.txt,True,2048,2048,3,4.194304,1.0,150.6591796875,True,,30,True,
train,/home/drnguyenvinh/notebooks/shrimp_yolo_canonical_bg_wssv_2cls_split70_15_15/images/train/WSSV-52-img-2.jpg,WSSV-52-img-2.jpg,WSSV-52-img-2,.jpg,True,/home/drnguyenvinh/notebooks/shrimp_yolo_canonical_bg_wssv_2cls_split70_15_15/labels/train/WSSV-52-img-2.txt,True,2048,2048,3,4.194304,1.0,187.1943359375,True,,6,True,
train,/home/drnguyenvinh/notebooks/shrimp_yolo_canonical_bg_wssv_2cls_split70_15_15/images/train/WSSV-52-img-3.jpg,WSSV-52-img-3.jpg,WSSV-52-img-3,.jpg,True,/home/drnguyenvinh/notebooks/shrimp_yolo_canonical_bg_wssv_2cls_split70_15_15/labels/train/WSSV-52-img-3.txt,True,2048,2048,3,4.194304,1.0,144.9736328125,True,,16,True,
train,/home/drnguyenvinh/notebooks/shrimp_yolo_canonical_bg_wssv_2cls_split70_15_15/images/train/WSSV-53-img-1.jpg,WSSV-53-img-1.jpg,WSSV-53-img-1,.jpg,True,/home/drnguyenvinh/notebooks/shrimp_yolo_canonical_bg_wssv_2cls_split70_15_15/labels/train/WSSV-53-img-1.txt,True,2048,2048,3,4.194304,1.0,148.1474609375,True,,16,True,
train,/home/drnguyenvinh/notebooks/shrimp_yolo_canonical_bg_wssv_2cls_split70_15_15/images/train/WSSV-53-img-2.jpg,WSSV-53-img-2.jpg,WSSV-53-img-2,.jpg,True,/home/drnguyenvinh/notebooks/shrimp_yolo_canonical_bg_wssv_2cls_split70_15_15/labels/train/WSSV-53-img-2.txt,True,2048,2048,3,4.194304,1.0,150.8876953125,True,,20,True,
train,/home/drnguyenvinh/notebooks/shrimp_yolo_canonical_bg_wssv_2cls_split70_15_15/images/train/WSSV-54-img-2.jpg,WSSV-54-img-2.jpg,WSSV-54-img-2,.jpg,True,/home/drnguyenvinh/notebooks/shrimp_yolo_canonical_bg_wssv_2cls_split70_15_15/labels/train/WSSV-54-img-2.txt,True,2048,2048,3,4.194304,1.0,158.4951171875,True,,16,True,
train,/home/drnguyenvinh/notebooks/shrimp_yolo_canonical_bg_wssv_2cls_split70_15_15/images/train/WSSV-54-img-3.jpg,WSSV-54-img-3.jpg,WSSV-54-img-3,.jpg,True,/home/drnguyenvinh/notebooks/shrimp_yolo_canonical_bg_wssv_2cls_split70_15_15/labels/train/WSSV-54-img-3.txt,True,2048,2048,3,4.194304,1.0,155.8369140625,True,,6,True,
train,/home/drnguyenvinh/notebooks/shrimp_yolo_canonical_bg_wssv_2cls_split70_15_15/images/train/WSSV-55-img-1.jpg,WSSV-55-img-1.jpg,WSSV-55-img-1,.jpg,True,/home/drnguyenvinh/notebooks/shrimp_yolo_canonical_bg_wssv_2cls_split70_15_15/labels/train/WSSV-55-img-1.txt,True,2048,2048,3,4.194304,1.0,157.2890625,True,,6,True,
train,/home/drnguyenvinh/notebooks/shrimp_yolo_canonical_bg_wssv_2cls_split70_15_15/images/train/WSSV-55-img-2.jpg,WSSV-55-img-2.jpg,WSSV-55-img-2,.jpg,True,/home/drnguyenvinh/notebooks/shrimp_yolo_canonical_bg_wssv_2cls_split70_15_15/labels/train/WSSV-55-img-2.txt,True,2048,2048,3,4.194304,1.0,168.6201171875,True,,5,True,
train,/home/drnguyenvinh/notebooks/shrimp_yolo_canonical_bg_wssv_2cls_split70_15_15/images/train/WSSV-55-img-3.jpg,WSSV-55-img-3.jpg,WSSV-55-img-3,.jpg,True,/home/drnguyenvinh/notebooks/shrimp_yolo_canonical_bg_wssv_2cls_split70_15_15/labels/train/WSSV-55-img-3.txt,True,2048,2048,3,4.194304,1.0,153.2724609375,True,,3,True,
train,/home/drnguyenvinh/notebooks/shrimp_yolo_canonical_bg_wssv_2cls_split70_15_15/images/train/WSSV-56-img-1.jpg,WSSV-56-img-1.jpg,WSSV-56-img-1,.jpg,True,/home/drnguyenvinh/notebooks/shrimp_yolo_canonical_bg_wssv_2cls_split70_15_15/labels/train/WSSV-56-img-1.txt,True,2048,2048,3,4.194304,1.0,140.212890625,True,,8,True,
train,/home/drnguyenvinh/notebooks/shrimp_yolo_canonical_bg_wssv_2cls_split70_15_15/images/train/WSSV-56-img-2.jpg,WSSV-56-img-2.jpg,WSSV-56-img-2,.jpg,True,/home/drnguyenvinh/notebooks/shrimp_yolo_canonical_bg_wssv_2cls_split70_15_15/labels/train/WSSV-56-img-2.txt,True,2048,2048,3,4.194304,1.0,134.5224609375,True,,5,True,
train,/home/drnguyenvinh/notebooks/shrimp_yolo_canonical_bg_wssv_2cls_split70_15_15/images/train/WSSV-56-img-3.jpg,WSSV-56-img-3.jpg,WSSV-56-img-3,.jpg,True,/home/drnguyenvinh/notebooks/shrimp_yolo_canonical_bg_wssv_2cls_split70_15_15/labels/train/WSSV-56-img-3.txt,True,2048,2048,3,4.194304,1.0,130.46875,True,,5,True,
train,/home/drnguyenvinh/notebooks/shrimp_yolo_canonical_bg_wssv_2cls_split70_15_15/images/train/WSSV-57-img-1.jpg,WSSV-57-img-1.jpg,WSSV-57-img-1,.jpg,True,/home/drnguyenvinh/notebooks/shrimp_yolo_canonical_bg_wssv_2cls_split70_15_15/labels/train/WSSV-57-img-1.txt,True,2048,2048,3,4.194304,1.0,140.82421875,True,,14,True,
train,/home/drnguyenvinh/notebooks/shrimp_yolo_canonical_bg_wssv_2cls_split70_15_15/images/train/WSSV-57-img-2.jpg,WSSV-57-img-2.jpg,WSSV-57-img-2,.jpg,True,/home/drnguyenvinh/notebooks/shrimp_yolo_canonical_bg_wssv_2cls_split70_15_15/labels/train/WSSV-57-img-2.txt,True,2048,2048,3,4.194304,1.0,157.6845703125,True,,11,True,
train,/home/drnguyenvinh/notebooks/shrimp_yolo_canonical_bg_wssv_2cls_split70_15_15/images/train/WSSV-58-img-1.jpg,WSSV-58-img-1.jpg,WSSV-58-img-1,.jpg,True,/home/drnguyenvinh/notebooks/shrimp_yolo_canonical_bg_wssv_2cls_split70_15_15/labels/train/WSSV-58-img-1.txt,True,2048,2048,3,4.194304,1.0,156.953125,True,,14,True,
train,/home/drnguyenvinh/notebooks/shrimp_yolo_canonical_bg_wssv_2cls_split70_15_15/images/train/WSSV-58-img-3.jpg,WSSV-58-img-3.jpg,WSSV-58-img-3,.jpg,True,/home/drnguyenvinh/notebooks/shrimp_yolo_canonical_bg_wssv_2cls_split70_15_15/labels/train/WSSV-58-img-3.txt,True,2048,2048,3,4.194304,1.0,154.0537109375,True,,30,True,
train,/home/drnguyenvinh/notebooks/shrimp_yolo_canonical_bg_wssv_2cls_split70_15_15/images/train/WSSV-59-img-2.jpg,WSSV-59-img-2.jpg,WSSV-59-img-2,.jpg,True,/home/drnguyenvinh/notebooks/shrimp_yolo_canonical_bg_wssv_2cls_split70_15_15/labels/train/WSSV-59-img-2.txt,True,2048,2048,3,4.194304,1.0,195.810546875,True,,6,True,
train,/home/drnguyenvinh/notebooks/shrimp_yolo_canonical_bg_wssv_2cls_split70_15_15/images/train/WSSV-6-img-2.jpg,WSSV-6-img-2.jpg,WSSV-6-img-2,.jpg,True,/home/drnguyenvinh/notebooks/shrimp_yolo_canonical_bg_wssv_2cls_split70_15_15/labels/train/WSSV-6-img-2.txt,True,2048,2048,3,4.194304,1.0,269.8896484375,True,,6,True,
train,/home/drnguyenvinh/notebooks/shrimp_yolo_canonical_bg_wssv_2cls_split70_15_15/images/train/WSSV-60-img-1.jpg,WSSV-60-img-1.jpg,WSSV-60-img-1,.jpg,True,/home/drnguyenvinh/notebooks/shrimp_yolo_canonical_bg_wssv_2cls_split70_15_15/labels/train/WSSV-60-img-1.txt,True,2048,2048,3,4.194304,1.0,190.1875,True,,22,True,
train,/home/drnguyenvinh/notebooks/shrimp_yolo_canonical_bg_wssv_2cls_split70_15_15/images/train/WSSV-60-img-2.jpg,WSSV-60-img-2.jpg,WSSV-60-img-2,.jpg,True,/home/drnguyenvinh/notebooks/shrimp_yolo_canonical_bg_wssv_2cls_split70_15_15/labels/train/WSSV-60-img-2.txt,True,2048,2048,3,4.194304,1.0,189.08203125,True,,6,True,
train,/home/drnguyenvinh/notebooks/shrimp_yolo_canonical_bg_wssv_2cls_split70_15_15/images/train/WSSV-60-img-3.jpg,WSSV-60-img-3.jpg,WSSV-60-img-3,.jpg,True,/home/drnguyenvinh/notebooks/shrimp_yolo_canonical_bg_wssv_2cls_split70_15_15/labels/train/WSSV-60-img-3.txt,True,2048,2048,3,4.194304,1.0,167.0771484375,True,,1,True,
train,/home/drnguyenvinh/notebooks/shrimp_yolo_canonical_bg_wssv_2cls_split70_15_15/images/train/WSSV-61-img-2.jpg,WSSV-61-img-2.jpg,WSSV-61-img-2,.jpg,True,/home/drnguyenvinh/notebooks/shrimp_yolo_canonical_bg_wssv_2cls_split70_15_15/labels/train/WSSV-61-img-2.txt,True,2048,2048,3,4.194304,1.0,145.544921875,True,,14,True,
train,/home/drnguyenvinh/notebooks/shrimp_yolo_canonical_bg_wssv_2cls_split70_15_15/images/train/WSSV-62-img-2.jpg,WSSV-62-img-2.jpg,WSSV-62-img-2,.jpg,True,/home/drnguyenvinh/notebooks/shrimp_yolo_canonical_bg_wssv_2cls_split70_15_15/labels/train/WSSV-62-img-2.txt,True,2048,2048,3,4.194304,1.0,142.9248046875,True,,24,True,
train,/home/drnguyenvinh/notebooks/shrimp_yolo_canonical_bg_wssv_2cls_split70_15_15/images/train/WSSV-64-img-1.jpg,WSSV-64-img-1.jpg,WSSV-64-img-1,.jpg,True,/home/drnguyenvinh/notebooks/shrimp_yolo_canonical_bg_wssv_2cls_split70_15_15/labels/train/WSSV-64-img-1.txt,True,2048,2048,3,4.194304,1.0,149.951171875,True,,5,True,
train,/home/drnguyenvinh/notebooks/shrimp_yolo_canonical_bg_wssv_2cls_split70_15_15/images/train/WSSV-64-img-2.jpg,WSSV-64-img-2.jpg,WSSV-64-img-2,.jpg,True,/home/drnguyenvinh/notebooks/shrimp_yolo_canonical_bg_wssv_2cls_split70_15_15/labels/train/WSSV-64-img-2.txt,True,2048,2048,3,4.194304,1.0,147.064453125,True,,5,True,
train,/home/drnguyenvinh/notebooks/shrimp_yolo_canonical_bg_wssv_2cls_split70_15_15/images/train/WSSV-65-img-1.jpg,WSSV-65-img-1.jpg,WSSV-65-img-1,.jpg,True,/home/drnguyenvinh/notebooks/shrimp_yolo_canonical_bg_wssv_2cls_split70_15_15/labels/train/WSSV-65-img-1.txt,True,2048,2048,3,4.194304,1.0,134.10546875,True,,10,True,
train,/home/drnguyenvinh/notebooks/shrimp_yolo_canonical_bg_wssv_2cls_split70_15_15/images/train/WSSV-65-img-3.jpg,WSSV-65-img-3.jpg,WSSV-65-img-3,.jpg,True,/home/drnguyenvinh/notebooks/shrimp_yolo_canonical_bg_wssv_2cls_split70_15_15/labels/train/WSSV-65-img-3.txt,True,2048,2048,3,4.194304,1.0,147.9970703125,True,,22,True,
train,/home/drnguyenvinh/notebooks/shrimp_yolo_canonical_bg_wssv_2cls_split70_15_15/images/train/WSSV-66-img-1.jpg,WSSV-66-img-1.jpg,WSSV-66-img-1,.jpg,True,/home/drnguyenvinh/notebooks/shrimp_yolo_canonical_bg_wssv_2cls_split70_15_15/labels/train/WSSV-66-img-1.txt,True,2048,2048,3,4.194304,1.0,150.3369140625,True,,2,True,
train,/home/drnguyenvinh/notebooks/shrimp_yolo_canonical_bg_wssv_2cls_split70_15_15/images/train/WSSV-66-img-3.jpg,WSSV-66-img-3.jpg,WSSV-66-img-3,.jpg,True,/home/drnguyenvinh/notebooks/shrimp_yolo_canonical_bg_wssv_2cls_split70_15_15/labels/train/WSSV-66-img-3.txt,True,2048,2048,3,4.194304,1.0,151.7333984375,True,,3,True,
train,/home/drnguyenvinh/notebooks/shrimp_yolo_canonical_bg_wssv_2cls_split70_15_15/images/train/WSSV-67-img-2.jpg,WSSV-67-img-2.jpg,WSSV-67-img-2,.jpg,True,/home/drnguyenvinh/notebooks/shrimp_yolo_canonical_bg_wssv_2cls_split70_15_15/labels/train/WSSV-67-img-2.txt,True,2048,2048,3,4.194304,1.0,151.8310546875,True,,16,True,
train,/home/drnguyenvinh/notebooks/shrimp_yolo_canonical_bg_wssv_2cls_split70_15_15/images/train/WSSV-67-img-3.jpg,WSSV-67-img-3.jpg,WSSV-67-img-3,.jpg,True,/home/drnguyenvinh/notebooks/shrimp_yolo_canonical_bg_wssv_2cls_split70_15_15/labels/train/WSSV-67-img-3.txt,True,2048,2048,3,4.194304,1.0,128.16796875,True,,5,True,
train,/home/drnguyenvinh/notebooks/shrimp_yolo_canonical_bg_wssv_2cls_split70_15_15/images/train/WSSV-68-img-1.jpg,WSSV-68-img-1.jpg,WSSV-68-img-1,.jpg,True,/home/drnguyenvinh/notebooks/shrimp_yolo_canonical_bg_wssv_2cls_split70_15_15/labels/train/WSSV-68-img-1.txt,True,2048,2048,3,4.194304,1.0,162.9736328125,True,,17,True,
train,/home/drnguyenvinh/notebooks/shrimp_yolo_canonical_bg_wssv_2cls_split70_15_15/images/train/WSSV-68-img-2.jpg,WSSV-68-img-2.jpg,WSSV-68-img-2,.jpg,True,/home/drnguyenvinh/notebooks/shrimp_yolo_canonical_bg_wssv_2cls_split70_15_15/labels/train/WSSV-68-img-2.txt,True,2048,2048,3,4.194304,1.0,161.396484375,True,,17,True,
train,/home/drnguyenvinh/notebooks/shrimp_yolo_canonical_bg_wssv_2cls_split70_15_15/images/train/WSSV-69-img-2.jpg,WSSV-69-img-2.jpg,WSSV-69-img-2,.jpg,True,/home/drnguyenvinh/notebooks/shrimp_yolo_canonical_bg_wssv_2cls_split70_15_15/labels/train/WSSV-69-img-2.txt,True,2048,2048,3,4.194304,1.0,142.1982421875,True,,12,True,
train,/home/drnguyenvinh/notebooks/shrimp_yolo_canonical_bg_wssv_2cls_split70_15_15/images/train/WSSV-7-img-1.jpg,WSSV-7-img-1.jpg,WSSV-7-img-1,.jpg,True,/home/drnguyenvinh/notebooks/shrimp_yolo_canonical_bg_wssv_2cls_split70_15_15/labels/train/WSSV-7-img-1.txt,True,2048,2048,3,4.194304,1.0,766.6611328125,True,,5,True,
train,/home/drnguyenvinh/notebooks/shrimp_yolo_canonical_bg_wssv_2cls_split70_15_15/images/train/WSSV-7-img-2.jpg,WSSV-7-img-2.jpg,WSSV-7-img-2,.jpg,True,/home/drnguyenvinh/notebooks/shrimp_yolo_canonical_bg_wssv_2cls_split70_15_15/labels/train/WSSV-7-img-2.txt,True,2048,2048,3,4.194304,1.0,680.27734375,True,,1,True,
train,/home/drnguyenvinh/notebooks/shrimp_yolo_canonical_bg_wssv_2cls_split70_15_15/images/train/WSSV-70-img-2.jpg,WSSV-70-img-2.jpg,WSSV-70-img-2,.jpg,True,/home/drnguyenvinh/notebooks/shrimp_yolo_canonical_bg_wssv_2cls_split70_15_15/labels/train/WSSV-70-img-2.txt,True,2048,2048,3,4.194304,1.0,143.73046875,True,,29,True,
train,/home/drnguyenvinh/notebooks/shrimp_yolo_canonical_bg_wssv_2cls_split70_15_15/images/train/WSSV-70-img-3.jpg,WSSV-70-img-3.jpg,WSSV-70-img-3,.jpg,True,/home/drnguyenvinh/notebooks/shrimp_yolo_canonical_bg_wssv_2cls_split70_15_15/labels/train/WSSV-70-img-3.txt,True,2048,2048,3,4.194304,1.0,129.29296875,True,,18,True,
train,/home/drnguyenvinh/notebooks/shrimp_yolo_canonical_bg_wssv_2cls_split70_15_15/images/train/WSSV-71-img-1.jpg,WSSV-71-img-1.jpg,WSSV-71-img-1,.jpg,True,/home/drnguyenvinh/notebooks/shrimp_yolo_canonical_bg_wssv_2cls_split70_15_15/labels/train/WSSV-71-img-1.txt,True,2048,2048,3,4.194304,1.0,151.6630859375,True,,14,True,
train,/home/drnguyenvinh/notebooks/shrimp_yolo_canonical_bg_wssv_2cls_split70_15_15/images/train/WSSV-71-img-2.jpg,WSSV-71-img-2.jpg,WSSV-71-img-2,.jpg,True,/home/drnguyenvinh/notebooks/shrimp_yolo_canonical_bg_wssv_2cls_split70_15_15/labels/train/WSSV-71-img-2.txt,True,2048,2048,3,4.194304,1.0,145.267578125,True,,11,True,
train,/home/drnguyenvinh/notebooks/shrimp_yolo_canonical_bg_wssv_2cls_split70_15_15/images/train/WSSV-72-img-1.jpg,WSSV-72-img-1.jpg,WSSV-72-img-1,.jpg,True,/home/drnguyenvinh/notebooks/shrimp_yolo_canonical_bg_wssv_2cls_split70_15_15/labels/train/WSSV-72-img-1.txt,True,2048,2048,3,4.194304,1.0,144.189453125,True,,12,True,
train,/home/drnguyenvinh/notebooks/shrimp_yolo_canonical_bg_wssv_2cls_split70_15_15/images/train/WSSV-72-img-2.jpg,WSSV-72-img-2.jpg,WSSV-72-img-2,.jpg,True,/home/drnguyenvinh/notebooks/shrimp_yolo_canonical_bg_wssv_2cls_split70_15_15/labels/train/WSSV-72-img-2.txt,True,2048,2048,3,4.194304,1.0,154.0205078125,True,,11,True,
train,/home/drnguyenvinh/notebooks/shrimp_yolo_canonical_bg_wssv_2cls_split70_15_15/images/train/WSSV-72-img-3.jpg,WSSV-72-img-3.jpg,WSSV-72-img-3,.jpg,True,/home/drnguyenvinh/notebooks/shrimp_yolo_canonical_bg_wssv_2cls_split70_15_15/labels/train/WSSV-72-img-3.txt,True,2048,2048,3,4.194304,1.0,146.5517578125,True,,15,True,
train,/home/drnguyenvinh/notebooks/shrimp_yolo_canonical_bg_wssv_2cls_split70_15_15/images/train/WSSV-73-img-1.jpg,WSSV-73-img-1.jpg,WSSV-73-img-1,.jpg,True,/home/drnguyenvinh/notebooks/shrimp_yolo_canonical_bg_wssv_2cls_split70_15_15/labels/train/WSSV-73-img-1.txt,True,2048,2048,3,4.194304,1.0,160.603515625,True,,10,True,
train,/home/drnguyenvinh/notebooks/shrimp_yolo_canonical_bg_wssv_2cls_split70_15_15/images/train/WSSV-73-img-2.jpg,WSSV-73-img-2.jpg,WSSV-73-img-2,.jpg,True,/home/drnguyenvinh/notebooks/shrimp_yolo_canonical_bg_wssv_2cls_split70_15_15/labels/train/WSSV-73-img-2.txt,True,2048,2048,3,4.194304,1.0,156.9619140625,True,,10,True,
train,/home/drnguyenvinh/notebooks/shrimp_yolo_canonical_bg_wssv_2cls_split70_15_15/images/train/WSSV-73-img-3.jpg,WSSV-73-img-3.jpg,WSSV-73-img-3,.jpg,True,/home/drnguyenvinh/notebooks/shrimp_yolo_canonical_bg_wssv_2cls_split70_15_15/labels/train/WSSV-73-img-3.txt,True,2048,2048,3,4.194304,1.0,153.6591796875,True,,18,True,
train,/home/drnguyenvinh/notebooks/shrimp_yolo_canonical_bg_wssv_2cls_split70_15_15/images/train/WSSV-74-img-1.jpg,WSSV-74-img-1.jpg,WSSV-74-img-1,.jpg,True,/home/drnguyenvinh/notebooks/shrimp_yolo_canonical_bg_wssv_2cls_split70_15_15/labels/train/WSSV-74-img-1.txt,True,2048,2048,3,4.194304,1.0,171.658203125,True,,9,True,
train,/home/drnguyenvinh/notebooks/shrimp_yolo_canonical_bg_wssv_2cls_split70_15_15/images/train/WSSV-74-img-2.jpg,WSSV-74-img-2.jpg,WSSV-74-img-2,.jpg,True,/home/drnguyenvinh/notebooks/shrimp_yolo_canonical_bg_wssv_2cls_split70_15_15/labels/train/WSSV-74-img-2.txt,True,2048,2048,3,4.194304,1.0,180.2392578125,True,,14,True,
train,/home/drnguyenvinh/notebooks/shrimp_yolo_canonical_bg_wssv_2cls_split70_15_15/images/train/WSSV-74-img-3.jpg,WSSV-74-img-3.jpg,WSSV-74-img-3,.jpg,True,/home/drnguyenvinh/notebooks/shrimp_yolo_canonical_bg_wssv_2cls_split70_15_15/labels/train/WSSV-74-img-3.txt,True,2048,2048,3,4.194304,1.0,156.6845703125,True,,23,True,
train,/home/drnguyenvinh/notebooks/shrimp_yolo_canonical_bg_wssv_2cls_split70_15_15/images/train/WSSV-75-img-1.jpg,WSSV-75-img-1.jpg,WSSV-75-img-1,.jpg,True,/home/drnguyenvinh/notebooks/shrimp_yolo_canonical_bg_wssv_2cls_split70_15_15/labels/train/WSSV-75-img-1.txt,True,2048,2048,3,4.194304,1.0,159.9833984375,True,,6,True,
train,/home/drnguyenvinh/notebooks/shrimp_yolo_canonical_bg_wssv_2cls_split70_15_15/images/train/WSSV-75-img-2.jpg,WSSV-75-img-2.jpg,WSSV-75-img-2,.jpg,True,/home/drnguyenvinh/notebooks/shrimp_yolo_canonical_bg_wssv_2cls_split70_15_15/labels/train/WSSV-75-img-2.txt,True,2048,2048,3,4.194304,1.0,139.5732421875,True,,2,True,
train,/home/drnguyenvinh/notebooks/shrimp_yolo_canonical_bg_wssv_2cls_split70_15_15/images/train/WSSV-76-img-1.jpg,WSSV-76-img-1.jpg,WSSV-76-img-1,.jpg,True,/home/drnguyenvinh/notebooks/shrimp_yolo_canonical_bg_wssv_2cls_split70_15_15/labels/train/WSSV-76-img-1.txt,True,2048,2048,3,4.194304,1.0,130.5263671875,True,,5,True,
train,/home/drnguyenvinh/notebooks/shrimp_yolo_canonical_bg_wssv_2cls_split70_15_15/images/train/WSSV-76-img-2.jpg,WSSV-76-img-2.jpg,WSSV-76-img-2,.jpg,True,/home/drnguyenvinh/notebooks/shrimp_yolo_canonical_bg_wssv_2cls_split70_15_15/labels/train/WSSV-76-img-2.txt,True,2048,2048,3,4.194304,1.0,156.306640625,True,,7,True,
train,/home/drnguyenvinh/notebooks/shrimp_yolo_canonical_bg_wssv_2cls_split70_15_15/images/train/WSSV-76-img-3.jpg,WSSV-76-img-3.jpg,WSSV-76-img-3,.jpg,True,/home/drnguyenvinh/notebooks/shrimp_yolo_canonical_bg_wssv_2cls_split70_15_15/labels/train/WSSV-76-img-3.txt,True,2048,2048,3,4.194304,1.0,148.859375,True,,9,True,
train,/home/drnguyenvinh/notebooks/shrimp_yolo_canonical_bg_wssv_2cls_split70_15_15/images/train/WSSV-77-img-3.jpg,WSSV-77-img-3.jpg,WSSV-77-img-3,.jpg,True,/home/drnguyenvinh/notebooks/shrimp_yolo_canonical_bg_wssv_2cls_split70_15_15/labels/train/WSSV-77-img-3.txt,True,2048,2048,3,4.194304,1.0,150.939453125,True,,10,True,
train,/home/drnguyenvinh/notebooks/shrimp_yolo_canonical_bg_wssv_2cls_split70_15_15/images/train/WSSV-78-img-2.jpg,WSSV-78-img-2.jpg,WSSV-78-img-2,.jpg,True,/home/drnguyenvinh/notebooks/shrimp_yolo_canonical_bg_wssv_2cls_split70_15_15/labels/train/WSSV-78-img-2.txt,True,2048,2048,3,4.194304,1.0,146.744140625,True,,3,True,
train,/home/drnguyenvinh/notebooks/shrimp_yolo_canonical_bg_wssv_2cls_split70_15_15/images/train/WSSV-79-img-1.jpg,WSSV-79-img-1.jpg,WSSV-79-img-1,.jpg,True,/home/drnguyenvinh/notebooks/shrimp_yolo_canonical_bg_wssv_2cls_split70_15_15/labels/train/WSSV-79-img-1.txt,True,2048,2048,3,4.194304,1.0,149.716796875,True,,3,True,
train,/home/drnguyenvinh/notebooks/shrimp_yolo_canonical_bg_wssv_2cls_split70_15_15/images/train/WSSV-8-img-1.jpg,WSSV-8-img-1.jpg,WSSV-8-img-1,.jpg,True,/home/drnguyenvinh/notebooks/shrimp_yolo_canonical_bg_wssv_2cls_split70_15_15/labels/train/WSSV-8-img-1.txt,True,2048,2048,3,4.194304,1.0,780.0947265625,True,,18,True,
train,/home/drnguyenvinh/notebooks/shrimp_yolo_canonical_bg_wssv_2cls_split70_15_15/images/train/WSSV-8-img-2.jpg,WSSV-8-img-2.jpg,WSSV-8-img-2,.jpg,True,/home/drnguyenvinh/notebooks/shrimp_yolo_canonical_bg_wssv_2cls_split70_15_15/labels/train/WSSV-8-img-2.txt,True,2048,2048,3,4.194304,1.0,748.5068359375,True,,15,True,
train,/home/drnguyenvinh/notebooks/shrimp_yolo_canonical_bg_wssv_2cls_split70_15_15/images/train/WSSV-80-img-1.jpg,WSSV-80-img-1.jpg,WSSV-80-img-1,.jpg,True,/home/drnguyenvinh/notebooks/shrimp_yolo_canonical_bg_wssv_2cls_split70_15_15/labels/train/WSSV-80-img-1.txt,True,2048,2048,3,4.194304,1.0,135.3310546875,True,,7,True,
train,/home/drnguyenvinh/notebooks/shrimp_yolo_canonical_bg_wssv_2cls_split70_15_15/images/train/WSSV-81-img-2.jpg,WSSV-81-img-2.jpg,WSSV-81-img-2,.jpg,True,/home/drnguyenvinh/notebooks/shrimp_yolo_canonical_bg_wssv_2cls_split70_15_15/labels/train/WSSV-81-img-2.txt,True,2048,2048,3,4.194304,1.0,136.9794921875,True,,3,True,
train,/home/drnguyenvinh/notebooks/shrimp_yolo_canonical_bg_wssv_2cls_split70_15_15/images/train/WSSV-82-img-1.jpg,WSSV-82-img-1.jpg,WSSV-82-img-1,.jpg,True,/home/drnguyenvinh/notebooks/shrimp_yolo_canonical_bg_wssv_2cls_split70_15_15/labels/train/WSSV-82-img-1.txt,True,2048,2048,3,4.194304,1.0,288.52734375,True,,10,True,
train,/home/drnguyenvinh/notebooks/shrimp_yolo_canonical_bg_wssv_2cls_split70_15_15/images/train/WSSV-84-img-1.jpg,WSSV-84-img-1.jpg,WSSV-84-img-1,.jpg,True,/home/drnguyenvinh/notebooks/shrimp_yolo_canonical_bg_wssv_2cls_split70_15_15/labels/train/WSSV-84-img-1.txt,True,2048,2048,3,4.194304,1.0,234.484375,True,,8,True,
train,/home/drnguyenvinh/notebooks/shrimp_yolo_canonical_bg_wssv_2cls_split70_15_15/images/train/WSSV-85-img-1.jpg,WSSV-85-img-1.jpg,WSSV-85-img-1,.jpg,True,/home/drnguyenvinh/notebooks/shrimp_yolo_canonical_bg_wssv_2cls_split70_15_15/labels/train/WSSV-85-img-1.txt,True,2048,2048,3,4.194304,1.0,241.0888671875,True,,8,True,
train,/home/drnguyenvinh/notebooks/shrimp_yolo_canonical_bg_wssv_2cls_split70_15_15/images/train/WSSV-85-img-2.jpg,WSSV-85-img-2.jpg,WSSV-85-img-2,.jpg,True,/home/drnguyenvinh/notebooks/shrimp_yolo_canonical_bg_wssv_2cls_split70_15_15/labels/train/WSSV-85-img-2.txt,True,2048,2048,3,4.194304,1.0,220.4501953125,True,,10,True,
train,/home/drnguyenvinh/notebooks/shrimp_yolo_canonical_bg_wssv_2cls_split70_15_15/images/train/WSSV-86-img-1.jpg,WSSV-86-img-1.jpg,WSSV-86-img-1,.jpg,True,/home/drnguyenvinh/notebooks/shrimp_yolo_canonical_bg_wssv_2cls_split70_15_15/labels/train/WSSV-86-img-1.txt,True,2048,2048,3,4.194304,1.0,179.302734375,True,,3,True,
train,/home/drnguyenvinh/notebooks/shrimp_yolo_canonical_bg_wssv_2cls_split70_15_15/images/train/WSSV-86-img-2.jpg,WSSV-86-img-2.jpg,WSSV-86-img-2,.jpg,True,/home/drnguyenvinh/notebooks/shrimp_yolo_canonical_bg_wssv_2cls_split70_15_15/labels/train/WSSV-86-img-2.txt,True,2048,2048,3,4.194304,1.0,187.7783203125,True,,5,True,
train,/home/drnguyenvinh/notebooks/shrimp_yolo_canonical_bg_wssv_2cls_split70_15_15/images/train/WSSV-87-img-1.jpg,WSSV-87-img-1.jpg,WSSV-87-img-1,.jpg,True,/home/drnguyenvinh/notebooks/shrimp_yolo_canonical_bg_wssv_2cls_split70_15_15/labels/train/WSSV-87-img-1.txt,True,2048,2048,3,4.194304,1.0,195.021484375,True,,7,True,
train,/home/drnguyenvinh/notebooks/shrimp_yolo_canonical_bg_wssv_2cls_split70_15_15/images/train/WSSV-87-img-2.jpg,WSSV-87-img-2.jpg,WSSV-87-img-2,.jpg,True,/home/drnguyenvinh/notebooks/shrimp_yolo_canonical_bg_wssv_2cls_split70_15_15/labels/train/WSSV-87-img-2.txt,True,2048,2048,3,4.194304,1.0,219.2939453125,True,,10,True,
train,/home/drnguyenvinh/notebooks/shrimp_yolo_canonical_bg_wssv_2cls_split70_15_15/images/train/WSSV-88-img-1.jpg,WSSV-88-img-1.jpg,WSSV-88-img-1,.jpg,True,/home/drnguyenvinh/notebooks/shrimp_yolo_canonical_bg_wssv_2cls_split70_15_15/labels/train/WSSV-88-img-1.txt,True,2048,2048,3,4.194304,1.0,169.4462890625,True,,9,True,
train,/home/drnguyenvinh/notebooks/shrimp_yolo_canonical_bg_wssv_2cls_split70_15_15/images/train/WSSV-88-img-2.jpg,WSSV-88-img-2.jpg,WSSV-88-img-2,.jpg,True,/home/drnguyenvinh/notebooks/shrimp_yolo_canonical_bg_wssv_2cls_split70_15_15/labels/train/WSSV-88-img-2.txt,True,2048,2048,3,4.194304,1.0,212.431640625,True,,13,True,
train,/home/drnguyenvinh/notebooks/shrimp_yolo_canonical_bg_wssv_2cls_split70_15_15/images/train/WSSV-89-img-1.jpg,WSSV-89-img-1.jpg,WSSV-89-img-1,.jpg,True,/home/drnguyenvinh/notebooks/shrimp_yolo_canonical_bg_wssv_2cls_split70_15_15/labels/train/WSSV-89-img-1.txt,True,2048,2048,3,4.194304,1.0,207.2685546875,True,,6,True,
train,/home/drnguyenvinh/notebooks/shrimp_yolo_canonical_bg_wssv_2cls_split70_15_15/images/train/WSSV-89-img-2.jpg,WSSV-89-img-2.jpg,WSSV-89-img-2,.jpg,True,/home/drnguyenvinh/notebooks/shrimp_yolo_canonical_bg_wssv_2cls_split70_15_15/labels/train/WSSV-89-img-2.txt,True,2048,2048,3,4.194304,1.0,206.8232421875,True,,8,True,
train,/home/drnguyenvinh/notebooks/shrimp_yolo_canonical_bg_wssv_2cls_split70_15_15/images/train/WSSV-9-img-1.jpg,WSSV-9-img-1.jpg,WSSV-9-img-1,.jpg,True,/home/drnguyenvinh/notebooks/shrimp_yolo_canonical_bg_wssv_2cls_split70_15_15/labels/train/WSSV-9-img-1.txt,True,2048,2048,3,4.194304,1.0,151.75,True,,7,True,
train,/home/drnguyenvinh/notebooks/shrimp_yolo_canonical_bg_wssv_2cls_split70_15_15/images/train/WSSV-9-img-2.jpg,WSSV-9-img-2.jpg,WSSV-9-img-2,.jpg,True,/home/drnguyenvinh/notebooks/shrimp_yolo_canonical_bg_wssv_2cls_split70_15_15/labels/train/WSSV-9-img-2.txt,True,2048,2048,3,4.194304,1.0,144.32421875,True,,6,True,
train,/home/drnguyenvinh/notebooks/shrimp_yolo_canonical_bg_wssv_2cls_split70_15_15/images/train/WSSV-90-img-2.jpg,WSSV-90-img-2.jpg,WSSV-90-img-2,.jpg,True,/home/drnguyenvinh/notebooks/shrimp_yolo_canonical_bg_wssv_2cls_split70_15_15/labels/train/WSSV-90-img-2.txt,True,2048,2048,3,4.194304,1.0,160.5986328125,True,,5,True,
train,/home/drnguyenvinh/notebooks/shrimp_yolo_canonical_bg_wssv_2cls_split70_15_15/images/train/WSSV-92-img-2.jpg,WSSV-92-img-2.jpg,WSSV-92-img-2,.jpg,True,/home/drnguyenvinh/notebooks/shrimp_yolo_canonical_bg_wssv_2cls_split70_15_15/labels/train/WSSV-92-img-2.txt,True,2048,2048,3,4.194304,1.0,213.716796875,True,,3,True,
train,/home/drnguyenvinh/notebooks/shrimp_yolo_canonical_bg_wssv_2cls_split70_15_15/images/train/WSSV-93-img-1.jpg,WSSV-93-img-1.jpg,WSSV-93-img-1,.jpg,True,/home/drnguyenvinh/notebooks/shrimp_yolo_canonical_bg_wssv_2cls_split70_15_15/labels/train/WSSV-93-img-1.txt,True,2048,2048,3,4.194304,1.0,179.486328125,True,,5,True,
train,/home/drnguyenvinh/notebooks/shrimp_yolo_canonical_bg_wssv_2cls_split70_15_15/images/train/WSSV-93-img-2.jpg,WSSV-93-img-2.jpg,WSSV-93-img-2,.jpg,True,/home/drnguyenvinh/notebooks/shrimp_yolo_canonical_bg_wssv_2cls_split70_15_15/labels/train/WSSV-93-img-2.txt,True,2048,2048,3,4.194304,1.0,217.11328125,True,,5,True,
train,/home/drnguyenvinh/notebooks/shrimp_yolo_canonical_bg_wssv_2cls_split70_15_15/images/train/WSSV-93-img-3.jpg,WSSV-93-img-3.jpg,WSSV-93-img-3,.jpg,True,/home/drnguyenvinh/notebooks/shrimp_yolo_canonical_bg_wssv_2cls_split70_15_15/labels/train/WSSV-93-img-3.txt,True,2048,2048,3,4.194304,1.0,173.6923828125,True,,5,True,
train,/home/drnguyenvinh/notebooks/shrimp_yolo_canonical_bg_wssv_2cls_split70_15_15/images/train/WSSV-94-img-3.jpg,WSSV-94-img-3.jpg,WSSV-94-img-3,.jpg,True,/home/drnguyenvinh/notebooks/shrimp_yolo_canonical_bg_wssv_2cls_split70_15_15/labels/train/WSSV-94-img-3.txt,True,2048,2048,3,4.194304,1.0,216.62109375,True,,5,True,
train,/home/drnguyenvinh/notebooks/shrimp_yolo_canonical_bg_wssv_2cls_split70_15_15/images/train/WSSV-95-img-1.jpg,WSSV-95-img-1.jpg,WSSV-95-img-1,.jpg,True,/home/drnguyenvinh/notebooks/shrimp_yolo_canonical_bg_wssv_2cls_split70_15_15/labels/train/WSSV-95-img-1.txt,True,2048,2048,3,4.194304,1.0,266.9296875,True,,3,True,
train,/home/drnguyenvinh/notebooks/shrimp_yolo_canonical_bg_wssv_2cls_split70_15_15/images/train/WSSV-95-img-2.jpg,WSSV-95-img-2.jpg,WSSV-95-img-2,.jpg,True,/home/drnguyenvinh/notebooks/shrimp_yolo_canonical_bg_wssv_2cls_split70_15_15/labels/train/WSSV-95-img-2.txt,True,2048,2048,3,4.194304,1.0,226.3427734375,True,,5,True,
train,/home/drnguyenvinh/notebooks/shrimp_yolo_canonical_bg_wssv_2cls_split70_15_15/images/train/WSSV-95-img-3.jpg,WSSV-95-img-3.jpg,WSSV-95-img-3,.jpg,True,/home/drnguyenvinh/notebooks/shrimp_yolo_canonical_bg_wssv_2cls_split70_15_15/labels/train/WSSV-95-img-3.txt,True,2048,2048,3,4.194304,1.0,197.45703125,True,,3,True,
train,/home/drnguyenvinh/notebooks/shrimp_yolo_canonical_bg_wssv_2cls_split70_15_15/images/train/WSSV-96-img-1.jpg,WSSV-96-img-1.jpg,WSSV-96-img-1,.jpg,True,/home/drnguyenvinh/notebooks/shrimp_yolo_canonical_bg_wssv_2cls_split70_15_15/labels/train/WSSV-96-img-1.txt,True,2048,2048,3,4.194304,1.0,202.1728515625,True,,12,True,
train,/home/drnguyenvinh/notebooks/shrimp_yolo_canonical_bg_wssv_2cls_split70_15_15/images/train/WSSV-97-img-1.jpg,WSSV-97-img-1.jpg,WSSV-97-img-1,.jpg,True,/home/drnguyenvinh/notebooks/shrimp_yolo_canonical_bg_wssv_2cls_split70_15_15/labels/train/WSSV-97-img-1.txt,True,2048,2048,3,4.194304,1.0,197.5986328125,True,,4,True,
train,/home/drnguyenvinh/notebooks/shrimp_yolo_canonical_bg_wssv_2cls_split70_15_15/images/train/WSSV-97-img-3.jpg,WSSV-97-img-3.jpg,WSSV-97-img-3,.jpg,True,/home/drnguyenvinh/notebooks/shrimp_yolo_canonical_bg_wssv_2cls_split70_15_15/labels/train/WSSV-97-img-3.txt,True,2048,2048,3,4.194304,1.0,174.5751953125,True,,7,True,
train,/home/drnguyenvinh/notebooks/shrimp_yolo_canonical_bg_wssv_2cls_split70_15_15/images/train/WSSV-98-img-1.jpg,WSSV-98-img-1.jpg,WSSV-98-img-1,.jpg,True,/home/drnguyenvinh/notebooks/shrimp_yolo_canonical_bg_wssv_2cls_split70_15_15/labels/train/WSSV-98-img-1.txt,True,2048,2048,3,4.194304,1.0,204.5498046875,True,,5,True,
train,/home/drnguyenvinh/notebooks/shrimp_yolo_canonical_bg_wssv_2cls_split70_15_15/images/train/WSSV-98-img-2.jpg,WSSV-98-img-2.jpg,WSSV-98-img-2,.jpg,True,/home/drnguyenvinh/notebooks/shrimp_yolo_canonical_bg_wssv_2cls_split70_15_15/labels/train/WSSV-98-img-2.txt,True,2048,2048,3,4.194304,1.0,224.9580078125,True,,11,True,
train,/home/drnguyenvinh/notebooks/shrimp_yolo_canonical_bg_wssv_2cls_split70_15_15/images/train/WSSV-98-img-3.jpg,WSSV-98-img-3.jpg,WSSV-98-img-3,.jpg,True,/home/drnguyenvinh/notebooks/shrimp_yolo_canonical_bg_wssv_2cls_split70_15_15/labels/train/WSSV-98-img-3.txt,True,2048,2048,3,4.194304,1.0,218.7373046875,True,,10,True,
train,/home/drnguyenvinh/notebooks/shrimp_yolo_canonical_bg_wssv_2cls_split70_15_15/images/train/WSSV-99-img-1.jpg,WSSV-99-img-1.jpg,WSSV-99-img-1,.jpg,True,/home/drnguyenvinh/notebooks/shrimp_yolo_canonical_bg_wssv_2cls_split70_15_15/labels/train/WSSV-99-img-1.txt,True,2048,2048,3,4.194304,1.0,202.7978515625,True,,13,True,
train,/home/drnguyenvinh/notebooks/shrimp_yolo_canonical_bg_wssv_2cls_split70_15_15/images/train/WSSV-99-img-2.jpg,WSSV-99-img-2.jpg,WSSV-99-img-2,.jpg,True,/home/drnguyenvinh/notebooks/shrimp_yolo_canonical_bg_wssv_2cls_split70_15_15/labels/train/WSSV-99-img-2.txt,True,2048,2048,3,4.194304,1.0,194.314453125,True,,11,True,
train,/home/drnguyenvinh/notebooks/shrimp_yolo_canonical_bg_wssv_2cls_split70_15_15/images/train/WSSV-99-img-3.jpg,WSSV-99-img-3.jpg,WSSV-99-img-3,.jpg,True,/home/drnguyenvinh/notebooks/shrimp_yolo_canonical_bg_wssv_2cls_split70_15_15/labels/train/WSSV-99-img-3.txt,True,2048,2048,3,4.194304,1.0,207.8291015625,True,,8,True,
train,/home/drnguyenvinh/notebooks/shrimp_yolo_canonical_bg_wssv_2cls_split70_15_15/images/train/WSSV_BG-1-img-2.jpg,WSSV_BG-1-img-2.jpg,WSSV_BG-1-img-2,.jpg,True,/home/drnguyenvinh/notebooks/shrimp_yolo_canonical_bg_wssv_2cls_split70_15_15/labels/train/WSSV_BG-1-img-2.txt,True,2048,2048,3,4.194304,1.0,953.80078125,True,,5,True,
train,/home/drnguyenvinh/notebooks/shrimp_yolo_canonical_bg_wssv_2cls_split70_15_15/images/train/WSSV_BG-1-img-3.jpg,WSSV_BG-1-img-3.jpg,WSSV_BG-1-img-3,.jpg,True,/home/drnguyenvinh/notebooks/shrimp_yolo_canonical_bg_wssv_2cls_split70_15_15/labels/train/WSSV_BG-1-img-3.txt,True,2048,2048,3,4.194304,1.0,928.0966796875,True,,6,True,
train,/home/drnguyenvinh/notebooks/shrimp_yolo_canonical_bg_wssv_2cls_split70_15_15/images/train/WSSV_BG-10-img-1.jpg,WSSV_BG-10-img-1.jpg,WSSV_BG-10-img-1,.jpg,True,/home/drnguyenvinh/notebooks/shrimp_yolo_canonical_bg_wssv_2cls_split70_15_15/labels/train/WSSV_BG-10-img-1.txt,True,2048,2048,3,4.194304,1.0,824.1064453125,True,,12,True,
train,/home/drnguyenvinh/notebooks/shrimp_yolo_canonical_bg_wssv_2cls_split70_15_15/images/train/WSSV_BG-10-img-2.jpg,WSSV_BG-10-img-2.jpg,WSSV_BG-10-img-2,.jpg,True,/home/drnguyenvinh/notebooks/shrimp_yolo_canonical_bg_wssv_2cls_split70_15_15/labels/train/WSSV_BG-10-img-2.txt,True,2048,2048,3,4.194304,1.0,872.0849609375,True,,7,True,
train,/home/drnguyenvinh/notebooks/shrimp_yolo_canonical_bg_wssv_2cls_split70_15_15/images/train/WSSV_BG-10-img-3.jpg,WSSV_BG-10-img-3.jpg,WSSV_BG-10-img-3,.jpg,True,/home/drnguyenvinh/notebooks/shrimp_yolo_canonical_bg_wssv_2cls_split70_15_15/labels/train/WSSV_BG-10-img-3.txt,True,2048,2048,3,4.194304,1.0,758.15234375,True,,9,True,
train,/home/drnguyenvinh/notebooks/shrimp_yolo_canonical_bg_wssv_2cls_split70_15_15/images/train/WSSV_BG-11-img-2.jpg,WSSV_BG-11-img-2.jpg,WSSV_BG-11-img-2,.jpg,True,/home/drnguyenvinh/notebooks/shrimp_yolo_canonical_bg_wssv_2cls_split70_15_15/labels/train/WSSV_BG-11-img-2.txt,True,2048,2048,3,4.194304,1.0,917.0595703125,True,,7,True,
train,/home/drnguyenvinh/notebooks/shrimp_yolo_canonical_bg_wssv_2cls_split70_15_15/images/train/WSSV_BG-11-img-3.jpg,WSSV_BG-11-img-3.jpg,WSSV_BG-11-img-3,.jpg,True,/home/drnguyenvinh/notebooks/shrimp_yolo_canonical_bg_wssv_2cls_split70_15_15/labels/train/WSSV_BG-11-img-3.txt,True,2048,2048,3,4.194304,1.0,934.078125,True,,8,True,
train,/home/drnguyenvinh/notebooks/shrimp_yolo_canonical_bg_wssv_2cls_split70_15_15/images/train/WSSV_BG-12-img-1.jpg,WSSV_BG-12-img-1.jpg,WSSV_BG-12-img-1,.jpg,True,/home/drnguyenvinh/notebooks/shrimp_yolo_canonical_bg_wssv_2cls_split70_15_15/labels/train/WSSV_BG-12-img-1.txt,True,2048,2048,3,4.194304,1.0,907.6298828125,True,,5,True,
train,/home/drnguyenvinh/notebooks/shrimp_yolo_canonical_bg_wssv_2cls_split70_15_15/images/train/WSSV_BG-12-img-2.jpg,WSSV_BG-12-img-2.jpg,WSSV_BG-12-img-2,.jpg,True,/home/drnguyenvinh/notebooks/shrimp_yolo_canonical_bg_wssv_2cls_split70_15_15/labels/train/WSSV_BG-12-img-2.txt,True,2048,2048,3,4.194304,1.0,797.970703125,True,,6,True,
train,/home/drnguyenvinh/notebooks/shrimp_yolo_canonical_bg_wssv_2cls_split70_15_15/images/train/WSSV_BG-13-img-1.jpg,WSSV_BG-13-img-1.jpg,WSSV_BG-13-img-1,.jpg,True,/home/drnguyenvinh/notebooks/shrimp_yolo_canonical_bg_wssv_2cls_split70_15_15/labels/train/WSSV_BG-13-img-1.txt,True,2048,2048,3,4.194304,1.0,786.1962890625,True,,16,True,
train,/home/drnguyenvinh/notebooks/shrimp_yolo_canonical_bg_wssv_2cls_split70_15_15/images/train/WSSV_BG-13-img-2.jpg,WSSV_BG-13-img-2.jpg,WSSV_BG-13-img-2,.jpg,True,/home/drnguyenvinh/notebooks/shrimp_yolo_canonical_bg_wssv_2cls_split70_15_15/labels/train/WSSV_BG-13-img-2.txt,True,2048,2048,3,4.194304,1.0,933.6337890625,True,,8,True,
train,/home/drnguyenvinh/notebooks/shrimp_yolo_canonical_bg_wssv_2cls_split70_15_15/images/train/WSSV_BG-13-img-3.jpg,WSSV_BG-13-img-3.jpg,WSSV_BG-13-img-3,.jpg,True,/home/drnguyenvinh/notebooks/shrimp_yolo_canonical_bg_wssv_2cls_split70_15_15/labels/train/WSSV_BG-13-img-3.txt,True,2048,2048,3,4.194304,1.0,831.3935546875,True,,11,True,
train,/home/drnguyenvinh/notebooks/shrimp_yolo_canonical_bg_wssv_2cls_split70_15_15/images/train/WSSV_BG-14-img-1.jpg,WSSV_BG-14-img-1.jpg,WSSV_BG-14-img-1,.jpg,True,/home/drnguyenvinh/notebooks/shrimp_yolo_canonical_bg_wssv_2cls_split70_15_15/labels/train/WSSV_BG-14-img-1.txt,True,2048,2048,3,4.194304,1.0,490.5654296875,True,,5,True,
train,/home/drnguyenvinh/notebooks/shrimp_yolo_canonical_bg_wssv_2cls_split70_15_15/images/train/WSSV_BG-14-img-2.jpg,WSSV_BG-14-img-2.jpg,WSSV_BG-14-img-2,.jpg,True,/home/drnguyenvinh/notebooks/shrimp_yolo_canonical_bg_wssv_2cls_split70_15_15/labels/train/WSSV_BG-14-img-2.txt,True,2048,2048,3,4.194304,1.0,545.1728515625,True,,6,True,
train,/home/drnguyenvinh/notebooks/shrimp_yolo_canonical_bg_wssv_2cls_split70_15_15/images/train/WSSV_BG-14-img-3.jpg,WSSV_BG-14-img-3.jpg,WSSV_BG-14-img-3,.jpg,True,/home/drnguyenvinh/notebooks/shrimp_yolo_canonical_bg_wssv_2cls_split70_15_15/labels/train/WSSV_BG-14-img-3.txt,True,2048,2048,3,4.194304,1.0,302.0009765625,True,,8,True,
train,/home/drnguyenvinh/notebooks/shrimp_yolo_canonical_bg_wssv_2cls_split70_15_15/images/train/WSSV_BG-15-img-2.jpg,WSSV_BG-15-img-2.jpg,WSSV_BG-15-img-2,.jpg,True,/home/drnguyenvinh/notebooks/shrimp_yolo_canonical_bg_wssv_2cls_split70_15_15/labels/train/WSSV_BG-15-img-2.txt,True,2048,2048,3,4.194304,1.0,674.26953125,True,,3,True,
train,/home/drnguyenvinh/notebooks/shrimp_yolo_canonical_bg_wssv_2cls_split70_15_15/images/train/WSSV_BG-16-img-1.jpg,WSSV_BG-16-img-1.jpg,WSSV_BG-16-img-1,.jpg,True,/home/drnguyenvinh/notebooks/shrimp_yolo_canonical_bg_wssv_2cls_split70_15_15/labels/train/WSSV_BG-16-img-1.txt,True,2048,2048,3,4.194304,1.0,380.80859375,True,,9,True,
train,/home/drnguyenvinh/notebooks/shrimp_yolo_canonical_bg_wssv_2cls_split70_15_15/images/train/WSSV_BG-16-img-3.jpg,WSSV_BG-16-img-3.jpg,WSSV_BG-16-img-3,.jpg,True,/home/drnguyenvinh/notebooks/shrimp_yolo_canonical_bg_wssv_2cls_split70_15_15/labels/train/WSSV_BG-16-img-3.txt,True,2048,2048,3,4.194304,1.0,398.7109375,True,,8,True,
train,/home/drnguyenvinh/notebooks/shrimp_yolo_canonical_bg_wssv_2cls_split70_15_15/images/train/WSSV_BG-17-img-2.jpg,WSSV_BG-17-img-2.jpg,WSSV_BG-17-img-2,.jpg,True,/home/drnguyenvinh/notebooks/shrimp_yolo_canonical_bg_wssv_2cls_split70_15_15/labels/train/WSSV_BG-17-img-2.txt,True,2048,2048,3,4.194304,1.0,558.828125,True,,12,True,
train,/home/drnguyenvinh/notebooks/shrimp_yolo_canonical_bg_wssv_2cls_split70_15_15/images/train/WSSV_BG-17-img-3.jpg,WSSV_BG-17-img-3.jpg,WSSV_BG-17-img-3,.jpg,True,/home/drnguyenvinh/notebooks/shrimp_yolo_canonical_bg_wssv_2cls_split70_15_15/labels/train/WSSV_BG-17-img-3.txt,True,2048,2048,3,4.194304,1.0,656.4091796875,True,,6,True,
train,/home/drnguyenvinh/notebooks/shrimp_yolo_canonical_bg_wssv_2cls_split70_15_15/images/train/WSSV_BG-18-img-1.jpg,WSSV_BG-18-img-1.jpg,WSSV_BG-18-img-1,.jpg,True,/home/drnguyenvinh/notebooks/shrimp_yolo_canonical_bg_wssv_2cls_split70_15_15/labels/train/WSSV_BG-18-img-1.txt,True,2048,2048,3,4.194304,1.0,737.2958984375,True,,7,True,
train,/home/drnguyenvinh/notebooks/shrimp_yolo_canonical_bg_wssv_2cls_split70_15_15/images/train/WSSV_BG-18-img-2.jpg,WSSV_BG-18-img-2.jpg,WSSV_BG-18-img-2,.jpg,True,/home/drnguyenvinh/notebooks/shrimp_yolo_canonical_bg_wssv_2cls_split70_15_15/labels/train/WSSV_BG-18-img-2.txt,True,2048,2048,3,4.194304,1.0,849.720703125,True,,7,True,
train,/home/drnguyenvinh/notebooks/shrimp_yolo_canonical_bg_wssv_2cls_split70_15_15/images/train/WSSV_BG-18-img-3.jpg,WSSV_BG-18-img-3.jpg,WSSV_BG-18-img-3,.jpg,True,/home/drnguyenvinh/notebooks/shrimp_yolo_canonical_bg_wssv_2cls_split70_15_15/labels/train/WSSV_BG-18-img-3.txt,True,2048,2048,3,4.194304,1.0,925.0634765625,True,,6,True,
train,/home/drnguyenvinh/notebooks/shrimp_yolo_canonical_bg_wssv_2cls_split70_15_15/images/train/WSSV_BG-19-img-1.jpg,WSSV_BG-19-img-1.jpg,WSSV_BG-19-img-1,.jpg,True,/home/drnguyenvinh/notebooks/shrimp_yolo_canonical_bg_wssv_2cls_split70_15_15/labels/train/WSSV_BG-19-img-1.txt,True,2048,2048,3,4.194304,1.0,858.6455078125,True,,8,True,
train,/home/drnguyenvinh/notebooks/shrimp_yolo_canonical_bg_wssv_2cls_split70_15_15/images/train/WSSV_BG-19-img-2.jpg,WSSV_BG-19-img-2.jpg,WSSV_BG-19-img-2,.jpg,True,/home/drnguyenvinh/notebooks/shrimp_yolo_canonical_bg_wssv_2cls_split70_15_15/labels/train/WSSV_BG-19-img-2.txt,True,2048,2048,3,4.194304,1.0,855.5615234375,True,,6,True,
train,/home/drnguyenvinh/notebooks/shrimp_yolo_canonical_bg_wssv_2cls_split70_15_15/images/train/WSSV_BG-19-img-3.jpg,WSSV_BG-19-img-3.jpg,WSSV_BG-19-img-3,.jpg,True,/home/drnguyenvinh/notebooks/shrimp_yolo_canonical_bg_wssv_2cls_split70_15_15/labels/train/WSSV_BG-19-img-3.txt,True,2048,2048,3,4.194304,1.0,1017.7744140625,True,,4,True,
train,/home/drnguyenvinh/notebooks/shrimp_yolo_canonical_bg_wssv_2cls_split70_15_15/images/train/WSSV_BG-2-img-2.jpg,WSSV_BG-2-img-2.jpg,WSSV_BG-2-img-2,.jpg,True,/home/drnguyenvinh/notebooks/shrimp_yolo_canonical_bg_wssv_2cls_split70_15_15/labels/train/WSSV_BG-2-img-2.txt,True,2048,2048,3,4.194304,1.0,913.9267578125,True,,8,True,
train,/home/drnguyenvinh/notebooks/shrimp_yolo_canonical_bg_wssv_2cls_split70_15_15/images/train/WSSV_BG-2-img-3.jpg,WSSV_BG-2-img-3.jpg,WSSV_BG-2-img-3,.jpg,True,/home/drnguyenvinh/notebooks/shrimp_yolo_canonical_bg_wssv_2cls_split70_15_15/labels/train/WSSV_BG-2-img-3.txt,True,2048,2048,3,4.194304,1.0,901.0126953125,True,,6,True,
train,/home/drnguyenvinh/notebooks/shrimp_yolo_canonical_bg_wssv_2cls_split70_15_15/images/train/WSSV_BG-20-img-1.jpg,WSSV_BG-20-img-1.jpg,WSSV_BG-20-img-1,.jpg,True,/home/drnguyenvinh/notebooks/shrimp_yolo_canonical_bg_wssv_2cls_split70_15_15/labels/train/WSSV_BG-20-img-1.txt,True,2048,2048,3,4.194304,1.0,167.7822265625,True,,4,True,
train,/home/drnguyenvinh/notebooks/shrimp_yolo_canonical_bg_wssv_2cls_split70_15_15/images/train/WSSV_BG-20-img-2.jpg,WSSV_BG-20-img-2.jpg,WSSV_BG-20-img-2,.jpg,True,/home/drnguyenvinh/notebooks/shrimp_yolo_canonical_bg_wssv_2cls_split70_15_15/labels/train/WSSV_BG-20-img-2.txt,True,2048,2048,3,4.194304,1.0,179.833984375,True,,7,True,
train,/home/drnguyenvinh/notebooks/shrimp_yolo_canonical_bg_wssv_2cls_split70_15_15/images/train/WSSV_BG-21-img-1.jpg,WSSV_BG-21-img-1.jpg,WSSV_BG-21-img-1,.jpg,True,/home/drnguyenvinh/notebooks/shrimp_yolo_canonical_bg_wssv_2cls_split70_15_15/labels/train/WSSV_BG-21-img-1.txt,True,2048,2048,3,4.194304,1.0,183.7060546875,True,,10,True,
train,/home/drnguyenvinh/notebooks/shrimp_yolo_canonical_bg_wssv_2cls_split70_15_15/images/train/WSSV_BG-21-img-2.jpg,WSSV_BG-21-img-2.jpg,WSSV_BG-21-img-2,.jpg,True,/home/drnguyenvinh/notebooks/shrimp_yolo_canonical_bg_wssv_2cls_split70_15_15/labels/train/WSSV_BG-21-img-2.txt,True,2048,2048,3,4.194304,1.0,179.0927734375,True,,9,True,
train,/home/drnguyenvinh/notebooks/shrimp_yolo_canonical_bg_wssv_2cls_split70_15_15/images/train/WSSV_BG-22-img-1.jpg,WSSV_BG-22-img-1.jpg,WSSV_BG-22-img-1,.jpg,True,/home/drnguyenvinh/notebooks/shrimp_yolo_canonical_bg_wssv_2cls_split70_15_15/labels/train/WSSV_BG-22-img-1.txt,True,2048,2048,3,4.194304,1.0,173.82421875,True,,13,True,
train,/home/drnguyenvinh/notebooks/shrimp_yolo_canonical_bg_wssv_2cls_split70_15_15/images/train/WSSV_BG-22-img-2.jpg,WSSV_BG-22-img-2.jpg,WSSV_BG-22-img-2,.jpg,True,/home/drnguyenvinh/notebooks/shrimp_yolo_canonical_bg_wssv_2cls_split70_15_15/labels/train/WSSV_BG-22-img-2.txt,True,2048,2048,3,4.194304,1.0,160.7744140625,True,,8,True,
train,/home/drnguyenvinh/notebooks/shrimp_yolo_canonical_bg_wssv_2cls_split70_15_15/images/train/WSSV_BG-22-img-3.jpg,WSSV_BG-22-img-3.jpg,WSSV_BG-22-img-3,.jpg,True,/home/drnguyenvinh/notebooks/shrimp_yolo_canonical_bg_wssv_2cls_split70_15_15/labels/train/WSSV_BG-22-img-3.txt,True,2048,2048,3,4.194304,1.0,171.109375,True,,10,True,
train,/home/drnguyenvinh/notebooks/shrimp_yolo_canonical_bg_wssv_2cls_split70_15_15/images/train/WSSV_BG-24-img-2.jpg,WSSV_BG-24-img-2.jpg,WSSV_BG-24-img-2,.jpg,True,/home/drnguyenvinh/notebooks/shrimp_yolo_canonical_bg_wssv_2cls_split70_15_15/labels/train/WSSV_BG-24-img-2.txt,True,2048,2048,3,4.194304,1.0,146.9521484375,True,,9,True,
train,/home/drnguyenvinh/notebooks/shrimp_yolo_canonical_bg_wssv_2cls_split70_15_15/images/train/WSSV_BG-24-img-3.jpg,WSSV_BG-24-img-3.jpg,WSSV_BG-24-img-3,.jpg,True,/home/drnguyenvinh/notebooks/shrimp_yolo_canonical_bg_wssv_2cls_split70_15_15/labels/train/WSSV_BG-24-img-3.txt,True,2048,2048,3,4.194304,1.0,146.765625,True,,12,True,
train,/home/drnguyenvinh/notebooks/shrimp_yolo_canonical_bg_wssv_2cls_split70_15_15/images/train/WSSV_BG-25-img-1.jpg,WSSV_BG-25-img-1.jpg,WSSV_BG-25-img-1,.jpg,True,/home/drnguyenvinh/notebooks/shrimp_yolo_canonical_bg_wssv_2cls_split70_15_15/labels/train/WSSV_BG-25-img-1.txt,True,2048,2048,3,4.194304,1.0,163.1904296875,True,,4,True,
train,/home/drnguyenvinh/notebooks/shrimp_yolo_canonical_bg_wssv_2cls_split70_15_15/images/train/WSSV_BG-25-img-2.jpg,WSSV_BG-25-img-2.jpg,WSSV_BG-25-img-2,.jpg,True,/home/drnguyenvinh/notebooks/shrimp_yolo_canonical_bg_wssv_2cls_split70_15_15/labels/train/WSSV_BG-25-img-2.txt,True,2048,2048,3,4.194304,1.0,179.291015625,True,,4,True,
train,/home/drnguyenvinh/notebooks/shrimp_yolo_canonical_bg_wssv_2cls_split70_15_15/images/train/WSSV_BG-26-img-2.jpg,WSSV_BG-26-img-2.jpg,WSSV_BG-26-img-2,.jpg,True,/home/drnguyenvinh/notebooks/shrimp_yolo_canonical_bg_wssv_2cls_split70_15_15/labels/train/WSSV_BG-26-img-2.txt,True,2048,2048,3,4.194304,1.0,160.5390625,True,,14,True,
train,/home/drnguyenvinh/notebooks/shrimp_yolo_canonical_bg_wssv_2cls_split70_15_15/images/train/WSSV_BG-26-img-3.jpg,WSSV_BG-26-img-3.jpg,WSSV_BG-26-img-3,.jpg,True,/home/drnguyenvinh/notebooks/shrimp_yolo_canonical_bg_wssv_2cls_split70_15_15/labels/train/WSSV_BG-26-img-3.txt,True,2048,2048,3,4.194304,1.0,139.2939453125,True,,10,True,
train,/home/drnguyenvinh/notebooks/shrimp_yolo_canonical_bg_wssv_2cls_split70_15_15/images/train/WSSV_BG-28-img-1.jpg,WSSV_BG-28-img-1.jpg,WSSV_BG-28-img-1,.jpg,True,/home/drnguyenvinh/notebooks/shrimp_yolo_canonical_bg_wssv_2cls_split70_15_15/labels/train/WSSV_BG-28-img-1.txt,True,2048,2048,3,4.194304,1.0,132.302734375,True,,12,True,
train,/home/drnguyenvinh/notebooks/shrimp_yolo_canonical_bg_wssv_2cls_split70_15_15/images/train/WSSV_BG-28-img-2.jpg,WSSV_BG-28-img-2.jpg,WSSV_BG-28-img-2,.jpg,True,/home/drnguyenvinh/notebooks/shrimp_yolo_canonical_bg_wssv_2cls_split70_15_15/labels/train/WSSV_BG-28-img-2.txt,True,2048,2048,3,4.194304,1.0,148.2548828125,True,,11,True,
train,/home/drnguyenvinh/notebooks/shrimp_yolo_canonical_bg_wssv_2cls_split70_15_15/images/train/WSSV_BG-29-img-1.jpg,WSSV_BG-29-img-1.jpg,WSSV_BG-29-img-1,.jpg,True,/home/drnguyenvinh/notebooks/shrimp_yolo_canonical_bg_wssv_2cls_split70_15_15/labels/train/WSSV_BG-29-img-1.txt,True,2048,2048,3,4.194304,1.0,155.8955078125,True,,15,True,
train,/home/drnguyenvinh/notebooks/shrimp_yolo_canonical_bg_wssv_2cls_split70_15_15/images/train/WSSV_BG-29-img-2.jpg,WSSV_BG-29-img-2.jpg,WSSV_BG-29-img-2,.jpg,True,/home/drnguyenvinh/notebooks/shrimp_yolo_canonical_bg_wssv_2cls_split70_15_15/labels/train/WSSV_BG-29-img-2.txt,True,2048,2048,3,4.194304,1.0,147.3935546875,True,,12,True,
train,/home/drnguyenvinh/notebooks/shrimp_yolo_canonical_bg_wssv_2cls_split70_15_15/images/train/WSSV_BG-3-img-1.jpg,WSSV_BG-3-img-1.jpg,WSSV_BG-3-img-1,.jpg,True,/home/drnguyenvinh/notebooks/shrimp_yolo_canonical_bg_wssv_2cls_split70_15_15/labels/train/WSSV_BG-3-img-1.txt,True,2048,2048,3,4.194304,1.0,985.298828125,True,,2,True,
train,/home/drnguyenvinh/notebooks/shrimp_yolo_canonical_bg_wssv_2cls_split70_15_15/images/train/WSSV_BG-3-img-3.jpg,WSSV_BG-3-img-3.jpg,WSSV_BG-3-img-3,.jpg,True,/home/drnguyenvinh/notebooks/shrimp_yolo_canonical_bg_wssv_2cls_split70_15_15/labels/train/WSSV_BG-3-img-3.txt,True,2048,2048,3,4.194304,1.0,842.8349609375,True,,3,True,
train,/home/drnguyenvinh/notebooks/shrimp_yolo_canonical_bg_wssv_2cls_split70_15_15/images/train/WSSV_BG-30-img-1.jpg,WSSV_BG-30-img-1.jpg,WSSV_BG-30-img-1,.jpg,True,/home/drnguyenvinh/notebooks/shrimp_yolo_canonical_bg_wssv_2cls_split70_15_15/labels/train/WSSV_BG-30-img-1.txt,True,2048,2048,3,4.194304,1.0,179.9248046875,True,,2,True,
train,/home/drnguyenvinh/notebooks/shrimp_yolo_canonical_bg_wssv_2cls_split70_15_15/images/train/WSSV_BG-30-img-2.jpg,WSSV_BG-30-img-2.jpg,WSSV_BG-30-img-2,.jpg,True,/home/drnguyenvinh/notebooks/shrimp_yolo_canonical_bg_wssv_2cls_split70_15_15/labels/train/WSSV_BG-30-img-2.txt,True,2048,2048,3,4.194304,1.0,211.42578125,True,,9,True,
train,/home/drnguyenvinh/notebooks/shrimp_yolo_canonical_bg_wssv_2cls_split70_15_15/images/train/WSSV_BG-31-img-1.jpg,WSSV_BG-31-img-1.jpg,WSSV_BG-31-img-1,.jpg,True,/home/drnguyenvinh/notebooks/shrimp_yolo_canonical_bg_wssv_2cls_split70_15_15/labels/train/WSSV_BG-31-img-1.txt,True,2048,2048,3,4.194304,1.0,209.6982421875,True,,8,True,
train,/home/drnguyenvinh/notebooks/shrimp_yolo_canonical_bg_wssv_2cls_split70_15_15/images/train/WSSV_BG-31-img-2.jpg,WSSV_BG-31-img-2.jpg,WSSV_BG-31-img-2,.jpg,True,/home/drnguyenvinh/notebooks/shrimp_yolo_canonical_bg_wssv_2cls_split70_15_15/labels/train/WSSV_BG-31-img-2.txt,True,2048,2048,3,4.194304,1.0,189.88671875,True,,5,True,
train,/home/drnguyenvinh/notebooks/shrimp_yolo_canonical_bg_wssv_2cls_split70_15_15/images/train/WSSV_BG-31-img-3.jpg,WSSV_BG-31-img-3.jpg,WSSV_BG-31-img-3,.jpg,True,/home/drnguyenvinh/notebooks/shrimp_yolo_canonical_bg_wssv_2cls_split70_15_15/labels/train/WSSV_BG-31-img-3.txt,True,2048,2048,3,4.194304,1.0,212.3544921875,True,,5,True,
train,/home/drnguyenvinh/notebooks/shrimp_yolo_canonical_bg_wssv_2cls_split70_15_15/images/train/WSSV_BG-32-img-1.jpg,WSSV_BG-32-img-1.jpg,WSSV_BG-32-img-1,.jpg,True,/home/drnguyenvinh/notebooks/shrimp_yolo_canonical_bg_wssv_2cls_split70_15_15/labels/train/WSSV_BG-32-img-1.txt,True,2048,2048,3,4.194304,1.0,215.6083984375,True,,14,True,
train,/home/drnguyenvinh/notebooks/shrimp_yolo_canonical_bg_wssv_2cls_split70_15_15/images/train/WSSV_BG-32-img-2.jpg,WSSV_BG-32-img-2.jpg,WSSV_BG-32-img-2,.jpg,True,/home/drnguyenvinh/notebooks/shrimp_yolo_canonical_bg_wssv_2cls_split70_15_15/labels/train/WSSV_BG-32-img-2.txt,True,2048,2048,3,4.194304,1.0,228.2841796875,True,,12,True,
train,/home/drnguyenvinh/notebooks/shrimp_yolo_canonical_bg_wssv_2cls_split70_15_15/images/train/WSSV_BG-32-img-3.jpg,WSSV_BG-32-img-3.jpg,WSSV_BG-32-img-3,.jpg,True,/home/drnguyenvinh/notebooks/shrimp_yolo_canonical_bg_wssv_2cls_split70_15_15/labels/train/WSSV_BG-32-img-3.txt,True,2048,2048,3,4.194304,1.0,200.8828125,True,,8,True,
train,/home/drnguyenvinh/notebooks/shrimp_yolo_canonical_bg_wssv_2cls_split70_15_15/images/train/WSSV_BG-33-img-3.jpg,WSSV_BG-33-img-3.jpg,WSSV_BG-33-img-3,.jpg,True,/home/drnguyenvinh/notebooks/shrimp_yolo_canonical_bg_wssv_2cls_split70_15_15/labels/train/WSSV_BG-33-img-3.txt,True,2048,2048,3,4.194304,1.0,225.9013671875,True,,14,True,
train,/home/drnguyenvinh/notebooks/shrimp_yolo_canonical_bg_wssv_2cls_split70_15_15/images/train/WSSV_BG-35-img-1.jpg,WSSV_BG-35-img-1.jpg,WSSV_BG-35-img-1,.jpg,True,/home/drnguyenvinh/notebooks/shrimp_yolo_canonical_bg_wssv_2cls_split70_15_15/labels/train/WSSV_BG-35-img-1.txt,True,2048,2048,3,4.194304,1.0,214.4931640625,True,,3,True,
train,/home/drnguyenvinh/notebooks/shrimp_yolo_canonical_bg_wssv_2cls_split70_15_15/images/train/WSSV_BG-36-img-1.jpg,WSSV_BG-36-img-1.jpg,WSSV_BG-36-img-1,.jpg,True,/home/drnguyenvinh/notebooks/shrimp_yolo_canonical_bg_wssv_2cls_split70_15_15/labels/train/WSSV_BG-36-img-1.txt,True,2048,2048,3,4.194304,1.0,209.568359375,True,,6,True,
train,/home/drnguyenvinh/notebooks/shrimp_yolo_canonical_bg_wssv_2cls_split70_15_15/images/train/WSSV_BG-36-img-2.jpg,WSSV_BG-36-img-2.jpg,WSSV_BG-36-img-2,.jpg,True,/home/drnguyenvinh/notebooks/shrimp_yolo_canonical_bg_wssv_2cls_split70_15_15/labels/train/WSSV_BG-36-img-2.txt,True,2048,2048,3,4.194304,1.0,189.767578125,True,,7,True,
train,/home/drnguyenvinh/notebooks/shrimp_yolo_canonical_bg_wssv_2cls_split70_15_15/images/train/WSSV_BG-37-img-2.jpg,WSSV_BG-37-img-2.jpg,WSSV_BG-37-img-2,.jpg,True,/home/drnguyenvinh/notebooks/shrimp_yolo_canonical_bg_wssv_2cls_split70_15_15/labels/train/WSSV_BG-37-img-2.txt,True,2048,2048,3,4.194304,1.0,230.3603515625,True,,7,True,
train,/home/drnguyenvinh/notebooks/shrimp_yolo_canonical_bg_wssv_2cls_split70_15_15/images/train/WSSV_BG-38-img-1.jpg,WSSV_BG-38-img-1.jpg,WSSV_BG-38-img-1,.jpg,True,/home/drnguyenvinh/notebooks/shrimp_yolo_canonical_bg_wssv_2cls_split70_15_15/labels/train/WSSV_BG-38-img-1.txt,True,2048,2048,3,4.194304,1.0,159.4658203125,True,,5,True,
train,/home/drnguyenvinh/notebooks/shrimp_yolo_canonical_bg_wssv_2cls_split70_15_15/images/train/WSSV_BG-38-img-2.jpg,WSSV_BG-38-img-2.jpg,WSSV_BG-38-img-2,.jpg,True,/home/drnguyenvinh/notebooks/shrimp_yolo_canonical_bg_wssv_2cls_split70_15_15/labels/train/WSSV_BG-38-img-2.txt,True,2048,2048,3,4.194304,1.0,161.5390625,True,,13,True,
train,/home/drnguyenvinh/notebooks/shrimp_yolo_canonical_bg_wssv_2cls_split70_15_15/images/train/WSSV_BG-38-img-3.jpg,WSSV_BG-38-img-3.jpg,WSSV_BG-38-img-3,.jpg,True,/home/drnguyenvinh/notebooks/shrimp_yolo_canonical_bg_wssv_2cls_split70_15_15/labels/train/WSSV_BG-38-img-3.txt,True,2048,2048,3,4.194304,1.0,256.1259765625,True,,10,True,
train,/home/drnguyenvinh/notebooks/shrimp_yolo_canonical_bg_wssv_2cls_split70_15_15/images/train/WSSV_BG-39-img-1.jpg,WSSV_BG-39-img-1.jpg,WSSV_BG-39-img-1,.jpg,True,/home/drnguyenvinh/notebooks/shrimp_yolo_canonical_bg_wssv_2cls_split70_15_15/labels/train/WSSV_BG-39-img-1.txt,True,2048,2048,3,4.194304,1.0,195.732421875,True,,8,True,
train,/home/drnguyenvinh/notebooks/shrimp_yolo_canonical_bg_wssv_2cls_split70_15_15/images/train/WSSV_BG-39-img-2.jpg,WSSV_BG-39-img-2.jpg,WSSV_BG-39-img-2,.jpg,True,/home/drnguyenvinh/notebooks/shrimp_yolo_canonical_bg_wssv_2cls_split70_15_15/labels/train/WSSV_BG-39-img-2.txt,True,2048,2048,3,4.194304,1.0,215.74609375,True,,8,True,
train,/home/drnguyenvinh/notebooks/shrimp_yolo_canonical_bg_wssv_2cls_split70_15_15/images/train/WSSV_BG-4-img-1.jpg,WSSV_BG-4-img-1.jpg,WSSV_BG-4-img-1,.jpg,True,/home/drnguyenvinh/notebooks/shrimp_yolo_canonical_bg_wssv_2cls_split70_15_15/labels/train/WSSV_BG-4-img-1.txt,True,2048,2048,3,4.194304,1.0,761.8662109375,True,,9,True,
train,/home/drnguyenvinh/notebooks/shrimp_yolo_canonical_bg_wssv_2cls_split70_15_15/images/train/WSSV_BG-4-img-2.jpg,WSSV_BG-4-img-2.jpg,WSSV_BG-4-img-2,.jpg,True,/home/drnguyenvinh/notebooks/shrimp_yolo_canonical_bg_wssv_2cls_split70_15_15/labels/train/WSSV_BG-4-img-2.txt,True,2048,2048,3,4.194304,1.0,848.7978515625,True,,9,True,
train,/home/drnguyenvinh/notebooks/shrimp_yolo_canonical_bg_wssv_2cls_split70_15_15/images/train/WSSV_BG-4-img-3.jpg,WSSV_BG-4-img-3.jpg,WSSV_BG-4-img-3,.jpg,True,/home/drnguyenvinh/notebooks/shrimp_yolo_canonical_bg_wssv_2cls_split70_15_15/labels/train/WSSV_BG-4-img-3.txt,True,2048,2048,3,4.194304,1.0,868.27734375,True,,12,True,
train,/home/drnguyenvinh/notebooks/shrimp_yolo_canonical_bg_wssv_2cls_split70_15_15/images/train/WSSV_BG-40-img-1.jpg,WSSV_BG-40-img-1.jpg,WSSV_BG-40-img-1,.jpg,True,/home/drnguyenvinh/notebooks/shrimp_yolo_canonical_bg_wssv_2cls_split70_15_15/labels/train/WSSV_BG-40-img-1.txt,True,2048,2048,3,4.194304,1.0,166.4990234375,True,,3,True,
train,/home/drnguyenvinh/notebooks/shrimp_yolo_canonical_bg_wssv_2cls_split70_15_15/images/train/WSSV_BG-40-img-2.jpg,WSSV_BG-40-img-2.jpg,WSSV_BG-40-img-2,.jpg,True,/home/drnguyenvinh/notebooks/shrimp_yolo_canonical_bg_wssv_2cls_split70_15_15/labels/train/WSSV_BG-40-img-2.txt,True,2048,2048,3,4.194304,1.0,182.734375,True,,7,True,
train,/home/drnguyenvinh/notebooks/shrimp_yolo_canonical_bg_wssv_2cls_split70_15_15/images/train/WSSV_BG-40-img-3.jpg,WSSV_BG-40-img-3.jpg,WSSV_BG-40-img-3,.jpg,True,/home/drnguyenvinh/notebooks/shrimp_yolo_canonical_bg_wssv_2cls_split70_15_15/labels/train/WSSV_BG-40-img-3.txt,True,2048,2048,3,4.194304,1.0,173.779296875,True,,8,True,
train,/home/drnguyenvinh/notebooks/shrimp_yolo_canonical_bg_wssv_2cls_split70_15_15/images/train/WSSV_BG-41-img-3.jpg,WSSV_BG-41-img-3.jpg,WSSV_BG-41-img-3,.jpg,True,/home/drnguyenvinh/notebooks/shrimp_yolo_canonical_bg_wssv_2cls_split70_15_15/labels/train/WSSV_BG-41-img-3.txt,True,2048,2048,3,4.194304,1.0,233.5361328125,True,,2,True,
train,/home/drnguyenvinh/notebooks/shrimp_yolo_canonical_bg_wssv_2cls_split70_15_15/images/train/WSSV_BG-42-img-1.jpg,WSSV_BG-42-img-1.jpg,WSSV_BG-42-img-1,.jpg,True,/home/drnguyenvinh/notebooks/shrimp_yolo_canonical_bg_wssv_2cls_split70_15_15/labels/train/WSSV_BG-42-img-1.txt,True,2048,2048,3,4.194304,1.0,170.7626953125,True,,2,True,
train,/home/drnguyenvinh/notebooks/shrimp_yolo_canonical_bg_wssv_2cls_split70_15_15/images/train/WSSV_BG-42-img-2.jpg,WSSV_BG-42-img-2.jpg,WSSV_BG-42-img-2,.jpg,True,/home/drnguyenvinh/notebooks/shrimp_yolo_canonical_bg_wssv_2cls_split70_15_15/labels/train/WSSV_BG-42-img-2.txt,True,2048,2048,3,4.194304,1.0,214.3046875,True,,9,True,
train,/home/drnguyenvinh/notebooks/shrimp_yolo_canonical_bg_wssv_2cls_split70_15_15/images/train/WSSV_BG-42-img-3.jpg,WSSV_BG-42-img-3.jpg,WSSV_BG-42-img-3,.jpg,True,/home/drnguyenvinh/notebooks/shrimp_yolo_canonical_bg_wssv_2cls_split70_15_15/labels/train/WSSV_BG-42-img-3.txt,True,2048,2048,3,4.194304,1.0,192.5849609375,True,,7,True,
train,/home/drnguyenvinh/notebooks/shrimp_yolo_canonical_bg_wssv_2cls_split70_15_15/images/train/WSSV_BG-44-img-1.jpg,WSSV_BG-44-img-1.jpg,WSSV_BG-44-img-1,.jpg,True,/home/drnguyenvinh/notebooks/shrimp_yolo_canonical_bg_wssv_2cls_split70_15_15/labels/train/WSSV_BG-44-img-1.txt,True,2048,2048,3,4.194304,1.0,181.9111328125,True,,4,True,
train,/home/drnguyenvinh/notebooks/shrimp_yolo_canonical_bg_wssv_2cls_split70_15_15/images/train/WSSV_BG-45-img-2.jpg,WSSV_BG-45-img-2.jpg,WSSV_BG-45-img-2,.jpg,True,/home/drnguyenvinh/notebooks/shrimp_yolo_canonical_bg_wssv_2cls_split70_15_15/labels/train/WSSV_BG-45-img-2.txt,True,2048,2048,3,4.194304,1.0,196.6728515625,True,,5,True,
train,/home/drnguyenvinh/notebooks/shrimp_yolo_canonical_bg_wssv_2cls_split70_15_15/images/train/WSSV_BG-46-img-1.jpg,WSSV_BG-46-img-1.jpg,WSSV_BG-46-img-1,.jpg,True,/home/drnguyenvinh/notebooks/shrimp_yolo_canonical_bg_wssv_2cls_split70_15_15/labels/train/WSSV_BG-46-img-1.txt,True,2048,2048,3,4.194304,1.0,234.515625,True,,8,True,
train,/home/drnguyenvinh/notebooks/shrimp_yolo_canonical_bg_wssv_2cls_split70_15_15/images/train/WSSV_BG-46-img-3.jpg,WSSV_BG-46-img-3.jpg,WSSV_BG-46-img-3,.jpg,True,/home/drnguyenvinh/notebooks/shrimp_yolo_canonical_bg_wssv_2cls_split70_15_15/labels/train/WSSV_BG-46-img-3.txt,True,2048,2048,3,4.194304,1.0,184.24609375,True,,6,True,
train,/home/drnguyenvinh/notebooks/shrimp_yolo_canonical_bg_wssv_2cls_split70_15_15/images/train/WSSV_BG-47-img-1.jpg,WSSV_BG-47-img-1.jpg,WSSV_BG-47-img-1,.jpg,True,/home/drnguyenvinh/notebooks/shrimp_yolo_canonical_bg_wssv_2cls_split70_15_15/labels/train/WSSV_BG-47-img-1.txt,True,2048,2048,3,4.194304,1.0,201.328125,True,,11,True,
train,/home/drnguyenvinh/notebooks/shrimp_yolo_canonical_bg_wssv_2cls_split70_15_15/images/train/WSSV_BG-47-img-3.jpg,WSSV_BG-47-img-3.jpg,WSSV_BG-47-img-3,.jpg,True,/home/drnguyenvinh/notebooks/shrimp_yolo_canonical_bg_wssv_2cls_split70_15_15/labels/train/WSSV_BG-47-img-3.txt,True,2048,2048,3,4.194304,1.0,198.05859375,True,,10,True,
train,/home/drnguyenvinh/notebooks/shrimp_yolo_canonical_bg_wssv_2cls_split70_15_15/images/train/WSSV_BG-48-img-1.jpg,WSSV_BG-48-img-1.jpg,WSSV_BG-48-img-1,.jpg,True,/home/drnguyenvinh/notebooks/shrimp_yolo_canonical_bg_wssv_2cls_split70_15_15/labels/train/WSSV_BG-48-img-1.txt,True,2048,2048,3,4.194304,1.0,198.71875,True,,9,True,
train,/home/drnguyenvinh/notebooks/shrimp_yolo_canonical_bg_wssv_2cls_split70_15_15/images/train/WSSV_BG-48-img-3.jpg,WSSV_BG-48-img-3.jpg,WSSV_BG-48-img-3,.jpg,True,/home/drnguyenvinh/notebooks/shrimp_yolo_canonical_bg_wssv_2cls_split70_15_15/labels/train/WSSV_BG-48-img-3.txt,True,2048,2048,3,4.194304,1.0,250.5478515625,True,,11,True,
train,/home/drnguyenvinh/notebooks/shrimp_yolo_canonical_bg_wssv_2cls_split70_15_15/images/train/WSSV_BG-49-img-1.jpg,WSSV_BG-49-img-1.jpg,WSSV_BG-49-img-1,.jpg,True,/home/drnguyenvinh/notebooks/shrimp_yolo_canonical_bg_wssv_2cls_split70_15_15/labels/train/WSSV_BG-49-img-1.txt,True,2048,2048,3,4.194304,1.0,225.9580078125,True,,11,True,
train,/home/drnguyenvinh/notebooks/shrimp_yolo_canonical_bg_wssv_2cls_split70_15_15/images/train/WSSV_BG-49-img-3.jpg,WSSV_BG-49-img-3.jpg,WSSV_BG-49-img-3,.jpg,True,/home/drnguyenvinh/notebooks/shrimp_yolo_canonical_bg_wssv_2cls_split70_15_15/labels/train/WSSV_BG-49-img-3.txt,True,2048,2048,3,4.194304,1.0,185.3017578125,True,,6,True,
train,/home/drnguyenvinh/notebooks/shrimp_yolo_canonical_bg_wssv_2cls_split70_15_15/images/train/WSSV_BG-5-img-2.jpg,WSSV_BG-5-img-2.jpg,WSSV_BG-5-img-2,.jpg,True,/home/drnguyenvinh/notebooks/shrimp_yolo_canonical_bg_wssv_2cls_split70_15_15/labels/train/WSSV_BG-5-img-2.txt,True,2048,2048,3,4.194304,1.0,701.49609375,True,,17,True,
train,/home/drnguyenvinh/notebooks/shrimp_yolo_canonical_bg_wssv_2cls_split70_15_15/images/train/WSSV_BG-5-img-3.jpg,WSSV_BG-5-img-3.jpg,WSSV_BG-5-img-3,.jpg,True,/home/drnguyenvinh/notebooks/shrimp_yolo_canonical_bg_wssv_2cls_split70_15_15/labels/train/WSSV_BG-5-img-3.txt,True,2048,2048,3,4.194304,1.0,734.3203125,True,,14,True,
train,/home/drnguyenvinh/notebooks/shrimp_yolo_canonical_bg_wssv_2cls_split70_15_15/images/train/WSSV_BG-50-img-1.jpg,WSSV_BG-50-img-1.jpg,WSSV_BG-50-img-1,.jpg,True,/home/drnguyenvinh/notebooks/shrimp_yolo_canonical_bg_wssv_2cls_split70_15_15/labels/train/WSSV_BG-50-img-1.txt,True,2048,2048,3,4.194304,1.0,236.330078125,True,,11,True,
train,/home/drnguyenvinh/notebooks/shrimp_yolo_canonical_bg_wssv_2cls_split70_15_15/images/train/WSSV_BG-50-img-2.jpg,WSSV_BG-50-img-2.jpg,WSSV_BG-50-img-2,.jpg,True,/home/drnguyenvinh/notebooks/shrimp_yolo_canonical_bg_wssv_2cls_split70_15_15/labels/train/WSSV_BG-50-img-2.txt,True,2048,2048,3,4.194304,1.0,251.4267578125,True,,8,True,
train,/home/drnguyenvinh/notebooks/shrimp_yolo_canonical_bg_wssv_2cls_split70_15_15/images/train/WSSV_BG-50-img-3.jpg,WSSV_BG-50-img-3.jpg,WSSV_BG-50-img-3,.jpg,True,/home/drnguyenvinh/notebooks/shrimp_yolo_canonical_bg_wssv_2cls_split70_15_15/labels/train/WSSV_BG-50-img-3.txt,True,2048,2048,3,4.194304,1.0,199.0146484375,True,,16,True,
train,/home/drnguyenvinh/notebooks/shrimp_yolo_canonical_bg_wssv_2cls_split70_15_15/images/train/WSSV_BG-51-img-1.jpg,WSSV_BG-51-img-1.jpg,WSSV_BG-51-img-1,.jpg,True,/home/drnguyenvinh/notebooks/shrimp_yolo_canonical_bg_wssv_2cls_split70_15_15/labels/train/WSSV_BG-51-img-1.txt,True,2048,2048,3,4.194304,1.0,226.6162109375,True,,21,True,
train,/home/drnguyenvinh/notebooks/shrimp_yolo_canonical_bg_wssv_2cls_split70_15_15/images/train/WSSV_BG-51-img-2.jpg,WSSV_BG-51-img-2.jpg,WSSV_BG-51-img-2,.jpg,True,/home/drnguyenvinh/notebooks/shrimp_yolo_canonical_bg_wssv_2cls_split70_15_15/labels/train/WSSV_BG-51-img-2.txt,True,2048,2048,3,4.194304,1.0,237.208984375,True,,8,True,
train,/home/drnguyenvinh/notebooks/shrimp_yolo_canonical_bg_wssv_2cls_split70_15_15/images/train/WSSV_BG-52-img-3.jpg,WSSV_BG-52-img-3.jpg,WSSV_BG-52-img-3,.jpg,True,/home/drnguyenvinh/notebooks/shrimp_yolo_canonical_bg_wssv_2cls_split70_15_15/labels/train/WSSV_BG-52-img-3.txt,True,2048,2048,3,4.194304,1.0,215.5048828125,True,,17,True,
train,/home/drnguyenvinh/notebooks/shrimp_yolo_canonical_bg_wssv_2cls_split70_15_15/images/train/WSSV_BG-53-img-1.jpg,WSSV_BG-53-img-1.jpg,WSSV_BG-53-img-1,.jpg,True,/home/drnguyenvinh/notebooks/shrimp_yolo_canonical_bg_wssv_2cls_split70_15_15/labels/train/WSSV_BG-53-img-1.txt,True,2048,2048,3,4.194304,1.0,246.79296875,True,,17,True,
train,/home/drnguyenvinh/notebooks/shrimp_yolo_canonical_bg_wssv_2cls_split70_15_15/images/train/WSSV_BG-54-img-1.jpg,WSSV_BG-54-img-1.jpg,WSSV_BG-54-img-1,.jpg,True,/home/drnguyenvinh/notebooks/shrimp_yolo_canonical_bg_wssv_2cls_split70_15_15/labels/train/WSSV_BG-54-img-1.txt,True,2048,2048,3,4.194304,1.0,221.552734375,True,,12,True,
train,/home/drnguyenvinh/notebooks/shrimp_yolo_canonical_bg_wssv_2cls_split70_15_15/images/train/WSSV_BG-54-img-2.jpg,WSSV_BG-54-img-2.jpg,WSSV_BG-54-img-2,.jpg,True,/home/drnguyenvinh/notebooks/shrimp_yolo_canonical_bg_wssv_2cls_split70_15_15/labels/train/WSSV_BG-54-img-2.txt,True,2048,2048,3,4.194304,1.0,195.0048828125,True,,15,True,
train,/home/drnguyenvinh/notebooks/shrimp_yolo_canonical_bg_wssv_2cls_split70_15_15/images/train/WSSV_BG-55-img-1.jpg,WSSV_BG-55-img-1.jpg,WSSV_BG-55-img-1,.jpg,True,/home/drnguyenvinh/notebooks/shrimp_yolo_canonical_bg_wssv_2cls_split70_15_15/labels/train/WSSV_BG-55-img-1.txt,True,2048,2048,3,4.194304,1.0,215.5927734375,True,,6,True,
train,/home/drnguyenvinh/notebooks/shrimp_yolo_canonical_bg_wssv_2cls_split70_15_15/images/train/WSSV_BG-56-img-1.jpg,WSSV_BG-56-img-1.jpg,WSSV_BG-56-img-1,.jpg,True,/home/drnguyenvinh/notebooks/shrimp_yolo_canonical_bg_wssv_2cls_split70_15_15/labels/train/WSSV_BG-56-img-1.txt,True,2048,2048,3,4.194304,1.0,192.9794921875,True,,11,True,
train,/home/drnguyenvinh/notebooks/shrimp_yolo_canonical_bg_wssv_2cls_split70_15_15/images/train/WSSV_BG-56-img-2.jpg,WSSV_BG-56-img-2.jpg,WSSV_BG-56-img-2,.jpg,True,/home/drnguyenvinh/notebooks/shrimp_yolo_canonical_bg_wssv_2cls_split70_15_15/labels/train/WSSV_BG-56-img-2.txt,True,2048,2048,3,4.194304,1.0,201.5576171875,True,,12,True,
train,/home/drnguyenvinh/notebooks/shrimp_yolo_canonical_bg_wssv_2cls_split70_15_15/images/train/WSSV_BG-56-img-3.jpg,WSSV_BG-56-img-3.jpg,WSSV_BG-56-img-3,.jpg,True,/home/drnguyenvinh/notebooks/shrimp_yolo_canonical_bg_wssv_2cls_split70_15_15/labels/train/WSSV_BG-56-img-3.txt,True,2048,2048,3,4.194304,1.0,217.677734375,True,,7,True,
train,/home/drnguyenvinh/notebooks/shrimp_yolo_canonical_bg_wssv_2cls_split70_15_15/images/train/WSSV_BG-57-img-3.jpg,WSSV_BG-57-img-3.jpg,WSSV_BG-57-img-3,.jpg,True,/home/drnguyenvinh/notebooks/shrimp_yolo_canonical_bg_wssv_2cls_split70_15_15/labels/train/WSSV_BG-57-img-3.txt,True,2048,2048,3,4.194304,1.0,176.0859375,True,,5,True,
train,/home/drnguyenvinh/notebooks/shrimp_yolo_canonical_bg_wssv_2cls_split70_15_15/images/train/WSSV_BG-58-img-1.jpg,WSSV_BG-58-img-1.jpg,WSSV_BG-58-img-1,.jpg,True,/home/drnguyenvinh/notebooks/shrimp_yolo_canonical_bg_wssv_2cls_split70_15_15/labels/train/WSSV_BG-58-img-1.txt,True,2048,2048,3,4.194304,1.0,149.87890625,True,,7,True,
train,/home/drnguyenvinh/notebooks/shrimp_yolo_canonical_bg_wssv_2cls_split70_15_15/images/train/WSSV_BG-58-img-2.jpg,WSSV_BG-58-img-2.jpg,WSSV_BG-58-img-2,.jpg,True,/home/drnguyenvinh/notebooks/shrimp_yolo_canonical_bg_wssv_2cls_split70_15_15/labels/train/WSSV_BG-58-img-2.txt,True,2048,2048,3,4.194304,1.0,162.466796875,True,,4,True,
train,/home/drnguyenvinh/notebooks/shrimp_yolo_canonical_bg_wssv_2cls_split70_15_15/images/train/WSSV_BG-59-img-1.jpg,WSSV_BG-59-img-1.jpg,WSSV_BG-59-img-1,.jpg,True,/home/drnguyenvinh/notebooks/shrimp_yolo_canonical_bg_wssv_2cls_split70_15_15/labels/train/WSSV_BG-59-img-1.txt,True,2048,2048,3,4.194304,1.0,202.6279296875,True,,8,True,
train,/home/drnguyenvinh/notebooks/shrimp_yolo_canonical_bg_wssv_2cls_split70_15_15/images/train/WSSV_BG-6-img-2.jpg,WSSV_BG-6-img-2.jpg,WSSV_BG-6-img-2,.jpg,True,/home/drnguyenvinh/notebooks/shrimp_yolo_canonical_bg_wssv_2cls_split70_15_15/labels/train/WSSV_BG-6-img-2.txt,True,2048,2048,3,4.194304,1.0,788.0673828125,True,,3,True,
train,/home/drnguyenvinh/notebooks/shrimp_yolo_canonical_bg_wssv_2cls_split70_15_15/images/train/WSSV_BG-6-img-3.jpg,WSSV_BG-6-img-3.jpg,WSSV_BG-6-img-3,.jpg,True,/home/drnguyenvinh/notebooks/shrimp_yolo_canonical_bg_wssv_2cls_split70_15_15/labels/train/WSSV_BG-6-img-3.txt,True,2048,2048,3,4.194304,1.0,657.181640625,True,,7,True,
train,/home/drnguyenvinh/notebooks/shrimp_yolo_canonical_bg_wssv_2cls_split70_15_15/images/train/WSSV_BG-60-img-1.jpg,WSSV_BG-60-img-1.jpg,WSSV_BG-60-img-1,.jpg,True,/home/drnguyenvinh/notebooks/shrimp_yolo_canonical_bg_wssv_2cls_split70_15_15/labels/train/WSSV_BG-60-img-1.txt,True,2048,2048,3,4.194304,1.0,217.076171875,True,,10,True,
train,/home/drnguyenvinh/notebooks/shrimp_yolo_canonical_bg_wssv_2cls_split70_15_15/images/train/WSSV_BG-61-img-1.jpg,WSSV_BG-61-img-1.jpg,WSSV_BG-61-img-1,.jpg,True,/home/drnguyenvinh/notebooks/shrimp_yolo_canonical_bg_wssv_2cls_split70_15_15/labels/train/WSSV_BG-61-img-1.txt,True,2048,2048,3,4.194304,1.0,166.7158203125,True,,4,True,
train,/home/drnguyenvinh/notebooks/shrimp_yolo_canonical_bg_wssv_2cls_split70_15_15/images/train/WSSV_BG-61-img-2.jpg,WSSV_BG-61-img-2.jpg,WSSV_BG-61-img-2,.jpg,True,/home/drnguyenvinh/notebooks/shrimp_yolo_canonical_bg_wssv_2cls_split70_15_15/labels/train/WSSV_BG-61-img-2.txt,True,2048,2048,3,4.194304,1.0,172.228515625,True,,6,True,
train,/home/drnguyenvinh/notebooks/shrimp_yolo_canonical_bg_wssv_2cls_split70_15_15/images/train/WSSV_BG-61-img-3.jpg,WSSV_BG-61-img-3.jpg,WSSV_BG-61-img-3,.jpg,True,/home/drnguyenvinh/notebooks/shrimp_yolo_canonical_bg_wssv_2cls_split70_15_15/labels/train/WSSV_BG-61-img-3.txt,True,2048,2048,3,4.194304,1.0,222.8369140625,True,,7,True,
train,/home/drnguyenvinh/notebooks/shrimp_yolo_canonical_bg_wssv_2cls_split70_15_15/images/train/WSSV_BG-63-img-2.jpg,WSSV_BG-63-img-2.jpg,WSSV_BG-63-img-2,.jpg,True,/home/drnguyenvinh/notebooks/shrimp_yolo_canonical_bg_wssv_2cls_split70_15_15/labels/train/WSSV_BG-63-img-2.txt,True,2048,2048,3,4.194304,1.0,226.67578125,True,,4,True,
train,/home/drnguyenvinh/notebooks/shrimp_yolo_canonical_bg_wssv_2cls_split70_15_15/images/train/WSSV_BG-63-img-3.jpg,WSSV_BG-63-img-3.jpg,WSSV_BG-63-img-3,.jpg,True,/home/drnguyenvinh/notebooks/shrimp_yolo_canonical_bg_wssv_2cls_split70_15_15/labels/train/WSSV_BG-63-img-3.txt,True,2048,2048,3,4.194304,1.0,203.931640625,True,,10,True,
train,/home/drnguyenvinh/notebooks/shrimp_yolo_canonical_bg_wssv_2cls_split70_15_15/images/train/WSSV_BG-64-img-1.jpg,WSSV_BG-64-img-1.jpg,WSSV_BG-64-img-1,.jpg,True,/home/drnguyenvinh/notebooks/shrimp_yolo_canonical_bg_wssv_2cls_split70_15_15/labels/train/WSSV_BG-64-img-1.txt,True,2048,2048,3,4.194304,1.0,231.041015625,True,,8,True,
train,/home/drnguyenvinh/notebooks/shrimp_yolo_canonical_bg_wssv_2cls_split70_15_15/images/train/WSSV_BG-64-img-3.jpg,WSSV_BG-64-img-3.jpg,WSSV_BG-64-img-3,.jpg,True,/home/drnguyenvinh/notebooks/shrimp_yolo_canonical_bg_wssv_2cls_split70_15_15/labels/train/WSSV_BG-64-img-3.txt,True,2048,2048,3,4.194304,1.0,228.21484375,True,,10,True,
train,/home/drnguyenvinh/notebooks/shrimp_yolo_canonical_bg_wssv_2cls_split70_15_15/images/train/WSSV_BG-65-img-1.jpg,WSSV_BG-65-img-1.jpg,WSSV_BG-65-img-1,.jpg,True,/home/drnguyenvinh/notebooks/shrimp_yolo_canonical_bg_wssv_2cls_split70_15_15/labels/train/WSSV_BG-65-img-1.txt,True,2048,2048,3,4.194304,1.0,199.7138671875,True,,18,True,
train,/home/drnguyenvinh/notebooks/shrimp_yolo_canonical_bg_wssv_2cls_split70_15_15/images/train/WSSV_BG-65-img-2.jpg,WSSV_BG-65-img-2.jpg,WSSV_BG-65-img-2,.jpg,True,/home/drnguyenvinh/notebooks/shrimp_yolo_canonical_bg_wssv_2cls_split70_15_15/labels/train/WSSV_BG-65-img-2.txt,True,2048,2048,3,4.194304,1.0,202.4443359375,True,,14,True,
train,/home/drnguyenvinh/notebooks/shrimp_yolo_canonical_bg_wssv_2cls_split70_15_15/images/train/WSSV_BG-65-img-3.jpg,WSSV_BG-65-img-3.jpg,WSSV_BG-65-img-3,.jpg,True,/home/drnguyenvinh/notebooks/shrimp_yolo_canonical_bg_wssv_2cls_split70_15_15/labels/train/WSSV_BG-65-img-3.txt,True,2048,2048,3,4.194304,1.0,220.2958984375,True,,6,True,
train,/home/drnguyenvinh/notebooks/shrimp_yolo_canonical_bg_wssv_2cls_split70_15_15/images/train/WSSV_BG-67-img-2.jpg,WSSV_BG-67-img-2.jpg,WSSV_BG-67-img-2,.jpg,True,/home/drnguyenvinh/notebooks/shrimp_yolo_canonical_bg_wssv_2cls_split70_15_15/labels/train/WSSV_BG-67-img-2.txt,True,2048,2048,3,4.194304,1.0,217.8095703125,True,,7,True,
train,/home/drnguyenvinh/notebooks/shrimp_yolo_canonical_bg_wssv_2cls_split70_15_15/images/train/WSSV_BG-68-img-2.jpg,WSSV_BG-68-img-2.jpg,WSSV_BG-68-img-2,.jpg,True,/home/drnguyenvinh/notebooks/shrimp_yolo_canonical_bg_wssv_2cls_split70_15_15/labels/train/WSSV_BG-68-img-2.txt,True,2048,2048,3,4.194304,1.0,219.9140625,True,,11,True,
train,/home/drnguyenvinh/notebooks/shrimp_yolo_canonical_bg_wssv_2cls_split70_15_15/images/train/WSSV_BG-68-img-3.jpg,WSSV_BG-68-img-3.jpg,WSSV_BG-68-img-3,.jpg,True,/home/drnguyenvinh/notebooks/shrimp_yolo_canonical_bg_wssv_2cls_split70_15_15/labels/train/WSSV_BG-68-img-3.txt,True,2048,2048,3,4.194304,1.0,237.876953125,True,,8,True,
train,/home/drnguyenvinh/notebooks/shrimp_yolo_canonical_bg_wssv_2cls_split70_15_15/images/train/WSSV_BG-69-img-1.jpg,WSSV_BG-69-img-1.jpg,WSSV_BG-69-img-1,.jpg,True,/home/drnguyenvinh/notebooks/shrimp_yolo_canonical_bg_wssv_2cls_split70_15_15/labels/train/WSSV_BG-69-img-1.txt,True,2048,2048,3,4.194304,1.0,193.232421875,True,,16,True,
train,/home/drnguyenvinh/notebooks/shrimp_yolo_canonical_bg_wssv_2cls_split70_15_15/images/train/WSSV_BG-69-img-2.jpg,WSSV_BG-69-img-2.jpg,WSSV_BG-69-img-2,.jpg,True,/home/drnguyenvinh/notebooks/shrimp_yolo_canonical_bg_wssv_2cls_split70_15_15/labels/train/WSSV_BG-69-img-2.txt,True,2048,2048,3,4.194304,1.0,190.75,True,,14,True,
train,/home/drnguyenvinh/notebooks/shrimp_yolo_canonical_bg_wssv_2cls_split70_15_15/images/train/WSSV_BG-7-img-1.jpg,WSSV_BG-7-img-1.jpg,WSSV_BG-7-img-1,.jpg,True,/home/drnguyenvinh/notebooks/shrimp_yolo_canonical_bg_wssv_2cls_split70_15_15/labels/train/WSSV_BG-7-img-1.txt,True,2048,2048,3,4.194304,1.0,864.509765625,True,,7,True,
train,/home/drnguyenvinh/notebooks/shrimp_yolo_canonical_bg_wssv_2cls_split70_15_15/images/train/WSSV_BG-7-img-3.jpg,WSSV_BG-7-img-3.jpg,WSSV_BG-7-img-3,.jpg,True,/home/drnguyenvinh/notebooks/shrimp_yolo_canonical_bg_wssv_2cls_split70_15_15/labels/train/WSSV_BG-7-img-3.txt,True,2048,2048,3,4.194304,1.0,579.8408203125,True,,10,True,
train,/home/drnguyenvinh/notebooks/shrimp_yolo_canonical_bg_wssv_2cls_split70_15_15/images/train/WSSV_BG-70-img-1.jpg,WSSV_BG-70-img-1.jpg,WSSV_BG-70-img-1,.jpg,True,/home/drnguyenvinh/notebooks/shrimp_yolo_canonical_bg_wssv_2cls_split70_15_15/labels/train/WSSV_BG-70-img-1.txt,True,2048,2048,3,4.194304,1.0,203.4677734375,True,,18,True,
train,/home/drnguyenvinh/notebooks/shrimp_yolo_canonical_bg_wssv_2cls_split70_15_15/images/train/WSSV_BG-70-img-2.jpg,WSSV_BG-70-img-2.jpg,WSSV_BG-70-img-2,.jpg,True,/home/drnguyenvinh/notebooks/shrimp_yolo_canonical_bg_wssv_2cls_split70_15_15/labels/train/WSSV_BG-70-img-2.txt,True,2048,2048,3,4.194304,1.0,196.4453125,True,,13,True,
train,/home/drnguyenvinh/notebooks/shrimp_yolo_canonical_bg_wssv_2cls_split70_15_15/images/train/WSSV_BG-71-img-2.jpg,WSSV_BG-71-img-2.jpg,WSSV_BG-71-img-2,.jpg,True,/home/drnguyenvinh/notebooks/shrimp_yolo_canonical_bg_wssv_2cls_split70_15_15/labels/train/WSSV_BG-71-img-2.txt,True,2048,2048,3,4.194304,1.0,212.990234375,True,,13,True,
train,/home/drnguyenvinh/notebooks/shrimp_yolo_canonical_bg_wssv_2cls_split70_15_15/images/train/WSSV_BG-71-img-3.jpg,WSSV_BG-71-img-3.jpg,WSSV_BG-71-img-3,.jpg,True,/home/drnguyenvinh/notebooks/shrimp_yolo_canonical_bg_wssv_2cls_split70_15_15/labels/train/WSSV_BG-71-img-3.txt,True,2048,2048,3,4.194304,1.0,200.0126953125,True,,14,True,
train,/home/drnguyenvinh/notebooks/shrimp_yolo_canonical_bg_wssv_2cls_split70_15_15/images/train/WSSV_BG-72-img-1.jpg,WSSV_BG-72-img-1.jpg,WSSV_BG-72-img-1,.jpg,True,/home/drnguyenvinh/notebooks/shrimp_yolo_canonical_bg_wssv_2cls_split70_15_15/labels/train/WSSV_BG-72-img-1.txt,True,2048,2048,3,4.194304,1.0,205.2783203125,True,,11,True,
train,/home/drnguyenvinh/notebooks/shrimp_yolo_canonical_bg_wssv_2cls_split70_15_15/images/train/WSSV_BG-72-img-2.jpg,WSSV_BG-72-img-2.jpg,WSSV_BG-72-img-2,.jpg,True,/home/drnguyenvinh/notebooks/shrimp_yolo_canonical_bg_wssv_2cls_split70_15_15/labels/train/WSSV_BG-72-img-2.txt,True,2048,2048,3,4.194304,1.0,197.6259765625,True,,13,True,
train,/home/drnguyenvinh/notebooks/shrimp_yolo_canonical_bg_wssv_2cls_split70_15_15/images/train/WSSV_BG-72-img-3.jpg,WSSV_BG-72-img-3.jpg,WSSV_BG-72-img-3,.jpg,True,/home/drnguyenvinh/notebooks/shrimp_yolo_canonical_bg_wssv_2cls_split70_15_15/labels/train/WSSV_BG-72-img-3.txt,True,2048,2048,3,4.194304,1.0,206.7314453125,True,,8,True,
train,/home/drnguyenvinh/notebooks/shrimp_yolo_canonical_bg_wssv_2cls_split70_15_15/images/train/WSSV_BG-74-img-1.jpg,WSSV_BG-74-img-1.jpg,WSSV_BG-74-img-1,.jpg,True,/home/drnguyenvinh/notebooks/shrimp_yolo_canonical_bg_wssv_2cls_split70_15_15/labels/train/WSSV_BG-74-img-1.txt,True,2048,2048,3,4.194304,1.0,227.1240234375,True,,10,True,
train,/home/drnguyenvinh/notebooks/shrimp_yolo_canonical_bg_wssv_2cls_split70_15_15/images/train/WSSV_BG-74-img-2.jpg,WSSV_BG-74-img-2.jpg,WSSV_BG-74-img-2,.jpg,True,/home/drnguyenvinh/notebooks/shrimp_yolo_canonical_bg_wssv_2cls_split70_15_15/labels/train/WSSV_BG-74-img-2.txt,True,2048,2048,3,4.194304,1.0,224.884765625,True,,8,True,
train,/home/drnguyenvinh/notebooks/shrimp_yolo_canonical_bg_wssv_2cls_split70_15_15/images/train/WSSV_BG-74-img-3.jpg,WSSV_BG-74-img-3.jpg,WSSV_BG-74-img-3,.jpg,True,/home/drnguyenvinh/notebooks/shrimp_yolo_canonical_bg_wssv_2cls_split70_15_15/labels/train/WSSV_BG-74-img-3.txt,True,2048,2048,3,4.194304,1.0,205.392578125,True,,8,True,
train,/home/drnguyenvinh/notebooks/shrimp_yolo_canonical_bg_wssv_2cls_split70_15_15/images/train/WSSV_BG-75-img-1.jpg,WSSV_BG-75-img-1.jpg,WSSV_BG-75-img-1,.jpg,True,/home/drnguyenvinh/notebooks/shrimp_yolo_canonical_bg_wssv_2cls_split70_15_15/labels/train/WSSV_BG-75-img-1.txt,True,2048,2048,3,4.194304,1.0,227.01953125,True,,5,True,
train,/home/drnguyenvinh/notebooks/shrimp_yolo_canonical_bg_wssv_2cls_split70_15_15/images/train/WSSV_BG-75-img-2.jpg,WSSV_BG-75-img-2.jpg,WSSV_BG-75-img-2,.jpg,True,/home/drnguyenvinh/notebooks/shrimp_yolo_canonical_bg_wssv_2cls_split70_15_15/labels/train/WSSV_BG-75-img-2.txt,True,2048,2048,3,4.194304,1.0,235.7744140625,True,,10,True,
train,/home/drnguyenvinh/notebooks/shrimp_yolo_canonical_bg_wssv_2cls_split70_15_15/images/train/WSSV_BG-76-img-1.jpg,WSSV_BG-76-img-1.jpg,WSSV_BG-76-img-1,.jpg,True,/home/drnguyenvinh/notebooks/shrimp_yolo_canonical_bg_wssv_2cls_split70_15_15/labels/train/WSSV_BG-76-img-1.txt,True,2048,2048,3,4.194304,1.0,222.5166015625,True,,10,True,
train,/home/drnguyenvinh/notebooks/shrimp_yolo_canonical_bg_wssv_2cls_split70_15_15/images/train/WSSV_BG-76-img-3.jpg,WSSV_BG-76-img-3.jpg,WSSV_BG-76-img-3,.jpg,True,/home/drnguyenvinh/notebooks/shrimp_yolo_canonical_bg_wssv_2cls_split70_15_15/labels/train/WSSV_BG-76-img-3.txt,True,2048,2048,3,4.194304,1.0,220.96484375,True,,16,True,
train,/home/drnguyenvinh/notebooks/shrimp_yolo_canonical_bg_wssv_2cls_split70_15_15/images/train/WSSV_BG-77-img-1.jpg,WSSV_BG-77-img-1.jpg,WSSV_BG-77-img-1,.jpg,True,/home/drnguyenvinh/notebooks/shrimp_yolo_canonical_bg_wssv_2cls_split70_15_15/labels/train/WSSV_BG-77-img-1.txt,True,2048,2048,3,4.194304,1.0,200.2421875,True,,10,True,
train,/home/drnguyenvinh/notebooks/shrimp_yolo_canonical_bg_wssv_2cls_split70_15_15/images/train/WSSV_BG-77-img-2.jpg,WSSV_BG-77-img-2.jpg,WSSV_BG-77-img-2,.jpg,True,/home/drnguyenvinh/notebooks/shrimp_yolo_canonical_bg_wssv_2cls_split70_15_15/labels/train/WSSV_BG-77-img-2.txt,True,2048,2048,3,4.194304,1.0,234.080078125,True,,7,True,
train,/home/drnguyenvinh/notebooks/shrimp_yolo_canonical_bg_wssv_2cls_split70_15_15/images/train/WSSV_BG-77-img-3.jpg,WSSV_BG-77-img-3.jpg,WSSV_BG-77-img-3,.jpg,True,/home/drnguyenvinh/notebooks/shrimp_yolo_canonical_bg_wssv_2cls_split70_15_15/labels/train/WSSV_BG-77-img-3.txt,True,2048,2048,3,4.194304,1.0,185.83984375,True,,8,True,
train,/home/drnguyenvinh/notebooks/shrimp_yolo_canonical_bg_wssv_2cls_split70_15_15/images/train/WSSV_BG-78-img-1.jpg,WSSV_BG-78-img-1.jpg,WSSV_BG-78-img-1,.jpg,True,/home/drnguyenvinh/notebooks/shrimp_yolo_canonical_bg_wssv_2cls_split70_15_15/labels/train/WSSV_BG-78-img-1.txt,True,2048,2048,3,4.194304,1.0,213.375,True,,7,True,
train,/home/drnguyenvinh/notebooks/shrimp_yolo_canonical_bg_wssv_2cls_split70_15_15/images/train/WSSV_BG-78-img-2.jpg,WSSV_BG-78-img-2.jpg,WSSV_BG-78-img-2,.jpg,True,/home/drnguyenvinh/notebooks/shrimp_yolo_canonical_bg_wssv_2cls_split70_15_15/labels/train/WSSV_BG-78-img-2.txt,True,2048,2048,3,4.194304,1.0,210.2158203125,True,,11,True,
train,/home/drnguyenvinh/notebooks/shrimp_yolo_canonical_bg_wssv_2cls_split70_15_15/images/train/WSSV_BG-78-img-3.jpg,WSSV_BG-78-img-3.jpg,WSSV_BG-78-img-3,.jpg,True,/home/drnguyenvinh/notebooks/shrimp_yolo_canonical_bg_wssv_2cls_split70_15_15/labels/train/WSSV_BG-78-img-3.txt,True,2048,2048,3,4.194304,1.0,222.587890625,True,,15,True,
train,/home/drnguyenvinh/notebooks/shrimp_yolo_canonical_bg_wssv_2cls_split70_15_15/images/train/WSSV_BG-79-img-1.jpg,WSSV_BG-79-img-1.jpg,WSSV_BG-79-img-1,.jpg,True,/home/drnguyenvinh/notebooks/shrimp_yolo_canonical_bg_wssv_2cls_split70_15_15/labels/train/WSSV_BG-79-img-1.txt,True,2048,2048,3,4.194304,1.0,199.3515625,True,,12,True,
train,/home/drnguyenvinh/notebooks/shrimp_yolo_canonical_bg_wssv_2cls_split70_15_15/images/train/WSSV_BG-79-img-3.jpg,WSSV_BG-79-img-3.jpg,WSSV_BG-79-img-3,.jpg,True,/home/drnguyenvinh/notebooks/shrimp_yolo_canonical_bg_wssv_2cls_split70_15_15/labels/train/WSSV_BG-79-img-3.txt,True,2048,2048,3,4.194304,1.0,201.4521484375,True,,12,True,
train,/home/drnguyenvinh/notebooks/shrimp_yolo_canonical_bg_wssv_2cls_split70_15_15/images/train/WSSV_BG-8-img-1.jpg,WSSV_BG-8-img-1.jpg,WSSV_BG-8-img-1,.jpg,True,/home/drnguyenvinh/notebooks/shrimp_yolo_canonical_bg_wssv_2cls_split70_15_15/labels/train/WSSV_BG-8-img-1.txt,True,2048,2048,3,4.194304,1.0,784.830078125,True,,14,True,
train,/home/drnguyenvinh/notebooks/shrimp_yolo_canonical_bg_wssv_2cls_split70_15_15/images/train/WSSV_BG-8-img-2.jpg,WSSV_BG-8-img-2.jpg,WSSV_BG-8-img-2,.jpg,True,/home/drnguyenvinh/notebooks/shrimp_yolo_canonical_bg_wssv_2cls_split70_15_15/labels/train/WSSV_BG-8-img-2.txt,True,2048,2048,3,4.194304,1.0,697.986328125,True,,8,True,
train,/home/drnguyenvinh/notebooks/shrimp_yolo_canonical_bg_wssv_2cls_split70_15_15/images/train/WSSV_BG-8-img-3.jpg,WSSV_BG-8-img-3.jpg,WSSV_BG-8-img-3,.jpg,True,/home/drnguyenvinh/notebooks/shrimp_yolo_canonical_bg_wssv_2cls_split70_15_15/labels/train/WSSV_BG-8-img-3.txt,True,2048,2048,3,4.194304,1.0,742.5146484375,True,,8,True,
train,/home/drnguyenvinh/notebooks/shrimp_yolo_canonical_bg_wssv_2cls_split70_15_15/images/train/WSSV_BG-80-img-2.jpg,WSSV_BG-80-img-2.jpg,WSSV_BG-80-img-2,.jpg,True,/home/drnguyenvinh/notebooks/shrimp_yolo_canonical_bg_wssv_2cls_split70_15_15/labels/train/WSSV_BG-80-img-2.txt,True,2048,2048,3,4.194304,1.0,191.404296875,True,,14,True,
train,/home/drnguyenvinh/notebooks/shrimp_yolo_canonical_bg_wssv_2cls_split70_15_15/images/train/WSSV_BG-80-img-3.jpg,WSSV_BG-80-img-3.jpg,WSSV_BG-80-img-3,.jpg,True,/home/drnguyenvinh/notebooks/shrimp_yolo_canonical_bg_wssv_2cls_split70_15_15/labels/train/WSSV_BG-80-img-3.txt,True,2048,2048,3,4.194304,1.0,182.1904296875,True,,14,True,
train,/home/drnguyenvinh/notebooks/shrimp_yolo_canonical_bg_wssv_2cls_split70_15_15/images/train/WSSV_BG-9-img-1.jpg,WSSV_BG-9-img-1.jpg,WSSV_BG-9-img-1,.jpg,True,/home/drnguyenvinh/notebooks/shrimp_yolo_canonical_bg_wssv_2cls_split70_15_15/labels/train/WSSV_BG-9-img-1.txt,True,2048,2048,3,4.194304,1.0,831.85546875,True,,14,True,
train,/home/drnguyenvinh/notebooks/shrimp_yolo_canonical_bg_wssv_2cls_split70_15_15/images/train/WSSV_BG-9-img-2.jpg,WSSV_BG-9-img-2.jpg,WSSV_BG-9-img-2,.jpg,True,/home/drnguyenvinh/notebooks/shrimp_yolo_canonical_bg_wssv_2cls_split70_15_15/labels/train/WSSV_BG-9-img-2.txt,True,2048,2048,3,4.194304,1.0,833.8818359375,True,,6,True,
train,/home/drnguyenvinh/notebooks/shrimp_yolo_canonical_bg_wssv_2cls_split70_15_15/images/train/WSSV_BG-9-img-3.jpg,WSSV_BG-9-img-3.jpg,WSSV_BG-9-img-3,.jpg,True,/home/drnguyenvinh/notebooks/shrimp_yolo_canonical_bg_wssv_2cls_split70_15_15/labels/train/WSSV_BG-9-img-3.txt,True,2048,2048,3,4.194304,1.0,954.0986328125,True,,13,True,
val,/home/drnguyenvinh/notebooks/shrimp_yolo_canonical_bg_wssv_2cls_split70_15_15/images/val/BG-1-img-2.jpg,BG-1-img-2.jpg,BG-1-img-2,.jpg,True,/home/drnguyenvinh/notebooks/shrimp_yolo_canonical_bg_wssv_2cls_split70_15_15/labels/val/BG-1-img-2.txt,True,2048,2048,3,4.194304,1.0,611.533203125,True,,1,True,
val,/home/drnguyenvinh/notebooks/shrimp_yolo_canonical_bg_wssv_2cls_split70_15_15/images/val/BG-12-img-3.jpg,BG-12-img-3.jpg,BG-12-img-3,.jpg,True,/home/drnguyenvinh/notebooks/shrimp_yolo_canonical_bg_wssv_2cls_split70_15_15/labels/val/BG-12-img-3.txt,True,2048,2048,3,4.194304,1.0,715.7314453125,True,,1,True,
val,/home/drnguyenvinh/notebooks/shrimp_yolo_canonical_bg_wssv_2cls_split70_15_15/images/val/BG-15-img-2.jpg,BG-15-img-2.jpg,BG-15-img-2,.jpg,True,/home/drnguyenvinh/notebooks/shrimp_yolo_canonical_bg_wssv_2cls_split70_15_15/labels/val/BG-15-img-2.txt,True,2048,2048,3,4.194304,1.0,173.892578125,True,,1,True,
val,/home/drnguyenvinh/notebooks/shrimp_yolo_canonical_bg_wssv_2cls_split70_15_15/images/val/BG-18-img-1.jpg,BG-18-img-1.jpg,BG-18-img-1,.jpg,True,/home/drnguyenvinh/notebooks/shrimp_yolo_canonical_bg_wssv_2cls_split70_15_15/labels/val/BG-18-img-1.txt,True,2048,2048,3,4.194304,1.0,136.587890625,True,,1,True,
val,/home/drnguyenvinh/notebooks/shrimp_yolo_canonical_bg_wssv_2cls_split70_15_15/images/val/BG-2-img-2.jpg,BG-2-img-2.jpg,BG-2-img-2,.jpg,True,/home/drnguyenvinh/notebooks/shrimp_yolo_canonical_bg_wssv_2cls_split70_15_15/labels/val/BG-2-img-2.txt,True,2048,2048,3,4.194304,1.0,648.5927734375,True,,1,True,
val,/home/drnguyenvinh/notebooks/shrimp_yolo_canonical_bg_wssv_2cls_split70_15_15/images/val/BG-22-img-1.jpg,BG-22-img-1.jpg,BG-22-img-1,.jpg,True,/home/drnguyenvinh/notebooks/shrimp_yolo_canonical_bg_wssv_2cls_split70_15_15/labels/val/BG-22-img-1.txt,True,2048,2048,3,4.194304,1.0,749.26171875,True,,1,True,
val,/home/drnguyenvinh/notebooks/shrimp_yolo_canonical_bg_wssv_2cls_split70_15_15/images/val/BG-24-img-3.jpg,BG-24-img-3.jpg,BG-24-img-3,.jpg,True,/home/drnguyenvinh/notebooks/shrimp_yolo_canonical_bg_wssv_2cls_split70_15_15/labels/val/BG-24-img-3.txt,True,2048,2048,3,4.194304,1.0,606.0439453125,True,,2,True,
val,/home/drnguyenvinh/notebooks/shrimp_yolo_canonical_bg_wssv_2cls_split70_15_15/images/val/BG-25-img-1.jpg,BG-25-img-1.jpg,BG-25-img-1,.jpg,True,/home/drnguyenvinh/notebooks/shrimp_yolo_canonical_bg_wssv_2cls_split70_15_15/labels/val/BG-25-img-1.txt,True,2048,2048,3,4.194304,1.0,880.2412109375,True,,1,True,
val,/home/drnguyenvinh/notebooks/shrimp_yolo_canonical_bg_wssv_2cls_split70_15_15/images/val/BG-29-img-1.jpg,BG-29-img-1.jpg,BG-29-img-1,.jpg,True,/home/drnguyenvinh/notebooks/shrimp_yolo_canonical_bg_wssv_2cls_split70_15_15/labels/val/BG-29-img-1.txt,True,2048,2048,3,4.194304,1.0,207.3525390625,True,,1,True,
val,/home/drnguyenvinh/notebooks/shrimp_yolo_canonical_bg_wssv_2cls_split70_15_15/images/val/BG-35-img-1.jpg,BG-35-img-1.jpg,BG-35-img-1,.jpg,True,/home/drnguyenvinh/notebooks/shrimp_yolo_canonical_bg_wssv_2cls_split70_15_15/labels/val/BG-35-img-1.txt,True,2048,2048,3,4.194304,1.0,185.1103515625,True,,3,True,
val,/home/drnguyenvinh/notebooks/shrimp_yolo_canonical_bg_wssv_2cls_split70_15_15/images/val/BG-36-img-2.jpg,BG-36-img-2.jpg,BG-36-img-2,.jpg,True,/home/drnguyenvinh/notebooks/shrimp_yolo_canonical_bg_wssv_2cls_split70_15_15/labels/val/BG-36-img-2.txt,True,2048,2048,3,4.194304,1.0,204.490234375,True,,2,True,
val,/home/drnguyenvinh/notebooks/shrimp_yolo_canonical_bg_wssv_2cls_split70_15_15/images/val/BG-37-img-3.jpg,BG-37-img-3.jpg,BG-37-img-3,.jpg,True,/home/drnguyenvinh/notebooks/shrimp_yolo_canonical_bg_wssv_2cls_split70_15_15/labels/val/BG-37-img-3.txt,True,2048,2048,3,4.194304,1.0,196.439453125,True,,5,True,
val,/home/drnguyenvinh/notebooks/shrimp_yolo_canonical_bg_wssv_2cls_split70_15_15/images/val/BG-40-img-2.jpg,BG-40-img-2.jpg,BG-40-img-2,.jpg,True,/home/drnguyenvinh/notebooks/shrimp_yolo_canonical_bg_wssv_2cls_split70_15_15/labels/val/BG-40-img-2.txt,True,2048,2048,3,4.194304,1.0,213.720703125,True,,5,True,
val,/home/drnguyenvinh/notebooks/shrimp_yolo_canonical_bg_wssv_2cls_split70_15_15/images/val/BG-40-img-3.jpg,BG-40-img-3.jpg,BG-40-img-3,.jpg,True,/home/drnguyenvinh/notebooks/shrimp_yolo_canonical_bg_wssv_2cls_split70_15_15/labels/val/BG-40-img-3.txt,True,2048,2048,3,4.194304,1.0,236.2529296875,True,,3,True,
val,/home/drnguyenvinh/notebooks/shrimp_yolo_canonical_bg_wssv_2cls_split70_15_15/images/val/BG-41-img-1.jpg,BG-41-img-1.jpg,BG-41-img-1,.jpg,True,/home/drnguyenvinh/notebooks/shrimp_yolo_canonical_bg_wssv_2cls_split70_15_15/labels/val/BG-41-img-1.txt,True,2048,2048,3,4.194304,1.0,233.8603515625,True,,4,True,
val,/home/drnguyenvinh/notebooks/shrimp_yolo_canonical_bg_wssv_2cls_split70_15_15/images/val/BG-42-img-1.jpg,BG-42-img-1.jpg,BG-42-img-1,.jpg,True,/home/drnguyenvinh/notebooks/shrimp_yolo_canonical_bg_wssv_2cls_split70_15_15/labels/val/BG-42-img-1.txt,True,2048,2048,3,4.194304,1.0,237.9375,True,,1,True,
val,/home/drnguyenvinh/notebooks/shrimp_yolo_canonical_bg_wssv_2cls_split70_15_15/images/val/BG-42-img-2.jpg,BG-42-img-2.jpg,BG-42-img-2,.jpg,True,/home/drnguyenvinh/notebooks/shrimp_yolo_canonical_bg_wssv_2cls_split70_15_15/labels/val/BG-42-img-2.txt,True,2048,2048,3,4.194304,1.0,233.4326171875,True,,4,True,
val,/home/drnguyenvinh/notebooks/shrimp_yolo_canonical_bg_wssv_2cls_split70_15_15/images/val/BG-43-img-3.jpg,BG-43-img-3.jpg,BG-43-img-3,.jpg,True,/home/drnguyenvinh/notebooks/shrimp_yolo_canonical_bg_wssv_2cls_split70_15_15/labels/val/BG-43-img-3.txt,True,2048,2048,3,4.194304,1.0,173.90625,True,,2,True,
val,/home/drnguyenvinh/notebooks/shrimp_yolo_canonical_bg_wssv_2cls_split70_15_15/images/val/BG-44-img-1.jpg,BG-44-img-1.jpg,BG-44-img-1,.jpg,True,/home/drnguyenvinh/notebooks/shrimp_yolo_canonical_bg_wssv_2cls_split70_15_15/labels/val/BG-44-img-1.txt,True,2048,2048,3,4.194304,1.0,223.22265625,True,,5,True,
val,/home/drnguyenvinh/notebooks/shrimp_yolo_canonical_bg_wssv_2cls_split70_15_15/images/val/BG-5-img-1.jpg,BG-5-img-1.jpg,BG-5-img-1,.jpg,True,/home/drnguyenvinh/notebooks/shrimp_yolo_canonical_bg_wssv_2cls_split70_15_15/labels/val/BG-5-img-1.txt,True,2048,2048,3,4.194304,1.0,244.5439453125,True,,2,True,
val,/home/drnguyenvinh/notebooks/shrimp_yolo_canonical_bg_wssv_2cls_split70_15_15/images/val/BG-51-img-1.jpg,BG-51-img-1.jpg,BG-51-img-1,.jpg,True,/home/drnguyenvinh/notebooks/shrimp_yolo_canonical_bg_wssv_2cls_split70_15_15/labels/val/BG-51-img-1.txt,True,2048,2048,3,4.194304,1.0,145.0634765625,True,,1,True,
val,/home/drnguyenvinh/notebooks/shrimp_yolo_canonical_bg_wssv_2cls_split70_15_15/images/val/BG-58-img-2.jpg,BG-58-img-2.jpg,BG-58-img-2,.jpg,True,/home/drnguyenvinh/notebooks/shrimp_yolo_canonical_bg_wssv_2cls_split70_15_15/labels/val/BG-58-img-2.txt,True,2048,2048,3,4.194304,1.0,203.619140625,True,,1,True,
val,/home/drnguyenvinh/notebooks/shrimp_yolo_canonical_bg_wssv_2cls_split70_15_15/images/val/BG-59-img-3.jpg,BG-59-img-3.jpg,BG-59-img-3,.jpg,True,/home/drnguyenvinh/notebooks/shrimp_yolo_canonical_bg_wssv_2cls_split70_15_15/labels/val/BG-59-img-3.txt,True,2048,2048,3,4.194304,1.0,229.6865234375,True,,2,True,
val,/home/drnguyenvinh/notebooks/shrimp_yolo_canonical_bg_wssv_2cls_split70_15_15/images/val/BG-62-img-1.jpg,BG-62-img-1.jpg,BG-62-img-1,.jpg,True,/home/drnguyenvinh/notebooks/shrimp_yolo_canonical_bg_wssv_2cls_split70_15_15/labels/val/BG-62-img-1.txt,True,2048,2048,3,4.194304,1.0,180.3828125,True,,2,True,
val,/home/drnguyenvinh/notebooks/shrimp_yolo_canonical_bg_wssv_2cls_split70_15_15/images/val/BG-68-img-3.jpg,BG-68-img-3.jpg,BG-68-img-3,.jpg,True,/home/drnguyenvinh/notebooks/shrimp_yolo_canonical_bg_wssv_2cls_split70_15_15/labels/val/BG-68-img-3.txt,True,2048,2048,3,4.194304,1.0,239.521484375,True,,3,True,
val,/home/drnguyenvinh/notebooks/shrimp_yolo_canonical_bg_wssv_2cls_split70_15_15/images/val/BG-7-img-2.jpg,BG-7-img-2.jpg,BG-7-img-2,.jpg,True,/home/drnguyenvinh/notebooks/shrimp_yolo_canonical_bg_wssv_2cls_split70_15_15/labels/val/BG-7-img-2.txt,True,2048,2048,3,4.194304,1.0,433.337890625,True,,1,True,
val,/home/drnguyenvinh/notebooks/shrimp_yolo_canonical_bg_wssv_2cls_split70_15_15/images/val/BG-71-img-3.jpg,BG-71-img-3.jpg,BG-71-img-3,.jpg,True,/home/drnguyenvinh/notebooks/shrimp_yolo_canonical_bg_wssv_2cls_split70_15_15/labels/val/BG-71-img-3.txt,True,2048,2048,3,4.194304,1.0,201.7626953125,True,,9,True,
val,/home/drnguyenvinh/notebooks/shrimp_yolo_canonical_bg_wssv_2cls_split70_15_15/images/val/BG-72-img-1.jpg,BG-72-img-1.jpg,BG-72-img-1,.jpg,True,/home/drnguyenvinh/notebooks/shrimp_yolo_canonical_bg_wssv_2cls_split70_15_15/labels/val/BG-72-img-1.txt,True,2048,2048,3,4.194304,1.0,214.1044921875,True,,2,True,
val,/home/drnguyenvinh/notebooks/shrimp_yolo_canonical_bg_wssv_2cls_split70_15_15/images/val/BG-73-img-1.jpg,BG-73-img-1.jpg,BG-73-img-1,.jpg,True,/home/drnguyenvinh/notebooks/shrimp_yolo_canonical_bg_wssv_2cls_split70_15_15/labels/val/BG-73-img-1.txt,True,2048,2048,3,4.194304,1.0,133.2724609375,True,,1,True,
val,/home/drnguyenvinh/notebooks/shrimp_yolo_canonical_bg_wssv_2cls_split70_15_15/images/val/BG-8-img-3.jpg,BG-8-img-3.jpg,BG-8-img-3,.jpg,True,/home/drnguyenvinh/notebooks/shrimp_yolo_canonical_bg_wssv_2cls_split70_15_15/labels/val/BG-8-img-3.txt,True,2048,2048,3,4.194304,1.0,612.919921875,True,,2,True,
val,/home/drnguyenvinh/notebooks/shrimp_yolo_canonical_bg_wssv_2cls_split70_15_15/images/val/WSSV-102-img-2.jpg,WSSV-102-img-2.jpg,WSSV-102-img-2,.jpg,True,/home/drnguyenvinh/notebooks/shrimp_yolo_canonical_bg_wssv_2cls_split70_15_15/labels/val/WSSV-102-img-2.txt,True,2048,2048,3,4.194304,1.0,173.9384765625,True,,8,True,
val,/home/drnguyenvinh/notebooks/shrimp_yolo_canonical_bg_wssv_2cls_split70_15_15/images/val/WSSV-103-img-3.jpg,WSSV-103-img-3.jpg,WSSV-103-img-3,.jpg,True,/home/drnguyenvinh/notebooks/shrimp_yolo_canonical_bg_wssv_2cls_split70_15_15/labels/val/WSSV-103-img-3.txt,True,2048,2048,3,4.194304,1.0,177.3623046875,True,,28,True,
val,/home/drnguyenvinh/notebooks/shrimp_yolo_canonical_bg_wssv_2cls_split70_15_15/images/val/WSSV-106-img-2.jpg,WSSV-106-img-2.jpg,WSSV-106-img-2,.jpg,True,/home/drnguyenvinh/notebooks/shrimp_yolo_canonical_bg_wssv_2cls_split70_15_15/labels/val/WSSV-106-img-2.txt,True,2048,2048,3,4.194304,1.0,199.9619140625,True,,4,True,
val,/home/drnguyenvinh/notebooks/shrimp_yolo_canonical_bg_wssv_2cls_split70_15_15/images/val/WSSV-107-img-1.jpg,WSSV-107-img-1.jpg,WSSV-107-img-1,.jpg,True,/home/drnguyenvinh/notebooks/shrimp_yolo_canonical_bg_wssv_2cls_split70_15_15/labels/val/WSSV-107-img-1.txt,True,2048,2048,3,4.194304,1.0,180.240234375,True,,3,True,
val,/home/drnguyenvinh/notebooks/shrimp_yolo_canonical_bg_wssv_2cls_split70_15_15/images/val/WSSV-107-img-3.jpg,WSSV-107-img-3.jpg,WSSV-107-img-3,.jpg,True,/home/drnguyenvinh/notebooks/shrimp_yolo_canonical_bg_wssv_2cls_split70_15_15/labels/val/WSSV-107-img-3.txt,True,2048,2048,3,4.194304,1.0,195.3818359375,True,,1,True,
val,/home/drnguyenvinh/notebooks/shrimp_yolo_canonical_bg_wssv_2cls_split70_15_15/images/val/WSSV-109-img-1.jpg,WSSV-109-img-1.jpg,WSSV-109-img-1,.jpg,True,/home/drnguyenvinh/notebooks/shrimp_yolo_canonical_bg_wssv_2cls_split70_15_15/labels/val/WSSV-109-img-1.txt,True,2048,2048,3,4.194304,1.0,215.77734375,True,,7,True,
val,/home/drnguyenvinh/notebooks/shrimp_yolo_canonical_bg_wssv_2cls_split70_15_15/images/val/WSSV-110-img-2.jpg,WSSV-110-img-2.jpg,WSSV-110-img-2,.jpg,True,/home/drnguyenvinh/notebooks/shrimp_yolo_canonical_bg_wssv_2cls_split70_15_15/labels/val/WSSV-110-img-2.txt,True,2048,2048,3,4.194304,1.0,206.9365234375,True,,15,True,
val,/home/drnguyenvinh/notebooks/shrimp_yolo_canonical_bg_wssv_2cls_split70_15_15/images/val/WSSV-112-img-1.jpg,WSSV-112-img-1.jpg,WSSV-112-img-1,.jpg,True,/home/drnguyenvinh/notebooks/shrimp_yolo_canonical_bg_wssv_2cls_split70_15_15/labels/val/WSSV-112-img-1.txt,True,2048,2048,3,4.194304,1.0,201.1142578125,True,,3,True,
val,/home/drnguyenvinh/notebooks/shrimp_yolo_canonical_bg_wssv_2cls_split70_15_15/images/val/WSSV-114-img-2.jpg,WSSV-114-img-2.jpg,WSSV-114-img-2,.jpg,True,/home/drnguyenvinh/notebooks/shrimp_yolo_canonical_bg_wssv_2cls_split70_15_15/labels/val/WSSV-114-img-2.txt,True,2048,2048,3,4.194304,1.0,210.91015625,True,,6,True,
val,/home/drnguyenvinh/notebooks/shrimp_yolo_canonical_bg_wssv_2cls_split70_15_15/images/val/WSSV-115-img-1.jpg,WSSV-115-img-1.jpg,WSSV-115-img-1,.jpg,True,/home/drnguyenvinh/notebooks/shrimp_yolo_canonical_bg_wssv_2cls_split70_15_15/labels/val/WSSV-115-img-1.txt,True,2048,2048,3,4.194304,1.0,207.896484375,True,,8,True,
val,/home/drnguyenvinh/notebooks/shrimp_yolo_canonical_bg_wssv_2cls_split70_15_15/images/val/WSSV-116-img-2.jpg,WSSV-116-img-2.jpg,WSSV-116-img-2,.jpg,True,/home/drnguyenvinh/notebooks/shrimp_yolo_canonical_bg_wssv_2cls_split70_15_15/labels/val/WSSV-116-img-2.txt,True,2048,2048,3,4.194304,1.0,242.5498046875,True,,6,True,
val,/home/drnguyenvinh/notebooks/shrimp_yolo_canonical_bg_wssv_2cls_split70_15_15/images/val/WSSV-116-img-3.jpg,WSSV-116-img-3.jpg,WSSV-116-img-3,.jpg,True,/home/drnguyenvinh/notebooks/shrimp_yolo_canonical_bg_wssv_2cls_split70_15_15/labels/val/WSSV-116-img-3.txt,True,2048,2048,3,4.194304,1.0,241.349609375,True,,9,True,
val,/home/drnguyenvinh/notebooks/shrimp_yolo_canonical_bg_wssv_2cls_split70_15_15/images/val/WSSV-118-img-3.jpg,WSSV-118-img-3.jpg,WSSV-118-img-3,.jpg,True,/home/drnguyenvinh/notebooks/shrimp_yolo_canonical_bg_wssv_2cls_split70_15_15/labels/val/WSSV-118-img-3.txt,True,2048,2048,3,4.194304,1.0,184.509765625,True,,9,True,
val,/home/drnguyenvinh/notebooks/shrimp_yolo_canonical_bg_wssv_2cls_split70_15_15/images/val/WSSV-15-img-3.jpg,WSSV-15-img-3.jpg,WSSV-15-img-3,.jpg,True,/home/drnguyenvinh/notebooks/shrimp_yolo_canonical_bg_wssv_2cls_split70_15_15/labels/val/WSSV-15-img-3.txt,True,2048,2048,3,4.194304,1.0,198.9091796875,True,,2,True,
val,/home/drnguyenvinh/notebooks/shrimp_yolo_canonical_bg_wssv_2cls_split70_15_15/images/val/WSSV-22-img-1.jpg,WSSV-22-img-1.jpg,WSSV-22-img-1,.jpg,True,/home/drnguyenvinh/notebooks/shrimp_yolo_canonical_bg_wssv_2cls_split70_15_15/labels/val/WSSV-22-img-1.txt,True,2048,2048,3,4.194304,1.0,157.53515625,True,,2,True,
val,/home/drnguyenvinh/notebooks/shrimp_yolo_canonical_bg_wssv_2cls_split70_15_15/images/val/WSSV-24-img-1.jpg,WSSV-24-img-1.jpg,WSSV-24-img-1,.jpg,True,/home/drnguyenvinh/notebooks/shrimp_yolo_canonical_bg_wssv_2cls_split70_15_15/labels/val/WSSV-24-img-1.txt,True,2048,2048,3,4.194304,1.0,153.4990234375,True,,16,True,
val,/home/drnguyenvinh/notebooks/shrimp_yolo_canonical_bg_wssv_2cls_split70_15_15/images/val/WSSV-26-img-1.jpg,WSSV-26-img-1.jpg,WSSV-26-img-1,.jpg,True,/home/drnguyenvinh/notebooks/shrimp_yolo_canonical_bg_wssv_2cls_split70_15_15/labels/val/WSSV-26-img-1.txt,True,2048,2048,3,4.194304,1.0,180.0029296875,True,,7,True,
val,/home/drnguyenvinh/notebooks/shrimp_yolo_canonical_bg_wssv_2cls_split70_15_15/images/val/WSSV-32-img-2.jpg,WSSV-32-img-2.jpg,WSSV-32-img-2,.jpg,True,/home/drnguyenvinh/notebooks/shrimp_yolo_canonical_bg_wssv_2cls_split70_15_15/labels/val/WSSV-32-img-2.txt,True,2048,2048,3,4.194304,1.0,164.4296875,True,,2,True,
val,/home/drnguyenvinh/notebooks/shrimp_yolo_canonical_bg_wssv_2cls_split70_15_15/images/val/WSSV-33-img-3.jpg,WSSV-33-img-3.jpg,WSSV-33-img-3,.jpg,True,/home/drnguyenvinh/notebooks/shrimp_yolo_canonical_bg_wssv_2cls_split70_15_15/labels/val/WSSV-33-img-3.txt,True,2048,2048,3,4.194304,1.0,146.37890625,True,,2,True,
val,/home/drnguyenvinh/notebooks/shrimp_yolo_canonical_bg_wssv_2cls_split70_15_15/images/val/WSSV-38-img-1.jpg,WSSV-38-img-1.jpg,WSSV-38-img-1,.jpg,True,/home/drnguyenvinh/notebooks/shrimp_yolo_canonical_bg_wssv_2cls_split70_15_15/labels/val/WSSV-38-img-1.txt,True,2048,2048,3,4.194304,1.0,146.044921875,True,,11,True,
val,/home/drnguyenvinh/notebooks/shrimp_yolo_canonical_bg_wssv_2cls_split70_15_15/images/val/WSSV-38-img-3.jpg,WSSV-38-img-3.jpg,WSSV-38-img-3,.jpg,True,/home/drnguyenvinh/notebooks/shrimp_yolo_canonical_bg_wssv_2cls_split70_15_15/labels/val/WSSV-38-img-3.txt,True,2048,2048,3,4.194304,1.0,147.46875,True,,6,True,
val,/home/drnguyenvinh/notebooks/shrimp_yolo_canonical_bg_wssv_2cls_split70_15_15/images/val/WSSV-46-img-2.jpg,WSSV-46-img-2.jpg,WSSV-46-img-2,.jpg,True,/home/drnguyenvinh/notebooks/shrimp_yolo_canonical_bg_wssv_2cls_split70_15_15/labels/val/WSSV-46-img-2.txt,True,2048,2048,3,4.194304,1.0,166.314453125,True,,5,True,
val,/home/drnguyenvinh/notebooks/shrimp_yolo_canonical_bg_wssv_2cls_split70_15_15/images/val/WSSV-50-img-2.jpg,WSSV-50-img-2.jpg,WSSV-50-img-2,.jpg,True,/home/drnguyenvinh/notebooks/shrimp_yolo_canonical_bg_wssv_2cls_split70_15_15/labels/val/WSSV-50-img-2.txt,True,2048,2048,3,4.194304,1.0,173.69921875,True,,9,True,
val,/home/drnguyenvinh/notebooks/shrimp_yolo_canonical_bg_wssv_2cls_split70_15_15/images/val/WSSV-54-img-1.jpg,WSSV-54-img-1.jpg,WSSV-54-img-1,.jpg,True,/home/drnguyenvinh/notebooks/shrimp_yolo_canonical_bg_wssv_2cls_split70_15_15/labels/val/WSSV-54-img-1.txt,True,2048,2048,3,4.194304,1.0,132.224609375,True,,19,True,
val,/home/drnguyenvinh/notebooks/shrimp_yolo_canonical_bg_wssv_2cls_split70_15_15/images/val/WSSV-59-img-1.jpg,WSSV-59-img-1.jpg,WSSV-59-img-1,.jpg,True,/home/drnguyenvinh/notebooks/shrimp_yolo_canonical_bg_wssv_2cls_split70_15_15/labels/val/WSSV-59-img-1.txt,True,2048,2048,3,4.194304,1.0,189.3203125,True,,10,True,
val,/home/drnguyenvinh/notebooks/shrimp_yolo_canonical_bg_wssv_2cls_split70_15_15/images/val/WSSV-6-img-3.jpg,WSSV-6-img-3.jpg,WSSV-6-img-3,.jpg,True,/home/drnguyenvinh/notebooks/shrimp_yolo_canonical_bg_wssv_2cls_split70_15_15/labels/val/WSSV-6-img-3.txt,True,2048,2048,3,4.194304,1.0,326.943359375,True,,19,True,
val,/home/drnguyenvinh/notebooks/shrimp_yolo_canonical_bg_wssv_2cls_split70_15_15/images/val/WSSV-61-img-1.jpg,WSSV-61-img-1.jpg,WSSV-61-img-1,.jpg,True,/home/drnguyenvinh/notebooks/shrimp_yolo_canonical_bg_wssv_2cls_split70_15_15/labels/val/WSSV-61-img-1.txt,True,2048,2048,3,4.194304,1.0,132.8720703125,True,,8,True,
val,/home/drnguyenvinh/notebooks/shrimp_yolo_canonical_bg_wssv_2cls_split70_15_15/images/val/WSSV-62-img-1.jpg,WSSV-62-img-1.jpg,WSSV-62-img-1,.jpg,True,/home/drnguyenvinh/notebooks/shrimp_yolo_canonical_bg_wssv_2cls_split70_15_15/labels/val/WSSV-62-img-1.txt,True,2048,2048,3,4.194304,1.0,138.1591796875,True,,42,True,
val,/home/drnguyenvinh/notebooks/shrimp_yolo_canonical_bg_wssv_2cls_split70_15_15/images/val/WSSV-63-img-1.jpg,WSSV-63-img-1.jpg,WSSV-63-img-1,.jpg,True,/home/drnguyenvinh/notebooks/shrimp_yolo_canonical_bg_wssv_2cls_split70_15_15/labels/val/WSSV-63-img-1.txt,True,2048,2048,3,4.194304,1.0,129.751953125,True,,3,True,
val,/home/drnguyenvinh/notebooks/shrimp_yolo_canonical_bg_wssv_2cls_split70_15_15/images/val/WSSV-63-img-2.jpg,WSSV-63-img-2.jpg,WSSV-63-img-2,.jpg,True,/home/drnguyenvinh/notebooks/shrimp_yolo_canonical_bg_wssv_2cls_split70_15_15/labels/val/WSSV-63-img-2.txt,True,2048,2048,3,4.194304,1.0,143.2470703125,True,,9,True,
val,/home/drnguyenvinh/notebooks/shrimp_yolo_canonical_bg_wssv_2cls_split70_15_15/images/val/WSSV-63-img-3.jpg,WSSV-63-img-3.jpg,WSSV-63-img-3,.jpg,True,/home/drnguyenvinh/notebooks/shrimp_yolo_canonical_bg_wssv_2cls_split70_15_15/labels/val/WSSV-63-img-3.txt,True,2048,2048,3,4.194304,1.0,128.91015625,True,,22,True,
val,/home/drnguyenvinh/notebooks/shrimp_yolo_canonical_bg_wssv_2cls_split70_15_15/images/val/WSSV-65-img-2.jpg,WSSV-65-img-2.jpg,WSSV-65-img-2,.jpg,True,/home/drnguyenvinh/notebooks/shrimp_yolo_canonical_bg_wssv_2cls_split70_15_15/labels/val/WSSV-65-img-2.txt,True,2048,2048,3,4.194304,1.0,142.1357421875,True,,11,True,
val,/home/drnguyenvinh/notebooks/shrimp_yolo_canonical_bg_wssv_2cls_split70_15_15/images/val/WSSV-66-img-2.jpg,WSSV-66-img-2.jpg,WSSV-66-img-2,.jpg,True,/home/drnguyenvinh/notebooks/shrimp_yolo_canonical_bg_wssv_2cls_split70_15_15/labels/val/WSSV-66-img-2.txt,True,2048,2048,3,4.194304,1.0,145.0068359375,True,,9,True,
val,/home/drnguyenvinh/notebooks/shrimp_yolo_canonical_bg_wssv_2cls_split70_15_15/images/val/WSSV-68-img-3.jpg,WSSV-68-img-3.jpg,WSSV-68-img-3,.jpg,True,/home/drnguyenvinh/notebooks/shrimp_yolo_canonical_bg_wssv_2cls_split70_15_15/labels/val/WSSV-68-img-3.txt,True,2048,2048,3,4.194304,1.0,152.833984375,True,,15,True,
val,/home/drnguyenvinh/notebooks/shrimp_yolo_canonical_bg_wssv_2cls_split70_15_15/images/val/WSSV-69-img-1.jpg,WSSV-69-img-1.jpg,WSSV-69-img-1,.jpg,True,/home/drnguyenvinh/notebooks/shrimp_yolo_canonical_bg_wssv_2cls_split70_15_15/labels/val/WSSV-69-img-1.txt,True,2048,2048,3,4.194304,1.0,129.1357421875,True,,7,True,
val,/home/drnguyenvinh/notebooks/shrimp_yolo_canonical_bg_wssv_2cls_split70_15_15/images/val/WSSV-69-img-3.jpg,WSSV-69-img-3.jpg,WSSV-69-img-3,.jpg,True,/home/drnguyenvinh/notebooks/shrimp_yolo_canonical_bg_wssv_2cls_split70_15_15/labels/val/WSSV-69-img-3.txt,True,2048,2048,3,4.194304,1.0,148.3720703125,True,,38,True,
val,/home/drnguyenvinh/notebooks/shrimp_yolo_canonical_bg_wssv_2cls_split70_15_15/images/val/WSSV-78-img-1.jpg,WSSV-78-img-1.jpg,WSSV-78-img-1,.jpg,True,/home/drnguyenvinh/notebooks/shrimp_yolo_canonical_bg_wssv_2cls_split70_15_15/labels/val/WSSV-78-img-1.txt,True,2048,2048,3,4.194304,1.0,149.8310546875,True,,3,True,
val,/home/drnguyenvinh/notebooks/shrimp_yolo_canonical_bg_wssv_2cls_split70_15_15/images/val/WSSV-79-img-2.jpg,WSSV-79-img-2.jpg,WSSV-79-img-2,.jpg,True,/home/drnguyenvinh/notebooks/shrimp_yolo_canonical_bg_wssv_2cls_split70_15_15/labels/val/WSSV-79-img-2.txt,True,2048,2048,3,4.194304,1.0,139.9384765625,True,,3,True,
val,/home/drnguyenvinh/notebooks/shrimp_yolo_canonical_bg_wssv_2cls_split70_15_15/images/val/WSSV-8-img-3.jpg,WSSV-8-img-3.jpg,WSSV-8-img-3,.jpg,True,/home/drnguyenvinh/notebooks/shrimp_yolo_canonical_bg_wssv_2cls_split70_15_15/labels/val/WSSV-8-img-3.txt,True,2048,2048,3,4.194304,1.0,749.365234375,True,,13,True,
val,/home/drnguyenvinh/notebooks/shrimp_yolo_canonical_bg_wssv_2cls_split70_15_15/images/val/WSSV-80-img-2.jpg,WSSV-80-img-2.jpg,WSSV-80-img-2,.jpg,True,/home/drnguyenvinh/notebooks/shrimp_yolo_canonical_bg_wssv_2cls_split70_15_15/labels/val/WSSV-80-img-2.txt,True,2048,2048,3,4.194304,1.0,144.994140625,True,,7,True,
val,/home/drnguyenvinh/notebooks/shrimp_yolo_canonical_bg_wssv_2cls_split70_15_15/images/val/WSSV-81-img-1.jpg,WSSV-81-img-1.jpg,WSSV-81-img-1,.jpg,True,/home/drnguyenvinh/notebooks/shrimp_yolo_canonical_bg_wssv_2cls_split70_15_15/labels/val/WSSV-81-img-1.txt,True,2048,2048,3,4.194304,1.0,150.658203125,True,,9,True,
val,/home/drnguyenvinh/notebooks/shrimp_yolo_canonical_bg_wssv_2cls_split70_15_15/images/val/WSSV-82-img-2.jpg,WSSV-82-img-2.jpg,WSSV-82-img-2,.jpg,True,/home/drnguyenvinh/notebooks/shrimp_yolo_canonical_bg_wssv_2cls_split70_15_15/labels/val/WSSV-82-img-2.txt,True,2048,2048,3,4.194304,1.0,241.015625,True,,5,True,
val,/home/drnguyenvinh/notebooks/shrimp_yolo_canonical_bg_wssv_2cls_split70_15_15/images/val/WSSV-86-img-3.jpg,WSSV-86-img-3.jpg,WSSV-86-img-3,.jpg,True,/home/drnguyenvinh/notebooks/shrimp_yolo_canonical_bg_wssv_2cls_split70_15_15/labels/val/WSSV-86-img-3.txt,True,2048,2048,3,4.194304,1.0,215.7587890625,True,,9,True,
val,/home/drnguyenvinh/notebooks/shrimp_yolo_canonical_bg_wssv_2cls_split70_15_15/images/val/WSSV-90-img-1.jpg,WSSV-90-img-1.jpg,WSSV-90-img-1,.jpg,True,/home/drnguyenvinh/notebooks/shrimp_yolo_canonical_bg_wssv_2cls_split70_15_15/labels/val/WSSV-90-img-1.txt,True,2048,2048,3,4.194304,1.0,211.724609375,True,,13,True,
val,/home/drnguyenvinh/notebooks/shrimp_yolo_canonical_bg_wssv_2cls_split70_15_15/images/val/WSSV-91-img-3.jpg,WSSV-91-img-3.jpg,WSSV-91-img-3,.jpg,True,/home/drnguyenvinh/notebooks/shrimp_yolo_canonical_bg_wssv_2cls_split70_15_15/labels/val/WSSV-91-img-3.txt,True,2048,2048,3,4.194304,1.0,175.595703125,True,,8,True,
val,/home/drnguyenvinh/notebooks/shrimp_yolo_canonical_bg_wssv_2cls_split70_15_15/images/val/WSSV-92-img-3.jpg,WSSV-92-img-3.jpg,WSSV-92-img-3,.jpg,True,/home/drnguyenvinh/notebooks/shrimp_yolo_canonical_bg_wssv_2cls_split70_15_15/labels/val/WSSV-92-img-3.txt,True,2048,2048,3,4.194304,1.0,181.7392578125,True,,4,True,
val,/home/drnguyenvinh/notebooks/shrimp_yolo_canonical_bg_wssv_2cls_split70_15_15/images/val/WSSV-94-img-2.jpg,WSSV-94-img-2.jpg,WSSV-94-img-2,.jpg,True,/home/drnguyenvinh/notebooks/shrimp_yolo_canonical_bg_wssv_2cls_split70_15_15/labels/val/WSSV-94-img-2.txt,True,2048,2048,3,4.194304,1.0,215.0361328125,True,,10,True,
val,/home/drnguyenvinh/notebooks/shrimp_yolo_canonical_bg_wssv_2cls_split70_15_15/images/val/WSSV-96-img-2.jpg,WSSV-96-img-2.jpg,WSSV-96-img-2,.jpg,True,/home/drnguyenvinh/notebooks/shrimp_yolo_canonical_bg_wssv_2cls_split70_15_15/labels/val/WSSV-96-img-2.txt,True,2048,2048,3,4.194304,1.0,210.6962890625,True,,9,True,
val,/home/drnguyenvinh/notebooks/shrimp_yolo_canonical_bg_wssv_2cls_split70_15_15/images/val/WSSV-97-img-2.jpg,WSSV-97-img-2.jpg,WSSV-97-img-2,.jpg,True,/home/drnguyenvinh/notebooks/shrimp_yolo_canonical_bg_wssv_2cls_split70_15_15/labels/val/WSSV-97-img-2.txt,True,2048,2048,3,4.194304,1.0,201.0810546875,True,,8,True,
val,/home/drnguyenvinh/notebooks/shrimp_yolo_canonical_bg_wssv_2cls_split70_15_15/images/val/WSSV_BG-11-img-1.jpg,WSSV_BG-11-img-1.jpg,WSSV_BG-11-img-1,.jpg,True,/home/drnguyenvinh/notebooks/shrimp_yolo_canonical_bg_wssv_2cls_split70_15_15/labels/val/WSSV_BG-11-img-1.txt,True,2048,2048,3,4.194304,1.0,944.1455078125,True,,8,True,
val,/home/drnguyenvinh/notebooks/shrimp_yolo_canonical_bg_wssv_2cls_split70_15_15/images/val/WSSV_BG-12-img-3.jpg,WSSV_BG-12-img-3.jpg,WSSV_BG-12-img-3,.jpg,True,/home/drnguyenvinh/notebooks/shrimp_yolo_canonical_bg_wssv_2cls_split70_15_15/labels/val/WSSV_BG-12-img-3.txt,True,2048,2048,3,4.194304,1.0,743.6044921875,True,,10,True,
val,/home/drnguyenvinh/notebooks/shrimp_yolo_canonical_bg_wssv_2cls_split70_15_15/images/val/WSSV_BG-15-img-1.jpg,WSSV_BG-15-img-1.jpg,WSSV_BG-15-img-1,.jpg,True,/home/drnguyenvinh/notebooks/shrimp_yolo_canonical_bg_wssv_2cls_split70_15_15/labels/val/WSSV_BG-15-img-1.txt,True,2048,2048,3,4.194304,1.0,781.2080078125,True,,3,True,
val,/home/drnguyenvinh/notebooks/shrimp_yolo_canonical_bg_wssv_2cls_split70_15_15/images/val/WSSV_BG-16-img-2.jpg,WSSV_BG-16-img-2.jpg,WSSV_BG-16-img-2,.jpg,True,/home/drnguyenvinh/notebooks/shrimp_yolo_canonical_bg_wssv_2cls_split70_15_15/labels/val/WSSV_BG-16-img-2.txt,True,2048,2048,3,4.194304,1.0,388.5185546875,True,,8,True,
val,/home/drnguyenvinh/notebooks/shrimp_yolo_canonical_bg_wssv_2cls_split70_15_15/images/val/WSSV_BG-17-img-1.jpg,WSSV_BG-17-img-1.jpg,WSSV_BG-17-img-1,.jpg,True,/home/drnguyenvinh/notebooks/shrimp_yolo_canonical_bg_wssv_2cls_split70_15_15/labels/val/WSSV_BG-17-img-1.txt,True,2048,2048,3,4.194304,1.0,449.904296875,True,,9,True,
val,/home/drnguyenvinh/notebooks/shrimp_yolo_canonical_bg_wssv_2cls_split70_15_15/images/val/WSSV_BG-20-img-3.jpg,WSSV_BG-20-img-3.jpg,WSSV_BG-20-img-3,.jpg,True,/home/drnguyenvinh/notebooks/shrimp_yolo_canonical_bg_wssv_2cls_split70_15_15/labels/val/WSSV_BG-20-img-3.txt,True,2048,2048,3,4.194304,1.0,147.6142578125,True,,4,True,
val,/home/drnguyenvinh/notebooks/shrimp_yolo_canonical_bg_wssv_2cls_split70_15_15/images/val/WSSV_BG-23-img-1.jpg,WSSV_BG-23-img-1.jpg,WSSV_BG-23-img-1,.jpg,True,/home/drnguyenvinh/notebooks/shrimp_yolo_canonical_bg_wssv_2cls_split70_15_15/labels/val/WSSV_BG-23-img-1.txt,True,2048,2048,3,4.194304,1.0,169.0068359375,True,,8,True,
val,/home/drnguyenvinh/notebooks/shrimp_yolo_canonical_bg_wssv_2cls_split70_15_15/images/val/WSSV_BG-26-img-1.jpg,WSSV_BG-26-img-1.jpg,WSSV_BG-26-img-1,.jpg,True,/home/drnguyenvinh/notebooks/shrimp_yolo_canonical_bg_wssv_2cls_split70_15_15/labels/val/WSSV_BG-26-img-1.txt,True,2048,2048,3,4.194304,1.0,141.056640625,True,,3,True,
val,/home/drnguyenvinh/notebooks/shrimp_yolo_canonical_bg_wssv_2cls_split70_15_15/images/val/WSSV_BG-27-img-2.jpg,WSSV_BG-27-img-2.jpg,WSSV_BG-27-img-2,.jpg,True,/home/drnguyenvinh/notebooks/shrimp_yolo_canonical_bg_wssv_2cls_split70_15_15/labels/val/WSSV_BG-27-img-2.txt,True,2048,2048,3,4.194304,1.0,152.765625,True,,12,True,
val,/home/drnguyenvinh/notebooks/shrimp_yolo_canonical_bg_wssv_2cls_split70_15_15/images/val/WSSV_BG-28-img-3.jpg,WSSV_BG-28-img-3.jpg,WSSV_BG-28-img-3,.jpg,True,/home/drnguyenvinh/notebooks/shrimp_yolo_canonical_bg_wssv_2cls_split70_15_15/labels/val/WSSV_BG-28-img-3.txt,True,2048,2048,3,4.194304,1.0,143.83203125,True,,5,True,
val,/home/drnguyenvinh/notebooks/shrimp_yolo_canonical_bg_wssv_2cls_split70_15_15/images/val/WSSV_BG-29-img-3.jpg,WSSV_BG-29-img-3.jpg,WSSV_BG-29-img-3,.jpg,True,/home/drnguyenvinh/notebooks/shrimp_yolo_canonical_bg_wssv_2cls_split70_15_15/labels/val/WSSV_BG-29-img-3.txt,True,2048,2048,3,4.194304,1.0,145.810546875,True,,9,True,
val,/home/drnguyenvinh/notebooks/shrimp_yolo_canonical_bg_wssv_2cls_split70_15_15/images/val/WSSV_BG-3-img-2.jpg,WSSV_BG-3-img-2.jpg,WSSV_BG-3-img-2,.jpg,True,/home/drnguyenvinh/notebooks/shrimp_yolo_canonical_bg_wssv_2cls_split70_15_15/labels/val/WSSV_BG-3-img-2.txt,True,2048,2048,3,4.194304,1.0,853.65234375,True,,4,True,
val,/home/drnguyenvinh/notebooks/shrimp_yolo_canonical_bg_wssv_2cls_split70_15_15/images/val/WSSV_BG-33-img-1.jpg,WSSV_BG-33-img-1.jpg,WSSV_BG-33-img-1,.jpg,True,/home/drnguyenvinh/notebooks/shrimp_yolo_canonical_bg_wssv_2cls_split70_15_15/labels/val/WSSV_BG-33-img-1.txt,True,2048,2048,3,4.194304,1.0,212.8623046875,True,,10,True,
val,/home/drnguyenvinh/notebooks/shrimp_yolo_canonical_bg_wssv_2cls_split70_15_15/images/val/WSSV_BG-37-img-3.jpg,WSSV_BG-37-img-3.jpg,WSSV_BG-37-img-3,.jpg,True,/home/drnguyenvinh/notebooks/shrimp_yolo_canonical_bg_wssv_2cls_split70_15_15/labels/val/WSSV_BG-37-img-3.txt,True,2048,2048,3,4.194304,1.0,219.521484375,True,,8,True,
val,/home/drnguyenvinh/notebooks/shrimp_yolo_canonical_bg_wssv_2cls_split70_15_15/images/val/WSSV_BG-41-img-2.jpg,WSSV_BG-41-img-2.jpg,WSSV_BG-41-img-2,.jpg,True,/home/drnguyenvinh/notebooks/shrimp_yolo_canonical_bg_wssv_2cls_split70_15_15/labels/val/WSSV_BG-41-img-2.txt,True,2048,2048,3,4.194304,1.0,211.5439453125,True,,8,True,
val,/home/drnguyenvinh/notebooks/shrimp_yolo_canonical_bg_wssv_2cls_split70_15_15/images/val/WSSV_BG-44-img-2.jpg,WSSV_BG-44-img-2.jpg,WSSV_BG-44-img-2,.jpg,True,/home/drnguyenvinh/notebooks/shrimp_yolo_canonical_bg_wssv_2cls_split70_15_15/labels/val/WSSV_BG-44-img-2.txt,True,2048,2048,3,4.194304,1.0,196.1611328125,True,,5,True,
val,/home/drnguyenvinh/notebooks/shrimp_yolo_canonical_bg_wssv_2cls_split70_15_15/images/val/WSSV_BG-47-img-2.jpg,WSSV_BG-47-img-2.jpg,WSSV_BG-47-img-2,.jpg,True,/home/drnguyenvinh/notebooks/shrimp_yolo_canonical_bg_wssv_2cls_split70_15_15/labels/val/WSSV_BG-47-img-2.txt,True,2048,2048,3,4.194304,1.0,194.5625,True,,8,True,
val,/home/drnguyenvinh/notebooks/shrimp_yolo_canonical_bg_wssv_2cls_split70_15_15/images/val/WSSV_BG-48-img-2.jpg,WSSV_BG-48-img-2.jpg,WSSV_BG-48-img-2,.jpg,True,/home/drnguyenvinh/notebooks/shrimp_yolo_canonical_bg_wssv_2cls_split70_15_15/labels/val/WSSV_BG-48-img-2.txt,True,2048,2048,3,4.194304,1.0,239.5205078125,True,,20,True,
val,/home/drnguyenvinh/notebooks/shrimp_yolo_canonical_bg_wssv_2cls_split70_15_15/images/val/WSSV_BG-49-img-2.jpg,WSSV_BG-49-img-2.jpg,WSSV_BG-49-img-2,.jpg,True,/home/drnguyenvinh/notebooks/shrimp_yolo_canonical_bg_wssv_2cls_split70_15_15/labels/val/WSSV_BG-49-img-2.txt,True,2048,2048,3,4.194304,1.0,215.4560546875,True,,10,True,
val,/home/drnguyenvinh/notebooks/shrimp_yolo_canonical_bg_wssv_2cls_split70_15_15/images/val/WSSV_BG-5-img-1.jpg,WSSV_BG-5-img-1.jpg,WSSV_BG-5-img-1,.jpg,True,/home/drnguyenvinh/notebooks/shrimp_yolo_canonical_bg_wssv_2cls_split70_15_15/labels/val/WSSV_BG-5-img-1.txt,True,2048,2048,3,4.194304,1.0,854.435546875,True,,11,True,
val,/home/drnguyenvinh/notebooks/shrimp_yolo_canonical_bg_wssv_2cls_split70_15_15/images/val/WSSV_BG-52-img-1.jpg,WSSV_BG-52-img-1.jpg,WSSV_BG-52-img-1,.jpg,True,/home/drnguyenvinh/notebooks/shrimp_yolo_canonical_bg_wssv_2cls_split70_15_15/labels/val/WSSV_BG-52-img-1.txt,True,2048,2048,3,4.194304,1.0,224.8017578125,True,,10,True,
val,/home/drnguyenvinh/notebooks/shrimp_yolo_canonical_bg_wssv_2cls_split70_15_15/images/val/WSSV_BG-52-img-2.jpg,WSSV_BG-52-img-2.jpg,WSSV_BG-52-img-2,.jpg,True,/home/drnguyenvinh/notebooks/shrimp_yolo_canonical_bg_wssv_2cls_split70_15_15/labels/val/WSSV_BG-52-img-2.txt,True,2048,2048,3,4.194304,1.0,240.140625,True,,7,True,
val,/home/drnguyenvinh/notebooks/shrimp_yolo_canonical_bg_wssv_2cls_split70_15_15/images/val/WSSV_BG-59-img-2.jpg,WSSV_BG-59-img-2.jpg,WSSV_BG-59-img-2,.jpg,True,/home/drnguyenvinh/notebooks/shrimp_yolo_canonical_bg_wssv_2cls_split70_15_15/labels/val/WSSV_BG-59-img-2.txt,True,2048,2048,3,4.194304,1.0,206.01171875,True,,19,True,
val,/home/drnguyenvinh/notebooks/shrimp_yolo_canonical_bg_wssv_2cls_split70_15_15/images/val/WSSV_BG-62-img-2.jpg,WSSV_BG-62-img-2.jpg,WSSV_BG-62-img-2,.jpg,True,/home/drnguyenvinh/notebooks/shrimp_yolo_canonical_bg_wssv_2cls_split70_15_15/labels/val/WSSV_BG-62-img-2.txt,True,2048,2048,3,4.194304,1.0,232.8349609375,True,,9,True,
val,/home/drnguyenvinh/notebooks/shrimp_yolo_canonical_bg_wssv_2cls_split70_15_15/images/val/WSSV_BG-63-img-1.jpg,WSSV_BG-63-img-1.jpg,WSSV_BG-63-img-1,.jpg,True,/home/drnguyenvinh/notebooks/shrimp_yolo_canonical_bg_wssv_2cls_split70_15_15/labels/val/WSSV_BG-63-img-1.txt,True,2048,2048,3,4.194304,1.0,225.31640625,True,,9,True,
val,/home/drnguyenvinh/notebooks/shrimp_yolo_canonical_bg_wssv_2cls_split70_15_15/images/val/WSSV_BG-64-img-2.jpg,WSSV_BG-64-img-2.jpg,WSSV_BG-64-img-2,.jpg,True,/home/drnguyenvinh/notebooks/shrimp_yolo_canonical_bg_wssv_2cls_split70_15_15/labels/val/WSSV_BG-64-img-2.txt,True,2048,2048,3,4.194304,1.0,213.2939453125,True,,8,True,
val,/home/drnguyenvinh/notebooks/shrimp_yolo_canonical_bg_wssv_2cls_split70_15_15/images/val/WSSV_BG-66-img-2.jpg,WSSV_BG-66-img-2.jpg,WSSV_BG-66-img-2,.jpg,True,/home/drnguyenvinh/notebooks/shrimp_yolo_canonical_bg_wssv_2cls_split70_15_15/labels/val/WSSV_BG-66-img-2.txt,True,2048,2048,3,4.194304,1.0,233.1875,True,,10,True,
val,/home/drnguyenvinh/notebooks/shrimp_yolo_canonical_bg_wssv_2cls_split70_15_15/images/val/WSSV_BG-66-img-3.jpg,WSSV_BG-66-img-3.jpg,WSSV_BG-66-img-3,.jpg,True,/home/drnguyenvinh/notebooks/shrimp_yolo_canonical_bg_wssv_2cls_split70_15_15/labels/val/WSSV_BG-66-img-3.txt,True,2048,2048,3,4.194304,1.0,203.3095703125,True,,10,True,
val,/home/drnguyenvinh/notebooks/shrimp_yolo_canonical_bg_wssv_2cls_split70_15_15/images/val/WSSV_BG-67-img-3.jpg,WSSV_BG-67-img-3.jpg,WSSV_BG-67-img-3,.jpg,True,/home/drnguyenvinh/notebooks/shrimp_yolo_canonical_bg_wssv_2cls_split70_15_15/labels/val/WSSV_BG-67-img-3.txt,True,2048,2048,3,4.194304,1.0,228.9501953125,True,,7,True,
val,/home/drnguyenvinh/notebooks/shrimp_yolo_canonical_bg_wssv_2cls_split70_15_15/images/val/WSSV_BG-7-img-2.jpg,WSSV_BG-7-img-2.jpg,WSSV_BG-7-img-2,.jpg,True,/home/drnguyenvinh/notebooks/shrimp_yolo_canonical_bg_wssv_2cls_split70_15_15/labels/val/WSSV_BG-7-img-2.txt,True,2048,2048,3,4.194304,1.0,769.13671875,True,,5,True,
val,/home/drnguyenvinh/notebooks/shrimp_yolo_canonical_bg_wssv_2cls_split70_15_15/images/val/WSSV_BG-71-img-1.jpg,WSSV_BG-71-img-1.jpg,WSSV_BG-71-img-1,.jpg,True,/home/drnguyenvinh/notebooks/shrimp_yolo_canonical_bg_wssv_2cls_split70_15_15/labels/val/WSSV_BG-71-img-1.txt,True,2048,2048,3,4.194304,1.0,198.8203125,True,,8,True,
val,/home/drnguyenvinh/notebooks/shrimp_yolo_canonical_bg_wssv_2cls_split70_15_15/images/val/WSSV_BG-79-img-2.jpg,WSSV_BG-79-img-2.jpg,WSSV_BG-79-img-2,.jpg,True,/home/drnguyenvinh/notebooks/shrimp_yolo_canonical_bg_wssv_2cls_split70_15_15/labels/val/WSSV_BG-79-img-2.txt,True,2048,2048,3,4.194304,1.0,252.619140625,True,,9,True,
val,/home/drnguyenvinh/notebooks/shrimp_yolo_canonical_bg_wssv_2cls_split70_15_15/images/val/WSSV_BG-81-img-2.jpg,WSSV_BG-81-img-2.jpg,WSSV_BG-81-img-2,.jpg,True,/home/drnguyenvinh/notebooks/shrimp_yolo_canonical_bg_wssv_2cls_split70_15_15/labels/val/WSSV_BG-81-img-2.txt,True,2048,2048,3,4.194304,1.0,218.9775390625,True,,10,True,
test,/home/drnguyenvinh/notebooks/shrimp_yolo_canonical_bg_wssv_2cls_split70_15_15/images/test/BG-11-img-1.jpg,BG-11-img-1.jpg,BG-11-img-1,.jpg,True,/home/drnguyenvinh/notebooks/shrimp_yolo_canonical_bg_wssv_2cls_split70_15_15/labels/test/BG-11-img-1.txt,True,2048,2048,3,4.194304,1.0,638.55078125,True,,5,True,
test,/home/drnguyenvinh/notebooks/shrimp_yolo_canonical_bg_wssv_2cls_split70_15_15/images/test/BG-11-img-2.jpg,BG-11-img-2.jpg,BG-11-img-2,.jpg,True,/home/drnguyenvinh/notebooks/shrimp_yolo_canonical_bg_wssv_2cls_split70_15_15/labels/test/BG-11-img-2.txt,True,2048,2048,3,4.194304,1.0,579.0791015625,True,,5,True,
test,/home/drnguyenvinh/notebooks/shrimp_yolo_canonical_bg_wssv_2cls_split70_15_15/images/test/BG-11-img-3.jpg,BG-11-img-3.jpg,BG-11-img-3,.jpg,True,/home/drnguyenvinh/notebooks/shrimp_yolo_canonical_bg_wssv_2cls_split70_15_15/labels/test/BG-11-img-3.txt,True,2048,2048,3,4.194304,1.0,608.302734375,True,,5,True,
test,/home/drnguyenvinh/notebooks/shrimp_yolo_canonical_bg_wssv_2cls_split70_15_15/images/test/BG-19-img-2.jpg,BG-19-img-2.jpg,BG-19-img-2,.jpg,True,/home/drnguyenvinh/notebooks/shrimp_yolo_canonical_bg_wssv_2cls_split70_15_15/labels/test/BG-19-img-2.txt,True,2048,2048,3,4.194304,1.0,164.748046875,True,,1,True,
test,/home/drnguyenvinh/notebooks/shrimp_yolo_canonical_bg_wssv_2cls_split70_15_15/images/test/BG-2-img-1.jpg,BG-2-img-1.jpg,BG-2-img-1,.jpg,True,/home/drnguyenvinh/notebooks/shrimp_yolo_canonical_bg_wssv_2cls_split70_15_15/labels/test/BG-2-img-1.txt,True,2048,2048,3,4.194304,1.0,875.4443359375,True,,1,True,
test,/home/drnguyenvinh/notebooks/shrimp_yolo_canonical_bg_wssv_2cls_split70_15_15/images/test/BG-20-img-1.jpg,BG-20-img-1.jpg,BG-20-img-1,.jpg,True,/home/drnguyenvinh/notebooks/shrimp_yolo_canonical_bg_wssv_2cls_split70_15_15/labels/test/BG-20-img-1.txt,True,2048,2048,3,4.194304,1.0,163.3232421875,True,,1,True,
test,/home/drnguyenvinh/notebooks/shrimp_yolo_canonical_bg_wssv_2cls_split70_15_15/images/test/BG-21-img-1.jpg,BG-21-img-1.jpg,BG-21-img-1,.jpg,True,/home/drnguyenvinh/notebooks/shrimp_yolo_canonical_bg_wssv_2cls_split70_15_15/labels/test/BG-21-img-1.txt,True,2048,2048,3,4.194304,1.0,723.4873046875,True,,1,True,
test,/home/drnguyenvinh/notebooks/shrimp_yolo_canonical_bg_wssv_2cls_split70_15_15/images/test/BG-23-img-2.jpg,BG-23-img-2.jpg,BG-23-img-2,.jpg,True,/home/drnguyenvinh/notebooks/shrimp_yolo_canonical_bg_wssv_2cls_split70_15_15/labels/test/BG-23-img-2.txt,True,2048,2048,3,4.194304,1.0,934.3740234375,True,,4,True,
test,/home/drnguyenvinh/notebooks/shrimp_yolo_canonical_bg_wssv_2cls_split70_15_15/images/test/BG-29-img-2.jpg,BG-29-img-2.jpg,BG-29-img-2,.jpg,True,/home/drnguyenvinh/notebooks/shrimp_yolo_canonical_bg_wssv_2cls_split70_15_15/labels/test/BG-29-img-2.txt,True,2048,2048,3,4.194304,1.0,147.4658203125,True,,2,True,
test,/home/drnguyenvinh/notebooks/shrimp_yolo_canonical_bg_wssv_2cls_split70_15_15/images/test/BG-30-img-1.jpg,BG-30-img-1.jpg,BG-30-img-1,.jpg,True,/home/drnguyenvinh/notebooks/shrimp_yolo_canonical_bg_wssv_2cls_split70_15_15/labels/test/BG-30-img-1.txt,True,2048,2048,3,4.194304,1.0,213.0224609375,True,,3,True,
test,/home/drnguyenvinh/notebooks/shrimp_yolo_canonical_bg_wssv_2cls_split70_15_15/images/test/BG-30-img-2.jpg,BG-30-img-2.jpg,BG-30-img-2,.jpg,True,/home/drnguyenvinh/notebooks/shrimp_yolo_canonical_bg_wssv_2cls_split70_15_15/labels/test/BG-30-img-2.txt,True,2048,2048,3,4.194304,1.0,240.6337890625,True,,3,True,
test,/home/drnguyenvinh/notebooks/shrimp_yolo_canonical_bg_wssv_2cls_split70_15_15/images/test/BG-30-img-3.jpg,BG-30-img-3.jpg,BG-30-img-3,.jpg,True,/home/drnguyenvinh/notebooks/shrimp_yolo_canonical_bg_wssv_2cls_split70_15_15/labels/test/BG-30-img-3.txt,True,2048,2048,3,4.194304,1.0,218.5244140625,True,,4,True,
test,/home/drnguyenvinh/notebooks/shrimp_yolo_canonical_bg_wssv_2cls_split70_15_15/images/test/BG-31-img-2.jpg,BG-31-img-2.jpg,BG-31-img-2,.jpg,True,/home/drnguyenvinh/notebooks/shrimp_yolo_canonical_bg_wssv_2cls_split70_15_15/labels/test/BG-31-img-2.txt,True,2048,2048,3,4.194304,1.0,227.947265625,True,,1,True,
test,/home/drnguyenvinh/notebooks/shrimp_yolo_canonical_bg_wssv_2cls_split70_15_15/images/test/BG-32-img-2.jpg,BG-32-img-2.jpg,BG-32-img-2,.jpg,True,/home/drnguyenvinh/notebooks/shrimp_yolo_canonical_bg_wssv_2cls_split70_15_15/labels/test/BG-32-img-2.txt,True,2048,2048,3,4.194304,1.0,212.845703125,True,,3,True,
test,/home/drnguyenvinh/notebooks/shrimp_yolo_canonical_bg_wssv_2cls_split70_15_15/images/test/BG-36-img-1.jpg,BG-36-img-1.jpg,BG-36-img-1,.jpg,True,/home/drnguyenvinh/notebooks/shrimp_yolo_canonical_bg_wssv_2cls_split70_15_15/labels/test/BG-36-img-1.txt,True,2048,2048,3,4.194304,1.0,144.380859375,True,,5,True,
test,/home/drnguyenvinh/notebooks/shrimp_yolo_canonical_bg_wssv_2cls_split70_15_15/images/test/BG-47-img-3.jpg,BG-47-img-3.jpg,BG-47-img-3,.jpg,True,/home/drnguyenvinh/notebooks/shrimp_yolo_canonical_bg_wssv_2cls_split70_15_15/labels/test/BG-47-img-3.txt,True,2048,2048,3,4.194304,1.0,205.591796875,True,,3,True,
test,/home/drnguyenvinh/notebooks/shrimp_yolo_canonical_bg_wssv_2cls_split70_15_15/images/test/BG-48-img-1.jpg,BG-48-img-1.jpg,BG-48-img-1,.jpg,True,/home/drnguyenvinh/notebooks/shrimp_yolo_canonical_bg_wssv_2cls_split70_15_15/labels/test/BG-48-img-1.txt,True,2048,2048,3,4.194304,1.0,150.9306640625,True,,1,True,
test,/home/drnguyenvinh/notebooks/shrimp_yolo_canonical_bg_wssv_2cls_split70_15_15/images/test/BG-55-img-1.jpg,BG-55-img-1.jpg,BG-55-img-1,.jpg,True,/home/drnguyenvinh/notebooks/shrimp_yolo_canonical_bg_wssv_2cls_split70_15_15/labels/test/BG-55-img-1.txt,True,2048,2048,3,4.194304,1.0,177.462890625,True,,1,True,
test,/home/drnguyenvinh/notebooks/shrimp_yolo_canonical_bg_wssv_2cls_split70_15_15/images/test/BG-59-img-1.jpg,BG-59-img-1.jpg,BG-59-img-1,.jpg,True,/home/drnguyenvinh/notebooks/shrimp_yolo_canonical_bg_wssv_2cls_split70_15_15/labels/test/BG-59-img-1.txt,True,2048,2048,3,4.194304,1.0,173.7333984375,True,,2,True,
test,/home/drnguyenvinh/notebooks/shrimp_yolo_canonical_bg_wssv_2cls_split70_15_15/images/test/BG-6-img-2.jpg,BG-6-img-2.jpg,BG-6-img-2,.jpg,True,/home/drnguyenvinh/notebooks/shrimp_yolo_canonical_bg_wssv_2cls_split70_15_15/labels/test/BG-6-img-2.txt,True,2048,2048,3,4.194304,1.0,812.5732421875,True,,1,True,
test,/home/drnguyenvinh/notebooks/shrimp_yolo_canonical_bg_wssv_2cls_split70_15_15/images/test/BG-62-img-2.jpg,BG-62-img-2.jpg,BG-62-img-2,.jpg,True,/home/drnguyenvinh/notebooks/shrimp_yolo_canonical_bg_wssv_2cls_split70_15_15/labels/test/BG-62-img-2.txt,True,2048,2048,3,4.194304,1.0,184.130859375,True,,3,True,
test,/home/drnguyenvinh/notebooks/shrimp_yolo_canonical_bg_wssv_2cls_split70_15_15/images/test/BG-63-img-2.jpg,BG-63-img-2.jpg,BG-63-img-2,.jpg,True,/home/drnguyenvinh/notebooks/shrimp_yolo_canonical_bg_wssv_2cls_split70_15_15/labels/test/BG-63-img-2.txt,True,2048,2048,3,4.194304,1.0,172.05859375,True,,2,True,
test,/home/drnguyenvinh/notebooks/shrimp_yolo_canonical_bg_wssv_2cls_split70_15_15/images/test/BG-67-img-2.jpg,BG-67-img-2.jpg,BG-67-img-2,.jpg,True,/home/drnguyenvinh/notebooks/shrimp_yolo_canonical_bg_wssv_2cls_split70_15_15/labels/test/BG-67-img-2.txt,True,2048,2048,3,4.194304,1.0,239.177734375,True,,2,True,
test,/home/drnguyenvinh/notebooks/shrimp_yolo_canonical_bg_wssv_2cls_split70_15_15/images/test/BG-68-img-2.jpg,BG-68-img-2.jpg,BG-68-img-2,.jpg,True,/home/drnguyenvinh/notebooks/shrimp_yolo_canonical_bg_wssv_2cls_split70_15_15/labels/test/BG-68-img-2.txt,True,2048,2048,3,4.194304,1.0,221.259765625,True,,4,True,
test,/home/drnguyenvinh/notebooks/shrimp_yolo_canonical_bg_wssv_2cls_split70_15_15/images/test/BG-7-img-3.jpg,BG-7-img-3.jpg,BG-7-img-3,.jpg,True,/home/drnguyenvinh/notebooks/shrimp_yolo_canonical_bg_wssv_2cls_split70_15_15/labels/test/BG-7-img-3.txt,True,2048,2048,3,4.194304,1.0,424.7314453125,True,,1,True,
test,/home/drnguyenvinh/notebooks/shrimp_yolo_canonical_bg_wssv_2cls_split70_15_15/images/test/BG-74-img-1.jpg,BG-74-img-1.jpg,BG-74-img-1,.jpg,True,/home/drnguyenvinh/notebooks/shrimp_yolo_canonical_bg_wssv_2cls_split70_15_15/labels/test/BG-74-img-1.txt,True,2048,2048,3,4.194304,1.0,223.9140625,True,,23,True,
test,/home/drnguyenvinh/notebooks/shrimp_yolo_canonical_bg_wssv_2cls_split70_15_15/images/test/BG-74-img-3.jpg,BG-74-img-3.jpg,BG-74-img-3,.jpg,True,/home/drnguyenvinh/notebooks/shrimp_yolo_canonical_bg_wssv_2cls_split70_15_15/labels/test/BG-74-img-3.txt,True,2048,2048,3,4.194304,1.0,205.0888671875,True,,2,True,
test,/home/drnguyenvinh/notebooks/shrimp_yolo_canonical_bg_wssv_2cls_split70_15_15/images/test/BG-75-img-1.jpg,BG-75-img-1.jpg,BG-75-img-1,.jpg,True,/home/drnguyenvinh/notebooks/shrimp_yolo_canonical_bg_wssv_2cls_split70_15_15/labels/test/BG-75-img-1.txt,True,2048,2048,3,4.194304,1.0,210.9970703125,True,,5,True,
test,/home/drnguyenvinh/notebooks/shrimp_yolo_canonical_bg_wssv_2cls_split70_15_15/images/test/BG-9-img-1.jpg,BG-9-img-1.jpg,BG-9-img-1,.jpg,True,/home/drnguyenvinh/notebooks/shrimp_yolo_canonical_bg_wssv_2cls_split70_15_15/labels/test/BG-9-img-1.txt,True,2048,2048,3,4.194304,1.0,747.9365234375,True,,2,True,
test,/home/drnguyenvinh/notebooks/shrimp_yolo_canonical_bg_wssv_2cls_split70_15_15/images/test/WSSV-10-img-1.jpg,WSSV-10-img-1.jpg,WSSV-10-img-1,.jpg,True,/home/drnguyenvinh/notebooks/shrimp_yolo_canonical_bg_wssv_2cls_split70_15_15/labels/test/WSSV-10-img-1.txt,True,2048,2048,3,4.194304,1.0,175.8984375,True,,7,True,
test,/home/drnguyenvinh/notebooks/shrimp_yolo_canonical_bg_wssv_2cls_split70_15_15/images/test/WSSV-101-img-2.jpg,WSSV-101-img-2.jpg,WSSV-101-img-2,.jpg,True,/home/drnguyenvinh/notebooks/shrimp_yolo_canonical_bg_wssv_2cls_split70_15_15/labels/test/WSSV-101-img-2.txt,True,2048,2048,3,4.194304,1.0,137.1796875,True,,8,True,
test,/home/drnguyenvinh/notebooks/shrimp_yolo_canonical_bg_wssv_2cls_split70_15_15/images/test/WSSV-104-img-1.jpg,WSSV-104-img-1.jpg,WSSV-104-img-1,.jpg,True,/home/drnguyenvinh/notebooks/shrimp_yolo_canonical_bg_wssv_2cls_split70_15_15/labels/test/WSSV-104-img-1.txt,True,2048,2048,3,4.194304,1.0,184.53125,True,,3,True,
test,/home/drnguyenvinh/notebooks/shrimp_yolo_canonical_bg_wssv_2cls_split70_15_15/images/test/WSSV-108-img-3.jpg,WSSV-108-img-3.jpg,WSSV-108-img-3,.jpg,True,/home/drnguyenvinh/notebooks/shrimp_yolo_canonical_bg_wssv_2cls_split70_15_15/labels/test/WSSV-108-img-3.txt,True,2048,2048,3,4.194304,1.0,203.896484375,True,,5,True,
test,/home/drnguyenvinh/notebooks/shrimp_yolo_canonical_bg_wssv_2cls_split70_15_15/images/test/WSSV-109-img-2.jpg,WSSV-109-img-2.jpg,WSSV-109-img-2,.jpg,True,/home/drnguyenvinh/notebooks/shrimp_yolo_canonical_bg_wssv_2cls_split70_15_15/labels/test/WSSV-109-img-2.txt,True,2048,2048,3,4.194304,1.0,217.3984375,True,,10,True,
test,/home/drnguyenvinh/notebooks/shrimp_yolo_canonical_bg_wssv_2cls_split70_15_15/images/test/WSSV-11-img-1.jpg,WSSV-11-img-1.jpg,WSSV-11-img-1,.jpg,True,/home/drnguyenvinh/notebooks/shrimp_yolo_canonical_bg_wssv_2cls_split70_15_15/labels/test/WSSV-11-img-1.txt,True,2048,2048,3,4.194304,1.0,168.7470703125,True,,7,True,
test,/home/drnguyenvinh/notebooks/shrimp_yolo_canonical_bg_wssv_2cls_split70_15_15/images/test/WSSV-11-img-3.jpg,WSSV-11-img-3.jpg,WSSV-11-img-3,.jpg,True,/home/drnguyenvinh/notebooks/shrimp_yolo_canonical_bg_wssv_2cls_split70_15_15/labels/test/WSSV-11-img-3.txt,True,2048,2048,3,4.194304,1.0,158.6767578125,True,,21,True,
test,/home/drnguyenvinh/notebooks/shrimp_yolo_canonical_bg_wssv_2cls_split70_15_15/images/test/WSSV-114-img-1.jpg,WSSV-114-img-1.jpg,WSSV-114-img-1,.jpg,True,/home/drnguyenvinh/notebooks/shrimp_yolo_canonical_bg_wssv_2cls_split70_15_15/labels/test/WSSV-114-img-1.txt,True,2048,2048,3,4.194304,1.0,173.2705078125,True,,7,True,
test,/home/drnguyenvinh/notebooks/shrimp_yolo_canonical_bg_wssv_2cls_split70_15_15/images/test/WSSV-12-img-1.jpg,WSSV-12-img-1.jpg,WSSV-12-img-1,.jpg,True,/home/drnguyenvinh/notebooks/shrimp_yolo_canonical_bg_wssv_2cls_split70_15_15/labels/test/WSSV-12-img-1.txt,True,2048,2048,3,4.194304,1.0,201.27734375,True,,6,True,
test,/home/drnguyenvinh/notebooks/shrimp_yolo_canonical_bg_wssv_2cls_split70_15_15/images/test/WSSV-13-img-3.jpg,WSSV-13-img-3.jpg,WSSV-13-img-3,.jpg,True,/home/drnguyenvinh/notebooks/shrimp_yolo_canonical_bg_wssv_2cls_split70_15_15/labels/test/WSSV-13-img-3.txt,True,2048,2048,3,4.194304,1.0,200.1328125,True,,2,True,
test,/home/drnguyenvinh/notebooks/shrimp_yolo_canonical_bg_wssv_2cls_split70_15_15/images/test/WSSV-14-img-2.jpg,WSSV-14-img-2.jpg,WSSV-14-img-2,.jpg,True,/home/drnguyenvinh/notebooks/shrimp_yolo_canonical_bg_wssv_2cls_split70_15_15/labels/test/WSSV-14-img-2.txt,True,2048,2048,3,4.194304,1.0,212.3603515625,True,,12,True,
test,/home/drnguyenvinh/notebooks/shrimp_yolo_canonical_bg_wssv_2cls_split70_15_15/images/test/WSSV-2-img-1.jpg,WSSV-2-img-1.jpg,WSSV-2-img-1,.jpg,True,/home/drnguyenvinh/notebooks/shrimp_yolo_canonical_bg_wssv_2cls_split70_15_15/labels/test/WSSV-2-img-1.txt,True,2048,2048,3,4.194304,1.0,651.2099609375,True,,3,True,
test,/home/drnguyenvinh/notebooks/shrimp_yolo_canonical_bg_wssv_2cls_split70_15_15/images/test/WSSV-23-img-3.jpg,WSSV-23-img-3.jpg,WSSV-23-img-3,.jpg,True,/home/drnguyenvinh/notebooks/shrimp_yolo_canonical_bg_wssv_2cls_split70_15_15/labels/test/WSSV-23-img-3.txt,True,2048,2048,3,4.194304,1.0,146.09765625,True,,3,True,
test,/home/drnguyenvinh/notebooks/shrimp_yolo_canonical_bg_wssv_2cls_split70_15_15/images/test/WSSV-25-img-2.jpg,WSSV-25-img-2.jpg,WSSV-25-img-2,.jpg,True,/home/drnguyenvinh/notebooks/shrimp_yolo_canonical_bg_wssv_2cls_split70_15_15/labels/test/WSSV-25-img-2.txt,True,2048,2048,3,4.194304,1.0,179.9541015625,True,,5,True,
test,/home/drnguyenvinh/notebooks/shrimp_yolo_canonical_bg_wssv_2cls_split70_15_15/images/test/WSSV-27-img-2.jpg,WSSV-27-img-2.jpg,WSSV-27-img-2,.jpg,True,/home/drnguyenvinh/notebooks/shrimp_yolo_canonical_bg_wssv_2cls_split70_15_15/labels/test/WSSV-27-img-2.txt,True,2048,2048,3,4.194304,1.0,213.5908203125,True,,10,True,
test,/home/drnguyenvinh/notebooks/shrimp_yolo_canonical_bg_wssv_2cls_split70_15_15/images/test/WSSV-27-img-3.jpg,WSSV-27-img-3.jpg,WSSV-27-img-3,.jpg,True,/home/drnguyenvinh/notebooks/shrimp_yolo_canonical_bg_wssv_2cls_split70_15_15/labels/test/WSSV-27-img-3.txt,True,2048,2048,3,4.194304,1.0,216.7470703125,True,,4,True,
test,/home/drnguyenvinh/notebooks/shrimp_yolo_canonical_bg_wssv_2cls_split70_15_15/images/test/WSSV-28-img-3.jpg,WSSV-28-img-3.jpg,WSSV-28-img-3,.jpg,True,/home/drnguyenvinh/notebooks/shrimp_yolo_canonical_bg_wssv_2cls_split70_15_15/labels/test/WSSV-28-img-3.txt,True,2048,2048,3,4.194304,1.0,187.177734375,True,,3,True,
test,/home/drnguyenvinh/notebooks/shrimp_yolo_canonical_bg_wssv_2cls_split70_15_15/images/test/WSSV-3-img-1.jpg,WSSV-3-img-1.jpg,WSSV-3-img-1,.jpg,True,/home/drnguyenvinh/notebooks/shrimp_yolo_canonical_bg_wssv_2cls_split70_15_15/labels/test/WSSV-3-img-1.txt,True,2048,2048,3,4.194304,1.0,411.359375,True,,18,True,
test,/home/drnguyenvinh/notebooks/shrimp_yolo_canonical_bg_wssv_2cls_split70_15_15/images/test/WSSV-30-img-2.jpg,WSSV-30-img-2.jpg,WSSV-30-img-2,.jpg,True,/home/drnguyenvinh/notebooks/shrimp_yolo_canonical_bg_wssv_2cls_split70_15_15/labels/test/WSSV-30-img-2.txt,True,2048,2048,3,4.194304,1.0,256.736328125,True,,8,True,
test,/home/drnguyenvinh/notebooks/shrimp_yolo_canonical_bg_wssv_2cls_split70_15_15/images/test/WSSV-31-img-3.jpg,WSSV-31-img-3.jpg,WSSV-31-img-3,.jpg,True,/home/drnguyenvinh/notebooks/shrimp_yolo_canonical_bg_wssv_2cls_split70_15_15/labels/test/WSSV-31-img-3.txt,True,2048,2048,3,4.194304,1.0,151.1455078125,True,,11,True,
test,/home/drnguyenvinh/notebooks/shrimp_yolo_canonical_bg_wssv_2cls_split70_15_15/images/test/WSSV-32-img-3.jpg,WSSV-32-img-3.jpg,WSSV-32-img-3,.jpg,True,/home/drnguyenvinh/notebooks/shrimp_yolo_canonical_bg_wssv_2cls_split70_15_15/labels/test/WSSV-32-img-3.txt,True,2048,2048,3,4.194304,1.0,160.30078125,True,,16,True,
test,/home/drnguyenvinh/notebooks/shrimp_yolo_canonical_bg_wssv_2cls_split70_15_15/images/test/WSSV-33-img-2.jpg,WSSV-33-img-2.jpg,WSSV-33-img-2,.jpg,True,/home/drnguyenvinh/notebooks/shrimp_yolo_canonical_bg_wssv_2cls_split70_15_15/labels/test/WSSV-33-img-2.txt,True,2048,2048,3,4.194304,1.0,186.4169921875,True,,11,True,
test,/home/drnguyenvinh/notebooks/shrimp_yolo_canonical_bg_wssv_2cls_split70_15_15/images/test/WSSV-36-img-3.jpg,WSSV-36-img-3.jpg,WSSV-36-img-3,.jpg,True,/home/drnguyenvinh/notebooks/shrimp_yolo_canonical_bg_wssv_2cls_split70_15_15/labels/test/WSSV-36-img-3.txt,True,2048,2048,3,4.194304,1.0,168.2626953125,True,,37,True,
test,/home/drnguyenvinh/notebooks/shrimp_yolo_canonical_bg_wssv_2cls_split70_15_15/images/test/WSSV-39-img-2.jpg,WSSV-39-img-2.jpg,WSSV-39-img-2,.jpg,True,/home/drnguyenvinh/notebooks/shrimp_yolo_canonical_bg_wssv_2cls_split70_15_15/labels/test/WSSV-39-img-2.txt,True,2048,2048,3,4.194304,1.0,166.8125,True,,3,True,
test,/home/drnguyenvinh/notebooks/shrimp_yolo_canonical_bg_wssv_2cls_split70_15_15/images/test/WSSV-44-img-1.jpg,WSSV-44-img-1.jpg,WSSV-44-img-1,.jpg,True,/home/drnguyenvinh/notebooks/shrimp_yolo_canonical_bg_wssv_2cls_split70_15_15/labels/test/WSSV-44-img-1.txt,True,2048,2048,3,4.194304,1.0,150.5576171875,True,,6,True,
test,/home/drnguyenvinh/notebooks/shrimp_yolo_canonical_bg_wssv_2cls_split70_15_15/images/test/WSSV-47-img-2.jpg,WSSV-47-img-2.jpg,WSSV-47-img-2,.jpg,True,/home/drnguyenvinh/notebooks/shrimp_yolo_canonical_bg_wssv_2cls_split70_15_15/labels/test/WSSV-47-img-2.txt,True,2048,2048,3,4.194304,1.0,218.423828125,True,,20,True,
test,/home/drnguyenvinh/notebooks/shrimp_yolo_canonical_bg_wssv_2cls_split70_15_15/images/test/WSSV-48-img-3.jpg,WSSV-48-img-3.jpg,WSSV-48-img-3,.jpg,True,/home/drnguyenvinh/notebooks/shrimp_yolo_canonical_bg_wssv_2cls_split70_15_15/labels/test/WSSV-48-img-3.txt,True,2048,2048,3,4.194304,1.0,175.76171875,True,,25,True,
test,/home/drnguyenvinh/notebooks/shrimp_yolo_canonical_bg_wssv_2cls_split70_15_15/images/test/WSSV-53-img-3.jpg,WSSV-53-img-3.jpg,WSSV-53-img-3,.jpg,True,/home/drnguyenvinh/notebooks/shrimp_yolo_canonical_bg_wssv_2cls_split70_15_15/labels/test/WSSV-53-img-3.txt,True,2048,2048,3,4.194304,1.0,155.994140625,True,,44,True,
test,/home/drnguyenvinh/notebooks/shrimp_yolo_canonical_bg_wssv_2cls_split70_15_15/images/test/WSSV-58-img-2.jpg,WSSV-58-img-2.jpg,WSSV-58-img-2,.jpg,True,/home/drnguyenvinh/notebooks/shrimp_yolo_canonical_bg_wssv_2cls_split70_15_15/labels/test/WSSV-58-img-2.txt,True,2048,2048,3,4.194304,1.0,152.2578125,True,,16,True,
test,/home/drnguyenvinh/notebooks/shrimp_yolo_canonical_bg_wssv_2cls_split70_15_15/images/test/WSSV-6-img-1.jpg,WSSV-6-img-1.jpg,WSSV-6-img-1,.jpg,True,/home/drnguyenvinh/notebooks/shrimp_yolo_canonical_bg_wssv_2cls_split70_15_15/labels/test/WSSV-6-img-1.txt,True,2048,2048,3,4.194304,1.0,302.45703125,True,,10,True,
test,/home/drnguyenvinh/notebooks/shrimp_yolo_canonical_bg_wssv_2cls_split70_15_15/images/test/WSSV-61-img-3.jpg,WSSV-61-img-3.jpg,WSSV-61-img-3,.jpg,True,/home/drnguyenvinh/notebooks/shrimp_yolo_canonical_bg_wssv_2cls_split70_15_15/labels/test/WSSV-61-img-3.txt,True,2048,2048,3,4.194304,1.0,145.56640625,True,,13,True,
test,/home/drnguyenvinh/notebooks/shrimp_yolo_canonical_bg_wssv_2cls_split70_15_15/images/test/WSSV-64-img-3.jpg,WSSV-64-img-3.jpg,WSSV-64-img-3,.jpg,True,/home/drnguyenvinh/notebooks/shrimp_yolo_canonical_bg_wssv_2cls_split70_15_15/labels/test/WSSV-64-img-3.txt,True,2048,2048,3,4.194304,1.0,148.1435546875,True,,21,True,
test,/home/drnguyenvinh/notebooks/shrimp_yolo_canonical_bg_wssv_2cls_split70_15_15/images/test/WSSV-67-img-1.jpg,WSSV-67-img-1.jpg,WSSV-67-img-1,.jpg,True,/home/drnguyenvinh/notebooks/shrimp_yolo_canonical_bg_wssv_2cls_split70_15_15/labels/test/WSSV-67-img-1.txt,True,2048,2048,3,4.194304,1.0,142.1865234375,True,,6,True,
test,/home/drnguyenvinh/notebooks/shrimp_yolo_canonical_bg_wssv_2cls_split70_15_15/images/test/WSSV-7-img-3.jpg,WSSV-7-img-3.jpg,WSSV-7-img-3,.jpg,True,/home/drnguyenvinh/notebooks/shrimp_yolo_canonical_bg_wssv_2cls_split70_15_15/labels/test/WSSV-7-img-3.txt,True,2048,2048,3,4.194304,1.0,813.703125,True,,1,True,
test,/home/drnguyenvinh/notebooks/shrimp_yolo_canonical_bg_wssv_2cls_split70_15_15/images/test/WSSV-70-img-1.jpg,WSSV-70-img-1.jpg,WSSV-70-img-1,.jpg,True,/home/drnguyenvinh/notebooks/shrimp_yolo_canonical_bg_wssv_2cls_split70_15_15/labels/test/WSSV-70-img-1.txt,True,2048,2048,3,4.194304,1.0,151.4794921875,True,,9,True,
test,/home/drnguyenvinh/notebooks/shrimp_yolo_canonical_bg_wssv_2cls_split70_15_15/images/test/WSSV-71-img-3.jpg,WSSV-71-img-3.jpg,WSSV-71-img-3,.jpg,True,/home/drnguyenvinh/notebooks/shrimp_yolo_canonical_bg_wssv_2cls_split70_15_15/labels/test/WSSV-71-img-3.txt,True,2048,2048,3,4.194304,1.0,146.72265625,True,,7,True,
test,/home/drnguyenvinh/notebooks/shrimp_yolo_canonical_bg_wssv_2cls_split70_15_15/images/test/WSSV-77-img-1.jpg,WSSV-77-img-1.jpg,WSSV-77-img-1,.jpg,True,/home/drnguyenvinh/notebooks/shrimp_yolo_canonical_bg_wssv_2cls_split70_15_15/labels/test/WSSV-77-img-1.txt,True,2048,2048,3,4.194304,1.0,153.2275390625,True,,5,True,
test,/home/drnguyenvinh/notebooks/shrimp_yolo_canonical_bg_wssv_2cls_split70_15_15/images/test/WSSV-77-img-2.jpg,WSSV-77-img-2.jpg,WSSV-77-img-2,.jpg,True,/home/drnguyenvinh/notebooks/shrimp_yolo_canonical_bg_wssv_2cls_split70_15_15/labels/test/WSSV-77-img-2.txt,True,2048,2048,3,4.194304,1.0,152.1396484375,True,,6,True,
test,/home/drnguyenvinh/notebooks/shrimp_yolo_canonical_bg_wssv_2cls_split70_15_15/images/test/WSSV-79-img-3.jpg,WSSV-79-img-3.jpg,WSSV-79-img-3,.jpg,True,/home/drnguyenvinh/notebooks/shrimp_yolo_canonical_bg_wssv_2cls_split70_15_15/labels/test/WSSV-79-img-3.txt,True,2048,2048,3,4.194304,1.0,137.2138671875,True,,2,True,
test,/home/drnguyenvinh/notebooks/shrimp_yolo_canonical_bg_wssv_2cls_split70_15_15/images/test/WSSV-80-img-3.jpg,WSSV-80-img-3.jpg,WSSV-80-img-3,.jpg,True,/home/drnguyenvinh/notebooks/shrimp_yolo_canonical_bg_wssv_2cls_split70_15_15/labels/test/WSSV-80-img-3.txt,True,2048,2048,3,4.194304,1.0,128.0361328125,True,,6,True,
test,/home/drnguyenvinh/notebooks/shrimp_yolo_canonical_bg_wssv_2cls_split70_15_15/images/test/WSSV-83-img-1.jpg,WSSV-83-img-1.jpg,WSSV-83-img-1,.jpg,True,/home/drnguyenvinh/notebooks/shrimp_yolo_canonical_bg_wssv_2cls_split70_15_15/labels/test/WSSV-83-img-1.txt,True,2048,2048,3,4.194304,1.0,159.0205078125,True,,4,True,
test,/home/drnguyenvinh/notebooks/shrimp_yolo_canonical_bg_wssv_2cls_split70_15_15/images/test/WSSV-84-img-2.jpg,WSSV-84-img-2.jpg,WSSV-84-img-2,.jpg,True,/home/drnguyenvinh/notebooks/shrimp_yolo_canonical_bg_wssv_2cls_split70_15_15/labels/test/WSSV-84-img-2.txt,True,2048,2048,3,4.194304,1.0,226.3427734375,True,,8,True,
test,/home/drnguyenvinh/notebooks/shrimp_yolo_canonical_bg_wssv_2cls_split70_15_15/images/test/WSSV-84-img-3.jpg,WSSV-84-img-3.jpg,WSSV-84-img-3,.jpg,True,/home/drnguyenvinh/notebooks/shrimp_yolo_canonical_bg_wssv_2cls_split70_15_15/labels/test/WSSV-84-img-3.txt,True,2048,2048,3,4.194304,1.0,217.4169921875,True,,11,True,
test,/home/drnguyenvinh/notebooks/shrimp_yolo_canonical_bg_wssv_2cls_split70_15_15/images/test/WSSV-9-img-3.jpg,WSSV-9-img-3.jpg,WSSV-9-img-3,.jpg,True,/home/drnguyenvinh/notebooks/shrimp_yolo_canonical_bg_wssv_2cls_split70_15_15/labels/test/WSSV-9-img-3.txt,True,2048,2048,3,4.194304,1.0,170.455078125,True,,7,True,
test,/home/drnguyenvinh/notebooks/shrimp_yolo_canonical_bg_wssv_2cls_split70_15_15/images/test/WSSV-91-img-1.jpg,WSSV-91-img-1.jpg,WSSV-91-img-1,.jpg,True,/home/drnguyenvinh/notebooks/shrimp_yolo_canonical_bg_wssv_2cls_split70_15_15/labels/test/WSSV-91-img-1.txt,True,2048,2048,3,4.194304,1.0,213.8056640625,True,,2,True,
test,/home/drnguyenvinh/notebooks/shrimp_yolo_canonical_bg_wssv_2cls_split70_15_15/images/test/WSSV-91-img-2.jpg,WSSV-91-img-2.jpg,WSSV-91-img-2,.jpg,True,/home/drnguyenvinh/notebooks/shrimp_yolo_canonical_bg_wssv_2cls_split70_15_15/labels/test/WSSV-91-img-2.txt,True,2048,2048,3,4.194304,1.0,236.2451171875,True,,4,True,
test,/home/drnguyenvinh/notebooks/shrimp_yolo_canonical_bg_wssv_2cls_split70_15_15/images/test/WSSV-92-img-1.jpg,WSSV-92-img-1.jpg,WSSV-92-img-1,.jpg,True,/home/drnguyenvinh/notebooks/shrimp_yolo_canonical_bg_wssv_2cls_split70_15_15/labels/test/WSSV-92-img-1.txt,True,2048,2048,3,4.194304,1.0,244.708984375,True,,10,True,
test,/home/drnguyenvinh/notebooks/shrimp_yolo_canonical_bg_wssv_2cls_split70_15_15/images/test/WSSV-94-img-1.jpg,WSSV-94-img-1.jpg,WSSV-94-img-1,.jpg,True,/home/drnguyenvinh/notebooks/shrimp_yolo_canonical_bg_wssv_2cls_split70_15_15/labels/test/WSSV-94-img-1.txt,True,2048,2048,3,4.194304,1.0,208.5634765625,True,,5,True,
test,/home/drnguyenvinh/notebooks/shrimp_yolo_canonical_bg_wssv_2cls_split70_15_15/images/test/WSSV-96-img-3.jpg,WSSV-96-img-3.jpg,WSSV-96-img-3,.jpg,True,/home/drnguyenvinh/notebooks/shrimp_yolo_canonical_bg_wssv_2cls_split70_15_15/labels/test/WSSV-96-img-3.txt,True,2048,2048,3,4.194304,1.0,206.6005859375,True,,11,True,
test,/home/drnguyenvinh/notebooks/shrimp_yolo_canonical_bg_wssv_2cls_split70_15_15/images/test/WSSV_BG-1-img-1.jpg,WSSV_BG-1-img-1.jpg,WSSV_BG-1-img-1,.jpg,True,/home/drnguyenvinh/notebooks/shrimp_yolo_canonical_bg_wssv_2cls_split70_15_15/labels/test/WSSV_BG-1-img-1.txt,True,2048,2048,3,4.194304,1.0,946.7421875,True,,8,True,
test,/home/drnguyenvinh/notebooks/shrimp_yolo_canonical_bg_wssv_2cls_split70_15_15/images/test/WSSV_BG-2-img-1.jpg,WSSV_BG-2-img-1.jpg,WSSV_BG-2-img-1,.jpg,True,/home/drnguyenvinh/notebooks/shrimp_yolo_canonical_bg_wssv_2cls_split70_15_15/labels/test/WSSV_BG-2-img-1.txt,True,2048,2048,3,4.194304,1.0,979.5576171875,True,,9,True,
test,/home/drnguyenvinh/notebooks/shrimp_yolo_canonical_bg_wssv_2cls_split70_15_15/images/test/WSSV_BG-24-img-1.jpg,WSSV_BG-24-img-1.jpg,WSSV_BG-24-img-1,.jpg,True,/home/drnguyenvinh/notebooks/shrimp_yolo_canonical_bg_wssv_2cls_split70_15_15/labels/test/WSSV_BG-24-img-1.txt,True,2048,2048,3,4.194304,1.0,155.2919921875,True,,27,True,
test,/home/drnguyenvinh/notebooks/shrimp_yolo_canonical_bg_wssv_2cls_split70_15_15/images/test/WSSV_BG-25-img-3.jpg,WSSV_BG-25-img-3.jpg,WSSV_BG-25-img-3,.jpg,True,/home/drnguyenvinh/notebooks/shrimp_yolo_canonical_bg_wssv_2cls_split70_15_15/labels/test/WSSV_BG-25-img-3.txt,True,2048,2048,3,4.194304,1.0,160.947265625,True,,6,True,
test,/home/drnguyenvinh/notebooks/shrimp_yolo_canonical_bg_wssv_2cls_split70_15_15/images/test/WSSV_BG-27-img-1.jpg,WSSV_BG-27-img-1.jpg,WSSV_BG-27-img-1,.jpg,True,/home/drnguyenvinh/notebooks/shrimp_yolo_canonical_bg_wssv_2cls_split70_15_15/labels/test/WSSV_BG-27-img-1.txt,True,2048,2048,3,4.194304,1.0,150.302734375,True,,14,True,
test,/home/drnguyenvinh/notebooks/shrimp_yolo_canonical_bg_wssv_2cls_split70_15_15/images/test/WSSV_BG-33-img-2.jpg,WSSV_BG-33-img-2.jpg,WSSV_BG-33-img-2,.jpg,True,/home/drnguyenvinh/notebooks/shrimp_yolo_canonical_bg_wssv_2cls_split70_15_15/labels/test/WSSV_BG-33-img-2.txt,True,2048,2048,3,4.194304,1.0,222.1435546875,True,,10,True,
test,/home/drnguyenvinh/notebooks/shrimp_yolo_canonical_bg_wssv_2cls_split70_15_15/images/test/WSSV_BG-34-img-1.jpg,WSSV_BG-34-img-1.jpg,WSSV_BG-34-img-1,.jpg,True,/home/drnguyenvinh/notebooks/shrimp_yolo_canonical_bg_wssv_2cls_split70_15_15/labels/test/WSSV_BG-34-img-1.txt,True,2048,2048,3,4.194304,1.0,208.7724609375,True,,7,True,
test,/home/drnguyenvinh/notebooks/shrimp_yolo_canonical_bg_wssv_2cls_split70_15_15/images/test/WSSV_BG-34-img-2.jpg,WSSV_BG-34-img-2.jpg,WSSV_BG-34-img-2,.jpg,True,/home/drnguyenvinh/notebooks/shrimp_yolo_canonical_bg_wssv_2cls_split70_15_15/labels/test/WSSV_BG-34-img-2.txt,True,2048,2048,3,4.194304,1.0,227.4140625,True,,5,True,
test,/home/drnguyenvinh/notebooks/shrimp_yolo_canonical_bg_wssv_2cls_split70_15_15/images/test/WSSV_BG-34-img-3.jpg,WSSV_BG-34-img-3.jpg,WSSV_BG-34-img-3,.jpg,True,/home/drnguyenvinh/notebooks/shrimp_yolo_canonical_bg_wssv_2cls_split70_15_15/labels/test/WSSV_BG-34-img-3.txt,True,2048,2048,3,4.194304,1.0,188.1416015625,True,,8,True,
test,/home/drnguyenvinh/notebooks/shrimp_yolo_canonical_bg_wssv_2cls_split70_15_15/images/test/WSSV_BG-35-img-2.jpg,WSSV_BG-35-img-2.jpg,WSSV_BG-35-img-2,.jpg,True,/home/drnguyenvinh/notebooks/shrimp_yolo_canonical_bg_wssv_2cls_split70_15_15/labels/test/WSSV_BG-35-img-2.txt,True,2048,2048,3,4.194304,1.0,228.0478515625,True,,8,True,
test,/home/drnguyenvinh/notebooks/shrimp_yolo_canonical_bg_wssv_2cls_split70_15_15/images/test/WSSV_BG-36-img-3.jpg,WSSV_BG-36-img-3.jpg,WSSV_BG-36-img-3,.jpg,True,/home/drnguyenvinh/notebooks/shrimp_yolo_canonical_bg_wssv_2cls_split70_15_15/labels/test/WSSV_BG-36-img-3.txt,True,2048,2048,3,4.194304,1.0,213.2314453125,True,,7,True,
test,/home/drnguyenvinh/notebooks/shrimp_yolo_canonical_bg_wssv_2cls_split70_15_15/images/test/WSSV_BG-37-img-1.jpg,WSSV_BG-37-img-1.jpg,WSSV_BG-37-img-1,.jpg,True,/home/drnguyenvinh/notebooks/shrimp_yolo_canonical_bg_wssv_2cls_split70_15_15/labels/test/WSSV_BG-37-img-1.txt,True,2048,2048,3,4.194304,1.0,204.546875,True,,5,True,
test,/home/drnguyenvinh/notebooks/shrimp_yolo_canonical_bg_wssv_2cls_split70_15_15/images/test/WSSV_BG-41-img-1.jpg,WSSV_BG-41-img-1.jpg,WSSV_BG-41-img-1,.jpg,True,/home/drnguyenvinh/notebooks/shrimp_yolo_canonical_bg_wssv_2cls_split70_15_15/labels/test/WSSV_BG-41-img-1.txt,True,2048,2048,3,4.194304,1.0,187.3564453125,True,,7,True,
test,/home/drnguyenvinh/notebooks/shrimp_yolo_canonical_bg_wssv_2cls_split70_15_15/images/test/WSSV_BG-43-img-1.jpg,WSSV_BG-43-img-1.jpg,WSSV_BG-43-img-1,.jpg,True,/home/drnguyenvinh/notebooks/shrimp_yolo_canonical_bg_wssv_2cls_split70_15_15/labels/test/WSSV_BG-43-img-1.txt,True,2048,2048,3,4.194304,1.0,179.021484375,True,,8,True,
test,/home/drnguyenvinh/notebooks/shrimp_yolo_canonical_bg_wssv_2cls_split70_15_15/images/test/WSSV_BG-43-img-2.jpg,WSSV_BG-43-img-2.jpg,WSSV_BG-43-img-2,.jpg,True,/home/drnguyenvinh/notebooks/shrimp_yolo_canonical_bg_wssv_2cls_split70_15_15/labels/test/WSSV_BG-43-img-2.txt,True,2048,2048,3,4.194304,1.0,194.9716796875,True,,7,True,
test,/home/drnguyenvinh/notebooks/shrimp_yolo_canonical_bg_wssv_2cls_split70_15_15/images/test/WSSV_BG-45-img-1.jpg,WSSV_BG-45-img-1.jpg,WSSV_BG-45-img-1,.jpg,True,/home/drnguyenvinh/notebooks/shrimp_yolo_canonical_bg_wssv_2cls_split70_15_15/labels/test/WSSV_BG-45-img-1.txt,True,2048,2048,3,4.194304,1.0,197.2431640625,True,,9,True,
test,/home/drnguyenvinh/notebooks/shrimp_yolo_canonical_bg_wssv_2cls_split70_15_15/images/test/WSSV_BG-46-img-2.jpg,WSSV_BG-46-img-2.jpg,WSSV_BG-46-img-2,.jpg,True,/home/drnguyenvinh/notebooks/shrimp_yolo_canonical_bg_wssv_2cls_split70_15_15/labels/test/WSSV_BG-46-img-2.txt,True,2048,2048,3,4.194304,1.0,198.8134765625,True,,6,True,
test,/home/drnguyenvinh/notebooks/shrimp_yolo_canonical_bg_wssv_2cls_split70_15_15/images/test/WSSV_BG-51-img-3.jpg,WSSV_BG-51-img-3.jpg,WSSV_BG-51-img-3,.jpg,True,/home/drnguyenvinh/notebooks/shrimp_yolo_canonical_bg_wssv_2cls_split70_15_15/labels/test/WSSV_BG-51-img-3.txt,True,2048,2048,3,4.194304,1.0,245.68359375,True,,14,True,
test,/home/drnguyenvinh/notebooks/shrimp_yolo_canonical_bg_wssv_2cls_split70_15_15/images/test/WSSV_BG-57-img-1.jpg,WSSV_BG-57-img-1.jpg,WSSV_BG-57-img-1,.jpg,True,/home/drnguyenvinh/notebooks/shrimp_yolo_canonical_bg_wssv_2cls_split70_15_15/labels/test/WSSV_BG-57-img-1.txt,True,2048,2048,3,4.194304,1.0,207.259765625,True,,13,True,
test,/home/drnguyenvinh/notebooks/shrimp_yolo_canonical_bg_wssv_2cls_split70_15_15/images/test/WSSV_BG-57-img-2.jpg,WSSV_BG-57-img-2.jpg,WSSV_BG-57-img-2,.jpg,True,/home/drnguyenvinh/notebooks/shrimp_yolo_canonical_bg_wssv_2cls_split70_15_15/labels/test/WSSV_BG-57-img-2.txt,True,2048,2048,3,4.194304,1.0,219.33203125,True,,11,True,
test,/home/drnguyenvinh/notebooks/shrimp_yolo_canonical_bg_wssv_2cls_split70_15_15/images/test/WSSV_BG-58-img-3.jpg,WSSV_BG-58-img-3.jpg,WSSV_BG-58-img-3,.jpg,True,/home/drnguyenvinh/notebooks/shrimp_yolo_canonical_bg_wssv_2cls_split70_15_15/labels/test/WSSV_BG-58-img-3.txt,True,2048,2048,3,4.194304,1.0,186.1640625,True,,14,True,
test,/home/drnguyenvinh/notebooks/shrimp_yolo_canonical_bg_wssv_2cls_split70_15_15/images/test/WSSV_BG-6-img-1.jpg,WSSV_BG-6-img-1.jpg,WSSV_BG-6-img-1,.jpg,True,/home/drnguyenvinh/notebooks/shrimp_yolo_canonical_bg_wssv_2cls_split70_15_15/labels/test/WSSV_BG-6-img-1.txt,True,2048,2048,3,4.194304,1.0,697.3828125,True,,8,True,
test,/home/drnguyenvinh/notebooks/shrimp_yolo_canonical_bg_wssv_2cls_split70_15_15/images/test/WSSV_BG-62-img-1.jpg,WSSV_BG-62-img-1.jpg,WSSV_BG-62-img-1,.jpg,True,/home/drnguyenvinh/notebooks/shrimp_yolo_canonical_bg_wssv_2cls_split70_15_15/labels/test/WSSV_BG-62-img-1.txt,True,2048,2048,3,4.194304,1.0,215.70703125,True,,10,True,
test,/home/drnguyenvinh/notebooks/shrimp_yolo_canonical_bg_wssv_2cls_split70_15_15/images/test/WSSV_BG-62-img-3.jpg,WSSV_BG-62-img-3.jpg,WSSV_BG-62-img-3,.jpg,True,/home/drnguyenvinh/notebooks/shrimp_yolo_canonical_bg_wssv_2cls_split70_15_15/labels/test/WSSV_BG-62-img-3.txt,True,2048,2048,3,4.194304,1.0,191.337890625,True,,9,True,
test,/home/drnguyenvinh/notebooks/shrimp_yolo_canonical_bg_wssv_2cls_split70_15_15/images/test/WSSV_BG-66-img-1.jpg,WSSV_BG-66-img-1.jpg,WSSV_BG-66-img-1,.jpg,True,/home/drnguyenvinh/notebooks/shrimp_yolo_canonical_bg_wssv_2cls_split70_15_15/labels/test/WSSV_BG-66-img-1.txt,True,2048,2048,3,4.194304,1.0,233.3798828125,True,,9,True,
test,/home/drnguyenvinh/notebooks/shrimp_yolo_canonical_bg_wssv_2cls_split70_15_15/images/test/WSSV_BG-67-img-1.jpg,WSSV_BG-67-img-1.jpg,WSSV_BG-67-img-1,.jpg,True,/home/drnguyenvinh/notebooks/shrimp_yolo_canonical_bg_wssv_2cls_split70_15_15/labels/test/WSSV_BG-67-img-1.txt,True,2048,2048,3,4.194304,1.0,212.7060546875,True,,10,True,
test,/home/drnguyenvinh/notebooks/shrimp_yolo_canonical_bg_wssv_2cls_split70_15_15/images/test/WSSV_BG-68-img-1.jpg,WSSV_BG-68-img-1.jpg,WSSV_BG-68-img-1,.jpg,True,/home/drnguyenvinh/notebooks/shrimp_yolo_canonical_bg_wssv_2cls_split70_15_15/labels/test/WSSV_BG-68-img-1.txt,True,2048,2048,3,4.194304,1.0,216.7412109375,True,,14,True,
test,/home/drnguyenvinh/notebooks/shrimp_yolo_canonical_bg_wssv_2cls_split70_15_15/images/test/WSSV_BG-69-img-3.jpg,WSSV_BG-69-img-3.jpg,WSSV_BG-69-img-3,.jpg,True,/home/drnguyenvinh/notebooks/shrimp_yolo_canonical_bg_wssv_2cls_split70_15_15/labels/test/WSSV_BG-69-img-3.txt,True,2048,2048,3,4.194304,1.0,205.173828125,True,,11,True,
test,/home/drnguyenvinh/notebooks/shrimp_yolo_canonical_bg_wssv_2cls_split70_15_15/images/test/WSSV_BG-70-img-3.jpg,WSSV_BG-70-img-3.jpg,WSSV_BG-70-img-3,.jpg,True,/home/drnguyenvinh/notebooks/shrimp_yolo_canonical_bg_wssv_2cls_split70_15_15/labels/test/WSSV_BG-70-img-3.txt,True,2048,2048,3,4.194304,1.0,186.056640625,True,,15,True,
test,/home/drnguyenvinh/notebooks/shrimp_yolo_canonical_bg_wssv_2cls_split70_15_15/images/test/WSSV_BG-73-img-1.jpg,WSSV_BG-73-img-1.jpg,WSSV_BG-73-img-1,.jpg,True,/home/drnguyenvinh/notebooks/shrimp_yolo_canonical_bg_wssv_2cls_split70_15_15/labels/test/WSSV_BG-73-img-1.txt,True,2048,2048,3,4.194304,1.0,205.1201171875,True,,12,True,
test,/home/drnguyenvinh/notebooks/shrimp_yolo_canonical_bg_wssv_2cls_split70_15_15/images/test/WSSV_BG-76-img-2.jpg,WSSV_BG-76-img-2.jpg,WSSV_BG-76-img-2,.jpg,True,/home/drnguyenvinh/notebooks/shrimp_yolo_canonical_bg_wssv_2cls_split70_15_15/labels/test/WSSV_BG-76-img-2.txt,True,2048,2048,3,4.194304,1.0,229.5302734375,True,,14,True,
test,/home/drnguyenvinh/notebooks/shrimp_yolo_canonical_bg_wssv_2cls_split70_15_15/images/test/WSSV_BG-80-img-1.jpg,WSSV_BG-80-img-1.jpg,WSSV_BG-80-img-1,.jpg,True,/home/drnguyenvinh/notebooks/shrimp_yolo_canonical_bg_wssv_2cls_split70_15_15/labels/test/WSSV_BG-80-img-1.txt,True,2048,2048,3,4.194304,1.0,195.9345703125,True,,19,True,
test,/home/drnguyenvinh/notebooks/shrimp_yolo_canonical_bg_wssv_2cls_split70_15_15/images/test/WSSV_BG-81-img-1.jpg,WSSV_BG-81-img-1.jpg,WSSV_BG-81-img-1,.jpg,True,/home/drnguyenvinh/notebooks/shrimp_yolo_canonical_bg_wssv_2cls_split70_15_15/labels/test/WSSV_BG-81-img-1.txt,True,2048,2048,3,4.194304,1.0,225.591796875,True,,9,True,
